source,series_id,series_label,weighting,window,class,long_side,excess_convention,n_months,ann_arith_return_pct,ann_geo_return_pct,ann_vol_pct,sharpe_excess_rf,max_drawdown_pct
aqr,BAB_USA,Betting Against Beta (USA),vw,W_common,b,low beta,already_excess,15,6.3774,6.4102,5.6544,1.1279,-2.8505
aqr,BAB_USA,Betting Against Beta (USA),vw,W_select,b,low beta,already_excess,27,2.5234,2.2653,7.651,0.3298,-12.8053
aqr,QMJ_USA,Quality Minus Junk (USA),vw,W_common,b,high quality,already_excess,15,-11.9359,-11.6829,9.4766,-1.2595,-18.8291
aqr,QMJ_USA,Quality Minus Junk (USA),vw,W_select,b,high quality,already_excess,27,-11.6415,-11.476,9.9755,-1.167,-29.4499
aqr,TSMOM_diversified,Time Series Momentum (diversified factor),na,W_common,b,trend-following (long winners / short losers per asset),already_excess,15,-1.5191,-2.0803,11.1108,-0.1367,-11.3482
aqr,TSMOM_diversified,Time Series Momentum (diversified factor),na,W_select,b,trend-following (long winners / short losers per asset),already_excess,27,0.0455,-0.386,9.442,0.0048,-14.7646
aqr,VME_MOM_US,Value and Momentum Everywhere: US stock Momentum,na,W_common,b,high momentum,already_excess,15,14.0356,14.4873,9.6651,1.4522,-3.3854
aqr,VME_MOM_US,Value and Momentum Everywhere: US stock Momentum,na,W_select,b,high momentum,already_excess,27,8.5851,8.3551,10.5868,0.8109,-7.5001
aqr,VME_VAL_US,Value and Momentum Everywhere: US stock Value,na,W_common,b,high value (cheap),already_excess,15,-13.4771,-13.2477,11.8169,-1.1405,-15.8955
aqr,VME_VAL_US,Value and Momentum Everywhere: US stock Value,na,W_select,b,high value (cheap),already_excess,27,-6.53,-7.1557,13.4757,-0.4846,-23.0139
french,AC_D_decile01,10 Portfolios Formed on Accruals - decile 1 (Lo),vw,W_common,a,n/a,subtract_rf,15,23.68,24.9938,15.8332,1.1693,-7.46
french,AC_D_decile01,10 Portfolios Formed on Accruals - decile 1 (Lo),ew,W_common,a,n/a,subtract_rf,15,18.648,17.4621,23.0347,0.5839,-8.84
french,AC_D_decile01,10 Portfolios Formed on Accruals - decile 1 (Lo),vw,W_select,a,n/a,subtract_rf,27,27.4756,29.7649,15.4206,1.4758,-8.4181
french,AC_D_decile01,10 Portfolios Formed on Accruals - decile 1 (Lo),ew,W_select,a,n/a,subtract_rf,27,3.8,1.4907,21.9072,-0.0425,-21.2147
french,AC_D_decile02,10 Portfolios Formed on Accruals - decile 2 (2),vw,W_common,a,n/a,subtract_rf,15,30.904,34.5331,13.8302,1.8602,-4.1
french,AC_D_decile02,10 Portfolios Formed on Accruals - decile 2 (2),ew,W_common,a,n/a,subtract_rf,15,15.52,13.8043,23.4952,0.4398,-9.3502
french,AC_D_decile02,10 Portfolios Formed on Accruals - decile 2 (2),vw,W_select,a,n/a,subtract_rf,27,27.3156,29.743,14.3976,1.5708,-7.67
french,AC_D_decile02,10 Portfolios Formed on Accruals - decile 2 (2),ew,W_select,a,n/a,subtract_rf,27,8.7822,6.8632,21.1009,0.1922,-21.1067
french,AC_D_decile03,10 Portfolios Formed on Accruals - decile 3 (3),vw,W_common,a,n/a,subtract_rf,15,31.36,35.6819,9.9801,2.6231,-2.27
french,AC_D_decile03,10 Portfolios Formed on Accruals - decile 3 (3),ew,W_common,a,n/a,subtract_rf,15,14.984,14.1924,18.9252,0.5177,-6.9277
french,AC_D_decile03,10 Portfolios Formed on Accruals - decile 3 (3),vw,W_select,a,n/a,subtract_rf,27,17.7778,18.6215,10.9904,1.1943,-7.6936
french,AC_D_decile03,10 Portfolios Formed on Accruals - decile 3 (3),ew,W_select,a,n/a,subtract_rf,27,17.6356,17.0859,19.2798,0.6696,-16.7754
french,AC_D_decile04,10 Portfolios Formed on Accruals - decile 4 (4),vw,W_common,a,n/a,subtract_rf,15,14.592,14.7298,12.9405,0.7263,-5.32
french,AC_D_decile04,10 Portfolios Formed on Accruals - decile 4 (4),ew,W_common,a,n/a,subtract_rf,15,15.744,14.3235,22.291,0.4737,-8.3526
french,AC_D_decile04,10 Portfolios Formed on Accruals - decile 4 (4),vw,W_select,a,n/a,subtract_rf,27,14.5422,14.424,14.4387,0.68,-11.942
french,AC_D_decile04,10 Portfolios Formed on Accruals - decile 4 (4),ew,W_select,a,n/a,subtract_rf,27,16.1378,15.388,19.1198,0.5965,-15.2964
french,AC_D_decile05,10 Portfolios Formed on Accruals - decile 5 (5),vw,W_common,a,n/a,subtract_rf,15,25.28,27.5867,12.1642,1.6478,-3.35
french,AC_D_decile05,10 Portfolios Formed on Accruals - decile 5 (5),ew,W_common,a,n/a,subtract_rf,15,25.984,26.5505,21.8929,0.9496,-6.08
french,AC_D_decile05,10 Portfolios Formed on Accruals - decile 5 (5),vw,W_select,a,n/a,subtract_rf,27,14.8889,14.9068,13.766,0.7398,-14.3875
french,AC_D_decile05,10 Portfolios Formed on Accruals - decile 5 (5),ew,W_select,a,n/a,subtract_rf,27,20.7156,20.8842,18.3252,0.8729,-11.3009
french,AC_D_decile06,10 Portfolios Formed on Accruals - decile 6 (6),vw,W_common,a,n/a,subtract_rf,15,27.128,29.5886,14.2428,1.5374,-4.42
french,AC_D_decile06,10 Portfolios Formed on Accruals - decile 6 (6),ew,W_common,a,n/a,subtract_rf,15,21.4,20.9046,22.2367,0.7288,-6.98
french,AC_D_decile06,10 Portfolios Formed on Accruals - decile 6 (6),vw,W_select,a,n/a,subtract_rf,27,19.6889,20.3586,14.6648,1.0217,-11.7252
french,AC_D_decile06,10 Portfolios Formed on Accruals - decile 6 (6),ew,W_select,a,n/a,subtract_rf,27,19.1911,18.8881,19.2288,0.7522,-15.2424
french,AC_D_decile07,10 Portfolios Formed on Accruals - decile 7 (7),vw,W_common,a,n/a,subtract_rf,15,43.88,49.9134,24.3826,1.5873,-6.97
french,AC_D_decile07,10 Portfolios Formed on Accruals - decile 7 (7),ew,W_common,a,n/a,subtract_rf,15,21.808,21.6559,21.1159,0.7869,-6.4
french,AC_D_decile07,10 Portfolios Formed on Accruals - decile 7 (7),vw,W_select,a,n/a,subtract_rf,27,34.2756,37.736,19.7646,1.4966,-10.294
french,AC_D_decile07,10 Portfolios Formed on Accruals - decile 7 (7),ew,W_select,a,n/a,subtract_rf,27,17.8711,17.5782,18.1313,0.7251,-13.5775
french,AC_D_decile08,10 Portfolios Formed on Accruals - decile 8 (8),vw,W_common,a,n/a,subtract_rf,15,19.896,20.1914,17.2444,0.8518,-7.9297
french,AC_D_decile08,10 Portfolios Formed on Accruals - decile 8 (8),ew,W_common,a,n/a,subtract_rf,15,19.336,18.2089,23.3763,0.6049,-7.2519
french,AC_D_decile08,10 Portfolios Formed on Accruals - decile 8 (8),vw,W_select,a,n/a,subtract_rf,27,23.6622,23.9291,20.7864,0.9103,-14.9835
french,AC_D_decile08,10 Portfolios Formed on Accruals - decile 8 (8),ew,W_select,a,n/a,subtract_rf,27,16.1644,15.3501,19.481,0.5869,-15.331
french,AC_D_decile09,10 Portfolios Formed on Accruals - decile 9 (9),vw,W_common,a,n/a,subtract_rf,15,27.04,28.569,18.8767,1.158,-6.84
french,AC_D_decile09,10 Portfolios Formed on Accruals - decile 9 (9),ew,W_common,a,n/a,subtract_rf,15,17.416,16.451,21.2914,0.5743,-9.1231
french,AC_D_decile09,10 Portfolios Formed on Accruals - decile 9 (9),vw,W_select,a,n/a,subtract_rf,27,20.4267,21.0659,15.6144,1.0071,-8.1137
french,AC_D_decile09,10 Portfolios Formed on Accruals - decile 9 (9),ew,W_select,a,n/a,subtract_rf,27,18.0044,17.3353,19.9751,0.6645,-18.9349
french,AC_D_decile10,10 Portfolios Formed on Accruals - decile 10 (Hi),vw,W_common,a,n/a,subtract_rf,15,28.056,29.4375,20.8484,1.0983,-6.3647
french,AC_D_decile10,10 Portfolios Formed on Accruals - decile 10 (Hi),ew,W_common,a,n/a,subtract_rf,15,6.128,3.9971,21.7208,0.0438,-7.91
french,AC_D_decile10,10 Portfolios Formed on Accruals - decile 10 (Hi),vw,W_select,a,n/a,subtract_rf,27,24.3067,25.1372,18.8117,1.0421,-9.4617
french,AC_D_decile10,10 Portfolios Formed on Accruals - decile 10 (Hi),ew,W_select,a,n/a,subtract_rf,27,6.0711,3.8787,21.5739,0.0622,-20.028
french,AC_D_spread,10 Portfolios Formed on Accruals - top minus bottom decile (long=low; standard accrual anomaly (Sloan 1996); not independently re-verified against a French text page today),vw,W_common,b,low,already_excess,15,-4.376,-5.461,16.0766,-0.2722,-25.4495
french,AC_D_spread,10 Portfolios Formed on Accruals - top minus bottom decile (long=low; standard accrual anomaly (Sloan 1996); not independently re-verified against a French text page today),ew,W_common,b,low,already_excess,15,12.52,13.0842,5.8969,2.1232,-2.4646
french,AC_D_spread,10 Portfolios Formed on Accruals - top minus bottom decile (long=low; standard accrual anomaly (Sloan 1996); not independently re-verified against a French text page today),vw,W_select,b,low,already_excess,27,3.1689,1.7474,17.2808,0.1834,-25.4495
french,AC_D_spread,10 Portfolios Formed on Accruals - top minus bottom decile (long=low; standard accrual anomaly (Sloan 1996); not independently re-verified against a French text page today),ew,W_select,b,low,already_excess,27,-2.2711,-2.5285,7.7156,-0.2944,-19.049
french,BEME_D_decile01,10 Portfolios Formed on Book-to-Market - decile 1 (Lo),vw,W_common,a,n/a,subtract_rf,15,35.432,40.5682,14.0621,2.1487,-4.09
french,BEME_D_decile01,10 Portfolios Formed on Book-to-Market - decile 1 (Lo),ew,W_common,a,n/a,subtract_rf,15,17.312,16.976,18.2583,0.6633,-5.88
french,BEME_D_decile01,10 Portfolios Formed on Book-to-Market - decile 1 (Lo),vw,W_select,a,n/a,subtract_rf,27,27.5378,29.9587,14.8503,1.5389,-9.9607
french,BEME_D_decile01,10 Portfolios Formed on Book-to-Market - decile 1 (Lo),ew,W_select,a,n/a,subtract_rf,27,11.0356,10.0003,17.473,0.3613,-15.4087
french,BEME_D_decile02,10 Portfolios Formed on Book-to-Market - decile 2 (2),vw,W_common,a,n/a,subtract_rf,15,23.352,25.2167,11.9524,1.5168,-4.27
french,BEME_D_decile02,10 Portfolios Formed on Book-to-Market - decile 2 (2),ew,W_common,a,n/a,subtract_rf,15,18.912,18.6112,19.3645,0.7084,-7.1946
french,BEME_D_decile02,10 Portfolios Formed on Book-to-Market - decile 2 (2),vw,W_select,a,n/a,subtract_rf,27,19.96,20.8742,13.3077,1.1454,-14.1345
french,BEME_D_decile02,10 Portfolios Formed on Book-to-Market - decile 2 (2),ew,W_select,a,n/a,subtract_rf,27,14.6933,14.047,17.5803,0.5672,-14.7142
french,BEME_D_decile03,10 Portfolios Formed on Book-to-Market - decile 3 (3),vw,W_common,a,n/a,subtract_rf,15,28.544,31.4809,13.6173,1.7169,-5.07
french,BEME_D_decile03,10 Portfolios Formed on Book-to-Market - decile 3 (3),ew,W_common,a,n/a,subtract_rf,15,21.12,19.985,24.5704,0.6485,-7.37
french,BEME_D_decile03,10 Portfolios Formed on Book-to-Market - decile 3 (3),vw,W_select,a,n/a,subtract_rf,27,24.52,26.2461,14.3956,1.3778,-10.9927
french,BEME_D_decile03,10 Portfolios Formed on Book-to-Market - decile 3 (3),ew,W_select,a,n/a,subtract_rf,27,18.2444,17.4289,20.8918,0.6471,-18.5294
french,BEME_D_decile04,10 Portfolios Formed on Book-to-Market - decile 4 (4),vw,W_common,a,n/a,subtract_rf,15,13.072,12.6319,15.4743,0.5102,-5.95
french,BEME_D_decile04,10 Portfolios Formed on Book-to-Market - decile 4 (4),ew,W_common,a,n/a,subtract_rf,15,12.144,10.8896,19.5488,0.3559,-8.0103
french,BEME_D_decile04,10 Portfolios Formed on Book-to-Market - decile 4 (4),vw,W_select,a,n/a,subtract_rf,27,10.1778,9.7635,13.1036,0.4164,-11.582
french,BEME_D_decile04,10 Portfolios Formed on Book-to-Market - decile 4 (4),ew,W_select,a,n/a,subtract_rf,27,9.9067,8.7438,17.6321,0.2937,-17.0401
french,BEME_D_decile05,10 Portfolios Formed on Book-to-Market - decile 5 (5),vw,W_common,a,n/a,subtract_rf,15,25.648,27.2759,16.6669,1.229,-7.57
french,BEME_D_decile05,10 Portfolios Formed on Book-to-Market - decile 5 (5),ew,W_common,a,n/a,subtract_rf,15,15.736,13.932,23.8238,0.443,-9.01
french,BEME_D_decile05,10 Portfolios Formed on Book-to-Market - decile 5 (5),vw,W_select,a,n/a,subtract_rf,27,19.1867,19.8231,14.2101,1.0196,-14.0194
french,BEME_D_decile05,10 Portfolios Formed on Book-to-Market - decile 5 (5),ew,W_select,a,n/a,subtract_rf,27,14.28,13.0287,20.293,0.4707,-16.9719
french,BEME_D_decile06,10 Portfolios Formed on Book-to-Market - decile 6 (6),vw,W_common,a,n/a,subtract_rf,15,13.072,12.3958,16.8302,0.4695,-9.08
french,BEME_D_decile06,10 Portfolios Formed on Book-to-Market - decile 6 (6),ew,W_common,a,n/a,subtract_rf,15,21.328,20.4548,23.7206,0.6806,-8.909
french,BEME_D_decile06,10 Portfolios Formed on Book-to-Market - decile 6 (6),vw,W_select,a,n/a,subtract_rf,27,15.5378,15.584,14.1014,0.7664,-11.3977
french,BEME_D_decile06,10 Portfolios Formed on Book-to-Market - decile 6 (6),ew,W_select,a,n/a,subtract_rf,27,18.9333,18.3197,20.4784,0.6941,-17.3202
french,BEME_D_decile07,10 Portfolios Formed on Book-to-Market - decile 7 (7),vw,W_common,a,n/a,subtract_rf,15,27.2,29.1426,17.0913,1.2891,-6.7
french,BEME_D_decile07,10 Portfolios Formed on Book-to-Market - decile 7 (7),ew,W_common,a,n/a,subtract_rf,15,22.968,22.4389,23.7715,0.7481,-7.14
french,BEME_D_decile07,10 Portfolios Formed on Book-to-Market - decile 7 (7),vw,W_select,a,n/a,subtract_rf,27,22.1556,23.1703,15.4313,1.1312,-8.5082
french,BEME_D_decile07,10 Portfolios Formed on Book-to-Market - decile 7 (7),ew,W_select,a,n/a,subtract_rf,27,15.8089,14.8431,20.0656,0.5527,-18.5202
french,BEME_D_decile08,10 Portfolios Formed on Book-to-Market - decile 8 (8),vw,W_common,a,n/a,subtract_rf,15,23.88,24.3707,20.1805,0.927,-7.24
french,BEME_D_decile08,10 Portfolios Formed on Book-to-Market - decile 8 (8),ew,W_common,a,n/a,subtract_rf,15,19.032,17.6745,24.2015,0.5722,-6.53
french,BEME_D_decile08,10 Portfolios Formed on Book-to-Market - decile 8 (8),vw,W_select,a,n/a,subtract_rf,27,23.96,25.3093,15.8132,1.2164,-7.24
french,BEME_D_decile08,10 Portfolios Formed on Book-to-Market - decile 8 (8),ew,W_select,a,n/a,subtract_rf,27,16.3689,15.1839,21.3742,0.5448,-21.1829
french,BEME_D_decile09,10 Portfolios Formed on Book-to-Market - decile 9 (9),vw,W_common,a,n/a,subtract_rf,15,34.216,37.0116,22.6243,1.2827,-6.48
french,BEME_D_decile09,10 Portfolios Formed on Book-to-Market - decile 9 (9),ew,W_common,a,n/a,subtract_rf,15,24.408,24.426,22.8092,0.8419,-7.39
french,BEME_D_decile09,10 Portfolios Formed on Book-to-Market - decile 9 (9),vw,W_select,a,n/a,subtract_rf,27,28.9244,30.8293,19.3541,1.2509,-8.8798
french,BEME_D_decile09,10 Portfolios Formed on Book-to-Market - decile 9 (9),ew,W_select,a,n/a,subtract_rf,27,19.8889,19.7218,19.3338,0.784,-12.1293
french,BEME_D_decile10,10 Portfolios Formed on Book-to-Market - decile 10 (Hi),vw,W_common,a,n/a,subtract_rf,15,31.784,33.6264,23.328,1.14,-5.43
french,BEME_D_decile10,10 Portfolios Formed on Book-to-Market - decile 10 (Hi),ew,W_common,a,n/a,subtract_rf,15,22.232,21.8175,22.5113,0.7568,-7.08
french,BEME_D_decile10,10 Portfolios Formed on Book-to-Market - decile 10 (Hi),vw,W_select,a,n/a,subtract_rf,27,33.2222,36.0451,20.8821,1.3643,-13.8989
french,BEME_D_decile10,10 Portfolios Formed on Book-to-Market - decile 10 (Hi),ew,W_select,a,n/a,subtract_rf,27,15.0,13.8225,20.3502,0.505,-16.1689
french,BEME_D_spread,10 Portfolios Formed on Book-to-Market - top minus bottom decile (long=high; french f-f_5_factors_2x3 detail page: HML = High minus Low B/M),vw,W_common,b,high,already_excess,15,-3.648,-5.3561,20.0439,-0.182,-13.8761
french,BEME_D_spread,10 Portfolios Formed on Book-to-Market - top minus bottom decile (long=high; french f-f_5_factors_2x3 detail page: HML = High minus Low B/M),ew,W_common,b,high,already_excess,15,4.92,4.4529,10.9253,0.4503,-6.4734
french,BEME_D_spread,10 Portfolios Formed on Book-to-Market - top minus bottom decile (long=high; french f-f_5_factors_2x3 detail page: HML = High minus Low B/M),vw,W_select,b,high,already_excess,27,5.6844,4.2758,17.6699,0.3217,-15.8563
french,BEME_D_spread,10 Portfolios Formed on Book-to-Market - top minus bottom decile (long=high; french f-f_5_factors_2x3 detail page: HML = High minus Low B/M),ew,W_select,b,high,already_excess,27,3.9644,3.5907,9.4728,0.4185,-9.5529
french,BETA_D_decile01,10 Portfolios Formed on Market Beta - decile 1 (Lo),vw,W_common,a,n/a,subtract_rf,15,15.768,16.2925,11.0935,0.9597,-6.49
french,BETA_D_decile01,10 Portfolios Formed on Market Beta - decile 1 (Lo),ew,W_common,a,n/a,subtract_rf,15,6.328,5.0319,17.3493,0.0663,-8.22
french,BETA_D_decile01,10 Portfolios Formed on Market Beta - decile 1 (Lo),vw,W_select,a,n/a,subtract_rf,27,13.8444,14.1039,10.9581,0.8337,-7.8929
french,BETA_D_decile01,10 Portfolios Formed on Market Beta - decile 1 (Lo),ew,W_select,a,n/a,subtract_rf,27,4.96,3.7997,15.9406,0.0145,-16.0787
french,BETA_D_decile02,10 Portfolios Formed on Market Beta - decile 2 (2),vw,W_common,a,n/a,subtract_rf,15,14.128,14.4239,11.0868,0.8104,-6.52
french,BETA_D_decile02,10 Portfolios Formed on Market Beta - decile 2 (2),ew,W_common,a,n/a,subtract_rf,15,19.528,19.4135,19.0813,0.7517,-5.42
french,BETA_D_decile02,10 Portfolios Formed on Market Beta - decile 2 (2),vw,W_select,a,n/a,subtract_rf,27,14.2933,14.73,9.9108,0.9664,-6.52
french,BETA_D_decile02,10 Portfolios Formed on Market Beta - decile 2 (2),ew,W_select,a,n/a,subtract_rf,27,14.1022,13.7038,15.9086,0.5899,-11.8505
french,BETA_D_decile03,10 Portfolios Formed on Market Beta - decile 3 (3),vw,W_common,a,n/a,subtract_rf,15,25.216,27.3523,13.1703,1.5194,-4.71
french,BETA_D_decile03,10 Portfolios Formed on Market Beta - decile 3 (3),ew,W_common,a,n/a,subtract_rf,15,21.088,21.3492,18.6436,0.8531,-5.53
french,BETA_D_decile03,10 Portfolios Formed on Market Beta - decile 3 (3),vw,W_select,a,n/a,subtract_rf,27,18.2844,18.9063,13.356,1.0169,-7.046
french,BETA_D_decile03,10 Portfolios Formed on Market Beta - decile 3 (3),ew,W_select,a,n/a,subtract_rf,27,13.2044,12.6839,15.9688,0.5317,-14.6462
french,BETA_D_decile04,10 Portfolios Formed on Market Beta - decile 4 (4),vw,W_common,a,n/a,subtract_rf,15,25.448,28.0303,10.3054,1.9623,-3.47
french,BETA_D_decile04,10 Portfolios Formed on Market Beta - decile 4 (4),ew,W_common,a,n/a,subtract_rf,15,24.864,25.6248,20.0738,0.9798,-6.2
french,BETA_D_decile04,10 Portfolios Formed on Market Beta - decile 4 (4),vw,W_select,a,n/a,subtract_rf,27,21.3378,22.604,12.7601,1.3034,-13.5309
french,BETA_D_decile04,10 Portfolios Formed on Market Beta - decile 4 (4),ew,W_select,a,n/a,subtract_rf,27,17.4044,17.1971,17.4104,0.7287,-14.0896
french,BETA_D_decile05,10 Portfolios Formed on Market Beta - decile 5 (5),vw,W_common,a,n/a,subtract_rf,15,26.576,28.3248,17.3149,1.2354,-6.47
french,BETA_D_decile05,10 Portfolios Formed on Market Beta - decile 5 (5),ew,W_common,a,n/a,subtract_rf,15,23.136,23.6658,19.3097,0.9295,-5.56
french,BETA_D_decile05,10 Portfolios Formed on Market Beta - decile 5 (5),vw,W_select,a,n/a,subtract_rf,27,17.6711,17.946,14.9058,0.8703,-11.5682
french,BETA_D_decile05,10 Portfolios Formed on Market Beta - decile 5 (5),ew,W_select,a,n/a,subtract_rf,27,20.2578,20.58,17.1529,0.9059,-16.0999
french,BETA_D_decile06,10 Portfolios Formed on Market Beta - decile 6 (6),vw,W_common,a,n/a,subtract_rf,15,30.24,33.3687,15.5394,1.6117,-4.4
french,BETA_D_decile06,10 Portfolios Formed on Market Beta - decile 6 (6),ew,W_common,a,n/a,subtract_rf,15,17.2,16.2557,21.1069,0.5692,-6.7434
french,BETA_D_decile06,10 Portfolios Formed on Market Beta - decile 6 (6),vw,W_select,a,n/a,subtract_rf,27,21.4667,22.535,14.3088,1.1725,-10.9322
french,BETA_D_decile06,10 Portfolios Formed on Market Beta - decile 6 (6),ew,W_select,a,n/a,subtract_rf,27,16.2044,15.0615,21.1349,0.5433,-20.6137
french,BETA_D_decile07,10 Portfolios Formed on Market Beta - decile 7 (7),vw,W_common,a,n/a,subtract_rf,15,34.208,38.7402,14.9283,1.9391,-5.3
french,BETA_D_decile07,10 Portfolios Formed on Market Beta - decile 7 (7),ew,W_common,a,n/a,subtract_rf,15,23.312,23.0501,22.9032,0.791,-7.11
french,BETA_D_decile07,10 Portfolios Formed on Market Beta - decile 7 (7),vw,W_select,a,n/a,subtract_rf,27,26.0578,27.5658,17.5212,1.2185,-15.7157
french,BETA_D_decile07,10 Portfolios Formed on Market Beta - decile 7 (7),ew,W_select,a,n/a,subtract_rf,27,14.1511,12.8239,20.6292,0.4571,-19.0217
french,BETA_D_decile08,10 Portfolios Formed on Market Beta - decile 8 (8),vw,W_common,a,n/a,subtract_rf,15,29.32,31.7844,17.5615,1.3732,-6.495
french,BETA_D_decile08,10 Portfolios Formed on Market Beta - decile 8 (8),ew,W_common,a,n/a,subtract_rf,15,20.872,19.4784,25.3607,0.6183,-9.65
french,BETA_D_decile08,10 Portfolios Formed on Market Beta - decile 8 (8),vw,W_select,a,n/a,subtract_rf,27,31.1067,33.2345,21.0418,1.2535,-16.5263
french,BETA_D_decile08,10 Portfolios Formed on Market Beta - decile 8 (8),ew,W_select,a,n/a,subtract_rf,27,17.4933,16.187,22.4428,0.5688,-18.8397
french,BETA_D_decile09,10 Portfolios Formed on Market Beta - decile 9 (9),vw,W_common,a,n/a,subtract_rf,15,77.04,102.9468,30.6026,2.3474,-6.72
french,BETA_D_decile09,10 Portfolios Formed on Market Beta - decile 9 (9),ew,W_common,a,n/a,subtract_rf,15,24.448,23.9623,24.736,0.7782,-10.0984
french,BETA_D_decile09,10 Portfolios Formed on Market Beta - decile 9 (9),vw,W_select,a,n/a,subtract_rf,27,58.6267,71.8588,26.5438,2.0336,-12.2319
french,BETA_D_decile09,10 Portfolios Formed on Market Beta - decile 9 (9),ew,W_select,a,n/a,subtract_rf,27,17.3467,15.9932,22.5586,0.5597,-18.5993
french,BETA_D_decile10,10 Portfolios Formed on Market Beta - decile 10 (Hi),vw,W_common,a,n/a,subtract_rf,15,39.696,36.7992,41.972,0.8212,-16.85
french,BETA_D_decile10,10 Portfolios Formed on Market Beta - decile 10 (Hi),ew,W_common,a,n/a,subtract_rf,15,13.16,9.0961,30.9641,0.2576,-9.79
french,BETA_D_decile10,10 Portfolios Formed on Market Beta - decile 10 (Hi),vw,W_select,a,n/a,subtract_rf,27,25.8267,20.355,38.6928,0.5452,-29.6655
french,BETA_D_decile10,10 Portfolios Formed on Market Beta - decile 10 (Hi),ew,W_select,a,n/a,subtract_rf,27,7.8311,4.2425,27.5842,0.1125,-25.7205
french,BETA_D_spread,10 Portfolios Formed on Market Beta - top minus bottom decile (long=low; standard betting-against-beta anomaly (Frazzini-Pedersen 2014); not independently re-verified today),vw,W_common,b,low,already_excess,15,-23.928,-28.2127,42.5789,-0.562,-43.2203
french,BETA_D_spread,10 Portfolios Formed on Market Beta - top minus bottom decile (long=low; standard betting-against-beta anomaly (Frazzini-Pedersen 2014); not independently re-verified today),ew,W_common,b,low,already_excess,15,-6.832,-7.7869,16.1902,-0.422,-18.1393
french,BETA_D_spread,10 Portfolios Formed on Market Beta - top minus bottom decile (long=low; standard betting-against-beta anomaly (Frazzini-Pedersen 2014); not independently re-verified today),vw,W_select,b,low,already_excess,27,-11.9822,-18.7836,42.0316,-0.2851,-51.3175
french,BETA_D_spread,10 Portfolios Formed on Market Beta - top minus bottom decile (long=low; standard betting-against-beta anomaly (Frazzini-Pedersen 2014); not independently re-verified today),ew,W_select,b,low,already_excess,27,-2.8711,-3.8739,14.8376,-0.1935,-18.1393
french,CFP_D_decile01,10 Portfolios Formed on CF/P - decile 1 (Lo),vw,W_common,a,n/a,subtract_rf,15,34.832,39.6435,14.665,2.0192,-3.99
french,CFP_D_decile01,10 Portfolios Formed on CF/P - decile 1 (Lo),ew,W_common,a,n/a,subtract_rf,15,20.36,20.3727,19.1494,0.792,-5.24
french,CFP_D_decile01,10 Portfolios Formed on CF/P - decile 1 (Lo),vw,W_select,a,n/a,subtract_rf,27,28.8667,31.1017,17.6366,1.3704,-15.3603
french,CFP_D_decile01,10 Portfolios Formed on CF/P - decile 1 (Lo),ew,W_select,a,n/a,subtract_rf,27,13.9467,13.3299,16.9881,0.5433,-13.486
french,CFP_D_decile02,10 Portfolios Formed on CF/P - decile 2 (2),vw,W_common,a,n/a,subtract_rf,15,34.872,39.5401,15.4553,1.9179,-4.1
french,CFP_D_decile02,10 Portfolios Formed on CF/P - decile 2 (2),ew,W_common,a,n/a,subtract_rf,15,18.184,18.2642,16.7488,0.7764,-5.48
french,CFP_D_decile02,10 Portfolios Formed on CF/P - decile 2 (2),vw,W_select,a,n/a,subtract_rf,27,24.0444,25.6094,14.7143,1.3152,-9.9076
french,CFP_D_decile02,10 Portfolios Formed on CF/P - decile 2 (2),ew,W_select,a,n/a,subtract_rf,27,11.3467,10.7129,15.3614,0.4316,-16.4867
french,CFP_D_decile03,10 Portfolios Formed on CF/P - decile 3 (3),vw,W_common,a,n/a,subtract_rf,15,21.568,22.843,13.3153,1.2334,-5.24
french,CFP_D_decile03,10 Portfolios Formed on CF/P - decile 3 (3),ew,W_common,a,n/a,subtract_rf,15,18.576,18.5077,17.8794,0.7492,-6.24
french,CFP_D_decile03,10 Portfolios Formed on CF/P - decile 3 (3),vw,W_select,a,n/a,subtract_rf,27,17.24,17.9884,11.0889,1.1332,-5.24
french,CFP_D_decile03,10 Portfolios Formed on CF/P - decile 3 (3),ew,W_select,a,n/a,subtract_rf,27,12.8311,12.3922,15.1366,0.5361,-13.0384
french,CFP_D_decile04,10 Portfolios Formed on CF/P - decile 4 (4),vw,W_common,a,n/a,subtract_rf,15,25.352,27.8689,10.614,1.8998,-2.12
french,CFP_D_decile04,10 Portfolios Formed on CF/P - decile 4 (4),ew,W_common,a,n/a,subtract_rf,15,19.048,19.0707,17.8212,0.7781,-7.33
french,CFP_D_decile04,10 Portfolios Formed on CF/P - decile 4 (4),vw,W_select,a,n/a,subtract_rf,27,27.5956,30.3356,13.0231,1.7552,-11.6271
french,CFP_D_decile04,10 Portfolios Formed on CF/P - decile 4 (4),ew,W_select,a,n/a,subtract_rf,27,15.1911,15.0376,15.1899,0.6896,-14.1358
french,CFP_D_decile05,10 Portfolios Formed on CF/P - decile 5 (5),vw,W_common,a,n/a,subtract_rf,15,25.16,27.0516,14.5542,1.3727,-4.6
french,CFP_D_decile05,10 Portfolios Formed on CF/P - decile 5 (5),ew,W_common,a,n/a,subtract_rf,15,21.976,22.1837,19.7384,0.8508,-5.94
french,CFP_D_decile05,10 Portfolios Formed on CF/P - decile 5 (5),vw,W_select,a,n/a,subtract_rf,27,19.5422,20.0147,15.6168,0.95,-9.9648
french,CFP_D_decile05,10 Portfolios Formed on CF/P - decile 5 (5),ew,W_select,a,n/a,subtract_rf,27,17.4933,17.4014,16.8934,0.7563,-12.8215
french,CFP_D_decile06,10 Portfolios Formed on CF/P - decile 6 (6),vw,W_common,a,n/a,subtract_rf,15,20.992,21.1976,18.66,0.8473,-7.23
french,CFP_D_decile06,10 Portfolios Formed on CF/P - decile 6 (6),ew,W_common,a,n/a,subtract_rf,15,22.76,22.9616,20.4926,0.8576,-6.99
french,CFP_D_decile06,10 Portfolios Formed on CF/P - decile 6 (6),vw,W_select,a,n/a,subtract_rf,27,20.0933,20.7194,15.2857,1.0055,-9.1573
french,CFP_D_decile06,10 Portfolios Formed on CF/P - decile 6 (6),ew,W_select,a,n/a,subtract_rf,27,17.8578,17.7587,17.2499,0.7619,-13.0655
french,CFP_D_decile07,10 Portfolios Formed on CF/P - decile 7 (7),vw,W_common,a,n/a,subtract_rf,15,36.808,40.8149,21.1902,1.4932,-9.37
french,CFP_D_decile07,10 Portfolios Formed on CF/P - decile 7 (7),ew,W_common,a,n/a,subtract_rf,15,24.896,25.0496,22.6691,0.8697,-7.56
french,CFP_D_decile07,10 Portfolios Formed on CF/P - decile 7 (7),vw,W_select,a,n/a,subtract_rf,27,30.0622,32.7843,16.9194,1.4994,-10.7242
french,CFP_D_decile07,10 Portfolios Formed on CF/P - decile 7 (7),ew,W_select,a,n/a,subtract_rf,27,18.8356,18.6288,18.6385,0.7575,-14.4696
french,CFP_D_decile08,10 Portfolios Formed on CF/P - decile 8 (8),vw,W_common,a,n/a,subtract_rf,15,18.136,18.0116,17.6898,0.7322,-7.23
french,CFP_D_decile08,10 Portfolios Formed on CF/P - decile 8 (8),ew,W_common,a,n/a,subtract_rf,15,24.544,24.7574,22.0968,0.8763,-7.01
french,CFP_D_decile08,10 Portfolios Formed on CF/P - decile 8 (8),vw,W_select,a,n/a,subtract_rf,27,17.76,17.9911,15.1546,0.8599,-8.0563
french,CFP_D_decile08,10 Portfolios Formed on CF/P - decile 8 (8),ew,W_select,a,n/a,subtract_rf,27,18.6178,18.4208,18.4011,0.7555,-14.5865
french,CFP_D_decile09,10 Portfolios Formed on CF/P - decile 9 (9),vw,W_common,a,n/a,subtract_rf,15,18.72,18.8658,16.822,0.806,-8.02
french,CFP_D_decile09,10 Portfolios Formed on CF/P - decile 9 (9),ew,W_common,a,n/a,subtract_rf,15,25.568,26.3082,20.9693,0.9721,-5.72
french,CFP_D_decile09,10 Portfolios Formed on CF/P - decile 9 (9),vw,W_select,a,n/a,subtract_rf,27,16.7556,17.0094,14.0432,0.8573,-8.02
french,CFP_D_decile09,10 Portfolios Formed on CF/P - decile 9 (9),ew,W_select,a,n/a,subtract_rf,27,20.7333,21.0599,17.7188,0.9039,-12.7928
french,CFP_D_decile10,10 Portfolios Formed on CF/P - decile 10 (Hi),vw,W_common,a,n/a,subtract_rf,15,24.4,25.4147,18.3978,1.0442,-6.39
french,CFP_D_decile10,10 Portfolios Formed on CF/P - decile 10 (Hi),ew,W_common,a,n/a,subtract_rf,15,14.856,13.1688,23.0179,0.4201,-9.893
french,CFP_D_decile10,10 Portfolios Formed on CF/P - decile 10 (Hi),vw,W_select,a,n/a,subtract_rf,27,19.1111,19.3304,16.6461,0.8648,-11.9311
french,CFP_D_decile10,10 Portfolios Formed on CF/P - decile 10 (Hi),ew,W_select,a,n/a,subtract_rf,27,13.0978,11.4972,21.4383,0.3904,-20.7836
french,CFP_D_spread,10 Portfolios Formed on CF/P - top minus bottom decile (long=high; standard value/cashflow-yield convention),vw,W_common,b,high,already_excess,15,-10.432,-11.0166,16.0105,-0.6516,-12.0988
french,CFP_D_spread,10 Portfolios Formed on CF/P - top minus bottom decile (long=high; standard value/cashflow-yield convention),ew,W_common,b,high,already_excess,15,-5.504,-5.6671,8.1635,-0.6742,-10.3176
french,CFP_D_spread,10 Portfolios Formed on CF/P - top minus bottom decile (long=high; standard value/cashflow-yield convention),vw,W_select,b,high,already_excess,27,-9.7556,-11.0145,19.5491,-0.499,-30.2365
french,CFP_D_spread,10 Portfolios Formed on CF/P - top minus bottom decile (long=high; standard value/cashflow-yield convention),ew,W_select,b,high,already_excess,27,-0.8489,-1.2412,9.0839,-0.0934,-14.6076
french,DP_D_decile01,10 Portfolios Formed on D/P - decile 1 (Lo),vw,W_common,a,n/a,subtract_rf,15,42.888,50.6229,16.5935,2.2706,-2.51
french,DP_D_decile01,10 Portfolios Formed on D/P - decile 1 (Lo),ew,W_common,a,n/a,subtract_rf,15,25.336,26.5112,18.5732,1.085,-6.93
french,DP_D_decile01,10 Portfolios Formed on D/P - decile 1 (Lo),vw,W_select,a,n/a,subtract_rf,27,35.4489,39.9977,16.8,1.831,-11.425
french,DP_D_decile01,10 Portfolios Formed on D/P - decile 1 (Lo),ew,W_select,a,n/a,subtract_rf,27,21.56,22.3353,16.0632,1.049,-15.2464
french,DP_D_decile02,10 Portfolios Formed on D/P - decile 2 (2),vw,W_common,a,n/a,subtract_rf,15,27.032,29.3116,15.1284,1.4455,-5.29
french,DP_D_decile02,10 Portfolios Formed on D/P - decile 2 (2),ew,W_common,a,n/a,subtract_rf,15,19.808,19.4372,20.3662,0.7185,-8.63
french,DP_D_decile02,10 Portfolios Formed on D/P - decile 2 (2),vw,W_select,a,n/a,subtract_rf,27,24.7422,26.4543,14.8673,1.3482,-8.8964
french,DP_D_decile02,10 Portfolios Formed on D/P - decile 2 (2),ew,W_select,a,n/a,subtract_rf,27,14.1867,13.5883,17.0045,0.5571,-16.6547
french,DP_D_decile03,10 Portfolios Formed on D/P - decile 3 (3),vw,W_common,a,n/a,subtract_rf,15,30.656,34.3891,12.609,2.0157,-5.69
french,DP_D_decile03,10 Portfolios Formed on D/P - decile 3 (3),ew,W_common,a,n/a,subtract_rf,15,18.272,18.0124,18.5234,0.7071,-8.45
french,DP_D_decile03,10 Portfolios Formed on D/P - decile 3 (3),vw,W_select,a,n/a,subtract_rf,27,25.6844,27.6751,14.4721,1.4493,-11.1646
french,DP_D_decile03,10 Portfolios Formed on D/P - decile 3 (3),ew,W_select,a,n/a,subtract_rf,27,12.9289,12.3883,15.7684,0.5209,-17.6748
french,DP_D_decile04,10 Portfolios Formed on D/P - decile 4 (4),vw,W_common,a,n/a,subtract_rf,15,13.12,12.7732,14.7685,0.5386,-10.21
french,DP_D_decile04,10 Portfolios Formed on D/P - decile 4 (4),ew,W_common,a,n/a,subtract_rf,15,21.232,21.4363,18.9121,0.8489,-8.13
french,DP_D_decile04,10 Portfolios Formed on D/P - decile 4 (4),vw,W_select,a,n/a,subtract_rf,27,9.9556,9.4848,13.2645,0.3947,-16.0792
french,DP_D_decile04,10 Portfolios Formed on D/P - decile 4 (4),ew,W_select,a,n/a,subtract_rf,27,12.5689,11.9362,16.1322,0.487,-16.7212
french,DP_D_decile05,10 Portfolios Formed on D/P - decile 5 (5),vw,W_common,a,n/a,subtract_rf,15,25.344,27.0267,16.0332,1.2579,-6.11
french,DP_D_decile05,10 Portfolios Formed on D/P - decile 5 (5),ew,W_common,a,n/a,subtract_rf,15,21.04,21.2466,18.8367,0.8418,-5.8
french,DP_D_decile05,10 Portfolios Formed on D/P - decile 5 (5),vw,W_select,a,n/a,subtract_rf,27,21.6844,22.8372,14.0591,1.2077,-7.6178
french,DP_D_decile05,10 Portfolios Formed on D/P - decile 5 (5),ew,W_select,a,n/a,subtract_rf,27,13.8844,13.3976,16.2365,0.5647,-14.7508
french,DP_D_decile06,10 Portfolios Formed on D/P - decile 6 (6),vw,W_common,a,n/a,subtract_rf,15,20.12,21.1555,12.9359,1.1566,-5.79
french,DP_D_decile06,10 Portfolios Formed on D/P - decile 6 (6),ew,W_common,a,n/a,subtract_rf,15,23.256,23.9324,18.7205,0.9659,-7.11
french,DP_D_decile06,10 Portfolios Formed on D/P - decile 6 (6),vw,W_select,a,n/a,subtract_rf,27,15.4089,15.8009,11.6481,0.9201,-7.8862
french,DP_D_decile06,10 Portfolios Formed on D/P - decile 6 (6),ew,W_select,a,n/a,subtract_rf,27,16.9067,16.9123,15.787,0.7728,-11.5849
french,DP_D_decile07,10 Portfolios Formed on D/P - decile 7 (7),vw,W_common,a,n/a,subtract_rf,15,15.944,16.176,13.5456,0.7968,-6.91
french,DP_D_decile07,10 Portfolios Formed on D/P - decile 7 (7),ew,W_common,a,n/a,subtract_rf,15,24.048,24.831,19.1315,0.9867,-6.89
french,DP_D_decile07,10 Portfolios Formed on D/P - decile 7 (7),vw,W_select,a,n/a,subtract_rf,27,12.6889,12.6598,12.1192,0.6584,-7.8086
french,DP_D_decile07,10 Portfolios Formed on D/P - decile 7 (7),ew,W_select,a,n/a,subtract_rf,27,16.3289,16.1288,16.531,0.7031,-13.1703
french,DP_D_decile08,10 Portfolios Formed on D/P - decile 8 (8),vw,W_common,a,n/a,subtract_rf,15,18.256,18.4466,16.1056,0.8119,-6.13
french,DP_D_decile08,10 Portfolios Formed on D/P - decile 8 (8),ew,W_common,a,n/a,subtract_rf,15,27.24,28.5521,20.3231,1.0858,-6.83
french,DP_D_decile08,10 Portfolios Formed on D/P - decile 8 (8),vw,W_select,a,n/a,subtract_rf,27,18.6044,19.142,14.1412,0.9809,-7.5329
french,DP_D_decile08,10 Portfolios Formed on D/P - decile 8 (8),ew,W_select,a,n/a,subtract_rf,27,20.1644,20.5162,17.0604,0.9061,-12.0629
french,DP_D_decile09,10 Portfolios Formed on D/P - decile 9 (9),vw,W_common,a,n/a,subtract_rf,15,22.056,23.0138,15.8477,1.0661,-7.45
french,DP_D_decile09,10 Portfolios Formed on D/P - decile 9 (9),ew,W_common,a,n/a,subtract_rf,15,26.464,27.1585,22.0984,0.9634,-7.02
french,DP_D_decile09,10 Portfolios Formed on D/P - decile 9 (9),vw,W_select,a,n/a,subtract_rf,27,20.2356,21.2077,13.3219,1.1652,-7.45
french,DP_D_decile09,10 Portfolios Formed on D/P - decile 9 (9),ew,W_select,a,n/a,subtract_rf,27,19.4533,19.4652,18.1851,0.8107,-12.7248
french,DP_D_decile10,10 Portfolios Formed on D/P - decile 10 (Hi),vw,W_common,a,n/a,subtract_rf,15,22.976,24.6514,12.6293,1.4112,-5.87
french,DP_D_decile10,10 Portfolios Formed on D/P - decile 10 (Hi),ew,W_common,a,n/a,subtract_rf,15,14.216,12.9391,20.8554,0.4332,-7.4176
french,DP_D_decile10,10 Portfolios Formed on D/P - decile 10 (Hi),vw,W_select,a,n/a,subtract_rf,27,17.6356,18.343,11.8913,1.088,-5.87
french,DP_D_decile10,10 Portfolios Formed on D/P - decile 10 (Hi),ew,W_select,a,n/a,subtract_rf,27,9.84,8.6442,17.9542,0.2848,-15.419
french,DP_D_spread,10 Portfolios Formed on D/P - top minus bottom decile (long=high; standard value/dividend-yield convention),vw,W_common,b,high,already_excess,15,-19.912,-19.419,17.6528,-1.128,-26.5211
french,DP_D_spread,10 Portfolios Formed on D/P - top minus bottom decile (long=high; standard value/dividend-yield convention),ew,W_common,b,high,already_excess,15,-11.12,-10.9104,8.8984,-1.2497,-15.5117
french,DP_D_spread,10 Portfolios Formed on D/P - top minus bottom decile (long=high; standard value/dividend-yield convention),vw,W_select,b,high,already_excess,27,-17.8133,-17.9306,19.152,-0.9301,-39.1162
french,DP_D_spread,10 Portfolios Formed on D/P - top minus bottom decile (long=high; standard value/dividend-yield convention),ew,W_select,b,high,already_excess,27,-11.72,-11.5056,9.4923,-1.2347,-25.071
french,EP_D_decile01,10 Portfolios Formed on E/P - decile 1 (Lo),vw,W_common,a,n/a,subtract_rf,15,31.688,35.418,14.7362,1.7967,-4.66
french,EP_D_decile01,10 Portfolios Formed on E/P - decile 1 (Lo),ew,W_common,a,n/a,subtract_rf,15,17.784,17.4755,18.5235,0.6799,-5.59
french,EP_D_decile01,10 Portfolios Formed on E/P - decile 1 (Lo),vw,W_select,a,n/a,subtract_rf,27,29.4978,31.947,17.5095,1.4155,-14.654
french,EP_D_decile01,10 Portfolios Formed on E/P - decile 1 (Lo),ew,W_select,a,n/a,subtract_rf,27,14.1111,13.5982,16.4785,0.5697,-14.1244
french,EP_D_decile02,10 Portfolios Formed on E/P - decile 2 (2),vw,W_common,a,n/a,subtract_rf,15,37.048,42.0187,17.8799,1.7795,-3.78
french,EP_D_decile02,10 Portfolios Formed on E/P - decile 2 (2),ew,W_common,a,n/a,subtract_rf,15,15.304,14.7871,17.6143,0.5746,-6.02
french,EP_D_decile02,10 Portfolios Formed on E/P - decile 2 (2),vw,W_select,a,n/a,subtract_rf,27,28.4222,30.6494,17.1575,1.3829,-11.6385
french,EP_D_decile02,10 Portfolios Formed on E/P - decile 2 (2),ew,W_select,a,n/a,subtract_rf,27,9.8089,8.9731,15.7431,0.3232,-16.3487
french,EP_D_decile03,10 Portfolios Formed on E/P - decile 3 (3),vw,W_common,a,n/a,subtract_rf,15,27.792,30.8292,11.5312,1.9616,-5.54
french,EP_D_decile03,10 Portfolios Formed on E/P - decile 3 (3),ew,W_common,a,n/a,subtract_rf,15,19.504,19.7857,16.8761,0.8487,-6.64
french,EP_D_decile03,10 Portfolios Formed on E/P - decile 3 (3),vw,W_select,a,n/a,subtract_rf,27,14.0267,14.2611,11.3637,0.8225,-10.3199
french,EP_D_decile03,10 Portfolios Formed on E/P - decile 3 (3),ew,W_select,a,n/a,subtract_rf,27,15.04,14.9674,14.5711,0.7087,-13.2343
french,EP_D_decile04,10 Portfolios Formed on E/P - decile 4 (4),vw,W_common,a,n/a,subtract_rf,15,22.096,23.4893,13.2765,1.2768,-5.5
french,EP_D_decile04,10 Portfolios Formed on E/P - decile 4 (4),ew,W_common,a,n/a,subtract_rf,15,20.472,21.1174,15.8838,0.9629,-5.61
french,EP_D_decile04,10 Portfolios Formed on E/P - decile 4 (4),vw,W_select,a,n/a,subtract_rf,27,16.8933,17.5463,11.4008,1.0709,-6.3086
french,EP_D_decile04,10 Portfolios Formed on E/P - decile 4 (4),ew,W_select,a,n/a,subtract_rf,27,16.0444,16.2445,13.7429,0.8248,-11.1235
french,EP_D_decile05,10 Portfolios Formed on E/P - decile 5 (5),vw,W_common,a,n/a,subtract_rf,15,24.024,26.1202,11.3499,1.6583,-1.86
french,EP_D_decile05,10 Portfolios Formed on E/P - decile 5 (5),ew,W_common,a,n/a,subtract_rf,15,22.296,22.779,18.6555,0.9173,-6.61
french,EP_D_decile05,10 Portfolios Formed on E/P - decile 5 (5),vw,W_select,a,n/a,subtract_rf,27,24.7556,26.6685,13.5748,1.4751,-13.1101
french,EP_D_decile05,10 Portfolios Formed on E/P - decile 5 (5),ew,W_select,a,n/a,subtract_rf,27,15.9378,15.828,15.6061,0.7193,-12.3902
french,EP_D_decile06,10 Portfolios Formed on E/P - decile 6 (6),vw,W_common,a,n/a,subtract_rf,15,23.216,23.8822,18.6559,0.9668,-6.89
french,EP_D_decile06,10 Portfolios Formed on E/P - decile 6 (6),ew,W_common,a,n/a,subtract_rf,15,21.4,21.2552,20.7995,0.7798,-6.92
french,EP_D_decile06,10 Portfolios Formed on E/P - decile 6 (6),vw,W_select,a,n/a,subtract_rf,27,20.7022,21.4845,15.0742,1.0603,-8.2937
french,EP_D_decile06,10 Portfolios Formed on E/P - decile 6 (6),ew,W_select,a,n/a,subtract_rf,27,17.7956,17.7162,17.0713,0.7659,-13.3957
french,EP_D_decile07,10 Portfolios Formed on E/P - decile 7 (7),vw,W_common,a,n/a,subtract_rf,15,29.688,31.8588,19.2127,1.2756,-8.14
french,EP_D_decile07,10 Portfolios Formed on E/P - decile 7 (7),ew,W_common,a,n/a,subtract_rf,15,24.864,25.2444,21.7553,0.9045,-6.62
french,EP_D_decile07,10 Portfolios Formed on E/P - decile 7 (7),vw,W_select,a,n/a,subtract_rf,27,22.3511,23.3988,15.463,1.1414,-10.0624
french,EP_D_decile07,10 Portfolios Formed on E/P - decile 7 (7),ew,W_select,a,n/a,subtract_rf,27,17.6044,17.2981,18.1558,0.7099,-13.9023
french,EP_D_decile08,10 Portfolios Formed on E/P - decile 8 (8),vw,W_common,a,n/a,subtract_rf,15,18.432,18.3609,17.6579,0.7509,-8.8
french,EP_D_decile08,10 Portfolios Formed on E/P - decile 8 (8),ew,W_common,a,n/a,subtract_rf,15,26.904,27.5026,22.8816,0.9493,-6.39
french,EP_D_decile08,10 Portfolios Formed on E/P - decile 8 (8),vw,W_select,a,n/a,subtract_rf,27,17.5156,17.7454,14.8951,0.8591,-12.4947
french,EP_D_decile08,10 Portfolios Formed on E/P - decile 8 (8),ew,W_select,a,n/a,subtract_rf,27,18.8178,18.5475,18.9849,0.7429,-14.128
french,EP_D_decile09,10 Portfolios Formed on E/P - decile 9 (9),vw,W_common,a,n/a,subtract_rf,15,34.288,37.8111,19.8,1.4706,-6.65
french,EP_D_decile09,10 Portfolios Formed on E/P - decile 9 (9),ew,W_common,a,n/a,subtract_rf,15,25.84,26.3225,22.2809,0.9272,-7.39
french,EP_D_decile09,10 Portfolios Formed on E/P - decile 9 (9),vw,W_select,a,n/a,subtract_rf,27,28.4267,30.8638,16.1487,1.4694,-6.65
french,EP_D_decile09,10 Portfolios Formed on E/P - decile 9 (9),ew,W_select,a,n/a,subtract_rf,27,20.7156,20.7545,19.1018,0.8377,-15.1467
french,EP_D_decile10,10 Portfolios Formed on E/P - decile 10 (Hi),vw,W_common,a,n/a,subtract_rf,15,16.912,16.1914,19.8266,0.5917,-8.5742
french,EP_D_decile10,10 Portfolios Formed on E/P - decile 10 (Hi),ew,W_common,a,n/a,subtract_rf,15,17.528,16.1551,23.2205,0.5315,-10.8665
french,EP_D_decile10,10 Portfolios Formed on E/P - decile 10 (Hi),vw,W_select,a,n/a,subtract_rf,27,11.7422,10.6917,18.0025,0.39,-18.1759
french,EP_D_decile10,10 Portfolios Formed on E/P - decile 10 (Hi),ew,W_select,a,n/a,subtract_rf,27,15.5422,14.3644,20.8502,0.5188,-17.7362
french,EP_D_spread,10 Portfolios Formed on E/P - top minus bottom decile (long=high; standard value/earnings-yield convention),vw,W_common,b,high,already_excess,15,-14.776,-14.7704,15.411,-0.9588,-16.3008
french,EP_D_spread,10 Portfolios Formed on E/P - top minus bottom decile (long=high; standard value/earnings-yield convention),ew,W_common,b,high,already_excess,15,-0.256,-0.5632,8.1099,-0.0316,-8.2587
french,EP_D_spread,10 Portfolios Formed on E/P - top minus bottom decile (long=high; standard value/earnings-yield convention),vw,W_select,b,high,already_excess,27,-17.7556,-17.7623,18.3363,-0.9683,-37.9758
french,EP_D_spread,10 Portfolios Formed on E/P - top minus bottom decile (long=high; standard value/earnings-yield convention),ew,W_select,b,high,already_excess,27,1.4311,1.1101,8.2457,0.1736,-8.2587
french,FF_CMA,Conservative Minus Aggressive (investment),vw,W_common,b,low investment,already_excess,15,-7.48,-7.3181,4.511,-1.6582,-8.4028
french,FF_CMA,Conservative Minus Aggressive (investment),vw,W_select,b,low investment,already_excess,27,-6.2222,-6.2319,6.3501,-0.9799,-13.7503
french,FF_HML,"High Minus Low (value, B/M)",vw,W_common,b,high B/M,already_excess,15,-0.0,-0.4893,10.3102,-0.0,-6.979
french,FF_HML,"High Minus Low (value, B/M)",vw,W_select,b,high B/M,already_excess,27,3.0667,2.5909,10.2983,0.2978,-8.6023
french,FF_LT_RevFactor,Long-Term Reversal factor,vw,W_common,b,low,already_excess,15,-2.848,-2.9357,5.2222,-0.5454,-6.7807
french,FF_LT_RevFactor,Long-Term Reversal factor,vw,W_select,b,low,already_excess,27,-4.7289,-4.8621,7.0989,-0.6661,-13.5829
french,FF_MktRF,US Market minus RF (Fama-French),vw,W_common,c,n/a,already_excess,15,22.864,24.451,13.1079,1.7443,-4.65
french,FF_MktRF,US Market minus RF (Fama-French),vw,W_select,c,n/a,already_excess,27,18.3644,19.1349,12.3429,1.4879,-9.8381
french,FF_MomFactor,"Momentum factor (Mom, UMD)",vw,W_common,b,high,already_excess,15,12.96,13.2227,10.1222,1.2804,-5.5
french,FF_MomFactor,"Momentum factor (Mom, UMD)",vw,W_select,b,high,already_excess,27,6.4133,6.093,10.0592,0.6376,-7.0464
french,FF_RF,US 1-Month T-Bill (RF),na,W_common,c,n/a,already_excess,15,5.176,5.3005,0.1148,45.0904,0.0
french,FF_RF,US 1-Month T-Bill (RF),na,W_select,c,n/a,already_excess,27,4.7289,4.8326,0.1777,26.605,0.0
french,FF_RMW,Robust Minus Weak (operating profitability),vw,W_common,b,high OP,already_excess,15,-0.048,-0.2816,7.0631,-0.0068,-7.853
french,FF_RMW,Robust Minus Weak (operating profitability),vw,W_select,b,high OP,already_excess,27,-4.6356,-4.7948,7.4218,-0.6246,-14.0892
french,FF_SMB,Small Minus Big (size),vw,W_common,b,small,already_excess,15,-5.768,-6.5263,14.5017,-0.3977,-13.3775
french,FF_SMB,Small Minus Big (size),vw,W_select,b,small,already_excess,27,-6.6711,-7.0935,11.8435,-0.5633,-19.4938
french,FF_ST_RevFactor,Short-Term Reversal factor,vw,W_common,b,low,already_excess,15,-9.192,-9.1574,8.9288,-1.0295,-12.3861
french,FF_ST_RevFactor,Short-Term Reversal factor,vw,W_select,b,low,already_excess,27,-13.5156,-13.2194,10.8824,-1.242,-28.9024
french,FF_TotalMkt,"US Total Market (CRSP VW, reconstructed Mkt-RF + RF)",vw,W_common,a,n/a,subtract_rf,15,28.04,30.932,13.0948,1.7443,-4.18
french,FF_TotalMkt,"US Total Market (CRSP VW, reconstructed Mkt-RF + RF)",vw,W_select,a,n/a,subtract_rf,27,23.0933,24.8073,12.3671,1.4879,-8.4736
french,IND49_Aero,49 Industries: Aero,vw,W_common,a,n/a,subtract_rf,15,27.12,29.2888,16.0116,1.3732,-3.8326
french,IND49_Aero,49 Industries: Aero,ew,W_common,a,n/a,subtract_rf,15,83.616,101.0348,58.4418,1.3419,-10.4331
french,IND49_Aero,49 Industries: Aero,vw,W_select,a,n/a,subtract_rf,27,31.8667,35.7155,14.1882,1.9148,-3.8326
french,IND49_Aero,49 Industries: Aero,ew,W_select,a,n/a,subtract_rf,27,60.6978,67.2914,46.9192,1.1934,-19.6852
french,IND49_Agric,49 Industries: Agric,vw,W_common,a,n/a,subtract_rf,15,18.576,17.7616,21.585,0.6203,-6.95
french,IND49_Agric,49 Industries: Agric,ew,W_common,a,n/a,subtract_rf,15,18.184,11.7062,39.888,0.3258,-28.5683
french,IND49_Agric,49 Industries: Agric,vw,W_select,a,n/a,subtract_rf,27,17.3244,15.862,23.1055,0.5452,-17.2827
french,IND49_Agric,49 Industries: Agric,ew,W_select,a,n/a,subtract_rf,27,-20.2489,-23.1676,35.3885,-0.7065,-51.8741
french,IND49_Autos,49 Industries: Autos,vw,W_common,a,n/a,subtract_rf,15,42.648,38.4269,46.0862,0.8119,-19.6942
french,IND49_Autos,49 Industries: Autos,ew,W_common,a,n/a,subtract_rf,15,-16.928,-20.5792,36.3425,-0.608,-25.3871
french,IND49_Autos,49 Industries: Autos,vw,W_select,a,n/a,subtract_rf,27,33.92,27.2071,45.0276,0.6481,-31.2737
french,IND49_Autos,49 Industries: Autos,ew,W_select,a,n/a,subtract_rf,27,-25.0622,-25.713,30.3646,-0.9815,-49.014
french,IND49_Banks,49 Industries: Banks,vw,W_common,a,n/a,subtract_rf,15,39.944,45.5154,20.2626,1.7155,-5.54
french,IND49_Banks,49 Industries: Banks,ew,W_common,a,n/a,subtract_rf,15,34.568,36.0857,27.5989,1.0648,-10.2207
french,IND49_Banks,49 Industries: Banks,vw,W_select,a,n/a,subtract_rf,27,33.0711,36.4707,18.3341,1.5482,-10.1075
french,IND49_Banks,49 Industries: Banks,ew,W_select,a,n/a,subtract_rf,27,27.3511,28.1569,22.3505,1.013,-11.439
french,IND49_Beer,49 Industries: Beer,vw,W_common,a,n/a,subtract_rf,15,-7.368,-7.6574,11.0258,-1.1413,-12.7762
french,IND49_Beer,49 Industries: Beer,ew,W_common,a,n/a,subtract_rf,15,-17.176,-17.5411,20.3617,-1.0947,-30.947
french,IND49_Beer,49 Industries: Beer,vw,W_select,a,n/a,subtract_rf,27,-8.1867,-8.5024,11.6925,-1.1063,-23.9147
french,IND49_Beer,49 Industries: Beer,ew,W_select,a,n/a,subtract_rf,27,-27.0889,-25.0893,17.2495,-1.843,-49.8941
french,IND49_BldMt,49 Industries: BldMt,vw,W_common,a,n/a,subtract_rf,15,31.488,31.3059,29.272,0.899,-12.72
french,IND49_BldMt,49 Industries: BldMt,ew,W_common,a,n/a,subtract_rf,15,14.856,11.1656,30.6129,0.3161,-11.075
french,IND49_BldMt,49 Industries: BldMt,vw,W_select,a,n/a,subtract_rf,27,21.1111,19.9532,24.2174,0.6773,-19.2697
french,IND49_BldMt,49 Industries: BldMt,ew,W_select,a,n/a,subtract_rf,27,6.5378,3.0581,27.5252,0.0658,-20.5937
french,IND49_Books,49 Industries: Books,vw,W_common,a,n/a,subtract_rf,15,20.728,20.9919,18.3346,0.8487,-6.2737
french,IND49_Books,49 Industries: Books,ew,W_common,a,n/a,subtract_rf,15,22.928,23.5713,18.4679,0.9597,-5.39
french,IND49_Books,49 Industries: Books,vw,W_select,a,n/a,subtract_rf,27,14.1067,13.6279,16.3369,0.575,-10.23
french,IND49_Books,49 Industries: Books,ew,W_select,a,n/a,subtract_rf,27,15.3378,14.1362,20.9301,0.5068,-20.1206
french,IND49_Boxes,49 Industries: Boxes,vw,W_common,a,n/a,subtract_rf,15,17.72,16.8453,20.9915,0.5982,-8.65
french,IND49_Boxes,49 Industries: Boxes,ew,W_common,a,n/a,subtract_rf,15,16.72,15.4459,22.2823,0.5183,-11.5501
french,IND49_Boxes,49 Industries: Boxes,vw,W_select,a,n/a,subtract_rf,27,8.3911,7.129,17.5825,0.2087,-18.943
french,IND49_Boxes,49 Industries: Boxes,ew,W_select,a,n/a,subtract_rf,27,10.3556,8.8869,19.5437,0.2881,-15.5087
french,IND49_BusSv,49 Industries: BusSv,vw,W_common,a,n/a,subtract_rf,15,25.584,26.5462,19.9853,1.021,-6.2538
french,IND49_BusSv,49 Industries: BusSv,ew,W_common,a,n/a,subtract_rf,15,11.2,9.5467,21.1632,0.2844,-9.2478
french,IND49_BusSv,49 Industries: BusSv,vw,W_select,a,n/a,subtract_rf,27,11.5378,10.642,17.1772,0.3975,-12.8513
french,IND49_BusSv,49 Industries: BusSv,ew,W_select,a,n/a,subtract_rf,27,5.1511,2.9916,21.6366,0.0195,-23.5839
french,IND49_Chems,49 Industries: Chems,vw,W_common,a,n/a,subtract_rf,15,4.424,2.1608,21.9762,-0.0342,-12.7683
french,IND49_Chems,49 Industries: Chems,ew,W_common,a,n/a,subtract_rf,15,5.152,1.9673,26.0538,-0.0009,-10.69
french,IND49_Chems,49 Industries: Chems,vw,W_select,a,n/a,subtract_rf,27,-0.7733,-2.3976,18.447,-0.2987,-20.8587
french,IND49_Chems,49 Industries: Chems,ew,W_select,a,n/a,subtract_rf,27,2.8444,-0.3545,25.7741,-0.0732,-24.3272
french,IND49_Chips,49 Industries: Chips,vw,W_common,a,n/a,subtract_rf,15,49.64,60.3444,18.374,2.4166,-3.28
french,IND49_Chips,49 Industries: Chips,ew,W_common,a,n/a,subtract_rf,15,25.584,25.4075,24.2713,0.8387,-6.6695
french,IND49_Chips,49 Industries: Chips,vw,W_select,a,n/a,subtract_rf,27,40.4178,45.895,20.8921,1.7098,-16.0202
french,IND49_Chips,49 Industries: Chips,ew,W_select,a,n/a,subtract_rf,27,25.3333,24.5015,25.9219,0.7946,-20.1574
french,IND49_Clths,49 Industries: Clths,vw,W_common,a,n/a,subtract_rf,15,10.328,8.0073,23.4328,0.2199,-21.3812
french,IND49_Clths,49 Industries: Clths,ew,W_common,a,n/a,subtract_rf,15,21.304,19.9598,25.5587,0.6306,-9.2921
french,IND49_Clths,49 Industries: Clths,vw,W_select,a,n/a,subtract_rf,27,-0.1111,-3.0798,24.5657,-0.1973,-33.2827
french,IND49_Clths,49 Industries: Clths,ew,W_select,a,n/a,subtract_rf,27,10.5822,7.8397,25.1894,0.2326,-26.492
french,IND49_Cnstr,49 Industries: Cnstr,vw,W_common,a,n/a,subtract_rf,15,39.608,40.1107,34.2972,1.0044,-15.27
french,IND49_Cnstr,49 Industries: Cnstr,ew,W_common,a,n/a,subtract_rf,15,34.352,32.7497,34.9571,0.8349,-16.39
french,IND49_Cnstr,49 Industries: Cnstr,vw,W_select,a,n/a,subtract_rf,27,31.5422,31.2503,29.1207,0.9217,-26.3864
french,IND49_Cnstr,49 Industries: Cnstr,ew,W_select,a,n/a,subtract_rf,27,25.9467,23.8015,30.3713,0.6994,-29.9402
french,IND49_Coal,49 Industries: Coal,vw,W_common,a,n/a,subtract_rf,15,-4.224,-8.3714,30.6927,-0.3064,-22.1261
french,IND49_Coal,49 Industries: Coal,ew,W_common,a,n/a,subtract_rf,15,0.568,-4.0281,31.8003,-0.1449,-20.5435
french,IND49_Coal,49 Industries: Coal,vw,W_select,a,n/a,subtract_rf,27,10.1733,5.2118,32.3863,0.168,-43.3291
french,IND49_Coal,49 Industries: Coal,ew,W_select,a,n/a,subtract_rf,27,31.5511,27.5974,38.824,0.6903,-32.1573
french,IND49_Drugs,49 Industries: Drugs,vw,W_common,a,n/a,subtract_rf,15,10.4,9.7193,15.2898,0.3425,-13.5549
french,IND49_Drugs,49 Industries: Drugs,ew,W_common,a,n/a,subtract_rf,15,10.992,6.8633,30.9176,0.188,-21.1148
french,IND49_Drugs,49 Industries: Drugs,vw,W_select,a,n/a,subtract_rf,27,17.9378,17.9874,16.4379,0.8025,-15.8874
french,IND49_Drugs,49 Industries: Drugs,ew,W_select,a,n/a,subtract_rf,27,16.1511,13.0063,28.4704,0.4011,-37.8619
french,IND49_ElcEq,49 Industries: ElcEq,vw,W_common,a,n/a,subtract_rf,15,11.6,8.0252,28.7146,0.2235,-9.26
french,IND49_ElcEq,49 Industries: ElcEq,ew,W_common,a,n/a,subtract_rf,15,7.408,2.8596,31.2117,0.0713,-20.073
french,IND49_ElcEq,49 Industries: ElcEq,vw,W_select,a,n/a,subtract_rf,27,22.0222,19.0277,30.7481,0.5622,-24.4192
french,IND49_ElcEq,49 Industries: ElcEq,ew,W_select,a,n/a,subtract_rf,27,17.1067,11.5926,35.7865,0.3456,-29.5422
french,IND49_FabPr,49 Industries: FabPr,vw,W_common,a,n/a,subtract_rf,15,28.68,17.8803,52.6499,0.446,-16.1672
french,IND49_FabPr,49 Industries: FabPr,ew,W_common,a,n/a,subtract_rf,15,44.088,48.2059,30.7255,1.2655,-5.5909
french,IND49_FabPr,49 Industries: FabPr,vw,W_select,a,n/a,subtract_rf,27,25.4178,17.7057,44.3067,0.4667,-25.9341
french,IND49_FabPr,49 Industries: FabPr,ew,W_select,a,n/a,subtract_rf,27,39.6356,42.1114,29.5608,1.181,-19.4607
french,IND49_Fin,49 Industries: Fin,vw,W_common,a,n/a,subtract_rf,15,39.552,44.351,22.4353,1.5305,-6.55
french,IND49_Fin,49 Industries: Fin,ew,W_common,a,n/a,subtract_rf,15,26.616,28.2745,17.8162,1.2018,-5.86
french,IND49_Fin,49 Industries: Fin,vw,W_select,a,n/a,subtract_rf,27,30.1778,32.1068,20.6605,1.2326,-13.2927
french,IND49_Fin,49 Industries: Fin,ew,W_select,a,n/a,subtract_rf,27,20.48,20.8745,16.9289,0.9308,-12.1953
french,IND49_Food,49 Industries: Food,vw,W_common,a,n/a,subtract_rf,15,1.04,0.2765,12.7778,-0.3248,-9.1395
french,IND49_Food,49 Industries: Food,ew,W_common,a,n/a,subtract_rf,15,5.696,4.4385,16.9007,0.0308,-6.82
french,IND49_Food,49 Industries: Food,vw,W_select,a,n/a,subtract_rf,27,-4.6178,-5.1037,11.2382,-0.8342,-19.5203
french,IND49_Food,49 Industries: Food,ew,W_select,a,n/a,subtract_rf,27,-6.1022,-6.8587,14.2515,-0.7619,-24.7828
french,IND49_Fun,49 Industries: Fun,vw,W_common,a,n/a,subtract_rf,15,48.472,57.826,20.6547,2.0946,-9.52
french,IND49_Fun,49 Industries: Fun,ew,W_common,a,n/a,subtract_rf,15,6.072,4.3,19.7743,0.0452,-8.57
french,IND49_Fun,49 Industries: Fun,vw,W_select,a,n/a,subtract_rf,27,31.04,32.3686,23.6951,1.1123,-20.2776
french,IND49_Fun,49 Industries: Fun,ew,W_select,a,n/a,subtract_rf,27,1.5378,-0.4715,20.3323,-0.1569,-18.6793
french,IND49_Gold,49 Industries: Gold,vw,W_common,a,n/a,subtract_rf,15,14.672,8.1588,38.2199,0.2488,-28.7834
french,IND49_Gold,49 Industries: Gold,ew,W_common,a,n/a,subtract_rf,15,23.232,15.3418,44.8893,0.4025,-24.5958
french,IND49_Gold,49 Industries: Gold,vw,W_select,a,n/a,subtract_rf,27,58.0756,66.1753,36.1795,1.4732,-28.7834
french,IND49_Gold,49 Industries: Gold,ew,W_select,a,n/a,subtract_rf,27,80.5022,99.3407,46.2644,1.6362,-24.5958
french,IND49_Guns,49 Industries: Guns,vw,W_common,a,n/a,subtract_rf,15,37.32,41.6665,20.9097,1.5397,-7.27
french,IND49_Guns,49 Industries: Guns,ew,W_common,a,n/a,subtract_rf,15,80.88,106.3588,38.3979,1.9693,-7.96
french,IND49_Guns,49 Industries: Guns,vw,W_select,a,n/a,subtract_rf,27,27.3733,27.3284,24.7216,0.9181,-17.1246
french,IND49_Guns,49 Industries: Guns,ew,W_select,a,n/a,subtract_rf,27,63.2267,68.1155,48.2359,1.213,-28.2016
french,IND49_Hardw,49 Industries: Hardw,vw,W_common,a,n/a,subtract_rf,15,27.24,29.7734,13.8818,1.5843,-5.95
french,IND49_Hardw,49 Industries: Hardw,ew,W_common,a,n/a,subtract_rf,15,28.992,29.5102,25.1151,0.9459,-10.38
french,IND49_Hardw,49 Industries: Hardw,vw,W_select,a,n/a,subtract_rf,27,27.0578,28.7052,18.0508,1.2371,-14.86
french,IND49_Hardw,49 Industries: Hardw,ew,W_select,a,n/a,subtract_rf,27,24.3778,23.8339,24.3914,0.8052,-20.0884
french,IND49_Hlth,49 Industries: Hlth,vw,W_common,a,n/a,subtract_rf,15,7.744,5.572,22.0414,0.1167,-16.9585
french,IND49_Hlth,49 Industries: Hlth,ew,W_common,a,n/a,subtract_rf,15,4.048,1.3216,24.7407,-0.0456,-14.8979
french,IND49_Hlth,49 Industries: Hlth,vw,W_select,a,n/a,subtract_rf,27,20.8489,20.0958,22.35,0.7213,-16.9585
french,IND49_Hlth,49 Industries: Hlth,ew,W_select,a,n/a,subtract_rf,27,9.7822,7.1379,24.7691,0.2041,-17.1251
french,IND49_Hshld,49 Industries: Hshld,vw,W_common,a,n/a,subtract_rf,15,12.088,11.8534,13.3729,0.5187,-6.12
french,IND49_Hshld,49 Industries: Hshld,ew,W_common,a,n/a,subtract_rf,15,-8.728,-11.8843,28.6347,-0.4854,-22.9692
french,IND49_Hshld,49 Industries: Hshld,vw,W_select,a,n/a,subtract_rf,27,2.4667,1.7393,12.4274,-0.1831,-15.1579
french,IND49_Hshld,49 Industries: Hshld,ew,W_select,a,n/a,subtract_rf,27,-10.6089,-12.8406,25.0493,-0.6124,-37.3773
french,IND49_Insur,49 Industries: Insur,vw,W_common,a,n/a,subtract_rf,15,14.864,14.249,17.5902,0.5524,-11.15
french,IND49_Insur,49 Industries: Insur,ew,W_common,a,n/a,subtract_rf,15,40.08,45.8529,19.6265,1.7788,-5.62
french,IND49_Insur,49 Industries: Insur,vw,W_select,a,n/a,subtract_rf,27,5.7156,4.1757,18.1588,0.0545,-22.9987
french,IND49_Insur,49 Industries: Insur,ew,W_select,a,n/a,subtract_rf,27,25.9156,27.4644,17.3094,1.2272,-6.15
french,IND49_LabEq,49 Industries: LabEq,vw,W_common,a,n/a,subtract_rf,15,12.656,10.8897,22.0857,0.3387,-9.8789
french,IND49_LabEq,49 Industries: LabEq,ew,W_common,a,n/a,subtract_rf,15,4.704,2.0699,23.665,-0.0199,-12.1192
french,IND49_LabEq,49 Industries: LabEq,vw,W_select,a,n/a,subtract_rf,27,14.7644,13.4087,20.961,0.4789,-22.2196
french,IND49_LabEq,49 Industries: LabEq,ew,W_select,a,n/a,subtract_rf,27,10.8889,8.1366,25.0085,0.2461,-23.4479
french,IND49_Mach,49 Industries: Mach,vw,W_common,a,n/a,subtract_rf,15,17.472,16.4546,21.4995,0.5717,-8.84
french,IND49_Mach,49 Industries: Mach,ew,W_common,a,n/a,subtract_rf,15,27.512,26.3455,30.1126,0.7408,-6.4944
french,IND49_Mach,49 Industries: Mach,vw,W_select,a,n/a,subtract_rf,27,23.1689,23.4768,19.9357,0.9244,-15.2552
french,IND49_Mach,49 Industries: Mach,ew,W_select,a,n/a,subtract_rf,27,23.9289,23.1563,25.4242,0.755,-18.3253
french,IND49_Meals,49 Industries: Meals,vw,W_common,a,n/a,subtract_rf,15,17.928,18.4282,13.9618,0.9132,-7.6762
french,IND49_Meals,49 Industries: Meals,ew,W_common,a,n/a,subtract_rf,15,16.736,16.9169,14.8199,0.7788,-4.18
french,IND49_Meals,49 Industries: Meals,vw,W_select,a,n/a,subtract_rf,27,9.8578,9.289,14.0327,0.3661,-13.6974
french,IND49_Meals,49 Industries: Meals,ew,W_select,a,n/a,subtract_rf,27,4.8844,3.4196,17.8281,0.0087,-20.1461
french,IND49_MedEq,49 Industries: MedEq,vw,W_common,a,n/a,subtract_rf,15,19.128,19.2558,17.3522,0.8043,-6.2158
french,IND49_MedEq,49 Industries: MedEq,ew,W_common,a,n/a,subtract_rf,15,-4.56,-7.1177,24.396,-0.3985,-17.8434
french,IND49_MedEq,49 Industries: MedEq,vw,W_select,a,n/a,subtract_rf,27,12.1511,11.4382,16.3708,0.4543,-9.5293
french,IND49_MedEq,49 Industries: MedEq,ew,W_select,a,n/a,subtract_rf,27,-14.8,-15.8551,21.8435,-0.8946,-35.4707
french,IND49_Mines,49 Industries: Mines,vw,W_common,a,n/a,subtract_rf,15,19.504,17.2853,27.6229,0.5188,-14.883
french,IND49_Mines,49 Industries: Mines,ew,W_common,a,n/a,subtract_rf,15,15.656,13.5838,24.5689,0.4258,-13.8304
french,IND49_Mines,49 Industries: Mines,vw,W_select,a,n/a,subtract_rf,27,26.8089,27.501,21.9684,1.0048,-17.2115
french,IND49_Mines,49 Industries: Mines,ew,W_select,a,n/a,subtract_rf,27,26.1378,26.4041,22.6732,0.9424,-13.8304
french,IND49_Oil,49 Industries: Oil,vw,W_common,a,n/a,subtract_rf,15,-3.752,-4.8457,16.1537,-0.5528,-10.5364
french,IND49_Oil,49 Industries: Oil,ew,W_common,a,n/a,subtract_rf,15,-4.24,-5.7403,18.9955,-0.4953,-10.6372
french,IND49_Oil,49 Industries: Oil,vw,W_select,a,n/a,subtract_rf,27,2.0089,0.6159,16.7717,-0.162,-16.5253
french,IND49_Oil,49 Industries: Oil,ew,W_select,a,n/a,subtract_rf,27,-5.2489,-7.04,20.2632,-0.4924,-28.9919
french,IND49_Other,49 Industries: Other,vw,W_common,a,n/a,subtract_rf,15,25.288,27.09,15.2492,1.3227,-6.26
french,IND49_Other,49 Industries: Other,ew,W_common,a,n/a,subtract_rf,15,-18.464,-17.6512,13.0661,-1.8053,-22.2909
french,IND49_Other,49 Industries: Other,vw,W_select,a,n/a,subtract_rf,27,20.5244,21.4409,14.0735,1.1252,-6.26
french,IND49_Other,49 Industries: Other,ew,W_select,a,n/a,subtract_rf,27,-27.1956,-25.3704,18.7811,-1.7008,-47.1979
french,IND49_Paper,49 Industries: Paper,vw,W_common,a,n/a,subtract_rf,15,17.272,17.2629,16.342,0.7413,-6.8763
french,IND49_Paper,49 Industries: Paper,ew,W_common,a,n/a,subtract_rf,15,21.472,20.0223,25.8197,0.6304,-9.7839
french,IND49_Paper,49 Industries: Paper,vw,W_select,a,n/a,subtract_rf,27,2.8356,1.5867,16.1967,-0.1174,-20.9335
french,IND49_Paper,49 Industries: Paper,ew,W_select,a,n/a,subtract_rf,27,-3.1511,-5.9473,24.6655,-0.3198,-34.501
french,IND49_PerSv,49 Industries: PerSv,vw,W_common,a,n/a,subtract_rf,15,27.0,27.8325,21.63,1.0094,-11.92
french,IND49_PerSv,49 Industries: PerSv,ew,W_common,a,n/a,subtract_rf,15,28.208,26.978,30.5797,0.7525,-10.3419
french,IND49_PerSv,49 Industries: PerSv,vw,W_select,a,n/a,subtract_rf,27,14.7778,13.5228,20.4683,0.492,-19.0858
french,IND49_PerSv,49 Industries: PerSv,ew,W_select,a,n/a,subtract_rf,27,14.3556,11.6395,26.7669,0.3598,-15.7712
french,IND49_RlEst,49 Industries: RlEst,vw,W_common,a,n/a,subtract_rf,15,31.072,30.1245,31.391,0.8246,-11.35
french,IND49_RlEst,49 Industries: RlEst,ew,W_common,a,n/a,subtract_rf,15,-13.4,-14.5387,21.7066,-0.855,-18.6516
french,IND49_RlEst,49 Industries: RlEst,vw,W_select,a,n/a,subtract_rf,27,26.7111,25.7262,27.7219,0.793,-17.4867
french,IND49_RlEst,49 Industries: RlEst,ew,W_select,a,n/a,subtract_rf,27,-7.0267,-8.8284,21.2875,-0.5517,-32.0976
french,IND49_Rtail,49 Industries: Rtail,vw,W_common,a,n/a,subtract_rf,15,37.008,42.5705,14.9809,2.1197,-5.07
french,IND49_Rtail,49 Industries: Rtail,ew,W_common,a,n/a,subtract_rf,15,22.28,17.7434,36.8266,0.4642,-12.9928
french,IND49_Rtail,49 Industries: Rtail,vw,W_select,a,n/a,subtract_rf,27,24.2311,25.6988,15.4898,1.2622,-13.2723
french,IND49_Rtail,49 Industries: Rtail,ew,W_select,a,n/a,subtract_rf,27,14.4,10.7794,30.2809,0.3195,-22.6451
french,IND49_Rubbr,49 Industries: Rubbr,vw,W_common,a,n/a,subtract_rf,15,4.384,2.5409,19.9615,-0.0396,-11.0394
french,IND49_Rubbr,49 Industries: Rubbr,ew,W_common,a,n/a,subtract_rf,15,-3.952,-5.6257,19.8565,-0.4598,-14.8318
french,IND49_Rubbr,49 Industries: Rubbr,vw,W_select,a,n/a,subtract_rf,27,3.9289,2.115,19.2384,-0.0416,-25.8789
french,IND49_Rubbr,49 Industries: Rubbr,ew,W_select,a,n/a,subtract_rf,27,-1.1689,-3.3434,21.9472,-0.2689,-19.3843
french,IND49_Ships,49 Industries: Ships,vw,W_common,a,n/a,subtract_rf,15,34.376,38.4136,17.5987,1.6624,-5.83
french,IND49_Ships,49 Industries: Ships,ew,W_common,a,n/a,subtract_rf,15,17.792,16.6534,22.3384,0.564,-11.973
french,IND49_Ships,49 Industries: Ships,vw,W_select,a,n/a,subtract_rf,27,27.9867,29.9771,17.4872,1.3339,-11.5339
french,IND49_Ships,49 Industries: Ships,ew,W_select,a,n/a,subtract_rf,27,9.8711,8.0332,20.96,0.2454,-20.296
french,IND49_Smoke,49 Industries: Smoke,vw,W_common,a,n/a,subtract_rf,15,27.912,29.8368,18.1585,1.2542,-8.26
french,IND49_Smoke,49 Industries: Smoke,ew,W_common,a,n/a,subtract_rf,15,-33.92,-32.6879,32.0631,-1.2203,-43.2228
french,IND49_Smoke,49 Industries: Smoke,vw,W_select,a,n/a,subtract_rf,27,29.0089,30.6433,20.3735,1.1918,-15.2812
french,IND49_Smoke,49 Industries: Smoke,ew,W_select,a,n/a,subtract_rf,27,-44.7244,-39.1276,27.8393,-1.7785,-70.9027
french,IND49_Soda,49 Industries: Soda,vw,W_common,a,n/a,subtract_rf,15,9.048,8.7188,11.8133,0.3292,-10.477
french,IND49_Soda,49 Industries: Soda,ew,W_common,a,n/a,subtract_rf,15,34.976,37.0968,25.7512,1.1542,-8.06
french,IND49_Soda,49 Industries: Soda,vw,W_select,a,n/a,subtract_rf,27,14.0133,14.0609,12.8656,0.7215,-10.477
french,IND49_Soda,49 Industries: Soda,ew,W_select,a,n/a,subtract_rf,27,28.0089,29.3453,20.6915,1.1234,-8.06
french,IND49_Softw,49 Industries: Softw,vw,W_common,a,n/a,subtract_rf,15,31.568,35.1928,15.0978,1.745,-5.07
french,IND49_Softw,49 Industries: Softw,ew,W_common,a,n/a,subtract_rf,15,31.032,32.4764,23.9122,1.0785,-7.63
french,IND49_Softw,49 Industries: Softw,vw,W_select,a,n/a,subtract_rf,27,27.2933,29.1272,17.5221,1.2888,-14.822
french,IND49_Softw,49 Industries: Softw,ew,W_select,a,n/a,subtract_rf,27,18.6667,16.7585,25.563,0.5456,-19.8725
french,IND49_Steel,49 Industries: Steel,vw,W_common,a,n/a,subtract_rf,15,7.792,3.9371,28.4871,0.0919,-19.6198
french,IND49_Steel,49 Industries: Steel,ew,W_common,a,n/a,subtract_rf,15,31.792,32.6193,26.7958,0.9932,-8.32
french,IND49_Steel,49 Industries: Steel,vw,W_select,a,n/a,subtract_rf,27,25.4267,24.9262,24.4354,0.8462,-19.6198
french,IND49_Steel,49 Industries: Steel,ew,W_select,a,n/a,subtract_rf,27,41.3111,46.8416,22.067,1.6565,-8.32
french,IND49_Telcm,49 Industries: Telcm,vw,W_common,a,n/a,subtract_rf,15,19.896,20.3422,16.2383,0.9068,-7.96
french,IND49_Telcm,49 Industries: Telcm,ew,W_common,a,n/a,subtract_rf,15,12.496,10.8801,21.6442,0.3381,-16.3257
french,IND49_Telcm,49 Industries: Telcm,vw,W_select,a,n/a,subtract_rf,27,14.4933,14.1617,15.6504,0.6247,-8.2636
french,IND49_Telcm,49 Industries: Telcm,ew,W_select,a,n/a,subtract_rf,27,15.6711,14.8533,19.24,0.5686,-16.3257
french,IND49_Toys,49 Industries: Toys,vw,W_common,a,n/a,subtract_rf,15,2.048,-0.2974,22.1483,-0.1411,-6.7242
french,IND49_Toys,49 Industries: Toys,ew,W_common,a,n/a,subtract_rf,15,-16.824,-17.4514,21.667,-1.0159,-21.7884
french,IND49_Toys,49 Industries: Toys,vw,W_select,a,n/a,subtract_rf,27,8.3378,6.5449,20.1327,0.179,-15.9181
french,IND49_Toys,49 Industries: Toys,ew,W_select,a,n/a,subtract_rf,27,-11.32,-16.7524,41.2877,-0.3887,-47.3636
french,IND49_Trans,49 Industries: Trans,vw,W_common,a,n/a,subtract_rf,15,17.608,16.7294,20.9703,0.5924,-8.63
french,IND49_Trans,49 Industries: Trans,ew,W_common,a,n/a,subtract_rf,15,18.352,16.7243,24.7124,0.5325,-6.96
french,IND49_Trans,49 Industries: Trans,vw,W_select,a,n/a,subtract_rf,27,14.4844,13.7483,17.8768,0.5459,-15.7688
french,IND49_Trans,49 Industries: Trans,ew,W_select,a,n/a,subtract_rf,27,12.0889,10.1566,22.3048,0.33,-22.6538
french,IND49_Txtls,49 Industries: Txtls,vw,W_common,a,n/a,subtract_rf,15,30.536,24.2984,44.0026,0.5765,-18.3872
french,IND49_Txtls,49 Industries: Txtls,ew,W_common,a,n/a,subtract_rf,15,27.952,26.5754,29.9844,0.7596,-10.96
french,IND49_Txtls,49 Industries: Txtls,vw,W_select,a,n/a,subtract_rf,27,12.5911,6.7673,36.4019,0.2162,-31.6585
french,IND49_Txtls,49 Industries: Txtls,ew,W_select,a,n/a,subtract_rf,27,4.5822,1.2121,26.7058,-0.0055,-24.3452
french,IND49_Util,49 Industries: Util,vw,W_common,a,n/a,subtract_rf,15,28.16,30.6208,15.6697,1.4697,-7.78
french,IND49_Util,49 Industries: Util,ew,W_common,a,n/a,subtract_rf,15,23.8,25.1143,16.0131,1.1635,-6.47
french,IND49_Util,49 Industries: Util,vw,W_select,a,n/a,subtract_rf,27,21.7111,23.0246,12.9785,1.3125,-7.78
french,IND49_Util,49 Industries: Util,ew,W_select,a,n/a,subtract_rf,27,20.5733,21.6635,12.9936,1.2199,-6.47
french,IND49_Whlsl,49 Industries: Whlsl,vw,W_common,a,n/a,subtract_rf,15,17.832,17.4443,18.8933,0.6702,-8.6
french,IND49_Whlsl,49 Industries: Whlsl,ew,W_common,a,n/a,subtract_rf,15,11.064,9.6974,19.6425,0.2998,-9.066
french,IND49_Whlsl,49 Industries: Whlsl,vw,W_select,a,n/a,subtract_rf,27,14.5867,14.4477,14.626,0.675,-8.6
french,IND49_Whlsl,49 Industries: Whlsl,ew,W_select,a,n/a,subtract_rf,27,5.8044,4.452,17.4098,0.0619,-13.7344
french,INV_D_decile01,10 Portfolios Formed on Investment - decile 1 (Lo),vw,W_common,a,n/a,subtract_rf,15,23.04,23.6004,18.9385,0.9433,-7.98
french,INV_D_decile01,10 Portfolios Formed on Investment - decile 1 (Lo),ew,W_common,a,n/a,subtract_rf,15,12.504,9.8121,25.8372,0.2832,-15.335
french,INV_D_decile01,10 Portfolios Formed on Investment - decile 1 (Lo),vw,W_select,a,n/a,subtract_rf,27,22.1467,23.0541,16.0158,1.0885,-7.98
french,INV_D_decile01,10 Portfolios Formed on Investment - decile 1 (Lo),ew,W_select,a,n/a,subtract_rf,27,5.6267,2.8867,23.8973,0.0376,-24.8236
french,INV_D_decile02,10 Portfolios Formed on Investment - decile 2 (2),vw,W_common,a,n/a,subtract_rf,15,17.824,18.37,13.4848,0.9356,-5.7175
french,INV_D_decile02,10 Portfolios Formed on Investment - decile 2 (2),ew,W_common,a,n/a,subtract_rf,15,22.408,22.1011,22.3851,0.7688,-5.66
french,INV_D_decile02,10 Portfolios Formed on Investment - decile 2 (2),vw,W_select,a,n/a,subtract_rf,27,19.2667,18.735,20.5976,0.7055,-19.6594
french,INV_D_decile02,10 Portfolios Formed on Investment - decile 2 (2),ew,W_select,a,n/a,subtract_rf,27,15.5378,14.4417,20.448,0.5289,-19.1468
french,INV_D_decile03,10 Portfolios Formed on Investment - decile 3 (3),vw,W_common,a,n/a,subtract_rf,15,23.976,25.7371,13.5275,1.3902,-6.0
french,INV_D_decile03,10 Portfolios Formed on Investment - decile 3 (3),ew,W_common,a,n/a,subtract_rf,15,20.672,20.3498,20.9485,0.7393,-5.81
french,INV_D_decile03,10 Portfolios Formed on Investment - decile 3 (3),vw,W_select,a,n/a,subtract_rf,27,18.64,19.4944,12.0363,1.1584,-7.9863
french,INV_D_decile03,10 Portfolios Formed on Investment - decile 3 (3),ew,W_select,a,n/a,subtract_rf,27,16.2933,15.7028,18.4871,0.6261,-16.924
french,INV_D_decile04,10 Portfolios Formed on Investment - decile 4 (4),vw,W_common,a,n/a,subtract_rf,15,26.656,29.3525,11.8089,1.8147,-4.19
french,INV_D_decile04,10 Portfolios Formed on Investment - decile 4 (4),ew,W_common,a,n/a,subtract_rf,15,23.432,24.1415,18.7691,0.9716,-6.15
french,INV_D_decile04,10 Portfolios Formed on Investment - decile 4 (4),vw,W_select,a,n/a,subtract_rf,27,19.0356,20.0168,11.6316,1.2326,-8.8188
french,INV_D_decile04,10 Portfolios Formed on Investment - decile 4 (4),ew,W_select,a,n/a,subtract_rf,27,17.1156,16.9985,16.6231,0.7461,-14.1167
french,INV_D_decile05,10 Portfolios Formed on Investment - decile 5 (5),vw,W_common,a,n/a,subtract_rf,15,24.856,26.6895,14.4746,1.3607,-6.72
french,INV_D_decile05,10 Portfolios Formed on Investment - decile 5 (5),ew,W_common,a,n/a,subtract_rf,15,20.872,20.7699,20.1706,0.7778,-6.23
french,INV_D_decile05,10 Portfolios Formed on Investment - decile 5 (5),vw,W_select,a,n/a,subtract_rf,27,19.1556,19.9704,13.0061,1.1124,-11.5047
french,INV_D_decile05,10 Portfolios Formed on Investment - decile 5 (5),ew,W_select,a,n/a,subtract_rf,27,15.9422,15.5334,17.3253,0.6479,-16.4163
french,INV_D_decile06,10 Portfolios Formed on Investment - decile 6 (6),vw,W_common,a,n/a,subtract_rf,15,19.896,20.7838,13.6291,1.0808,-6.64
french,INV_D_decile06,10 Portfolios Formed on Investment - decile 6 (6),ew,W_common,a,n/a,subtract_rf,15,29.152,30.5699,22.0739,1.0861,-6.1
french,INV_D_decile06,10 Portfolios Formed on Investment - decile 6 (6),vw,W_select,a,n/a,subtract_rf,27,19.0222,19.9584,11.9707,1.1959,-10.7886
french,INV_D_decile06,10 Portfolios Formed on Investment - decile 6 (6),ew,W_select,a,n/a,subtract_rf,27,20.5911,20.7404,18.5447,0.8567,-15.1197
french,INV_D_decile07,10 Portfolios Formed on Investment - decile 7 (7),vw,W_common,a,n/a,subtract_rf,15,19.352,19.8921,15.2078,0.9329,-6.86
french,INV_D_decile07,10 Portfolios Formed on Investment - decile 7 (7),ew,W_common,a,n/a,subtract_rf,15,20.696,20.8651,18.7119,0.8287,-5.18
french,INV_D_decile07,10 Portfolios Formed on Investment - decile 7 (7),vw,W_select,a,n/a,subtract_rf,27,17.7778,18.2835,13.4998,0.9679,-6.86
french,INV_D_decile07,10 Portfolios Formed on Investment - decile 7 (7),ew,W_select,a,n/a,subtract_rf,27,16.9867,16.8873,16.4689,0.7449,-11.1313
french,INV_D_decile08,10 Portfolios Formed on Investment - decile 8 (8),vw,W_common,a,n/a,subtract_rf,15,31.896,35.9192,13.3309,2.0024,-5.57
french,INV_D_decile08,10 Portfolios Formed on Investment - decile 8 (8),ew,W_common,a,n/a,subtract_rf,15,20.8,20.3469,21.6725,0.7206,-6.35
french,INV_D_decile08,10 Portfolios Formed on Investment - decile 8 (8),vw,W_select,a,n/a,subtract_rf,27,22.6533,24.0569,13.7658,1.3057,-10.5558
french,INV_D_decile08,10 Portfolios Formed on Investment - decile 8 (8),ew,W_select,a,n/a,subtract_rf,27,14.56,13.915,17.6253,0.5584,-14.4353
french,INV_D_decile09,10 Portfolios Formed on Investment - decile 9 (9),vw,W_common,a,n/a,subtract_rf,15,22.112,23.374,14.198,1.1915,-5.62
french,INV_D_decile09,10 Portfolios Formed on Investment - decile 9 (9),ew,W_common,a,n/a,subtract_rf,15,20.92,20.3619,22.1919,0.7087,-5.61
french,INV_D_decile09,10 Portfolios Formed on Investment - decile 9 (9),vw,W_select,a,n/a,subtract_rf,27,24.3378,26.0753,14.078,1.3926,-9.9311
french,INV_D_decile09,10 Portfolios Formed on Investment - decile 9 (9),ew,W_select,a,n/a,subtract_rf,27,16.8933,16.2461,19.1966,0.6339,-15.1806
french,INV_D_decile10,10 Portfolios Formed on Investment - decile 10 (Hi),vw,W_common,a,n/a,subtract_rf,15,51.688,61.9,23.6264,1.9667,-5.15
french,INV_D_decile10,10 Portfolios Formed on Investment - decile 10 (Hi),ew,W_common,a,n/a,subtract_rf,15,11.392,9.2582,23.1961,0.2676,-8.72
french,INV_D_decile10,10 Portfolios Formed on Investment - decile 10 (Hi),vw,W_select,a,n/a,subtract_rf,27,36.7244,40.4473,21.942,1.4603,-14.3585
french,INV_D_decile10,10 Portfolios Formed on Investment - decile 10 (Hi),ew,W_select,a,n/a,subtract_rf,27,14.3422,12.7231,21.831,0.4401,-21.2222
french,INV_D_spread,10 Portfolios Formed on Investment - top minus bottom decile (long=low; french f-f_5_factors_2x3 detail page: CMA = Conservative(low Inv) minus Aggressive(high Inv)),vw,W_common,b,low,already_excess,15,-28.648,-25.7753,12.9362,-2.2146,-33.5314
french,INV_D_spread,10 Portfolios Formed on Investment - top minus bottom decile (long=low; french f-f_5_factors_2x3 detail page: CMA = Conservative(low Inv) minus Aggressive(high Inv)),ew,W_common,b,low,already_excess,15,1.112,0.7731,8.5768,0.1297,-11.6677
french,INV_D_spread,10 Portfolios Formed on Investment - top minus bottom decile (long=low; french f-f_5_factors_2x3 detail page: CMA = Conservative(low Inv) minus Aggressive(high Inv)),vw,W_select,b,low,already_excess,27,-14.5778,-14.4331,13.6901,-1.0648,-35.6377
french,INV_D_spread,10 Portfolios Formed on Investment - top minus bottom decile (long=low; french f-f_5_factors_2x3 detail page: CMA = Conservative(low Inv) minus Aggressive(high Inv)),ew,W_select,b,low,already_excess,27,-8.7156,-8.6913,8.4262,-1.0343,-24.4686
french,LT_REV_D_decile01,10 Portfolios Formed on Long-Term Reversal (Prior 13-60) - decile 1 (Lo),vw,W_common,a,n/a,subtract_rf,15,14.016,11.0419,27.53,0.3208,-17.2988
french,LT_REV_D_decile01,10 Portfolios Formed on Long-Term Reversal (Prior 13-60) - decile 1 (Lo),ew,W_common,a,n/a,subtract_rf,15,4.376,1.601,24.4418,-0.0327,-11.1138
french,LT_REV_D_decile01,10 Portfolios Formed on Long-Term Reversal (Prior 13-60) - decile 1 (Lo),vw,W_select,a,n/a,subtract_rf,27,7.3333,4.975,22.7345,0.1146,-18.6171
french,LT_REV_D_decile01,10 Portfolios Formed on Long-Term Reversal (Prior 13-60) - decile 1 (Lo),ew,W_select,a,n/a,subtract_rf,27,4.1422,1.6255,22.8654,-0.0257,-25.4463
french,LT_REV_D_decile02,10 Portfolios Formed on Long-Term Reversal (Prior 13-60) - decile 2 (2),vw,W_common,a,n/a,subtract_rf,15,30.912,33.5116,19.0869,1.3474,-7.0579
french,LT_REV_D_decile02,10 Portfolios Formed on Long-Term Reversal (Prior 13-60) - decile 2 (2),ew,W_common,a,n/a,subtract_rf,15,22.12,21.8876,21.7661,0.7779,-7.07
french,LT_REV_D_decile02,10 Portfolios Formed on Long-Term Reversal (Prior 13-60) - decile 2 (2),vw,W_select,a,n/a,subtract_rf,27,22.4178,23.4049,15.989,1.1078,-7.0579
french,LT_REV_D_decile02,10 Portfolios Formed on Long-Term Reversal (Prior 13-60) - decile 2 (2),ew,W_select,a,n/a,subtract_rf,27,19.0578,18.8309,18.8463,0.7606,-13.5468
french,LT_REV_D_decile03,10 Portfolios Formed on Long-Term Reversal (Prior 13-60) - decile 3 (3),vw,W_common,a,n/a,subtract_rf,15,29.984,32.1829,19.4666,1.2741,-7.81
french,LT_REV_D_decile03,10 Portfolios Formed on Long-Term Reversal (Prior 13-60) - decile 3 (3),ew,W_common,a,n/a,subtract_rf,15,23.536,23.9372,20.3664,0.9011,-5.83
french,LT_REV_D_decile03,10 Portfolios Formed on Long-Term Reversal (Prior 13-60) - decile 3 (3),vw,W_select,a,n/a,subtract_rf,27,20.6178,21.2787,15.6868,1.0154,-10.8605
french,LT_REV_D_decile03,10 Portfolios Formed on Long-Term Reversal (Prior 13-60) - decile 3 (3),ew,W_select,a,n/a,subtract_rf,27,18.2133,18.2095,17.0482,0.7918,-13.8154
french,LT_REV_D_decile04,10 Portfolios Formed on Long-Term Reversal (Prior 13-60) - decile 4 (4),vw,W_common,a,n/a,subtract_rf,15,18.752,19.3786,13.9653,0.9727,-6.54
french,LT_REV_D_decile04,10 Portfolios Formed on Long-Term Reversal (Prior 13-60) - decile 4 (4),ew,W_common,a,n/a,subtract_rf,15,19.944,19.7963,19.5662,0.7544,-5.15
french,LT_REV_D_decile04,10 Portfolios Formed on Long-Term Reversal (Prior 13-60) - decile 4 (4),vw,W_select,a,n/a,subtract_rf,27,19.84,20.9945,11.4706,1.3181,-6.54
french,LT_REV_D_decile04,10 Portfolios Formed on Long-Term Reversal (Prior 13-60) - decile 4 (4),ew,W_select,a,n/a,subtract_rf,27,14.5333,14.1368,16.2073,0.6056,-12.7011
french,LT_REV_D_decile05,10 Portfolios Formed on Long-Term Reversal (Prior 13-60) - decile 5 (5),vw,W_common,a,n/a,subtract_rf,15,17.12,17.3128,15.0136,0.7962,-6.96
french,LT_REV_D_decile05,10 Portfolios Formed on Long-Term Reversal (Prior 13-60) - decile 5 (5),ew,W_common,a,n/a,subtract_rf,15,20.344,20.4008,18.9896,0.7984,-5.87
french,LT_REV_D_decile05,10 Portfolios Formed on Long-Term Reversal (Prior 13-60) - decile 5 (5),vw,W_select,a,n/a,subtract_rf,27,12.7244,12.6546,12.5043,0.6408,-7.5453
french,LT_REV_D_decile05,10 Portfolios Formed on Long-Term Reversal (Prior 13-60) - decile 5 (5),ew,W_select,a,n/a,subtract_rf,27,14.5244,14.1273,16.2143,0.6049,-14.8926
french,LT_REV_D_decile06,10 Portfolios Formed on Long-Term Reversal (Prior 13-60) - decile 6 (6),vw,W_common,a,n/a,subtract_rf,15,22.28,23.8583,12.1992,1.4029,-5.71
french,LT_REV_D_decile06,10 Portfolios Formed on Long-Term Reversal (Prior 13-60) - decile 6 (6),ew,W_common,a,n/a,subtract_rf,15,19.688,19.8534,17.7353,0.8179,-5.9
french,LT_REV_D_decile06,10 Portfolios Formed on Long-Term Reversal (Prior 13-60) - decile 6 (6),vw,W_select,a,n/a,subtract_rf,27,18.1378,18.9642,11.6148,1.1572,-6.26
french,LT_REV_D_decile06,10 Portfolios Formed on Long-Term Reversal (Prior 13-60) - decile 6 (6),ew,W_select,a,n/a,subtract_rf,27,14.7956,14.4981,15.7804,0.6388,-15.4036
french,LT_REV_D_decile07,10 Portfolios Formed on Long-Term Reversal (Prior 13-60) - decile 7 (7),vw,W_common,a,n/a,subtract_rf,15,24.608,26.6374,12.8013,1.518,-4.68
french,LT_REV_D_decile07,10 Portfolios Formed on Long-Term Reversal (Prior 13-60) - decile 7 (7),ew,W_common,a,n/a,subtract_rf,15,18.76,18.8413,17.2989,0.785,-5.73
french,LT_REV_D_decile07,10 Portfolios Formed on Long-Term Reversal (Prior 13-60) - decile 7 (7),vw,W_select,a,n/a,subtract_rf,27,28.5067,31.4591,13.3019,1.7874,-7.2161
french,LT_REV_D_decile07,10 Portfolios Formed on Long-Term Reversal (Prior 13-60) - decile 7 (7),ew,W_select,a,n/a,subtract_rf,27,15.0667,14.8753,15.3514,0.6741,-13.4274
french,LT_REV_D_decile08,10 Portfolios Formed on Long-Term Reversal (Prior 13-60) - decile 8 (8),vw,W_common,a,n/a,subtract_rf,15,18.664,19.6675,11.1927,1.2068,-2.91
french,LT_REV_D_decile08,10 Portfolios Formed on Long-Term Reversal (Prior 13-60) - decile 8 (8),ew,W_common,a,n/a,subtract_rf,15,20.688,20.5547,20.1456,0.77,-6.76
french,LT_REV_D_decile08,10 Portfolios Formed on Long-Term Reversal (Prior 13-60) - decile 8 (8),vw,W_select,a,n/a,subtract_rf,27,15.8,16.1496,12.4066,0.8943,-13.0731
french,LT_REV_D_decile08,10 Portfolios Formed on Long-Term Reversal (Prior 13-60) - decile 8 (8),ew,W_select,a,n/a,subtract_rf,27,17.3733,17.1667,17.356,0.7293,-16.1087
french,LT_REV_D_decile09,10 Portfolios Formed on Long-Term Reversal (Prior 13-60) - decile 9 (9),vw,W_common,a,n/a,subtract_rf,15,22.488,23.9969,13.0838,1.3217,-4.12
french,LT_REV_D_decile09,10 Portfolios Formed on Long-Term Reversal (Prior 13-60) - decile 9 (9),ew,W_common,a,n/a,subtract_rf,15,22.576,22.754,20.3823,0.8534,-6.23
french,LT_REV_D_decile09,10 Portfolios Formed on Long-Term Reversal (Prior 13-60) - decile 9 (9),vw,W_select,a,n/a,subtract_rf,27,19.6978,20.6265,12.982,1.1547,-6.7004
french,LT_REV_D_decile09,10 Portfolios Formed on Long-Term Reversal (Prior 13-60) - decile 9 (9),ew,W_select,a,n/a,subtract_rf,27,17.6711,17.4798,17.507,0.74,-14.891
french,LT_REV_D_decile10,10 Portfolios Formed on Long-Term Reversal (Prior 13-60) - decile 10 (Hi),vw,W_common,a,n/a,subtract_rf,15,42.824,50.5208,16.5518,2.2705,-4.24
french,LT_REV_D_decile10,10 Portfolios Formed on Long-Term Reversal (Prior 13-60) - decile 10 (Hi),ew,W_common,a,n/a,subtract_rf,15,20.576,19.8979,22.3842,0.6873,-6.59
french,LT_REV_D_decile10,10 Portfolios Formed on Long-Term Reversal (Prior 13-60) - decile 10 (Hi),vw,W_select,a,n/a,subtract_rf,27,36.2889,40.0759,21.1937,1.4902,-18.0682
french,LT_REV_D_decile10,10 Portfolios Formed on Long-Term Reversal (Prior 13-60) - decile 10 (Hi),ew,W_select,a,n/a,subtract_rf,27,20.9111,20.5622,20.8902,0.7746,-19.6449
french,LT_REV_D_spread,10 Portfolios Formed on Long-Term Reversal (Prior 13-60) - top minus bottom decile (long=low; french factor file header: LT_Rev = Low minus High prior-return portfolios),vw,W_common,b,low,already_excess,15,-28.808,-27.1105,22.5651,-1.2767,-35.5713
french,LT_REV_D_spread,10 Portfolios Formed on Long-Term Reversal (Prior 13-60) - top minus bottom decile (long=low; french factor file header: LT_Rev = Low minus High prior-return portfolios),ew,W_common,b,low,already_excess,15,-16.2,-15.3801,9.0269,-1.7946,-17.3775
french,LT_REV_D_spread,10 Portfolios Formed on Long-Term Reversal (Prior 13-60) - top minus bottom decile (long=low; french factor file header: LT_Rev = Low minus High prior-return portfolios),vw,W_select,b,low,already_excess,27,-28.9556,-27.2062,22.0581,-1.3127,-53.3713
french,LT_REV_D_spread,10 Portfolios Formed on Long-Term Reversal (Prior 13-60) - top minus bottom decile (long=low; french factor file header: LT_Rev = Low minus High prior-return portfolios),ew,W_select,b,low,already_excess,27,-16.7689,-16.0111,10.6262,-1.5781,-29.1763
french,ME_D_decile01,10 Portfolios Formed on Size (ME) - decile 1 (Lo),vw,W_common,a,n/a,subtract_rf,15,17.712,16.4886,22.754,0.5503,-9.4669
french,ME_D_decile01,10 Portfolios Formed on Size (ME) - decile 1 (Lo),ew,W_common,a,n/a,subtract_rf,15,8.432,6.6569,20.551,0.1581,-10.7438
french,ME_D_decile01,10 Portfolios Formed on Size (ME) - decile 1 (Lo),vw,W_select,a,n/a,subtract_rf,27,17.5111,16.5818,20.8757,0.6122,-18.9079
french,ME_D_decile01,10 Portfolios Formed on Size (ME) - decile 1 (Lo),ew,W_select,a,n/a,subtract_rf,27,6.0489,3.9525,21.104,0.0625,-20.9419
french,ME_D_decile02,10 Portfolios Formed on Size (ME) - decile 2 (2),vw,W_common,a,n/a,subtract_rf,15,23.488,22.1472,27.0599,0.6764,-7.92
french,ME_D_decile02,10 Portfolios Formed on Size (ME) - decile 2 (2),ew,W_common,a,n/a,subtract_rf,15,23.768,22.0048,28.6595,0.6483,-9.06
french,ME_D_decile02,10 Portfolios Formed on Size (ME) - decile 2 (2),vw,W_select,a,n/a,subtract_rf,27,20.6711,19.8013,22.9048,0.6962,-19.8029
french,ME_D_decile02,10 Portfolios Formed on Size (ME) - decile 2 (2),ew,W_select,a,n/a,subtract_rf,27,19.9956,18.7808,23.813,0.6412,-19.6603
french,ME_D_decile03,10 Portfolios Formed on Size (ME) - decile 3 (3),vw,W_common,a,n/a,subtract_rf,15,19.712,18.3329,24.6429,0.5895,-7.7
french,ME_D_decile03,10 Portfolios Formed on Size (ME) - decile 3 (3),ew,W_common,a,n/a,subtract_rf,15,18.536,16.4785,26.4466,0.5048,-7.81
french,ME_D_decile03,10 Portfolios Formed on Size (ME) - decile 3 (3),vw,W_select,a,n/a,subtract_rf,27,17.5289,16.507,21.3388,0.6,-22.2571
french,ME_D_decile03,10 Portfolios Formed on Size (ME) - decile 3 (3),ew,W_select,a,n/a,subtract_rf,27,16.7111,15.222,22.792,0.5258,-22.8394
french,ME_D_decile04,10 Portfolios Formed on Size (ME) - decile 4 (4),vw,W_common,a,n/a,subtract_rf,15,23.384,22.6625,24.733,0.7359,-7.81
french,ME_D_decile04,10 Portfolios Formed on Size (ME) - decile 4 (4),ew,W_common,a,n/a,subtract_rf,15,23.072,21.957,25.9007,0.6906,-8.06
french,ME_D_decile04,10 Portfolios Formed on Size (ME) - decile 4 (4),vw,W_select,a,n/a,subtract_rf,27,17.5289,16.5341,21.2314,0.6034,-19.7239
french,ME_D_decile04,10 Portfolios Formed on Size (ME) - decile 4 (4),ew,W_select,a,n/a,subtract_rf,27,16.0711,14.6806,22.0326,0.5152,-20.5659
french,ME_D_decile05,10 Portfolios Formed on Size (ME) - decile 5 (5),vw,W_common,a,n/a,subtract_rf,15,23.384,22.8434,24.0183,0.7576,-8.14
french,ME_D_decile05,10 Portfolios Formed on Size (ME) - decile 5 (5),ew,W_common,a,n/a,subtract_rf,15,24.704,24.2313,24.8516,0.7853,-8.16
french,ME_D_decile05,10 Portfolios Formed on Size (ME) - decile 5 (5),vw,W_select,a,n/a,subtract_rf,27,16.7867,16.0014,19.7945,0.6096,-18.6558
french,ME_D_decile05,10 Portfolios Formed on Size (ME) - decile 5 (5),ew,W_select,a,n/a,subtract_rf,27,16.5956,15.6626,20.3848,0.5826,-19.0723
french,ME_D_decile06,10 Portfolios Formed on Size (ME) - decile 6 (6),vw,W_common,a,n/a,subtract_rf,15,22.672,22.4964,21.9244,0.7977,-8.12
french,ME_D_decile06,10 Portfolios Formed on Size (ME) - decile 6 (6),ew,W_common,a,n/a,subtract_rf,15,22.352,22.0774,22.1033,0.7767,-7.9
french,ME_D_decile06,10 Portfolios Formed on Size (ME) - decile 6 (6),vw,W_select,a,n/a,subtract_rf,27,17.1644,16.6886,18.5227,0.672,-15.8184
french,ME_D_decile06,10 Portfolios Formed on Size (ME) - decile 6 (6),ew,W_select,a,n/a,subtract_rf,27,16.24,15.6107,18.6435,0.618,-16.2232
french,ME_D_decile07,10 Portfolios Formed on Size (ME) - decile 7 (7),vw,W_common,a,n/a,subtract_rf,15,24.432,25.1911,19.4804,0.9878,-6.54
french,ME_D_decile07,10 Portfolios Formed on Size (ME) - decile 7 (7),ew,W_common,a,n/a,subtract_rf,15,23.152,23.5318,19.9053,0.9024,-6.6
french,ME_D_decile07,10 Portfolios Formed on Size (ME) - decile 7 (7),vw,W_select,a,n/a,subtract_rf,27,18.0844,18.04,17.0188,0.7856,-13.1366
french,ME_D_decile07,10 Portfolios Formed on Size (ME) - decile 7 (7),ew,W_select,a,n/a,subtract_rf,27,17.2178,17.0078,17.1638,0.7283,-13.3847
french,ME_D_decile08,10 Portfolios Formed on Size (ME) - decile 8 (8),vw,W_common,a,n/a,subtract_rf,15,21.336,21.5244,19.0682,0.8472,-6.97
french,ME_D_decile08,10 Portfolios Formed on Size (ME) - decile 8 (8),ew,W_common,a,n/a,subtract_rf,15,19.648,19.5125,19.1247,0.7564,-6.53
french,ME_D_decile08,10 Portfolios Formed on Size (ME) - decile 8 (8),vw,W_select,a,n/a,subtract_rf,27,17.0756,17.0837,15.852,0.7799,-13.1662
french,ME_D_decile08,10 Portfolios Formed on Size (ME) - decile 8 (8),ew,W_select,a,n/a,subtract_rf,27,14.6889,14.3809,15.7156,0.6346,-13.112
french,ME_D_decile09,10 Portfolios Formed on Size (ME) - decile 9 (9),vw,W_common,a,n/a,subtract_rf,15,20.24,20.6009,17.178,0.8766,-7.3
french,ME_D_decile09,10 Portfolios Formed on Size (ME) - decile 9 (9),ew,W_common,a,n/a,subtract_rf,15,20.384,20.7977,17.0551,0.8913,-6.81
french,ME_D_decile09,10 Portfolios Formed on Size (ME) - decile 9 (9),vw,W_select,a,n/a,subtract_rf,27,16.1911,16.3056,14.4306,0.7953,-10.5391
french,ME_D_decile09,10 Portfolios Formed on Size (ME) - decile 9 (9),ew,W_select,a,n/a,subtract_rf,27,15.9333,16.0579,14.1314,0.7939,-10.3152
french,ME_D_decile10,10 Portfolios Formed on Size (ME) - decile 10 (Hi),vw,W_common,a,n/a,subtract_rf,15,30.328,34.0747,11.8904,2.113,-3.59
french,ME_D_decile10,10 Portfolios Formed on Size (ME) - decile 10 (Hi),ew,W_common,a,n/a,subtract_rf,15,23.472,25.1198,13.5982,1.3463,-5.37
french,ME_D_decile10,10 Portfolios Formed on Size (ME) - decile 10 (Hi),vw,W_select,a,n/a,subtract_rf,27,25.1289,27.3995,11.8488,1.7256,-7.8486
french,ME_D_decile10,10 Portfolios Formed on Size (ME) - decile 10 (Hi),ew,W_select,a,n/a,subtract_rf,27,19.8756,21.0319,11.558,1.3137,-5.37
french,ME_D_spread,10 Portfolios Formed on Size (ME) - top minus bottom decile (long=low; standard size anomaly (Banz 1981); not independently re-verified today),vw,W_common,b,low,already_excess,15,-12.616,-13.337,18.7452,-0.673,-20.6212
french,ME_D_spread,10 Portfolios Formed on Size (ME) - top minus bottom decile (long=low; standard size anomaly (Banz 1981); not independently re-verified today),ew,W_common,b,low,already_excess,15,-15.04,-15.0511,15.6739,-0.9596,-21.4354
french,ME_D_spread,10 Portfolios Formed on Size (ME) - top minus bottom decile (long=low; standard size anomaly (Banz 1981); not independently re-verified today),vw,W_select,b,low,already_excess,27,-7.6178,-8.4161,15.4871,-0.4919,-25.8448
french,ME_D_spread,10 Portfolios Formed on Size (ME) - top minus bottom decile (long=low; standard size anomaly (Banz 1981); not independently re-verified today),ew,W_select,b,low,already_excess,27,-13.8267,-14.1476,16.4835,-0.8388,-31.4817
french,MOM_D_decile01,10 Portfolios Formed on Prior (2-12) Return (Momentum) - decile 1 (Lo),vw,W_common,a,n/a,subtract_rf,15,25.448,23.939,29.1602,0.6946,-11.0239
french,MOM_D_decile01,10 Portfolios Formed on Prior (2-12) Return (Momentum) - decile 1 (Lo),ew,W_common,a,n/a,subtract_rf,15,2.064,-1.494,27.5717,-0.1127,-18.1811
french,MOM_D_decile01,10 Portfolios Formed on Prior (2-12) Return (Momentum) - decile 1 (Lo),vw,W_select,a,n/a,subtract_rf,27,22.3733,21.3567,24.8814,0.7092,-14.5941
french,MOM_D_decile01,10 Portfolios Formed on Prior (2-12) Return (Momentum) - decile 1 (Lo),ew,W_select,a,n/a,subtract_rf,27,0.1422,-3.4798,27.4017,-0.1673,-31.3806
french,MOM_D_decile02,10 Portfolios Formed on Prior (2-12) Return (Momentum) - decile 2 (2),vw,W_common,a,n/a,subtract_rf,15,14.096,13.1955,18.8117,0.4738,-8.24
french,MOM_D_decile02,10 Portfolios Formed on Prior (2-12) Return (Momentum) - decile 2 (2),ew,W_common,a,n/a,subtract_rf,15,14.352,12.7449,22.4313,0.4087,-5.4926
french,MOM_D_decile02,10 Portfolios Formed on Prior (2-12) Return (Momentum) - decile 2 (2),vw,W_select,a,n/a,subtract_rf,27,14.9022,14.3805,17.1228,0.5939,-15.6385
french,MOM_D_decile02,10 Portfolios Formed on Prior (2-12) Return (Momentum) - decile 2 (2),ew,W_select,a,n/a,subtract_rf,27,12.48,11.1115,20.0016,0.3876,-18.9989
french,MOM_D_decile03,10 Portfolios Formed on Prior (2-12) Return (Momentum) - decile 3 (3),vw,W_common,a,n/a,subtract_rf,15,18.008,18.182,16.0989,0.7964,-5.66
french,MOM_D_decile03,10 Portfolios Formed on Prior (2-12) Return (Momentum) - decile 3 (3),ew,W_common,a,n/a,subtract_rf,15,24.184,24.7951,20.1485,0.9425,-4.2
french,MOM_D_decile03,10 Portfolios Formed on Prior (2-12) Return (Momentum) - decile 3 (3),vw,W_select,a,n/a,subtract_rf,27,18.9333,19.5605,14.0505,1.0108,-9.7663
french,MOM_D_decile03,10 Portfolios Formed on Prior (2-12) Return (Momentum) - decile 3 (3),ew,W_select,a,n/a,subtract_rf,27,19.7822,19.8841,17.932,0.8399,-15.7823
french,MOM_D_decile04,10 Portfolios Formed on Prior (2-12) Return (Momentum) - decile 4 (4),vw,W_common,a,n/a,subtract_rf,15,24.68,26.9198,11.4524,1.7038,-2.31
french,MOM_D_decile04,10 Portfolios Formed on Prior (2-12) Return (Momentum) - decile 4 (4),ew,W_common,a,n/a,subtract_rf,15,20.216,20.2137,19.1256,0.7862,-6.32
french,MOM_D_decile04,10 Portfolios Formed on Prior (2-12) Return (Momentum) - decile 4 (4),vw,W_select,a,n/a,subtract_rf,27,25.4089,27.7489,11.8521,1.7443,-8.9524
french,MOM_D_decile04,10 Portfolios Formed on Prior (2-12) Return (Momentum) - decile 4 (4),ew,W_select,a,n/a,subtract_rf,27,14.5378,14.0668,16.6038,0.5916,-18.3387
french,MOM_D_decile05,10 Portfolios Formed on Prior (2-12) Return (Momentum) - decile 5 (5),vw,W_common,a,n/a,subtract_rf,15,20.48,21.3758,14.3692,1.0649,-5.14
french,MOM_D_decile05,10 Portfolios Formed on Prior (2-12) Return (Momentum) - decile 5 (5),ew,W_common,a,n/a,subtract_rf,15,18.056,17.9002,17.9526,0.7168,-5.97
french,MOM_D_decile05,10 Portfolios Formed on Prior (2-12) Return (Momentum) - decile 5 (5),vw,W_select,a,n/a,subtract_rf,27,23.7511,25.4829,13.3062,1.4301,-6.5585
french,MOM_D_decile05,10 Portfolios Formed on Prior (2-12) Return (Momentum) - decile 5 (5),ew,W_select,a,n/a,subtract_rf,27,15.5422,15.3268,15.9161,0.6798,-13.0081
french,MOM_D_decile06,10 Portfolios Formed on Prior (2-12) Return (Momentum) - decile 6 (6),vw,W_common,a,n/a,subtract_rf,15,27.2,30.1384,11.0735,1.9885,-4.67
french,MOM_D_decile06,10 Portfolios Formed on Prior (2-12) Return (Momentum) - decile 6 (6),ew,W_common,a,n/a,subtract_rf,15,18.744,18.6505,18.1701,0.7462,-6.32
french,MOM_D_decile06,10 Portfolios Formed on Prior (2-12) Return (Momentum) - decile 6 (6),vw,W_select,a,n/a,subtract_rf,27,26.5244,29.1601,11.8304,1.8424,-5.3804
french,MOM_D_decile06,10 Portfolios Formed on Prior (2-12) Return (Momentum) - decile 6 (6),ew,W_select,a,n/a,subtract_rf,27,16.1022,16.076,15.2213,0.7475,-13.8829
french,MOM_D_decile07,10 Portfolios Formed on Prior (2-12) Return (Momentum) - decile 7 (7),vw,W_common,a,n/a,subtract_rf,15,26.72,29.3829,12.1798,1.766,-5.06
french,MOM_D_decile07,10 Portfolios Formed on Prior (2-12) Return (Momentum) - decile 7 (7),ew,W_common,a,n/a,subtract_rf,15,23.992,24.6885,19.3978,0.9693,-6.91
french,MOM_D_decile07,10 Portfolios Formed on Prior (2-12) Return (Momentum) - decile 7 (7),vw,W_select,a,n/a,subtract_rf,27,21.2756,22.8575,10.4033,1.5945,-5.06
french,MOM_D_decile07,10 Portfolios Formed on Prior (2-12) Return (Momentum) - decile 7 (7),ew,W_select,a,n/a,subtract_rf,27,17.36,17.336,16.3615,0.773,-12.9103
french,MOM_D_decile08,10 Portfolios Formed on Prior (2-12) Return (Momentum) - decile 8 (8),vw,W_common,a,n/a,subtract_rf,15,29.456,32.7407,13.162,1.8468,-5.97
french,MOM_D_decile08,10 Portfolios Formed on Prior (2-12) Return (Momentum) - decile 8 (8),ew,W_common,a,n/a,subtract_rf,15,26.824,28.3627,18.5937,1.1638,-6.37
french,MOM_D_decile08,10 Portfolios Formed on Prior (2-12) Return (Momentum) - decile 8 (8),vw,W_select,a,n/a,subtract_rf,27,25.8178,27.6401,15.6816,1.3476,-12.7226
french,MOM_D_decile08,10 Portfolios Formed on Prior (2-12) Return (Momentum) - decile 8 (8),ew,W_select,a,n/a,subtract_rf,27,21.7689,22.64,15.7833,1.0809,-10.5068
french,MOM_D_decile09,10 Portfolios Formed on Prior (2-12) Return (Momentum) - decile 9 (9),vw,W_common,a,n/a,subtract_rf,15,17.136,17.0485,16.8314,0.7097,-5.86
french,MOM_D_decile09,10 Portfolios Formed on Prior (2-12) Return (Momentum) - decile 9 (9),ew,W_common,a,n/a,subtract_rf,15,22.92,23.0141,20.9632,0.8459,-7.94
french,MOM_D_decile09,10 Portfolios Formed on Prior (2-12) Return (Momentum) - decile 9 (9),vw,W_select,a,n/a,subtract_rf,27,13.3822,12.8667,16.0011,0.5413,-12.6492
french,MOM_D_decile09,10 Portfolios Formed on Prior (2-12) Return (Momentum) - decile 9 (9),ew,W_select,a,n/a,subtract_rf,27,15.4267,14.7731,18.1117,0.5914,-16.8316
french,MOM_D_decile10,10 Portfolios Formed on Prior (2-12) Return (Momentum) - decile 10 (Hi),vw,W_common,a,n/a,subtract_rf,15,49.248,59.1639,20.2923,2.1691,-5.52
french,MOM_D_decile10,10 Portfolios Formed on Prior (2-12) Return (Momentum) - decile 10 (Hi),ew,W_common,a,n/a,subtract_rf,15,27.064,26.6462,26.4413,0.8274,-10.1166
french,MOM_D_decile10,10 Portfolios Formed on Prior (2-12) Return (Momentum) - decile 10 (Hi),vw,W_select,a,n/a,subtract_rf,27,30.1778,31.9894,20.9811,1.2153,-18.1486
french,MOM_D_decile10,10 Portfolios Formed on Prior (2-12) Return (Momentum) - decile 10 (Hi),ew,W_select,a,n/a,subtract_rf,27,19.2,17.9248,23.3151,0.6213,-22.2052
french,MOM_D_spread,10 Portfolios Formed on Prior (2-12) Return (Momentum) - top minus bottom decile (long=high; french factor file header: Mom = High minus Low prior-return portfolios),vw,W_common,b,high,already_excess,15,23.8,21.2148,29.8812,0.7965,-17.09
french,MOM_D_spread,10 Portfolios Formed on Prior (2-12) Return (Momentum) - top minus bottom decile (long=high; french factor file header: Mom = High minus Low prior-return portfolios),ew,W_common,b,high,already_excess,15,25.0,26.0992,18.173,1.3757,-12.14
french,MOM_D_spread,10 Portfolios Formed on Prior (2-12) Return (Momentum) - top minus bottom decile (long=high; french factor file header: Mom = High minus Low prior-return portfolios),vw,W_select,b,high,already_excess,27,7.8044,4.2915,26.8746,0.2904,-22.6232
french,MOM_D_spread,10 Portfolios Formed on Prior (2-12) Return (Momentum) - top minus bottom decile (long=high; french factor file header: Mom = High minus Low prior-return portfolios),ew,W_select,b,high,already_excess,27,19.0578,19.2683,16.3598,1.1649,-15.444
french,NI_D_decile01,10 Portfolios Formed on Net Share Issues - decile 1 (Lo),vw,W_common,a,n/a,subtract_rf,15,23.384,25.0769,13.0376,1.4,-7.41
french,NI_D_decile01,10 Portfolios Formed on Net Share Issues - decile 1 (Lo),ew,W_common,a,n/a,subtract_rf,15,21.512,21.8833,18.456,0.8847,-9.4196
french,NI_D_decile01,10 Portfolios Formed on Net Share Issues - decile 1 (Lo),vw,W_select,a,n/a,subtract_rf,27,18.0622,18.8898,11.4843,1.1654,-7.41
french,NI_D_decile01,10 Portfolios Formed on Net Share Issues - decile 1 (Lo),ew,W_select,a,n/a,subtract_rf,27,16.2356,16.1581,15.676,0.7349,-11.463
french,NI_D_decile02,10 Portfolios Formed on Net Share Issues - decile 2 (2),vw,W_common,a,n/a,subtract_rf,15,24.096,25.1581,17.6536,1.0727,-7.99
french,NI_D_decile02,10 Portfolios Formed on Net Share Issues - decile 2 (2),ew,W_common,a,n/a,subtract_rf,15,23.504,23.4811,21.9854,0.8334,-7.55
french,NI_D_decile02,10 Portfolios Formed on Net Share Issues - decile 2 (2),vw,W_select,a,n/a,subtract_rf,27,18.0178,18.1986,15.7381,0.846,-11.8828
french,NI_D_decile02,10 Portfolios Formed on Net Share Issues - decile 2 (2),ew,W_select,a,n/a,subtract_rf,27,15.6844,15.0058,18.4892,0.5932,-15.4965
french,NI_D_decile03,10 Portfolios Formed on Net Share Issues - decile 3 (3),vw,W_common,a,n/a,subtract_rf,15,18.352,18.6223,15.731,0.8383,-7.87
french,NI_D_decile03,10 Portfolios Formed on Net Share Issues - decile 3 (3),ew,W_common,a,n/a,subtract_rf,15,20.504,18.9327,25.8437,0.5928,-9.8687
french,NI_D_decile03,10 Portfolios Formed on Net Share Issues - decile 3 (3),vw,W_select,a,n/a,subtract_rf,27,19.1422,19.6645,14.8704,0.9707,-13.6091
french,NI_D_decile03,10 Portfolios Formed on Net Share Issues - decile 3 (3),ew,W_select,a,n/a,subtract_rf,27,15.8533,14.5277,21.6752,0.5135,-18.6821
french,NI_D_decile04,10 Portfolios Formed on Net Share Issues - decile 4 (4),vw,W_common,a,n/a,subtract_rf,15,60.288,76.9881,20.402,2.6952,-2.88
french,NI_D_decile04,10 Portfolios Formed on Net Share Issues - decile 4 (4),ew,W_common,a,n/a,subtract_rf,15,28.872,29.3696,25.1761,0.9407,-6.26
french,NI_D_decile04,10 Portfolios Formed on Net Share Issues - decile 4 (4),vw,W_select,a,n/a,subtract_rf,27,30.3956,31.5701,23.5665,1.0917,-22.6635
french,NI_D_decile04,10 Portfolios Formed on Net Share Issues - decile 4 (4),ew,W_select,a,n/a,subtract_rf,27,19.4889,18.8312,21.2837,0.6942,-18.1776
french,NI_D_decile05,10 Portfolios Formed on Net Share Issues - decile 5 (5),vw,W_common,a,n/a,subtract_rf,15,75.344,102.2651,25.064,2.8005,-5.52
french,NI_D_decile05,10 Portfolios Formed on Net Share Issues - decile 5 (5),ew,W_common,a,n/a,subtract_rf,15,34.328,36.2663,25.7271,1.1321,-5.6
french,NI_D_decile05,10 Portfolios Formed on Net Share Issues - decile 5 (5),vw,W_select,a,n/a,subtract_rf,27,59.9156,74.9932,24.0269,2.3011,-7.951
french,NI_D_decile05,10 Portfolios Formed on Net Share Issues - decile 5 (5),ew,W_select,a,n/a,subtract_rf,27,29.2133,30.4809,22.2739,1.0997,-11.8785
french,NI_D_decile06,10 Portfolios Formed on Net Share Issues - decile 6 (6),vw,W_common,a,n/a,subtract_rf,15,19.344,18.8397,20.7565,0.6806,-9.3935
french,NI_D_decile06,10 Portfolios Formed on Net Share Issues - decile 6 (6),ew,W_common,a,n/a,subtract_rf,15,27.944,28.0137,25.5838,0.8893,-7.87
french,NI_D_decile06,10 Portfolios Formed on Net Share Issues - decile 6 (6),vw,W_select,a,n/a,subtract_rf,27,10.48,8.3224,22.698,0.2534,-20.654
french,NI_D_decile06,10 Portfolios Formed on Net Share Issues - decile 6 (6),ew,W_select,a,n/a,subtract_rf,27,22.0844,21.619,22.2691,0.7797,-15.4052
french,NI_D_decile07,10 Portfolios Formed on Net Share Issues - decile 7 (7),vw,W_common,a,n/a,subtract_rf,15,13.984,11.3702,26.2705,0.3348,-11.9043
french,NI_D_decile07,10 Portfolios Formed on Net Share Issues - decile 7 (7),ew,W_common,a,n/a,subtract_rf,15,17.64,16.2342,23.3442,0.5333,-9.67
french,NI_D_decile07,10 Portfolios Formed on Net Share Issues - decile 7 (7),vw,W_select,a,n/a,subtract_rf,27,17.6667,16.1367,23.5002,0.5502,-11.9043
french,NI_D_decile07,10 Portfolios Formed on Net Share Issues - decile 7 (7),ew,W_select,a,n/a,subtract_rf,27,19.6133,19.0996,20.5154,0.7253,-15.2389
french,NI_D_decile08,10 Portfolios Formed on Net Share Issues - decile 8 (8),vw,W_common,a,n/a,subtract_rf,15,29.096,30.4266,22.1801,1.0779,-7.35
french,NI_D_decile08,10 Portfolios Formed on Net Share Issues - decile 8 (8),ew,W_common,a,n/a,subtract_rf,15,13.68,11.5073,24.439,0.3476,-9.8329
french,NI_D_decile08,10 Portfolios Formed on Net Share Issues - decile 8 (8),vw,W_select,a,n/a,subtract_rf,27,22.32,22.345,20.459,0.861,-13.2372
french,NI_D_decile08,10 Portfolios Formed on Net Share Issues - decile 8 (8),ew,W_select,a,n/a,subtract_rf,27,15.2756,13.6772,22.3847,0.471,-16.6145
french,NI_D_decile09,10 Portfolios Formed on Net Share Issues - decile 9 (9),vw,W_common,a,n/a,subtract_rf,15,37.992,40.4608,28.3992,1.1543,-13.1796
french,NI_D_decile09,10 Portfolios Formed on Net Share Issues - decile 9 (9),ew,W_common,a,n/a,subtract_rf,15,24.288,24.1264,23.1674,0.8239,-7.81
french,NI_D_decile09,10 Portfolios Formed on Net Share Issues - decile 9 (9),vw,W_select,a,n/a,subtract_rf,27,38.8622,42.6525,24.7213,1.3801,-13.1796
french,NI_D_decile09,10 Portfolios Formed on Net Share Issues - decile 9 (9),ew,W_select,a,n/a,subtract_rf,27,24.3333,24.1199,22.9602,0.854,-17.2872
french,NI_D_decile10,10 Portfolios Formed on Net Share Issues - decile 10 (Hi),vw,W_common,a,n/a,subtract_rf,15,33.952,35.0418,27.8471,1.0332,-10.22
french,NI_D_decile10,10 Portfolios Formed on Net Share Issues - decile 10 (Hi),ew,W_common,a,n/a,subtract_rf,15,-1.632,-4.1881,23.6431,-0.2873,-15.4528
french,NI_D_decile10,10 Portfolios Formed on Net Share Issues - decile 10 (Hi),vw,W_select,a,n/a,subtract_rf,27,25.2311,25.4801,22.2164,0.9237,-15.9036
french,NI_D_decile10,10 Portfolios Formed on Net Share Issues - decile 10 (Hi),ew,W_select,a,n/a,subtract_rf,27,-3.7289,-6.4682,24.4233,-0.3461,-29.5018
french,NI_D_spread,10 Portfolios Formed on Net Share Issues - top minus bottom decile (long=low; task brief),vw,W_common,b,low,already_excess,15,-10.568,-11.5299,18.3939,-0.5745,-24.0243
french,NI_D_spread,10 Portfolios Formed on Net Share Issues - top minus bottom decile (long=low; task brief),ew,W_common,b,low,already_excess,15,23.144,24.3518,15.8364,1.4614,-9.6602
french,NI_D_spread,10 Portfolios Formed on Net Share Issues - top minus bottom decile (long=low; task brief),vw,W_select,b,low,already_excess,27,-7.1689,-8.2283,16.8662,-0.425,-24.0243
french,NI_D_spread,10 Portfolios Formed on Net Share Issues - top minus bottom decile (long=low; task brief),ew,W_select,b,low,already_excess,27,19.9644,19.9974,18.3337,1.0889,-21.3484
french,OP_D_decile01,10 Portfolios Formed on Operating Profitability - decile 1 (Lo),vw,W_common,a,n/a,subtract_rf,15,23.712,22.0712,28.337,0.6535,-9.7786
french,OP_D_decile01,10 Portfolios Formed on Operating Profitability - decile 1 (Lo),ew,W_common,a,n/a,subtract_rf,15,14.824,12.1939,26.5696,0.3626,-13.0933
french,OP_D_decile01,10 Portfolios Formed on Operating Profitability - decile 1 (Lo),vw,W_select,a,n/a,subtract_rf,27,24.7644,23.8228,25.9781,0.7712,-18.8299
french,OP_D_decile01,10 Portfolios Formed on Operating Profitability - decile 1 (Lo),ew,W_select,a,n/a,subtract_rf,27,12.5867,9.8647,25.425,0.309,-25.3403
french,OP_D_decile02,10 Portfolios Formed on Operating Profitability - decile 2 (2),vw,W_common,a,n/a,subtract_rf,15,25.648,26.6786,19.8008,1.0326,-6.26
french,OP_D_decile02,10 Portfolios Formed on Operating Profitability - decile 2 (2),ew,W_common,a,n/a,subtract_rf,15,25.44,25.6488,22.9202,0.8834,-7.04
french,OP_D_decile02,10 Portfolios Formed on Operating Profitability - decile 2 (2),vw,W_select,a,n/a,subtract_rf,27,26.6311,27.8325,19.6932,1.1122,-12.0927
french,OP_D_decile02,10 Portfolios Formed on Operating Profitability - decile 2 (2),ew,W_select,a,n/a,subtract_rf,27,19.1378,18.6364,20.2015,0.7139,-15.5869
french,OP_D_decile03,10 Portfolios Formed on Operating Profitability - decile 3 (3),vw,W_common,a,n/a,subtract_rf,15,26.152,28.0965,15.7411,1.3336,-5.71
french,OP_D_decile03,10 Portfolios Formed on Operating Profitability - decile 3 (3),ew,W_common,a,n/a,subtract_rf,15,20.792,20.9659,18.7362,0.8331,-5.93
french,OP_D_decile03,10 Portfolios Formed on Operating Profitability - decile 3 (3),vw,W_select,a,n/a,subtract_rf,27,19.5867,20.3059,14.2155,1.0483,-10.9213
french,OP_D_decile03,10 Portfolios Formed on Operating Profitability - decile 3 (3),ew,W_select,a,n/a,subtract_rf,27,15.6178,15.3272,16.3918,0.665,-14.9639
french,OP_D_decile04,10 Portfolios Formed on Operating Profitability - decile 4 (4),vw,W_common,a,n/a,subtract_rf,15,21.328,22.1969,15.5293,1.0403,-5.27
french,OP_D_decile04,10 Portfolios Formed on Operating Profitability - decile 4 (4),ew,W_common,a,n/a,subtract_rf,15,21.856,21.8497,20.5966,0.8093,-5.94
french,OP_D_decile04,10 Portfolios Formed on Operating Profitability - decile 4 (4),vw,W_select,a,n/a,subtract_rf,27,23.1689,24.5223,14.7589,1.25,-8.9642
french,OP_D_decile04,10 Portfolios Formed on Operating Profitability - decile 4 (4),ew,W_select,a,n/a,subtract_rf,27,17.4044,17.2172,17.3242,0.7322,-12.6857
french,OP_D_decile05,10 Portfolios Formed on Operating Profitability - decile 5 (5),vw,W_common,a,n/a,subtract_rf,15,37.28,42.3463,17.9776,1.7827,-3.23
french,OP_D_decile05,10 Portfolios Formed on Operating Profitability - decile 5 (5),ew,W_common,a,n/a,subtract_rf,15,23.504,23.7387,21.0922,0.8689,-7.37
french,OP_D_decile05,10 Portfolios Formed on Operating Profitability - decile 5 (5),vw,W_select,a,n/a,subtract_rf,27,20.4489,20.5442,18.5185,0.8508,-16.3652
french,OP_D_decile05,10 Portfolios Formed on Operating Profitability - decile 5 (5),ew,W_select,a,n/a,subtract_rf,27,16.3378,15.9172,17.7542,0.6548,-14.9922
french,OP_D_decile06,10 Portfolios Formed on Operating Profitability - decile 6 (6),vw,W_common,a,n/a,subtract_rf,15,31.76,35.1759,16.3457,1.628,-7.79
french,OP_D_decile06,10 Portfolios Formed on Operating Profitability - decile 6 (6),ew,W_common,a,n/a,subtract_rf,15,26.872,27.7455,21.7189,0.9985,-6.79
french,OP_D_decile06,10 Portfolios Formed on Operating Profitability - decile 6 (6),vw,W_select,a,n/a,subtract_rf,27,24.5067,26.4719,12.8962,1.5386,-7.79
french,OP_D_decile06,10 Portfolios Formed on Operating Profitability - decile 6 (6),ew,W_select,a,n/a,subtract_rf,27,20.8756,21.144,18.1416,0.891,-13.8753
french,OP_D_decile07,10 Portfolios Formed on Operating Profitability - decile 7 (7),vw,W_common,a,n/a,subtract_rf,15,29.456,32.8394,12.5466,1.931,-2.83
french,OP_D_decile07,10 Portfolios Formed on Operating Profitability - decile 7 (7),ew,W_common,a,n/a,subtract_rf,15,24.568,25.0782,20.9142,0.9267,-5.2
french,OP_D_decile07,10 Portfolios Formed on Operating Profitability - decile 7 (7),vw,W_select,a,n/a,subtract_rf,27,23.8267,25.3665,14.6308,1.3066,-11.6892
french,OP_D_decile07,10 Portfolios Formed on Operating Profitability - decile 7 (7),ew,W_select,a,n/a,subtract_rf,27,18.7156,18.6048,18.0497,0.7755,-13.2465
french,OP_D_decile08,10 Portfolios Formed on Operating Profitability - decile 8 (8),vw,W_common,a,n/a,subtract_rf,15,33.408,37.7672,14.3171,1.9685,-3.22
french,OP_D_decile08,10 Portfolios Formed on Operating Profitability - decile 8 (8),ew,W_common,a,n/a,subtract_rf,15,16.728,16.0395,19.5647,0.5902,-7.24
french,OP_D_decile08,10 Portfolios Formed on Operating Profitability - decile 8 (8),vw,W_select,a,n/a,subtract_rf,27,29.5511,32.4406,15.316,1.6219,-13.5011
french,OP_D_decile08,10 Portfolios Formed on Operating Profitability - decile 8 (8),ew,W_select,a,n/a,subtract_rf,27,13.6044,12.8822,17.331,0.5126,-17.8499
french,OP_D_decile09,10 Portfolios Formed on Operating Profitability - decile 9 (9),vw,W_common,a,n/a,subtract_rf,15,18.4,19.0516,13.4111,0.9869,-5.68
french,OP_D_decile09,10 Portfolios Formed on Operating Profitability - decile 9 (9),ew,W_common,a,n/a,subtract_rf,15,12.616,11.5972,18.5554,0.4008,-7.37
french,OP_D_decile09,10 Portfolios Formed on Operating Profitability - decile 9 (9),vw,W_select,a,n/a,subtract_rf,27,13.8267,13.9202,12.3408,0.7391,-7.7381
french,OP_D_decile09,10 Portfolios Formed on Operating Profitability - decile 9 (9),ew,W_select,a,n/a,subtract_rf,27,7.6489,6.6116,16.0383,0.1823,-16.8947
french,OP_D_decile10,10 Portfolios Formed on Operating Profitability - decile 10 (Hi),vw,W_common,a,n/a,subtract_rf,15,30.696,34.5051,12.2628,2.0793,-3.22
french,OP_D_decile10,10 Portfolios Formed on Operating Profitability - decile 10 (Hi),ew,W_common,a,n/a,subtract_rf,15,21.56,21.4034,20.9269,0.7825,-7.22
french,OP_D_decile10,10 Portfolios Formed on Operating Profitability - decile 10 (Hi),vw,W_select,a,n/a,subtract_rf,27,23.5378,25.3603,12.2966,1.5334,-7.5753
french,OP_D_decile10,10 Portfolios Formed on Operating Profitability - decile 10 (Hi),ew,W_select,a,n/a,subtract_rf,27,13.6,12.8436,17.5439,0.5063,-14.4017
french,OP_D_spread,10 Portfolios Formed on Operating Profitability - top minus bottom decile (long=high; french f-f_5_factors_2x3 detail page: RMW = Robust minus Weak OP),vw,W_common,b,high,already_excess,15,6.984,4.8656,21.6328,0.3228,-17.8062
french,OP_D_spread,10 Portfolios Formed on Operating Profitability - top minus bottom decile (long=high; french f-f_5_factors_2x3 detail page: RMW = Robust minus Weak OP),ew,W_common,b,high,already_excess,15,6.736,6.1743,12.448,0.5411,-8.586
french,OP_D_spread,10 Portfolios Formed on Operating Profitability - top minus bottom decile (long=high; french f-f_5_factors_2x3 detail page: RMW = Robust minus Weak OP),vw,W_select,b,high,already_excess,27,-1.2267,-3.0163,19.388,-0.0633,-19.5468
french,OP_D_spread,10 Portfolios Formed on Operating Profitability - top minus bottom decile (long=high; french f-f_5_factors_2x3 detail page: RMW = Robust minus Weak OP),ew,W_select,b,high,already_excess,27,1.0133,-0.2365,16.0429,0.0632,-28.1621
french,RESVAR_D_decile01,10 Portfolios Formed on Residual Variance - decile 1 (Lo),vw,W_common,a,n/a,subtract_rf,15,19.072,19.9758,12.5182,1.1114,-4.79
french,RESVAR_D_decile01,10 Portfolios Formed on Residual Variance - decile 1 (Lo),ew,W_common,a,n/a,subtract_rf,15,18.872,19.6927,12.8441,1.0673,-5.99
french,RESVAR_D_decile01,10 Portfolios Formed on Residual Variance - decile 1 (Lo),vw,W_select,a,n/a,subtract_rf,27,16.12,16.6538,11.4108,1.0011,-6.5068
french,RESVAR_D_decile01,10 Portfolios Formed on Residual Variance - decile 1 (Lo),ew,W_select,a,n/a,subtract_rf,27,14.3733,14.6058,11.7902,0.8201,-10.693
french,RESVAR_D_decile02,10 Portfolios Formed on Residual Variance - decile 2 (2),vw,W_common,a,n/a,subtract_rf,15,27.704,30.8552,10.5524,2.1329,-2.01
french,RESVAR_D_decile02,10 Portfolios Formed on Residual Variance - decile 2 (2),ew,W_common,a,n/a,subtract_rf,15,23.344,24.3057,17.3965,1.0446,-7.03
french,RESVAR_D_decile02,10 Portfolios Formed on Residual Variance - decile 2 (2),vw,W_select,a,n/a,subtract_rf,27,23.2889,25.2654,10.7667,1.7273,-6.5508
french,RESVAR_D_decile02,10 Portfolios Formed on Residual Variance - decile 2 (2),ew,W_select,a,n/a,subtract_rf,27,17.6711,18.0054,14.5286,0.8922,-10.3459
french,RESVAR_D_decile03,10 Portfolios Formed on Residual Variance - decile 3 (3),vw,W_common,a,n/a,subtract_rf,15,28.304,31.0078,14.7101,1.5717,-3.45
french,RESVAR_D_decile03,10 Portfolios Formed on Residual Variance - decile 3 (3),ew,W_common,a,n/a,subtract_rf,15,23.6,24.2743,19.1354,0.963,-6.99
french,RESVAR_D_decile03,10 Portfolios Formed on Residual Variance - decile 3 (3),vw,W_select,a,n/a,subtract_rf,27,25.5956,27.8799,12.6062,1.6561,-5.2138
french,RESVAR_D_decile03,10 Portfolios Formed on Residual Variance - decile 3 (3),ew,W_select,a,n/a,subtract_rf,27,18.0089,18.2181,15.6681,0.8488,-10.6647
french,RESVAR_D_decile04,10 Portfolios Formed on Residual Variance - decile 4 (4),vw,W_common,a,n/a,subtract_rf,15,32.384,36.2867,14.9539,1.8175,-5.87
french,RESVAR_D_decile04,10 Portfolios Formed on Residual Variance - decile 4 (4),ew,W_common,a,n/a,subtract_rf,15,26.048,27.114,19.9894,1.0439,-6.36
french,RESVAR_D_decile04,10 Portfolios Formed on Residual Variance - decile 4 (4),vw,W_select,a,n/a,subtract_rf,27,19.8622,20.5039,14.9536,1.0156,-11.8745
french,RESVAR_D_decile04,10 Portfolios Formed on Residual Variance - decile 4 (4),ew,W_select,a,n/a,subtract_rf,27,16.3244,16.0942,16.693,0.6959,-14.1072
french,RESVAR_D_decile05,10 Portfolios Formed on Residual Variance - decile 5 (5),vw,W_common,a,n/a,subtract_rf,15,41.272,48.5308,15.2752,2.3638,-1.52
french,RESVAR_D_decile05,10 Portfolios Formed on Residual Variance - decile 5 (5),ew,W_common,a,n/a,subtract_rf,15,25.008,25.7672,20.216,0.9806,-6.48
french,RESVAR_D_decile05,10 Portfolios Formed on Residual Variance - decile 5 (5),vw,W_select,a,n/a,subtract_rf,27,30.8756,34.266,14.9118,1.7582,-10.1303
french,RESVAR_D_decile05,10 Portfolios Formed on Residual Variance - decile 5 (5),ew,W_select,a,n/a,subtract_rf,27,15.9733,15.6611,16.8644,0.6679,-12.9764
french,RESVAR_D_decile06,10 Portfolios Formed on Residual Variance - decile 6 (6),vw,W_common,a,n/a,subtract_rf,15,28.432,30.8768,16.3548,1.4215,-5.56
french,RESVAR_D_decile06,10 Portfolios Formed on Residual Variance - decile 6 (6),ew,W_common,a,n/a,subtract_rf,15,20.096,19.9869,19.4551,0.7662,-6.52
french,RESVAR_D_decile06,10 Portfolios Formed on Residual Variance - decile 6 (6),vw,W_select,a,n/a,subtract_rf,27,23.4978,24.5194,17.1611,1.0952,-12.6086
french,RESVAR_D_decile06,10 Portfolios Formed on Residual Variance - decile 6 (6),ew,W_select,a,n/a,subtract_rf,27,14.8178,14.335,16.8433,0.5995,-14.9806
french,RESVAR_D_decile07,10 Portfolios Formed on Residual Variance - decile 7 (7),vw,W_common,a,n/a,subtract_rf,15,26.168,27.8193,17.3497,1.2091,-5.57
french,RESVAR_D_decile07,10 Portfolios Formed on Residual Variance - decile 7 (7),ew,W_common,a,n/a,subtract_rf,15,19.44,19.2455,19.333,0.7374,-6.27
french,RESVAR_D_decile07,10 Portfolios Formed on Residual Variance - decile 7 (7),vw,W_select,a,n/a,subtract_rf,27,29.6089,32.4584,15.7455,1.5785,-7.5397
french,RESVAR_D_decile07,10 Portfolios Formed on Residual Variance - decile 7 (7),ew,W_select,a,n/a,subtract_rf,27,14.8222,14.2988,17.0909,0.5912,-16.7953
french,RESVAR_D_decile08,10 Portfolios Formed on Residual Variance - decile 8 (8),vw,W_common,a,n/a,subtract_rf,15,13.12,10.2562,26.8218,0.2959,-13.4772
french,RESVAR_D_decile08,10 Portfolios Formed on Residual Variance - decile 8 (8),ew,W_common,a,n/a,subtract_rf,15,21.768,21.4746,21.765,0.7618,-5.94
french,RESVAR_D_decile08,10 Portfolios Formed on Residual Variance - decile 8 (8),vw,W_select,a,n/a,subtract_rf,27,23.5111,22.6865,24.4856,0.7662,-13.4772
french,RESVAR_D_decile08,10 Portfolios Formed on Residual Variance - decile 8 (8),ew,W_select,a,n/a,subtract_rf,27,17.4667,16.8769,19.332,0.6594,-17.9774
french,RESVAR_D_decile09,10 Portfolios Formed on Residual Variance - decile 9 (9),vw,W_common,a,n/a,subtract_rf,15,27.096,26.7108,26.655,0.8216,-7.27
french,RESVAR_D_decile09,10 Portfolios Formed on Residual Variance - decile 9 (9),ew,W_common,a,n/a,subtract_rf,15,21.488,20.5573,23.9955,0.679,-7.42
french,RESVAR_D_decile09,10 Portfolios Formed on Residual Variance - decile 9 (9),vw,W_select,a,n/a,subtract_rf,27,28.3644,27.36,28.7862,0.821,-25.0766
french,RESVAR_D_decile09,10 Portfolios Formed on Residual Variance - decile 9 (9),ew,W_select,a,n/a,subtract_rf,27,20.4311,19.8095,21.549,0.7286,-17.16
french,RESVAR_D_decile10,10 Portfolios Formed on Residual Variance - decile 10 (Hi),vw,W_common,a,n/a,subtract_rf,15,56.048,64.1888,35.3167,1.4382,-9.63
french,RESVAR_D_decile10,10 Portfolios Formed on Residual Variance - decile 10 (Hi),ew,W_common,a,n/a,subtract_rf,15,3.752,0.2346,27.4199,-0.0518,-17.8459
french,RESVAR_D_decile10,10 Portfolios Formed on Residual Variance - decile 10 (Hi),vw,W_select,a,n/a,subtract_rf,27,35.0756,34.6447,32.6851,0.929,-21.8577
french,RESVAR_D_decile10,10 Portfolios Formed on Residual Variance - decile 10 (Hi),ew,W_select,a,n/a,subtract_rf,27,3.4622,-0.1295,27.1066,-0.0467,-31.6288
french,RESVAR_D_spread,10 Portfolios Formed on Residual Variance - top minus bottom decile (long=low; same low-volatility-anomaly convention as Variance (task brief)),vw,W_common,b,low,already_excess,15,-36.976,-34.3128,29.4628,-1.255,-45.732
french,RESVAR_D_spread,10 Portfolios Formed on Residual Variance - top minus bottom decile (long=low; same low-volatility-anomaly convention as Variance (task brief)),ew,W_common,b,low,already_excess,15,15.12,13.8287,21.2686,0.7109,-13.1706
french,RESVAR_D_spread,10 Portfolios Formed on Residual Variance - top minus bottom decile (long=low; same low-volatility-anomaly convention as Variance (task brief)),vw,W_select,b,low,already_excess,27,-18.9556,-20.6223,28.0257,-0.6764,-51.7147
french,RESVAR_D_spread,10 Portfolios Formed on Residual Variance - top minus bottom decile (long=low; same low-volatility-anomaly convention as Variance (task brief)),ew,W_select,b,low,already_excess,27,10.9111,8.7659,22.8227,0.4781,-30.9474
french,ST_REV_D_decile01,10 Portfolios Formed on Short-Term Reversal (Prior 1-1) - decile 1 (Lo),vw,W_common,a,n/a,subtract_rf,15,25.016,26.0203,19.1749,1.0341,-4.74
french,ST_REV_D_decile01,10 Portfolios Formed on Short-Term Reversal (Prior 1-1) - decile 1 (Lo),ew,W_common,a,n/a,subtract_rf,15,9.464,6.1175,27.448,0.156,-11.1133
french,ST_REV_D_decile01,10 Portfolios Formed on Short-Term Reversal (Prior 1-1) - decile 1 (Lo),vw,W_select,a,n/a,subtract_rf,27,18.2933,17.8477,19.1646,0.7081,-14.8552
french,ST_REV_D_decile01,10 Portfolios Formed on Short-Term Reversal (Prior 1-1) - decile 1 (Lo),ew,W_select,a,n/a,subtract_rf,27,-0.8133,-4.0109,25.9137,-0.214,-26.6112
french,ST_REV_D_decile02,10 Portfolios Formed on Short-Term Reversal (Prior 1-1) - decile 2 (2),vw,W_common,a,n/a,subtract_rf,15,24.504,25.909,16.4043,1.1774,-7.13
french,ST_REV_D_decile02,10 Portfolios Formed on Short-Term Reversal (Prior 1-1) - decile 2 (2),ew,W_common,a,n/a,subtract_rf,15,20.536,19.5091,23.6834,0.6479,-9.0462
french,ST_REV_D_decile02,10 Portfolios Formed on Short-Term Reversal (Prior 1-1) - decile 2 (2),vw,W_select,a,n/a,subtract_rf,27,16.28,16.3909,14.4726,0.7995,-8.3152
french,ST_REV_D_decile02,10 Portfolios Formed on Short-Term Reversal (Prior 1-1) - decile 2 (2),ew,W_select,a,n/a,subtract_rf,27,10.1378,8.4209,20.5752,0.2632,-17.2116
french,ST_REV_D_decile03,10 Portfolios Formed on Short-Term Reversal (Prior 1-1) - decile 3 (3),vw,W_common,a,n/a,subtract_rf,15,18.144,18.6933,13.8041,0.9391,-6.82
french,ST_REV_D_decile03,10 Portfolios Formed on Short-Term Reversal (Prior 1-1) - decile 3 (3),ew,W_common,a,n/a,subtract_rf,15,17.128,16.3421,20.233,0.5906,-6.77
french,ST_REV_D_decile03,10 Portfolios Formed on Short-Term Reversal (Prior 1-1) - decile 3 (3),vw,W_select,a,n/a,subtract_rf,27,13.6622,13.6371,12.9404,0.6915,-9.8046
french,ST_REV_D_decile03,10 Portfolios Formed on Short-Term Reversal (Prior 1-1) - decile 3 (3),ew,W_select,a,n/a,subtract_rf,27,13.7289,12.9486,17.6004,0.5119,-16.253
french,ST_REV_D_decile04,10 Portfolios Formed on Short-Term Reversal (Prior 1-1) - decile 4 (4),vw,W_common,a,n/a,subtract_rf,15,36.656,42.3517,13.4918,2.3316,-4.22
french,ST_REV_D_decile04,10 Portfolios Formed on Short-Term Reversal (Prior 1-1) - decile 4 (4),ew,W_common,a,n/a,subtract_rf,15,21.552,21.6283,19.969,0.8195,-5.95
french,ST_REV_D_decile04,10 Portfolios Formed on Short-Term Reversal (Prior 1-1) - decile 4 (4),vw,W_select,a,n/a,subtract_rf,27,19.7333,20.2898,15.2143,0.9906,-17.67
french,ST_REV_D_decile04,10 Portfolios Formed on Short-Term Reversal (Prior 1-1) - decile 4 (4),ew,W_select,a,n/a,subtract_rf,27,21.0444,21.1713,19.0157,0.8584,-12.8762
french,ST_REV_D_decile05,10 Portfolios Formed on Short-Term Reversal (Prior 1-1) - decile 5 (5),vw,W_common,a,n/a,subtract_rf,15,24.744,26.4099,15.316,1.2799,-7.14
french,ST_REV_D_decile05,10 Portfolios Formed on Short-Term Reversal (Prior 1-1) - decile 5 (5),ew,W_common,a,n/a,subtract_rf,15,19.264,19.1376,18.8621,0.7464,-4.77
french,ST_REV_D_decile05,10 Portfolios Formed on Short-Term Reversal (Prior 1-1) - decile 5 (5),vw,W_select,a,n/a,subtract_rf,27,16.5956,16.8757,13.7451,0.8665,-12.9686
french,ST_REV_D_decile05,10 Portfolios Formed on Short-Term Reversal (Prior 1-1) - decile 5 (5),ew,W_select,a,n/a,subtract_rf,27,20.5689,20.8071,17.8703,0.8864,-14.0295
french,ST_REV_D_decile06,10 Portfolios Formed on Short-Term Reversal (Prior 1-1) - decile 6 (6),vw,W_common,a,n/a,subtract_rf,15,38.968,45.3524,14.7334,2.2947,-3.87
french,ST_REV_D_decile06,10 Portfolios Formed on Short-Term Reversal (Prior 1-1) - decile 6 (6),ew,W_common,a,n/a,subtract_rf,15,25.976,26.586,21.9149,0.9485,-6.47
french,ST_REV_D_decile06,10 Portfolios Formed on Short-Term Reversal (Prior 1-1) - decile 6 (6),vw,W_select,a,n/a,subtract_rf,27,26.9733,29.1735,15.2024,1.4685,-9.18
french,ST_REV_D_decile06,10 Portfolios Formed on Short-Term Reversal (Prior 1-1) - decile 6 (6),ew,W_select,a,n/a,subtract_rf,27,19.0978,18.9537,18.5552,0.7751,-15.0445
french,ST_REV_D_decile07,10 Portfolios Formed on Short-Term Reversal (Prior 1-1) - decile 7 (7),vw,W_common,a,n/a,subtract_rf,15,15.68,15.4016,16.6642,0.6298,-5.37
french,ST_REV_D_decile07,10 Portfolios Formed on Short-Term Reversal (Prior 1-1) - decile 7 (7),ew,W_common,a,n/a,subtract_rf,15,18.04,17.6107,19.4115,0.6623,-6.44
french,ST_REV_D_decile07,10 Portfolios Formed on Short-Term Reversal (Prior 1-1) - decile 7 (7),vw,W_select,a,n/a,subtract_rf,27,15.6844,15.6212,15.1105,0.7246,-8.5398
french,ST_REV_D_decile07,10 Portfolios Formed on Short-Term Reversal (Prior 1-1) - decile 7 (7),ew,W_select,a,n/a,subtract_rf,27,14.5867,14.1009,16.7798,0.588,-15.9059
french,ST_REV_D_decile08,10 Portfolios Formed on Short-Term Reversal (Prior 1-1) - decile 8 (8),vw,W_common,a,n/a,subtract_rf,15,30.32,33.5712,14.9246,1.6861,-5.78
french,ST_REV_D_decile08,10 Portfolios Formed on Short-Term Reversal (Prior 1-1) - decile 8 (8),ew,W_common,a,n/a,subtract_rf,15,19.752,19.3545,20.6801,0.7045,-6.8
french,ST_REV_D_decile08,10 Portfolios Formed on Short-Term Reversal (Prior 1-1) - decile 8 (8),vw,W_select,a,n/a,subtract_rf,27,25.1111,26.6197,16.4583,1.2407,-16.5855
french,ST_REV_D_decile08,10 Portfolios Formed on Short-Term Reversal (Prior 1-1) - decile 8 (8),ew,W_select,a,n/a,subtract_rf,27,17.1867,16.8016,18.2177,0.6843,-16.5852
french,ST_REV_D_decile09,10 Portfolios Formed on Short-Term Reversal (Prior 1-1) - decile 9 (9),vw,W_common,a,n/a,subtract_rf,15,24.256,25.6668,16.1132,1.1832,-6.97
french,ST_REV_D_decile09,10 Portfolios Formed on Short-Term Reversal (Prior 1-1) - decile 9 (9),ew,W_common,a,n/a,subtract_rf,15,18.456,17.8066,20.7882,0.6382,-6.045
french,ST_REV_D_decile09,10 Portfolios Formed on Short-Term Reversal (Prior 1-1) - decile 9 (9),vw,W_select,a,n/a,subtract_rf,27,21.8578,22.6123,16.6083,1.0327,-10.5799
french,ST_REV_D_decile09,10 Portfolios Formed on Short-Term Reversal (Prior 1-1) - decile 9 (9),ew,W_select,a,n/a,subtract_rf,27,17.3689,17.1424,17.5153,0.7218,-12.4416
french,ST_REV_D_decile10,10 Portfolios Formed on Short-Term Reversal (Prior 1-1) - decile 10 (Hi),vw,W_common,a,n/a,subtract_rf,15,39.464,44.0349,23.2341,1.4722,-7.35
french,ST_REV_D_decile10,10 Portfolios Formed on Short-Term Reversal (Prior 1-1) - decile 10 (Hi),ew,W_common,a,n/a,subtract_rf,15,6.984,4.8679,21.9537,0.0822,-12.7905
french,ST_REV_D_decile10,10 Portfolios Formed on Short-Term Reversal (Prior 1-1) - decile 10 (Hi),vw,W_select,a,n/a,subtract_rf,27,41.4844,47.0513,22.2619,1.6482,-10.9326
french,ST_REV_D_decile10,10 Portfolios Formed on Short-Term Reversal (Prior 1-1) - decile 10 (Hi),ew,W_select,a,n/a,subtract_rf,27,12.12,10.4506,21.09,0.35,-21.0204
french,ST_REV_D_spread,10 Portfolios Formed on Short-Term Reversal (Prior 1-1) - top minus bottom decile (long=low; french factor file header: ST_Rev = Low minus High prior-return portfolios),vw,W_common,b,low,already_excess,15,-14.448,-15.5146,21.68,-0.6664,-26.1877
french,ST_REV_D_spread,10 Portfolios Formed on Short-Term Reversal (Prior 1-1) - top minus bottom decile (long=low; french factor file header: ST_Rev = Low minus High prior-return portfolios),ew,W_common,b,low,already_excess,15,2.48,1.651,13.5522,0.183,-12.6037
french,ST_REV_D_spread,10 Portfolios Formed on Short-Term Reversal (Prior 1-1) - top minus bottom decile (long=low; french factor file header: ST_Rev = Low minus High prior-return portfolios),vw,W_select,b,low,already_excess,27,-23.1911,-23.3263,24.809,-0.9348,-50.6211
french,ST_REV_D_spread,10 Portfolios Formed on Short-Term Reversal (Prior 1-1) - top minus bottom decile (long=low; french factor file header: ST_Rev = Low minus High prior-return portfolios),ew,W_select,b,low,already_excess,27,-12.9333,-13.0635,14.2362,-0.9085,-37.5104
french,VAR_D_decile01,10 Portfolios Formed on Variance - decile 1 (Lo),vw,W_common,a,n/a,subtract_rf,15,18.328,19.3875,10.1516,1.2989,-3.55
french,VAR_D_decile01,10 Portfolios Formed on Variance - decile 1 (Lo),ew,W_common,a,n/a,subtract_rf,15,14.168,14.6969,8.9976,1.0021,-4.31
french,VAR_D_decile01,10 Portfolios Formed on Variance - decile 1 (Lo),vw,W_select,a,n/a,subtract_rf,27,9.4756,9.4648,9.1536,0.5217,-7.6702
french,VAR_D_decile01,10 Portfolios Formed on Variance - decile 1 (Lo),ew,W_select,a,n/a,subtract_rf,27,9.56,9.6772,7.7374,0.6272,-4.31
french,VAR_D_decile02,10 Portfolios Formed on Variance - decile 2 (2),vw,W_common,a,n/a,subtract_rf,15,22.104,23.3345,14.3821,1.1766,-4.51
french,VAR_D_decile02,10 Portfolios Formed on Variance - decile 2 (2),ew,W_common,a,n/a,subtract_rf,15,20.704,21.6642,14.2104,1.0935,-6.16
french,VAR_D_decile02,10 Portfolios Formed on Variance - decile 2 (2),vw,W_select,a,n/a,subtract_rf,27,20.7644,21.9476,12.6725,1.266,-6.5298
french,VAR_D_decile02,10 Portfolios Formed on Variance - decile 2 (2),ew,W_select,a,n/a,subtract_rf,27,14.6311,14.8606,12.0821,0.8218,-9.4333
french,VAR_D_decile03,10 Portfolios Formed on Variance - decile 3 (3),vw,W_common,a,n/a,subtract_rf,15,35.376,40.7808,12.2212,2.4684,-4.1
french,VAR_D_decile03,10 Portfolios Formed on Variance - decile 3 (3),ew,W_common,a,n/a,subtract_rf,15,27.928,30.0924,17.09,1.3313,-5.78
french,VAR_D_decile03,10 Portfolios Formed on Variance - decile 3 (3),vw,W_select,a,n/a,subtract_rf,27,25.9689,28.2525,13.1694,1.6173,-13.085
french,VAR_D_decile03,10 Portfolios Formed on Variance - decile 3 (3),ew,W_select,a,n/a,subtract_rf,27,18.1111,18.4782,14.8238,0.9051,-11.6536
french,VAR_D_decile04,10 Portfolios Formed on Variance - decile 4 (4),vw,W_common,a,n/a,subtract_rf,15,28.832,31.6909,14.7158,1.6082,-2.78
french,VAR_D_decile04,10 Portfolios Formed on Variance - decile 4 (4),ew,W_common,a,n/a,subtract_rf,15,23.144,23.7055,19.1897,0.9361,-6.49
french,VAR_D_decile04,10 Portfolios Formed on Variance - decile 4 (4),vw,W_select,a,n/a,subtract_rf,27,25.5644,27.3405,15.5317,1.3434,-12.7047
french,VAR_D_decile04,10 Portfolios Formed on Variance - decile 4 (4),ew,W_select,a,n/a,subtract_rf,27,17.0756,16.9715,16.576,0.7459,-14.2216
french,VAR_D_decile05,10 Portfolios Formed on Variance - decile 5 (5),vw,W_common,a,n/a,subtract_rf,15,36.072,40.491,18.6785,1.6531,-6.11
french,VAR_D_decile05,10 Portfolios Formed on Variance - decile 5 (5),ew,W_common,a,n/a,subtract_rf,15,28.288,29.7159,20.9548,1.1023,-5.76
french,VAR_D_decile05,10 Portfolios Formed on Variance - decile 5 (5),vw,W_select,a,n/a,subtract_rf,27,23.0311,23.6939,18.277,1.0038,-10.5946
french,VAR_D_decile05,10 Portfolios Formed on Variance - decile 5 (5),ew,W_select,a,n/a,subtract_rf,27,19.7333,19.8134,18.0006,0.8346,-14.8212
french,VAR_D_decile06,10 Portfolios Formed on Variance - decile 6 (6),vw,W_common,a,n/a,subtract_rf,15,29.936,32.6619,16.9557,1.4606,-7.1
french,VAR_D_decile06,10 Portfolios Formed on Variance - decile 6 (6),ew,W_common,a,n/a,subtract_rf,15,23.808,24.2297,20.5224,0.9075,-6.57
french,VAR_D_decile06,10 Portfolios Formed on Variance - decile 6 (6),vw,W_select,a,n/a,subtract_rf,27,18.9733,19.3237,15.6945,0.9097,-19.2668
french,VAR_D_decile06,10 Portfolios Formed on Variance - decile 6 (6),ew,W_select,a,n/a,subtract_rf,27,17.9778,17.7877,17.8235,0.7442,-15.3769
french,VAR_D_decile07,10 Portfolios Formed on Variance - decile 7 (7),vw,W_common,a,n/a,subtract_rf,15,29.072,31.3005,18.4379,1.2953,-6.17
french,VAR_D_decile07,10 Portfolios Formed on Variance - decile 7 (7),ew,W_common,a,n/a,subtract_rf,15,22.28,22.3297,20.7313,0.8246,-6.24
french,VAR_D_decile07,10 Portfolios Formed on Variance - decile 7 (7),vw,W_select,a,n/a,subtract_rf,27,28.5911,30.8757,17.1588,1.3913,-10.0285
french,VAR_D_decile07,10 Portfolios Formed on Variance - decile 7 (7),ew,W_select,a,n/a,subtract_rf,27,17.6533,17.4095,17.7953,0.7269,-16.2115
french,VAR_D_decile08,10 Portfolios Formed on Variance - decile 8 (8),vw,W_common,a,n/a,subtract_rf,15,29.56,30.6579,23.2241,1.0469,-11.89
french,VAR_D_decile08,10 Portfolios Formed on Variance - decile 8 (8),ew,W_common,a,n/a,subtract_rf,15,17.248,16.0321,22.3719,0.5393,-7.32
french,VAR_D_decile08,10 Portfolios Formed on Variance - decile 8 (8),vw,W_select,a,n/a,subtract_rf,27,34.8711,37.8855,21.9508,1.3706,-12.6263
french,VAR_D_decile08,10 Portfolios Formed on Variance - decile 8 (8),ew,W_select,a,n/a,subtract_rf,27,14.3467,13.2513,19.6677,0.4893,-19.7651
french,VAR_D_decile09,10 Portfolios Formed on Variance - decile 9 (9),vw,W_common,a,n/a,subtract_rf,15,28.52,27.2968,30.2046,0.7724,-7.5712
french,VAR_D_decile09,10 Portfolios Formed on Variance - decile 9 (9),ew,W_common,a,n/a,subtract_rf,15,22.488,21.7439,24.0213,0.7199,-6.99
french,VAR_D_decile09,10 Portfolios Formed on Variance - decile 9 (9),vw,W_select,a,n/a,subtract_rf,27,43.8044,46.8205,32.2586,1.2106,-12.8254
french,VAR_D_decile09,10 Portfolios Formed on Variance - decile 9 (9),ew,W_select,a,n/a,subtract_rf,27,21.8444,21.4407,21.7648,0.7864,-16.7411
french,VAR_D_decile10,10 Portfolios Formed on Variance - decile 10 (Hi),vw,W_common,a,n/a,subtract_rf,15,50.624,54.6562,37.6761,1.2043,-9.97
french,VAR_D_decile10,10 Portfolios Formed on Variance - decile 10 (Hi),ew,W_common,a,n/a,subtract_rf,15,2.912,-0.9614,28.7989,-0.0785,-19.4248
french,VAR_D_decile10,10 Portfolios Formed on Variance - decile 10 (Hi),vw,W_select,a,n/a,subtract_rf,27,29.6578,26.5597,35.4519,0.7034,-26.9127
french,VAR_D_decile10,10 Portfolios Formed on Variance - decile 10 (Hi),ew,W_select,a,n/a,subtract_rf,27,3.8533,-0.0742,28.3637,-0.0309,-33.1364
french,VAR_D_spread,10 Portfolios Formed on Variance - top minus bottom decile (long=low; task brief),vw,W_common,b,low,already_excess,15,-32.296,-31.9598,33.6449,-0.9599,-43.4625
french,VAR_D_spread,10 Portfolios Formed on Variance - top minus bottom decile (long=low; task brief),ew,W_common,b,low,already_excess,15,11.256,8.7494,24.7038,0.4556,-16.18
french,VAR_D_spread,10 Portfolios Formed on Variance - top minus bottom decile (long=low; task brief),vw,W_select,b,low,already_excess,27,-20.1822,-23.0361,34.1299,-0.5913,-54.6044
french,VAR_D_spread,10 Portfolios Formed on Variance - top minus bottom decile (long=low; task brief),ew,W_select,b,low,already_excess,27,5.7067,2.272,26.9925,0.2114,-39.0305
hxz,HXZ_EG,q-factor Expected Growth (R_EG),na,W_common,b,high expected growth,already_excess,15,1.6426,1.0574,11.2831,0.1456,-8.6323
hxz,HXZ_EG,q-factor Expected Growth (R_EG),na,W_select,b,high expected growth,already_excess,27,-0.3718,-0.77,9.1535,-0.0406,-9.3881
hxz,HXZ_IA,q-factor Investment (R_IA),na,W_common,b,low investment,already_excess,15,-9.6666,-9.3669,5.1807,-1.8659,-11.1638
hxz,HXZ_IA,q-factor Investment (R_IA),na,W_select,b,low investment,already_excess,27,-7.883,-7.8581,7.488,-1.0528,-19.6112
hxz,HXZ_ME,q-factor Size (R_ME),na,W_common,b,small,already_excess,15,-5.2958,-6.0088,13.8519,-0.3823,-9.364
hxz,HXZ_ME,q-factor Size (R_ME),na,W_select,b,small,already_excess,27,-6.8672,-7.283,11.8452,-0.5797,-19.2341
hxz,HXZ_MKT,"q-factor Market (R_MKT, already excess of RF)",na,W_common,c,n/a,already_excess,15,22.8063,24.3765,13.1338,1.7365,-4.6882
hxz,HXZ_MKT,"q-factor Market (R_MKT, already excess of RF)",na,W_select,c,n/a,already_excess,27,18.3728,19.1354,12.4094,1.4805,-9.8396
hxz,HXZ_ROE,q-factor ROE (profitability),na,W_common,b,high ROE,already_excess,15,7.1637,7.0074,8.9564,0.7998,-6.7935
hxz,HXZ_ROE,q-factor ROE (profitability),na,W_select,b,high ROE,already_excess,27,-0.2007,-0.5899,9.0021,-0.0223,-15.0485
hxz,R11_decile01,HXZ testing portfolio: R11 momentum decile 1 (Lo),vw,W_common,a,n/a,subtract_rf,15,13.7158,10.2182,29.662,0.2876,-11.505
hxz,R11_decile01,HXZ testing portfolio: R11 momentum decile 1 (Lo),vw,W_select,a,n/a,subtract_rf,27,20.7824,19.5555,24.455,0.6558,-12.6411
hxz,R11_decile02,HXZ testing portfolio: R11 momentum decile 2 (2),vw,W_common,a,n/a,subtract_rf,15,11.435,9.5791,22.0724,0.2835,-8.9653
hxz,R11_decile02,HXZ testing portfolio: R11 momentum decile 2 (2),vw,W_select,a,n/a,subtract_rf,27,13.9412,12.7886,19.7349,0.4666,-18.4156
hxz,R11_decile03,HXZ testing portfolio: R11 momentum decile 3 (3),vw,W_common,a,n/a,subtract_rf,15,13.1962,12.437,17.4317,0.4594,-6.7202
hxz,R11_decile03,HXZ testing portfolio: R11 momentum decile 3 (3),vw,W_select,a,n/a,subtract_rf,27,13.5596,13.0974,15.7567,0.5603,-16.1181
hxz,R11_decile04,HXZ testing portfolio: R11 momentum decile 4 (4),vw,W_common,a,n/a,subtract_rf,15,23.2412,25.2452,10.6469,1.6952,-2.41
hxz,R11_decile04,HXZ testing portfolio: R11 momentum decile 4 (4),vw,W_select,a,n/a,subtract_rf,27,22.3945,24.1368,11.0425,1.5986,-7.1832
hxz,R11_decile05,HXZ testing portfolio: R11 momentum decile 5 (5),vw,W_common,a,n/a,subtract_rf,15,15.6862,15.7622,14.3964,0.7296,-5.5699
hxz,R11_decile05,HXZ testing portfolio: R11 momentum decile 5 (5),vw,W_select,a,n/a,subtract_rf,27,25.6836,27.7038,14.4029,1.453,-5.5699
hxz,R11_decile06,HXZ testing portfolio: R11 momentum decile 6 (6),vw,W_common,a,n/a,subtract_rf,15,31.2602,35.6284,9.2845,2.8076,-2.8127
hxz,R11_decile06,HXZ testing portfolio: R11 momentum decile 6 (6),vw,W_select,a,n/a,subtract_rf,27,25.4566,27.8967,11.2575,1.8455,-7.0774
hxz,R11_decile07,HXZ testing portfolio: R11 momentum decile 7 (7),vw,W_common,a,n/a,subtract_rf,15,21.7982,23.2862,12.1911,1.3618,-4.2292
hxz,R11_decile07,HXZ testing portfolio: R11 momentum decile 7 (7),vw,W_select,a,n/a,subtract_rf,27,20.1631,21.3869,11.5066,1.3422,-4.8613
hxz,R11_decile08,HXZ testing portfolio: R11 momentum decile 8 (8),vw,W_common,a,n/a,subtract_rf,15,26.4982,29.034,12.6269,1.6917,-5.823
hxz,R11_decile08,HXZ testing portfolio: R11 momentum decile 8 (8),vw,W_select,a,n/a,subtract_rf,27,22.4155,23.6252,14.6721,1.2087,-12.2418
hxz,R11_decile09,HXZ testing portfolio: R11 momentum decile 9 (9),vw,W_common,a,n/a,subtract_rf,15,16.7068,16.4015,17.6229,0.6534,-6.3658
hxz,R11_decile09,HXZ testing portfolio: R11 momentum decile 9 (9),vw,W_select,a,n/a,subtract_rf,27,12.4173,11.551,17.3162,0.4444,-15.9635
hxz,R11_decile10,HXZ testing portfolio: R11 momentum decile 10 (Hi),vw,W_common,a,n/a,subtract_rf,15,49.2128,59.1116,20.2838,2.1683,-5.4083
hxz,R11_decile10,HXZ testing portfolio: R11 momentum decile 10 (Hi),vw,W_select,a,n/a,subtract_rf,27,32.8472,35.3709,21.4356,1.3137,-17.6379
hxz,R11_spread,"HXZ testing portfolio: R11 momentum decile, top minus bottom (long=high, standard momentum convention)",vw,W_common,b,high,already_excess,15,35.497,35.7999,30.3753,1.1686,-16.9611
hxz,R11_spread,"HXZ testing portfolio: R11 momentum decile, top minus bottom (long=high, standard momentum convention)",vw,W_select,b,high,already_excess,27,12.0648,8.4731,28.3001,0.4263,-22.8491
jkp,factors_age,JKP factor: Firm age (age),vw_cap,W_common,b,"as coded, direction=-1",already_excess,15,5.7956,5.3329,11.2581,0.5148,-8.525
jkp,factors_age,JKP factor: Firm age (age),vw_cap,W_select,b,"as coded, direction=-1",already_excess,27,1.8481,1.1029,12.4347,0.1486,-12.2043
jkp,factors_aliq_at,JKP factor: Liquidity of book assets (aliq_at),vw_cap,W_common,b,"as coded, direction=-1",already_excess,15,-7.5945,-7.5964,7.6867,-0.988,-10.6764
jkp,factors_aliq_at,JKP factor: Liquidity of book assets (aliq_at),vw_cap,W_select,b,"as coded, direction=-1",already_excess,27,-8.5948,-8.5746,8.3376,-1.0308,-21.9234
jkp,factors_aliq_mat,JKP factor: Liquidity of market assets (aliq_mat),vw_cap,W_common,b,"as coded, direction=-1",already_excess,15,-4.238,-4.4347,7.8557,-0.5395,-8.1217
jkp,factors_aliq_mat,JKP factor: Liquidity of market assets (aliq_mat),vw_cap,W_select,b,"as coded, direction=-1",already_excess,27,-8.0959,-8.0479,7.3931,-1.0951,-18.1164
jkp,factors_ami_126d,JKP factor: Amihud Measure (ami_126d),vw_cap,W_common,b,"as coded, direction=1",already_excess,15,-4.2285,-4.6568,10.7478,-0.3934,-9.7892
jkp,factors_ami_126d,JKP factor: Amihud Measure (ami_126d),vw_cap,W_select,b,"as coded, direction=1",already_excess,27,-0.8205,-1.2321,9.3784,-0.0875,-13.4674
jkp,factors_at_be,JKP factor: Asset-to-book equity (at_be),vw_cap,W_common,b,"as coded, direction=-1",already_excess,15,-12.6435,-11.9889,3.5545,-3.557,-13.2266
jkp,factors_at_be,JKP factor: Asset-to-book equity (at_be),vw_cap,W_select,b,"as coded, direction=-1",already_excess,27,-7.3889,-7.2579,5.0424,-1.4654,-17.3208
jkp,factors_at_gr1,JKP factor: Asset Growth (at_gr1),vw_cap,W_common,b,"as coded, direction=-1",already_excess,15,-6.1637,-6.0719,4.2247,-1.459,-7.4364
jkp,factors_at_gr1,JKP factor: Asset Growth (at_gr1),vw_cap,W_select,b,"as coded, direction=-1",already_excess,27,-4.0712,-4.1174,5.1109,-0.7966,-11.6953
jkp,factors_at_me,JKP factor: Assets-to-market (at_me),vw_cap,W_common,b,"as coded, direction=1",already_excess,15,2.0548,1.6963,8.9423,0.2298,-5.952
jkp,factors_at_me,JKP factor: Assets-to-market (at_me),vw_cap,W_select,b,"as coded, direction=1",already_excess,27,2.391,1.9451,9.8199,0.2435,-9.4766
jkp,factors_at_turnover,JKP factor: Capital turnover (at_turnover),vw_cap,W_common,b,"as coded, direction=1",already_excess,15,-6.3704,-6.3504,6.1136,-1.042,-10.3201
jkp,factors_at_turnover,JKP factor: Capital turnover (at_turnover),vw_cap,W_select,b,"as coded, direction=1",already_excess,27,-7.1667,-7.0605,5.2732,-1.3591,-17.4413
jkp,factors_be_gr1a,JKP factor: Change in common equity (be_gr1a),vw_cap,W_common,b,"as coded, direction=-1",already_excess,15,-0.8445,-0.9634,5.0916,-0.1659,-5.0656
jkp,factors_be_gr1a,JKP factor: Change in common equity (be_gr1a),vw_cap,W_select,b,"as coded, direction=-1",already_excess,27,0.661,0.5308,5.202,0.1271,-5.0656
jkp,factors_be_me,JKP factor: Book-to-market equity (be_me),vw_cap,W_common,b,"as coded, direction=1",already_excess,15,-4.2627,-4.6147,9.8595,-0.4323,-7.8052
jkp,factors_be_me,JKP factor: Book-to-market equity (be_me),vw_cap,W_select,b,"as coded, direction=1",already_excess,27,-0.0952,-0.6498,10.7842,-0.0088,-10.3842
jkp,factors_beta_60m,JKP factor: Market Beta (beta_60m),vw_cap,W_common,b,"as coded, direction=-1",already_excess,15,-4.2023,-4.8422,12.65,-0.3322,-12.5556
jkp,factors_beta_60m,JKP factor: Market Beta (beta_60m),vw_cap,W_select,b,"as coded, direction=-1",already_excess,27,-8.1968,-8.9419,15.333,-0.5346,-27.3452
jkp,factors_beta_dimson_21d,JKP factor: Dimson beta (beta_dimson_21d),vw_cap,W_common,b,"as coded, direction=-1",already_excess,15,0.9729,0.33,11.6319,0.0836,-9.6831
jkp,factors_beta_dimson_21d,JKP factor: Dimson beta (beta_dimson_21d),vw_cap,W_select,b,"as coded, direction=-1",already_excess,27,-7.2535,-7.966,14.4792,-0.501,-27.8224
jkp,factors_betabab_1260d,JKP factor: Frazzini-Pedersen market beta (betabab_1260d),vw_cap,W_common,b,"as coded, direction=-1",already_excess,15,-8.2342,-8.9901,15.5217,-0.5305,-17.1348
jkp,factors_betabab_1260d,JKP factor: Frazzini-Pedersen market beta (betabab_1260d),vw_cap,W_select,b,"as coded, direction=-1",already_excess,27,-9.5052,-10.6309,18.6957,-0.5084,-31.3009
jkp,factors_betadown_252d,JKP factor: Downside beta (betadown_252d),vw_cap,W_common,b,"as coded, direction=-1",already_excess,15,-13.3302,-13.241,12.929,-1.031,-21.0478
jkp,factors_betadown_252d,JKP factor: Downside beta (betadown_252d),vw_cap,W_select,b,"as coded, direction=-1",already_excess,27,-15.5317,-15.6423,16.7867,-0.9252,-37.8746
jkp,factors_bev_mev,JKP factor: Book-to-market enterprise value (bev_mev),vw_cap,W_common,b,"as coded, direction=1",already_excess,15,-3.964,-4.3259,9.8261,-0.4034,-7.436
jkp,factors_bev_mev,JKP factor: Book-to-market enterprise value (bev_mev),vw_cap,W_select,b,"as coded, direction=1",already_excess,27,-1.2213,-1.7534,10.666,-0.1145,-11.4028
jkp,factors_bidaskhl_21d,JKP factor: The high-low bid-ask spread (bidaskhl_21d),vw_cap,W_common,b,"as coded, direction=1",already_excess,15,2.1794,1.2871,13.9563,0.1562,-10.9908
jkp,factors_bidaskhl_21d,JKP factor: The high-low bid-ask spread (bidaskhl_21d),vw_cap,W_select,b,"as coded, direction=1",already_excess,27,7.2901,6.3591,15.1759,0.4804,-15.8645
jkp,factors_capex_abn,JKP factor: Abnormal corporate investment (capex_abn),vw_cap,W_common,b,"as coded, direction=-1",already_excess,15,8.5365,8.6885,6.1673,1.3841,-4.3663
jkp,factors_capex_abn,JKP factor: Abnormal corporate investment (capex_abn),vw_cap,W_select,b,"as coded, direction=-1",already_excess,27,7.2513,7.2838,6.4518,1.1239,-5.6199
jkp,factors_capx_gr1,JKP factor: CAPEX growth (1 year) (capx_gr1),vw_cap,W_common,b,"as coded, direction=-1",already_excess,15,3.5224,3.5191,3.5623,0.9888,-2.0385
jkp,factors_capx_gr1,JKP factor: CAPEX growth (1 year) (capx_gr1),vw_cap,W_select,b,"as coded, direction=-1",already_excess,27,-0.9298,-1.0239,4.5254,-0.2055,-8.7838
jkp,factors_capx_gr2,JKP factor: CAPEX growth (2 years) (capx_gr2),vw_cap,W_common,b,"as coded, direction=-1",already_excess,15,5.8584,5.9444,3.879,1.5103,-1.6281
jkp,factors_capx_gr2,JKP factor: CAPEX growth (2 years) (capx_gr2),vw_cap,W_select,b,"as coded, direction=-1",already_excess,27,5.0179,5.0467,4.1879,1.1982,-2.5515
jkp,factors_capx_gr3,JKP factor: CAPEX growth (3 years) (capx_gr3),vw_cap,W_common,b,"as coded, direction=-1",already_excess,15,3.1082,2.9978,5.6883,0.5464,-4.7113
jkp,factors_capx_gr3,JKP factor: CAPEX growth (3 years) (capx_gr3),vw_cap,W_select,b,"as coded, direction=-1",already_excess,27,2.1982,2.0885,5.1812,0.4243,-4.7113
jkp,factors_cash_at,JKP factor: Cash-to-assets (cash_at),vw_cap,W_common,b,"as coded, direction=1",already_excess,15,5.1725,4.85,9.555,0.5413,-7.0485
jkp,factors_cash_at,JKP factor: Cash-to-assets (cash_at),vw_cap,W_select,b,"as coded, direction=1",already_excess,27,6.5678,6.1931,10.5877,0.6203,-9.5492
jkp,factors_chcsho_12m,JKP factor: Net stock issues (chcsho_12m),vw_cap,W_common,b,"as coded, direction=-1",already_excess,15,-6.689,-6.6941,6.8375,-0.9783,-10.1985
jkp,factors_chcsho_12m,JKP factor: Net stock issues (chcsho_12m),vw_cap,W_select,b,"as coded, direction=-1",already_excess,27,-7.2503,-7.2924,7.8422,-0.9245,-21.4779
jkp,factors_coa_gr1a,JKP factor: Change in current operating assets (coa_gr1a),vw_cap,W_common,b,"as coded, direction=-1",already_excess,15,-5.9401,-5.9577,6.307,-0.9418,-9.131
jkp,factors_coa_gr1a,JKP factor: Change in current operating assets (coa_gr1a),vw_cap,W_select,b,"as coded, direction=-1",already_excess,27,-4.7605,-4.8163,5.8478,-0.8141,-12.7923
jkp,factors_col_gr1a,JKP factor: Change in current operating liabilities (col_gr1a),vw_cap,W_common,b,"as coded, direction=-1",already_excess,15,-7.1199,-7.069,6.3487,-1.1215,-9.6409
jkp,factors_col_gr1a,JKP factor: Change in current operating liabilities (col_gr1a),vw_cap,W_select,b,"as coded, direction=-1",already_excess,27,-6.7175,-6.7102,6.5676,-1.0228,-16.9671
jkp,factors_cop_at,JKP factor: Cash-based operating profits-to-book assets (cop_at),vw_cap,W_common,b,"as coded, direction=1",already_excess,15,-4.3024,-4.4425,7.0215,-0.6127,-7.5088
jkp,factors_cop_at,JKP factor: Cash-based operating profits-to-book assets (cop_at),vw_cap,W_select,b,"as coded, direction=1",already_excess,27,-3.4735,-3.5654,5.5777,-0.6228,-8.1924
jkp,factors_cop_atl1,JKP factor: Cash-based operating profits-to-lagged book assets (cop_atl1),vw_cap,W_common,b,"as coded, direction=1",already_excess,15,-3.145,-3.3415,7.2476,-0.4339,-6.6852
jkp,factors_cop_atl1,JKP factor: Cash-based operating profits-to-lagged book assets (cop_atl1),vw_cap,W_select,b,"as coded, direction=1",already_excess,27,-3.534,-3.6387,5.853,-0.6038,-8.6595
jkp,factors_corr_1260d,JKP factor: Market correlation (corr_1260d),vw_cap,W_common,b,"as coded, direction=-1",already_excess,15,-9.2388,-9.0112,5.9356,-1.5565,-12.302
jkp,factors_corr_1260d,JKP factor: Market correlation (corr_1260d),vw_cap,W_select,b,"as coded, direction=-1",already_excess,27,-5.0521,-5.2661,8.4434,-0.5983,-17.0342
jkp,factors_coskew_21d,JKP factor: Coskewness (coskew_21d),vw_cap,W_common,b,"as coded, direction=-1",already_excess,15,5.3978,5.2474,7.666,0.7041,-8.9852
jkp,factors_coskew_21d,JKP factor: Coskewness (coskew_21d),vw_cap,W_select,b,"as coded, direction=-1",already_excess,27,6.4816,6.3086,8.516,0.7611,-13.2838
jkp,factors_cowc_gr1a,JKP factor: Change in current operating working capital (cowc_gr1a),vw_cap,W_common,b,"as coded, direction=-1",already_excess,15,2.1397,2.1079,3.3386,0.6409,-2.6142
jkp,factors_cowc_gr1a,JKP factor: Change in current operating working capital (cowc_gr1a),vw_cap,W_select,b,"as coded, direction=-1",already_excess,27,1.6641,1.6092,3.729,0.4463,-3.716
jkp,factors_dbnetis_at,JKP factor: Net debt issuance (dbnetis_at),vw_cap,W_common,b,"as coded, direction=-1",already_excess,15,-0.7074,-0.7603,3.4601,-0.2045,-2.5328
jkp,factors_dbnetis_at,JKP factor: Net debt issuance (dbnetis_at),vw_cap,W_select,b,"as coded, direction=-1",already_excess,27,0.757,0.6968,3.6099,0.2097,-3.4759
jkp,factors_debt_gr3,JKP factor: Growth in book debt (3 years) (debt_gr3),vw_cap,W_common,b,"as coded, direction=-1",already_excess,15,-4.5685,-4.6262,5.7998,-0.7877,-8.9342
jkp,factors_debt_gr3,JKP factor: Growth in book debt (3 years) (debt_gr3),vw_cap,W_select,b,"as coded, direction=-1",already_excess,27,-4.0493,-4.0794,4.7221,-0.8575,-11.0649
jkp,factors_debt_me,JKP factor: Debt-to-market (debt_me),vw_cap,W_common,b,"as coded, direction=1",already_excess,15,-0.523,-0.8789,8.7852,-0.0595,-6.7749
jkp,factors_debt_me,JKP factor: Debt-to-market (debt_me),vw_cap,W_select,b,"as coded, direction=1",already_excess,27,-0.643,-1.1377,10.2014,-0.063,-12.3623
jkp,factors_dgp_dsale,JKP factor: Change gross margin minus change sales (dgp_dsale),vw_cap,W_common,b,"as coded, direction=1",already_excess,15,-0.3166,-0.5188,6.5885,-0.048,-5.6243
jkp,factors_dgp_dsale,JKP factor: Change gross margin minus change sales (dgp_dsale),vw_cap,W_select,b,"as coded, direction=1",already_excess,27,1.1237,0.9756,5.6179,0.2,-5.6243
jkp,factors_div12m_me,JKP factor: Dividend yield (div12m_me),vw_cap,W_common,b,"as coded, direction=1",already_excess,15,-3.7472,-4.2283,10.9869,-0.3411,-10.2562
jkp,factors_div12m_me,JKP factor: Dividend yield (div12m_me),vw_cap,W_select,b,"as coded, direction=1",already_excess,27,-3.3033,-3.9733,12.4668,-0.265,-17.9439
jkp,factors_dolvol_126d,JKP factor: Dollar trading volume (dolvol_126d),vw_cap,W_common,b,"as coded, direction=-1",already_excess,15,-3.2386,-3.6276,9.9325,-0.3261,-7.3575
jkp,factors_dolvol_126d,JKP factor: Dollar trading volume (dolvol_126d),vw_cap,W_select,b,"as coded, direction=-1",already_excess,27,-2.1241,-2.4492,8.6465,-0.2457,-11.0136
jkp,factors_dolvol_var_126d,JKP factor: Coefficient of variation for dollar trading volume (dolvol_var_126d),vw_cap,W_common,b,"as coded, direction=-1",already_excess,15,-2.3508,-2.505,6.2501,-0.3761,-5.0746
jkp,factors_dolvol_var_126d,JKP factor: Coefficient of variation for dollar trading volume (dolvol_var_126d),vw_cap,W_select,b,"as coded, direction=-1",already_excess,27,-3.1652,-3.4823,8.8311,-0.3584,-16.4899
jkp,factors_dsale_dinv,JKP factor: Change sales minus change Inventory (dsale_dinv),vw_cap,W_common,b,"as coded, direction=1",already_excess,15,9.2994,9.6392,3.6537,2.5452,-0.8326
jkp,factors_dsale_dinv,JKP factor: Change sales minus change Inventory (dsale_dinv),vw_cap,W_select,b,"as coded, direction=1",already_excess,27,9.2637,9.5904,3.8583,2.401,-1.0698
jkp,factors_dsale_drec,JKP factor: Change sales minus change receivables (dsale_drec),vw_cap,W_common,b,"as coded, direction=-1",already_excess,15,0.8914,0.8157,4.0983,0.2175,-4.334
jkp,factors_dsale_drec,JKP factor: Change sales minus change receivables (dsale_drec),vw_cap,W_select,b,"as coded, direction=-1",already_excess,27,0.4626,0.4077,3.3948,0.1363,-5.4303
jkp,factors_dsale_dsga,JKP factor: Change sales minus change SG&A (dsale_dsga),vw_cap,W_common,b,"as coded, direction=1",already_excess,15,12.0394,12.4566,7.2914,1.6512,-1.4461
jkp,factors_dsale_dsga,JKP factor: Change sales minus change SG&A (dsale_dsga),vw_cap,W_select,b,"as coded, direction=1",already_excess,27,12.1327,12.5904,6.746,1.7985,-2.713
jkp,factors_earnings_variability,JKP factor: Earnings variability (earnings_variability),vw_cap,W_common,b,"as coded, direction=-1",already_excess,15,4.3199,4.3751,2.5542,1.6913,-0.6337
jkp,factors_earnings_variability,JKP factor: Earnings variability (earnings_variability),vw_cap,W_select,b,"as coded, direction=-1",already_excess,27,1.8885,1.8714,2.6256,0.7193,-2.9802
jkp,factors_ebit_bev,JKP factor: Return on net operating assets (ebit_bev),vw_cap,W_common,b,"as coded, direction=1",already_excess,15,0.9083,0.697,6.7682,0.1342,-5.9764
jkp,factors_ebit_bev,JKP factor: Return on net operating assets (ebit_bev),vw_cap,W_select,b,"as coded, direction=1",already_excess,27,-1.6299,-1.8359,6.7741,-0.2406,-11.5505
jkp,factors_ebit_sale,JKP factor: Profit margin (ebit_sale),vw_cap,W_common,b,"as coded, direction=1",already_excess,15,-0.8705,-1.1653,7.9915,-0.1089,-7.3466
jkp,factors_ebit_sale,JKP factor: Profit margin (ebit_sale),vw_cap,W_select,b,"as coded, direction=1",already_excess,27,-1.3396,-1.7482,9.3692,-0.143,-14.266
jkp,factors_ebitda_mev,JKP factor: Ebitda-to-market enterprise value (ebitda_mev),vw_cap,W_common,b,"as coded, direction=1",already_excess,15,-5.019,-5.3264,9.7709,-0.5137,-8.0431
jkp,factors_ebitda_mev,JKP factor: Ebitda-to-market enterprise value (ebitda_mev),vw_cap,W_select,b,"as coded, direction=1",already_excess,27,-1.5035,-2.2139,12.3907,-0.1213,-15.3965
jkp,factors_emp_gr1,JKP factor: Hiring rate (emp_gr1),vw_cap,W_common,b,"as coded, direction=-1",already_excess,15,-1.1016,-1.2341,5.4713,-0.2013,-6.5495
jkp,factors_emp_gr1,JKP factor: Hiring rate (emp_gr1),vw_cap,W_select,b,"as coded, direction=-1",already_excess,27,-1.2723,-1.3701,4.7041,-0.2705,-7.3627
jkp,factors_eq_dur,JKP factor: Equity duration (eq_dur),vw_cap,W_common,b,"as coded, direction=-1",already_excess,15,-5.009,-5.3432,10.0695,-0.4974,-8.5823
jkp,factors_eq_dur,JKP factor: Equity duration (eq_dur),vw_cap,W_select,b,"as coded, direction=-1",already_excess,27,-1.2818,-1.9311,11.815,-0.1085,-12.1707
jkp,factors_eqnetis_at,JKP factor: Net equity issuance (eqnetis_at),vw_cap,W_common,b,"as coded, direction=-1",already_excess,15,-4.1196,-4.1325,4.4785,-0.9198,-6.9748
jkp,factors_eqnetis_at,JKP factor: Net equity issuance (eqnetis_at),vw_cap,W_select,b,"as coded, direction=-1",already_excess,27,-6.7796,-6.6887,5.041,-1.3449,-18.1384
jkp,factors_eqnpo_12m,JKP factor: Equity net payout (eqnpo_12m),vw_cap,W_common,b,"as coded, direction=1",already_excess,15,-4.2793,-4.661,10.1694,-0.4208,-9.5654
jkp,factors_eqnpo_12m,JKP factor: Equity net payout (eqnpo_12m),vw_cap,W_select,b,"as coded, direction=1",already_excess,27,-4.8914,-5.3632,11.2446,-0.435,-20.3485
jkp,factors_eqnpo_me,JKP factor: Net payout yield (eqnpo_me),vw_cap,W_common,b,"as coded, direction=1",already_excess,15,-1.8498,-2.201,8.9508,-0.2067,-7.5676
jkp,factors_eqnpo_me,JKP factor: Net payout yield (eqnpo_me),vw_cap,W_select,b,"as coded, direction=1",already_excess,27,-4.1515,-4.6506,11.157,-0.3721,-19.6081
jkp,factors_eqpo_me,JKP factor: Payout yield (eqpo_me),vw_cap,W_common,b,"as coded, direction=1",already_excess,15,-2.8465,-3.1955,9.2181,-0.3088,-8.4026
jkp,factors_eqpo_me,JKP factor: Payout yield (eqpo_me),vw_cap,W_select,b,"as coded, direction=1",already_excess,27,-4.7066,-5.2218,11.5524,-0.4074,-19.9866
jkp,factors_f_score,JKP factor: Piotroski F-score (f_score),vw_cap,W_common,b,"as coded, direction=1",already_excess,15,5.8667,5.7204,7.8872,0.7438,-6.7708
jkp,factors_f_score,JKP factor: Piotroski F-score (f_score),vw_cap,W_select,b,"as coded, direction=1",already_excess,27,5.0955,4.992,6.6614,0.7649,-6.7708
jkp,factors_fcf_me,JKP factor: Free cash flow-to-price (fcf_me),vw_cap,W_common,b,"as coded, direction=1",already_excess,15,0.8514,0.6096,7.2592,0.1173,-4.8564
jkp,factors_fcf_me,JKP factor: Free cash flow-to-price (fcf_me),vw_cap,W_select,b,"as coded, direction=1",already_excess,27,-1.6532,-2.0718,9.5261,-0.1735,-16.1494
jkp,factors_fnl_gr1a,JKP factor: Change in financial liabilities (fnl_gr1a),vw_cap,W_common,b,"as coded, direction=-1",already_excess,15,0.5225,0.4909,2.6515,0.197,-1.9802
jkp,factors_fnl_gr1a,JKP factor: Change in financial liabilities (fnl_gr1a),vw_cap,W_select,b,"as coded, direction=-1",already_excess,27,1.5747,1.5346,3.2502,0.4845,-5.4647
jkp,factors_gp_at,JKP factor: Gross profits-to-assets (gp_at),vw_cap,W_common,b,"as coded, direction=1",already_excess,15,-5.2799,-5.4455,8.0587,-0.6552,-11.2701
jkp,factors_gp_at,JKP factor: Gross profits-to-assets (gp_at),vw_cap,W_select,b,"as coded, direction=1",already_excess,27,-7.2477,-7.2138,6.6697,-1.0867,-17.7837
jkp,factors_gp_atl1,JKP factor: Gross profits-to-lagged assets (gp_atl1),vw_cap,W_common,b,"as coded, direction=1",already_excess,15,-5.1511,-5.3227,8.0621,-0.6389,-11.1973
jkp,factors_gp_atl1,JKP factor: Gross profits-to-lagged assets (gp_atl1),vw_cap,W_select,b,"as coded, direction=1",already_excess,27,-6.8616,-6.8544,6.7048,-1.0234,-17.0648
jkp,factors_inv_gr1,JKP factor: Inventory growth (inv_gr1),vw_cap,W_common,b,"as coded, direction=-1",already_excess,15,2.2788,2.2082,4.4543,0.5116,-3.5351
jkp,factors_inv_gr1,JKP factor: Inventory growth (inv_gr1),vw_cap,W_select,b,"as coded, direction=-1",already_excess,27,-0.7132,-0.794,4.1677,-0.1711,-7.6346
jkp,factors_inv_gr1a,JKP factor: Inventory change (inv_gr1a),vw_cap,W_common,b,"as coded, direction=-1",already_excess,15,2.1358,2.1044,3.3223,0.6429,-2.4858
jkp,factors_inv_gr1a,JKP factor: Inventory change (inv_gr1a),vw_cap,W_select,b,"as coded, direction=-1",already_excess,27,-1.0991,-1.1435,3.2327,-0.34,-7.1185
jkp,factors_iskew_capm_21d,JKP factor: Idiosyncratic skewness from the CAPM (iskew_capm_21d),vw_cap,W_common,b,"as coded, direction=-1",already_excess,15,1.0347,0.9464,4.4558,0.2322,-3.31
jkp,factors_iskew_capm_21d,JKP factor: Idiosyncratic skewness from the CAPM (iskew_capm_21d),vw_cap,W_select,b,"as coded, direction=-1",already_excess,27,-1.8966,-2.0127,5.2733,-0.3597,-10.3162
jkp,factors_iskew_ff3_21d,JKP factor: Idiosyncratic skewness from the Fama-French 3-factor model (iskew_ff3_21d),vw_cap,W_common,b,"as coded, direction=-1",already_excess,15,2.8547,2.8209,3.8642,0.7388,-2.4352
jkp,factors_iskew_ff3_21d,JKP factor: Idiosyncratic skewness from the Fama-French 3-factor model (iskew_ff3_21d),vw_cap,W_select,b,"as coded, direction=-1",already_excess,27,-3.1823,-3.2634,5.1933,-0.6128,-12.5477
jkp,factors_iskew_hxz4_21d,JKP factor: Idiosyncratic skewness from the q-factor model (iskew_hxz4_21d),vw_cap,W_common,b,"as coded, direction=-1",already_excess,15,2.1037,2.0398,4.2093,0.4998,-2.6438
jkp,factors_iskew_hxz4_21d,JKP factor: Idiosyncratic skewness from the q-factor model (iskew_hxz4_21d),vw_cap,W_select,b,"as coded, direction=-1",already_excess,27,-1.7313,-1.8464,5.1943,-0.3333,-10.0214
jkp,factors_ival_me,JKP factor: Intrinsic value-to-market (ival_me),vw_cap,W_common,b,"as coded, direction=1",already_excess,15,1.1082,0.8183,7.9603,0.1392,-4.0219
jkp,factors_ival_me,JKP factor: Intrinsic value-to-market (ival_me),vw_cap,W_select,b,"as coded, direction=1",already_excess,27,2.9814,2.7011,8.1048,0.3679,-4.9707
jkp,factors_ivol_capm_21d,"JKP factor: Idiosyncratic volatility (CAPM, 21 days) (ivol_capm_21d)",vw_cap,W_common,b,"as coded, direction=-1",already_excess,15,1.8889,1.2873,11.3889,0.1659,-8.961
jkp,factors_ivol_capm_21d,"JKP factor: Idiosyncratic volatility (CAPM, 21 days) (ivol_capm_21d)",vw_cap,W_select,b,"as coded, direction=-1",already_excess,27,-4.7602,-5.4486,13.0949,-0.3635,-25.7431
jkp,factors_ivol_capm_252d,"JKP factor: Idiosyncratic volatility (CAPM, 252 days) (ivol_capm_252d)",vw_cap,W_common,b,"as coded, direction=-1",already_excess,15,-4.483,-5.2849,14.0725,-0.3186,-11.8678
jkp,factors_ivol_capm_252d,"JKP factor: Idiosyncratic volatility (CAPM, 252 days) (ivol_capm_252d)",vw_cap,W_select,b,"as coded, direction=-1",already_excess,27,-10.9489,-11.6392,16.7845,-0.6523,-33.0641
jkp,factors_ivol_ff3_21d,JKP factor: Idiosyncratic volatility (Fama-French 3-factor) (ivol_ff3_21d),vw_cap,W_common,b,"as coded, direction=-1",already_excess,15,2.2162,1.7467,10.1733,0.2178,-7.7775
jkp,factors_ivol_ff3_21d,JKP factor: Idiosyncratic volatility (Fama-French 3-factor) (ivol_ff3_21d),vw_cap,W_select,b,"as coded, direction=-1",already_excess,27,-4.0252,-4.7067,12.752,-0.3157,-25.1604
jkp,factors_ivol_hxz4_21d,JKP factor: Idiosyncratic volatility from the q-factor model (ivol_hxz4_21d),vw_cap,W_common,b,"as coded, direction=-1",already_excess,15,2.4004,1.9839,9.6407,0.249,-6.8663
jkp,factors_ivol_hxz4_21d,JKP factor: Idiosyncratic volatility from the q-factor model (ivol_hxz4_21d),vw_cap,W_select,b,"as coded, direction=-1",already_excess,27,-3.9961,-4.6462,12.4742,-0.3203,-25.0575
jkp,factors_kz_index,JKP factor: Kaplan-Zingales index (kz_index),vw_cap,W_common,b,"as coded, direction=1",already_excess,15,-6.379,-6.3225,5.3518,-1.1919,-7.3848
jkp,factors_kz_index,JKP factor: Kaplan-Zingales index (kz_index),vw_cap,W_select,b,"as coded, direction=1",already_excess,27,-0.2094,-0.3505,5.4207,-0.0386,-9.5193
jkp,factors_lnoa_gr1a,JKP factor: Change in long-term net operating assets (lnoa_gr1a),vw_cap,W_common,b,"as coded, direction=-1",already_excess,15,2.3188,2.2997,3.0373,0.7635,-2.3642
jkp,factors_lnoa_gr1a,JKP factor: Change in long-term net operating assets (lnoa_gr1a),vw_cap,W_select,b,"as coded, direction=-1",already_excess,27,4.9966,5.066,3.0449,1.641,-2.3642
jkp,factors_lti_gr1a,JKP factor: Change in long-term investments (lti_gr1a),vw_cap,W_common,b,"as coded, direction=-1",already_excess,15,2.8723,2.8748,2.7272,1.0532,-1.3006
jkp,factors_lti_gr1a,JKP factor: Change in long-term investments (lti_gr1a),vw_cap,W_select,b,"as coded, direction=-1",already_excess,27,4.0299,4.071,2.6222,1.5369,-1.3006
jkp,factors_market_equity,JKP factor: Market Equity (market_equity),vw_cap,W_common,b,"as coded, direction=-1",already_excess,15,-3.3368,-3.913,11.8673,-0.2812,-8.9134
jkp,factors_market_equity,JKP factor: Market Equity (market_equity),vw_cap,W_select,b,"as coded, direction=-1",already_excess,27,-1.9215,-2.4545,10.8479,-0.1771,-17.4062
jkp,factors_mispricing_mgmt,JKP factor: Mispricing factor: Management (mispricing_mgmt),vw_cap,W_common,b,"as coded, direction=1",already_excess,15,0.3719,0.2952,4.064,0.0915,-2.2481
jkp,factors_mispricing_mgmt,JKP factor: Mispricing factor: Management (mispricing_mgmt),vw_cap,W_select,b,"as coded, direction=1",already_excess,27,-1.3803,-1.4778,4.7189,-0.2925,-8.9179
jkp,factors_mispricing_perf,JKP factor: Mispricing factor: Performance (mispricing_perf),vw_cap,W_common,b,"as coded, direction=1",already_excess,15,-2.7919,-3.3168,11.0333,-0.253,-8.3669
jkp,factors_mispricing_perf,JKP factor: Mispricing factor: Performance (mispricing_perf),vw_cap,W_select,b,"as coded, direction=1",already_excess,27,-3.0487,-3.3865,8.9613,-0.3402,-10.1568
jkp,factors_ncoa_gr1a,JKP factor: Change in noncurrent operating assets (ncoa_gr1a),vw_cap,W_common,b,"as coded, direction=-1",already_excess,15,1.838,1.8118,2.9632,0.6203,-2.3837
jkp,factors_ncoa_gr1a,JKP factor: Change in noncurrent operating assets (ncoa_gr1a),vw_cap,W_select,b,"as coded, direction=-1",already_excess,27,3.3217,3.3305,2.9183,1.1382,-3.779
jkp,factors_ncol_gr1a,JKP factor: Change in noncurrent operating liabilities (ncol_gr1a),vw_cap,W_common,b,"as coded, direction=-1",already_excess,15,-5.4158,-5.3177,2.7758,-1.951,-6.231
jkp,factors_ncol_gr1a,JKP factor: Change in noncurrent operating liabilities (ncol_gr1a),vw_cap,W_select,b,"as coded, direction=-1",already_excess,27,-4.1319,-4.0995,3.1087,-1.3291,-10.6918
jkp,factors_netdebt_me,JKP factor: Net debt-to-price (netdebt_me),vw_cap,W_common,b,"as coded, direction=-1",already_excess,15,4.9825,4.7752,8.1416,0.612,-6.6697
jkp,factors_netdebt_me,JKP factor: Net debt-to-price (netdebt_me),vw_cap,W_select,b,"as coded, direction=-1",already_excess,27,4.1285,3.7774,9.2743,0.4452,-7.549
jkp,factors_netis_at,JKP factor: Net total issuance (netis_at),vw_cap,W_common,b,"as coded, direction=-1",already_excess,15,-1.4878,-1.5512,3.998,-0.3721,-3.3727
jkp,factors_netis_at,JKP factor: Net total issuance (netis_at),vw_cap,W_select,b,"as coded, direction=-1",already_excess,27,-2.0817,-2.1393,4.0467,-0.5144,-8.5166
jkp,factors_nfna_gr1a,JKP factor: Change in net financial assets (nfna_gr1a),vw_cap,W_common,b,"as coded, direction=1",already_excess,15,0.6434,0.588,3.5011,0.1838,-2.5493
jkp,factors_nfna_gr1a,JKP factor: Change in net financial assets (nfna_gr1a),vw_cap,W_select,b,"as coded, direction=1",already_excess,27,1.7029,1.6665,3.1952,0.533,-4.0001
jkp,factors_ni_ar1,JKP factor: Earnings persistence (ni_ar1),vw_cap,W_common,b,"as coded, direction=1",already_excess,15,-4.5798,-4.5115,2.4396,-1.8773,-6.2661
jkp,factors_ni_ar1,JKP factor: Earnings persistence (ni_ar1),vw_cap,W_select,b,"as coded, direction=1",already_excess,27,-2.2515,-2.2649,2.7818,-0.8094,-6.5268
jkp,factors_ni_be,JKP factor: Return on equity (ni_be),vw_cap,W_common,b,"as coded, direction=1",already_excess,15,-0.4711,-0.7864,8.2165,-0.0573,-8.3904
jkp,factors_ni_be,JKP factor: Return on equity (ni_be),vw_cap,W_select,b,"as coded, direction=1",already_excess,27,-4.5467,-4.794,8.5517,-0.5317,-15.3027
jkp,factors_ni_inc8q,JKP factor: Number of consecutive quarters with earnings increases (ni_inc8q),vw_cap,W_common,b,"as coded, direction=1",already_excess,15,5.8786,5.852,6.1595,0.9544,-4.6959
jkp,factors_ni_inc8q,JKP factor: Number of consecutive quarters with earnings increases (ni_inc8q),vw_cap,W_select,b,"as coded, direction=1",already_excess,27,4.2247,4.1502,5.6125,0.7527,-4.6959
jkp,factors_ni_ivol,JKP factor: Earnings volatility (ni_ivol),vw_cap,W_common,b,"as coded, direction=1",already_excess,15,-6.7017,-6.6747,6.2679,-1.0692,-8.997
jkp,factors_ni_ivol,JKP factor: Earnings volatility (ni_ivol),vw_cap,W_select,b,"as coded, direction=1",already_excess,27,0.6641,0.3798,7.6887,0.0864,-13.2525
jkp,factors_ni_me,JKP factor: Earnings-to-price (ni_me),vw_cap,W_common,b,"as coded, direction=1",already_excess,15,-4.6913,-4.9766,9.2864,-0.5052,-8.9421
jkp,factors_ni_me,JKP factor: Earnings-to-price (ni_me),vw_cap,W_select,b,"as coded, direction=1",already_excess,27,-3.4319,-4.073,12.244,-0.2803,-18.2658
jkp,factors_niq_at,JKP factor: Quarterly return on assets (niq_at),vw_cap,W_common,b,"as coded, direction=1",already_excess,15,-8.1027,-8.261,10.1609,-0.7974,-13.3395
jkp,factors_niq_at,JKP factor: Quarterly return on assets (niq_at),vw_cap,W_select,b,"as coded, direction=1",already_excess,27,-6.9921,-7.1251,8.7997,-0.7946,-18.2667
jkp,factors_niq_at_chg1,JKP factor: Change in quarterly return on assets (niq_at_chg1),vw_cap,W_common,b,"as coded, direction=1",already_excess,15,9.963,10.302,5.0215,1.9841,-2.5408
jkp,factors_niq_at_chg1,JKP factor: Change in quarterly return on assets (niq_at_chg1),vw_cap,W_select,b,"as coded, direction=1",already_excess,27,10.1492,10.4924,5.206,1.9495,-3.4927
jkp,factors_niq_be,JKP factor: Quarterly return on equity (niq_be),vw_cap,W_common,b,"as coded, direction=1",already_excess,15,-0.9025,-1.2516,8.7241,-0.1034,-7.451
jkp,factors_niq_be,JKP factor: Quarterly return on equity (niq_be),vw_cap,W_select,b,"as coded, direction=1",already_excess,27,-1.5309,-1.8234,7.9734,-0.192,-11.2167
jkp,factors_niq_be_chg1,JKP factor: Change in quarterly return on equity (niq_be_chg1),vw_cap,W_common,b,"as coded, direction=1",already_excess,15,8.1283,8.3017,5.2105,1.56,-2.6003
jkp,factors_niq_be_chg1,JKP factor: Change in quarterly return on equity (niq_be_chg1),vw_cap,W_select,b,"as coded, direction=1",already_excess,27,9.3121,9.5942,4.9063,1.898,-2.8207
jkp,factors_niq_su,JKP factor: Standardized earnings surprise (niq_su),vw_cap,W_common,b,"as coded, direction=1",already_excess,15,3.3525,3.3083,4.4731,0.7495,-2.4815
jkp,factors_niq_su,JKP factor: Standardized earnings surprise (niq_su),vw_cap,W_select,b,"as coded, direction=1",already_excess,27,6.052,6.1364,4.1234,1.4677,-2.4815
jkp,factors_nncoa_gr1a,JKP factor: Change in net noncurrent operating assets (nncoa_gr1a),vw_cap,W_common,b,"as coded, direction=-1",already_excess,15,4.6342,4.7062,2.3882,1.9405,-1.3913
jkp,factors_nncoa_gr1a,JKP factor: Change in net noncurrent operating assets (nncoa_gr1a),vw_cap,W_select,b,"as coded, direction=-1",already_excess,27,5.7721,5.8961,2.4855,2.3223,-1.3913
jkp,factors_noa_at,JKP factor: Net operating assets (noa_at),vw_cap,W_common,b,"as coded, direction=-1",already_excess,15,12.1063,12.5599,6.8287,1.7729,-3.8568
jkp,factors_noa_at,JKP factor: Net operating assets (noa_at),vw_cap,W_select,b,"as coded, direction=-1",already_excess,27,9.326,9.4704,7.1116,1.3114,-4.8803
jkp,factors_noa_gr1a,JKP factor: Change in net operating assets (noa_gr1a),vw_cap,W_common,b,"as coded, direction=-1",already_excess,15,4.1647,4.2073,2.7998,1.4875,-1.0006
jkp,factors_noa_gr1a,JKP factor: Change in net operating assets (noa_gr1a),vw_cap,W_select,b,"as coded, direction=-1",already_excess,27,5.7339,5.8581,2.3951,2.394,-1.0006
jkp,factors_o_score,JKP factor: Ohlson O-score (o_score),vw_cap,W_common,b,"as coded, direction=-1",already_excess,15,-2.3128,-2.5706,7.8285,-0.2954,-8.3365
jkp,factors_o_score,JKP factor: Ohlson O-score (o_score),vw_cap,W_select,b,"as coded, direction=-1",already_excess,27,-0.193,-0.398,6.5105,-0.0297,-8.3365
jkp,factors_oaccruals_at,JKP factor: Operating accruals (oaccruals_at),vw_cap,W_common,b,"as coded, direction=-1",already_excess,15,-1.876,-1.9627,4.7124,-0.3981,-6.429
jkp,factors_oaccruals_at,JKP factor: Operating accruals (oaccruals_at),vw_cap,W_select,b,"as coded, direction=-1",already_excess,27,-0.7463,-0.8515,4.7325,-0.1577,-7.2901
jkp,factors_oaccruals_ni,JKP factor: Percent operating accruals (oaccruals_ni),vw_cap,W_common,b,"as coded, direction=-1",already_excess,15,1.9694,1.9381,3.2213,0.6114,-3.7959
jkp,factors_oaccruals_ni,JKP factor: Percent operating accruals (oaccruals_ni),vw_cap,W_select,b,"as coded, direction=-1",already_excess,27,1.8214,1.7892,3.1189,0.584,-3.7959
jkp,factors_ocf_at,JKP factor: Operating cash flow to assets (ocf_at),vw_cap,W_common,b,"as coded, direction=1",already_excess,15,-4.9993,-5.2596,9.0982,-0.5495,-9.6216
jkp,factors_ocf_at,JKP factor: Operating cash flow to assets (ocf_at),vw_cap,W_select,b,"as coded, direction=1",already_excess,27,-4.806,-4.9665,7.548,-0.6367,-13.1652
jkp,factors_ocf_at_chg1,JKP factor: Change in operating cash flow to assets (ocf_at_chg1),vw_cap,W_common,b,"as coded, direction=1",already_excess,15,9.9182,10.2817,4.4514,2.2281,-1.9573
jkp,factors_ocf_at_chg1,JKP factor: Change in operating cash flow to assets (ocf_at_chg1),vw_cap,W_select,b,"as coded, direction=1",already_excess,27,9.5859,9.9254,4.2302,2.2661,-1.9573
jkp,factors_ocf_me,JKP factor: Operating cash flow-to-market (ocf_me),vw_cap,W_common,b,"as coded, direction=1",already_excess,15,-2.2832,-2.6205,8.919,-0.256,-6.9408
jkp,factors_ocf_me,JKP factor: Operating cash flow-to-market (ocf_me),vw_cap,W_select,b,"as coded, direction=1",already_excess,27,-0.019,-0.6177,11.2064,-0.0017,-12.8763
jkp,factors_ocfq_saleq_std,JKP factor: Cash flow volatility (ocfq_saleq_std),vw_cap,W_common,b,"as coded, direction=-1",already_excess,15,-9.3815,-9.1858,6.7456,-1.3907,-12.5894
jkp,factors_ocfq_saleq_std,JKP factor: Cash flow volatility (ocfq_saleq_std),vw_cap,W_select,b,"as coded, direction=-1",already_excess,27,-10.075,-9.8223,6.7296,-1.4971,-21.9867
jkp,factors_op_at,JKP factor: Operating profits-to-book assets (op_at),vw_cap,W_common,b,"as coded, direction=1",already_excess,15,-8.2524,-8.2283,8.0073,-1.0306,-11.7016
jkp,factors_op_at,JKP factor: Operating profits-to-book assets (op_at),vw_cap,W_select,b,"as coded, direction=1",already_excess,27,-7.3906,-7.3207,6.2024,-1.1916,-16.4463
jkp,factors_op_atl1,JKP factor: Operating profits-to-lagged book assets (op_atl1),vw_cap,W_common,b,"as coded, direction=1",already_excess,15,-6.7381,-6.8207,8.0296,-0.8392,-9.8299
jkp,factors_op_atl1,JKP factor: Operating profits-to-lagged book assets (op_atl1),vw_cap,W_select,b,"as coded, direction=1",already_excess,27,-6.1098,-6.1192,6.2031,-0.985,-13.7227
jkp,factors_ope_be,JKP factor: Operating profits-to-book equity (ope_be),vw_cap,W_common,b,"as coded, direction=1",already_excess,15,-3.5654,-3.7595,7.4382,-0.4793,-7.4643
jkp,factors_ope_be,JKP factor: Operating profits-to-book equity (ope_be),vw_cap,W_select,b,"as coded, direction=1",already_excess,27,-4.8858,-5.0899,8.2124,-0.5949,-16.9319
jkp,factors_ope_bel1,JKP factor: Operating profits-to-lagged book equity (ope_bel1),vw_cap,W_common,b,"as coded, direction=1",already_excess,15,-2.5665,-2.8066,7.6576,-0.3352,-8.3212
jkp,factors_ope_bel1,JKP factor: Operating profits-to-lagged book equity (ope_bel1),vw_cap,W_select,b,"as coded, direction=1",already_excess,27,-3.9734,-4.2115,8.1317,-0.4886,-14.537
jkp,factors_opex_at,JKP factor: Operating leverage (opex_at),vw_cap,W_common,b,"as coded, direction=1",already_excess,15,-4.033,-4.12,6.0132,-0.6707,-10.203
jkp,factors_opex_at,JKP factor: Operating leverage (opex_at),vw_cap,W_select,b,"as coded, direction=1",already_excess,27,-4.7947,-4.8488,5.8641,-0.8176,-15.49
jkp,factors_pi_nix,JKP factor: Taxable income-to-book income (pi_nix),vw_cap,W_common,b,"as coded, direction=1",already_excess,15,-0.9848,-1.0267,3.1659,-0.311,-2.988
jkp,factors_pi_nix,JKP factor: Taxable income-to-book income (pi_nix),vw_cap,W_select,b,"as coded, direction=1",already_excess,27,0.4655,0.3991,3.7397,0.1245,-4.515
jkp,factors_ppeinv_gr1a,JKP factor: Change PPE and Inventory (ppeinv_gr1a),vw_cap,W_common,b,"as coded, direction=-1",already_excess,15,5.0754,5.1067,4.2584,1.1918,-4.839
jkp,factors_ppeinv_gr1a,JKP factor: Change PPE and Inventory (ppeinv_gr1a),vw_cap,W_select,b,"as coded, direction=-1",already_excess,27,0.5734,0.4789,4.4571,0.1286,-8.053
jkp,factors_prc,JKP factor: Price per share (prc),vw_cap,W_common,b,"as coded, direction=-1",already_excess,15,-4.6274,-4.8962,9.0198,-0.513,-9.5576
jkp,factors_prc,JKP factor: Price per share (prc),vw_cap,W_select,b,"as coded, direction=-1",already_excess,27,0.8749,0.5583,8.1238,0.1077,-10.7101
jkp,factors_prc_highprc_252d,JKP factor: Current price to high price over last year (prc_highprc_252d),vw_cap,W_common,b,"as coded, direction=1",already_excess,15,6.1955,5.7191,11.4107,0.543,-11.4864
jkp,factors_prc_highprc_252d,JKP factor: Current price to high price over last year (prc_highprc_252d),vw_cap,W_select,b,"as coded, direction=1",already_excess,27,5.2484,4.8446,10.1957,0.5148,-11.4864
jkp,factors_qmj,JKP factor: Quality minus Junk: Composite (qmj),vw_cap,W_common,b,"as coded, direction=1",already_excess,15,-1.1634,-1.4061,7.3181,-0.159,-7.353
jkp,factors_qmj,JKP factor: Quality minus Junk: Composite (qmj),vw_cap,W_select,b,"as coded, direction=1",already_excess,27,-1.877,-2.0816,6.8212,-0.2752,-9.5759
jkp,factors_qmj_growth,JKP factor: Quality minus Junk: Growth (qmj_growth),vw_cap,W_common,b,"as coded, direction=1",already_excess,15,1.1727,1.0994,4.1033,0.2858,-3.578
jkp,factors_qmj_growth,JKP factor: Quality minus Junk: Growth (qmj_growth),vw_cap,W_select,b,"as coded, direction=1",already_excess,27,2.8894,2.848,4.0279,0.7173,-3.578
jkp,factors_qmj_prof,JKP factor: Quality minus Junk: Profitability (qmj_prof),vw_cap,W_common,b,"as coded, direction=1",already_excess,15,-4.0938,-4.2801,7.5987,-0.5387,-7.3782
jkp,factors_qmj_prof,JKP factor: Quality minus Junk: Profitability (qmj_prof),vw_cap,W_select,b,"as coded, direction=1",already_excess,27,-5.5405,-5.5846,6.2874,-0.8812,-12.8182
jkp,factors_qmj_safety,JKP factor: Quality minus Junk: Safety (qmj_safety),vw_cap,W_common,b,"as coded, direction=1",already_excess,15,-3.7411,-3.9978,8.4131,-0.4447,-9.0265
jkp,factors_qmj_safety,JKP factor: Quality minus Junk: Safety (qmj_safety),vw_cap,W_select,b,"as coded, direction=1",already_excess,27,-4.9735,-5.1992,8.564,-0.5807,-16.8723
jkp,factors_rd5_at,JKP factor: R&D capital-to-book assets (rd5_at),vw_cap,W_common,b,"as coded, direction=1",already_excess,15,9.0702,8.7283,12.1117,0.7489,-7.7816
jkp,factors_rd5_at,JKP factor: R&D capital-to-book assets (rd5_at),vw_cap,W_select,b,"as coded, direction=1",already_excess,27,11.5694,11.3781,12.5156,0.9244,-8.6326
jkp,factors_rd_me,JKP factor: R&D-to-market (rd_me),vw_cap,W_common,b,"as coded, direction=1",already_excess,15,1.9038,1.3213,11.327,0.1681,-10.4825
jkp,factors_rd_me,JKP factor: R&D-to-market (rd_me),vw_cap,W_select,b,"as coded, direction=1",already_excess,27,6.7476,6.418,10.344,0.6523,-12.3329
jkp,factors_rd_sale,JKP factor: R&D-to-sales (rd_sale),vw_cap,W_common,b,"as coded, direction=1",already_excess,15,10.0567,9.7537,12.4562,0.8074,-7.917
jkp,factors_rd_sale,JKP factor: R&D-to-sales (rd_sale),vw_cap,W_select,b,"as coded, direction=1",already_excess,27,11.2887,10.874,13.8769,0.8135,-9.5627
jkp,factors_resff3_12_1,JKP factor: Residual momentum t-12 to t-1 (resff3_12_1),vw_cap,W_common,b,"as coded, direction=1",already_excess,15,12.3139,12.8037,6.7254,1.831,-1.6007
jkp,factors_resff3_12_1,JKP factor: Residual momentum t-12 to t-1 (resff3_12_1),vw_cap,W_select,b,"as coded, direction=1",already_excess,27,6.6414,6.6252,6.6532,0.9982,-6.2113
jkp,factors_resff3_6_1,JKP factor: Residual momentum t-6 to t-1 (resff3_6_1),vw_cap,W_common,b,"as coded, direction=1",already_excess,15,-0.5863,-0.7303,5.62,-0.1043,-6.5669
jkp,factors_resff3_6_1,JKP factor: Residual momentum t-6 to t-1 (resff3_6_1),vw_cap,W_select,b,"as coded, direction=1",already_excess,27,1.8754,1.6428,7.164,0.2618,-7.2399
jkp,factors_ret_12_1,JKP factor: Price momentum t-12 to t-1 (ret_12_1),vw_cap,W_common,b,"as coded, direction=1",already_excess,15,12.7702,13.0055,10.1711,1.2555,-5.4061
jkp,factors_ret_12_1,JKP factor: Price momentum t-12 to t-1 (ret_12_1),vw_cap,W_select,b,"as coded, direction=1",already_excess,27,7.9192,7.7086,9.9211,0.7982,-5.7663
jkp,factors_ret_12_7,JKP factor: Price momentum t-12 to t-7 (ret_12_7),vw_cap,W_common,b,"as coded, direction=1",already_excess,15,10.4731,10.635,8.4122,1.245,-2.2085
jkp,factors_ret_12_7,JKP factor: Price momentum t-12 to t-7 (ret_12_7),vw_cap,W_select,b,"as coded, direction=1",already_excess,27,7.0821,7.0009,7.8884,0.8978,-4.8888
jkp,factors_ret_1_0,JKP factor: Short-term reversal (ret_1_0),vw_cap,W_common,b,"as coded, direction=-1",already_excess,15,-4.5335,-5.024,11.4063,-0.3975,-9.2263
jkp,factors_ret_1_0,JKP factor: Short-term reversal (ret_1_0),vw_cap,W_select,b,"as coded, direction=-1",already_excess,27,-10.7208,-10.7492,11.0837,-0.9673,-26.489
jkp,factors_ret_3_1,JKP factor: Price momentum t-3 to t-1 (ret_3_1),vw_cap,W_common,b,"as coded, direction=1",already_excess,15,-7.4042,-7.722,11.1557,-0.6637,-14.1758
jkp,factors_ret_3_1,JKP factor: Price momentum t-3 to t-1 (ret_3_1),vw_cap,W_select,b,"as coded, direction=1",already_excess,27,-5.4902,-5.9825,11.5841,-0.4739,-21.5785
jkp,factors_ret_60_12,JKP factor: Long-term reversal (ret_60_12),vw_cap,W_common,b,"as coded, direction=-1",already_excess,15,0.1549,-0.0299,6.2957,0.0246,-6.7272
jkp,factors_ret_60_12,JKP factor: Long-term reversal (ret_60_12),vw_cap,W_select,b,"as coded, direction=-1",already_excess,27,-1.6858,-1.8628,6.3216,-0.2667,-8.697
jkp,factors_ret_6_1,JKP factor: Price momentum t-6 to t-1 (ret_6_1),vw_cap,W_common,b,"as coded, direction=1",already_excess,15,2.9876,2.6195,9.2046,0.3246,-6.1282
jkp,factors_ret_6_1,JKP factor: Price momentum t-6 to t-1 (ret_6_1),vw_cap,W_select,b,"as coded, direction=1",already_excess,27,2.7421,2.1281,11.5278,0.2379,-11.9224
jkp,factors_ret_9_1,JKP factor: Price momentum t-9 to t-1 (ret_9_1),vw_cap,W_common,b,"as coded, direction=1",already_excess,15,8.5825,8.315,10.9611,0.783,-7.7123
jkp,factors_ret_9_1,JKP factor: Price momentum t-9 to t-1 (ret_9_1),vw_cap,W_select,b,"as coded, direction=1",already_excess,27,6.2244,5.8243,10.6732,0.5832,-7.7123
jkp,factors_rmax1_21d,JKP factor: Maximum daily return (rmax1_21d),vw_cap,W_common,b,"as coded, direction=-1",already_excess,15,-0.9745,-1.8026,13.3279,-0.0731,-9.5775
jkp,factors_rmax1_21d,JKP factor: Maximum daily return (rmax1_21d),vw_cap,W_select,b,"as coded, direction=-1",already_excess,27,-10.2729,-10.8304,15.2317,-0.6744,-32.0632
jkp,factors_rmax5_21d,JKP factor: Highest 5 days of return (rmax5_21d),vw_cap,W_common,b,"as coded, direction=-1",already_excess,15,-3.6701,-4.7541,15.7563,-0.2329,-13.3953
jkp,factors_rmax5_21d,JKP factor: Highest 5 days of return (rmax5_21d),vw_cap,W_select,b,"as coded, direction=-1",already_excess,27,-13.466,-13.932,17.1549,-0.785,-35.132
jkp,factors_rmax5_rvol_21d,JKP factor: Highest 5 days of return scaled by volatility (rmax5_rvol_21d),vw_cap,W_common,b,"as coded, direction=-1",already_excess,15,-0.2745,-0.6593,9.1185,-0.0301,-4.5963
jkp,factors_rmax5_rvol_21d,JKP factor: Highest 5 days of return scaled by volatility (rmax5_rvol_21d),vw_cap,W_select,b,"as coded, direction=-1",already_excess,27,-6.7292,-6.818,8.0421,-0.8367,-17.4978
jkp,factors_rskew_21d,JKP factor: Total skewness (rskew_21d),vw_cap,W_common,b,"as coded, direction=-1",already_excess,15,0.2885,0.161,5.2344,0.0551,-4.9452
jkp,factors_rskew_21d,JKP factor: Total skewness (rskew_21d),vw_cap,W_select,b,"as coded, direction=-1",already_excess,27,-1.6723,-1.832,6.0098,-0.2783,-10.6908
jkp,factors_rvol_21d,JKP factor: Return volatility (rvol_21d),vw_cap,W_common,b,"as coded, direction=-1",already_excess,15,1.229,0.2877,14.1111,0.0871,-12.9436
jkp,factors_rvol_21d,JKP factor: Return volatility (rvol_21d),vw_cap,W_select,b,"as coded, direction=-1",already_excess,27,-8.1963,-9.0949,16.3712,-0.5007,-32.4627
jkp,factors_sale_bev,JKP factor: Asset turnover (sale_bev),vw_cap,W_common,b,"as coded, direction=1",already_excess,15,3.6404,3.4846,6.7395,0.5402,-5.8302
jkp,factors_sale_bev,JKP factor: Asset turnover (sale_bev),vw_cap,W_select,b,"as coded, direction=1",already_excess,27,0.9388,0.7563,6.2156,0.151,-6.4023
jkp,factors_sale_emp_gr1,JKP factor: Labor force efficiency (sale_emp_gr1),vw_cap,W_common,b,"as coded, direction=1",already_excess,15,9.077,9.1732,7.6521,1.1862,-3.1265
jkp,factors_sale_emp_gr1,JKP factor: Labor force efficiency (sale_emp_gr1),vw_cap,W_select,b,"as coded, direction=1",already_excess,27,8.2479,8.3207,6.9405,1.1884,-4.1404
jkp,factors_sale_gr1,JKP factor: Sales Growth (1 year) (sale_gr1),vw_cap,W_common,b,"as coded, direction=-1",already_excess,15,-10.5776,-10.3467,7.891,-1.3405,-13.8451
jkp,factors_sale_gr1,JKP factor: Sales Growth (1 year) (sale_gr1),vw_cap,W_select,b,"as coded, direction=-1",already_excess,27,-10.636,-10.4051,7.8569,-1.3537,-24.941
jkp,factors_sale_gr3,JKP factor: Sales Growth (3 years) (sale_gr3),vw_cap,W_common,b,"as coded, direction=-1",already_excess,15,-4.0724,-4.3973,9.4051,-0.433,-9.4525
jkp,factors_sale_gr3,JKP factor: Sales Growth (3 years) (sale_gr3),vw_cap,W_select,b,"as coded, direction=-1",already_excess,27,-5.8797,-6.0594,8.5589,-0.687,-17.8085
jkp,factors_sale_me,JKP factor: Sales-to-market (sale_me),vw_cap,W_common,b,"as coded, direction=1",already_excess,15,-2.8649,-3.1119,7.9349,-0.3611,-7.6297
jkp,factors_sale_me,JKP factor: Sales-to-market (sale_me),vw_cap,W_select,b,"as coded, direction=1",already_excess,27,-1.4323,-1.7785,8.6754,-0.1651,-12.7986
jkp,factors_saleq_gr1,JKP factor: Sales Growth (1 quarter) (saleq_gr1),vw_cap,W_common,b,"as coded, direction=-1",already_excess,15,-10.6034,-10.3288,7.2694,-1.4586,-12.777
jkp,factors_saleq_gr1,JKP factor: Sales Growth (1 quarter) (saleq_gr1),vw_cap,W_select,b,"as coded, direction=-1",already_excess,27,-10.0628,-9.8905,7.9323,-1.2686,-23.2965
jkp,factors_saleq_su,JKP factor: Standardized Revenue surprise (saleq_su),vw_cap,W_common,b,"as coded, direction=1",already_excess,15,4.2708,4.2882,3.7364,1.143,-1.37
jkp,factors_saleq_su,JKP factor: Standardized Revenue surprise (saleq_su),vw_cap,W_select,b,"as coded, direction=1",already_excess,27,4.5735,4.5835,4.1896,1.0916,-2.1249
jkp,factors_seas_11_15an,"JKP factor: Years 11-15 lagged returns, annual (seas_11_15an)",vw_cap,W_common,b,"as coded, direction=1",already_excess,15,6.44,6.4151,6.674,0.9649,-4.1449
jkp,factors_seas_11_15an,"JKP factor: Years 11-15 lagged returns, annual (seas_11_15an)",vw_cap,W_select,b,"as coded, direction=1",already_excess,27,-0.8141,-1.0139,6.5297,-0.1247,-12.7537
jkp,factors_seas_11_15na,"JKP factor: Years 11-15 lagged returns, nonannual (seas_11_15na)",vw_cap,W_common,b,"as coded, direction=-1",already_excess,15,-0.5589,-0.8414,7.8121,-0.0715,-9.936
jkp,factors_seas_11_15na,"JKP factor: Years 11-15 lagged returns, nonannual (seas_11_15na)",vw_cap,W_select,b,"as coded, direction=-1",already_excess,27,5.0129,4.9128,6.5515,0.7652,-9.936
jkp,factors_seas_16_20an,"JKP factor: Years 16-20 lagged returns, annual (seas_16_20an)",vw_cap,W_common,b,"as coded, direction=1",already_excess,15,0.696,0.5871,4.8523,0.1434,-5.54
jkp,factors_seas_16_20an,"JKP factor: Years 16-20 lagged returns, annual (seas_16_20an)",vw_cap,W_select,b,"as coded, direction=1",already_excess,27,-0.5798,-0.7244,5.5079,-0.1053,-5.5442
jkp,factors_seas_16_20na,"JKP factor: Years 16-20 lagged returns, nonannual (seas_16_20na)",vw_cap,W_common,b,"as coded, direction=-1",already_excess,15,6.9911,7.0817,5.3088,1.3169,-1.378
jkp,factors_seas_16_20na,"JKP factor: Years 16-20 lagged returns, nonannual (seas_16_20na)",vw_cap,W_select,b,"as coded, direction=-1",already_excess,27,-1.6622,-1.8213,6.0317,-0.2756,-13.793
jkp,factors_seas_1_1an,"JKP factor: Year 1-lagged return, annual (seas_1_1an)",vw_cap,W_common,b,"as coded, direction=1",already_excess,15,0.43,0.1922,7.1392,0.0602,-5.7653
jkp,factors_seas_1_1an,"JKP factor: Year 1-lagged return, annual (seas_1_1an)",vw_cap,W_select,b,"as coded, direction=1",already_excess,27,-0.6795,-0.8915,6.6814,-0.1017,-6.8129
jkp,factors_seas_1_1na,"JKP factor: Year 1-lagged return, nonannual (seas_1_1na)",vw_cap,W_common,b,"as coded, direction=1",already_excess,15,15.5585,16.3176,8.6928,1.7898,-3.2093
jkp,factors_seas_1_1na,"JKP factor: Year 1-lagged return, nonannual (seas_1_1na)",vw_cap,W_select,b,"as coded, direction=1",already_excess,27,14.3328,14.815,9.626,1.489,-3.2809
jkp,factors_seas_2_5an,"JKP factor: Years 2-5 lagged returns, annual (seas_2_5an)",vw_cap,W_common,b,"as coded, direction=1",already_excess,15,3.8435,3.7908,5.0134,0.7666,-3.5585
jkp,factors_seas_2_5an,"JKP factor: Years 2-5 lagged returns, annual (seas_2_5an)",vw_cap,W_select,b,"as coded, direction=1",already_excess,27,1.2024,0.9882,6.7821,0.1773,-7.8346
jkp,factors_seas_2_5na,"JKP factor: Years 2-5 lagged returns, nonannual (seas_2_5na)",vw_cap,W_common,b,"as coded, direction=-1",already_excess,15,-1.3441,-1.5888,7.4041,-0.1815,-8.764
jkp,factors_seas_2_5na,"JKP factor: Years 2-5 lagged returns, nonannual (seas_2_5na)",vw_cap,W_select,b,"as coded, direction=-1",already_excess,27,-4.5763,-4.887,9.3815,-0.4878,-18.4551
jkp,factors_seas_6_10an,"JKP factor: Years 6-10 lagged returns, annual (seas_6_10an)",vw_cap,W_common,b,"as coded, direction=1",already_excess,15,8.4568,8.6704,4.9292,1.7157,-3.2744
jkp,factors_seas_6_10an,"JKP factor: Years 6-10 lagged returns, annual (seas_6_10an)",vw_cap,W_select,b,"as coded, direction=1",already_excess,27,0.2146,0.0726,5.4271,0.0396,-10.2254
jkp,factors_seas_6_10na,"JKP factor: Years 6-10 lagged returns, nonannual (seas_6_10na)",vw_cap,W_common,b,"as coded, direction=-1",already_excess,15,-0.7431,-0.9928,7.3784,-0.1007,-5.7596
jkp,factors_seas_6_10na,"JKP factor: Years 6-10 lagged returns, nonannual (seas_6_10na)",vw_cap,W_select,b,"as coded, direction=-1",already_excess,27,0.7593,0.5491,6.6211,0.1147,-5.7596
jkp,factors_sti_gr1a,JKP factor: Change in short-term investments (sti_gr1a),vw_cap,W_common,b,"as coded, direction=1",already_excess,15,-2.4568,-2.4676,2.8907,-0.8499,-3.4565
jkp,factors_sti_gr1a,JKP factor: Change in short-term investments (sti_gr1a),vw_cap,W_select,b,"as coded, direction=1",already_excess,27,-2.7482,-2.746,2.6114,-1.0524,-6.1769
jkp,factors_taccruals_at,JKP factor: Total accruals (taccruals_at),vw_cap,W_common,b,"as coded, direction=-1",already_excess,15,-1.2643,-1.2987,2.999,-0.4216,-5.294
jkp,factors_taccruals_at,JKP factor: Total accruals (taccruals_at),vw_cap,W_select,b,"as coded, direction=-1",already_excess,27,-2.0934,-2.1143,2.9387,-0.7124,-6.1336
jkp,factors_taccruals_ni,JKP factor: Percent total accruals (taccruals_ni),vw_cap,W_common,b,"as coded, direction=-1",already_excess,15,2.787,2.7755,3.1382,0.8881,-2.8381
jkp,factors_taccruals_ni,JKP factor: Percent total accruals (taccruals_ni),vw_cap,W_select,b,"as coded, direction=-1",already_excess,27,0.4917,0.4511,2.9333,0.1676,-4.7421
jkp,factors_tangibility,JKP factor: Asset tangibility (tangibility),vw_cap,W_common,b,"as coded, direction=1",already_excess,15,-1.7652,-1.8639,4.9415,-0.3572,-5.8371
jkp,factors_tangibility,JKP factor: Asset tangibility (tangibility),vw_cap,W_select,b,"as coded, direction=1",already_excess,27,5.368,5.3278,5.8837,0.9124,-6.349
jkp,factors_tax_gr1a,JKP factor: Tax expense surprise (tax_gr1a),vw_cap,W_common,b,"as coded, direction=1",already_excess,15,7.899,8.0757,4.8156,1.6403,-1.8574
jkp,factors_tax_gr1a,JKP factor: Tax expense surprise (tax_gr1a),vw_cap,W_select,b,"as coded, direction=1",already_excess,27,8.0092,8.2109,4.3887,1.825,-1.8574
jkp,factors_turnover_126d,JKP factor: Share turnover (turnover_126d),vw_cap,W_common,b,"as coded, direction=-1",already_excess,15,-5.4359,-5.8112,10.662,-0.5098,-10.7511
jkp,factors_turnover_126d,JKP factor: Share turnover (turnover_126d),vw_cap,W_select,b,"as coded, direction=-1",already_excess,27,-7.3626,-7.836,12.6435,-0.5823,-23.0818
jkp,factors_turnover_var_126d,JKP factor: Coefficient of variation for share turnover (turnover_var_126d),vw_cap,W_common,b,"as coded, direction=-1",already_excess,15,-2.1369,-2.2853,6.066,-0.3523,-5.1145
jkp,factors_turnover_var_126d,JKP factor: Coefficient of variation for share turnover (turnover_var_126d),vw_cap,W_select,b,"as coded, direction=-1",already_excess,27,-1.8246,-2.0522,7.1789,-0.2542,-11.8581
jkp,factors_z_score,JKP factor: Altman Z-score (z_score),vw_cap,W_common,b,"as coded, direction=1",already_excess,15,-2.4432,-2.573,5.8734,-0.416,-8.1297
jkp,factors_z_score,JKP factor: Altman Z-score (z_score),vw_cap,W_select,b,"as coded, direction=1",already_excess,27,-3.6011,-3.7371,6.4611,-0.5574,-12.8818
jkp,factors_zero_trades_126d,JKP factor: Number of zero trades with turnover as tiebreaker (6 months) (zero_trades_126d),vw_cap,W_common,b,"as coded, direction=1",already_excess,15,-5.6884,-6.0405,10.5582,-0.5388,-10.7888
jkp,factors_zero_trades_126d,JKP factor: Number of zero trades with turnover as tiebreaker (6 months) (zero_trades_126d),vw_cap,W_select,b,"as coded, direction=1",already_excess,27,-7.556,-8.0096,12.5923,-0.6,-23.1116
jkp,factors_zero_trades_21d,JKP factor: Number of zero trades with turnover as tiebreaker (1 month) (zero_trades_21d),vw_cap,W_common,b,"as coded, direction=1",already_excess,15,-3.8937,-4.2442,9.6299,-0.4043,-8.7204
jkp,factors_zero_trades_21d,JKP factor: Number of zero trades with turnover as tiebreaker (1 month) (zero_trades_21d),vw_cap,W_select,b,"as coded, direction=1",already_excess,27,-5.6989,-6.1483,11.4501,-0.4977,-20.9193
jkp,factors_zero_trades_252d,JKP factor: Number of zero trades with turnover as tiebreaker (12 months) (zero_trades_252d),vw_cap,W_common,b,"as coded, direction=1",already_excess,15,-4.6001,-5.0253,10.7531,-0.4278,-10.7483
jkp,factors_zero_trades_252d,JKP factor: Number of zero trades with turnover as tiebreaker (12 months) (zero_trades_252d),vw_cap,W_select,b,"as coded, direction=1",already_excess,27,-7.5487,-8.0324,12.8474,-0.5876,-24.2442
jkp,themes_accruals,JKP theme: Accruals Theme (accruals),vw_cap,W_common,b,composite of member factors (already directional),already_excess,15,1.7911,1.7812,2.2884,0.7827,-2.4067
jkp,themes_accruals,JKP theme: Accruals Theme (accruals),vw_cap,W_select,b,composite of member factors (already directional),already_excess,27,-0.0875,-0.1096,2.15,-0.0407,-3.2155
jkp,themes_debt_issuance,JKP theme: Debt Issuance Theme (debt_issuance),vw_cap,W_common,b,composite of member factors (already directional),already_excess,15,1.035,1.0188,2.1171,0.4888,-1.7396
jkp,themes_debt_issuance,JKP theme: Debt Issuance Theme (debt_issuance),vw_cap,W_select,b,composite of member factors (already directional),already_excess,27,1.346,1.3269,2.3739,0.567,-2.4293
jkp,themes_investment,JKP theme: Investment Theme (investment),vw_cap,W_common,b,composite of member factors (already directional),already_excess,15,-0.9046,-0.9537,3.3762,-0.2679,-2.9554
jkp,themes_investment,JKP theme: Investment Theme (investment),vw_cap,W_select,b,composite of member factors (already directional),already_excess,27,-1.5502,-1.5985,3.5284,-0.4394,-6.8841
jkp,themes_low_leverage,JKP theme: Low Leverage Theme (low_leverage),vw_cap,W_common,b,composite of member factors (already directional),already_excess,15,0.8605,0.6586,6.6033,0.1303,-5.8146
jkp,themes_low_leverage,JKP theme: Low Leverage Theme (low_leverage),vw_cap,W_select,b,composite of member factors (already directional),already_excess,27,2.6944,2.415,7.9547,0.3387,-8.3146
jkp,themes_low_risk,JKP theme: Low Risk Theme (low_risk),vw_cap,W_common,b,composite of member factors (already directional),already_excess,15,-2.8672,-3.2945,10.0698,-0.2847,-9.1027
jkp,themes_low_risk,JKP theme: Low Risk Theme (low_risk),vw_cap,W_select,b,composite of member factors (already directional),already_excess,27,-7.3192,-7.7445,12.1673,-0.6016,-24.4395
jkp,themes_momentum,JKP theme: Momentum Theme (momentum),vw_cap,W_common,b,composite of member factors (already directional),already_excess,15,6.3022,6.2163,7.391,0.8527,-4.7867
jkp,themes_momentum,JKP theme: Momentum Theme (momentum),vw_cap,W_select,b,composite of member factors (already directional),already_excess,27,4.9367,4.7454,7.8023,0.6327,-6.1078
jkp,themes_profit_growth,JKP theme: Profit Growth Theme (profit_growth),vw_cap,W_common,b,composite of member factors (already directional),already_excess,15,7.1452,7.3298,3.3066,2.1609,-0.9671
jkp,themes_profit_growth,JKP theme: Profit Growth Theme (profit_growth),vw_cap,W_select,b,composite of member factors (already directional),already_excess,27,7.016,7.1932,3.2178,2.1804,-1.4062
jkp,themes_profitability,JKP theme: Profitability Theme (profitability),vw_cap,W_common,b,composite of member factors (already directional),already_excess,15,-1.2182,-1.4306,6.868,-0.1774,-7.0391
jkp,themes_profitability,JKP theme: Profitability Theme (profitability),vw_cap,W_select,b,composite of member factors (already directional),already_excess,27,-2.0727,-2.2842,6.9801,-0.2969,-10.8553
jkp,themes_quality,JKP theme: Quality Theme (quality),vw_cap,W_common,b,composite of member factors (already directional),already_excess,15,-3.1053,-3.2277,6.0341,-0.5146,-5.4107
jkp,themes_quality,JKP theme: Quality Theme (quality),vw_cap,W_select,b,composite of member factors (already directional),already_excess,27,-3.5196,-3.5714,4.7998,-0.7333,-8.5578
jkp,themes_seasonality,JKP theme: Seasonality Theme (seasonality),vw_cap,W_common,b,composite of member factors (already directional),already_excess,15,0.615,0.6065,1.4822,0.415,-1.2409
jkp,themes_seasonality,JKP theme: Seasonality Theme (seasonality),vw_cap,W_select,b,composite of member factors (already directional),already_excess,27,0.73,0.7185,1.6965,0.4303,-1.8581
jkp,themes_short_term_reversal,JKP theme: Short-Term Reversal Theme (short_term_reversal),vw_cap,W_common,b,composite of member factors (already directional),already_excess,15,0.2456,0.0846,5.8796,0.0418,-4.1293
jkp,themes_short_term_reversal,JKP theme: Short-Term Reversal Theme (short_term_reversal),vw_cap,W_select,b,composite of member factors (already directional),already_excess,27,-4.3221,-4.3896,5.7208,-0.7555,-14.3344
jkp,themes_size,JKP theme: Size Theme (size),vw_cap,W_common,b,composite of member factors (already directional),already_excess,15,-2.7055,-3.0748,9.4596,-0.286,-8.5349
jkp,themes_size,JKP theme: Size Theme (size),vw_cap,W_select,b,composite of member factors (already directional),already_excess,27,0.5513,0.2151,8.3939,0.0657,-12.2941
jkp,themes_value,JKP theme: Value Theme (value),vw_cap,W_common,b,composite of member factors (already directional),already_excess,15,-2.7568,-2.956,7.1872,-0.3836,-5.8385
jkp,themes_value,JKP theme: Value Theme (value),vw_cap,W_select,b,composite of member factors (already directional),already_excess,27,-2.1707,-2.5345,9.0535,-0.2398,-13.1946
osap,OSAP_AM,OSAP predictor: Total assets to market (AM),na,W_common,b,per original paper (OSAP sign convention),already_excess,15,2.6872,2.0387,11.8983,0.2258,-9.2079
osap,OSAP_AOP,OSAP predictor: Analyst Optimism (AOP),na,W_common,b,per original paper (OSAP sign convention),already_excess,15,1.5056,1.4039,4.9199,0.306,-2.7302
osap,OSAP_AbnormalAccruals,OSAP predictor: Abnormal Accruals (AbnormalAccruals),na,W_common,b,per original paper (OSAP sign convention),already_excess,15,-2.3639,-3.2059,13.8333,-0.1709,-15.4389
osap,OSAP_Accruals,OSAP predictor: Accruals (Accruals),na,W_common,b,per original paper (OSAP sign convention),already_excess,15,-9.0841,-8.8409,5.3674,-1.6925,-10.6623
osap,OSAP_AccrualsBM,OSAP predictor: Book-to-market and accruals (AccrualsBM),na,W_common,b,per original paper (OSAP sign convention),already_excess,15,6.2986,1.641,33.3017,0.1891,-17.3151
osap,OSAP_AdExp,OSAP predictor: Advertising Expense (AdExp),na,W_common,b,per original paper (OSAP sign convention),already_excess,15,-9.682,-10.3057,15.9881,-0.6056,-15.0703
osap,OSAP_AgeIPO,OSAP predictor: IPO and age (AgeIPO),na,W_common,b,per original paper (OSAP sign convention),already_excess,15,51.4939,62.4497,21.1763,2.4317,-5.6316
osap,OSAP_AnalystRevision,OSAP predictor: EPS forecast revision (AnalystRevision),na,W_common,b,per original paper (OSAP sign convention),already_excess,15,4.7451,4.7099,5.3946,0.8796,-2.9855
osap,OSAP_AnalystValue,OSAP predictor: Analyst Value (AnalystValue),na,W_common,b,per original paper (OSAP sign convention),already_excess,15,-8.1338,-9.3083,18.1302,-0.4486,-24.9928
osap,OSAP_AnnouncementReturn,OSAP predictor: Earnings announcement return (AnnouncementReturn),na,W_common,b,per original paper (OSAP sign convention),already_excess,15,-1.2719,-1.5129,7.2863,-0.1746,-5.7709
osap,OSAP_AssetGrowth,OSAP predictor: Asset growth (AssetGrowth),na,W_common,b,per original paper (OSAP sign convention),already_excess,15,-2.0209,-2.6755,12.1038,-0.167,-19.0519
osap,OSAP_BM,"OSAP predictor: Book to market, original (Stattman 1980) (BM)",na,W_common,b,per original paper (OSAP sign convention),already_excess,15,2.5282,1.981,11.1354,0.227,-7.3272
osap,OSAP_BMdec,OSAP predictor: Book to market using December ME (BMdec),na,W_common,b,per original paper (OSAP sign convention),already_excess,15,8.3575,8.2097,9.6804,0.8633,-5.874
osap,OSAP_BPEBM,OSAP predictor: Leverage component of BM (BPEBM),na,W_common,b,per original paper (OSAP sign convention),already_excess,15,0.1493,-0.1209,7.6285,0.0196,-8.272
osap,OSAP_Beta,OSAP predictor: CAPM beta (Beta),na,W_common,b,per original paper (OSAP sign convention),already_excess,15,12.4031,10.7019,21.8039,0.5688,-8.4379
osap,OSAP_BetaFP,OSAP predictor: Frazzini-Pedersen Beta (BetaFP),na,W_common,b,per original paper (OSAP sign convention),already_excess,15,7.2518,3.1677,29.9876,0.2418,-14.0473
osap,OSAP_BetaLiquidityPS,OSAP predictor: Pastor-Stambaugh liquidity beta (BetaLiquidityPS),na,W_common,b,per original paper (OSAP sign convention),already_excess,15,23.2434,25.5231,8.0474,2.8883,-2.4171
osap,OSAP_BetaTailRisk,OSAP predictor: Tail risk beta (BetaTailRisk),na,W_common,b,per original paper (OSAP sign convention),already_excess,15,10.4501,10.2745,11.6699,0.8955,-4.2316
osap,OSAP_BidAskSpread,OSAP predictor: Bid-ask spread (BidAskSpread),na,W_common,b,per original paper (OSAP sign convention),already_excess,15,-8.3663,-10.3192,22.8065,-0.3668,-23.7255
osap,OSAP_BookLeverage,OSAP predictor: Book leverage (annual) (BookLeverage),na,W_common,b,per original paper (OSAP sign convention),already_excess,15,-12.7747,-12.5896,11.4715,-1.1136,-15.9461
osap,OSAP_BrandInvest,OSAP predictor: Brand capital investment (BrandInvest),na,W_common,b,per original paper (OSAP sign convention),already_excess,15,-17.9801,-17.7866,17.9165,-1.0036,-29.6739
osap,OSAP_CBOperProf,OSAP predictor: Cash-based operating profitability (CBOperProf),na,W_common,b,per original paper (OSAP sign convention),already_excess,15,0.9946,-2.6569,27.8151,0.0358,-21.9371
osap,OSAP_CF,OSAP predictor: Cash flow to market (CF),na,W_common,b,per original paper (OSAP sign convention),already_excess,15,4.0679,2.7893,16.6926,0.2437,-16.4133
osap,OSAP_Cash,OSAP predictor: Cash to assets (Cash),na,W_common,b,per original paper (OSAP sign convention),already_excess,15,4.946,1.6162,26.8461,0.1842,-23.5916
osap,OSAP_CashProd,OSAP predictor: Cash Productivity (CashProd),na,W_common,b,per original paper (OSAP sign convention),already_excess,15,2.9099,2.3348,11.362,0.2561,-8.0574
osap,OSAP_ChAssetTurnover,OSAP predictor: Change in Asset Turnover (ChAssetTurnover),na,W_common,b,per original paper (OSAP sign convention),already_excess,15,-0.4075,-0.5869,6.222,-0.0655,-6.0559
osap,OSAP_ChEQ,OSAP predictor: Growth in book equity (ChEQ),na,W_common,b,per original paper (OSAP sign convention),already_excess,15,2.6023,1.9871,11.7202,0.222,-15.3374
osap,OSAP_ChForecastAccrual,OSAP predictor: Change in Forecast and Accrual (ChForecastAccrual),na,W_common,b,per original paper (OSAP sign convention),already_excess,15,2.6612,2.6701,2.2362,1.1901,-1.2556
osap,OSAP_ChInv,OSAP predictor: Inventory Growth (ChInv),na,W_common,b,per original paper (OSAP sign convention),already_excess,15,0.0637,-0.1803,7.2485,0.0088,-7.5056
osap,OSAP_ChInvIA,OSAP predictor: Change in capital inv (ind adj) (ChInvIA),na,W_common,b,per original paper (OSAP sign convention),already_excess,15,-1.1666,-1.3527,6.4544,-0.1807,-7.2344
osap,OSAP_ChNAnalyst,OSAP predictor: Decline in Analyst Coverage (ChNAnalyst),na,W_common,b,per original paper (OSAP sign convention),already_excess,15,0.5428,-0.1322,12.0379,0.0451,-8.9995
osap,OSAP_ChNNCOA,OSAP predictor: Change in Net Noncurrent Op Assets (ChNNCOA),na,W_common,b,per original paper (OSAP sign convention),already_excess,15,-6.9106,-6.8014,4.8691,-1.4193,-8.6206
osap,OSAP_ChNWC,OSAP predictor: Change in Net Working Capital (ChNWC),na,W_common,b,per original paper (OSAP sign convention),already_excess,15,-0.3333,-0.4321,4.6199,-0.0722,-3.2277
osap,OSAP_ChTax,OSAP predictor: Change in Taxes (ChTax),na,W_common,b,per original paper (OSAP sign convention),already_excess,15,12.5118,13.0864,5.7104,2.191,-2.3659
osap,OSAP_ChangeInRecommendation,OSAP predictor: Change in recommendation (ChangeInRecommendation),na,W_common,b,per original paper (OSAP sign convention),already_excess,15,3.5317,3.3323,7.3207,0.4824,-4.2316
osap,OSAP_CitationsRD,OSAP predictor: Citations to RD expenses (CitationsRD),na,W_common,b,per original paper (OSAP sign convention),already_excess,15,-8.246,-8.5373,11.7622,-0.7011,-15.4292
osap,OSAP_CompEquIss,OSAP predictor: Composite equity issuance (CompEquIss),na,W_common,b,per original paper (OSAP sign convention),already_excess,15,5.2887,5.1453,7.4954,0.7056,-3.3723
osap,OSAP_CompositeDebtIssuance,OSAP predictor: Composite debt issuance (CompositeDebtIssuance),na,W_common,b,per original paper (OSAP sign convention),already_excess,15,-2.3068,-2.417,5.4204,-0.4256,-5.0096
osap,OSAP_ConsRecomm,OSAP predictor: Consensus Recommendation (ConsRecomm),na,W_common,b,per original paper (OSAP sign convention),already_excess,15,-8.0196,-8.2818,11.1652,-0.7183,-14.4046
osap,OSAP_ConvDebt,OSAP predictor: Convertible debt indicator (ConvDebt),na,W_common,b,per original paper (OSAP sign convention),already_excess,15,5.0484,4.7342,9.3102,0.5422,-7.3884
osap,OSAP_CoskewACX,OSAP predictor: Coskewness using daily returns (CoskewACX),na,W_common,b,per original paper (OSAP sign convention),already_excess,15,-10.2222,-10.7731,15.2136,-0.6719,-20.992
osap,OSAP_Coskewness,OSAP predictor: Coskewness (Coskewness),na,W_common,b,per original paper (OSAP sign convention),already_excess,15,15.7538,16.6635,7.2374,2.1767,-2.7871
osap,OSAP_CredRatDG,OSAP predictor: Credit Rating Downgrade (CredRatDG),na,W_common,b,per original paper (OSAP sign convention),already_excess,15,-7.2019,-7.263,8.1979,-0.8785,-13.145
osap,OSAP_CustomerMomentum,OSAP predictor: Customer momentum (CustomerMomentum),na,W_common,b,per original paper (OSAP sign convention),already_excess,15,-2.5406,-3.2489,12.7157,-0.1998,-8.5564
osap,OSAP_DebtIssuance,OSAP predictor: Debt Issuance (DebtIssuance),na,W_common,b,per original paper (OSAP sign convention),already_excess,15,-1.7653,-1.9554,6.6582,-0.2651,-10.0345
osap,OSAP_DelBreadth,OSAP predictor: Breadth of ownership (DelBreadth),na,W_common,b,per original paper (OSAP sign convention),already_excess,15,14.1746,14.6318,9.7849,1.4486,-4.6749
osap,OSAP_DelCOA,OSAP predictor: Change in current operating assets (DelCOA),na,W_common,b,per original paper (OSAP sign convention),already_excess,15,1.757,1.6875,4.2081,0.4175,-2.0843
osap,OSAP_DelCOL,OSAP predictor: Change in current operating liabilities (DelCOL),na,W_common,b,per original paper (OSAP sign convention),already_excess,15,0.6654,0.3618,8.0795,0.0824,-7.0695
osap,OSAP_DelDRC,OSAP predictor: Deferred Revenue (DelDRC),na,W_common,b,per original paper (OSAP sign convention),already_excess,15,3.7062,3.5839,6.1983,0.5979,-5.7808
osap,OSAP_DelEqu,OSAP predictor: Change in equity to assets (DelEqu),na,W_common,b,per original paper (OSAP sign convention),already_excess,15,-0.8368,-1.6365,13.2836,-0.063,-19.4924
osap,OSAP_DelFINL,OSAP predictor: Change in financial liabilities (DelFINL),na,W_common,b,per original paper (OSAP sign convention),already_excess,15,2.0408,1.7819,7.6473,0.2669,-8.7992
osap,OSAP_DelLTI,OSAP predictor: Change in long-term investment (DelLTI),na,W_common,b,per original paper (OSAP sign convention),already_excess,15,3.3231,3.2527,5.0469,0.6584,-2.093
osap,OSAP_DelNetFin,OSAP predictor: Change in net financial assets (DelNetFin),na,W_common,b,per original paper (OSAP sign convention),already_excess,15,1.0398,0.9064,5.4094,0.1922,-5.2647
osap,OSAP_DivInit,OSAP predictor: Dividend Initiation (DivInit),na,W_common,b,per original paper (OSAP sign convention),already_excess,15,18.645,18.7453,17.2654,1.0799,-8.9199
osap,OSAP_DivOmit,OSAP predictor: Dividend Omission (DivOmit),na,W_common,b,per original paper (OSAP sign convention),already_excess,15,18.2926,18.8682,13.8695,1.3189,-7.5378
osap,OSAP_DivSeason,OSAP predictor: Dividend seasonality (DivSeason),na,W_common,b,per original paper (OSAP sign convention),already_excess,15,1.9676,1.9699,1.8056,1.0897,-1.7298
osap,OSAP_DivYieldST,OSAP predictor: Predicted div yield next month (DivYieldST),na,W_common,b,per original paper (OSAP sign convention),already_excess,15,5.7896,5.8111,5.2414,1.1046,-3.6997
osap,OSAP_DolVol,OSAP predictor: Past trading volume (DolVol),na,W_common,b,per original paper (OSAP sign convention),already_excess,15,-5.235,-5.4705,9.0772,-0.5767,-13.0508
osap,OSAP_DownRecomm,OSAP predictor: Down forecast EPS (DownRecomm),na,W_common,b,per original paper (OSAP sign convention),already_excess,15,4.9471,4.923,5.322,0.9296,-2.209
osap,OSAP_EBM,OSAP predictor: Enterprise component of BM (EBM),na,W_common,b,per original paper (OSAP sign convention),already_excess,15,1.4447,1.312,5.5033,0.2625,-3.0085
osap,OSAP_EP,OSAP predictor: Earnings-to-Price Ratio (EP),na,W_common,b,per original paper (OSAP sign convention),already_excess,15,-7.5269,-7.5007,7.2538,-1.0377,-12.8896
osap,OSAP_EarnSupBig,OSAP predictor: Earnings surprise of big firms (EarnSupBig),na,W_common,b,per original paper (OSAP sign convention),already_excess,15,15.1053,15.751,9.2063,1.6408,-7.3213
osap,OSAP_EarningsConsistency,OSAP predictor: Earnings consistency (EarningsConsistency),na,W_common,b,per original paper (OSAP sign convention),already_excess,15,7.5969,7.7268,5.3021,1.4328,-2.9028
osap,OSAP_EarningsForecastDisparity,OSAP predictor: Long-vs-short EPS forecasts (EarningsForecastDisparity),na,W_common,b,per original paper (OSAP sign convention),already_excess,15,4.0434,3.7601,8.6045,0.4699,-5.7395
osap,OSAP_EarningsStreak,OSAP predictor: Earnings surprise streak (EarningsStreak),na,W_common,b,per original paper (OSAP sign convention),already_excess,15,14.3596,15.1195,6.5686,2.1861,-1.6995
osap,OSAP_EarningsSurprise,OSAP predictor: Earnings Surprise (EarningsSurprise),na,W_common,b,per original paper (OSAP sign convention),already_excess,15,10.4221,10.6596,7.4391,1.401,-2.4644
osap,OSAP_EntMult,OSAP predictor: Enterprise Multiple (EntMult),na,W_common,b,per original paper (OSAP sign convention),already_excess,15,-3.7442,-4.282,11.5646,-0.3238,-8.6853
osap,OSAP_EquityDuration,OSAP predictor: Equity Duration (EquityDuration),na,W_common,b,per original paper (OSAP sign convention),already_excess,15,0.5113,-0.3373,13.4828,0.0379,-12.4961
osap,OSAP_ExchSwitch,OSAP predictor: Exchange Switch (ExchSwitch),na,W_common,b,per original paper (OSAP sign convention),already_excess,15,-5.6768,-6.461,14.5751,-0.3895,-14.5735
osap,OSAP_ExclExp,OSAP predictor: Excluded Expenses (ExclExp),na,W_common,b,per original paper (OSAP sign convention),already_excess,15,3.4459,3.425,3.9668,0.8687,-2.7794
osap,OSAP_FEPS,OSAP predictor: Analyst earnings per share (FEPS),na,W_common,b,per original paper (OSAP sign convention),already_excess,15,5.6545,3.8664,19.6863,0.2872,-19.6859
osap,OSAP_FR,OSAP predictor: Pension Funding Status (FR),na,W_common,b,per original paper (OSAP sign convention),already_excess,15,4.5812,4.3595,8.144,0.5625,-7.3702
osap,OSAP_FirmAge,OSAP predictor: Firm age based on CRSP (FirmAge),na,W_common,b,per original paper (OSAP sign convention),already_excess,15,3.4162,2.5842,13.6533,0.2502,-11.0596
osap,OSAP_FirmAgeMom,OSAP predictor: Firm Age - Momentum (FirmAgeMom),na,W_common,b,per original paper (OSAP sign convention),already_excess,15,-4.3378,-4.814,11.1806,-0.388,-9.4166
osap,OSAP_ForecastDispersion,OSAP predictor: EPS Forecast Dispersion (ForecastDispersion),na,W_common,b,per original paper (OSAP sign convention),already_excess,15,-2.3778,-2.9253,11.2809,-0.2108,-9.2711
osap,OSAP_Frontier,OSAP predictor: Efficient frontier index (Frontier),na,W_common,b,per original paper (OSAP sign convention),already_excess,15,-1.8514,-6.7739,35.1929,-0.0526,-18.277
osap,OSAP_GP,OSAP predictor: gross profits / total assets (GP),na,W_common,b,per original paper (OSAP sign convention),already_excess,15,22.6625,23.4694,17.0151,1.3319,-12.0289
osap,OSAP_GrAdExp,OSAP predictor: Growth in advertising expenses (GrAdExp),na,W_common,b,per original paper (OSAP sign convention),already_excess,15,12.046,12.4546,7.3431,1.6405,-4.7789
osap,OSAP_GrLTNOA,OSAP predictor: Growth in long term operating assets (GrLTNOA),na,W_common,b,per original paper (OSAP sign convention),already_excess,15,-2.9735,-3.0212,4.4033,-0.6753,-6.4217
osap,OSAP_GrSaleToGrInv,OSAP predictor: Sales growth over inventory growth (GrSaleToGrInv),na,W_common,b,per original paper (OSAP sign convention),already_excess,15,4.393,4.1723,8.0207,0.5477,-3.6018
osap,OSAP_GrSaleToGrOverhead,OSAP predictor: Sales growth over overhead growth (GrSaleToGrOverhead),na,W_common,b,per original paper (OSAP sign convention),already_excess,15,11.5927,11.8455,8.637,1.3422,-6.6156
osap,OSAP_Herf,OSAP predictor: Industry concentration (sales) (Herf),na,W_common,b,per original paper (OSAP sign convention),already_excess,15,-8.7375,-8.8811,10.5741,-0.8263,-17.9753
osap,OSAP_HerfAsset,OSAP predictor: Industry concentration (assets) (HerfAsset),na,W_common,b,per original paper (OSAP sign convention),already_excess,15,-4.3377,-4.9368,12.3633,-0.3509,-17.4651
osap,OSAP_HerfBE,OSAP predictor: Industry concentration (equity) (HerfBE),na,W_common,b,per original paper (OSAP sign convention),already_excess,15,-3.35,-4.0871,13.2082,-0.2536,-16.6542
osap,OSAP_High52,OSAP predictor: 52 week high (High52),na,W_common,b,per original paper (OSAP sign convention),already_excess,15,6.9561,6.2276,13.9678,0.498,-8.8577
osap,OSAP_IO_ShortInterest,OSAP predictor: Inst own among high short interest (IO_ShortInterest),na,W_common,b,per original paper (OSAP sign convention),already_excess,15,127.4925,147.6928,83.1995,1.5324,-51.3811
osap,OSAP_IdioVol3F,OSAP predictor: Idiosyncratic risk (3 factor) (IdioVol3F),na,W_common,b,per original paper (OSAP sign convention),already_excess,15,-3.2384,-4.8924,19.2419,-0.1683,-18.5823
osap,OSAP_IdioVolAHT,OSAP predictor: Idiosyncratic risk (AHT) (IdioVolAHT),na,W_common,b,per original paper (OSAP sign convention),already_excess,15,-6.1423,-8.8798,25.5819,-0.2401,-22.5932
osap,OSAP_Illiquidity,OSAP predictor: Amihud's illiquidity (Illiquidity),na,W_common,b,per original paper (OSAP sign convention),already_excess,15,-1.6593,-1.7605,4.9687,-0.334,-3.964
osap,OSAP_IndIPO,OSAP predictor: Initial Public Offerings (IndIPO),na,W_common,b,per original paper (OSAP sign convention),already_excess,15,16.2045,16.6071,12.6453,1.2815,-6.6133
osap,OSAP_IndMom,OSAP predictor: Industry Momentum (IndMom),na,W_common,b,per original paper (OSAP sign convention),already_excess,15,2.0903,1.5726,10.555,0.198,-6.7152
osap,OSAP_IndRetBig,OSAP predictor: Industry return of big firms (IndRetBig),na,W_common,b,per original paper (OSAP sign convention),already_excess,15,8.4409,8.3119,9.6936,0.8708,-6.713
osap,OSAP_IntMom,OSAP predictor: Intermediate Momentum (IntMom),na,W_common,b,per original paper (OSAP sign convention),already_excess,15,63.4098,74.6314,36.4413,1.7401,-17.2898
osap,OSAP_IntanBM,OSAP predictor: Intangible return using BM (IntanBM),na,W_common,b,per original paper (OSAP sign convention),already_excess,15,-9.0065,-9.31,12.5008,-0.7205,-15.9521
osap,OSAP_IntanCFP,OSAP predictor: Intangible return using CFtoP (IntanCFP),na,W_common,b,per original paper (OSAP sign convention),already_excess,15,-7.0607,-7.3228,10.4306,-0.6769,-12.1954
osap,OSAP_IntanEP,OSAP predictor: Intangible return using EP (IntanEP),na,W_common,b,per original paper (OSAP sign convention),already_excess,15,-2.1222,-2.5352,9.6767,-0.2193,-10.1299
osap,OSAP_IntanSP,OSAP predictor: Intangible return using Sale2P (IntanSP),na,W_common,b,per original paper (OSAP sign convention),already_excess,15,-3.9065,-4.4526,11.7209,-0.3333,-5.4088
osap,OSAP_InvGrowth,OSAP predictor: Inventory Growth (InvGrowth),na,W_common,b,per original paper (OSAP sign convention),already_excess,15,3.0212,2.3241,12.371,0.2442,-8.867
osap,OSAP_InvestPPEInv,OSAP predictor: change in ppe and inv/assets (InvestPPEInv),na,W_common,b,per original paper (OSAP sign convention),already_excess,15,-0.9174,-0.9819,3.8416,-0.2388,-2.6842
osap,OSAP_Investment,OSAP predictor: Investment to revenue (Investment),na,W_common,b,per original paper (OSAP sign convention),already_excess,15,6.2356,5.9942,9.2889,0.6713,-7.7784
osap,OSAP_LRreversal,OSAP predictor: Long-run reversal (LRreversal),na,W_common,b,per original paper (OSAP sign convention),already_excess,15,-9.5023,-10.1261,15.4499,-0.615,-19.5188
osap,OSAP_Leverage,OSAP predictor: Market leverage (Leverage),na,W_common,b,per original paper (OSAP sign convention),already_excess,15,-0.6925,-1.5125,13.2208,-0.0524,-11.9996
osap,OSAP_MRreversal,OSAP predictor: Medium-run reversal (MRreversal),na,W_common,b,per original paper (OSAP sign convention),already_excess,15,-5.3318,-6.8335,19.2255,-0.2773,-23.1934
osap,OSAP_MS,OSAP predictor: Mohanram G-score (MS),na,W_common,b,per original paper (OSAP sign convention),already_excess,15,-1.6275,-1.9806,8.9531,-0.1818,-10.0388
osap,OSAP_MaxRet,OSAP predictor: Maximum return over month (MaxRet),na,W_common,b,per original paper (OSAP sign convention),already_excess,15,-12.029,-16.31,33.6815,-0.3571,-35.0417
osap,OSAP_MeanRankRevGrowth,OSAP predictor: Revenue Growth Rank (MeanRankRevGrowth),na,W_common,b,per original paper (OSAP sign convention),already_excess,15,11.188,11.2356,10.5348,1.062,-3.1029
osap,OSAP_Mom12m,OSAP predictor: Momentum (12 month) (Mom12m),na,W_common,b,per original paper (OSAP sign convention),already_excess,15,40.9363,43.7865,28.0368,1.4601,-22.5286
osap,OSAP_Mom12mOffSeason,OSAP predictor: Momentum without the seasonal part (Mom12mOffSeason),na,W_common,b,per original paper (OSAP sign convention),already_excess,15,9.6343,7.4772,22.5659,0.4269,-15.169
osap,OSAP_Mom6m,OSAP predictor: Momentum (6 month) (Mom6m),na,W_common,b,per original paper (OSAP sign convention),already_excess,15,20.7259,18.5253,26.4342,0.7841,-22.351
osap,OSAP_Mom6mJunk,OSAP predictor: Junk Stock Momentum (Mom6mJunk),na,W_common,b,per original paper (OSAP sign convention),already_excess,15,8.2695,7.0135,17.7058,0.467,-10.675
osap,OSAP_MomOffSeason,OSAP predictor: Off season long-term reversal (MomOffSeason),na,W_common,b,per original paper (OSAP sign convention),already_excess,15,9.9502,9.4963,13.599,0.7317,-9.4323
osap,OSAP_MomOffSeason06YrPlus,OSAP predictor: Off season reversal years 6 to 10 (MomOffSeason06YrPlus),na,W_common,b,per original paper (OSAP sign convention),already_excess,15,-11.3512,-11.6766,14.5355,-0.7809,-21.253
osap,OSAP_MomOffSeason11YrPlus,OSAP predictor: Off season reversal years 11 to 15 (MomOffSeason11YrPlus),na,W_common,b,per original paper (OSAP sign convention),already_excess,15,-3.9673,-4.6811,13.1487,-0.3017,-15.9488
osap,OSAP_MomOffSeason16YrPlus,OSAP predictor: Off season reversal years 16 to 20 (MomOffSeason16YrPlus),na,W_common,b,per original paper (OSAP sign convention),already_excess,15,7.8154,7.5349,10.6569,0.7334,-11.2747
osap,OSAP_MomRev,OSAP predictor: Momentum and LT Reversal (MomRev),na,W_common,b,per original paper (OSAP sign convention),already_excess,15,-35.0729,-38.0383,43.6279,-0.8039,-53.1876
osap,OSAP_MomSeason,OSAP predictor: Return seasonality years 2 to 5 (MomSeason),na,W_common,b,per original paper (OSAP sign convention),already_excess,15,-25.7288,-23.8744,15.6915,-1.6397,-31.6789
osap,OSAP_MomSeason06YrPlus,OSAP predictor: Return seasonality years 6 to 10 (MomSeason06YrPlus),na,W_common,b,per original paper (OSAP sign convention),already_excess,15,-19.932,-20.6622,23.3777,-0.8526,-28.0084
osap,OSAP_MomSeason11YrPlus,OSAP predictor: Return seasonality years 11 to 15 (MomSeason11YrPlus),na,W_common,b,per original paper (OSAP sign convention),already_excess,15,-3.47,-4.0861,12.2509,-0.2832,-11.8727
osap,OSAP_MomSeason16YrPlus,OSAP predictor: Return seasonality years 16 to 20 (MomSeason16YrPlus),na,W_common,b,per original paper (OSAP sign convention),already_excess,15,-7.4228,-7.521,8.8991,-0.8341,-11.8012
osap,OSAP_MomSeasonShort,OSAP predictor: Return seasonality last year (MomSeasonShort),na,W_common,b,per original paper (OSAP sign convention),already_excess,15,12.8836,13.0607,10.8259,1.1901,-4.3813
osap,OSAP_MomVol,OSAP predictor: Momentum in high volume stocks (MomVol),na,W_common,b,per original paper (OSAP sign convention),already_excess,15,53.1155,60.6065,32.4453,1.6371,-15.827
osap,OSAP_NOA,OSAP predictor: Net Operating Assets (NOA),na,W_common,b,per original paper (OSAP sign convention),already_excess,15,-5.0836,-5.857,14.2992,-0.3555,-18.0997
osap,OSAP_NetDebtFinance,OSAP predictor: Net debt financing (NetDebtFinance),na,W_common,b,per original paper (OSAP sign convention),already_excess,15,12.0403,12.0998,11.0705,1.0876,-7.9184
osap,OSAP_NetDebtPrice,OSAP predictor: Net debt to price (NetDebtPrice),na,W_common,b,per original paper (OSAP sign convention),already_excess,15,2.4609,0.0645,22.6412,0.1087,-19.116
osap,OSAP_NetEquityFinance,OSAP predictor: Net equity financing (NetEquityFinance),na,W_common,b,per original paper (OSAP sign convention),already_excess,15,16.4299,16.2183,16.6991,0.9839,-8.8198
osap,OSAP_NetPayoutYield,OSAP predictor: Net Payout Yield (NetPayoutYield),na,W_common,b,per original paper (OSAP sign convention),already_excess,15,19.8251,20.458,15.0975,1.3131,-6.9727
osap,OSAP_NumEarnIncrease,OSAP predictor: Earnings streak length (NumEarnIncrease),na,W_common,b,per original paper (OSAP sign convention),already_excess,15,5.352,5.3789,4.6639,1.1475,-3.1524
osap,OSAP_OPLeverage,OSAP predictor: Operating leverage (OPLeverage),na,W_common,b,per original paper (OSAP sign convention),already_excess,15,-14.091,-13.8323,12.3427,-1.1416,-19.099
osap,OSAP_OScore,OSAP predictor: O Score (OScore),na,W_common,b,per original paper (OSAP sign convention),already_excess,15,53.0179,65.0993,20.2874,2.6133,-4.2876
osap,OSAP_OperProf,OSAP predictor: operating profits / book equity (OperProf),na,W_common,b,per original paper (OSAP sign convention),already_excess,15,-1.2834,-1.821,10.9189,-0.1175,-8.8826
osap,OSAP_OperProfRD,OSAP predictor: Operating profitability R&D adjusted (OperProfRD),na,W_common,b,per original paper (OSAP sign convention),already_excess,15,14.2294,11.097,27.7146,0.5134,-21.8863
osap,OSAP_OrderBacklog,OSAP predictor: Order backlog (OrderBacklog),na,W_common,b,per original paper (OSAP sign convention),already_excess,15,-25.9309,-23.36,9.0474,-2.8661,-25.6763
osap,OSAP_OrderBacklogChg,OSAP predictor: Change in order backlog (OrderBacklogChg),na,W_common,b,per original paper (OSAP sign convention),already_excess,15,42.3267,50.5131,12.9262,3.2745,-1.2935
osap,OSAP_OrgCap,OSAP predictor: Organizational capital (OrgCap),na,W_common,b,per original paper (OSAP sign convention),already_excess,15,4.7734,4.5475,8.2865,0.576,-4.7587
osap,OSAP_PS,OSAP predictor: Piotroski F-score (PS),na,W_common,b,per original paper (OSAP sign convention),already_excess,15,24.8805,24.2556,25.3989,0.9796,-12.8483
osap,OSAP_PayoutYield,OSAP predictor: Payout Yield (PayoutYield),na,W_common,b,per original paper (OSAP sign convention),already_excess,15,-0.7567,-1.2287,10.0875,-0.075,-12.7206
osap,OSAP_PctAcc,OSAP predictor: Percent Operating Accruals (PctAcc),na,W_common,b,per original paper (OSAP sign convention),already_excess,15,-0.9209,-0.9831,3.7678,-0.2444,-2.9676
osap,OSAP_PctTotAcc,OSAP predictor: Percent Total Accruals (PctTotAcc),na,W_common,b,per original paper (OSAP sign convention),already_excess,15,5.7816,5.6815,7.2651,0.7958,-3.3281
osap,OSAP_PredictedFE,OSAP predictor: Predicted Analyst forecast error (PredictedFE),na,W_common,b,per original paper (OSAP sign convention),already_excess,15,2.6099,2.4499,6.3517,0.4109,-2.6839
osap,OSAP_Price,OSAP predictor: Price (Price),na,W_common,b,per original paper (OSAP sign convention),already_excess,15,-6.5435,-8.7352,24.2185,-0.2702,-21.4711
osap,OSAP_PriceDelayRsq,OSAP predictor: Price delay r square (PriceDelayRsq),na,W_common,b,per original paper (OSAP sign convention),already_excess,11,-31.9144,-27.8064,7.0022,-4.5577,-22.5598
osap,OSAP_PriceDelaySlope,OSAP predictor: Price delay coeff (PriceDelaySlope),na,W_common,b,per original paper (OSAP sign convention),already_excess,11,-25.0642,-22.7025,9.4123,-2.6629,-21.5361
osap,OSAP_PriceDelayTstat,OSAP predictor: Price delay SE adjusted (PriceDelayTstat),na,W_common,b,per original paper (OSAP sign convention),already_excess,11,-24.3146,-22.0959,9.2369,-2.6323,-20.935
osap,OSAP_RD,OSAP predictor: R&D over market cap (RD),na,W_common,b,per original paper (OSAP sign convention),already_excess,15,-14.5769,-15.1052,18.9711,-0.7684,-31.9766
osap,OSAP_RDAbility,OSAP predictor: R&D ability (RDAbility),na,W_common,b,per original paper (OSAP sign convention),already_excess,15,-5.8184,-6.309,12.0671,-0.4822,-16.3886
osap,OSAP_RDIPO,OSAP predictor: IPO and no R&D spending (RDIPO),na,W_common,b,per original paper (OSAP sign convention),already_excess,15,10.7246,9.1793,20.3203,0.5278,-18.1447
osap,OSAP_RDS,OSAP predictor: Real dirty surplus (RDS),na,W_common,b,per original paper (OSAP sign convention),already_excess,15,-4.087,-4.1952,6.3981,-0.6388,-9.9247
osap,OSAP_RDcap,OSAP predictor: R&D capital-to-assets (RDcap),na,W_common,b,per original paper (OSAP sign convention),already_excess,15,-2.2103,-3.3974,16.5013,-0.1339,-21.5266
osap,OSAP_REV6,OSAP predictor: Earnings forecast revisions (REV6),na,W_common,b,per original paper (OSAP sign convention),already_excess,15,6.9985,6.6663,10.7208,0.6528,-11.168
osap,OSAP_RIO_Disp,OSAP predictor: Inst Own and Forecast Dispersion (RIO_Disp),na,W_common,b,per original paper (OSAP sign convention),already_excess,15,7.3491,6.5089,14.9092,0.4929,-12.0766
osap,OSAP_RIO_MB,OSAP predictor: Inst Own and Market to Book (RIO_MB),na,W_common,b,per original paper (OSAP sign convention),already_excess,15,1.5618,0.6869,13.7873,0.1133,-5.5451
osap,OSAP_RIO_Turnover,OSAP predictor: Inst Own and Turnover (RIO_Turnover),na,W_common,b,per original paper (OSAP sign convention),already_excess,15,3.0818,2.205,13.8455,0.2226,-11.2647
osap,OSAP_RIO_Volatility,OSAP predictor: Inst Own and Idio Vol (RIO_Volatility),na,W_common,b,per original paper (OSAP sign convention),already_excess,15,9.0942,8.2124,16.0499,0.5666,-12.8493
osap,OSAP_RealizedVol,OSAP predictor: Realized (Total) Volatility (RealizedVol),na,W_common,b,per original paper (OSAP sign convention),already_excess,15,-24.9106,-25.9898,31.7685,-0.7841,-38.9863
osap,OSAP_Recomm_ShortInterest,OSAP predictor: Analyst Recommendations and Short-Interest (Recomm_ShortInterest),na,W_common,b,per original paper (OSAP sign convention),already_excess,15,-8.936,-10.8405,22.8842,-0.3905,-33.0475
osap,OSAP_ResidualMomentum,OSAP predictor: Momentum based on FF3 residuals (ResidualMomentum),na,W_common,b,per original paper (OSAP sign convention),already_excess,15,-0.7534,-0.9938,7.226,-0.1043,-7.0297
osap,OSAP_ReturnSkew,OSAP predictor: Return skewness (ReturnSkew),na,W_common,b,per original paper (OSAP sign convention),already_excess,15,5.1235,5.0028,7.0321,0.7286,-4.3334
osap,OSAP_ReturnSkew3F,OSAP predictor: Idiosyncratic skewness (3F model) (ReturnSkew3F),na,W_common,b,per original paper (OSAP sign convention),already_excess,15,7.5869,7.6102,7.0072,1.0827,-6.0199
osap,OSAP_RevenueSurprise,OSAP predictor: Revenue Surprise (RevenueSurprise),na,W_common,b,per original paper (OSAP sign convention),already_excess,15,6.2824,6.3284,5.3203,1.1808,-2.4575
osap,OSAP_RoE,OSAP predictor: net income / book equity (RoE),na,W_common,b,per original paper (OSAP sign convention),already_excess,15,-6.4948,-6.8198,10.7791,-0.6025,-14.4708
osap,OSAP_SP,OSAP predictor: Sales-to-price (SP),na,W_common,b,per original paper (OSAP sign convention),already_excess,15,4.5566,3.7474,13.5544,0.3362,-14.389
osap,OSAP_STreversal,OSAP predictor: Short term reversal (STreversal),na,W_common,b,per original paper (OSAP sign convention),already_excess,15,11.0055,10.0565,17.5261,0.6279,-13.0502
osap,OSAP_ShareIss1Y,OSAP predictor: Share issuance (1 year) (ShareIss1Y),na,W_common,b,per original paper (OSAP sign convention),already_excess,15,7.7655,6.8274,15.5497,0.4994,-14.998
osap,OSAP_ShareIss5Y,OSAP predictor: Share issuance (5 year) (ShareIss5Y),na,W_common,b,per original paper (OSAP sign convention),already_excess,15,19.1418,20.1456,11.7929,1.6232,-3.8485
osap,OSAP_ShareRepurchase,OSAP predictor: Share repurchases (ShareRepurchase),na,W_common,b,per original paper (OSAP sign convention),already_excess,15,5.7814,5.6164,8.046,0.7185,-4.7928
osap,OSAP_ShareVol,OSAP predictor: Share Volume (ShareVol),na,W_common,b,per original paper (OSAP sign convention),already_excess,15,-2.82,-3.1736,9.2798,-0.3039,-6.4525
osap,OSAP_ShortInterest,OSAP predictor: Short Interest (ShortInterest),na,W_common,b,per original paper (OSAP sign convention),already_excess,15,15.3317,14.8496,17.4062,0.8808,-11.3973
osap,OSAP_Size,OSAP predictor: Size (Size),na,W_common,b,per original paper (OSAP sign convention),already_excess,15,-9.1747,-9.3976,12.0863,-0.7591,-18.3974
osap,OSAP_Spinoff,OSAP predictor: Spinoffs (Spinoff),na,W_common,b,per original paper (OSAP sign convention),already_excess,15,-0.415,-1.632,16.1454,-0.0257,-12.0074
osap,OSAP_SurpriseRD,OSAP predictor: Unexpected R&D increase (SurpriseRD),na,W_common,b,per original paper (OSAP sign convention),already_excess,15,0.6543,0.4325,6.9267,0.0945,-10.2905
osap,OSAP_Tax,OSAP predictor: Taxable income to income (Tax),na,W_common,b,per original paper (OSAP sign convention),already_excess,15,0.4282,0.2333,6.4487,0.0664,-6.7682
osap,OSAP_TotalAccruals,OSAP predictor: Total accruals (TotalAccruals),na,W_common,b,per original paper (OSAP sign convention),already_excess,15,-4.1672,-4.5233,9.8389,-0.4235,-14.2197
osap,OSAP_TrendFactor,OSAP predictor: Trend Factor (TrendFactor),na,W_common,b,per original paper (OSAP sign convention),already_excess,15,1.9717,1.3603,11.4709,0.1719,-8.2862
osap,OSAP_UpRecomm,OSAP predictor: Up Forecast (UpRecomm),na,W_common,b,per original paper (OSAP sign convention),already_excess,15,7.0545,7.1824,4.5997,1.5337,-1.8314
osap,OSAP_VarCF,OSAP predictor: Cash-flow  to price variance (VarCF),na,W_common,b,per original paper (OSAP sign convention),already_excess,15,15.7429,15.8376,14.3966,1.0935,-5.7292
osap,OSAP_VolMkt,OSAP predictor: Volume to market equity (VolMkt),na,W_common,b,per original paper (OSAP sign convention),already_excess,15,3.2016,3.0825,5.9047,0.5422,-3.1152
osap,OSAP_VolSD,OSAP predictor: Volume Variance (VolSD),na,W_common,b,per original paper (OSAP sign convention),already_excess,15,-1.6427,-2.0413,9.4779,-0.1733,-7.7973
osap,OSAP_VolumeTrend,OSAP predictor: Volume Trend (VolumeTrend),na,W_common,b,per original paper (OSAP sign convention),already_excess,15,5.4898,5.5799,3.1991,1.7161,-2.3769
osap,OSAP_XFIN,OSAP predictor: Net external financing (XFIN),na,W_common,b,per original paper (OSAP sign convention),already_excess,15,34.8689,39.4186,15.9973,2.1797,-5.9001
osap,OSAP_betaVIX,OSAP predictor: Systematic volatility (betaVIX),na,W_common,b,per original paper (OSAP sign convention),already_excess,15,2.23,1.1159,15.411,0.1447,-10.7845
osap,OSAP_cfp,OSAP predictor: Operating Cash flows to price (cfp),na,W_common,b,per original paper (OSAP sign convention),already_excess,15,22.1401,22.5035,18.7258,1.1823,-11.1937
osap,OSAP_dNoa,OSAP predictor: change in net operating assets (dNoa),na,W_common,b,per original paper (OSAP sign convention),already_excess,15,1.6544,1.4729,6.4209,0.2577,-5.4616
osap,OSAP_fgr5yrLag,OSAP predictor: Long-term EPS forecast (fgr5yrLag),na,W_common,b,per original paper (OSAP sign convention),already_excess,15,-3.073,-3.5068,10.2451,-0.2999,-14.1657
osap,OSAP_grcapx,OSAP predictor: Change in capex (two years) (grcapx),na,W_common,b,per original paper (OSAP sign convention),already_excess,15,1.0101,0.8505,5.9108,0.1709,-5.5396
osap,OSAP_grcapx3y,OSAP predictor: Change in capex (three years) (grcapx3y),na,W_common,b,per original paper (OSAP sign convention),already_excess,15,-1.4746,-1.6581,6.4751,-0.2277,-5.5384
osap,OSAP_hire,OSAP predictor: Employment growth (hire),na,W_common,b,per original paper (OSAP sign convention),already_excess,15,-3.3729,-3.5784,7.4988,-0.4498,-7.0629
osap,OSAP_iomom_cust,OSAP predictor: Customers momentum (iomom_cust),na,W_common,b,per original paper (OSAP sign convention),already_excess,15,-6.504,-7.0969,13.3263,-0.4881,-19.8884
osap,OSAP_iomom_supp,OSAP predictor: Suppliers momentum (iomom_supp),na,W_common,b,per original paper (OSAP sign convention),already_excess,15,-3.4713,-4.5663,16.1813,-0.2145,-23.459
osap,OSAP_realestate,OSAP predictor: Real estate holdings (realestate),na,W_common,b,per original paper (OSAP sign convention),already_excess,15,8.6781,8.6633,8.6175,1.007,-6.1154
osap,OSAP_retConglomerate,OSAP predictor: Conglomerate return (retConglomerate),na,W_common,b,per original paper (OSAP sign convention),already_excess,15,0.4191,0.0262,9.2392,0.0454,-9.8926
osap,OSAP_roaq,OSAP predictor: Return on assets (qtrly) (roaq),na,W_common,b,per original paper (OSAP sign convention),already_excess,15,23.0477,24.0774,16.616,1.3871,-13.6617
osap,OSAP_sfe,OSAP predictor: Earnings Forecast to price (sfe),na,W_common,b,per original paper (OSAP sign convention),already_excess,15,-5.0598,-9.0158,29.5895,-0.171,-39.4323
osap,OSAP_sinAlgo,OSAP predictor: Sin Stock (selection criteria) (sinAlgo),na,W_common,b,per original paper (OSAP sign convention),already_excess,15,-23.959,-22.0604,12.1473,-1.9724,-24.0436
osap,OSAP_std_turn,OSAP predictor: Share turnover volatility (std_turn),na,W_common,b,per original paper (OSAP sign convention),already_excess,15,-2.0101,-5.9202,28.3068,-0.071,-26.4884
osap,OSAP_tang,OSAP predictor: Tangibility (tang),na,W_common,b,per original paper (OSAP sign convention),already_excess,15,9.4076,7.976,19.1414,0.4915,-14.1799
osap,OSAP_zerotrade12M,OSAP predictor: Days with zero trades (zerotrade12M),na,W_common,b,per original paper (OSAP sign convention),already_excess,15,-6.2314,-7.0839,15.2079,-0.4097,-13.299
osap,OSAP_zerotrade1M,OSAP predictor: Days with zero trades (zerotrade1M),na,W_common,b,per original paper (OSAP sign convention),already_excess,15,-8.0445,-8.653,14.337,-0.5611,-18.0738
osap,OSAP_zerotrade6M,OSAP predictor: Days with zero trades (zerotrade6M),na,W_common,b,per original paper (OSAP sign convention),already_excess,15,-13.3535,-13.7894,17.0529,-0.7831,-21.2524
