timestamp,open,high,low,close,volume
2020-01-02T09:30:00,100.0,101.0084686118952,99.61656635333547,100.38519923108143,1031245
2020-01-03T09:30:00,100.38519923108143,100.48762655860992,98.63355487130853,99.24126110438154,1095209
2020-01-06T09:30:00,99.24126110438154,100.18001035161475,98.66618301382414,100.12511787985483,1341719
2020-01-07T09:30:00,100.12511787985483,102.47032003777119,98.6946110850983,101.23268459394174,1096503
2020-01-08T09:30:00,101.23268459394174,101.92983140064969,98.8518657033513,99.03332007179678,1137659
2020-01-09T09:30:00,99.03332007179678,99.76221252036461,97.32577260708044,97.61035958106142,1270869
2020-01-10T09:30:00,97.61035958106142,97.86385317046604,97.36981848473674,97.7905872821481,1126524
2020-01-13T09:30:00,97.7905872821481,97.99163099883165,96.59644382715405,97.47873030778294,1064438
2020-01-14T09:30:00,97.47873030778294,97.55653586427916,97.18496871658243,97.49884194177127,1312148
2020-01-15T09:30:00,97.49884194177127,97.7156436905437,96.06662563768798,96.59446378663246,1344448
2020-01-16T09:30:00,96.59446378663246,97.67097565604138,95.8956006308544,97.59598041386528,1366524
2020-01-17T09:30:00,97.59598041386528,99.21152685276962,96.7555033780421,98.49544028864743,1471973
2020-01-20T09:30:00,98.49544028864743,98.83333021531827,98.36106171939134,98.60827106370591,1062246
2020-01-21T09:30:00,98.60827106370591,100.47337927077356,98.42106938436238,99.9077840352012,1213397
2020-01-22T09:30:00,99.9077840352012,100.80076743242384,99.75341533658083,100.47704690561343,1116997
2020-01-23T09:30:00,100.47704690561343,100.50731654359849,99.4518884493266,99.53792459316958,1450552
2020-01-24T09:30:00,99.53792459316958,100.52956286642352,99.05787772779443,99.99361580835028,1269895
2020-01-27T09:30:00,99.99361580835028,100.22111314373086,98.93009639934601,98.94609455736666,1049158
2020-01-28T09:30:00,98.94609455736666,100.69328320199207,98.68354409450258,99.97093027063116,1346073
2020-01-29T09:30:00,99.97093027063116,100.00959711692552,99.8560499945046,99.95400706936674,1021478
2020-01-30T09:30:00,99.95400706936674,100.05240464196729,99.61344636522932,99.78415354815809,1137086
2020-01-31T09:30:00,99.78415354815809,100.34025909910885,98.3565178956754,99.05331545902102,1360684
2020-02-03T09:30:00,99.05331545902102,100.58091093847207,98.07380245015385,100.4657306685917,1253002
2020-02-04T09:30:00,100.4657306685917,101.26583686413002,100.1983500513065,100.32956200616397,1380510
2020-02-05T09:30:00,100.32956200616397,100.78750524902681,99.85388157495694,99.88209661519748,1285594
2020-02-06T09:30:00,99.88209661519748,99.99535594403974,98.88292412759334,99.52292121919841,1421529
2020-02-07T09:30:00,99.52292121919841,100.82369912789363,99.50576602281399,100.16311676320572,1281282
2020-02-10T09:30:00,100.16311676320572,102.03119925799778,100.13619664199003,100.61791456583475,1028408
2020-02-11T09:30:00,100.61791456583475,101.425331930058,99.53324941905007,101.12872890980465,1035630
2020-02-12T09:30:00,101.12872890980465,102.39246208231302,100.66600194176876,101.66287835616487,1388453
2020-02-13T09:30:00,101.66287835616487,104.29896314837762,101.45586025772643,104.17200222871935,1019300
2020-02-14T09:30:00,104.17200222871935,104.2507810796891,103.53252875594043,103.73328311974232,1188269
2020-02-17T09:30:00,103.73328311974232,103.95765533342701,102.57680011879508,103.17193448324386,1008051
2020-02-18T09:30:00,103.17193448324386,103.20387470023218,102.17986056397888,102.26087574600062,1151668
2020-02-19T09:30:00,102.26087574600062,103.07256413778805,101.73811445482862,103.01570167211034,1297568
2020-02-20T09:30:00,103.01570167211034,104.58841972495418,102.61544809150598,104.37532020185883,1086511
2020-02-21T09:30:00,104.37532020185883,105.10496091895291,104.23219870093615,104.28188160673712,1233049
2020-02-24T09:30:00,104.28188160673712,105.08674230981003,103.08804459957955,103.32982415039129,1498007
2020-02-25T09:30:00,103.32982415039129,103.66732254497425,102.08258501233121,102.40482456989274,1035247
2020-02-26T09:30:00,102.40482456989274,103.34368324394622,102.16528955589679,103.20090474574585,1031831
2020-02-27T09:30:00,103.20090474574585,104.42190365620309,103.10023021300667,104.11160479648022,1135623
2020-02-28T09:30:00,104.11160479648022,104.79857718664869,103.78396349077705,104.7941204882904,1413504
2020-03-02T09:30:00,104.7941204882904,105.21064161975075,103.97630713159785,104.04491112742897,1202898
2020-03-03T09:30:00,104.04491112742897,104.45420705103874,103.61897001518777,104.36009306164273,1319747
2020-03-04T09:30:00,104.36009306164273,104.88250242579073,104.31073463393072,104.53958387541145,1016935
2020-03-05T09:30:00,104.53958387541145,105.48311875523594,104.12942871613076,104.84029418410529,1367540
2020-03-06T09:30:00,104.84029418410529,106.75415165989554,104.38380760696802,105.91783213482276,1033712
2020-03-09T09:30:00,105.91783213482276,106.49108004165527,105.49176355198203,106.22840023006488,1355858
2020-03-10T09:30:00,106.22840023006488,107.60965711095066,105.2680189826419,107.08831717632154,1073959
2020-03-11T09:30:00,107.08831717632154,107.87864208835343,106.26186691370017,107.21287159999974,1429217
2020-03-12T09:30:00,107.21287159999974,108.21492535380274,107.07528600229539,107.60689297285754,1148066
2020-03-13T09:30:00,107.60689297285754,108.75276158794425,106.68444047155691,108.41985885740924,1091896
2020-03-16T09:30:00,108.41985885740924,108.74422236936726,106.29078430587542,106.67150530730554,1168352
2020-03-17T09:30:00,106.67150530730554,106.94867018534417,105.91682368669053,106.32717976991344,1000412
2020-03-18T09:30:00,106.32717976991344,106.91056387086275,105.65432224500084,105.80227446925191,1082561
2020-03-19T09:30:00,105.80227446925191,106.17296498809702,104.80877585418517,105.07780730993551,1299264
2020-03-20T09:30:00,105.07780730993551,105.79013710596628,104.05767719510031,104.79168102036598,1150389
2020-03-23T09:30:00,104.79168102036598,107.03315274056042,104.24294611746308,106.60959311754888,1176929
2020-03-24T09:30:00,106.60959311754888,107.30445582495523,105.18380203644003,105.60524795268988,1403614
2020-03-25T09:30:00,105.60524795268988,107.25532602000821,105.49363034713329,106.80662063915696,1061893
2020-03-26T09:30:00,106.80662063915696,107.600940563486,104.60630595343686,104.81092566773737,1197945
2020-03-27T09:30:00,104.81092566773737,104.95329788590975,104.19529875739588,104.45452513718193,1093069
2020-03-30T09:30:00,104.45452513718193,105.29187796196301,103.97861045102002,104.68874056192698,1241423
2020-03-31T09:30:00,104.68874056192698,105.55290591170389,104.58479583341861,105.42616405478783,1165874
2020-04-01T09:30:00,105.42616405478783,106.3724534780247,105.16819469762635,106.31821455126986,1023114
2020-04-02T09:30:00,106.31821455126986,107.35919645322467,106.18042122304217,107.31681236697182,1035116
2020-04-03T09:30:00,107.31681236697182,107.92512724308597,106.90152618370438,106.93504941447848,1426167
2020-04-06T09:30:00,106.93504941447848,107.12821176822713,106.35965152184879,106.41686877548702,1028456
2020-04-07T09:30:00,106.41686877548702,107.68358624290086,106.30241842502049,107.49437761068106,1391354
2020-04-08T09:30:00,107.49437761068106,108.02573691126852,106.88937617539155,107.30385868710667,1458013
2020-04-09T09:30:00,107.30385868710667,107.54546259494455,105.50064126400618,105.79429750116698,1232905
2020-04-10T09:30:00,105.79429750116698,105.79594183558265,104.45369591551692,104.4767941690708,1156051
2020-04-13T09:30:00,104.4767941690708,104.86848463811668,103.01058347835745,103.42901901275837,1388158
2020-04-14T09:30:00,103.42901901275837,104.17581379078419,103.39402315357445,104.05311988630874,1491115
2020-04-15T09:30:00,104.05311988630874,104.35846509687751,104.03854319665521,104.26245202220403,1060213
2020-04-16T09:30:00,104.26245202220403,105.2621288339222,104.16174409621979,105.12013511543199,1482183
2020-04-17T09:30:00,105.12013511543199,106.05115326904559,103.49799264505914,104.65258553728765,1471868
2020-04-20T09:30:00,104.65258553728765,104.93387146091017,104.3785146597457,104.88224527210961,1071285
2020-04-21T09:30:00,104.88224527210961,105.7967102748772,104.6607921697115,105.66785038647689,1027369
2020-04-22T09:30:00,105.66785038647689,106.7760160563855,104.77638082449226,105.33913517514708,1357462
2020-04-23T09:30:00,105.33913517514708,106.40012545773995,105.28751799076339,105.92652407475356,1038834
2020-04-24T09:30:00,105.92652407475356,106.06585634189909,103.94412616973821,105.17352320924255,1300402
2020-04-27T09:30:00,105.17352320924255,105.53419092102247,104.58423768899216,104.78229681536254,1032378
2020-04-28T09:30:00,104.78229681536254,105.5061892911693,104.2012003399315,104.37032683020996,1345323
2020-04-29T09:30:00,104.37032683020996,104.45639987783373,102.58515817355135,102.99652926997582,1115852
2020-04-30T09:30:00,102.99652926997582,104.27357544168724,102.8155001316143,103.60612188202195,1048095
2020-05-01T09:30:00,103.60612188202195,103.63808677120248,102.96746934391572,103.09578953408648,1033307
2020-05-04T09:30:00,103.09578953408648,103.17050664091211,102.65953760663888,103.15130614115364,1094280
2020-05-05T09:30:00,103.15130614115364,103.8005980990593,102.98673089659151,103.75453292926836,1270376
2020-05-06T09:30:00,103.75453292926836,104.3230141739767,103.1013385637832,104.32103402950376,1038319
2020-05-07T09:30:00,104.32103402950376,106.05316046379578,104.27149963251397,105.14950821731047,1401136
2020-05-08T09:30:00,105.14950821731047,106.36903785317791,104.89930054122821,105.0738116088617,1302067
2020-05-11T09:30:00,105.0738116088617,106.12536181125004,103.19684400440919,104.611179359626,1148651
2020-05-12T09:30:00,104.611179359626,104.89528806577863,104.3520278822614,104.55813164250536,1493295
2020-05-13T09:30:00,104.55813164250536,104.56572668346594,102.23006576317857,102.59915676279753,1329269
2020-05-14T09:30:00,102.59915676279753,102.95317742309285,100.60589890831429,100.95635058722188,1335992
2020-05-15T09:30:00,100.95635058722188,101.19515637233381,99.01336921181081,99.48226889550983,1086973
2020-05-18T09:30:00,99.48226889550983,99.67339717164576,97.93605145524974,98.39682872774924,1355380
2020-05-19T09:30:00,98.39682872774924,99.38573418589175,98.21756087734374,98.88190925587723,1279596
2020-05-20T09:30:00,98.88190925587723,99.39124769772909,97.84356329564986,97.90591099167636,1492292
2020-05-21T09:30:00,97.90591099167636,97.99601273990534,97.49397748268137,97.5249458828698,1238998
2020-05-22T09:30:00,97.5249458828698,99.47688779560615,97.16825209537896,99.0003705138354,1339005
2020-05-25T09:30:00,99.0003705138354,99.13533042432852,98.22211611995272,98.63972915990185,1170564
2020-05-26T09:30:00,98.63972915990185,99.7831088661897,98.10925836491663,99.50376050307199,1020090
2020-05-27T09:30:00,99.50376050307199,99.85093750118631,98.3794214138358,98.4898764842361,1063958
2020-05-28T09:30:00,98.4898764842361,98.54434784813765,98.00416313439189,98.29953322024375,1433502
2020-05-29T09:30:00,98.29953322024375,98.3001917517965,97.11789193734326,97.27963504764169,1369060
2020-06-01T09:30:00,97.27963504764169,97.9960769773653,96.5519090329781,96.94426853136473,1182339
2020-06-02T09:30:00,96.94426853136473,99.10622358815068,96.61587716907654,97.90644272969709,1348912
2020-06-03T09:30:00,97.90644272969709,98.6004447997697,95.67054531196727,96.02770158761642,1002181
2020-06-04T09:30:00,96.02770158761642,97.11182273483044,95.77729080087663,96.53883077975341,1018590
2020-06-05T09:30:00,96.53883077975341,97.01326255072024,96.08318993181797,96.83737651022041,1253617
2020-06-08T09:30:00,96.83737651022041,96.96065444621146,95.59739854327131,96.22340799652345,1312482
2020-06-09T09:30:00,96.22340799652345,96.94860805046989,94.38396633716599,94.6838402571965,1468507
2020-06-10T09:30:00,94.6838402571965,95.26581170167881,94.39742477649929,94.79885244696892,1379829
2020-06-11T09:30:00,94.79885244696892,95.20688646328172,93.67945349500782,94.26730982226131,1128665
2020-06-12T09:30:00,94.26730982226131,95.71521224953969,92.94160543173597,94.55342295178984,1407568
2020-06-15T09:30:00,94.55342295178984,95.46672602218231,93.74535705817355,94.61437260229565,1245756
2020-06-16T09:30:00,94.61437260229565,96.56875043428428,94.26506741757608,96.37034826039286,1413015
2020-06-17T09:30:00,96.37034826039286,96.54554150193549,95.85082065772394,96.14703770297275,1086888
2020-06-18T09:30:00,96.14703770297275,96.6995005032031,94.66493484955797,95.0693692738868,1013113
2020-06-19T09:30:00,95.0693692738868,96.20957921460989,94.55714347543784,95.3003517170976,1028846
2020-06-22T09:30:00,95.3003517170976,95.63175334956946,95.15756650510968,95.57589870528528,1495441
2020-06-23T09:30:00,95.57589870528528,97.57120776537305,94.99450873800042,97.08681640389565,1040272
2020-06-24T09:30:00,97.08681640389565,98.08628005592236,96.9241754197725,98.04468433795881,1469676
2020-06-25T09:30:00,98.04468433795881,99.26827646605766,98.01934060993246,98.48033244607787,1363505
2020-06-26T09:30:00,98.48033244607787,100.53499845408786,98.24347313196778,100.15342668884212,1073019
2020-06-29T09:30:00,100.15342668884212,100.22785425330906,98.59224397085022,98.84317142275768,1432037
2020-06-30T09:30:00,98.84317142275768,99.02415801300975,97.86940462717664,98.16537660147614,1072105
2020-07-01T09:30:00,98.16537660147614,98.37028306172847,96.99154173767292,97.17296801103802,1071649
2020-07-02T09:30:00,97.17296801103802,97.81454718012012,95.75557876986097,96.78202150187221,1287760
2020-07-03T09:30:00,96.78202150187221,97.19561256542883,95.19792710964734,95.30964484190633,1144159
2020-07-06T09:30:00,95.30964484190633,96.41811714638372,94.42208104042565,96.03387997624846,1145411
2020-07-07T09:30:00,96.03387997624846,96.33775898131555,95.34971714323706,95.83000550943356,1097514
2020-07-08T09:30:00,95.83000550943356,95.83510303162824,93.44945558263406,94.26984027651632,1303839
2020-07-09T09:30:00,94.26984027651632,94.91859942499967,93.21359682837306,93.22167664434052,1013427
2020-07-10T09:30:00,93.22167664434052,93.7380291300728,93.16490220828906,93.59006431253665,1122536
2020-07-13T09:30:00,93.59006431253665,94.68929759970851,93.37086435657638,94.5166328463884,1276715
2020-07-14T09:30:00,94.5166328463884,96.99042223643872,93.56630302115353,96.69407164436309,1243272
2020-07-15T09:30:00,96.69407164436309,99.99766624155355,96.42865469757548,99.9272235957924,1349961
2020-07-16T09:30:00,99.9272235957924,101.20566343903586,99.56443862920847,100.43643141161779,1108121
2020-07-17T09:30:00,100.43643141161779,100.94238534385107,98.88685170820686,99.3493594814931,1323938
2020-07-20T09:30:00,99.3493594814931,99.47685159185612,96.50247957703367,96.98699990443386,1379971
2020-07-21T09:30:00,96.98699990443386,97.68490581113053,96.96915162974686,97.3198969239427,1194026
2020-07-22T09:30:00,97.3198969239427,98.26087983719623,96.37798967372056,96.46143225612751,1128405
2020-07-23T09:30:00,96.46143225612751,97.40698801866557,95.15395437676601,96.04540536146948,1277505
2020-07-24T09:30:00,96.04540536146948,96.63512409315663,95.33089135192562,95.41691304953288,1289430
2020-07-27T09:30:00,95.41691304953288,95.85894769605686,95.2957460496016,95.30245156958428,1047049
2020-07-28T09:30:00,95.30245156958428,97.20861371940804,95.19993035482858,96.49219832904778,1282556
2020-07-29T09:30:00,96.49219832904778,97.21400981333626,96.09976918411228,96.7023186563061,1077151
2020-07-30T09:30:00,96.7023186563061,97.34178262684433,96.30624350552456,96.5667492987768,1284412
2020-07-31T09:30:00,96.5667492987768,96.80150023242557,95.38664116719103,95.47106584576612,1465897
2020-08-03T09:30:00,95.47106584576612,95.6716633050181,93.65350167908274,93.69603969216381,1268536
2020-08-04T09:30:00,93.69603969216381,93.7440105215987,92.93467774849204,93.21656070483503,1380753
2020-08-05T09:30:00,93.21656070483503,93.5197772209045,92.69304333226319,93.19670451403803,1154852
2020-08-06T09:30:00,93.19670451403803,95.4225441640821,93.05954332496829,95.10194956642222,1461369
2020-08-07T09:30:00,95.10194956642222,95.6195285690592,94.88504284863535,95.28017058400644,1406379
2020-08-10T09:30:00,95.28017058400644,96.80354235428213,95.0716710478494,96.37970794854174,1458340
2020-08-11T09:30:00,96.37970794854174,97.47922350033004,95.57948654010686,95.87230208186342,1370798
2020-08-12T09:30:00,95.87230208186342,96.01491743831042,94.4167814390279,94.62220645421957,1324696
2020-08-13T09:30:00,94.62220645421957,95.04174194582474,93.25426667646525,93.62426672499112,1262500
2020-08-14T09:30:00,93.62426672499112,93.85321432161285,92.43654380265986,92.89151965753095,1464119
2020-08-17T09:30:00,92.89151965753095,95.25876676328943,92.29158606395045,95.17027901902318,1424096
2020-08-18T09:30:00,95.17027901902318,95.50982467653394,93.48299146026885,94.32166238111337,1208352
2020-08-19T09:30:00,94.32166238111337,96.51881560097827,93.91305332855245,95.25586178771627,1042826
2020-08-20T09:30:00,95.25586178771627,95.91217909380433,94.31185584968647,94.31841013472628,1001808
2020-08-21T09:30:00,94.31841013472628,96.21535941188145,94.313091662651,95.3521276939884,1116741
2020-08-24T09:30:00,95.3521276939884,96.88388740562115,95.3053700768378,95.80617155268673,1031285
2020-08-25T09:30:00,95.80617155268673,96.37878538747998,95.3634398873221,95.67402788068549,1105750
2020-08-26T09:30:00,95.67402788068549,96.30784711373465,94.95717084287482,95.6677728845298,1054743
2020-08-27T09:30:00,95.6677728845298,95.68902843052881,94.95142123311864,94.99544185775191,1490526
2020-08-28T09:30:00,94.99544185775191,96.1299559322182,94.63049043083862,95.51362382364432,1047676
2020-08-31T09:30:00,95.51362382364432,95.70989599988523,95.0178964484009,95.05876862034714,1313445
2020-09-01T09:30:00,95.05876862034714,95.43071401207447,93.40314368560979,93.77545264833628,1175851
2020-09-02T09:30:00,93.77545264833628,94.19786276595734,91.94547856136977,92.45381661660784,1087107
2020-09-03T09:30:00,92.45381661660784,92.9142097708286,92.34550772838855,92.67143334120098,1350635
2020-09-04T09:30:00,92.67143334120098,94.71134410125349,92.60150277014498,94.36750936471243,1485277
2020-09-07T09:30:00,94.36750936471243,94.84883754208644,94.09418238044525,94.57615213190273,1395324
2020-09-08T09:30:00,94.57615213190273,94.84074800797941,93.45378287130316,94.48645546843154,1487619
2020-09-09T09:30:00,94.48645546843154,95.09863570171552,94.35545494371847,94.83017727413504,1295106
2020-09-10T09:30:00,94.83017727413504,96.53664986057478,94.60017532431934,96.27211688968244,1336787
2020-09-11T09:30:00,96.27211688968244,97.09181849387272,95.75342133863985,96.54980313834416,1073218
2020-09-14T09:30:00,96.54980313834416,97.12143992502074,95.51963986793682,96.13824498187321,1426208
2020-09-15T09:30:00,96.13824498187321,97.42448676295825,95.37739275628113,97.38236619115345,1373950
2020-09-16T09:30:00,97.38236619115345,98.05451034838144,96.9327129606555,97.8944480952473,1127012
2020-09-17T09:30:00,97.8944480952473,100.03284147008475,97.38346645165366,99.63801297519304,1177400
2020-09-18T09:30:00,99.63801297519304,99.89784542404723,99.61853428109558,99.88456809736684,1305445
2020-09-21T09:30:00,99.88456809736684,100.16950732455807,98.49295350534346,98.53739013046234,1006496
2020-09-22T09:30:00,98.53739013046234,98.84196462859236,96.60990419150916,97.04783570731963,1408956
2020-09-23T09:30:00,97.04783570731963,99.67048771184577,96.89985075319562,98.90305925446425,1140294
2020-09-24T09:30:00,98.90305925446425,101.51939977766015,98.29511415722052,100.87532052390584,1037488
2020-09-25T09:30:00,100.87532052390584,101.38034849499162,100.30415485995793,100.7100129940508,1165300
2020-09-28T09:30:00,100.7100129940508,101.5577829392467,99.61338559250234,100.3123987423422,1417884
2020-09-29T09:30:00,100.3123987423422,102.2853406676401,99.83962960658376,102.01450414351955,1137122
2020-09-30T09:30:00,102.01450414351955,102.54746505279746,100.52637207796754,100.77442677348209,1269595
2020-10-01T09:30:00,100.77442677348209,100.8086833398249,99.4824207140164,99.79203479292354,1405935
2020-10-02T09:30:00,99.79203479292354,100.7668096398269,99.00259646331577,100.55958179415514,1016855
2020-10-05T09:30:00,100.55958179415514,101.46848799530301,99.77667400234596,100.14954244455019,1379963
2020-10-06T09:30:00,100.14954244455019,100.2694076286903,100.12214932294948,100.18346799060238,1144346
2020-10-07T09:30:00,100.18346799060238,100.964590092799,99.45450155489566,100.03755649261375,1347776
2020-10-08T09:30:00,100.03755649261375,100.94604648572435,99.5190708532625,100.46017125130426,1094046
2020-10-09T09:30:00,100.46017125130426,102.8776626411309,100.41771684245035,102.10331484996091,1069502
2020-10-12T09:30:00,102.10331484996091,102.65612164672085,101.75864231106833,102.24870605922105,1394149
2020-10-13T09:30:00,102.24870605922105,103.19142708156366,101.03129853767831,103.0358580088185,1403916
2020-10-14T09:30:00,103.0358580088185,103.40956469813057,100.16107903543369,100.68149471847053,1490662
2020-10-15T09:30:00,100.68149471847053,100.99787862866006,100.07066790954963,100.66582974949425,1338587
2020-10-16T09:30:00,100.66582974949425,101.05565550950024,99.5777054410813,99.74327703347,1232939
2020-10-19T09:30:00,99.74327703347,99.76249669610716,98.28302797416085,98.40440151266436,1097418
2020-10-20T09:30:00,98.40440151266436,99.26034663470887,96.93506904826688,97.4636075603817,1147608
2020-10-21T09:30:00,97.4636075603817,97.69860814566756,96.86546783109388,97.13303261036978,1324046
2020-10-22T09:30:00,97.13303261036978,98.6709147439557,95.97846543608213,98.18033884524216,1173051
2020-10-23T09:30:00,98.18033884524216,98.2281592547035,96.36307057518766,96.74267880840323,1241755
2020-10-26T09:30:00,96.74267880840323,97.19988517578415,96.67582713620973,96.8146702477651,1084032
2020-10-27T09:30:00,96.8146702477651,97.0311273534809,96.2276757304041,96.32157958349444,1219675
2020-10-28T09:30:00,96.32157958349444,96.34544751107089,95.77266536184342,96.00192310460363,1118986
2020-10-29T09:30:00,96.00192310460363,97.18767359450953,95.62301956770989,97.13158065096093,1056061
2020-10-30T09:30:00,97.13158065096093,98.17146474885834,96.83608125641474,97.76278837491827,1065974
2020-11-02T09:30:00,97.76278837491827,99.61279439493474,97.65804779560328,99.28412347079899,1259152
2020-11-03T09:30:00,99.28412347079899,99.60692048358203,98.23426540015977,99.14958312496371,1183210
2020-11-04T09:30:00,99.14958312496371,99.44383662777248,98.1824026901103,98.40651430025494,1049965
2020-11-05T09:30:00,98.40651430025494,99.16275146326119,97.9913492727098,98.19577724233707,1257149
2020-11-06T09:30:00,98.19577724233707,99.21858507051608,97.66039066480725,98.50474834595458,1082126
2020-11-09T09:30:00,98.50474834595458,98.926171356357,98.19383055381566,98.74105917731393,1007722
2020-11-10T09:30:00,98.74105917731393,98.92523708256763,97.1229991852551,97.56614132937429,1066273
2020-11-11T09:30:00,97.56614132937429,98.00961096301651,97.50425172267774,97.7049665406231,1224262
2020-11-12T09:30:00,97.7049665406231,98.00802942141557,96.20823399399367,97.99658571522794,1477054
2020-11-13T09:30:00,97.99658571522794,101.13520426321071,97.37034423628732,100.83283208572816,1120835
2020-11-16T09:30:00,100.83283208572816,103.85319848752835,99.88188311219513,103.01871071495447,1142432
2020-11-17T09:30:00,103.01871071495447,103.20604928764321,101.78399234486218,102.06289850134722,1121327
2020-11-18T09:30:00,102.06289850134722,102.17416192520751,100.76117597682797,101.77081534472066,1177602
2020-11-19T09:30:00,101.77081534472066,102.37819302106277,99.50404880724886,100.1224286497533,1358663
2020-11-20T09:30:00,100.1224286497533,101.20906508221978,99.48489710899008,99.49154095090503,1161040
2020-11-23T09:30:00,99.49154095090503,100.8929785535223,98.94187979137777,99.88706457376482,1328784
2020-11-24T09:30:00,99.88706457376482,101.69552991206045,99.7487416283853,101.29246760604302,1449125
2020-11-25T09:30:00,101.29246760604302,101.3230925976536,100.26485965895391,100.49527479096166,1473091
2020-11-26T09:30:00,100.49527479096166,100.62111813978707,99.60862490487796,99.78974791147277,1281482
2020-11-27T09:30:00,99.78974791147277,100.45155157537735,97.05999367483693,97.39966932954859,1356619
2020-11-30T09:30:00,97.39966932954859,97.41098410831921,96.1511710898142,97.25867037631976,1459579
2020-12-01T09:30:00,97.25867037631976,98.23296368303015,95.65893125668963,96.125624207457,1393345
2020-12-02T09:30:00,96.125624207457,96.52175772207913,94.8314032678122,95.5867003721181,1149962
2020-12-03T09:30:00,95.5867003721181,95.66780881552688,94.46280819528437,94.67424490371727,1066014
2020-12-04T09:30:00,94.67424490371727,94.88208039077333,94.07064169067799,94.61062272215604,1057417
2020-12-07T09:30:00,94.61062272215604,94.79727663827914,92.20467669085913,92.76250438506025,1441026
2020-12-08T09:30:00,92.76250438506025,93.75005302772814,91.0615839107608,91.25623573526019,1278109
2020-12-09T09:30:00,91.25623573526019,93.61612501564093,90.72469351071734,93.49568367915388,1148173
2020-12-10T09:30:00,93.49568367915388,93.89092878548733,91.74039465105108,92.16793515767539,1172768
2020-12-11T09:30:00,92.16793515767539,92.8940430575746,89.88702932393845,91.05827431623287,1140840
2020-12-14T09:30:00,91.05827431623287,93.29855789962977,90.71680499704803,92.99102871350925,1400953
2020-12-15T09:30:00,92.99102871350925,96.6471985661979,92.75511020566275,96.09108838480675,1306204
2020-12-16T09:30:00,96.09108838480675,96.5548966197205,94.7075341845976,94.85271529935402,1439711
2020-12-17T09:30:00,94.85271529935402,94.87807968696742,94.26267696797305,94.4942929452431,1150886
2020-12-18T09:30:00,94.4942929452431,95.886780780532,94.07378353796557,94.89775535173834,1236286
2020-12-21T09:30:00,94.89775535173834,97.09285322724,93.58689683047,96.79555997196502,1060867
2020-12-22T09:30:00,96.79555997196502,97.16040909012469,95.54272335565432,95.75083754911006,1485679
2020-12-23T09:30:00,95.75083754911006,95.87105396468648,95.34612261655494,95.52253270323938,1255931
2020-12-24T09:30:00,95.52253270323938,97.5981223926031,95.28696370390293,96.40239123105442,1276506
2020-12-25T09:30:00,96.40239123105442,97.39873309035191,95.46951436087545,96.91588910505263,1206833
2020-12-28T09:30:00,96.91588910505263,97.51332804066713,96.5345247044373,96.54098127486199,1135460
2020-12-29T09:30:00,96.54098127486199,97.88193274404945,95.81031123151793,96.43279895815648,1474202
2020-12-30T09:30:00,96.43279895815648,96.60036223486303,94.84356030589018,94.96769277309396,1244487
2020-12-31T09:30:00,94.96769277309396,95.5280025301014,94.35739921757391,94.74890515670333,1337385
2021-01-01T09:30:00,94.74890515670333,95.13006593268713,94.36836803523279,94.50031010243382,1018655
2021-01-04T09:30:00,94.50031010243382,95.10654661650837,93.85355724154216,94.78658787675003,1137965
2021-01-05T09:30:00,94.78658787675003,94.97803499317315,94.20099255172383,94.22734763468074,1402000
2021-01-06T09:30:00,94.22734763468074,95.03648828796744,93.99360694253151,94.76854897084196,1043917
2021-01-07T09:30:00,94.76854897084196,96.77481278998518,94.59496476803074,95.89439396952471,1050717
2021-01-08T09:30:00,95.89439396952471,96.1989669373379,95.75616917303799,96.10145186018525,1404919
2021-01-11T09:30:00,96.10145186018525,96.70437655814315,95.90685491605342,96.52289210755946,1154374
2021-01-12T09:30:00,96.52289210755946,97.33679723744793,95.44454499471769,96.61937160151453,1136939
2021-01-13T09:30:00,96.61937160151453,97.23311889057095,96.48874368837336,96.6578050797453,1282658
2021-01-14T09:30:00,96.6578050797453,97.02535065973683,95.70419167091676,95.90533627894827,1097460
2021-01-15T09:30:00,95.90533627894827,96.5575384413021,95.30219771270968,96.28757016171174,1021487
2021-01-18T09:30:00,96.28757016171174,96.29828109224918,95.6709888031568,96.21956216037877,1002224
2021-01-19T09:30:00,96.21956216037877,99.31149269385175,96.21392541746354,98.54144825959158,1039658
2021-01-20T09:30:00,98.54144825959158,100.45332023357881,97.36713538681674,100.33854797096876,1079265
2021-01-21T09:30:00,100.33854797096876,101.30504185212588,100.07932191819029,100.81735489917358,1348058
2021-01-22T09:30:00,100.81735489917358,100.96501896540107,98.87549289219798,99.98506427421493,1148975
2021-01-25T09:30:00,99.98506427421493,100.7793943996127,98.03769196559442,98.76357323236967,1035888
2021-01-26T09:30:00,98.76357323236967,100.19868400928894,98.67988400692683,100.13669474172656,1007212
2021-01-27T09:30:00,100.13669474172656,100.84754430757671,99.63617448088077,100.47476839672402,1238541
2021-01-28T09:30:00,100.47476839672402,102.01061883945809,100.02157135833978,101.06165557030337,1420063
2021-01-29T09:30:00,101.06165557030337,101.60474373383894,98.33329592480675,99.1025834318129,1169347
2021-02-01T09:30:00,99.1025834318129,100.62316747650299,98.97337626626509,100.18408886487677,1031925
2021-02-02T09:30:00,100.18408886487677,100.87610437823766,100.16725621480312,100.74005723074367,1114039
2021-02-03T09:30:00,100.74005723074367,100.9475674345481,99.2670351803353,99.51160526365291,1249683
2021-02-04T09:30:00,99.51160526365291,100.43681183008303,98.97713096922152,99.01904636563278,1094389
2021-02-05T09:30:00,99.01904636563278,99.58719750171251,97.64890205109748,99.3544335222936,1489239
2021-02-08T09:30:00,99.3544335222936,99.78011215820881,98.93986445719993,99.45296758333343,1381705
2021-02-09T09:30:00,99.45296758333343,100.80092601855897,98.64259741931043,99.16295433092841,1172289
2021-02-10T09:30:00,99.16295433092841,99.26896178907677,98.66783086138192,99.08594227197013,1475771
2021-02-11T09:30:00,99.08594227197013,99.48123709924863,98.110992047567,98.84215820396406,1162510
2021-02-12T09:30:00,98.84215820396406,99.26423919612468,98.74822273214932,99.0523679648586,1070089
2021-02-15T09:30:00,99.0523679648586,100.96550753247764,98.03472309921956,100.744378141151,1469141
2021-02-16T09:30:00,100.744378141151,101.00969621424596,97.76010718426605,97.85237518947824,1479840
2021-02-17T09:30:00,97.85237518947824,98.35748769198814,97.23216793093663,97.62841026555031,1156328
2021-02-18T09:30:00,97.62841026555031,98.99278766422381,97.15500991130038,97.86255132270259,1297381
2021-02-19T09:30:00,97.86255132270259,98.39036638459287,97.77625321329589,98.22983747970527,1086646
2021-02-22T09:30:00,98.22983747970527,98.5894988497247,97.51610689923501,97.8545710565921,1320830
2021-02-23T09:30:00,97.8545710565921,98.30271089082864,95.22364752947338,95.94420252314602,1345059
2021-02-24T09:30:00,95.94420252314602,96.39167827584251,95.58467224480322,96.33910354555368,1354963
2021-02-25T09:30:00,96.33910354555368,98.38850697657078,96.02525934897191,98.26426093443852,1284367
2021-02-26T09:30:00,98.26426093443852,98.54051757544933,96.29399249107647,96.59420792350211,1352059
2021-03-01T09:30:00,96.59420792350211,98.20896926093654,96.57621761327204,97.57866850295342,1277524
2021-03-02T09:30:00,97.57866850295342,97.7507129681342,97.157831780824,97.25389737295556,1409905
2021-03-03T09:30:00,97.25389737295556,98.1841089257068,96.64871737633045,97.22486442714745,1089793
2021-03-04T09:30:00,97.22486442714745,97.45148472717794,95.05208775467877,96.10270267164208,1241734
2021-03-05T09:30:00,96.10270267164208,96.28347767139894,95.70450989326109,95.77638103088844,1208197
2021-03-08T09:30:00,95.77638103088844,97.47275836229467,95.62122795971337,97.22623866717318,1266679
2021-03-09T09:30:00,97.22623866717318,98.10804018812608,96.63837743946577,97.90716407264676,1071041
2021-03-10T09:30:00,97.90716407264676,99.9959793823782,97.13793890485475,99.86916418042992,1161913
2021-03-11T09:30:00,99.86916418042992,101.43335730568957,99.085191998123,101.24210765737372,1477070
2021-03-12T09:30:00,101.24210765737372,102.25268472831469,100.73689759698944,101.7863447670387,1052628
2021-03-15T09:30:00,101.7863447670387,104.73937367618312,101.60706591555486,103.83949587853655,1317653
2021-03-16T09:30:00,103.83949587853655,104.84753901520584,103.59010752284908,104.39758539583526,1332320
2021-03-17T09:30:00,104.39758539583526,105.61928125336158,103.07596172179174,105.4191500994379,1237257
2021-03-18T09:30:00,105.4191500994379,105.61783767543726,104.32863964827047,105.10647973306085,1016804
2021-03-19T09:30:00,105.10647973306085,105.82044824297795,104.51820025745671,105.22749765459089,1017178
2021-03-22T09:30:00,105.22749765459089,105.92654026694447,104.23461377035137,104.43711103921824,1137817
2021-03-23T09:30:00,104.43711103921824,106.30843441943524,103.97591694947451,105.65042510410179,1051257
2021-03-24T09:30:00,105.65042510410179,106.1573308389586,103.86944580777308,104.28078547651216,1047114
2021-03-25T09:30:00,104.28078547651216,106.04436239894694,103.70689637062252,105.24724357472734,1080060
2021-03-26T09:30:00,105.24724357472734,105.68355711132449,104.93623460142044,105.06148698935196,1095363
2021-03-29T09:30:00,105.06148698935196,106.71404971732964,105.00119327937331,106.49846748539531,1419237
2021-03-30T09:30:00,106.49846748539531,108.30987410086063,105.65025400374262,107.4474624902955,1319365
2021-03-31T09:30:00,107.4474624902955,109.72159399603105,107.25690586451965,109.70826587683683,1015204
2021-04-01T09:30:00,109.70826587683683,110.86256471987609,108.37023663739433,110.66086620828004,1314238
2021-04-02T09:30:00,110.66086620828004,110.9685450656714,108.45797349429503,108.73222042741034,1068354
2021-04-05T09:30:00,108.73222042741034,108.82859053753207,108.31292777946254,108.69282106546392,1210527
2021-04-06T09:30:00,108.69282106546392,108.85109488686408,107.2686305467129,107.2915002795648,1019022
2021-04-07T09:30:00,107.2915002795648,108.08203016508428,106.65729341270466,106.7035519104406,1045085
2021-04-08T09:30:00,106.7035519104406,109.23991584480517,106.55752596781142,108.5743367517864,1066297
2021-04-09T09:30:00,108.5743367517864,110.97061272461676,108.14528322940993,109.40230068396087,1216686
2021-04-12T09:30:00,109.40230068396087,109.57594322508605,107.74650498194008,108.57868726315675,1231540
2021-04-13T09:30:00,108.57868726315675,108.66807522529302,107.09615039043588,107.37371909121795,1176372
2021-04-14T09:30:00,107.37371909121795,108.3976096477334,107.00648061756391,107.45624002385142,1310084
2021-04-15T09:30:00,107.45624002385142,107.50684281040937,105.69106094380545,106.01657677245592,1360229
2021-04-16T09:30:00,106.01657677245592,106.67852189370072,104.40520957163018,105.25185905669795,1364366
2021-04-19T09:30:00,105.25185905669795,106.24005781992328,104.90002559289765,105.66599146901325,1289513
2021-04-20T09:30:00,105.66599146901325,107.27227715640873,105.0726269308176,107.09214766141066,1272778
2021-04-21T09:30:00,107.09214766141066,108.36783729916404,107.06805449430585,107.87387018465436,1245782
2021-04-22T09:30:00,107.87387018465436,108.23627893674401,104.08346797044032,105.11402988462362,1118967
2021-04-23T09:30:00,105.11402988462362,106.29797262339764,104.74299325936292,105.51851074310282,1243491
2021-04-26T09:30:00,105.51851074310282,105.93316585449857,104.64276625686318,105.6465689936212,1005049
2021-04-27T09:30:00,105.6465689936212,106.42969802297264,105.4834510730876,106.18429947619893,1483148
2021-04-28T09:30:00,106.18429947619893,109.18445026845309,105.71312585349536,108.17237968582536,1185046
2021-04-29T09:30:00,108.17237968582536,109.17963629755931,105.0717348604125,105.68462073556496,1378147
2021-04-30T09:30:00,105.68462073556496,106.00307621168128,104.7861667261616,105.01820972041774,1478351
2021-05-03T09:30:00,105.01820972041774,105.8600407924402,104.92196181430715,105.76353165301616,1248489
2021-05-04T09:30:00,105.76353165301616,106.06789081065695,103.57408651598209,103.90878098597591,1430913
2021-05-05T09:30:00,103.90878098597591,106.43401171097808,103.602923785967,105.68899968506776,1239611
2021-05-06T09:30:00,105.68899968506776,106.80013906225463,105.45327655307048,106.17237855442659,1066144
2021-05-07T09:30:00,106.17237855442659,107.40740777211069,105.65203257301292,107.23369734531033,1013239
2021-05-10T09:30:00,107.23369734531033,107.34311298838087,106.43219092440323,106.5820309596314,1067811
2021-05-11T09:30:00,106.5820309596314,107.87231035772328,106.2102956406836,107.60778051021417,1471254
2021-05-12T09:30:00,107.60778051021417,109.27050764103339,107.14187116544184,108.95418563740657,1237554
2021-05-13T09:30:00,108.95418563740657,109.66471042158722,108.05667754938979,109.28512459984888,1159586
2021-05-14T09:30:00,109.28512459984888,109.7592170778528,109.12626054200645,109.61895586931165,1223030
2021-05-17T09:30:00,109.61895586931165,110.35693839314153,109.42460828584188,109.99848186258605,1127969
2021-05-18T09:30:00,109.99848186258605,110.00331887504537,107.67287612973142,108.96531125003837,1435276
2021-05-19T09:30:00,108.96531125003837,109.2449161357758,108.53477305612296,108.82627231927039,1499704
2021-05-20T09:30:00,108.82627231927039,109.05418105660524,108.19162100137767,108.68124851765928,1042458
2021-05-21T09:30:00,108.68124851765928,110.41424197135807,107.82501547776725,109.19684357584566,1359344
2021-05-24T09:30:00,109.19684357584566,111.34424399869445,108.26715332720961,110.47813386649567,1167800
2021-05-25T09:30:00,110.47813386649567,111.17466387864492,108.40899341592896,109.19594170545331,1023681
2021-05-26T09:30:00,109.19594170545331,109.94279141669021,108.47908917695791,109.08449154771584,1461105
2021-05-27T09:30:00,109.08449154771584,111.43297271574923,108.34448245180269,110.96019418282648,1030942
2021-05-28T09:30:00,110.96019418282648,112.1969973463962,109.65866896268648,110.06866535156256,1102951
2021-05-31T09:30:00,110.06866535156256,110.61652678563375,108.741365959273,109.08612492442245,1012750
2021-06-01T09:30:00,109.08612492442245,109.91076394524913,108.75001126716612,109.37964972325473,1235641
2021-06-02T09:30:00,109.37964972325473,110.48578003602142,108.10696291995005,110.47030193871277,1299809
2021-06-03T09:30:00,110.47030193871277,110.64850016903681,109.442268797244,110.52845181422948,1160336
2021-06-04T09:30:00,110.52845181422948,112.35538318250951,110.37330667338662,112.23786518402144,1035782
2021-06-07T09:30:00,112.23786518402144,113.59418729059853,111.3680831419655,113.3728095360259,1058077
2021-06-08T09:30:00,113.3728095360259,115.30216003458031,113.12580981455169,114.49998102506052,1466694
2021-06-09T09:30:00,114.49998102506052,115.3693270369811,114.4421947213685,115.26483127333485,1402958
2021-06-10T09:30:00,115.26483127333485,118.89212749644271,114.6114011273268,118.35276811753583,1468453
2021-06-11T09:30:00,118.35276811753583,118.8406342422572,116.88003513914994,118.12440769515213,1265401
2021-06-14T09:30:00,118.12440769515213,118.66845962673129,115.15466023921903,115.4877549146683,1273027
2021-06-15T09:30:00,115.4877549146683,118.01941969136001,115.47803273754784,117.63436739392321,1392998
2021-06-16T09:30:00,117.63436739392321,118.07284885523285,116.00400106884771,117.07054606748632,1308319
2021-06-17T09:30:00,117.07054606748632,117.4190545380494,116.17952256563535,117.26020909209323,1218220
2021-06-18T09:30:00,117.26020909209323,119.60089827249179,116.65773723613214,119.04792709926892,1145947
2021-06-21T09:30:00,119.04792709926892,119.56471024046387,116.33694569480292,116.93231566116661,1242753
2021-06-22T09:30:00,116.93231566116661,117.88850818527118,115.26008841915554,115.31917356259223,1031986
2021-06-23T09:30:00,115.31917356259223,115.45579715289362,113.13370103778375,113.27110968142816,1096224
2021-06-24T09:30:00,113.27110968142816,113.31837136281636,111.75818601392727,112.29609080243794,1368730
2021-06-25T09:30:00,112.29609080243794,113.148823988897,111.74409828575612,112.90044993984998,1434026
2021-06-28T09:30:00,112.90044993984998,115.29533406077367,112.74441340937955,113.61630166106413,1050892
2021-06-29T09:30:00,113.61630166106413,114.7283870422128,113.05075417794421,114.01730814075546,1048453
2021-06-30T09:30:00,114.01730814075546,114.65628431039406,112.16327485638708,112.23608027096265,1042778
2021-07-01T09:30:00,112.23608027096265,112.60905535642891,109.30236296391286,109.3406940711099,1395789
2021-07-02T09:30:00,109.3406940711099,109.6488076355874,109.02843122689148,109.45147118749986,1155611
2021-07-05T09:30:00,109.45147118749986,110.21253401884893,108.38030842725001,108.90940051775318,1163382
2021-07-06T09:30:00,108.90940051775318,110.3077561730275,108.50660317945956,109.519921614754,1006232
2021-07-07T09:30:00,109.519921614754,110.51462396120651,109.07124965592612,110.43509541930074,1486299
2021-07-08T09:30:00,110.43509541930074,110.81249483052974,108.99743682560722,110.65202704155556,1217017
2021-07-09T09:30:00,110.65202704155556,112.94801993937554,110.44394358623435,111.64965735514005,1398723
2021-07-12T09:30:00,111.64965735514005,112.8332278658089,111.39393397415569,111.98414165066313,1353840
2021-07-13T09:30:00,111.98414165066313,112.87439804500032,111.55358173522895,112.70164579468471,1070887
2021-07-14T09:30:00,112.70164579468471,113.0359302504523,111.3877880179695,111.84585504869915,1400674
2021-07-15T09:30:00,111.84585504869915,112.02790934955034,111.36370711216215,111.6624528322876,1275151
2021-07-16T09:30:00,111.6624528322876,112.24133868639254,111.43736216530539,111.95590807921158,1302153
2021-07-19T09:30:00,111.95590807921158,113.10143737203813,111.65299410729975,113.04196365823836,1100157
2021-07-20T09:30:00,113.04196365823836,113.26535952961643,112.11627783829356,112.58213383705268,1423437
2021-07-21T09:30:00,112.58213383705268,114.12321159973301,112.35103987513585,113.29211129202848,1465833
2021-07-22T09:30:00,113.29211129202848,113.3568066908782,112.94495090303404,112.99556883159401,1203251
2021-07-23T09:30:00,112.99556883159401,114.29478571982743,112.32765088905609,112.88980752121869,1046238
2021-07-26T09:30:00,112.88980752121869,114.04815263715297,112.54854241417817,113.99643099511748,1424386
2021-07-27T09:30:00,113.99643099511748,115.01403062077524,110.43863077699804,111.46544176682092,1443696
2021-07-28T09:30:00,111.46544176682092,111.66458560334245,108.81817059449853,109.87106360580059,1253236
2021-07-29T09:30:00,109.87106360580059,110.40007111776741,107.38761384720112,108.06812589644325,1289574
2021-07-30T09:30:00,108.06812589644325,108.4596626881501,104.56038566527388,105.25144969544289,1111518
2021-08-02T09:30:00,105.25144969544289,105.70074667478379,104.40297717288145,104.48374873115533,1033736
2021-08-03T09:30:00,104.48374873115533,105.65538574835557,103.86265545495557,105.41309062088081,1472072
2021-08-04T09:30:00,105.41309062088081,105.9341228835386,104.7450588817002,105.11440723687208,1241478
2021-08-05T09:30:00,105.11440723687208,105.41307594210649,104.7075693421205,105.39186240350809,1137485
2021-08-06T09:30:00,105.39186240350809,107.42185178166676,105.1597326842173,106.73533367239624,1346616
2021-08-09T09:30:00,106.73533367239624,109.12169581269747,106.02954396685469,108.38454091988397,1013100
2021-08-10T09:30:00,108.38454091988397,109.15793853878903,107.98399698743555,108.34258254417452,1039970
2021-08-11T09:30:00,108.34258254417452,111.02106186209917,108.33384503164487,110.04844156804818,1121337
2021-08-12T09:30:00,110.04844156804818,110.26740048383157,109.794765449549,110.20707018037002,1225324
2021-08-13T09:30:00,110.20707018037002,110.82700915254841,108.96781011768483,109.204364602643,1183343
2021-08-16T09:30:00,109.204364602643,109.21168991507683,108.33385523676388,108.51167683191501,1093673
2021-08-17T09:30:00,108.51167683191501,109.73808381018671,106.42132407672976,106.73307488398484,1175674
2021-08-18T09:30:00,106.73307488398484,106.83487713647378,105.22089631429031,105.70057477464212,1166955
2021-08-19T09:30:00,105.70057477464212,105.78661451222612,105.29421547304861,105.31342503965745,1262333
2021-08-20T09:30:00,105.31342503965745,107.4289892520285,104.24364096388997,106.31481070023773,1281370
2021-08-23T09:30:00,106.31481070023773,109.22137875400068,106.2022691458041,108.43138137027633,1441563
2021-08-24T09:30:00,108.43138137027633,108.64318993087763,106.36813012773439,106.77502264056251,1403389
2021-08-25T09:30:00,106.77502264056251,108.20812599401039,106.62550097068193,107.29299577180544,1146169
2021-08-26T09:30:00,107.29299577180544,107.53439339318294,105.10626686664096,106.06965886059922,1451333
2021-08-27T09:30:00,106.06965886059922,106.98315492801362,105.60229555312728,106.68267619691642,1260385
2021-08-30T09:30:00,106.68267619691642,106.74379706887754,106.4505800319555,106.56643928603422,1093838
2021-08-31T09:30:00,106.56643928603422,106.74224382643493,104.37765292583433,104.39635279029213,1170069
2021-09-01T09:30:00,104.39635279029213,105.94697683328367,104.3439992369198,105.53664532728305,1370881
2021-09-02T09:30:00,105.53664532728305,105.96379767995442,104.7946008945395,104.85453688444832,1410886
2021-09-03T09:30:00,104.85453688444832,105.3148790126925,104.20553658945707,104.2613711759002,1187062
2021-09-06T09:30:00,104.2613711759002,104.97712706174586,102.60120955362437,103.03806971424345,1078800
2021-09-07T09:30:00,103.03806971424345,103.20724172462616,101.60971908984742,102.31453127602968,1095943
2021-09-08T09:30:00,102.31453127602968,102.94346304835558,102.3133801124712,102.85154412799096,1051755
2021-09-09T09:30:00,102.85154412799096,103.1684776067708,102.25310713550786,102.6716563935787,1349368
2021-09-10T09:30:00,102.6716563935787,103.10671689071074,102.31139851970133,103.09502319578124,1251497
2021-09-13T09:30:00,103.09502319578124,103.8813643373455,102.7001922199525,103.559016108854,1225591
2021-09-14T09:30:00,103.559016108854,105.71434818717205,103.16446064639995,105.1508964111494,1335943
2021-09-15T09:30:00,105.1508964111494,105.33681094647378,104.21250122622455,104.7839193400771,1414333
2021-09-16T09:30:00,104.7839193400771,105.36232062068282,101.93152691669962,103.07078941846791,1397762
2021-09-17T09:30:00,103.07078941846791,104.52740117855166,103.00787300492547,104.35896712882878,1068572
2021-09-20T09:30:00,104.35896712882878,104.95907580022673,102.86791134691397,104.00812301242391,1294812
2021-09-21T09:30:00,104.00812301242391,105.73896424882061,103.72310282712037,105.36388093741758,1441256
2021-09-22T09:30:00,105.36388093741758,106.48909688324922,104.71490521252245,105.86371804861146,1386924
2021-09-23T09:30:00,105.86371804861146,106.1634684749886,105.45587768070727,105.74831236488785,1164706
2021-09-24T09:30:00,105.74831236488785,106.54017469723216,105.61670139996508,106.20848379244154,1196355
2021-09-27T09:30:00,106.20848379244154,109.3197730100537,105.67283810876465,108.6002168991586,1445098
2021-09-28T09:30:00,108.6002168991586,111.38457103918962,108.337158156259,111.20092829639196,1016433
2021-09-29T09:30:00,111.20092829639196,111.45040263115406,110.52386744011964,111.33253832272412,1262709
2021-09-30T09:30:00,111.33253832272412,111.8571742131529,110.82072946414851,111.5789412770088,1058049
2021-10-01T09:30:00,111.5789412770088,114.17526709984622,110.72999264972312,112.98486290743303,1447294
2021-10-04T09:30:00,112.98486290743303,113.00923012099445,111.74546873930372,111.94629820632487,1019361
2021-10-05T09:30:00,111.94629820632487,113.53624263491321,111.43959601175627,112.41350478696972,1011695
2021-10-06T09:30:00,112.41350478696972,112.49954263608213,112.24087863346705,112.42514725872464,1164471
2021-10-07T09:30:00,112.42514725872464,112.90825151621868,112.08705065717527,112.86992474475208,1100082
2021-10-08T09:30:00,112.86992474475208,113.17926078955547,110.89365445593648,111.84814845808164,1247745
2021-10-11T09:30:00,111.84814845808164,112.34900739915194,109.7578023285421,109.87658148221612,1149784
2021-10-12T09:30:00,109.87658148221612,110.97395554141276,106.90551851169624,107.33748780129501,1178158
2021-10-13T09:30:00,107.33748780129501,108.24037129238022,105.95452732681849,106.02012198392944,1282461
2021-10-14T09:30:00,106.02012198392944,106.131597525595,105.20137592658223,105.51079458841777,1280299
2021-10-15T09:30:00,105.51079458841777,105.88793055880998,105.1961183081721,105.20189541375608,1467465
2021-10-18T09:30:00,105.20189541375608,108.26009265520102,104.4465489513962,107.55452140942533,1240304
2021-10-19T09:30:00,107.55452140942533,109.1177049922358,107.25592850714304,108.94602001529209,1282115
2021-10-20T09:30:00,108.94602001529209,109.9998171365581,106.87826040083623,107.8007508593087,1338971
2021-10-21T09:30:00,107.8007508593087,108.954978972238,107.68473328912265,108.26854883881738,1087116
2021-10-22T09:30:00,108.26854883881738,109.75706600092886,106.85100179247861,107.8117629721073,1333481
2021-10-25T09:30:00,107.8117629721073,107.93797040676361,107.39199580907993,107.50691901864664,1430955
2021-10-26T09:30:00,107.50691901864664,107.87701099622079,106.53909943411131,107.77549503335906,1159032
2021-10-27T09:30:00,107.77549503335906,108.80535691337353,106.75537362961525,108.57492687499487,1089170
2021-10-28T09:30:00,108.57492687499487,109.16062293884296,107.83116740066676,108.20034291850055,1173107
2021-10-29T09:30:00,108.20034291850055,110.20497429563319,108.1624658418393,109.54849407955876,1137519
2021-11-01T09:30:00,109.54849407955876,109.64182305549502,107.97260433525535,108.17349210296022,1292573
2021-11-02T09:30:00,108.17349210296022,109.37932091066463,107.58808316331047,108.22419340897497,1431867
2021-11-03T09:30:00,108.22419340897497,111.79886223831092,107.9309148273223,111.45486705586194,1298216
2021-11-04T09:30:00,111.45486705586194,112.09141242221803,110.81497322015959,111.78101876160619,1062755
2021-11-05T09:30:00,111.78101876160619,113.81774291086174,111.4779830545762,113.6419436140096,1157349
2021-11-08T09:30:00,113.6419436140096,114.36345692898303,113.50291296611161,113.80497055911114,1344657
2021-11-09T09:30:00,113.80497055911114,115.26702581146323,113.72216901842548,114.5995817481486,1165158
2021-11-10T09:30:00,114.5995817481486,115.75059438360438,114.47104003004833,114.57127158231134,1293195
2021-11-11T09:30:00,114.57127158231134,115.12088587065546,113.79727526395868,114.39535713890923,1347022
2021-11-12T09:30:00,114.39535713890923,114.82389526057824,112.93889104947215,113.42966880370702,1164583
2021-11-15T09:30:00,113.42966880370702,114.99014738606114,112.50979665390321,114.02812194276906,1323705
2021-11-16T09:30:00,114.02812194276906,114.55850361876448,112.62529612819085,112.97236991245316,1199058
2021-11-17T09:30:00,112.97236991245316,114.73314878207238,112.61580746294656,113.86980576571321,1067525
2021-11-18T09:30:00,113.86980576571321,115.46670376669138,113.59638093192711,115.31627378958729,1186090
2021-11-19T09:30:00,115.31627378958729,116.3277859778458,115.081185208074,115.84129735655738,1220520
2021-11-22T09:30:00,115.84129735655738,115.9785434547817,115.32614345462642,115.51127359132249,1001193
2021-11-23T09:30:00,115.51127359132249,116.21265938550135,115.05645794074893,116.15170404213866,1446353
2021-11-24T09:30:00,116.15170404213866,116.94377173863545,115.76488613373013,115.7912622987545,1263944
2021-11-25T09:30:00,115.7912622987545,117.20406030816885,115.50924482830635,117.06553734579137,1018152
2021-11-26T09:30:00,117.06553734579137,118.10785266296159,114.50214635771555,114.68098637437078,1433995
2021-11-29T09:30:00,114.68098637437078,115.14156820457309,113.13538884519124,114.29008425227414,1427581
2021-11-30T09:30:00,114.29008425227414,114.6050629978365,110.78602346092624,111.75548896286556,1006024
2021-12-01T09:30:00,111.75548896286556,111.97649053071959,109.63066619405676,109.90531303432407,1081589
2021-12-02T09:30:00,109.90531303432407,112.52338296341121,108.98259724848815,111.64858379162239,1181897
2021-12-03T09:30:00,111.64858379162239,113.23479540421454,111.58816329690839,112.82617143784219,1253624
2021-12-06T09:30:00,112.82617143784219,113.15433840121293,111.7077680849795,111.9504921368148,1362881
2021-12-07T09:30:00,111.9504921368148,112.15506464142544,108.9399609314697,110.08764015566608,1212168
2021-12-08T09:30:00,110.08764015566608,110.84499555580238,106.22374616551357,106.43077402488679,1305858
2021-12-09T09:30:00,106.43077402488679,106.76516414194694,105.61603915617086,105.81711180675994,1005064
2021-12-10T09:30:00,105.81711180675994,109.15947578975788,104.70645204547863,108.76324558404093,1329269
2021-12-13T09:30:00,108.76324558404093,109.7645384344926,108.3066748318339,109.34273066737723,1457698
2021-12-14T09:30:00,109.34273066737723,109.78508833530144,107.91247517632696,108.69234611721856,1263104
2021-12-15T09:30:00,108.69234611721856,109.38836033265194,107.88252056336562,109.30866859744557,1227462
2021-12-16T09:30:00,109.30866859744557,109.5229353380648,107.22453419804835,107.41732490110236,1148559
2021-12-17T09:30:00,107.41732490110236,107.4924763775417,107.07314793988661,107.0978115691194,1477134
2021-12-20T09:30:00,107.0978115691194,107.6990474377654,106.38659823152452,107.26111366069894,1016601
2021-12-21T09:30:00,107.26111366069894,107.87616609227443,106.29721083161134,107.1989596822864,1143371
2021-12-22T09:30:00,107.1989596822864,108.71141371086887,106.59137275390307,108.20274115040135,1069354
2021-12-23T09:30:00,108.20274115040135,109.01344632216939,107.69335640311415,108.66852527041426,1433137
2021-12-24T09:30:00,108.66852527041426,110.17235554825089,108.559126029066,109.53514916718908,1241302
2021-12-27T09:30:00,109.53514916718908,109.62390525706869,108.48471997097326,108.72364896590722,1461194
2021-12-28T09:30:00,108.72364896590722,110.27451190191204,107.73990816545069,109.8736293545345,1332579
2021-12-29T09:30:00,109.8736293545345,112.83499247445087,109.61577755879064,111.94664085702955,1278416
2021-12-30T09:30:00,111.94664085702955,111.96070623107805,109.50082108739501,110.75959940790966,1258736
2021-12-31T09:30:00,110.75959940790966,110.88139941080547,109.33772955119416,109.68869837654799,1101338
2022-01-03T09:30:00,109.68869837654799,111.58382075193963,108.88061456117637,111.39361132303898,1281024
2022-01-04T09:30:00,111.39361132303898,111.40081780356464,111.0944343986526,111.19613145053074,1342623
2022-01-05T09:30:00,111.19613145053074,113.83161710354057,111.15542347863928,113.0102589483793,1482671
2022-01-06T09:30:00,113.0102589483793,113.72357365616685,112.27358965491078,112.48803199654476,1274489
2022-01-07T09:30:00,112.48803199654476,114.40540118117774,112.02917832613423,114.38857257712134,1469418
2022-01-10T09:30:00,114.38857257712134,115.19402247771637,113.8373482373564,114.60450782289129,1472264
2022-01-11T09:30:00,114.60450782289129,116.2585501325455,113.87888677024989,114.98555234329089,1261276
2022-01-12T09:30:00,114.98555234329089,117.27365545444245,114.19655463179792,117.07128218452924,1219636
2022-01-13T09:30:00,117.07128218452924,117.76763505189902,116.0595010911943,116.63750191510627,1071351
2022-01-14T09:30:00,116.63750191510627,116.72674469475159,114.88038575083472,115.43911035494648,1134256
2022-01-17T09:30:00,115.43911035494648,115.7566847882283,114.84781096530607,114.89776850103624,1439546
2022-01-18T09:30:00,114.89776850103624,115.93880901990023,114.7025522664039,115.53267177311429,1069143
2022-01-19T09:30:00,115.53267177311429,115.6016252527236,113.2661094973448,113.52734650207408,1198529
2022-01-20T09:30:00,113.52734650207408,115.32010581372099,112.96291665137782,114.39300001311557,1349316
2022-01-21T09:30:00,114.39300001311557,115.73388233366911,113.6925149826668,113.73955664069696,1120310
2022-01-24T09:30:00,113.73955664069696,115.808348096432,112.93760064001096,115.26500855571068,1487054
2022-01-25T09:30:00,115.26500855571068,115.83268579956813,112.00794071604406,112.18149268714825,1324742
2022-01-26T09:30:00,112.18149268714825,112.43700165521348,110.87835690001425,111.22548288558932,1014171
2022-01-27T09:30:00,111.22548288558932,111.99652143115414,108.6879601522613,109.14268272553734,1123586
2022-01-28T09:30:00,109.14268272553734,109.91212210531886,106.99604298353327,108.16348337360151,1370222
2022-01-31T09:30:00,108.16348337360151,108.60447315102058,107.90939387225359,108.51015737005002,1431595
2022-02-01T09:30:00,108.51015737005002,108.90599005079633,107.946493717077,108.3326983922488,1463465
2022-02-02T09:30:00,108.3326983922488,108.5374314828827,107.195505764638,108.06444429469393,1425585
2022-02-03T09:30:00,108.06444429469393,108.30896085853908,107.46837389434221,107.91227211727193,1037390
2022-02-04T09:30:00,107.91227211727193,108.3775483787451,107.24435791037084,108.2039623634689,1364843
2022-02-07T09:30:00,108.2039623634689,108.33305011847648,106.85600942554535,107.00950981523954,1055085
2022-02-08T09:30:00,107.00950981523954,108.76092878195122,105.98554665864762,107.9096467338408,1038275
2022-02-09T09:30:00,107.9096467338408,109.34386817404025,107.34943923662105,108.76329310394738,1345978
2022-02-10T09:30:00,108.76329310394738,109.31132172899964,108.46757506127386,109.28130495966744,1239082
2022-02-11T09:30:00,109.28130495966744,110.63735013452389,108.51015215002568,110.01428980366238,1323981
2022-02-14T09:30:00,110.01428980366238,111.12591254459521,109.96597390465733,110.42771135925585,1425742
2022-02-15T09:30:00,110.42771135925585,113.82315000836952,110.31468490506992,113.01971340745918,1034413
2022-02-16T09:30:00,113.01971340745918,113.19622501994522,112.2871173248882,112.95294930865253,1263765
2022-02-17T09:30:00,112.95294930865253,113.71996822513506,112.09916154210526,112.60447014431193,1417211
2022-02-18T09:30:00,112.60447014431193,112.8905300364736,111.13259878147073,111.68703938411544,1220146
2022-02-21T09:30:00,111.68703938411544,111.79608113355116,110.31559901941019,110.42408981552343,1261711
2022-02-22T09:30:00,110.42408981552343,110.5442779862199,108.45928059220279,108.90971636716971,1248926
2022-02-23T09:30:00,108.90971636716971,109.11871461697113,107.13762973735555,107.85534083581184,1453598
2022-02-24T09:30:00,107.85534083581184,108.01077066223677,106.91253273128555,107.81170096872924,1024946
2022-02-25T09:30:00,107.81170096872924,108.3997631702715,107.3676671973886,108.26314908268247,1438995
2022-02-28T09:30:00,108.26314908268247,108.39196305405311,107.93674742794715,108.36889206411207,1408191
2022-03-01T09:30:00,108.36889206411207,108.41148033760886,107.26045020152404,107.47121523279633,1406253
2022-03-02T09:30:00,107.47121523279633,108.97906516147775,106.47344688102929,108.61083558499737,1206143
2022-03-03T09:30:00,108.61083558499737,109.85605740042622,108.24211303161388,109.56454483720708,1257949
2022-03-04T09:30:00,109.56454483720708,111.1610342794466,109.40554485091818,109.40968452860392,1184491
2022-03-07T09:30:00,109.40968452860392,110.38178226670496,108.1377046695293,108.64310034424825,1125855
2022-03-08T09:30:00,108.64310034424825,109.53899237259478,108.22415616255455,109.36181937686324,1437717
2022-03-09T09:30:00,109.36181937686324,110.05504270241408,108.45555103736127,109.63831290838483,1252987
2022-03-10T09:30:00,109.63831290838483,109.95484013072564,107.51228021723686,107.88153499061481,1361673
2022-03-11T09:30:00,107.88153499061481,107.90664844905427,107.47286032988168,107.84118748510309,1050405
2022-03-14T09:30:00,107.84118748510309,108.61658027364774,107.01223516517383,108.20440007978183,1394463
2022-03-15T09:30:00,108.20440007978183,108.8403749992867,107.03019960702285,107.14348249268636,1329423
2022-03-16T09:30:00,107.14348249268636,107.51998528597403,106.84775323324446,107.4166391371257,1498805
2022-03-17T09:30:00,107.4166391371257,108.02464539787042,105.60532724176305,105.68730525471406,1066988
2022-03-18T09:30:00,105.68730525471406,108.58857861620288,104.97229175360518,107.33050522945939,1270020
2022-03-21T09:30:00,107.33050522945939,109.75780533729083,106.54366378246297,108.89186872311558,1255586
2022-03-22T09:30:00,108.89186872311558,109.09607481614994,108.1796783308051,108.62329215150123,1269199
2022-03-23T09:30:00,108.62329215150123,109.70209258181406,108.60024565075462,109.11405329500184,1027190
2022-03-24T09:30:00,109.11405329500184,109.77958123018144,106.1278454067759,106.17570773169815,1236561
2022-03-25T09:30:00,106.17570773169815,106.61674563240628,104.30877510259235,104.82569161098935,1149756
2022-03-28T09:30:00,104.82569161098935,104.90218202407061,104.48899959033346,104.5181000698598,1308676
2022-03-29T09:30:00,104.5181000698598,104.52700390897355,103.2862161196035,103.28896508334019,1116040
2022-03-30T09:30:00,103.28896508334019,104.31407600721899,102.70010979805224,104.16664448236219,1217526
2022-03-31T09:30:00,104.16664448236219,107.14493272017585,103.53777741404619,106.56706473338008,1310015
2022-04-01T09:30:00,106.56706473338008,107.50763647142787,105.01443899235238,105.18758269642403,1032022
2022-04-04T09:30:00,105.18758269642403,105.69975106711213,104.1189663893014,104.23046857148618,1393393
2022-04-05T09:30:00,104.23046857148618,104.55442682024379,103.88427108192774,104.55009744777801,1357867
2022-04-06T09:30:00,104.55009744777801,106.61005771939992,104.24418990097485,106.50154230688027,1028651
2022-04-07T09:30:00,106.50154230688027,107.28492251374595,104.75841333298446,105.06764851580965,1032367
2022-04-08T09:30:00,105.06764851580965,105.67115431590804,105.02146787622381,105.40603249448186,1425141
2022-04-11T09:30:00,105.40603249448186,108.92374993109918,104.89513020455576,107.62466222093852,1141665
2022-04-12T09:30:00,107.62466222093852,107.97357815316676,105.14619098075678,105.65164785799057,1430383
2022-04-13T09:30:00,105.65164785799057,106.4398650594718,103.40526148793515,104.15888156461993,1249626
2022-04-14T09:30:00,104.15888156461993,104.186722146565,103.61880910426568,103.69991357360676,1171134
2022-04-15T09:30:00,103.69991357360676,103.76170256426462,102.28309244082281,103.12893227208217,1136780
2022-04-18T09:30:00,103.12893227208217,104.7289518722875,102.8640784763634,104.12008978775526,1329502
2022-04-19T09:30:00,104.12008978775526,104.54001309611223,103.96848822931291,104.44671336996196,1054863
2022-04-20T09:30:00,104.44671336996196,104.80921582663706,101.16116377415545,102.38604733526006,1201306
2022-04-21T09:30:00,102.38604733526006,102.64539257330945,101.24002325970778,101.7781174209965,1172928
2022-04-22T09:30:00,101.7781174209965,102.42587548050386,99.98530439445186,100.94316137103019,1077095
2022-04-25T09:30:00,100.94316137103019,101.21383892854429,99.57780788189855,100.22253450100649,1176411
2022-04-26T09:30:00,100.22253450100649,100.41577857164563,99.44958592363362,99.86242172146316,1264331
2022-04-27T09:30:00,99.86242172146316,99.98048228198829,99.28023018955498,99.29050991680813,1338781
2022-04-28T09:30:00,99.29050991680813,100.06853897907898,98.54557001441523,98.83511648732537,1043179
2022-04-29T09:30:00,98.83511648732537,99.02709095179277,98.36001973970984,98.49207928913107,1436199
2022-05-02T09:30:00,98.49207928913107,99.35871883021406,97.33733004142161,97.80215247677097,1439236
2022-05-03T09:30:00,97.80215247677097,98.16978903968665,97.40349082493469,97.49120370374621,1345988
2022-05-04T09:30:00,97.49120370374621,97.55390107311753,96.83851294890944,97.05680113238893,1462144
2022-05-05T09:30:00,97.05680113238893,98.21515066300815,95.61016688153057,96.09463223958271,1213972
2022-05-06T09:30:00,96.09463223958271,96.62321784682685,95.67600344251701,96.0120860831159,1410806
2022-05-09T09:30:00,96.0120860831159,96.06137009072823,95.13312139245977,95.29864696255957,1363633
2022-05-10T09:30:00,95.29864696255957,96.15551888629646,93.54534006370798,94.2184438978582,1281264
2022-05-11T09:30:00,94.2184438978582,94.77969828777961,93.14766575885076,93.34488529119017,1089752
2022-05-12T09:30:00,93.34488529119017,93.66982446165551,92.43206684563616,92.487002525066,1278799
2022-05-13T09:30:00,92.487002525066,92.59057290563354,91.78897554323743,91.97271354499702,1450674
2022-05-16T09:30:00,91.97271354499702,91.97363297617122,91.23590454766742,91.3598691520934,1492303
2022-05-17T09:30:00,91.3598691520934,91.48866640785236,90.72261888564383,90.7316474425849,1224033
2022-05-18T09:30:00,90.7316474425849,91.04860957754894,90.10487631483562,90.40127654528615,1123950
2022-05-19T09:30:00,90.40127654528615,90.44164993741458,89.67561936763512,89.98655105195249,1373753
2022-05-20T09:30:00,89.98655105195249,90.70556716021015,88.92339877248637,89.56647627572396,1037974
2022-05-23T09:30:00,89.56647627572396,89.62698893295415,88.96971158729069,89.17677130746311,1075546
2022-05-24T09:30:00,89.17677130746311,89.37742826084997,88.63543436405547,88.85098607058796,1280970
2022-05-25T09:30:00,88.85098607058796,88.95201826591298,87.6026975768181,87.70777901940872,1495101
2022-05-26T09:30:00,87.70777901940872,88.41604165249126,86.9373178355297,87.09648114380693,1164392
2022-05-27T09:30:00,87.09648114380693,87.5269693775714,85.28163406795292,85.95456354904594,1221662
2022-05-30T09:30:00,85.95456354904594,86.1112265017628,85.2545343658236,85.471914891672,1161169
2022-05-31T09:30:00,85.471914891672,85.78218439487583,84.2266871527324,84.98021287787623,1220252
2022-06-01T09:30:00,84.98021287787623,85.09944030640585,84.60069626634466,84.7931749212986,1003542
2022-06-02T09:30:00,84.7931749212986,85.4294075371442,84.1255083627138,84.64730130646225,1297361
2022-06-03T09:30:00,84.64730130646225,85.08129230670583,84.12640835058993,84.21972218996794,1298119
2022-06-06T09:30:00,84.21972218996794,84.446193800872,83.17787256249618,83.59401813267687,1157781
2022-06-07T09:30:00,83.59401813267687,84.10746129095838,82.96433200801715,83.25159811644663,1132016
2022-06-08T09:30:00,83.25159811644663,83.51779651290798,82.0116117486646,82.62532754686069,1380802
2022-06-09T09:30:00,82.62532754686069,82.88981686337074,82.09292105445284,82.15090686904742,1093929
2022-06-10T09:30:00,82.15090686904742,82.37202269028433,81.2338451662382,81.95359305817925,1023533
2022-06-13T09:30:00,81.95359305817925,82.05519402568837,81.23131056931015,81.32881202749648,1020215
2022-06-14T09:30:00,81.32881202749648,81.3863096685734,80.56212420829486,81.0838347350671,1440876
2022-06-15T09:30:00,81.0838347350671,81.4377886204485,80.03283035813229,80.80441674674931,1182180
2022-06-16T09:30:00,80.80441674674931,81.0204923380208,79.56758349455019,80.07989332920944,1050916
2022-06-17T09:30:00,80.07989332920944,80.70953280179626,79.47202251014751,79.88423805792723,1439484
2022-06-20T09:30:00,79.88423805792723,80.4362177849541,79.5894663639467,79.61467231335577,1074311
2022-06-21T09:30:00,79.61467231335577,79.82639857531127,79.04056180861873,79.1853588832238,1168335
2022-06-22T09:30:00,79.1853588832238,79.67989519344785,77.97754982527206,78.52689903216042,1010343
2022-06-23T09:30:00,78.52689903216042,78.68796241984566,77.47671201041122,77.84818342930411,1339537
2022-06-24T09:30:00,77.84818342930411,78.02947945697112,77.06867099935998,77.25999492586085,1349650
2022-06-27T09:30:00,77.25999492586085,78.17730537589064,76.9024907082989,76.95852818155151,1378273
2022-06-28T09:30:00,76.95852818155151,77.62718796975828,76.11831679030684,76.26827156740418,1131521
2022-06-29T09:30:00,76.26827156740418,76.34592532027405,75.61625827555947,75.94356835516793,1164050
2022-06-30T09:30:00,75.94356835516793,101.92649574363917,75.6180702897675,101.35487803798917,1469059
2022-07-01T09:30:00,101.35487803798917,101.6049212013805,100.6322629200008,101.19492911747768,1410820
2022-07-04T09:30:00,101.19492911747768,103.22182751121156,100.77224953905615,103.14889120186442,1018578
2022-07-05T09:30:00,103.14889120186442,104.3481885966186,101.29455682817851,101.89888984902177,1345939
2022-07-06T09:30:00,101.89888984902177,102.73937267149167,101.79145550471561,102.61785972533242,1406369
2022-07-07T09:30:00,102.61785972533242,104.01051289752564,102.52744669050077,103.03022794950108,1279621
2022-07-08T09:30:00,103.03022794950108,103.26381720571084,101.85157609681161,102.05584592844203,1319953
2022-07-11T09:30:00,102.05584592844203,102.43452169923384,100.59567253894002,102.30162786581619,1000496
2022-07-12T09:30:00,102.30162786581619,104.2804068511181,102.14702032688176,103.7487352043916,1015026
2022-07-13T09:30:00,103.7487352043916,103.83378504569225,103.35038763435053,103.40899675032179,1017545
2022-07-14T09:30:00,103.40899675032179,103.70937930156137,101.44043977734675,101.46612496957883,1079488
2022-07-15T09:30:00,101.46612496957883,102.64096196712758,101.10767938833501,101.48618296192151,1495432
2022-07-18T09:30:00,101.48618296192151,101.81144146904857,100.45042936177094,100.48799625732275,1317176
2022-07-19T09:30:00,100.48799625732275,100.54485659098917,99.56691098318639,100.13780001411668,1391141
2022-07-20T09:30:00,100.13780001411668,100.64483967905583,100.01413656052773,100.08489791990354,1147792
2022-07-21T09:30:00,100.08489791990354,100.14825001402924,98.15577836861102,98.18894437695488,1468782
2022-07-22T09:30:00,98.18894437695488,98.47549916739669,96.37368727165683,96.42910214115348,1099457
2022-07-25T09:30:00,96.42910214115348,97.25073313837349,96.35103344512066,96.99446109928184,1451151
2022-07-26T09:30:00,96.99446109928184,97.28849551906195,95.95678012671074,96.4580577233639,1015397
2022-07-27T09:30:00,96.4580577233639,97.10354656280093,93.18243351433489,93.69119287823867,1010221
2022-07-28T09:30:00,93.69119287823867,95.0573394412271,93.608884951602,94.5621574761825,1039448
2022-07-29T09:30:00,94.5621574761825,95.5548705400053,93.9522647997128,94.89172627595369,1395923
2022-08-01T09:30:00,94.89172627595369,95.20615067917537,93.34460695212671,94.16127308643658,1128748
2022-08-02T09:30:00,94.16127308643658,95.06660839498672,92.70932474648518,92.79267422611231,1225572
2022-08-03T09:30:00,92.79267422611231,94.23712465454419,92.52108004294954,93.70890873220634,1235656
2022-08-04T09:30:00,93.70890873220634,94.16323162882746,93.53521440428298,94.1173005073654,1394779
2022-08-05T09:30:00,94.1173005073654,97.15207151780452,93.69151030895864,96.69733767857838,1174366
2022-08-08T09:30:00,96.69733767857838,97.45364009595141,96.61536216452973,97.19642322034734,1003357
2022-08-09T09:30:00,97.19642322034734,97.69806352513079,96.30160592056396,97.662282352818,1193238
2022-08-10T09:30:00,97.662282352818,97.6806053753757,96.8996714259455,97.51618354182757,1144099
2022-08-11T09:30:00,97.51618354182757,98.50274853907779,96.94590402345716,98.45801368291534,1365439
2022-08-12T09:30:00,98.45801368291534,99.21022717489238,97.81708422429824,99.19493502873561,1375661
2022-08-15T09:30:00,99.19493502873561,100.75007028485258,98.33817930518799,100.64219437754933,1045978
2022-08-16T09:30:00,100.64219437754933,101.36781389855221,99.85583950231324,100.08721096052292,1396510
2022-08-17T09:30:00,100.08721096052292,100.34569155859306,99.62001941829014,99.63279187410748,1035245
2022-08-18T09:30:00,99.63279187410748,100.0884246141771,98.931430106059,99.13107162898768,1309857
2022-08-19T09:30:00,99.13107162898768,100.74387555220329,98.66296336895253,100.0593026740138,1194641
2022-08-22T09:30:00,100.0593026740138,101.89549603431853,99.94165762539588,101.79901321419847,1150628
2022-08-23T09:30:00,101.79901321419847,102.21626391933513,100.06455307889239,101.30977359457987,1241593
2022-08-24T09:30:00,101.30977359457987,101.36617802853976,100.15998383093275,100.86201925108365,1155181
2022-08-25T09:30:00,100.86201925108365,101.45801126572506,100.43187409809295,101.26124386910689,1396931
2022-08-26T09:30:00,101.26124386910689,102.00925747010525,100.69215764556175,101.01924488003755,1483381
2022-08-29T09:30:00,101.01924488003755,102.40859927846972,100.59924586706099,102.14986228129692,1407899
2022-08-30T09:30:00,102.14986228129692,102.81986484491847,98.69775732505705,99.58223058412587,1219606
2022-08-31T09:30:00,99.58223058412587,99.91644249726106,98.18519924768373,98.68826808145602,1251642
2022-09-01T09:30:00,98.68826808145602,99.07051333175895,97.28430434855298,97.85189074094859,1223562
2022-09-02T09:30:00,97.85189074094859,98.13419167039838,94.81767334263944,95.31620198085649,1396770
2022-09-05T09:30:00,95.31620198085649,95.46576216638631,94.09096979443721,94.31254072169085,1276166
2022-09-06T09:30:00,94.31254072169085,94.54443046443127,93.29343467223822,93.37129500353288,1234062
2022-09-07T09:30:00,93.37129500353288,93.78813052264043,92.84605775788299,93.1954313789141,1204751
2022-09-08T09:30:00,93.1954313789141,94.77412754373879,93.01300316849513,94.40852577819948,1187522
2022-09-09T09:30:00,94.40852577819948,94.70069493602773,93.99828292040574,94.18365399739098,1276335
2022-09-12T09:30:00,94.18365399739098,94.49275104305045,92.36633764690235,93.12017893489157,1344497
2022-09-13T09:30:00,93.12017893489157,93.38354084218821,93.04398683059308,93.0969940219345,1216167
2022-09-14T09:30:00,93.0969940219345,94.7594137758247,92.59473125226664,94.24146665418111,1403330
2022-09-15T09:30:00,94.24146665418111,94.53776007886385,92.67766518024676,93.23595662912645,1413357
2022-09-16T09:30:00,93.23595662912645,94.03309793079899,92.01547821076244,92.3102985569051,1214539
2022-09-19T09:30:00,92.3102985569051,93.98524164860353,92.15727499259583,92.93156304708839,1454525
2022-09-20T09:30:00,92.93156304708839,93.41049377127204,92.38717311547548,92.73499810431953,1086520
2022-09-21T09:30:00,92.73499810431953,93.4855425112502,92.33068487275226,93.45263824509193,1466055
2022-09-22T09:30:00,93.45263824509193,94.02498991956898,93.12814019995473,93.47526175718335,1147050
2022-09-23T09:30:00,93.47526175718335,94.62252565776399,92.71953324127756,94.25605532104493,1282148
2022-09-26T09:30:00,94.25605532104493,94.55300078076232,92.93861914422237,93.18720511157657,1141792
2022-09-27T09:30:00,93.18720511157657,93.70410950090101,92.7729286630331,93.2114149924779,1221074
2022-09-28T09:30:00,93.2114149924779,93.70165449807509,92.77362003840297,93.02572155947072,1170030
2022-09-29T09:30:00,93.02572155947072,93.09283235157876,91.46160271394443,91.78009954069046,1352620
2022-09-30T09:30:00,91.78009954069046,92.33845222845294,89.36809396558809,90.18942668120711,1040594
2022-10-03T09:30:00,90.18942668120711,91.30935702014,89.39907529061126,90.92649874069235,1419161
2022-10-04T09:30:00,90.92649874069235,91.34373932001364,90.22669405750032,90.60074541456085,1451922
2022-10-05T09:30:00,90.60074541456085,91.87349062948262,89.24163190820526,89.5864933141004,1281491
2022-10-06T09:30:00,89.5864933141004,89.78868306459243,89.09116856964215,89.52434346919166,1273637
2022-10-07T09:30:00,89.52434346919166,90.73759472233522,89.26619628198983,90.70493294543034,1349990
2022-10-10T09:30:00,90.70493294543034,91.29240212182256,88.2872068462079,88.39519432937723,1099537
2022-10-11T09:30:00,88.39519432937723,89.14924589189445,86.85899970103034,86.93017991620614,1374864
2022-10-12T09:30:00,86.93017991620614,87.4167718941987,85.87102068664903,86.05499092422151,1109336
2022-10-13T09:30:00,86.05499092422151,87.6448398171219,84.92132796567721,87.51491697823694,1338196
2022-10-14T09:30:00,87.51491697823694,88.42151226449768,87.27166400190508,87.83006349760744,1152789
2022-10-17T09:30:00,87.83006349760744,88.72244347327745,87.62638538653687,88.62908740767865,1373066
2022-10-18T09:30:00,88.62908740767865,89.12604445867439,87.3147444965295,87.51844225928828,1395528
2022-10-19T09:30:00,87.51844225928828,88.15835753273258,86.00527404330536,86.44218262132314,1104322
2022-10-20T09:30:00,86.44218262132314,87.26707264180436,85.79191839870666,86.91541516147686,1308717
2022-10-21T09:30:00,86.91541516147686,87.04885588310418,86.62812968691436,87.00733640046698,1249187
2022-10-24T09:30:00,87.00733640046698,88.65016091349342,86.7893458564592,87.58323263103945,1147020
2022-10-25T09:30:00,87.58323263103945,88.01388638319932,86.96561101394056,87.43161172509727,1294134
2022-10-26T09:30:00,87.43161172509727,88.04378116518888,87.26340705529246,87.74205329587056,1496331
2022-10-27T09:30:00,87.74205329587056,88.46745415628567,87.70060834058506,87.93418446487357,1001238
2022-10-28T09:30:00,87.93418446487357,89.23673925587822,87.92943510226189,88.74457523694565,1478438
2022-10-31T09:30:00,88.74457523694565,90.30501569257892,88.71953103109988,89.59185867306641,1427981
2022-11-01T09:30:00,89.59185867306641,89.72694183133902,87.72812669095654,87.98182160883105,1264686
2022-11-02T09:30:00,87.98182160883105,88.42855600191933,85.58204299285906,85.77481478254064,1305012
2022-11-03T09:30:00,85.77481478254064,87.50272283128936,85.14025683127095,86.78314495245073,1184595
2022-11-04T09:30:00,86.78314495245073,87.98981534205367,86.7360492008159,87.98633789525104,1064568
2022-11-07T09:30:00,87.98633789525104,88.10680984418912,86.66117362816078,87.00300681907837,1285738
2022-11-08T09:30:00,87.00300681907837,87.13384393521015,84.98281453834359,85.20276445100365,1408178
2022-11-09T09:30:00,85.20276445100365,86.12249918249702,84.73399133142247,85.33225345804495,1115554
2022-11-10T09:30:00,85.33225345804495,86.40725756613679,85.0439982757493,86.2667729415906,1358528
2022-11-11T09:30:00,86.2667729415906,88.20347622553679,86.02508399163506,88.05936468430689,1374026
2022-11-14T09:30:00,88.05936468430689,88.6754350163454,87.9459789184632,88.60983166214147,1379149
2022-11-15T09:30:00,88.60983166214147,88.85947720290818,88.01845739958216,88.27151526978713,1170000
2022-11-16T09:30:00,88.27151526978713,88.4670420400349,87.13132805962738,87.41260483112731,1196021
2022-11-17T09:30:00,87.41260483112731,87.47600578885839,87.29913713747409,87.45864250109422,1208106
2022-11-18T09:30:00,87.45864250109422,87.65212489668927,86.77375302831116,87.19657115828355,1427101
2022-11-21T09:30:00,87.19657115828355,87.32929600773312,85.85062475772618,86.22755890803103,1450224
2022-11-22T09:30:00,86.22755890803103,88.44569133512097,85.80422046261053,88.26490322003801,1207013
2022-11-23T09:30:00,88.26490322003801,90.12817823703409,87.88733842219722,90.08657894024579,1484988
2022-11-24T09:30:00,90.08657894024579,92.15951794868015,90.03761591489379,91.28278516971726,1285254
2022-11-25T09:30:00,91.28278516971726,91.50051064490238,89.58596538011834,90.3658827590987,1192528
2022-11-28T09:30:00,90.3658827590987,91.2780971705175,89.5003740737496,91.27784017907152,1000321
2022-11-29T09:30:00,91.27784017907152,91.99432494415257,91.15081203119807,91.97607067111495,1305537
2022-11-30T09:30:00,91.97607067111495,92.91831986427768,91.3432553775585,92.47410463981991,1322436
2022-12-01T09:30:00,92.47410463981991,94.73722392391134,92.1808086864621,93.82114695976153,1484191
2022-12-02T09:30:00,93.82114695976153,95.46728067857835,93.65019149892395,94.53430560722269,1359087
2022-12-05T09:30:00,94.53430560722269,95.49561059299057,94.33554328597843,95.36505400051644,1014837
2022-12-06T09:30:00,95.36505400051644,96.09502763829109,95.11052660746215,96.09160828801483,1283554
2022-12-07T09:30:00,96.09160828801483,96.5831694372582,96.08814559790184,96.5010581617944,1371389
2022-12-08T09:30:00,96.5010581617944,96.72403692059117,94.3345478420219,94.5876907821513,1248279
2022-12-09T09:30:00,94.5876907821513,95.0295321553131,93.89603844764801,94.71491115914367,1214675
2022-12-12T09:30:00,94.71491115914367,95.15658518493102,93.7880213470706,94.15516510771846,1404968
2022-12-13T09:30:00,94.15516510771846,94.38301227169956,92.47671435598005,92.82614546249216,1305685
2022-12-14T09:30:00,92.82614546249216,94.75659169574861,92.43480235673016,94.63317656795786,1340686
2022-12-15T09:30:00,94.63317656795786,97.54324370107884,93.90415356981134,96.52600947211313,1232052
2022-12-16T09:30:00,96.52600947211313,98.42910888220041,96.38174258997451,98.05198320345069,1139037
2022-12-19T09:30:00,98.05198320345069,98.97557585986675,97.72057786637335,98.37464026963546,1259545
2022-12-20T09:30:00,98.37464026963546,100.24227313853943,97.86741960699523,99.9202509471617,1479536
2022-12-21T09:30:00,99.9202509471617,100.41326287923349,99.91566798085991,99.97355796323674,1301335
2022-12-22T09:30:00,99.97355796323674,100.58083596442555,99.91544001221611,100.24311970412353,1353633
2022-12-23T09:30:00,100.24311970412353,100.6744306167442,98.12777129038686,99.04000433645184,1062066
2022-12-26T09:30:00,99.04000433645184,100.30083732407816,98.0869938571958,99.52513037263226,1493969
2022-12-27T09:30:00,99.52513037263226,100.06921682506172,98.6969039374687,99.63277052986402,1122351
2022-12-28T09:30:00,99.63277052986402,99.74558201815064,96.97613648633985,98.20066291242834,1485630
2022-12-29T09:30:00,98.20066291242834,98.56757596641943,97.73332759980691,98.18262391368756,1222880
2022-12-30T09:30:00,98.18262391368756,98.21080727095192,97.65164224412038,98.13282344034485,1459454
2023-01-02T09:30:00,98.13282344034485,100.73157464741814,97.6566349053183,100.17195022274227,1445906
2023-01-03T09:30:00,100.17195022274227,101.43723969749573,99.67324906353993,101.22738708162201,1377685
2023-01-04T09:30:00,101.22738708162201,101.57373013586472,100.97772603211277,101.28069387690101,1458203
2023-01-05T09:30:00,101.28069387690101,101.65128378956686,101.22623841572877,101.60659573732991,1304714
2023-01-06T09:30:00,101.60659573732991,101.80950993877401,101.32497781390114,101.69785336015178,1424387
2023-01-09T09:30:00,101.69785336015178,101.82940253441699,101.3871492890378,101.50422035008532,1086085
2023-01-10T09:30:00,101.50422035008532,102.25447810423437,99.69872421251505,100.29868057200922,1035142
2023-01-11T09:30:00,100.29868057200922,100.75037176014874,100.12893072088154,100.16669333546126,1271675
2023-01-12T09:30:00,100.16669333546126,100.46084322912782,99.27563687288247,99.35903590133763,1404923
2023-01-13T09:30:00,99.35903590133763,99.36449345150251,97.45281091346324,97.98982663435017,1382688
2023-01-16T09:30:00,97.98982663435017,99.03004010968117,97.70546213447132,98.59673014428886,1263947
2023-01-17T09:30:00,98.59673014428886,99.81503098942493,98.2359581055097,99.07328261313441,1260428
2023-01-18T09:30:00,99.07328261313441,99.72235961411732,96.78276132550816,97.10543621908346,1304922
2023-01-19T09:30:00,97.10543621908346,98.09480879728167,96.501886597357,97.00888548466735,1434119
2023-01-20T09:30:00,97.00888548466735,98.15867404128716,96.7335150227578,98.14263006430265,1420908
2023-01-23T09:30:00,98.14263006430265,99.91589058506585,97.83798484634836,99.36031449656097,1054827
2023-01-24T09:30:00,99.36031449656097,100.74883521011195,98.96972946360938,100.55549208239599,1297870
2023-01-25T09:30:00,100.55549208239599,100.97256831018007,100.06478930018655,100.63976358681917,1190470
2023-01-26T09:30:00,100.63976358681917,100.96258712557132,99.63803412782381,99.71537850551579,1399706
2023-01-27T09:30:00,99.71537850551579,99.83069037771267,97.82470683171344,98.5296465576,1252982
2023-01-30T09:30:00,98.5296465576,99.10184855710403,97.85547252913715,98.95374552136123,1495671
2023-01-31T09:30:00,98.95374552136123,99.75267970294924,98.83331934919285,99.41857646082012,1216162
2023-02-01T09:30:00,99.41857646082012,101.14896158972503,99.01001991116176,100.90923753468795,1339555
2023-02-02T09:30:00,100.90923753468795,102.56148650754585,100.11438725206548,102.20788112272874,1054293
2023-02-03T09:30:00,102.20788112272874,102.2940688145422,102.0640483632296,102.09519625537075,1466180
2023-02-06T09:30:00,102.09519625537075,102.62800219052336,100.63183315540549,100.69535440124409,1076764
2023-02-07T09:30:00,100.69535440124409,100.89341051806154,100.20053156513505,100.37096398410495,1189185
2023-02-08T09:30:00,100.37096398410495,101.36110170654287,99.92441842013405,100.65802450135995,1418808
2023-02-09T09:30:00,100.65802450135995,100.98799059568456,99.72956816246312,100.46731949681869,1483709
2023-02-10T09:30:00,100.46731949681869,101.01215910648843,99.53289906150887,99.8488549487114,1242192
2023-02-13T09:30:00,99.8488549487114,100.88227952810352,99.45774645772545,100.17478853765344,1242360
2023-02-14T09:30:00,100.17478853765344,100.6877329612671,98.11781657506789,99.64210726964048,1024361
2023-02-15T09:30:00,99.64210726964048,99.78653126807734,98.43458198659656,98.97203655821271,1489436
2023-02-16T09:30:00,98.97203655821271,99.43894913097643,98.34980803680514,99.36083519775474,1008245
2023-02-17T09:30:00,99.36083519775474,99.46468329546552,98.69497638196898,98.94736077967642,1013043
2023-02-20T09:30:00,98.94736077967642,99.5972535174523,98.19075311693342,99.26050038276401,1236737
2023-02-21T09:30:00,99.26050038276401,99.79204407589556,99.22844437442532,99.60738286048598,1001816
2023-02-22T09:30:00,99.60738286048598,99.7247053519621,98.07856233534058,98.35999113221607,1082189
2023-02-23T09:30:00,98.35999113221607,98.78880841500971,96.96022695447691,97.86229586855215,1313859
2023-02-24T09:30:00,97.86229586855215,99.77605434306601,97.53078169185792,99.4965652360264,1352562
2023-02-27T09:30:00,99.4965652360264,99.80311054178864,97.69772775443457,98.22500731869458,1149086
2023-02-28T09:30:00,98.22500731869458,98.81159010912135,94.99778952633883,95.90652584526882,1397661
2023-03-01T09:30:00,95.90652584526882,96.41697525995848,93.86493490609837,93.91986874722609,1303857
2023-03-02T09:30:00,93.91986874722609,94.84737657457379,92.86663836800456,93.9881392092671,1114148
2023-03-03T09:30:00,93.9881392092671,94.40161800371509,93.36678551665432,94.05838541609018,1356221
2023-03-06T09:30:00,94.05838541609018,94.90910332201013,93.71787438156781,93.97027562600792,1296088
2023-03-07T09:30:00,93.97027562600792,95.98049092323113,93.57969483036632,95.30131232916384,1406056
2023-03-08T09:30:00,95.30131232916384,96.07615225778487,92.26758303974124,92.4508245040886,1077222
2023-03-09T09:30:00,92.4508245040886,93.23927066704748,92.3095688006211,92.90256637088002,1115427
2023-03-10T09:30:00,92.90256637088002,95.25682108970712,92.48738538429764,94.58427658801341,1151791
2023-03-13T09:30:00,94.58427658801341,94.80031179584516,93.06087279632678,93.41228220415664,1170707
2023-03-14T09:30:00,93.41228220415664,93.45966438426048,92.51631475141889,93.0470611382137,1444397
2023-03-15T09:30:00,93.0470611382137,93.9812038754998,92.28875732549007,92.28964256774576,1366270
2023-03-16T09:30:00,92.28964256774576,92.41272749575803,91.25169279776071,91.39036254819577,1272049
2023-03-17T09:30:00,91.39036254819577,91.87635809451926,90.85556809911833,91.08853326337803,1270226
2023-03-20T09:30:00,91.08853326337803,92.69148330243254,91.02401675941661,92.59905323417757,1442944
2023-03-21T09:30:00,92.59905323417757,95.30318401154186,92.41515414893595,94.56500817603565,1223397
2023-03-22T09:30:00,94.56500817603565,94.82168513821642,94.08566685342493,94.24231762799646,1112623
2023-03-23T09:30:00,94.24231762799646,96.80885902131669,93.8570746367222,96.31547688676541,1068449
2023-03-24T09:30:00,96.31547688676541,96.77001443653899,96.11243575658416,96.39255091306664,1165012
2023-03-27T09:30:00,96.39255091306664,98.9066344070582,96.34723910079362,98.34756656080945,1326646
2023-03-28T09:30:00,98.34756656080945,99.40776465922856,97.95665873032395,98.28255076940341,1235476
2023-03-29T09:30:00,98.28255076940341,98.59877067565037,97.95711521901819,98.46760516223442,1210891
2023-03-30T09:30:00,98.46760516223442,99.20237938353671,97.87167984215348,98.914738324434,1240040
2023-03-31T09:30:00,98.914738324434,103.31440095447716,98.43062914878593,102.51935341801361,1487437
2023-04-03T09:30:00,102.51935341801361,103.78417090539477,102.47905425477546,103.54962130210039,1498823
2023-04-04T09:30:00,103.54962130210039,103.78259261529662,102.31697531875713,102.7602831904977,1080646
2023-04-05T09:30:00,102.7602831904977,104.48913662154503,102.34485021188699,103.9301297328436,1057222
2023-04-06T09:30:00,103.9301297328436,104.21831364316593,103.25480952751778,103.54496779732882,1122154
2023-04-07T09:30:00,103.54496779732882,104.09960876725182,102.28662097851965,103.01104648587751,1425982
2023-04-10T09:30:00,103.01104648587751,104.4270709886822,102.48506060234169,104.11320250805831,1229757
2023-04-11T09:30:00,104.11320250805831,104.25895269195668,103.83360806985247,104.19121482542423,1431841
2023-04-12T09:30:00,104.19121482542423,104.88534824672006,103.97819636067491,104.56167495819152,1323375
2023-04-13T09:30:00,104.56167495819152,105.22702040282013,104.5401456986789,104.6197488164442,1276599
2023-04-14T09:30:00,104.6197488164442,105.07754932743437,104.0220618290008,105.06054522527748,1140757
2023-04-17T09:30:00,105.06054522527748,105.68627944295858,105.05001958176122,105.60848700083801,1172018
2023-04-18T09:30:00,105.60848700083801,105.85658061483956,102.71137181854719,103.33090108429819,1073858
2023-04-19T09:30:00,103.33090108429819,104.37967471777033,103.04990457972849,104.1529034676246,1259613
2023-04-20T09:30:00,104.1529034676246,104.55932551894703,102.78463249041876,103.03448582476676,1140186
2023-04-21T09:30:00,103.03448582476676,103.29713139720941,100.43324643930494,101.39033263663518,1146233
2023-04-24T09:30:00,101.39033263663518,101.67009835870519,101.36284642953768,101.36341392375945,1019773
2023-04-25T09:30:00,101.36341392375945,102.98062231803146,100.23065978222046,101.50016132551609,1399553
2023-04-26T09:30:00,101.50016132551609,102.10424243018089,100.5622715803696,100.74228039150465,1469630
2023-04-27T09:30:00,100.74228039150465,103.28175553875921,99.76276431132175,101.7315535609774,1249139
2023-04-28T09:30:00,101.7315535609774,102.04491168317517,99.43396469540097,100.22368740729088,1268016
2023-05-01T09:30:00,100.22368740729088,100.73750821163652,98.88734040489902,99.80099571049051,1462921
2023-05-02T09:30:00,99.80099571049051,99.95932336602007,98.67304149268946,99.17873411412003,1255741
2023-05-03T09:30:00,99.17873411412003,99.90580646270601,98.7134284366968,99.16569958909132,1311345
2023-05-04T09:30:00,99.16569958909132,100.06285134634489,98.80771412092884,99.51861535661362,1214047
2023-05-05T09:30:00,99.51861535661362,100.02959654649152,98.31039148802185,98.42076515956082,1257159
2023-05-08T09:30:00,98.42076515956082,100.22183138914951,97.7943403993194,99.26811076626757,1260932
2023-05-09T09:30:00,99.26811076626757,99.93940474547067,98.94824123500588,99.37841799773503,1355534
2023-05-10T09:30:00,99.37841799773503,99.40579779489092,96.9569766349394,97.28592305577158,1302093
2023-05-11T09:30:00,97.28592305577158,97.86593945761899,94.73641934041291,95.16396977802981,1251966
2023-05-12T09:30:00,95.16396977802981,95.46596909706909,94.7829717265535,95.18844002662655,1037920
2023-05-15T09:30:00,95.18844002662655,95.67258001755945,94.85624298788481,94.98771535615803,1452253
2023-05-16T09:30:00,94.98771535615803,95.39911912022544,94.27314966044251,94.91401928301,1444139
2023-05-17T09:30:00,94.91401928301,95.26918417160542,94.76612452679376,94.92156819016154,1092222
2023-05-18T09:30:00,94.92156819016154,96.02034561518765,94.56745545709428,95.20200765802443,1146655
2023-05-19T09:30:00,95.20200765802443,96.45701831008485,94.78803326778029,96.26276384610895,1486674
2023-05-22T09:30:00,96.26276384610895,96.67822703395692,94.52801607982462,95.08817330718755,1160531
2023-05-23T09:30:00,95.08817330718755,95.70316080746474,93.36651480559858,93.86228864960515,1406095
2023-05-24T09:30:00,93.86228864960515,94.49590561526095,92.38573303968609,92.73591285099829,1392874
2023-05-25T09:30:00,92.73591285099829,93.82309660530896,91.46564732659299,93.07651632306818,1430366
2023-05-26T09:30:00,93.07651632306818,94.44307425758647,92.25420303330047,94.4273545867153,1008000
2023-05-29T09:30:00,94.4273545867153,94.97594654770408,93.33480230424736,94.0029882246499,1241453
2023-05-30T09:30:00,94.0029882246499,94.3213172103713,91.19042406932759,91.37374490165729,1282755
2023-05-31T09:30:00,91.37374490165729,91.73997947898098,89.30803812191799,89.64452989935924,1418600
2023-06-01T09:30:00,89.64452989935924,90.215842736608,88.10372840473245,88.83334343469927,1112233
2023-06-02T09:30:00,88.83334343469927,88.87546236968558,87.74819697068536,88.30680815363486,1153387
2023-06-05T09:30:00,88.30680815363486,88.8489746684539,87.92217968956858,87.93292892820337,1089950
2023-06-06T09:30:00,87.93292892820337,88.96572057554735,87.80392996243414,88.00629086179019,1380974
2023-06-07T09:30:00,88.00629086179019,88.1733604514244,87.67217681801796,87.7301230963243,1499436
2023-06-08T09:30:00,87.7301230963243,89.60933143467031,87.63047799499712,88.80878410110523,1070225
2023-06-09T09:30:00,88.80878410110523,89.14277656181278,87.45795124255109,88.16327831142317,1116557
2023-06-12T09:30:00,88.16327831142317,88.56402576633145,87.15174023435134,87.33622378186999,1153525
2023-06-13T09:30:00,87.33622378186999,88.22777167686041,87.01918061136179,87.84511131273764,1444515
2023-06-14T09:30:00,87.84511131273764,88.72398544469699,85.84552909017144,86.35036358541025,1222866
2023-06-15T09:30:00,86.35036358541025,86.79065805234089,85.84535384558231,86.76618496998348,1140967
2023-06-16T09:30:00,86.76618496998348,87.00812707393753,86.43870253703751,86.90151151611788,1161159
2023-06-19T09:30:00,86.90151151611788,87.6733700011519,86.66288160200826,86.790710759932,1299059
2023-06-20T09:30:00,86.790710759932,88.67720963131623,85.69884230802816,88.38819652144782,1193508
2023-06-21T09:30:00,88.38819652144782,88.48334757728209,86.86541451683549,87.79967751424545,1070204
2023-06-22T09:30:00,87.79967751424545,90.34611059665433,87.35272552443087,89.8856583176411,1410052
2023-06-23T09:30:00,89.8856583176411,90.29376745005811,89.45333457559838,89.69156579138449,1211116
2023-06-26T09:30:00,89.69156579138449,90.23092449119156,88.37810774224985,88.42842332293924,1128337
2023-06-27T09:30:00,88.42842332293924,88.66038637235282,88.34690703679532,88.533621217342,1364216
2023-06-28T09:30:00,88.533621217342,88.793047586879,86.6349119126776,87.48833590641622,1372640
2023-06-29T09:30:00,87.48833590641622,87.56021661163807,86.22665248494272,86.77729329356525,1077518
2023-06-30T09:30:00,86.77729329356525,87.48165575377759,86.76539033245511,87.20239441445518,1036856
2023-07-03T09:30:00,87.20239441445518,87.90525203689873,87.06965688178428,87.78634822550812,1022707
2023-07-04T09:30:00,87.78634822550812,87.88999321782482,86.88085410818285,87.2018760935799,1382869
2023-07-05T09:30:00,87.2018760935799,88.5367148647465,87.18952536700561,88.21280285244644,1312870
2023-07-06T09:30:00,88.21280285244644,89.6224430515164,87.50712277653902,89.40559252779347,1396011
2023-07-07T09:30:00,89.40559252779347,91.0054862480233,88.775325023973,90.897142138065,1313203
2023-07-10T09:30:00,90.897142138065,91.51939801906683,90.58735806374135,91.47886650272635,1200849
2023-07-11T09:30:00,91.47886650272635,93.12942642822779,90.5497155802894,92.92941522219708,1294778
2023-07-12T09:30:00,92.92941522219708,93.29952707697186,90.96968277657182,90.98445607006119,1361238
2023-07-13T09:30:00,90.98445607006119,91.09174232204182,90.22640320490137,90.69258739402993,1199422
2023-07-14T09:30:00,90.69258739402993,90.83166324692826,89.81304250356425,89.8369853488673,1457569
2023-07-17T09:30:00,89.8369853488673,90.04119246231254,89.82317568282551,89.99408504504693,1449803
2023-07-18T09:30:00,89.99408504504693,90.75749887621478,89.18547165975987,89.44666905218726,1400356
2023-07-19T09:30:00,89.44666905218726,90.04612104294185,89.26044455209914,89.31364151171358,1496133
2023-07-20T09:30:00,89.31364151171358,91.60646964028354,89.17163340474313,91.25520240728149,1195223
2023-07-21T09:30:00,91.25520240728149,92.11901099483353,90.75850777604248,91.11579948124134,1057052
2023-07-24T09:30:00,91.11579948124134,91.67895738397506,91.05883187163265,91.57946858213637,1242106
2023-07-25T09:30:00,91.57946858213637,92.30069482376265,91.09588026341083,91.37461801760556,1372944
2023-07-26T09:30:00,91.37461801760556,91.71286339016801,90.32396338795621,91.48932362626323,1389678
2023-07-27T09:30:00,91.48932362626323,91.60995872909717,91.44827658902484,91.53187056607602,1194259
2023-07-28T09:30:00,91.53187056607602,92.29139718562921,90.82468061955788,92.03349656432138,1146297
2023-07-31T09:30:00,92.03349656432138,93.30056953624914,91.9434775287699,93.28608817683704,1222736
2023-08-01T09:30:00,93.28608817683704,95.1854744643167,93.16514852788009,95.06566187241796,1401941
2023-08-02T09:30:00,95.06566187241796,95.81219602402604,94.43758012219101,95.43713922921577,1030298
2023-08-03T09:30:00,95.43713922921577,96.25229654457888,95.22380258323747,96.11299248032705,1164035
2023-08-04T09:30:00,96.11299248032705,96.2083275153247,94.79700323061259,94.8968986672117,1114940
2023-08-07T09:30:00,94.8968986672117,95.26093126925223,94.08791518065289,94.83999818288429,1402995
2023-08-08T09:30:00,94.83999818288429,96.2753728216552,94.73473395172704,95.88880581696826,1234828
2023-08-09T09:30:00,95.88880581696826,97.52722764961264,95.22538935187114,96.8684045913357,1043400
2023-08-10T09:30:00,96.8684045913357,97.32904700295354,96.55807255793279,97.13927327752546,1130893
2023-08-11T09:30:00,97.13927327752546,98.42177309096061,96.34885036029311,98.15414439996174,1022198
2023-08-14T09:30:00,98.15414439996174,98.85366978470418,98.12516820834647,98.739299834388,1237778
2023-08-15T09:30:00,98.739299834388,100.60551874593652,97.55925524989794,100.12234308987053,1498837
2023-08-16T09:30:00,100.12234308987053,100.53472738107814,99.87934806405708,100.49057803287502,1283615
2023-08-17T09:30:00,100.49057803287502,100.6875450613305,99.74144210761082,100.1251526483517,1434728
2023-08-18T09:30:00,100.1251526483517,100.69891808109135,99.51936901691327,100.54616963439419,1371296
2023-08-21T09:30:00,100.54616963439419,100.59218962599799,96.1115363649195,97.24493811456546,1441423
2023-08-22T09:30:00,97.24493811456546,97.96503948556179,96.84650247212866,97.70571784673118,1155507
2023-08-23T09:30:00,97.70571784673118,98.787394700472,93.54595135685935,93.70249108205884,1475639
2023-08-24T09:30:00,93.70249108205884,93.9142357453551,91.33453908731258,91.90851821373742,1119321
2023-08-25T09:30:00,91.90851821373742,92.72348617420106,91.59249436513072,92.4157980737375,1219158
2023-08-28T09:30:00,92.4157980737375,93.15458470217854,91.50729187682813,92.95287240347348,1340636
2023-08-29T09:30:00,92.95287240347348,93.06992536011931,91.05439311471494,91.76457421900784,1143417
2023-08-30T09:30:00,91.76457421900784,92.40912471017245,90.93921917216639,91.06003767947502,1132228
2023-08-31T09:30:00,91.06003767947502,93.03059083090409,90.84945160622803,92.51128876988601,1065012
2023-09-01T09:30:00,92.51128876988601,92.5548590776902,91.13197060163974,92.04026195439725,1002101
2023-09-04T09:30:00,92.04026195439725,94.94204094700207,91.55229798597077,94.41758379811974,1250604
2023-09-05T09:30:00,94.41758379811974,95.01441681276675,94.2899328507883,94.4529957085097,1493379
2023-09-06T09:30:00,94.4529957085097,95.22445132642211,94.10369379335732,94.92748229270376,1110024
2023-09-07T09:30:00,94.92748229270376,97.31695843202287,93.80744625014928,96.70551749340555,1220079
2023-09-08T09:30:00,96.70551749340555,97.74850346894017,96.5347144233082,96.88756884501194,1467775
2023-09-11T09:30:00,96.88756884501194,97.2067152219244,95.62305483996644,95.8248394246481,1386155
2023-09-12T09:30:00,95.8248394246481,95.82972463036073,95.68683392397485,95.7436406220787,1002001
2023-09-13T09:30:00,95.7436406220787,96.50490731125832,95.27036402848931,95.7429740168136,1250298
2023-09-14T09:30:00,95.7429740168136,95.8192322347043,94.03216853771725,94.29937194952907,1071598
2023-09-15T09:30:00,94.29937194952907,94.3126130312527,93.76649130479872,94.0632427742601,1123509
2023-09-18T09:30:00,94.0632427742601,94.37379262484636,92.81573832014023,93.30896450057693,1123237
2023-09-19T09:30:00,93.30896450057693,94.59839701107009,93.13231228444431,94.32398475124654,1306238
2023-09-20T09:30:00,94.32398475124654,94.62338632882182,93.359650163746,94.39843346132979,1099478
2023-09-21T09:30:00,94.39843346132979,94.4053623723727,93.55644468937193,94.13319491490468,1125933
2023-09-22T09:30:00,94.13319491490468,94.50501461204836,93.35120362509852,94.05721393918438,1112889
2023-09-25T09:30:00,94.05721393918438,94.39378281244952,93.86819266663562,94.33249977275653,1178442
2023-09-26T09:30:00,94.33249977275653,95.06286106815843,93.97300053529969,95.0296962810996,1328023
2023-09-27T09:30:00,95.0296962810996,95.66329457863938,93.91009691688515,93.99018108959982,1199983
2023-09-28T09:30:00,93.99018108959982,94.68186063675415,92.91125875977602,92.91740834643532,1163756
2023-09-29T09:30:00,92.91740834643532,94.38410905948827,92.57559616107909,94.11815309833398,1258801
2023-10-02T09:30:00,94.11815309833398,95.34257771223798,93.07900448369017,93.71545584975631,1307512
2023-10-03T09:30:00,93.71545584975631,93.81170655560888,91.85918538005915,92.24706081173169,1007679
2023-10-04T09:30:00,92.24706081173169,92.96959346183779,92.12116398114271,92.74788749357212,1445128
2023-10-05T09:30:00,92.74788749357212,93.88211460929239,92.70159026137333,93.2720007170177,1458215
2023-10-06T09:30:00,93.2720007170177,93.50213455280783,91.42795199799319,91.69012118678187,1301278
2023-10-09T09:30:00,91.69012118678187,92.26833863795146,91.12645277546213,91.96509100903796,1287301
2023-10-10T09:30:00,91.96509100903796,92.95274671588936,91.80087415296182,92.76864092780403,1347266
2023-10-11T09:30:00,92.76864092780403,93.25227628290573,92.26231728366052,93.19927005852867,1220432
2023-10-12T09:30:00,93.19927005852867,94.25007946297862,92.97241439230233,93.90411953459375,1182751
2023-10-13T09:30:00,93.90411953459375,94.12129897097951,92.38185404322695,92.44615577104486,1176345
2023-10-16T09:30:00,92.44615577104486,93.29240078079343,92.40183541875135,92.82985057570107,1079869
2023-10-17T09:30:00,92.82985057570107,93.291074702947,92.16183315098972,92.54815281129665,1420584
2023-10-18T09:30:00,92.54815281129665,92.68447292834769,92.04509200641388,92.0782395246144,1160292
2023-10-19T09:30:00,92.0782395246144,93.45283551671508,91.498282038354,93.02369871872237,1142200
2023-10-20T09:30:00,93.02369871872237,94.93320307836028,92.96833635903782,94.62093625118983,1482141
2023-10-23T09:30:00,94.62093625118983,97.50915124347478,94.19996581842888,96.58366489465632,1253353
2023-10-24T09:30:00,96.58366489465632,98.4362328314439,96.34594975532289,98.06191123859305,1310905
2023-10-25T09:30:00,98.06191123859305,98.73812129594565,97.88041396724911,97.97880933215464,1122722
2023-10-26T09:30:00,97.97880933215464,98.89881355951904,97.79582704859128,98.40955319077452,1138755
2023-10-27T09:30:00,98.40955319077452,99.63219498520266,98.17076079453322,99.30427114667599,1364169
2023-10-30T09:30:00,99.30427114667599,99.72779170878638,99.04466805375215,99.48012453124598,1225457
2023-10-31T09:30:00,99.48012453124598,99.71806071504952,99.0379437437818,99.66710259011151,1073872
2023-11-01T09:30:00,99.66710259011151,101.20265032626033,98.9576923502847,100.63759186033666,1417756
