timestamp,open,high,low,close,volume
2017-02-01 05:00:00+00:00,73.3,73.33,73.3,73.31,266916
2017-02-02 05:00:00+00:00,73.3,73.33,73.3,73.31,288820
2017-02-03 05:00:00+00:00,73.31,73.33,73.3,73.3,463334
2017-02-06 05:00:00+00:00,73.31,73.33,73.3,73.33,208174
2017-02-07 05:00:00+00:00,73.33,73.33,73.31,73.33,447323
2017-02-08 05:00:00+00:00,73.31,73.33,73.31,73.33,271894
2017-02-09 05:00:00+00:00,73.31,73.33,73.31,73.32,336533
2017-02-10 05:00:00+00:00,73.33,73.33,73.31,73.31,567334
2017-02-13 05:00:00+00:00,73.31,73.33,73.31,73.31,191822
2017-02-14 05:00:00+00:00,73.33,73.33,73.31,73.33,125021
2017-02-15 05:00:00+00:00,73.33,73.33,73.31,73.31,374835
2017-02-16 05:00:00+00:00,73.31,73.33,73.31,73.31,123669
2017-02-17 05:00:00+00:00,73.33,73.33,73.31,73.33,155448
2017-02-21 05:00:00+00:00,73.31,73.33,73.31,73.31,308746
2017-02-22 05:00:00+00:00,73.31,73.33,73.31,73.31,270557
2017-02-23 05:00:00+00:00,73.31,73.33,73.31,73.31,402534
2017-02-24 05:00:00+00:00,73.33,73.35,73.31,73.31,731642
2017-02-27 05:00:00+00:00,73.31,73.35,73.31,73.31,178378
2017-02-28 05:00:00+00:00,73.35,73.35,73.33,73.35,183062
2017-03-01 05:00:00+00:00,73.32,73.33,73.32,73.32,232319
2017-03-02 05:00:00+00:00,73.32,73.33,73.32,73.32,185937
2017-03-03 05:00:00+00:00,73.33,73.33,73.32,73.33,336782
2017-03-06 05:00:00+00:00,73.32,73.35,73.32,73.35,200149
2017-03-07 05:00:00+00:00,73.35,73.35,73.32,73.32,96317
2017-03-08 05:00:00+00:00,73.33,73.33,73.32,73.32,183196
2017-03-09 05:00:00+00:00,73.32,73.33,73.32,73.32,298907
2017-03-10 05:00:00+00:00,73.33,73.33,73.32,73.33,424163
2017-03-13 04:00:00+00:00,73.33,73.33,73.32,73.32,322921
2017-03-14 04:00:00+00:00,73.32,73.33,73.32,73.32,352273
2017-03-15 04:00:00+00:00,73.32,73.33,73.32,73.33,740771
2017-03-16 04:00:00+00:00,73.32,73.35,73.32,73.35,299230
2017-03-17 04:00:00+00:00,73.32,73.35,73.32,73.35,183466
2017-03-20 04:00:00+00:00,73.32,73.35,73.32,73.33,147191
2017-03-21 04:00:00+00:00,73.35,73.35,73.32,73.35,650511
2017-03-22 04:00:00+00:00,73.32,73.35,73.32,73.35,555773
2017-03-23 04:00:00+00:00,73.35,73.35,73.33,73.33,341976
2017-03-24 04:00:00+00:00,73.33,73.35,73.33,73.35,186329
2017-03-27 04:00:00+00:00,73.32,73.35,73.32,73.35,387064
2017-03-28 04:00:00+00:00,73.35,73.35,73.33,73.35,895282
2017-03-29 04:00:00+00:00,73.35,73.35,73.33,73.35,84130
2017-03-30 04:00:00+00:00,73.35,73.35,73.33,73.35,540934
2017-03-31 04:00:00+00:00,73.36,73.36,73.33,73.33,531716
2017-04-03 04:00:00+00:00,73.32,73.36,73.32,73.34,2099128
2017-04-04 04:00:00+00:00,73.34,73.36,73.34,73.34,714837
2017-04-05 04:00:00+00:00,73.36,73.36,73.34,73.34,624701
2017-04-06 04:00:00+00:00,73.34,73.36,73.34,73.34,247599
2017-04-07 04:00:00+00:00,73.36,73.36,73.34,73.34,129423
2017-04-10 04:00:00+00:00,73.37,73.37,73.34,73.34,429459
2017-04-11 04:00:00+00:00,73.36,73.36,73.34,73.36,161284
2017-04-12 04:00:00+00:00,73.37,73.37,73.34,73.34,271020
2017-04-13 04:00:00+00:00,73.34,73.37,73.34,73.36,953658
2017-04-17 04:00:00+00:00,73.34,73.37,73.34,73.36,756917
2017-04-18 04:00:00+00:00,73.36,73.37,73.36,73.37,100587
2017-04-19 04:00:00+00:00,73.36,73.37,73.36,73.37,114678
2017-04-20 04:00:00+00:00,73.36,73.37,73.36,73.37,244097
2017-04-21 04:00:00+00:00,73.37,73.39,73.37,73.37,252466
2017-04-24 04:00:00+00:00,73.37,73.37,73.36,73.36,479645
2017-04-25 04:00:00+00:00,73.37,73.37,73.36,73.36,406825
2017-04-26 04:00:00+00:00,73.36,73.37,73.36,73.37,355841
2017-04-27 04:00:00+00:00,73.36,73.37,73.36,73.36,382698
2017-04-28 04:00:00+00:00,73.36,73.39,73.36,73.39,228288
2017-05-01 04:00:00+00:00,73.4,73.4,73.37,73.38,390848
2017-05-02 04:00:00+00:00,73.37,73.38,73.37,73.37,71184
2017-05-03 04:00:00+00:00,73.37,73.38,73.37,73.37,247642
2017-05-04 04:00:00+00:00,73.37,73.38,73.37,73.38,163507
2017-05-05 04:00:00+00:00,73.37,73.38,73.37,73.37,254285
2017-05-08 04:00:00+00:00,73.37,73.4,73.37,73.38,219385
2017-05-09 04:00:00+00:00,73.4,73.4,73.38,73.38,494610
2017-05-10 04:00:00+00:00,73.4,73.4,73.38,73.4,309655
2017-05-11 04:00:00+00:00,73.38,73.41,73.38,73.4,397771
2017-05-12 04:00:00+00:00,73.4,73.41,73.38,73.38,129658
2017-05-15 04:00:00+00:00,73.4,73.41,73.4,73.4,378601
2017-05-16 04:00:00+00:00,73.4,73.41,73.4,73.4,171440
2017-05-17 04:00:00+00:00,73.4,73.41,73.4,73.41,1395460
2017-05-18 04:00:00+00:00,73.4,73.41,73.4,73.4,1385122
2017-05-19 04:00:00+00:00,73.4,73.41,73.4,73.4,107949
2017-05-22 04:00:00+00:00,73.4,73.41,73.4,73.41,64931
2017-05-23 04:00:00+00:00,73.4,73.41,73.4,73.41,228604
2017-05-24 04:00:00+00:00,73.4,73.41,73.4,73.4,311083
2017-05-25 04:00:00+00:00,73.4,73.41,73.4,73.41,136335
2017-05-26 04:00:00+00:00,73.4,73.43,73.4,73.43,144915
2017-05-30 04:00:00+00:00,73.41,73.43,73.4,73.4,190996
2017-05-31 04:00:00+00:00,73.41,73.41,73.4,73.41,349955
2017-06-01 04:00:00+00:00,73.41,73.43,73.41,73.43,225571
2017-06-02 04:00:00+00:00,73.41,73.43,73.41,73.41,418338
2017-06-05 04:00:00+00:00,73.41,73.43,73.41,73.43,277077
2017-06-06 04:00:00+00:00,73.41,73.43,73.41,73.41,136899
2017-06-07 04:00:00+00:00,73.41,73.44,73.41,73.44,258577
2017-06-08 04:00:00+00:00,73.44,73.44,73.43,73.43,257618
2017-06-09 04:00:00+00:00,73.43,73.44,73.43,73.44,185070
2017-06-12 04:00:00+00:00,73.44,73.44,73.43,73.43,200585
2017-06-13 04:00:00+00:00,73.43,73.44,73.43,73.44,552625
2017-06-14 04:00:00+00:00,73.44,73.46,73.43,73.43,76039
2017-06-15 04:00:00+00:00,73.43,73.44,73.43,73.43,380998
2017-06-16 04:00:00+00:00,73.43,73.46,73.43,73.46,507881
2017-06-19 04:00:00+00:00,73.44,73.46,73.44,73.44,289972
2017-06-20 04:00:00+00:00,73.46,73.46,73.44,73.44,121500
2017-06-21 04:00:00+00:00,73.46,73.46,73.44,73.46,140718
2017-06-22 04:00:00+00:00,73.46,73.47,73.44,73.47,220297
2017-06-23 04:00:00+00:00,73.47,73.47,73.46,73.46,67713
2017-06-26 04:00:00+00:00,73.44,73.47,73.44,73.44,297958
2017-06-27 04:00:00+00:00,73.46,73.46,73.44,73.44,125607
2017-06-28 04:00:00+00:00,73.46,73.47,73.44,73.47,180270
2017-06-29 04:00:00+00:00,73.44,73.47,73.44,73.46,466294
2017-06-30 04:00:00+00:00,73.46,73.49,73.46,73.47,628506
2017-07-03 04:00:00+00:00,73.47,73.48,73.47,73.48,186224
2017-07-05 04:00:00+00:00,73.48,73.48,73.47,73.47,371252
2017-07-06 04:00:00+00:00,73.47,73.48,73.47,73.48,448295
2017-07-07 04:00:00+00:00,73.47,73.48,73.47,73.48,142397
2017-07-10 04:00:00+00:00,73.47,73.48,73.47,73.48,187212
2017-07-11 04:00:00+00:00,73.48,73.48,73.47,73.48,137192
2017-07-12 04:00:00+00:00,73.47,73.48,73.47,73.47,403945
2017-07-13 04:00:00+00:00,73.48,73.5,73.47,73.47,137713
2017-07-14 04:00:00+00:00,73.47,73.5,73.47,73.5,256309
2017-07-17 04:00:00+00:00,73.48,73.5,73.48,73.48,590921
2017-07-18 04:00:00+00:00,73.48,73.5,73.48,73.48,61367
2017-07-19 04:00:00+00:00,73.48,73.5,73.48,73.48,100624
2017-07-20 04:00:00+00:00,73.48,73.5,73.48,73.48,73376
2017-07-21 04:00:00+00:00,73.48,73.5,73.48,73.48,211367
2017-07-24 04:00:00+00:00,73.48,73.5,73.48,73.48,143037
2017-07-25 04:00:00+00:00,73.48,73.51,73.48,73.48,267683
2017-07-26 04:00:00+00:00,73.5,73.51,73.48,73.5,233182
2017-07-27 04:00:00+00:00,73.51,73.51,73.5,73.51,222067
2017-07-28 04:00:00+00:00,73.5,73.51,73.5,73.5,160051
2017-07-31 04:00:00+00:00,73.53,73.53,73.5,73.5,460037
2017-08-01 04:00:00+00:00,73.5,73.52,73.5,73.52,316097
2017-08-02 04:00:00+00:00,73.52,73.53,73.5,73.53,266010
2017-08-03 04:00:00+00:00,73.5,73.53,73.5,73.53,175638
2017-08-04 04:00:00+00:00,73.52,73.53,73.5,73.53,351295
2017-08-07 04:00:00+00:00,73.52,73.53,73.5,73.53,131641
2017-08-08 04:00:00+00:00,73.53,73.53,73.52,73.53,310253
2017-08-09 04:00:00+00:00,73.53,73.53,73.52,73.53,142484
2017-08-10 04:00:00+00:00,73.52,73.53,73.52,73.53,111299
2017-08-11 04:00:00+00:00,73.53,73.55,73.52,73.55,216721
2017-08-14 04:00:00+00:00,73.55,73.55,73.53,73.53,332582
2017-08-15 04:00:00+00:00,73.53,73.55,73.53,73.55,197229
2017-08-16 04:00:00+00:00,73.55,73.55,73.53,73.53,148380
2017-08-17 04:00:00+00:00,73.53,73.55,73.53,73.55,365777
2017-08-18 04:00:00+00:00,73.55,73.55,73.53,73.53,232498
2017-08-21 04:00:00+00:00,73.55,73.57,73.55,73.55,484321
2017-08-22 04:00:00+00:00,73.55,73.57,73.55,73.57,208781
2017-08-23 04:00:00+00:00,73.57,73.57,73.55,73.57,292966
2017-08-24 04:00:00+00:00,73.55,73.57,73.55,73.57,1059327
2017-08-25 04:00:00+00:00,73.55,73.57,73.55,73.55,311418
2017-08-28 04:00:00+00:00,73.57,73.57,73.55,73.57,103283
2017-08-29 04:00:00+00:00,73.57,73.58,73.55,73.57,130621
2017-08-30 04:00:00+00:00,73.57,73.58,73.57,73.57,293544
2017-08-31 04:00:00+00:00,73.57,73.58,73.57,73.58,1240467
2017-09-01 04:00:00+00:00,73.59,73.59,73.57,73.59,373664
2017-09-05 04:00:00+00:00,73.59,73.59,73.55,73.55,497427
2017-09-06 04:00:00+00:00,73.57,73.59,73.57,73.59,1063323
2017-09-07 04:00:00+00:00,73.59,73.59,73.57,73.59,162002
2017-09-08 04:00:00+00:00,73.57,73.59,73.57,73.57,517179
2017-09-11 04:00:00+00:00,73.59,73.59,73.57,73.57,132455
2017-09-12 04:00:00+00:00,73.57,73.6,73.57,73.59,258116
2017-09-13 04:00:00+00:00,73.59,73.6,73.59,73.6,439193
2017-09-14 04:00:00+00:00,73.59,73.6,73.59,73.59,240346
2017-09-15 04:00:00+00:00,73.6,73.6,73.59,73.59,98442
2017-09-18 04:00:00+00:00,73.6,73.62,73.59,73.59,288262
2017-09-19 04:00:00+00:00,73.6,73.62,73.59,73.62,62343
2017-09-20 04:00:00+00:00,73.62,73.62,73.6,73.62,130754
2017-09-21 04:00:00+00:00,73.6,73.62,73.6,73.62,110705
2017-09-22 04:00:00+00:00,73.62,73.62,73.6,73.62,135695
2017-09-25 04:00:00+00:00,73.62,73.62,73.6,73.62,159163
2017-09-26 04:00:00+00:00,73.6,73.62,73.6,73.62,256108
2017-09-27 04:00:00+00:00,73.62,73.62,73.6,73.62,230632
2017-09-28 04:00:00+00:00,73.6,73.62,73.6,73.6,77720
2017-09-29 04:00:00+00:00,73.61,73.63,73.6,73.63,181238
2017-10-02 04:00:00+00:00,73.64,73.64,73.62,73.64,159010
2017-10-03 04:00:00+00:00,73.62,73.64,73.62,73.64,429713
2017-10-04 04:00:00+00:00,73.62,73.64,73.62,73.62,1129448
2017-10-05 04:00:00+00:00,73.62,73.64,73.62,73.64,188401
2017-10-06 04:00:00+00:00,73.64,73.64,73.62,73.62,206310
2017-10-09 04:00:00+00:00,73.62,73.64,73.62,73.62,146252
2017-10-10 04:00:00+00:00,73.62,73.64,73.62,73.62,272916
2017-10-11 04:00:00+00:00,73.64,73.64,73.62,73.62,159122
2017-10-12 04:00:00+00:00,73.64,73.65,73.62,73.65,245664
2017-10-13 04:00:00+00:00,73.65,73.65,73.64,73.65,78579
2017-10-16 04:00:00+00:00,73.64,73.65,73.64,73.64,205161
2017-10-17 04:00:00+00:00,73.64,73.67,73.64,73.65,229305
2017-10-18 04:00:00+00:00,73.65,73.67,73.65,73.65,64464
2017-10-19 04:00:00+00:00,73.65,73.67,73.64,73.65,200168
2017-10-20 04:00:00+00:00,73.65,73.67,73.65,73.67,57844
2017-10-23 04:00:00+00:00,73.67,73.67,73.65,73.65,137505
2017-10-24 04:00:00+00:00,73.65,73.69,73.65,73.69,160099
2017-10-25 04:00:00+00:00,73.67,73.69,73.67,73.69,295063
2017-10-26 04:00:00+00:00,73.67,73.69,73.67,73.69,302046
2017-10-27 04:00:00+00:00,73.67,73.69,73.67,73.69,1064099
2017-10-30 04:00:00+00:00,73.67,73.69,73.67,73.67,297856
2017-10-31 04:00:00+00:00,73.67,73.69,73.67,73.69,448238
2017-11-01 04:00:00+00:00,73.69,73.69,73.68,73.69,586376
2017-11-02 04:00:00+00:00,73.69,73.69,73.68,73.68,137555
2017-11-03 04:00:00+00:00,73.68,73.69,73.68,73.68,265866
2017-11-06 05:00:00+00:00,73.68,73.69,73.68,73.69,95534
2017-11-07 05:00:00+00:00,73.68,73.69,73.68,73.69,91655
2017-11-08 05:00:00+00:00,73.69,73.69,73.68,73.69,240287
2017-11-09 05:00:00+00:00,73.69,73.69,73.68,73.68,518926
2017-11-10 05:00:00+00:00,73.69,73.71,73.68,73.69,278144
2017-11-13 05:00:00+00:00,73.71,73.71,73.69,73.69,230374
2017-11-14 05:00:00+00:00,73.71,73.71,73.69,73.69,123333
2017-11-15 05:00:00+00:00,73.69,73.71,73.69,73.69,278970
2017-11-16 05:00:00+00:00,73.69,73.71,73.69,73.71,235317
2017-11-17 05:00:00+00:00,73.69,73.71,73.69,73.69,170542
2017-11-20 05:00:00+00:00,73.69,73.73,73.69,73.71,374669
2017-11-21 05:00:00+00:00,73.71,73.73,73.69,73.73,260405
2017-11-22 05:00:00+00:00,73.71,73.73,73.71,73.73,157518
2017-11-24 05:00:00+00:00,73.73,73.74,73.71,73.71,577104
2017-11-27 05:00:00+00:00,73.71,73.73,73.71,73.71,376470
2017-11-28 05:00:00+00:00,73.71,73.74,73.71,73.74,245610
2017-11-29 05:00:00+00:00,73.73,73.74,73.71,73.73,380543
2017-11-30 05:00:00+00:00,73.74,73.74,73.73,73.73,296664
2017-12-01 05:00:00+00:00,73.74,73.74,73.73,73.73,283910
2017-12-04 05:00:00+00:00,73.73,73.74,73.73,73.74,143693
2017-12-05 05:00:00+00:00,73.74,73.75,73.73,73.73,558877
2017-12-06 05:00:00+00:00,73.75,73.75,73.74,73.74,545395
2017-12-07 05:00:00+00:00,73.74,73.75,73.74,73.75,146815
2017-12-08 05:00:00+00:00,73.75,73.75,73.74,73.75,196548
2017-12-11 05:00:00+00:00,73.75,73.75,73.75,73.75,139895
2017-12-12 05:00:00+00:00,73.76,73.76,73.75,73.75,186370
2017-12-13 05:00:00+00:00,73.75,73.75,73.75,73.75,379221
2017-12-14 05:00:00+00:00,73.75,73.76,73.75,73.75,160636
2017-12-15 05:00:00+00:00,73.75,73.76,73.75,73.76,391880
2017-12-18 05:00:00+00:00,73.75,73.77,73.75,73.76,291516
2017-12-19 05:00:00+00:00,73.76,73.77,73.76,73.77,289415
2017-12-20 05:00:00+00:00,73.76,73.77,73.76,73.77,615865
2017-12-21 05:00:00+00:00,73.76,73.78,73.76,73.77,235152
2017-12-22 05:00:00+00:00,73.78,73.79,73.77,73.79,1999917
2017-12-26 05:00:00+00:00,73.79,73.79,73.78,73.78,498320
2017-12-27 05:00:00+00:00,73.79,73.8,73.78,73.8,320843
2017-12-28 05:00:00+00:00,73.79,73.8,73.79,73.8,366172
2017-12-29 05:00:00+00:00,73.79,73.8,73.78,73.78,445881
2018-01-02 05:00:00+00:00,73.79,73.8,73.79,73.79,791997
2018-01-03 05:00:00+00:00,73.8,73.8,73.8,73.8,219847
2018-01-04 05:00:00+00:00,73.81,73.81,73.8,73.81,1109693
2018-01-05 05:00:00+00:00,73.8,73.81,73.8,73.81,249302
2018-01-08 05:00:00+00:00,73.8,73.82,73.8,73.82,200810
2018-01-09 05:00:00+00:00,73.8,73.82,73.8,73.82,187227
2018-01-10 05:00:00+00:00,73.81,73.82,73.81,73.82,223190
2018-01-11 05:00:00+00:00,73.82,73.83,73.81,73.81,165956
2018-01-12 05:00:00+00:00,73.83,73.84,73.82,73.84,537067
2018-01-16 05:00:00+00:00,73.82,73.83,73.82,73.82,282597
2018-01-17 05:00:00+00:00,73.82,73.84,73.82,73.84,242155
2018-01-18 05:00:00+00:00,73.83,73.84,73.83,73.84,240102
2018-01-19 05:00:00+00:00,73.84,73.84,73.84,73.84,277633
2018-01-22 05:00:00+00:00,73.85,73.85,73.84,73.85,287301
2018-01-23 05:00:00+00:00,73.85,73.85,73.84,73.85,709527
2018-01-24 05:00:00+00:00,73.86,73.86,73.84,73.86,218159
2018-01-25 05:00:00+00:00,73.86,73.86,73.85,73.86,497671
2018-01-26 05:00:00+00:00,73.86,73.88,73.86,73.88,431412
2018-01-29 05:00:00+00:00,73.88,73.88,73.86,73.86,697641
2018-01-30 05:00:00+00:00,73.85,73.88,73.85,73.87,585154
2018-01-31 05:00:00+00:00,73.87,73.88,73.87,73.88,267940
2018-02-01 05:00:00+00:00,73.86,73.88,73.86,73.87,1017400
2018-02-02 05:00:00+00:00,73.88,73.88,73.87,73.88,461681
2018-02-05 05:00:00+00:00,73.89,73.89,73.87,73.87,774432
2018-02-06 05:00:00+00:00,73.87,73.89,73.87,73.88,1559973
2018-02-07 05:00:00+00:00,73.87,73.93,73.86,73.89,1296369
2018-02-08 05:00:00+00:00,73.87,73.9,73.87,73.88,1548519
2018-02-09 05:00:00+00:00,73.87,73.9,73.87,73.9,2932495
2018-02-12 05:00:00+00:00,73.9,73.9,73.89,73.9,2041417
2018-02-13 05:00:00+00:00,73.88,73.91,73.88,73.9,4355227
2018-02-14 05:00:00+00:00,73.89,73.9,73.89,73.9,551232
2018-02-15 05:00:00+00:00,73.91,73.91,73.89,73.91,932326
2018-02-16 05:00:00+00:00,73.9,73.91,73.9,73.91,921821
2018-02-20 05:00:00+00:00,73.91,73.91,73.9,73.91,593055
2018-02-21 05:00:00+00:00,73.91,73.91,73.91,73.91,1014997
2018-02-22 05:00:00+00:00,73.91,73.92,73.91,73.91,470824
2018-02-23 05:00:00+00:00,73.92,73.93,73.91,73.93,2655569
2018-02-26 05:00:00+00:00,73.92,73.93,73.91,73.91,2983895
2018-02-27 05:00:00+00:00,73.91,73.93,73.91,73.93,379102
2018-02-28 05:00:00+00:00,73.93,73.94,73.92,73.94,911205
2018-03-01 05:00:00+00:00,73.93,73.95,73.93,73.95,1263786
2018-03-02 05:00:00+00:00,73.94,73.95,73.94,73.95,1443053
2018-03-05 05:00:00+00:00,73.95,73.95,73.94,73.95,871739
2018-03-06 05:00:00+00:00,73.95,73.95,73.94,73.95,236724
2018-03-07 05:00:00+00:00,73.95,73.95,73.95,73.95,980586
2018-03-08 05:00:00+00:00,73.95,73.95,73.95,73.95,260799
2018-03-09 05:00:00+00:00,73.95,73.97,73.95,73.96,598068
2018-03-12 04:00:00+00:00,73.97,73.97,73.95,73.97,508383
2018-03-13 04:00:00+00:00,73.95,73.97,73.95,73.97,526463
2018-03-14 04:00:00+00:00,73.95,73.97,73.95,73.97,247142
2018-03-15 04:00:00+00:00,73.97,73.97,73.96,73.96,937647
2018-03-16 04:00:00+00:00,73.97,73.98,73.97,73.98,1217920
2018-03-19 04:00:00+00:00,73.97,73.99,73.97,73.98,469297
2018-03-20 04:00:00+00:00,73.98,73.99,73.97,73.97,446504
2018-03-21 04:00:00+00:00,73.98,73.99,73.98,73.99,338754
2018-03-22 04:00:00+00:00,73.98,73.99,73.98,73.99,307767
2018-03-23 04:00:00+00:00,73.99,74.0,73.99,74.0,634071
2018-03-26 04:00:00+00:00,73.99,74.0,73.99,73.99,455547
2018-03-27 04:00:00+00:00,74.01,74.01,73.99,74.01,1358718
2018-03-28 04:00:00+00:00,74.01,74.02,74.01,74.02,3032625
2018-03-29 04:00:00+00:00,74.02,74.03,74.02,74.03,762029
2018-04-02 04:00:00+00:00,74.03,74.03,74.01,74.03,1683613
2018-04-03 04:00:00+00:00,74.03,74.03,74.02,74.02,1914382
2018-04-04 04:00:00+00:00,74.02,74.04,74.02,74.04,3618340
2018-04-05 04:00:00+00:00,74.05,74.05,74.04,74.05,2251383
2018-04-06 04:00:00+00:00,74.05,74.05,74.04,74.05,316308
2018-04-09 04:00:00+00:00,74.06,74.06,74.05,74.06,239610
2018-04-10 04:00:00+00:00,74.06,74.06,74.05,74.05,492980
2018-04-11 04:00:00+00:00,74.06,74.06,74.06,74.06,250607
2018-04-12 04:00:00+00:00,74.06,74.06,74.06,74.06,8107949
2018-04-13 04:00:00+00:00,74.06,74.07,74.06,74.06,289149
2018-04-16 04:00:00+00:00,74.08,74.08,74.06,74.08,326678
2018-04-17 04:00:00+00:00,74.07,74.08,74.07,74.08,3476886
2018-04-18 04:00:00+00:00,74.08,74.08,74.07,74.07,283012
2018-04-19 04:00:00+00:00,74.09,74.09,74.08,74.09,474883
2018-04-20 04:00:00+00:00,74.08,74.1,74.08,74.09,262590
2018-04-23 04:00:00+00:00,74.09,74.1,74.09,74.09,1128309
2018-04-24 04:00:00+00:00,74.09,74.1,74.09,74.1,1102695
2018-04-25 04:00:00+00:00,74.1,74.1,74.1,74.1,1007982
2018-04-26 04:00:00+00:00,74.1,74.12,74.1,74.11,1691954
2018-04-27 04:00:00+00:00,74.11,74.12,74.11,74.12,296077
2018-04-30 04:00:00+00:00,74.12,74.12,74.11,74.11,328565
2018-05-01 04:00:00+00:00,74.11,74.13,74.11,74.12,1644546
2018-05-02 04:00:00+00:00,74.12,74.13,74.12,74.13,469619
2018-05-03 04:00:00+00:00,74.13,74.13,74.13,74.13,3736823
2018-05-04 04:00:00+00:00,74.14,74.14,74.13,74.14,1208583
2018-05-07 04:00:00+00:00,74.13,74.14,74.13,74.14,371863
2018-05-08 04:00:00+00:00,74.14,74.15,74.14,74.15,435392
2018-05-09 04:00:00+00:00,74.13,74.15,74.13,74.15,808773
2018-05-10 04:00:00+00:00,74.15,74.16,74.15,74.15,4674645
2018-05-11 04:00:00+00:00,74.17,74.17,74.15,74.15,376750
2018-05-14 04:00:00+00:00,74.15,74.17,74.15,74.15,906885
2018-05-15 04:00:00+00:00,74.16,74.17,74.16,74.17,1827202
2018-05-16 04:00:00+00:00,74.17,74.17,74.16,74.17,1149387
2018-05-17 04:00:00+00:00,74.17,74.17,74.17,74.17,2807000
2018-05-18 04:00:00+00:00,74.18,74.18,74.17,74.18,1553143
2018-05-21 04:00:00+00:00,74.18,74.19,74.17,74.18,512366
2018-05-22 04:00:00+00:00,74.19,74.19,74.18,74.18,587955
2018-05-23 04:00:00+00:00,74.2,74.2,74.18,74.19,255050
2018-05-24 04:00:00+00:00,74.2,74.21,74.2,74.21,262665
2018-05-25 04:00:00+00:00,74.21,74.22,74.21,74.22,488308
2018-05-29 04:00:00+00:00,74.21,74.22,74.21,74.22,846372
2018-05-30 04:00:00+00:00,74.21,74.22,74.21,74.21,451520
2018-05-31 04:00:00+00:00,74.23,74.23,74.22,74.22,911635
2018-06-01 04:00:00+00:00,74.23,74.23,74.22,74.23,715065
2018-06-04 04:00:00+00:00,74.23,74.24,74.23,74.24,1177539
2018-06-05 04:00:00+00:00,74.24,74.24,74.23,74.24,745472
2018-06-06 04:00:00+00:00,74.24,74.24,74.23,74.23,595380
2018-06-07 04:00:00+00:00,74.24,74.25,74.24,74.24,1634282
2018-06-08 04:00:00+00:00,74.25,74.25,74.24,74.25,325977
2018-06-11 04:00:00+00:00,74.25,74.26,74.24,74.26,874564
2018-06-12 04:00:00+00:00,74.26,74.26,74.25,74.26,1143662
2018-06-13 04:00:00+00:00,74.25,74.27,74.25,74.25,250030
2018-06-14 04:00:00+00:00,74.27,74.28,74.27,74.28,465817
2018-06-15 04:00:00+00:00,74.28,74.28,74.27,74.28,264854
2018-06-18 04:00:00+00:00,74.29,74.29,74.27,74.27,1508174
2018-06-19 04:00:00+00:00,74.29,74.29,74.28,74.29,208811
2018-06-20 04:00:00+00:00,74.29,74.29,74.28,74.28,617896
2018-06-21 04:00:00+00:00,74.3,74.3,74.29,74.29,783895
2018-06-22 04:00:00+00:00,74.3,74.3,74.29,74.29,296038
2018-06-25 04:00:00+00:00,74.31,74.31,74.3,74.31,1073474
2018-06-26 04:00:00+00:00,74.3,74.32,74.3,74.3,910101
2018-06-27 04:00:00+00:00,74.32,74.32,74.31,74.32,326392
2018-06-28 04:00:00+00:00,74.32,74.33,74.32,74.32,469775
2018-06-29 04:00:00+00:00,74.33,74.33,74.33,74.33,823034
2018-07-02 04:00:00+00:00,74.33,74.34,74.32,74.32,1831811
2018-07-03 04:00:00+00:00,74.33,74.34,74.33,74.34,1022483
2018-07-05 04:00:00+00:00,74.34,74.35,74.34,74.34,1080647
2018-07-06 04:00:00+00:00,74.35,74.36,74.35,74.36,1066468
2018-07-09 04:00:00+00:00,74.35,74.36,74.35,74.36,399683
2018-07-10 04:00:00+00:00,74.36,74.36,74.35,74.36,469931
2018-07-11 04:00:00+00:00,74.36,74.36,74.36,74.36,961832
2018-07-12 04:00:00+00:00,74.36,74.38,74.36,74.36,641364
2018-07-13 04:00:00+00:00,74.38,74.38,74.37,74.37,629406
2018-07-16 04:00:00+00:00,74.38,74.38,74.37,74.38,441347
2018-07-17 04:00:00+00:00,74.39,74.39,74.37,74.38,879431
2018-07-18 04:00:00+00:00,74.38,74.39,74.38,74.39,445069
2018-07-19 04:00:00+00:00,74.39,74.4,74.39,74.4,353988
2018-07-20 04:00:00+00:00,74.4,74.4,74.4,74.4,1845252
2018-07-23 04:00:00+00:00,74.41,74.41,74.4,74.4,296356
2018-07-24 04:00:00+00:00,74.4,74.41,74.4,74.41,452301
2018-07-25 04:00:00+00:00,74.41,74.41,74.4,74.4,317591
2018-07-26 04:00:00+00:00,74.43,74.43,74.41,74.41,271394
2018-07-27 04:00:00+00:00,74.43,74.43,74.42,74.43,462383
2018-07-30 04:00:00+00:00,74.44,74.44,74.42,74.42,414866
2018-07-31 04:00:00+00:00,74.44,74.44,74.43,74.44,836411
2018-08-01 04:00:00+00:00,74.43,74.44,74.43,74.44,1421008
2018-08-02 04:00:00+00:00,74.45,74.45,74.44,74.45,704199
2018-08-03 04:00:00+00:00,74.45,74.46,74.45,74.45,397616
2018-08-06 04:00:00+00:00,74.47,74.47,74.45,74.46,716083
2018-08-07 04:00:00+00:00,74.47,74.47,74.45,74.47,661933
2018-08-08 04:00:00+00:00,74.47,74.47,74.46,74.46,744874
2018-08-09 04:00:00+00:00,74.47,74.47,74.47,74.47,343502
2018-08-10 04:00:00+00:00,74.48,74.48,74.47,74.48,288115
2018-08-13 04:00:00+00:00,74.49,74.49,74.48,74.49,666482
2018-08-14 04:00:00+00:00,74.49,74.49,74.47,74.47,341738
2018-08-15 04:00:00+00:00,74.48,74.49,74.48,74.49,539861
2018-08-16 04:00:00+00:00,74.5,74.51,74.49,74.49,546242
2018-08-17 04:00:00+00:00,74.5,74.51,74.5,74.5,657748
2018-08-20 04:00:00+00:00,74.5,74.51,74.5,74.5,602951
2018-08-21 04:00:00+00:00,74.51,74.51,74.51,74.51,355354
2018-08-22 04:00:00+00:00,74.51,74.51,74.51,74.51,737359
2018-08-23 04:00:00+00:00,74.53,74.53,74.51,74.53,1008228
2018-08-24 04:00:00+00:00,74.53,74.53,74.52,74.53,234036
2018-08-27 04:00:00+00:00,74.53,74.54,74.52,74.54,327750
2018-08-28 04:00:00+00:00,74.53,74.54,74.53,74.54,610791
2018-08-29 04:00:00+00:00,74.55,74.55,74.53,74.53,911054
2018-08-30 04:00:00+00:00,74.55,74.56,74.55,74.56,751379
2018-08-31 04:00:00+00:00,74.55,74.56,74.55,74.55,545090
2018-09-04 04:00:00+00:00,74.55,74.56,74.55,74.56,980643
2018-09-05 04:00:00+00:00,74.56,74.57,74.55,74.55,883751
2018-09-06 04:00:00+00:00,74.58,74.58,74.57,74.57,1811468
2018-09-07 04:00:00+00:00,74.58,74.59,74.58,74.59,476933
2018-09-10 04:00:00+00:00,74.58,74.59,74.58,74.59,596808
2018-09-11 04:00:00+00:00,74.58,74.59,74.58,74.59,1584139
2018-09-12 04:00:00+00:00,74.59,74.59,74.59,74.59,760459
2018-09-13 04:00:00+00:00,74.61,74.61,74.59,74.59,463784
2018-09-14 04:00:00+00:00,74.61,74.61,74.6,74.6,1131784
2018-09-17 04:00:00+00:00,74.6,74.62,74.6,74.62,641372
2018-09-18 04:00:00+00:00,74.62,74.62,74.61,74.62,459221
2018-09-19 04:00:00+00:00,74.61,74.62,74.61,74.62,949520
2018-09-20 04:00:00+00:00,74.63,74.64,74.63,74.64,450612
2018-09-21 04:00:00+00:00,74.63,74.64,74.63,74.64,277647
2018-09-24 04:00:00+00:00,74.64,74.64,74.64,74.64,1331794
2018-09-25 04:00:00+00:00,74.64,74.64,74.64,74.64,666413
2018-09-26 04:00:00+00:00,74.65,74.65,74.64,74.64,258820
2018-09-27 04:00:00+00:00,74.66,74.66,74.65,74.66,344417
2018-09-28 04:00:00+00:00,74.65,74.66,74.65,74.66,451742
2018-10-01 04:00:00+00:00,74.66,74.66,74.66,74.66,3791289
2018-10-02 04:00:00+00:00,74.66,74.67,74.66,74.67,586748
2018-10-03 04:00:00+00:00,74.67,74.67,74.66,74.67,434491
2018-10-04 04:00:00+00:00,74.69,74.69,74.68,74.69,1156031
2018-10-05 04:00:00+00:00,74.7,74.7,74.69,74.7,4669094
2018-10-08 04:00:00+00:00,74.7,74.7,74.69,74.7,640592
2018-10-09 04:00:00+00:00,74.7,74.7,74.69,74.69,508334
2018-10-10 04:00:00+00:00,74.71,74.71,74.7,74.71,2093822
2018-10-11 04:00:00+00:00,74.71,74.71,74.71,74.71,1692005
2018-10-12 04:00:00+00:00,74.71,74.72,74.71,74.71,741965
2018-10-15 04:00:00+00:00,74.72,74.72,74.71,74.72,4035008
2018-10-16 04:00:00+00:00,74.72,74.73,74.72,74.73,1436283
2018-10-17 04:00:00+00:00,74.72,74.73,74.72,74.73,6982129
2018-10-18 04:00:00+00:00,74.74,74.74,74.73,74.73,736006
2018-10-19 04:00:00+00:00,74.74,74.75,74.74,74.74,693610
2018-10-22 04:00:00+00:00,74.74,74.75,74.74,74.75,770052
2018-10-23 04:00:00+00:00,74.74,74.75,74.74,74.75,1988077
2018-10-24 04:00:00+00:00,74.76,74.76,74.75,74.76,1074452
2018-10-25 04:00:00+00:00,74.76,74.78,74.76,74.77,3576877
2018-10-26 04:00:00+00:00,74.78,74.78,74.77,74.78,6702345
2018-10-29 04:00:00+00:00,74.78,74.78,74.77,74.78,1549223
2018-10-30 04:00:00+00:00,74.79,74.79,74.78,74.78,1358769
2018-10-31 04:00:00+00:00,74.79,74.79,74.78,74.79,2451353
2018-11-01 04:00:00+00:00,74.8,74.8,74.8,74.8,2672040
2018-11-02 04:00:00+00:00,74.8,74.8,74.8,74.8,2049512
2018-11-05 05:00:00+00:00,74.8,74.81,74.8,74.81,3169945
2018-11-06 05:00:00+00:00,74.81,74.81,74.8,74.81,1108499
2018-11-07 05:00:00+00:00,74.82,74.82,74.81,74.82,1148232
2018-11-08 05:00:00+00:00,74.83,74.84,74.83,74.83,1628707
2018-11-09 05:00:00+00:00,74.84,74.84,74.83,74.84,3356738
2018-11-12 05:00:00+00:00,74.84,74.84,74.84,74.84,625743
2018-11-13 05:00:00+00:00,74.84,74.84,74.84,74.84,803152
2018-11-14 05:00:00+00:00,74.84,74.84,74.84,74.84,2468241
2018-11-15 05:00:00+00:00,74.86,74.86,74.85,74.86,1532187
2018-11-16 05:00:00+00:00,74.87,74.87,74.86,74.87,7862122
2018-11-19 05:00:00+00:00,74.87,74.87,74.86,74.86,1807234
2018-11-20 05:00:00+00:00,74.88,74.88,74.87,74.88,5428814
2018-11-21 05:00:00+00:00,74.9,74.9,74.89,74.89,1689113
2018-11-23 05:00:00+00:00,74.89,74.9,74.89,74.89,546387
2018-11-26 05:00:00+00:00,74.9,74.9,74.89,74.9,950048
2018-11-27 05:00:00+00:00,74.9,74.91,74.89,74.9,710709
2018-11-28 05:00:00+00:00,74.9,74.91,74.9,74.91,1465777
2018-11-29 05:00:00+00:00,74.92,74.93,74.92,74.92,5727046
2018-11-30 05:00:00+00:00,74.93,74.93,74.92,74.93,1884155
2018-12-03 05:00:00+00:00,74.92,74.93,74.92,74.92,2418754
2018-12-04 05:00:00+00:00,74.93,74.93,74.92,74.93,1615073
2018-12-06 05:00:00+00:00,74.95,74.96,74.94,74.95,4613378
2018-12-07 05:00:00+00:00,74.96,74.96,74.95,74.96,1933772
2018-12-10 05:00:00+00:00,74.96,74.96,74.96,74.96,1487823
2018-12-11 05:00:00+00:00,74.96,74.96,74.96,74.96,1737323
2018-12-12 05:00:00+00:00,74.97,74.97,74.96,74.97,962138
2018-12-13 05:00:00+00:00,74.98,74.98,74.97,74.98,1448496
2018-12-14 05:00:00+00:00,74.98,74.99,74.98,74.99,941954
2018-12-17 05:00:00+00:00,74.99,75.0,74.98,75.0,3588022
2018-12-18 05:00:00+00:00,75.0,75.0,74.99,75.0,2403614
2018-12-19 05:00:00+00:00,75.01,75.01,74.99,74.99,2638753
2018-12-20 05:00:00+00:00,75.01,75.01,75.01,75.01,2939988
2018-12-21 05:00:00+00:00,75.02,75.02,75.01,75.02,2660782
2018-12-24 05:00:00+00:00,75.03,75.03,75.02,75.03,2989087
2018-12-26 05:00:00+00:00,75.03,75.03,75.02,75.02,2777970
2018-12-27 05:00:00+00:00,75.04,75.05,75.04,75.05,3103862
2018-12-28 05:00:00+00:00,75.06,75.06,75.05,75.06,1841155
2018-12-31 05:00:00+00:00,75.06,75.06,75.05,75.06,3529510
2019-01-02 05:00:00+00:00,75.07,75.07,75.06,75.06,15765739
2019-01-03 05:00:00+00:00,75.07,75.09,75.07,75.08,3319162
2019-01-04 05:00:00+00:00,75.09,75.09,75.07,75.09,5513582
2019-01-07 05:00:00+00:00,75.08,75.09,75.08,75.09,2861867
2019-01-08 05:00:00+00:00,75.09,75.09,75.08,75.09,1924331
2019-01-09 05:00:00+00:00,75.1,75.1,75.09,75.09,1561688
2019-01-10 05:00:00+00:00,75.11,75.11,75.1,75.1,1873477
2019-01-11 05:00:00+00:00,75.11,75.11,75.1,75.11,1333400
2019-01-14 05:00:00+00:00,75.12,75.12,75.1,75.1,1989419
2019-01-15 05:00:00+00:00,75.12,75.12,75.11,75.12,1211490
2019-01-16 05:00:00+00:00,75.13,75.13,75.12,75.13,1314370
2019-01-17 05:00:00+00:00,75.14,75.15,75.14,75.15,837138
2019-01-18 05:00:00+00:00,75.15,75.15,75.14,75.15,1960438
2019-01-22 05:00:00+00:00,75.15,75.15,75.14,75.15,1936241
2019-01-23 05:00:00+00:00,75.16,75.16,75.15,75.15,1647176
2019-01-24 05:00:00+00:00,75.17,75.18,75.17,75.18,1204415
2019-01-25 05:00:00+00:00,75.17,75.18,75.17,75.17,1903317
2019-01-28 05:00:00+00:00,75.19,75.19,75.18,75.18,1294942
2019-01-29 05:00:00+00:00,75.18,75.19,75.18,75.18,972704
2019-01-30 05:00:00+00:00,75.19,75.19,75.19,75.19,1801983
2019-01-31 05:00:00+00:00,75.19,75.21,75.19,75.19,4649569
2019-02-01 05:00:00+00:00,75.21,75.21,75.2,75.2,2547964
2019-02-04 05:00:00+00:00,75.2,75.21,75.2,75.21,3380205
2019-02-05 05:00:00+00:00,75.21,75.22,75.21,75.21,2610204
2019-02-06 05:00:00+00:00,75.22,75.23,75.22,75.23,2138291
2019-02-07 05:00:00+00:00,75.23,75.24,75.23,75.23,1897746
2019-02-08 05:00:00+00:00,75.24,75.24,75.24,75.24,586465
2019-02-11 05:00:00+00:00,75.24,75.24,75.24,75.24,1331369
2019-02-12 05:00:00+00:00,75.24,75.25,75.24,75.25,987686
2019-02-13 05:00:00+00:00,75.25,75.25,75.24,75.25,820996
2019-02-14 05:00:00+00:00,75.27,75.28,75.27,75.27,2040548
2019-02-15 05:00:00+00:00,75.28,75.28,75.27,75.27,1559375
2019-02-19 05:00:00+00:00,75.28,75.28,75.28,75.28,1861125
2019-02-20 05:00:00+00:00,75.28,75.28,75.28,75.28,4094458
2019-02-21 05:00:00+00:00,75.3,75.3,75.29,75.29,1310995
2019-02-22 05:00:00+00:00,75.3,75.31,75.3,75.31,3269618
2019-02-25 05:00:00+00:00,75.31,75.31,75.3,75.3,1045522
2019-02-26 05:00:00+00:00,75.31,75.32,75.31,75.31,1206629
2019-02-27 05:00:00+00:00,75.32,75.32,75.31,75.32,1262146
2019-02-28 05:00:00+00:00,75.33,75.33,75.33,75.33,1105607
2019-03-01 05:00:00+00:00,75.34,75.34,75.33,75.34,2058237
2019-03-04 05:00:00+00:00,75.33,75.34,75.33,75.33,1556806
2019-03-05 05:00:00+00:00,75.34,75.35,75.34,75.34,2678968
2019-03-06 05:00:00+00:00,75.35,75.35,75.34,75.35,709069
2019-03-07 05:00:00+00:00,75.37,75.37,75.36,75.37,1106681
2019-03-08 05:00:00+00:00,75.37,75.37,75.37,75.37,1064274
2019-03-11 04:00:00+00:00,75.37,75.37,75.37,75.37,861853
2019-03-12 04:00:00+00:00,75.38,75.38,75.37,75.38,944358
2019-03-13 04:00:00+00:00,75.39,75.39,75.38,75.39,1800891
2019-03-14 04:00:00+00:00,75.39,75.4,75.39,75.39,535458
2019-03-15 04:00:00+00:00,75.4,75.41,75.39,75.4,1116266
2019-03-18 04:00:00+00:00,75.4,75.41,75.4,75.41,1145047
2019-03-19 04:00:00+00:00,75.42,75.42,75.41,75.41,3797059
2019-03-20 04:00:00+00:00,75.42,75.42,75.41,75.41,1991549
2019-03-21 04:00:00+00:00,75.42,75.43,75.42,75.43,1960256
2019-03-22 04:00:00+00:00,75.43,75.43,75.42,75.43,2056827
2019-03-25 04:00:00+00:00,75.44,75.44,75.43,75.43,1236194
2019-03-26 04:00:00+00:00,75.44,75.45,75.44,75.44,666978
2019-03-27 04:00:00+00:00,75.44,75.45,75.44,75.45,2274749
2019-03-28 04:00:00+00:00,75.47,75.47,75.46,75.47,925753
2019-03-29 04:00:00+00:00,75.47,75.47,75.47,75.47,1585744
2019-04-01 04:00:00+00:00,75.47,75.48,75.47,75.48,2468325
2019-04-02 04:00:00+00:00,75.48,75.48,75.47,75.47,1140653
2019-04-03 04:00:00+00:00,75.48,75.49,75.48,75.48,1514891
2019-04-04 04:00:00+00:00,75.49,75.5,75.49,75.5,1374545
2019-04-05 04:00:00+00:00,75.49,75.5,75.49,75.5,660064
2019-04-08 04:00:00+00:00,75.51,75.51,75.5,75.5,1355634
2019-04-09 04:00:00+00:00,75.5,75.51,75.5,75.51,1443170
2019-04-10 04:00:00+00:00,75.52,75.52,75.51,75.51,2262884
2019-04-11 04:00:00+00:00,75.53,75.54,75.53,75.54,676447
2019-04-12 04:00:00+00:00,75.53,75.54,75.53,75.54,896311
2019-04-15 04:00:00+00:00,75.54,75.54,75.54,75.54,1089339
2019-04-16 04:00:00+00:00,75.54,75.54,75.54,75.54,770694
2019-04-17 04:00:00+00:00,75.56,75.57,75.56,75.56,691684
2019-04-18 04:00:00+00:00,75.57,75.57,75.56,75.57,2977106
2019-04-22 04:00:00+00:00,75.57,75.58,75.57,75.57,1173443
2019-04-23 04:00:00+00:00,75.57,75.58,75.57,75.57,916574
2019-04-24 04:00:00+00:00,75.59,75.59,75.58,75.59,1122467
2019-04-25 04:00:00+00:00,75.6,75.6,75.59,75.6,1839483
2019-04-26 04:00:00+00:00,75.6,75.6,75.59,75.59,2455180
2019-04-29 04:00:00+00:00,75.6,75.61,75.6,75.6,672451
2019-04-30 04:00:00+00:00,75.61,75.61,75.6,75.61,1181265
2019-05-01 04:00:00+00:00,75.61,75.61,75.61,75.61,1245456
2019-05-02 04:00:00+00:00,75.63,75.63,75.62,75.62,858033
2019-05-03 04:00:00+00:00,75.63,75.64,75.63,75.63,1484798
2019-05-06 04:00:00+00:00,75.64,75.64,75.63,75.64,879970
2019-05-07 04:00:00+00:00,75.65,75.65,75.64,75.65,1218937
2019-05-08 04:00:00+00:00,75.65,75.65,75.64,75.65,983132
2019-05-09 04:00:00+00:00,75.66,75.66,75.66,75.66,2032355
2019-05-10 04:00:00+00:00,75.67,75.67,75.66,75.67,967171
2019-05-13 04:00:00+00:00,75.67,75.67,75.66,75.66,1953250
2019-05-14 04:00:00+00:00,75.68,75.68,75.67,75.67,1100057
2019-05-15 04:00:00+00:00,75.68,75.68,75.67,75.68,1064141
2019-05-16 04:00:00+00:00,75.69,75.7,75.69,75.69,1683328
2019-05-17 04:00:00+00:00,75.7,75.7,75.7,75.7,341957
2019-05-20 04:00:00+00:00,75.71,75.71,75.7,75.7,526844
2019-05-21 04:00:00+00:00,75.71,75.71,75.7,75.7,676444
2019-05-22 04:00:00+00:00,75.72,75.72,75.71,75.72,1221138
2019-05-23 04:00:00+00:00,75.73,75.74,75.73,75.74,1210123
2019-05-24 04:00:00+00:00,75.74,75.75,75.74,75.74,1339399
2019-05-28 04:00:00+00:00,75.75,75.75,75.74,75.75,987619
2019-05-29 04:00:00+00:00,75.75,75.75,75.75,75.75,4240194
2019-05-30 04:00:00+00:00,75.76,75.77,75.76,75.77,1233442
2019-05-31 04:00:00+00:00,75.77,75.77,75.76,75.77,2775965
2019-06-03 04:00:00+00:00,75.77,75.78,75.77,75.77,3493414
2019-06-04 04:00:00+00:00,75.78,75.78,75.78,75.78,9010717
2019-06-05 04:00:00+00:00,75.78,75.78,75.78,75.78,2123098
2019-06-06 04:00:00+00:00,75.79,75.81,75.79,75.81,7014125
2019-06-07 04:00:00+00:00,75.81,75.81,75.8,75.8,2301784
2019-06-10 04:00:00+00:00,75.82,75.82,75.81,75.82,2798728
2019-06-11 04:00:00+00:00,75.81,75.82,75.81,75.81,1569328
2019-06-12 04:00:00+00:00,75.82,75.83,75.82,75.82,2310642
2019-06-13 04:00:00+00:00,75.83,75.84,75.83,75.84,4046216
2019-06-14 04:00:00+00:00,75.85,75.85,75.84,75.85,607998
2019-06-17 04:00:00+00:00,75.85,75.86,75.85,75.85,3389285
2019-06-18 04:00:00+00:00,75.85,75.86,75.85,75.85,3185517
2019-06-19 04:00:00+00:00,75.86,75.87,75.86,75.87,530784
2019-06-20 04:00:00+00:00,75.88,75.88,75.88,75.88,2532636
2019-06-21 04:00:00+00:00,75.88,75.88,75.88,75.88,2022541
2019-06-24 04:00:00+00:00,75.88,75.89,75.88,75.88,1227345
2019-06-25 04:00:00+00:00,75.89,75.89,75.88,75.88,827303
2019-06-26 04:00:00+00:00,75.89,75.9,75.89,75.9,1006694
2019-06-27 04:00:00+00:00,75.9,75.91,75.9,75.9,617078
2019-06-28 04:00:00+00:00,75.92,75.92,75.91,75.91,1118144
2019-07-01 04:00:00+00:00,75.91,75.92,75.9,75.9,4031786
2019-07-02 04:00:00+00:00,75.91,75.92,75.91,75.91,5031855
2019-07-03 04:00:00+00:00,75.94,75.94,75.93,75.94,1998518
2019-07-05 04:00:00+00:00,75.93,75.94,75.93,75.93,1294535
2019-07-08 04:00:00+00:00,75.94,75.94,75.93,75.93,3558733
2019-07-09 04:00:00+00:00,75.94,75.94,75.93,75.94,1615102
2019-07-10 04:00:00+00:00,75.94,75.95,75.94,75.95,1257813
2019-07-11 04:00:00+00:00,75.95,75.96,75.95,75.96,1233388
2019-07-12 04:00:00+00:00,75.97,75.97,75.96,75.97,794575
2019-07-15 04:00:00+00:00,75.97,75.97,75.96,75.97,535922
2019-07-16 04:00:00+00:00,75.97,75.98,75.97,75.98,732533
2019-07-17 04:00:00+00:00,75.98,75.98,75.97,75.98,651568
2019-07-18 04:00:00+00:00,75.99,76.0,75.99,76.0,1234389
2019-07-19 04:00:00+00:00,76.0,76.0,76.0,76.0,1511488
2019-07-22 04:00:00+00:00,76.0,76.0,76.0,76.0,529368
2019-07-23 04:00:00+00:00,76.0,76.0,76.0,76.0,1708830
2019-07-24 04:00:00+00:00,76.0,76.01,76.0,76.01,795263
2019-07-25 04:00:00+00:00,76.01,76.03,76.01,76.03,1429463
2019-07-26 04:00:00+00:00,76.03,76.03,76.02,76.02,1203476
2019-07-29 04:00:00+00:00,76.04,76.04,76.03,76.04,878494
2019-07-30 04:00:00+00:00,76.03,76.04,76.03,76.04,2296212
2019-07-31 04:00:00+00:00,76.05,76.05,76.04,76.05,3363823
2019-08-01 04:00:00+00:00,76.06,76.07,76.05,76.07,5661704
2019-08-02 04:00:00+00:00,76.06,76.07,76.06,76.07,5524550
2019-08-05 04:00:00+00:00,76.07,76.07,76.06,76.06,2309525
2019-08-06 04:00:00+00:00,76.07,76.07,76.07,76.07,4955338
2019-08-07 04:00:00+00:00,76.07,76.08,76.07,76.08,2370433
2019-08-08 04:00:00+00:00,76.09,76.09,76.08,76.09,1287882
2019-08-09 04:00:00+00:00,76.08,76.09,76.08,76.08,2545952
2019-08-12 04:00:00+00:00,76.09,76.1,76.09,76.1,2293056
2019-08-13 04:00:00+00:00,76.09,76.11,76.09,76.11,905042
2019-08-14 04:00:00+00:00,76.11,76.12,76.1,76.1,1996564
2019-08-15 04:00:00+00:00,76.12,76.13,76.12,76.13,3018430
2019-08-16 04:00:00+00:00,76.13,76.13,76.12,76.12,2475545
2019-08-19 04:00:00+00:00,76.14,76.14,76.12,76.12,4956473
2019-08-20 04:00:00+00:00,76.13,76.13,76.12,76.13,1677213
2019-08-21 04:00:00+00:00,76.13,76.14,76.12,76.12,1443148
2019-08-22 04:00:00+00:00,76.14,76.15,76.14,76.15,1164965
2019-08-23 04:00:00+00:00,76.15,76.15,76.13,76.14,10894511
2019-08-26 04:00:00+00:00,76.16,76.16,76.15,76.15,2236760
2019-08-27 04:00:00+00:00,76.16,76.16,76.15,76.16,1619290
2019-08-28 04:00:00+00:00,76.15,76.16,76.15,76.15,3866378
2019-08-29 04:00:00+00:00,76.17,76.17,76.17,76.17,2277398
2019-08-30 04:00:00+00:00,76.17,76.18,76.17,76.17,3419221
2019-09-03 04:00:00+00:00,76.19,76.19,76.18,76.19,5222010
2019-09-04 04:00:00+00:00,76.19,76.19,76.18,76.18,1902467
2019-09-05 04:00:00+00:00,76.2,76.2,76.19,76.19,4926068
2019-09-06 04:00:00+00:00,76.2,76.21,76.19,76.2,2098946
2019-09-09 04:00:00+00:00,76.2,76.21,76.2,76.2,1066576
2019-09-10 04:00:00+00:00,76.21,76.21,76.2,76.21,2329682
2019-09-11 04:00:00+00:00,76.21,76.21,76.21,76.21,1441948
2019-09-12 04:00:00+00:00,76.22,76.23,76.22,76.22,1873086
2019-09-13 04:00:00+00:00,76.23,76.23,76.22,76.22,1648259
2019-09-16 04:00:00+00:00,76.23,76.24,76.22,76.22,1142238
2019-09-17 04:00:00+00:00,76.23,76.24,76.22,76.23,1039095
2019-09-18 04:00:00+00:00,76.23,76.25,76.23,76.25,1097136
2019-09-19 04:00:00+00:00,76.26,76.26,76.25,76.25,1984655
2019-09-20 04:00:00+00:00,76.26,76.26,76.25,76.26,2299412
2019-09-23 04:00:00+00:00,76.26,76.27,76.26,76.27,1673391
2019-09-24 04:00:00+00:00,76.27,76.27,76.26,76.27,1664083
2019-09-25 04:00:00+00:00,76.27,76.27,76.26,76.27,1364906
2019-09-26 04:00:00+00:00,76.28,76.29,76.28,76.29,1744558
2019-09-27 04:00:00+00:00,76.3,76.3,76.28,76.29,1035460
2019-09-30 04:00:00+00:00,76.29,76.3,76.29,76.3,3148955
2019-10-01 04:00:00+00:00,76.3,76.3,76.3,76.3,2052119
2019-10-02 04:00:00+00:00,76.3,76.3,76.3,76.3,2411333
2019-10-03 04:00:00+00:00,76.31,76.32,76.31,76.32,1181809
2019-10-04 04:00:00+00:00,76.31,76.32,76.31,76.32,926198
2019-10-07 04:00:00+00:00,76.33,76.33,76.32,76.33,691430
2019-10-08 04:00:00+00:00,76.33,76.33,76.32,76.33,1228303
2019-10-09 04:00:00+00:00,76.34,76.34,76.33,76.33,1714620
2019-10-10 04:00:00+00:00,76.35,76.35,76.35,76.35,1410600
2019-10-11 04:00:00+00:00,76.35,76.35,76.35,76.35,1447792
2019-10-14 04:00:00+00:00,76.35,76.36,76.3,76.35,2721663
2019-10-15 04:00:00+00:00,76.35,76.35,76.35,76.35,1846635
2019-10-16 04:00:00+00:00,76.35,76.36,76.35,76.36,1622308
2019-10-17 04:00:00+00:00,76.36,76.37,76.36,76.37,1353238
2019-10-18 04:00:00+00:00,76.36,76.37,76.36,76.37,3144109
2019-10-21 04:00:00+00:00,76.38,76.38,76.37,76.38,822717
2019-10-22 04:00:00+00:00,76.38,76.38,76.37,76.38,1824558
2019-10-23 04:00:00+00:00,76.37,76.38,76.37,76.38,716386
2019-10-24 04:00:00+00:00,76.39,76.4,76.39,76.4,738644
2019-10-25 04:00:00+00:00,76.39,76.4,76.39,76.4,870928
2019-10-28 04:00:00+00:00,76.4,76.4,76.39,76.39,1939728
2019-10-29 04:00:00+00:00,76.4,76.4,76.4,76.4,491284
2019-10-30 04:00:00+00:00,76.4,76.41,76.4,76.41,1028282
2019-10-31 04:00:00+00:00,76.41,76.42,76.41,76.42,1255632
2019-11-01 04:00:00+00:00,76.42,76.43,76.42,76.42,5670848
2019-11-04 05:00:00+00:00,76.42,76.43,76.42,76.43,2306184
2019-11-05 05:00:00+00:00,76.42,76.43,76.42,76.42,1297146
2019-11-06 05:00:00+00:00,76.43,76.44,76.43,76.43,1110851
2019-11-07 05:00:00+00:00,76.44,76.44,76.44,76.44,1338047
2019-11-08 05:00:00+00:00,76.44,76.44,76.44,76.44,731551
2019-11-11 05:00:00+00:00,76.44,76.44,76.44,76.44,467759
2019-11-12 05:00:00+00:00,76.45,76.45,76.44,76.45,1820660
2019-11-13 05:00:00+00:00,76.45,76.45,76.44,76.45,1170860
2019-11-14 05:00:00+00:00,76.45,76.46,76.45,76.46,3105940
2019-11-15 05:00:00+00:00,76.46,76.46,76.45,76.45,2232059
2019-11-18 05:00:00+00:00,76.46,76.47,76.46,76.47,1614825
2019-11-19 05:00:00+00:00,76.47,76.47,76.46,76.46,929410
2019-11-20 05:00:00+00:00,76.47,76.47,76.46,76.47,2398742
2019-11-21 05:00:00+00:00,76.47,76.48,76.47,76.47,986788
2019-11-22 05:00:00+00:00,76.48,76.49,76.48,76.48,1204639
2019-11-25 05:00:00+00:00,76.48,76.49,76.48,76.48,986070
2019-11-26 05:00:00+00:00,76.49,76.49,76.49,76.49,953989
2019-11-27 05:00:00+00:00,76.49,76.5,76.49,76.5,777612
2019-11-29 05:00:00+00:00,76.49,76.5,76.49,76.5,756200
2019-12-02 05:00:00+00:00,76.5,76.51,76.5,76.51,989193
2019-12-03 05:00:00+00:00,76.51,76.51,76.5,76.5,2007021
2019-12-04 05:00:00+00:00,76.51,76.52,76.51,76.51,1022623
2019-12-05 05:00:00+00:00,76.53,76.53,76.52,76.53,909544
2019-12-06 05:00:00+00:00,76.52,76.53,76.52,76.53,1180333
2019-12-09 05:00:00+00:00,76.53,76.53,76.53,76.53,782815
2019-12-10 05:00:00+00:00,76.53,76.53,76.53,76.53,1065815
2019-12-11 05:00:00+00:00,76.53,76.53,76.53,76.53,1292660
2019-12-12 05:00:00+00:00,76.55,76.55,76.54,76.55,605309
2019-12-13 05:00:00+00:00,76.54,76.55,76.53,76.53,772305
2019-12-16 05:00:00+00:00,76.54,76.55,76.54,76.55,705886
2019-12-17 05:00:00+00:00,76.55,76.56,76.54,76.54,2356146
2019-12-18 05:00:00+00:00,76.56,76.56,76.55,76.56,1062451
2019-12-19 05:00:00+00:00,76.56,76.57,76.56,76.57,1414398
2019-12-20 05:00:00+00:00,76.57,76.57,76.56,76.57,1376238
2019-12-23 05:00:00+00:00,76.56,76.57,76.56,76.57,2848104
2019-12-24 05:00:00+00:00,76.58,76.58,76.57,76.58,1042955
2019-12-26 05:00:00+00:00,76.57,76.59,76.57,76.59,960354
2019-12-27 05:00:00+00:00,76.58,76.59,76.58,76.58,1341644
2019-12-30 05:00:00+00:00,76.6,76.6,76.59,76.59,1383481
2019-12-31 05:00:00+00:00,76.61,76.61,76.59,76.59,1423547
2020-01-02 05:00:00+00:00,76.61,76.61,76.6,76.61,3195281
2020-01-03 05:00:00+00:00,76.61,76.61,76.61,76.61,857300
2020-01-06 05:00:00+00:00,76.61,76.62,76.61,76.61,2565315
2020-01-07 05:00:00+00:00,76.61,76.61,76.61,76.61,1271462
2020-01-08 05:00:00+00:00,76.61,76.62,76.61,76.62,1288015
2020-01-09 05:00:00+00:00,76.63,76.63,76.62,76.63,987000
2020-01-10 05:00:00+00:00,76.62,76.63,76.62,76.63,1139635
2020-01-13 05:00:00+00:00,76.63,76.63,76.62,76.63,1461613
2020-01-14 05:00:00+00:00,76.63,76.64,76.63,76.63,1057619
2020-01-15 05:00:00+00:00,76.64,76.64,76.63,76.64,864179
2020-01-16 05:00:00+00:00,76.64,76.66,76.64,76.66,1113163
2020-01-17 05:00:00+00:00,76.66,76.66,76.65,76.65,1324263
2020-01-21 05:00:00+00:00,76.66,76.66,76.65,76.66,3175076
2020-01-22 05:00:00+00:00,76.66,76.66,76.65,76.66,1196868
2020-01-23 05:00:00+00:00,76.66,76.67,76.66,76.66,895874
2020-01-24 05:00:00+00:00,76.67,76.67,76.66,76.66,1244057
2020-01-27 05:00:00+00:00,76.66,76.67,76.66,76.67,1524160
2020-01-28 05:00:00+00:00,76.67,76.68,76.67,76.67,1708086
2020-01-29 05:00:00+00:00,76.67,76.68,76.67,76.68,870552
2020-01-30 05:00:00+00:00,76.68,76.69,76.68,76.68,787255
2020-01-31 05:00:00+00:00,76.69,76.69,76.68,76.68,1934042
2020-02-03 05:00:00+00:00,76.7,76.7,76.69,76.69,1829791
2020-02-04 05:00:00+00:00,76.7,76.7,76.69,76.69,1014548
2020-02-05 05:00:00+00:00,76.7,76.7,76.69,76.7,1039995
2020-02-06 05:00:00+00:00,76.7,76.71,76.7,76.71,1166836
2020-02-07 05:00:00+00:00,76.71,76.71,76.7,76.71,875541
2020-02-10 05:00:00+00:00,76.71,76.72,76.7,76.7,647008
2020-02-11 05:00:00+00:00,76.7,76.71,76.7,76.71,1155897
2020-02-12 05:00:00+00:00,76.71,76.72,76.71,76.72,829030
2020-02-13 05:00:00+00:00,76.73,76.73,76.72,76.73,1231751
2020-02-14 05:00:00+00:00,76.74,76.74,76.72,76.73,1203419
2020-02-18 05:00:00+00:00,76.73,76.74,76.73,76.74,900233
2020-02-19 05:00:00+00:00,76.74,76.74,76.73,76.74,1502705
2020-02-20 05:00:00+00:00,76.75,76.75,76.74,76.74,2335126
2020-02-21 05:00:00+00:00,76.75,76.75,76.75,76.75,866665
2020-02-24 05:00:00+00:00,76.75,76.75,76.75,76.75,3163416
2020-02-25 05:00:00+00:00,76.75,76.75,76.75,76.75,4403205
2020-02-26 05:00:00+00:00,76.76,76.76,76.75,76.76,4852834
2020-02-27 05:00:00+00:00,76.76,76.78,76.76,76.78,7015227
2020-02-28 05:00:00+00:00,76.77,76.78,76.77,76.77,10205130
2020-03-02 05:00:00+00:00,76.79,76.8,76.79,76.79,8336991
2020-03-03 05:00:00+00:00,76.79,76.83,76.79,76.81,6204338
2020-03-04 05:00:00+00:00,76.83,76.84,76.82,76.84,7476317
2020-03-05 05:00:00+00:00,76.85,76.86,76.84,76.86,4734834
2020-03-06 05:00:00+00:00,76.85,76.88,76.85,76.86,4588232
2020-03-09 04:00:00+00:00,76.89,76.93,76.87,76.89,14148721
2020-03-10 04:00:00+00:00,76.88,76.91,76.87,76.88,10765937
2020-03-11 04:00:00+00:00,76.88,76.91,76.88,76.89,19983924
2020-03-12 04:00:00+00:00,76.89,80.72,76.88,76.9,20378120
2020-03-13 04:00:00+00:00,76.9,76.93,76.89,76.92,11092340
2020-03-16 04:00:00+00:00,76.92,76.94,76.9,76.93,11011454
2020-03-17 04:00:00+00:00,76.94,76.94,76.9,76.93,10117346
2020-03-18 04:00:00+00:00,76.95,76.96,76.92,76.95,11513639
2020-03-19 04:00:00+00:00,76.94,76.95,76.9,76.93,10009821
2020-03-20 04:00:00+00:00,76.93,76.95,76.92,76.95,14900661
2020-03-23 04:00:00+00:00,76.92,76.94,76.91,76.94,7884833
2020-03-24 04:00:00+00:00,76.92,76.94,76.89,76.94,7133656
2020-03-25 04:00:00+00:00,76.93,76.94,76.92,76.94,6514988
2020-03-26 04:00:00+00:00,76.92,76.94,76.92,76.94,5972846
2020-03-27 04:00:00+00:00,76.93,76.94,76.92,76.92,5417827
2020-03-30 04:00:00+00:00,76.93,76.93,76.92,76.92,4226836
2020-03-31 04:00:00+00:00,76.93,76.93,76.91,76.93,6871942
2020-04-01 04:00:00+00:00,76.93,76.93,76.91,76.92,3888558
2020-04-02 04:00:00+00:00,76.92,76.93,76.91,76.93,4560291
2020-04-03 04:00:00+00:00,76.91,76.92,76.91,76.91,5050294
2020-04-06 04:00:00+00:00,76.92,76.92,76.91,76.91,3805289
2020-04-07 04:00:00+00:00,76.92,76.92,76.9,76.9,4875142
2020-04-08 04:00:00+00:00,76.91,76.91,76.91,76.91,3355369
2020-04-09 04:00:00+00:00,76.91,76.91,76.89,76.89,7439715
2020-04-13 04:00:00+00:00,76.89,76.91,76.89,76.91,4822472
2020-04-14 04:00:00+00:00,76.89,76.91,76.89,76.91,7375724
2020-04-15 04:00:00+00:00,76.91,76.91,76.9,76.91,5847690
2020-04-16 04:00:00+00:00,76.91,76.91,76.9,76.9,5589569
2020-04-17 04:00:00+00:00,76.91,76.91,76.91,76.91,4251807
2020-04-20 04:00:00+00:00,76.91,76.91,76.91,76.91,5268283
2020-04-21 04:00:00+00:00,76.92,76.92,76.91,76.91,3527285
2020-04-22 04:00:00+00:00,76.91,76.91,76.91,76.91,2079113
2020-04-23 04:00:00+00:00,76.91,76.91,76.91,76.91,1931907
2020-04-24 04:00:00+00:00,76.91,76.91,76.91,76.91,1618424
2020-04-27 04:00:00+00:00,76.91,76.91,76.9,76.91,2246790
2020-04-28 04:00:00+00:00,76.91,76.91,76.91,76.91,2750600
2020-04-29 04:00:00+00:00,76.91,76.91,76.9,76.9,5348982
2020-04-30 04:00:00+00:00,76.91,76.91,76.9,76.91,7335165
2020-05-01 04:00:00+00:00,76.92,76.92,76.9,76.9,3713409
2020-05-04 04:00:00+00:00,76.92,76.92,76.9,76.9,5989702
2020-05-05 04:00:00+00:00,76.9,76.92,76.9,76.9,3016623
2020-05-06 04:00:00+00:00,76.92,76.92,76.9,76.91,1758323
2020-05-07 04:00:00+00:00,76.92,76.92,76.9,76.9,2273587
2020-05-08 04:00:00+00:00,76.9,76.92,76.9,76.9,3111824
2020-05-11 04:00:00+00:00,76.9,76.91,76.9,76.91,3928172
2020-05-12 04:00:00+00:00,76.9,76.91,76.9,76.91,3112882
2020-05-13 04:00:00+00:00,76.91,76.91,76.9,76.91,3545117
2020-05-14 04:00:00+00:00,76.91,76.92,76.9,76.92,4518639
2020-05-15 04:00:00+00:00,76.91,76.91,76.9,76.9,2366517
2020-05-18 04:00:00+00:00,76.9,76.91,76.9,76.9,2308358
2020-05-19 04:00:00+00:00,76.91,76.91,76.9,76.9,6525153
2020-05-20 04:00:00+00:00,76.91,76.91,76.9,76.9,1745920
2020-05-21 04:00:00+00:00,76.9,76.91,76.9,76.91,2405855
2020-05-22 04:00:00+00:00,76.91,76.91,76.9,76.9,2015891
2020-05-26 04:00:00+00:00,76.91,76.91,76.9,76.91,4216656
2020-05-27 04:00:00+00:00,76.9,76.91,76.9,76.9,3896212
2020-05-28 04:00:00+00:00,76.9,76.91,76.9,76.9,5063521
2020-05-29 04:00:00+00:00,76.9,76.91,76.9,76.9,3747507
2020-06-01 04:00:00+00:00,76.9,76.91,76.88,76.91,2929599
2020-06-02 04:00:00+00:00,76.91,76.91,76.9,76.91,4648629
2020-06-03 04:00:00+00:00,76.9,76.91,76.89,76.91,5566926
2020-06-04 04:00:00+00:00,76.91,76.91,76.9,76.91,3580187
2020-06-05 04:00:00+00:00,76.9,76.91,76.89,76.89,4819308
2020-06-08 04:00:00+00:00,76.91,76.91,76.89,76.9,3948725
2020-06-09 04:00:00+00:00,76.9,76.91,76.89,76.9,8993457
2020-06-10 04:00:00+00:00,76.89,76.91,76.89,76.91,3091681
2020-06-11 04:00:00+00:00,76.9,76.91,76.89,76.89,10555289
2020-06-12 04:00:00+00:00,76.91,76.91,76.89,76.91,8870393
2020-06-15 04:00:00+00:00,76.91,76.91,76.9,76.9,3392788
2020-06-16 04:00:00+00:00,76.9,76.91,76.89,76.91,2420615
2020-06-17 04:00:00+00:00,76.9,76.91,76.89,76.91,3994604
2020-06-18 04:00:00+00:00,76.91,76.91,76.9,76.9,1839476
2020-06-19 04:00:00+00:00,76.9,76.91,76.9,76.9,3116948
2020-06-22 04:00:00+00:00,76.9,76.91,76.9,76.9,3092812
2020-06-23 04:00:00+00:00,76.9,76.91,76.9,76.9,2901405
2020-06-24 04:00:00+00:00,76.9,76.91,76.9,76.9,3891823
2020-06-25 04:00:00+00:00,76.9,76.91,76.9,76.91,1767737
2020-06-26 04:00:00+00:00,76.9,76.91,76.9,76.9,1353386
2020-06-29 04:00:00+00:00,76.9,76.91,76.9,76.9,2436621
2020-06-30 04:00:00+00:00,76.9,76.91,76.9,76.9,3383461
2020-07-01 04:00:00+00:00,76.9,76.91,76.89,76.9,3166606
2020-07-02 04:00:00+00:00,76.91,76.91,76.9,76.91,2641757
2020-07-06 04:00:00+00:00,76.9,76.91,76.9,76.9,4183129
2020-07-07 04:00:00+00:00,76.9,76.91,76.9,76.9,2108734
2020-07-08 04:00:00+00:00,76.91,76.91,76.9,76.9,4504120
2020-07-09 04:00:00+00:00,76.9,76.91,76.9,76.9,1517759
2020-07-10 04:00:00+00:00,76.91,76.91,76.9,76.91,1320402
2020-07-13 04:00:00+00:00,76.9,76.91,76.9,76.91,2142479
2020-07-14 04:00:00+00:00,76.91,76.91,76.9,76.91,1345630
2020-07-15 04:00:00+00:00,76.9,76.91,76.9,76.91,2798989
2020-07-16 04:00:00+00:00,76.91,76.91,76.89,76.9,2399843
2020-07-17 04:00:00+00:00,76.9,76.91,76.9,76.91,2552930
2020-07-20 04:00:00+00:00,76.91,76.91,76.9,76.91,1277306
2020-07-21 04:00:00+00:00,76.91,76.91,76.9,76.91,1883863
2020-07-22 04:00:00+00:00,76.9,76.91,76.9,76.9,1490658
2020-07-23 04:00:00+00:00,76.9,76.91,76.9,76.91,1123669
2020-07-24 04:00:00+00:00,76.91,76.91,76.9,76.9,1013830
2020-07-27 04:00:00+00:00,76.9,76.91,76.9,76.9,1416364
2020-07-28 04:00:00+00:00,76.9,76.91,76.9,76.91,2016398
2020-07-29 04:00:00+00:00,76.9,76.91,76.9,76.91,1434849
2020-07-30 04:00:00+00:00,76.91,76.91,76.9,76.9,2413605
2020-07-31 04:00:00+00:00,76.9,76.91,76.9,76.91,1105994
2020-08-03 04:00:00+00:00,76.9,76.92,76.9,76.9,1590542
2020-08-04 04:00:00+00:00,76.91,76.91,76.9,76.91,1655870
2020-08-05 04:00:00+00:00,76.9,76.91,76.9,76.9,2028546
2020-08-06 04:00:00+00:00,76.9,76.91,76.9,76.9,1593056
2020-08-07 04:00:00+00:00,76.91,76.91,76.9,76.91,2149582
2020-08-10 04:00:00+00:00,76.91,76.91,76.9,76.91,894376
2020-08-11 04:00:00+00:00,76.9,76.91,76.9,76.9,1738731
2020-08-12 04:00:00+00:00,76.9,76.91,76.9,76.9,2886615
2020-08-13 04:00:00+00:00,76.91,76.91,76.9,76.91,2356881
2020-08-14 04:00:00+00:00,76.9,76.91,76.9,76.9,1210390
2020-08-17 04:00:00+00:00,76.91,76.92,76.9,76.9,2390246
2020-08-18 04:00:00+00:00,76.91,76.91,76.9,76.91,3541110
2020-08-19 04:00:00+00:00,76.91,76.91,76.9,76.91,1903205
2020-08-20 04:00:00+00:00,76.9,76.91,76.9,76.91,1103538
2020-08-21 04:00:00+00:00,76.91,76.91,76.9,76.91,1880900
2020-08-24 04:00:00+00:00,76.9,76.91,76.9,76.91,1284785
2020-08-25 04:00:00+00:00,76.9,76.91,76.9,76.9,1322047
2020-08-26 04:00:00+00:00,76.9,76.91,76.9,76.9,1068358
2020-08-27 04:00:00+00:00,76.9,76.91,76.9,76.9,1314512
2020-08-28 04:00:00+00:00,76.9,76.91,76.9,76.91,1029762
2020-08-31 04:00:00+00:00,76.9,76.91,76.9,76.91,1487258
2020-09-01 04:00:00+00:00,76.91,76.91,76.89,76.91,1095216
2020-09-02 04:00:00+00:00,76.91,76.91,76.9,76.91,1557621
2020-09-03 04:00:00+00:00,76.91,76.91,76.9,76.9,2057977
2020-09-04 04:00:00+00:00,76.9,76.91,76.9,76.91,1953858
2020-09-08 04:00:00+00:00,76.9,76.91,76.89,76.91,3770623
2020-09-09 04:00:00+00:00,76.91,76.91,76.9,76.9,2275088
2020-09-10 04:00:00+00:00,76.9,76.91,76.9,76.9,1675748
2020-09-11 04:00:00+00:00,76.91,76.91,76.89,76.89,1216981
2020-09-14 04:00:00+00:00,76.9,76.91,76.89,76.91,2110587
2020-09-15 04:00:00+00:00,76.9,76.9,76.89,76.89,1516677
2020-09-16 04:00:00+00:00,76.89,76.91,76.89,76.91,1257075
2020-09-17 04:00:00+00:00,76.9,76.91,76.89,76.91,2406644
2020-09-18 04:00:00+00:00,76.9,76.91,76.89,76.89,847059
2020-09-21 04:00:00+00:00,76.89,76.91,76.89,76.89,1631996
2020-09-22 04:00:00+00:00,76.91,76.91,76.89,76.89,1581089
2020-09-23 04:00:00+00:00,76.9,76.91,76.89,76.89,2540175
2020-09-24 04:00:00+00:00,76.9,76.91,76.9,76.9,2326326
2020-09-25 04:00:00+00:00,76.9,76.91,76.89,76.89,1985543
2020-09-28 04:00:00+00:00,76.9,76.91,76.89,76.9,4097425
2020-09-29 04:00:00+00:00,76.89,76.9,76.89,76.9,2005188
2020-09-30 04:00:00+00:00,76.9,76.9,76.89,76.89,2992556
2020-10-01 04:00:00+00:00,76.89,76.91,76.88,76.89,1031132
2020-10-02 04:00:00+00:00,76.9,76.9,76.89,76.89,2063046
2020-10-05 04:00:00+00:00,76.9,76.9,76.89,76.89,1350012
2020-10-06 04:00:00+00:00,76.89,76.9,76.89,76.9,2461791
2020-10-07 04:00:00+00:00,76.89,76.9,76.89,76.89,969196
2020-10-08 04:00:00+00:00,76.89,76.9,76.89,76.89,842824
2020-10-09 04:00:00+00:00,76.89,76.9,76.89,76.89,977515
2020-10-12 04:00:00+00:00,76.89,76.9,76.89,76.9,2249028
2020-10-13 04:00:00+00:00,76.9,76.9,76.89,76.89,1905850
2020-10-14 04:00:00+00:00,76.89,76.9,76.89,76.89,1737182
2020-10-15 04:00:00+00:00,76.9,76.9,76.89,76.89,1225568
2020-10-16 04:00:00+00:00,76.9,76.9,76.89,76.9,1523328
2020-10-19 04:00:00+00:00,76.9,76.9,76.89,76.9,790599
2020-10-20 04:00:00+00:00,76.89,76.9,76.89,76.89,1489494
2020-10-21 04:00:00+00:00,76.89,76.9,76.89,76.89,1068498
2020-10-22 04:00:00+00:00,76.89,76.9,76.89,76.9,1010037
2020-10-23 04:00:00+00:00,76.9,76.9,76.89,76.9,1011352
2020-10-26 04:00:00+00:00,76.89,76.9,76.89,76.9,3163273
2020-10-27 04:00:00+00:00,76.89,76.9,76.89,76.89,1080484
2020-10-28 04:00:00+00:00,76.9,76.9,76.89,76.89,2158668
2020-10-29 04:00:00+00:00,76.89,76.9,76.89,76.9,2699252
2020-10-30 04:00:00+00:00,76.9,76.9,76.89,76.9,2500647
2020-11-02 05:00:00+00:00,76.89,76.9,76.89,76.9,1381943
2020-11-03 05:00:00+00:00,76.89,76.9,76.89,76.9,950213
2020-11-04 05:00:00+00:00,76.9,76.9,76.89,76.89,2469070
2020-11-05 05:00:00+00:00,76.89,76.9,76.89,76.9,2171818
2020-11-06 05:00:00+00:00,76.9,76.9,76.89,76.89,1640759
2020-11-09 05:00:00+00:00,76.9,76.9,76.89,76.9,3215001
2020-11-10 05:00:00+00:00,76.89,76.9,76.89,76.89,2776553
2020-11-11 05:00:00+00:00,76.89,76.9,76.89,76.89,967242
2020-11-12 05:00:00+00:00,76.9,76.9,76.89,76.89,1127823
2020-11-13 05:00:00+00:00,76.89,76.9,76.89,76.9,1039517
2020-11-16 05:00:00+00:00,76.89,76.9,76.89,76.9,1099524
2020-11-17 05:00:00+00:00,76.89,76.9,76.89,76.9,1679297
2020-11-18 05:00:00+00:00,76.9,76.9,76.89,76.9,2628673
2020-11-19 05:00:00+00:00,76.9,76.9,76.89,76.9,1111834
2020-11-20 05:00:00+00:00,76.89,76.9,76.89,76.9,905552
2020-11-23 05:00:00+00:00,76.9,76.9,76.89,76.9,1082649
2020-11-24 05:00:00+00:00,76.89,76.9,76.89,76.9,2149027
2020-11-25 05:00:00+00:00,76.89,76.9,76.89,76.89,994920
2020-11-27 05:00:00+00:00,76.89,76.9,76.89,76.9,528120
2020-11-30 05:00:00+00:00,76.89,76.9,76.89,76.89,1227201
2020-12-01 05:00:00+00:00,76.89,76.9,76.89,76.89,2897080
2020-12-02 05:00:00+00:00,76.89,76.9,76.89,76.89,3469388
2020-12-03 05:00:00+00:00,76.89,76.9,76.89,76.89,1384474
2020-12-04 05:00:00+00:00,76.89,76.9,76.89,76.9,1308608
2020-12-07 05:00:00+00:00,76.89,76.9,76.89,76.89,1722055
2020-12-08 05:00:00+00:00,76.89,76.9,76.89,76.89,2137565
2020-12-09 05:00:00+00:00,76.89,76.89,76.89,76.89,2421701
2020-12-10 05:00:00+00:00,76.89,76.89,76.89,76.89,805875
2020-12-11 05:00:00+00:00,76.89,76.89,76.89,76.89,818587
2020-12-14 05:00:00+00:00,76.89,76.89,76.89,76.89,1272011
2020-12-15 05:00:00+00:00,76.89,76.89,76.89,76.89,1237170
2020-12-16 05:00:00+00:00,76.89,76.89,76.89,76.89,1051843
2020-12-17 05:00:00+00:00,76.89,76.89,76.89,76.89,1054312
2020-12-18 05:00:00+00:00,76.89,76.89,76.89,76.89,1044652
2020-12-21 05:00:00+00:00,76.89,76.89,76.89,76.89,1354007
2020-12-22 05:00:00+00:00,76.89,76.89,76.89,76.89,1146630
2020-12-23 05:00:00+00:00,76.89,76.89,76.89,76.89,1070713
2020-12-24 05:00:00+00:00,76.89,76.89,76.89,76.89,591599
2020-12-28 05:00:00+00:00,76.89,76.89,76.89,76.89,796765
2020-12-29 05:00:00+00:00,76.89,76.89,76.89,76.89,1594193
2020-12-30 05:00:00+00:00,76.89,76.89,76.89,76.89,1223944
2020-12-31 05:00:00+00:00,76.89,76.89,76.89,76.89,1345573
2021-01-04 05:00:00+00:00,76.89,76.89,76.89,76.89,1616757
2021-01-05 05:00:00+00:00,76.89,76.89,76.89,76.89,950962
2021-01-06 05:00:00+00:00,76.89,76.89,76.89,76.89,1738349
2021-01-07 05:00:00+00:00,76.89,76.89,76.89,76.89,1261727
2021-01-08 05:00:00+00:00,76.89,76.89,76.89,76.89,1768121
2021-01-11 05:00:00+00:00,76.89,76.89,76.89,76.89,1134677
2021-01-12 05:00:00+00:00,76.89,76.89,76.89,76.89,4159090
2021-01-13 05:00:00+00:00,76.89,76.89,76.89,76.89,3270683
2021-01-14 05:00:00+00:00,76.89,76.89,76.89,76.89,2064004
2021-01-15 05:00:00+00:00,76.89,76.89,76.89,76.89,2274271
2021-01-19 05:00:00+00:00,76.89,76.89,76.89,76.89,1993806
2021-01-20 05:00:00+00:00,76.89,76.89,76.89,76.89,678437
2021-01-21 05:00:00+00:00,76.89,76.89,76.89,76.89,868876
2021-01-22 05:00:00+00:00,76.89,76.89,76.89,76.89,781282
2021-01-25 05:00:00+00:00,76.89,76.89,76.89,76.89,925620
2021-01-26 05:00:00+00:00,76.89,76.89,76.89,76.89,1930571
2021-01-27 05:00:00+00:00,76.89,76.89,76.89,76.89,1682758
2021-01-28 05:00:00+00:00,76.89,76.89,76.89,76.89,2005363
2021-01-29 05:00:00+00:00,76.89,76.89,76.89,76.89,3774360
2021-02-01 05:00:00+00:00,76.89,76.9,76.89,76.89,1576398
2021-02-02 05:00:00+00:00,76.89,76.89,76.89,76.89,1178038
2021-02-03 05:00:00+00:00,76.89,76.89,76.89,76.89,1226658
2021-02-04 05:00:00+00:00,76.89,76.89,76.89,76.89,1004373
2021-02-05 05:00:00+00:00,76.89,76.89,76.89,76.89,741102
2021-02-08 05:00:00+00:00,76.89,76.89,76.89,76.89,1509277
2021-02-09 05:00:00+00:00,76.89,76.89,76.89,76.89,1272526
2021-02-10 05:00:00+00:00,76.89,76.89,76.89,76.89,1431425
2021-02-11 05:00:00+00:00,76.89,76.89,76.89,76.89,726723
2021-02-12 05:00:00+00:00,76.89,76.89,76.89,76.89,901981
2021-02-16 05:00:00+00:00,76.89,76.89,76.89,76.89,1056688
2021-02-17 05:00:00+00:00,76.89,76.89,76.89,76.89,817793
2021-02-18 05:00:00+00:00,76.89,76.89,76.89,76.89,1408211
2021-02-19 05:00:00+00:00,76.89,76.89,76.89,76.89,819417
2021-02-22 05:00:00+00:00,76.89,76.89,76.89,76.89,1285807
2021-02-23 05:00:00+00:00,76.89,76.89,76.89,76.89,1171220
2021-02-24 05:00:00+00:00,76.89,76.89,76.88,76.88,876557
2021-02-25 05:00:00+00:00,76.88,76.89,76.88,76.89,1372846
2021-02-26 05:00:00+00:00,76.88,76.89,76.88,76.89,1974038
2021-03-01 05:00:00+00:00,76.89,76.89,76.88,76.88,1290160
2021-03-02 05:00:00+00:00,76.88,76.89,76.88,76.88,1668937
2021-03-03 05:00:00+00:00,76.88,76.89,76.88,76.89,1816818
2021-03-04 05:00:00+00:00,76.89,76.89,76.88,76.89,1517361
2021-03-05 05:00:00+00:00,76.88,76.89,76.88,76.89,1251508
2021-03-08 05:00:00+00:00,76.88,76.89,76.88,76.88,1076487
2021-03-09 05:00:00+00:00,76.88,76.89,76.88,76.88,1520045
2021-03-10 05:00:00+00:00,76.88,76.89,76.88,76.88,1111909
2021-03-11 05:00:00+00:00,76.88,76.89,76.88,76.89,660329
2021-03-12 05:00:00+00:00,76.88,76.89,76.88,76.88,744109
2021-03-15 04:00:00+00:00,76.88,76.89,76.88,76.88,977430
2021-03-16 04:00:00+00:00,76.88,76.89,76.88,76.88,1160830
2021-03-17 04:00:00+00:00,76.88,76.89,76.88,76.89,1045522
2021-03-18 04:00:00+00:00,76.88,76.89,76.88,76.88,957053
2021-03-19 04:00:00+00:00,76.89,76.89,76.88,76.88,704811
2021-03-22 04:00:00+00:00,76.88,76.89,76.88,76.88,677376
2021-03-23 04:00:00+00:00,76.89,76.89,76.88,76.89,2706641
2021-03-24 04:00:00+00:00,76.88,76.89,76.88,76.88,518025
2021-03-25 04:00:00+00:00,76.88,76.89,76.88,76.88,1224686
2021-03-26 04:00:00+00:00,76.88,76.89,76.88,76.88,797605
2021-03-29 04:00:00+00:00,76.88,76.89,76.88,76.88,938075
2021-03-30 04:00:00+00:00,76.88,76.89,76.88,76.89,610885
2021-03-31 04:00:00+00:00,76.88,76.89,76.88,76.88,889432
2021-04-01 04:00:00+00:00,76.89,76.89,76.87,76.89,2292612
2021-04-05 04:00:00+00:00,76.88,76.88,76.87,76.88,1016740
2021-04-06 04:00:00+00:00,76.87,76.88,76.87,76.87,676395
2021-04-07 04:00:00+00:00,76.88,76.88,76.87,76.87,1045833
2021-04-08 04:00:00+00:00,76.87,76.88,76.87,76.88,2914360
2021-04-09 04:00:00+00:00,76.87,76.88,76.87,76.87,736846
2021-04-12 04:00:00+00:00,76.87,76.88,76.87,76.87,866896
2021-04-13 04:00:00+00:00,76.88,76.88,76.87,76.87,2840834
2021-04-14 04:00:00+00:00,76.87,76.88,76.87,76.87,645218
2021-04-15 04:00:00+00:00,76.88,76.88,76.87,76.88,794054
2021-04-16 04:00:00+00:00,76.87,76.88,76.87,76.88,2055242
2021-04-19 04:00:00+00:00,76.87,76.88,76.87,76.87,754266
2021-04-20 04:00:00+00:00,76.87,76.88,76.87,76.87,1548574
2021-04-21 04:00:00+00:00,76.87,76.88,76.87,76.87,984803
2021-04-22 04:00:00+00:00,76.87,76.88,76.87,76.88,1252338
2021-04-23 04:00:00+00:00,76.88,76.88,76.87,76.88,510546
2021-04-26 04:00:00+00:00,76.87,76.88,76.87,76.87,1062092
2021-04-27 04:00:00+00:00,76.87,76.88,76.87,76.88,793424
2021-04-28 04:00:00+00:00,76.87,76.88,76.87,76.87,1002993
2021-04-29 04:00:00+00:00,76.87,76.88,76.87,76.87,914431
2021-04-30 04:00:00+00:00,76.87,76.88,76.87,76.88,1068353
2021-05-03 04:00:00+00:00,76.87,76.88,76.87,76.88,1183740
2021-05-04 04:00:00+00:00,76.87,76.88,76.87,76.87,2262780
2021-05-05 04:00:00+00:00,76.87,76.88,76.87,76.88,790625
2021-05-06 04:00:00+00:00,76.87,76.88,76.87,76.88,1066557
2021-05-07 04:00:00+00:00,76.86,76.87,76.86,76.87,1856449
2021-05-10 04:00:00+00:00,76.86,76.87,76.86,76.87,730488
2021-05-11 04:00:00+00:00,76.86,76.87,76.86,76.87,1188538
2021-05-12 04:00:00+00:00,76.87,76.87,76.86,76.86,921257
2021-05-13 04:00:00+00:00,76.86,76.88,76.86,76.86,5955682
2021-05-14 04:00:00+00:00,76.86,76.87,76.86,76.86,1673737
2021-05-17 04:00:00+00:00,76.86,76.87,76.86,76.87,895713
2021-05-18 04:00:00+00:00,76.87,76.87,76.86,76.87,1072303
2021-05-19 04:00:00+00:00,76.86,76.87,76.86,76.86,1750953
2021-05-20 04:00:00+00:00,76.86,76.87,76.86,76.86,867299
2021-05-21 04:00:00+00:00,76.86,76.87,76.86,76.87,873052
2021-05-24 04:00:00+00:00,76.86,76.87,76.86,76.86,1043274
2021-05-25 04:00:00+00:00,76.86,76.87,76.86,76.86,703362
2021-05-26 04:00:00+00:00,76.87,76.87,76.86,76.86,1016096
2021-05-27 04:00:00+00:00,76.86,76.87,76.86,76.87,691099
2021-05-28 04:00:00+00:00,76.86,76.87,76.86,76.87,960505
2021-06-01 04:00:00+00:00,76.86,76.87,76.86,76.86,1147809
2021-06-02 04:00:00+00:00,76.87,76.87,76.86,76.86,1843325
2021-06-03 04:00:00+00:00,76.86,76.87,76.86,76.86,525058
2021-06-04 04:00:00+00:00,76.86,76.87,76.86,76.87,1043419
2021-06-07 04:00:00+00:00,76.86,76.87,76.85,76.85,995927
2021-06-08 04:00:00+00:00,76.85,76.86,76.85,76.85,838066
2021-06-09 04:00:00+00:00,76.86,76.86,76.85,76.85,1141546
2021-06-10 04:00:00+00:00,76.85,76.86,76.85,76.85,914832
2021-06-11 04:00:00+00:00,76.85,76.86,76.85,76.86,824764
2021-06-14 04:00:00+00:00,76.85,76.86,76.85,76.85,446730
2021-06-15 04:00:00+00:00,76.85,76.86,76.85,76.85,1019828
2021-06-16 04:00:00+00:00,76.85,76.86,76.85,76.86,585076
2021-06-17 04:00:00+00:00,76.86,76.86,76.85,76.85,1473763
2021-06-18 04:00:00+00:00,76.85,76.86,76.85,76.86,895928
2021-06-21 04:00:00+00:00,76.86,76.86,76.85,76.85,851837
2021-06-22 04:00:00+00:00,76.85,76.86,76.85,76.85,395085
2021-06-23 04:00:00+00:00,76.85,76.86,76.85,76.85,670276
2021-06-24 04:00:00+00:00,76.85,76.86,76.85,76.86,933837
2021-06-25 04:00:00+00:00,76.85,76.86,76.85,76.86,1258515
2021-06-28 04:00:00+00:00,76.86,76.86,76.85,76.85,611208
2021-06-29 04:00:00+00:00,76.85,76.86,76.85,76.85,892975
2021-06-30 04:00:00+00:00,76.86,76.86,76.85,76.85,578146
2021-07-01 04:00:00+00:00,76.85,76.86,76.85,76.86,597266
2021-07-02 04:00:00+00:00,76.85,76.85,76.84,76.85,635022
2021-07-06 04:00:00+00:00,76.84,76.85,76.84,76.84,668679
2021-07-07 04:00:00+00:00,76.84,76.85,76.84,76.84,890152
2021-07-08 04:00:00+00:00,76.84,76.85,76.84,76.85,955138
2021-07-09 04:00:00+00:00,76.85,76.85,76.84,76.85,723762
2021-07-12 04:00:00+00:00,76.84,76.85,76.84,76.85,747272
2021-07-13 04:00:00+00:00,76.84,76.85,76.84,76.85,1053394
2021-07-14 04:00:00+00:00,76.84,76.85,76.84,76.84,589980
2021-07-15 04:00:00+00:00,76.84,76.85,76.84,76.85,1001409
2021-07-16 04:00:00+00:00,76.84,76.85,76.84,76.85,633342
2021-07-19 04:00:00+00:00,76.84,76.85,76.84,76.84,2756776
2021-07-20 04:00:00+00:00,76.84,76.85,76.84,76.84,1733672
2021-07-21 04:00:00+00:00,76.84,76.85,76.84,76.84,1130883
2021-07-22 04:00:00+00:00,76.84,76.85,76.84,76.85,683730
2021-07-23 04:00:00+00:00,76.84,76.85,76.84,76.84,1082866
2021-07-26 04:00:00+00:00,76.84,76.85,76.84,76.85,740330
2021-07-27 04:00:00+00:00,76.85,76.85,76.84,76.84,882364
2021-07-28 04:00:00+00:00,76.84,76.85,76.84,76.84,1349064
2021-07-29 04:00:00+00:00,76.84,76.85,76.84,76.85,908558
2021-07-30 04:00:00+00:00,76.84,76.85,76.84,76.84,413525
2021-08-02 04:00:00+00:00,76.84,76.85,76.84,76.84,599820
2021-08-03 04:00:00+00:00,76.84,76.85,76.84,76.84,760717
2021-08-04 04:00:00+00:00,76.84,76.85,76.84,76.84,1089573
2021-08-05 04:00:00+00:00,76.84,76.85,76.84,76.84,489824
2021-08-06 04:00:00+00:00,76.84,76.85,76.84,76.85,701524
2021-08-09 04:00:00+00:00,76.84,76.85,76.84,76.85,1646835
2021-08-10 04:00:00+00:00,76.85,76.85,76.84,76.84,966201
2021-08-11 04:00:00+00:00,76.84,76.85,76.84,76.84,1093310
2021-08-12 04:00:00+00:00,76.84,76.85,76.84,76.84,621043
2021-08-13 04:00:00+00:00,76.85,76.85,76.84,76.85,1129863
2021-08-16 04:00:00+00:00,76.84,76.85,76.84,76.84,1694782
2021-08-17 04:00:00+00:00,76.85,76.85,76.84,76.84,1744932
2021-08-18 04:00:00+00:00,76.84,76.85,76.84,76.84,938565
2021-08-19 04:00:00+00:00,76.84,76.85,76.84,76.85,1842534
2021-08-20 04:00:00+00:00,76.84,76.85,76.84,76.85,801548
2021-08-23 04:00:00+00:00,76.84,76.84,76.84,76.84,484735
2021-08-24 04:00:00+00:00,76.84,76.84,76.84,76.84,852454
2021-08-25 04:00:00+00:00,76.84,76.84,76.84,76.84,567773
2021-08-26 04:00:00+00:00,76.84,76.84,76.84,76.84,826831
2021-08-27 04:00:00+00:00,76.84,76.84,76.84,76.84,484427
2021-08-30 04:00:00+00:00,76.84,76.84,76.84,76.84,633865
2021-08-31 04:00:00+00:00,76.84,76.84,76.84,76.84,1092271
2021-09-01 04:00:00+00:00,76.84,76.84,76.84,76.84,1076935
2021-09-02 04:00:00+00:00,76.84,76.85,76.84,76.85,775073
2021-09-03 04:00:00+00:00,76.84,76.84,76.84,76.84,500319
2021-09-07 04:00:00+00:00,76.84,76.84,76.84,76.84,1604021
2021-09-08 04:00:00+00:00,76.84,76.84,76.84,76.84,1073672
2021-09-09 04:00:00+00:00,76.84,76.84,76.84,76.84,735522
2021-09-10 04:00:00+00:00,76.84,76.84,76.84,76.84,525183
2021-09-13 04:00:00+00:00,76.84,76.84,76.84,76.84,5169028
2021-09-14 04:00:00+00:00,76.84,76.84,76.84,76.84,4538332
2021-09-15 04:00:00+00:00,76.84,76.84,76.84,76.84,1465480
2021-09-16 04:00:00+00:00,76.84,76.84,76.84,76.84,1333725
2021-09-17 04:00:00+00:00,76.84,76.84,76.84,76.84,815373
2021-09-20 04:00:00+00:00,76.84,76.84,76.84,76.84,1212437
2021-09-21 04:00:00+00:00,76.84,76.84,76.84,76.84,1462343
2021-09-22 04:00:00+00:00,76.84,76.84,76.84,76.84,1072145
2021-09-23 04:00:00+00:00,76.84,76.84,76.84,76.84,1109994
2021-09-24 04:00:00+00:00,76.84,76.84,76.84,76.84,1912114
2021-09-27 04:00:00+00:00,76.84,76.84,76.83,76.84,2607557
2021-09-28 04:00:00+00:00,76.84,76.84,76.83,76.84,983634
2021-09-29 04:00:00+00:00,76.84,76.84,76.84,76.84,802974
2021-09-30 04:00:00+00:00,76.84,76.84,76.84,76.84,792773
2021-10-01 04:00:00+00:00,76.84,76.84,76.83,76.84,1487698
2021-10-04 04:00:00+00:00,76.84,76.84,76.83,76.83,761781
2021-10-05 04:00:00+00:00,76.83,76.84,76.83,76.84,569096
2021-10-06 04:00:00+00:00,76.83,76.84,76.83,76.84,1394867
2021-10-07 04:00:00+00:00,76.83,76.84,76.83,76.84,789341
2021-10-08 04:00:00+00:00,76.84,76.84,76.83,76.84,516243
2021-10-11 04:00:00+00:00,76.83,76.84,76.83,76.84,625356
2021-10-12 04:00:00+00:00,76.83,76.84,76.83,76.84,667084
2021-10-13 04:00:00+00:00,76.83,76.84,76.83,76.84,1024007
2021-10-14 04:00:00+00:00,76.84,76.84,76.83,76.83,638605
2021-10-15 04:00:00+00:00,76.83,76.84,76.83,76.84,840844
2021-10-18 04:00:00+00:00,76.83,76.84,76.83,76.83,650096
2021-10-19 04:00:00+00:00,76.83,76.84,76.83,76.83,597693
2021-10-20 04:00:00+00:00,76.84,76.84,76.83,76.83,2301451
2021-10-21 04:00:00+00:00,76.83,76.84,76.83,76.83,742786
2021-10-22 04:00:00+00:00,76.83,76.84,76.82,76.83,729471
2021-10-25 04:00:00+00:00,76.84,76.84,76.83,76.84,677438
2021-10-26 04:00:00+00:00,76.83,76.84,76.82,76.82,1115118
2021-10-27 04:00:00+00:00,76.83,76.84,76.82,76.82,851291
2021-10-28 04:00:00+00:00,76.83,76.84,76.83,76.84,708865
2021-10-29 04:00:00+00:00,76.83,76.84,76.82,76.84,938462
2021-11-01 04:00:00+00:00,76.83,76.84,76.83,76.84,1131712
2021-11-02 04:00:00+00:00,76.83,76.84,76.82,76.82,711939
2021-11-03 04:00:00+00:00,76.83,76.83,76.82,76.82,1200416
2021-11-04 04:00:00+00:00,76.83,76.84,76.82,76.83,856521
2021-11-05 04:00:00+00:00,76.83,76.83,76.82,76.83,899230
2021-11-08 05:00:00+00:00,76.83,76.84,76.82,76.84,1396341
2021-11-09 05:00:00+00:00,76.83,76.83,76.82,76.82,1055758
2021-11-10 05:00:00+00:00,76.83,76.84,76.82,76.82,1284047
2021-11-11 05:00:00+00:00,76.83,76.83,76.82,76.83,795107
2021-11-12 05:00:00+00:00,76.82,76.83,76.82,76.83,614358
2021-11-15 05:00:00+00:00,76.83,76.83,76.82,76.83,684840
2021-11-16 05:00:00+00:00,76.83,76.83,76.82,76.82,1154121
2021-11-17 05:00:00+00:00,76.82,76.83,76.82,76.82,1203540
2021-11-18 05:00:00+00:00,76.82,76.83,76.82,76.83,885818
2021-11-19 05:00:00+00:00,76.83,76.83,76.82,76.83,1485083
2021-11-22 05:00:00+00:00,76.82,76.83,76.82,76.83,838881
2021-11-23 05:00:00+00:00,76.82,76.83,76.82,76.82,787319
2021-11-24 05:00:00+00:00,76.82,76.83,76.82,76.83,781669
2021-11-26 05:00:00+00:00,76.82,76.83,76.82,76.82,763926
2021-11-29 05:00:00+00:00,76.82,76.83,76.82,76.83,1078458
2021-11-30 05:00:00+00:00,76.83,76.83,76.82,76.82,2677356
2021-12-01 05:00:00+00:00,76.83,76.83,76.82,76.83,2066211
2021-12-02 05:00:00+00:00,76.83,76.83,76.82,76.83,1627555
2021-12-03 05:00:00+00:00,76.83,76.83,76.82,76.82,768459
2021-12-06 05:00:00+00:00,76.83,76.83,76.82,76.82,809468
2021-12-07 05:00:00+00:00,76.83,76.83,76.82,76.82,691083
2021-12-08 05:00:00+00:00,76.82,76.83,76.82,76.83,1536765
2021-12-09 05:00:00+00:00,76.82,76.83,76.82,76.82,1130166
2021-12-10 05:00:00+00:00,76.83,76.83,76.82,76.83,978749
2021-12-13 05:00:00+00:00,76.82,76.83,76.82,76.83,489484
2021-12-14 05:00:00+00:00,76.83,76.83,76.82,76.83,838841
2021-12-15 05:00:00+00:00,76.82,76.83,76.82,76.83,1759289
2021-12-16 05:00:00+00:00,76.82,76.83,76.82,76.82,870851
2021-12-17 05:00:00+00:00,76.83,76.83,76.82,76.83,1069956
2021-12-20 05:00:00+00:00,76.82,76.83,76.82,76.82,2241001
2021-12-21 05:00:00+00:00,76.82,76.83,76.81,76.81,2655436
2021-12-22 05:00:00+00:00,76.82,76.83,76.81,76.81,1089953
2021-12-23 05:00:00+00:00,76.81,76.82,76.81,76.81,613821
2021-12-27 05:00:00+00:00,76.81,76.82,76.81,76.82,792102
2021-12-28 05:00:00+00:00,76.82,76.82,76.81,76.81,1982403
2021-12-29 05:00:00+00:00,76.81,76.82,76.81,76.81,1297127
2021-12-30 05:00:00+00:00,76.81,76.82,76.81,76.82,851556
2021-12-31 05:00:00+00:00,76.81,76.82,76.81,76.82,914825
2022-01-03 05:00:00+00:00,76.82,76.82,76.81,76.81,1820561
2022-01-04 05:00:00+00:00,76.81,76.82,76.81,76.82,2650131
2022-01-05 05:00:00+00:00,76.82,76.82,76.81,76.82,1848106
2022-01-06 05:00:00+00:00,76.82,76.82,76.81,76.82,1088996
2022-01-07 05:00:00+00:00,76.82,76.82,76.81,76.82,820502
2022-01-10 05:00:00+00:00,76.81,76.82,76.81,76.81,1904622
2022-01-11 05:00:00+00:00,76.81,76.81,76.8,76.8,1929056
2022-01-12 05:00:00+00:00,76.81,76.82,76.81,76.81,992437
2022-01-13 05:00:00+00:00,76.81,76.82,76.81,76.82,1066410
2022-01-14 05:00:00+00:00,76.81,76.82,76.81,76.82,587967
2022-01-18 05:00:00+00:00,76.82,76.82,76.8,76.8,3182172
2022-01-19 05:00:00+00:00,76.82,76.82,76.81,76.82,2105248
2022-01-20 05:00:00+00:00,76.82,76.82,76.81,76.82,1760552
2022-01-21 05:00:00+00:00,76.81,76.82,76.8,76.81,2951324
2022-01-24 05:00:00+00:00,76.8,76.82,76.8,76.82,4908854
2022-01-25 05:00:00+00:00,76.81,76.82,76.8,76.8,4795801
2022-01-26 05:00:00+00:00,76.8,76.82,76.8,76.81,3731264
2022-01-27 05:00:00+00:00,76.8,76.82,76.8,76.82,6317289
2022-01-28 05:00:00+00:00,76.81,76.82,76.8,76.8,4948547
2022-01-31 05:00:00+00:00,76.81,76.82,76.8,76.82,26427056
2022-02-01 05:00:00+00:00,76.8,76.82,76.8,76.81,6519182
2022-02-02 05:00:00+00:00,76.81,76.82,76.81,76.82,2140232
2022-02-03 05:00:00+00:00,76.81,76.82,76.8,76.82,2387175
2022-02-04 05:00:00+00:00,76.81,76.81,76.8,76.8,6742092
2022-02-07 05:00:00+00:00,76.81,76.81,76.8,76.8,1692738
2022-02-08 05:00:00+00:00,76.81,76.81,76.8,76.81,24208933
2022-02-09 05:00:00+00:00,76.8,76.81,76.8,76.8,4415496
2022-02-10 05:00:00+00:00,76.8,76.81,76.79,76.8,6138255
2022-02-11 05:00:00+00:00,76.8,76.81,76.79,76.8,3172323
2022-02-14 05:00:00+00:00,76.8,76.81,76.79,76.79,1894375
2022-02-15 05:00:00+00:00,76.8,76.81,76.8,76.81,956427
2022-02-16 05:00:00+00:00,76.81,76.81,76.8,76.81,1077469
2022-02-17 05:00:00+00:00,76.81,76.81,76.8,76.8,2334567
2022-02-18 05:00:00+00:00,76.81,76.81,76.8,76.81,1507294
2022-02-22 05:00:00+00:00,76.8,76.81,76.8,76.81,2188480
2022-02-23 05:00:00+00:00,76.8,76.81,76.8,76.8,11557917
2022-02-24 05:00:00+00:00,76.81,76.82,76.8,76.8,8572319
2022-02-25 05:00:00+00:00,76.81,76.81,76.8,76.8,1961495
2022-02-28 05:00:00+00:00,76.81,76.81,76.8,76.8,1814619
2022-03-01 05:00:00+00:00,76.81,76.81,76.8,76.8,4443957
2022-03-02 05:00:00+00:00,76.81,76.81,76.8,76.8,2344629
2022-03-03 05:00:00+00:00,76.81,76.81,76.8,76.81,2283527
2022-03-04 05:00:00+00:00,76.8,76.81,76.8,76.81,1250963
2022-03-07 05:00:00+00:00,76.79,76.81,76.79,76.81,15949299
2022-03-08 05:00:00+00:00,76.81,76.81,76.8,76.81,7753026
2022-03-09 05:00:00+00:00,76.81,76.81,76.8,76.81,2610513
2022-03-10 05:00:00+00:00,76.81,76.81,76.8,76.81,2361619
2022-03-11 05:00:00+00:00,76.81,76.81,76.8,76.8,852250
2022-03-14 04:00:00+00:00,76.8,76.81,76.8,76.81,5013748
2022-03-15 04:00:00+00:00,76.81,76.81,76.79,76.79,6347733
2022-03-16 04:00:00+00:00,76.8,76.81,76.79,76.81,1786945
2022-03-17 04:00:00+00:00,76.8,76.81,76.8,76.81,5472499
2022-03-18 04:00:00+00:00,76.81,76.81,76.8,76.8,3152053
2022-03-21 04:00:00+00:00,76.8,76.81,76.8,76.8,3981732
2022-03-22 04:00:00+00:00,76.81,76.81,76.8,76.8,3564619
2022-03-23 04:00:00+00:00,76.8,76.82,76.8,76.82,2211115
2022-03-24 04:00:00+00:00,76.81,76.82,76.81,76.82,1749551
2022-03-25 04:00:00+00:00,76.82,76.82,76.8,76.8,2873492
2022-03-28 04:00:00+00:00,76.81,76.81,76.8,76.8,3179095
2022-03-29 04:00:00+00:00,76.81,76.82,76.8,76.8,4389753
2022-03-30 04:00:00+00:00,76.8,76.82,76.8,76.82,5638485
2022-03-31 04:00:00+00:00,76.82,76.82,76.81,76.82,4940550
2022-04-01 04:00:00+00:00,76.81,76.82,76.8,76.82,2333442
2022-04-04 04:00:00+00:00,76.8,76.81,76.8,76.81,2497986
2022-04-05 04:00:00+00:00,76.8,76.81,76.8,76.8,2169183
2022-04-06 04:00:00+00:00,76.81,76.81,76.8,76.81,2713728
2022-04-07 04:00:00+00:00,76.8,76.81,76.8,76.81,2655555
2022-04-08 04:00:00+00:00,76.8,76.81,76.8,76.8,4747536
2022-04-11 04:00:00+00:00,76.81,76.81,76.8,76.81,3631101
2022-04-12 04:00:00+00:00,76.8,76.81,76.8,76.81,5800136
2022-04-13 04:00:00+00:00,76.8,76.81,76.8,76.81,3772645
2022-04-14 04:00:00+00:00,76.8,76.81,76.8,76.8,1634167
2022-04-18 04:00:00+00:00,76.8,76.81,76.8,76.81,2884497
2022-04-19 04:00:00+00:00,76.8,76.81,76.8,76.8,3206916
2022-04-20 04:00:00+00:00,76.8,76.82,76.8,76.82,1937375
2022-04-21 04:00:00+00:00,76.82,76.82,76.81,76.82,3808523
2022-04-22 04:00:00+00:00,76.8,76.82,76.8,76.81,2192742
2022-04-25 04:00:00+00:00,76.8,76.82,76.8,76.82,10581812
2022-04-26 04:00:00+00:00,76.81,76.82,76.81,76.81,4573213
2022-04-27 04:00:00+00:00,76.81,76.82,76.81,76.81,7574734
2022-04-28 04:00:00+00:00,76.81,76.83,76.81,76.83,6079055
2022-04-29 04:00:00+00:00,76.82,76.82,76.81,76.81,2693453
2022-05-02 04:00:00+00:00,76.83,76.83,76.81,76.82,7578923
2022-05-03 04:00:00+00:00,76.83,76.83,76.81,76.81,6146977
2022-05-04 04:00:00+00:00,76.81,76.83,76.81,76.83,3090610
2022-05-05 04:00:00+00:00,76.83,76.83,76.82,76.83,5216849
2022-05-06 04:00:00+00:00,76.82,76.83,76.82,76.83,4803046
2022-05-09 04:00:00+00:00,76.84,76.84,76.82,76.82,8861128
2022-05-10 04:00:00+00:00,76.83,76.84,76.82,76.82,8330384
2022-05-11 04:00:00+00:00,76.82,76.84,76.82,76.82,6442330
2022-05-12 04:00:00+00:00,76.83,76.84,76.82,76.83,9051847
2022-05-13 04:00:00+00:00,76.82,76.84,76.82,76.84,14933891
2022-05-16 04:00:00+00:00,76.83,76.83,76.82,76.83,2720626
2022-05-17 04:00:00+00:00,76.82,76.84,76.82,76.83,2496668
2022-05-18 04:00:00+00:00,76.83,76.84,76.82,76.83,4469556
2022-05-19 04:00:00+00:00,76.84,76.84,76.83,76.84,4075098
2022-05-20 04:00:00+00:00,76.84,76.84,76.83,76.84,3231219
2022-05-23 04:00:00+00:00,76.84,76.84,76.84,76.84,2117543
2022-05-24 04:00:00+00:00,76.84,76.84,76.84,76.84,3483385
2022-05-25 04:00:00+00:00,76.84,76.84,76.84,76.84,1732339
2022-05-26 04:00:00+00:00,76.84,76.86,76.84,76.86,3426708
2022-05-27 04:00:00+00:00,76.85,76.85,76.84,76.84,2966018
2022-05-31 04:00:00+00:00,76.85,76.85,76.83,76.84,19795835
2022-06-01 04:00:00+00:00,76.85,76.85,76.84,76.84,19066025
2022-06-02 04:00:00+00:00,76.85,76.85,76.84,76.85,1286880
2022-06-03 04:00:00+00:00,76.85,76.85,76.84,76.84,3125745
2022-06-06 04:00:00+00:00,76.85,76.85,76.84,76.85,1615180
2022-06-07 04:00:00+00:00,76.85,76.85,76.84,76.84,1797203
2022-06-08 04:00:00+00:00,76.85,76.85,76.85,76.85,2029340
2022-06-09 04:00:00+00:00,76.85,76.85,76.85,76.85,1868749
2022-06-10 04:00:00+00:00,76.85,76.85,76.84,76.84,7167045
2022-06-13 04:00:00+00:00,76.85,76.85,76.84,76.85,37616107
2022-06-14 04:00:00+00:00,76.84,76.84,76.83,76.84,8460626
2022-06-15 04:00:00+00:00,76.84,76.85,76.83,76.85,2922399
2022-06-16 04:00:00+00:00,76.85,76.86,76.84,76.86,5312040
2022-06-17 04:00:00+00:00,76.85,76.86,76.85,76.85,3479207
2022-06-21 04:00:00+00:00,76.86,76.87,76.85,76.87,5374001
2022-06-22 04:00:00+00:00,76.87,76.88,76.86,76.88,2948024
2022-06-23 04:00:00+00:00,76.88,76.88,76.87,76.88,4682764
2022-06-24 04:00:00+00:00,76.88,76.88,76.86,76.86,3583345
2022-06-27 04:00:00+00:00,76.87,76.87,76.86,76.86,7662484
2022-06-28 04:00:00+00:00,76.87,76.88,76.87,76.88,2934860
2022-06-29 04:00:00+00:00,76.86,76.89,76.86,76.89,2139552
2022-06-30 04:00:00+00:00,76.89,76.9,76.88,76.9,4434561
2022-07-01 04:00:00+00:00,76.89,76.9,76.87,76.89,35911482
2022-07-05 04:00:00+00:00,76.89,76.89,76.88,76.89,9084403
2022-07-06 04:00:00+00:00,76.89,76.89,76.88,76.89,3891366
2022-07-07 04:00:00+00:00,76.9,76.9,76.88,76.89,1845534
2022-07-08 04:00:00+00:00,76.89,76.89,76.88,76.88,1402157
2022-07-11 04:00:00+00:00,76.88,76.89,76.88,76.89,2341940
2022-07-12 04:00:00+00:00,76.89,76.89,76.88,76.88,15708944
2022-07-13 04:00:00+00:00,76.88,76.89,76.86,76.88,12634540
2022-07-14 04:00:00+00:00,76.87,76.89,76.87,76.89,5183461
2022-07-15 04:00:00+00:00,76.89,76.89,76.88,76.88,6952595
2022-07-18 04:00:00+00:00,76.88,76.89,76.87,76.88,3682390
2022-07-19 04:00:00+00:00,76.89,76.89,76.88,76.88,6871082
2022-07-20 04:00:00+00:00,76.89,76.9,76.88,76.88,4865190
2022-07-21 04:00:00+00:00,76.89,76.91,76.88,76.91,3710369
2022-07-22 04:00:00+00:00,76.91,76.92,76.9,76.92,3533128
2022-07-25 04:00:00+00:00,76.91,76.91,76.9,76.91,3183764
2022-07-26 04:00:00+00:00,76.91,76.91,76.9,76.91,1503941
2022-07-27 04:00:00+00:00,76.91,76.92,76.9,76.91,2633164
2022-07-28 04:00:00+00:00,76.92,76.92,76.92,76.92,7810543
2022-07-29 04:00:00+00:00,76.92,76.93,76.92,76.92,6641117
2022-08-01 04:00:00+00:00,76.92,76.94,76.92,76.93,11532101
2022-08-02 04:00:00+00:00,76.93,76.94,76.93,76.94,3151041
2022-08-03 04:00:00+00:00,76.95,76.95,76.93,76.93,4254380
2022-08-04 04:00:00+00:00,76.95,76.96,76.95,76.95,6584391
2022-08-05 04:00:00+00:00,76.96,76.96,76.95,76.96,1873149
2022-08-08 04:00:00+00:00,76.95,76.97,76.95,76.97,2788329
2022-08-09 04:00:00+00:00,76.95,76.97,76.95,76.96,4034931
2022-08-10 04:00:00+00:00,76.96,76.98,76.96,76.97,3808215
2022-08-11 04:00:00+00:00,76.98,76.99,76.97,76.97,6602655
2022-08-12 04:00:00+00:00,76.98,76.99,76.98,76.99,2117664
2022-08-15 04:00:00+00:00,76.98,76.99,76.98,76.98,5780238
2022-08-16 04:00:00+00:00,77.0,77.0,76.99,76.99,4393768
2022-08-17 04:00:00+00:00,77.0,77.01,76.99,76.99,3908781
2022-08-18 04:00:00+00:00,77.01,77.02,77.01,77.02,2286916
2022-08-19 04:00:00+00:00,77.01,77.02,77.01,77.02,4194232
2022-08-22 04:00:00+00:00,77.01,77.03,77.01,77.03,5693046
2022-08-23 04:00:00+00:00,77.03,77.03,77.01,77.01,6979709
2022-08-24 04:00:00+00:00,77.03,77.04,77.02,77.04,2643621
2022-08-25 04:00:00+00:00,77.04,77.05,77.04,77.05,4143747
2022-08-26 04:00:00+00:00,77.04,77.06,77.04,77.05,5451833
2022-08-29 04:00:00+00:00,77.05,77.06,77.05,77.05,7353892
2022-08-30 04:00:00+00:00,77.06,77.07,77.05,77.06,32175285
2022-08-31 04:00:00+00:00,77.06,77.07,77.06,77.07,9908683
2022-09-01 04:00:00+00:00,77.09,77.09,77.08,77.09,8230180
2022-09-02 04:00:00+00:00,77.09,77.1,77.08,77.1,5884721
2022-09-06 04:00:00+00:00,77.09,77.1,77.09,77.1,8078149
2022-09-07 04:00:00+00:00,77.09,77.1,77.09,77.1,5239017
2022-09-08 04:00:00+00:00,77.12,77.12,77.1,77.12,4618324
2022-09-09 04:00:00+00:00,77.11,77.12,77.11,77.12,2025729
2022-09-12 04:00:00+00:00,77.12,77.13,77.11,77.11,5412373
2022-09-13 04:00:00+00:00,77.11,77.13,77.11,77.13,6244250
2022-09-14 04:00:00+00:00,77.13,77.13,77.12,77.13,4243171
2022-09-15 04:00:00+00:00,77.14,77.16,77.14,77.16,5817965
2022-09-16 04:00:00+00:00,77.16,77.16,77.15,77.16,3583788
2022-09-19 04:00:00+00:00,77.16,77.16,77.15,77.16,5211406
2022-09-20 04:00:00+00:00,77.16,77.16,77.15,77.15,3826530
2022-09-21 04:00:00+00:00,77.16,77.17,77.16,77.16,3811483
2022-09-22 04:00:00+00:00,77.18,77.2,77.17,77.2,11011104
2022-09-23 04:00:00+00:00,77.19,77.2,77.18,77.2,15236749
2022-09-26 04:00:00+00:00,77.2,77.2,77.18,77.18,7848295
2022-09-27 04:00:00+00:00,77.2,77.21,77.2,77.21,6030114
2022-09-28 04:00:00+00:00,77.21,77.21,77.2,77.21,6869780
2022-09-29 04:00:00+00:00,77.23,77.23,77.22,77.23,5973287
2022-09-30 04:00:00+00:00,77.23,77.23,77.21,77.23,9969326
2022-10-03 04:00:00+00:00,77.24,77.24,77.21,77.21,7600291
2022-10-04 04:00:00+00:00,77.24,77.24,77.22,77.24,6631730
2022-10-05 04:00:00+00:00,77.24,77.24,77.23,77.24,6486681
2022-10-06 04:00:00+00:00,77.26,77.26,77.25,77.25,3458762
2022-10-07 04:00:00+00:00,77.26,77.26,77.25,77.25,5086114
2022-10-10 04:00:00+00:00,77.27,77.27,77.26,77.26,5645423
2022-10-11 04:00:00+00:00,77.26,77.27,77.26,77.26,7997615
2022-10-12 04:00:00+00:00,77.27,77.27,77.26,77.26,4716198
2022-10-13 04:00:00+00:00,77.28,77.29,77.28,77.29,5095433
2022-10-14 04:00:00+00:00,77.29,77.29,77.28,77.29,3155068
2022-10-17 04:00:00+00:00,77.29,77.29,77.29,77.29,6413168
2022-10-18 04:00:00+00:00,77.29,77.29,77.29,77.29,5174140
2022-10-19 04:00:00+00:00,77.29,77.29,77.29,77.29,4349429
2022-10-20 04:00:00+00:00,77.3,77.32,77.3,77.32,4641270
2022-10-21 04:00:00+00:00,77.32,77.33,77.31,77.33,4725105
2022-10-24 04:00:00+00:00,77.32,77.33,77.32,77.32,2322632
2022-10-25 04:00:00+00:00,77.32,77.34,77.32,77.32,7081549
2022-10-26 04:00:00+00:00,77.33,77.34,77.33,77.34,8205788
2022-10-27 04:00:00+00:00,77.35,77.36,77.35,77.36,4615478
2022-10-28 04:00:00+00:00,77.36,77.36,77.35,77.35,25685039
2022-10-31 04:00:00+00:00,77.36,77.37,77.35,77.35,6252020
2022-11-01 04:00:00+00:00,77.37,77.38,77.36,77.36,6116536
2022-11-02 04:00:00+00:00,77.38,77.39,77.38,77.39,3347586
2022-11-03 04:00:00+00:00,77.4,77.41,77.39,77.41,9050802
2022-11-04 04:00:00+00:00,77.42,77.43,77.41,77.43,9502528
2022-11-07 05:00:00+00:00,77.43,77.43,77.42,77.42,6503873
2022-11-08 05:00:00+00:00,77.43,77.44,77.43,77.43,5842979
2022-11-09 05:00:00+00:00,77.46,77.47,77.45,77.47,3602526
2022-11-10 05:00:00+00:00,77.47,77.48,77.47,77.48,5835670
2022-11-11 05:00:00+00:00,77.47,77.48,77.47,77.47,6644954
2022-11-14 05:00:00+00:00,77.49,77.49,77.47,77.47,10435379
2022-11-15 05:00:00+00:00,77.49,77.49,77.48,77.49,9800775
2022-11-16 05:00:00+00:00,77.49,77.5,77.49,77.5,7824129
2022-11-17 05:00:00+00:00,77.51,77.52,77.51,77.52,4772984
2022-11-18 05:00:00+00:00,77.51,77.52,77.51,77.52,7061767
2022-11-21 05:00:00+00:00,77.53,77.53,77.52,77.53,3437283
2022-11-22 05:00:00+00:00,77.53,77.55,77.53,77.55,5261176
2022-11-23 05:00:00+00:00,77.56,77.57,77.56,77.56,4144440
2022-11-25 05:00:00+00:00,77.57,77.57,77.56,77.56,2543090
2022-11-28 05:00:00+00:00,77.57,77.58,77.57,77.57,4456155
2022-11-29 05:00:00+00:00,77.59,77.6,77.58,77.6,3754663
2022-11-30 05:00:00+00:00,77.59,77.6,77.59,77.6,5418275
2022-12-01 05:00:00+00:00,77.61,77.62,77.61,77.61,10968003
2022-12-02 05:00:00+00:00,77.63,77.63,77.62,77.62,10316323
2022-12-05 05:00:00+00:00,77.63,77.64,77.63,77.63,8943739
2022-12-06 05:00:00+00:00,77.65,77.66,77.64,77.66,9646932
2022-12-07 05:00:00+00:00,77.67,77.67,77.66,77.66,9798553
2022-12-08 05:00:00+00:00,77.68,77.71,77.68,77.71,3855858
2022-12-09 05:00:00+00:00,77.7,77.71,77.7,77.7,7718474
2022-12-12 05:00:00+00:00,77.72,77.72,77.71,77.71,4383623
2022-12-13 05:00:00+00:00,77.72,77.72,77.71,77.71,6645767
2022-12-14 05:00:00+00:00,77.72,77.73,77.71,77.73,6898429
2022-12-15 05:00:00+00:00,77.74,77.75,77.74,77.75,7772108
2022-12-16 05:00:00+00:00,77.76,77.76,77.75,77.75,4120879
2022-12-19 05:00:00+00:00,77.77,77.77,77.76,77.76,8627050
2022-12-20 05:00:00+00:00,77.78,77.78,77.77,77.77,5204285
2022-12-21 05:00:00+00:00,77.79,77.79,77.78,77.78,6471770
2022-12-22 05:00:00+00:00,77.81,77.83,77.81,77.83,6594154
2022-12-23 05:00:00+00:00,77.82,77.83,77.82,77.83,3682274
2022-12-27 05:00:00+00:00,77.83,77.84,77.83,77.83,4267948
2022-12-28 05:00:00+00:00,77.85,77.85,77.84,77.85,4123246
2022-12-29 05:00:00+00:00,77.88,77.89,77.88,77.89,5637384
2022-12-30 05:00:00+00:00,77.88,77.88,77.87,77.88,6533721
2023-01-03 05:00:00+00:00,77.89,77.89,77.88,77.89,12503054
2023-01-04 05:00:00+00:00,77.89,77.9,77.88,77.88,9074489
2023-01-05 05:00:00+00:00,77.9,77.91,77.9,77.9,6454130
2023-01-06 05:00:00+00:00,77.9,77.91,77.9,77.9,4620714
2023-01-09 05:00:00+00:00,77.9,77.91,77.9,77.91,9734546
2023-01-10 05:00:00+00:00,77.91,77.92,77.9,77.9,5606657
2023-01-11 05:00:00+00:00,77.91,77.92,77.9,77.9,8601349
2023-01-12 05:00:00+00:00,77.96,77.96,77.96,77.96,8086875
2023-01-13 05:00:00+00:00,77.96,77.97,77.96,77.97,5501137
2023-01-17 05:00:00+00:00,77.97,77.98,77.97,77.97,9495439
2023-01-18 05:00:00+00:00,77.98,77.99,77.98,77.98,4944801
2023-01-19 05:00:00+00:00,78.01,78.02,78.01,78.02,6491335
2023-01-20 05:00:00+00:00,78.02,78.02,78.02,78.02,4530408
2023-01-23 05:00:00+00:00,78.03,78.03,78.02,78.02,9166448
2023-01-24 05:00:00+00:00,78.04,78.04,78.03,78.03,5073702
2023-01-25 05:00:00+00:00,78.05,78.06,78.04,78.04,7570284
2023-01-26 05:00:00+00:00,78.08,78.08,78.08,78.08,5116540
2023-01-27 05:00:00+00:00,78.09,78.09,78.08,78.09,5227546
2023-01-30 05:00:00+00:00,78.09,78.1,78.09,78.09,4281510
2023-01-31 05:00:00+00:00,78.1,78.11,78.1,78.1,7362580
2023-02-01 05:00:00+00:00,78.12,78.12,78.11,78.11,9423976
2023-02-02 05:00:00+00:00,78.14,78.15,78.14,78.14,11984466
2023-02-03 05:00:00+00:00,78.16,78.16,78.15,78.16,8913135
2023-02-06 05:00:00+00:00,78.17,78.17,78.16,78.17,5928213
2023-02-07 05:00:00+00:00,78.17,78.17,78.17,78.17,4283241
2023-02-08 05:00:00+00:00,78.18,78.18,78.17,78.17,4101519
2023-02-09 05:00:00+00:00,78.2,78.21,78.2,78.2,4909424
2023-02-10 05:00:00+00:00,78.21,78.22,78.21,78.21,4570490
2023-02-13 05:00:00+00:00,78.23,78.23,78.22,78.23,8903955
2023-02-14 05:00:00+00:00,78.23,78.23,78.23,78.23,4056633
2023-02-15 05:00:00+00:00,78.24,78.24,78.23,78.24,4897020
2023-02-16 05:00:00+00:00,78.29,78.29,78.28,78.29,5556380
2023-02-17 05:00:00+00:00,78.29,78.29,78.29,78.29,4391746
2023-02-21 05:00:00+00:00,78.3,78.31,78.29,78.29,17021270
2023-02-22 05:00:00+00:00,78.3,78.32,78.3,78.32,18697179
2023-02-23 05:00:00+00:00,78.35,78.35,78.34,78.35,4863169
2023-02-24 05:00:00+00:00,78.35,78.35,78.35,78.35,7728601
2023-02-27 05:00:00+00:00,78.35,78.36,78.35,78.36,7477368
2023-02-28 05:00:00+00:00,78.37,78.37,78.36,78.37,8086877
2023-03-01 05:00:00+00:00,78.38,78.38,78.38,78.38,11005645
2023-03-02 05:00:00+00:00,78.41,78.41,78.4,78.4,9639282
2023-03-03 05:00:00+00:00,78.41,78.42,78.41,78.42,7059213
2023-03-06 05:00:00+00:00,78.43,78.43,78.42,78.43,6131236
2023-03-07 05:00:00+00:00,78.44,78.44,78.43,78.43,4330695
2023-03-08 05:00:00+00:00,78.44,78.44,78.44,78.44,8207040
2023-03-09 05:00:00+00:00,78.46,78.47,78.46,78.46,6450460
2023-03-10 05:00:00+00:00,78.48,78.49,78.48,78.48,13461885
2023-03-13 04:00:00+00:00,78.52,78.52,78.5,78.5,21684742
2023-03-14 04:00:00+00:00,78.51,78.52,78.5,78.5,35715154
2023-03-15 04:00:00+00:00,78.54,78.55,78.53,78.55,11411671
2023-03-16 04:00:00+00:00,78.57,78.58,78.57,78.58,9346998
2023-03-17 04:00:00+00:00,78.57,78.6,78.57,78.6,8556239
2023-03-20 04:00:00+00:00,78.6,78.61,78.59,78.61,8169649
2023-03-21 04:00:00+00:00,78.6,78.62,78.6,78.61,7888533
2023-03-22 04:00:00+00:00,78.62,78.62,78.62,78.62,8202639
2023-03-23 04:00:00+00:00,78.64,78.66,78.64,78.66,5769458
2023-03-24 04:00:00+00:00,78.67,78.68,78.66,78.68,7374824
2023-03-27 04:00:00+00:00,78.67,78.68,78.67,78.67,6188622
2023-03-28 04:00:00+00:00,78.68,78.69,78.68,78.68,6215010
2023-03-29 04:00:00+00:00,78.68,78.7,78.68,78.68,4705650
2023-03-30 04:00:00+00:00,78.7,78.71,78.68,78.7,9284749
2023-03-31 04:00:00+00:00,78.7,78.7,78.68,78.68,11613407
2023-04-03 04:00:00+00:00,78.71,78.71,78.7,78.7,12448638
2023-04-04 04:00:00+00:00,78.71,78.72,78.71,78.71,10265808
2023-04-05 04:00:00+00:00,78.75,78.76,78.75,78.75,6913877
2023-04-06 04:00:00+00:00,78.77,78.77,78.76,78.76,4941406
2023-04-10 04:00:00+00:00,78.78,78.78,78.77,78.77,5741944
2023-04-11 04:00:00+00:00,78.78,78.79,78.78,78.78,7722550
2023-04-12 04:00:00+00:00,78.8,78.81,78.79,78.8,8786248
2023-04-13 04:00:00+00:00,78.83,78.84,78.83,78.84,8673892
2023-04-14 04:00:00+00:00,78.84,78.85,78.83,78.84,9389824
2023-04-17 04:00:00+00:00,78.85,78.86,78.85,78.86,5173785
2023-04-18 04:00:00+00:00,78.86,78.87,78.86,78.87,4540656
2023-04-19 04:00:00+00:00,78.88,78.88,78.87,78.87,5901933
2023-04-20 04:00:00+00:00,78.92,78.93,78.91,78.93,6034406
2023-04-21 04:00:00+00:00,78.93,78.93,78.92,78.93,5878598
2023-04-24 04:00:00+00:00,78.94,78.94,78.93,78.93,8195934
2023-04-25 04:00:00+00:00,78.93,78.94,78.93,78.93,4222514
2023-04-26 04:00:00+00:00,78.93,78.94,78.93,78.94,7365235
2023-04-27 04:00:00+00:00,78.97,78.98,78.96,78.97,5585429
2023-04-28 04:00:00+00:00,78.96,78.97,78.96,78.97,6526070
2023-05-01 04:00:00+00:00,78.98,78.99,78.97,78.97,11273342
2023-05-02 04:00:00+00:00,78.98,78.98,78.95,78.95,5495889
2023-05-03 04:00:00+00:00,78.97,78.97,78.96,78.96,5533058
2023-05-04 04:00:00+00:00,79.0,79.0,78.98,78.99,8052718
2023-05-05 04:00:00+00:00,79.01,79.02,79.0,79.01,7169177
2023-05-08 04:00:00+00:00,79.02,79.02,79.02,79.02,5508603
2023-05-09 04:00:00+00:00,79.03,79.03,79.02,79.02,6850301
2023-05-10 04:00:00+00:00,79.04,79.05,79.03,79.03,4831812
2023-05-11 04:00:00+00:00,79.08,79.09,79.08,79.08,6159808
2023-05-12 04:00:00+00:00,79.1,79.1,79.09,79.1,4324759
2023-05-15 04:00:00+00:00,79.1,79.11,79.1,79.11,4056073
2023-05-16 04:00:00+00:00,79.11,79.12,79.1,79.1,8530375
2023-05-17 04:00:00+00:00,79.12,79.13,79.12,79.12,5415399
2023-05-18 04:00:00+00:00,79.15,79.16,79.14,79.16,6433957
2023-05-19 04:00:00+00:00,79.17,79.17,79.15,79.16,6438118
2023-05-22 04:00:00+00:00,79.17,79.17,79.16,79.17,8404900
2023-05-23 04:00:00+00:00,79.17,79.18,79.17,79.17,5050528
2023-05-24 04:00:00+00:00,79.18,79.19,79.17,79.17,4762054
2023-05-25 04:00:00+00:00,79.23,79.23,79.22,79.22,5264007
2023-05-26 04:00:00+00:00,79.25,79.26,79.24,79.24,5915888
2023-05-30 04:00:00+00:00,79.26,79.27,79.25,79.25,11529270
2023-05-31 04:00:00+00:00,79.27,79.27,79.27,79.27,9807373
2023-06-01 04:00:00+00:00,79.31,79.31,79.3,79.31,10700452
2023-06-02 04:00:00+00:00,79.32,79.32,79.3,79.32,10257549
2023-06-05 04:00:00+00:00,79.33,79.33,79.31,79.32,10103633
2023-06-06 04:00:00+00:00,79.34,79.34,79.33,79.34,6120926
2023-06-07 04:00:00+00:00,79.34,79.36,79.34,79.34,6483083
2023-06-08 04:00:00+00:00,79.38,79.39,79.38,79.39,8802012
2023-06-09 04:00:00+00:00,79.39,79.4,79.39,79.4,6456740
2023-06-12 04:00:00+00:00,79.41,79.41,79.41,79.41,3781329
2023-06-13 04:00:00+00:00,79.41,79.42,79.41,79.42,6784247
2023-06-14 04:00:00+00:00,79.43,79.44,79.42,79.44,5756288
2023-06-15 04:00:00+00:00,79.47,79.48,79.47,79.47,9827278
2023-06-16 04:00:00+00:00,79.49,79.49,79.48,79.48,4765337
2023-06-20 04:00:00+00:00,79.49,79.5,79.49,79.5,6174256
2023-06-21 04:00:00+00:00,79.51,79.52,79.5,79.5,4945331
2023-06-22 04:00:00+00:00,79.54,79.54,79.54,79.54,4704645
2023-06-23 04:00:00+00:00,79.54,79.55,79.54,79.54,3851471
2023-06-26 04:00:00+00:00,79.56,79.57,79.55,79.55,7241346
2023-06-27 04:00:00+00:00,79.57,79.58,79.57,79.57,5476342
2023-06-28 04:00:00+00:00,79.59,79.59,79.58,79.58,4486792
2023-06-29 04:00:00+00:00,79.61,79.62,79.6,79.6,5728011
2023-06-30 04:00:00+00:00,79.63,79.64,79.63,79.63,8043510
2023-07-03 04:00:00+00:00,79.64,79.65,79.64,79.65,7138841
2023-07-05 04:00:00+00:00,79.66,79.67,79.65,79.66,7987862
2023-07-06 04:00:00+00:00,79.69,79.69,79.69,79.69,7569955
2023-07-07 04:00:00+00:00,79.69,79.7,79.69,79.69,6490997
2023-07-10 04:00:00+00:00,79.7,79.71,79.7,79.71,4185982
2023-07-11 04:00:00+00:00,79.72,79.73,79.72,79.72,5569134
2023-07-12 04:00:00+00:00,79.73,79.74,79.73,79.74,7188077
2023-07-13 04:00:00+00:00,79.76,79.77,79.76,79.77,5902610
2023-07-14 04:00:00+00:00,79.77,79.78,79.77,79.78,6505849
2023-07-17 04:00:00+00:00,79.79,79.79,79.78,79.79,3932615
2023-07-18 04:00:00+00:00,79.8,79.8,79.79,79.79,4791005
2023-07-19 04:00:00+00:00,79.81,79.82,79.81,79.81,5132137
2023-07-20 04:00:00+00:00,79.84,79.85,79.83,79.85,5047573
2023-07-21 04:00:00+00:00,79.85,79.86,79.85,79.85,4087140
2023-07-24 04:00:00+00:00,79.86,79.87,79.86,79.86,3752360
2023-07-25 04:00:00+00:00,79.88,79.88,79.87,79.87,4170511
2023-07-26 04:00:00+00:00,79.89,79.89,79.88,79.88,4699978
2023-07-27 04:00:00+00:00,79.91,79.92,79.91,79.92,4727801
2023-07-28 04:00:00+00:00,79.93,79.94,79.93,79.93,3714538
2023-07-31 04:00:00+00:00,79.94,79.95,79.94,79.94,6722741
2023-08-01 04:00:00+00:00,79.96,79.96,79.95,79.96,13371033
2023-08-02 04:00:00+00:00,79.97,79.97,79.96,79.97,8217435
2023-08-03 04:00:00+00:00,80.0,80.0,79.99,80.0,5729211
2023-08-04 04:00:00+00:00,80.01,80.02,80.01,80.02,6200044
2023-08-07 04:00:00+00:00,80.03,80.03,80.02,80.02,5977994
2023-08-08 04:00:00+00:00,80.04,80.04,80.03,80.04,6517873
2023-08-09 04:00:00+00:00,80.05,80.05,80.05,80.05,4293045
2023-08-10 04:00:00+00:00,80.07,80.09,80.07,80.09,5120647
2023-08-11 04:00:00+00:00,80.09,80.1,80.09,80.1,3669147
2023-08-14 04:00:00+00:00,80.1,80.11,80.1,80.11,6596068
2023-08-15 04:00:00+00:00,80.11,80.12,80.11,80.12,4853142
2023-08-16 04:00:00+00:00,80.12,80.13,80.12,80.13,7890326
2023-08-17 04:00:00+00:00,80.16,80.17,80.16,80.17,5621651
2023-08-18 04:00:00+00:00,80.18,80.18,80.17,80.18,6774433
2023-08-21 04:00:00+00:00,80.19,80.19,80.18,80.19,5959691
2023-08-22 04:00:00+00:00,80.2,80.2,80.19,80.19,5790320
2023-08-23 04:00:00+00:00,80.2,80.21,80.2,80.21,9529319
2023-08-24 04:00:00+00:00,80.24,80.25,80.24,80.24,6746698
2023-08-25 04:00:00+00:00,80.25,80.26,80.25,80.26,4882975
2023-08-28 04:00:00+00:00,80.26,80.27,80.26,80.27,4264068
2023-08-29 04:00:00+00:00,80.28,80.28,80.26,80.26,9168234
2023-08-30 04:00:00+00:00,80.28,80.29,80.27,80.28,6427024
2023-08-31 04:00:00+00:00,80.33,80.33,80.33,80.33,7771549
2023-09-01 04:00:00+00:00,80.35,80.35,80.34,80.35,21540522
2023-09-05 04:00:00+00:00,80.36,80.37,80.36,80.37,8316301
2023-09-06 04:00:00+00:00,80.37,80.37,80.37,80.37,6524802
2023-09-07 04:00:00+00:00,80.4,80.41,80.4,80.41,6808090
2023-09-08 04:00:00+00:00,80.41,80.42,80.41,80.42,6420359
2023-09-11 04:00:00+00:00,80.44,80.44,80.42,80.42,8027074
2023-09-12 04:00:00+00:00,80.44,80.44,80.44,80.44,9948398
2023-09-13 04:00:00+00:00,80.44,80.45,80.44,80.45,4696195
2023-09-14 04:00:00+00:00,80.48,80.49,80.48,80.48,4214826
2023-09-15 04:00:00+00:00,80.5,80.5,80.49,80.5,4688759
2023-09-18 04:00:00+00:00,80.51,80.51,80.51,80.51,7376159
2023-09-19 04:00:00+00:00,80.51,80.52,80.51,80.51,4357493
2023-09-20 04:00:00+00:00,80.52,80.53,80.52,80.52,5946196
2023-09-21 04:00:00+00:00,80.56,80.57,80.56,80.57,7526646
2023-09-22 04:00:00+00:00,80.58,80.58,80.58,80.58,15684404
2023-09-25 04:00:00+00:00,80.59,80.59,80.58,80.58,7491954
2023-09-26 04:00:00+00:00,80.59,80.6,80.59,80.59,7130600
2023-09-27 04:00:00+00:00,80.62,80.62,80.6,80.62,7669707
2023-09-28 04:00:00+00:00,80.64,80.65,80.64,80.65,8426352
2023-09-29 04:00:00+00:00,80.65,80.66,80.65,80.65,9081532
2023-10-02 04:00:00+00:00,80.68,80.68,80.67,80.67,22550368
2023-10-03 04:00:00+00:00,80.69,80.69,80.68,80.69,10648812
2023-10-04 04:00:00+00:00,80.69,80.69,80.69,80.69,26575749
2023-10-05 04:00:00+00:00,80.74,80.75,80.74,80.75,8295301
2023-10-06 04:00:00+00:00,80.76,80.76,80.75,80.75,9856139
2023-10-09 04:00:00+00:00,80.76,80.76,80.75,80.76,5972285
2023-10-10 04:00:00+00:00,80.76,80.77,80.76,80.76,8463658
2023-10-11 04:00:00+00:00,80.76,80.77,80.76,80.77,6839359
2023-10-12 04:00:00+00:00,80.81,80.81,80.8,80.81,7528682
2023-10-13 04:00:00+00:00,80.82,80.83,80.82,80.83,15044288
2023-10-16 04:00:00+00:00,80.84,80.84,80.83,80.84,8181787
2023-10-17 04:00:00+00:00,80.84,80.85,80.84,80.84,5363207
2023-10-18 04:00:00+00:00,80.85,80.86,80.85,80.85,6069544
2023-10-19 04:00:00+00:00,80.89,80.9,80.89,80.89,4551547
2023-10-20 04:00:00+00:00,80.91,80.91,80.9,80.91,4887085
2023-10-23 04:00:00+00:00,80.92,80.92,80.91,80.91,14352697
2023-10-24 04:00:00+00:00,80.93,80.93,80.92,80.92,12544151
2023-10-25 04:00:00+00:00,80.94,80.94,80.93,80.93,12375965
2023-10-26 04:00:00+00:00,80.98,80.98,80.97,80.97,9919980
2023-10-27 04:00:00+00:00,80.99,81.0,80.99,80.99,28357722
2023-10-30 04:00:00+00:00,80.99,81.0,80.99,81.0,25136882
2023-10-31 04:00:00+00:00,81.0,81.01,81.0,81.0,16748409
2023-11-01 04:00:00+00:00,81.03,81.03,81.02,81.03,25791850
2023-11-02 04:00:00+00:00,81.05,81.06,81.05,81.05,11970792
2023-11-03 04:00:00+00:00,81.06,81.07,81.06,81.06,13721127
2023-11-06 05:00:00+00:00,81.08,81.08,81.07,81.07,28039215
2023-11-07 05:00:00+00:00,81.09,81.1,81.09,81.09,6950988
2023-11-08 05:00:00+00:00,81.1,81.11,81.1,81.1,9180829
2023-11-09 05:00:00+00:00,81.13,81.14,81.13,81.14,11886828
2023-11-10 05:00:00+00:00,81.15,81.16,81.15,81.15,5574226
2023-11-13 05:00:00+00:00,81.16,81.17,81.16,81.16,6166730
2023-11-14 05:00:00+00:00,81.17,81.18,81.17,81.17,11126530
2023-11-15 05:00:00+00:00,81.2,81.2,81.19,81.19,10552705
2023-11-16 05:00:00+00:00,81.22,81.23,81.22,81.22,7802852
2023-11-17 05:00:00+00:00,81.23,81.24,81.23,81.24,6794144
2023-11-20 05:00:00+00:00,81.24,81.25,81.24,81.24,8516563
2023-11-21 05:00:00+00:00,81.28,81.28,81.27,81.27,13067070
2023-11-22 05:00:00+00:00,81.31,81.31,81.3,81.3,7628016
2023-11-24 05:00:00+00:00,81.31,81.32,81.31,81.31,2838982
2023-11-27 05:00:00+00:00,81.32,81.33,81.32,81.32,9166036
2023-11-28 05:00:00+00:00,81.34,81.35,81.34,81.34,7244736
2023-11-29 05:00:00+00:00,81.35,81.36,81.35,81.35,6942212
2023-11-30 05:00:00+00:00,81.38,81.39,81.38,81.38,18629938
2023-12-01 05:00:00+00:00,81.41,81.41,81.4,81.4,21247844
2023-12-04 05:00:00+00:00,81.41,81.42,81.4,81.4,15502991
2023-12-05 05:00:00+00:00,81.43,81.43,81.42,81.42,6463431
2023-12-06 05:00:00+00:00,81.43,81.43,81.43,81.43,6941736
2023-12-07 05:00:00+00:00,81.46,81.47,81.46,81.46,7369288
2023-12-08 05:00:00+00:00,81.48,81.49,81.48,81.48,5730106
2023-12-11 05:00:00+00:00,81.5,81.5,81.49,81.5,5613480
2023-12-12 05:00:00+00:00,81.51,81.51,81.5,81.5,7885886
2023-12-13 05:00:00+00:00,81.51,81.51,81.51,81.51,6781752
2023-12-14 05:00:00+00:00,81.54,81.55,81.54,81.54,13475435
2023-12-15 05:00:00+00:00,81.56,81.57,81.56,81.57,6917564
2023-12-18 05:00:00+00:00,81.58,81.58,81.57,81.58,8910931
2023-12-19 05:00:00+00:00,81.58,81.59,81.58,81.58,6977328
2023-12-20 05:00:00+00:00,81.6,81.6,81.6,81.6,8098694
2023-12-21 05:00:00+00:00,81.64,81.65,81.64,81.65,5055220
2023-12-22 05:00:00+00:00,81.65,81.66,81.65,81.66,7471575
2023-12-26 05:00:00+00:00,81.68,81.68,81.67,81.68,4638805
2023-12-27 05:00:00+00:00,81.68,81.69,81.68,81.68,4717657
2023-12-28 05:00:00+00:00,81.72,81.73,81.72,81.73,5605061
2023-12-29 05:00:00+00:00,81.74,81.74,81.73,81.73,5588567
2024-01-02 05:00:00+00:00,81.74,81.75,81.74,81.74,9445457
2024-01-03 05:00:00+00:00,81.75,81.77,81.75,81.77,6793459
2024-01-04 05:00:00+00:00,81.79,81.8,81.79,81.79,5840204
2024-01-05 05:00:00+00:00,81.81,81.81,81.8,81.8,4991770
2024-01-08 05:00:00+00:00,81.81,81.82,81.81,81.81,4889873
2024-01-09 05:00:00+00:00,81.82,81.83,81.82,81.82,5080805
2024-01-10 05:00:00+00:00,81.84,81.85,81.84,81.84,8798589
2024-01-11 05:00:00+00:00,81.88,81.89,81.88,81.88,5947134
2024-01-12 05:00:00+00:00,81.89,81.9,81.89,81.9,5049228
2024-01-16 05:00:00+00:00,81.91,81.92,81.91,81.91,6485231
2024-01-17 05:00:00+00:00,81.92,81.93,81.92,81.93,5915682
2024-01-18 05:00:00+00:00,81.95,81.96,81.95,81.96,5270513
2024-01-19 05:00:00+00:00,81.97,81.97,81.96,81.97,5444552
2024-01-22 05:00:00+00:00,81.98,81.99,81.98,81.98,6114020
2024-01-23 05:00:00+00:00,81.99,82.0,81.99,81.99,4961785
2024-01-24 05:00:00+00:00,82.0,82.01,82.0,82.0,6486095
2024-01-25 05:00:00+00:00,82.04,82.04,82.03,82.04,6059517
2024-01-26 05:00:00+00:00,82.05,82.05,82.04,82.05,5612929
2024-01-29 05:00:00+00:00,82.06,82.07,82.06,82.06,5646110
2024-01-30 05:00:00+00:00,82.07,82.08,82.07,82.07,30704159
2024-01-31 05:00:00+00:00,82.08,82.09,82.08,82.08,10964444
2024-02-01 05:00:00+00:00,82.12,82.13,82.12,82.12,14759198
2024-02-02 05:00:00+00:00,82.14,82.14,82.13,82.14,8157678
2024-02-05 05:00:00+00:00,82.15,82.15,82.14,82.14,6923421
2024-02-06 05:00:00+00:00,82.16,82.16,82.15,82.16,5037906
2024-02-07 05:00:00+00:00,82.17,82.17,82.17,82.17,8475361
2024-02-08 05:00:00+00:00,82.21,82.21,82.2,82.2,5406347
2024-02-09 05:00:00+00:00,82.21,82.22,82.21,82.21,5087015
2024-02-12 05:00:00+00:00,82.23,82.23,82.22,82.23,7216834
2024-02-13 05:00:00+00:00,82.23,82.24,82.23,82.23,7655093
2024-02-14 05:00:00+00:00,82.25,82.26,82.25,82.25,6028047
2024-02-15 05:00:00+00:00,82.3,82.3,82.29,82.29,4800582
2024-02-16 05:00:00+00:00,82.3,82.31,82.3,82.31,6052632
2024-02-20 05:00:00+00:00,82.33,82.33,82.32,82.32,4841054
2024-02-21 05:00:00+00:00,82.33,82.34,82.33,82.33,5167987
2024-02-22 05:00:00+00:00,82.36,82.37,82.36,82.37,7474034
2024-02-23 05:00:00+00:00,82.37,82.38,82.37,82.38,5608617
2024-02-26 05:00:00+00:00,82.39,82.39,82.38,82.38,4644794
2024-02-27 05:00:00+00:00,82.4,82.41,82.4,82.4,6027487
2024-02-28 05:00:00+00:00,82.41,82.42,82.41,82.41,3917619
2024-02-29 05:00:00+00:00,82.44,82.45,82.44,82.44,13028942
2024-03-01 05:00:00+00:00,82.46,82.47,82.46,82.47,13095372
2024-03-04 05:00:00+00:00,82.47,82.48,82.47,82.48,8628321
2024-03-05 05:00:00+00:00,82.48,82.48,82.48,82.48,10329533
2024-03-06 05:00:00+00:00,82.5,82.5,82.49,82.49,6751956
2024-03-07 05:00:00+00:00,82.54,82.54,82.53,82.53,4388642
2024-03-08 05:00:00+00:00,82.54,82.55,82.54,82.54,4298947
2024-03-11 04:00:00+00:00,82.56,82.56,82.55,82.55,5117938
2024-03-12 04:00:00+00:00,82.57,82.57,82.57,82.57,4136599
2024-03-13 04:00:00+00:00,82.58,82.58,82.57,82.57,4478385
2024-03-14 04:00:00+00:00,82.61,82.62,82.61,82.61,4602968
2024-03-15 04:00:00+00:00,82.63,82.63,82.62,82.63,4445587
2024-03-18 04:00:00+00:00,82.64,82.64,82.63,82.64,5594431
2024-03-19 04:00:00+00:00,82.65,82.66,82.65,82.66,5681897
2024-03-20 04:00:00+00:00,82.66,82.67,82.66,82.67,4398241
2024-03-21 04:00:00+00:00,82.69,82.7,82.69,82.69,7534914
2024-03-22 04:00:00+00:00,82.7,82.71,82.7,82.7,4686398
2024-03-25 04:00:00+00:00,82.73,82.73,82.72,82.72,4049959
2024-03-26 04:00:00+00:00,82.73,82.74,82.73,82.73,4275961
2024-03-27 04:00:00+00:00,82.77,82.78,82.77,82.78,5350734
2024-03-28 04:00:00+00:00,82.78,82.79,82.78,82.78,10199202
2024-04-01 04:00:00+00:00,82.8,82.81,82.8,82.8,14208235
2024-04-02 04:00:00+00:00,82.82,82.82,82.81,82.82,8902535
2024-04-03 04:00:00+00:00,82.83,82.83,82.82,82.82,8433880
2024-04-04 04:00:00+00:00,82.86,82.87,82.86,82.86,6620414
2024-04-05 04:00:00+00:00,82.88,82.88,82.87,82.88,5463180
2024-04-08 04:00:00+00:00,82.89,82.9,82.89,82.89,4983819
2024-04-09 04:00:00+00:00,82.9,82.9,82.9,82.9,5578078
2024-04-10 04:00:00+00:00,82.9,82.91,82.9,82.91,4799657
2024-04-11 04:00:00+00:00,82.94,82.95,82.94,82.94,5081524
2024-04-12 04:00:00+00:00,82.95,82.96,82.95,82.95,7005439
2024-04-15 04:00:00+00:00,82.96,82.97,82.96,82.97,7376723
2024-04-16 04:00:00+00:00,82.99,82.99,82.98,82.98,8427001
2024-04-17 04:00:00+00:00,82.99,82.99,82.99,82.99,10975341
2024-04-18 04:00:00+00:00,83.02,83.03,83.02,83.03,7379151
2024-04-19 04:00:00+00:00,83.04,83.04,83.03,83.04,6855085
2024-04-22 04:00:00+00:00,83.05,83.06,83.05,83.06,6628445
2024-04-23 04:00:00+00:00,83.07,83.07,83.06,83.07,5991946
2024-04-24 04:00:00+00:00,83.07,83.08,83.07,83.07,7103529
2024-04-25 04:00:00+00:00,83.11,83.11,83.1,83.11,5351054
2024-04-26 04:00:00+00:00,83.12,83.12,83.11,83.11,6842826
2024-04-29 04:00:00+00:00,83.13,83.14,83.13,83.13,7880036
2024-04-30 04:00:00+00:00,83.14,83.15,83.14,83.14,13723641
2024-05-01 04:00:00+00:00,83.16,83.16,83.16,83.16,13814723
2024-05-02 04:00:00+00:00,83.2,83.2,83.19,83.2,8928181
2024-05-03 04:00:00+00:00,83.21,83.21,83.2,83.21,7417903
2024-05-06 04:00:00+00:00,83.22,83.22,83.21,83.21,8050964
2024-05-07 04:00:00+00:00,83.23,83.23,83.22,83.22,5471718
2024-05-08 04:00:00+00:00,83.24,83.25,83.24,83.24,4992461
2024-05-09 04:00:00+00:00,83.27,83.28,83.27,83.28,5300426
2024-05-10 04:00:00+00:00,83.28,83.29,83.28,83.28,4157590
2024-05-13 04:00:00+00:00,83.29,83.3,83.29,83.3,4583692
2024-05-14 04:00:00+00:00,83.32,83.32,83.31,83.31,6834419
2024-05-15 04:00:00+00:00,83.33,83.33,83.32,83.32,6416111
2024-05-16 04:00:00+00:00,83.36,83.36,83.36,83.36,8627377
2024-05-17 04:00:00+00:00,83.37,83.37,83.36,83.36,4260460
2024-05-20 04:00:00+00:00,83.38,83.39,83.38,83.38,4460536
2024-05-21 04:00:00+00:00,83.4,83.4,83.39,83.39,3358350
2024-05-22 04:00:00+00:00,83.41,83.42,83.4,83.41,5629592
2024-05-23 04:00:00+00:00,83.46,83.46,83.46,83.46,5209963
2024-05-24 04:00:00+00:00,83.46,83.47,83.46,83.47,4187414
2024-05-28 04:00:00+00:00,83.46,83.47,83.46,83.46,4940918
2024-05-29 04:00:00+00:00,83.47,83.48,83.47,83.48,4961205
2024-05-30 04:00:00+00:00,83.49,83.5,83.49,83.5,5727284
2024-05-31 04:00:00+00:00,83.52,83.53,83.52,83.52,12454843
2024-06-03 04:00:00+00:00,83.55,83.55,83.53,83.53,15275151
2024-06-04 04:00:00+00:00,83.55,83.56,83.54,83.55,8302257
2024-06-05 04:00:00+00:00,83.57,83.57,83.56,83.56,8099310
2024-06-06 04:00:00+00:00,83.58,83.58,83.57,83.57,4720806
2024-06-07 04:00:00+00:00,83.61,83.62,83.61,83.61,5032614
2024-06-10 04:00:00+00:00,83.62,83.62,83.62,83.62,4095844
2024-06-11 04:00:00+00:00,83.64,83.64,83.63,83.63,4831680
2024-06-12 04:00:00+00:00,83.65,83.65,83.64,83.65,6373619
2024-06-13 04:00:00+00:00,83.67,83.67,83.66,83.66,5132557
2024-06-14 04:00:00+00:00,83.69,83.71,83.69,83.71,5226529
2024-06-17 04:00:00+00:00,83.72,83.72,83.71,83.72,5347519
2024-06-18 04:00:00+00:00,83.73,83.73,83.73,83.73,6273184
2024-06-20 04:00:00+00:00,83.74,83.75,83.74,83.75,5238822
2024-06-21 04:00:00+00:00,83.78,83.79,83.78,83.78,5431875
2024-06-24 04:00:00+00:00,83.8,83.8,83.79,83.8,5280395
2024-06-25 04:00:00+00:00,83.81,83.82,83.8,83.8,3547887
2024-06-26 04:00:00+00:00,83.81,83.82,83.81,83.81,4098083
2024-06-27 04:00:00+00:00,83.83,83.83,83.83,83.83,4487234
2024-06-28 04:00:00+00:00,83.85,83.86,83.85,83.85,10405262
2024-07-01 04:00:00+00:00,83.88,83.88,83.87,83.88,11882656
2024-07-02 04:00:00+00:00,83.89,83.89,83.88,83.89,8228057
2024-07-03 04:00:00+00:00,83.92,83.92,83.91,83.92,4240077
2024-07-05 04:00:00+00:00,83.96,83.96,83.95,83.95,4316494
2024-07-08 04:00:00+00:00,83.96,83.97,83.96,83.97,4748083
2024-07-09 04:00:00+00:00,83.97,83.98,83.97,83.97,4323263
2024-07-10 04:00:00+00:00,83.99,83.99,83.97,83.98,4653501
2024-07-11 04:00:00+00:00,83.99,84.0,83.99,83.99,5960308
2024-07-12 04:00:00+00:00,84.03,84.04,84.03,84.03,5871959
2024-07-15 04:00:00+00:00,84.04,84.05,84.04,84.05,6130484
2024-07-16 04:00:00+00:00,84.06,84.06,84.05,84.05,5457006
2024-07-17 04:00:00+00:00,84.07,84.08,84.06,84.08,7883424
2024-07-18 04:00:00+00:00,84.08,84.08,84.07,84.08,5746039
2024-07-19 04:00:00+00:00,84.12,84.12,84.11,84.11,4604884
2024-07-22 04:00:00+00:00,84.12,84.13,84.12,84.13,6777721
2024-07-23 04:00:00+00:00,84.13,84.15,84.13,84.13,8687910
2024-07-24 04:00:00+00:00,84.16,84.16,84.15,84.16,5548031
2024-07-25 04:00:00+00:00,84.16,84.17,84.16,84.16,5926523
2024-07-26 04:00:00+00:00,84.2,84.2,84.19,84.2,4299275
2024-07-29 04:00:00+00:00,84.21,84.21,84.2,84.2,4097449
2024-07-30 04:00:00+00:00,84.22,84.22,84.21,84.21,6748041
2024-07-31 04:00:00+00:00,84.22,84.23,84.22,84.23,12395013
2024-08-01 04:00:00+00:00,84.24,84.25,84.24,84.25,18244894
2024-08-02 04:00:00+00:00,84.29,84.3,84.28,84.3,14492034
2024-08-05 04:00:00+00:00,84.3,84.31,84.3,84.3,21054236
2024-08-06 04:00:00+00:00,84.31,84.32,84.31,84.32,9774271
2024-08-07 04:00:00+00:00,84.33,84.33,84.32,84.33,14277119
2024-08-08 04:00:00+00:00,84.33,84.34,84.33,84.34,6945964
2024-08-09 04:00:00+00:00,84.36,84.37,84.36,84.36,7714465
2024-08-12 04:00:00+00:00,84.37,84.39,84.37,84.39,6167053
2024-08-13 04:00:00+00:00,84.39,84.4,84.39,84.4,7486712
2024-08-14 04:00:00+00:00,84.4,84.42,84.4,84.41,5103806
2024-08-15 04:00:00+00:00,84.42,84.43,84.41,84.42,6864965
2024-08-16 04:00:00+00:00,84.45,84.46,84.45,84.46,8828859
2024-08-19 04:00:00+00:00,84.47,84.47,84.46,84.46,5960003
2024-08-20 04:00:00+00:00,84.47,84.48,84.47,84.48,5868897
2024-08-21 04:00:00+00:00,84.5,84.5,84.49,84.5,4315703
2024-08-22 04:00:00+00:00,84.5,84.51,84.5,84.5,5643979
2024-08-23 04:00:00+00:00,84.54,84.55,84.54,84.54,6458023
2024-08-26 04:00:00+00:00,84.55,84.56,84.55,84.55,6712331
2024-08-27 04:00:00+00:00,84.57,84.57,84.56,84.57,6549617
2024-08-28 04:00:00+00:00,84.57,84.57,84.57,84.57,6373558
2024-08-29 04:00:00+00:00,84.58,84.59,84.57,84.57,4766820
2024-08-30 04:00:00+00:00,84.63,84.63,84.62,84.62,12422235
2024-09-03 04:00:00+00:00,84.64,84.65,84.64,84.65,18003278
2024-09-04 04:00:00+00:00,84.66,84.66,84.65,84.66,6427394
2024-09-05 04:00:00+00:00,84.67,84.68,84.66,84.67,7293030
2024-09-06 04:00:00+00:00,84.72,84.72,84.71,84.72,7105225
2024-09-09 04:00:00+00:00,84.73,84.73,84.72,84.72,5391773
2024-09-10 04:00:00+00:00,84.73,84.75,84.73,84.75,4815259
2024-09-11 04:00:00+00:00,84.75,84.76,84.75,84.75,7429469
2024-09-12 04:00:00+00:00,84.76,84.76,84.76,84.76,5189827
2024-09-13 04:00:00+00:00,84.79,84.8,84.79,84.8,8183467
2024-09-16 04:00:00+00:00,84.81,84.82,84.81,84.82,6037391
2024-09-17 04:00:00+00:00,84.84,84.84,84.83,84.83,9658206
2024-09-18 04:00:00+00:00,84.84,84.86,84.84,84.85,7621151
2024-09-19 04:00:00+00:00,84.86,84.87,84.86,84.87,8001060
2024-09-20 04:00:00+00:00,84.89,84.9,84.89,84.9,6438670
2024-09-23 04:00:00+00:00,84.91,84.91,84.9,84.91,6998757
2024-09-24 04:00:00+00:00,84.92,84.93,84.92,84.92,11580222
2024-09-25 04:00:00+00:00,84.93,84.94,84.93,84.94,5875805
2024-09-26 04:00:00+00:00,84.94,84.95,84.94,84.94,4937719
2024-09-27 04:00:00+00:00,84.97,84.98,84.97,84.97,8616730
2024-09-30 04:00:00+00:00,84.98,84.99,84.98,84.98,11440961
2024-10-01 04:00:00+00:00,85.0,85.0,84.99,85.0,13695697
2024-10-02 04:00:00+00:00,85.01,85.01,85.0,85.01,7391816
2024-10-03 04:00:00+00:00,85.02,85.03,85.02,85.03,5394932
2024-10-04 04:00:00+00:00,85.05,85.05,85.04,85.04,6248676
2024-10-07 04:00:00+00:00,85.05,85.06,85.05,85.06,6735471
2024-10-08 04:00:00+00:00,85.07,85.07,85.06,85.06,5266476
2024-10-09 04:00:00+00:00,85.07,85.08,85.07,85.07,6200816
2024-10-10 04:00:00+00:00,85.09,85.09,85.08,85.08,4717768
2024-10-11 04:00:00+00:00,85.13,85.13,85.11,85.13,6011019
2024-10-14 04:00:00+00:00,85.13,85.14,85.12,85.12,4174902
2024-10-15 04:00:00+00:00,85.14,85.15,85.13,85.15,5906416
2024-10-16 04:00:00+00:00,85.16,85.16,85.15,85.15,5757294
2024-10-17 04:00:00+00:00,85.16,85.16,85.16,85.16,4395799
2024-10-18 04:00:00+00:00,85.2,85.2,85.18,85.19,5286810
2024-10-21 04:00:00+00:00,85.2,85.21,85.19,85.21,5874668
2024-10-22 04:00:00+00:00,85.22,85.22,85.21,85.22,4191457
2024-10-23 04:00:00+00:00,85.23,85.23,85.22,85.22,5462296
2024-10-24 04:00:00+00:00,85.24,85.24,85.23,85.23,4688959
2024-10-25 04:00:00+00:00,85.26,85.27,85.26,85.27,6048352
2024-10-28 04:00:00+00:00,85.28,85.28,85.27,85.27,5718610
2024-10-29 04:00:00+00:00,85.29,85.3,85.28,85.29,4704757
2024-10-30 04:00:00+00:00,85.3,85.3,85.3,85.3,4965759
2024-10-31 04:00:00+00:00,85.3,85.31,85.3,85.31,12141684
2024-11-01 04:00:00+00:00,85.35,85.35,85.34,85.35,15201456
2024-11-04 05:00:00+00:00,85.37,85.37,85.36,85.37,9477075
2024-11-05 05:00:00+00:00,85.37,85.38,85.37,85.37,4689473
2024-11-06 05:00:00+00:00,85.38,85.39,85.38,85.39,9978203
2024-11-07 05:00:00+00:00,85.39,85.4,85.39,85.4,7827884
2024-11-08 05:00:00+00:00,85.43,85.44,85.42,85.44,8280947
2024-11-11 05:00:00+00:00,85.43,85.44,85.43,85.43,8165699
2024-11-12 05:00:00+00:00,85.44,85.45,85.44,85.44,5526251
2024-11-13 05:00:00+00:00,85.45,85.46,85.45,85.46,4860484
2024-11-14 05:00:00+00:00,85.47,85.47,85.46,85.46,6138386
2024-11-15 05:00:00+00:00,85.5,85.5,85.49,85.49,9715678
2024-11-18 05:00:00+00:00,85.51,85.52,85.5,85.5,7411016
2024-11-19 05:00:00+00:00,85.52,85.53,85.51,85.53,7470650
2024-11-20 05:00:00+00:00,85.53,85.54,85.53,85.54,5529421
2024-11-21 05:00:00+00:00,85.55,85.55,85.54,85.55,5889666
2024-11-22 05:00:00+00:00,85.56,85.57,85.56,85.57,6694305
2024-11-25 05:00:00+00:00,85.57,85.58,85.57,85.58,5107671
2024-11-26 05:00:00+00:00,85.58,85.59,85.58,85.58,6691983
2024-11-27 05:00:00+00:00,85.6,85.61,85.6,85.61,6120741
2024-11-29 05:00:00+00:00,85.63,85.65,85.63,85.63,9410504
2024-12-02 05:00:00+00:00,85.65,85.65,85.64,85.65,12973949
2024-12-03 05:00:00+00:00,85.66,85.67,85.66,85.67,5673466
2024-12-04 05:00:00+00:00,85.69,85.69,85.68,85.68,5963411
2024-12-05 05:00:00+00:00,85.7,85.7,85.69,85.69,5880194
2024-12-06 05:00:00+00:00,85.73,85.73,85.72,85.73,5706612
2024-12-09 05:00:00+00:00,85.74,85.75,85.74,85.74,8793111
2024-12-10 05:00:00+00:00,85.75,85.76,85.75,85.76,5400294
2024-12-11 05:00:00+00:00,85.76,85.76,85.76,85.76,5845891
2024-12-12 05:00:00+00:00,85.77,85.78,85.77,85.78,4770228
2024-12-13 05:00:00+00:00,85.81,85.81,85.8,85.81,6271898
2024-12-16 05:00:00+00:00,85.82,85.82,85.81,85.82,6761745
2024-12-17 05:00:00+00:00,85.83,85.83,85.82,85.83,5827373
2024-12-18 05:00:00+00:00,85.83,85.84,85.83,85.83,9268213
2024-12-19 05:00:00+00:00,85.85,85.85,85.84,85.84,13876413
2024-12-20 05:00:00+00:00,85.87,85.88,85.87,85.88,12689995
2024-12-23 05:00:00+00:00,85.88,85.89,85.88,85.88,6572846
2024-12-24 05:00:00+00:00,85.9,85.91,85.9,85.9,4145575
2024-12-26 05:00:00+00:00,85.92,85.92,85.91,85.92,6209339
2024-12-27 05:00:00+00:00,85.96,85.96,85.95,85.96,6143543
2024-12-30 05:00:00+00:00,85.96,85.96,85.96,85.96,8990109
2024-12-31 05:00:00+00:00,85.98,85.98,85.97,85.97,7301458
2025-01-02 05:00:00+00:00,85.99,85.99,85.98,85.99,10756930
2025-01-03 05:00:00+00:00,86.02,86.02,86.0,86.0,7837946
2025-01-06 05:00:00+00:00,86.01,86.02,86.01,86.01,7827119
2025-01-07 05:00:00+00:00,86.03,86.04,86.02,86.03,6956798
2025-01-08 05:00:00+00:00,86.05,86.05,86.04,86.05,6673080
2025-01-10 05:00:00+00:00,86.09,86.09,86.08,86.08,10112191
2025-01-13 05:00:00+00:00,86.09,86.1,86.09,86.09,7854368
2025-01-14 05:00:00+00:00,86.1,86.11,86.1,86.11,6078338
2025-01-15 05:00:00+00:00,86.12,86.12,86.11,86.12,7253802
2025-01-16 05:00:00+00:00,86.12,86.12,86.12,86.12,6997772
2025-01-17 05:00:00+00:00,86.15,86.16,86.15,86.16,7745463
2025-01-21 05:00:00+00:00,86.16,86.17,86.16,86.16,10266168
2025-01-22 05:00:00+00:00,86.17,86.18,86.17,86.18,6019215
2025-01-23 05:00:00+00:00,86.19,86.19,86.18,86.18,6561518
2025-01-24 05:00:00+00:00,86.22,86.22,86.21,86.22,7242209
2025-01-27 05:00:00+00:00,86.22,86.23,86.22,86.23,7909563
2025-01-28 05:00:00+00:00,86.24,86.24,86.23,86.23,6485527
2025-01-29 05:00:00+00:00,86.25,86.25,86.24,86.24,5688820
2025-01-30 05:00:00+00:00,86.26,86.26,86.25,86.25,7369880
2025-01-31 05:00:00+00:00,86.27,86.28,86.27,86.27,13675867
2025-02-03 05:00:00+00:00,86.3,86.3,86.29,86.3,17503746
2025-02-04 05:00:00+00:00,86.31,86.31,86.3,86.3,9293449
2025-02-05 05:00:00+00:00,86.31,86.32,86.31,86.31,6249634
2025-02-06 05:00:00+00:00,86.33,86.33,86.32,86.33,8308294
2025-02-07 05:00:00+00:00,86.36,86.36,86.35,86.35,6312517
2025-02-10 05:00:00+00:00,86.37,86.37,86.36,86.36,5452389
2025-02-11 05:00:00+00:00,86.37,86.37,86.37,86.37,6959355
2025-02-12 05:00:00+00:00,86.37,86.38,86.37,86.37,6275670
2025-02-13 05:00:00+00:00,86.39,86.39,86.38,86.39,6340489
2025-02-14 05:00:00+00:00,86.42,86.43,86.42,86.42,6058947
2025-02-18 05:00:00+00:00,86.43,86.44,86.43,86.44,8777164
2025-02-19 05:00:00+00:00,86.45,86.45,86.44,86.45,5685152
2025-02-20 05:00:00+00:00,86.46,86.47,86.46,86.47,5454920
2025-02-21 05:00:00+00:00,86.49,86.5,86.49,86.5,7185895
2025-02-24 05:00:00+00:00,86.51,86.51,86.5,86.51,9061427
2025-02-25 05:00:00+00:00,86.52,86.52,86.51,86.51,8348278
2025-02-26 05:00:00+00:00,86.52,86.53,86.52,86.53,8610608
2025-02-27 05:00:00+00:00,86.54,86.54,86.53,86.54,6620550
2025-02-28 05:00:00+00:00,86.55,86.56,86.55,86.55,13721503
2025-03-03 05:00:00+00:00,86.57,86.57,86.56,86.57,17874415
2025-03-04 05:00:00+00:00,86.58,86.58,86.57,86.57,12187385
2025-03-05 05:00:00+00:00,86.58,86.59,86.58,86.58,11850807
2025-03-06 05:00:00+00:00,86.6,86.6,86.59,86.59,10301673
2025-03-07 05:00:00+00:00,86.62,86.63,86.62,86.63,10375693
2025-03-10 04:00:00+00:00,86.63,86.64,86.63,86.64,29758961
2025-03-11 04:00:00+00:00,86.64,86.65,86.64,86.65,19162992
2025-03-12 04:00:00+00:00,86.66,86.66,86.65,86.66,20095782
2025-03-13 04:00:00+00:00,86.66,86.68,86.66,86.68,14549104
2025-03-14 04:00:00+00:00,86.7,86.7,86.7,86.7,15908978
2025-03-17 04:00:00+00:00,86.71,86.71,86.7,86.71,9386370
2025-03-18 04:00:00+00:00,86.71,86.72,86.71,86.71,8773134
2025-03-19 04:00:00+00:00,86.72,86.73,86.72,86.72,8833157
2025-03-20 04:00:00+00:00,86.73,86.74,86.73,86.74,8490976
2025-03-21 04:00:00+00:00,86.77,86.77,86.76,86.77,6544310
2025-03-24 04:00:00+00:00,86.78,86.78,86.77,86.77,8056300
2025-03-25 04:00:00+00:00,86.78,86.79,86.78,86.78,18837101
2025-03-26 04:00:00+00:00,86.8,86.8,86.79,86.79,7207499
2025-03-27 04:00:00+00:00,86.8,86.81,86.8,86.81,8399330
2025-03-28 04:00:00+00:00,86.83,86.84,86.83,86.84,10052245
2025-03-31 04:00:00+00:00,86.84,86.85,86.84,86.84,22045840
2025-04-01 04:00:00+00:00,86.86,86.86,86.85,86.86,19110156
2025-04-02 04:00:00+00:00,86.86,86.87,86.86,86.87,9035476
2025-04-03 04:00:00+00:00,86.88,86.88,86.87,86.88,24029524
2025-04-04 04:00:00+00:00,86.91,86.91,86.9,86.91,33920185
2025-04-07 04:00:00+00:00,86.92,86.92,86.91,86.91,37205967
2025-04-08 04:00:00+00:00,86.91,86.94,86.91,86.93,21800865
2025-04-09 04:00:00+00:00,86.92,86.93,86.92,86.93,22907015
2025-04-10 04:00:00+00:00,86.93,86.94,86.93,86.94,23678142
2025-04-11 04:00:00+00:00,86.97,86.98,86.96,86.98,34807587
2025-04-14 04:00:00+00:00,86.98,86.98,86.97,86.98,18027069
2025-04-15 04:00:00+00:00,86.99,87.0,86.98,87.0,10082103
2025-04-16 04:00:00+00:00,87.0,87.01,87.0,87.01,12016201
2025-04-17 04:00:00+00:00,87.05,87.06,87.04,87.05,8243801
2025-04-21 04:00:00+00:00,87.05,87.06,87.05,87.06,10032163
2025-04-22 04:00:00+00:00,87.06,87.07,87.06,87.06,9201231
2025-04-23 04:00:00+00:00,87.08,87.08,87.07,87.08,8478518
2025-04-24 04:00:00+00:00,87.08,87.09,87.08,87.08,20381674
2025-04-25 04:00:00+00:00,87.1,87.11,87.1,87.11,11894109
2025-04-28 04:00:00+00:00,87.11,87.12,87.11,87.12,9934414
2025-04-29 04:00:00+00:00,87.12,87.13,87.12,87.12,19478867
2025-04-30 04:00:00+00:00,87.13,87.14,87.13,87.13,17498419
2025-05-01 04:00:00+00:00,87.15,87.15,87.14,87.15,15747591
2025-05-02 04:00:00+00:00,87.17,87.18,87.17,87.18,14267358
2025-05-05 04:00:00+00:00,87.19,87.19,87.18,87.18,26580773
2025-05-06 04:00:00+00:00,87.19,87.2,87.19,87.2,8429264
2025-05-07 04:00:00+00:00,87.2,87.21,87.2,87.2,6226615
2025-05-08 04:00:00+00:00,87.21,87.22,87.21,87.22,9354591
2025-05-09 04:00:00+00:00,87.25,87.25,87.24,87.25,9062438
2025-05-12 04:00:00+00:00,87.25,87.26,87.25,87.25,14491950
2025-05-13 04:00:00+00:00,87.27,87.27,87.26,87.27,23455708
2025-05-14 04:00:00+00:00,87.27,87.28,87.27,87.27,9141920
2025-05-15 04:00:00+00:00,87.29,87.29,87.28,87.28,6657063
2025-05-16 04:00:00+00:00,87.32,87.32,87.31,87.32,8755973
2025-05-19 04:00:00+00:00,87.32,87.33,87.32,87.32,7618150
2025-05-20 04:00:00+00:00,87.33,87.33,87.33,87.33,7925405
2025-05-21 04:00:00+00:00,87.34,87.35,87.34,87.34,12007364
2025-05-22 04:00:00+00:00,87.35,87.36,87.35,87.36,7876470
2025-05-23 04:00:00+00:00,87.39,87.4,87.39,87.4,14805890
2025-05-27 04:00:00+00:00,87.4,87.41,87.4,87.4,8996482
2025-05-28 04:00:00+00:00,87.41,87.42,87.41,87.41,9887592
2025-05-29 04:00:00+00:00,87.42,87.43,87.42,87.42,7530202
2025-05-30 04:00:00+00:00,87.45,87.46,87.45,87.45,19202143
2025-06-02 04:00:00+00:00,87.47,87.47,87.47,87.47,17013885
2025-06-03 04:00:00+00:00,87.47,87.48,87.47,87.48,8454734
2025-06-04 04:00:00+00:00,87.48,87.49,87.48,87.48,14872205
2025-06-05 04:00:00+00:00,87.49,87.5,87.49,87.49,7863576
2025-06-06 04:00:00+00:00,87.52,87.53,87.52,87.52,7582061
2025-06-09 04:00:00+00:00,87.53,87.54,87.53,87.54,8127967
2025-06-10 04:00:00+00:00,87.54,87.55,87.54,87.55,9514613
2025-06-11 04:00:00+00:00,87.55,87.56,87.55,87.55,7435673
2025-06-12 04:00:00+00:00,87.56,87.57,87.56,87.56,5315909
2025-06-13 04:00:00+00:00,87.59,87.6,87.59,87.6,6221318
2025-06-16 04:00:00+00:00,87.61,87.61,87.6,87.6,8456926
2025-06-17 04:00:00+00:00,87.61,87.62,87.61,87.62,5518281
2025-06-18 04:00:00+00:00,87.63,87.64,87.63,87.64,5063812
2025-06-20 04:00:00+00:00,87.66,87.67,87.66,87.66,6516931
2025-06-23 04:00:00+00:00,87.67,87.68,87.67,87.68,6474150
2025-06-24 04:00:00+00:00,87.68,87.69,87.68,87.68,16266628
2025-06-25 04:00:00+00:00,87.69,87.69,87.69,87.69,7119547
2025-06-26 04:00:00+00:00,87.69,87.7,87.69,87.69,7976074
2025-06-27 04:00:00+00:00,87.73,87.74,87.73,87.73,6878897
2025-06-30 04:00:00+00:00,87.75,87.75,87.74,87.74,16763414
2025-07-01 04:00:00+00:00,87.76,87.76,87.75,87.76,18374221
2025-07-02 04:00:00+00:00,87.77,87.77,87.76,87.77,6569183
2025-07-03 04:00:00+00:00,87.81,87.83,87.81,87.82,4860755
2025-07-07 04:00:00+00:00,87.82,87.83,87.82,87.83,11518445
2025-07-08 04:00:00+00:00,87.83,87.83,87.83,87.83,10532382
2025-07-09 04:00:00+00:00,87.83,87.84,87.83,87.83,10322884
2025-07-10 04:00:00+00:00,87.84,87.85,87.84,87.85,9514439
2025-07-11 04:00:00+00:00,87.87,87.88,87.87,87.87,5713912
2025-07-14 04:00:00+00:00,87.89,87.89,87.88,87.88,6587124
2025-07-15 04:00:00+00:00,87.89,87.9,87.89,87.89,6166514
2025-07-16 04:00:00+00:00,87.9,87.91,87.9,87.91,6745178
2025-07-17 04:00:00+00:00,87.92,87.92,87.91,87.91,6559948
2025-07-18 04:00:00+00:00,87.94,87.96,87.94,87.95,6681363
2025-07-21 04:00:00+00:00,87.96,87.97,87.96,87.97,6678707
2025-07-22 04:00:00+00:00,87.98,87.98,87.97,87.98,4792133
2025-07-23 04:00:00+00:00,87.98,87.99,87.98,87.99,6437313
2025-07-24 04:00:00+00:00,87.99,88.0,87.99,87.99,4807687
2025-07-25 04:00:00+00:00,88.02,88.03,88.02,88.02,5153871
2025-07-28 04:00:00+00:00,88.03,88.04,88.03,88.03,6305339
2025-07-29 04:00:00+00:00,88.04,88.05,88.04,88.04,7664348
2025-07-30 04:00:00+00:00,88.05,88.06,88.05,88.05,6895082
2025-07-31 04:00:00+00:00,88.06,88.07,88.06,88.06,11795120
2025-08-01 04:00:00+00:00,88.09,88.09,88.08,88.09,20144832
2025-08-04 04:00:00+00:00,88.1,88.1,88.09,88.1,20328030
2025-08-05 04:00:00+00:00,88.11,88.11,88.1,88.1,8588430
2025-08-06 04:00:00+00:00,88.12,88.13,88.11,88.13,7208805
2025-08-07 04:00:00+00:00,88.13,88.14,88.13,88.13,7157927
2025-08-08 04:00:00+00:00,88.17,88.17,88.16,88.16,6243476
2025-08-11 04:00:00+00:00,88.17,88.18,88.17,88.17,8361380
2025-08-12 04:00:00+00:00,88.18,88.19,88.18,88.18,6601652
2025-08-13 04:00:00+00:00,88.19,88.2,88.19,88.19,6791520
2025-08-14 04:00:00+00:00,88.21,88.21,88.2,88.2,6475803
2025-08-15 04:00:00+00:00,88.24,88.24,88.23,88.24,5354597
2025-08-18 04:00:00+00:00,88.24,88.25,88.24,88.24,15606181
2025-08-19 04:00:00+00:00,88.26,88.26,88.25,88.26,11862669
2025-08-20 04:00:00+00:00,88.27,88.28,88.27,88.28,6916013
2025-08-21 04:00:00+00:00,88.28,88.29,88.28,88.28,4655992
2025-08-22 04:00:00+00:00,88.32,88.32,88.31,88.31,7468111
2025-08-25 04:00:00+00:00,88.32,88.32,88.32,88.32,7319848
2025-08-26 04:00:00+00:00,88.33,88.33,88.32,88.32,8729619
2025-08-27 04:00:00+00:00,88.33,88.34,88.33,88.33,4919409
2025-08-28 04:00:00+00:00,88.34,88.35,88.34,88.34,5490307
2025-08-29 04:00:00+00:00,88.38,88.39,88.38,88.38,11546491
2025-09-02 04:00:00+00:00,88.4,88.4,88.39,88.4,13477101
2025-09-03 04:00:00+00:00,88.41,88.41,88.4,88.41,7040690
2025-09-04 04:00:00+00:00,88.42,88.43,88.41,88.43,9180575
2025-09-05 04:00:00+00:00,88.45,88.46,88.45,88.46,10222945
2025-09-08 04:00:00+00:00,88.47,88.48,88.47,88.47,9201216
2025-09-09 04:00:00+00:00,88.48,88.48,88.47,88.48,8740752
2025-09-10 04:00:00+00:00,88.48,88.49,88.48,88.49,9027224
2025-09-11 04:00:00+00:00,88.5,88.5,88.49,88.5,9714271
2025-09-12 04:00:00+00:00,88.52,88.53,88.52,88.53,7154204
2025-09-15 04:00:00+00:00,88.53,88.54,88.53,88.54,8876159
2025-09-16 04:00:00+00:00,88.55,88.56,88.55,88.55,7036433
2025-09-17 04:00:00+00:00,88.56,88.57,88.56,88.56,5395879
2025-09-18 04:00:00+00:00,88.57,88.58,88.57,88.57,6032912
2025-09-19 04:00:00+00:00,88.61,88.61,88.6,88.61,6689775
2025-09-22 04:00:00+00:00,88.61,88.62,88.61,88.62,6255236
2025-09-23 04:00:00+00:00,88.62,88.63,88.62,88.62,7854733
2025-09-24 04:00:00+00:00,88.63,88.64,88.63,88.64,6711459
2025-09-25 04:00:00+00:00,88.64,88.65,88.64,88.64,11455135
2025-09-26 04:00:00+00:00,88.66,88.66,88.66,88.66,7888818
2025-09-29 04:00:00+00:00,88.66,88.67,88.66,88.67,6928540
2025-09-30 04:00:00+00:00,88.67,88.68,88.67,88.67,14165796
2025-10-01 04:00:00+00:00,88.69,88.69,88.68,88.69,15501352
2025-10-02 04:00:00+00:00,88.7,88.7,88.69,88.7,7225201
2025-10-03 04:00:00+00:00,88.73,88.73,88.72,88.72,6177597
2025-10-06 04:00:00+00:00,88.74,88.74,88.73,88.74,7041180
2025-10-07 04:00:00+00:00,88.74,88.75,88.74,88.74,7071890
2025-10-08 04:00:00+00:00,88.76,88.76,88.75,88.76,7236340
2025-10-09 04:00:00+00:00,88.76,88.77,88.76,88.76,9389837
2025-10-10 04:00:00+00:00,88.79,88.8,88.79,88.8,14647983
2025-10-13 04:00:00+00:00,88.8,88.81,88.79,88.81,13286035
2025-10-14 04:00:00+00:00,88.82,88.82,88.81,88.81,8281841
2025-10-15 04:00:00+00:00,88.83,88.83,88.82,88.82,11747891
2025-10-16 04:00:00+00:00,88.83,88.83,88.82,88.83,7811843
2025-10-17 04:00:00+00:00,88.86,88.86,88.85,88.85,10183451
2025-10-20 04:00:00+00:00,88.87,88.87,88.86,88.87,8215427
2025-10-21 04:00:00+00:00,88.88,88.88,88.87,88.87,6989295
2025-10-22 04:00:00+00:00,88.89,88.89,88.88,88.89,13191440
2025-10-23 04:00:00+00:00,88.89,88.9,88.89,88.9,7399494
2025-10-24 04:00:00+00:00,88.92,88.93,88.92,88.93,8743117
2025-10-27 04:00:00+00:00,88.93,88.94,88.93,88.93,11472440
2025-10-28 04:00:00+00:00,88.95,88.95,88.94,88.94,13039430
2025-10-29 04:00:00+00:00,88.95,88.97,88.95,88.97,13416272
2025-10-30 04:00:00+00:00,88.97,88.98,88.97,88.97,7897153
2025-10-31 04:00:00+00:00,88.99,88.99,88.99,88.99,14371020
2025-11-03 05:00:00+00:00,89.0,89.0,89.0,89.0,17922825
2025-11-04 05:00:00+00:00,89.01,89.01,89.0,89.01,12162133
2025-11-05 05:00:00+00:00,89.03,89.03,89.01,89.02,7973159
2025-11-06 05:00:00+00:00,89.03,89.04,89.03,89.03,15915822
2025-11-07 05:00:00+00:00,89.06,89.07,89.06,89.06,11524997
2025-11-10 05:00:00+00:00,89.08,89.08,89.07,89.08,13043674
2025-11-11 05:00:00+00:00,89.08,89.08,89.07,89.07,6181174
2025-11-12 05:00:00+00:00,89.08,89.09,89.08,89.08,6371181
2025-11-13 05:00:00+00:00,89.09,89.1,89.09,89.09,6625925
2025-11-14 05:00:00+00:00,89.12,89.12,89.11,89.12,10192246
2025-11-17 05:00:00+00:00,89.12,89.13,89.12,89.12,9766975
2025-11-18 05:00:00+00:00,89.14,89.14,89.13,89.14,9642597
2025-11-19 05:00:00+00:00,89.15,89.15,89.14,89.14,6206233
2025-11-20 05:00:00+00:00,89.15,89.16,89.14,89.16,10933880
2025-11-21 05:00:00+00:00,89.18,89.18,89.18,89.18,9431841
2025-11-24 05:00:00+00:00,89.18,89.19,89.18,89.18,7347137
2025-11-25 05:00:00+00:00,89.2,89.2,89.19,89.2,8992406
2025-11-26 05:00:00+00:00,89.22,89.22,89.21,89.21,6749472
2025-11-28 05:00:00+00:00,89.24,89.25,89.24,89.24,10775168
2025-12-01 05:00:00+00:00,89.26,89.26,89.25,89.25,16856813
2025-12-02 05:00:00+00:00,89.27,89.28,89.26,89.28,7403391
2025-12-03 05:00:00+00:00,89.28,89.29,89.28,89.29,6530873
2025-12-04 05:00:00+00:00,89.3,89.31,89.3,89.3,7236673
2025-12-05 05:00:00+00:00,89.33,89.33,89.32,89.32,7308351
2025-12-08 05:00:00+00:00,89.33,89.34,89.33,89.33,7578991
2025-12-09 05:00:00+00:00,89.35,89.35,89.34,89.35,9285593
2025-12-10 05:00:00+00:00,89.35,89.36,89.35,89.35,6974239
2025-12-11 05:00:00+00:00,89.36,89.37,89.36,89.36,7144470
2025-12-12 05:00:00+00:00,89.4,89.4,89.39,89.4,6040672
2025-12-15 05:00:00+00:00,89.4,89.41,89.4,89.4,6058074
2025-12-16 05:00:00+00:00,89.41,89.42,89.41,89.41,7212176
2025-12-17 05:00:00+00:00,89.42,89.42,89.42,89.42,9641151
2025-12-18 05:00:00+00:00,89.43,89.43,89.42,89.43,10277304
2025-12-19 05:00:00+00:00,89.45,89.46,89.45,89.46,7581829
2025-12-22 05:00:00+00:00,89.46,89.47,89.46,89.46,11026869
2025-12-23 05:00:00+00:00,89.47,89.47,89.46,89.46,7111246
2025-12-24 05:00:00+00:00,89.49,89.49,89.48,89.49,5073527
2025-12-26 05:00:00+00:00,89.51,89.52,89.51,89.52,5588851
2025-12-29 05:00:00+00:00,89.52,89.53,89.52,89.52,7988908
2025-12-30 05:00:00+00:00,89.53,89.54,89.53,89.53,7852902
2025-12-31 05:00:00+00:00,89.55,89.55,89.54,89.54,11225947
2026-01-02 05:00:00+00:00,89.58,89.58,89.57,89.58,8517884
2026-01-05 05:00:00+00:00,89.58,89.59,89.58,89.58,11767739
2026-01-06 05:00:00+00:00,89.59,89.6,89.59,89.59,9135810
2026-01-07 05:00:00+00:00,89.6,89.61,89.6,89.61,8767154
2026-01-08 05:00:00+00:00,89.61,89.61,89.61,89.61,7116528
2026-01-09 05:00:00+00:00,89.63,89.64,89.63,89.63,7776620
2026-01-12 05:00:00+00:00,89.64,89.65,89.64,89.64,6189724
2026-01-13 05:00:00+00:00,89.65,89.65,89.65,89.65,7777437
2026-01-14 05:00:00+00:00,89.66,89.66,89.65,89.66,8005885
2026-01-15 05:00:00+00:00,89.67,89.67,89.66,89.66,8938430
2026-01-16 05:00:00+00:00,89.7,89.7,89.7,89.7,7648170
2026-01-20 05:00:00+00:00,89.71,89.71,89.7,89.7,9335066
2026-01-21 05:00:00+00:00,89.72,89.72,89.71,89.71,8153822
2026-01-22 05:00:00+00:00,89.72,89.73,89.72,89.72,7679160
2026-01-23 05:00:00+00:00,89.75,89.76,89.75,89.75,8147658
2026-01-26 05:00:00+00:00,89.76,89.76,89.75,89.75,10052839
2026-01-27 05:00:00+00:00,89.76,89.77,89.76,89.76,8178351
2026-01-28 05:00:00+00:00,89.77,89.78,89.77,89.77,6265487
2026-01-29 05:00:00+00:00,89.78,89.79,89.78,89.79,10237344
2026-01-30 05:00:00+00:00,89.8,89.81,89.8,89.81,14545830
2026-02-02 05:00:00+00:00,89.82,89.82,89.81,89.82,21391673
2026-02-03 05:00:00+00:00,89.82,89.83,89.82,89.82,11836069
2026-02-04 05:00:00+00:00,89.83,89.84,89.83,89.84,9216570
2026-02-05 05:00:00+00:00,89.84,89.85,89.84,89.84,9393922
2026-02-06 05:00:00+00:00,89.87,89.87,89.87,89.87,12369829
2026-02-09 05:00:00+00:00,89.87,89.88,89.87,89.87,9180305
2026-02-10 05:00:00+00:00,89.89,89.89,89.88,89.88,7085342
2026-02-11 05:00:00+00:00,89.89,89.9,89.89,89.9,5732270
2026-02-12 05:00:00+00:00,89.91,89.91,89.9,89.9,6366270
2026-02-13 05:00:00+00:00,89.93,89.94,89.93,89.94,9832514
2026-02-17 05:00:00+00:00,89.95,89.95,89.94,89.95,6709963
2026-02-18 05:00:00+00:00,89.95,89.96,89.95,89.96,8752803
2026-02-19 05:00:00+00:00,89.96,89.97,89.96,89.96,4941787
2026-02-20 05:00:00+00:00,90.0,90.0,89.99,89.99,6518152
2026-02-23 05:00:00+00:00,90.0,90.0,89.99,89.99,7716384
2026-02-24 05:00:00+00:00,90.01,90.01,90.0,90.01,5477380
2026-02-25 05:00:00+00:00,90.02,90.02,90.01,90.02,6012059
2026-02-26 05:00:00+00:00,90.02,90.03,90.02,90.03,6450541
2026-02-27 05:00:00+00:00,90.05,90.06,90.05,90.05,11533095
2026-03-02 05:00:00+00:00,90.06,90.06,90.05,90.06,15492764
2026-03-03 05:00:00+00:00,90.07,90.07,90.06,90.07,11605177
2026-03-04 05:00:00+00:00,90.07,90.08,90.07,90.08,9935297
2026-03-05 05:00:00+00:00,90.09,90.09,90.08,90.09,9250288
2026-03-06 05:00:00+00:00,90.12,90.12,90.11,90.11,8729896
2026-03-09 04:00:00+00:00,90.13,90.13,90.12,90.12,13426264
2026-03-10 04:00:00+00:00,90.13,90.13,90.12,90.13,9230103
2026-03-11 04:00:00+00:00,90.13,90.14,90.13,90.13,6615996
2026-03-12 04:00:00+00:00,90.14,90.15,90.14,90.15,10141381
2026-03-13 04:00:00+00:00,90.18,90.18,90.17,90.18,11183721
2026-03-16 04:00:00+00:00,90.19,90.19,90.18,90.18,8512176
2026-03-17 04:00:00+00:00,90.19,90.2,90.19,90.19,7551145
2026-03-18 04:00:00+00:00,90.2,90.21,90.2,90.21,15876278
2026-03-19 04:00:00+00:00,90.21,90.21,90.2,90.21,14923925
2026-03-20 04:00:00+00:00,90.23,90.24,90.23,90.24,14841976
2026-03-23 04:00:00+00:00,90.25,90.25,90.24,90.25,30255789
2026-03-24 04:00:00+00:00,90.25,90.26,90.25,90.26,17383380
2026-03-25 04:00:00+00:00,90.26,90.27,90.25,90.25,16951919
2026-03-26 04:00:00+00:00,90.27,90.27,90.26,90.27,13201147
2026-03-27 04:00:00+00:00,90.28,90.29,90.28,90.29,11246412
2026-03-30 04:00:00+00:00,90.29,90.3,90.29,90.3,12483048
2026-03-31 04:00:00+00:00,90.3,90.31,90.3,90.3,20283871
2026-04-01 04:00:00+00:00,90.33,90.33,90.32,90.33,22100071
2026-04-02 04:00:00+00:00,90.36,90.37,90.35,90.35,11514954
2026-04-06 04:00:00+00:00,90.36,90.37,90.36,90.37,17297509
2026-04-07 04:00:00+00:00,90.38,90.38,90.37,90.38,9238395
2026-04-08 04:00:00+00:00,90.38,90.39,90.38,90.38,13844709
2026-04-09 04:00:00+00:00,90.39,90.4,90.39,90.39,15594124
2026-04-10 04:00:00+00:00,90.42,90.43,90.42,90.42,10602030
2026-04-13 04:00:00+00:00,90.43,90.44,90.42,90.42,9914286
2026-04-14 04:00:00+00:00,90.43,90.44,90.43,90.43,21674466
2026-04-15 04:00:00+00:00,90.44,90.45,90.44,90.44,18590642
2026-04-16 04:00:00+00:00,90.45,90.46,90.45,90.45,17787388
2026-04-17 04:00:00+00:00,90.48,90.48,90.47,90.48,13611526
2026-04-20 04:00:00+00:00,90.49,90.49,90.48,90.49,7968597
2026-04-21 04:00:00+00:00,90.5,90.5,90.49,90.5,8185109
2026-04-22 04:00:00+00:00,90.5,90.51,90.5,90.5,9676391
2026-04-23 04:00:00+00:00,90.51,90.52,90.51,90.52,6745326
2026-04-24 04:00:00+00:00,90.55,90.55,90.54,90.54,7275515
2026-04-27 04:00:00+00:00,90.55,90.56,90.55,90.55,8623302
2026-04-28 04:00:00+00:00,90.56,90.57,90.56,90.56,6506729
2026-04-29 04:00:00+00:00,90.57,90.57,90.56,90.56,9232983
2026-04-30 04:00:00+00:00,90.57,90.58,90.57,90.57,14981697
2026-05-01 04:00:00+00:00,90.6,90.6,90.59,90.59,14128840
2026-05-04 04:00:00+00:00,90.6,90.61,90.6,90.61,10299736
2026-05-05 04:00:00+00:00,90.62,90.62,90.61,90.62,9784611
2026-05-06 04:00:00+00:00,90.61,90.62,90.61,90.61,8294907
2026-05-07 04:00:00+00:00,90.63,90.63,90.62,90.63,8042147
2026-05-08 04:00:00+00:00,90.65,90.66,90.65,90.65,8046113
2026-05-11 04:00:00+00:00,90.67,90.67,90.66,90.67,6161204
2026-05-12 04:00:00+00:00,90.68,90.68,90.67,90.68,7339154
2026-05-13 04:00:00+00:00,90.68,90.69,90.68,90.68,7479685
2026-05-14 04:00:00+00:00,90.69,90.7,90.69,90.7,6775280
2026-05-15 04:00:00+00:00,90.72,90.73,90.72,90.72,9451162
2026-05-18 04:00:00+00:00,90.73,90.74,90.72,90.72,7284277
2026-05-19 04:00:00+00:00,90.74,90.75,90.73,90.74,9728156
2026-05-20 04:00:00+00:00,90.75,90.76,90.75,90.76,8735431
2026-05-21 04:00:00+00:00,90.77,90.77,90.75,90.76,7801817
2026-05-22 04:00:00+00:00,90.79,90.79,90.78,90.78,10881968
2026-05-26 04:00:00+00:00,90.79,90.8,90.79,90.8,9919393
2026-05-27 04:00:00+00:00,90.81,90.81,90.8,90.81,6673436
2026-05-28 04:00:00+00:00,90.81,90.82,90.81,90.82,10207202
2026-05-29 04:00:00+00:00,90.84,90.85,90.83,90.85,16057964
2026-06-01 04:00:00+00:00,90.86,90.86,90.85,90.86,17998781
2026-06-02 04:00:00+00:00,90.86,90.86,90.85,90.85,9534187
2026-06-03 04:00:00+00:00,90.87,90.87,90.86,90.87,14557486
2026-06-04 04:00:00+00:00,90.88,90.88,90.87,90.87,7055795
2026-06-05 04:00:00+00:00,90.91,90.91,90.9,90.91,12909171
2026-06-08 04:00:00+00:00,90.92,90.92,90.91,90.92,11100874
2026-06-09 04:00:00+00:00,90.92,90.93,90.92,90.92,10452615
2026-06-10 04:00:00+00:00,90.94,90.94,90.93,90.93,8029885
2026-06-11 04:00:00+00:00,90.94,90.94,90.93,90.94,8730227
2026-06-12 04:00:00+00:00,90.97,90.97,90.96,90.97,18831815
2026-06-15 04:00:00+00:00,90.98,90.98,90.97,90.97,11823995
2026-06-16 04:00:00+00:00,90.99,90.99,90.98,90.98,10521236
2026-06-17 04:00:00+00:00,91.0,91.0,90.99,90.99,8344859
2026-06-18 04:00:00+00:00,91.02,91.03,91.02,91.03,7814127
2026-06-22 04:00:00+00:00,91.04,91.04,91.03,91.03,10555898
2026-06-23 04:00:00+00:00,91.05,91.05,91.04,91.04,10025125
2026-06-24 04:00:00+00:00,91.06,91.06,91.05,91.05,10153629
2026-06-25 04:00:00+00:00,91.06,91.07,91.06,91.06,8466772
2026-06-26 04:00:00+00:00,91.09,91.09,91.08,91.09,7491977
2026-06-29 04:00:00+00:00,91.1,91.1,91.09,91.1,12011480
2026-06-30 04:00:00+00:00,91.1,91.11,91.1,91.1,15847253
2026-07-01 04:00:00+00:00,91.13,91.13,91.12,91.13,17080007
2026-07-02 04:00:00+00:00,91.16,91.17,91.15,91.17,10427029
2026-07-06 04:00:00+00:00,91.18,91.18,91.16,91.16,14914776
2026-07-07 04:00:00+00:00,91.18,91.18,91.17,91.18,9230834
2026-07-08 04:00:00+00:00,91.19,91.19,91.18,91.18,8705635
2026-07-09 04:00:00+00:00,91.19,91.2,91.19,91.19,6636732
2026-07-10 04:00:00+00:00,91.22,91.23,91.22,91.23,8447593
2026-07-13 04:00:00+00:00,91.23,91.24,91.23,91.23,6746424
2026-07-14 04:00:00+00:00,91.23,91.24,91.23,91.24,6103694
2026-07-15 04:00:00+00:00,91.25,91.25,91.24,91.25,11512454
2026-07-16 04:00:00+00:00,91.25,91.26,91.25,91.26,9670289
2026-07-17 04:00:00+00:00,91.28,91.29,91.27,91.28,15118622
2026-07-20 04:00:00+00:00,91.29,91.3,91.29,91.29,7291338
2026-07-21 04:00:00+00:00,91.3,91.3,91.29,91.29,6713864
2026-07-22 04:00:00+00:00,91.31,91.31,91.3,91.31,6656868
2026-07-23 04:00:00+00:00,91.31,91.32,91.31,91.31,8382869
2026-07-24 04:00:00+00:00,91.34,91.34,91.33,91.34,6416211
2026-07-27 04:00:00+00:00,91.34,91.35,91.34,91.35,9282237
2026-07-28 04:00:00+00:00,91.36,91.36,91.35,91.36,8818582
2026-07-29 04:00:00+00:00,91.36,91.37,91.36,91.37,6757010
2026-07-30 04:00:00+00:00,91.38,91.39,91.38,91.38,10449311
2026-07-31 04:00:00+00:00,91.41,91.42,91.4,91.41,14722326
2026-08-03 04:00:00+00:00,91.42,91.43,91.41,91.42,21919897
