timestamp,open,high,low,close,volume
2017-02-01 05:00:00+00:00,91.4,91.44,91.4,91.42,266916
2017-02-02 05:00:00+00:00,91.4,91.44,91.4,91.42,288820
2017-02-03 05:00:00+00:00,91.42,91.44,91.4,91.4,463334
2017-02-06 05:00:00+00:00,91.42,91.44,91.4,91.44,208174
2017-02-07 05:00:00+00:00,91.44,91.44,91.42,91.44,447323
2017-02-08 05:00:00+00:00,91.42,91.44,91.42,91.44,271894
2017-02-09 05:00:00+00:00,91.42,91.44,91.42,91.43,336533
2017-02-10 05:00:00+00:00,91.44,91.44,91.42,91.42,567334
2017-02-13 05:00:00+00:00,91.42,91.44,91.42,91.42,191822
2017-02-14 05:00:00+00:00,91.44,91.44,91.42,91.44,125021
2017-02-15 05:00:00+00:00,91.44,91.44,91.42,91.42,374835
2017-02-16 05:00:00+00:00,91.42,91.44,91.42,91.42,123669
2017-02-17 05:00:00+00:00,91.44,91.44,91.42,91.44,155448
2017-02-21 05:00:00+00:00,91.42,91.44,91.42,91.42,308746
2017-02-22 05:00:00+00:00,91.42,91.44,91.42,91.42,270557
2017-02-23 05:00:00+00:00,91.42,91.44,91.42,91.42,402534
2017-02-24 05:00:00+00:00,91.44,91.46,91.42,91.42,731642
2017-02-27 05:00:00+00:00,91.42,91.46,91.42,91.42,178378
2017-02-28 05:00:00+00:00,91.46,91.46,91.44,91.46,183062
2017-03-01 05:00:00+00:00,91.4,91.42,91.4,91.4,232319
2017-03-02 05:00:00+00:00,91.4,91.42,91.4,91.4,185937
2017-03-03 05:00:00+00:00,91.42,91.42,91.4,91.42,336782
2017-03-06 05:00:00+00:00,91.4,91.44,91.4,91.44,200149
2017-03-07 05:00:00+00:00,91.44,91.44,91.4,91.4,96317
2017-03-08 05:00:00+00:00,91.42,91.42,91.4,91.4,183196
2017-03-09 05:00:00+00:00,91.4,91.42,91.4,91.4,298907
2017-03-10 05:00:00+00:00,91.42,91.42,91.4,91.42,424163
2017-03-13 04:00:00+00:00,91.42,91.42,91.4,91.4,322921
2017-03-14 04:00:00+00:00,91.4,91.42,91.4,91.4,352273
2017-03-15 04:00:00+00:00,91.4,91.42,91.4,91.42,740771
2017-03-16 04:00:00+00:00,91.4,91.44,91.4,91.44,299230
2017-03-17 04:00:00+00:00,91.4,91.44,91.4,91.44,183466
2017-03-20 04:00:00+00:00,91.4,91.44,91.4,91.42,147191
2017-03-21 04:00:00+00:00,91.44,91.44,91.4,91.44,650511
2017-03-22 04:00:00+00:00,91.4,91.44,91.4,91.44,555773
2017-03-23 04:00:00+00:00,91.44,91.44,91.42,91.42,341976
2017-03-24 04:00:00+00:00,91.42,91.44,91.42,91.44,186329
2017-03-27 04:00:00+00:00,91.4,91.44,91.4,91.44,387064
2017-03-28 04:00:00+00:00,91.44,91.44,91.42,91.44,895282
2017-03-29 04:00:00+00:00,91.44,91.44,91.42,91.44,84130
2017-03-30 04:00:00+00:00,91.44,91.44,91.42,91.44,540934
2017-03-31 04:00:00+00:00,91.46,91.46,91.42,91.42,531716
2017-04-03 04:00:00+00:00,91.38,91.42,91.38,91.4,2099128
2017-04-04 04:00:00+00:00,91.4,91.42,91.4,91.4,714837
2017-04-05 04:00:00+00:00,91.42,91.42,91.4,91.4,624701
2017-04-06 04:00:00+00:00,91.4,91.42,91.4,91.4,247599
2017-04-07 04:00:00+00:00,91.42,91.42,91.4,91.4,129423
2017-04-10 04:00:00+00:00,91.44,91.44,91.4,91.4,429459
2017-04-11 04:00:00+00:00,91.42,91.42,91.4,91.42,161284
2017-04-12 04:00:00+00:00,91.44,91.44,91.4,91.4,271020
2017-04-13 04:00:00+00:00,91.4,91.44,91.4,91.42,953658
2017-04-17 04:00:00+00:00,91.4,91.44,91.4,91.42,756917
2017-04-18 04:00:00+00:00,91.42,91.44,91.42,91.44,100587
2017-04-19 04:00:00+00:00,91.42,91.44,91.42,91.44,114678
2017-04-20 04:00:00+00:00,91.42,91.44,91.42,91.44,244097
2017-04-21 04:00:00+00:00,91.44,91.46,91.44,91.44,252466
2017-04-24 04:00:00+00:00,91.44,91.44,91.42,91.42,479645
2017-04-25 04:00:00+00:00,91.44,91.44,91.42,91.42,406825
2017-04-26 04:00:00+00:00,91.42,91.44,91.42,91.44,355841
2017-04-27 04:00:00+00:00,91.43,91.44,91.42,91.42,382698
2017-04-28 04:00:00+00:00,91.43,91.46,91.42,91.46,228288
2017-05-01 04:00:00+00:00,91.44,91.44,91.4,91.42,390848
2017-05-02 04:00:00+00:00,91.4,91.42,91.4,91.4,71184
2017-05-03 04:00:00+00:00,91.4,91.42,91.4,91.4,247642
2017-05-04 04:00:00+00:00,91.4,91.42,91.4,91.42,163507
2017-05-05 04:00:00+00:00,91.4,91.42,91.4,91.4,254285
2017-05-08 04:00:00+00:00,91.4,91.44,91.4,91.42,219385
2017-05-09 04:00:00+00:00,91.44,91.44,91.42,91.42,494610
2017-05-10 04:00:00+00:00,91.44,91.44,91.42,91.44,309655
2017-05-11 04:00:00+00:00,91.42,91.46,91.42,91.44,397771
2017-05-12 04:00:00+00:00,91.44,91.46,91.42,91.42,129658
2017-05-15 04:00:00+00:00,91.44,91.46,91.44,91.44,378601
2017-05-16 04:00:00+00:00,91.44,91.46,91.44,91.44,171440
2017-05-17 04:00:00+00:00,91.44,91.46,91.44,91.46,1395460
2017-05-18 04:00:00+00:00,91.44,91.46,91.44,91.44,1385122
2017-05-19 04:00:00+00:00,91.44,91.46,91.44,91.44,107949
2017-05-22 04:00:00+00:00,91.44,91.46,91.44,91.46,64931
2017-05-23 04:00:00+00:00,91.44,91.46,91.44,91.46,228604
2017-05-24 04:00:00+00:00,91.44,91.46,91.44,91.44,311083
2017-05-25 04:00:00+00:00,91.44,91.46,91.44,91.46,136335
2017-05-26 04:00:00+00:00,91.44,91.48,91.44,91.48,144915
2017-05-30 04:00:00+00:00,91.46,91.48,91.44,91.44,190996
2017-05-31 04:00:00+00:00,91.46,91.46,91.44,91.45,349955
2017-06-01 04:00:00+00:00,91.4,91.42,91.4,91.42,225571
2017-06-02 04:00:00+00:00,91.4,91.42,91.4,91.4,418338
2017-06-05 04:00:00+00:00,91.4,91.42,91.4,91.42,277077
2017-06-06 04:00:00+00:00,91.4,91.42,91.4,91.4,136899
2017-06-07 04:00:00+00:00,91.4,91.44,91.4,91.44,258577
2017-06-08 04:00:00+00:00,91.44,91.44,91.42,91.42,257618
2017-06-09 04:00:00+00:00,91.42,91.44,91.42,91.44,185070
2017-06-12 04:00:00+00:00,91.44,91.44,91.42,91.42,200585
2017-06-13 04:00:00+00:00,91.42,91.44,91.42,91.44,552625
2017-06-14 04:00:00+00:00,91.44,91.46,91.42,91.42,76039
2017-06-15 04:00:00+00:00,91.42,91.44,91.42,91.42,380998
2017-06-16 04:00:00+00:00,91.42,91.46,91.42,91.46,507881
2017-06-19 04:00:00+00:00,91.44,91.46,91.44,91.44,289972
2017-06-20 04:00:00+00:00,91.46,91.46,91.44,91.44,121500
2017-06-21 04:00:00+00:00,91.46,91.46,91.44,91.46,140718
2017-06-22 04:00:00+00:00,91.46,91.48,91.44,91.48,220297
2017-06-23 04:00:00+00:00,91.48,91.48,91.46,91.46,67713
2017-06-26 04:00:00+00:00,91.44,91.48,91.44,91.44,297958
2017-06-27 04:00:00+00:00,91.46,91.46,91.44,91.44,125607
2017-06-28 04:00:00+00:00,91.46,91.48,91.44,91.48,180270
2017-06-29 04:00:00+00:00,91.44,91.48,91.44,91.46,466294
2017-06-30 04:00:00+00:00,91.46,91.5,91.46,91.48,628506
2017-07-03 04:00:00+00:00,91.42,91.44,91.42,91.44,186224
2017-07-05 04:00:00+00:00,91.44,91.44,91.42,91.42,371252
2017-07-06 04:00:00+00:00,91.42,91.44,91.42,91.44,448295
2017-07-07 04:00:00+00:00,91.42,91.44,91.42,91.44,142397
2017-07-10 04:00:00+00:00,91.42,91.44,91.42,91.44,187212
2017-07-11 04:00:00+00:00,91.44,91.44,91.42,91.44,137192
2017-07-12 04:00:00+00:00,91.42,91.44,91.42,91.42,403945
2017-07-13 04:00:00+00:00,91.44,91.46,91.42,91.42,137713
2017-07-14 04:00:00+00:00,91.42,91.46,91.42,91.46,256309
2017-07-17 04:00:00+00:00,91.44,91.46,91.44,91.44,590921
2017-07-18 04:00:00+00:00,91.44,91.46,91.44,91.44,61367
2017-07-19 04:00:00+00:00,91.44,91.46,91.44,91.44,100624
2017-07-20 04:00:00+00:00,91.44,91.46,91.44,91.44,73376
2017-07-21 04:00:00+00:00,91.44,91.46,91.44,91.44,211367
2017-07-24 04:00:00+00:00,91.44,91.46,91.44,91.44,143037
2017-07-25 04:00:00+00:00,91.44,91.48,91.44,91.44,267683
2017-07-26 04:00:00+00:00,91.46,91.48,91.44,91.46,233182
2017-07-27 04:00:00+00:00,91.48,91.48,91.46,91.48,222067
2017-07-28 04:00:00+00:00,91.46,91.48,91.46,91.46,160051
2017-07-31 04:00:00+00:00,91.5,91.5,91.46,91.46,460037
2017-08-01 04:00:00+00:00,91.4,91.42,91.4,91.42,316097
2017-08-02 04:00:00+00:00,91.42,91.44,91.4,91.44,266010
2017-08-03 04:00:00+00:00,91.4,91.44,91.4,91.44,175638
2017-08-04 04:00:00+00:00,91.42,91.44,91.4,91.44,351295
2017-08-07 04:00:00+00:00,91.42,91.44,91.4,91.44,131641
2017-08-08 04:00:00+00:00,91.44,91.44,91.42,91.44,310253
2017-08-09 04:00:00+00:00,91.44,91.44,91.42,91.44,142484
2017-08-10 04:00:00+00:00,91.42,91.44,91.42,91.44,111299
2017-08-11 04:00:00+00:00,91.44,91.46,91.42,91.46,216721
2017-08-14 04:00:00+00:00,91.46,91.46,91.44,91.44,332582
2017-08-15 04:00:00+00:00,91.44,91.46,91.44,91.46,197229
2017-08-16 04:00:00+00:00,91.46,91.46,91.44,91.44,148380
2017-08-17 04:00:00+00:00,91.44,91.46,91.44,91.46,365777
2017-08-18 04:00:00+00:00,91.46,91.46,91.44,91.44,232498
2017-08-21 04:00:00+00:00,91.46,91.48,91.46,91.46,484321
2017-08-22 04:00:00+00:00,91.46,91.48,91.46,91.48,208781
2017-08-23 04:00:00+00:00,91.48,91.48,91.46,91.48,292966
2017-08-24 04:00:00+00:00,91.46,91.48,91.46,91.48,1059327
2017-08-25 04:00:00+00:00,91.46,91.48,91.46,91.46,311418
2017-08-28 04:00:00+00:00,91.48,91.48,91.46,91.48,103283
2017-08-29 04:00:00+00:00,91.48,91.5,91.46,91.48,130621
2017-08-30 04:00:00+00:00,91.48,91.5,91.48,91.48,293544
2017-08-31 04:00:00+00:00,91.48,91.5,91.48,91.5,1240467
2017-09-01 04:00:00+00:00,91.44,91.44,91.42,91.44,373664
2017-09-05 04:00:00+00:00,91.44,91.44,91.4,91.4,497427
2017-09-06 04:00:00+00:00,91.42,91.44,91.42,91.44,1063323
2017-09-07 04:00:00+00:00,91.44,91.44,91.42,91.44,162002
2017-09-08 04:00:00+00:00,91.42,91.44,91.42,91.42,517179
2017-09-11 04:00:00+00:00,91.44,91.44,91.42,91.42,132455
2017-09-12 04:00:00+00:00,91.42,91.46,91.42,91.45,258116
2017-09-13 04:00:00+00:00,91.44,91.46,91.44,91.46,439193
2017-09-14 04:00:00+00:00,91.44,91.46,91.44,91.44,240346
2017-09-15 04:00:00+00:00,91.46,91.46,91.44,91.44,98442
2017-09-18 04:00:00+00:00,91.46,91.48,91.44,91.44,288262
2017-09-19 04:00:00+00:00,91.46,91.48,91.44,91.48,62343
2017-09-20 04:00:00+00:00,91.48,91.48,91.46,91.48,130754
2017-09-21 04:00:00+00:00,91.46,91.48,91.46,91.48,110705
2017-09-22 04:00:00+00:00,91.48,91.48,91.46,91.48,135695
2017-09-25 04:00:00+00:00,91.48,91.48,91.46,91.48,159163
2017-09-26 04:00:00+00:00,91.46,91.48,91.46,91.48,256108
2017-09-27 04:00:00+00:00,91.48,91.48,91.46,91.48,230632
2017-09-28 04:00:00+00:00,91.46,91.48,91.46,91.46,77720
2017-09-29 04:00:00+00:00,91.47,91.5,91.46,91.5,181238
2017-10-02 04:00:00+00:00,91.44,91.44,91.42,91.44,159010
2017-10-03 04:00:00+00:00,91.42,91.44,91.42,91.44,429713
2017-10-04 04:00:00+00:00,91.42,91.44,91.42,91.42,1129448
2017-10-05 04:00:00+00:00,91.42,91.44,91.42,91.44,188401
2017-10-06 04:00:00+00:00,91.44,91.44,91.42,91.42,206310
2017-10-09 04:00:00+00:00,91.42,91.44,91.42,91.42,146252
2017-10-10 04:00:00+00:00,91.42,91.44,91.42,91.42,272916
2017-10-11 04:00:00+00:00,91.44,91.44,91.42,91.42,159122
2017-10-12 04:00:00+00:00,91.44,91.46,91.42,91.46,245664
2017-10-13 04:00:00+00:00,91.46,91.46,91.44,91.46,78579
2017-10-16 04:00:00+00:00,91.44,91.46,91.44,91.44,205161
2017-10-17 04:00:00+00:00,91.44,91.48,91.44,91.46,229305
2017-10-18 04:00:00+00:00,91.46,91.48,91.46,91.46,64464
2017-10-19 04:00:00+00:00,91.46,91.48,91.44,91.46,200168
2017-10-20 04:00:00+00:00,91.46,91.48,91.46,91.48,57844
2017-10-23 04:00:00+00:00,91.48,91.48,91.46,91.46,137505
2017-10-24 04:00:00+00:00,91.46,91.5,91.46,91.5,160099
2017-10-25 04:00:00+00:00,91.48,91.5,91.48,91.5,295063
2017-10-26 04:00:00+00:00,91.48,91.5,91.48,91.5,302046
2017-10-27 04:00:00+00:00,91.48,91.5,91.48,91.5,1064099
2017-10-30 04:00:00+00:00,91.48,91.5,91.48,91.48,297856
2017-10-31 04:00:00+00:00,91.48,91.5,91.48,91.5,448238
2017-11-01 04:00:00+00:00,91.44,91.44,91.42,91.44,586376
2017-11-02 04:00:00+00:00,91.44,91.44,91.42,91.42,137555
2017-11-03 04:00:00+00:00,91.42,91.44,91.42,91.42,265866
2017-11-06 05:00:00+00:00,91.42,91.44,91.42,91.44,95534
2017-11-07 05:00:00+00:00,91.42,91.44,91.42,91.44,91655
2017-11-08 05:00:00+00:00,91.44,91.44,91.42,91.44,240287
2017-11-09 05:00:00+00:00,91.44,91.44,91.42,91.42,518926
2017-11-10 05:00:00+00:00,91.44,91.46,91.42,91.44,278144
2017-11-13 05:00:00+00:00,91.46,91.46,91.44,91.44,230374
2017-11-14 05:00:00+00:00,91.46,91.46,91.44,91.44,123333
2017-11-15 05:00:00+00:00,91.44,91.46,91.44,91.44,278970
2017-11-16 05:00:00+00:00,91.44,91.46,91.44,91.46,235317
2017-11-17 05:00:00+00:00,91.44,91.46,91.44,91.44,170542
2017-11-20 05:00:00+00:00,91.44,91.48,91.44,91.46,374669
2017-11-21 05:00:00+00:00,91.46,91.48,91.44,91.48,260405
2017-11-22 05:00:00+00:00,91.46,91.48,91.46,91.48,157518
2017-11-24 05:00:00+00:00,91.48,91.5,91.46,91.46,577104
2017-11-27 05:00:00+00:00,91.46,91.48,91.46,91.46,376470
2017-11-28 05:00:00+00:00,91.46,91.5,91.46,91.5,245610
2017-11-29 05:00:00+00:00,91.48,91.5,91.46,91.48,380543
2017-11-30 05:00:00+00:00,91.5,91.5,91.48,91.48,296664
2017-12-01 05:00:00+00:00,91.43,91.43,91.42,91.42,283910
2017-12-04 05:00:00+00:00,91.42,91.43,91.42,91.43,143693
2017-12-05 05:00:00+00:00,91.43,91.44,91.42,91.42,558877
2017-12-06 05:00:00+00:00,91.44,91.44,91.43,91.43,545395
2017-12-07 05:00:00+00:00,91.43,91.44,91.43,91.44,146815
2017-12-08 05:00:00+00:00,91.44,91.45,91.43,91.44,196548
2017-12-11 05:00:00+00:00,91.45,91.45,91.44,91.45,139895
2017-12-12 05:00:00+00:00,91.46,91.46,91.44,91.45,186370
2017-12-13 05:00:00+00:00,91.45,91.45,91.44,91.45,379221
2017-12-14 05:00:00+00:00,91.45,91.46,91.441,91.45,160636
2017-12-15 05:00:00+00:00,91.45,91.46,91.45,91.46,391880
2017-12-18 05:00:00+00:00,91.45,91.47,91.45,91.46,291516
2017-12-19 05:00:00+00:00,91.38,91.39,91.37,91.39,289415
2017-12-20 05:00:00+00:00,91.37,91.39,91.37,91.39,615865
2017-12-21 05:00:00+00:00,91.38,91.4,91.38,91.39,235152
2017-12-22 05:00:00+00:00,91.4,91.41,91.39,91.41,1999917
2017-12-26 05:00:00+00:00,91.41,91.41,91.4,91.4,498320
2017-12-27 05:00:00+00:00,91.41,91.42,91.4,91.42,320843
2017-12-28 05:00:00+00:00,91.41,91.42,91.41,91.42,366172
2017-12-29 05:00:00+00:00,91.41,91.43,91.4,91.4,445881
2018-01-02 05:00:00+00:00,91.41,91.43,91.41,91.41,791997
2018-01-03 05:00:00+00:00,91.43,91.43,91.42,91.43,219847
2018-01-04 05:00:00+00:00,91.44,91.44,91.42,91.44,1109693
2018-01-05 05:00:00+00:00,91.43,91.44,91.43,91.44,249302
2018-01-08 05:00:00+00:00,91.43,91.45,91.43,91.45,200810
2018-01-09 05:00:00+00:00,91.43,91.45,91.43,91.45,187227
2018-01-10 05:00:00+00:00,91.44,91.45,91.44,91.45,223190
2018-01-11 05:00:00+00:00,91.45,91.46,91.44,91.44,165956
2018-01-12 05:00:00+00:00,91.46,91.47,91.45,91.47,537067
2018-01-16 05:00:00+00:00,91.45,91.46,91.45,91.45,282597
2018-01-17 05:00:00+00:00,91.45,91.47,91.45,91.47,242155
2018-01-18 05:00:00+00:00,91.46,91.47,91.46,91.47,240102
2018-01-19 05:00:00+00:00,91.47,91.48,91.47,91.48,277633
2018-01-22 05:00:00+00:00,91.49,91.49,91.48,91.49,287301
2018-01-23 05:00:00+00:00,91.49,91.49,91.48,91.49,709527
2018-01-24 05:00:00+00:00,91.5,91.5,91.48,91.5,218159
2018-01-25 05:00:00+00:00,91.5,91.5,91.49,91.5,497671
2018-01-26 05:00:00+00:00,91.5,91.52,91.5,91.52,431412
2018-01-29 05:00:00+00:00,91.52,91.52,91.5,91.5,697641
2018-01-30 05:00:00+00:00,91.49,91.52,91.49,91.51,585154
2018-01-31 05:00:00+00:00,91.51,91.52,91.51,91.52,267940
2018-02-01 05:00:00+00:00,91.41,91.4401,91.41,91.43,1017400
2018-02-02 05:00:00+00:00,91.44,91.44,91.43,91.44,461681
2018-02-05 05:00:00+00:00,91.45,91.45,91.43,91.43,774432
2018-02-06 05:00:00+00:00,91.42,91.45,91.42,91.44,1559973
2018-02-07 05:00:00+00:00,91.43,91.5,91.41,91.45,1296369
2018-02-08 05:00:00+00:00,91.43,91.46,91.43,91.44,1548519
2018-02-09 05:00:00+00:00,91.43,91.46,91.43,91.46,2932495
2018-02-12 05:00:00+00:00,91.46,91.46,91.45,91.46,2041417
2018-02-13 05:00:00+00:00,91.44,91.47,91.44,91.46,4355227
2018-02-14 05:00:00+00:00,91.45,91.46,91.45,91.46,551232
2018-02-15 05:00:00+00:00,91.47,91.47,91.45,91.47,932326
2018-02-16 05:00:00+00:00,91.46,91.48,91.46,91.48,921821
2018-02-20 05:00:00+00:00,91.47,91.48,91.46,91.48,593055
2018-02-21 05:00:00+00:00,91.48,91.48,91.47,91.47,1014997
2018-02-22 05:00:00+00:00,91.48,91.49,91.47,91.48,470824
2018-02-23 05:00:00+00:00,91.49,91.5,91.48,91.5,2655569
2018-02-26 05:00:00+00:00,91.49,91.5,91.48,91.48,2983895
2018-02-27 05:00:00+00:00,91.48,91.5,91.48,91.5,379102
2018-02-28 05:00:00+00:00,91.5,91.51,91.49,91.51,911205
2018-03-01 05:00:00+00:00,91.42,91.44,91.42,91.44,1263786
2018-03-02 05:00:00+00:00,91.43,91.45,91.43,91.45,1443053
2018-03-05 05:00:00+00:00,91.45,91.45,91.43,91.45,871739
2018-03-06 05:00:00+00:00,91.45,91.45,91.43,91.45,236724
2018-03-07 05:00:00+00:00,91.44,91.45,91.44,91.45,980586
2018-03-08 05:00:00+00:00,91.44,91.45,91.44,91.44,260799
2018-03-09 05:00:00+00:00,91.45,91.47,91.45,91.46,598068
2018-03-12 04:00:00+00:00,91.47,91.47,91.45,91.47,508383
2018-03-13 04:00:00+00:00,91.45,91.47,91.45,91.47,526463
2018-03-14 04:00:00+00:00,91.45,91.47,91.45,91.47,247142
2018-03-15 04:00:00+00:00,91.47,91.47,91.46,91.46,937647
2018-03-16 04:00:00+00:00,91.47,91.48,91.47,91.48,1217920
2018-03-19 04:00:00+00:00,91.47,91.49,91.47,91.48,469297
2018-03-20 04:00:00+00:00,91.48,91.49,91.47,91.47,446504
2018-03-21 04:00:00+00:00,91.48,91.49,91.48,91.49,338754
2018-03-22 04:00:00+00:00,91.48,91.5,91.48,91.5,307767
2018-03-23 04:00:00+00:00,91.5,91.51,91.5,91.51,634071
2018-03-26 04:00:00+00:00,91.5,91.51,91.5,91.5,455547
2018-03-27 04:00:00+00:00,91.52,91.52,91.5,91.52,1358718
2018-03-28 04:00:00+00:00,91.52,91.53,91.52,91.53,3032625
2018-03-29 04:00:00+00:00,91.53,91.55,91.53,91.55,762029
2018-04-02 04:00:00+00:00,91.44,91.44,91.42,91.44,1683613
2018-04-03 04:00:00+00:00,91.44,91.44,91.43,91.43,1914382
2018-04-04 04:00:00+00:00,91.43,91.45,91.43,91.45,3618340
2018-04-05 04:00:00+00:00,91.46,91.46,91.45,91.46,2251383
2018-04-06 04:00:00+00:00,91.46,91.46,91.45,91.46,316308
2018-04-09 04:00:00+00:00,91.47,91.47,91.46,91.47,239610
2018-04-10 04:00:00+00:00,91.47,91.47,91.46,91.46,492980
2018-04-11 04:00:00+00:00,91.48,91.48,91.47,91.48,250607
2018-04-12 04:00:00+00:00,91.47,91.48,91.47,91.48,8107949
2018-04-13 04:00:00+00:00,91.48,91.49,91.48,91.48,289149
2018-04-16 04:00:00+00:00,91.5,91.5,91.48,91.5,326678
2018-04-17 04:00:00+00:00,91.49,91.5,91.49,91.5,3476886
2018-04-18 04:00:00+00:00,91.5,91.5,91.49,91.49,283012
2018-04-19 04:00:00+00:00,91.51,91.51,91.5,91.51,474883
2018-04-20 04:00:00+00:00,91.5,91.52,91.5,91.51,262590
2018-04-23 04:00:00+00:00,91.51,91.52,91.51,91.51,1128309
2018-04-24 04:00:00+00:00,91.51,91.53,91.51,91.52,1102695
2018-04-25 04:00:00+00:00,91.52,91.53,91.52,91.53,1007982
2018-04-26 04:00:00+00:00,91.53,91.55,91.53,91.54,1691954
2018-04-27 04:00:00+00:00,91.54,91.55,91.54,91.55,296077
2018-04-30 04:00:00+00:00,91.55,91.55,91.54,91.54,328565
2018-05-01 04:00:00+00:00,91.43,91.45,91.43,91.44,1644546
2018-05-02 04:00:00+00:00,91.44,91.45,91.44,91.45,469619
2018-05-03 04:00:00+00:00,91.46,91.46,91.45,91.45,3736823
2018-05-04 04:00:00+00:00,91.47,91.47,91.46,91.47,1208583
2018-05-07 04:00:00+00:00,91.46,91.47,91.46,91.47,371863
2018-05-08 04:00:00+00:00,91.47,91.48,91.47,91.48,435392
2018-05-09 04:00:00+00:00,91.46,91.48,91.46,91.48,808773
2018-05-10 04:00:00+00:00,91.48,91.49,91.48,91.48,4674645
2018-05-11 04:00:00+00:00,91.5,91.5,91.48,91.48,376750
2018-05-14 04:00:00+00:00,91.48,91.5,91.48,91.48,906885
2018-05-15 04:00:00+00:00,91.49,91.5,91.49,91.5,1827202
2018-05-16 04:00:00+00:00,91.5,91.51,91.49,91.51,1149387
2018-05-17 04:00:00+00:00,91.51,91.51,91.5,91.51,2807000
2018-05-18 04:00:00+00:00,91.52,91.52,91.51,91.52,1553143
2018-05-21 04:00:00+00:00,91.52,91.53,91.51,91.52,512366
2018-05-22 04:00:00+00:00,91.53,91.53,91.52,91.52,587955
2018-05-23 04:00:00+00:00,91.54,91.54,91.52,91.53,255050
2018-05-24 04:00:00+00:00,91.54,91.55,91.54,91.55,262665
2018-05-25 04:00:00+00:00,91.55,91.56,91.55,91.56,488308
2018-05-29 04:00:00+00:00,91.55,91.56,91.55,91.56,846372
2018-05-30 04:00:00+00:00,91.55,91.56,91.55,91.55,451520
2018-05-31 04:00:00+00:00,91.58,91.58,91.56,91.57,911635
2018-06-01 04:00:00+00:00,91.45,91.45,91.44,91.45,715065
2018-06-04 04:00:00+00:00,91.45,91.46,91.45,91.46,1177539
2018-06-05 04:00:00+00:00,91.46,91.46,91.45,91.46,745472
2018-06-06 04:00:00+00:00,91.46,91.46,91.45,91.45,595380
2018-06-07 04:00:00+00:00,91.46,91.48,91.46,91.46,1634282
2018-06-08 04:00:00+00:00,91.48,91.48,91.47,91.48,325977
2018-06-11 04:00:00+00:00,91.48,91.49,91.47,91.49,874564
2018-06-12 04:00:00+00:00,91.49,91.49,91.48,91.49,1143662
2018-06-13 04:00:00+00:00,91.48,91.5,91.48,91.48,250030
2018-06-14 04:00:00+00:00,91.5,91.51,91.5,91.51,465817
2018-06-15 04:00:00+00:00,91.51,91.51,91.5,91.51,264854
2018-06-18 04:00:00+00:00,91.52,91.52,91.5,91.5,1508174
2018-06-19 04:00:00+00:00,91.52,91.52,91.51,91.52,208811
2018-06-20 04:00:00+00:00,91.53,91.53,91.51,91.51,617896
2018-06-21 04:00:00+00:00,91.54,91.54,91.52,91.52,783895
2018-06-22 04:00:00+00:00,91.54,91.54,91.53,91.53,296038
2018-06-25 04:00:00+00:00,91.55,91.55,91.54,91.55,1073474
2018-06-26 04:00:00+00:00,91.54,91.56,91.54,91.54,910101
2018-06-27 04:00:00+00:00,91.56,91.56,91.55,91.56,326392
2018-06-28 04:00:00+00:00,91.56,91.57,91.56,91.56,469775
2018-06-29 04:00:00+00:00,91.58,91.58,91.57,91.58,823034
2018-07-02 04:00:00+00:00,91.45,91.46,91.44,91.44,1831811
2018-07-03 04:00:00+00:00,91.45,91.46,91.45,91.46,1022483
2018-07-05 04:00:00+00:00,91.46,91.47,91.46,91.46,1080647
2018-07-06 04:00:00+00:00,91.47,91.48,91.47,91.48,1066468
2018-07-09 04:00:00+00:00,91.47,91.49,91.47,91.48,399683
2018-07-10 04:00:00+00:00,91.49,91.49,91.47,91.49,469931
2018-07-11 04:00:00+00:00,91.48,91.49,91.48,91.49,961832
2018-07-12 04:00:00+00:00,91.49,91.51,91.49,91.49,641364
2018-07-13 04:00:00+00:00,91.51,91.51,91.5,91.5,629406
2018-07-16 04:00:00+00:00,91.51,91.51,91.5,91.51,441347
2018-07-17 04:00:00+00:00,91.52,91.52,91.5,91.51,879431
2018-07-18 04:00:00+00:00,91.51,91.52,91.51,91.52,445069
2018-07-19 04:00:00+00:00,91.52,91.54,91.52,91.53,353988
2018-07-20 04:00:00+00:00,91.54,91.54,91.53,91.54,1845252
2018-07-23 04:00:00+00:00,91.55,91.55,91.53,91.53,296356
2018-07-24 04:00:00+00:00,91.54,91.55,91.54,91.55,452301
2018-07-25 04:00:00+00:00,91.55,91.55,91.54,91.54,317591
2018-07-26 04:00:00+00:00,91.57,91.57,91.55,91.55,271394
2018-07-27 04:00:00+00:00,91.57,91.57,91.56,91.57,462383
2018-07-30 04:00:00+00:00,91.58,91.58,91.56,91.56,414866
2018-07-31 04:00:00+00:00,91.58,91.58,91.57,91.58,836411
2018-08-01 04:00:00+00:00,91.44,91.45,91.44,91.45,1421008
2018-08-02 04:00:00+00:00,91.46,91.46,91.45,91.46,704199
2018-08-03 04:00:00+00:00,91.46,91.47,91.46,91.46,397616
2018-08-06 04:00:00+00:00,91.48,91.48,91.46,91.47,716083
2018-08-07 04:00:00+00:00,91.48,91.48,91.46,91.48,661933
2018-08-08 04:00:00+00:00,91.48,91.48,91.47,91.47,744874
2018-08-09 04:00:00+00:00,91.48,91.49,91.48,91.48,343502
2018-08-10 04:00:00+00:00,91.5,91.5,91.49,91.5,288115
2018-08-13 04:00:00+00:00,91.51,91.51,91.5,91.51,666482
2018-08-14 04:00:00+00:00,91.51,91.51,91.49,91.49,341738
2018-08-15 04:00:00+00:00,91.5,91.51,91.5,91.51,539861
2018-08-16 04:00:00+00:00,91.52,91.53,91.51,91.51,546242
2018-08-17 04:00:00+00:00,91.52,91.53,91.52,91.52,657748
2018-08-20 04:00:00+00:00,91.52,91.53,91.52,91.52,602951
2018-08-21 04:00:00+00:00,91.54,91.54,91.53,91.53,355354
2018-08-22 04:00:00+00:00,91.54,91.54,91.53,91.53,737359
2018-08-23 04:00:00+00:00,91.56,91.56,91.54,91.56,1008228
2018-08-24 04:00:00+00:00,91.56,91.56,91.55,91.56,234036
2018-08-27 04:00:00+00:00,91.56,91.57,91.55,91.57,327750
2018-08-28 04:00:00+00:00,91.56,91.57,91.56,91.57,610791
2018-08-29 04:00:00+00:00,91.58,91.58,91.56,91.56,911054
2018-08-30 04:00:00+00:00,91.58,91.6,91.58,91.6,751379
2018-08-31 04:00:00+00:00,91.59,91.6,91.59,91.59,545090
2018-09-04 04:00:00+00:00,91.45,91.46,91.45,91.46,980643
2018-09-05 04:00:00+00:00,91.46,91.47,91.45,91.45,883751
2018-09-06 04:00:00+00:00,91.48,91.48,91.47,91.47,1811468
2018-09-07 04:00:00+00:00,91.48,91.49,91.48,91.49,476933
2018-09-10 04:00:00+00:00,91.48,91.49,91.48,91.49,596808
2018-09-11 04:00:00+00:00,91.48,91.5,91.48,91.5,1584139
2018-09-12 04:00:00+00:00,91.49,91.5,91.49,91.5,760459
2018-09-13 04:00:00+00:00,91.52,91.52,91.5,91.5,463784
2018-09-14 04:00:00+00:00,91.52,91.52,91.51,91.51,1131784
2018-09-17 04:00:00+00:00,91.51,91.53,91.51,91.53,641372
2018-09-18 04:00:00+00:00,91.53,91.53,91.52,91.53,459221
2018-09-19 04:00:00+00:00,91.52,91.53,91.52,91.53,949520
2018-09-20 04:00:00+00:00,91.54,91.55,91.54,91.55,450612
2018-09-21 04:00:00+00:00,91.54,91.55,91.54,91.55,277647
2018-09-24 04:00:00+00:00,91.55,91.56,91.55,91.56,1331794
2018-09-25 04:00:00+00:00,91.55,91.56,91.55,91.56,666413
2018-09-26 04:00:00+00:00,91.57,91.57,91.56,91.56,258820
2018-09-27 04:00:00+00:00,91.58,91.58,91.57,91.58,344417
2018-09-28 04:00:00+00:00,91.57,91.58,91.57,91.58,451742
2018-10-01 04:00:00+00:00,91.44,91.44,91.43,91.44,3791289
2018-10-02 04:00:00+00:00,91.44,91.45,91.44,91.45,586748
2018-10-03 04:00:00+00:00,91.45,91.45,91.44,91.45,434491
2018-10-04 04:00:00+00:00,91.47,91.47,91.46,91.47,1156031
2018-10-05 04:00:00+00:00,91.48,91.48,91.47,91.48,4669094
2018-10-08 04:00:00+00:00,91.48,91.48,91.47,91.48,640592
2018-10-09 04:00:00+00:00,91.48,91.48,91.47,91.47,508334
2018-10-10 04:00:00+00:00,91.49,91.49,91.48,91.49,2093822
2018-10-11 04:00:00+00:00,91.5,91.5,91.49,91.5,1692005
2018-10-12 04:00:00+00:00,91.5,91.51,91.5,91.5,741965
2018-10-15 04:00:00+00:00,91.51,91.51,91.5,91.51,4035008
2018-10-16 04:00:00+00:00,91.51,91.52,91.51,91.52,1436283
2018-10-17 04:00:00+00:00,91.51,91.52,91.51,91.52,6982129
2018-10-18 04:00:00+00:00,91.53,91.53,91.52,91.52,736006
2018-10-19 04:00:00+00:00,91.53,91.54,91.53,91.53,693610
2018-10-22 04:00:00+00:00,91.53,91.55,91.53,91.55,770052
2018-10-23 04:00:00+00:00,91.53,91.55,91.53,91.55,1988077
2018-10-24 04:00:00+00:00,91.56,91.56,91.55,91.56,1074452
2018-10-25 04:00:00+00:00,91.56,91.58,91.56,91.57,3576877
2018-10-26 04:00:00+00:00,91.58,91.58,91.57,91.58,6702345
2018-10-29 04:00:00+00:00,91.58,91.58,91.57,91.58,1549223
2018-10-30 04:00:00+00:00,91.59,91.59,91.58,91.58,1358769
2018-10-31 04:00:00+00:00,91.59,91.59,91.58,91.59,2451353
2018-11-01 04:00:00+00:00,91.46,91.46,91.45,91.46,2672040
2018-11-02 04:00:00+00:00,91.45,91.46,91.45,91.46,2049512
2018-11-05 05:00:00+00:00,91.46,91.47,91.46,91.47,3169945
2018-11-06 05:00:00+00:00,91.47,91.47,91.46,91.47,1108499
2018-11-07 05:00:00+00:00,91.48,91.48,91.47,91.48,1148232
2018-11-08 05:00:00+00:00,91.49,91.51,91.49,91.49,1628707
2018-11-09 05:00:00+00:00,91.5,91.51,91.49,91.51,3356738
2018-11-12 05:00:00+00:00,91.51,91.51,91.5,91.5,625743
2018-11-13 05:00:00+00:00,91.5,91.51,91.5,91.51,803152
2018-11-14 05:00:00+00:00,91.51,91.51,91.5,91.5,2468241
2018-11-15 05:00:00+00:00,91.53,91.53,91.52,91.53,1532187
2018-11-16 05:00:00+00:00,91.54,91.54,91.53,91.54,7862122
2018-11-19 05:00:00+00:00,91.54,91.54,91.53,91.53,1807234
2018-11-20 05:00:00+00:00,91.55,91.55,91.54,91.55,5428814
2018-11-21 05:00:00+00:00,91.58,91.58,91.56,91.57,1689113
2018-11-23 05:00:00+00:00,91.57,91.58,91.56,91.57,546387
2018-11-26 05:00:00+00:00,91.58,91.58,91.57,91.58,950048
2018-11-27 05:00:00+00:00,91.58,91.59,91.57,91.58,710709
2018-11-28 05:00:00+00:00,91.58,91.59,91.58,91.59,1465777
2018-11-29 05:00:00+00:00,91.6,91.61,91.6,91.6,5727046
2018-11-30 05:00:00+00:00,91.62,91.62,91.6,91.61,1884155
2018-12-03 05:00:00+00:00,91.45,91.46,91.45,91.45,2418754
2018-12-04 05:00:00+00:00,91.46,91.46,91.45,91.46,1615073
2018-12-06 05:00:00+00:00,91.48,91.49,91.47,91.48,4613378
2018-12-07 05:00:00+00:00,91.49,91.49,91.48,91.49,1933772
2018-12-10 05:00:00+00:00,91.5,91.5,91.49,91.5,1487823
2018-12-11 05:00:00+00:00,91.5,91.5,91.49,91.49,1737323
2018-12-12 05:00:00+00:00,91.51,91.51,91.5,91.51,962138
2018-12-13 05:00:00+00:00,91.52,91.52,91.51,91.52,1448496
2018-12-14 05:00:00+00:00,91.52,91.53,91.52,91.53,941954
2018-12-17 05:00:00+00:00,91.53,91.54,91.52,91.54,3588022
2018-12-18 05:00:00+00:00,91.54,91.54,91.53,91.54,2403614
2018-12-19 05:00:00+00:00,91.39,91.39,91.37,91.37,2638753
2018-12-20 05:00:00+00:00,91.39,91.4,91.39,91.39,2939988
2018-12-21 05:00:00+00:00,91.41,91.41,91.4,91.41,2660782
2018-12-24 05:00:00+00:00,91.42,91.42,91.41,91.42,2989087
2018-12-26 05:00:00+00:00,91.42,91.42,91.41,91.41,2777970
2018-12-27 05:00:00+00:00,91.43,91.44,91.43,91.44,3103862
2018-12-28 05:00:00+00:00,91.45,91.45,91.44,91.45,1841155
2018-12-31 05:00:00+00:00,91.46,91.46,91.44,91.46,3529510
2019-01-02 05:00:00+00:00,91.47,91.47,91.45,91.45,15765739
2019-01-03 05:00:00+00:00,91.47,91.49,91.47,91.48,3319162
2019-01-04 05:00:00+00:00,91.49,91.49,91.47,91.49,5513582
2019-01-07 05:00:00+00:00,91.48,91.49,91.48,91.49,2861867
2019-01-08 05:00:00+00:00,91.49,91.49,91.48,91.49,1924331
2019-01-09 05:00:00+00:00,91.5,91.5,91.49,91.49,1561688
2019-01-10 05:00:00+00:00,91.52,91.52,91.5,91.5,1873477
2019-01-11 05:00:00+00:00,91.52,91.52,91.51,91.52,1333400
2019-01-14 05:00:00+00:00,91.53,91.53,91.51,91.51,1989419
2019-01-15 05:00:00+00:00,91.53,91.53,91.52,91.53,1211490
2019-01-16 05:00:00+00:00,91.54,91.54,91.53,91.54,1314370
2019-01-17 05:00:00+00:00,91.55,91.56,91.55,91.56,837138
2019-01-18 05:00:00+00:00,91.56,91.57,91.55,91.56,1960438
2019-01-22 05:00:00+00:00,91.56,91.57,91.55,91.57,1936241
2019-01-23 05:00:00+00:00,91.58,91.58,91.57,91.57,1647176
2019-01-24 05:00:00+00:00,91.59,91.6,91.59,91.6,1204415
2019-01-25 05:00:00+00:00,91.59,91.6,91.59,91.59,1903317
2019-01-28 05:00:00+00:00,91.61,91.61,91.6,91.6,1294942
2019-01-29 05:00:00+00:00,91.6,91.61,91.6,91.6,972704
2019-01-30 05:00:00+00:00,91.61,91.62,91.61,91.62,1801983
2019-01-31 05:00:00+00:00,91.62,91.64,91.62,91.62,4649569
2019-02-01 05:00:00+00:00,91.46,91.46,91.45,91.45,2547964
2019-02-04 05:00:00+00:00,91.45,91.46,91.45,91.46,3380205
2019-02-05 05:00:00+00:00,91.46,91.47,91.46,91.46,2610204
2019-02-06 05:00:00+00:00,91.47,91.48,91.47,91.48,2138291
2019-02-07 05:00:00+00:00,91.48,91.49,91.48,91.48,1897746
2019-02-08 05:00:00+00:00,91.5,91.5,91.49,91.5,586465
2019-02-11 05:00:00+00:00,91.5,91.5,91.49,91.49,1331369
2019-02-12 05:00:00+00:00,91.5,91.51,91.5,91.51,987686
2019-02-13 05:00:00+00:00,91.51,91.51,91.5,91.51,820996
2019-02-14 05:00:00+00:00,91.53,91.54,91.53,91.53,2040548
2019-02-15 05:00:00+00:00,91.54,91.54,91.53,91.53,1559375
2019-02-19 05:00:00+00:00,91.55,91.55,91.54,91.55,1861125
2019-02-20 05:00:00+00:00,91.55,91.55,91.54,91.55,4094458
2019-02-21 05:00:00+00:00,91.57,91.57,91.56,91.56,1310995
2019-02-22 05:00:00+00:00,91.57,91.58,91.57,91.58,3269618
2019-02-25 05:00:00+00:00,91.58,91.58,91.57,91.57,1045522
2019-02-26 05:00:00+00:00,91.58,91.59,91.58,91.58,1206629
2019-02-27 05:00:00+00:00,91.59,91.59,91.58,91.59,1262146
2019-02-28 05:00:00+00:00,91.6,91.61,91.6,91.61,1105607
2019-03-01 05:00:00+00:00,91.45,91.45,91.44,91.45,2058237
2019-03-04 05:00:00+00:00,91.44,91.45,91.44,91.44,1556806
2019-03-05 05:00:00+00:00,91.45,91.46,91.45,91.45,2678968
2019-03-06 05:00:00+00:00,91.46,91.46,91.45,91.46,709069
2019-03-07 05:00:00+00:00,91.48,91.48,91.47,91.48,1106681
2019-03-08 05:00:00+00:00,91.49,91.49,91.48,91.49,1064274
2019-03-11 04:00:00+00:00,91.49,91.49,91.48,91.49,861853
2019-03-12 04:00:00+00:00,91.5,91.5,91.49,91.5,944358
2019-03-13 04:00:00+00:00,91.51,91.51,91.5,91.51,1800891
2019-03-14 04:00:00+00:00,91.51,91.52,91.51,91.51,535458
2019-03-15 04:00:00+00:00,91.52,91.53,91.51,91.52,1116266
2019-03-18 04:00:00+00:00,91.52,91.53,91.52,91.53,1145047
2019-03-19 04:00:00+00:00,91.54,91.54,91.53,91.53,3797059
2019-03-20 04:00:00+00:00,91.54,91.54,91.53,91.53,1991549
2019-03-21 04:00:00+00:00,91.55,91.56,91.55,91.56,1960256
2019-03-22 04:00:00+00:00,91.56,91.56,91.55,91.56,2056827
2019-03-25 04:00:00+00:00,91.57,91.57,91.56,91.56,1236194
2019-03-26 04:00:00+00:00,91.57,91.58,91.57,91.57,666978
2019-03-27 04:00:00+00:00,91.57,91.58,91.57,91.58,2274749
2019-03-28 04:00:00+00:00,91.6,91.6,91.59,91.6,925753
2019-03-29 04:00:00+00:00,91.6,91.61,91.6,91.6,1585744
2019-04-01 04:00:00+00:00,91.43,91.44,91.43,91.44,2468325
2019-04-02 04:00:00+00:00,91.44,91.44,91.43,91.43,1140653
2019-04-03 04:00:00+00:00,91.44,91.45,91.44,91.44,1514891
2019-04-04 04:00:00+00:00,91.46,91.47,91.46,91.47,1374545
2019-04-05 04:00:00+00:00,91.46,91.47,91.46,91.47,660064
2019-04-08 04:00:00+00:00,91.48,91.48,91.47,91.47,1355634
2019-04-09 04:00:00+00:00,91.47,91.48,91.47,91.48,1443170
2019-04-10 04:00:00+00:00,91.49,91.49,91.48,91.48,2262884
2019-04-11 04:00:00+00:00,91.5,91.51,91.5,91.51,676447
2019-04-12 04:00:00+00:00,91.5,91.51,91.5,91.51,896311
2019-04-15 04:00:00+00:00,91.51,91.52,91.51,91.52,1089339
2019-04-16 04:00:00+00:00,91.52,91.52,91.51,91.52,770694
2019-04-17 04:00:00+00:00,91.54,91.55,91.54,91.54,691684
2019-04-18 04:00:00+00:00,91.55,91.55,91.54,91.55,2977106
2019-04-22 04:00:00+00:00,91.55,91.56,91.55,91.55,1173443
2019-04-23 04:00:00+00:00,91.55,91.56,91.55,91.55,916574
2019-04-24 04:00:00+00:00,91.57,91.57,91.56,91.57,1122467
2019-04-25 04:00:00+00:00,91.59,91.59,91.58,91.59,1839483
2019-04-26 04:00:00+00:00,91.59,91.59,91.58,91.58,2455180
2019-04-29 04:00:00+00:00,91.59,91.6,91.59,91.59,672451
2019-04-30 04:00:00+00:00,91.6,91.6,91.59,91.6,1181265
2019-05-01 04:00:00+00:00,91.43,91.43,91.42,91.43,1245456
2019-05-02 04:00:00+00:00,91.45,91.45,91.44,91.44,858033
2019-05-03 04:00:00+00:00,91.45,91.46,91.45,91.45,1484798
2019-05-06 04:00:00+00:00,91.46,91.46,91.45,91.46,879970
2019-05-07 04:00:00+00:00,91.47,91.47,91.46,91.47,1218937
2019-05-08 04:00:00+00:00,91.47,91.47,91.46,91.47,983132
2019-05-09 04:00:00+00:00,91.49,91.49,91.48,91.48,2032355
2019-05-10 04:00:00+00:00,91.5,91.5,91.49,91.5,967171
2019-05-13 04:00:00+00:00,91.5,91.5,91.49,91.49,1953250
2019-05-14 04:00:00+00:00,91.51,91.51,91.5,91.5,1100057
2019-05-15 04:00:00+00:00,91.51,91.51,91.5,91.51,1064141
2019-05-16 04:00:00+00:00,91.52,91.53,91.52,91.52,1683328
2019-05-17 04:00:00+00:00,91.54,91.54,91.53,91.53,341957
2019-05-20 04:00:00+00:00,91.55,91.55,91.54,91.54,526844
2019-05-21 04:00:00+00:00,91.55,91.55,91.54,91.54,676444
2019-05-22 04:00:00+00:00,91.56,91.56,91.55,91.56,1221138
2019-05-23 04:00:00+00:00,91.57,91.58,91.57,91.58,1210123
2019-05-24 04:00:00+00:00,91.58,91.59,91.58,91.58,1339399
2019-05-28 04:00:00+00:00,91.59,91.59,91.58,91.59,987619
2019-05-29 04:00:00+00:00,91.6,91.6,91.59,91.59,4240194
2019-05-30 04:00:00+00:00,91.61,91.62,91.61,91.62,1233442
2019-05-31 04:00:00+00:00,91.62,91.62,91.61,91.62,2775965
2019-06-03 04:00:00+00:00,91.44,91.45,91.44,91.44,3493414
2019-06-04 04:00:00+00:00,91.45,91.46,91.45,91.46,9010717
2019-06-05 04:00:00+00:00,91.46,91.46,91.45,91.46,2123098
2019-06-06 04:00:00+00:00,91.47,91.49,91.47,91.49,7014125
2019-06-07 04:00:00+00:00,91.49,91.49,91.48,91.48,2301784
2019-06-10 04:00:00+00:00,91.5,91.5,91.49,91.5,2798728
2019-06-11 04:00:00+00:00,91.49,91.5,91.49,91.49,1569328
2019-06-12 04:00:00+00:00,91.5,91.51,91.5,91.5,2310642
2019-06-13 04:00:00+00:00,91.52,91.53,91.52,91.53,4046216
2019-06-14 04:00:00+00:00,91.54,91.54,91.53,91.54,607998
2019-06-17 04:00:00+00:00,91.54,91.55,91.54,91.54,3389285
2019-06-18 04:00:00+00:00,91.54,91.55,91.54,91.54,3185517
2019-06-19 04:00:00+00:00,91.55,91.56,91.55,91.56,530784
2019-06-20 04:00:00+00:00,91.57,91.58,91.57,91.57,2532636
2019-06-21 04:00:00+00:00,91.57,91.58,91.57,91.57,2022541
2019-06-24 04:00:00+00:00,91.58,91.59,91.58,91.58,1227345
2019-06-25 04:00:00+00:00,91.59,91.59,91.58,91.58,827303
2019-06-26 04:00:00+00:00,91.59,91.6,91.59,91.6,1006694
2019-06-27 04:00:00+00:00,91.6,91.61,91.6,91.6,617078
2019-06-28 04:00:00+00:00,91.62,91.62,91.61,91.61,1118144
2019-07-01 04:00:00+00:00,91.45,91.46,91.44,91.44,4031786
2019-07-02 04:00:00+00:00,91.45,91.46,91.45,91.45,5031855
2019-07-03 04:00:00+00:00,91.48,91.48,91.47,91.48,1998518
2019-07-05 04:00:00+00:00,91.47,91.48,91.47,91.47,1294535
2019-07-08 04:00:00+00:00,91.48,91.48,91.47,91.47,3558733
2019-07-09 04:00:00+00:00,91.48,91.48,91.47,91.48,1615102
2019-07-10 04:00:00+00:00,91.48,91.49,91.48,91.49,1257813
2019-07-11 04:00:00+00:00,91.5,91.51,91.5,91.51,1233388
2019-07-12 04:00:00+00:00,91.52,91.52,91.51,91.52,794575
2019-07-15 04:00:00+00:00,91.52,91.52,91.51,91.52,535922
2019-07-16 04:00:00+00:00,91.52,91.53,91.52,91.53,732533
2019-07-17 04:00:00+00:00,91.53,91.53,91.52,91.53,651568
2019-07-18 04:00:00+00:00,91.54,91.56,91.54,91.56,1234389
2019-07-19 04:00:00+00:00,91.55,91.56,91.55,91.56,1511488
2019-07-22 04:00:00+00:00,91.55,91.56,91.55,91.56,529368
2019-07-23 04:00:00+00:00,91.55,91.56,91.55,91.55,1708830
2019-07-24 04:00:00+00:00,91.56,91.57,91.56,91.57,795263
2019-07-25 04:00:00+00:00,91.57,91.59,91.57,91.59,1429463
2019-07-26 04:00:00+00:00,91.59,91.59,91.58,91.58,1203476
2019-07-29 04:00:00+00:00,91.6,91.6,91.59,91.6,878494
2019-07-30 04:00:00+00:00,91.59,91.6,91.59,91.6,2296212
2019-07-31 04:00:00+00:00,91.61,91.61,91.6,91.61,3363823
2019-08-01 04:00:00+00:00,91.47,91.48,91.46,91.48,5661704
2019-08-02 04:00:00+00:00,91.47,91.48,91.47,91.48,5524550
2019-08-05 04:00:00+00:00,91.48,91.49,91.47,91.47,2309525
2019-08-06 04:00:00+00:00,91.48,91.49,91.48,91.48,4955338
2019-08-07 04:00:00+00:00,91.48,91.5,91.48,91.5,2370433
2019-08-08 04:00:00+00:00,91.51,91.51,91.5,91.51,1287882
2019-08-09 04:00:00+00:00,91.5,91.51,91.5,91.5,2545952
2019-08-12 04:00:00+00:00,91.51,91.52,91.51,91.515,2293056
2019-08-13 04:00:00+00:00,91.51,91.53,91.51,91.53,905042
2019-08-14 04:00:00+00:00,91.53,91.54,91.52,91.52,1996564
2019-08-15 04:00:00+00:00,91.55,91.56,91.54,91.56,3018430
2019-08-16 04:00:00+00:00,91.56,91.56,91.55,91.55,2475545
2019-08-19 04:00:00+00:00,91.57,91.57,91.55,91.55,4956473
2019-08-20 04:00:00+00:00,91.56,91.56,91.55,91.56,1677213
2019-08-21 04:00:00+00:00,91.56,91.57,91.55,91.55,1443148
2019-08-22 04:00:00+00:00,91.57,91.58,91.57,91.58,1164965
2019-08-23 04:00:00+00:00,91.58,91.58,91.56,91.57,10894511
2019-08-26 04:00:00+00:00,91.59,91.59,91.58,91.58,2236760
2019-08-27 04:00:00+00:00,91.59,91.59,91.58,91.59,1619290
2019-08-28 04:00:00+00:00,91.585,91.59,91.58,91.58,3866378
2019-08-29 04:00:00+00:00,91.6,91.61,91.6,91.6,2277398
2019-08-30 04:00:00+00:00,91.61,91.62,91.61,91.61,3419221
2019-09-03 04:00:00+00:00,91.46,91.46,91.45,91.46,5222010
2019-09-04 04:00:00+00:00,91.46,91.46,91.45,91.45,1902467
2019-09-05 04:00:00+00:00,91.47,91.47,91.46,91.46,4926068
2019-09-06 04:00:00+00:00,91.47,91.48,91.46,91.47,2098946
2019-09-09 04:00:00+00:00,91.47,91.48,91.47,91.47,1066576
2019-09-10 04:00:00+00:00,91.49,91.49,91.475,91.49,2329682
2019-09-11 04:00:00+00:00,91.48,91.49,91.48,91.48,1441948
2019-09-12 04:00:00+00:00,91.5,91.51,91.5,91.5,1873086
2019-09-13 04:00:00+00:00,91.51,91.51,91.5,91.5,1648259
2019-09-16 04:00:00+00:00,91.51,91.52,91.5,91.5,1142238
2019-09-17 04:00:00+00:00,91.51,91.52,91.5,91.51,1039095
2019-09-18 04:00:00+00:00,91.51,91.53,91.51,91.53,1097136
2019-09-19 04:00:00+00:00,91.55,91.55,91.53,91.53,1984655
2019-09-20 04:00:00+00:00,91.54,91.54,91.53,91.54,2299412
2019-09-23 04:00:00+00:00,91.54,91.56,91.54,91.56,1673391
2019-09-24 04:00:00+00:00,91.56,91.56,91.55,91.56,1664083
2019-09-25 04:00:00+00:00,91.56,91.56,91.55,91.56,1364906
2019-09-26 04:00:00+00:00,91.57,91.58,91.57,91.58,1744558
2019-09-27 04:00:00+00:00,91.59,91.59,91.57,91.58,1035460
2019-09-30 04:00:00+00:00,91.58,91.59,91.58,91.59,3148955
2019-10-01 04:00:00+00:00,91.46,91.46,91.45,91.45,2052119
2019-10-02 04:00:00+00:00,91.46,91.46,91.45,91.45,2411333
2019-10-03 04:00:00+00:00,91.47,91.48,91.47,91.48,1181809
2019-10-04 04:00:00+00:00,91.47,91.48,91.47,91.48,926198
2019-10-07 04:00:00+00:00,91.49,91.49,91.48,91.49,691430
2019-10-08 04:00:00+00:00,91.49,91.49,91.48,91.49,1228303
2019-10-09 04:00:00+00:00,91.5,91.5,91.49,91.49,1714620
2019-10-10 04:00:00+00:00,91.52,91.52,91.51,91.51,1410600
2019-10-11 04:00:00+00:00,91.52,91.52,91.51,91.52,1447792
2019-10-14 04:00:00+00:00,91.51,91.53,91.45,91.51,2721663
2019-10-15 04:00:00+00:00,91.51,91.52,91.51,91.52,1846635
2019-10-16 04:00:00+00:00,91.52,91.53,91.52,91.53,1622308
2019-10-17 04:00:00+00:00,91.53,91.54,91.53,91.54,1353238
2019-10-18 04:00:00+00:00,91.53,91.54,91.53,91.54,3144109
2019-10-21 04:00:00+00:00,91.55,91.55,91.54,91.55,822717
2019-10-22 04:00:00+00:00,91.55,91.55,91.54,91.55,1824558
2019-10-23 04:00:00+00:00,91.54,91.55,91.54,91.55,716386
2019-10-24 04:00:00+00:00,91.56,91.57,91.56,91.57,738644
2019-10-25 04:00:00+00:00,91.56,91.57,91.56,91.57,870928
2019-10-28 04:00:00+00:00,91.57,91.57,91.56,91.56,1939728
2019-10-29 04:00:00+00:00,91.57,91.58,91.57,91.58,491284
2019-10-30 04:00:00+00:00,91.58,91.59,91.57,91.59,1028282
2019-10-31 04:00:00+00:00,91.59,91.6,91.59,91.6,1255632
2019-11-01 04:00:00+00:00,91.46,91.47,91.46,91.46,5670848
2019-11-04 05:00:00+00:00,91.46,91.47,91.46,91.47,2306184
2019-11-05 05:00:00+00:00,91.46,91.47,91.46,91.46,1297146
2019-11-06 05:00:00+00:00,91.47,91.48,91.47,91.47,1110851
2019-11-07 05:00:00+00:00,91.48,91.49,91.48,91.49,1338047
2019-11-08 05:00:00+00:00,91.49,91.49,91.48,91.49,731551
2019-11-11 05:00:00+00:00,91.49,91.49,91.48,91.49,467759
2019-11-12 05:00:00+00:00,91.5,91.5,91.49,91.5,1820660
2019-11-13 05:00:00+00:00,91.495,91.5,91.49,91.5,1170860
2019-11-14 05:00:00+00:00,91.5,91.51,91.5,91.51,3105940
2019-11-15 05:00:00+00:00,91.51,91.51,91.5,91.5,2232059
2019-11-18 05:00:00+00:00,91.51,91.52,91.51,91.52,1614825
2019-11-19 05:00:00+00:00,91.515,91.52,91.51,91.51,929410
2019-11-20 05:00:00+00:00,91.52,91.52,91.51,91.52,2398742
2019-11-21 05:00:00+00:00,91.52,91.53,91.52,91.52,986788
2019-11-22 05:00:00+00:00,91.535,91.54,91.53,91.53,1204639
2019-11-25 05:00:00+00:00,91.53,91.54,91.53,91.53,986070
2019-11-26 05:00:00+00:00,91.54,91.55,91.54,91.54,953989
2019-11-27 05:00:00+00:00,91.55,91.56,91.55,91.56,777612
2019-11-29 05:00:00+00:00,91.55,91.56,91.55,91.56,756200
2019-12-02 05:00:00+00:00,91.44,91.45,91.44,91.45,989193
2019-12-03 05:00:00+00:00,91.45,91.45,91.44,91.44,2007021
2019-12-04 05:00:00+00:00,91.455,91.46,91.45,91.45,1022623
2019-12-05 05:00:00+00:00,91.47,91.47,91.46,91.47,909544
2019-12-06 05:00:00+00:00,91.46,91.47,91.46,91.47,1180333
2019-12-09 05:00:00+00:00,91.47,91.48,91.47,91.48,782815
2019-12-10 05:00:00+00:00,91.48,91.48,91.47,91.48,1065815
2019-12-11 05:00:00+00:00,91.48,91.48,91.47,91.48,1292660
2019-12-12 05:00:00+00:00,91.5,91.5,91.49,91.5,605309
2019-12-13 05:00:00+00:00,91.49,91.5,91.48,91.48,772305
2019-12-16 05:00:00+00:00,91.49,91.5,91.49,91.5,705886
2019-12-17 05:00:00+00:00,91.5,91.51,91.49,91.49,2356146
2019-12-18 05:00:00+00:00,91.51,91.51,91.5,91.51,1062451
2019-12-19 05:00:00+00:00,91.51,91.52,91.51,91.52,1414398
2019-12-20 05:00:00+00:00,91.41,91.41,91.4,91.41,1376238
2019-12-23 05:00:00+00:00,91.4,91.41,91.4,91.41,2848104
2019-12-24 05:00:00+00:00,91.42,91.42,91.41,91.42,1042955
2019-12-26 05:00:00+00:00,91.41,91.43,91.41,91.43,960354
2019-12-27 05:00:00+00:00,91.42,91.43,91.42,91.42,1341644
2019-12-30 05:00:00+00:00,91.44,91.44,91.43,91.43,1383481
2019-12-31 05:00:00+00:00,91.45,91.45,91.43,91.43,1423547
2020-01-02 05:00:00+00:00,91.45,91.46,91.44,91.46,3195281
2020-01-03 05:00:00+00:00,91.46,91.46,91.45,91.46,857300
2020-01-06 05:00:00+00:00,91.46,91.47,91.45,91.45,2565315
2020-01-07 05:00:00+00:00,91.46,91.46,91.45,91.45,1271462
2020-01-08 05:00:00+00:00,91.46,91.47,91.46,91.47,1288015
2020-01-09 05:00:00+00:00,91.48,91.48,91.47,91.48,987000
2020-01-10 05:00:00+00:00,91.47,91.48,91.47,91.48,1139635
2020-01-13 05:00:00+00:00,91.48,91.48,91.47,91.48,1461613
2020-01-14 05:00:00+00:00,91.48,91.49,91.48,91.48,1057619
2020-01-15 05:00:00+00:00,91.49,91.49,91.48,91.49,864179
2020-01-16 05:00:00+00:00,91.49,91.51,91.49,91.51,1113163
2020-01-17 05:00:00+00:00,91.51,91.51,91.5,91.5,1324263
2020-01-21 05:00:00+00:00,91.51,91.51,91.5,91.51,3175076
2020-01-22 05:00:00+00:00,91.51,91.51,91.5,91.51,1196868
2020-01-23 05:00:00+00:00,91.52,91.53,91.52,91.52,895874
2020-01-24 05:00:00+00:00,91.53,91.53,91.52,91.52,1244057
2020-01-27 05:00:00+00:00,91.52,91.53,91.52,91.53,1524160
2020-01-28 05:00:00+00:00,91.53,91.54,91.53,91.53,1708086
2020-01-29 05:00:00+00:00,91.53,91.54,91.53,91.54,870552
2020-01-30 05:00:00+00:00,91.54,91.55,91.54,91.54,787255
2020-01-31 05:00:00+00:00,91.55,91.55,91.54,91.54,1934042
2020-02-03 05:00:00+00:00,91.45,91.45,91.44,91.44,1829791
2020-02-04 05:00:00+00:00,91.45,91.45,91.44,91.44,1014548
2020-02-05 05:00:00+00:00,91.45,91.46,91.44,91.46,1039995
2020-02-06 05:00:00+00:00,91.46,91.47,91.46,91.47,1166836
2020-02-07 05:00:00+00:00,91.47,91.47,91.46,91.47,875541
2020-02-10 05:00:00+00:00,91.47,91.48,91.46,91.46,647008
2020-02-11 05:00:00+00:00,91.46,91.47,91.46,91.47,1155897
2020-02-12 05:00:00+00:00,91.47,91.48,91.47,91.48,829030
2020-02-13 05:00:00+00:00,91.49,91.49,91.48,91.49,1231751
2020-02-14 05:00:00+00:00,91.5,91.5,91.48,91.49,1203419
2020-02-18 05:00:00+00:00,91.49,91.5,91.49,91.5,900233
2020-02-19 05:00:00+00:00,91.5,91.5,91.49,91.5,1502705
2020-02-20 05:00:00+00:00,91.51,91.51,91.5,91.5,2335126
2020-02-21 05:00:00+00:00,91.51,91.52,91.51,91.52,866665
2020-02-24 05:00:00+00:00,91.52,91.52,91.51,91.51,3163416
2020-02-25 05:00:00+00:00,91.52,91.52,91.51,91.51,4403205
2020-02-26 05:00:00+00:00,91.53,91.53,91.52,91.53,4852834
2020-02-27 05:00:00+00:00,91.53,91.55,91.53,91.55,7015227
2020-02-28 05:00:00+00:00,91.54,91.55,91.54,91.54,10205130
2020-03-02 05:00:00+00:00,91.46,91.48,91.46,91.47,8336991
2020-03-03 05:00:00+00:00,91.47,91.51,91.46,91.49,6204338
2020-03-04 05:00:00+00:00,91.51,91.53,91.5,91.53,7476317
2020-03-05 05:00:00+00:00,91.54,91.55,91.53,91.55,4734834
2020-03-06 05:00:00+00:00,91.54,91.57,91.54,91.55,4588232
2020-03-09 04:00:00+00:00,91.58,91.63,91.56,91.59,14148721
2020-03-10 04:00:00+00:00,91.57,91.61,91.56,91.57,10765937
2020-03-11 04:00:00+00:00,91.57,91.61,91.57,91.59,19983924
2020-03-12 04:00:00+00:00,91.58,96.15,91.57,91.6,20378120
2020-03-13 04:00:00+00:00,91.6,91.63,91.59,91.62,11092340
2020-03-16 04:00:00+00:00,91.62,91.64,91.6,91.63,11011454
2020-03-17 04:00:00+00:00,91.64,91.64,91.6,91.63,10117346
2020-03-18 04:00:00+00:00,91.65,91.67,91.62,91.65,11513639
2020-03-19 04:00:00+00:00,91.64,91.65,91.6,91.63,10009821
2020-03-20 04:00:00+00:00,91.63,91.66,91.62,91.66,14900661
2020-03-23 04:00:00+00:00,91.62,91.64,91.61,91.64,7884833
2020-03-24 04:00:00+00:00,91.62,91.64,91.58,91.64,7133656
2020-03-25 04:00:00+00:00,91.63,91.64,91.62,91.64,6514988
2020-03-26 04:00:00+00:00,91.62,91.64,91.62,91.64,5972846
2020-03-27 04:00:00+00:00,91.63,91.64,91.62,91.62,5417827
2020-03-30 04:00:00+00:00,91.63,91.63,91.62,91.62,4226836
2020-03-31 04:00:00+00:00,91.63,91.63,91.61,91.63,6871942
2020-04-01 04:00:00+00:00,91.58,91.58,91.56,91.57,3888558
2020-04-02 04:00:00+00:00,91.57,91.58,91.56,91.58,4560291
2020-04-03 04:00:00+00:00,91.56,91.57,91.55,91.55,5050294
2020-04-06 04:00:00+00:00,91.57,91.57,91.55,91.56,3805289
2020-04-07 04:00:00+00:00,91.57,91.57,91.54,91.54,4875142
2020-04-08 04:00:00+00:00,91.55,91.56,91.55,91.55,3355369
2020-04-09 04:00:00+00:00,91.55,91.56,91.53,91.53,7439715
2020-04-13 04:00:00+00:00,91.53,91.56,91.53,91.55,4822472
2020-04-14 04:00:00+00:00,91.53,91.56,91.53,91.56,7375724
2020-04-15 04:00:00+00:00,91.55,91.56,91.54,91.55,5847690
2020-04-16 04:00:00+00:00,91.55,91.56,91.54,91.54,5589569
2020-04-17 04:00:00+00:00,91.55,91.56,91.55,91.56,4251807
2020-04-20 04:00:00+00:00,91.56,91.56,91.55,91.55,5268283
2020-04-21 04:00:00+00:00,91.57,91.57,91.55,91.55,3527285
2020-04-22 04:00:00+00:00,91.56,91.56,91.55,91.55,2079113
2020-04-23 04:00:00+00:00,91.56,91.56,91.55,91.56,1931907
2020-04-24 04:00:00+00:00,91.56,91.56,91.55,91.55,1618424
2020-04-27 04:00:00+00:00,91.55,91.56,91.54,91.55,2246790
2020-04-28 04:00:00+00:00,91.56,91.56,91.55,91.55,2750600
2020-04-29 04:00:00+00:00,91.56,91.56,91.54,91.54,5348982
2020-04-30 04:00:00+00:00,91.55,91.56,91.54,91.56,7335165
2020-05-01 04:00:00+00:00,91.55,91.55,91.53,91.53,3713409
2020-05-04 04:00:00+00:00,91.55,91.55,91.53,91.53,5989702
2020-05-05 04:00:00+00:00,91.53,91.55,91.53,91.53,3016623
2020-05-06 04:00:00+00:00,91.55,91.55,91.53,91.54,1758323
2020-05-07 04:00:00+00:00,91.55,91.55,91.53,91.53,2273587
2020-05-08 04:00:00+00:00,91.53,91.55,91.53,91.53,3111824
2020-05-11 04:00:00+00:00,91.53,91.54,91.53,91.54,3928172
2020-05-12 04:00:00+00:00,91.53,91.54,91.53,91.54,3112882
2020-05-13 04:00:00+00:00,91.54,91.54,91.53,91.54,3545117
2020-05-14 04:00:00+00:00,91.54,91.55,91.53,91.55,4518639
2020-05-15 04:00:00+00:00,91.54,91.54,91.53,91.53,2366517
2020-05-18 04:00:00+00:00,91.53,91.54,91.53,91.53,2308358
2020-05-19 04:00:00+00:00,91.54,91.54,91.53,91.53,6525153
2020-05-20 04:00:00+00:00,91.54,91.54,91.53,91.53,1745920
2020-05-21 04:00:00+00:00,91.53,91.54,91.53,91.54,2405855
2020-05-22 04:00:00+00:00,91.54,91.54,91.53,91.53,2015891
2020-05-26 04:00:00+00:00,91.54,91.54,91.53,91.54,4216656
2020-05-27 04:00:00+00:00,91.53,91.54,91.53,91.53,3896212
2020-05-28 04:00:00+00:00,91.53,91.54,91.53,91.53,5063521
2020-05-29 04:00:00+00:00,91.53,91.54,91.53,91.53,3747507
2020-06-01 04:00:00+00:00,91.53,91.54,91.5107,91.54,2929599
2020-06-02 04:00:00+00:00,91.54,91.54,91.53,91.54,4648629
2020-06-03 04:00:00+00:00,91.53,91.54,91.52,91.54,5566926
2020-06-04 04:00:00+00:00,91.54,91.54,91.53,91.54,3580187
2020-06-05 04:00:00+00:00,91.53,91.54,91.52,91.52,4819308
2020-06-08 04:00:00+00:00,91.54,91.54,91.52,91.53,3948725
2020-06-09 04:00:00+00:00,91.53,91.54,91.52,91.53,8993457
2020-06-10 04:00:00+00:00,91.52,91.54,91.52,91.54,3091681
2020-06-11 04:00:00+00:00,91.53,91.54,91.52,91.52,10555289
2020-06-12 04:00:00+00:00,91.54,91.54,91.52,91.54,8870393
2020-06-15 04:00:00+00:00,91.54,91.54,91.53,91.535,3392788
2020-06-16 04:00:00+00:00,91.53,91.54,91.52,91.54,2420615
2020-06-17 04:00:00+00:00,91.53,91.54,91.52,91.54,3994604
2020-06-18 04:00:00+00:00,91.54,91.54,91.53,91.53,1839476
2020-06-19 04:00:00+00:00,91.53,91.54,91.53,91.53,3116948
2020-06-22 04:00:00+00:00,91.53,91.54,91.53,91.53,3092812
2020-06-23 04:00:00+00:00,91.53,91.54,91.53,91.53,2901405
2020-06-24 04:00:00+00:00,91.53,91.54,91.53,91.53,3891823
2020-06-25 04:00:00+00:00,91.53,91.54,91.53,91.54,1767737
2020-06-26 04:00:00+00:00,91.53,91.54,91.53,91.53,1353386
2020-06-29 04:00:00+00:00,91.53,91.54,91.53,91.53,2436621
2020-06-30 04:00:00+00:00,91.53,91.54,91.53,91.53,3383461
2020-07-01 04:00:00+00:00,91.53,91.54,91.5208,91.53,3166606
2020-07-02 04:00:00+00:00,91.54,91.54,91.53,91.54,2641757
2020-07-06 04:00:00+00:00,91.53,91.54,91.53,91.53,4183129
2020-07-07 04:00:00+00:00,91.53,91.54,91.53,91.53,2108734
2020-07-08 04:00:00+00:00,91.54,91.54,91.53,91.53,4504120
2020-07-09 04:00:00+00:00,91.53,91.54,91.53,91.53,1517759
2020-07-10 04:00:00+00:00,91.54,91.54,91.53,91.54,1320402
2020-07-13 04:00:00+00:00,91.53,91.54,91.53,91.54,2142479
2020-07-14 04:00:00+00:00,91.54,91.54,91.53,91.54,1345630
2020-07-15 04:00:00+00:00,91.53,91.54,91.53,91.54,2798989
2020-07-16 04:00:00+00:00,91.54,91.54,91.5207,91.53,2399843
2020-07-17 04:00:00+00:00,91.53,91.54,91.53,91.54,2552930
2020-07-20 04:00:00+00:00,91.54,91.54,91.53,91.54,1277306
2020-07-21 04:00:00+00:00,91.54,91.54,91.53,91.54,1883863
2020-07-22 04:00:00+00:00,91.53,91.54,91.53,91.53,1490658
2020-07-23 04:00:00+00:00,91.53,91.54,91.53,91.54,1123669
2020-07-24 04:00:00+00:00,91.54,91.54,91.53,91.53,1013830
2020-07-27 04:00:00+00:00,91.53,91.54,91.53,91.53,1416364
2020-07-28 04:00:00+00:00,91.53,91.54,91.53,91.54,2016398
2020-07-29 04:00:00+00:00,91.53,91.54,91.53,91.54,1434849
2020-07-30 04:00:00+00:00,91.54,91.54,91.53,91.53,2413605
2020-07-31 04:00:00+00:00,91.53,91.54,91.53,91.54,1105994
2020-08-03 04:00:00+00:00,91.53,91.5493,91.53,91.53,1590542
2020-08-04 04:00:00+00:00,91.54,91.54,91.53,91.54,1655870
2020-08-05 04:00:00+00:00,91.53,91.54,91.53,91.53,2028546
2020-08-06 04:00:00+00:00,91.53,91.54,91.53,91.53,1593056
2020-08-07 04:00:00+00:00,91.54,91.54,91.53,91.54,2149582
2020-08-10 04:00:00+00:00,91.54,91.54,91.53,91.54,894376
2020-08-11 04:00:00+00:00,91.53,91.54,91.53,91.53,1738731
2020-08-12 04:00:00+00:00,91.53,91.54,91.53,91.53,2886615
2020-08-13 04:00:00+00:00,91.54,91.54,91.53,91.54,2356881
2020-08-14 04:00:00+00:00,91.53,91.54,91.53,91.53,1210390
2020-08-17 04:00:00+00:00,91.54,91.5497,91.53,91.53,2390246
2020-08-18 04:00:00+00:00,91.54,91.54,91.53,91.54,3541110
2020-08-19 04:00:00+00:00,91.54,91.54,91.53,91.54,1903205
2020-08-20 04:00:00+00:00,91.53,91.54,91.53,91.54,1103538
2020-08-21 04:00:00+00:00,91.54,91.54,91.53,91.54,1880900
2020-08-24 04:00:00+00:00,91.53,91.54,91.53,91.54,1284785
2020-08-25 04:00:00+00:00,91.53,91.54,91.53,91.53,1322047
2020-08-26 04:00:00+00:00,91.53,91.54,91.53,91.53,1068358
2020-08-27 04:00:00+00:00,91.53,91.54,91.53,91.53,1314512
2020-08-28 04:00:00+00:00,91.53,91.54,91.53,91.54,1029762
2020-08-31 04:00:00+00:00,91.53,91.54,91.53,91.54,1487258
2020-09-01 04:00:00+00:00,91.54,91.54,91.5206,91.54,1095216
2020-09-02 04:00:00+00:00,91.54,91.54,91.53,91.54,1557621
2020-09-03 04:00:00+00:00,91.54,91.54,91.53,91.53,2057977
2020-09-04 04:00:00+00:00,91.53,91.54,91.53,91.54,1953858
2020-09-08 04:00:00+00:00,91.53,91.54,91.52,91.54,3770623
2020-09-09 04:00:00+00:00,91.54,91.54,91.53,91.53,2275088
2020-09-10 04:00:00+00:00,91.53,91.54,91.53,91.53,1675748
2020-09-11 04:00:00+00:00,91.54,91.54,91.52,91.52,1216981
2020-09-14 04:00:00+00:00,91.53,91.54,91.52,91.54,2110587
2020-09-15 04:00:00+00:00,91.53,91.53,91.52,91.52,1516677
2020-09-16 04:00:00+00:00,91.52,91.54,91.52,91.54,1257075
2020-09-17 04:00:00+00:00,91.53,91.54,91.52,91.54,2406644
2020-09-18 04:00:00+00:00,91.53,91.54,91.52,91.52,847059
2020-09-21 04:00:00+00:00,91.52,91.54,91.52,91.52,1631996
2020-09-22 04:00:00+00:00,91.54,91.54,91.52,91.52,1581089
2020-09-23 04:00:00+00:00,91.53,91.54,91.52,91.52,2540175
2020-09-24 04:00:00+00:00,91.53,91.54,91.53,91.53,2326326
2020-09-25 04:00:00+00:00,91.53,91.54,91.52,91.52,1985543
2020-09-28 04:00:00+00:00,91.53,91.54,91.52,91.53,4097425
2020-09-29 04:00:00+00:00,91.52,91.53,91.52,91.53,2005188
2020-09-30 04:00:00+00:00,91.53,91.53,91.52,91.52,2992556
2020-10-01 04:00:00+00:00,91.52,91.54,91.5113,91.52,1031132
2020-10-02 04:00:00+00:00,91.53,91.53,91.52,91.52,2063046
2020-10-05 04:00:00+00:00,91.53,91.53,91.52,91.52,1350012
2020-10-06 04:00:00+00:00,91.52,91.53,91.52,91.53,2461791
2020-10-07 04:00:00+00:00,91.52,91.53,91.52,91.52,969196
2020-10-08 04:00:00+00:00,91.52,91.53,91.52,91.52,842824
2020-10-09 04:00:00+00:00,91.52,91.53,91.52,91.52,977515
2020-10-12 04:00:00+00:00,91.52,91.53,91.52,91.53,2249028
2020-10-13 04:00:00+00:00,91.53,91.53,91.52,91.52,1905850
2020-10-14 04:00:00+00:00,91.52,91.53,91.52,91.52,1737182
2020-10-15 04:00:00+00:00,91.53,91.53,91.52,91.52,1225568
2020-10-16 04:00:00+00:00,91.53,91.53,91.52,91.53,1523328
2020-10-19 04:00:00+00:00,91.53,91.53,91.52,91.53,790599
2020-10-20 04:00:00+00:00,91.52,91.53,91.52,91.52,1489494
2020-10-21 04:00:00+00:00,91.52,91.53,91.52,91.52,1068498
2020-10-22 04:00:00+00:00,91.52,91.53,91.52,91.53,1010037
2020-10-23 04:00:00+00:00,91.53,91.53,91.52,91.53,1011352
2020-10-26 04:00:00+00:00,91.52,91.53,91.52,91.53,3163273
2020-10-27 04:00:00+00:00,91.52,91.53,91.52,91.52,1080484
2020-10-28 04:00:00+00:00,91.53,91.53,91.52,91.52,2158668
2020-10-29 04:00:00+00:00,91.52,91.53,91.52,91.53,2699252
2020-10-30 04:00:00+00:00,91.53,91.53,91.52,91.53,2500647
2020-11-02 05:00:00+00:00,91.52,91.53,91.52,91.53,1381943
2020-11-03 05:00:00+00:00,91.52,91.53,91.52,91.53,950213
2020-11-04 05:00:00+00:00,91.53,91.53,91.52,91.52,2469070
2020-11-05 05:00:00+00:00,91.52,91.53,91.52,91.53,2171818
2020-11-06 05:00:00+00:00,91.53,91.53,91.52,91.52,1640759
2020-11-09 05:00:00+00:00,91.53,91.53,91.52,91.53,3215001
2020-11-10 05:00:00+00:00,91.52,91.53,91.52,91.52,2776553
2020-11-11 05:00:00+00:00,91.52,91.53,91.52,91.52,967242
2020-11-12 05:00:00+00:00,91.53,91.53,91.52,91.52,1127823
2020-11-13 05:00:00+00:00,91.52,91.53,91.52,91.53,1039517
2020-11-16 05:00:00+00:00,91.52,91.53,91.52,91.53,1099524
2020-11-17 05:00:00+00:00,91.52,91.53,91.52,91.53,1679297
2020-11-18 05:00:00+00:00,91.53,91.53,91.52,91.53,2628673
2020-11-19 05:00:00+00:00,91.53,91.53,91.52,91.53,1111834
2020-11-20 05:00:00+00:00,91.52,91.53,91.52,91.53,905552
2020-11-23 05:00:00+00:00,91.53,91.53,91.52,91.53,1082649
2020-11-24 05:00:00+00:00,91.52,91.53,91.52,91.53,2149027
2020-11-25 05:00:00+00:00,91.52,91.53,91.52,91.52,994920
2020-11-27 05:00:00+00:00,91.52,91.53,91.52,91.53,528120
2020-11-30 05:00:00+00:00,91.52,91.53,91.52,91.52,1227201
2020-12-01 05:00:00+00:00,91.51,91.53,91.51,91.51,2897080
2020-12-02 05:00:00+00:00,91.51,91.53,91.51,91.52,3469388
2020-12-03 05:00:00+00:00,91.52,91.53,91.52,91.52,1384474
2020-12-04 05:00:00+00:00,91.52,91.53,91.52,91.53,1308608
2020-12-07 05:00:00+00:00,91.52,91.53,91.51,91.51,1722055
2020-12-08 05:00:00+00:00,91.52,91.53,91.51,91.51,2137565
2020-12-09 05:00:00+00:00,91.52,91.52,91.51,91.51,2421701
2020-12-10 05:00:00+00:00,91.52,91.52,91.51,91.51,805875
2020-12-11 05:00:00+00:00,91.51,91.52,91.51,91.52,818587
2020-12-14 05:00:00+00:00,91.51,91.52,91.51,91.51,1272011
2020-12-15 05:00:00+00:00,91.51,91.52,91.51,91.51,1237170
2020-12-16 05:00:00+00:00,91.51,91.52,91.51,91.52,1051843
2020-12-17 05:00:00+00:00,91.51,91.52,91.51,91.52,1054312
2020-12-18 05:00:00+00:00,91.52,91.52,91.51,91.52,1044652
2020-12-21 05:00:00+00:00,91.51,91.52,91.51,91.52,1354007
2020-12-22 05:00:00+00:00,91.52,91.52,91.51,91.52,1146630
2020-12-23 05:00:00+00:00,91.51,91.52,91.51,91.51,1070713
2020-12-24 05:00:00+00:00,91.52,91.52,91.51,91.52,591599
2020-12-28 05:00:00+00:00,91.51,91.52,91.51,91.52,796765
2020-12-29 05:00:00+00:00,91.52,91.52,91.51,91.52,1594193
2020-12-30 05:00:00+00:00,91.51,91.52,91.51,91.51,1223944
2020-12-31 05:00:00+00:00,91.51,91.52,91.51,91.52,1345573
2021-01-04 05:00:00+00:00,91.52,91.52,91.51,91.52,1616757
2021-01-05 05:00:00+00:00,91.51,91.52,91.51,91.51,950962
2021-01-06 05:00:00+00:00,91.5141,91.52,91.51,91.52,1738349
2021-01-07 05:00:00+00:00,91.51,91.52,91.51,91.52,1261727
2021-01-08 05:00:00+00:00,91.51,91.52,91.51,91.51,1768121
2021-01-11 05:00:00+00:00,91.51,91.52,91.51,91.52,1134677
2021-01-12 05:00:00+00:00,91.52,91.52,91.51,91.51,4159090
2021-01-13 05:00:00+00:00,91.51,91.52,91.51,91.51,3270683
2021-01-14 05:00:00+00:00,91.51,91.52,91.51,91.52,2064004
2021-01-15 05:00:00+00:00,91.51,91.52,91.51,91.52,2274271
2021-01-19 05:00:00+00:00,91.51,91.52,91.51,91.52,1993806
2021-01-20 05:00:00+00:00,91.51,91.52,91.51,91.52,678437
2021-01-21 05:00:00+00:00,91.515,91.52,91.51,91.52,868876
2021-01-22 05:00:00+00:00,91.51,91.52,91.51,91.51,781282
2021-01-25 05:00:00+00:00,91.51,91.52,91.51,91.52,925620
2021-01-26 05:00:00+00:00,91.51,91.52,91.51,91.51,1930571
2021-01-27 05:00:00+00:00,91.52,91.52,91.51,91.51,1682758
2021-01-28 05:00:00+00:00,91.5133,91.52,91.51,91.52,2005363
2021-01-29 05:00:00+00:00,91.51,91.52,91.51,91.52,3774360
2021-02-01 05:00:00+00:00,91.52,91.526822,91.51,91.52,1576398
2021-02-02 05:00:00+00:00,91.51,91.52,91.51,91.51,1178038
2021-02-03 05:00:00+00:00,91.52,91.52,91.51,91.51,1226658
2021-02-04 05:00:00+00:00,91.51,91.52,91.51,91.52,1004373
2021-02-05 05:00:00+00:00,91.52,91.52,91.51,91.52,741102
2021-02-08 05:00:00+00:00,91.51,91.52,91.51,91.52,1509277
2021-02-09 05:00:00+00:00,91.51,91.52,91.51,91.52,1272526
2021-02-10 05:00:00+00:00,91.52,91.52,91.51,91.51,1431425
2021-02-11 05:00:00+00:00,91.51,91.52,91.51,91.52,726723
2021-02-12 05:00:00+00:00,91.51,91.52,91.51,91.51,901981
2021-02-16 05:00:00+00:00,91.51,91.52,91.51,91.52,1056688
2021-02-17 05:00:00+00:00,91.51,91.52,91.51,91.52,817793
2021-02-18 05:00:00+00:00,91.51,91.52,91.51,91.51,1408211
2021-02-19 05:00:00+00:00,91.51,91.52,91.51,91.52,819417
2021-02-22 05:00:00+00:00,91.51,91.52,91.51,91.51,1285807
2021-02-23 05:00:00+00:00,91.51,91.52,91.51,91.51,1171220
2021-02-24 05:00:00+00:00,91.51,91.51,91.5,91.5,876557
2021-02-25 05:00:00+00:00,91.5,91.51,91.5,91.51,1372846
2021-02-26 05:00:00+00:00,91.505,91.51,91.5,91.51,1974038
2021-03-01 05:00:00+00:00,91.51,91.51,91.5,91.5,1290160
2021-03-02 05:00:00+00:00,91.505,91.51,91.5,91.5,1668937
2021-03-03 05:00:00+00:00,91.5,91.51,91.5,91.51,1816818
2021-03-04 05:00:00+00:00,91.51,91.51,91.5,91.51,1517361
2021-03-05 05:00:00+00:00,91.5,91.51,91.5,91.51,1251508
2021-03-08 05:00:00+00:00,91.5,91.51,91.5,91.5,1076487
2021-03-09 05:00:00+00:00,91.5,91.51,91.5,91.5,1520045
2021-03-10 05:00:00+00:00,91.5,91.51,91.5,91.5,1111909
2021-03-11 05:00:00+00:00,91.5,91.51,91.5,91.51,660329
2021-03-12 05:00:00+00:00,91.5,91.51,91.5,91.5,744109
2021-03-15 04:00:00+00:00,91.5,91.51,91.5,91.5,977430
2021-03-16 04:00:00+00:00,91.5,91.51,91.5,91.5,1160830
2021-03-17 04:00:00+00:00,91.5,91.51,91.5,91.51,1045522
2021-03-18 04:00:00+00:00,91.5,91.51,91.5,91.5,957053
2021-03-19 04:00:00+00:00,91.51,91.51,91.5,91.5,704811
2021-03-22 04:00:00+00:00,91.5,91.51,91.5,91.5,677376
2021-03-23 04:00:00+00:00,91.51,91.51,91.5,91.51,2706641
2021-03-24 04:00:00+00:00,91.5,91.51,91.5,91.5,518025
2021-03-25 04:00:00+00:00,91.5,91.51,91.5,91.5,1224686
2021-03-26 04:00:00+00:00,91.5,91.51,91.5,91.5,797605
2021-03-29 04:00:00+00:00,91.5,91.51,91.5,91.5,938075
2021-03-30 04:00:00+00:00,91.5,91.51,91.5,91.51,610885
2021-03-31 04:00:00+00:00,91.5,91.51,91.5,91.5,889432
2021-04-01 04:00:00+00:00,91.51,91.51,91.485,91.51,2292612
2021-04-05 04:00:00+00:00,91.5,91.5,91.49,91.5,1016740
2021-04-06 04:00:00+00:00,91.49,91.5,91.49,91.49,676395
2021-04-07 04:00:00+00:00,91.5,91.5,91.49,91.49,1045833
2021-04-08 04:00:00+00:00,91.49,91.5,91.49,91.5,2914360
2021-04-09 04:00:00+00:00,91.49,91.5,91.49,91.49,736846
2021-04-12 04:00:00+00:00,91.49,91.5,91.49,91.49,866896
2021-04-13 04:00:00+00:00,91.5,91.5,91.49,91.49,2840834
2021-04-14 04:00:00+00:00,91.49,91.5,91.49,91.49,645218
2021-04-15 04:00:00+00:00,91.5,91.5,91.49,91.5,794054
2021-04-16 04:00:00+00:00,91.49,91.5,91.49,91.5,2055242
2021-04-19 04:00:00+00:00,91.49,91.5,91.49,91.49,754266
2021-04-20 04:00:00+00:00,91.49,91.5,91.49,91.49,1548574
2021-04-21 04:00:00+00:00,91.49,91.5,91.49,91.49,984803
2021-04-22 04:00:00+00:00,91.49,91.5,91.49,91.5,1252338
2021-04-23 04:00:00+00:00,91.5,91.5,91.49,91.5,510546
2021-04-26 04:00:00+00:00,91.49,91.5,91.49,91.49,1062092
2021-04-27 04:00:00+00:00,91.49,91.5,91.49,91.5,793424
2021-04-28 04:00:00+00:00,91.49,91.5,91.49,91.49,1002993
2021-04-29 04:00:00+00:00,91.49,91.5,91.49,91.49,914431
2021-04-30 04:00:00+00:00,91.49,91.5,91.49,91.5,1068353
2021-05-03 04:00:00+00:00,91.49,91.5,91.49,91.5,1183740
2021-05-04 04:00:00+00:00,91.49,91.5,91.49,91.49,2262780
2021-05-05 04:00:00+00:00,91.49,91.5,91.49,91.5,790625
2021-05-06 04:00:00+00:00,91.49,91.5,91.49,91.5,1066557
2021-05-07 04:00:00+00:00,91.48,91.49,91.48,91.49,1856449
2021-05-10 04:00:00+00:00,91.48,91.49,91.48,91.49,730488
2021-05-11 04:00:00+00:00,91.48,91.49,91.48,91.49,1188538
2021-05-12 04:00:00+00:00,91.49,91.49,91.48,91.48,921257
2021-05-13 04:00:00+00:00,91.48,91.5,91.48,91.48,5955682
2021-05-14 04:00:00+00:00,91.48,91.49,91.48,91.48,1673737
2021-05-17 04:00:00+00:00,91.48,91.49,91.48,91.49,895713
2021-05-18 04:00:00+00:00,91.49,91.49,91.48,91.49,1072303
2021-05-19 04:00:00+00:00,91.48,91.49,91.48,91.48,1750953
2021-05-20 04:00:00+00:00,91.48,91.49,91.48,91.48,867299
2021-05-21 04:00:00+00:00,91.48,91.49,91.48,91.49,873052
2021-05-24 04:00:00+00:00,91.48,91.49,91.48,91.48,1043274
2021-05-25 04:00:00+00:00,91.48,91.49,91.48,91.48,703362
2021-05-26 04:00:00+00:00,91.49,91.49,91.48,91.48,1016096
2021-05-27 04:00:00+00:00,91.48,91.49,91.48,91.49,691099
2021-05-28 04:00:00+00:00,91.48,91.49,91.48,91.49,960505
2021-06-01 04:00:00+00:00,91.48,91.49,91.48,91.48,1147809
2021-06-02 04:00:00+00:00,91.49,91.49,91.48,91.48,1843325
2021-06-03 04:00:00+00:00,91.48,91.49,91.48,91.48,525058
2021-06-04 04:00:00+00:00,91.48,91.49,91.48,91.49,1043419
2021-06-07 04:00:00+00:00,91.48,91.49,91.47,91.47,995927
2021-06-08 04:00:00+00:00,91.47,91.48,91.47,91.47,838066
2021-06-09 04:00:00+00:00,91.48,91.48,91.47,91.47,1141546
2021-06-10 04:00:00+00:00,91.47,91.48,91.47,91.47,914832
2021-06-11 04:00:00+00:00,91.47,91.48,91.47,91.48,824764
2021-06-14 04:00:00+00:00,91.47,91.48,91.47,91.47,446730
2021-06-15 04:00:00+00:00,91.47,91.48,91.47,91.47,1019828
2021-06-16 04:00:00+00:00,91.47,91.48,91.47,91.48,585076
2021-06-17 04:00:00+00:00,91.48,91.48,91.47,91.47,1473763
2021-06-18 04:00:00+00:00,91.47,91.48,91.47,91.48,895928
2021-06-21 04:00:00+00:00,91.48,91.48,91.47,91.47,851837
2021-06-22 04:00:00+00:00,91.47,91.48,91.47,91.47,395085
2021-06-23 04:00:00+00:00,91.47,91.48,91.47,91.47,670276
2021-06-24 04:00:00+00:00,91.47,91.48,91.47,91.48,933837
2021-06-25 04:00:00+00:00,91.47,91.48,91.47,91.48,1258515
2021-06-28 04:00:00+00:00,91.48,91.48,91.47,91.47,611208
2021-06-29 04:00:00+00:00,91.47,91.48,91.47,91.47,892975
2021-06-30 04:00:00+00:00,91.48,91.48,91.47,91.47,578146
2021-07-01 04:00:00+00:00,91.47,91.48,91.47,91.48,597266
2021-07-02 04:00:00+00:00,91.47,91.47,91.46,91.47,635022
2021-07-06 04:00:00+00:00,91.46,91.47,91.46,91.46,668679
2021-07-07 04:00:00+00:00,91.46,91.47,91.46,91.46,890152
2021-07-08 04:00:00+00:00,91.46,91.47,91.46,91.47,955138
2021-07-09 04:00:00+00:00,91.47,91.47,91.46,91.47,723762
2021-07-12 04:00:00+00:00,91.46,91.47,91.46,91.47,747272
2021-07-13 04:00:00+00:00,91.46,91.47,91.46,91.47,1053394
2021-07-14 04:00:00+00:00,91.46,91.47,91.46,91.46,589980
2021-07-15 04:00:00+00:00,91.46,91.47,91.46,91.47,1001409
2021-07-16 04:00:00+00:00,91.46,91.47,91.46,91.47,633342
2021-07-19 04:00:00+00:00,91.46,91.47,91.46,91.46,2756776
2021-07-20 04:00:00+00:00,91.46,91.47,91.46,91.46,1733672
2021-07-21 04:00:00+00:00,91.46,91.47,91.46,91.46,1130883
2021-07-22 04:00:00+00:00,91.46,91.47,91.46,91.47,683730
2021-07-23 04:00:00+00:00,91.46,91.47,91.46,91.46,1082866
2021-07-26 04:00:00+00:00,91.46,91.47,91.46,91.47,740330
2021-07-27 04:00:00+00:00,91.47,91.47,91.46,91.46,882364
2021-07-28 04:00:00+00:00,91.46,91.47,91.46,91.46,1349064
2021-07-29 04:00:00+00:00,91.46,91.47,91.46,91.47,908558
2021-07-30 04:00:00+00:00,91.46,91.47,91.46,91.46,413525
2021-08-02 04:00:00+00:00,91.46,91.47,91.46,91.46,599820
2021-08-03 04:00:00+00:00,91.46,91.47,91.46,91.46,760717
2021-08-04 04:00:00+00:00,91.46,91.47,91.46,91.46,1089573
2021-08-05 04:00:00+00:00,91.46,91.47,91.46,91.46,489824
2021-08-06 04:00:00+00:00,91.46,91.47,91.46,91.47,701524
2021-08-09 04:00:00+00:00,91.46,91.47,91.46,91.47,1646835
2021-08-10 04:00:00+00:00,91.47,91.47,91.46,91.46,966201
2021-08-11 04:00:00+00:00,91.46,91.47,91.46,91.46,1093310
2021-08-12 04:00:00+00:00,91.46,91.47,91.46,91.46,621043
2021-08-13 04:00:00+00:00,91.47,91.47,91.46,91.47,1129863
2021-08-16 04:00:00+00:00,91.46,91.47,91.45,91.45,1694782
2021-08-17 04:00:00+00:00,91.47,91.47,91.45,91.45,1744932
2021-08-18 04:00:00+00:00,91.45,91.47,91.45,91.45,938565
2021-08-19 04:00:00+00:00,91.45,91.47,91.45,91.47,1842534
2021-08-20 04:00:00+00:00,91.46,91.47,91.45,91.47,801548
2021-08-23 04:00:00+00:00,91.46,91.46,91.45,91.45,484735
2021-08-24 04:00:00+00:00,91.45,91.46,91.45,91.45,852454
2021-08-25 04:00:00+00:00,91.45,91.46,91.45,91.45,567773
2021-08-26 04:00:00+00:00,91.46,91.46,91.45,91.46,826831
2021-08-27 04:00:00+00:00,91.46,91.46,91.45,91.46,484427
2021-08-30 04:00:00+00:00,91.46,91.46,91.45,91.46,633865
2021-08-31 04:00:00+00:00,91.45,91.46,91.45,91.45,1092271
2021-09-01 04:00:00+00:00,91.46,91.46,91.45,91.45,1076935
2021-09-02 04:00:00+00:00,91.45,91.47,91.45,91.47,775073
2021-09-03 04:00:00+00:00,91.46,91.46,91.45,91.45,500319
2021-09-07 04:00:00+00:00,91.46,91.46,91.45,91.45,1604021
2021-09-08 04:00:00+00:00,91.45,91.46,91.45,91.45,1073672
2021-09-09 04:00:00+00:00,91.45,91.46,91.45,91.45,735522
2021-09-10 04:00:00+00:00,91.45,91.46,91.45,91.46,525183
2021-09-13 04:00:00+00:00,91.45,91.46,91.45,91.46,5169028
2021-09-14 04:00:00+00:00,91.46,91.46,91.45,91.45,4538332
2021-09-15 04:00:00+00:00,91.45,91.46,91.45,91.45,1465480
2021-09-16 04:00:00+00:00,91.46,91.46,91.45,91.46,1333725
2021-09-17 04:00:00+00:00,91.45,91.46,91.45,91.45,815373
2021-09-20 04:00:00+00:00,91.45,91.46,91.45,91.46,1212437
2021-09-21 04:00:00+00:00,91.45,91.46,91.45,91.45,1462343
2021-09-22 04:00:00+00:00,91.45,91.46,91.45,91.45,1072145
2021-09-23 04:00:00+00:00,91.45,91.46,91.45,91.46,1109994
2021-09-24 04:00:00+00:00,91.46,91.46,91.45,91.45,1912114
2021-09-27 04:00:00+00:00,91.46,91.46,91.44,91.45,2607557
2021-09-28 04:00:00+00:00,91.46,91.46,91.44,91.45,983634
2021-09-29 04:00:00+00:00,91.45,91.46,91.45,91.46,802974
2021-09-30 04:00:00+00:00,91.45,91.46,91.45,91.46,792773
2021-10-01 04:00:00+00:00,91.46,91.46,91.44,91.46,1487698
2021-10-04 04:00:00+00:00,91.45,91.45,91.44,91.44,761781
2021-10-05 04:00:00+00:00,91.44,91.45,91.44,91.45,569096
2021-10-06 04:00:00+00:00,91.44,91.45,91.44,91.45,1394867
2021-10-07 04:00:00+00:00,91.44,91.45,91.44,91.45,789341
2021-10-08 04:00:00+00:00,91.45,91.45,91.44,91.45,516243
2021-10-11 04:00:00+00:00,91.44,91.45,91.44,91.45,625356
2021-10-12 04:00:00+00:00,91.44,91.45,91.44,91.45,667084
2021-10-13 04:00:00+00:00,91.44,91.45,91.44,91.45,1024007
2021-10-14 04:00:00+00:00,91.45,91.45,91.44,91.44,638605
2021-10-15 04:00:00+00:00,91.44,91.45,91.44,91.45,840844
2021-10-18 04:00:00+00:00,91.44,91.45,91.44,91.44,650096
2021-10-19 04:00:00+00:00,91.44,91.45,91.44,91.44,597693
2021-10-20 04:00:00+00:00,91.45,91.45,91.44,91.44,2301451
2021-10-21 04:00:00+00:00,91.44,91.45,91.44,91.44,742786
2021-10-22 04:00:00+00:00,91.44,91.45,91.43,91.44,729471
2021-10-25 04:00:00+00:00,91.45,91.45,91.44,91.45,677438
2021-10-26 04:00:00+00:00,91.44,91.45,91.43,91.43,1115118
2021-10-27 04:00:00+00:00,91.44,91.45,91.43,91.43,851291
2021-10-28 04:00:00+00:00,91.44,91.45,91.44,91.45,708865
2021-10-29 04:00:00+00:00,91.44,91.45,91.43,91.45,938462
2021-11-01 04:00:00+00:00,91.44,91.45,91.44,91.45,1131712
2021-11-02 04:00:00+00:00,91.44,91.45,91.43,91.43,711939
2021-11-03 04:00:00+00:00,91.44,91.44,91.43,91.43,1200416
2021-11-04 04:00:00+00:00,91.44,91.45,91.43,91.44,856521
2021-11-05 04:00:00+00:00,91.44,91.44,91.43,91.44,899230
2021-11-08 05:00:00+00:00,91.44,91.45,91.43,91.45,1396341
2021-11-09 05:00:00+00:00,91.44,91.44,91.43,91.43,1055758
2021-11-10 05:00:00+00:00,91.44,91.45,91.43,91.43,1284047
2021-11-11 05:00:00+00:00,91.44,91.44,91.43,91.44,795107
2021-11-12 05:00:00+00:00,91.43,91.44,91.43,91.44,614358
2021-11-15 05:00:00+00:00,91.44,91.44,91.43,91.44,684840
2021-11-16 05:00:00+00:00,91.44,91.44,91.43,91.43,1154121
2021-11-17 05:00:00+00:00,91.43,91.44,91.43,91.43,1203540
2021-11-18 05:00:00+00:00,91.43,91.44,91.43,91.44,885818
2021-11-19 05:00:00+00:00,91.44,91.44,91.43,91.44,1485083
2021-11-22 05:00:00+00:00,91.43,91.44,91.43,91.44,838881
2021-11-23 05:00:00+00:00,91.43,91.44,91.43,91.43,787319
2021-11-24 05:00:00+00:00,91.43,91.44,91.43,91.44,781669
2021-11-26 05:00:00+00:00,91.43,91.44,91.43,91.43,763926
2021-11-29 05:00:00+00:00,91.43,91.44,91.43,91.44,1078458
2021-11-30 05:00:00+00:00,91.44,91.44,91.43,91.43,2677356
2021-12-01 05:00:00+00:00,91.44,91.44,91.43,91.44,2066211
2021-12-02 05:00:00+00:00,91.44,91.44,91.43,91.44,1627555
2021-12-03 05:00:00+00:00,91.44,91.44,91.43,91.43,768459
2021-12-06 05:00:00+00:00,91.44,91.44,91.43,91.43,809468
2021-12-07 05:00:00+00:00,91.44,91.44,91.43,91.43,691083
2021-12-08 05:00:00+00:00,91.43,91.44,91.43,91.44,1536765
2021-12-09 05:00:00+00:00,91.43,91.44,91.43,91.43,1130166
2021-12-10 05:00:00+00:00,91.44,91.44,91.43,91.44,978749
2021-12-13 05:00:00+00:00,91.43,91.44,91.43,91.44,489484
2021-12-14 05:00:00+00:00,91.44,91.44,91.43,91.44,838841
2021-12-15 05:00:00+00:00,91.43,91.44,91.43,91.44,1759289
2021-12-16 05:00:00+00:00,91.43,91.44,91.43,91.43,870851
2021-12-17 05:00:00+00:00,91.44,91.44,91.43,91.44,1069956
2021-12-20 05:00:00+00:00,91.43,91.44,91.43,91.43,2241001
2021-12-21 05:00:00+00:00,91.43,91.44,91.42,91.42,2655436
2021-12-22 05:00:00+00:00,91.43,91.44,91.42,91.42,1089953
2021-12-23 05:00:00+00:00,91.42,91.43,91.42,91.42,613821
2021-12-27 05:00:00+00:00,91.42,91.43,91.42,91.43,792102
2021-12-28 05:00:00+00:00,91.43,91.43,91.42,91.42,1982403
2021-12-29 05:00:00+00:00,91.42,91.43,91.42,91.42,1297127
2021-12-30 05:00:00+00:00,91.42,91.43,91.42,91.43,851556
2021-12-31 05:00:00+00:00,91.42,91.43,91.42,91.43,914825
2022-01-03 05:00:00+00:00,91.43,91.43,91.42,91.42,1820561
2022-01-04 05:00:00+00:00,91.42,91.43,91.42,91.43,2650131
2022-01-05 05:00:00+00:00,91.43,91.43,91.42,91.43,1848106
2022-01-06 05:00:00+00:00,91.43,91.43,91.42,91.43,1088996
2022-01-07 05:00:00+00:00,91.43,91.43,91.42,91.43,820502
2022-01-10 05:00:00+00:00,91.42,91.43,91.42,91.42,1904622
2022-01-11 05:00:00+00:00,91.42,91.42,91.41,91.41,1929056
2022-01-12 05:00:00+00:00,91.42,91.43,91.42,91.42,992437
2022-01-13 05:00:00+00:00,91.42,91.43,91.42,91.43,1066410
2022-01-14 05:00:00+00:00,91.42,91.43,91.42,91.43,587967
2022-01-18 05:00:00+00:00,91.43,91.43,91.41,91.41,3182172
2022-01-19 05:00:00+00:00,91.43,91.43,91.42,91.43,2105248
2022-01-20 05:00:00+00:00,91.43,91.43,91.42,91.43,1760552
2022-01-21 05:00:00+00:00,91.42,91.43,91.41,91.42,2951324
2022-01-24 05:00:00+00:00,91.41,91.43,91.41,91.43,4908854
2022-01-25 05:00:00+00:00,91.42,91.43,91.41,91.41,4795801
2022-01-26 05:00:00+00:00,91.41,91.428,91.41,91.42,3731264
2022-01-27 05:00:00+00:00,91.41,91.43,91.41,91.43,6317289
2022-01-28 05:00:00+00:00,91.42,91.43,91.41,91.41,4948547
2022-01-31 05:00:00+00:00,91.42,91.4313,91.41,91.43,26427056
2022-02-01 05:00:00+00:00,91.41,91.43,91.41,91.42,6519182
2022-02-02 05:00:00+00:00,91.42,91.43,91.42,91.43,2140232
2022-02-03 05:00:00+00:00,91.42,91.43,91.41,91.43,2387175
2022-02-04 05:00:00+00:00,91.42,91.42,91.41,91.41,6742092
2022-02-07 05:00:00+00:00,91.42,91.42,91.41,91.41,1692738
2022-02-08 05:00:00+00:00,91.42,91.42,91.41,91.42,24208933
2022-02-09 05:00:00+00:00,91.41,91.42,91.41,91.41,4415496
2022-02-10 05:00:00+00:00,91.41,91.42,91.4,91.41,6138255
2022-02-11 05:00:00+00:00,91.41,91.42,91.4,91.41,3172323
2022-02-14 05:00:00+00:00,91.41,91.42,91.4,91.4,1894375
2022-02-15 05:00:00+00:00,91.41,91.42,91.41,91.42,956427
2022-02-16 05:00:00+00:00,91.42,91.42,91.41,91.42,1077469
2022-02-17 05:00:00+00:00,91.42,91.42,91.41,91.41,2334567
2022-02-18 05:00:00+00:00,91.42,91.42,91.41,91.42,1507294
2022-02-22 05:00:00+00:00,91.41,91.42,91.41,91.42,2188480
2022-02-23 05:00:00+00:00,91.41,91.42,91.41,91.41,11557917
2022-02-24 05:00:00+00:00,91.42,91.43,91.41,91.41,8572319
2022-02-25 05:00:00+00:00,91.42,91.42,91.41,91.41,1961495
2022-02-28 05:00:00+00:00,91.42,91.42,91.41,91.41,1814619
2022-03-01 05:00:00+00:00,91.42,91.42,91.41,91.41,4443957
2022-03-02 05:00:00+00:00,91.42,91.42,91.41,91.41,2344629
2022-03-03 05:00:00+00:00,91.42,91.42,91.41,91.42,2283527
2022-03-04 05:00:00+00:00,91.41,91.42,91.41,91.42,1250963
2022-03-07 05:00:00+00:00,91.4,91.42,91.4,91.42,15949299
2022-03-08 05:00:00+00:00,91.42,91.42,91.41,91.42,7753026
2022-03-09 05:00:00+00:00,91.42,91.42,91.41,91.42,2610513
2022-03-10 05:00:00+00:00,91.42,91.42,91.41,91.42,2361619
2022-03-11 05:00:00+00:00,91.42,91.42,91.41,91.41,852250
2022-03-14 04:00:00+00:00,91.41,91.42,91.41,91.42,5013748
2022-03-15 04:00:00+00:00,91.42,91.42,91.4,91.4,6347733
2022-03-16 04:00:00+00:00,91.41,91.42,91.4,91.42,1786945
2022-03-17 04:00:00+00:00,91.41,91.42,91.41,91.42,5472499
2022-03-18 04:00:00+00:00,91.42,91.42,91.41,91.41,3152053
2022-03-21 04:00:00+00:00,91.41,91.42,91.41,91.41,3981732
2022-03-22 04:00:00+00:00,91.42,91.42,91.41,91.41,3564619
2022-03-23 04:00:00+00:00,91.41,91.43,91.41,91.43,2211115
2022-03-24 04:00:00+00:00,91.42,91.43,91.42,91.43,1749551
2022-03-25 04:00:00+00:00,91.43,91.43,91.41,91.41,2873492
2022-03-28 04:00:00+00:00,91.42,91.42,91.41,91.41,3179095
2022-03-29 04:00:00+00:00,91.42,91.43,91.41,91.41,4389753
2022-03-30 04:00:00+00:00,91.41,91.43,91.41,91.43,5638485
2022-03-31 04:00:00+00:00,91.43,91.43,91.42,91.43,4940550
2022-04-01 04:00:00+00:00,91.42,91.43,91.41,91.43,2333442
2022-04-04 04:00:00+00:00,91.41,91.42,91.41,91.42,2497986
2022-04-05 04:00:00+00:00,91.41,91.42,91.41,91.41,2169183
2022-04-06 04:00:00+00:00,91.42,91.42,91.41,91.42,2713728
2022-04-07 04:00:00+00:00,91.41,91.42,91.41,91.42,2655555
2022-04-08 04:00:00+00:00,91.41,91.42,91.41,91.41,4747536
2022-04-11 04:00:00+00:00,91.42,91.42,91.41,91.42,3631101
2022-04-12 04:00:00+00:00,91.41,91.42,91.41,91.42,5800136
2022-04-13 04:00:00+00:00,91.41,91.42,91.41,91.42,3772645
2022-04-14 04:00:00+00:00,91.41,91.42,91.41,91.41,1634167
2022-04-18 04:00:00+00:00,91.41,91.42,91.41,91.42,2884497
2022-04-19 04:00:00+00:00,91.41,91.42,91.41,91.41,3206916
2022-04-20 04:00:00+00:00,91.41,91.43,91.41,91.43,1937375
2022-04-21 04:00:00+00:00,91.43,91.43,91.42,91.43,3808523
2022-04-22 04:00:00+00:00,91.41,91.43,91.41,91.42,2192742
2022-04-25 04:00:00+00:00,91.41,91.43,91.41,91.43,10581812
2022-04-26 04:00:00+00:00,91.42,91.43,91.42,91.42,4573213
2022-04-27 04:00:00+00:00,91.42,91.43,91.42,91.42,7574734
2022-04-28 04:00:00+00:00,91.42,91.44,91.42,91.44,6079055
2022-04-29 04:00:00+00:00,91.43,91.43,91.42,91.42,2693453
2022-05-02 04:00:00+00:00,91.44,91.44,91.42,91.43,7578923
2022-05-03 04:00:00+00:00,91.44,91.44,91.42,91.42,6146977
2022-05-04 04:00:00+00:00,91.42,91.44,91.42,91.44,3090610
2022-05-05 04:00:00+00:00,91.44,91.44,91.43,91.44,5216849
2022-05-06 04:00:00+00:00,91.43,91.44,91.43,91.44,4803046
2022-05-09 04:00:00+00:00,91.45,91.45,91.43,91.43,8861128
2022-05-10 04:00:00+00:00,91.44,91.45,91.43,91.43,8330384
2022-05-11 04:00:00+00:00,91.43,91.45,91.43,91.43,6442330
2022-05-12 04:00:00+00:00,91.44,91.45,91.43,91.44,9051847
2022-05-13 04:00:00+00:00,91.43,91.45,91.43,91.45,14933891
2022-05-16 04:00:00+00:00,91.44,91.44,91.43,91.44,2720626
2022-05-17 04:00:00+00:00,91.43,91.45,91.43,91.44,2496668
2022-05-18 04:00:00+00:00,91.44,91.45,91.43,91.44,4469556
2022-05-19 04:00:00+00:00,91.45,91.46,91.44,91.46,4075098
2022-05-20 04:00:00+00:00,91.45,91.46,91.44,91.46,3231219
2022-05-23 04:00:00+00:00,91.45,91.46,91.45,91.46,2117543
2022-05-24 04:00:00+00:00,91.46,91.46,91.45,91.45,3483385
2022-05-25 04:00:00+00:00,91.45,91.46,91.45,91.46,1732339
2022-05-26 04:00:00+00:00,91.45,91.48,91.45,91.48,3426708
2022-05-27 04:00:00+00:00,91.47,91.47,91.45,91.46,2966018
2022-05-31 04:00:00+00:00,91.47,91.47,91.4448,91.45,19795835
2022-06-01 04:00:00+00:00,91.44,91.44,91.4181,91.42,19066025
2022-06-02 04:00:00+00:00,91.43,91.44,91.42,91.44,1286880
2022-06-03 04:00:00+00:00,91.43,91.44,91.42,91.42,3125745
2022-06-06 04:00:00+00:00,91.43,91.43,91.42,91.43,1615180
2022-06-07 04:00:00+00:00,91.43,91.44,91.42,91.42,1797203
2022-06-08 04:00:00+00:00,91.44,91.44,91.43,91.43,2029340
2022-06-09 04:00:00+00:00,91.44,91.44,91.43,91.44,1868749
2022-06-10 04:00:00+00:00,91.44,91.44,91.42,91.42,7167045
2022-06-13 04:00:00+00:00,91.43,91.4319,91.42,91.43,37616107
2022-06-14 04:00:00+00:00,91.42,91.42,91.41,91.42,8460626
2022-06-15 04:00:00+00:00,91.42,91.43,91.41,91.43,2922399
2022-06-16 04:00:00+00:00,91.43,91.45,91.42,91.45,5312040
2022-06-17 04:00:00+00:00,91.44,91.45,91.44,91.44,3479207
2022-06-21 04:00:00+00:00,91.45,91.46,91.44,91.46,5374001
2022-06-22 04:00:00+00:00,91.46,91.47,91.45,91.47,2948024
2022-06-23 04:00:00+00:00,91.47,91.47,91.46,91.47,4682764
2022-06-24 04:00:00+00:00,91.47,91.47,91.45,91.45,3583345
2022-06-27 04:00:00+00:00,91.46,91.46,91.45,91.45,7662484
2022-06-28 04:00:00+00:00,91.46,91.47,91.46,91.47,2934860
2022-06-29 04:00:00+00:00,91.45,91.48,91.45,91.48,2139552
2022-06-30 04:00:00+00:00,91.48,91.49,91.47,91.49,4434561
2022-07-01 04:00:00+00:00,91.43,91.44,91.41,91.43,35911482
2022-07-05 04:00:00+00:00,91.43,91.43,91.42,91.43,9084403
2022-07-06 04:00:00+00:00,91.43,91.43,91.42,91.43,3891366
2022-07-07 04:00:00+00:00,91.44,91.44,91.42,91.43,1845534
2022-07-08 04:00:00+00:00,91.43,91.43,91.42,91.42,1402157
2022-07-11 04:00:00+00:00,91.42,91.43,91.42,91.43,2341940
2022-07-12 04:00:00+00:00,91.43,91.43,91.42,91.42,15708944
2022-07-13 04:00:00+00:00,91.42,91.43,91.4,91.42,12634540
2022-07-14 04:00:00+00:00,91.41,91.43,91.41,91.43,5183461
2022-07-15 04:00:00+00:00,91.43,91.43,91.42,91.42,6952595
2022-07-18 04:00:00+00:00,91.42,91.43,91.41,91.42,3682390
2022-07-19 04:00:00+00:00,91.43,91.43,91.42,91.42,6871082
2022-07-20 04:00:00+00:00,91.43,91.44,91.42,91.42,4865190
2022-07-21 04:00:00+00:00,91.43,91.45,91.42,91.45,3710369
2022-07-22 04:00:00+00:00,91.45,91.46,91.44,91.46,3533128
2022-07-25 04:00:00+00:00,91.45,91.45,91.44,91.45,3183764
2022-07-26 04:00:00+00:00,91.45,91.45,91.44,91.45,1503941
2022-07-27 04:00:00+00:00,91.45,91.46,91.44,91.45,2633164
2022-07-28 04:00:00+00:00,91.46,91.47,91.46,91.46,7810543
2022-07-29 04:00:00+00:00,91.46,91.48,91.46,91.47,6641117
2022-08-01 04:00:00+00:00,91.37,91.39,91.37,91.38,11532101
2022-08-02 04:00:00+00:00,91.38,91.39,91.38,91.39,3151041
2022-08-03 04:00:00+00:00,91.4,91.4,91.38,91.38,4254380
2022-08-04 04:00:00+00:00,91.41,91.42,91.4,91.4,6584391
2022-08-05 04:00:00+00:00,91.42,91.42,91.41,91.42,1873149
2022-08-08 04:00:00+00:00,91.41,91.43,91.41,91.43,2788329
2022-08-09 04:00:00+00:00,91.41,91.43,91.41,91.42,4034931
2022-08-10 04:00:00+00:00,91.42,91.44,91.42,91.43,3808215
2022-08-11 04:00:00+00:00,91.44,91.45,91.43,91.43,6602655
2022-08-12 04:00:00+00:00,91.44,91.45,91.44,91.45,2117664
2022-08-15 04:00:00+00:00,91.44,91.45,91.44,91.44,5780238
2022-08-16 04:00:00+00:00,91.46,91.46,91.45,91.45,4393768
2022-08-17 04:00:00+00:00,91.46,91.47,91.45,91.45,3908781
2022-08-18 04:00:00+00:00,91.48,91.49,91.47,91.49,2286916
2022-08-19 04:00:00+00:00,91.48,91.49,91.47,91.49,4194232
2022-08-22 04:00:00+00:00,91.48,91.5,91.48,91.5,5693046
2022-08-23 04:00:00+00:00,91.5,91.5,91.48,91.48,6979709
2022-08-24 04:00:00+00:00,91.5,91.51,91.4901,91.51,2643621
2022-08-25 04:00:00+00:00,91.51,91.52,91.51,91.52,4143747
2022-08-26 04:00:00+00:00,91.51,91.53,91.51,91.52,5451833
2022-08-29 04:00:00+00:00,91.52,91.53,91.52,91.52,7353892
2022-08-30 04:00:00+00:00,91.53,91.5443,91.52,91.53,32175285
2022-08-31 04:00:00+00:00,91.54,91.55,91.53,91.55,9908683
2022-09-01 04:00:00+00:00,91.43,91.43,91.42,91.43,8230180
2022-09-02 04:00:00+00:00,91.43,91.44,91.42,91.44,5884721
2022-09-06 04:00:00+00:00,91.43,91.44,91.43,91.44,8078149
2022-09-07 04:00:00+00:00,91.43,91.45,91.43,91.45,5239017
2022-09-08 04:00:00+00:00,91.47,91.47,91.45,91.47,4618324
2022-09-09 04:00:00+00:00,91.46,91.47,91.46,91.47,2025729
2022-09-12 04:00:00+00:00,91.47,91.48,91.46,91.46,5412373
2022-09-13 04:00:00+00:00,91.46,91.48,91.46,91.48,6244250
2022-09-14 04:00:00+00:00,91.48,91.48,91.47,91.48,4243171
2022-09-15 04:00:00+00:00,91.49,91.51,91.49,91.51,5817965
2022-09-16 04:00:00+00:00,91.51,91.51,91.5,91.51,3583788
2022-09-19 04:00:00+00:00,91.51,91.52,91.5,91.51,5211406
2022-09-20 04:00:00+00:00,91.52,91.52,91.5,91.5,3826530
2022-09-21 04:00:00+00:00,91.51,91.53,91.51,91.52,3811483
2022-09-22 04:00:00+00:00,91.54,91.56,91.53,91.56,11011104
2022-09-23 04:00:00+00:00,91.55,91.56,91.54,91.56,15236749
2022-09-26 04:00:00+00:00,91.56,91.56,91.54,91.54,7848295
2022-09-27 04:00:00+00:00,91.56,91.57,91.56,91.57,6030114
2022-09-28 04:00:00+00:00,91.57,91.58,91.56,91.58,6869780
2022-09-29 04:00:00+00:00,91.6,91.6,91.59,91.6,5973287
2022-09-30 04:00:00+00:00,91.6,91.6,91.58,91.6,9969326
2022-10-03 04:00:00+00:00,91.45,91.45,91.42,91.42,7600291
2022-10-04 04:00:00+00:00,91.45,91.45,91.43,91.45,6631730
2022-10-05 04:00:00+00:00,91.45,91.46,91.44,91.45,6486681
2022-10-06 04:00:00+00:00,91.48,91.48,91.47,91.47,3458762
2022-10-07 04:00:00+00:00,91.4743,91.48,91.47,91.47,5086114
2022-10-10 04:00:00+00:00,91.49,91.49,91.48,91.48,5645423
2022-10-11 04:00:00+00:00,91.48,91.49,91.48,91.48,7997615
2022-10-12 04:00:00+00:00,91.49,91.49,91.48,91.48,4716198
2022-10-13 04:00:00+00:00,91.5,91.51,91.5,91.51,5095433
2022-10-14 04:00:00+00:00,91.51,91.51,91.5,91.51,3155068
2022-10-17 04:00:00+00:00,91.52,91.52,91.51,91.51,6413168
2022-10-18 04:00:00+00:00,91.51,91.52,91.51,91.51,5174140
2022-10-19 04:00:00+00:00,91.52,91.52,91.51,91.51,4349429
2022-10-20 04:00:00+00:00,91.53,91.55,91.53,91.55,4641270
2022-10-21 04:00:00+00:00,91.55,91.56,91.54,91.56,4725105
2022-10-24 04:00:00+00:00,91.55,91.56,91.55,91.55,2322632
2022-10-25 04:00:00+00:00,91.55,91.57,91.55,91.55,7081549
2022-10-26 04:00:00+00:00,91.56,91.57,91.56,91.57,8205788
2022-10-27 04:00:00+00:00,91.59,91.6,91.58,91.6,4615478
2022-10-28 04:00:00+00:00,91.6,91.6,91.5851,91.59,25685039
2022-10-31 04:00:00+00:00,91.6,91.61,91.59,91.59,6252020
2022-11-01 04:00:00+00:00,91.4053,91.41,91.39,91.39,6116536
2022-11-02 04:00:00+00:00,91.415,91.42,91.41,91.42,3347586
2022-11-03 04:00:00+00:00,91.44,91.45,91.43,91.45,9050802
2022-11-04 04:00:00+00:00,91.46,91.47,91.45,91.47,9502528
2022-11-07 05:00:00+00:00,91.47,91.47,91.46,91.46,6503873
2022-11-08 05:00:00+00:00,91.47,91.48,91.47,91.47,5842979
2022-11-09 05:00:00+00:00,91.505,91.52,91.5,91.52,3602526
2022-11-10 05:00:00+00:00,91.52,91.53,91.52,91.53,5835670
2022-11-11 05:00:00+00:00,91.525,91.53,91.52,91.52,6644954
2022-11-14 05:00:00+00:00,91.54,91.54,91.52,91.52,10435379
2022-11-15 05:00:00+00:00,91.54,91.54,91.53,91.54,9800775
2022-11-16 05:00:00+00:00,91.54,91.55,91.54,91.55,7824129
2022-11-17 05:00:00+00:00,91.57,91.58,91.57,91.58,4772984
2022-11-18 05:00:00+00:00,91.57,91.58,91.57,91.58,7061767
2022-11-21 05:00:00+00:00,91.59,91.59,91.58,91.59,3437283
2022-11-22 05:00:00+00:00,91.59,91.61,91.59,91.61,5261176
2022-11-23 05:00:00+00:00,91.62,91.64,91.62,91.63,4144440
2022-11-25 05:00:00+00:00,91.64,91.64,91.63,91.63,2543090
2022-11-28 05:00:00+00:00,91.64,91.65,91.64,91.64,4456155
2022-11-29 05:00:00+00:00,91.66,91.67,91.65,91.67,3754663
2022-11-30 05:00:00+00:00,91.661,91.67,91.66,91.67,5418275
2022-12-01 05:00:00+00:00,91.43,91.44,91.43,91.43,10968003
2022-12-02 05:00:00+00:00,91.45,91.45,91.44,91.44,10316323
2022-12-05 05:00:00+00:00,91.45,91.46,91.45,91.45,8943739
2022-12-06 05:00:00+00:00,91.47,91.48,91.46,91.48,9646932
2022-12-07 05:00:00+00:00,91.49,91.5,91.48,91.48,9798553
2022-12-08 05:00:00+00:00,91.51,91.54,91.51,91.54,3855858
2022-12-09 05:00:00+00:00,91.53,91.54,91.53,91.53,7718474
2022-12-12 05:00:00+00:00,91.55,91.55,91.54,91.54,4383623
2022-12-13 05:00:00+00:00,91.55,91.56,91.54,91.54,6645767
2022-12-14 05:00:00+00:00,91.56,91.57,91.54,91.57,6898429
2022-12-15 05:00:00+00:00,91.58,91.59,91.58,91.59,7772108
2022-12-16 05:00:00+00:00,91.6,91.6,91.59,91.59,4120879
2022-12-19 05:00:00+00:00,91.34,91.34,91.33,91.33,8627050
2022-12-20 05:00:00+00:00,91.35,91.35,91.34,91.34,5204285
2022-12-21 05:00:00+00:00,91.36,91.36,91.35,91.35,6471770
2022-12-22 05:00:00+00:00,91.39,91.41,91.39,91.41,6594154
2022-12-23 05:00:00+00:00,91.4,91.41,91.4,91.41,3682274
2022-12-27 05:00:00+00:00,91.41,91.42,91.41,91.41,4267948
2022-12-28 05:00:00+00:00,91.44,91.44,91.42,91.44,4123246
2022-12-29 05:00:00+00:00,91.47,91.48,91.47,91.48,5637384
2022-12-30 05:00:00+00:00,91.47,91.47,91.46,91.47,6533721
2023-01-03 05:00:00+00:00,91.48,91.48,91.47,91.48,12503054
2023-01-04 05:00:00+00:00,91.48,91.49,91.47,91.47,9074489
2023-01-05 05:00:00+00:00,91.5,91.51,91.49,91.5,6454130
2023-01-06 05:00:00+00:00,91.5,91.51,91.49,91.49,4620714
2023-01-09 05:00:00+00:00,91.5,91.51,91.5,91.51,9734546
2023-01-10 05:00:00+00:00,91.51,91.52,91.5,91.5,5606657
2023-01-11 05:00:00+00:00,91.51,91.52,91.5,91.5,8601349
2023-01-12 05:00:00+00:00,91.56,91.57,91.56,91.57,8086875
2023-01-13 05:00:00+00:00,91.57,91.58,91.57,91.58,5501137
2023-01-17 05:00:00+00:00,91.58,91.59,91.58,91.58,9495439
2023-01-18 05:00:00+00:00,91.59,91.6,91.59,91.59,4944801
2023-01-19 05:00:00+00:00,91.62,91.63,91.62,91.63,6491335
2023-01-20 05:00:00+00:00,91.64,91.64,91.63,91.64,4530408
2023-01-23 05:00:00+00:00,91.65,91.65,91.64,91.64,9166448
2023-01-24 05:00:00+00:00,91.66,91.66,91.65,91.65,5073702
2023-01-25 05:00:00+00:00,91.67,91.68,91.66,91.66,7570284
2023-01-26 05:00:00+00:00,91.7,91.71,91.7,91.71,5116540
2023-01-27 05:00:00+00:00,91.72,91.72,91.71,91.72,5227546
2023-01-30 05:00:00+00:00,91.72,91.73,91.72,91.72,4281510
2023-01-31 05:00:00+00:00,91.73,91.74,91.73,91.73,7362580
2023-02-01 05:00:00+00:00,91.42,91.42,91.4,91.4,9423976
2023-02-02 05:00:00+00:00,91.44,91.45,91.44,91.44,11984466
2023-02-03 05:00:00+00:00,91.46,91.46,91.45,91.46,8913135
2023-02-06 05:00:00+00:00,91.47,91.47,91.46,91.47,5928213
2023-02-07 05:00:00+00:00,91.48,91.48,91.47,91.48,4283241
2023-02-08 05:00:00+00:00,91.49,91.49,91.48,91.48,4101519
2023-02-09 05:00:00+00:00,91.51,91.52,91.51,91.51,4909424
2023-02-10 05:00:00+00:00,91.52,91.53,91.52,91.52,4570490
2023-02-13 05:00:00+00:00,91.54,91.54,91.53,91.54,8903955
2023-02-14 05:00:00+00:00,91.54,91.55,91.54,91.54,4056633
2023-02-15 05:00:00+00:00,91.56,91.56,91.55,91.56,4897020
2023-02-16 05:00:00+00:00,91.61,91.61,91.6,91.61,5556380
2023-02-17 05:00:00+00:00,91.62,91.62,91.61,91.62,4391746
2023-02-21 05:00:00+00:00,91.63,91.635,91.62,91.62,17021270
2023-02-22 05:00:00+00:00,91.63,91.65,91.63,91.65,18697179
2023-02-23 05:00:00+00:00,91.68,91.68,91.67,91.68,4863169
2023-02-24 05:00:00+00:00,91.69,91.69,91.68,91.69,7728601
2023-02-27 05:00:00+00:00,91.69,91.7,91.69,91.7,7477368
2023-02-28 05:00:00+00:00,91.71,91.71,91.7,91.71,8086877
2023-03-01 05:00:00+00:00,91.47,91.47,91.46,91.46,11005645
2023-03-02 05:00:00+00:00,91.5,91.5,91.49,91.49,9639282
2023-03-03 05:00:00+00:00,91.5,91.51,91.5,91.51,7059213
2023-03-06 05:00:00+00:00,91.52,91.52,91.51,91.52,6131236
2023-03-07 05:00:00+00:00,91.53,91.54,91.52,91.52,4330695
2023-03-08 05:00:00+00:00,91.54,91.54,91.53,91.54,8207040
2023-03-09 05:00:00+00:00,91.56,91.57,91.56,91.56,6450460
2023-03-10 05:00:00+00:00,91.58,91.59,91.58,91.58,13461885
2023-03-13 04:00:00+00:00,91.63,91.63,91.6,91.6,21684742
2023-03-14 04:00:00+00:00,91.62,91.63,91.61,91.61,35715154
2023-03-15 04:00:00+00:00,91.65,91.66,91.64,91.66,11411671
2023-03-16 04:00:00+00:00,91.69,91.7,91.69,91.7,9346998
2023-03-17 04:00:00+00:00,91.69,91.72,91.69,91.72,8556239
2023-03-20 04:00:00+00:00,91.72,91.73,91.71,91.73,8169649
2023-03-21 04:00:00+00:00,91.72,91.74,91.72,91.73,7888533
2023-03-22 04:00:00+00:00,91.74,91.75,91.74,91.75,8202639
2023-03-23 04:00:00+00:00,91.77,91.79,91.77,91.79,5769458
2023-03-24 04:00:00+00:00,91.8,91.81,91.79,91.81,7374824
2023-03-27 04:00:00+00:00,91.8,91.81,91.8,91.8,6188622
2023-03-28 04:00:00+00:00,91.82,91.83,91.82,91.82,6215010
2023-03-29 04:00:00+00:00,91.82,91.84,91.82,91.82,4705650
2023-03-30 04:00:00+00:00,91.84,91.85,91.82,91.84,9284749
2023-03-31 04:00:00+00:00,91.84,91.84,91.82,91.82,11613407
2023-04-03 04:00:00+00:00,91.48,91.48,91.47,91.47,12448638
2023-04-04 04:00:00+00:00,91.48,91.49,91.48,91.48,10265808
2023-04-05 04:00:00+00:00,91.53,91.54,91.53,91.53,6913877
2023-04-06 04:00:00+00:00,91.55,91.55,91.54,91.54,4941406
2023-04-10 04:00:00+00:00,91.56,91.56,91.55,91.55,5741944
2023-04-11 04:00:00+00:00,91.56,91.57,91.56,91.56,7722550
2023-04-12 04:00:00+00:00,91.58,91.59,91.57,91.58,8786248
2023-04-13 04:00:00+00:00,91.62,91.63,91.62,91.63,8673892
2023-04-14 04:00:00+00:00,91.63,91.64,91.62,91.63,9389824
2023-04-17 04:00:00+00:00,91.64,91.65,91.64,91.65,5173785
2023-04-18 04:00:00+00:00,91.65,91.67,91.65,91.66,4540656
2023-04-19 04:00:00+00:00,91.68,91.68,91.67,91.67,5901933
2023-04-20 04:00:00+00:00,91.72,91.74,91.71,91.74,6034406
2023-04-21 04:00:00+00:00,91.73,91.73,91.72,91.73,5878598
2023-04-24 04:00:00+00:00,91.75,91.75,91.73,91.74,8195934
2023-04-25 04:00:00+00:00,91.74,91.75,91.73,91.73,4222514
2023-04-26 04:00:00+00:00,91.74,91.75,91.74,91.75,7365235
2023-04-27 04:00:00+00:00,91.78,91.79,91.77,91.78,5585429
2023-04-28 04:00:00+00:00,91.77,91.78,91.77,91.78,6526070
2023-05-01 04:00:00+00:00,91.44,91.45,91.43,91.43,11273342
2023-05-02 04:00:00+00:00,91.44,91.44,91.41,91.41,5495889
2023-05-03 04:00:00+00:00,91.43,91.43,91.42,91.42,5533058
2023-05-04 04:00:00+00:00,91.46,91.46,91.44,91.45,8052718
2023-05-05 04:00:00+00:00,91.47,91.49,91.46,91.47,7169177
2023-05-08 04:00:00+00:00,91.48,91.49,91.48,91.48,5508603
2023-05-09 04:00:00+00:00,91.5,91.5,91.49,91.49,6850301
2023-05-10 04:00:00+00:00,91.51,91.52,91.5,91.5,4831812
2023-05-11 04:00:00+00:00,91.56,91.57,91.55,91.56,6159808
2023-05-12 04:00:00+00:00,91.58,91.58,91.57,91.58,4324759
2023-05-15 04:00:00+00:00,91.58,91.59,91.58,91.59,4056073
2023-05-16 04:00:00+00:00,91.59,91.6,91.58,91.58,8530375
2023-05-17 04:00:00+00:00,91.6,91.61,91.6,91.6,5415399
2023-05-18 04:00:00+00:00,91.64,91.65,91.63,91.65,6433957
2023-05-19 04:00:00+00:00,91.66,91.66,91.64,91.65,6438118
2023-05-22 04:00:00+00:00,91.66,91.66,91.65,91.66,8404900
2023-05-23 04:00:00+00:00,91.66,91.67,91.66,91.66,5050528
2023-05-24 04:00:00+00:00,91.67,91.68,91.66,91.66,4762054
2023-05-25 04:00:00+00:00,91.73,91.73,91.72,91.72,5264007
2023-05-26 04:00:00+00:00,91.75,91.76,91.74,91.74,5915888
2023-05-30 04:00:00+00:00,91.76,91.77,91.75,91.75,11529270
2023-05-31 04:00:00+00:00,91.77,91.78,91.77,91.77,9807373
2023-06-01 04:00:00+00:00,91.45,91.45,91.44,91.45,10700452
2023-06-02 04:00:00+00:00,91.46,91.46,91.44,91.46,10257549
2023-06-05 04:00:00+00:00,91.47,91.47,91.45,91.46,10103633
2023-06-06 04:00:00+00:00,91.48,91.49,91.47,91.48,6120926
2023-06-07 04:00:00+00:00,91.49,91.51,91.49,91.49,6483083
2023-06-08 04:00:00+00:00,91.53,91.54,91.53,91.54,8802012
2023-06-09 04:00:00+00:00,91.54,91.55,91.54,91.55,6456740
2023-06-12 04:00:00+00:00,91.56,91.57,91.56,91.56,3781329
2023-06-13 04:00:00+00:00,91.57,91.58,91.57,91.58,6784247
2023-06-14 04:00:00+00:00,91.59,91.6,91.58,91.6,5756288
2023-06-15 04:00:00+00:00,91.64,91.65,91.64,91.64,9827278
2023-06-16 04:00:00+00:00,91.66,91.66,91.65,91.65,4765337
2023-06-20 04:00:00+00:00,91.66,91.67,91.66,91.67,6174256
2023-06-21 04:00:00+00:00,91.68,91.69,91.67,91.67,4945331
2023-06-22 04:00:00+00:00,91.71,91.72,91.71,91.71,4704645
2023-06-23 04:00:00+00:00,91.72,91.73,91.72,91.72,3851471
2023-06-26 04:00:00+00:00,91.74,91.75,91.73,91.73,7241346
2023-06-27 04:00:00+00:00,91.75,91.76,91.75,91.75,5476342
2023-06-28 04:00:00+00:00,91.77,91.77,91.76,91.76,4486792
2023-06-29 04:00:00+00:00,91.8,91.81,91.79,91.79,5728011
2023-06-30 04:00:00+00:00,91.82,91.83,91.82,91.82,8043510
2023-07-03 04:00:00+00:00,91.46,91.47,91.46,91.47,7138841
2023-07-05 04:00:00+00:00,91.48,91.49,91.47,91.48,7987862
2023-07-06 04:00:00+00:00,91.51,91.52,91.51,91.51,7569955
2023-07-07 04:00:00+00:00,91.52,91.53,91.52,91.52,6490997
2023-07-10 04:00:00+00:00,91.53,91.54,91.53,91.54,4185982
2023-07-11 04:00:00+00:00,91.55,91.56,91.55,91.55,5569134
2023-07-12 04:00:00+00:00,91.56,91.57,91.56,91.57,7188077
2023-07-13 04:00:00+00:00,91.6,91.61,91.6,91.61,5902610
2023-07-14 04:00:00+00:00,91.61,91.62,91.61,91.62,6505849
2023-07-17 04:00:00+00:00,91.63,91.63,91.62,91.63,3932615
2023-07-18 04:00:00+00:00,91.64,91.64,91.63,91.63,4791005
2023-07-19 04:00:00+00:00,91.65,91.66,91.65,91.65,5132137
2023-07-20 04:00:00+00:00,91.69,91.7,91.68,91.7,5047573
2023-07-21 04:00:00+00:00,91.7,91.71,91.7,91.7,4087140
2023-07-24 04:00:00+00:00,91.71,91.72,91.71,91.71,3752360
2023-07-25 04:00:00+00:00,91.73,91.73,91.72,91.72,4170511
2023-07-26 04:00:00+00:00,91.74,91.74,91.73,91.73,4699978
2023-07-27 04:00:00+00:00,91.77,91.78,91.77,91.78,4727801
2023-07-28 04:00:00+00:00,91.79,91.8,91.79,91.79,3714538
2023-07-31 04:00:00+00:00,91.8,91.81,91.8,91.8,6722741
2023-08-01 04:00:00+00:00,91.43,91.43,91.42,91.43,13371033
2023-08-02 04:00:00+00:00,91.44,91.44,91.43,91.44,8217435
2023-08-03 04:00:00+00:00,91.48,91.48,91.47,91.48,5729211
2023-08-04 04:00:00+00:00,91.49,91.5,91.49,91.5,6200044
2023-08-07 04:00:00+00:00,91.51,91.51,91.5,91.5,5977994
2023-08-08 04:00:00+00:00,91.52,91.52,91.51,91.52,6517873
2023-08-09 04:00:00+00:00,91.53,91.54,91.53,91.53,4293045
2023-08-10 04:00:00+00:00,91.56,91.58,91.56,91.58,5120647
2023-08-11 04:00:00+00:00,91.58,91.59,91.58,91.59,3669147
2023-08-14 04:00:00+00:00,91.59,91.6,91.59,91.6,6596068
2023-08-15 04:00:00+00:00,91.6,91.61,91.6,91.61,4853142
2023-08-16 04:00:00+00:00,91.62,91.63,91.62,91.63,7890326
2023-08-17 04:00:00+00:00,91.66,91.67,91.66,91.67,5621651
2023-08-18 04:00:00+00:00,91.68,91.68,91.67,91.68,6774433
2023-08-21 04:00:00+00:00,91.69,91.69,91.68,91.69,5959691
2023-08-22 04:00:00+00:00,91.71,91.71,91.7,91.7,5790320
2023-08-23 04:00:00+00:00,91.71,91.72,91.71,91.72,9529319
2023-08-24 04:00:00+00:00,91.75,91.76,91.75,91.75,6746698
2023-08-25 04:00:00+00:00,91.76,91.77,91.76,91.77,4882975
2023-08-28 04:00:00+00:00,91.78,91.79,91.78,91.79,4264068
2023-08-29 04:00:00+00:00,91.8,91.8,91.78,91.78,9168234
2023-08-30 04:00:00+00:00,91.8,91.81,91.79,91.8,6427024
2023-08-31 04:00:00+00:00,91.85,91.86,91.85,91.86,7771549
2023-09-01 04:00:00+00:00,91.469,91.47,91.46,91.47,21540522
2023-09-05 04:00:00+00:00,91.489,91.49,91.48,91.49,8316301
2023-09-06 04:00:00+00:00,91.5,91.5,91.49,91.49,6524802
2023-09-07 04:00:00+00:00,91.53,91.54,91.53,91.54,6808090
2023-09-08 04:00:00+00:00,91.54,91.55,91.54,91.55,6420359
2023-09-11 04:00:00+00:00,91.57,91.57,91.55,91.55,8027074
2023-09-12 04:00:00+00:00,91.57,91.58,91.57,91.58,9948398
2023-09-13 04:00:00+00:00,91.58,91.59,91.58,91.59,4696195
2023-09-14 04:00:00+00:00,91.62,91.63,91.62,91.62,4214826
2023-09-15 04:00:00+00:00,91.64,91.64,91.63,91.64,4688759
2023-09-18 04:00:00+00:00,91.66,91.66,91.65,91.65,7376159
2023-09-19 04:00:00+00:00,91.66,91.67,91.66,91.66,4357493
2023-09-20 04:00:00+00:00,91.67,91.68,91.67,91.67,5946196
2023-09-21 04:00:00+00:00,91.71,91.72,91.71,91.72,7526646
2023-09-22 04:00:00+00:00,91.73,91.74,91.73,91.73,15684404
2023-09-25 04:00:00+00:00,91.75,91.75,91.74,91.74,7491954
2023-09-26 04:00:00+00:00,91.75,91.76,91.75,91.75,7130600
2023-09-27 04:00:00+00:00,91.78,91.78,91.76,91.78,7669707
2023-09-28 04:00:00+00:00,91.8,91.82,91.8,91.81,8426352
2023-09-29 04:00:00+00:00,91.82,91.83,91.82,91.82,9081532
2023-10-02 04:00:00+00:00,91.45,91.45,91.44,91.44,22550368
2023-10-03 04:00:00+00:00,91.46,91.46,91.45,91.46,10648812
2023-10-04 04:00:00+00:00,91.46,91.47,91.46,91.47,26575749
2023-10-05 04:00:00+00:00,91.52,91.53,91.52,91.53,8295301
2023-10-06 04:00:00+00:00,91.54,91.54,91.53,91.53,9856139
2023-10-09 04:00:00+00:00,91.54,91.55,91.53,91.54,5972285
2023-10-10 04:00:00+00:00,91.55,91.56,91.54,91.54,8463658
2023-10-11 04:00:00+00:00,91.55,91.56,91.55,91.56,6839359
2023-10-12 04:00:00+00:00,91.6,91.6,91.59,91.6,7528682
2023-10-13 04:00:00+00:00,91.61,91.62,91.61,91.62,15044288
2023-10-16 04:00:00+00:00,91.64,91.64,91.62,91.63,8181787
2023-10-17 04:00:00+00:00,91.64,91.65,91.64,91.64,5363207
2023-10-18 04:00:00+00:00,91.65,91.66,91.65,91.65,6069544
2023-10-19 04:00:00+00:00,91.69,91.7,91.69,91.69,4551547
2023-10-20 04:00:00+00:00,91.71,91.71,91.7,91.71,4887085
2023-10-23 04:00:00+00:00,91.73,91.73,91.72,91.72,14352697
2023-10-24 04:00:00+00:00,91.74,91.74,91.73,91.73,12544151
2023-10-25 04:00:00+00:00,91.75,91.75,91.74,91.74,12375965
2023-10-26 04:00:00+00:00,91.79,91.79,91.78,91.78,9919980
2023-10-27 04:00:00+00:00,91.8,91.82,91.8,91.81,28357722
2023-10-30 04:00:00+00:00,91.81,91.82,91.81,91.82,25136882
2023-10-31 04:00:00+00:00,91.82,91.83,91.82,91.82,16748409
2023-11-01 04:00:00+00:00,91.44,91.44,91.43,91.44,25791850
2023-11-02 04:00:00+00:00,91.471,91.48,91.47,91.47,11970792
2023-11-03 04:00:00+00:00,91.48,91.49,91.48,91.48,13721127
2023-11-06 05:00:00+00:00,91.495,91.5,91.49,91.49,28039215
2023-11-07 05:00:00+00:00,91.51,91.52,91.51,91.51,6950988
2023-11-08 05:00:00+00:00,91.525,91.53,91.52,91.52,9180829
2023-11-09 05:00:00+00:00,91.56,91.57,91.56,91.57,11886828
2023-11-10 05:00:00+00:00,91.58,91.59,91.58,91.58,5574226
2023-11-13 05:00:00+00:00,91.59,91.6,91.59,91.59,6166730
2023-11-14 05:00:00+00:00,91.6,91.61,91.6,91.6,11126530
2023-11-15 05:00:00+00:00,91.63,91.63,91.62,91.62,10552705
2023-11-16 05:00:00+00:00,91.66,91.67,91.66,91.66,7802852
2023-11-17 05:00:00+00:00,91.67,91.68,91.67,91.68,6794144
2023-11-20 05:00:00+00:00,91.685,91.69,91.68,91.68,8516563
2023-11-21 05:00:00+00:00,91.72,91.72,91.71,91.71,13067070
2023-11-22 05:00:00+00:00,91.76,91.76,91.75,91.75,7628016
2023-11-24 05:00:00+00:00,91.76,91.77,91.76,91.76,2838982
2023-11-27 05:00:00+00:00,91.77,91.78,91.77,91.77,9166036
2023-11-28 05:00:00+00:00,91.79,91.8,91.79,91.79,7244736
2023-11-29 05:00:00+00:00,91.8,91.81,91.8,91.8,6942212
2023-11-30 05:00:00+00:00,91.84,91.85,91.84,91.84,18629938
2023-12-01 05:00:00+00:00,91.45,91.45,91.44,91.44,21247844
2023-12-04 05:00:00+00:00,91.45,91.46,91.44,91.44,15502991
2023-12-05 05:00:00+00:00,91.47,91.47,91.46,91.46,6463431
2023-12-06 05:00:00+00:00,91.47,91.48,91.47,91.47,6941736
2023-12-07 05:00:00+00:00,91.51,91.52,91.51,91.51,7369288
2023-12-08 05:00:00+00:00,91.53,91.54,91.53,91.53,5730106
2023-12-11 05:00:00+00:00,91.55,91.55,91.54,91.55,5613480
2023-12-12 05:00:00+00:00,91.56,91.56,91.55,91.55,7885886
2023-12-13 05:00:00+00:00,91.56,91.57,91.56,91.56,6781752
2023-12-14 05:00:00+00:00,91.6,91.61,91.6,91.6,13475435
2023-12-15 05:00:00+00:00,91.62,91.63,91.62,91.63,6917564
2023-12-18 05:00:00+00:00,91.22,91.22,91.21,91.22,8910931
2023-12-19 05:00:00+00:00,91.225,91.235,91.22,91.22,6977328
2023-12-20 05:00:00+00:00,91.24,91.25,91.24,91.24,8098694
2023-12-21 05:00:00+00:00,91.29,91.3,91.29,91.3,5055220
2023-12-22 05:00:00+00:00,91.3,91.31,91.3,91.31,7471575
2023-12-26 05:00:00+00:00,91.33,91.33,91.32,91.33,4638805
2023-12-27 05:00:00+00:00,91.33,91.34,91.33,91.33,4717657
2023-12-28 05:00:00+00:00,91.38,91.39,91.38,91.39,5605061
2023-12-29 05:00:00+00:00,91.4,91.4,91.39,91.39,5588567
2024-01-02 05:00:00+00:00,91.4,91.41,91.4,91.4,9445457
2024-01-03 05:00:00+00:00,91.41,91.43,91.41,91.43,6793459
2024-01-04 05:00:00+00:00,91.46,91.47,91.46,91.46,5840204
2024-01-05 05:00:00+00:00,91.48,91.48,91.47,91.47,4991770
2024-01-08 05:00:00+00:00,91.48,91.49,91.48,91.48,4889873
2024-01-09 05:00:00+00:00,91.495,91.5,91.49,91.49,5080805
2024-01-10 05:00:00+00:00,91.51,91.52,91.51,91.51,8798589
2024-01-11 05:00:00+00:00,91.56,91.57,91.56,91.56,5947134
2024-01-12 05:00:00+00:00,91.57,91.58,91.57,91.58,5049228
2024-01-16 05:00:00+00:00,91.59,91.6,91.59,91.59,6485231
2024-01-17 05:00:00+00:00,91.6,91.61,91.6,91.61,5915682
2024-01-18 05:00:00+00:00,91.64,91.65,91.64,91.65,5270513
2024-01-19 05:00:00+00:00,91.66,91.66,91.65,91.66,5444552
2024-01-22 05:00:00+00:00,91.67,91.68,91.67,91.67,6114020
2024-01-23 05:00:00+00:00,91.68,91.69,91.68,91.68,4961785
2024-01-24 05:00:00+00:00,91.691,91.7,91.69,91.69,6486095
2024-01-25 05:00:00+00:00,91.74,91.74,91.73,91.74,6059517
2024-01-26 05:00:00+00:00,91.75,91.75,91.74,91.75,5612929
2024-01-29 05:00:00+00:00,91.76,91.77,91.76,91.76,5646110
2024-01-30 05:00:00+00:00,91.77,91.78,91.77,91.77,30704159
2024-01-31 05:00:00+00:00,91.785,91.79,91.78,91.78,10964444
2024-02-01 05:00:00+00:00,91.42,91.43,91.42,91.42,14759198
2024-02-02 05:00:00+00:00,91.44,91.44,91.43,91.44,8157678
2024-02-05 05:00:00+00:00,91.45,91.45,91.44,91.44,6923421
2024-02-06 05:00:00+00:00,91.46,91.46,91.45,91.46,5037906
2024-02-07 05:00:00+00:00,91.48,91.48,91.47,91.47,8475361
2024-02-08 05:00:00+00:00,91.52,91.52,91.51,91.51,5406347
2024-02-09 05:00:00+00:00,91.52,91.53,91.52,91.52,5087015
2024-02-12 05:00:00+00:00,91.54,91.54,91.53,91.54,7216834
2024-02-13 05:00:00+00:00,91.54,91.55,91.54,91.54,7655093
2024-02-14 05:00:00+00:00,91.56,91.57,91.56,91.56,6028047
2024-02-15 05:00:00+00:00,91.62,91.62,91.61,91.61,4800582
2024-02-16 05:00:00+00:00,91.62,91.63,91.62,91.63,6052632
2024-02-20 05:00:00+00:00,91.65,91.65,91.64,91.64,4841054
2024-02-21 05:00:00+00:00,91.65,91.66,91.65,91.65,5167987
2024-02-22 05:00:00+00:00,91.69,91.7,91.69,91.7,7474034
2024-02-23 05:00:00+00:00,91.7,91.71,91.7,91.71,5608617
2024-02-26 05:00:00+00:00,91.715,91.72,91.71,91.71,4644794
2024-02-27 05:00:00+00:00,91.73,91.74,91.73,91.73,6027487
2024-02-28 05:00:00+00:00,91.74,91.75,91.74,91.74,3917619
2024-02-29 05:00:00+00:00,91.78,91.79,91.78,91.78,13028942
2024-03-01 05:00:00+00:00,91.44,91.45,91.44,91.45,13095372
2024-03-04 05:00:00+00:00,91.455,91.46,91.45,91.46,8628321
2024-03-05 05:00:00+00:00,91.47,91.47,91.46,91.46,10329533
2024-03-06 05:00:00+00:00,91.49,91.49,91.48,91.48,6751956
2024-03-07 05:00:00+00:00,91.53,91.53,91.52,91.52,4388642
2024-03-08 05:00:00+00:00,91.53,91.54,91.53,91.53,4298947
2024-03-11 04:00:00+00:00,91.55,91.55,91.54,91.54,5117938
2024-03-12 04:00:00+00:00,91.56,91.57,91.56,91.57,4136599
2024-03-13 04:00:00+00:00,91.58,91.58,91.57,91.57,4478385
2024-03-14 04:00:00+00:00,91.61,91.62,91.61,91.61,4602968
2024-03-15 04:00:00+00:00,91.63,91.63,91.62,91.63,4445587
2024-03-18 04:00:00+00:00,91.64,91.64,91.63,91.64,5594431
2024-03-19 04:00:00+00:00,91.65,91.66,91.65,91.66,5681897
2024-03-20 04:00:00+00:00,91.66,91.67,91.66,91.67,4398241
2024-03-21 04:00:00+00:00,91.7,91.71,91.7,91.7,7534914
2024-03-22 04:00:00+00:00,91.71,91.72,91.71,91.71,4686398
2024-03-25 04:00:00+00:00,91.74,91.74,91.73,91.73,4049959
2024-03-26 04:00:00+00:00,91.74,91.75,91.74,91.74,4275961
2024-03-27 04:00:00+00:00,91.79,91.8,91.79,91.8,5350734
2024-03-28 04:00:00+00:00,91.8,91.81,91.8,91.8,10199202
2024-04-01 04:00:00+00:00,91.42,91.43,91.42,91.42,14208235
2024-04-02 04:00:00+00:00,91.435,91.44,91.43,91.44,8902535
2024-04-03 04:00:00+00:00,91.45,91.45,91.44,91.44,8433880
2024-04-04 04:00:00+00:00,91.48,91.49,91.48,91.48,6620414
2024-04-05 04:00:00+00:00,91.5,91.5,91.49,91.5,5463180
2024-04-08 04:00:00+00:00,91.515,91.52,91.51,91.51,4983819
2024-04-09 04:00:00+00:00,91.52,91.53,91.52,91.52,5578078
2024-04-10 04:00:00+00:00,91.53,91.54,91.53,91.54,4799657
2024-04-11 04:00:00+00:00,91.57,91.58,91.57,91.57,5081524
2024-04-12 04:00:00+00:00,91.58,91.59,91.58,91.58,7005439
2024-04-15 04:00:00+00:00,91.59,91.6,91.59,91.6,7376723
2024-04-16 04:00:00+00:00,91.62,91.62,91.61,91.61,8427001
2024-04-17 04:00:00+00:00,91.63,91.63,91.62,91.62,10975341
2024-04-18 04:00:00+00:00,91.66,91.67,91.66,91.67,7379151
2024-04-19 04:00:00+00:00,91.68,91.68,91.67,91.68,6855085
2024-04-22 04:00:00+00:00,91.695,91.7,91.69,91.7,6628445
2024-04-23 04:00:00+00:00,91.71,91.71,91.7,91.71,5991946
2024-04-24 04:00:00+00:00,91.71,91.72,91.71,91.71,7103529
2024-04-25 04:00:00+00:00,91.76,91.76,91.75,91.76,5351054
2024-04-26 04:00:00+00:00,91.77,91.77,91.76,91.76,6842826
2024-04-29 04:00:00+00:00,91.78,91.79,91.78,91.78,7880036
2024-04-30 04:00:00+00:00,91.79,91.8,91.79,91.79,13723641
2024-05-01 04:00:00+00:00,91.425,91.43,91.42,91.42,13814723
2024-05-02 04:00:00+00:00,91.47,91.47,91.46,91.47,8928181
2024-05-03 04:00:00+00:00,91.48,91.48,91.47,91.48,7417903
2024-05-06 04:00:00+00:00,91.49,91.49,91.48,91.48,8050964
2024-05-07 04:00:00+00:00,91.5,91.5,91.49,91.49,5471718
2024-05-08 04:00:00+00:00,91.51,91.52,91.51,91.51,4992461
2024-05-09 04:00:00+00:00,91.55,91.56,91.55,91.56,5300426
2024-05-10 04:00:00+00:00,91.56,91.57,91.56,91.56,4157590
2024-05-13 04:00:00+00:00,91.57,91.58,91.57,91.58,4583692
2024-05-14 04:00:00+00:00,91.6,91.6,91.59,91.59,6834419
2024-05-15 04:00:00+00:00,91.61,91.61,91.6,91.6,6416111
2024-05-16 04:00:00+00:00,91.65,91.65,91.64,91.64,8627377
2024-05-17 04:00:00+00:00,91.66,91.66,91.65,91.65,4260460
2024-05-20 04:00:00+00:00,91.67,91.68,91.67,91.67,4460536
2024-05-21 04:00:00+00:00,91.69,91.69,91.68,91.68,3358350
2024-05-22 04:00:00+00:00,91.7,91.71,91.69,91.7,5629592
2024-05-23 04:00:00+00:00,91.75,91.76,91.75,91.76,5209963
2024-05-24 04:00:00+00:00,91.76,91.77,91.76,91.77,4187414
2024-05-28 04:00:00+00:00,91.76,91.77,91.76,91.76,4940918
2024-05-29 04:00:00+00:00,91.77,91.78,91.77,91.78,4961205
2024-05-30 04:00:00+00:00,91.79,91.8,91.79,91.8,5727284
2024-05-31 04:00:00+00:00,91.82,91.83,91.82,91.82,12454843
2024-06-03 04:00:00+00:00,91.449,91.45,91.43,91.43,15275151
2024-06-04 04:00:00+00:00,91.445,91.46,91.44,91.45,8302257
2024-06-05 04:00:00+00:00,91.47,91.47,91.46,91.46,8099310
2024-06-06 04:00:00+00:00,91.48,91.48,91.47,91.47,4720806
2024-06-07 04:00:00+00:00,91.51,91.52,91.51,91.51,5032614
2024-06-10 04:00:00+00:00,91.52,91.53,91.52,91.53,4095844
2024-06-11 04:00:00+00:00,91.55,91.55,91.54,91.54,4831680
2024-06-12 04:00:00+00:00,91.56,91.56,91.55,91.56,6373619
2024-06-13 04:00:00+00:00,91.58,91.58,91.57,91.57,5132557
2024-06-14 04:00:00+00:00,91.6,91.62,91.6,91.62,5226529
2024-06-17 04:00:00+00:00,91.63,91.63,91.62,91.63,5347519
2024-06-18 04:00:00+00:00,91.64,91.65,91.64,91.65,6273184
2024-06-20 04:00:00+00:00,91.66,91.67,91.66,91.67,5238822
2024-06-21 04:00:00+00:00,91.7,91.71,91.7,91.7,5431875
2024-06-24 04:00:00+00:00,91.72,91.72,91.71,91.72,5280395
2024-06-25 04:00:00+00:00,91.73,91.74,91.72,91.72,3547887
2024-06-26 04:00:00+00:00,91.73,91.74,91.73,91.73,4098083
2024-06-27 04:00:00+00:00,91.75,91.76,91.75,91.75,4487234
2024-06-28 04:00:00+00:00,91.78,91.79,91.78,91.78,10405262
2024-07-01 04:00:00+00:00,91.42,91.42,91.41,91.42,11882656
2024-07-02 04:00:00+00:00,91.43,91.43,91.42,91.43,8228057
2024-07-03 04:00:00+00:00,91.46,91.46,91.45,91.46,4240077
2024-07-05 04:00:00+00:00,91.5,91.5,91.49,91.49,4316494
2024-07-08 04:00:00+00:00,91.5,91.52,91.5,91.51,4748083
2024-07-09 04:00:00+00:00,91.52,91.53,91.51,91.51,4323263
2024-07-10 04:00:00+00:00,91.54,91.54,91.52,91.53,4653501
2024-07-11 04:00:00+00:00,91.54,91.55,91.54,91.54,5960308
2024-07-12 04:00:00+00:00,91.58,91.59,91.58,91.58,5871959
2024-07-15 04:00:00+00:00,91.59,91.6,91.59,91.6,6130484
2024-07-16 04:00:00+00:00,91.61,91.61,91.6,91.6,5457006
2024-07-17 04:00:00+00:00,91.62,91.63,91.61,91.63,7883424
2024-07-18 04:00:00+00:00,91.63,91.64,91.62,91.64,5746039
2024-07-19 04:00:00+00:00,91.68,91.68,91.67,91.67,4604884
2024-07-22 04:00:00+00:00,91.68,91.69,91.68,91.69,6777721
2024-07-23 04:00:00+00:00,91.69,91.71,91.69,91.69,8687910
2024-07-24 04:00:00+00:00,91.72,91.72,91.71,91.72,5548031
2024-07-25 04:00:00+00:00,91.72,91.73,91.72,91.72,5926523
2024-07-26 04:00:00+00:00,91.77,91.77,91.75,91.77,4299275
2024-07-29 04:00:00+00:00,91.78,91.78,91.77,91.77,4097449
2024-07-30 04:00:00+00:00,91.79,91.79,91.78,91.78,6748041
2024-07-31 04:00:00+00:00,91.79,91.8,91.79,91.8,12395013
2024-08-01 04:00:00+00:00,91.41,91.42,91.41,91.42,18244894
2024-08-02 04:00:00+00:00,91.46,91.47,91.45,91.47,14492034
2024-08-05 04:00:00+00:00,91.47,91.48,91.47,91.47,21054236
2024-08-06 04:00:00+00:00,91.48,91.49,91.48,91.49,9774271
2024-08-07 04:00:00+00:00,91.5,91.51,91.49,91.51,14277119
2024-08-08 04:00:00+00:00,91.51,91.52,91.51,91.52,6945964
2024-08-09 04:00:00+00:00,91.54,91.55,91.54,91.54,7714465
2024-08-12 04:00:00+00:00,91.55,91.57,91.55,91.57,6167053
2024-08-13 04:00:00+00:00,91.57,91.58,91.57,91.58,7486712
2024-08-14 04:00:00+00:00,91.58,91.6,91.58,91.59,5103806
2024-08-15 04:00:00+00:00,91.6,91.61,91.59,91.6,6864965
2024-08-16 04:00:00+00:00,91.63,91.65,91.63,91.65,8828859
2024-08-19 04:00:00+00:00,91.66,91.66,91.65,91.65,5960003
2024-08-20 04:00:00+00:00,91.66,91.67,91.66,91.67,5868897
2024-08-21 04:00:00+00:00,91.69,91.69,91.6799,91.69,4315703
2024-08-22 04:00:00+00:00,91.69,91.7,91.69,91.69,5643979
2024-08-23 04:00:00+00:00,91.73,91.74,91.73,91.73,6458023
2024-08-26 04:00:00+00:00,91.74,91.75,91.74,91.74,6712331
2024-08-27 04:00:00+00:00,91.76,91.76,91.75,91.76,6549617
2024-08-28 04:00:00+00:00,91.77,91.77,91.76,91.77,6373558
2024-08-29 04:00:00+00:00,91.78,91.79,91.77,91.77,4766820
2024-08-30 04:00:00+00:00,91.825,91.83,91.82,91.82,12422235
2024-09-03 04:00:00+00:00,91.45,91.46,91.44,91.46,18003278
2024-09-04 04:00:00+00:00,91.47,91.47,91.46,91.47,6427394
2024-09-05 04:00:00+00:00,91.48,91.49,91.47,91.48,7293030
2024-09-06 04:00:00+00:00,91.53,91.53,91.52,91.53,7105225
2024-09-09 04:00:00+00:00,91.54,91.54,91.53,91.53,5391773
2024-09-10 04:00:00+00:00,91.54,91.56,91.54,91.56,4815259
2024-09-11 04:00:00+00:00,91.56,91.57,91.56,91.56,7429469
2024-09-12 04:00:00+00:00,91.57,91.58,91.57,91.57,5189827
2024-09-13 04:00:00+00:00,91.61,91.62,91.61,91.62,8183467
2024-09-16 04:00:00+00:00,91.63,91.64,91.63,91.64,6037391
2024-09-17 04:00:00+00:00,91.66,91.66,91.65,91.65,9658206
2024-09-18 04:00:00+00:00,91.66,91.68,91.66,91.67,7621151
2024-09-19 04:00:00+00:00,91.68,91.69,91.68,91.69,8001060
2024-09-20 04:00:00+00:00,91.72,91.73,91.72,91.73,6438670
2024-09-23 04:00:00+00:00,91.74,91.74,91.73,91.74,6998757
2024-09-24 04:00:00+00:00,91.75,91.76,91.75,91.75,11580222
2024-09-25 04:00:00+00:00,91.76,91.77,91.76,91.77,5875805
2024-09-26 04:00:00+00:00,91.77,91.78,91.77,91.77,4937719
2024-09-27 04:00:00+00:00,91.8,91.81,91.8,91.8,8616730
2024-09-30 04:00:00+00:00,91.81,91.82,91.81,91.81,11440961
2024-10-01 04:00:00+00:00,91.46,91.46,91.45,91.46,13695697
2024-10-02 04:00:00+00:00,91.47,91.47,91.46,91.47,7391816
2024-10-03 04:00:00+00:00,91.48,91.49,91.48,91.49,5394932
2024-10-04 04:00:00+00:00,91.515,91.52,91.51,91.51,6248676
2024-10-07 04:00:00+00:00,91.52,91.53,91.52,91.53,6735471
2024-10-08 04:00:00+00:00,91.54,91.54,91.53,91.53,5266476
2024-10-09 04:00:00+00:00,91.54,91.55,91.54,91.54,6200816
2024-10-10 04:00:00+00:00,91.56,91.56,91.55,91.55,4717768
2024-10-11 04:00:00+00:00,91.6,91.6,91.585,91.6,6011019
2024-10-14 04:00:00+00:00,91.6,91.61,91.59,91.59,4174902
2024-10-15 04:00:00+00:00,91.61,91.62,91.6,91.62,5906416
2024-10-16 04:00:00+00:00,91.63,91.63,91.62,91.62,5757294
2024-10-17 04:00:00+00:00,91.64,91.64,91.63,91.64,4395799
2024-10-18 04:00:00+00:00,91.68,91.68,91.66,91.67,5286810
2024-10-21 04:00:00+00:00,91.68,91.69,91.67,91.69,5874668
2024-10-22 04:00:00+00:00,91.7,91.7,91.69,91.7,4191457
2024-10-23 04:00:00+00:00,91.71,91.71,91.7,91.7,5462296
2024-10-24 04:00:00+00:00,91.72,91.72,91.71,91.71,4688959
2024-10-25 04:00:00+00:00,91.74,91.75,91.74,91.75,6048352
2024-10-28 04:00:00+00:00,91.76,91.76,91.75,91.75,5718610
2024-10-29 04:00:00+00:00,91.77,91.78,91.76,91.77,4704757
2024-10-30 04:00:00+00:00,91.78,91.79,91.78,91.78,4965759
2024-10-31 04:00:00+00:00,91.79,91.8,91.79,91.8,12141684
2024-11-01 04:00:00+00:00,91.48,91.48,91.47,91.48,15201456
2024-11-04 05:00:00+00:00,91.5,91.5,91.49,91.5,9477075
2024-11-05 05:00:00+00:00,91.5,91.51,91.5,91.5,4689473
2024-11-06 05:00:00+00:00,91.51,91.52,91.51,91.52,9978203
2024-11-07 05:00:00+00:00,91.52,91.53,91.52,91.53,7827884
2024-11-08 05:00:00+00:00,91.565,91.58,91.56,91.58,8280947
2024-11-11 05:00:00+00:00,91.57,91.58,91.57,91.57,8165699
2024-11-12 05:00:00+00:00,91.58,91.59,91.58,91.58,5526251
2024-11-13 05:00:00+00:00,91.59,91.6,91.59,91.6,4860484
2024-11-14 05:00:00+00:00,91.61,91.61,91.6,91.6,6138386
2024-11-15 05:00:00+00:00,91.64,91.64,91.63,91.63,9715678
2024-11-18 05:00:00+00:00,91.65,91.66,91.64,91.64,7411016
2024-11-19 05:00:00+00:00,91.66,91.67,91.65,91.67,7470650
2024-11-20 05:00:00+00:00,91.67,91.68,91.67,91.68,5529421
2024-11-21 05:00:00+00:00,91.69,91.69,91.68,91.69,5889666
2024-11-22 05:00:00+00:00,91.71,91.72,91.71,91.72,6694305
2024-11-25 05:00:00+00:00,91.72,91.73,91.72,91.73,5107671
2024-11-26 05:00:00+00:00,91.73,91.74,91.73,91.73,6691983
2024-11-27 05:00:00+00:00,91.75,91.76,91.75,91.76,6120741
2024-11-29 05:00:00+00:00,91.78,91.8,91.78,91.78,9410504
2024-12-02 05:00:00+00:00,91.47,91.47,91.46,91.47,12973949
2024-12-03 05:00:00+00:00,91.48,91.49,91.48,91.49,5673466
2024-12-04 05:00:00+00:00,91.51,91.51,91.5,91.5,5963411
2024-12-05 05:00:00+00:00,91.52,91.52,91.51,91.51,5880194
2024-12-06 05:00:00+00:00,91.55,91.55,91.54,91.55,5706612
2024-12-09 05:00:00+00:00,91.56,91.57,91.56,91.56,8793111
2024-12-10 05:00:00+00:00,91.57,91.58,91.57,91.58,5400294
2024-12-11 05:00:00+00:00,91.58,91.59,91.58,91.59,5845891
2024-12-12 05:00:00+00:00,91.6,91.61,91.6,91.61,4770228
2024-12-13 05:00:00+00:00,91.64,91.64,91.63,91.64,6271898
2024-12-16 05:00:00+00:00,91.65,91.65,91.64,91.65,6761745
2024-12-17 05:00:00+00:00,91.66,91.66,91.65,91.66,5827373
2024-12-18 05:00:00+00:00,91.66,91.67,91.66,91.66,9268213
2024-12-19 05:00:00+00:00,91.3,91.3,91.29,91.29,13876413
2024-12-20 05:00:00+00:00,91.32,91.33,91.32,91.33,12689995
2024-12-23 05:00:00+00:00,91.33,91.34,91.33,91.33,6572846
2024-12-24 05:00:00+00:00,91.35,91.36,91.35,91.35,4145575
2024-12-26 05:00:00+00:00,91.37,91.37,91.36,91.37,6209339
2024-12-27 05:00:00+00:00,91.41,91.41,91.4,91.41,6143543
2024-12-30 05:00:00+00:00,91.41,91.42,91.41,91.41,8990109
2024-12-31 05:00:00+00:00,91.44,91.44,91.43,91.43,7301458
2025-01-02 05:00:00+00:00,91.445,91.45,91.44,91.45,10756930
2025-01-03 05:00:00+00:00,91.475,91.475,91.46,91.46,7837946
2025-01-06 05:00:00+00:00,91.47,91.48,91.47,91.47,7827119
2025-01-07 05:00:00+00:00,91.49,91.5,91.48,91.49,6956798
2025-01-08 05:00:00+00:00,91.51,91.51,91.5,91.51,6673080
2025-01-10 05:00:00+00:00,91.55,91.55,91.54,91.54,10112191
2025-01-13 05:00:00+00:00,91.55,91.56,91.55,91.55,7854368
2025-01-14 05:00:00+00:00,91.56,91.57,91.56,91.57,6078338
2025-01-15 05:00:00+00:00,91.58,91.58,91.57,91.58,7253802
2025-01-16 05:00:00+00:00,91.59,91.59,91.58,91.58,6997772
2025-01-17 05:00:00+00:00,91.62,91.63,91.62,91.63,7745463
2025-01-21 05:00:00+00:00,91.63,91.64,91.63,91.63,10266168
2025-01-22 05:00:00+00:00,91.64,91.65,91.64,91.65,6019215
2025-01-23 05:00:00+00:00,91.66,91.66,91.65,91.65,6561518
2025-01-24 05:00:00+00:00,91.69,91.69,91.68,91.69,7242209
2025-01-27 05:00:00+00:00,91.69,91.7,91.69,91.7,7909563
2025-01-28 05:00:00+00:00,91.71,91.71,91.7,91.7,6485527
2025-01-29 05:00:00+00:00,91.72,91.72,91.71,91.71,5688820
2025-01-30 05:00:00+00:00,91.73,91.73,91.72,91.72,7369880
2025-01-31 05:00:00+00:00,91.75,91.76,91.75,91.75,13675867
2025-02-03 05:00:00+00:00,91.45,91.45,91.44,91.45,17503746
2025-02-04 05:00:00+00:00,91.46,91.46,91.45,91.45,9293449
2025-02-05 05:00:00+00:00,91.46,91.47,91.46,91.46,6249634
2025-02-06 05:00:00+00:00,91.48,91.48,91.47,91.48,8308294
2025-02-07 05:00:00+00:00,91.51,91.51,91.5,91.5,6312517
2025-02-10 05:00:00+00:00,91.52,91.52,91.51,91.51,5452389
2025-02-11 05:00:00+00:00,91.52,91.53,91.52,91.52,6959355
2025-02-12 05:00:00+00:00,91.53,91.54,91.53,91.53,6275670
2025-02-13 05:00:00+00:00,91.55,91.55,91.54,91.55,6340489
2025-02-14 05:00:00+00:00,91.58,91.59,91.58,91.58,6058947
2025-02-18 05:00:00+00:00,91.59,91.6,91.59,91.6,8777164
2025-02-19 05:00:00+00:00,91.61,91.61,91.6,91.61,5685152
2025-02-20 05:00:00+00:00,91.62,91.63,91.62,91.63,5454920
2025-02-21 05:00:00+00:00,91.65,91.66,91.65,91.66,7185895
2025-02-24 05:00:00+00:00,91.67,91.67,91.66,91.67,9061427
2025-02-25 05:00:00+00:00,91.68,91.68,91.67,91.67,8348278
2025-02-26 05:00:00+00:00,91.685,91.69,91.68,91.69,8610608
2025-02-27 05:00:00+00:00,91.7,91.7,91.69,91.7,6620550
2025-02-28 05:00:00+00:00,91.72,91.73,91.72,91.72,13721503
2025-03-03 05:00:00+00:00,91.45,91.45,91.44,91.45,17874415
2025-03-04 05:00:00+00:00,91.46,91.46,91.45,91.45,12187385
2025-03-05 05:00:00+00:00,91.46,91.47,91.46,91.46,11850807
2025-03-06 05:00:00+00:00,91.48,91.48,91.47,91.47,10301673
2025-03-07 05:00:00+00:00,91.5,91.51,91.5,91.51,10375693
2025-03-10 04:00:00+00:00,91.51,91.52,91.51,91.52,29758961
2025-03-11 04:00:00+00:00,91.52,91.53,91.52,91.53,19162992
2025-03-12 04:00:00+00:00,91.54,91.54,91.53,91.54,20095782
2025-03-13 04:00:00+00:00,91.54,91.56,91.54,91.56,14549104
2025-03-14 04:00:00+00:00,91.58,91.59,91.58,91.58,15908978
2025-03-17 04:00:00+00:00,91.6,91.6,91.59,91.6,9386370
2025-03-18 04:00:00+00:00,91.6,91.61,91.6,91.6,8773134
2025-03-19 04:00:00+00:00,91.61,91.62,91.61,91.61,8833157
2025-03-20 04:00:00+00:00,91.62,91.63,91.62,91.63,8490976
2025-03-21 04:00:00+00:00,91.66,91.66,91.65,91.66,6544310
2025-03-24 04:00:00+00:00,91.67,91.67,91.66,91.66,8056300
2025-03-25 04:00:00+00:00,91.67,91.68,91.67,91.67,18837101
2025-03-26 04:00:00+00:00,91.69,91.69,91.68,91.68,7207499
2025-03-27 04:00:00+00:00,91.69,91.7,91.69,91.7,8399330
2025-03-28 04:00:00+00:00,91.72,91.73,91.72,91.73,10052245
2025-03-31 04:00:00+00:00,91.73,91.74,91.73,91.73,22045840
2025-04-01 04:00:00+00:00,91.43,91.43,91.42,91.43,19110156
2025-04-02 04:00:00+00:00,91.43,91.44,91.43,91.44,9035476
2025-04-03 04:00:00+00:00,91.45,91.45,91.44,91.45,24029524
2025-04-04 04:00:00+00:00,91.48,91.49,91.47,91.48,33920185
2025-04-07 04:00:00+00:00,91.495,91.5,91.48,91.49,37205967
2025-04-08 04:00:00+00:00,91.49,91.52,91.49,91.51,21800865
2025-04-09 04:00:00+00:00,91.5,91.51,91.5,91.51,22907015
2025-04-10 04:00:00+00:00,91.51,91.52,91.51,91.52,23678142
2025-04-11 04:00:00+00:00,91.55,91.56,91.54,91.56,34807587
2025-04-14 04:00:00+00:00,91.56,91.56,91.55,91.56,18027069
2025-04-15 04:00:00+00:00,91.57,91.58,91.56,91.58,10082103
2025-04-16 04:00:00+00:00,91.58,91.59,91.58,91.59,12016201
2025-04-17 04:00:00+00:00,91.63,91.64,91.62,91.63,8243801
2025-04-21 04:00:00+00:00,91.63,91.64,91.63,91.64,10032163
2025-04-22 04:00:00+00:00,91.64,91.65,91.64,91.64,9201231
2025-04-23 04:00:00+00:00,91.66,91.66,91.65,91.66,8478518
2025-04-24 04:00:00+00:00,91.66,91.67,91.66,91.66,20381674
2025-04-25 04:00:00+00:00,91.69,91.7,91.69,91.7,11894109
2025-04-28 04:00:00+00:00,91.7,91.71,91.7,91.71,9934414
2025-04-29 04:00:00+00:00,91.71,91.72,91.71,91.71,19478867
2025-04-30 04:00:00+00:00,91.72,91.73,91.72,91.72,17498419
2025-05-01 04:00:00+00:00,91.43,91.43,91.42,91.43,15747591
2025-05-02 04:00:00+00:00,91.45,91.46,91.45,91.46,14267358
2025-05-05 04:00:00+00:00,91.47,91.47,91.46,91.46,26580773
2025-05-06 04:00:00+00:00,91.47,91.48,91.47,91.48,8429264
2025-05-07 04:00:00+00:00,91.48,91.49,91.48,91.48,6226615
2025-05-08 04:00:00+00:00,91.49,91.5,91.49,91.5,9354591
2025-05-09 04:00:00+00:00,91.53,91.53,91.52,91.53,9062438
2025-05-12 04:00:00+00:00,91.53,91.54,91.53,91.53,14491950
2025-05-13 04:00:00+00:00,91.55,91.55,91.54,91.55,23455708
2025-05-14 04:00:00+00:00,91.55,91.56,91.55,91.55,9141920
2025-05-15 04:00:00+00:00,91.57,91.57,91.56,91.56,6657063
2025-05-16 04:00:00+00:00,91.6,91.6,91.59,91.6,8755973
2025-05-19 04:00:00+00:00,91.6,91.61,91.6,91.6,7618150
2025-05-20 04:00:00+00:00,91.61,91.62,91.61,91.62,7925405
2025-05-21 04:00:00+00:00,91.63,91.64,91.63,91.63,12007364
2025-05-22 04:00:00+00:00,91.64,91.65,91.64,91.65,7876470
2025-05-23 04:00:00+00:00,91.68,91.69,91.68,91.69,14805890
2025-05-27 04:00:00+00:00,91.69,91.7,91.69,91.69,8996482
2025-05-28 04:00:00+00:00,91.7,91.71,91.7,91.7,9887592
2025-05-29 04:00:00+00:00,91.71,91.72,91.71,91.71,7530202
2025-05-30 04:00:00+00:00,91.74,91.75,91.74,91.74,19202143
2025-06-02 04:00:00+00:00,91.45,91.45,91.44,91.44,17013885
2025-06-03 04:00:00+00:00,91.45,91.46,91.45,91.46,8454734
2025-06-04 04:00:00+00:00,91.46,91.47,91.46,91.46,14872205
2025-06-05 04:00:00+00:00,91.47,91.48,91.47,91.47,7863576
2025-06-06 04:00:00+00:00,91.5,91.51,91.5,91.5,7582061
2025-06-09 04:00:00+00:00,91.51,91.52,91.51,91.52,8127967
2025-06-10 04:00:00+00:00,91.52,91.53,91.52,91.53,9514613
2025-06-11 04:00:00+00:00,91.53,91.54,91.53,91.53,7435673
2025-06-12 04:00:00+00:00,91.54,91.55,91.54,91.54,5315909
2025-06-13 04:00:00+00:00,91.575,91.58,91.57,91.58,6221318
2025-06-16 04:00:00+00:00,91.59,91.59,91.58,91.58,8456926
2025-06-17 04:00:00+00:00,91.59,91.6,91.59,91.6,5518281
2025-06-18 04:00:00+00:00,91.61,91.62,91.61,91.62,5063812
2025-06-20 04:00:00+00:00,91.645,91.65,91.64,91.64,6516931
2025-06-23 04:00:00+00:00,91.65,91.66,91.65,91.66,6474150
2025-06-24 04:00:00+00:00,91.66,91.67,91.66,91.66,16266628
2025-06-25 04:00:00+00:00,91.68,91.68,91.67,91.67,7119547
2025-06-26 04:00:00+00:00,91.68,91.69,91.68,91.68,7976074
2025-06-27 04:00:00+00:00,91.72,91.73,91.72,91.72,6878897
2025-06-30 04:00:00+00:00,91.735,91.74,91.73,91.73,16763414
2025-07-01 04:00:00+00:00,91.44,91.44,91.43,91.44,18374221
2025-07-02 04:00:00+00:00,91.45,91.45,91.44,91.45,6569183
2025-07-03 04:00:00+00:00,91.49,91.51,91.49,91.5,4860755
2025-07-07 04:00:00+00:00,91.5,91.51,91.5,91.51,11518445
2025-07-08 04:00:00+00:00,91.51,91.52,91.51,91.51,10532382
2025-07-09 04:00:00+00:00,91.52,91.53,91.52,91.52,10322884
2025-07-10 04:00:00+00:00,91.53,91.54,91.53,91.54,9514439
2025-07-11 04:00:00+00:00,91.56,91.57,91.56,91.56,5713912
2025-07-14 04:00:00+00:00,91.58,91.58,91.57,91.57,6587124
2025-07-15 04:00:00+00:00,91.58,91.59,91.58,91.58,6166514
2025-07-16 04:00:00+00:00,91.59,91.6,91.59,91.6,6745178
2025-07-17 04:00:00+00:00,91.61,91.61,91.6,91.6,6559948
2025-07-18 04:00:00+00:00,91.63,91.65,91.63,91.64,6681363
2025-07-21 04:00:00+00:00,91.655,91.66,91.65,91.66,6678707
2025-07-22 04:00:00+00:00,91.67,91.67,91.66,91.67,4792133
2025-07-23 04:00:00+00:00,91.67,91.68,91.67,91.68,6437313
2025-07-24 04:00:00+00:00,91.68,91.69,91.68,91.68,4807687
2025-07-25 04:00:00+00:00,91.71,91.72,91.71,91.71,5153871
2025-07-28 04:00:00+00:00,91.728,91.73,91.72,91.72,6305339
2025-07-29 04:00:00+00:00,91.73,91.74,91.73,91.73,7664348
2025-07-30 04:00:00+00:00,91.74,91.75,91.74,91.74,6895082
2025-07-31 04:00:00+00:00,91.75,91.76,91.75,91.75,11795120
2025-08-01 04:00:00+00:00,91.465,91.47,91.46,91.47,20144832
2025-08-04 04:00:00+00:00,91.48,91.48,91.47,91.48,20328030
2025-08-05 04:00:00+00:00,91.49,91.49,91.48,91.48,8588430
2025-08-06 04:00:00+00:00,91.5,91.51,91.49,91.51,7208805
2025-08-07 04:00:00+00:00,91.51,91.52,91.51,91.51,7157927
2025-08-08 04:00:00+00:00,91.545,91.55,91.54,91.54,6243476
2025-08-11 04:00:00+00:00,91.55,91.56,91.55,91.55,8361380
2025-08-12 04:00:00+00:00,91.56,91.57,91.56,91.56,6601652
2025-08-13 04:00:00+00:00,91.57,91.58,91.57,91.57,6791520
2025-08-14 04:00:00+00:00,91.59,91.59,91.58,91.58,6475803
2025-08-15 04:00:00+00:00,91.62,91.62,91.61,91.62,5354597
2025-08-18 04:00:00+00:00,91.62,91.63,91.62,91.62,15606181
2025-08-19 04:00:00+00:00,91.64,91.64,91.63,91.64,11862669
2025-08-20 04:00:00+00:00,91.65,91.66,91.65,91.66,6916013
2025-08-21 04:00:00+00:00,91.66,91.67,91.66,91.66,4655992
2025-08-22 04:00:00+00:00,91.7,91.7,91.69,91.69,7468111
2025-08-25 04:00:00+00:00,91.7,91.71,91.7,91.7,7319848
2025-08-26 04:00:00+00:00,91.72,91.72,91.71,91.71,8729619
2025-08-27 04:00:00+00:00,91.72,91.73,91.72,91.72,4919409
2025-08-28 04:00:00+00:00,91.73,91.74,91.73,91.73,5490307
2025-08-29 04:00:00+00:00,91.77,91.78,91.77,91.77,11546491
2025-09-02 04:00:00+00:00,91.47,91.47,91.46,91.47,13477101
2025-09-03 04:00:00+00:00,91.48,91.48,91.47,91.48,7040690
2025-09-04 04:00:00+00:00,91.49,91.5,91.48,91.5,9180575
2025-09-05 04:00:00+00:00,91.52,91.53,91.52,91.53,10222945
2025-09-08 04:00:00+00:00,91.54,91.55,91.54,91.54,9201216
2025-09-09 04:00:00+00:00,91.55,91.55,91.54,91.55,8740752
2025-09-10 04:00:00+00:00,91.55,91.56,91.55,91.56,9027224
2025-09-11 04:00:00+00:00,91.565,91.57,91.56,91.57,9714271
2025-09-12 04:00:00+00:00,91.59,91.6,91.59,91.6,7154204
2025-09-15 04:00:00+00:00,91.6,91.61,91.6,91.61,8876159
2025-09-16 04:00:00+00:00,91.62,91.63,91.62,91.62,7036433
2025-09-17 04:00:00+00:00,91.63,91.64,91.63,91.63,5395879
2025-09-18 04:00:00+00:00,91.645,91.65,91.64,91.64,6032912
2025-09-19 04:00:00+00:00,91.68,91.68,91.67,91.68,6689775
2025-09-22 04:00:00+00:00,91.68,91.69,91.68,91.69,6255236
2025-09-23 04:00:00+00:00,91.69,91.7,91.69,91.69,7854733
2025-09-24 04:00:00+00:00,91.7,91.71,91.7,91.71,6711459
2025-09-25 04:00:00+00:00,91.71,91.72,91.71,91.71,11455135
2025-09-26 04:00:00+00:00,91.74,91.74,91.73,91.74,7888818
2025-09-29 04:00:00+00:00,91.74,91.75,91.74,91.75,6928540
2025-09-30 04:00:00+00:00,91.75,91.76,91.75,91.75,14165796
2025-10-01 04:00:00+00:00,91.46,91.46,91.45,91.46,15501352
2025-10-02 04:00:00+00:00,91.47,91.47,91.46,91.47,7225201
2025-10-03 04:00:00+00:00,91.5,91.5,91.49,91.49,6177597
2025-10-06 04:00:00+00:00,91.51,91.51,91.5,91.51,7041180
2025-10-07 04:00:00+00:00,91.51,91.52,91.51,91.51,7071890
2025-10-08 04:00:00+00:00,91.53,91.53,91.52,91.53,7236340
2025-10-09 04:00:00+00:00,91.53,91.54,91.53,91.53,9389837
2025-10-10 04:00:00+00:00,91.56,91.57,91.56,91.57,14647983
2025-10-13 04:00:00+00:00,91.57,91.58,91.56,91.58,13286035
2025-10-14 04:00:00+00:00,91.59,91.59,91.58,91.58,8281841
2025-10-15 04:00:00+00:00,91.6,91.6,91.59,91.59,11747891
2025-10-16 04:00:00+00:00,91.6,91.6,91.59,91.6,7811843
2025-10-17 04:00:00+00:00,91.63,91.63,91.62,91.62,10183451
2025-10-20 04:00:00+00:00,91.64,91.64,91.63,91.64,8215427
2025-10-21 04:00:00+00:00,91.65,91.65,91.64,91.64,6989295
2025-10-22 04:00:00+00:00,91.66,91.66,91.65,91.66,13191440
2025-10-23 04:00:00+00:00,91.66,91.67,91.66,91.67,7399494
2025-10-24 04:00:00+00:00,91.695,91.7,91.69,91.7,8743117
2025-10-27 04:00:00+00:00,91.7,91.71,91.7,91.7,11472440
2025-10-28 04:00:00+00:00,91.72,91.72,91.71,91.71,13039430
2025-10-29 04:00:00+00:00,91.72,91.74,91.72,91.74,13416272
2025-10-30 04:00:00+00:00,91.74,91.75,91.74,91.74,7897153
2025-10-31 04:00:00+00:00,91.76,91.77,91.76,91.76,14371020
2025-11-03 05:00:00+00:00,91.47,91.47,91.47,91.47,17922825
2025-11-04 05:00:00+00:00,91.48,91.48,91.47,91.48,12162133
2025-11-05 05:00:00+00:00,91.5,91.5,91.485,91.49,7973159
2025-11-06 05:00:00+00:00,91.5,91.51,91.5,91.5,15915822
2025-11-07 05:00:00+00:00,91.53,91.54,91.53,91.53,11524997
2025-11-10 05:00:00+00:00,91.55,91.55,91.54,91.55,13043674
2025-11-11 05:00:00+00:00,91.55,91.55,91.54,91.54,6181174
2025-11-12 05:00:00+00:00,91.55,91.56,91.55,91.55,6371181
2025-11-13 05:00:00+00:00,91.562,91.57,91.56,91.56,6625925
2025-11-14 05:00:00+00:00,91.6,91.6,91.59,91.6,10192246
2025-11-17 05:00:00+00:00,91.6,91.61,91.6,91.6,9766975
2025-11-18 05:00:00+00:00,91.615,91.62,91.61,91.62,9642597
2025-11-19 05:00:00+00:00,91.63,91.63,91.62,91.62,6206233
2025-11-20 05:00:00+00:00,91.63,91.64,91.62,91.64,10933880
2025-11-21 05:00:00+00:00,91.66,91.66,91.655,91.66,9431841
2025-11-24 05:00:00+00:00,91.66,91.67,91.66,91.66,7347137
2025-11-25 05:00:00+00:00,91.68,91.68,91.67,91.68,8992406
2025-11-26 05:00:00+00:00,91.7,91.7,91.69,91.69,6749472
2025-11-28 05:00:00+00:00,91.72,91.73,91.72,91.72,10775168
2025-12-01 05:00:00+00:00,91.46,91.46,91.45,91.45,16856813
2025-12-02 05:00:00+00:00,91.47,91.48,91.46,91.48,7403391
2025-12-03 05:00:00+00:00,91.48,91.49,91.48,91.49,6530873
2025-12-04 05:00:00+00:00,91.5,91.51,91.5,91.5,7236673
2025-12-05 05:00:00+00:00,91.53,91.53,91.52,91.52,7308351
2025-12-08 05:00:00+00:00,91.53,91.54,91.53,91.53,7578991
2025-12-09 05:00:00+00:00,91.55,91.55,91.54,91.55,9285593
2025-12-10 05:00:00+00:00,91.55,91.56,91.55,91.55,6974239
2025-12-11 05:00:00+00:00,91.56,91.57,91.56,91.56,7144470
2025-12-12 05:00:00+00:00,91.6,91.6,91.59,91.6,6040672
2025-12-15 05:00:00+00:00,91.6,91.61,91.6,91.6,6058074
2025-12-16 05:00:00+00:00,91.61,91.62,91.61,91.61,7212176
2025-12-17 05:00:00+00:00,91.62,91.625,91.62,91.62,9641151
2025-12-18 05:00:00+00:00,91.27,91.27,91.26,91.27,10277304
2025-12-19 05:00:00+00:00,91.29,91.3,91.29,91.3,7581829
2025-12-22 05:00:00+00:00,91.3,91.31,91.3,91.3,11026869
2025-12-23 05:00:00+00:00,91.31,91.31,91.3,91.3,7111246
2025-12-24 05:00:00+00:00,91.33,91.33,91.32,91.33,5073527
2025-12-26 05:00:00+00:00,91.35,91.36,91.35,91.36,5588851
2025-12-29 05:00:00+00:00,91.36,91.37,91.36,91.36,7988908
2025-12-30 05:00:00+00:00,91.37,91.38,91.37,91.37,7852902
2025-12-31 05:00:00+00:00,91.39,91.39,91.38,91.38,11225947
2026-01-02 05:00:00+00:00,91.42,91.42,91.41,91.42,8517884
2026-01-05 05:00:00+00:00,91.42,91.43,91.42,91.42,11767739
2026-01-06 05:00:00+00:00,91.43,91.44,91.43,91.43,9135810
2026-01-07 05:00:00+00:00,91.44,91.45,91.44,91.45,8767154
2026-01-08 05:00:00+00:00,91.45,91.45,91.45,91.45,7116528
2026-01-09 05:00:00+00:00,91.47,91.48,91.47,91.47,7776620
2026-01-12 05:00:00+00:00,91.48,91.49,91.48,91.48,6189724
2026-01-13 05:00:00+00:00,91.49,91.495,91.49,91.49,7777437
2026-01-14 05:00:00+00:00,91.5,91.5,91.49,91.5,8005885
2026-01-15 05:00:00+00:00,91.51,91.51,91.5,91.5,8938430
2026-01-16 05:00:00+00:00,91.54,91.54,91.54,91.54,7648170
2026-01-20 05:00:00+00:00,91.55,91.555,91.54,91.54,9335066
2026-01-21 05:00:00+00:00,91.56,91.56,91.55,91.55,8153822
2026-01-22 05:00:00+00:00,91.565,91.57,91.56,91.56,7679160
2026-01-23 05:00:00+00:00,91.59,91.6,91.59,91.59,8147658
2026-01-26 05:00:00+00:00,91.6,91.605,91.59,91.59,10052839
2026-01-27 05:00:00+00:00,91.6,91.61,91.6,91.6,8178351
2026-01-28 05:00:00+00:00,91.61,91.62,91.61,91.61,6265487
2026-01-29 05:00:00+00:00,91.62,91.63,91.62,91.63,10237344
2026-01-30 05:00:00+00:00,91.64,91.65,91.64,91.65,14545830
2026-02-02 05:00:00+00:00,91.39,91.39,91.38,91.39,21391673
2026-02-03 05:00:00+00:00,91.39,91.4,91.39,91.39,11836069
2026-02-04 05:00:00+00:00,91.4,91.41,91.4,91.41,9216570
2026-02-05 05:00:00+00:00,91.41,91.42,91.41,91.41,9393922
2026-02-06 05:00:00+00:00,91.44,91.44,91.44,91.44,12369829
2026-02-09 05:00:00+00:00,91.44,91.45,91.44,91.44,9180305
2026-02-10 05:00:00+00:00,91.46,91.46,91.45,91.45,7085342
2026-02-11 05:00:00+00:00,91.46,91.47,91.46,91.47,5732270
2026-02-12 05:00:00+00:00,91.48,91.48,91.47,91.47,6366270
2026-02-13 05:00:00+00:00,91.5,91.51,91.5,91.51,9832514
2026-02-17 05:00:00+00:00,91.52,91.52,91.51,91.52,6709963
2026-02-18 05:00:00+00:00,91.52,91.53,91.52,91.53,8752803
2026-02-19 05:00:00+00:00,91.53,91.54,91.53,91.53,4941787
2026-02-20 05:00:00+00:00,91.57,91.57,91.56,91.56,6518152
2026-02-23 05:00:00+00:00,91.57,91.57,91.56,91.56,7716384
2026-02-24 05:00:00+00:00,91.58,91.58,91.57,91.58,5477380
2026-02-25 05:00:00+00:00,91.59,91.59,91.58,91.59,6012059
2026-02-26 05:00:00+00:00,91.59,91.6,91.59,91.6,6450541
2026-02-27 05:00:00+00:00,91.62,91.63,91.62,91.62,11533095
2026-03-02 05:00:00+00:00,91.39,91.39,91.38,91.39,15492764
2026-03-03 05:00:00+00:00,91.4,91.4,91.39,91.4,11605177
2026-03-04 05:00:00+00:00,91.405,91.41,91.4,91.41,9935297
2026-03-05 05:00:00+00:00,91.42,91.42,91.41,91.42,9250288
2026-03-06 05:00:00+00:00,91.45,91.45,91.44,91.44,8729896
2026-03-09 04:00:00+00:00,91.46,91.46,91.45,91.45,13426264
2026-03-10 04:00:00+00:00,91.46,91.46,91.45,91.46,9230103
2026-03-11 04:00:00+00:00,91.46,91.47,91.46,91.46,6615996
2026-03-12 04:00:00+00:00,91.47,91.48,91.47,91.48,10141381
2026-03-13 04:00:00+00:00,91.51,91.51,91.5,91.51,11183721
2026-03-16 04:00:00+00:00,91.52,91.52,91.51,91.51,8512176
2026-03-17 04:00:00+00:00,91.525,91.53,91.52,91.52,7551145
2026-03-18 04:00:00+00:00,91.53,91.54,91.53,91.54,15876278
2026-03-19 04:00:00+00:00,91.54,91.54,91.53,91.54,14923925
2026-03-20 04:00:00+00:00,91.565,91.57,91.56,91.57,14841976
2026-03-23 04:00:00+00:00,91.58,91.58,91.57,91.58,30255789
2026-03-24 04:00:00+00:00,91.58,91.59,91.58,91.59,17383380
2026-03-25 04:00:00+00:00,91.59,91.6,91.58,91.58,16951919
2026-03-26 04:00:00+00:00,91.6,91.6,91.59,91.6,13201147
2026-03-27 04:00:00+00:00,91.62,91.63,91.62,91.63,11246412
2026-03-30 04:00:00+00:00,91.63,91.64,91.63,91.64,12483048
2026-03-31 04:00:00+00:00,91.64,91.65,91.64,91.64,20283871
2026-04-01 04:00:00+00:00,91.4,91.4,91.39,91.4,22100071
2026-04-02 04:00:00+00:00,91.43,91.44,91.42,91.42,11514954
2026-04-06 04:00:00+00:00,91.43,91.44,91.43,91.44,17297509
2026-04-07 04:00:00+00:00,91.45,91.45,91.44,91.45,9238395
2026-04-08 04:00:00+00:00,91.455,91.46,91.45,91.45,13844709
2026-04-09 04:00:00+00:00,91.46,91.47,91.46,91.46,15594124
2026-04-10 04:00:00+00:00,91.49,91.5,91.49,91.49,10602030
2026-04-13 04:00:00+00:00,91.5,91.51,91.49,91.49,9914286
2026-04-14 04:00:00+00:00,91.5,91.51,91.5,91.5,21674466
2026-04-15 04:00:00+00:00,91.51,91.52,91.51,91.51,18590642
2026-04-16 04:00:00+00:00,91.52,91.53,91.52,91.52,17787388
2026-04-17 04:00:00+00:00,91.55,91.555,91.54,91.55,13611526
2026-04-20 04:00:00+00:00,91.56,91.56,91.55,91.56,7968597
2026-04-21 04:00:00+00:00,91.57,91.57,91.56,91.57,8185109
2026-04-22 04:00:00+00:00,91.57,91.58,91.57,91.57,9676391
2026-04-23 04:00:00+00:00,91.58,91.59,91.58,91.59,6745326
2026-04-24 04:00:00+00:00,91.62,91.62,91.61,91.61,7275515
2026-04-27 04:00:00+00:00,91.62,91.63,91.62,91.62,8623302
2026-04-28 04:00:00+00:00,91.63,91.64,91.63,91.63,6506729
2026-04-29 04:00:00+00:00,91.64,91.64,91.63,91.63,9232983
2026-04-30 04:00:00+00:00,91.64,91.65,91.64,91.64,14981697
2026-05-01 04:00:00+00:00,91.405,91.41,91.4,91.4,14128840
2026-05-04 04:00:00+00:00,91.41,91.42,91.41,91.42,10299736
2026-05-05 04:00:00+00:00,91.43,91.43,91.42,91.43,9784611
2026-05-06 04:00:00+00:00,91.42,91.43,91.42,91.42,8294907
2026-05-07 04:00:00+00:00,91.435,91.44,91.43,91.44,8042147
2026-05-08 04:00:00+00:00,91.46,91.47,91.46,91.46,8046113
2026-05-11 04:00:00+00:00,91.48,91.48,91.47,91.48,6161204
2026-05-12 04:00:00+00:00,91.49,91.49,91.48,91.49,7339154
2026-05-13 04:00:00+00:00,91.49,91.5,91.49,91.49,7479685
2026-05-14 04:00:00+00:00,91.5,91.51,91.5,91.51,6775280
2026-05-15 04:00:00+00:00,91.53,91.54,91.53,91.53,9451162
2026-05-18 04:00:00+00:00,91.54,91.55,91.53,91.53,7284277
2026-05-19 04:00:00+00:00,91.55,91.56,91.54,91.55,9728156
2026-05-20 04:00:00+00:00,91.56,91.57,91.56,91.57,8735431
2026-05-21 04:00:00+00:00,91.58,91.58,91.56,91.57,7801817
2026-05-22 04:00:00+00:00,91.6,91.6,91.59,91.59,10881968
2026-05-26 04:00:00+00:00,91.6,91.61,91.6,91.61,9919393
2026-05-27 04:00:00+00:00,91.62,91.62,91.61,91.62,6673436
2026-05-28 04:00:00+00:00,91.62,91.63,91.62,91.63,10207202
2026-05-29 04:00:00+00:00,91.645,91.66,91.64,91.66,16057964
2026-06-01 04:00:00+00:00,91.4,91.4,91.39,91.4,17998781
2026-06-02 04:00:00+00:00,91.4,91.4,91.39,91.39,9534187
2026-06-03 04:00:00+00:00,91.41,91.41,91.4,91.41,14557486
2026-06-04 04:00:00+00:00,91.42,91.42,91.41,91.41,7055795
2026-06-05 04:00:00+00:00,91.45,91.45,91.44,91.45,12909171
2026-06-08 04:00:00+00:00,91.46,91.46,91.45,91.46,11100874
2026-06-09 04:00:00+00:00,91.46,91.47,91.46,91.46,10452615
2026-06-10 04:00:00+00:00,91.48,91.48,91.47,91.47,8029885
2026-06-11 04:00:00+00:00,91.48,91.48,91.47,91.48,8730227
2026-06-12 04:00:00+00:00,91.51,91.51,91.5,91.51,18831815
2026-06-15 04:00:00+00:00,91.52,91.52,91.51,91.51,11823995
2026-06-16 04:00:00+00:00,91.53,91.53,91.52,91.52,10521236
2026-06-17 04:00:00+00:00,91.54,91.54,91.53,91.53,8344859
2026-06-18 04:00:00+00:00,91.56,91.57,91.56,91.57,7814127
2026-06-22 04:00:00+00:00,91.575,91.58,91.57,91.57,10555898
2026-06-23 04:00:00+00:00,91.59,91.59,91.58,91.58,10025125
2026-06-24 04:00:00+00:00,91.6,91.6,91.59,91.59,10153629
2026-06-25 04:00:00+00:00,91.6,91.61,91.6,91.6,8466772
2026-06-26 04:00:00+00:00,91.63,91.63,91.62,91.63,7491977
2026-06-29 04:00:00+00:00,91.64,91.64,91.63,91.64,12011480
2026-06-30 04:00:00+00:00,91.64,91.65,91.64,91.64,15847253
2026-07-01 04:00:00+00:00,91.4,91.4,91.39,91.4,17080007
2026-07-02 04:00:00+00:00,91.43,91.44,91.42,91.44,10427029
2026-07-06 04:00:00+00:00,91.45,91.45,91.43,91.43,14914776
2026-07-07 04:00:00+00:00,91.45,91.45,91.44,91.45,9230834
2026-07-08 04:00:00+00:00,91.46,91.46,91.45,91.45,8705635
2026-07-09 04:00:00+00:00,91.46,91.47,91.46,91.46,6636732
2026-07-10 04:00:00+00:00,91.49,91.5,91.49,91.5,8447593
2026-07-13 04:00:00+00:00,91.505,91.51,91.5,91.5,6746424
2026-07-14 04:00:00+00:00,91.5,91.51,91.5,91.51,6103694
2026-07-15 04:00:00+00:00,91.52,91.52,91.51,91.52,11512454
2026-07-16 04:00:00+00:00,91.52,91.53,91.52,91.53,9670289
2026-07-17 04:00:00+00:00,91.55,91.56,91.54,91.55,15118622
2026-07-20 04:00:00+00:00,91.56,91.57,91.56,91.56,7291338
2026-07-21 04:00:00+00:00,91.57,91.57,91.56,91.56,6713864
2026-07-22 04:00:00+00:00,91.58,91.58,91.57,91.58,6656868
2026-07-23 04:00:00+00:00,91.585,91.59,91.58,91.58,8382869
2026-07-24 04:00:00+00:00,91.61,91.61,91.6,91.61,6416211
2026-07-27 04:00:00+00:00,91.61,91.62,91.61,91.62,9282237
2026-07-28 04:00:00+00:00,91.63,91.63,91.62,91.63,8818582
2026-07-29 04:00:00+00:00,91.63,91.64,91.63,91.64,6757010
2026-07-30 04:00:00+00:00,91.655,91.66,91.65,91.65,10449311
2026-07-31 04:00:00+00:00,91.68,91.69,91.67,91.68,14722326
2026-08-03 04:00:00+00:00,91.42,91.43,91.41,91.42,21919897
