timestamp,open,high,low,close,volume
2017-02-01 05:00:00+00:00,83.6,83.83,83.46,83.71,2093441
2017-02-02 05:00:00+00:00,83.98,84.03,83.73,83.74,1436703
2017-02-03 05:00:00+00:00,83.95,84.13,83.65,83.8,1727254
2017-02-06 05:00:00+00:00,84.15,84.28,83.95,84.19,1551409
2017-02-07 05:00:00+00:00,84.15,84.51,84.1,84.35,1562700
2017-02-08 05:00:00+00:00,84.55,84.75,84.48,84.7,3201279
2017-02-09 05:00:00+00:00,84.52,84.54,84.18,84.19,1558155
2017-02-10 05:00:00+00:00,84.01,84.2,84.01,84.14,1652745
2017-02-13 05:00:00+00:00,83.95,84.02,83.86,84.01,1068595
2017-02-14 05:00:00+00:00,83.97,84.03,83.52,83.71,2345426
2017-02-15 05:00:00+00:00,83.42,83.6,83.41,83.55,2778000
2017-02-16 05:00:00+00:00,83.63,83.96,83.63,83.88,2511358
2017-02-17 05:00:00+00:00,84.11,84.21,84.05,84.11,2291593
2017-02-21 05:00:00+00:00,83.91,84.18,83.89,84.07,2928879
2017-02-22 05:00:00+00:00,84.24,84.29,83.92,84.2,3006750
2017-02-23 05:00:00+00:00,84.35,84.43,84.3,84.43,2057564
2017-02-24 05:00:00+00:00,84.7,84.88,84.61,84.82,2696804
2017-02-27 05:00:00+00:00,84.74,84.75,84.47,84.51,3351267
2017-02-28 05:00:00+00:00,84.55,84.68,84.46,84.48,2832529
2017-03-01 05:00:00+00:00,83.84,83.9,83.79,83.88,2292398
2017-03-02 05:00:00+00:00,83.72,83.75,83.53,83.64,2122054
2017-03-03 05:00:00+00:00,83.67,83.73,83.48,83.72,2520232
2017-03-06 05:00:00+00:00,83.74,83.75,83.62,83.71,1419475
2017-03-07 05:00:00+00:00,83.61,83.65,83.55,83.59,1608708
2017-03-08 05:00:00+00:00,83.2,83.39,83.19,83.31,2486168
2017-03-09 05:00:00+00:00,83.22,83.25,83.03,83.08,2386613
2017-03-10 05:00:00+00:00,83.25,83.28,83.07,83.25,1358187
2017-03-13 04:00:00+00:00,83.12,83.2,83.02,83.04,1372426
2017-03-14 04:00:00+00:00,83.08,83.22,83.07,83.13,901827
2017-03-15 04:00:00+00:00,83.26,83.86,83.2,83.86,3909902
2017-03-16 04:00:00+00:00,83.67,83.76,83.6,83.63,2764353
2017-03-17 04:00:00+00:00,83.73,83.92,83.72,83.85,1233002
2017-03-20 04:00:00+00:00,83.87,84.08,83.87,84.05,1362724
2017-03-21 04:00:00+00:00,84.0,84.36,84.0,84.33,1477427
2017-03-22 04:00:00+00:00,84.49,84.65,84.42,84.49,2289445
2017-03-23 04:00:00+00:00,84.54,84.58,84.26,84.4,2612044
2017-03-24 04:00:00+00:00,84.38,84.56,84.35,84.45,2547500
2017-03-27 04:00:00+00:00,84.81,84.84,84.61,84.66,2630975
2017-03-28 04:00:00+00:00,84.76,84.76,84.37,84.37,1377715
2017-03-29 04:00:00+00:00,84.52,84.65,84.52,84.61,2104437
2017-03-30 04:00:00+00:00,84.57,84.58,84.36,84.37,1681388
2017-03-31 04:00:00+00:00,84.49,84.57,84.43,84.54,1763308
2017-04-03 04:00:00+00:00,84.64,85.0,84.62,84.96,4223646
2017-04-04 04:00:00+00:00,84.93,85.01,84.84,84.84,1444887
2017-04-05 04:00:00+00:00,84.73,85.08,84.69,85.0,2747168
2017-04-06 04:00:00+00:00,85.02,85.08,84.83,84.94,1571599
2017-04-07 04:00:00+00:00,85.15,85.25,84.68,84.68,1230800
2017-04-10 04:00:00+00:00,84.8,84.93,84.76,84.84,1760793
2017-04-11 04:00:00+00:00,85.04,85.31,85.02,85.23,2235438
2017-04-12 04:00:00+00:00,85.29,85.54,85.23,85.49,2291656
2017-04-13 04:00:00+00:00,85.64,85.81,85.49,85.75,1876517
2017-04-17 04:00:00+00:00,85.76,85.83,85.54,85.61,1236969
2017-04-18 04:00:00+00:00,85.85,86.18,85.8,86.12,1727288
2017-04-19 04:00:00+00:00,85.9,85.94,85.79,85.88,1785444
2017-04-20 04:00:00+00:00,85.74,85.81,85.57,85.69,1770751
2017-04-21 04:00:00+00:00,85.77,85.9,85.7,85.73,2846080
2017-04-24 04:00:00+00:00,85.34,85.55,85.29,85.55,3675096
2017-04-25 04:00:00+00:00,85.28,85.37,85.07,85.11,2338862
2017-04-26 04:00:00+00:00,85.11,85.33,85.09,85.32,1368293
2017-04-27 04:00:00+00:00,85.3,85.49,85.26,85.39,2048026
2017-04-28 04:00:00+00:00,85.25,85.52,85.21,85.47,5653983
2017-05-01 04:00:00+00:00,85.38,85.52,85.17,85.28,2121329
2017-05-02 04:00:00+00:00,85.25,85.52,85.24,85.47,1635125
2017-05-03 04:00:00+00:00,85.49,85.52,85.24,85.29,1891077
2017-05-04 04:00:00+00:00,85.0,85.12,84.98,85.1,1275621
2017-05-05 04:00:00+00:00,85.11,85.14,84.96,85.12,1056230
2017-05-08 04:00:00+00:00,85.04,85.04,84.86,84.91,6178707
2017-05-09 04:00:00+00:00,84.8,84.85,84.7,84.81,1482404
2017-05-10 04:00:00+00:00,85.0,85.01,84.72,84.78,1014194
2017-05-11 04:00:00+00:00,84.65,84.88,84.65,84.84,1159316
2017-05-12 04:00:00+00:00,85.17,85.35,85.17,85.28,2068606
2017-05-15 04:00:00+00:00,85.24,85.26,85.17,85.22,717011
2017-05-16 04:00:00+00:00,85.21,85.45,85.21,85.33,1376246
2017-05-17 04:00:00+00:00,85.77,86.06,85.71,86.02,6152767
2017-05-18 04:00:00+00:00,86.09,86.13,85.9,85.99,1767101
2017-05-19 04:00:00+00:00,85.9,85.98,85.77,85.97,3831402
2017-05-22 04:00:00+00:00,85.87,85.94,85.83,85.87,1471444
2017-05-23 04:00:00+00:00,85.97,85.97,85.61,85.65,3931188
2017-05-24 04:00:00+00:00,85.65,85.87,85.57,85.82,2056184
2017-05-25 04:00:00+00:00,85.87,85.91,85.77,85.87,1397936
2017-05-26 04:00:00+00:00,85.95,85.99,85.88,85.93,1030809
2017-05-30 04:00:00+00:00,86.07,86.14,86.0,86.14,2677428
2017-05-31 04:00:00+00:00,86.1,86.25,86.06,86.19,1849517
2017-06-01 04:00:00+00:00,86.01,86.16,85.98,86.14,1858020
2017-06-02 04:00:00+00:00,86.46,86.61,86.39,86.52,2086554
2017-06-05 04:00:00+00:00,86.38,86.45,86.36,86.37,1841948
2017-06-06 04:00:00+00:00,86.69,86.73,86.59,86.65,2220485
2017-06-07 04:00:00+00:00,86.56,86.63,86.41,86.49,1986958
2017-06-08 04:00:00+00:00,86.41,86.41,86.2,86.35,3921289
2017-06-09 04:00:00+00:00,86.18,86.33,86.14,86.27,1287110
2017-06-12 04:00:00+00:00,86.16,86.42,86.16,86.25,813982
2017-06-13 04:00:00+00:00,86.17,86.32,86.17,86.27,829504
2017-06-14 04:00:00+00:00,86.8,87.0,86.63,86.73,3807191
2017-06-15 04:00:00+00:00,86.61,86.64,86.51,86.58,2045187
2017-06-16 04:00:00+00:00,86.6,86.73,86.59,86.63,3553455
2017-06-19 04:00:00+00:00,86.53,86.57,86.39,86.39,1179231
2017-06-20 04:00:00+00:00,86.46,86.67,86.46,86.61,1366105
2017-06-21 04:00:00+00:00,86.53,86.66,86.49,86.6,1215143
2017-06-22 04:00:00+00:00,86.73,86.75,86.57,86.68,1181750
2017-06-23 04:00:00+00:00,86.64,86.74,86.6,86.7,1615289
2017-06-26 04:00:00+00:00,86.78,86.87,86.77,86.78,4081917
2017-06-27 04:00:00+00:00,86.48,86.5,86.26,86.35,1889157
2017-06-28 04:00:00+00:00,86.31,86.31,86.13,86.27,1583153
2017-06-29 04:00:00+00:00,85.82,86.04,85.77,85.95,2153558
2017-06-30 04:00:00+00:00,85.93,85.93,85.69,85.75,2179548
2017-07-03 04:00:00+00:00,85.75,85.75,85.39,85.43,1343265
2017-07-05 04:00:00+00:00,85.41,85.59,85.37,85.5,10700559
2017-07-06 04:00:00+00:00,85.33,85.36,85.17,85.33,1872225
2017-07-07 04:00:00+00:00,85.23,85.29,85.16,85.21,1862649
2017-07-10 04:00:00+00:00,85.25,85.39,85.25,85.31,1386869
2017-07-11 04:00:00+00:00,85.28,85.45,85.25,85.42,1190662
2017-07-12 04:00:00+00:00,85.75,85.79,85.64,85.67,2724219
2017-07-13 04:00:00+00:00,85.66,85.66,85.42,85.58,2319171
2017-07-14 04:00:00+00:00,85.95,85.98,85.69,85.7,1510427
2017-07-17 04:00:00+00:00,85.75,85.88,85.7,85.81,1408269
2017-07-18 04:00:00+00:00,86.08,86.16,86.01,86.12,2034921
2017-07-19 04:00:00+00:00,86.13,86.2,86.07,86.12,2565764
2017-07-20 04:00:00+00:00,86.27,86.31,86.12,86.15,2337871
2017-07-21 04:00:00+00:00,86.31,86.41,86.28,86.3,1953469
2017-07-24 04:00:00+00:00,86.25,86.31,86.18,86.24,2817888
2017-07-25 04:00:00+00:00,85.95,85.95,85.74,85.76,2608662
2017-07-26 04:00:00+00:00,85.76,86.12,85.72,86.04,3675245
2017-07-27 04:00:00+00:00,85.87,85.97,85.8,85.9,1876230
2017-07-28 04:00:00+00:00,85.89,86.07,85.86,86.04,1084786
2017-07-31 04:00:00+00:00,85.99,86.08,85.94,86.07,1133424
2017-08-01 04:00:00+00:00,85.93,86.31,85.89,86.28,1985451
2017-08-02 04:00:00+00:00,86.24,86.36,86.19,86.2,544588
2017-08-03 04:00:00+00:00,86.38,86.52,86.31,86.5,1623668
2017-08-04 04:00:00+00:00,86.3,86.3,86.08,86.27,1317651
2017-08-07 04:00:00+00:00,86.22,86.32,86.18,86.31,595706
2017-08-08 04:00:00+00:00,86.28,86.29,86.1,86.24,1303223
2017-08-09 04:00:00+00:00,86.56,86.58,86.35,86.35,1405800
2017-08-10 04:00:00+00:00,86.52,86.7,86.5,86.67,1503299
2017-08-11 04:00:00+00:00,86.62,86.82,86.58,86.77,959099
2017-08-14 04:00:00+00:00,86.6,86.68,86.52,86.56,1482145
2017-08-15 04:00:00+00:00,86.21,86.37,86.18,86.3,1202206
2017-08-16 04:00:00+00:00,86.22,86.59,86.2,86.46,2222118
2017-08-17 04:00:00+00:00,86.49,86.79,86.46,86.77,1682728
2017-08-18 04:00:00+00:00,86.92,86.98,86.65,86.78,1286001
2017-08-21 04:00:00+00:00,86.81,86.89,86.77,86.84,731167
2017-08-22 04:00:00+00:00,86.76,86.76,86.62,86.67,1062620
2017-08-23 04:00:00+00:00,86.85,86.97,86.78,86.97,1304230
2017-08-24 04:00:00+00:00,86.83,86.93,86.78,86.83,2656975
2017-08-25 04:00:00+00:00,86.84,87.02,86.78,86.98,1133369
2017-08-28 04:00:00+00:00,86.93,87.06,86.9,87.06,1026636
2017-08-29 04:00:00+00:00,87.46,87.48,87.16,87.26,1666961
2017-08-30 04:00:00+00:00,87.12,87.23,87.12,87.18,1320991
2017-08-31 04:00:00+00:00,87.19,87.33,87.18,87.32,1066746
2017-09-01 04:00:00+00:00,87.23,87.25,87.02,87.07,3806095
2017-09-05 04:00:00+00:00,87.39,87.68,87.36,87.67,3471857
2017-09-06 04:00:00+00:00,87.65,87.7,87.36,87.46,1740574
2017-09-07 04:00:00+00:00,87.54,87.91,87.54,87.84,4572298
2017-09-08 04:00:00+00:00,87.81,87.81,87.66,87.78,1379163
2017-09-11 04:00:00+00:00,87.42,87.45,87.28,87.28,2384553
2017-09-12 04:00:00+00:00,87.14,87.14,86.98,87.07,3826265
2017-09-13 04:00:00+00:00,87.08,87.08,86.87,86.89,1756781
2017-09-14 04:00:00+00:00,86.8,86.92,86.77,86.9,1479281
2017-09-15 04:00:00+00:00,86.91,87.01,86.76,87.01,1666297
2017-09-18 04:00:00+00:00,86.66,86.74,86.59,86.67,3581733
2017-09-19 04:00:00+00:00,86.69,86.73,86.55,86.57,700013
2017-09-20 04:00:00+00:00,86.65,86.67,86.27,86.4,2478091
2017-09-21 04:00:00+00:00,86.44,86.56,86.29,86.29,3361759
2017-09-22 04:00:00+00:00,86.56,86.58,86.42,86.44,892253
2017-09-25 04:00:00+00:00,86.54,86.77,86.45,86.7,2096591
2017-09-26 04:00:00+00:00,86.62,86.68,86.55,86.63,1227139
2017-09-27 04:00:00+00:00,86.2,86.31,86.16,86.18,4189935
2017-09-28 04:00:00+00:00,86.08,86.23,86.03,86.17,1934802
2017-09-29 04:00:00+00:00,86.26,86.26,86.02,86.06,2169693
2017-10-02 04:00:00+00:00,86.11,86.15,85.97,85.97,3575405
2017-10-03 04:00:00+00:00,85.99,86.12,85.97,86.09,2910448
2017-10-04 04:00:00+00:00,86.17,86.17,85.98,86.06,2435187
2017-10-05 04:00:00+00:00,86.09,86.14,85.93,85.97,2193724
2017-10-06 04:00:00+00:00,85.75,85.97,85.65,85.87,2902368
2017-10-09 04:00:00+00:00,85.94,86.0,85.88,85.97,953030
2017-10-10 04:00:00+00:00,86.01,86.2,85.97,86.0,1186073
2017-10-11 04:00:00+00:00,86.12,86.13,86.0,86.09,3185643
2017-10-12 04:00:00+00:00,86.15,86.21,86.06,86.18,1472173
2017-10-13 04:00:00+00:00,86.43,86.52,86.33,86.47,1578757
2017-10-16 04:00:00+00:00,86.31,86.41,86.23,86.32,1698228
2017-10-17 04:00:00+00:00,86.19,86.32,86.18,86.29,702100
2017-10-18 04:00:00+00:00,86.02,86.1,85.99,86.07,1832712
2017-10-19 04:00:00+00:00,86.31,86.34,86.1,86.16,1580930
2017-10-20 04:00:00+00:00,85.88,85.94,85.77,85.8,2743971
2017-10-23 04:00:00+00:00,85.84,85.94,85.84,85.88,758036
2017-10-24 04:00:00+00:00,85.67,85.74,85.58,85.63,1642997
2017-10-25 04:00:00+00:00,85.34,85.56,85.34,85.49,1879203
2017-10-26 04:00:00+00:00,85.57,85.59,85.37,85.37,2099362
2017-10-27 04:00:00+00:00,85.46,85.65,85.4,85.65,1362992
2017-10-30 04:00:00+00:00,85.84,85.97,85.8,85.96,1746919
2017-10-31 04:00:00+00:00,85.97,85.97,85.88,85.9,1229107
2017-11-01 04:00:00+00:00,85.84,86.08,85.84,85.95,1356578
2017-11-02 04:00:00+00:00,86.05,86.19,86.0,86.07,2152363
2017-11-03 04:00:00+00:00,86.18,86.23,86.03,86.2,2575527
2017-11-06 05:00:00+00:00,86.29,86.35,86.23,86.31,901765
2017-11-07 05:00:00+00:00,86.33,86.41,86.28,86.34,770630
2017-11-08 05:00:00+00:00,86.38,86.41,86.21,86.24,1000667
2017-11-09 05:00:00+00:00,86.12,86.28,86.09,86.2,1016755
2017-11-10 05:00:00+00:00,85.9,85.93,85.73,85.77,1968373
2017-11-13 05:00:00+00:00,85.83,85.87,85.72,85.73,968733
2017-11-14 05:00:00+00:00,85.75,85.9,85.73,85.85,1664107
2017-11-15 05:00:00+00:00,86.13,86.19,85.97,86.16,2010930
2017-11-16 05:00:00+00:00,86.02,86.07,85.92,85.94,1783805
2017-11-17 05:00:00+00:00,86.09,86.13,85.99,86.05,971299
2017-11-20 05:00:00+00:00,85.94,86.03,85.86,85.91,1238203
2017-11-21 05:00:00+00:00,86.05,86.09,85.86,85.93,897214
2017-11-22 05:00:00+00:00,86.02,86.24,85.99,86.2,1717756
2017-11-24 05:00:00+00:00,86.12,86.18,86.09,86.13,729295
2017-11-27 05:00:00+00:00,86.17,86.25,86.06,86.19,2390403
2017-11-28 05:00:00+00:00,86.32,86.35,86.13,86.2,1440060
2017-11-29 05:00:00+00:00,85.92,85.97,85.81,85.93,3280237
2017-11-30 05:00:00+00:00,85.87,85.91,85.57,85.66,3381635
2017-12-01 05:00:00+00:00,85.79,86.31,85.63,85.98,4374173
2017-12-04 05:00:00+00:00,85.75,85.94,85.74,85.94,2478425
2017-12-05 05:00:00+00:00,85.8,86.03,85.78,86.0,1670424
2017-12-06 05:00:00+00:00,86.2,86.29,86.16,86.18,1527884
2017-12-07 05:00:00+00:00,86.18,86.25,85.92,86.03,2100528
2017-12-08 05:00:00+00:00,86.01,86.05,85.89,85.96,3550387
2017-12-11 05:00:00+00:00,86.01,86.05,85.88,85.9,778272
2017-12-12 05:00:00+00:00,85.82,85.84,85.71,85.83,2635841
2017-12-13 05:00:00+00:00,85.95,86.21,85.86,86.18,1522597
2017-12-14 05:00:00+00:00,86.03,86.22,85.92,86.15,1027641
2017-12-15 05:00:00+00:00,86.02,86.17,85.97,86.13,1921383
2017-12-18 05:00:00+00:00,86.06,86.08,85.9,85.94,1731121
2017-12-19 05:00:00+00:00,85.73,85.73,85.43,85.55,4904748
2017-12-20 05:00:00+00:00,85.3,85.45,85.26,85.3,3635615
2017-12-21 05:00:00+00:00,85.31,85.36,85.25,85.36,3136004
2017-12-22 05:00:00+00:00,85.35,85.39,85.31,85.39,718759
2017-12-26 05:00:00+00:00,85.4,85.52,85.38,85.42,3986603
2017-12-27 05:00:00+00:00,85.54,85.82,85.54,85.79,2442141
2017-12-28 05:00:00+00:00,85.71,85.75,85.63,85.68,1641462
2017-12-29 05:00:00+00:00,85.74,85.88,85.73,85.82,1901147
2018-01-02 05:00:00+00:00,85.71,85.74,85.43,85.53,4349151
2018-01-03 05:00:00+00:00,85.64,85.69,85.53,85.62,2489087
2018-01-04 05:00:00+00:00,85.44,85.59,85.37,85.58,2872259
2018-01-05 05:00:00+00:00,85.58,85.61,85.4,85.48,2200811
2018-01-08 05:00:00+00:00,85.52,85.53,85.36,85.44,3028390
2018-01-09 05:00:00+00:00,85.29,85.29,85.01,85.03,6214881
2018-01-10 05:00:00+00:00,84.78,85.05,84.73,85.01,2187304
2018-01-11 05:00:00+00:00,84.97,85.14,84.88,85.06,1851510
2018-01-12 05:00:00+00:00,84.88,85.04,84.87,85.01,1516503
2018-01-16 05:00:00+00:00,85.14,85.16,84.93,85.05,6002425
2018-01-17 05:00:00+00:00,84.92,85.05,84.8,84.86,2275210
2018-01-18 05:00:00+00:00,84.63,84.71,84.53,84.59,3492634
2018-01-19 05:00:00+00:00,84.54,84.54,84.32,84.37,3022810
2018-01-22 05:00:00+00:00,84.44,84.5,84.27,84.34,10196723
2018-01-23 05:00:00+00:00,84.53,84.63,84.46,84.58,1916157
2018-01-24 05:00:00+00:00,84.44,84.5,84.32,84.42,2135431
2018-01-25 05:00:00+00:00,84.33,84.62,84.23,84.61,3773382
2018-01-26 05:00:00+00:00,84.51,84.51,84.27,84.36,3471995
2018-01-29 05:00:00+00:00,84.14,84.18,83.98,84.14,2385589
2018-01-30 05:00:00+00:00,84.07,84.12,83.91,83.95,2412332
2018-01-31 05:00:00+00:00,84.09,84.13,83.75,83.97,3121051
2018-02-01 05:00:00+00:00,83.95,83.95,83.52,83.54,9315463
2018-02-02 05:00:00+00:00,83.29,83.35,83.14,83.23,6078084
2018-02-05 05:00:00+00:00,83.26,84.12,83.12,83.92,7406448
2018-02-06 05:00:00+00:00,83.83,83.9,83.55,83.55,5518157
2018-02-07 05:00:00+00:00,83.66,83.68,83.21,83.3,5073982
2018-02-08 05:00:00+00:00,83.08,83.48,82.96,83.38,5787590
2018-02-09 05:00:00+00:00,83.14,83.71,83.14,83.23,4626534
2018-02-12 05:00:00+00:00,83.23,83.35,83.12,83.21,2980783
2018-02-13 05:00:00+00:00,83.27,83.37,83.2,83.35,2746855
2018-02-14 05:00:00+00:00,83.1,83.1,82.75,82.84,4483503
2018-02-15 05:00:00+00:00,82.86,83.02,82.84,82.86,3131699
2018-02-16 05:00:00+00:00,83.13,83.2,83.02,83.06,2368380
2018-02-20 05:00:00+00:00,82.9,83.02,82.82,82.97,2254797
2018-02-21 05:00:00+00:00,83.05,83.05,82.62,82.73,2332233
2018-02-22 05:00:00+00:00,82.86,82.95,82.81,82.84,5487934
2018-02-23 05:00:00+00:00,83.06,83.22,83.04,83.16,4662756
2018-02-26 05:00:00+00:00,83.35,83.42,83.22,83.26,2877319
2018-02-27 05:00:00+00:00,83.29,83.32,82.84,83.0,3492123
2018-02-28 05:00:00+00:00,83.09,83.21,83.02,83.19,2819656
2018-03-01 05:00:00+00:00,83.31,83.68,83.21,83.55,5575961
2018-03-02 05:00:00+00:00,83.44,83.45,83.19,83.24,2340806
2018-03-05 05:00:00+00:00,83.47,83.47,83.03,83.13,2098023
2018-03-06 05:00:00+00:00,83.16,83.3,83.12,83.12,2483100
2018-03-07 05:00:00+00:00,83.31,83.36,83.12,83.12,1378395
2018-03-08 05:00:00+00:00,83.24,83.38,83.2,83.3,2025992
2018-03-09 05:00:00+00:00,83.09,83.18,83.0,83.12,1680211
2018-03-12 04:00:00+00:00,83.18,83.32,83.13,83.31,2127747
2018-03-13 04:00:00+00:00,83.44,83.49,83.29,83.45,1836117
2018-03-14 04:00:00+00:00,83.4,83.72,83.39,83.61,3724997
2018-03-15 04:00:00+00:00,83.6,83.69,83.5,83.58,2865468
2018-03-16 04:00:00+00:00,83.48,83.5,83.38,83.48,3857207
2018-03-19 04:00:00+00:00,83.3,83.56,83.3,83.4,2990373
2018-03-20 04:00:00+00:00,83.26,83.31,83.21,83.24,2735078
2018-03-21 04:00:00+00:00,83.13,83.36,82.92,83.3,3546365
2018-03-22 04:00:00+00:00,83.61,83.81,83.5,83.64,5764922
2018-03-23 04:00:00+00:00,83.56,83.79,83.56,83.75,2632167
2018-03-26 04:00:00+00:00,83.61,83.71,83.5,83.52,4274403
2018-03-27 04:00:00+00:00,83.61,84.04,83.61,84.0,3670407
2018-03-28 04:00:00+00:00,84.16,84.21,83.9,83.98,2847588
2018-03-29 04:00:00+00:00,84.01,84.25,84.01,84.15,2879092
2018-04-02 04:00:00+00:00,84.09,84.42,84.05,84.24,2887091
2018-04-03 04:00:00+00:00,84.11,84.14,83.94,83.97,4601164
2018-04-04 04:00:00+00:00,84.14,84.14,83.88,83.92,2371368
2018-04-05 04:00:00+00:00,83.79,83.82,83.67,83.71,1918089
2018-04-06 04:00:00+00:00,83.98,84.11,83.86,84.07,2865114
2018-04-09 04:00:00+00:00,83.93,84.09,83.85,84.09,2259811
2018-04-10 04:00:00+00:00,83.98,84.03,83.88,83.94,1739334
2018-04-11 04:00:00+00:00,84.11,84.14,83.94,84.03,2777484
2018-04-12 04:00:00+00:00,83.91,83.92,83.7,83.72,2282840
2018-04-13 04:00:00+00:00,83.65,83.84,83.65,83.8,3496282
2018-04-16 04:00:00+00:00,83.59,83.77,83.58,83.76,1888086
2018-04-17 04:00:00+00:00,83.72,83.86,83.68,83.81,1361201
2018-04-18 04:00:00+00:00,83.72,83.73,83.48,83.48,2556752
2018-04-19 04:00:00+00:00,83.28,83.34,83.15,83.27,4048488
2018-04-20 04:00:00+00:00,83.14,83.19,82.97,82.97,2413431
2018-04-23 04:00:00+00:00,82.9,82.94,82.78,82.89,6066037
2018-04-24 04:00:00+00:00,82.78,82.87,82.72,82.79,3289514
2018-04-25 04:00:00+00:00,82.66,82.71,82.56,82.61,3561089
2018-04-26 04:00:00+00:00,82.81,82.88,82.76,82.85,2388716
2018-04-27 04:00:00+00:00,82.92,83.04,82.91,82.99,2530751
2018-04-30 04:00:00+00:00,83.03,83.17,83.01,83.08,3741410
2018-05-01 04:00:00+00:00,83.07,83.07,82.91,82.95,2289308
2018-05-02 04:00:00+00:00,82.98,82.98,82.96,82.96,211419
2018-05-03 04:00:00+00:00,83.14,83.18,83.14,83.18,157202
2018-05-04 04:00:00+00:00,83.28,83.31,83.06,83.19,2541542
2018-05-07 04:00:00+00:00,83.18,83.2,83.1,83.14,1930550
2018-05-08 04:00:00+00:00,83.01,83.09,82.92,83.01,1770722
2018-05-09 04:00:00+00:00,82.82,82.91,82.79,82.82,2885380
2018-05-10 04:00:00+00:00,83.01,83.05,82.91,82.99,4288861
2018-05-11 04:00:00+00:00,83.05,83.05,82.91,83.0,3051643
2018-05-14 04:00:00+00:00,82.87,82.89,82.81,82.82,5384425
2018-05-15 04:00:00+00:00,82.5,82.5,82.24,82.36,7700171
2018-05-16 04:00:00+00:00,82.39,82.41,82.19,82.19,4964876
2018-05-17 04:00:00+00:00,82.22,82.27,82.11,82.14,1760677
2018-05-18 04:00:00+00:00,82.29,82.51,82.29,82.46,2717697
2018-05-21 04:00:00+00:00,82.42,82.52,82.37,82.51,3745092
2018-05-22 04:00:00+00:00,82.51,82.52,82.41,82.48,2028084
2018-05-23 04:00:00+00:00,82.74,82.91,82.72,82.86,5800978
2018-05-24 04:00:00+00:00,83.05,83.19,83.01,83.07,3204699
2018-05-25 04:00:00+00:00,83.32,83.41,83.28,83.4,3016641
2018-05-29 04:00:00+00:00,83.76,84.46,83.68,84.3,11987118
2018-05-30 04:00:00+00:00,83.95,84.07,83.79,83.94,4581888
2018-05-31 04:00:00+00:00,83.95,84.09,83.76,83.9,5563518
2018-06-01 04:00:00+00:00,83.52,83.72,83.46,83.59,8031740
2018-06-04 04:00:00+00:00,83.5,83.51,83.29,83.29,3211058
2018-06-05 04:00:00+00:00,83.51,83.62,83.42,83.51,4326437
2018-06-06 04:00:00+00:00,83.28,83.3,83.12,83.17,4089908
2018-06-07 04:00:00+00:00,83.17,83.75,83.14,83.52,4588855
2018-06-08 04:00:00+00:00,83.43,83.53,83.38,83.41,7424446
2018-06-11 04:00:00+00:00,83.26,83.35,83.24,83.33,1925469
2018-06-12 04:00:00+00:00,83.21,83.32,83.19,83.28,1731000
2018-06-13 04:00:00+00:00,83.3,83.36,82.96,83.18,3550792
2018-06-14 04:00:00+00:00,83.33,83.45,83.27,83.44,4855156
2018-06-15 04:00:00+00:00,83.62,83.73,83.48,83.51,6698662
2018-06-18 04:00:00+00:00,83.61,83.63,83.48,83.55,4643864
2018-06-19 04:00:00+00:00,83.79,83.87,83.71,83.76,4240203
2018-06-20 04:00:00+00:00,83.74,83.75,83.49,83.5,3083564
2018-06-21 04:00:00+00:00,83.63,83.78,83.63,83.72,2711593
2018-06-22 04:00:00+00:00,83.61,83.78,83.6,83.74,2545833
2018-06-25 04:00:00+00:00,83.83,83.97,83.82,83.85,9834828
2018-06-26 04:00:00+00:00,83.87,83.94,83.81,83.89,3952546
2018-06-27 04:00:00+00:00,84.1,84.24,84.04,84.21,3104698
2018-06-28 04:00:00+00:00,84.2,84.23,84.06,84.13,3730143
2018-06-29 04:00:00+00:00,84.12,84.2,84.06,84.06,2837302
2018-07-02 04:00:00+00:00,84.15,84.17,83.98,84.01,3978623
2018-07-03 04:00:00+00:00,84.04,84.22,84.03,84.22,1598886
2018-07-05 04:00:00+00:00,84.19,84.33,84.18,84.23,1835607
2018-07-06 04:00:00+00:00,84.33,84.38,84.23,84.3,3267814
2018-07-09 04:00:00+00:00,84.1,84.16,84.07,84.09,2804018
2018-07-10 04:00:00+00:00,84.01,84.1,83.97,84.02,4901147
2018-07-11 04:00:00+00:00,84.18,84.22,84.06,84.19,2328598
2018-07-12 04:00:00+00:00,84.09,84.19,84.07,84.16,1513377
2018-07-13 04:00:00+00:00,84.25,84.33,84.2,84.3,2958429
2018-07-16 04:00:00+00:00,84.12,84.19,84.01,84.16,2390458
2018-07-17 04:00:00+00:00,84.21,84.21,84.09,84.11,1097808
2018-07-18 04:00:00+00:00,84.15,84.17,84.02,84.05,1430582
2018-07-19 04:00:00+00:00,84.1,84.35,84.09,84.28,4326788
2018-07-20 04:00:00+00:00,84.18,84.18,83.95,83.98,3457219
2018-07-23 04:00:00+00:00,83.88,83.89,83.55,83.57,5470321
2018-07-24 04:00:00+00:00,83.55,83.67,83.5,83.63,3539326
2018-07-25 04:00:00+00:00,83.73,83.78,83.52,83.57,2591597
2018-07-26 04:00:00+00:00,83.65,83.69,83.46,83.48,2654826
2018-07-27 04:00:00+00:00,83.67,83.67,83.53,83.61,1584446
2018-07-30 04:00:00+00:00,83.45,83.6,83.44,83.5,4167312
2018-07-31 04:00:00+00:00,83.64,83.66,83.56,83.62,3257025
2018-08-01 04:00:00+00:00,83.36,83.48,83.3,83.42,5463824
2018-08-02 04:00:00+00:00,83.48,83.54,83.41,83.52,3468123
2018-08-03 04:00:00+00:00,83.59,83.76,83.58,83.73,2527141
2018-08-06 04:00:00+00:00,83.79,83.92,83.77,83.78,4131721
2018-08-07 04:00:00+00:00,83.73,83.73,83.59,83.6,2240269
2018-08-08 04:00:00+00:00,83.63,83.73,83.62,83.68,3137079
2018-08-09 04:00:00+00:00,83.81,83.91,83.79,83.91,5043713
2018-08-10 04:00:00+00:00,84.13,84.38,84.1,84.27,4362040
2018-08-13 04:00:00+00:00,84.22,84.34,84.15,84.24,1814156
2018-08-14 04:00:00+00:00,84.23,84.24,84.12,84.16,2628632
2018-08-15 04:00:00+00:00,84.34,84.52,84.32,84.37,5415824
2018-08-16 04:00:00+00:00,84.38,84.39,84.2,84.34,2778827
2018-08-17 04:00:00+00:00,84.42,84.49,84.29,84.38,3166298
2018-08-20 04:00:00+00:00,84.54,84.67,84.52,84.64,3034605
2018-08-21 04:00:00+00:00,84.57,84.57,84.47,84.52,2644493
2018-08-22 04:00:00+00:00,84.76,84.76,84.6,84.68,2917890
2018-08-23 04:00:00+00:00,84.71,84.74,84.65,84.67,895505
2018-08-24 04:00:00+00:00,84.52,84.71,84.49,84.7,1365418
2018-08-27 04:00:00+00:00,84.58,84.6,84.49,84.51,1971468
2018-08-28 04:00:00+00:00,84.36,84.39,84.28,84.32,1614350
2018-08-29 04:00:00+00:00,84.34,84.35,84.21,84.29,1687732
2018-08-30 04:00:00+00:00,84.41,84.52,84.38,84.45,2872488
2018-08-31 04:00:00+00:00,84.64,84.65,84.46,84.47,2217393
2018-09-04 04:00:00+00:00,84.35,84.4,84.23,84.27,3648333
2018-09-05 04:00:00+00:00,84.26,84.32,84.17,84.27,1454100
2018-09-06 04:00:00+00:00,84.32,84.5,84.3,84.44,1815098
2018-09-07 04:00:00+00:00,84.14,84.16,84.03,84.06,4618427
2018-09-10 04:00:00+00:00,84.04,84.14,84.04,84.11,3252880
2018-09-11 04:00:00+00:00,83.94,83.97,83.8,83.8,3598612
2018-09-12 04:00:00+00:00,83.94,83.98,83.9,83.9,1518055
2018-09-13 04:00:00+00:00,84.02,84.02,83.88,83.89,1373682
2018-09-14 04:00:00+00:00,83.73,83.82,83.69,83.74,3887484
2018-09-17 04:00:00+00:00,83.65,83.79,83.62,83.75,4055767
2018-09-18 04:00:00+00:00,83.65,83.66,83.38,83.41,5076874
2018-09-19 04:00:00+00:00,83.36,83.37,83.14,83.26,5876560
2018-09-20 04:00:00+00:00,83.17,83.36,83.14,83.28,3124242
2018-09-21 04:00:00+00:00,83.23,83.36,83.23,83.31,1155058
2018-09-24 04:00:00+00:00,83.19,83.32,83.18,83.22,2480255
2018-09-25 04:00:00+00:00,83.12,83.15,83.04,83.14,3113187
2018-09-26 04:00:00+00:00,83.22,83.42,83.18,83.41,2648472
2018-09-27 04:00:00+00:00,83.35,83.43,83.3,83.41,6441749
2018-09-28 04:00:00+00:00,83.55,83.55,83.42,83.45,4326446
2018-10-01 04:00:00+00:00,83.34,83.39,83.24,83.24,6873310
2018-10-02 04:00:00+00:00,83.36,83.51,83.36,83.45,3164206
2018-10-03 04:00:00+00:00,83.3,83.3,82.73,82.83,6920049
2018-10-04 04:00:00+00:00,82.63,82.76,82.55,82.62,6707295
2018-10-05 04:00:00+00:00,82.5,82.58,82.32,82.42,5808876
2018-10-08 04:00:00+00:00,82.5,82.54,82.44,82.45,2037767
2018-10-09 04:00:00+00:00,82.48,82.61,82.45,82.61,3187586
2018-10-10 04:00:00+00:00,82.41,82.67,82.37,82.65,3077986
2018-10-11 04:00:00+00:00,82.83,83.11,82.73,82.99,6203508
2018-10-12 04:00:00+00:00,82.89,83.09,82.85,82.89,2806406
2018-10-15 04:00:00+00:00,82.97,83.01,82.87,82.94,1984205
2018-10-16 04:00:00+00:00,82.87,82.94,82.82,82.93,2899249
2018-10-17 04:00:00+00:00,82.92,83.0,82.69,82.69,3818391
2018-10-18 04:00:00+00:00,82.65,82.98,82.61,82.84,2682378
2018-10-19 04:00:00+00:00,82.83,82.85,82.68,82.74,5755712
2018-10-22 04:00:00+00:00,82.83,82.87,82.75,82.76,1731540
2018-10-23 04:00:00+00:00,83.19,83.3,82.93,82.97,5063722
2018-10-24 04:00:00+00:00,83.2,83.44,83.15,83.42,5128738
2018-10-25 04:00:00+00:00,83.27,83.33,83.15,83.22,3776888
2018-10-26 04:00:00+00:00,83.54,83.73,83.51,83.59,4422338
2018-10-29 04:00:00+00:00,83.49,83.68,83.35,83.58,3837717
2018-10-30 04:00:00+00:00,83.43,83.53,83.37,83.4,5851715
2018-10-31 04:00:00+00:00,83.16,83.26,83.11,83.2,4148302
2018-11-01 04:00:00+00:00,83.13,83.3,83.1,83.27,5042556
2018-11-02 04:00:00+00:00,83.07,83.09,82.77,82.8,5550915
2018-11-05 05:00:00+00:00,82.96,82.99,82.85,82.85,2795585
2018-11-06 05:00:00+00:00,82.91,82.91,82.75,82.76,2746453
2018-11-07 05:00:00+00:00,82.9,82.97,82.75,82.76,3404345
2018-11-08 05:00:00+00:00,82.83,82.85,82.62,82.65,2268523
2018-11-09 05:00:00+00:00,82.77,83.01,82.76,82.97,3032729
2018-11-12 05:00:00+00:00,83.14,83.25,83.1,83.22,3858806
2018-11-13 05:00:00+00:00,83.18,83.3,83.11,83.28,3611035
2018-11-14 05:00:00+00:00,83.18,83.62,83.15,83.46,4770598
2018-11-15 05:00:00+00:00,83.67,83.71,83.42,83.52,2662574
2018-11-16 05:00:00+00:00,83.71,83.81,83.64,83.77,7342112
2018-11-19 05:00:00+00:00,83.71,83.92,83.71,83.9,3579287
2018-11-20 05:00:00+00:00,83.92,84.0,83.85,83.88,3799277
2018-11-21 05:00:00+00:00,83.81,83.86,83.71,83.85,1959840
2018-11-23 05:00:00+00:00,84.04,84.04,83.91,83.91,591144
2018-11-26 05:00:00+00:00,83.81,83.85,83.76,83.85,2585305
2018-11-27 05:00:00+00:00,83.82,83.99,83.81,83.93,2477349
2018-11-28 05:00:00+00:00,83.86,84.03,83.8,83.92,3684059
2018-11-29 05:00:00+00:00,84.15,84.26,84.04,84.14,4400430
2018-11-30 05:00:00+00:00,84.26,84.34,84.2,84.3,3307658
2018-12-03 05:00:00+00:00,84.2,84.49,84.17,84.49,6657305
2018-12-04 05:00:00+00:00,84.64,85.04,84.61,84.88,8580803
2018-12-06 05:00:00+00:00,85.2,85.46,85.08,85.09,10028526
2018-12-07 05:00:00+00:00,85.07,85.37,84.96,85.34,8953192
2018-12-10 05:00:00+00:00,85.36,85.52,85.25,85.39,10801145
2018-12-11 05:00:00+00:00,85.19,85.37,85.08,85.18,6460368
2018-12-12 05:00:00+00:00,85.04,85.08,84.92,84.94,4917261
2018-12-13 05:00:00+00:00,85.04,85.08,84.94,84.99,4199319
2018-12-14 05:00:00+00:00,85.14,85.26,85.09,85.13,3608698
2018-12-17 05:00:00+00:00,85.21,85.43,85.2,85.38,8368170
2018-12-18 05:00:00+00:00,85.46,85.63,85.4,85.59,4612104
2018-12-19 05:00:00+00:00,85.68,86.07,85.49,85.89,7839577
2018-12-20 05:00:00+00:00,86.04,86.06,85.74,85.78,9614786
2018-12-21 05:00:00+00:00,85.84,85.86,85.71,85.85,5405088
2018-12-24 05:00:00+00:00,85.99,86.08,85.89,86.07,7200591
2018-12-26 05:00:00+00:00,86.06,86.18,85.63,85.66,5998941
2018-12-27 05:00:00+00:00,86.03,86.19,85.86,85.88,4862452
2018-12-28 05:00:00+00:00,86.02,86.35,85.99,86.34,4729370
2018-12-31 05:00:00+00:00,86.24,87.05,86.19,86.67,8318321
2019-01-02 05:00:00+00:00,86.76,86.86,86.65,86.85,20159560
2019-01-03 05:00:00+00:00,86.88,87.59,86.87,87.54,11850490
2019-01-04 05:00:00+00:00,86.96,86.99,86.73,86.83,7098892
2019-01-07 05:00:00+00:00,86.93,86.97,86.56,86.59,6093860
2019-01-08 05:00:00+00:00,86.5,86.58,86.38,86.38,8888359
2019-01-09 05:00:00+00:00,86.37,86.49,86.31,86.43,3468534
2019-01-10 05:00:00+00:00,86.56,86.61,86.33,86.38,14549926
2019-01-11 05:00:00+00:00,86.62,86.72,86.56,86.64,4036785
2019-01-14 05:00:00+00:00,86.68,86.74,86.54,86.59,3166144
2019-01-15 05:00:00+00:00,86.74,86.74,86.48,86.51,4238138
2019-01-16 05:00:00+00:00,86.41,86.5,86.34,86.46,5004465
2019-01-17 05:00:00+00:00,86.42,86.46,86.23,86.3,5454198
2019-01-18 05:00:00+00:00,86.18,86.27,85.96,86.03,6887516
2019-01-22 05:00:00+00:00,86.27,86.43,86.23,86.33,6015182
2019-01-23 05:00:00+00:00,86.18,86.38,86.15,86.28,3702295
2019-01-24 05:00:00+00:00,86.55,86.65,86.48,86.56,6358130
2019-01-25 05:00:00+00:00,86.41,86.45,86.28,86.36,3024646
2019-01-28 05:00:00+00:00,86.33,86.48,86.33,86.38,3296283
2019-01-29 05:00:00+00:00,86.45,86.63,86.44,86.63,3179219
2019-01-30 05:00:00+00:00,86.54,86.86,86.47,86.83,6320843
2019-01-31 05:00:00+00:00,87.03,87.27,87.01,87.23,10907359
2019-02-01 05:00:00+00:00,87.07,87.09,86.76,86.77,10478986
2019-02-04 05:00:00+00:00,86.66,86.66,86.52,86.57,8459237
2019-02-05 05:00:00+00:00,86.68,86.83,86.67,86.72,3853174
2019-02-06 05:00:00+00:00,86.92,86.92,86.74,86.79,4179543
2019-02-07 05:00:00+00:00,87.03,87.14,86.97,87.07,7570616
2019-02-08 05:00:00+00:00,87.21,87.29,87.17,87.19,2874234
2019-02-11 05:00:00+00:00,87.06,87.13,86.99,87.06,3044009
2019-02-12 05:00:00+00:00,87.0,87.01,86.86,86.94,3942887
2019-02-13 05:00:00+00:00,86.74,86.82,86.68,86.72,4071326
2019-02-14 05:00:00+00:00,87.19,87.2,87.02,87.13,11158443
2019-02-15 05:00:00+00:00,86.97,87.07,86.97,87.05,7449210
2019-02-19 05:00:00+00:00,87.21,87.26,87.14,87.2,9016338
2019-02-20 05:00:00+00:00,87.2,87.27,87.12,87.18,5141440
2019-02-21 05:00:00+00:00,86.93,86.97,86.87,86.92,4662803
2019-02-22 05:00:00+00:00,87.1,87.28,87.07,87.18,3756151
2019-02-25 05:00:00+00:00,87.04,87.1,86.98,87.05,3507282
2019-02-26 05:00:00+00:00,87.31,87.34,87.18,87.31,3066832
2019-02-27 05:00:00+00:00,87.16,87.17,86.93,87.0,2760046
2019-02-28 05:00:00+00:00,86.97,86.97,86.73,86.77,5908427
2019-03-01 05:00:00+00:00,86.63,86.72,86.49,86.49,11384194
2019-03-04 05:00:00+00:00,86.62,86.81,86.56,86.76,4044532
2019-03-05 05:00:00+00:00,86.66,86.82,86.59,86.81,2388268
2019-03-06 05:00:00+00:00,86.84,87.09,86.84,87.05,2770478
2019-03-07 05:00:00+00:00,87.22,87.41,87.21,87.34,5950067
2019-03-08 05:00:00+00:00,87.42,87.54,87.33,87.47,5786460
2019-03-11 04:00:00+00:00,87.46,87.46,87.32,87.4,5894399
2019-03-12 04:00:00+00:00,87.47,87.68,87.43,87.64,6304694
2019-03-13 04:00:00+00:00,87.55,87.63,87.52,87.61,1904284
2019-03-14 04:00:00+00:00,87.57,87.6,87.39,87.48,3196285
2019-03-15 04:00:00+00:00,87.75,87.83,87.66,87.76,7972197
2019-03-18 04:00:00+00:00,87.68,87.75,87.63,87.64,4832238
2019-03-19 04:00:00+00:00,87.51,87.68,87.47,87.58,2404147
2019-03-20 04:00:00+00:00,87.71,88.22,87.69,88.19,8400720
2019-03-21 04:00:00+00:00,88.29,88.31,88.09,88.15,5052669
2019-03-22 04:00:00+00:00,88.59,88.94,88.55,88.8,5016428
2019-03-25 04:00:00+00:00,88.8,89.23,88.73,89.03,8541376
2019-03-26 04:00:00+00:00,88.84,89.09,88.81,88.95,7778514
2019-03-27 04:00:00+00:00,89.2,89.42,89.15,89.21,3785752
2019-03-28 04:00:00+00:00,89.19,89.28,89.07,89.22,3967798
2019-03-29 04:00:00+00:00,88.91,89.09,88.88,89.08,3256623
2019-04-01 04:00:00+00:00,88.78,88.8,88.43,88.47,10088080
2019-04-02 04:00:00+00:00,88.55,88.63,88.5,88.62,9067994
2019-04-03 04:00:00+00:00,88.34,88.44,88.29,88.34,5511818
2019-04-04 04:00:00+00:00,88.37,88.47,88.32,88.43,2540631
2019-04-05 04:00:00+00:00,88.37,88.53,88.35,88.47,1932084
2019-04-08 04:00:00+00:00,88.46,88.49,88.33,88.33,4150648
2019-04-09 04:00:00+00:00,88.55,88.6,88.47,88.49,3377836
2019-04-10 04:00:00+00:00,88.63,88.76,88.62,88.7,2274477
2019-04-11 04:00:00+00:00,88.56,88.59,88.47,88.5,1671191
2019-04-12 04:00:00+00:00,88.19,88.24,88.09,88.09,6898517
2019-04-15 04:00:00+00:00,88.11,88.21,88.11,88.21,2710683
2019-04-16 04:00:00+00:00,88.02,88.07,87.89,87.91,5719916
2019-04-17 04:00:00+00:00,87.86,88.01,87.86,87.92,2815475
2019-04-18 04:00:00+00:00,88.14,88.24,88.11,88.13,5283705
2019-04-22 04:00:00+00:00,88.08,88.09,87.96,88.01,3977570
2019-04-23 04:00:00+00:00,88.13,88.19,88.1,88.16,2788966
2019-04-24 04:00:00+00:00,88.42,88.51,88.4,88.5,3622797
2019-04-25 04:00:00+00:00,88.47,88.52,88.36,88.39,1570261
2019-04-26 04:00:00+00:00,88.67,88.69,88.57,88.62,2392664
2019-04-29 04:00:00+00:00,88.47,88.51,88.37,88.44,3482236
2019-04-30 04:00:00+00:00,88.39,88.64,88.38,88.62,3734478
2019-05-01 04:00:00+00:00,88.63,88.97,88.5,88.58,7989296
2019-05-02 04:00:00+00:00,88.48,88.52,88.27,88.32,3707252
2019-05-03 04:00:00+00:00,88.42,88.56,88.4,88.44,2949226
2019-05-06 04:00:00+00:00,88.78,88.81,88.65,88.67,3858721
2019-05-07 04:00:00+00:00,88.89,89.04,88.84,88.97,4391276
2019-05-08 04:00:00+00:00,89.05,89.09,88.76,88.8,5121037
2019-05-09 04:00:00+00:00,89.13,89.23,88.92,89.04,4318203
2019-05-10 04:00:00+00:00,89.08,89.23,88.92,88.98,3070889
2019-05-13 04:00:00+00:00,89.36,89.49,89.31,89.42,6020487
2019-05-14 04:00:00+00:00,89.36,89.39,89.25,89.34,3185417
2019-05-15 04:00:00+00:00,89.67,89.69,89.5,89.62,5723801
2019-05-16 04:00:00+00:00,89.42,89.48,89.34,89.45,4283785
2019-05-17 04:00:00+00:00,89.64,89.64,89.39,89.49,2370488
2019-05-20 04:00:00+00:00,89.51,89.58,89.32,89.34,2562135
2019-05-21 04:00:00+00:00,89.28,89.31,89.16,89.24,2809390
2019-05-22 04:00:00+00:00,89.38,89.55,89.36,89.51,3675427
2019-05-23 04:00:00+00:00,89.72,90.19,89.72,90.05,6303614
2019-05-24 04:00:00+00:00,89.99,90.03,89.91,90.03,2556151
2019-05-28 04:00:00+00:00,90.24,90.42,90.16,90.42,7706223
2019-05-29 04:00:00+00:00,90.63,90.75,90.37,90.39,7359530
2019-05-30 04:00:00+00:00,90.44,90.76,90.32,90.71,3740040
2019-05-31 04:00:00+00:00,91.02,91.35,90.97,91.32,6400041
2019-06-03 04:00:00+00:00,91.47,91.85,91.37,91.76,24256471
2019-06-04 04:00:00+00:00,91.37,91.56,91.23,91.42,5731824
2019-06-05 04:00:00+00:00,91.54,91.68,91.37,91.42,8724679
2019-06-06 04:00:00+00:00,91.5,91.66,91.34,91.4,2645627
2019-06-07 04:00:00+00:00,91.91,91.92,91.69,91.76,3174097
2019-06-10 04:00:00+00:00,91.45,91.47,91.3,91.31,8823662
2019-06-11 04:00:00+00:00,91.25,91.38,91.21,91.31,2965391
2019-06-12 04:00:00+00:00,91.38,91.56,91.37,91.55,2185094
2019-06-13 04:00:00+00:00,91.63,91.85,91.61,91.77,1878848
2019-06-14 04:00:00+00:00,91.71,91.89,91.7,91.84,4334823
2019-06-17 04:00:00+00:00,91.82,91.89,91.72,91.82,3451980
2019-06-18 04:00:00+00:00,92.2,92.24,91.91,92.0,4861290
2019-06-19 04:00:00+00:00,91.81,92.33,91.74,92.25,4824564
2019-06-20 04:00:00+00:00,92.45,92.65,92.38,92.4,4837558
2019-06-21 04:00:00+00:00,92.18,92.21,91.95,92.03,4551114
2019-06-24 04:00:00+00:00,92.19,92.36,92.17,92.34,3449090
2019-06-25 04:00:00+00:00,92.44,92.6,92.37,92.49,6733901
2019-06-26 04:00:00+00:00,92.37,92.37,92.08,92.11,7968403
2019-06-27 04:00:00+00:00,92.22,92.44,92.14,92.39,2663355
2019-06-28 04:00:00+00:00,92.3,92.5,92.25,92.43,5519404
2019-07-01 04:00:00+00:00,92.42,92.46,92.15,92.31,10416208
2019-07-02 04:00:00+00:00,92.41,92.7,92.4,92.64,3676535
2019-07-03 04:00:00+00:00,92.75,92.91,92.74,92.82,2952163
2019-07-05 04:00:00+00:00,92.28,92.28,92.02,92.23,4031242
2019-07-08 04:00:00+00:00,92.36,92.42,92.14,92.14,3515963
2019-07-09 04:00:00+00:00,92.14,92.15,92.02,92.08,2368457
2019-07-10 04:00:00+00:00,92.16,92.25,92.02,92.13,6419733
2019-07-11 04:00:00+00:00,92.01,92.07,91.63,91.67,4896463
2019-07-12 04:00:00+00:00,91.66,91.87,91.64,91.77,4386483
2019-07-15 04:00:00+00:00,91.85,91.97,91.79,91.97,1839556
2019-07-16 04:00:00+00:00,91.67,91.8,91.59,91.77,2965913
2019-07-17 04:00:00+00:00,91.93,92.2,91.92,92.19,3181112
2019-07-18 04:00:00+00:00,92.09,92.48,92.07,92.42,2497591
2019-07-19 04:00:00+00:00,92.23,92.35,92.16,92.25,1802262
2019-07-22 04:00:00+00:00,92.4,92.41,92.26,92.3,1984077
2019-07-23 04:00:00+00:00,92.19,92.29,92.09,92.14,2397418
2019-07-24 04:00:00+00:00,92.27,92.36,92.2,92.28,2387137
2019-07-25 04:00:00+00:00,92.17,92.18,91.93,92.12,3720932
2019-07-26 04:00:00+00:00,92.15,92.16,92.0,92.1,3341152
2019-07-29 04:00:00+00:00,92.25,92.29,92.17,92.19,2618465
2019-07-30 04:00:00+00:00,92.26,92.3,92.11,92.23,2580142
2019-07-31 04:00:00+00:00,92.2,92.57,92.06,92.46,6796506
2019-08-01 04:00:00+00:00,92.6,93.51,92.56,93.51,18652561
2019-08-02 04:00:00+00:00,93.53,93.75,93.45,93.71,9527425
2019-08-05 04:00:00+00:00,94.27,94.59,94.22,94.52,8598312
2019-08-06 04:00:00+00:00,94.32,94.68,94.24,94.67,7144071
2019-08-07 04:00:00+00:00,95.33,95.49,94.57,94.67,10067022
2019-08-08 04:00:00+00:00,94.41,94.77,94.14,94.68,5307579
2019-08-09 04:00:00+00:00,94.74,94.93,94.47,94.53,2964880
2019-08-12 04:00:00+00:00,94.88,95.25,94.85,95.13,4858887
2019-08-13 04:00:00+00:00,95.15,95.17,94.55,94.79,6544252
2019-08-14 04:00:00+00:00,95.34,95.51,95.27,95.43,8343610
2019-08-15 04:00:00+00:00,95.55,96.25,95.5,96.03,5432390
2019-08-16 04:00:00+00:00,95.7,95.83,95.41,95.78,5117518
2019-08-19 04:00:00+00:00,95.3,95.49,95.27,95.33,4051565
2019-08-20 04:00:00+00:00,95.7,95.82,95.65,95.75,3300206
2019-08-21 04:00:00+00:00,95.49,95.75,95.44,95.49,5074562
2019-08-22 04:00:00+00:00,95.31,95.58,95.26,95.28,6065356
2019-08-23 04:00:00+00:00,95.38,96.06,95.27,95.92,8346309
2019-08-26 04:00:00+00:00,95.88,96.05,95.76,95.83,7994213
2019-08-27 04:00:00+00:00,95.95,96.27,95.95,96.24,3941895
2019-08-28 04:00:00+00:00,96.4,96.44,96.21,96.28,2582458
2019-08-29 04:00:00+00:00,96.19,96.19,95.85,96.09,4340279
2019-08-30 04:00:00+00:00,95.92,96.15,95.89,96.12,4020613
2019-09-03 04:00:00+00:00,96.17,96.64,96.02,96.33,12467968
2019-09-04 04:00:00+00:00,96.23,96.52,96.22,96.48,3606428
2019-09-05 04:00:00+00:00,95.92,95.95,95.49,95.7,4868522
2019-09-06 04:00:00+00:00,95.72,95.87,95.65,95.76,3451362
2019-09-09 04:00:00+00:00,95.31,95.37,95.16,95.17,6531486
2019-09-10 04:00:00+00:00,95.03,95.11,94.48,94.48,5465088
2019-09-11 04:00:00+00:00,94.4,94.56,94.37,94.39,6434030
2019-09-12 04:00:00+00:00,94.67,94.72,94.03,94.18,9118819
2019-09-13 04:00:00+00:00,93.82,93.91,93.31,93.31,24891023
2019-09-16 04:00:00+00:00,93.65,93.82,93.53,93.72,5959428
2019-09-17 04:00:00+00:00,93.77,94.06,93.69,93.96,8954350
2019-09-18 04:00:00+00:00,94.22,94.41,93.91,94.0,5353784
2019-09-19 04:00:00+00:00,94.23,94.23,94.01,94.04,7352913
2019-09-20 04:00:00+00:00,94.19,94.6,94.14,94.58,10525709
2019-09-23 04:00:00+00:00,94.7,94.99,94.63,94.72,13946773
2019-09-24 04:00:00+00:00,94.77,95.27,94.76,95.19,10918397
2019-09-25 04:00:00+00:00,95.08,95.16,94.5,94.56,8648324
2019-09-26 04:00:00+00:00,94.79,94.94,94.71,94.77,5188173
2019-09-27 04:00:00+00:00,94.78,94.99,94.74,94.9,5455142
2019-09-30 04:00:00+00:00,94.76,95.01,94.73,94.98,3053804
2019-10-01 04:00:00+00:00,94.6,95.45,94.56,95.24,8803997
2019-10-02 04:00:00+00:00,95.34,95.72,95.33,95.57,4416218
2019-10-03 04:00:00+00:00,95.71,96.31,95.69,96.07,6953163
2019-10-04 04:00:00+00:00,96.06,96.32,96.0,96.26,4898509
2019-10-07 04:00:00+00:00,96.04,96.15,95.9,95.93,3322282
2019-10-08 04:00:00+00:00,96.26,96.3,95.98,96.14,4492938
2019-10-09 04:00:00+00:00,96.04,96.04,95.74,95.89,3432984
2019-10-10 04:00:00+00:00,95.62,95.64,95.2,95.29,4121649
2019-10-11 04:00:00+00:00,94.83,94.88,94.49,94.64,9980961
2019-10-14 04:00:00+00:00,94.94,94.97,94.86,94.9,2211373
2019-10-15 04:00:00+00:00,94.86,94.93,94.42,94.45,7429189
2019-10-16 04:00:00+00:00,94.59,94.74,94.51,94.63,3073849
2019-10-17 04:00:00+00:00,94.56,94.8,94.49,94.6,3757166
2019-10-18 04:00:00+00:00,94.66,94.83,94.61,94.68,2585251
2019-10-21 04:00:00+00:00,94.44,94.54,94.31,94.34,1813047
2019-10-22 04:00:00+00:00,94.56,94.59,94.3,94.56,3508610
2019-10-23 04:00:00+00:00,94.74,94.78,94.54,94.59,3609923
2019-10-24 04:00:00+00:00,94.63,94.78,94.54,94.57,2734741
2019-10-25 04:00:00+00:00,94.64,94.66,94.23,94.37,2547858
2019-10-28 04:00:00+00:00,94.04,94.06,93.92,94.01,6969657
2019-10-29 04:00:00+00:00,94.13,94.17,94.01,94.1,2662991
2019-10-30 04:00:00+00:00,94.17,94.56,94.14,94.56,6135404
2019-10-31 04:00:00+00:00,94.82,95.22,94.78,95.16,6233445
2019-11-01 04:00:00+00:00,95.02,95.22,94.76,94.98,9685454
2019-11-04 05:00:00+00:00,94.55,94.6,94.44,94.49,5209545
2019-11-05 05:00:00+00:00,94.13,94.16,93.89,93.99,7883583
2019-11-06 05:00:00+00:00,94.18,94.35,94.0,94.26,4723959
2019-11-07 05:00:00+00:00,93.77,93.77,93.15,93.5,6340199
2019-11-08 05:00:00+00:00,93.42,93.71,93.37,93.38,3316118
2019-11-11 05:00:00+00:00,93.59,93.61,93.38,93.48,1630929
2019-11-12 05:00:00+00:00,93.47,93.6,93.32,93.52,4704292
2019-11-13 05:00:00+00:00,93.87,93.9,93.71,93.77,2543721
2019-11-14 05:00:00+00:00,94.18,94.36,94.14,94.25,3685833
2019-11-15 05:00:00+00:00,94.1,94.26,94.09,94.17,2489855
2019-11-18 05:00:00+00:00,94.32,94.43,94.3,94.33,2392586
2019-11-19 05:00:00+00:00,94.35,94.54,94.35,94.51,8709766
2019-11-20 05:00:00+00:00,94.7,94.88,94.62,94.86,4057078
2019-11-21 05:00:00+00:00,94.63,94.72,94.5,94.62,3181638
2019-11-22 05:00:00+00:00,94.67,94.7,94.53,94.6,2050540
2019-11-25 05:00:00+00:00,94.61,94.68,94.59,94.65,3792933
2019-11-26 05:00:00+00:00,94.79,94.86,94.74,94.82,3886973
2019-11-27 05:00:00+00:00,94.63,94.67,94.53,94.58,2741759
2019-11-29 05:00:00+00:00,94.54,94.55,94.39,94.5,3043722
2019-12-02 05:00:00+00:00,94.04,94.26,93.99,94.16,7446738
2019-12-03 05:00:00+00:00,94.65,95.15,94.64,95.0,7005909
2019-12-04 05:00:00+00:00,94.81,94.88,94.48,94.64,2209607
2019-12-05 05:00:00+00:00,94.28,94.51,94.27,94.42,3471644
2019-12-06 05:00:00+00:00,94.05,94.32,94.01,94.13,3242962
2019-12-09 05:00:00+00:00,94.33,94.34,94.19,94.21,2660790
2019-12-10 05:00:00+00:00,94.28,94.32,94.08,94.1,1881104
2019-12-11 05:00:00+00:00,94.24,94.55,94.22,94.49,2991910
2019-12-12 05:00:00+00:00,94.39,94.41,93.57,93.74,5630765
2019-12-13 05:00:00+00:00,93.99,94.35,93.71,94.29,4468215
2019-12-16 05:00:00+00:00,94.05,94.06,93.79,93.85,3425251
2019-12-17 05:00:00+00:00,93.96,94.01,93.8,93.86,3719823
2019-12-18 05:00:00+00:00,93.8,93.82,93.5,93.6,2352268
2019-12-19 05:00:00+00:00,93.54,93.8,93.51,93.68,2098197
2019-12-20 05:00:00+00:00,93.53,93.69,93.51,93.68,4750895
2019-12-23 05:00:00+00:00,93.7,93.76,93.51,93.59,1909267
2019-12-24 05:00:00+00:00,93.47,93.79,93.47,93.75,944440
2019-12-26 05:00:00+00:00,93.79,93.89,93.67,93.89,1670556
2019-12-27 05:00:00+00:00,93.97,94.06,93.97,94.02,2151445
2019-12-30 05:00:00+00:00,93.7,93.97,93.64,93.97,2261779
2019-12-31 05:00:00+00:00,93.81,93.85,93.62,93.63,3366024
2020-01-02 05:00:00+00:00,94.02,94.25,93.97,94.06,4548557
2020-01-03 05:00:00+00:00,94.42,94.7,94.32,94.69,4352594
2020-01-06 05:00:00+00:00,94.85,94.86,94.51,94.59,2898769
2020-01-07 05:00:00+00:00,94.57,94.65,94.45,94.45,2129687
2020-01-08 05:00:00+00:00,94.53,94.64,94.11,94.23,5561543
2020-01-09 05:00:00+00:00,94.02,94.32,93.97,94.3,3917612
2020-01-10 05:00:00+00:00,94.36,94.56,94.36,94.5,2665878
2020-01-13 05:00:00+00:00,94.38,94.41,94.28,94.39,3023442
2020-01-14 05:00:00+00:00,94.44,94.59,94.42,94.58,2419689
2020-01-15 05:00:00+00:00,94.76,94.81,94.65,94.81,2901619
2020-01-16 05:00:00+00:00,94.67,94.72,94.54,94.62,2268125
2020-01-17 05:00:00+00:00,94.4,94.54,94.36,94.54,2940698
2020-01-21 05:00:00+00:00,94.76,94.95,94.74,94.92,2473082
2020-01-22 05:00:00+00:00,94.92,94.98,94.87,94.93,1873142
2020-01-23 05:00:00+00:00,95.16,95.34,95.12,95.17,1996019
2020-01-24 05:00:00+00:00,95.29,95.66,95.27,95.51,8093758
2020-01-27 05:00:00+00:00,96.15,96.16,96.01,96.16,3960569
2020-01-28 05:00:00+00:00,96.06,96.09,95.8,95.83,2036072
2020-01-29 05:00:00+00:00,95.96,96.34,95.96,96.29,2518252
2020-01-30 05:00:00+00:00,96.45,96.69,96.32,96.39,4545283
2020-01-31 05:00:00+00:00,96.59,96.94,96.57,96.87,9953855
2020-02-03 05:00:00+00:00,96.64,96.83,96.39,96.79,6126776
2020-02-04 05:00:00+00:00,96.32,96.33,96.08,96.23,2876601
2020-02-05 05:00:00+00:00,95.87,96.01,95.79,95.81,9373337
2020-02-06 05:00:00+00:00,95.78,95.95,95.74,95.88,1849693
2020-02-07 05:00:00+00:00,96.27,96.42,96.19,96.34,6301644
2020-02-10 05:00:00+00:00,96.54,96.64,96.43,96.52,2013644
2020-02-11 05:00:00+00:00,96.39,96.43,96.24,96.29,1705975
2020-02-12 05:00:00+00:00,96.09,96.11,95.97,96.05,1521520
2020-02-13 05:00:00+00:00,96.1,96.24,96.07,96.13,2020775
2020-02-14 05:00:00+00:00,96.35,96.43,96.29,96.37,2321386
2020-02-18 05:00:00+00:00,96.5,96.67,96.41,96.52,9707060
2020-02-19 05:00:00+00:00,96.42,96.55,96.37,96.51,1800287
2020-02-20 05:00:00+00:00,96.65,96.92,96.64,96.79,4089133
2020-02-21 05:00:00+00:00,97.04,97.42,97.03,97.18,5604888
2020-02-24 05:00:00+00:00,97.99,98.06,97.83,97.94,7122566
2020-02-25 05:00:00+00:00,97.91,98.42,97.89,98.21,10143032
2020-02-26 05:00:00+00:00,98.0,98.49,97.89,98.16,19766626
2020-02-27 05:00:00+00:00,98.79,98.96,98.31,98.63,8903781
2020-02-28 05:00:00+00:00,99.42,99.9,99.31,99.74,14063426
2020-03-02 05:00:00+00:00,100.11,100.44,99.61,99.67,20259897
2020-03-03 05:00:00+00:00,99.77,101.59,99.66,100.83,12163757
2020-03-04 05:00:00+00:00,100.97,101.26,100.53,100.61,8428560
2020-03-05 05:00:00+00:00,101.34,101.61,101.27,101.5,5756818
2020-03-06 05:00:00+00:00,103.03,103.31,102.27,102.53,12302029
2020-03-09 04:00:00+00:00,104.96,105.1,103.43,103.45,25676620
2020-03-10 04:00:00+00:00,102.94,103.69,101.55,101.55,16153249
2020-03-11 04:00:00+00:00,102.42,102.7,100.15,100.54,14143900
2020-03-12 04:00:00+00:00,102.32,102.85,97.42,100.59,11148353
2020-03-13 04:00:00+00:00,100.32,101.32,99.65,99.94,9125943
2020-03-16 04:00:00+00:00,102.22,102.77,101.34,102.58,7266352
2020-03-17 04:00:00+00:00,102.12,102.44,100.0,100.0,5965468
2020-03-18 04:00:00+00:00,99.3,100.32,98.22,98.62,14686126
2020-03-19 04:00:00+00:00,98.91,100.17,98.72,98.94,7071990
2020-03-20 04:00:00+00:00,100.18,102.09,99.99,101.46,10383606
2020-03-23 04:00:00+00:00,101.72,103.1,101.72,102.66,12400206
2020-03-24 04:00:00+00:00,101.78,102.17,101.56,101.96,5407663
2020-03-25 04:00:00+00:00,101.99,102.41,101.68,102.02,5600756
2020-03-26 04:00:00+00:00,102.35,102.62,102.12,102.27,3524155
2020-03-27 04:00:00+00:00,102.88,103.38,102.77,103.03,5472754
2020-03-30 04:00:00+00:00,103.72,103.97,103.2,103.27,4935665
2020-03-31 04:00:00+00:00,103.43,103.73,103.31,103.45,6688914
2020-04-01 04:00:00+00:00,104.13,104.24,103.79,103.87,9449450
2020-04-02 04:00:00+00:00,104.16,104.21,103.74,103.89,5001838
2020-04-03 04:00:00+00:00,104.05,104.27,103.87,103.97,3735468
2020-04-06 04:00:00+00:00,103.62,103.68,103.41,103.5,5205709
2020-04-07 04:00:00+00:00,102.78,103.07,102.54,103.04,9745610
2020-04-08 04:00:00+00:00,102.83,103.05,102.7,102.91,3572070
2020-04-09 04:00:00+00:00,102.86,103.26,102.77,103.13,4795420
2020-04-13 04:00:00+00:00,103.04,103.18,102.89,102.91,2288528
2020-04-14 04:00:00+00:00,103.03,103.21,103.0,103.05,2242403
2020-04-15 04:00:00+00:00,103.61,104.04,103.58,103.97,3495925
2020-04-16 04:00:00+00:00,104.11,104.23,104.01,104.08,2057798
2020-04-17 04:00:00+00:00,103.99,104.27,103.71,103.81,2553276
2020-04-20 04:00:00+00:00,104.0,104.09,103.84,104.08,4562854
2020-04-21 04:00:00+00:00,104.51,104.61,104.27,104.37,3452637
2020-04-22 04:00:00+00:00,104.13,104.23,103.85,104.04,3699035
2020-04-23 04:00:00+00:00,103.99,104.14,103.9,104.11,2455439
2020-04-24 04:00:00+00:00,103.93,104.15,103.92,104.14,2598173
2020-04-27 04:00:00+00:00,103.89,103.92,103.56,103.58,2766442
2020-04-28 04:00:00+00:00,103.81,104.09,103.8,104.04,3174633
2020-04-29 04:00:00+00:00,104.04,104.2,103.77,103.98,2782843
2020-04-30 04:00:00+00:00,104.06,104.24,103.74,103.74,5883804
2020-05-01 04:00:00+00:00,103.95,104.05,103.76,103.88,9918376
2020-05-04 04:00:00+00:00,103.86,103.97,103.74,103.9,3840792
2020-05-05 04:00:00+00:00,103.66,103.86,103.59,103.82,3719040
2020-05-06 04:00:00+00:00,103.27,103.51,103.15,103.44,3698864
2020-05-07 04:00:00+00:00,103.53,104.11,103.5,104.07,3850422
2020-05-08 04:00:00+00:00,103.8,104.11,103.65,103.73,4126198
2020-05-11 04:00:00+00:00,103.71,103.77,103.35,103.44,5049827
2020-05-12 04:00:00+00:00,103.39,103.81,103.37,103.78,4595236
2020-05-13 04:00:00+00:00,103.91,104.12,103.83,103.99,2901352
2020-05-14 04:00:00+00:00,104.17,104.31,104.11,104.15,2513171
2020-05-15 04:00:00+00:00,104.3,104.32,104.01,104.09,2040797
2020-05-18 04:00:00+00:00,103.84,103.85,103.33,103.45,3195904
2020-05-19 04:00:00+00:00,103.42,103.75,103.42,103.74,2184916
2020-05-20 04:00:00+00:00,103.59,103.88,103.51,103.76,2552862
2020-05-21 04:00:00+00:00,103.86,104.0,103.79,103.83,2415333
2020-05-22 04:00:00+00:00,103.88,104.03,103.86,104.03,1633004
2020-05-26 04:00:00+00:00,103.7,103.81,103.61,103.75,3815745
2020-05-27 04:00:00+00:00,103.69,103.99,103.68,103.84,2769153
2020-05-28 04:00:00+00:00,103.65,103.8,103.59,103.74,4134014
2020-05-29 04:00:00+00:00,103.92,104.12,103.81,104.08,3400207
2020-06-01 04:00:00+00:00,103.91,104.04,103.8,104.04,10111362
2020-06-02 04:00:00+00:00,103.92,104.01,103.8,103.87,5831777
2020-06-03 04:00:00+00:00,103.52,103.54,103.17,103.25,4925310
2020-06-04 04:00:00+00:00,103.09,103.1,102.79,102.84,5245352
2020-06-05 04:00:00+00:00,102.18,102.36,101.97,102.33,11079953
2020-06-08 04:00:00+00:00,102.24,102.53,102.23,102.44,3586920
2020-06-09 04:00:00+00:00,102.84,102.98,102.73,102.81,3472968
2020-06-10 04:00:00+00:00,103.05,103.58,103.0,103.58,5681740
2020-06-11 04:00:00+00:00,103.96,104.1,103.88,103.94,6636492
2020-06-12 04:00:00+00:00,103.75,103.94,103.66,103.71,3292340
2020-06-15 04:00:00+00:00,103.94,104.01,103.63,103.63,2901108
2020-06-16 04:00:00+00:00,103.24,103.61,103.15,103.41,5520457
2020-06-17 04:00:00+00:00,103.52,103.61,103.35,103.58,2389801
2020-06-18 04:00:00+00:00,103.81,103.85,103.73,103.81,1988272
2020-06-19 04:00:00+00:00,103.58,103.9,103.58,103.84,2283287
2020-06-22 04:00:00+00:00,103.93,103.99,103.69,103.75,2479206
2020-06-23 04:00:00+00:00,103.64,103.75,103.58,103.71,2238249
2020-06-24 04:00:00+00:00,103.63,103.94,103.63,103.91,2595768
2020-06-25 04:00:00+00:00,104.06,104.09,103.9,103.93,1796552
2020-06-26 04:00:00+00:00,104.06,104.29,104.04,104.21,3695767
2020-06-29 04:00:00+00:00,104.17,104.35,104.16,104.31,29098372
2020-06-30 04:00:00+00:00,104.36,104.4,104.05,104.12,4394598
2020-07-01 04:00:00+00:00,103.93,104.03,103.77,103.96,8633740
2020-07-02 04:00:00+00:00,103.85,104.1,103.77,104.09,3236183
2020-07-06 04:00:00+00:00,103.82,103.95,103.72,103.93,3065632
2020-07-07 04:00:00+00:00,104.01,104.28,103.96,104.27,3123474
2020-07-08 04:00:00+00:00,104.09,104.22,103.99,104.1,2309858
2020-07-09 04:00:00+00:00,104.13,104.53,104.12,104.46,3003572
2020-07-10 04:00:00+00:00,104.54,104.58,104.2,104.23,2106808
2020-07-13 04:00:00+00:00,104.08,104.36,104.05,104.34,2189253
2020-07-14 04:00:00+00:00,104.48,104.52,104.32,104.34,1945538
2020-07-15 04:00:00+00:00,104.18,104.4,104.17,104.3,2354555
2020-07-16 04:00:00+00:00,104.46,104.54,104.38,104.38,2054592
2020-07-17 04:00:00+00:00,104.43,104.46,104.3,104.35,2715002
2020-07-20 04:00:00+00:00,104.5,104.52,104.34,104.42,3037355
2020-07-21 04:00:00+00:00,104.46,104.57,104.43,104.53,3564594
2020-07-22 04:00:00+00:00,104.66,104.66,104.53,104.57,2767281
2020-07-23 04:00:00+00:00,104.7,104.71,104.58,104.67,2254216
2020-07-24 04:00:00+00:00,104.58,104.7,104.56,104.62,3619407
2020-07-27 04:00:00+00:00,104.7,104.72,104.43,104.46,2165159
2020-07-28 04:00:00+00:00,104.58,104.73,104.55,104.7,2101126
2020-07-29 04:00:00+00:00,104.71,104.84,104.59,104.84,2047443
2020-07-30 04:00:00+00:00,104.97,104.99,104.9,104.98,28509609
2020-07-31 04:00:00+00:00,104.87,105.09,104.83,105.01,5023836
2020-08-03 04:00:00+00:00,104.86,104.97,104.81,104.96,7628192
2020-08-04 04:00:00+00:00,105.12,105.35,105.09,105.32,4591915
2020-08-05 04:00:00+00:00,105.05,105.08,104.93,104.97,2695702
2020-08-06 04:00:00+00:00,105.17,105.32,105.04,105.09,2560078
2020-08-07 04:00:00+00:00,105.12,105.18,104.83,104.87,2567796
2020-08-10 04:00:00+00:00,105.01,105.03,104.75,104.75,2385836
2020-08-11 04:00:00+00:00,104.37,104.45,104.15,104.4,7937059
2020-08-12 04:00:00+00:00,104.11,104.21,103.95,104.09,6064871
2020-08-13 04:00:00+00:00,104.07,104.16,103.77,103.87,6384318
2020-08-14 04:00:00+00:00,103.97,104.06,103.92,103.92,3244978
2020-08-17 04:00:00+00:00,104.15,104.27,104.07,104.1,4186266
2020-08-18 04:00:00+00:00,104.21,104.34,104.14,104.28,2355531
2020-08-19 04:00:00+00:00,104.33,104.39,104.11,104.14,4774821
2020-08-20 04:00:00+00:00,104.46,104.48,104.37,104.44,3304959
2020-08-21 04:00:00+00:00,104.51,104.54,104.34,104.51,2597053
2020-08-24 04:00:00+00:00,104.49,104.59,104.35,104.37,2462255
2020-08-25 04:00:00+00:00,104.03,104.17,103.89,104.12,4006785
2020-08-26 04:00:00+00:00,104.02,104.13,103.88,104.08,3813693
2020-08-27 04:00:00+00:00,104.3,104.3,103.71,103.71,5114590
2020-08-28 04:00:00+00:00,103.91,104.01,103.78,103.88,2525466
2020-08-31 04:00:00+00:00,103.9,104.16,103.88,103.99,3529041
2020-09-01 04:00:00+00:00,103.97,104.33,103.89,104.33,5142925
2020-09-02 04:00:00+00:00,104.25,104.52,104.23,104.48,3578471
2020-09-03 04:00:00+00:00,104.56,104.82,104.51,104.62,7911130
2020-09-04 04:00:00+00:00,104.34,104.42,103.96,104.03,8670763
2020-09-08 04:00:00+00:00,104.27,104.42,104.23,104.26,3871125
2020-09-09 04:00:00+00:00,104.28,104.34,104.09,104.21,4326872
2020-09-10 04:00:00+00:00,104.07,104.35,104.0,104.33,3686827
2020-09-11 04:00:00+00:00,104.39,104.5,104.35,104.5,5783471
2020-09-14 04:00:00+00:00,104.51,104.57,104.34,104.4,2150130
2020-09-15 04:00:00+00:00,104.34,104.4,104.28,104.35,3059935
2020-09-16 04:00:00+00:00,104.49,104.49,104.2,104.29,4513976
2020-09-17 04:00:00+00:00,104.53,104.53,104.29,104.32,3681987
2020-09-18 04:00:00+00:00,104.36,104.39,104.23,104.23,6288914
2020-09-21 04:00:00+00:00,104.5,104.61,104.4,104.42,6266454
2020-09-22 04:00:00+00:00,104.42,104.51,104.39,104.42,3732950
2020-09-23 04:00:00+00:00,104.42,104.45,104.28,104.42,3486387
2020-09-24 04:00:00+00:00,104.46,104.51,104.41,104.47,3045260
2020-09-25 04:00:00+00:00,104.54,104.59,104.49,104.56,2378946
2020-09-28 04:00:00+00:00,104.52,104.55,104.48,104.54,4450311
2020-09-29 04:00:00+00:00,104.6,104.68,104.57,104.62,2756113
2020-09-30 04:00:00+00:00,104.51,104.51,104.2,104.33,4466421
2020-10-01 04:00:00+00:00,104.15,104.47,104.07,104.39,8878409
2020-10-02 04:00:00+00:00,104.48,104.5,104.21,104.29,9907573
2020-10-05 04:00:00+00:00,104.0,104.01,103.63,103.63,6712803
2020-10-06 04:00:00+00:00,103.65,104.04,103.59,103.87,9109467
2020-10-07 04:00:00+00:00,103.67,103.78,103.51,103.57,7677624
2020-10-08 04:00:00+00:00,103.69,103.78,103.65,103.76,3648019
2020-10-09 04:00:00+00:00,103.67,103.81,103.51,103.71,4493094
2020-10-12 04:00:00+00:00,103.75,103.82,103.69,103.82,3555158
2020-10-13 04:00:00+00:00,103.93,104.07,103.93,104.05,6889450
2020-10-14 04:00:00+00:00,104.11,104.17,104.04,104.08,5718272
2020-10-15 04:00:00+00:00,104.19,104.21,103.95,103.97,4156004
2020-10-16 04:00:00+00:00,103.97,104.09,103.88,103.91,2899677
2020-10-19 04:00:00+00:00,103.72,103.81,103.61,103.74,4232412
2020-10-20 04:00:00+00:00,103.61,103.68,103.48,103.52,6465121
2020-10-21 04:00:00+00:00,103.39,103.49,103.32,103.38,6957008
2020-10-22 04:00:00+00:00,103.29,103.33,103.01,103.02,7074385
2020-10-23 04:00:00+00:00,103.0,103.26,103.0,103.17,5459048
2020-10-26 04:00:00+00:00,103.39,103.55,103.35,103.44,5184338
2020-10-27 04:00:00+00:00,103.59,103.71,103.54,103.67,4080294
2020-10-28 04:00:00+00:00,103.83,103.85,103.6,103.66,5858155
2020-10-29 04:00:00+00:00,103.63,103.65,103.16,103.23,8162993
2020-10-30 04:00:00+00:00,103.18,103.23,102.89,102.89,8172811
2020-11-02 05:00:00+00:00,103.2,103.27,103.02,103.07,10462617
2020-11-03 05:00:00+00:00,102.92,102.93,102.76,102.84,10115231
2020-11-04 05:00:00+00:00,103.7,103.82,103.57,103.7,15669615
2020-11-05 05:00:00+00:00,103.75,103.78,103.57,103.69,6833095
2020-11-06 05:00:00+00:00,103.36,103.41,103.22,103.34,11308966
2020-11-09 05:00:00+00:00,102.56,102.59,102.21,102.57,11685811
2020-11-10 05:00:00+00:00,102.24,102.48,102.23,102.28,5198444
2020-11-11 05:00:00+00:00,102.29,102.49,102.27,102.44,1847248
2020-11-12 05:00:00+00:00,102.75,103.04,102.72,103.03,6753477
2020-11-13 05:00:00+00:00,102.98,103.02,102.87,102.89,6912703
2020-11-16 05:00:00+00:00,102.82,102.9,102.8,102.81,4039191
2020-11-17 05:00:00+00:00,103.01,103.12,102.99,103.08,4980003
2020-11-18 05:00:00+00:00,103.15,103.15,102.9,103.04,8154071
2020-11-19 05:00:00+00:00,103.16,103.26,103.12,103.16,9437313
2020-11-20 05:00:00+00:00,103.21,103.35,103.19,103.34,16925419
2020-11-23 05:00:00+00:00,103.2,103.22,103.08,103.13,2685348
2020-11-24 05:00:00+00:00,103.05,103.07,102.91,102.97,4742448
2020-11-25 05:00:00+00:00,103.04,103.19,102.99,103.0,2435178
2020-11-27 05:00:00+00:00,103.17,103.31,103.16,103.31,3523805
2020-11-30 05:00:00+00:00,103.27,103.34,103.21,103.24,2639635
2020-12-01 05:00:00+00:00,102.95,102.98,102.57,102.69,14450613
2020-12-02 05:00:00+00:00,102.6,102.61,102.37,102.52,5992051
2020-12-03 05:00:00+00:00,102.67,102.89,102.63,102.79,4640070
2020-12-04 05:00:00+00:00,102.47,102.49,102.29,102.39,4888436
2020-12-07 05:00:00+00:00,102.64,102.77,102.62,102.71,4591308
2020-12-08 05:00:00+00:00,102.9,103.01,102.8,102.81,5234285
2020-12-09 05:00:00+00:00,102.62,102.78,102.52,102.67,3730625
2020-12-10 05:00:00+00:00,102.75,102.93,102.67,102.9,4018771
2020-12-11 05:00:00+00:00,103.04,103.21,103.02,103.1,4656049
2020-12-14 05:00:00+00:00,102.84,103.11,102.79,103.04,3209797
2020-12-15 05:00:00+00:00,102.92,103.0,102.83,102.94,3242386
2020-12-16 05:00:00+00:00,102.71,102.97,102.67,102.86,5391384
2020-12-17 05:00:00+00:00,103.03,103.1,102.71,102.78,3723550
2020-12-18 05:00:00+00:00,102.86,102.91,102.68,102.69,3567676
2020-12-21 05:00:00+00:00,102.86,102.89,102.68,102.76,3021594
2020-12-22 05:00:00+00:00,102.89,102.95,102.79,102.93,4671696
2020-12-23 05:00:00+00:00,102.74,102.75,102.54,102.72,3262672
2020-12-24 05:00:00+00:00,102.81,102.87,102.79,102.87,1869750
2020-12-28 05:00:00+00:00,102.7,102.87,102.64,102.87,4125394
2020-12-29 05:00:00+00:00,102.73,102.89,102.72,102.86,2255815
2020-12-30 05:00:00+00:00,102.81,102.93,102.81,102.93,2766825
2020-12-31 05:00:00+00:00,102.91,103.04,102.9,102.99,2843895
2021-01-04 05:00:00+00:00,102.76,103.09,102.73,103.02,5771162
2021-01-05 05:00:00+00:00,102.93,102.94,102.68,102.78,5117942
2021-01-06 05:00:00+00:00,102.28,102.28,101.98,102.18,10672438
2021-01-07 05:00:00+00:00,101.82,101.88,101.73,101.82,8287299
2021-01-08 05:00:00+00:00,101.62,101.69,101.43,101.53,7672043
2021-01-11 05:00:00+00:00,101.45,101.45,101.31,101.33,8311844
2021-01-12 05:00:00+00:00,101.12,101.36,100.95,101.31,6688989
2021-01-13 05:00:00+00:00,101.46,101.79,101.44,101.66,8126737
2021-01-14 05:00:00+00:00,101.66,101.72,101.35,101.43,7856379
2021-01-15 05:00:00+00:00,101.65,101.78,101.5,101.71,6185896
2021-01-19 05:00:00+00:00,101.56,101.77,101.52,101.77,4248567
2021-01-20 05:00:00+00:00,101.66,101.81,101.63,101.81,4717887
2021-01-21 05:00:00+00:00,101.64,101.73,101.58,101.66,4607554
2021-01-22 05:00:00+00:00,101.75,101.83,101.69,101.82,5003444
2021-01-25 05:00:00+00:00,101.96,102.23,101.93,102.23,6294295
2021-01-26 05:00:00+00:00,102.13,102.23,102.11,102.2,4501696
2021-01-27 05:00:00+00:00,102.37,102.47,102.28,102.32,5935188
2021-01-28 05:00:00+00:00,102.18,102.19,101.93,102.05,5602611
2021-01-29 05:00:00+00:00,101.75,102.0,101.72,101.87,8936324
2021-02-01 05:00:00+00:00,101.88,102.05,101.84,102.0,3890794
2021-02-02 05:00:00+00:00,101.68,101.78,101.64,101.74,3887114
2021-02-03 05:00:00+00:00,101.6,101.65,101.47,101.49,4299548
2021-02-04 05:00:00+00:00,101.37,101.5,101.29,101.46,2358791
2021-02-05 05:00:00+00:00,101.43,101.54,101.24,101.24,5842718
2021-02-08 05:00:00+00:00,101.22,101.42,101.16,101.28,3063148
2021-02-09 05:00:00+00:00,101.4,101.5,101.32,101.36,4630717
2021-02-10 05:00:00+00:00,101.47,101.62,101.46,101.62,7341310
2021-02-11 05:00:00+00:00,101.62,101.65,101.49,101.54,7280188
2021-02-12 05:00:00+00:00,101.29,101.4,101.18,101.21,9275683
2021-02-16 05:00:00+00:00,100.76,100.85,100.41,100.48,10094132
2021-02-17 05:00:00+00:00,100.54,100.67,100.42,100.54,5010104
2021-02-18 05:00:00+00:00,100.38,100.61,100.3,100.54,4584104
2021-02-19 05:00:00+00:00,100.24,100.33,99.99,100.13,5992253
2021-02-22 05:00:00+00:00,100.05,100.24,99.89,99.97,3969943
2021-02-23 05:00:00+00:00,99.9,100.17,99.81,100.05,7409824
2021-02-24 05:00:00+00:00,99.55,99.96,99.49,99.91,7227651
2021-02-25 05:00:00+00:00,99.33,99.43,98.04,98.58,37983503
2021-02-26 05:00:00+00:00,98.93,99.5,98.56,99.46,28697883
2021-03-01 05:00:00+00:00,99.27,99.46,99.08,99.35,9779532
2021-03-02 05:00:00+00:00,99.26,99.54,99.22,99.53,6370735
2021-03-03 05:00:00+00:00,99.06,99.07,98.81,99.0,8564795
2021-03-04 05:00:00+00:00,98.99,99.1,98.36,98.51,12421432
2021-03-05 05:00:00+00:00,98.11,98.5,98.03,98.37,8805670
2021-03-08 05:00:00+00:00,98.14,98.16,97.95,97.98,7523950
2021-03-09 05:00:00+00:00,98.41,98.53,98.26,98.45,7155095
2021-03-10 05:00:00+00:00,98.45,98.75,98.4,98.65,5949163
2021-03-11 05:00:00+00:00,98.65,98.76,98.47,98.62,8206301
2021-03-12 05:00:00+00:00,97.99,98.0,97.8,97.91,7546796
2021-03-15 04:00:00+00:00,97.97,98.12,97.94,98.03,4565550
2021-03-16 04:00:00+00:00,98.14,98.21,97.9,98.01,5555483
2021-03-17 04:00:00+00:00,97.64,98.05,97.46,97.85,9022108
2021-03-18 04:00:00+00:00,97.06,97.35,96.97,97.24,8391345
2021-03-19 04:00:00+00:00,97.03,97.32,97.0,97.17,8882888
2021-03-22 04:00:00+00:00,97.42,97.54,97.35,97.49,4809821
2021-03-23 04:00:00+00:00,97.71,97.99,97.64,97.97,8116930
2021-03-24 04:00:00+00:00,97.78,98.12,97.75,98.1,15028568
2021-03-25 04:00:00+00:00,98.16,98.22,97.83,97.97,11657095
2021-03-26 04:00:00+00:00,97.71,97.91,97.63,97.65,6691657
2021-03-29 04:00:00+00:00,97.73,97.74,97.23,97.31,6568073
2021-03-30 04:00:00+00:00,97.05,97.29,96.96,97.23,6037687
2021-03-31 04:00:00+00:00,97.2,97.31,96.97,97.09,8742804
2021-04-01 04:00:00+00:00,97.39,97.57,97.32,97.52,8782566
2021-04-05 04:00:00+00:00,97.18,97.32,97.04,97.24,10123273
2021-04-06 04:00:00+00:00,97.45,97.73,97.42,97.72,9380630
2021-04-07 04:00:00+00:00,97.7,97.89,97.62,97.66,6653516
2021-04-08 04:00:00+00:00,97.83,98.0,97.81,97.99,6672340
2021-04-09 04:00:00+00:00,97.67,97.91,97.59,97.73,6005292
2021-04-12 04:00:00+00:00,97.66,97.7,97.57,97.67,5475546
2021-04-13 04:00:00+00:00,97.7,98.08,97.67,98.08,7672204
2021-04-14 04:00:00+00:00,97.91,97.99,97.83,97.96,4890122
2021-04-15 04:00:00+00:00,98.27,98.73,98.26,98.59,9965927
2021-04-16 04:00:00+00:00,98.29,98.47,98.27,98.32,7334907
2021-04-19 04:00:00+00:00,98.16,98.38,98.1,98.22,5747913
2021-04-20 04:00:00+00:00,98.19,98.58,98.19,98.51,6477936
2021-04-21 04:00:00+00:00,98.5,98.61,98.36,98.56,7984003
2021-04-22 04:00:00+00:00,98.55,98.66,98.31,98.64,7925328
2021-04-23 04:00:00+00:00,98.62,98.63,98.35,98.51,5713010
2021-04-26 04:00:00+00:00,98.47,98.54,98.4,98.4,7847097
2021-04-27 04:00:00+00:00,98.27,98.35,98.01,98.02,8190151
2021-04-28 04:00:00+00:00,98.03,98.16,97.78,98.15,9011007
2021-04-29 04:00:00+00:00,97.68,97.98,97.59,97.97,6172047
2021-04-30 04:00:00+00:00,98.02,98.1,97.87,98.06,5561696
2021-05-03 04:00:00+00:00,98.1,98.43,98.06,98.23,8960599
2021-05-04 04:00:00+00:00,98.43,98.62,98.31,98.36,11666002
2021-05-05 04:00:00+00:00,98.26,98.5,98.26,98.48,7141539
2021-05-06 04:00:00+00:00,98.41,98.63,98.39,98.52,6553654
2021-05-07 04:00:00+00:00,98.75,98.95,98.47,98.56,10958786
2021-05-10 04:00:00+00:00,98.59,98.68,98.31,98.36,6131404
2021-05-11 04:00:00+00:00,98.21,98.28,98.15,98.19,7111109
2021-05-12 04:00:00+00:00,97.83,97.9,97.68,97.72,15178769
2021-05-13 04:00:00+00:00,97.84,98.08,97.78,98.05,8253775
2021-05-14 04:00:00+00:00,98.19,98.3,98.09,98.26,7959959
2021-05-17 04:00:00+00:00,98.19,98.24,98.12,98.17,6874440
2021-05-18 04:00:00+00:00,98.16,98.21,98.06,98.17,4467174
2021-05-19 04:00:00+00:00,98.15,98.35,97.78,97.88,13578781
2021-05-20 04:00:00+00:00,98.05,98.29,98.02,98.28,8917925
2021-05-21 04:00:00+00:00,98.37,98.4,98.2,98.31,7068408
2021-05-24 04:00:00+00:00,98.37,98.5,98.32,98.41,5036225
2021-05-25 04:00:00+00:00,98.51,98.79,98.51,98.77,5805639
2021-05-26 04:00:00+00:00,98.7,98.83,98.62,98.66,4557377
2021-05-27 04:00:00+00:00,98.44,98.49,98.31,98.49,6101213
2021-05-28 04:00:00+00:00,98.44,98.68,98.44,98.48,5773154
2021-06-01 04:00:00+00:00,98.37,98.48,98.24,98.46,9630621
2021-06-02 04:00:00+00:00,98.56,98.64,98.52,98.57,4335293
2021-06-03 04:00:00+00:00,98.49,98.49,98.28,98.32,3757995
2021-06-04 04:00:00+00:00,98.57,98.87,98.55,98.86,6541939
2021-06-07 04:00:00+00:00,98.74,98.82,98.72,98.79,3123181
2021-06-08 04:00:00+00:00,99.1,99.12,99.03,99.07,4870828
2021-06-09 04:00:00+00:00,99.42,99.54,99.25,99.38,5850806
2021-06-10 04:00:00+00:00,99.17,99.74,99.12,99.73,6622677
2021-06-11 04:00:00+00:00,99.67,99.68,99.5,99.59,3982106
2021-06-14 04:00:00+00:00,99.48,99.49,99.23,99.28,3857520
2021-06-15 04:00:00+00:00,99.23,99.31,99.17,99.29,4265486
2021-06-16 04:00:00+00:00,99.34,99.39,98.47,98.61,13764870
2021-06-17 04:00:00+00:00,98.77,99.29,98.7,98.97,9192875
2021-06-18 04:00:00+00:00,99.1,99.56,98.9,99.53,13869403
2021-06-21 04:00:00+00:00,99.29,99.36,99.13,99.21,6681642
2021-06-22 04:00:00+00:00,99.1,99.42,99.07,99.39,5587946
2021-06-23 04:00:00+00:00,99.28,99.38,99.14,99.19,5526174
2021-06-24 04:00:00+00:00,99.19,99.3,99.13,99.17,3709205
2021-06-25 04:00:00+00:00,99.24,99.27,98.8,98.97,7382648
2021-06-28 04:00:00+00:00,99.16,99.37,99.15,99.28,5087988
2021-06-29 04:00:00+00:00,99.15,99.34,99.14,99.33,3413594
2021-06-30 04:00:00+00:00,99.48,99.63,99.46,99.48,6707239
2021-07-01 04:00:00+00:00,99.46,99.52,99.27,99.41,12148997
2021-07-02 04:00:00+00:00,99.53,99.77,99.51,99.77,5145915
2021-07-06 04:00:00+00:00,99.9,100.37,99.89,100.3,9265068
2021-07-07 04:00:00+00:00,100.49,100.77,100.4,100.59,7580999
2021-07-08 04:00:00+00:00,100.78,101.02,100.7,100.85,7425638
2021-07-09 04:00:00+00:00,100.44,100.46,100.33,100.34,5853671
2021-07-12 04:00:00+00:00,100.43,100.47,100.21,100.29,3950919
2021-07-13 04:00:00+00:00,100.34,100.45,99.9,99.98,7008238
2021-07-14 04:00:00+00:00,100.25,100.44,100.17,100.41,6187651
2021-07-15 04:00:00+00:00,100.67,100.89,100.45,100.84,5844869
2021-07-16 04:00:00+00:00,100.57,100.84,100.56,100.82,3645263
2021-07-19 04:00:00+00:00,101.49,101.81,101.44,101.68,20913786
2021-07-20 04:00:00+00:00,102.12,102.16,101.46,101.55,8875644
2021-07-21 04:00:00+00:00,101.14,101.21,100.87,100.96,7737081
2021-07-22 04:00:00+00:00,100.96,101.4,100.96,101.2,6625286
2021-07-23 04:00:00+00:00,100.84,101.07,100.83,101.04,6956326
2021-07-26 04:00:00+00:00,101.2,101.21,100.96,100.97,6222437
2021-07-27 04:00:00+00:00,101.39,101.46,101.29,101.4,9152602
2021-07-28 04:00:00+00:00,101.21,101.5,101.07,101.49,11651514
2021-07-29 04:00:00+00:00,101.12,101.31,101.09,101.18,6441230
2021-07-30 04:00:00+00:00,101.35,101.52,101.34,101.46,5756242
2021-08-02 04:00:00+00:00,101.62,102.11,101.53,101.91,23016180
2021-08-03 04:00:00+00:00,101.94,102.09,101.88,101.94,6746188
2021-08-04 04:00:00+00:00,102.24,102.32,101.59,101.91,7643553
2021-08-05 04:00:00+00:00,101.69,101.75,101.47,101.54,5321638
2021-08-06 04:00:00+00:00,101.04,101.13,100.92,100.94,8156731
2021-08-09 04:00:00+00:00,101.09,101.18,100.73,100.73,11004861
2021-08-10 04:00:00+00:00,100.78,100.81,100.53,100.54,7831059
2021-08-11 04:00:00+00:00,100.61,100.91,100.43,100.65,7458775
2021-08-12 04:00:00+00:00,100.55,100.65,100.43,100.55,7140401
2021-08-13 04:00:00+00:00,100.7,101.12,100.68,101.12,7447966
2021-08-16 04:00:00+00:00,101.39,101.62,101.35,101.35,7122727
2021-08-17 04:00:00+00:00,101.33,101.52,101.28,101.3,7846482
2021-08-18 04:00:00+00:00,101.25,101.34,101.03,101.25,7091670
2021-08-19 04:00:00+00:00,101.46,101.54,101.37,101.47,6374827
2021-08-20 04:00:00+00:00,101.47,101.53,101.27,101.37,6633926
2021-08-23 04:00:00+00:00,101.35,101.41,101.26,101.4,4172207
2021-08-24 04:00:00+00:00,101.27,101.36,101.09,101.12,3848487
2021-08-25 04:00:00+00:00,101.09,101.12,100.68,100.73,6137670
2021-08-26 04:00:00+00:00,100.68,100.77,100.56,100.73,7525050
2021-08-27 04:00:00+00:00,100.73,101.06,100.6,101.06,6863287
2021-08-30 04:00:00+00:00,101.04,101.26,101.01,101.25,6904043
2021-08-31 04:00:00+00:00,101.2,101.34,101.02,101.06,7706828
2021-09-01 04:00:00+00:00,101.2,101.24,101.02,101.11,11996549
2021-09-02 04:00:00+00:00,101.22,101.23,101.11,101.23,3114406
2021-09-03 04:00:00+00:00,101.0,101.03,100.88,100.99,5122523
2021-09-07 04:00:00+00:00,100.63,100.71,100.5,100.59,8534490
2021-09-08 04:00:00+00:00,100.73,100.94,100.67,100.87,6415412
2021-09-09 04:00:00+00:00,100.91,101.26,100.82,101.15,7305302
2021-09-10 04:00:00+00:00,100.93,101.01,100.74,100.83,8540383
2021-09-13 04:00:00+00:00,100.93,101.04,100.9,100.95,4478297
2021-09-14 04:00:00+00:00,101.12,101.44,101.07,101.33,7270388
2021-09-15 04:00:00+00:00,101.27,101.29,100.99,101.16,5261839
2021-09-16 04:00:00+00:00,100.8,101.0,100.71,100.84,5880829
2021-09-17 04:00:00+00:00,100.59,100.62,100.45,100.55,8056351
2021-09-20 04:00:00+00:00,100.91,101.17,100.83,101.06,9406382
2021-09-21 04:00:00+00:00,101.09,101.12,100.94,101.0,5098046
2021-09-22 04:00:00+00:00,101.0,101.18,100.81,101.09,11292294
2021-09-23 04:00:00+00:00,100.62,100.65,100.18,100.18,11096200
2021-09-24 04:00:00+00:00,100.04,100.05,99.81,99.87,11078683
2021-09-27 04:00:00+00:00,99.61,99.78,99.58,99.61,7286192
2021-09-28 04:00:00+00:00,99.24,99.45,99.02,99.23,10724567
2021-09-29 04:00:00+00:00,99.43,99.57,99.14,99.33,8759402
2021-09-30 04:00:00+00:00,99.23,99.48,99.19,99.45,7513305
2021-10-01 04:00:00+00:00,99.64,99.9,99.55,99.86,20113198
2021-10-04 04:00:00+00:00,99.68,99.9,99.55,99.74,7838308
2021-10-05 04:00:00+00:00,99.58,99.61,99.32,99.42,7072348
2021-10-06 04:00:00+00:00,99.46,99.55,99.37,99.45,7588841
2021-10-07 04:00:00+00:00,99.22,99.25,99.04,99.05,9313679
2021-10-08 04:00:00+00:00,99.0,99.0,98.73,98.84,10292852
2021-10-11 04:00:00+00:00,98.66,98.74,98.58,98.6,2393790
2021-10-12 04:00:00+00:00,98.77,99.08,98.71,99.04,8043977
2021-10-13 04:00:00+00:00,99.11,99.37,99.05,99.23,11945996
2021-10-14 04:00:00+00:00,99.35,99.51,99.24,99.47,10106933
2021-10-15 04:00:00+00:00,99.11,99.13,98.92,98.98,9211654
2021-10-18 04:00:00+00:00,98.68,98.92,98.53,98.84,9254039
2021-10-19 04:00:00+00:00,98.7,98.74,98.47,98.48,7694321
2021-10-20 04:00:00+00:00,98.48,98.65,98.41,98.44,6414574
2021-10-21 04:00:00+00:00,98.38,98.42,98.15,98.18,7234804
2021-10-22 04:00:00+00:00,98.28,98.51,98.18,98.43,10413547
2021-10-25 04:00:00+00:00,98.45,98.66,98.45,98.55,5042645
2021-10-26 04:00:00+00:00,98.57,98.67,98.38,98.67,5818801
2021-10-27 04:00:00+00:00,99.02,99.38,98.74,99.23,17199192
2021-10-28 04:00:00+00:00,99.12,99.25,98.86,98.97,10637537
2021-10-29 04:00:00+00:00,98.7,99.21,98.63,99.01,11656993
2021-11-01 04:00:00+00:00,98.73,99.08,98.7,99.0,14876177
2021-11-02 04:00:00+00:00,99.12,99.37,99.11,99.24,12463978
2021-11-03 04:00:00+00:00,99.26,99.3,98.77,98.93,17633926
2021-11-04 04:00:00+00:00,99.11,99.55,99.11,99.47,13319514
2021-11-05 04:00:00+00:00,99.69,100.1,99.59,100.01,13445788
2021-11-08 05:00:00+00:00,99.85,99.85,99.54,99.58,7609788
2021-11-09 05:00:00+00:00,100.0,100.25,99.96,100.04,12576217
2021-11-10 05:00:00+00:00,99.87,99.89,99.0,99.18,19729231
2021-11-11 05:00:00+00:00,99.18,99.23,98.86,98.86,4562435
2021-11-12 05:00:00+00:00,99.23,99.35,98.99,99.07,11092101
2021-11-15 05:00:00+00:00,99.01,99.04,98.65,98.68,8353823
2021-11-16 05:00:00+00:00,98.69,98.88,98.58,98.6,6762444
2021-11-17 05:00:00+00:00,98.6,98.96,98.58,98.95,10102252
2021-11-18 05:00:00+00:00,98.8,99.04,98.79,99.01,10467974
2021-11-19 05:00:00+00:00,99.33,99.5,99.22,99.28,11462374
2021-11-22 05:00:00+00:00,98.82,98.91,98.49,98.55,11288687
2021-11-23 05:00:00+00:00,98.38,98.43,98.15,98.15,12053636
2021-11-24 05:00:00+00:00,98.16,98.47,98.1,98.45,8629251
2021-11-26 05:00:00+00:00,99.38,99.74,99.33,99.72,14605920
2021-11-29 05:00:00+00:00,99.13,99.57,99.11,99.5,14781077
2021-11-30 05:00:00+00:00,100.11,100.39,99.59,100.09,20170946
2021-12-01 05:00:00+00:00,99.73,100.28,99.61,100.28,25297507
2021-12-02 05:00:00+00:00,100.25,100.3,99.83,100.06,11880936
2021-12-03 05:00:00+00:00,99.9,100.89,99.81,100.65,20465119
2021-12-06 05:00:00+00:00,100.5,100.58,100.04,100.15,10175495
2021-12-07 05:00:00+00:00,99.87,100.08,99.7,99.77,7869978
2021-12-08 05:00:00+00:00,99.62,99.65,99.32,99.45,11412389
2021-12-09 05:00:00+00:00,99.69,99.86,99.56,99.7,9369100
2021-12-10 05:00:00+00:00,99.86,100.04,99.72,99.77,5332881
2021-12-13 05:00:00+00:00,100.02,100.33,100.0,100.25,5978346
2021-12-14 05:00:00+00:00,100.04,100.17,99.85,100.07,4870359
2021-12-15 05:00:00+00:00,99.83,100.11,99.72,99.93,8617013
2021-12-16 05:00:00+00:00,100.07,100.35,100.05,100.22,9233949
2021-12-17 05:00:00+00:00,100.54,100.72,100.38,100.44,8046222
2021-12-20 05:00:00+00:00,100.61,100.74,100.33,100.35,14482137
2021-12-21 05:00:00+00:00,99.99,100.03,99.77,99.96,7874655
2021-12-22 05:00:00+00:00,100.11,100.12,99.86,100.05,5721108
2021-12-23 05:00:00+00:00,99.98,99.99,99.72,99.84,7352797
2021-12-27 05:00:00+00:00,99.81,99.93,99.78,99.88,3953554
2021-12-28 05:00:00+00:00,100.04,100.07,99.81,99.86,8471415
2021-12-29 05:00:00+00:00,99.54,99.63,99.28,99.35,12613054
2021-12-30 05:00:00+00:00,99.55,99.69,99.39,99.68,10669252
2021-12-31 05:00:00+00:00,99.71,99.84,99.57,99.57,7813981
2022-01-03 05:00:00+00:00,99.02,99.06,98.64,98.64,33747070
2022-01-04 05:00:00+00:00,98.42,98.61,98.34,98.59,16495147
2022-01-05 05:00:00+00:00,98.61,98.61,98.1,98.17,13819245
2022-01-06 05:00:00+00:00,97.95,98.02,97.82,97.93,11576113
2022-01-07 05:00:00+00:00,97.8,97.84,97.38,97.61,13653715
2022-01-10 05:00:00+00:00,97.36,97.62,97.3,97.58,8633471
2022-01-11 05:00:00+00:00,97.54,97.83,97.45,97.82,8315184
2022-01-12 05:00:00+00:00,97.98,98.21,97.82,97.84,8074997
2022-01-13 05:00:00+00:00,97.9,98.18,97.81,98.15,9006636
2022-01-14 05:00:00+00:00,97.9,97.91,97.44,97.47,10783005
2022-01-18 05:00:00+00:00,97.06,97.14,96.7,96.74,11955814
2022-01-19 05:00:00+00:00,96.89,97.16,96.84,96.97,10651768
2022-01-20 05:00:00+00:00,97.12,97.18,97.0,97.18,8381040
2022-01-21 05:00:00+00:00,97.72,97.88,97.53,97.74,13933432
2022-01-24 05:00:00+00:00,98.04,98.08,97.64,97.65,22926264
2022-01-25 05:00:00+00:00,97.74,97.91,97.47,97.52,13878382
2022-01-26 05:00:00+00:00,97.54,97.63,96.83,96.83,13658378
2022-01-27 05:00:00+00:00,97.06,97.42,97.05,97.24,12010250
2022-01-28 05:00:00+00:00,97.1,97.54,97.07,97.46,7215647
2022-01-31 05:00:00+00:00,97.28,97.53,97.22,97.46,8561241
2022-02-01 05:00:00+00:00,97.5,97.53,97.18,97.33,16587492
2022-02-02 05:00:00+00:00,97.41,97.77,97.41,97.53,6528053
2022-02-03 05:00:00+00:00,97.1,97.2,96.99,97.11,8866734
2022-02-04 05:00:00+00:00,96.56,96.59,96.27,96.37,9136759
2022-02-07 05:00:00+00:00,96.4,96.5,96.27,96.4,10545586
2022-02-08 05:00:00+00:00,96.14,96.19,96.03,96.08,8296905
2022-02-09 05:00:00+00:00,96.31,96.52,96.18,96.21,10322024
2022-02-10 05:00:00+00:00,95.86,95.92,95.29,95.33,17167440
2022-02-11 05:00:00+00:00,95.74,96.4,95.26,96.32,18661337
2022-02-14 05:00:00+00:00,95.8,96.05,95.51,95.65,11262531
2022-02-15 05:00:00+00:00,95.37,95.53,95.29,95.36,8820271
2022-02-16 05:00:00+00:00,95.61,95.63,95.28,95.56,9341620
2022-02-17 05:00:00+00:00,95.79,96.11,95.78,96.07,9404396
2022-02-18 05:00:00+00:00,96.23,96.4,96.17,96.39,9088365
2022-02-22 05:00:00+00:00,96.17,96.39,96.06,96.38,9080099
2022-02-23 05:00:00+00:00,96.02,96.11,95.77,95.88,9269510
2022-02-24 05:00:00+00:00,96.65,96.67,95.96,96.1,19455056
2022-02-25 05:00:00+00:00,95.95,96.09,95.75,96.07,8539660
2022-02-28 05:00:00+00:00,96.73,97.18,96.7,97.17,13496535
2022-03-01 05:00:00+00:00,97.67,98.44,97.63,98.11,34721772
2022-03-02 05:00:00+00:00,97.55,97.64,96.62,96.64,12849308
2022-03-03 05:00:00+00:00,96.88,97.24,96.71,97.05,12617741
2022-03-04 05:00:00+00:00,97.91,98.28,97.81,98.02,21329068
2022-03-07 05:00:00+00:00,97.55,98.09,97.53,97.6,13808697
2022-03-08 05:00:00+00:00,97.04,97.21,96.84,96.97,11668701
2022-03-09 05:00:00+00:00,96.57,96.66,96.27,96.37,7944006
2022-03-10 05:00:00+00:00,96.04,96.14,95.73,95.93,11659727
2022-03-11 05:00:00+00:00,95.82,96.02,95.72,95.9,5878999
2022-03-14 04:00:00+00:00,95.13,95.19,94.69,94.69,8947056
2022-03-15 04:00:00+00:00,95.19,95.24,94.57,94.64,10370461
2022-03-16 04:00:00+00:00,94.55,94.65,93.89,94.51,13020353
2022-03-17 04:00:00+00:00,94.57,94.76,94.16,94.33,7430098
2022-03-18 04:00:00+00:00,94.49,94.74,94.49,94.61,7687350
2022-03-21 04:00:00+00:00,93.92,94.07,93.31,93.38,11271101
2022-03-22 04:00:00+00:00,92.99,93.02,92.79,92.87,7947100
2022-03-23 04:00:00+00:00,93.09,93.49,92.89,93.49,11784516
2022-03-24 04:00:00+00:00,92.94,93.25,92.91,92.97,11297250
2022-03-25 04:00:00+00:00,92.54,92.55,91.92,92.02,9275049
2022-03-28 04:00:00+00:00,92.16,92.55,92.05,92.22,13390306
2022-03-29 04:00:00+00:00,92.45,92.8,92.25,92.68,7722771
2022-03-30 04:00:00+00:00,92.49,93.07,92.43,93.05,6663981
2022-03-31 04:00:00+00:00,93.19,93.35,93.05,93.22,9692845
2022-04-01 04:00:00+00:00,92.32,92.93,92.22,92.61,10795019
2022-04-04 04:00:00+00:00,92.71,92.73,92.38,92.55,8584075
2022-04-05 04:00:00+00:00,92.28,92.3,91.36,91.45,9925936
2022-04-06 04:00:00+00:00,90.88,91.45,90.88,91.13,9103027
2022-04-07 04:00:00+00:00,90.9,91.16,90.71,90.9,5518941
2022-04-08 04:00:00+00:00,90.38,90.68,90.31,90.44,8132539
2022-04-11 04:00:00+00:00,90.12,90.23,89.9,90.01,7379424
2022-04-12 04:00:00+00:00,90.48,90.82,90.33,90.44,13015096
2022-04-13 04:00:00+00:00,90.7,91.1,90.58,90.64,6457826
2022-04-14 04:00:00+00:00,90.51,90.55,89.72,89.83,6311331
2022-04-18 04:00:00+00:00,89.9,89.92,89.54,89.57,4718800
2022-04-19 04:00:00+00:00,89.22,89.38,88.91,88.98,7122263
2022-04-20 04:00:00+00:00,89.34,89.81,89.24,89.67,7625442
2022-04-21 04:00:00+00:00,89.42,89.43,88.81,89.18,9556999
2022-04-22 04:00:00+00:00,88.95,89.46,88.91,89.22,5549723
2022-04-25 04:00:00+00:00,89.92,90.29,89.74,89.79,9142406
2022-04-26 04:00:00+00:00,90.4,90.55,90.11,90.39,9974366
2022-04-27 04:00:00+00:00,90.34,90.42,89.84,89.89,8252801
2022-04-28 04:00:00+00:00,89.58,89.78,89.41,89.76,7172001
2022-04-29 04:00:00+00:00,89.1,89.63,89.05,89.28,10370499
2022-05-02 04:00:00+00:00,88.81,88.88,88.53,88.61,11710753
2022-05-03 04:00:00+00:00,89.14,89.21,88.7,88.72,8250616
2022-05-04 04:00:00+00:00,88.68,89.36,88.51,89.29,12212623
2022-05-05 04:00:00+00:00,88.59,88.71,87.95,88.4,12019733
2022-05-06 04:00:00+00:00,87.95,88.34,87.81,87.89,12842548
2022-05-09 04:00:00+00:00,87.94,88.59,87.89,88.54,7419667
2022-05-10 04:00:00+00:00,88.95,89.18,88.78,88.84,8411132
2022-05-11 04:00:00+00:00,88.62,89.42,88.5,89.39,7479106
2022-05-12 04:00:00+00:00,89.66,90.05,89.56,89.68,8449836
2022-05-13 04:00:00+00:00,89.44,89.5,89.17,89.21,6339512
2022-05-16 04:00:00+00:00,89.54,89.84,89.44,89.59,3563109
2022-05-17 04:00:00+00:00,88.99,89.25,88.88,88.91,4297399
2022-05-18 04:00:00+00:00,88.91,89.64,88.85,89.54,4488012
2022-05-19 04:00:00+00:00,90.34,90.36,89.8,89.87,5485404
2022-05-20 04:00:00+00:00,89.81,90.41,89.79,90.28,6250128
2022-05-23 04:00:00+00:00,90.05,90.22,89.73,89.74,6460952
2022-05-24 04:00:00+00:00,90.2,90.83,90.17,90.51,7347262
2022-05-25 04:00:00+00:00,90.83,90.83,90.48,90.69,4805114
2022-05-26 04:00:00+00:00,90.74,90.78,90.31,90.65,3665499
2022-05-27 04:00:00+00:00,90.81,90.94,90.61,90.78,2690257
2022-05-31 04:00:00+00:00,90.09,90.1,89.68,89.83,6806519
2022-06-01 04:00:00+00:00,89.9,89.99,89.16,89.33,6154002
2022-06-02 04:00:00+00:00,89.59,89.6,89.24,89.46,3800170
2022-06-03 04:00:00+00:00,89.11,89.36,89.08,89.28,3092203
2022-06-06 04:00:00+00:00,89.07,89.15,88.56,88.61,5266613
2022-06-07 04:00:00+00:00,88.84,89.17,88.83,88.97,3641187
2022-06-08 04:00:00+00:00,88.8,88.94,88.63,88.64,3049534
2022-06-09 04:00:00+00:00,88.53,88.74,88.37,88.56,4673910
2022-06-10 04:00:00+00:00,88.11,88.19,87.57,87.69,4800836
2022-06-13 04:00:00+00:00,86.76,86.88,85.68,86.13,9231656
2022-06-14 04:00:00+00:00,86.32,86.44,85.3,85.44,8307864
2022-06-15 04:00:00+00:00,86.14,86.67,85.66,86.64,10783001
2022-06-16 04:00:00+00:00,85.79,87.25,85.68,87.2,9403393
2022-06-17 04:00:00+00:00,87.28,87.45,86.66,87.23,7122784
2022-06-21 04:00:00+00:00,86.76,87.01,86.67,86.78,10583349
2022-06-22 04:00:00+00:00,87.79,88.03,87.67,87.87,10069407
2022-06-23 04:00:00+00:00,88.41,88.94,88.27,88.37,9703445
2022-06-24 04:00:00+00:00,88.26,88.59,87.99,88.06,5148835
2022-06-27 04:00:00+00:00,87.55,87.94,87.45,87.56,5861876
2022-06-28 04:00:00+00:00,87.46,87.7,87.34,87.67,4045531
2022-06-29 04:00:00+00:00,87.82,88.38,87.74,88.38,3845673
2022-06-30 04:00:00+00:00,88.88,89.27,88.8,89.06,5899335
2022-07-01 04:00:00+00:00,89.91,90.65,89.78,90.01,64307503
2022-07-05 04:00:00+00:00,90.46,90.69,90.19,90.34,7532665
2022-07-06 04:00:00+00:00,90.67,90.68,89.56,89.58,5065880
2022-07-07 04:00:00+00:00,89.6,89.6,88.96,89.03,4420151
2022-07-08 04:00:00+00:00,88.78,88.79,88.38,88.49,4481970
2022-07-11 04:00:00+00:00,88.96,89.33,88.91,89.18,3169314
2022-07-12 04:00:00+00:00,89.65,89.83,89.32,89.39,3835945
2022-07-13 04:00:00+00:00,88.85,89.85,88.73,89.78,7039792
2022-07-14 04:00:00+00:00,89.1,89.49,88.87,89.28,6285385
2022-07-15 04:00:00+00:00,89.34,89.79,89.31,89.58,4145037
2022-07-18 04:00:00+00:00,89.3,89.46,88.96,89.32,3409516
2022-07-19 04:00:00+00:00,89.21,89.29,88.83,88.91,3369145
2022-07-20 04:00:00+00:00,89.35,89.36,88.76,88.83,53701369
2022-07-21 04:00:00+00:00,89.18,89.84,89.1,89.84,6022671
2022-07-22 04:00:00+00:00,90.67,91.08,90.52,90.87,8046867
2022-07-25 04:00:00+00:00,90.31,90.59,90.28,90.54,3199179
2022-07-26 04:00:00+00:00,91.15,91.28,90.54,90.58,4894950
2022-07-27 04:00:00+00:00,90.8,91.21,90.69,90.76,7870413
2022-07-28 04:00:00+00:00,91.63,91.82,91.32,91.66,6084485
2022-07-29 04:00:00+00:00,91.48,92.05,91.38,91.69,6080974
2022-08-01 04:00:00+00:00,91.96,92.29,91.82,92.23,11020161
2022-08-02 04:00:00+00:00,92.2,92.36,90.89,90.96,10446473
2022-08-03 04:00:00+00:00,90.81,91.34,90.33,91.33,8961701
2022-08-04 04:00:00+00:00,91.43,91.82,91.3,91.79,11152327
2022-08-05 04:00:00+00:00,90.6,90.63,90.27,90.47,11315498
2022-08-08 04:00:00+00:00,90.83,91.04,90.75,91.0,7263693
2022-08-09 04:00:00+00:00,90.75,90.9,90.64,90.73,4047268
2022-08-10 04:00:00+00:00,91.14,91.45,90.77,90.78,7634102
2022-08-11 04:00:00+00:00,90.99,91.09,90.08,90.18,8954200
2022-08-12 04:00:00+00:00,90.53,90.57,90.24,90.54,4357435
2022-08-15 04:00:00+00:00,90.98,91.12,90.79,90.82,3972176
2022-08-16 04:00:00+00:00,90.65,90.75,90.3,90.72,3502118
2022-08-17 04:00:00+00:00,90.23,90.27,89.92,90.11,7530137
2022-08-18 04:00:00+00:00,90.35,90.6,90.2,90.28,4041119
2022-08-19 04:00:00+00:00,89.63,89.68,89.4,89.51,7360704
2022-08-22 04:00:00+00:00,89.44,89.48,89.06,89.11,4720200
2022-08-23 04:00:00+00:00,88.96,89.51,88.83,88.89,8040237
2022-08-24 04:00:00+00:00,88.68,88.77,88.47,88.6,3685125
2022-08-25 04:00:00+00:00,88.67,89.2,88.55,89.16,6963272
2022-08-26 04:00:00+00:00,88.96,89.29,88.75,89.06,5814452
2022-08-29 04:00:00+00:00,88.72,88.72,88.43,88.55,4744752
2022-08-30 04:00:00+00:00,88.55,88.84,88.23,88.53,5059377
2022-08-31 04:00:00+00:00,88.4,88.6,88.01,88.16,6418845
2022-09-01 04:00:00+00:00,87.57,87.77,87.26,87.46,11476197
2022-09-02 04:00:00+00:00,87.81,88.19,87.69,87.95,6776616
2022-09-06 04:00:00+00:00,87.41,87.44,86.93,86.97,7605968
2022-09-07 04:00:00+00:00,87.31,87.64,87.27,87.54,8157766
2022-09-08 04:00:00+00:00,87.53,87.72,87.21,87.21,6706927
2022-09-09 04:00:00+00:00,87.41,87.57,87.12,87.22,5977026
2022-09-12 04:00:00+00:00,87.47,87.54,86.86,87.01,4246927
2022-09-13 04:00:00+00:00,86.41,86.58,86.31,86.52,5325623
2022-09-14 04:00:00+00:00,86.39,86.78,86.35,86.57,4048238
2022-09-15 04:00:00+00:00,86.33,86.44,86.18,86.27,4841638
2022-09-16 04:00:00+00:00,86.2,86.61,86.14,86.34,4798037
2022-09-19 04:00:00+00:00,86.02,86.27,85.95,86.09,3998579
2022-09-20 04:00:00+00:00,85.48,85.78,85.34,85.56,5033552
2022-09-21 04:00:00+00:00,85.71,85.99,85.13,85.9,5603248
2022-09-22 04:00:00+00:00,85.01,85.06,84.51,84.61,6931597
2022-09-23 04:00:00+00:00,84.57,84.84,84.24,84.71,7863494
2022-09-26 04:00:00+00:00,84.25,84.26,83.18,83.3,8242334
2022-09-27 04:00:00+00:00,83.33,83.42,82.69,82.73,8951079
2022-09-28 04:00:00+00:00,83.91,84.69,83.57,84.6,8842451
2022-09-29 04:00:00+00:00,83.98,84.5,83.9,84.2,6281359
2022-09-30 04:00:00+00:00,84.57,84.76,83.7,83.99,9130463
2022-10-03 04:00:00+00:00,84.79,85.6,84.59,84.98,11609513
2022-10-04 04:00:00+00:00,85.32,85.64,85.0,85.16,8459278
2022-10-05 04:00:00+00:00,84.64,84.68,84.14,84.35,9531346
2022-10-06 04:00:00+00:00,84.21,84.32,83.77,83.89,12084297
2022-10-07 04:00:00+00:00,83.45,83.75,83.34,83.47,5538274
2022-10-10 04:00:00+00:00,83.35,83.4,82.69,82.98,4062010
2022-10-11 04:00:00+00:00,83.26,83.66,82.97,83.19,5713603
2022-10-12 04:00:00+00:00,83.08,83.58,83.03,83.47,6088807
2022-10-13 04:00:00+00:00,82.39,83.49,82.38,83.12,6433411
2022-10-14 04:00:00+00:00,83.56,83.57,82.61,82.65,6117115
2022-10-17 04:00:00+00:00,83.25,83.38,82.69,82.74,3446940
2022-10-18 04:00:00+00:00,82.96,83.11,82.47,82.95,4130507
2022-10-19 04:00:00+00:00,82.3,82.47,82.02,82.08,6030718
2022-10-20 04:00:00+00:00,81.89,82.1,81.4,81.47,5902243
2022-10-21 04:00:00+00:00,81.18,81.81,81.07,81.65,7666545
2022-10-24 04:00:00+00:00,81.62,81.91,81.26,81.55,6629811
2022-10-25 04:00:00+00:00,82.44,82.79,82.37,82.56,7076609
2022-10-26 04:00:00+00:00,82.76,83.12,82.76,82.98,7170911
2022-10-27 04:00:00+00:00,83.25,83.69,82.99,83.57,7400956
2022-10-28 04:00:00+00:00,83.04,83.45,82.91,83.14,6148617
2022-10-31 04:00:00+00:00,82.78,82.9,82.41,82.76,5140284
2022-11-01 04:00:00+00:00,83.43,83.45,82.61,82.75,6466766
2022-11-02 04:00:00+00:00,82.85,83.35,82.4,82.61,8073663
2022-11-03 04:00:00+00:00,81.87,82.4,81.86,82.25,8758034
2022-11-04 04:00:00+00:00,82.27,82.54,82.06,82.07,6433402
2022-11-07 05:00:00+00:00,82.17,82.22,81.77,81.78,4655154
2022-11-08 05:00:00+00:00,82.01,82.48,81.99,82.33,5227757
2022-11-09 05:00:00+00:00,82.24,82.66,82.18,82.61,3775561
2022-11-10 05:00:00+00:00,83.84,84.5,83.84,84.46,10709633
2022-11-11 05:00:00+00:00,84.08,84.39,84.03,84.29,3026883
2022-11-14 05:00:00+00:00,84.2,84.2,83.93,84.08,4489170
2022-11-15 05:00:00+00:00,84.5,84.77,84.29,84.71,7094564
2022-11-16 05:00:00+00:00,85.1,85.42,84.9,85.33,6363209
2022-11-17 05:00:00+00:00,84.81,84.89,84.57,84.75,6289830
2022-11-18 05:00:00+00:00,84.75,84.86,84.43,84.45,3332763
2022-11-21 05:00:00+00:00,84.81,84.87,84.37,84.4,4748261
2022-11-22 05:00:00+00:00,84.76,84.97,84.67,84.88,5953731
2022-11-23 05:00:00+00:00,85.0,85.38,84.91,85.34,5581824
2022-11-25 05:00:00+00:00,85.1,85.32,85.08,85.31,1397615
2022-11-28 05:00:00+00:00,85.41,85.53,85.23,85.35,4647854
2022-11-29 05:00:00+00:00,85.01,85.28,84.96,84.99,3531612
2022-11-30 05:00:00+00:00,84.84,85.75,84.69,85.75,7977176
2022-12-01 05:00:00+00:00,85.92,86.71,85.89,86.69,18067797
2022-12-02 05:00:00+00:00,86.2,86.88,85.92,86.87,5965028
2022-12-05 05:00:00+00:00,86.35,86.38,85.94,85.99,6901442
2022-12-06 05:00:00+00:00,86.21,86.63,86.13,86.51,6081154
2022-12-07 05:00:00+00:00,86.87,87.37,86.81,87.27,5638706
2022-12-08 05:00:00+00:00,86.81,87.04,86.66,86.78,5610463
2022-12-09 05:00:00+00:00,86.52,86.59,86.14,86.14,4685122
2022-12-12 05:00:00+00:00,86.53,86.61,85.9,86.01,5546129
2022-12-13 05:00:00+00:00,87.27,87.38,86.7,86.79,8639844
2022-12-14 05:00:00+00:00,86.84,87.14,86.45,87.03,6728940
2022-12-15 05:00:00+00:00,87.15,87.33,86.92,87.19,4651414
2022-12-16 05:00:00+00:00,86.59,87.13,86.5,86.97,4793663
2022-12-19 05:00:00+00:00,86.48,86.49,86.2,86.27,4281682
2022-12-20 05:00:00+00:00,85.62,85.83,85.54,85.64,4464327
2022-12-21 05:00:00+00:00,85.99,86.03,85.63,85.75,4686370
2022-12-22 05:00:00+00:00,85.77,85.98,85.68,85.72,2292360
2022-12-23 05:00:00+00:00,85.32,85.51,85.28,85.33,3451522
2022-12-27 05:00:00+00:00,84.87,85.03,84.58,84.62,5125400
2022-12-28 05:00:00+00:00,84.74,84.81,84.4,84.42,3465861
2022-12-29 05:00:00+00:00,84.65,84.91,84.6,84.83,4284240
2022-12-30 05:00:00+00:00,84.55,84.91,84.33,84.48,5391810
2023-01-03 05:00:00+00:00,85.47,85.55,84.97,85.14,7514118
2023-01-04 05:00:00+00:00,85.85,85.92,85.54,85.79,8566078
2023-01-05 05:00:00+00:00,85.29,85.75,85.17,85.67,3488278
2023-01-06 05:00:00+00:00,85.7,86.82,85.62,86.77,7458371
2023-01-09 05:00:00+00:00,86.67,87.15,86.61,86.99,5332786
2023-01-10 05:00:00+00:00,86.63,86.73,86.28,86.44,4338204
2023-01-11 05:00:00+00:00,86.7,87.02,86.65,87.0,7290854
2023-01-12 05:00:00+00:00,87.28,87.78,86.86,87.78,6000901
2023-01-13 05:00:00+00:00,87.55,87.76,87.19,87.31,5875119
2023-01-17 05:00:00+00:00,87.02,87.34,87.0,87.04,3976400
2023-01-18 05:00:00+00:00,88.09,88.25,87.8,88.22,8271867
2023-01-19 05:00:00+00:00,88.04,88.18,87.87,88.05,4534601
2023-01-20 05:00:00+00:00,87.6,87.71,87.37,87.47,9065274
2023-01-23 05:00:00+00:00,87.18,87.44,87.15,87.19,4682465
2023-01-24 05:00:00+00:00,87.3,87.7,87.01,87.69,3814548
2023-01-25 05:00:00+00:00,87.75,87.96,87.5,87.79,3053284
2023-01-26 05:00:00+00:00,87.62,87.78,87.34,87.47,3322545
2023-01-27 05:00:00+00:00,87.14,87.34,87.11,87.34,6002275
2023-01-30 05:00:00+00:00,87.09,87.27,87.02,87.06,2767571
2023-01-31 05:00:00+00:00,87.46,87.54,87.09,87.5,5231991
2023-02-01 05:00:00+00:00,87.68,88.19,87.35,88.13,20407737
2023-02-02 05:00:00+00:00,88.41,88.57,88.07,88.1,5841374
2023-02-03 05:00:00+00:00,87.34,87.5,87.04,87.15,5624659
2023-02-06 05:00:00+00:00,86.53,86.66,86.36,86.4,6093719
2023-02-07 05:00:00+00:00,86.31,86.74,86.14,86.19,5954703
2023-02-08 05:00:00+00:00,86.28,86.51,86.09,86.51,6428794
2023-02-09 05:00:00+00:00,86.73,86.74,86.02,86.12,8593992
2023-02-10 05:00:00+00:00,86.05,86.07,85.64,85.7,5944989
2023-02-13 05:00:00+00:00,85.71,85.95,85.69,85.91,18446051
2023-02-14 05:00:00+00:00,85.64,85.84,85.29,85.52,7399844
2023-02-15 05:00:00+00:00,85.37,85.56,85.14,85.26,5149585
2023-02-16 05:00:00+00:00,85.06,85.23,84.9,84.98,27380702
2023-02-17 05:00:00+00:00,84.79,85.24,84.76,85.22,4908326
2023-02-21 05:00:00+00:00,84.63,84.7,84.27,84.29,12280725
2023-02-22 05:00:00+00:00,84.54,84.69,84.39,84.44,31605772
2023-02-23 05:00:00+00:00,84.46,84.85,84.42,84.76,7658067
2023-02-24 05:00:00+00:00,84.23,84.37,84.07,84.25,11260626
2023-02-27 05:00:00+00:00,84.55,84.64,84.37,84.51,4301534
2023-02-28 05:00:00+00:00,84.25,84.67,84.14,84.64,4962355
2023-03-01 05:00:00+00:00,84.26,84.41,83.92,83.96,8613222
2023-03-02 05:00:00+00:00,83.51,83.69,83.44,83.62,13167616
2023-03-03 05:00:00+00:00,84.06,84.29,83.81,84.29,6059305
2023-03-06 05:00:00+00:00,84.49,84.51,84.08,84.14,3891721
2023-03-07 05:00:00+00:00,84.29,84.4,83.95,84.15,5370935
2023-03-08 05:00:00+00:00,84.48,84.64,84.02,84.12,5238730
2023-03-09 05:00:00+00:00,84.27,84.78,84.21,84.65,12806971
2023-03-10 05:00:00+00:00,85.74,86.28,85.62,86.21,11626916
2023-03-13 04:00:00+00:00,87.64,88.05,86.92,87.25,24803865
2023-03-14 04:00:00+00:00,86.88,86.96,86.25,86.43,48544438
2023-03-15 04:00:00+00:00,87.91,88.38,87.26,87.68,25907384
2023-03-16 04:00:00+00:00,88.15,88.36,86.78,86.89,14439658
2023-03-17 04:00:00+00:00,87.56,88.24,87.48,87.91,12329888
2023-03-20 04:00:00+00:00,88.06,88.07,87.36,87.56,8427931
2023-03-21 04:00:00+00:00,86.96,87.2,86.67,86.8,10290243
2023-03-22 04:00:00+00:00,86.65,88.01,86.58,87.94,11617963
2023-03-23 04:00:00+00:00,87.8,88.52,87.67,88.45,7194067
2023-03-24 04:00:00+00:00,88.96,89.08,88.36,88.47,9293954
2023-03-27 04:00:00+00:00,87.63,87.81,87.35,87.38,9373589
2023-03-28 04:00:00+00:00,87.2,87.46,87.12,87.33,13631271
2023-03-29 04:00:00+00:00,87.0,87.35,86.97,87.18,13630608
2023-03-30 04:00:00+00:00,87.1,87.39,87.07,87.31,4316852
2023-03-31 04:00:00+00:00,87.45,87.85,87.31,87.79,6349596
2023-04-03 04:00:00+00:00,87.69,88.36,87.62,88.2,7584835
2023-04-04 04:00:00+00:00,87.83,88.87,87.81,88.77,6995477
2023-04-05 04:00:00+00:00,89.1,89.42,89.01,89.15,6497844
2023-04-06 04:00:00+00:00,89.18,89.38,89.15,89.17,4453562
2023-04-10 04:00:00+00:00,88.47,88.53,88.19,88.29,6073171
2023-04-11 04:00:00+00:00,88.36,88.37,88.05,88.26,5636535
2023-04-12 04:00:00+00:00,88.67,88.7,88.12,88.51,5873603
2023-04-13 04:00:00+00:00,88.66,88.8,88.15,88.22,39870562
2023-04-14 04:00:00+00:00,87.93,87.95,87.67,87.79,5258894
2023-04-17 04:00:00+00:00,87.45,87.5,87.2,87.23,5697761
2023-04-18 04:00:00+00:00,87.25,87.57,87.24,87.37,5082787
2023-04-19 04:00:00+00:00,87.17,87.25,86.95,87.18,4896040
2023-04-20 04:00:00+00:00,87.66,87.76,87.57,87.69,4886996
2023-04-21 04:00:00+00:00,87.88,87.95,87.41,87.48,6386738
2023-04-24 04:00:00+00:00,87.72,87.92,87.65,87.9,5486033
2023-04-25 04:00:00+00:00,88.4,88.81,88.38,88.77,13403672
2023-04-26 04:00:00+00:00,88.75,88.86,88.29,88.43,5921138
2023-04-27 04:00:00+00:00,88.06,88.11,87.75,87.85,5083485
2023-04-28 04:00:00+00:00,88.38,88.51,88.19,88.51,9193796
2023-05-01 04:00:00+00:00,88.17,88.22,87.35,87.46,18793756
2023-05-02 04:00:00+00:00,87.77,88.63,87.71,88.6,8566334
2023-05-03 04:00:00+00:00,88.84,89.21,88.69,89.18,9550349
2023-05-04 04:00:00+00:00,88.94,89.67,88.92,89.16,12288670
2023-05-05 04:00:00+00:00,88.65,88.72,88.46,88.68,11939061
2023-05-08 04:00:00+00:00,88.13,88.33,88.1,88.14,7022484
2023-05-09 04:00:00+00:00,88.13,88.22,88.02,88.03,8456292
2023-05-10 04:00:00+00:00,88.43,88.76,88.42,88.69,10576602
2023-05-11 04:00:00+00:00,89.22,89.32,88.92,89.02,6041845
2023-05-12 04:00:00+00:00,88.95,89.02,88.46,88.49,5357738
2023-05-15 04:00:00+00:00,88.24,88.29,88.18,88.29,4472011
2023-05-16 04:00:00+00:00,87.95,88.06,87.76,88.01,8012797
2023-05-17 04:00:00+00:00,88.06,88.09,87.62,87.72,5948743
2023-05-18 04:00:00+00:00,87.4,87.41,87.14,87.18,10515082
2023-05-19 04:00:00+00:00,86.87,87.27,86.69,86.85,13692111
2023-05-22 04:00:00+00:00,86.87,87.09,86.65,86.69,7034752
2023-05-23 04:00:00+00:00,86.57,86.94,86.49,86.83,8389686
2023-05-24 04:00:00+00:00,86.93,86.97,86.57,86.61,7743762
2023-05-25 04:00:00+00:00,86.45,86.52,86.0,86.07,11955373
2023-05-26 04:00:00+00:00,85.93,86.23,85.75,86.23,7431062
2023-05-30 04:00:00+00:00,86.49,86.9,86.42,86.9,8445180
2023-05-31 04:00:00+00:00,86.96,87.36,86.84,87.23,10829655
2023-06-01 04:00:00+00:00,87.49,87.72,87.36,87.47,19212827
2023-06-02 04:00:00+00:00,87.32,87.35,86.71,86.78,9451673
2023-06-05 04:00:00+00:00,86.42,86.99,86.33,86.75,6243271
2023-06-06 04:00:00+00:00,86.79,86.83,86.55,86.81,3986327
2023-06-07 04:00:00+00:00,86.69,86.78,86.08,86.17,8225751
2023-06-08 04:00:00+00:00,86.32,86.77,86.29,86.75,5841899
2023-06-09 04:00:00+00:00,86.46,86.57,86.29,86.44,6421876
2023-06-12 04:00:00+00:00,86.57,86.6,86.2,86.58,5261660
2023-06-13 04:00:00+00:00,86.72,86.78,85.83,85.97,9173507
2023-06-14 04:00:00+00:00,86.23,86.34,85.76,86.08,7704308
2023-06-15 04:00:00+00:00,86.59,86.82,86.48,86.75,5959320
2023-06-16 04:00:00+00:00,86.32,86.54,86.13,86.38,6537615
2023-06-20 04:00:00+00:00,86.54,86.84,86.54,86.64,5477522
2023-06-21 04:00:00+00:00,86.4,86.79,86.27,86.72,5119647
2023-06-22 04:00:00+00:00,86.46,86.61,86.16,86.23,4102148
2023-06-23 04:00:00+00:00,86.91,86.94,86.47,86.58,4112143
2023-06-26 04:00:00+00:00,86.81,86.87,86.64,86.8,2976587
2023-06-27 04:00:00+00:00,86.78,86.94,86.38,86.49,4752458
2023-06-28 04:00:00+00:00,86.62,86.88,86.45,86.84,5257359
2023-06-29 04:00:00+00:00,86.05,86.12,85.8,85.95,8268789
2023-06-30 04:00:00+00:00,85.98,86.19,85.87,86.14,7386768
2023-07-03 04:00:00+00:00,86.09,86.36,85.76,85.76,4663683
2023-07-05 04:00:00+00:00,85.76,85.81,85.25,85.35,10186202
2023-07-06 04:00:00+00:00,84.7,84.79,84.34,84.66,9285363
2023-07-07 04:00:00+00:00,84.53,84.87,84.5,84.55,6577624
2023-07-10 04:00:00+00:00,84.68,85.11,84.67,84.99,6622960
2023-07-11 04:00:00+00:00,85.15,85.29,85.03,85.16,6327205
2023-07-12 04:00:00+00:00,85.73,86.11,85.6,86.0,8255066
2023-07-13 04:00:00+00:00,86.41,86.76,86.32,86.71,9742728
2023-07-14 04:00:00+00:00,86.52,86.63,86.25,86.28,7491062
2023-07-17 04:00:00+00:00,86.34,86.5,86.24,86.43,3182374
2023-07-18 04:00:00+00:00,86.7,86.81,86.47,86.52,3626467
2023-07-19 04:00:00+00:00,86.68,86.87,86.51,86.82,5059395
2023-07-20 04:00:00+00:00,86.37,86.41,85.98,86.13,9486751
2023-07-21 04:00:00+00:00,86.32,86.4,86.17,86.2,4560175
2023-07-24 04:00:00+00:00,86.35,86.44,85.96,86.0,7451175
2023-07-25 04:00:00+00:00,85.66,85.88,85.65,85.84,4079609
2023-07-26 04:00:00+00:00,86.03,86.17,85.78,86.13,4880153
2023-07-27 04:00:00+00:00,85.8,85.9,85.07,85.19,8522842
2023-07-28 04:00:00+00:00,85.39,85.58,85.31,85.47,5794206
2023-07-31 04:00:00+00:00,85.43,85.72,85.42,85.58,6666445
2023-08-01 04:00:00+00:00,85.17,85.29,84.93,85.08,7714499
2023-08-02 04:00:00+00:00,84.82,84.94,84.56,84.91,8009228
2023-08-03 04:00:00+00:00,84.33,84.45,84.2,84.28,11058215
2023-08-04 04:00:00+00:00,84.59,85.25,84.59,85.17,10190527
2023-08-07 04:00:00+00:00,85.07,85.11,84.87,84.97,4007413
2023-08-08 04:00:00+00:00,85.41,85.61,85.3,85.4,5401501
2023-08-09 04:00:00+00:00,85.4,85.59,85.36,85.45,5317355
2023-08-10 04:00:00+00:00,85.45,85.61,84.79,84.8,8462103
2023-08-11 04:00:00+00:00,84.45,84.74,84.31,84.35,5915033
2023-08-14 04:00:00+00:00,84.22,84.46,84.03,84.22,6218447
2023-08-15 04:00:00+00:00,84.13,84.39,84.01,84.05,9602587
2023-08-16 04:00:00+00:00,84.03,84.23,83.67,83.73,7199736
2023-08-17 04:00:00+00:00,83.7,83.76,83.39,83.62,9858462
2023-08-18 04:00:00+00:00,83.78,84.06,83.73,83.87,7510525
2023-08-21 04:00:00+00:00,83.48,83.52,83.26,83.35,10863996
2023-08-22 04:00:00+00:00,83.28,83.48,83.2,83.39,6331510
2023-08-23 04:00:00+00:00,83.9,84.3,83.87,84.3,8550555
2023-08-24 04:00:00+00:00,84.04,84.28,83.96,83.98,5735830
2023-08-25 04:00:00+00:00,83.87,84.17,83.64,83.96,7895753
2023-08-28 04:00:00+00:00,84.15,84.22,83.97,84.19,3301688
2023-08-29 04:00:00+00:00,83.99,84.82,83.97,84.79,7064287
2023-08-30 04:00:00+00:00,84.9,84.94,84.73,84.78,6346718
2023-08-31 04:00:00+00:00,84.88,85.08,84.8,84.95,6167266
2023-09-01 04:00:00+00:00,84.96,84.97,84.32,84.43,7746609
2023-09-05 04:00:00+00:00,84.19,84.2,83.88,83.92,4993448
2023-09-06 04:00:00+00:00,84.06,84.08,83.66,83.7,7344118
2023-09-07 04:00:00+00:00,83.9,84.03,83.81,83.99,7137513
2023-09-08 04:00:00+00:00,84.2,84.32,83.97,84.01,4648504
2023-09-11 04:00:00+00:00,83.83,83.94,83.77,83.86,4321699
2023-09-12 04:00:00+00:00,83.89,83.99,83.79,83.98,4998480
2023-09-13 04:00:00+00:00,83.85,84.2,83.83,84.08,6675440
2023-09-14 04:00:00+00:00,84.14,84.21,83.84,83.89,6421038
2023-09-15 04:00:00+00:00,83.75,83.81,83.57,83.63,9367838
2023-09-18 04:00:00+00:00,83.52,83.77,83.52,83.71,4622245
2023-09-19 04:00:00+00:00,83.52,83.68,83.37,83.41,7537122
2023-09-20 04:00:00+00:00,83.64,83.76,83.33,83.34,10752258
2023-09-21 04:00:00+00:00,82.77,82.85,82.67,82.72,8707638
2023-09-22 04:00:00+00:00,82.8,83.12,82.74,83.05,8637839
2023-09-25 04:00:00+00:00,82.52,82.67,82.4,82.44,11712541
2023-09-26 04:00:00+00:00,82.59,82.64,82.31,82.41,8281800
2023-09-27 04:00:00+00:00,82.62,82.66,81.82,82.04,10586771
2023-09-28 04:00:00+00:00,81.85,82.28,81.62,82.27,11654610
2023-09-29 04:00:00+00:00,82.61,82.69,82.16,82.28,13488328
2023-10-02 04:00:00+00:00,81.87,81.96,81.51,81.62,21010030
2023-10-03 04:00:00+00:00,81.44,81.6,80.9,80.94,21364802
2023-10-04 04:00:00+00:00,81.19,81.5,81.01,81.45,14054147
2023-10-05 04:00:00+00:00,81.64,81.66,81.44,81.61,11318153
2023-10-06 04:00:00+00:00,80.86,81.39,80.78,81.13,12257095
2023-10-09 04:00:00+00:00,81.74,82.17,81.61,82.17,5826713
2023-10-10 04:00:00+00:00,81.75,82.23,81.65,82.0,11508464
2023-10-11 04:00:00+00:00,82.33,82.51,82.15,82.45,14815774
2023-10-12 04:00:00+00:00,82.27,82.32,81.56,81.66,12856219
2023-10-13 04:00:00+00:00,82.26,82.29,82.02,82.18,9873609
2023-10-16 04:00:00+00:00,81.7,81.76,81.59,81.7,7248658
2023-10-17 04:00:00+00:00,80.98,81.1,80.75,80.9,11191929
2023-10-18 04:00:00+00:00,80.67,80.79,80.38,80.52,13794280
2023-10-19 04:00:00+00:00,80.29,80.62,80.04,80.12,27116703
2023-10-20 04:00:00+00:00,80.41,80.71,80.39,80.58,12587091
2023-10-23 04:00:00+00:00,80.3,81.07,80.17,80.97,12368550
2023-10-24 04:00:00+00:00,80.9,81.12,80.72,81.11,10906237
2023-10-25 04:00:00+00:00,80.69,80.72,80.3,80.4,15170359
2023-10-26 04:00:00+00:00,80.48,81.04,80.46,81.01,15901252
2023-10-27 04:00:00+00:00,80.95,81.14,80.8,81.14,11628236
2023-10-30 04:00:00+00:00,80.74,81.0,80.6,80.87,11022495
2023-10-31 04:00:00+00:00,80.91,81.08,80.68,80.7,11576203
2023-11-01 04:00:00+00:00,80.93,81.67,80.89,81.63,22458005
2023-11-02 04:00:00+00:00,82.25,82.39,81.95,82.13,14046269
2023-11-03 04:00:00+00:00,83.13,83.32,82.76,82.76,23133728
2023-11-06 05:00:00+00:00,82.46,82.48,82.19,82.29,11246927
2023-11-07 05:00:00+00:00,82.55,82.93,82.55,82.76,13189643
2023-11-08 05:00:00+00:00,82.77,83.17,82.76,83.09,11117613
2023-11-09 05:00:00+00:00,82.95,82.95,82.22,82.27,17067909
2023-11-10 05:00:00+00:00,82.61,82.62,82.27,82.36,10675216
2023-11-13 05:00:00+00:00,82.04,82.34,81.91,82.31,8930210
2023-11-14 05:00:00+00:00,83.49,83.61,83.35,83.55,14313577
2023-11-15 05:00:00+00:00,83.14,83.15,82.82,82.9,12969627
2023-11-16 05:00:00+00:00,83.39,83.65,83.38,83.52,10375703
2023-11-17 05:00:00+00:00,83.62,83.67,83.41,83.58,8462016
2023-11-20 05:00:00+00:00,83.41,83.75,83.38,83.69,7481261
2023-11-21 05:00:00+00:00,83.79,83.92,83.59,83.8,9153441
2023-11-22 05:00:00+00:00,83.93,83.99,83.57,83.78,7255207
2023-11-24 05:00:00+00:00,83.41,83.48,83.33,83.34,4125818
2023-11-27 05:00:00+00:00,83.6,83.98,83.54,83.97,9539801
2023-11-28 05:00:00+00:00,83.88,84.37,83.83,84.35,13563442
2023-11-29 05:00:00+00:00,84.65,84.88,84.53,84.79,19075598
2023-11-30 05:00:00+00:00,84.47,84.5,84.2,84.37,18449534
2023-12-01 05:00:00+00:00,84.35,85.21,84.33,85.17,21393328
2023-12-04 05:00:00+00:00,84.84,85.03,84.63,84.82,16402188
2023-12-05 05:00:00+00:00,85.18,85.5,85.12,85.41,25452194
2023-12-06 05:00:00+00:00,85.6,85.85,85.5,85.77,14023441
2023-12-07 05:00:00+00:00,85.58,85.91,85.55,85.64,13730113
2023-12-08 05:00:00+00:00,85.16,85.27,84.89,85.09,13825359
2023-12-11 05:00:00+00:00,84.91,85.13,84.73,85.1,10484737
2023-12-12 05:00:00+00:00,85.09,85.33,85.0,85.28,7247988
2023-12-13 05:00:00+00:00,85.53,86.65,85.47,86.54,16155241
2023-12-14 05:00:00+00:00,86.99,87.44,86.95,87.26,32373425
2023-12-15 05:00:00+00:00,87.1,87.33,87.06,87.19,9407065
2023-12-18 05:00:00+00:00,87.02,87.04,86.86,87.0,8634148
2023-12-19 05:00:00+00:00,87.15,87.33,87.1,87.16,9047071
2023-12-20 05:00:00+00:00,87.36,87.65,87.18,87.59,12659133
2023-12-21 05:00:00+00:00,87.78,87.84,87.34,87.45,8939702
2023-12-22 05:00:00+00:00,87.62,87.63,87.25,87.37,4956413
2023-12-26 05:00:00+00:00,87.34,87.51,87.32,87.43,3342500
2023-12-27 05:00:00+00:00,87.8,88.15,87.73,88.11,7363526
2023-12-28 05:00:00+00:00,87.93,88.07,87.68,87.77,4858494
2023-12-29 05:00:00+00:00,87.52,87.78,87.46,87.55,7820460
2024-01-02 05:00:00+00:00,87.14,87.33,87.13,87.23,9443999
2024-01-03 05:00:00+00:00,86.85,87.5,86.77,87.44,11040475
2024-01-04 05:00:00+00:00,86.92,87.05,86.82,86.91,7354776
2024-01-05 05:00:00+00:00,86.59,87.21,86.53,86.59,10001016
2024-01-08 05:00:00+00:00,86.65,87.16,86.61,86.88,7044686
2024-01-09 05:00:00+00:00,86.76,86.97,86.76,86.85,7360798
2024-01-10 05:00:00+00:00,87.01,87.07,86.69,86.71,9212705
2024-01-11 05:00:00+00:00,86.84,87.23,86.72,87.17,10305461
2024-01-12 05:00:00+00:00,87.41,87.64,87.22,87.41,8469577
2024-01-16 05:00:00+00:00,87.06,87.16,86.58,86.7,9847109
2024-01-17 05:00:00+00:00,86.45,86.5,86.25,86.42,9170740
2024-01-18 05:00:00+00:00,86.38,86.45,86.14,86.23,8910268
2024-01-19 05:00:00+00:00,86.09,86.25,85.87,86.24,17711102
2024-01-22 05:00:00+00:00,86.55,86.65,86.43,86.5,9831549
2024-01-23 05:00:00+00:00,86.29,86.31,86.17,86.28,6428570
2024-01-24 05:00:00+00:00,86.6,86.63,85.98,86.04,9718338
2024-01-25 05:00:00+00:00,86.34,86.44,86.2,86.41,11588122
2024-01-26 05:00:00+00:00,86.34,86.34,86.15,86.26,9134648
2024-01-29 05:00:00+00:00,86.52,86.86,86.46,86.77,6947475
2024-01-30 05:00:00+00:00,86.92,86.96,86.43,86.89,7265771
2024-01-31 05:00:00+00:00,87.28,87.63,87.19,87.62,15778341
2024-02-01 05:00:00+00:00,87.96,88.42,87.72,88.16,33372968
2024-02-02 05:00:00+00:00,87.18,87.32,86.85,87.01,13809169
2024-02-05 05:00:00+00:00,86.41,86.49,86.07,86.17,12147893
2024-02-06 05:00:00+00:00,86.27,86.71,86.24,86.63,9327124
2024-02-07 05:00:00+00:00,86.48,86.82,86.44,86.48,8619805
2024-02-08 05:00:00+00:00,86.29,86.36,86.11,86.19,7808042
2024-02-09 05:00:00+00:00,85.98,86.11,85.96,86.04,8492535
2024-02-12 05:00:00+00:00,86.11,86.22,85.96,86.12,7023605
2024-02-13 05:00:00+00:00,85.48,85.56,85.16,85.17,11978410
2024-02-14 05:00:00+00:00,85.27,85.64,85.27,85.49,8979561
2024-02-15 05:00:00+00:00,85.87,85.96,85.62,85.73,6788279
2024-02-16 05:00:00+00:00,85.23,85.4,85.18,85.36,7147413
2024-02-20 05:00:00+00:00,85.53,85.7,85.49,85.5,8286331
2024-02-21 05:00:00+00:00,85.57,85.61,85.17,85.23,6448768
2024-02-22 05:00:00+00:00,85.2,85.4,85.08,85.24,8688496
2024-02-23 05:00:00+00:00,85.27,85.69,85.27,85.63,6426659
2024-02-26 05:00:00+00:00,85.64,85.65,85.3,85.5,6417187
2024-02-27 05:00:00+00:00,85.37,85.52,85.25,85.31,7540612
2024-02-28 05:00:00+00:00,85.41,85.62,85.36,85.62,5293604
2024-02-29 05:00:00+00:00,85.68,85.89,85.67,85.79,11919151
2024-03-01 05:00:00+00:00,85.68,86.24,85.48,86.19,11857244
2024-03-04 05:00:00+00:00,85.89,86.08,85.88,85.99,6641557
2024-03-05 05:00:00+00:00,86.43,86.68,86.33,86.52,7673106
2024-03-06 05:00:00+00:00,86.68,86.91,86.63,86.73,9499167
2024-03-07 05:00:00+00:00,86.91,86.93,86.66,86.88,8420940
2024-03-08 05:00:00+00:00,87.03,87.09,86.87,86.94,8103627
2024-03-11 04:00:00+00:00,86.97,87.0,86.75,86.83,5568211
2024-03-12 04:00:00+00:00,86.59,86.62,86.37,86.48,6556452
2024-03-13 04:00:00+00:00,86.35,86.41,86.25,86.29,9708416
2024-03-14 04:00:00+00:00,85.97,85.97,85.63,85.65,10055931
2024-03-15 04:00:00+00:00,85.58,85.65,85.48,85.5,6591431
2024-03-18 04:00:00+00:00,85.47,85.55,85.32,85.4,5319684
2024-03-19 04:00:00+00:00,85.57,85.76,85.52,85.65,5470272
2024-03-20 04:00:00+00:00,85.74,86.14,85.55,85.85,10190766
2024-03-21 04:00:00+00:00,86.01,86.08,85.78,85.86,8271232
2024-03-22 04:00:00+00:00,86.33,86.33,86.19,86.28,6119779
2024-03-25 04:00:00+00:00,86.19,86.19,85.99,86.05,4488900
2024-03-26 04:00:00+00:00,86.02,86.19,85.92,86.18,5477636
2024-03-27 04:00:00+00:00,86.28,86.54,86.26,86.5,4838589
2024-03-28 04:00:00+00:00,86.31,86.52,86.25,86.42,7561418
2024-04-01 04:00:00+00:00,86.06,86.06,85.57,85.64,10853950
2024-04-02 04:00:00+00:00,85.26,85.49,85.17,85.46,7214909
2024-04-03 04:00:00+00:00,85.11,85.56,85.03,85.56,12907991
2024-04-04 04:00:00+00:00,85.74,85.87,85.5,85.85,6960538
2024-04-05 04:00:00+00:00,85.38,85.65,85.27,85.28,6334570
2024-04-08 04:00:00+00:00,85.07,85.21,84.98,85.09,7115101
2024-04-09 04:00:00+00:00,85.34,85.5,85.34,85.43,5161272
2024-04-10 04:00:00+00:00,84.71,84.76,84.17,84.29,14993738
2024-04-11 04:00:00+00:00,84.45,84.49,84.07,84.18,9371359
2024-04-12 04:00:00+00:00,84.61,84.75,84.52,84.52,11656618
2024-04-15 04:00:00+00:00,83.95,84.0,83.64,83.98,12315347
2024-04-16 04:00:00+00:00,83.62,83.81,83.49,83.65,12027205
2024-04-17 04:00:00+00:00,83.96,84.25,83.82,84.18,10515435
2024-04-18 04:00:00+00:00,84.1,84.1,83.78,83.89,6964571
2024-04-19 04:00:00+00:00,84.09,84.11,83.91,84.0,6125766
2024-04-22 04:00:00+00:00,83.85,84.07,83.83,84.01,4002877
2024-04-23 04:00:00+00:00,83.9,84.33,83.82,84.12,8319796
2024-04-24 04:00:00+00:00,83.93,83.95,83.72,83.86,7567420
2024-04-25 04:00:00+00:00,83.41,83.62,83.34,83.54,5784322
2024-04-26 04:00:00+00:00,83.74,83.9,83.7,83.77,5432628
2024-04-29 04:00:00+00:00,83.96,84.13,83.89,84.11,4846458
2024-04-30 04:00:00+00:00,83.79,83.92,83.64,83.72,7516694
2024-05-01 04:00:00+00:00,83.97,84.36,83.75,84.05,12392506
2024-05-02 04:00:00+00:00,84.05,84.5,83.98,84.44,8661622
2024-05-03 04:00:00+00:00,85.05,85.13,84.69,84.91,8501120
2024-05-06 04:00:00+00:00,84.95,85.08,84.87,84.99,4043450
2024-05-07 04:00:00+00:00,85.29,85.43,85.13,85.21,7776341
2024-05-08 04:00:00+00:00,85.02,85.1,84.96,84.97,9024132
2024-05-09 04:00:00+00:00,84.95,85.28,84.92,85.22,9625255
2024-05-10 04:00:00+00:00,85.04,85.07,84.9,84.95,3204980
2024-05-13 04:00:00+00:00,85.17,85.19,85.04,85.05,3228752
2024-05-14 04:00:00+00:00,85.22,85.33,85.12,85.3,4688884
2024-05-15 04:00:00+00:00,85.79,86.0,85.68,85.94,11384537
2024-05-16 04:00:00+00:00,85.97,85.97,85.75,85.78,4278520
2024-05-17 04:00:00+00:00,85.64,85.71,85.49,85.51,3883918
2024-05-20 04:00:00+00:00,85.39,85.46,85.35,85.38,4575850
2024-05-21 04:00:00+00:00,85.64,85.67,85.56,85.6,2669720
2024-05-22 04:00:00+00:00,85.39,85.59,85.38,85.49,3616386
2024-05-23 04:00:00+00:00,85.53,85.54,85.06,85.19,6005628
2024-05-24 04:00:00+00:00,85.11,85.31,85.08,85.3,3926449
2024-05-28 04:00:00+00:00,85.37,85.39,84.8,84.82,8761441
2024-05-29 04:00:00+00:00,84.61,84.61,84.23,84.41,10126801
2024-05-30 04:00:00+00:00,84.69,84.85,84.65,84.83,5069737
2024-05-31 04:00:00+00:00,85.09,85.24,85.05,85.22,4807468
2024-06-03 04:00:00+00:00,85.34,85.83,85.34,85.78,7675927
2024-06-04 04:00:00+00:00,86.07,86.34,86.01,86.25,8752020
2024-06-05 04:00:00+00:00,86.36,86.58,86.11,86.57,6466820
2024-06-06 04:00:00+00:00,86.42,86.61,86.39,86.53,5849418
2024-06-07 04:00:00+00:00,85.79,85.81,85.61,85.62,7125085
2024-06-10 04:00:00+00:00,85.46,85.52,85.35,85.43,3938887
2024-06-11 04:00:00+00:00,85.58,85.9,85.5,85.88,3954681
2024-06-12 04:00:00+00:00,86.66,86.88,86.34,86.36,9243216
2024-06-13 04:00:00+00:00,86.75,87.06,86.65,86.93,6529902
2024-06-14 04:00:00+00:00,87.05,87.22,87.01,87.14,5424633
2024-06-17 04:00:00+00:00,86.71,86.79,86.61,86.73,4957159
2024-06-18 04:00:00+00:00,86.88,87.21,86.84,87.11,5232579
2024-06-20 04:00:00+00:00,86.68,86.92,86.63,86.89,3573117
2024-06-21 04:00:00+00:00,87.05,87.14,86.75,86.91,7041996
2024-06-24 04:00:00+00:00,86.93,86.98,86.79,86.98,5276005
2024-06-25 04:00:00+00:00,86.93,87.09,86.88,87.05,3791592
2024-06-26 04:00:00+00:00,86.6,86.67,86.51,86.53,4196548
2024-06-27 04:00:00+00:00,86.7,86.81,86.69,86.72,4946574
2024-06-28 04:00:00+00:00,86.92,86.93,86.26,86.26,6030521
2024-07-01 04:00:00+00:00,85.78,86.03,85.54,85.62,13662769
2024-07-02 04:00:00+00:00,85.98,86.05,85.81,85.94,8195754
2024-07-03 04:00:00+00:00,86.16,86.55,86.11,86.52,3860957
2024-07-05 04:00:00+00:00,86.82,87.05,86.71,87.0,5111502
2024-07-08 04:00:00+00:00,86.97,87.09,86.84,87.02,5294604
2024-07-09 04:00:00+00:00,86.88,87.01,86.69,86.9,3006938
2024-07-10 04:00:00+00:00,86.98,87.03,86.85,86.99,4076787
2024-07-11 04:00:00+00:00,87.61,87.75,87.5,87.54,9658543
2024-07-12 04:00:00+00:00,87.56,87.73,87.5,87.73,4304749
2024-07-15 04:00:00+00:00,87.5,87.62,87.38,87.45,3754450
2024-07-16 04:00:00+00:00,87.61,87.85,87.52,87.84,4705760
2024-07-17 04:00:00+00:00,87.71,87.97,87.62,87.91,5113487
2024-07-18 04:00:00+00:00,87.72,87.91,87.6,87.66,8640596
2024-07-19 04:00:00+00:00,87.43,87.5,87.34,87.38,5274384
2024-07-22 04:00:00+00:00,87.49,87.55,87.16,87.3,3869786
2024-07-23 04:00:00+00:00,87.42,87.54,87.35,87.37,5095642
2024-07-24 04:00:00+00:00,87.52,87.66,87.16,87.17,4733695
2024-07-25 04:00:00+00:00,87.35,87.66,87.3,87.37,4335687
2024-07-26 04:00:00+00:00,87.74,87.81,87.65,87.78,5217511
2024-07-29 04:00:00+00:00,88.0,88.01,87.85,87.93,6165648
2024-07-30 04:00:00+00:00,88.03,88.21,87.87,88.11,4419228
2024-07-31 04:00:00+00:00,88.37,88.77,88.18,88.76,10983116
2024-08-01 04:00:00+00:00,88.96,89.36,88.95,89.14,10492587
2024-08-02 04:00:00+00:00,90.07,90.59,90.01,90.52,18286540
2024-08-05 04:00:00+00:00,91.18,91.36,90.26,90.61,19098200
2024-08-06 04:00:00+00:00,90.39,90.42,89.74,89.81,9506980
2024-08-07 04:00:00+00:00,89.55,89.64,89.31,89.48,8419746
2024-08-08 04:00:00+00:00,89.11,89.28,89.02,89.21,4856150
2024-08-09 04:00:00+00:00,89.69,89.7,89.5,89.58,5174878
2024-08-12 04:00:00+00:00,89.46,89.87,89.4,89.83,4166444
2024-08-13 04:00:00+00:00,90.2,90.22,90.07,90.22,6458880
2024-08-14 04:00:00+00:00,90.19,90.47,90.17,90.35,4275696
2024-08-15 04:00:00+00:00,89.61,89.78,89.54,89.78,5507025
2024-08-16 04:00:00+00:00,89.97,89.97,89.72,89.96,4437050
2024-08-19 04:00:00+00:00,89.93,90.18,89.91,90.08,4437676
2024-08-20 04:00:00+00:00,90.3,90.47,90.22,90.44,4885998
2024-08-21 04:00:00+00:00,90.53,90.83,90.32,90.62,5386005
2024-08-22 04:00:00+00:00,90.4,90.42,90.08,90.21,4819522
2024-08-23 04:00:00+00:00,90.39,90.69,90.28,90.62,5475416
2024-08-26 04:00:00+00:00,90.78,90.79,90.51,90.51,3062577
2024-08-27 04:00:00+00:00,90.27,90.54,90.22,90.47,4433681
2024-08-28 04:00:00+00:00,90.49,90.57,90.39,90.43,8147052
2024-08-29 04:00:00+00:00,90.22,90.31,90.13,90.27,6199798
2024-08-30 04:00:00+00:00,90.29,90.4,89.93,89.96,4802608
2024-09-03 04:00:00+00:00,90.45,90.69,90.39,90.55,8232797
2024-09-04 04:00:00+00:00,90.65,91.13,90.63,91.08,9914865
2024-09-05 04:00:00+00:00,91.32,91.37,91.0,91.29,33635018
2024-09-06 04:00:00+00:00,91.33,91.88,91.11,91.42,17777566
2024-09-09 04:00:00+00:00,91.37,91.62,91.26,91.55,8532472
2024-09-10 04:00:00+00:00,91.56,91.99,91.54,91.94,7921368
2024-09-11 04:00:00+00:00,91.76,92.16,91.7,91.88,7286225
2024-09-12 04:00:00+00:00,91.8,91.91,91.56,91.73,5931331
2024-09-13 04:00:00+00:00,91.98,92.02,91.79,91.91,5305485
2024-09-16 04:00:00+00:00,92.01,92.19,91.9,92.15,6666977
2024-09-17 04:00:00+00:00,92.09,92.15,91.92,91.98,7807027
2024-09-18 04:00:00+00:00,91.77,92.06,91.53,91.58,8584465
2024-09-19 04:00:00+00:00,91.33,91.52,91.29,91.51,16770780
2024-09-20 04:00:00+00:00,91.38,91.6,91.26,91.48,6580582
2024-09-23 04:00:00+00:00,91.29,91.51,91.07,91.42,7491882
2024-09-24 04:00:00+00:00,91.17,91.55,91.1,91.53,6580863
2024-09-25 04:00:00+00:00,91.34,91.34,91.15,91.15,10455101
2024-09-26 04:00:00+00:00,91.23,91.27,90.93,91.09,8026728
2024-09-27 04:00:00+00:00,91.3,91.49,91.23,91.45,6207730
2024-09-30 04:00:00+00:00,91.38,91.41,91.05,91.2,8902750
2024-10-01 04:00:00+00:00,91.51,91.79,91.43,91.53,11665727
2024-10-02 04:00:00+00:00,91.12,91.3,91.01,91.27,7742082
2024-10-03 04:00:00+00:00,91.03,91.09,90.78,90.8,11556106
2024-10-04 04:00:00+00:00,90.02,90.22,89.88,89.93,8890868
2024-10-07 04:00:00+00:00,89.59,89.74,89.56,89.6,10152572
2024-10-08 04:00:00+00:00,89.46,89.68,89.42,89.68,5975421
2024-10-09 04:00:00+00:00,89.52,89.56,89.29,89.34,6769233
2024-10-10 04:00:00+00:00,89.28,89.38,89.05,89.33,5958980
2024-10-11 04:00:00+00:00,89.24,89.45,89.19,89.36,5394064
2024-10-14 04:00:00+00:00,88.99,89.2,88.94,89.2,3850877
2024-10-15 04:00:00+00:00,89.55,89.7,89.49,89.66,7736909
2024-10-16 04:00:00+00:00,89.83,89.92,89.74,89.8,5041122
2024-10-17 04:00:00+00:00,89.41,89.44,89.25,89.33,5460202
2024-10-18 04:00:00+00:00,89.48,89.53,89.42,89.43,5174808
2024-10-21 04:00:00+00:00,89.09,89.12,88.74,88.74,6633578
2024-10-22 04:00:00+00:00,88.86,88.91,88.59,88.66,5434026
2024-10-23 04:00:00+00:00,88.4,88.55,88.32,88.46,6914586
2024-10-24 04:00:00+00:00,88.54,88.8,88.44,88.65,5486308
2024-10-25 04:00:00+00:00,88.85,88.86,88.39,88.46,6455354
2024-10-28 04:00:00+00:00,88.47,88.48,88.08,88.25,5447530
2024-10-29 04:00:00+00:00,87.88,88.3,87.83,88.29,8475405
2024-10-30 04:00:00+00:00,88.49,88.71,88.12,88.16,6341348
2024-10-31 04:00:00+00:00,88.02,88.28,87.83,88.11,8662882
2024-11-01 04:00:00+00:00,88.24,88.33,87.56,87.59,15659471
2024-11-04 05:00:00+00:00,88.2,88.31,87.89,88.06,8179254
2024-11-05 05:00:00+00:00,87.94,88.21,87.65,88.1,8118519
2024-11-06 05:00:00+00:00,87.0,87.44,86.97,87.2,15261496
2024-11-07 05:00:00+00:00,87.55,88.06,87.5,87.9,15674129
2024-11-08 05:00:00+00:00,88.08,88.34,87.98,88.08,12335278
2024-11-11 05:00:00+00:00,87.82,87.85,87.69,87.84,3980201
2024-11-12 05:00:00+00:00,87.49,87.67,87.18,87.29,8037912
2024-11-13 05:00:00+00:00,87.68,87.69,87.12,87.23,6662247
2024-11-14 05:00:00+00:00,87.37,87.58,87.12,87.22,7510284
2024-11-15 05:00:00+00:00,87.06,87.55,86.87,87.26,16794163
2024-11-18 05:00:00+00:00,87.22,87.51,87.12,87.46,4788189
2024-11-19 05:00:00+00:00,87.73,87.78,87.6,87.64,4951585
2024-11-20 05:00:00+00:00,87.4,87.67,87.37,87.51,5752951
2024-11-21 05:00:00+00:00,87.58,87.74,87.35,87.47,5098247
2024-11-22 05:00:00+00:00,87.59,87.64,87.43,87.52,5373879
2024-11-25 05:00:00+00:00,88.33,88.49,88.19,88.47,7716050
2024-11-26 05:00:00+00:00,88.28,88.31,88.1,88.28,5093056
2024-11-27 05:00:00+00:00,88.64,88.76,88.45,88.64,5587567
2024-11-29 05:00:00+00:00,88.95,89.02,88.83,89.01,5136170
2024-12-02 05:00:00+00:00,88.74,89.11,88.64,89.0,5950784
2024-12-03 05:00:00+00:00,89.1,89.13,88.69,88.75,5364829
2024-12-04 05:00:00+00:00,88.52,89.11,88.49,89.09,5908784
2024-12-05 05:00:00+00:00,88.82,89.13,88.82,89.08,5210320
2024-12-06 05:00:00+00:00,89.44,89.5,89.17,89.36,6880169
2024-12-09 05:00:00+00:00,89.24,89.26,89.05,89.05,4303131
2024-12-10 05:00:00+00:00,88.86,88.96,88.78,88.89,3543387
2024-12-11 05:00:00+00:00,89.02,89.11,88.6,88.63,6453019
2024-12-12 05:00:00+00:00,88.52,88.6,88.26,88.29,4518093
2024-12-13 05:00:00+00:00,88.15,88.17,87.83,87.88,5230061
2024-12-16 05:00:00+00:00,88.04,88.05,87.81,87.9,4607858
2024-12-17 05:00:00+00:00,87.89,88.05,87.86,87.9,4881129
2024-12-18 05:00:00+00:00,87.89,88.01,87.16,87.22,11553909
2024-12-19 05:00:00+00:00,86.93,86.99,86.68,86.83,9273761
2024-12-20 05:00:00+00:00,87.28,87.42,87.13,87.15,6070886
2024-12-23 05:00:00+00:00,87.08,87.12,86.7,86.76,5954541
2024-12-24 05:00:00+00:00,86.58,86.82,86.55,86.81,3076139
2024-12-26 05:00:00+00:00,86.54,86.91,86.5,86.88,3703370
2024-12-27 05:00:00+00:00,86.82,86.94,86.63,86.65,3752547
2024-12-30 05:00:00+00:00,87.07,87.21,87.06,87.16,4797651
2024-12-31 05:00:00+00:00,87.28,87.34,86.93,87.0,5856386
2025-01-02 05:00:00+00:00,87.19,87.3,86.87,87.05,5035296
2025-01-03 05:00:00+00:00,87.14,87.2,86.88,86.9,2863727
2025-01-06 05:00:00+00:00,86.8,86.89,86.63,86.82,3894803
2025-01-07 05:00:00+00:00,86.71,86.77,86.34,86.42,5524502
2025-01-08 05:00:00+00:00,86.3,86.59,86.28,86.58,6403066
2025-01-10 05:00:00+00:00,86.06,86.23,85.85,85.95,8210906
2025-01-13 05:00:00+00:00,85.9,85.93,85.71,85.79,5094333
2025-01-14 05:00:00+00:00,85.83,85.9,85.71,85.82,4365899
2025-01-15 05:00:00+00:00,86.7,86.79,86.55,86.73,7846600
2025-01-16 05:00:00+00:00,86.65,87.12,86.53,86.93,7550852
2025-01-17 05:00:00+00:00,87.06,87.12,86.91,87.0,3912840
2025-01-21 05:00:00+00:00,87.28,87.35,87.15,87.29,4431278
2025-01-22 05:00:00+00:00,87.25,87.26,86.96,87.06,3656353
2025-01-23 05:00:00+00:00,86.7,86.9,86.7,86.84,4861149
2025-01-24 05:00:00+00:00,86.81,87.12,86.76,87.02,4468718
2025-01-27 05:00:00+00:00,87.59,87.66,87.39,87.58,4297112
2025-01-28 05:00:00+00:00,87.37,87.61,87.3,87.59,3906811
2025-01-29 05:00:00+00:00,87.69,87.75,87.23,87.49,4918428
2025-01-30 05:00:00+00:00,87.68,87.81,87.59,87.68,4365657
2025-01-31 05:00:00+00:00,87.7,87.84,87.34,87.54,6277534
2025-02-03 05:00:00+00:00,87.79,88.06,87.47,87.6,8270422
2025-02-04 05:00:00+00:00,87.42,87.82,87.41,87.82,6734837
2025-02-05 05:00:00+00:00,88.17,88.49,88.15,88.32,6576344
2025-02-06 05:00:00+00:00,88.23,88.34,88.09,88.22,5268575
2025-02-07 05:00:00+00:00,87.94,88.01,87.78,87.93,4545872
2025-02-10 05:00:00+00:00,88.02,88.15,87.86,87.91,3229117
2025-02-11 05:00:00+00:00,87.69,87.76,87.63,87.68,3379547
2025-02-12 05:00:00+00:00,87.1,87.15,86.93,87.08,7280368
2025-02-13 05:00:00+00:00,87.53,87.8,87.51,87.73,6122009
2025-02-14 05:00:00+00:00,88.14,88.28,88.06,88.1,5157925
2025-02-18 05:00:00+00:00,87.82,87.91,87.62,87.63,4484271
2025-02-19 05:00:00+00:00,87.58,87.81,87.57,87.77,4594523
2025-02-20 05:00:00+00:00,87.91,88.04,87.9,87.95,7545412
2025-02-21 05:00:00+00:00,88.06,88.58,88.05,88.47,6156516
2025-02-24 05:00:00+00:00,88.38,88.71,88.35,88.66,4109676
2025-02-25 05:00:00+00:00,89.21,89.4,89.14,89.35,7697169
2025-02-26 05:00:00+00:00,89.32,89.66,89.2,89.6,7380204
2025-02-27 05:00:00+00:00,89.3,89.52,89.26,89.5,5907872
2025-02-28 05:00:00+00:00,89.77,90.02,89.59,89.99,11831519
2025-03-03 05:00:00+00:00,89.68,90.37,89.67,90.31,9637437
2025-03-04 05:00:00+00:00,90.46,90.68,89.88,90.03,12745454
2025-03-05 05:00:00+00:00,90.05,90.17,89.5,89.53,15590008
2025-03-06 05:00:00+00:00,89.48,89.65,89.15,89.48,9318861
2025-03-07 05:00:00+00:00,89.93,89.96,89.28,89.37,9210206
2025-03-10 04:00:00+00:00,89.89,90.13,89.8,89.99,7698488
2025-03-11 04:00:00+00:00,89.99,90.24,89.54,89.67,10408648
2025-03-12 04:00:00+00:00,89.39,89.62,89.37,89.4,7610319
2025-03-13 04:00:00+00:00,89.27,89.8,89.19,89.76,6902748
2025-03-14 04:00:00+00:00,89.53,89.62,89.42,89.45,4390889
2025-03-17 04:00:00+00:00,89.61,89.8,89.43,89.53,6733976
2025-03-18 04:00:00+00:00,89.4,89.78,89.38,89.63,8993542
2025-03-19 04:00:00+00:00,89.56,89.93,89.41,89.91,5854692
2025-03-20 04:00:00+00:00,90.39,90.4,89.93,90.04,4409137
2025-03-21 04:00:00+00:00,90.18,90.27,89.94,89.96,4919587
2025-03-24 04:00:00+00:00,89.71,89.74,89.42,89.44,4823901
2025-03-25 04:00:00+00:00,89.44,89.69,89.42,89.59,6825832
2025-03-26 04:00:00+00:00,89.44,89.53,89.31,89.39,8281749
2025-03-27 04:00:00+00:00,89.28,89.39,89.2,89.31,5085410
2025-03-28 04:00:00+00:00,89.74,90.09,89.71,90.03,6224454
2025-03-31 04:00:00+00:00,90.41,90.47,90.03,90.29,13255922
2025-04-01 04:00:00+00:00,90.49,90.86,90.48,90.61,18128763
2025-04-02 04:00:00+00:00,90.99,90.99,90.24,90.53,7635866
2025-04-03 04:00:00+00:00,91.57,91.79,91.35,91.46,18188011
2025-04-04 04:00:00+00:00,92.32,92.62,91.7,91.71,27006541
2025-04-07 04:00:00+00:00,91.64,91.81,90.41,90.62,68670638
2025-04-08 04:00:00+00:00,90.14,90.79,90.12,90.17,19505198
2025-04-09 04:00:00+00:00,89.5,89.93,88.91,89.88,24169174
2025-04-10 04:00:00+00:00,89.78,90.02,89.27,89.32,12093775
2025-04-11 04:00:00+00:00,88.78,89.03,88.13,88.82,55446575
2025-04-14 04:00:00+00:00,89.21,89.62,89.09,89.53,12630877
2025-04-15 04:00:00+00:00,89.52,90.0,89.5,89.79,7708183
2025-04-16 04:00:00+00:00,89.91,90.31,89.72,90.18,8708379
2025-04-17 04:00:00+00:00,90.14,90.22,89.84,89.93,6987171
2025-04-21 04:00:00+00:00,89.66,89.99,89.42,89.44,4901294
2025-04-22 04:00:00+00:00,89.68,89.7,89.5,89.51,5232965
2025-04-23 04:00:00+00:00,90.26,90.44,89.49,89.6,8041319
2025-04-24 04:00:00+00:00,89.97,90.11,89.87,90.09,7308934
2025-04-25 04:00:00+00:00,90.34,90.49,90.21,90.43,5341346
2025-04-28 04:00:00+00:00,90.33,90.82,90.3,90.79,4950526
2025-04-29 04:00:00+00:00,90.74,91.11,90.73,91.11,5350357
2025-04-30 04:00:00+00:00,91.09,91.33,90.99,91.25,13923349
2025-05-01 04:00:00+00:00,91.37,91.38,90.67,90.85,13703318
2025-05-02 04:00:00+00:00,90.38,90.52,90.09,90.24,9331620
2025-05-05 04:00:00+00:00,90.21,90.22,89.89,90.08,10089640
2025-05-06 04:00:00+00:00,90.04,90.33,89.96,90.31,6081225
2025-05-07 04:00:00+00:00,90.4,90.66,90.38,90.55,9471305
2025-05-08 04:00:00+00:00,90.49,90.5,89.82,89.84,6409030
2025-05-09 04:00:00+00:00,90.0,90.15,89.88,89.91,3698699
2025-05-12 04:00:00+00:00,89.32,89.55,89.32,89.34,9483851
2025-05-13 04:00:00+00:00,89.45,89.5,89.13,89.27,13166804
2025-05-14 04:00:00+00:00,89.23,89.3,88.88,88.94,6994690
2025-05-15 04:00:00+00:00,89.31,89.56,89.19,89.52,9024884
2025-05-16 04:00:00+00:00,89.87,89.89,89.54,89.55,6819224
2025-05-19 04:00:00+00:00,89.03,89.52,88.99,89.5,11705008
2025-05-20 04:00:00+00:00,89.26,89.45,89.12,89.38,8929552
2025-05-21 04:00:00+00:00,89.03,89.15,88.65,88.76,11383502
2025-05-22 04:00:00+00:00,88.79,89.14,88.67,89.1,10981598
2025-05-23 04:00:00+00:00,89.49,89.5,89.23,89.35,9860808
2025-05-27 04:00:00+00:00,89.55,89.82,89.45,89.73,10834387
2025-05-28 04:00:00+00:00,89.54,89.61,89.37,89.48,8591454
2025-05-29 04:00:00+00:00,89.71,89.93,89.67,89.85,9681506
2025-05-30 04:00:00+00:00,89.92,90.16,89.86,90.12,10268591
2025-06-02 04:00:00+00:00,89.87,90.0,89.66,89.81,13341850
2025-06-03 04:00:00+00:00,89.94,90.06,89.65,89.73,8508947
2025-06-04 04:00:00+00:00,90.07,90.46,89.99,90.38,10116188
2025-06-05 04:00:00+00:00,90.38,90.5,90.09,90.12,8765989
2025-06-06 04:00:00+00:00,89.65,89.73,89.37,89.4,7624352
2025-06-09 04:00:00+00:00,89.4,89.68,89.4,89.56,6061417
2025-06-10 04:00:00+00:00,89.85,89.88,89.62,89.72,5579937
2025-06-11 04:00:00+00:00,89.89,90.13,89.81,90.09,6594903
2025-06-12 04:00:00+00:00,90.43,90.49,90.27,90.48,7795449
2025-06-13 04:00:00+00:00,90.28,90.35,89.91,90.15,9195182
2025-06-16 04:00:00+00:00,90.04,90.23,89.87,89.89,7508621
2025-06-17 04:00:00+00:00,90.12,90.37,89.97,90.33,5285113
2025-06-18 04:00:00+00:00,90.48,90.67,90.23,90.38,6732481
2025-06-20 04:00:00+00:00,90.2,90.58,90.14,90.44,6261860
2025-06-23 04:00:00+00:00,90.7,91.05,90.63,90.76,9310287
2025-06-24 04:00:00+00:00,90.67,91.12,90.63,91.07,7694510
2025-06-25 04:00:00+00:00,90.9,91.15,90.81,91.11,6393258
2025-06-26 04:00:00+00:00,91.28,91.44,91.15,91.44,7131918
2025-06-27 04:00:00+00:00,91.19,91.47,91.14,91.2,8402385
2025-06-30 04:00:00+00:00,91.4,91.6,91.26,91.56,10542377
2025-07-01 04:00:00+00:00,91.52,91.6,91.23,91.39,10659828
2025-07-02 04:00:00+00:00,91.1,91.24,91.05,91.2,6026238
2025-07-03 04:00:00+00:00,90.92,90.98,90.76,90.88,7398883
2025-07-07 04:00:00+00:00,90.73,90.75,90.52,90.6,8518590
2025-07-08 04:00:00+00:00,90.36,90.47,90.31,90.46,5282965
2025-07-09 04:00:00+00:00,90.6,90.94,90.59,90.93,6900789
2025-07-10 04:00:00+00:00,90.86,90.9,90.7,90.88,4452221
2025-07-11 04:00:00+00:00,90.57,90.6,90.41,90.46,6004749
2025-07-14 04:00:00+00:00,90.46,90.6,90.31,90.42,5101813
2025-07-15 04:00:00+00:00,90.53,90.54,90.01,90.07,5628147
2025-07-16 04:00:00+00:00,90.21,90.38,90.08,90.32,12775193
2025-07-17 04:00:00+00:00,90.37,90.47,90.21,90.29,4747200
2025-07-18 04:00:00+00:00,90.55,90.61,90.44,90.54,4035035
2025-07-21 04:00:00+00:00,90.92,91.02,90.81,90.85,5232360
2025-07-22 04:00:00+00:00,90.95,91.17,90.93,91.11,6098107
2025-07-23 04:00:00+00:00,90.9,90.96,90.73,90.79,5074057
2025-07-24 04:00:00+00:00,90.47,90.75,90.46,90.65,5867428
2025-07-25 04:00:00+00:00,90.62,90.86,90.59,90.86,3614071
2025-07-28 04:00:00+00:00,90.7,90.77,90.62,90.66,5073188
2025-07-29 04:00:00+00:00,90.8,91.26,90.78,91.26,7864108
2025-07-30 04:00:00+00:00,90.94,91.19,90.87,90.94,7423646
2025-07-31 04:00:00+00:00,91.08,91.24,90.97,91.02,10411774
2025-08-01 04:00:00+00:00,91.76,92.11,91.73,92.06,11870207
2025-08-04 04:00:00+00:00,92.15,92.23,91.92,92.19,8449488
2025-08-05 04:00:00+00:00,92.03,92.24,92.01,92.12,8218754
2025-08-06 04:00:00+00:00,91.99,92.1,91.66,92.06,10107474
2025-08-07 04:00:00+00:00,92.06,92.15,91.92,91.99,5725876
2025-08-08 04:00:00+00:00,91.86,91.86,91.73,91.78,5623800
2025-08-11 04:00:00+00:00,91.84,91.93,91.76,91.81,4920182
2025-08-12 04:00:00+00:00,91.69,91.79,91.58,91.79,6727029
2025-08-13 04:00:00+00:00,92.05,92.21,92.03,92.11,5925164
2025-08-14 04:00:00+00:00,91.96,91.98,91.75,91.81,5527457
2025-08-15 04:00:00+00:00,91.78,91.83,91.57,91.63,7428568
2025-08-18 04:00:00+00:00,91.69,91.7,91.46,91.55,9669701
2025-08-19 04:00:00+00:00,91.68,91.81,91.67,91.78,6499330
2025-08-20 04:00:00+00:00,91.77,91.99,91.76,91.91,6270926
2025-08-21 04:00:00+00:00,91.79,91.83,91.52,91.64,5351542
2025-08-22 04:00:00+00:00,91.79,92.25,91.77,92.15,10867816
2025-08-25 04:00:00+00:00,91.99,92.09,91.92,91.97,9936718
2025-08-26 04:00:00+00:00,92.05,92.23,91.98,92.21,5871259
2025-08-27 04:00:00+00:00,92.08,92.38,92.03,92.38,5223249
2025-08-28 04:00:00+00:00,92.35,92.59,92.31,92.59,6545073
2025-08-29 04:00:00+00:00,92.49,92.59,92.4,92.52,6816940
2025-09-02 04:00:00+00:00,92.15,92.31,92.13,92.24,8623225
2025-09-03 04:00:00+00:00,92.25,92.69,92.25,92.56,7586121
2025-09-04 04:00:00+00:00,92.79,92.97,92.68,92.97,6395264
2025-09-05 04:00:00+00:00,93.55,93.66,93.43,93.43,8880327
2025-09-08 04:00:00+00:00,93.66,93.73,93.56,93.72,7599723
2025-09-09 04:00:00+00:00,93.67,93.77,93.41,93.5,8223260
2025-09-10 04:00:00+00:00,93.69,93.86,93.6,93.75,8864493
2025-09-11 04:00:00+00:00,93.87,94.09,93.86,93.89,8552178
2025-09-12 04:00:00+00:00,93.67,93.68,93.49,93.62,36502976
2025-09-15 04:00:00+00:00,93.79,93.85,93.73,93.78,4990170
2025-09-16 04:00:00+00:00,93.79,93.92,93.75,93.83,5848078
2025-09-17 04:00:00+00:00,93.93,94.14,93.52,93.63,10701673
2025-09-18 04:00:00+00:00,93.3,93.46,93.16,93.32,7589507
2025-09-19 04:00:00+00:00,93.27,93.35,93.16,93.28,5528784
2025-09-22 04:00:00+00:00,93.28,93.31,93.12,93.13,5282779
2025-09-23 04:00:00+00:00,93.26,93.4,93.14,93.39,7077910
2025-09-24 04:00:00+00:00,93.27,93.28,93.1,93.14,5419806
2025-09-25 04:00:00+00:00,92.93,92.98,92.77,92.94,6517524
2025-09-26 04:00:00+00:00,92.92,93.09,92.8,92.89,7295442
2025-09-29 04:00:00+00:00,93.0,93.21,92.99,93.16,6357833
2025-09-30 04:00:00+00:00,93.24,93.41,93.08,93.12,9257812
2025-10-01 04:00:00+00:00,93.5,93.56,93.28,93.43,8347312
2025-10-02 04:00:00+00:00,93.4,93.59,93.33,93.53,9420929
2025-10-03 04:00:00+00:00,93.54,93.58,93.33,93.35,5154346
2025-10-06 04:00:00+00:00,93.12,93.28,93.07,93.08,6319630
2025-10-07 04:00:00+00:00,93.19,93.43,93.13,93.31,5120243
2025-10-08 04:00:00+00:00,93.48,93.5,93.27,93.33,5141866
2025-10-09 04:00:00+00:00,93.24,93.3,93.18,93.26,7130649
2025-10-10 04:00:00+00:00,93.58,93.94,93.51,93.84,10417700
2025-10-13 04:00:00+00:00,93.83,93.91,93.71,93.89,5607641
2025-10-14 04:00:00+00:00,93.99,94.16,93.91,94.13,7650640
2025-10-15 04:00:00+00:00,94.13,94.25,93.94,94.02,7769455
2025-10-16 04:00:00+00:00,93.95,94.5,93.93,94.46,11627164
2025-10-17 04:00:00+00:00,94.37,94.39,94.18,94.31,12491024
2025-10-20 04:00:00+00:00,94.36,94.44,94.29,94.43,10436770
2025-10-21 04:00:00+00:00,94.6,94.67,94.54,94.61,7638938
2025-10-22 04:00:00+00:00,94.56,94.67,94.47,94.62,6523671
2025-10-23 04:00:00+00:00,94.43,94.49,94.3,94.32,6137802
2025-10-24 04:00:00+00:00,94.43,94.45,94.25,94.4,7554457
2025-10-27 04:00:00+00:00,94.26,94.4,94.13,94.4,7272562
2025-10-28 04:00:00+00:00,94.34,94.54,94.34,94.49,5539108
2025-10-29 04:00:00+00:00,94.44,94.44,93.83,93.88,11223261
2025-10-30 04:00:00+00:00,93.61,93.89,93.59,93.74,8958325
2025-10-31 04:00:00+00:00,93.8,93.88,93.72,93.78,9739633
2025-11-03 05:00:00+00:00,93.66,93.8,93.61,93.74,8012728
2025-11-04 05:00:00+00:00,93.81,93.9,93.78,93.85,6118993
2025-11-05 05:00:00+00:00,93.69,93.71,93.38,93.41,11749244
2025-11-06 05:00:00+00:00,93.76,93.95,93.75,93.88,7665059
2025-11-07 05:00:00+00:00,93.8,94.09,93.79,93.92,11460285
2025-11-10 05:00:00+00:00,93.8,93.88,93.75,93.8,9097469
2025-11-11 05:00:00+00:00,94.04,94.12,93.96,94.09,4937742
2025-11-12 05:00:00+00:00,94.04,94.17,94.0,94.11,7188206
2025-11-13 05:00:00+00:00,93.88,94.03,93.83,93.83,46965594
2025-11-14 05:00:00+00:00,94.11,94.15,93.66,93.68,11288457
2025-11-17 05:00:00+00:00,93.78,93.85,93.73,93.79,6648754
2025-11-18 05:00:00+00:00,94.07,94.16,93.81,93.94,8769024
2025-11-19 05:00:00+00:00,94.04,94.09,93.83,93.87,13075930
2025-11-20 05:00:00+00:00,93.97,94.17,93.93,94.1,9076414
2025-11-21 05:00:00+00:00,94.41,94.45,94.22,94.41,12551122
2025-11-24 05:00:00+00:00,94.5,94.57,94.4,94.55,6903895
2025-11-25 05:00:00+00:00,94.65,94.9,94.64,94.8,9193433
2025-11-26 05:00:00+00:00,94.69,94.87,94.54,94.87,7747109
2025-11-28 05:00:00+00:00,94.84,94.85,94.6,94.71,7798022
2025-12-01 05:00:00+00:00,94.28,94.34,94.19,94.2,9898164
2025-12-02 05:00:00+00:00,94.17,94.32,94.11,94.28,7317320
2025-12-03 05:00:00+00:00,94.43,94.53,94.31,94.47,6855103
2025-12-04 05:00:00+00:00,94.32,94.33,94.13,94.18,8929096
2025-12-05 05:00:00+00:00,94.2,94.21,93.94,93.99,9118800
2025-12-08 05:00:00+00:00,93.93,93.94,93.62,93.79,14728577
2025-12-09 05:00:00+00:00,93.92,93.92,93.64,93.66,8509228
2025-12-10 05:00:00+00:00,93.61,93.99,93.61,93.96,13356897
2025-12-11 05:00:00+00:00,94.19,94.24,93.94,93.97,8673034
2025-12-12 05:00:00+00:00,93.71,93.79,93.69,93.71,8348936
2025-12-15 05:00:00+00:00,93.93,94.02,93.77,93.79,6117094
2025-12-16 05:00:00+00:00,93.76,94.07,93.75,94.05,7456521
2025-12-17 05:00:00+00:00,93.94,94.08,93.92,94.04,5673211
2025-12-18 05:00:00+00:00,94.28,94.34,94.15,94.28,7357582
2025-12-19 05:00:00+00:00,94.12,94.21,94.03,94.07,5806622
2025-12-22 05:00:00+00:00,93.99,94.01,93.91,93.97,4672875
2025-12-23 05:00:00+00:00,93.76,93.96,93.71,93.93,5094032
2025-12-24 05:00:00+00:00,94.05,94.19,94.0,94.17,3967720
2025-12-26 05:00:00+00:00,94.31,94.33,94.15,94.26,3491560
2025-12-29 05:00:00+00:00,94.37,94.42,94.27,94.4,5034750
2025-12-30 05:00:00+00:00,94.26,94.38,94.22,94.3,4108645
2025-12-31 05:00:00+00:00,94.16,94.29,93.98,93.99,6802186
2026-01-02 05:00:00+00:00,94.11,94.12,93.9,93.91,6611758
2026-01-05 05:00:00+00:00,94.05,94.2,94.0,94.19,8692833
2026-01-06 05:00:00+00:00,94.08,94.14,93.93,94.12,12834157
2026-01-07 05:00:00+00:00,94.34,94.37,94.17,94.3,7990996
2026-01-08 05:00:00+00:00,94.05,94.13,94.01,94.02,6931841
2026-01-09 05:00:00+00:00,93.99,94.2,93.9,94.12,10277468
2026-01-12 05:00:00+00:00,93.97,94.12,93.95,94.01,6360965
2026-01-13 05:00:00+00:00,94.16,94.19,94.03,94.12,7622552
2026-01-14 05:00:00+00:00,94.2,94.41,94.19,94.32,7331256
2026-01-15 05:00:00+00:00,94.33,94.34,94.11,94.12,6172797
2026-01-16 05:00:00+00:00,94.06,94.08,93.74,93.76,11979391
2026-01-20 05:00:00+00:00,93.44,93.56,93.37,93.39,13607731
2026-01-21 05:00:00+00:00,93.49,93.68,93.41,93.64,11969124
2026-01-22 05:00:00+00:00,93.53,93.69,93.48,93.63,10209497
2026-01-23 05:00:00+00:00,93.67,93.8,93.59,93.78,8147517
2026-01-26 05:00:00+00:00,93.93,93.98,93.88,93.92,6803869
2026-01-27 05:00:00+00:00,93.86,93.98,93.78,93.81,9857199
2026-01-28 05:00:00+00:00,93.75,93.78,93.56,93.73,17032404
2026-01-29 05:00:00+00:00,93.63,93.92,93.62,93.83,11049404
2026-01-30 05:00:00+00:00,93.82,93.89,93.74,93.77,8238456
2026-02-02 05:00:00+00:00,93.81,93.84,93.58,93.59,8987366
2026-02-03 05:00:00+00:00,93.53,93.72,93.52,93.68,7314131
2026-02-04 05:00:00+00:00,93.6,93.75,93.56,93.66,7268703
2026-02-05 05:00:00+00:00,93.94,94.24,93.85,94.21,12086792
2026-02-06 05:00:00+00:00,94.25,94.27,94.06,94.21,7759939
2026-02-09 05:00:00+00:00,94.15,94.27,94.07,94.23,8165177
2026-02-10 05:00:00+00:00,94.56,94.68,94.54,94.64,9752387
2026-02-11 05:00:00+00:00,94.31,94.58,94.29,94.37,9106648
2026-02-12 05:00:00+00:00,94.53,94.97,94.52,94.95,13099865
2026-02-13 05:00:00+00:00,95.24,95.37,95.21,95.32,11681536
2026-02-17 05:00:00+00:00,95.36,95.42,95.27,95.31,8623799
2026-02-18 05:00:00+00:00,95.14,95.21,95.09,95.12,7779172
2026-02-19 05:00:00+00:00,95.08,95.26,95.06,95.21,4993144
2026-02-20 05:00:00+00:00,95.25,95.26,95.01,95.21,11200201
2026-02-23 05:00:00+00:00,95.29,95.64,95.29,95.55,9863710
2026-02-24 05:00:00+00:00,95.55,95.58,95.44,95.53,9494295
2026-02-25 05:00:00+00:00,95.38,95.53,95.38,95.45,8763461
2026-02-26 05:00:00+00:00,95.53,95.71,95.53,95.71,8178125
2026-02-27 05:00:00+00:00,95.98,96.14,95.93,96.09,9971004
2026-03-02 05:00:00+00:00,95.77,95.78,95.34,95.51,17710591
2026-03-03 05:00:00+00:00,95.06,95.54,95.04,95.4,13709353
2026-03-04 05:00:00+00:00,95.36,95.38,95.19,95.21,12536498
2026-03-05 05:00:00+00:00,94.85,94.98,94.79,94.91,12600449
2026-03-06 05:00:00+00:00,94.63,95.13,94.57,94.85,12758991
2026-03-09 04:00:00+00:00,94.76,95.2,94.66,95.15,12135370
2026-03-10 04:00:00+00:00,95.09,95.17,94.82,94.84,10572357
2026-03-11 04:00:00+00:00,94.66,94.71,94.39,94.41,12199129
2026-03-12 04:00:00+00:00,94.26,94.39,94.0,94.11,11402594
2026-03-13 04:00:00+00:00,94.25,94.34,93.96,94.01,11840685
2026-03-16 04:00:00+00:00,94.39,94.47,94.28,94.43,9092975
2026-03-17 04:00:00+00:00,94.58,94.69,94.54,94.6,7210491
2026-03-18 04:00:00+00:00,94.46,94.52,94.14,94.16,13049736
2026-03-19 04:00:00+00:00,93.91,94.29,93.9,94.15,18465918
2026-03-20 04:00:00+00:00,93.73,93.76,93.27,93.31,20762821
2026-03-23 04:00:00+00:00,93.43,93.85,93.31,93.6,28337204
2026-03-24 04:00:00+00:00,93.22,93.51,93.05,93.29,19786444
2026-03-25 04:00:00+00:00,93.71,93.82,93.56,93.78,15939876
2026-03-26 04:00:00+00:00,93.44,93.55,93.02,93.02,12898038
2026-03-27 04:00:00+00:00,92.81,93.21,92.79,93.03,11403197
2026-03-30 04:00:00+00:00,93.62,93.81,93.55,93.69,15430848
2026-03-31 04:00:00+00:00,93.95,94.09,93.77,93.86,18650501
2026-04-01 04:00:00+00:00,93.82,94.02,93.75,93.78,13558441
2026-04-02 04:00:00+00:00,93.76,94.12,93.75,93.99,13172462
2026-04-06 04:00:00+00:00,93.74,93.91,93.65,93.75,6105760
2026-04-07 04:00:00+00:00,93.81,94.02,93.5,93.99,6738161
2026-04-08 04:00:00+00:00,94.45,94.46,94.1,94.19,12108366
2026-04-09 04:00:00+00:00,94.1,94.38,93.96,94.16,11066723
2026-04-10 04:00:00+00:00,94.16,94.19,93.99,94.0,4405477
2026-04-13 04:00:00+00:00,94.0,94.22,93.91,94.21,4301133
2026-04-14 04:00:00+00:00,94.17,94.53,94.14,94.52,5240616
2026-04-15 04:00:00+00:00,94.42,94.43,94.23,94.31,5593935
2026-04-16 04:00:00+00:00,94.4,94.42,94.11,94.14,6619818
2026-04-17 04:00:00+00:00,94.61,94.77,94.56,94.66,6914052
2026-04-20 04:00:00+00:00,94.64,94.65,94.44,94.57,3869585
2026-04-21 04:00:00+00:00,94.42,94.48,94.14,94.15,4873707
2026-04-22 04:00:00+00:00,94.41,94.44,94.23,94.25,4122161
2026-04-23 04:00:00+00:00,94.29,94.36,93.92,94.1,6796228
2026-04-24 04:00:00+00:00,94.02,94.32,93.95,94.29,5490709
2026-04-27 04:00:00+00:00,94.15,94.26,94.01,94.07,4056335
2026-04-28 04:00:00+00:00,93.93,94.0,93.85,93.99,4868431
2026-04-29 04:00:00+00:00,93.76,93.77,93.44,93.54,7201280
2026-04-30 04:00:00+00:00,93.78,93.83,93.61,93.72,10383198
2026-05-01 04:00:00+00:00,93.74,94.09,93.67,93.79,5360139
2026-05-04 04:00:00+00:00,93.64,93.65,93.28,93.44,6595233
2026-05-05 04:00:00+00:00,93.55,93.69,93.52,93.58,11282762
2026-05-06 04:00:00+00:00,93.98,94.08,93.91,94.05,9032000
2026-05-07 04:00:00+00:00,94.23,94.23,93.74,93.76,5611233
2026-05-08 04:00:00+00:00,94.09,94.14,93.97,94.01,3215794
2026-05-11 04:00:00+00:00,93.91,93.93,93.69,93.69,4026462
2026-05-12 04:00:00+00:00,93.47,93.48,93.35,93.37,5687535
2026-05-13 04:00:00+00:00,93.35,93.43,93.17,93.37,3459925
2026-05-14 04:00:00+00:00,93.59,93.61,93.3,93.32,5168000
2026-05-15 04:00:00+00:00,92.78,92.81,92.55,92.57,12499565
2026-05-18 04:00:00+00:00,92.68,92.81,92.41,92.53,8423832
2026-05-19 04:00:00+00:00,92.2,92.34,92.01,92.18,10070764
2026-05-20 04:00:00+00:00,92.24,92.86,92.22,92.8,14893690
2026-05-21 04:00:00+00:00,92.53,92.89,92.37,92.86,7764555
2026-05-22 04:00:00+00:00,93.02,93.05,92.69,92.94,6323374
2026-05-26 04:00:00+00:00,93.39,93.4,93.19,93.34,5495649
2026-05-27 04:00:00+00:00,93.4,93.53,93.35,93.37,5959907
2026-05-28 04:00:00+00:00,93.4,93.72,93.34,93.59,5939169
2026-05-29 04:00:00+00:00,93.69,93.79,93.58,93.7,9640560
2026-06-01 04:00:00+00:00,93.28,93.57,93.18,93.54,8055054
2026-06-02 04:00:00+00:00,93.7,93.7,93.53,93.61,15427230
2026-06-03 04:00:00+00:00,93.36,93.47,93.28,93.37,7057279
2026-06-04 04:00:00+00:00,93.57,93.65,93.46,93.49,4418646
2026-06-05 04:00:00+00:00,93.08,93.16,92.96,92.99,9881875
2026-06-08 04:00:00+00:00,93.17,93.23,92.89,92.89,5353101
2026-06-09 04:00:00+00:00,93.08,93.22,92.98,93.15,7946616
2026-06-10 04:00:00+00:00,93.19,93.27,92.97,93.06,5805975
2026-06-11 04:00:00+00:00,93.18,93.75,93.12,93.71,11282525
2026-06-12 04:00:00+00:00,93.53,93.64,93.39,93.55,8864473
2026-06-15 04:00:00+00:00,93.75,93.84,93.63,93.65,4983096
2026-06-16 04:00:00+00:00,93.74,93.99,93.72,93.89,4675830
2026-06-17 04:00:00+00:00,93.9,93.95,93.38,93.39,11508910
2026-06-18 04:00:00+00:00,93.8,93.97,93.7,93.73,6841506
2026-06-22 04:00:00+00:00,93.48,93.5,93.34,93.37,4573429
2026-06-23 04:00:00+00:00,93.53,93.62,93.46,93.49,6505442
2026-06-24 04:00:00+00:00,93.93,94.15,93.92,94.1,5181364
2026-06-25 04:00:00+00:00,94.22,94.38,94.15,94.16,5631311
2026-06-26 04:00:00+00:00,94.2,94.44,94.2,94.39,5584930
2026-06-29 04:00:00+00:00,94.34,94.43,94.29,94.42,5902858
2026-06-30 04:00:00+00:00,94.24,94.26,93.91,93.94,8034708
2026-07-01 04:00:00+00:00,93.72,93.88,93.67,93.71,7891228
2026-07-02 04:00:00+00:00,93.77,93.94,93.71,93.8,7607968
2026-07-06 04:00:00+00:00,93.82,93.87,93.71,93.86,4601702
2026-07-07 04:00:00+00:00,93.68,93.7,93.36,93.38,5814412
2026-07-08 04:00:00+00:00,93.21,93.27,93.04,93.19,5510492
2026-07-09 04:00:00+00:00,93.27,93.53,93.27,93.39,3223798
2026-07-10 04:00:00+00:00,93.42,93.46,93.27,93.31,6508438
2026-07-13 04:00:00+00:00,93.18,93.2,92.94,92.97,5770572
2026-07-14 04:00:00+00:00,93.28,93.46,93.14,93.23,5316690
2026-07-15 04:00:00+00:00,93.32,93.55,93.32,93.46,6736370
2026-07-16 04:00:00+00:00,93.26,93.43,93.22,93.4,4841853
2026-07-17 04:00:00+00:00,93.64,93.77,93.5,93.52,7562011
2026-07-20 04:00:00+00:00,93.42,93.44,93.12,93.22,3785540
2026-07-21 04:00:00+00:00,93.08,93.1,92.94,92.99,2786894
2026-07-22 04:00:00+00:00,92.96,92.97,92.76,92.78,3429115
2026-07-23 04:00:00+00:00,92.48,92.58,92.44,92.53,5003075
2026-07-24 04:00:00+00:00,92.67,92.9,92.62,92.71,5093638
2026-07-27 04:00:00+00:00,92.89,93.03,92.82,92.96,4047494
2026-07-28 04:00:00+00:00,93.05,93.34,93.05,93.24,3323675
2026-07-29 04:00:00+00:00,93.09,93.21,92.84,92.85,5393025
2026-07-30 04:00:00+00:00,92.92,93.0,92.8,92.89,3975143
2026-07-31 04:00:00+00:00,92.66,92.66,92.41,92.63,8489377
2026-08-03 04:00:00+00:00,92.8,92.87,92.69,92.82,5759350
