timestamp,open,high,low,close,volume
2017-02-01 05:00:00+00:00,104.56,104.85,104.385,104.69,2093441
2017-02-02 05:00:00+00:00,105.03,105.1,104.72,104.73,1436703
2017-02-03 05:00:00+00:00,105.0,105.22,104.62,104.81,1727254
2017-02-06 05:00:00+00:00,105.24,105.4062,104.9961,105.3,1551409
2017-02-07 05:00:00+00:00,105.25,105.69,105.18,105.5,1562700
2017-02-08 05:00:00+00:00,105.74,106.0,105.66,105.93,3201279
2017-02-09 05:00:00+00:00,105.71,105.73,105.28,105.3,1558155
2017-02-10 05:00:00+00:00,105.07,105.31,105.07,105.23,1652745
2017-02-13 05:00:00+00:00,105.0,105.08,104.88,105.07,1068595
2017-02-14 05:00:00+00:00,105.02,105.1,104.4615,104.69,2345426
2017-02-15 05:00:00+00:00,104.33,104.56,104.32,104.49,2778000
2017-02-16 05:00:00+00:00,104.6,105.01,104.6,104.91,2511358
2017-02-17 05:00:00+00:00,105.2,105.315,105.12,105.19,2291593
2017-02-21 05:00:00+00:00,104.94,105.2799,104.92,105.14,2928879
2017-02-22 05:00:00+00:00,105.36,105.42,104.96,105.31,3006750
2017-02-23 05:00:00+00:00,105.5,105.59,105.4334,105.59,2057564
2017-02-24 05:00:00+00:00,105.94,106.16,105.82,106.08,2696804
2017-02-27 05:00:00+00:00,105.99,106.0,105.64,105.7,3351267
2017-02-28 05:00:00+00:00,105.75,105.91,105.63,105.66,2832529
2017-03-01 05:00:00+00:00,104.71,104.795,104.65,104.77,2292398
2017-03-02 05:00:00+00:00,104.56,104.6,104.3316,104.47,2122054
2017-03-03 05:00:00+00:00,104.5,104.58,104.26,104.57,2520232
2017-03-06 05:00:00+00:00,104.59,104.6,104.4349,104.55,1419475
2017-03-07 05:00:00+00:00,104.43,104.48,104.3533,104.4,1608708
2017-03-08 05:00:00+00:00,103.92,104.15,103.9,104.05,2486168
2017-03-09 05:00:00+00:00,103.94,103.975,103.7,103.76,2386613
2017-03-10 05:00:00+00:00,103.98,104.01,103.7537,103.98,1358187
2017-03-13 04:00:00+00:00,103.81,103.92,103.692,103.72,1372426
2017-03-14 04:00:00+00:00,103.77,103.9386,103.75,103.83,901827
2017-03-15 04:00:00+00:00,103.99,104.74,103.92,104.74,3909902
2017-03-16 04:00:00+00:00,104.5,104.62,104.42,104.45,2764353
2017-03-17 04:00:00+00:00,104.58,104.82,104.56,104.73,1233002
2017-03-20 04:00:00+00:00,104.75,105.01,104.75,104.98,1362724
2017-03-21 04:00:00+00:00,104.91,105.368,104.91,105.33,1477427
2017-03-22 04:00:00+00:00,105.53,105.73,105.445,105.53,2289445
2017-03-23 04:00:00+00:00,105.59,105.64,105.239,105.42,2612044
2017-03-24 04:00:00+00:00,105.39,105.61,105.35,105.48,2547500
2017-03-27 04:00:00+00:00,105.92,105.96,105.67,105.74,2630975
2017-03-28 04:00:00+00:00,105.86,105.86,105.3735,105.38,1377715
2017-03-29 04:00:00+00:00,105.56,105.72,105.56,105.68,2104437
2017-03-30 04:00:00+00:00,105.63,105.64,105.36,105.38,1681388
2017-03-31 04:00:00+00:00,105.53,105.63,105.45,105.59,1763308
2017-04-03 04:00:00+00:00,105.56,106.0,105.53,105.95,4223646
2017-04-04 04:00:00+00:00,105.92,106.015,105.8,105.8,1444887
2017-04-05 04:00:00+00:00,105.67,106.1022,105.6201,106.0,2747168
2017-04-06 04:00:00+00:00,106.03,106.1,105.7967,105.93,1571599
2017-04-07 04:00:00+00:00,106.19,106.315,105.61,105.61,1230800
2017-04-10 04:00:00+00:00,105.75,105.9184,105.7,105.8,1760793
2017-04-11 04:00:00+00:00,106.05,106.395,106.03,106.29,2235438
2017-04-12 04:00:00+00:00,106.37,106.68,106.29,106.62,2291656
2017-04-13 04:00:00+00:00,106.8,107.01,106.61,106.94,1876517
2017-04-17 04:00:00+00:00,106.95,107.04,106.675,106.77,1236969
2017-04-18 04:00:00+00:00,107.06,107.47,107.0,107.4,1727288
2017-04-19 04:00:00+00:00,107.12,107.17,106.985,107.1,1785444
2017-04-20 04:00:00+00:00,106.93,107.01,106.72,106.86,1770751
2017-04-21 04:00:00+00:00,106.96,107.12,106.8757,106.91,2846080
2017-04-24 04:00:00+00:00,106.43,106.69,106.37,106.69,3675096
2017-04-25 04:00:00+00:00,106.35,106.465,106.09,106.14,2338862
2017-04-26 04:00:00+00:00,106.14,106.42,106.12,106.4,1368293
2017-04-27 04:00:00+00:00,106.38,106.62,106.33,106.49,2048026
2017-04-28 04:00:00+00:00,106.32,106.65,106.27,106.59,5653983
2017-05-01 04:00:00+00:00,106.32,106.4874,106.05,106.19,2121329
2017-05-02 04:00:00+00:00,106.16,106.4885,106.14,106.43,1635125
2017-05-03 04:00:00+00:00,106.45,106.49,106.145,106.21,1891077
2017-05-04 04:00:00+00:00,105.85,105.99,105.82,105.97,1275621
2017-05-05 04:00:00+00:00,105.98,106.02,105.8,105.99,1056230
2017-05-08 04:00:00+00:00,105.89,105.89,105.67,105.73,6178707
2017-05-09 04:00:00+00:00,105.59,105.66,105.4701,105.61,1482404
2017-05-10 04:00:00+00:00,105.84,105.859,105.5,105.57,1014194
2017-05-11 04:00:00+00:00,105.41,105.7,105.41,105.65,1159316
2017-05-12 04:00:00+00:00,106.06,106.2776,106.06,106.19,2068606
2017-05-15 04:00:00+00:00,106.14,106.17,106.05,106.12,717011
2017-05-16 04:00:00+00:00,106.11,106.41,106.11,106.26,1376246
2017-05-17 04:00:00+00:00,106.8,107.17,106.73,107.11,6152767
2017-05-18 04:00:00+00:00,107.2,107.25,106.97,107.08,1767101
2017-05-19 04:00:00+00:00,106.97,107.065,106.8,107.05,3831402
2017-05-22 04:00:00+00:00,106.93,107.01,106.88,106.93,1471444
2017-05-23 04:00:00+00:00,107.05,107.05,106.6,106.65,3931188
2017-05-24 04:00:00+00:00,106.65,106.925,106.55,106.87,2056184
2017-05-25 04:00:00+00:00,106.93,106.98,106.8,106.93,1397936
2017-05-26 04:00:00+00:00,107.03,107.0789,106.9433,107.0,1030809
2017-05-30 04:00:00+00:00,107.18,107.27,107.095,107.27,2677428
2017-05-31 04:00:00+00:00,107.22,107.4,107.16,107.32,1849517
2017-06-01 04:00:00+00:00,106.94,107.12,106.901,107.1,1858020
2017-06-02 04:00:00+00:00,107.5,107.69,107.41,107.57,2086554
2017-06-05 04:00:00+00:00,107.4,107.49,107.37,107.39,1841948
2017-06-06 04:00:00+00:00,107.78,107.83,107.66,107.735,2220485
2017-06-07 04:00:00+00:00,107.62,107.71,107.43,107.53,1986958
2017-06-08 04:00:00+00:00,107.43,107.43,107.17,107.36,3921289
2017-06-09 04:00:00+00:00,107.15,107.34,107.105,107.26,1287110
2017-06-12 04:00:00+00:00,107.12,107.45,107.12,107.24,813982
2017-06-13 04:00:00+00:00,107.14,107.32,107.14,107.26,829504
2017-06-14 04:00:00+00:00,107.92,108.17,107.71,107.84,3807191
2017-06-15 04:00:00+00:00,107.69,107.72,107.565,107.65,2045187
2017-06-16 04:00:00+00:00,107.67,107.83,107.665,107.71,3553455
2017-06-19 04:00:00+00:00,107.59,107.6299,107.41,107.41,1179231
2017-06-20 04:00:00+00:00,107.5,107.7592,107.5,107.68,1366105
2017-06-21 04:00:00+00:00,107.58,107.75,107.535,107.67,1215143
2017-06-22 04:00:00+00:00,107.83,107.86,107.64,107.77,1181750
2017-06-23 04:00:00+00:00,107.72,107.8407,107.67,107.8,1615289
2017-06-26 04:00:00+00:00,107.9,108.01,107.88,107.89,4081917
2017-06-27 04:00:00+00:00,107.52,107.545,107.255,107.36,1889157
2017-06-28 04:00:00+00:00,107.31,107.31,107.09,107.26,1583153
2017-06-29 04:00:00+00:00,106.7,106.97,106.635,106.86,2153558
2017-06-30 04:00:00+00:00,106.84,106.84,106.535,106.61,2179548
2017-07-03 04:00:00+00:00,106.45,106.46,106.01,106.06,1343265
2017-07-05 04:00:00+00:00,106.03,106.26,105.98,106.14,10700559
2017-07-06 04:00:00+00:00,105.94,105.97,105.7338,105.94,1872225
2017-07-07 04:00:00+00:00,105.81,105.89,105.72,105.785,1862649
2017-07-10 04:00:00+00:00,105.84,106.01,105.83,105.91,1386869
2017-07-11 04:00:00+00:00,105.87,106.08,105.835,106.05,1190662
2017-07-12 04:00:00+00:00,106.45,106.51,106.32,106.36,2724219
2017-07-13 04:00:00+00:00,106.35,106.35,106.05,106.25,2319171
2017-07-14 04:00:00+00:00,106.7,106.74,106.38,106.4,1510427
2017-07-17 04:00:00+00:00,106.46,106.6143,106.4,106.53,1408269
2017-07-18 04:00:00+00:00,106.87,106.97,106.78,106.92,2034921
2017-07-19 04:00:00+00:00,106.93,107.01,106.85,106.92,2565764
2017-07-20 04:00:00+00:00,107.1,107.1568,106.91,106.95,2337871
2017-07-21 04:00:00+00:00,107.15,107.27,107.12,107.14,1953469
2017-07-24 04:00:00+00:00,107.08,107.149,106.99,107.07,2817888
2017-07-25 04:00:00+00:00,106.7,106.7,106.44,106.47,2608662
2017-07-26 04:00:00+00:00,106.47,106.92,106.4147,106.81,3675245
2017-07-27 04:00:00+00:00,106.6,106.73,106.52,106.64,1876230
2017-07-28 04:00:00+00:00,106.63,106.85,106.5973,106.82,1084786
2017-07-31 04:00:00+00:00,106.76,106.86,106.69,106.85,1133424
2017-08-01 04:00:00+00:00,106.52,106.99,106.4674,106.95,1985451
2017-08-02 04:00:00+00:00,106.9,107.0499,106.84,106.85,544588
2017-08-03 04:00:00+00:00,107.07,107.2477,106.98,107.22,1623668
2017-08-04 04:00:00+00:00,106.97,106.97,106.7,106.93,1317651
2017-08-07 04:00:00+00:00,106.88,107.0013,106.82,106.99,595706
2017-08-08 04:00:00+00:00,106.95,106.96,106.73,106.9,1303223
2017-08-09 04:00:00+00:00,107.29,107.3169,107.03,107.03,1405800
2017-08-10 04:00:00+00:00,107.24,107.465,107.22,107.43,1503299
2017-08-11 04:00:00+00:00,107.37,107.62,107.32,107.55,959099
2017-08-14 04:00:00+00:00,107.34,107.45,107.25,107.29,1482145
2017-08-15 04:00:00+00:00,106.86,107.06,106.83,106.97,1202206
2017-08-16 04:00:00+00:00,106.87,107.33,106.85,107.17,2222118
2017-08-17 04:00:00+00:00,107.21,107.585,107.17,107.55,1682728
2017-08-18 04:00:00+00:00,107.74,107.81,107.41,107.57,1286001
2017-08-21 04:00:00+00:00,107.6,107.71,107.56,107.64,731167
2017-08-22 04:00:00+00:00,107.54,107.54,107.37,107.43,1062620
2017-08-23 04:00:00+00:00,107.66,107.8,107.57,107.8,1304230
2017-08-24 04:00:00+00:00,107.63,107.75,107.5742,107.63,2656975
2017-08-25 04:00:00+00:00,107.64,107.8699,107.57,107.81,1133369
2017-08-28 04:00:00+00:00,107.76,107.92,107.7211,107.91,1026636
2017-08-29 04:00:00+00:00,108.41,108.43,108.04,108.16,1666961
2017-08-30 04:00:00+00:00,107.99,108.13,107.99,108.07,1320991
2017-08-31 04:00:00+00:00,108.08,108.25,108.07,108.24,1066746
2017-09-01 04:00:00+00:00,107.96,107.99,107.7,107.76,3806095
2017-09-05 04:00:00+00:00,108.16,108.52,108.13,108.51,3471857
2017-09-06 04:00:00+00:00,108.48,108.55,108.13,108.25,1740574
2017-09-07 04:00:00+00:00,108.35,108.805,108.35,108.72,4572298
2017-09-08 04:00:00+00:00,108.68,108.68,108.5,108.64,1379163
2017-09-11 04:00:00+00:00,108.2,108.24,108.02,108.02,2384553
2017-09-12 04:00:00+00:00,107.85,107.85,107.66,107.76,3826265
2017-09-13 04:00:00+00:00,107.78,107.78,107.52,107.54,1756781
2017-09-14 04:00:00+00:00,107.43,107.58,107.4,107.56,1479281
2017-09-15 04:00:00+00:00,107.57,107.69,107.38,107.69,1666297
2017-09-18 04:00:00+00:00,107.26,107.3598,107.17,107.27,3581733
2017-09-19 04:00:00+00:00,107.3,107.35,107.1163,107.15,700013
2017-09-20 04:00:00+00:00,107.25,107.265,106.77,106.94,2478091
2017-09-21 04:00:00+00:00,106.99,107.13,106.8,106.8,3361759
2017-09-22 04:00:00+00:00,107.14,107.16,106.96,106.99,892253
2017-09-25 04:00:00+00:00,107.11,107.39,107.0,107.31,2096591
2017-09-26 04:00:00+00:00,107.21,107.28,107.12,107.22,1227139
2017-09-27 04:00:00+00:00,106.69,106.83,106.64,106.67,4189935
2017-09-28 04:00:00+00:00,106.54,106.73,106.479,106.65,1934802
2017-09-29 04:00:00+00:00,106.76,106.7666,106.46,106.52,2169693
2017-10-02 04:00:00+00:00,106.42,106.465,106.24,106.24,3575405
2017-10-03 04:00:00+00:00,106.27,106.425,106.24,106.39,2910448
2017-10-04 04:00:00+00:00,106.49,106.49,106.26,106.36,2435187
2017-10-05 04:00:00+00:00,106.4,106.46,106.1901,106.25,2193724
2017-10-06 04:00:00+00:00,105.97,106.2434,105.85,106.12,2902368
2017-10-09 04:00:00+00:00,106.21,106.28,106.14,106.24,953030
2017-10-10 04:00:00+00:00,106.3,106.53,106.25,106.28,1186073
2017-10-11 04:00:00+00:00,106.43,106.44,106.28,106.4,3185643
2017-10-12 04:00:00+00:00,106.47,106.54,106.36,106.5,1472173
2017-10-13 04:00:00+00:00,106.82,106.92,106.69,106.86,1578757
2017-10-16 04:00:00+00:00,106.67,106.79,106.57,106.68,1698228
2017-10-17 04:00:00+00:00,106.52,106.675,106.5,106.64,702100
2017-10-18 04:00:00+00:00,106.31,106.4062,106.265,106.37,1832712
2017-10-19 04:00:00+00:00,106.66,106.7,106.41,106.48,1580930
2017-10-20 04:00:00+00:00,106.14,106.21,105.995,106.04,2743971
2017-10-23 04:00:00+00:00,106.09,106.2099,106.085,106.14,758036
2017-10-24 04:00:00+00:00,105.88,105.96,105.76,105.82,1642997
2017-10-25 04:00:00+00:00,105.47,105.74,105.47,105.65,1879203
2017-10-26 04:00:00+00:00,105.75,105.77,105.5,105.51,2099362
2017-10-27 04:00:00+00:00,105.62,105.8552,105.54,105.85,1362992
2017-10-30 04:00:00+00:00,106.09,106.24,106.03,106.23,1746919
2017-10-31 04:00:00+00:00,106.24,106.245,106.14,106.16,1229107
2017-11-01 04:00:00+00:00,105.92,106.22,105.915,106.06,1356578
2017-11-02 04:00:00+00:00,106.18,106.35,106.12,106.2,2152363
2017-11-03 04:00:00+00:00,106.34,106.4,106.15,106.37,2575527
2017-11-06 05:00:00+00:00,106.47,106.555,106.4,106.5,901765
2017-11-07 05:00:00+00:00,106.52,106.62,106.46,106.54,770630
2017-11-08 05:00:00+00:00,106.59,106.63,106.38,106.41,1000667
2017-11-09 05:00:00+00:00,106.27,106.4644,106.23,106.37,1016755
2017-11-10 05:00:00+00:00,106.0,106.0307,105.79,105.83,1968373
2017-11-13 05:00:00+00:00,105.91,105.96,105.77,105.78,968733
2017-11-14 05:00:00+00:00,105.81,106.0,105.79,105.93,1664107
2017-11-15 05:00:00+00:00,106.28,106.35,106.085,106.31,2010930
2017-11-16 05:00:00+00:00,106.14,106.2,106.02,106.04,1783805
2017-11-17 05:00:00+00:00,106.23,106.28,106.1,106.18,971299
2017-11-20 05:00:00+00:00,106.05,106.15,105.95,106.01,1238203
2017-11-21 05:00:00+00:00,106.18,106.23,105.945,106.03,897214
2017-11-22 05:00:00+00:00,106.14,106.42,106.1,106.37,1717756
2017-11-24 05:00:00+00:00,106.27,106.34,106.235,106.28,729295
2017-11-27 05:00:00+00:00,106.33,106.4236,106.19,106.35,2390403
2017-11-28 05:00:00+00:00,106.51,106.545,106.28,106.37,1440060
2017-11-29 05:00:00+00:00,106.02,106.08,105.88,106.03,3280237
2017-11-30 05:00:00+00:00,105.96,106.0064,105.59,105.7,3381635
2017-12-01 05:00:00+00:00,105.7,106.34,105.5,105.93,4374173
2017-12-04 05:00:00+00:00,105.65,105.88,105.64,105.88,2478425
2017-12-05 05:00:00+00:00,105.71,105.99,105.69,105.96,1670424
2017-12-06 05:00:00+00:00,106.2,106.31,106.16,106.18,1527884
2017-12-07 05:00:00+00:00,106.18,106.265,105.8634,105.99,2100528
2017-12-08 05:00:00+00:00,105.97,106.02,105.825,105.91,3550387
2017-12-11 05:00:00+00:00,105.97,106.0188,105.81,105.84,778272
2017-12-12 05:00:00+00:00,105.74,105.76,105.5995,105.75,2635841
2017-12-13 05:00:00+00:00,105.9,106.22,105.79,106.18,1522597
2017-12-14 05:00:00+00:00,105.99,106.2253,105.86,106.14,1027641
2017-12-15 05:00:00+00:00,105.98,106.165,105.92,106.12,1921383
2017-12-18 05:00:00+00:00,106.03,106.06,105.84,105.88,1731121
2017-12-19 05:00:00+00:00,105.62,105.63,105.2532,105.4,4904748
2017-12-20 05:00:00+00:00,105.1,105.285,105.04,105.09,3635615
2017-12-21 05:00:00+00:00,104.94,105.01,104.87,105.0,3136004
2017-12-22 05:00:00+00:00,104.99,105.04,104.945,105.04,718759
2017-12-26 05:00:00+00:00,105.05,105.2,105.03,105.08,3986603
2017-12-27 05:00:00+00:00,105.23,105.57,105.23,105.53,2442141
2017-12-28 05:00:00+00:00,105.43,105.48,105.34,105.4,1641462
2017-12-29 05:00:00+00:00,105.47,105.64,105.455,105.57,1901147
2018-01-02 05:00:00+00:00,105.44,105.47,105.09,105.22,4349151
2018-01-03 05:00:00+00:00,105.35,105.4099,105.215,105.33,2489087
2018-01-04 05:00:00+00:00,105.1,105.29,105.02,105.28,2872259
2018-01-05 05:00:00+00:00,105.28,105.315,105.06,105.15,2200811
2018-01-08 05:00:00+00:00,105.2,105.22,105.0106,105.1,3028390
2018-01-09 05:00:00+00:00,104.92,104.92,104.58,104.6,6214881
2018-01-10 05:00:00+00:00,104.29,104.62,104.233,104.57,2187304
2018-01-11 05:00:00+00:00,104.52,104.73,104.42,104.64,1851510
2018-01-12 05:00:00+00:00,104.42,104.61,104.4,104.57,1516503
2018-01-16 05:00:00+00:00,104.74,104.76,104.48,104.62,6002425
2018-01-17 05:00:00+00:00,104.46,104.6268,104.315,104.39,2275210
2018-01-18 05:00:00+00:00,104.11,104.21,103.98,104.06,3492634
2018-01-19 05:00:00+00:00,104.0,104.0,103.73,103.79,3022810
2018-01-22 05:00:00+00:00,103.87,103.95,103.67,103.75,10196723
2018-01-23 05:00:00+00:00,103.99,104.11,103.9,104.05,1916157
2018-01-24 05:00:00+00:00,103.87,103.95,103.73,103.85,2135431
2018-01-25 05:00:00+00:00,103.74,104.09,103.62,104.08,3773382
2018-01-26 05:00:00+00:00,103.96,103.96,103.66,103.77,3471995
2018-01-29 05:00:00+00:00,103.5,103.55,103.312,103.51,2385589
2018-01-30 05:00:00+00:00,103.42,103.48,103.2201,103.27,2412332
2018-01-31 05:00:00+00:00,103.44,103.49,103.0237,103.3,3121051
2018-02-01 05:00:00+00:00,103.1,103.1,102.57,102.6,9315463
2018-02-02 05:00:00+00:00,102.29,102.37,102.11,102.22,6078084
2018-02-05 05:00:00+00:00,102.25,103.31,102.0867,103.06,7406448
2018-02-06 05:00:00+00:00,102.95,103.04,102.61,102.61,5518157
2018-02-07 05:00:00+00:00,102.75,102.77,102.1934,102.31,5073982
2018-02-08 05:00:00+00:00,102.03,102.53,101.885,102.4,5787590
2018-02-09 05:00:00+00:00,102.11,102.81,102.11,102.22,4626534
2018-02-12 05:00:00+00:00,102.22,102.36,102.08,102.19,2980783
2018-02-13 05:00:00+00:00,102.27,102.39,102.18,102.36,2746855
2018-02-14 05:00:00+00:00,102.06,102.06,101.63,101.74,4483503
2018-02-15 05:00:00+00:00,101.76,101.96,101.735,101.77,3131699
2018-02-16 05:00:00+00:00,102.09,102.18,101.96,102.01,2368380
2018-02-20 05:00:00+00:00,101.81,101.96,101.72,101.9,2254797
2018-02-21 05:00:00+00:00,102.0,102.0,101.465,101.6,2332233
2018-02-22 05:00:00+00:00,101.76,101.87,101.7001,101.74,5487934
2018-02-23 05:00:00+00:00,102.01,102.21,101.98,102.13,4662756
2018-02-26 05:00:00+00:00,102.36,102.45,102.2034,102.25,2877319
2018-02-27 05:00:00+00:00,102.29,102.3293,101.74,101.93,3492123
2018-02-28 05:00:00+00:00,102.05,102.19,101.965,102.17,2819656
2018-03-01 05:00:00+00:00,102.16,102.605,102.03,102.45,5575961
2018-03-02 05:00:00+00:00,102.32,102.325,102.0139,102.07,2340806
2018-03-05 05:00:00+00:00,102.35,102.35,101.82,101.94,2098023
2018-03-06 05:00:00+00:00,101.97,102.15,101.92,101.93,2483100
2018-03-07 05:00:00+00:00,102.16,102.22,101.92,101.93,1378395
2018-03-08 05:00:00+00:00,102.07,102.239,102.02,102.14,2025992
2018-03-09 05:00:00+00:00,101.89,102.0,101.7734,101.92,1680211
2018-03-12 04:00:00+00:00,102.0,102.17,101.94,102.16,2127747
2018-03-13 04:00:00+00:00,102.32,102.38,102.13,102.33,1836117
2018-03-14 04:00:00+00:00,102.27,102.66,102.25,102.53,3724997
2018-03-15 04:00:00+00:00,102.51,102.62,102.39,102.49,2865468
2018-03-16 04:00:00+00:00,102.36,102.39,102.24,102.37,3857207
2018-03-19 04:00:00+00:00,102.15,102.46,102.14,102.27,2990373
2018-03-20 04:00:00+00:00,102.09,102.1632,102.035,102.07,2735078
2018-03-21 04:00:00+00:00,101.94,102.22,101.68,102.14,3546365
2018-03-22 04:00:00+00:00,102.52,102.77,102.39,102.56,5764922
2018-03-23 04:00:00+00:00,102.46,102.75,102.46,102.7,2632167
2018-03-26 04:00:00+00:00,102.52,102.65,102.39,102.42,4274403
2018-03-27 04:00:00+00:00,102.53,103.0472,102.52,103.0,3670407
2018-03-28 04:00:00+00:00,103.205,103.255,102.885,102.98,2847588
2018-03-29 04:00:00+00:00,103.01,103.31,103.01,103.19,2879092
2018-04-02 04:00:00+00:00,102.94,103.34,102.89,103.12,2887091
2018-04-03 04:00:00+00:00,102.96,103.0,102.75,102.79,4601164
2018-04-04 04:00:00+00:00,103.0,103.0,102.68,102.73,2371368
2018-04-05 04:00:00+00:00,102.57,102.61,102.43,102.47,1918089
2018-04-06 04:00:00+00:00,102.8,102.96,102.66,102.92,2865114
2018-04-09 04:00:00+00:00,102.74,102.94,102.65,102.94,2259811
2018-04-10 04:00:00+00:00,102.81,102.8699,102.684,102.76,1739334
2018-04-11 04:00:00+00:00,102.96,103.0,102.76,102.86,2777484
2018-04-12 04:00:00+00:00,102.72,102.73,102.46,102.49,2282840
2018-04-13 04:00:00+00:00,102.4,102.63,102.4,102.58,3496282
2018-04-16 04:00:00+00:00,102.33,102.545,102.31,102.53,1888086
2018-04-17 04:00:00+00:00,102.48,102.66,102.435,102.59,1361201
2018-04-18 04:00:00+00:00,102.48,102.5,102.19,102.19,2556752
2018-04-19 04:00:00+00:00,101.95,102.02,101.79,101.93,4048488
2018-04-20 04:00:00+00:00,101.78,101.84,101.57,101.57,2413431
2018-04-23 04:00:00+00:00,101.48,101.53,101.34,101.47,6066037
2018-04-24 04:00:00+00:00,101.33,101.45,101.26,101.35,3289514
2018-04-25 04:00:00+00:00,101.19,101.25,101.06,101.13,3561089
2018-04-26 04:00:00+00:00,101.37,101.46,101.31,101.42,2388716
2018-04-27 04:00:00+00:00,101.51,101.65,101.5,101.59,2530751
2018-04-30 04:00:00+00:00,101.64,101.81,101.615,101.7,3741410
2018-05-01 04:00:00+00:00,101.5,101.5,101.305,101.35,2289308
2018-05-02 04:00:00+00:00,101.39,101.39,101.37,101.37,211419
2018-05-03 04:00:00+00:00,101.58,101.63,101.58,101.63,157202
2018-05-04 04:00:00+00:00,101.75,101.79,101.49,101.64,2541542
2018-05-07 04:00:00+00:00,101.63,101.66,101.535,101.59,1930550
2018-05-08 04:00:00+00:00,101.43,101.52,101.32,101.42,1770722
2018-05-09 04:00:00+00:00,101.19,101.2999,101.1601,101.19,2885380
2018-05-10 04:00:00+00:00,101.43,101.48,101.3,101.4,4288861
2018-05-11 04:00:00+00:00,101.47,101.47,101.3,101.41,3051643
2018-05-14 04:00:00+00:00,101.25,101.28,101.18,101.19,5384425
2018-05-15 04:00:00+00:00,100.8,100.8,100.49,100.63,7700171
2018-05-16 04:00:00+00:00,100.67,100.695,100.42,100.42,4964876
2018-05-17 04:00:00+00:00,100.46,100.52,100.33,100.36,1760677
2018-05-18 04:00:00+00:00,100.55,100.81,100.55,100.75,2717697
2018-05-21 04:00:00+00:00,100.7,100.83,100.64,100.82,3745092
2018-05-22 04:00:00+00:00,100.82,100.83,100.69,100.78,2028084
2018-05-23 04:00:00+00:00,101.09,101.3,101.07,101.24,5800978
2018-05-24 04:00:00+00:00,101.47,101.64,101.425,101.5,3204699
2018-05-25 04:00:00+00:00,101.81,101.91,101.7601,101.9,3016641
2018-05-29 04:00:00+00:00,102.345,103.2,102.24,103.0,11987118
2018-05-30 04:00:00+00:00,102.57,102.72,102.375,102.56,4581888
2018-05-31 04:00:00+00:00,102.57,102.74,102.34,102.51,5563518
2018-06-01 04:00:00+00:00,101.85,102.09,101.77,101.93,8031740
2018-06-04 04:00:00+00:00,101.82,101.83,101.57,101.57,3211058
2018-06-05 04:00:00+00:00,101.84,101.97,101.72,101.83,4326437
2018-06-06 04:00:00+00:00,101.56,101.585,101.36,101.42,4089908
2018-06-07 04:00:00+00:00,101.42,102.13,101.39,101.85,4588855
2018-06-08 04:00:00+00:00,101.74,101.86,101.675,101.71,7424446
2018-06-11 04:00:00+00:00,101.53,101.64,101.5062,101.61,1925469
2018-06-12 04:00:00+00:00,101.47,101.6,101.45,101.55,1731000
2018-06-13 04:00:00+00:00,101.58,101.65,101.16,101.43,3550792
2018-06-14 04:00:00+00:00,101.62,101.76,101.54,101.75,4855156
2018-06-15 04:00:00+00:00,101.97,102.1,101.8,101.83,6698662
2018-06-18 04:00:00+00:00,101.96,101.98,101.7975,101.88,4643864
2018-06-19 04:00:00+00:00,102.18,102.275,102.085,102.145,4240203
2018-06-20 04:00:00+00:00,102.11,102.13,101.81,101.82,3083564
2018-06-21 04:00:00+00:00,101.98,102.1701,101.98,102.09,2711593
2018-06-22 04:00:00+00:00,101.96,102.16,101.95,102.11,2545833
2018-06-25 04:00:00+00:00,102.22,102.4,102.21,102.25,9834828
2018-06-26 04:00:00+00:00,102.27,102.36,102.205,102.3,3952546
2018-06-27 04:00:00+00:00,102.56,102.7266,102.48,102.69,3104698
2018-06-28 04:00:00+00:00,102.68,102.71,102.51,102.59,3730143
2018-06-29 04:00:00+00:00,102.58,102.68,102.5,102.51,2837302
2018-07-02 04:00:00+00:00,102.42,102.45,102.22,102.25,3978623
2018-07-03 04:00:00+00:00,102.29,102.51,102.28,102.51,1598886
2018-07-05 04:00:00+00:00,102.48,102.64,102.46,102.52,1835607
2018-07-06 04:00:00+00:00,102.64,102.71,102.5246,102.61,3267814
2018-07-09 04:00:00+00:00,102.37,102.44,102.325,102.35,2804018
2018-07-10 04:00:00+00:00,102.25,102.36,102.21,102.27,4901147
2018-07-11 04:00:00+00:00,102.46,102.51,102.32,102.48,2328598
2018-07-12 04:00:00+00:00,102.35,102.48,102.33,102.44,1513377
2018-07-13 04:00:00+00:00,102.55,102.64,102.481,102.61,2958429
2018-07-16 04:00:00+00:00,102.39,102.4799,102.255,102.44,2390458
2018-07-17 04:00:00+00:00,102.5,102.5,102.35,102.38,1097808
2018-07-18 04:00:00+00:00,102.43,102.45,102.27,102.3,1430582
2018-07-19 04:00:00+00:00,102.37,102.665,102.35,102.58,4326788
2018-07-20 04:00:00+00:00,102.46,102.46,102.18,102.22,3457219
2018-07-23 04:00:00+00:00,102.1,102.11,101.7,101.72,5470321
2018-07-24 04:00:00+00:00,101.7,101.8366,101.63,101.79,3539326
2018-07-25 04:00:00+00:00,101.91,101.9799,101.66,101.72,2591597
2018-07-26 04:00:00+00:00,101.82,101.87,101.59,101.61,2654826
2018-07-27 04:00:00+00:00,101.84,101.84,101.6767,101.77,1584446
2018-07-30 04:00:00+00:00,101.57,101.7563,101.56,101.64,4167312
2018-07-31 04:00:00+00:00,101.8,101.8287,101.71,101.78,3257025
2018-08-01 04:00:00+00:00,101.26,101.41,101.19,101.34,5463824
2018-08-02 04:00:00+00:00,101.41,101.48,101.32,101.46,3468123
2018-08-03 04:00:00+00:00,101.54,101.745,101.53,101.72,2527141
2018-08-06 04:00:00+00:00,101.79,101.95,101.76,101.77,4131721
2018-08-07 04:00:00+00:00,101.71,101.71,101.5422,101.56,2240269
2018-08-08 04:00:00+00:00,101.59,101.71,101.58,101.65,3137079
2018-08-09 04:00:00+00:00,101.81,101.93,101.79,101.93,5043713
2018-08-10 04:00:00+00:00,102.2,102.5,102.17,102.37,4362040
2018-08-13 04:00:00+00:00,102.31,102.46,102.23,102.34,1814156
2018-08-14 04:00:00+00:00,102.32,102.33,102.19,102.24,2628632
2018-08-15 04:00:00+00:00,102.46,102.68,102.43,102.49,5415824
2018-08-16 04:00:00+00:00,102.51,102.52,102.28,102.46,2778827
2018-08-17 04:00:00+00:00,102.55,102.64,102.4001,102.5,3166298
2018-08-20 04:00:00+00:00,102.7,102.859,102.68,102.82,3034605
2018-08-21 04:00:00+00:00,102.73,102.73,102.61,102.68,2644493
2018-08-22 04:00:00+00:00,102.96,102.96,102.7742,102.87,2917890
2018-08-23 04:00:00+00:00,102.91,102.945,102.83,102.86,895505
2018-08-24 04:00:00+00:00,102.68,102.91,102.64,102.89,1365418
2018-08-27 04:00:00+00:00,102.75,102.775,102.64,102.66,1971468
2018-08-28 04:00:00+00:00,102.48,102.52,102.385,102.43,1614350
2018-08-29 04:00:00+00:00,102.46,102.47,102.295,102.4,1687732
2018-08-30 04:00:00+00:00,102.54,102.68,102.505,102.59,2872488
2018-08-31 04:00:00+00:00,102.82,102.83,102.6,102.61,2217393
2018-09-04 04:00:00+00:00,102.26,102.32,102.115,102.17,3648333
2018-09-05 04:00:00+00:00,102.15,102.23,102.045,102.16,1454100
2018-09-06 04:00:00+00:00,102.22,102.45,102.205,102.37,1815098
2018-09-07 04:00:00+00:00,102.01,102.035,101.87,101.91,4618427
2018-09-10 04:00:00+00:00,101.89,102.01,101.89,101.97,3252880
2018-09-11 04:00:00+00:00,101.77,101.8,101.6,101.6,3598612
2018-09-12 04:00:00+00:00,101.76,101.81,101.72,101.72,1518055
2018-09-13 04:00:00+00:00,101.86,101.86,101.69,101.71,1373682
2018-09-14 04:00:00+00:00,101.51,101.62,101.46,101.52,3887484
2018-09-17 04:00:00+00:00,101.41,101.578,101.38,101.54,4055767
2018-09-18 04:00:00+00:00,101.41,101.42,101.09,101.12,5076874
2018-09-19 04:00:00+00:00,101.06,101.07,100.8,100.945,5876560
2018-09-20 04:00:00+00:00,100.83,101.06,100.8,100.96,3124242
2018-09-21 04:00:00+00:00,100.9,101.06,100.9,101.0,1155058
2018-09-24 04:00:00+00:00,100.85,101.0101,100.84,100.89,2480255
2018-09-25 04:00:00+00:00,100.77,100.81,100.68,100.79,3113187
2018-09-26 04:00:00+00:00,100.89,101.14,100.84,101.12,2648472
2018-09-27 04:00:00+00:00,101.05,101.15,100.985,101.12,6441749
2018-09-28 04:00:00+00:00,101.29,101.295,101.13,101.17,4326446
2018-10-01 04:00:00+00:00,100.83,100.89,100.71,100.71,6873310
2018-10-02 04:00:00+00:00,100.86,101.04,100.86,100.97,3164206
2018-10-03 04:00:00+00:00,100.78,100.79,100.09,100.22,6920049
2018-10-04 04:00:00+00:00,99.98,100.13,99.88,99.96,6707295
2018-10-05 04:00:00+00:00,99.82,99.91,99.6,99.72,5808876
2018-10-08 04:00:00+00:00,99.82,99.86,99.74,99.76,2037767
2018-10-09 04:00:00+00:00,99.79,99.95,99.76,99.95,3187586
2018-10-10 04:00:00+00:00,99.71,100.025,99.665,100.0,3077986
2018-10-11 04:00:00+00:00,100.22,100.55,100.093,100.41,6203508
2018-10-12 04:00:00+00:00,100.29,100.53,100.24,100.29,2806406
2018-10-15 04:00:00+00:00,100.39,100.44,100.2601,100.35,1984205
2018-10-16 04:00:00+00:00,100.27,100.35,100.2,100.34,2899249
2018-10-17 04:00:00+00:00,100.32,100.42,100.05,100.05,3818391
2018-10-18 04:00:00+00:00,100.0,100.4,99.945,100.23,2682378
2018-10-19 04:00:00+00:00,100.22,100.24,100.03,100.11,5755712
2018-10-22 04:00:00+00:00,100.22,100.26,100.12,100.13,1731540
2018-10-23 04:00:00+00:00,100.65,100.7901,100.34,100.39,5063722
2018-10-24 04:00:00+00:00,100.66,100.96,100.6,100.93,5128738
2018-10-25 04:00:00+00:00,100.75,100.82,100.6,100.69,3776888
2018-10-26 04:00:00+00:00,101.07,101.3,101.04,101.14,4422338
2018-10-29 04:00:00+00:00,101.01,101.24,100.85,101.13,3837717
2018-10-30 04:00:00+00:00,100.94,101.06,100.865,100.91,5851715
2018-10-31 04:00:00+00:00,100.61,100.74,100.55,100.66,4148302
2018-11-01 04:00:00+00:00,100.36,100.57,100.33,100.53,5042556
2018-11-02 04:00:00+00:00,100.29,100.32,99.93,99.97,5550915
2018-11-05 05:00:00+00:00,100.16,100.1966,100.03,100.03,2795585
2018-11-06 05:00:00+00:00,100.1,100.1,99.91,99.92,2746453
2018-11-07 05:00:00+00:00,100.09,100.1698,99.905,99.92,3404345
2018-11-08 05:00:00+00:00,100.0,100.02,99.75,99.78,2268523
2018-11-09 05:00:00+00:00,99.93,100.22,99.915,100.17,3032729
2018-11-12 05:00:00+00:00,100.38,100.51,100.33,100.47,3858806
2018-11-13 05:00:00+00:00,100.42,100.575,100.345,100.55,3611035
2018-11-14 05:00:00+00:00,100.43,100.96,100.39,100.76,4770598
2018-11-15 05:00:00+00:00,101.01,101.06,100.71,100.83,2662574
2018-11-16 05:00:00+00:00,101.06,101.18,100.98,101.14,7342112
2018-11-19 05:00:00+00:00,101.06,101.32,101.06,101.29,3579287
2018-11-20 05:00:00+00:00,101.32,101.42,101.23,101.27,3799277
2018-11-21 05:00:00+00:00,101.18,101.25,101.07,101.235,1959840
2018-11-23 05:00:00+00:00,101.46,101.465,101.31,101.31,591144
2018-11-26 05:00:00+00:00,101.19,101.23,101.125,101.23,2585305
2018-11-27 05:00:00+00:00,101.2,101.4,101.185,101.33,2477349
2018-11-28 05:00:00+00:00,101.25,101.455,101.17,101.32,3684059
2018-11-29 05:00:00+00:00,101.59,101.73,101.46,101.58,4400430
2018-11-30 05:00:00+00:00,101.73,101.82,101.66,101.78,3307658
2018-12-03 05:00:00+00:00,101.44,101.79,101.405,101.79,6657305
2018-12-04 05:00:00+00:00,101.97,102.455,101.94,102.26,8580803
2018-12-06 05:00:00+00:00,102.65,102.965,102.5,102.52,10028526
2018-12-07 05:00:00+00:00,102.49,102.855,102.36,102.82,8953192
2018-12-10 05:00:00+00:00,102.84,103.037,102.7101,102.88,10801145
2018-12-11 05:00:00+00:00,102.64,102.85,102.5,102.62,6460368
2018-12-12 05:00:00+00:00,102.45,102.5,102.31,102.34,4917261
2018-12-13 05:00:00+00:00,102.46,102.4981,102.335,102.4,4199319
2018-12-14 05:00:00+00:00,102.57,102.715,102.515,102.56,3608698
2018-12-17 05:00:00+00:00,102.66,102.93,102.65,102.86,8368170
2018-12-18 05:00:00+00:00,102.75,102.95,102.68,102.9,4612104
2018-12-19 05:00:00+00:00,103.01,103.48,102.78,103.26,7839577
2018-12-20 05:00:00+00:00,103.45,103.465,103.09,103.13,9614786
2018-12-21 05:00:00+00:00,103.2,103.23,103.055,103.22,5405088
2018-12-24 05:00:00+00:00,103.38,103.49,103.2631,103.48,7200591
2018-12-26 05:00:00+00:00,103.47,103.62,102.95,102.99,5998941
2018-12-27 05:00:00+00:00,103.43,103.63,103.23,103.25,4862452
2018-12-28 05:00:00+00:00,103.42,103.82,103.385,103.81,4729370
2018-12-31 05:00:00+00:00,103.69,104.66,103.63,104.2,8318321
2019-01-02 05:00:00+00:00,104.31,104.43,104.18,104.42,20159560
2019-01-03 05:00:00+00:00,104.46,105.315,104.44,105.25,11850490
2019-01-04 05:00:00+00:00,104.55,104.5872,104.27,104.4,7098892
2019-01-07 05:00:00+00:00,104.52,104.565,104.07,104.11,6093860
2019-01-08 05:00:00+00:00,104.0,104.09,103.85,103.85,8888359
2019-01-09 05:00:00+00:00,103.84,103.99,103.77,103.91,3468534
2019-01-10 05:00:00+00:00,104.07,104.135,103.79,103.86,14549926
2019-01-11 05:00:00+00:00,104.14,104.26,104.07,104.17,4036785
2019-01-14 05:00:00+00:00,104.21,104.285,104.05,104.11,3166144
2019-01-15 05:00:00+00:00,104.29,104.29,103.9712,104.01,4238138
2019-01-16 05:00:00+00:00,103.89,104.0,103.805,103.95,5004465
2019-01-17 05:00:00+00:00,103.9,103.95,103.675,103.76,5454198
2019-01-18 05:00:00+00:00,103.61,103.72,103.35,103.43,6887516
2019-01-22 05:00:00+00:00,103.72,103.91,103.67,103.79,6015182
2019-01-23 05:00:00+00:00,103.61,103.85,103.575,103.74,3702295
2019-01-24 05:00:00+00:00,104.06,104.18,103.975,104.07,6358130
2019-01-25 05:00:00+00:00,103.89,103.94,103.73,103.83,3024646
2019-01-28 05:00:00+00:00,103.79,103.98,103.79,103.86,3296283
2019-01-29 05:00:00+00:00,103.94,104.16,103.93,104.16,3179219
2019-01-30 05:00:00+00:00,104.05,104.43,103.96,104.4,6320843
2019-01-31 05:00:00+00:00,104.64,104.93,104.61,104.88,10907359
2019-02-01 05:00:00+00:00,104.47,104.49,104.09,104.1,10478986
2019-02-04 05:00:00+00:00,103.97,103.97,103.81,103.87,8459237
2019-02-05 05:00:00+00:00,104.0,104.178,103.99,104.05,3853174
2019-02-06 05:00:00+00:00,104.28,104.285,104.07,104.13,4179543
2019-02-07 05:00:00+00:00,104.42,104.55,104.348,104.47,7570616
2019-02-08 05:00:00+00:00,104.63,104.73,104.59,104.61,2874234
2019-02-11 05:00:00+00:00,104.45,104.54,104.37,104.45,3044009
2019-02-12 05:00:00+00:00,104.38,104.39,104.215,104.31,3942887
2019-02-13 05:00:00+00:00,104.07,104.17,104.0,104.05,4071326
2019-02-14 05:00:00+00:00,104.61,104.615,104.41,104.54,11158443
2019-02-15 05:00:00+00:00,104.35,104.465,104.34,104.44,7449210
2019-02-19 05:00:00+00:00,104.63,104.695,104.55,104.62,9016338
2019-02-20 05:00:00+00:00,104.62,104.7,104.52,104.6,5141440
2019-02-21 05:00:00+00:00,104.3,104.34,104.22,104.29,4662803
2019-02-22 05:00:00+00:00,104.5,104.715,104.46,104.6,3756151
2019-02-25 05:00:00+00:00,104.43,104.5,104.36,104.44,3507282
2019-02-26 05:00:00+00:00,104.75,104.79,104.6,104.75,3066832
2019-02-27 05:00:00+00:00,104.57,104.58,104.3,104.38,2760046
2019-02-28 05:00:00+00:00,104.34,104.35,104.06,104.11,5908427
2019-03-01 05:00:00+00:00,103.74,103.85,103.57,103.57,11384194
2019-03-04 05:00:00+00:00,103.73,103.9493,103.66,103.89,4044532
2019-03-05 05:00:00+00:00,103.77,103.96,103.695,103.95,2388268
2019-03-06 05:00:00+00:00,103.99,104.285,103.99,104.24,2770478
2019-03-07 05:00:00+00:00,104.44,104.67,104.43,104.59,5950067
2019-03-08 05:00:00+00:00,104.69,104.83,104.58,104.74,5786460
2019-03-11 04:00:00+00:00,104.73,104.73,104.565,104.66,5894399
2019-03-12 04:00:00+00:00,104.74,105.0,104.7,104.95,6304694
2019-03-13 04:00:00+00:00,104.84,104.94,104.8,104.91,1904284
2019-03-14 04:00:00+00:00,104.86,104.905,104.65,104.76,3196285
2019-03-15 04:00:00+00:00,105.08,105.17,104.97,105.09,7972197
2019-03-18 04:00:00+00:00,104.99,105.08,104.94,104.95,4832238
2019-03-19 04:00:00+00:00,104.79,104.99,104.75,104.88,2404147
2019-03-20 04:00:00+00:00,105.03,105.64,105.01,105.61,8400720
2019-03-21 04:00:00+00:00,105.73,105.75,105.482,105.56,5052669
2019-03-22 04:00:00+00:00,106.09,106.51,106.04,106.34,5016428
2019-03-25 04:00:00+00:00,106.34,106.855,106.25,106.61,8541376
2019-03-26 04:00:00+00:00,106.39,106.685,106.343,106.52,7778514
2019-03-27 04:00:00+00:00,106.81,107.08,106.75,106.83,3785752
2019-03-28 04:00:00+00:00,106.8,106.9067,106.655,106.84,3967798
2019-03-29 04:00:00+00:00,106.47,106.68,106.435,106.67,3256623
2019-04-01 04:00:00+00:00,106.1,106.125,105.68,105.72,10088080
2019-04-02 04:00:00+00:00,105.82,105.92,105.761,105.9,9067994
2019-04-03 04:00:00+00:00,105.57,105.685,105.515,105.57,5511818
2019-04-04 04:00:00+00:00,105.61,105.72,105.55,105.68,2540631
2019-04-05 04:00:00+00:00,105.6,105.8,105.585,105.73,1932084
2019-04-08 04:00:00+00:00,105.71,105.755,105.555,105.56,4150648
2019-04-09 04:00:00+00:00,105.82,105.88,105.72,105.75,3377836
2019-04-10 04:00:00+00:00,105.92,106.07,105.905,106.0,2274477
2019-04-11 04:00:00+00:00,105.83,105.865,105.72,105.76,1671191
2019-04-12 04:00:00+00:00,105.39,105.45,105.27,105.27,6898517
2019-04-15 04:00:00+00:00,105.29,105.42,105.29,105.41,2710683
2019-04-16 04:00:00+00:00,105.19,105.245,105.03,105.05,5719916
2019-04-17 04:00:00+00:00,105.0,105.175,105.0,105.07,2815475
2019-04-18 04:00:00+00:00,105.33,105.455,105.29,105.32,5283705
2019-04-22 04:00:00+00:00,105.26,105.27,105.12,105.17,3977570
2019-04-23 04:00:00+00:00,105.32,105.39,105.2833,105.36,2788966
2019-04-24 04:00:00+00:00,105.66,105.77,105.64,105.76,3622797
2019-04-25 04:00:00+00:00,105.73,105.79,105.59,105.63,1570261
2019-04-26 04:00:00+00:00,105.97,105.99,105.85,105.91,2392664
2019-04-29 04:00:00+00:00,105.72,105.77,105.61,105.69,3482236
2019-04-30 04:00:00+00:00,105.63,105.93,105.615,105.9,3734478
2019-05-01 04:00:00+00:00,105.7,106.11,105.55,105.64,7989296
2019-05-02 04:00:00+00:00,105.53,105.57,105.27,105.34,3707252
2019-05-03 04:00:00+00:00,105.46,105.62,105.43,105.48,2949226
2019-05-06 04:00:00+00:00,105.88,105.92,105.73,105.75,3858721
2019-05-07 04:00:00+00:00,106.01,106.19,105.96,106.11,4391276
2019-05-08 04:00:00+00:00,106.21,106.25,105.86,105.91,5121037
2019-05-09 04:00:00+00:00,106.3,106.425,106.045,106.19,4318203
2019-05-10 04:00:00+00:00,106.24,106.4179,106.05,106.12,3070889
2019-05-13 04:00:00+00:00,106.57,106.735,106.52,106.65,6020487
2019-05-14 04:00:00+00:00,106.57,106.615,106.44,106.55,3185417
2019-05-15 04:00:00+00:00,106.94,106.9731,106.74,106.89,5723801
2019-05-16 04:00:00+00:00,106.65,106.715,106.55,106.68,4283785
2019-05-17 04:00:00+00:00,106.91,106.91,106.615,106.73,2370488
2019-05-20 04:00:00+00:00,106.75,106.84,106.53,106.55,2562135
2019-05-21 04:00:00+00:00,106.48,106.5164,106.34,106.43,2809390
2019-05-22 04:00:00+00:00,106.6,106.8,106.57,106.75,3675427
2019-05-23 04:00:00+00:00,107.01,107.56,107.01,107.4,6303614
2019-05-24 04:00:00+00:00,107.33,107.37,107.23,107.37,2556151
2019-05-28 04:00:00+00:00,107.62,107.84,107.5323,107.84,7706223
2019-05-29 04:00:00+00:00,108.09,108.235,107.78,107.8,7359530
2019-05-30 04:00:00+00:00,107.86,108.2401,107.72,108.19,3740040
2019-05-31 04:00:00+00:00,108.56,108.95,108.49,108.91,6400041
2019-06-03 04:00:00+00:00,108.88,109.335,108.765,109.22,24256471
2019-06-04 04:00:00+00:00,108.76,108.99,108.595,108.82,5731824
2019-06-05 04:00:00+00:00,108.96,109.125,108.76,108.82,8724679
2019-06-06 04:00:00+00:00,108.91,109.1,108.725,108.8,2645627
2019-06-07 04:00:00+00:00,109.4,109.42,109.14,109.23,3174097
2019-06-10 04:00:00+00:00,108.86,108.88,108.675,108.685,8823662
2019-06-11 04:00:00+00:00,108.62,108.768,108.575,108.685,2965391
2019-06-12 04:00:00+00:00,108.77,108.99,108.76,108.97,2185094
2019-06-13 04:00:00+00:00,109.07,109.33,109.045,109.24,1878848
2019-06-14 04:00:00+00:00,109.16,109.3766,109.15,109.32,4334823
2019-06-17 04:00:00+00:00,109.3,109.38,109.1732,109.3,3451980
2019-06-18 04:00:00+00:00,109.75,109.8,109.4075,109.51,4861290
2019-06-19 04:00:00+00:00,109.28,109.9,109.205,109.81,4824564
2019-06-20 04:00:00+00:00,110.04,110.28,109.965,109.99,4837558
2019-06-21 04:00:00+00:00,109.73,109.765,109.45,109.54,4551114
2019-06-24 04:00:00+00:00,109.74,109.94,109.71,109.92,3449090
2019-06-25 04:00:00+00:00,110.03,110.225,109.945,110.09,6733901
2019-06-26 04:00:00+00:00,109.95,109.95,109.6,109.64,7968403
2019-06-27 04:00:00+00:00,109.77,110.03,109.68,109.97,2663355
2019-06-28 04:00:00+00:00,109.87,110.109,109.81,110.02,5519404
2019-07-01 04:00:00+00:00,109.82,109.87,109.5,109.69,10416208
2019-07-02 04:00:00+00:00,109.81,110.145,109.79,110.08,3676535
2019-07-03 04:00:00+00:00,110.21,110.4,110.2,110.29,2952163
2019-07-05 04:00:00+00:00,109.65,109.65,109.3423,109.59,4031242
2019-07-08 04:00:00+00:00,109.75,109.815,109.48,109.48,3515963
2019-07-09 04:00:00+00:00,109.49,109.5,109.34,109.41,2368457
2019-07-10 04:00:00+00:00,109.51,109.62,109.34,109.47,6419733
2019-07-11 04:00:00+00:00,109.33,109.398,108.88,108.93,4896463
2019-07-12 04:00:00+00:00,108.92,109.165,108.89,109.05,4386483
2019-07-15 04:00:00+00:00,109.14,109.28,109.0732,109.28,1839556
2019-07-16 04:00:00+00:00,108.93,109.08,108.83,109.04,2965913
2019-07-17 04:00:00+00:00,109.23,109.56,109.22,109.55,3181112
2019-07-18 04:00:00+00:00,109.43,109.885,109.4,109.82,2497591
2019-07-19 04:00:00+00:00,109.59,109.73,109.51,109.62,1802262
2019-07-22 04:00:00+00:00,109.79,109.8,109.63,109.67,1984077
2019-07-23 04:00:00+00:00,109.55,109.66,109.4237,109.49,2397418
2019-07-24 04:00:00+00:00,109.64,109.7465,109.56,109.65,2387137
2019-07-25 04:00:00+00:00,109.52,109.53,109.23,109.46,3720932
2019-07-26 04:00:00+00:00,109.5,109.5084,109.3231,109.44,3341152
2019-07-29 04:00:00+00:00,109.62,109.66,109.52,109.54,2618465
2019-07-30 04:00:00+00:00,109.63,109.67,109.445,109.59,2580142
2019-07-31 04:00:00+00:00,109.56,109.99,109.39,109.87,6796506
2019-08-01 04:00:00+00:00,109.84,110.92,109.79,110.92,18652561
2019-08-02 04:00:00+00:00,110.94,111.2,110.84,111.15,9527425
2019-08-05 04:00:00+00:00,111.82,112.2,111.76,112.11,8598312
2019-08-06 04:00:00+00:00,111.88,112.3,111.785,112.29,7144071
2019-08-07 04:00:00+00:00,113.07,113.27,112.17,112.29,10067022
2019-08-08 04:00:00+00:00,111.99,112.4077,111.66,112.3,5307579
2019-08-09 04:00:00+00:00,112.38,112.6,112.06,112.13,2964880
2019-08-12 04:00:00+00:00,112.54,112.9763,112.51,112.84,4858887
2019-08-13 04:00:00+00:00,112.86,112.885,112.145,112.44,6544252
2019-08-14 04:00:00+00:00,113.09,113.29,113.0,113.19,8343610
2019-08-15 04:00:00+00:00,113.34,114.17,113.28,113.91,5432390
2019-08-16 04:00:00+00:00,113.51,113.67,113.17,113.61,5117518
2019-08-19 04:00:00+00:00,113.04,113.26,113.01,113.07,4051565
2019-08-20 04:00:00+00:00,113.52,113.66,113.455,113.57,3300206
2019-08-21 04:00:00+00:00,113.27,113.57,113.21,113.27,5074562
2019-08-22 04:00:00+00:00,113.05,113.37,112.995,113.02,6065356
2019-08-23 04:00:00+00:00,113.13,113.94,113.005,113.78,8346309
2019-08-26 04:00:00+00:00,113.73,113.93,113.58,113.67,7994213
2019-08-27 04:00:00+00:00,113.81,114.19,113.81,114.16,3941895
2019-08-28 04:00:00+00:00,114.35,114.39,114.12,114.2,2582458
2019-08-29 04:00:00+00:00,114.1,114.1,113.69,113.98,4340279
2019-08-30 04:00:00+00:00,113.775,114.05,113.74,114.01,4020613
2019-09-03 04:00:00+00:00,113.88,114.44,113.7,114.07,12467968
2019-09-04 04:00:00+00:00,113.95,114.3,113.945,114.25,3606428
2019-09-05 04:00:00+00:00,113.585,113.62,113.08,113.33,4868522
2019-09-06 04:00:00+00:00,113.35,113.53,113.265,113.4,3451362
2019-09-09 04:00:00+00:00,112.86,112.94,112.69,112.7,6531486
2019-09-10 04:00:00+00:00,112.53,112.625,111.88,111.88,5465088
2019-09-11 04:00:00+00:00,111.78,111.97,111.75,111.77,6434030
2019-09-12 04:00:00+00:00,112.1,112.16,111.35,111.52,9118819
2019-09-13 04:00:00+00:00,111.1,111.21,110.5,110.5,24891023
2019-09-16 04:00:00+00:00,110.9,111.1,110.75,110.98,5959428
2019-09-17 04:00:00+00:00,111.04,111.38,110.94,111.27,8954350
2019-09-18 04:00:00+00:00,111.57,111.8,111.2,111.31,5353784
2019-09-19 04:00:00+00:00,111.58,111.59,111.32,111.36,7352913
2019-09-20 04:00:00+00:00,111.54,112.02,111.48,112.0,10525709
2019-09-23 04:00:00+00:00,112.14,112.4799,112.055,112.16,13946773
2019-09-24 04:00:00+00:00,112.22,112.815,112.21,112.72,10918397
2019-09-25 04:00:00+00:00,112.59,112.69,111.9,111.98,8648324
2019-09-26 04:00:00+00:00,112.25,112.43,112.155,112.22,5188173
2019-09-27 04:00:00+00:00,112.23,112.49,112.19,112.38,5455142
2019-09-30 04:00:00+00:00,112.21,112.51,112.1735,112.47,3053804
2019-10-01 04:00:00+00:00,111.85,112.86,111.8077,112.61,8803997
2019-10-02 04:00:00+00:00,112.73,113.1799,112.71,113.0,4416218
2019-10-03 04:00:00+00:00,113.16,113.88,113.14,113.59,6953163
2019-10-04 04:00:00+00:00,113.58,113.885,113.51,113.81,4898509
2019-10-07 04:00:00+00:00,113.56,113.68,113.395,113.43,3322282
2019-10-08 04:00:00+00:00,113.82,113.865,113.48,113.67,4492938
2019-10-09 04:00:00+00:00,113.55,113.55,113.2,113.38,3432984
2019-10-10 04:00:00+00:00,113.06,113.08,112.56,112.67,4121649
2019-10-11 04:00:00+00:00,112.13,112.18,111.72,111.9,9980961
2019-10-14 04:00:00+00:00,112.25,112.2856,112.16,112.21,2211373
2019-10-15 04:00:00+00:00,112.16,112.24,111.64,111.67,7429189
2019-10-16 04:00:00+00:00,111.84,112.02,111.75,111.89,3073849
2019-10-17 04:00:00+00:00,111.8,112.085,111.72,111.85,3757166
2019-10-18 04:00:00+00:00,111.92,112.12,111.8699,111.95,2585251
2019-10-21 04:00:00+00:00,111.66,111.785,111.505,111.54,1813047
2019-10-22 04:00:00+00:00,111.81,111.845,111.5,111.8,3508610
2019-10-23 04:00:00+00:00,112.02,112.07,111.785,111.84,3609923
2019-10-24 04:00:00+00:00,111.89,112.07,111.78,111.82,2734741
2019-10-25 04:00:00+00:00,111.9,111.92,111.42,111.58,2547858
2019-10-28 04:00:00+00:00,111.19,111.22,111.05,111.16,6969657
2019-10-29 04:00:00+00:00,111.3,111.35,111.15,111.26,2662991
2019-10-30 04:00:00+00:00,111.35,111.81,111.31,111.8,6135404
2019-10-31 04:00:00+00:00,112.11,112.58,112.07,112.51,6233445
2019-11-01 04:00:00+00:00,112.18,112.42,111.875,112.13,9685454
2019-11-04 05:00:00+00:00,111.63,111.69,111.5,111.56,5209545
2019-11-05 05:00:00+00:00,111.13,111.17,110.845,110.96,7883583
2019-11-06 05:00:00+00:00,111.19,111.39,110.98,111.28,4723959
2019-11-07 05:00:00+00:00,110.71,110.71,109.975,110.39,6340199
2019-11-08 05:00:00+00:00,110.29,110.64,110.235,110.24,3316118
2019-11-11 05:00:00+00:00,110.49,110.52,110.24,110.36,1630929
2019-11-12 05:00:00+00:00,110.35,110.502,110.18,110.41,4704292
2019-11-13 05:00:00+00:00,110.82,110.86,110.6334,110.71,2543721
2019-11-14 05:00:00+00:00,111.19,111.4,111.14,111.27,3685833
2019-11-15 05:00:00+00:00,111.09,111.29,111.08,111.18,2489855
2019-11-18 05:00:00+00:00,111.36,111.49,111.33,111.37,2392586
2019-11-19 05:00:00+00:00,111.39,111.62,111.39,111.58,8709766
2019-11-20 05:00:00+00:00,111.8,112.02,111.715,111.99,4057078
2019-11-21 05:00:00+00:00,111.72,111.825,111.57,111.71,3181638
2019-11-22 05:00:00+00:00,111.77,111.805,111.6034,111.69,2050540
2019-11-25 05:00:00+00:00,111.7,111.78,111.675,111.74,3792933
2019-11-26 05:00:00+00:00,111.91,111.99,111.85,111.95,3886973
2019-11-27 05:00:00+00:00,111.72,111.77,111.605,111.66,2741759
2019-11-29 05:00:00+00:00,111.62,111.63,111.44,111.57,3043722
2019-12-02 05:00:00+00:00,110.87,111.12,110.81,111.01,7446738
2019-12-03 05:00:00+00:00,111.58,112.17,111.57,112.0,7005909
2019-12-04 05:00:00+00:00,111.77,111.86,111.385,111.57,2209607
2019-12-05 05:00:00+00:00,111.15,111.42,111.1364,111.31,3471644
2019-12-06 05:00:00+00:00,110.88,111.19,110.8266,110.97,3242962
2019-12-09 05:00:00+00:00,111.21,111.22,111.04,111.06,2660790
2019-12-10 05:00:00+00:00,111.15,111.19,110.91,110.93,1881104
2019-12-11 05:00:00+00:00,111.1,111.47,111.075,111.39,2991910
2019-12-12 05:00:00+00:00,111.28,111.3,110.31,110.51,5630765
2019-12-13 05:00:00+00:00,110.81,111.23,110.48,111.16,4468215
2019-12-16 05:00:00+00:00,110.88,110.8836,110.57,110.64,3425251
2019-12-17 05:00:00+00:00,110.77,110.8247,110.58,110.65,3719823
2019-12-18 05:00:00+00:00,110.58,110.61,110.23,110.35,2352268
2019-12-19 05:00:00+00:00,110.12,110.42,110.08,110.28,2098197
2019-12-20 05:00:00+00:00,110.11,110.3,110.08,110.28,4750895
2019-12-23 05:00:00+00:00,110.31,110.375,110.085,110.18,1909267
2019-12-24 05:00:00+00:00,110.04,110.41,110.035,110.37,944440
2019-12-26 05:00:00+00:00,110.41,110.53,110.27,110.53,1670556
2019-12-27 05:00:00+00:00,110.62,110.73,110.62,110.69,2151445
2019-12-30 05:00:00+00:00,110.31,110.62,110.235,110.62,2261779
2019-12-31 05:00:00+00:00,110.44,110.49,110.21,110.22,3366024
2020-01-02 05:00:00+00:00,110.69,110.95,110.63,110.73,4548557
2020-01-03 05:00:00+00:00,111.15,111.49,111.04,111.47,4352594
2020-01-06 05:00:00+00:00,111.66,111.67,111.26,111.35,2898769
2020-01-07 05:00:00+00:00,111.33,111.43,111.19,111.19,2129687
2020-01-08 05:00:00+00:00,111.29,111.415,110.79,110.93,5561543
2020-01-09 05:00:00+00:00,110.68,111.04,110.63,111.01,3917612
2020-01-10 05:00:00+00:00,111.09,111.315,111.09,111.25,2665878
2020-01-13 05:00:00+00:00,111.11,111.14,110.9846,111.12,3023442
2020-01-14 05:00:00+00:00,111.18,111.355,111.16,111.34,2419689
2020-01-15 05:00:00+00:00,111.55,111.62,111.425,111.62,2901619
2020-01-16 05:00:00+00:00,111.45,111.51,111.3,111.39,2268125
2020-01-17 05:00:00+00:00,111.13,111.3,111.09,111.3,2940698
2020-01-21 05:00:00+00:00,111.55,111.78,111.535,111.74,2473082
2020-01-22 05:00:00+00:00,111.74,111.82,111.68,111.76,1873142
2020-01-23 05:00:00+00:00,112.03,112.24,111.985,112.04,1996019
2020-01-24 05:00:00+00:00,112.18,112.61,112.155,112.44,8093758
2020-01-27 05:00:00+00:00,113.19,113.205,113.025,113.2,3960569
2020-01-28 05:00:00+00:00,113.09,113.12,112.78,112.82,2036072
2020-01-29 05:00:00+00:00,112.97,113.41,112.965,113.36,2518252
2020-01-30 05:00:00+00:00,113.55,113.83,113.395,113.47,4545283
2020-01-31 05:00:00+00:00,113.715,114.12,113.69,114.04,9953855
2020-02-03 05:00:00+00:00,113.61,113.838,113.32,113.79,6126776
2020-02-04 05:00:00+00:00,113.24,113.2538,112.96,113.13,2876601
2020-02-05 05:00:00+00:00,112.71,112.8693,112.62,112.64,9373337
2020-02-06 05:00:00+00:00,112.61,112.8,112.555,112.72,1849693
2020-02-07 05:00:00+00:00,113.18,113.36,113.09,113.26,6301644
2020-02-10 05:00:00+00:00,113.5,113.615,113.37,113.48,2013644
2020-02-11 05:00:00+00:00,113.325,113.37,113.14,113.21,1705975
2020-02-12 05:00:00+00:00,112.97,112.993,112.83,112.92,1521520
2020-02-13 05:00:00+00:00,112.98,113.14,112.94,113.02,2020775
2020-02-14 05:00:00+00:00,113.27,113.37,113.205,113.3,2321386
2020-02-18 05:00:00+00:00,113.45,113.65,113.3479,113.48,9707060
2020-02-19 05:00:00+00:00,113.36,113.51,113.3,113.46,1800287
2020-02-20 05:00:00+00:00,113.63,113.942,113.615,113.79,4089133
2020-02-21 05:00:00+00:00,114.09,114.53,114.08,114.25,5604888
2020-02-24 05:00:00+00:00,115.2,115.29,115.02,115.14,7122566
2020-02-25 05:00:00+00:00,115.11,115.71,115.0801,115.46,10143032
2020-02-26 05:00:00+00:00,115.21,115.79,115.085,115.4,19766626
2020-02-27 05:00:00+00:00,116.14,116.34,115.58,115.96,8903781
2020-02-28 05:00:00+00:00,116.89,117.45,116.76,117.26,14063426
2020-03-02 05:00:00+00:00,117.55,117.94,116.97,117.04,20259897
2020-03-03 05:00:00+00:00,117.16,119.29,117.03,118.4,12163757
2020-03-04 05:00:00+00:00,118.57,118.91,118.05,118.14,8428560
2020-03-05 05:00:00+00:00,119.0,119.32,118.92,119.19,5756818
2020-03-06 05:00:00+00:00,120.98,121.31,120.09,120.4,12302029
2020-03-09 04:00:00+00:00,123.25,123.41,121.45,121.48,25676620
2020-03-10 04:00:00+00:00,120.88,121.76,119.25,119.25,16153249
2020-03-11 04:00:00+00:00,120.27,120.59,117.6,118.06,14143900
2020-03-12 04:00:00+00:00,120.15,120.77,114.4,118.12,11148353
2020-03-13 04:00:00+00:00,117.8,118.98,117.0106,117.35,9125943
2020-03-16 04:00:00+00:00,120.03,120.68,119.0,120.45,7266352
2020-03-17 04:00:00+00:00,119.91,120.29,117.42,117.43,5965468
2020-03-18 04:00:00+00:00,116.6,117.799,115.34,115.8,14686126
2020-03-19 04:00:00+00:00,116.14,117.63,115.92,116.18,7071990
2020-03-20 04:00:00+00:00,117.64,119.88,117.41,119.14,10383606
2020-03-23 04:00:00+00:00,119.45,121.06,119.45,120.55,12400206
2020-03-24 04:00:00+00:00,119.52,119.97,119.26,119.73,5407663
2020-03-25 04:00:00+00:00,119.76,120.26,119.4,119.8,5600756
2020-03-26 04:00:00+00:00,120.19,120.5,119.91,120.09,3524155
2020-03-27 04:00:00+00:00,120.81,121.39,120.675,120.98,5472754
2020-03-30 04:00:00+00:00,121.79,122.09,121.18,121.26,4935665
2020-03-31 04:00:00+00:00,121.45,121.81,121.31,121.48,6688914
2020-04-01 04:00:00+00:00,122.13,122.26,121.73,121.83,9449450
2020-04-02 04:00:00+00:00,122.17,122.22,121.6722,121.85,5001838
2020-04-03 04:00:00+00:00,122.04,122.29,121.82,121.94,3735468
2020-04-06 04:00:00+00:00,121.53,121.6,121.28,121.39,5205709
2020-04-07 04:00:00+00:00,120.55,120.89,120.27,120.85,9745610
2020-04-08 04:00:00+00:00,120.6,120.867,120.455,120.7,3572070
2020-04-09 04:00:00+00:00,120.64,121.11,120.53,120.96,4795420
2020-04-13 04:00:00+00:00,120.85,121.015,120.67,120.7,2288528
2020-04-14 04:00:00+00:00,120.84,121.05,120.8,120.86,2242403
2020-04-15 04:00:00+00:00,121.52,122.03,121.48,121.94,3495925
2020-04-16 04:00:00+00:00,122.11,122.25,121.9902,122.07,2057798
2020-04-17 04:00:00+00:00,121.97,122.3,121.64,121.75,2553276
2020-04-20 04:00:00+00:00,121.98,122.08,121.793,122.07,4562854
2020-04-21 04:00:00+00:00,122.57,122.69,122.3,122.41,3452637
2020-04-22 04:00:00+00:00,122.13,122.245,121.805,122.03,3699035
2020-04-23 04:00:00+00:00,121.97,122.1419,121.865,122.11,2455439
2020-04-24 04:00:00+00:00,121.89,122.15,121.88,122.14,2598173
2020-04-27 04:00:00+00:00,121.85,121.88,121.46,121.49,2766442
2020-04-28 04:00:00+00:00,121.75,122.085,121.74,122.02,3174633
2020-04-29 04:00:00+00:00,122.03,122.21,121.712,121.96,2782843
2020-04-30 04:00:00+00:00,122.045,122.26,121.67,121.67,5883804
2020-05-01 04:00:00+00:00,121.79,121.91,121.57,121.71,9918376
2020-05-04 04:00:00+00:00,121.68,121.82,121.55,121.73,3840792
2020-05-05 04:00:00+00:00,121.45,121.68,121.37,121.64,3719040
2020-05-06 04:00:00+00:00,120.99,121.28,120.85,121.19,3698864
2020-05-07 04:00:00+00:00,121.3,121.98,121.26,121.93,3850422
2020-05-08 04:00:00+00:00,121.62,121.98,121.44,121.53,4126198
2020-05-11 04:00:00+00:00,121.51,121.575,121.085,121.19,5049827
2020-05-12 04:00:00+00:00,121.13,121.63,121.11,121.59,4595236
2020-05-13 04:00:00+00:00,121.74,121.985,121.65,121.84,2901352
2020-05-14 04:00:00+00:00,122.05,122.21,121.98,122.03,2513171
2020-05-15 04:00:00+00:00,122.2,122.229,121.86,121.95,2040797
2020-05-18 04:00:00+00:00,121.66,121.67,121.06,121.2,3195904
2020-05-19 04:00:00+00:00,121.17,121.56,121.17,121.54,2184916
2020-05-20 04:00:00+00:00,121.37,121.71,121.28,121.57,2552862
2020-05-21 04:00:00+00:00,121.69,121.85,121.598,121.65,2415333
2020-05-22 04:00:00+00:00,121.71,121.88,121.69,121.88,1633004
2020-05-26 04:00:00+00:00,121.5,121.63,121.3914,121.56,3815745
2020-05-27 04:00:00+00:00,121.49,121.84,121.48,121.66,2769153
2020-05-28 04:00:00+00:00,121.44,121.61,121.3737,121.55,4134014
2020-05-29 04:00:00+00:00,121.75,121.99,121.63,121.94,3400207
2020-06-01 04:00:00+00:00,121.62,121.77,121.49,121.77,10111362
2020-06-02 04:00:00+00:00,121.63,121.735,121.49,121.57,5831777
2020-06-03 04:00:00+00:00,121.17,121.19,120.75,120.85,4925310
2020-06-04 04:00:00+00:00,120.66,120.67,120.308,120.37,5245352
2020-06-05 04:00:00+00:00,119.6,119.81,119.35,119.77,11079953
2020-06-08 04:00:00+00:00,119.67,120.01,119.66,119.9,3586920
2020-06-09 04:00:00+00:00,120.37,120.53,120.245,120.33,3472968
2020-06-10 04:00:00+00:00,120.61,121.23,120.5528,121.23,5681740
2020-06-11 04:00:00+00:00,121.68,121.85,121.59,121.66,6636492
2020-06-12 04:00:00+00:00,121.44,121.66,121.327,121.39,3292340
2020-06-15 04:00:00+00:00,121.66,121.74,121.29,121.29,2901108
2020-06-16 04:00:00+00:00,120.84,121.27,120.73,121.04,5520457
2020-06-17 04:00:00+00:00,121.16,121.27,120.97,121.23,2389801
2020-06-18 04:00:00+00:00,121.51,121.555,121.415,121.5,1988272
2020-06-19 04:00:00+00:00,121.23,121.61,121.23,121.54,2283287
2020-06-22 04:00:00+00:00,121.64,121.71,121.365,121.43,2479206
2020-06-23 04:00:00+00:00,121.31,121.43,121.24,121.39,2238249
2020-06-24 04:00:00+00:00,121.29,121.66,121.29,121.62,2595768
2020-06-25 04:00:00+00:00,121.8,121.83,121.6109,121.64,1796552
2020-06-26 04:00:00+00:00,121.8,122.07,121.775,121.97,3695767
2020-06-29 04:00:00+00:00,121.93,122.14,121.92,122.09,29098372
2020-06-30 04:00:00+00:00,122.145,122.19,121.7908,121.87,4394598
2020-07-01 04:00:00+00:00,121.53,121.655,121.35,121.57,8633740
2020-07-02 04:00:00+00:00,121.44,121.74,121.35,121.72,3236183
2020-07-06 04:00:00+00:00,121.41,121.555,121.29,121.54,3065632
2020-07-07 04:00:00+00:00,121.63,121.94,121.57,121.93,3123474
2020-07-08 04:00:00+00:00,121.72,121.87,121.61,121.74,2309858
2020-07-09 04:00:00+00:00,121.77,122.239,121.76,122.15,3003572
2020-07-10 04:00:00+00:00,122.25,122.29,121.85,121.89,2106808
2020-07-13 04:00:00+00:00,121.71,122.04,121.675,122.02,2189253
2020-07-14 04:00:00+00:00,122.18,122.23,121.99,122.01,1945538
2020-07-15 04:00:00+00:00,121.83,122.09,121.815,121.97,2354555
2020-07-16 04:00:00+00:00,122.16,122.245,122.06,122.06,2054592
2020-07-17 04:00:00+00:00,122.12,122.15,121.97,122.03,2715002
2020-07-20 04:00:00+00:00,122.2,122.22,122.0179,122.11,3037355
2020-07-21 04:00:00+00:00,122.16,122.28,122.12,122.24,3564594
2020-07-22 04:00:00+00:00,122.39,122.39,122.2358,122.28,2767281
2020-07-23 04:00:00+00:00,122.43,122.45,122.29,122.4,2254216
2020-07-24 04:00:00+00:00,122.3,122.43,122.273,122.34,3619407
2020-07-27 04:00:00+00:00,122.44,122.4579,122.12,122.15,2165159
2020-07-28 04:00:00+00:00,122.3,122.47,122.26,122.44,2101126
2020-07-29 04:00:00+00:00,122.45,122.6,122.31,122.6,2047443
2020-07-30 04:00:00+00:00,122.75,122.78,122.67,122.765,28509609
2020-07-31 04:00:00+00:00,122.64,122.89,122.585,122.8,5023836
2020-08-03 04:00:00+00:00,122.52,122.65,122.46,122.64,7628192
2020-08-04 04:00:00+00:00,122.83,123.09,122.79,123.06,4591915
2020-08-05 04:00:00+00:00,122.75,122.78,122.61,122.65,2695702
2020-08-06 04:00:00+00:00,122.89,123.06,122.73,122.79,2560078
2020-08-07 04:00:00+00:00,122.83,122.9,122.49,122.53,2567796
2020-08-10 04:00:00+00:00,122.7,122.72,122.4,122.4,2385836
2020-08-11 04:00:00+00:00,121.95,122.04,121.69,121.98,7937059
2020-08-12 04:00:00+00:00,121.65,121.76,121.465,121.62,6064871
2020-08-13 04:00:00+00:00,121.6,121.705,121.25,121.37,6384318
2020-08-14 04:00:00+00:00,121.48,121.59,121.42,121.43,3244978
2020-08-17 04:00:00+00:00,121.69,121.83,121.6,121.63,4186266
2020-08-18 04:00:00+00:00,121.76,121.915,121.685,121.84,2355531
2020-08-19 04:00:00+00:00,121.9,121.97,121.65,121.68,4774821
2020-08-20 04:00:00+00:00,122.05,122.08,121.945,122.03,3304959
2020-08-21 04:00:00+00:00,122.11,122.1484,121.92,122.12,2597053
2020-08-24 04:00:00+00:00,122.09,122.21,121.93,121.95,2462255
2020-08-25 04:00:00+00:00,121.555,121.72,121.39,121.655,4006785
2020-08-26 04:00:00+00:00,121.54,121.67,121.38,121.61,3813693
2020-08-27 04:00:00+00:00,121.87,121.87,121.18,121.18,5114590
2020-08-28 04:00:00+00:00,121.41,121.53,121.26,121.38,2525466
2020-08-31 04:00:00+00:00,121.4,121.71,121.38,121.51,3529041
2020-09-01 04:00:00+00:00,121.4,121.82,121.3,121.82,5142925
2020-09-02 04:00:00+00:00,121.72,122.04,121.7,121.99,3578471
2020-09-03 04:00:00+00:00,122.08,122.39,122.02,122.15,7911130
2020-09-04 04:00:00+00:00,121.83,121.92,121.38,121.47,8670763
2020-09-08 04:00:00+00:00,121.74,121.92,121.7,121.73,3871125
2020-09-09 04:00:00+00:00,121.76,121.83,121.54,121.67,4326872
2020-09-10 04:00:00+00:00,121.51,121.84,121.435,121.82,3686827
2020-09-11 04:00:00+00:00,121.88,122.01,121.835,122.01,5783471
2020-09-14 04:00:00+00:00,122.02,122.0966,121.83,121.9,2150130
2020-09-15 04:00:00+00:00,121.83,121.9,121.76,121.84,3059935
2020-09-16 04:00:00+00:00,122.0,122.0,121.66,121.77,4513976
2020-09-17 04:00:00+00:00,122.05,122.05,121.77,121.805,3681987
2020-09-18 04:00:00+00:00,121.85,121.88,121.7,121.7,6288914
2020-09-21 04:00:00+00:00,122.01,122.145,121.895,121.92,6266454
2020-09-22 04:00:00+00:00,121.92,122.03,121.88,121.92,3732950
2020-09-23 04:00:00+00:00,121.92,121.955,121.76,121.92,3486387
2020-09-24 04:00:00+00:00,121.97,122.02,121.91,121.98,3045260
2020-09-25 04:00:00+00:00,122.06,122.12,122.0,122.08,2378946
2020-09-28 04:00:00+00:00,122.04,122.075,121.995,122.06,4450311
2020-09-29 04:00:00+00:00,122.13,122.22,122.093,122.15,2756113
2020-09-30 04:00:00+00:00,122.03,122.03,121.66,121.82,4466421
2020-10-01 04:00:00+00:00,121.53,121.8989,121.43,121.81,8878409
2020-10-02 04:00:00+00:00,121.91,121.93,121.595,121.685,9907573
2020-10-05 04:00:00+00:00,121.35,121.36,120.92,120.92,6712803
2020-10-06 04:00:00+00:00,120.945,121.4,120.87,121.2,9109467
2020-10-07 04:00:00+00:00,120.97,121.1,120.78,120.85,7677624
2020-10-08 04:00:00+00:00,120.99,121.09,120.94,121.07,3648019
2020-10-09 04:00:00+00:00,120.97,121.13,120.78,121.01,4493094
2020-10-12 04:00:00+00:00,121.06,121.14,120.99,121.14,3555158
2020-10-13 04:00:00+00:00,121.27,121.43,121.27,121.41,6889450
2020-10-14 04:00:00+00:00,121.48,121.55,121.4,121.45,5718272
2020-10-15 04:00:00+00:00,121.575,121.6,121.29,121.32,4156004
2020-10-16 04:00:00+00:00,121.315,121.46,121.21,121.25,2899677
2020-10-19 04:00:00+00:00,121.02,121.13,120.9,121.05,4232412
2020-10-20 04:00:00+00:00,120.9,120.98,120.75,120.79,6465121
2020-10-21 04:00:00+00:00,120.64,120.76,120.56,120.63,6957008
2020-10-22 04:00:00+00:00,120.525,120.57,120.2,120.21,7074385
2020-10-23 04:00:00+00:00,120.19,120.49,120.18,120.38,5459048
2020-10-26 04:00:00+00:00,120.64,120.8301,120.59,120.7,5184338
2020-10-27 04:00:00+00:00,120.875,121.01,120.82,120.97,4080294
2020-10-28 04:00:00+00:00,121.15,121.18,120.88,120.96,5858155
2020-10-29 04:00:00+00:00,120.92,120.94,120.37,120.45,8162993
2020-10-30 04:00:00+00:00,120.4,120.45,120.06,120.06,8172811
2020-11-02 05:00:00+00:00,120.34,120.42,120.13,120.19,10462617
2020-11-03 05:00:00+00:00,120.01,120.03,119.825,119.92,10115231
2020-11-04 05:00:00+00:00,120.93,121.06,120.775,120.93,15669615
2020-11-05 05:00:00+00:00,120.98,121.0183,120.77,120.91,6833095
2020-11-06 05:00:00+00:00,120.53,120.59,120.362,120.5,11308966
2020-11-09 05:00:00+00:00,119.59,119.63,119.19,119.61,11685811
2020-11-10 05:00:00+00:00,119.22,119.5,119.2052,119.27,5198444
2020-11-11 05:00:00+00:00,119.28,119.51,119.26,119.46,1847248
2020-11-12 05:00:00+00:00,119.82,120.15,119.78,120.14,6753477
2020-11-13 05:00:00+00:00,120.09,120.13,119.96,119.98,6912703
2020-11-16 05:00:00+00:00,119.9,119.995,119.88,119.89,4039191
2020-11-17 05:00:00+00:00,120.12,120.245,120.093,120.2,4980003
2020-11-18 05:00:00+00:00,120.28,120.28,119.9898,120.16,8154071
2020-11-19 05:00:00+00:00,120.29,120.41,120.25,120.29,9437313
2020-11-20 05:00:00+00:00,120.35,120.52,120.33,120.5,16925419
2020-11-23 05:00:00+00:00,120.34,120.36,120.2007,120.26,2685348
2020-11-24 05:00:00+00:00,120.17,120.185,120.005,120.07,4742448
2020-11-25 05:00:00+00:00,120.16,120.325,120.1,120.11,2435178
2020-11-27 05:00:00+00:00,120.305,120.47,120.3,120.47,3523805
2020-11-30 05:00:00+00:00,120.42,120.51,120.3501,120.39,2639635
2020-12-01 05:00:00+00:00,119.97,120.0089,119.53,119.67,14450613
2020-12-02 05:00:00+00:00,119.56,119.58,119.295,119.47,5992051
2020-12-03 05:00:00+00:00,119.65,119.9,119.6,119.79,4640070
2020-12-04 05:00:00+00:00,119.41,119.44,119.2,119.32,4888436
2020-12-07 05:00:00+00:00,119.61,119.7587,119.59,119.69,4591308
2020-12-08 05:00:00+00:00,119.91,120.035,119.8,119.81,5234285
2020-12-09 05:00:00+00:00,119.59,119.77,119.465,119.64,3730625
2020-12-10 05:00:00+00:00,119.74,119.95,119.64,119.91,4018771
2020-12-11 05:00:00+00:00,120.08,120.27,120.05,120.15,4656049
2020-12-14 05:00:00+00:00,119.84,120.155,119.78,120.08,3209797
2020-12-15 05:00:00+00:00,119.93,120.025,119.835,119.96,3242386
2020-12-16 05:00:00+00:00,119.69,119.995,119.64,119.86,5391384
2020-12-17 05:00:00+00:00,119.99,120.0712,119.6189,119.7,3723550
2020-12-18 05:00:00+00:00,119.79,119.85,119.58,119.6,3567676
2020-12-21 05:00:00+00:00,119.79,119.83,119.58,119.68,3021594
2020-12-22 05:00:00+00:00,119.83,119.8989,119.71,119.88,4671696
2020-12-23 05:00:00+00:00,119.65,119.66,119.42,119.63,3262672
2020-12-24 05:00:00+00:00,119.74,119.8,119.71,119.8,1869750
2020-12-28 05:00:00+00:00,119.6078,119.81,119.537,119.81,4125394
2020-12-29 05:00:00+00:00,119.64,119.8264,119.635,119.79,2255815
2020-12-30 05:00:00+00:00,119.74,119.87,119.73,119.87,2766825
2020-12-31 05:00:00+00:00,119.85,120.0,119.845,119.95,2843895
2021-01-04 05:00:00+00:00,119.68,120.06,119.645,119.98,5771162
2021-01-05 05:00:00+00:00,119.87,119.89,119.58,119.7,5117942
2021-01-06 05:00:00+00:00,119.12,119.12,118.7712,119.0,10672438
2021-01-07 05:00:00+00:00,118.5764,118.655,118.4755,118.58,8287299
2021-01-08 05:00:00+00:00,118.35,118.43,118.13,118.24,7672043
2021-01-11 05:00:00+00:00,118.15,118.155,117.985,118.01,8311844
2021-01-12 05:00:00+00:00,117.765,118.0436,117.57,117.99,6688989
2021-01-13 05:00:00+00:00,118.1669,118.545,118.14,118.4,8126737
2021-01-14 05:00:00+00:00,118.39,118.47,118.03,118.13,7856379
2021-01-15 05:00:00+00:00,118.38,118.53,118.21,118.45,6185896
2021-01-19 05:00:00+00:00,118.28,118.52,118.23,118.52,4248567
2021-01-20 05:00:00+00:00,118.39,118.57,118.36,118.57,4717887
2021-01-21 05:00:00+00:00,118.37,118.48,118.3,118.4,4607554
2021-01-22 05:00:00+00:00,118.5,118.595,118.435,118.58,5003444
2021-01-25 05:00:00+00:00,118.75,119.06,118.71,119.06,6294295
2021-01-26 05:00:00+00:00,118.94,119.06,118.92,119.02,4501696
2021-01-27 05:00:00+00:00,119.22,119.34,119.12,119.16,5935188
2021-01-28 05:00:00+00:00,119.0,119.01,118.715,118.85,5602611
2021-01-29 05:00:00+00:00,118.505,118.79,118.47,118.64,8936324
2021-02-01 05:00:00+00:00,118.57,118.77,118.53,118.71,3890794
2021-02-02 05:00:00+00:00,118.34,118.46,118.3,118.41,3887114
2021-02-03 05:00:00+00:00,118.25,118.31,118.1,118.12,4299548
2021-02-04 05:00:00+00:00,117.98,118.13,117.89,118.08,2358791
2021-02-05 05:00:00+00:00,118.05,118.1753,117.83,117.83,5842718
2021-02-08 05:00:00+00:00,117.81,118.04,117.735,117.88,3063148
2021-02-09 05:00:00+00:00,118.01,118.13,117.92,117.97,4630717
2021-02-10 05:00:00+00:00,118.1,118.27,118.085,118.27,7341310
2021-02-11 05:00:00+00:00,118.27,118.3089,118.125,118.18,7280188
2021-02-12 05:00:00+00:00,117.89,118.02,117.7541,117.79,9275683
2021-02-16 05:00:00+00:00,117.265,117.38,116.86,116.94,10094132
2021-02-17 05:00:00+00:00,117.02,117.1681,116.88,117.02,5010104
2021-02-18 05:00:00+00:00,116.83,117.1001,116.74,117.01,4584104
2021-02-19 05:00:00+00:00,116.66,116.77,116.37,116.54,5992253
2021-02-22 05:00:00+00:00,116.45,116.67,116.26,116.35,3969943
2021-02-23 05:00:00+00:00,116.27,116.58,116.17,116.44,7409824
2021-02-24 05:00:00+00:00,115.86,116.34,115.79,116.28,7227651
2021-02-25 05:00:00+00:00,115.61,115.72,114.1,114.73,37983503
2021-02-26 05:00:00+00:00,115.14,115.81,114.71,115.76,28697883
2021-03-01 05:00:00+00:00,115.47,115.69,115.25,115.56,9779532
2021-03-02 05:00:00+00:00,115.46,115.78,115.41,115.77,6370735
2021-03-03 05:00:00+00:00,115.22,115.24,114.93,115.15,8564795
2021-03-04 05:00:00+00:00,115.14,115.27,114.41,114.58,12421432
2021-03-05 05:00:00+00:00,114.12,114.57,114.0214,114.42,8805670
2021-03-08 05:00:00+00:00,114.15,114.175,113.93,113.97,7523950
2021-03-09 05:00:00+00:00,114.47,114.605,114.29,114.51,7155095
2021-03-10 05:00:00+00:00,114.51,114.8565,114.45,114.75,5949163
2021-03-11 05:00:00+00:00,114.74,114.87,114.54,114.71,8206301
2021-03-12 05:00:00+00:00,113.9814,113.99,113.76,113.88,7546796
2021-03-15 04:00:00+00:00,113.95,114.13,113.9219,114.02,4565550
2021-03-16 04:00:00+00:00,114.15,114.235,113.87,114.0,5555483
2021-03-17 04:00:00+00:00,113.57,114.05,113.36,113.81,9022108
2021-03-18 04:00:00+00:00,112.9,113.23,112.7899,113.1,8391345
2021-03-19 04:00:00+00:00,112.86,113.2,112.83,113.03,8882888
2021-03-22 04:00:00+00:00,113.32,113.46,113.23,113.4,4809821
2021-03-23 04:00:00+00:00,113.65,113.98,113.568,113.96,8116930
2021-03-24 04:00:00+00:00,113.73,114.125,113.7,114.11,15028568
2021-03-25 04:00:00+00:00,114.17,114.24,113.79,113.96,11657095
2021-03-26 04:00:00+00:00,113.65,113.885,113.565,113.58,6691657
2021-03-29 04:00:00+00:00,113.68,113.69,113.09,113.19,6568073
2021-03-30 04:00:00+00:00,112.88,113.16,112.78,113.09,6037687
2021-03-31 04:00:00+00:00,113.06,113.185,112.79,112.93,8742804
2021-04-01 04:00:00+00:00,113.21,113.42,113.13,113.36,8782566
2021-04-05 04:00:00+00:00,112.97,113.129,112.8,113.04,10123273
2021-04-06 04:00:00+00:00,113.28,113.61,113.24,113.59,9380630
2021-04-07 04:00:00+00:00,113.565,113.795,113.48,113.52,6653516
2021-04-08 04:00:00+00:00,113.72,113.92,113.7,113.91,6672340
2021-04-09 04:00:00+00:00,113.54,113.815,113.44,113.61,6005292
2021-04-12 04:00:00+00:00,113.52,113.57,113.42,113.54,5475546
2021-04-13 04:00:00+00:00,113.57,114.01,113.54,114.01,7672204
2021-04-14 04:00:00+00:00,113.82,113.91,113.72,113.87,4890122
2021-04-15 04:00:00+00:00,114.23,114.765,114.225,114.6,9965927
2021-04-16 04:00:00+00:00,114.26,114.465,114.23,114.29,7334907
2021-04-19 04:00:00+00:00,114.1,114.36,114.04,114.17,5747913
2021-04-20 04:00:00+00:00,114.14,114.59,114.14,114.51,6477936
2021-04-21 04:00:00+00:00,114.5,114.625,114.34,114.57,7984003
2021-04-22 04:00:00+00:00,114.56,114.687,114.285,114.66,7925328
2021-04-23 04:00:00+00:00,114.64,114.65,114.33,114.51,5713010
2021-04-26 04:00:00+00:00,114.46,114.55,114.39,114.39,7847097
2021-04-27 04:00:00+00:00,114.23,114.33,113.935,113.94,8190151
2021-04-28 04:00:00+00:00,113.95,114.11,113.66,114.09,9011007
2021-04-29 04:00:00+00:00,113.55,113.9,113.4434,113.89,6172047
2021-04-30 04:00:00+00:00,113.94,114.03,113.77,113.99,5561696
2021-05-03 04:00:00+00:00,113.96,114.35,113.92,114.11,8960599
2021-05-04 04:00:00+00:00,114.34,114.56,114.2,114.26,11666002
2021-05-05 04:00:00+00:00,114.1423,114.43,114.1423,114.4,7141539
2021-05-06 04:00:00+00:00,114.32,114.5784,114.3,114.45,6553654
2021-05-07 04:00:00+00:00,114.72,114.9499,114.39,114.49,10958786
2021-05-10 04:00:00+00:00,114.535,114.63,114.21,114.26,6131404
2021-05-11 04:00:00+00:00,114.09,114.165,114.02,114.07,7111109
2021-05-12 04:00:00+00:00,113.65,113.73,113.47,113.52,15178769
2021-05-13 04:00:00+00:00,113.6571,113.94,113.59,113.9,8253775
2021-05-14 04:00:00+00:00,114.07,114.19,113.95,114.15,7959959
2021-05-17 04:00:00+00:00,114.07,114.12,113.99,114.04,6874440
2021-05-18 04:00:00+00:00,114.03,114.09,113.92,114.04,4467174
2021-05-19 04:00:00+00:00,114.02,114.25,113.595,113.7,13578781
2021-05-20 04:00:00+00:00,113.9,114.18,113.87,114.17,8917925
2021-05-21 04:00:00+00:00,114.28,114.31,114.08,114.21,7068408
2021-05-24 04:00:00+00:00,114.27,114.43,114.215,114.32,5036225
2021-05-25 04:00:00+00:00,114.44,114.76,114.44,114.74,5805639
2021-05-26 04:00:00+00:00,114.66,114.81,114.56,114.61,4557377
2021-05-27 04:00:00+00:00,114.36,114.41,114.2,114.41,6101213
2021-05-28 04:00:00+00:00,114.36,114.64,114.36,114.4,5773154
2021-06-01 04:00:00+00:00,114.1934,114.32,114.0471,114.3,9630621
2021-06-02 04:00:00+00:00,114.42,114.51,114.37,114.43,4335293
2021-06-03 04:00:00+00:00,114.33,114.33,114.09,114.14,3757995
2021-06-04 04:00:00+00:00,114.43,114.78,114.41,114.77,6541939
2021-06-07 04:00:00+00:00,114.63,114.72,114.6,114.68,3123181
2021-06-08 04:00:00+00:00,115.04,115.0699,114.96,115.01,4870828
2021-06-09 04:00:00+00:00,115.42,115.55,115.215,115.37,5850806
2021-06-10 04:00:00+00:00,115.12,115.79,115.07,115.78,6622677
2021-06-11 04:00:00+00:00,115.7,115.72,115.505,115.61,3982106
2021-06-14 04:00:00+00:00,115.49,115.5,115.195,115.25,3857520
2021-06-15 04:00:00+00:00,115.19,115.29,115.13,115.27,4265486
2021-06-16 04:00:00+00:00,115.32,115.38,114.31,114.48,13764870
2021-06-17 04:00:00+00:00,114.66,115.26,114.58,114.89,9192875
2021-06-18 04:00:00+00:00,115.04,115.58,114.81,115.54,13869403
2021-06-21 04:00:00+00:00,115.26,115.35,115.075,115.17,6681642
2021-06-22 04:00:00+00:00,115.04,115.41,115.01,115.38,5587946
2021-06-23 04:00:00+00:00,115.25,115.37,115.095,115.15,5526174
2021-06-24 04:00:00+00:00,115.15,115.28,115.08,115.13,3709205
2021-06-25 04:00:00+00:00,115.21,115.245,114.69,114.89,7382648
2021-06-28 04:00:00+00:00,115.11,115.36,115.1,115.25,5087988
2021-06-29 04:00:00+00:00,115.1,115.32,115.09,115.31,3413594
2021-06-30 04:00:00+00:00,115.48,115.66,115.46,115.49,6707239
2021-07-01 04:00:00+00:00,115.38,115.45,115.17,115.33,12148997
2021-07-02 04:00:00+00:00,115.47,115.75,115.44,115.75,5145915
2021-07-06 04:00:00+00:00,115.89,116.44,115.885,116.36,9265068
2021-07-07 04:00:00+00:00,116.58,116.91,116.47,116.7,7580999
2021-07-08 04:00:00+00:00,116.915,117.19,116.82,117.0,7425638
2021-07-09 04:00:00+00:00,116.52,116.54,116.395,116.41,5853671
2021-07-12 04:00:00+00:00,116.51,116.56,116.2599,116.35,3950919
2021-07-13 04:00:00+00:00,116.41,116.53,115.89,115.99,7008238
2021-07-14 04:00:00+00:00,116.305,116.52,116.21,116.49,6187651
2021-07-15 04:00:00+00:00,116.79,117.04,116.53,116.98,5844869
2021-07-16 04:00:00+00:00,116.67,116.98,116.66,116.96,3645263
2021-07-19 04:00:00+00:00,117.74,118.11,117.68,117.96,20913786
2021-07-20 04:00:00+00:00,118.47,118.52,117.71,117.81,8875644
2021-07-21 04:00:00+00:00,117.33,117.41,117.02,117.13,7737081
2021-07-22 04:00:00+00:00,117.13,117.64,117.12,117.4,6625286
2021-07-23 04:00:00+00:00,116.98,117.25,116.97,117.22,6956326
2021-07-26 04:00:00+00:00,117.4,117.4181,117.12,117.14,6222437
2021-07-27 04:00:00+00:00,117.62,117.71,117.51,117.64,9152602
2021-07-28 04:00:00+00:00,117.42,117.75,117.255,117.74,11651514
2021-07-29 04:00:00+00:00,117.31,117.53,117.28,117.38,6441230
2021-07-30 04:00:00+00:00,117.58,117.78,117.57,117.71,5756242
2021-08-02 04:00:00+00:00,117.82,118.38,117.71,118.15,23016180
2021-08-03 04:00:00+00:00,118.18,118.365,118.12,118.18,6746188
2021-08-04 04:00:00+00:00,118.53,118.63,117.78,118.15,7643553
2021-08-05 04:00:00+00:00,117.9,117.96,117.64,117.72,5321638
2021-08-06 04:00:00+00:00,117.14,117.25,117.0,117.03,8156731
2021-08-09 04:00:00+00:00,117.198,117.31,116.78,116.78,11004861
2021-08-10 04:00:00+00:00,116.845,116.88,116.55,116.56,7831059
2021-08-11 04:00:00+00:00,116.64,116.99,116.44,116.69,7458775
2021-08-12 04:00:00+00:00,116.57,116.6954,116.43,116.57,7140401
2021-08-13 04:00:00+00:00,116.745,117.24,116.73,117.24,7447966
2021-08-16 04:00:00+00:00,117.55,117.82,117.5,117.5,7122727
2021-08-17 04:00:00+00:00,117.48,117.7,117.415,117.44,7846482
2021-08-18 04:00:00+00:00,117.385,117.49,117.13,117.38,7091670
2021-08-19 04:00:00+00:00,117.63,117.7166,117.53,117.64,6374827
2021-08-20 04:00:00+00:00,117.64,117.705,117.41,117.53,6633926
2021-08-23 04:00:00+00:00,117.5,117.575,117.4,117.56,4172207
2021-08-24 04:00:00+00:00,117.41,117.51,117.205,117.24,3848487
2021-08-25 04:00:00+00:00,117.2,117.24,116.72,116.78,6137670
2021-08-26 04:00:00+00:00,116.72,116.83,116.59,116.78,7525050
2021-08-27 04:00:00+00:00,116.78,117.16,116.63,117.16,6863287
2021-08-30 04:00:00+00:00,117.14,117.4,117.1041,117.39,6904043
2021-08-31 04:00:00+00:00,117.33,117.49,117.12,117.17,7706828
2021-09-01 04:00:00+00:00,117.245,117.29,117.04,117.14,11996549
2021-09-02 04:00:00+00:00,117.27,117.28,117.14,117.28,3114406
2021-09-03 04:00:00+00:00,117.01,117.05,116.875,117.0,5122523
2021-09-07 04:00:00+00:00,116.59,116.68,116.435,116.54,8534490
2021-09-08 04:00:00+00:00,116.7,116.94,116.63,116.86,6415412
2021-09-09 04:00:00+00:00,116.91,117.32,116.81,117.19,7305302
2021-09-10 04:00:00+00:00,116.93,117.03,116.71,116.82,8540383
2021-09-13 04:00:00+00:00,116.93,117.06,116.905,116.96,4478297
2021-09-14 04:00:00+00:00,117.16,117.52,117.1,117.4,7270388
2021-09-15 04:00:00+00:00,117.33,117.35,117.0033,117.2,5261839
2021-09-16 04:00:00+00:00,116.785,117.01,116.68,116.83,5880829
2021-09-17 04:00:00+00:00,116.535,116.57,116.38,116.49,8056351
2021-09-20 04:00:00+00:00,116.91,117.21,116.82,117.08,9406382
2021-09-21 04:00:00+00:00,117.115,117.15,116.94,117.01,5098046
2021-09-22 04:00:00+00:00,117.01,117.22,116.79,117.12,11292294
2021-09-23 04:00:00+00:00,116.58,116.61,116.06,116.06,11096200
2021-09-24 04:00:00+00:00,115.9,115.91,115.64,115.71,11078683
2021-09-27 04:00:00+00:00,115.4,115.6,115.37,115.4,7286192
2021-09-28 04:00:00+00:00,114.98,115.2181,114.725,114.96,10724567
2021-09-29 04:00:00+00:00,115.2,115.355,114.865,115.08,8759402
2021-09-30 04:00:00+00:00,114.97,115.26,114.92,115.22,7513305
2021-10-01 04:00:00+00:00,115.355,115.66,115.26,115.61,20113198
2021-10-04 04:00:00+00:00,115.41,115.665,115.26,115.47,7838308
2021-10-05 04:00:00+00:00,115.29,115.32,114.99,115.11,7072348
2021-10-06 04:00:00+00:00,115.15,115.26,115.05,115.14,7588841
2021-10-07 04:00:00+00:00,114.875,114.91,114.67,114.68,9313679
2021-10-08 04:00:00+00:00,114.62,114.62,114.3,114.43,10292852
2021-10-11 04:00:00+00:00,114.23,114.32,114.13,114.15,2393790
2021-10-12 04:00:00+00:00,114.35,114.71,114.28,114.67,8043977
2021-10-13 04:00:00+00:00,114.74,115.05,114.68,114.89,11945996
2021-10-14 04:00:00+00:00,115.02,115.205,114.895,115.16,10106933
2021-10-15 04:00:00+00:00,114.74,114.77,114.53,114.59,9211654
2021-10-18 04:00:00+00:00,114.25,114.52,114.07,114.43,9254039
2021-10-19 04:00:00+00:00,114.27,114.315,114.0,114.02,7694321
2021-10-20 04:00:00+00:00,114.02,114.21,113.94,113.97,6414574
2021-10-21 04:00:00+00:00,113.9,113.95,113.63,113.67,7234804
2021-10-22 04:00:00+00:00,113.78,114.05,113.67,113.96,10413547
2021-10-25 04:00:00+00:00,113.98,114.22,113.98,114.1,5042645
2021-10-26 04:00:00+00:00,114.12,114.24,113.9,114.24,5818801
2021-10-27 04:00:00+00:00,114.64,115.06,114.32,114.88,17199192
2021-10-28 04:00:00+00:00,114.76,114.91,114.46,114.58,10637537
2021-10-29 04:00:00+00:00,114.27,114.86,114.19,114.63,11656993
2021-11-01 04:00:00+00:00,114.22,114.63,114.19,114.54,14876177
2021-11-02 04:00:00+00:00,114.67,114.96,114.66,114.82,12463978
2021-11-03 04:00:00+00:00,114.84,114.88,114.27,114.46,17633926
2021-11-04 04:00:00+00:00,114.66,115.17,114.66,115.08,13319514
2021-11-05 04:00:00+00:00,115.335,115.81,115.22,115.71,13445788
2021-11-08 05:00:00+00:00,115.52,115.52,115.16,115.21,7609788
2021-11-09 05:00:00+00:00,115.695,115.98,115.65,115.74,12576217
2021-11-10 05:00:00+00:00,115.54,115.57,114.54,114.75,19729231
2021-11-11 05:00:00+00:00,114.75,114.8,114.38,114.38,4562435
2021-11-12 05:00:00+00:00,114.8,114.94,114.52,114.62,11092101
2021-11-15 05:00:00+00:00,114.55,114.5786,114.13,114.17,8353823
2021-11-16 05:00:00+00:00,114.18,114.4,114.05,114.07,6762444
2021-11-17 05:00:00+00:00,114.07,114.49,114.05,114.48,10102252
2021-11-18 05:00:00+00:00,114.31,114.58,114.29,114.55,10467974
2021-11-19 05:00:00+00:00,114.92,115.11,114.79,114.86,11462374
2021-11-22 05:00:00+00:00,114.33,114.435,113.945,114.02,11288687
2021-11-23 05:00:00+00:00,113.82,113.88,113.55,113.55,12053636
2021-11-24 05:00:00+00:00,113.57,113.92,113.5,113.9,8629251
2021-11-26 05:00:00+00:00,114.98,115.39,114.92,115.37,14605920
2021-11-29 05:00:00+00:00,114.692,115.195,114.66,115.11,14781077
2021-11-30 05:00:00+00:00,115.82,116.145,115.22,115.8,20170946
2021-12-01 05:00:00+00:00,115.298,115.93,115.155,115.93,25297507
2021-12-02 05:00:00+00:00,115.9,115.95,115.41,115.68,11880936
2021-12-03 05:00:00+00:00,115.49,116.64,115.39,116.36,20465119
2021-12-06 05:00:00+00:00,116.19,116.28,115.65,115.78,10175495
2021-12-07 05:00:00+00:00,115.46,115.7,115.255,115.34,7869978
2021-12-08 05:00:00+00:00,115.17,115.2,114.815,114.97,11412389
2021-12-09 05:00:00+00:00,115.25,115.44,115.1,115.26,9369100
2021-12-10 05:00:00+00:00,115.44,115.655,115.28,115.34,5332881
2021-12-13 05:00:00+00:00,115.63,115.985,115.61,115.89,5978346
2021-12-14 05:00:00+00:00,115.65,115.805,115.4305,115.69,4870359
2021-12-15 05:00:00+00:00,115.41,115.73,115.28,115.52,8617013
2021-12-16 05:00:00+00:00,115.58,115.905,115.5584,115.75,9233949
2021-12-17 05:00:00+00:00,116.12,116.335,115.94,116.01,8046222
2021-12-20 05:00:00+00:00,116.2,116.35,115.88,115.91,14482137
2021-12-21 05:00:00+00:00,115.49,115.54,115.23,115.45,7874655
2021-12-22 05:00:00+00:00,115.63,115.64,115.335,115.56,5721108
2021-12-23 05:00:00+00:00,115.48,115.49,115.18,115.32,7352797
2021-12-27 05:00:00+00:00,115.28,115.42,115.25,115.36,3953554
2021-12-28 05:00:00+00:00,115.55,115.58,115.28,115.34,8471415
2021-12-29 05:00:00+00:00,114.97,115.07,114.665,114.75,12613054
2021-12-30 05:00:00+00:00,114.98,115.14,114.79,115.13,10669252
2021-12-31 05:00:00+00:00,115.16,115.31,115.0,115.0,7813981
2022-01-03 05:00:00+00:00,114.37,114.41,113.93,113.93,33747070
2022-01-04 05:00:00+00:00,113.67,113.89,113.58,113.87,16495147
2022-01-05 05:00:00+00:00,113.89,113.9,113.31,113.39,13819245
2022-01-06 05:00:00+00:00,113.13,113.2078,112.98,113.11,11576113
2022-01-07 05:00:00+00:00,112.96,113.0,112.47,112.74,13653715
2022-01-10 05:00:00+00:00,112.45,112.75,112.38,112.71,8633471
2022-01-11 05:00:00+00:00,112.66,112.99,112.5601,112.98,8315184
2022-01-12 05:00:00+00:00,113.17,113.43,112.98,113.0,8074997
2022-01-13 05:00:00+00:00,113.07,113.4,112.975,113.36,9006636
2022-01-14 05:00:00+00:00,113.07,113.09,112.545,112.58,10783005
2022-01-18 05:00:00+00:00,112.1,112.195,111.69,111.73,11955814
2022-01-19 05:00:00+00:00,111.91,112.2152,111.8448,112.0,10651768
2022-01-20 05:00:00+00:00,112.175,112.24,112.03,112.24,8381040
2022-01-21 05:00:00+00:00,112.87,113.05,112.65,112.89,13933432
2022-01-24 05:00:00+00:00,113.24,113.285,112.77,112.79,22926264
2022-01-25 05:00:00+00:00,112.89,113.085,112.5737,112.64,13878382
2022-01-26 05:00:00+00:00,112.66,112.7614,111.84,111.84,13658378
2022-01-27 05:00:00+00:00,112.11,112.52,112.09,112.31,12010250
2022-01-28 05:00:00+00:00,112.15,112.66,112.12,112.57,7215647
2022-01-31 05:00:00+00:00,112.36,112.65,112.29,112.57,8561241
2022-02-01 05:00:00+00:00,112.5,112.54,112.13,112.31,16587492
2022-02-02 05:00:00+00:00,112.4,112.813,112.4,112.54,6528053
2022-02-03 05:00:00+00:00,112.04,112.16,111.92,112.06,8866734
2022-02-04 05:00:00+00:00,111.42,111.45,111.09,111.2,9136759
2022-02-07 05:00:00+00:00,111.23,111.345,111.09,111.23,10545586
2022-02-08 05:00:00+00:00,110.93,110.99,110.81,110.87,8296905
2022-02-09 05:00:00+00:00,111.13,111.37,110.98,111.02,10322024
2022-02-10 05:00:00+00:00,110.612,110.68,109.96,110.0,17167440
2022-02-11 05:00:00+00:00,110.47,111.23,109.92,111.14,18661337
2022-02-14 05:00:00+00:00,110.54,110.83,110.2099,110.37,11262531
2022-02-15 05:00:00+00:00,110.05,110.2363,109.96,110.04,8820271
2022-02-16 05:00:00+00:00,110.32,110.344,109.94,110.27,9341620
2022-02-17 05:00:00+00:00,110.53,110.9,110.52,110.86,9404396
2022-02-18 05:00:00+00:00,111.04,111.23,110.965,111.22,9088365
2022-02-22 05:00:00+00:00,110.97,111.22,110.84,111.21,9080099
2022-02-23 05:00:00+00:00,110.8,110.9,110.51,110.63,9269510
2022-02-24 05:00:00+00:00,111.52,111.545,110.73,110.89,19455056
2022-02-25 05:00:00+00:00,110.72,110.88,110.48,110.86,8539660
2022-02-28 05:00:00+00:00,111.62,112.14,111.58,112.12,13496535
2022-03-01 05:00:00+00:00,112.6,113.485,112.55,113.11,34721772
2022-03-02 05:00:00+00:00,112.46,112.56,111.39,111.41,12849308
2022-03-03 05:00:00+00:00,111.685,112.1,111.49,111.89,12617741
2022-03-04 05:00:00+00:00,112.88,113.3,112.765,113.0,21329068
2022-03-07 05:00:00+00:00,112.465,113.08,112.44,112.52,13808697
2022-03-08 05:00:00+00:00,111.87,112.07,111.645,111.79,11668701
2022-03-09 05:00:00+00:00,111.33,111.43,110.98,111.1,7944006
2022-03-10 05:00:00+00:00,110.72,110.8302,110.36,110.59,11659727
2022-03-11 05:00:00+00:00,110.47,110.7,110.35,110.56,5878999
2022-03-14 04:00:00+00:00,109.67,109.74,109.16,109.16,8947056
2022-03-15 04:00:00+00:00,109.74,109.8,109.03,109.11,10370461
2022-03-16 04:00:00+00:00,109.0,109.12,108.245,108.96,13020353
2022-03-17 04:00:00+00:00,109.03,109.24,108.55,108.75,7430098
2022-03-18 04:00:00+00:00,108.93,109.22,108.93,109.07,7687350
2022-03-21 04:00:00+00:00,108.28,108.445,107.5705,107.65,11271101
2022-03-22 04:00:00+00:00,107.2,107.24,106.97,107.06,7947100
2022-03-23 04:00:00+00:00,107.32,107.78,107.09,107.78,11784516
2022-03-24 04:00:00+00:00,107.15,107.5,107.11,107.18,11297250
2022-03-25 04:00:00+00:00,106.69,106.7,105.97,106.08,9275049
2022-03-28 04:00:00+00:00,106.25,106.695,106.122,106.32,13390306
2022-03-29 04:00:00+00:00,106.58,106.98,106.35,106.85,7722771
2022-03-30 04:00:00+00:00,106.63,107.3,106.56,107.27,6663981
2022-03-31 04:00:00+00:00,107.43,107.62,107.27,107.47,9692845
2022-04-01 04:00:00+00:00,106.31,107.01,106.2001,106.65,10795019
2022-04-04 04:00:00+00:00,106.76,106.78,106.38,106.58,8584075
2022-04-05 04:00:00+00:00,106.27,106.29,105.2,105.31,9925936
2022-04-06 04:00:00+00:00,104.65,105.315,104.65,104.94,9103027
2022-04-07 04:00:00+00:00,104.68,104.97,104.46,104.68,5518941
2022-04-08 04:00:00+00:00,104.08,104.42,103.995,104.15,8132539
2022-04-11 04:00:00+00:00,103.78,103.9,103.52,103.65,7379424
2022-04-12 04:00:00+00:00,104.19,104.585,104.025,104.15,13015096
2022-04-13 04:00:00+00:00,104.44,104.91,104.31,104.38,6457826
2022-04-14 04:00:00+00:00,104.23,104.27,103.32,103.44,6311331
2022-04-18 04:00:00+00:00,103.53,103.545,103.11,103.14,4718800
2022-04-19 04:00:00+00:00,102.74,102.93,102.39,102.46,7122263
2022-04-20 04:00:00+00:00,102.88,103.42,102.76,103.26,7625442
2022-04-21 04:00:00+00:00,102.97,102.98,102.27,102.69,9556999
2022-04-22 04:00:00+00:00,102.43,103.02,102.38,102.74,5549723
2022-04-25 04:00:00+00:00,103.55,103.975,103.34,103.4,9142406
2022-04-26 04:00:00+00:00,104.098,104.27,103.763,104.09,9974366
2022-04-27 04:00:00+00:00,104.03,104.125,103.46,103.51,8252801
2022-04-28 04:00:00+00:00,103.16,103.39,102.96,103.36,7172001
2022-04-29 04:00:00+00:00,102.6,103.21,102.55,102.81,10370499
2022-05-02 04:00:00+00:00,102.15,102.22,101.82,101.92,11710753
2022-05-03 04:00:00+00:00,102.52,102.6,102.015,102.04,8250616
2022-05-04 04:00:00+00:00,102.0,102.78,101.805,102.7,12212623
2022-05-05 04:00:00+00:00,101.89,102.03,101.1543,101.67,12019733
2022-05-06 04:00:00+00:00,101.15,101.605,100.99,101.09,12842548
2022-05-09 04:00:00+00:00,101.14,101.89,101.09,101.84,7419667
2022-05-10 04:00:00+00:00,102.31,102.575,102.115,102.18,8411132
2022-05-11 04:00:00+00:00,101.93,102.85,101.7939,102.81,7479106
2022-05-12 04:00:00+00:00,103.12,103.57,103.0065,103.15,8449836
2022-05-13 04:00:00+00:00,102.87,102.94,102.5533,102.61,6339512
2022-05-16 04:00:00+00:00,102.98,103.325,102.87,103.04,3563109
2022-05-17 04:00:00+00:00,102.35,102.65,102.23,102.26,4297399
2022-05-18 04:00:00+00:00,102.26,103.1,102.1909,102.99,4488012
2022-05-19 04:00:00+00:00,103.9,103.93,103.28,103.36,5485404
2022-05-20 04:00:00+00:00,103.3,103.9899,103.27,103.84,6250128
2022-05-23 04:00:00+00:00,103.57,103.77,103.2,103.21,6460952
2022-05-24 04:00:00+00:00,103.74,104.4701,103.71,104.1,7347262
2022-05-25 04:00:00+00:00,104.47,104.47,104.065,104.31,4805114
2022-05-26 04:00:00+00:00,104.365,104.41,103.875,104.26,3665499
2022-05-27 04:00:00+00:00,104.45,104.59,104.22,104.41,2690257
2022-05-31 04:00:00+00:00,103.615,103.63,103.15,103.32,6806519
2022-06-01 04:00:00+00:00,103.265,103.37,102.42,102.61,6154002
2022-06-02 04:00:00+00:00,102.91,102.92,102.515,102.76,3800170
2022-06-03 04:00:00+00:00,102.36,102.65,102.33,102.56,3092203
2022-06-06 04:00:00+00:00,102.31,102.405,101.73,101.79,5266613
2022-06-07 04:00:00+00:00,102.055,102.43,102.0392,102.2,3641187
2022-06-08 04:00:00+00:00,102.01,102.17,101.805,101.82,3049534
2022-06-09 04:00:00+00:00,101.69,101.94,101.51,101.73,4673910
2022-06-10 04:00:00+00:00,101.21,101.31,100.595,100.73,4800836
2022-06-13 04:00:00+00:00,99.66,99.8,98.42,98.94,9231656
2022-06-14 04:00:00+00:00,99.16,99.295,97.985,98.15,8307864
2022-06-15 04:00:00+00:00,98.95,99.56,98.4,99.52,10783001
2022-06-16 04:00:00+00:00,98.55,100.22,98.425,100.17,9403393
2022-06-17 04:00:00+00:00,100.26,100.46,99.55,100.2,7122784
2022-06-21 04:00:00+00:00,99.66,99.945,99.5548,99.68,10583349
2022-06-22 04:00:00+00:00,100.84,101.12,100.71,100.94,10069407
2022-06-23 04:00:00+00:00,101.56,102.17,101.395,101.51,9703445
2022-06-24 04:00:00+00:00,101.38,101.76,101.07,101.15,5148835
2022-06-27 04:00:00+00:00,100.57,101.02,100.45,100.58,5861876
2022-06-28 04:00:00+00:00,100.47,100.7403,100.325,100.71,4045531
2022-06-29 04:00:00+00:00,100.88,101.52,100.79,101.52,3845673
2022-06-30 04:00:00+00:00,102.1,102.54,102.01,102.3,5899335
2022-07-01 04:00:00+00:00,103.12,103.97,102.98,103.24,64307503
2022-07-05 04:00:00+00:00,103.75,104.02,103.44,103.62,7532665
2022-07-06 04:00:00+00:00,104.0,104.01,102.72,102.74,5065880
2022-07-07 04:00:00+00:00,102.77,102.77,102.03,102.11,4420151
2022-07-08 04:00:00+00:00,101.83,101.84,101.3674,101.49,4481970
2022-07-11 04:00:00+00:00,102.03,102.455,101.975,102.29,3169314
2022-07-12 04:00:00+00:00,102.83,103.03,102.45,102.53,3835945
2022-07-13 04:00:00+00:00,101.91,103.0514,101.775,102.97,7039792
2022-07-14 04:00:00+00:00,102.2,102.64,101.93,102.4,6285385
2022-07-15 04:00:00+00:00,102.47,102.99,102.44,102.75,4145037
2022-07-18 04:00:00+00:00,102.42,102.6031,102.03,102.45,3409516
2022-07-19 04:00:00+00:00,102.32,102.41,101.88,101.98,3369145
2022-07-20 04:00:00+00:00,102.48,102.49,101.8,101.88,53701369
2022-07-21 04:00:00+00:00,102.29,103.04,102.19,103.04,6022671
2022-07-22 04:00:00+00:00,104.0,104.46,103.82,104.22,8046867
2022-07-25 04:00:00+00:00,103.58,103.9,103.55,103.85,3199179
2022-07-26 04:00:00+00:00,104.55,104.695,103.85,103.89,4894950
2022-07-27 04:00:00+00:00,104.14,104.61,104.02,104.1,7870413
2022-07-28 04:00:00+00:00,105.1,105.32,104.745,105.13,6084485
2022-07-29 04:00:00+00:00,104.92,105.575,104.81,105.17,6080974
2022-08-01 04:00:00+00:00,105.29,105.67,105.13,105.6,11020161
2022-08-02 04:00:00+00:00,105.56,105.745,104.07,104.14,10446473
2022-08-03 04:00:00+00:00,103.975,104.58,103.425,104.57,8961701
2022-08-04 04:00:00+00:00,104.68,105.125,104.53,105.1,11152327
2022-08-05 04:00:00+00:00,103.73,103.765,103.35,103.58,11315498
2022-08-08 04:00:00+00:00,104.0,104.2375,103.91,104.19,7263693
2022-08-09 04:00:00+00:00,103.9,104.079,103.78,103.88,4047268
2022-08-10 04:00:00+00:00,104.35,104.71,103.93,103.94,7634102
2022-08-11 04:00:00+00:00,104.18,104.29,103.14,103.25,8954200
2022-08-12 04:00:00+00:00,103.65,103.695,103.32,103.66,4357435
2022-08-15 04:00:00+00:00,104.17,104.325,103.95,103.99,3972176
2022-08-16 04:00:00+00:00,103.79,103.91,103.39,103.87,3502118
2022-08-17 04:00:00+00:00,103.31,103.36,102.96,103.17,7530137
2022-08-18 04:00:00+00:00,103.445,103.73,103.28,103.37,4041119
2022-08-19 04:00:00+00:00,102.62,102.685,102.36,102.48,7360704
2022-08-22 04:00:00+00:00,102.4,102.45,101.975,102.03,4720200
2022-08-23 04:00:00+00:00,101.86,102.49,101.71,101.78,8040237
2022-08-24 04:00:00+00:00,101.54,101.64,101.29,101.44,3685125
2022-08-25 04:00:00+00:00,101.52,102.13,101.39,102.09,6963272
2022-08-26 04:00:00+00:00,101.86,102.23,101.62,101.97,5814452
2022-08-29 04:00:00+00:00,101.58,101.58,101.25,101.39,4744752
2022-08-30 04:00:00+00:00,101.385,101.72,101.02,101.36,5059377
2022-08-31 04:00:00+00:00,101.21,101.44,100.77,100.94,6418845
2022-09-01 04:00:00+00:00,100.09,100.31,99.73,99.96,11476197
2022-09-02 04:00:00+00:00,100.36,100.79,100.22,100.52,6776616
2022-09-06 04:00:00+00:00,99.905,99.935,99.35,99.4,7605968
2022-09-07 04:00:00+00:00,99.79,100.165,99.74,100.05,8157766
2022-09-08 04:00:00+00:00,100.04,100.26,99.68,99.68,6706927
2022-09-09 04:00:00+00:00,99.9,100.09,99.57,99.69,5977026
2022-09-12 04:00:00+00:00,99.97,100.05,99.27,99.45,4246927
2022-09-13 04:00:00+00:00,98.76,98.95,98.645,98.89,5325623
2022-09-14 04:00:00+00:00,98.74,99.18,98.69,98.94,4048238
2022-09-15 04:00:00+00:00,98.67,98.79,98.495,98.6,4841638
2022-09-16 04:00:00+00:00,98.515,98.99,98.45,98.68,4798037
2022-09-19 04:00:00+00:00,98.31,98.605,98.24,98.4,3998579
2022-09-20 04:00:00+00:00,97.7,98.04,97.535,97.79,5033552
2022-09-21 04:00:00+00:00,97.96,98.28,97.295,98.18,5603248
2022-09-22 04:00:00+00:00,97.16,97.22,96.585,96.7,6931597
2022-09-23 04:00:00+00:00,96.66,96.97,96.28,96.82,7863494
2022-09-26 04:00:00+00:00,96.29,96.3,95.07,95.21,8242334
2022-09-27 04:00:00+00:00,95.24,95.3478,94.51,94.56,8951079
2022-09-28 04:00:00+00:00,95.9,96.795,95.52,96.69,8842451
2022-09-29 04:00:00+00:00,95.98,96.58,95.89,96.24,6281359
2022-09-30 04:00:00+00:00,96.66,96.88,95.66,95.99,9130463
2022-10-03 04:00:00+00:00,96.72,97.65,96.49,96.94,11609513
2022-10-04 04:00:00+00:00,97.33,97.695,96.96,97.14,8459278
2022-10-05 04:00:00+00:00,96.555,96.59,95.98,96.22,9531346
2022-10-06 04:00:00+00:00,96.06,96.185,95.56,95.69,12084297
2022-10-07 04:00:00+00:00,95.19,95.53,95.07,95.22,5538274
2022-10-10 04:00:00+00:00,95.08,95.14,94.32,94.66,4062010
2022-10-11 04:00:00+00:00,94.98,95.43,94.64,94.9,5713603
2022-10-12 04:00:00+00:00,94.77,95.335,94.71,95.21,6088807
2022-10-13 04:00:00+00:00,93.98,95.24,93.97,94.81,6433411
2022-10-14 04:00:00+00:00,95.32,95.33,94.23,94.28,6117115
2022-10-17 04:00:00+00:00,94.96,95.1101,94.325,94.38,3446940
2022-10-18 04:00:00+00:00,94.63,94.8,94.07,94.62,4130507
2022-10-19 04:00:00+00:00,93.88,94.0727,93.56,93.63,6030718
2022-10-20 04:00:00+00:00,93.41,93.65,92.855,92.93,5902243
2022-10-21 04:00:00+00:00,92.6,93.325,92.48,93.14,7666545
2022-10-24 04:00:00+00:00,93.11,93.43,92.69,93.02,6629811
2022-10-25 04:00:00+00:00,94.04,94.44,93.96,94.18,7076609
2022-10-26 04:00:00+00:00,94.41,94.82,94.4,94.66,7170911
2022-10-27 04:00:00+00:00,94.96,95.465,94.67,95.33,7400956
2022-10-28 04:00:00+00:00,94.72,95.19,94.575,94.84,6148617
2022-10-31 04:00:00+00:00,94.43,94.56,94.01,94.41,5140284
2022-11-01 04:00:00+00:00,94.96,94.99,94.03,94.19,6466766
2022-11-02 04:00:00+00:00,94.31,94.8701,93.79,94.03,8073663
2022-11-03 04:00:00+00:00,93.19,93.7935,93.18,93.62,8758034
2022-11-04 04:00:00+00:00,93.64,93.95,93.4,93.42,6433402
2022-11-07 05:00:00+00:00,93.535,93.59,93.07,93.09,4655154
2022-11-08 05:00:00+00:00,93.35,93.88,93.32,93.71,5227757
2022-11-09 05:00:00+00:00,93.605,94.09,93.54,94.03,3775561
2022-11-10 05:00:00+00:00,95.43,96.18,95.43,96.14,10709633
2022-11-11 05:00:00+00:00,95.7,96.0599,95.65,95.94,3026883
2022-11-14 05:00:00+00:00,95.84,95.845,95.53,95.71,4489170
2022-11-15 05:00:00+00:00,96.18,96.49,95.94,96.42,7094564
2022-11-16 05:00:00+00:00,96.87,97.225,96.64,97.13,6363209
2022-11-17 05:00:00+00:00,96.53,96.63,96.26,96.47,6289830
2022-11-18 05:00:00+00:00,96.47,96.59,96.105,96.13,3332763
2022-11-21 05:00:00+00:00,96.54,96.605,96.04,96.07,4748261
2022-11-22 05:00:00+00:00,96.48,96.715,96.375,96.62,5953731
2022-11-23 05:00:00+00:00,96.75,97.18,96.65,97.14,5581824
2022-11-25 05:00:00+00:00,96.87,97.12,96.845,97.11,1397615
2022-11-28 05:00:00+00:00,97.22,97.35,97.01,97.15,4647854
2022-11-29 05:00:00+00:00,96.76,97.075,96.705,96.74,3531612
2022-11-30 05:00:00+00:00,96.57,97.61,96.4,97.61,7977176
2022-12-01 05:00:00+00:00,97.6,98.5,97.57,98.48,18067797
2022-12-02 05:00:00+00:00,97.92,98.69,97.61,98.68,5965028
2022-12-05 05:00:00+00:00,98.09,98.13,97.63,97.68,6901442
2022-12-06 05:00:00+00:00,97.93,98.41,97.845,98.28,6081154
2022-12-07 05:00:00+00:00,98.68,99.25,98.62,99.14,5638706
2022-12-08 05:00:00+00:00,98.62,98.875,98.45,98.58,5610463
2022-12-09 05:00:00+00:00,98.29,98.37,97.85,97.85,4685122
2022-12-12 05:00:00+00:00,98.3,98.39,97.5841,97.71,5546129
2022-12-13 05:00:00+00:00,99.14,99.26,98.495,98.59,8639844
2022-12-14 05:00:00+00:00,98.65,98.99,98.205,98.86,6728940
2022-12-15 05:00:00+00:00,98.81,99.01,98.55,98.86,4651414
2022-12-16 05:00:00+00:00,98.17,98.79,98.07,98.61,4793663
2022-12-19 05:00:00+00:00,98.05,98.06,97.73,97.81,4281682
2022-12-20 05:00:00+00:00,97.08,97.31,96.99,97.1,4464327
2022-12-21 05:00:00+00:00,97.5,97.54,97.0852,97.22,4686370
2022-12-22 05:00:00+00:00,97.24,97.48,97.14,97.19,2292360
2022-12-23 05:00:00+00:00,96.73,96.95,96.69,96.75,3451522
2022-12-27 05:00:00+00:00,96.22,96.41,95.9,95.94,5125400
2022-12-28 05:00:00+00:00,96.08,96.16,95.69,95.71,3465861
2022-12-29 05:00:00+00:00,95.97,96.265,95.915,96.18,4284240
2022-12-30 05:00:00+00:00,95.86,96.27,95.615,95.78,5391810
2023-01-03 05:00:00+00:00,96.91,96.995,96.34,96.53,7514118
2023-01-04 05:00:00+00:00,97.34,97.42,96.99,97.27,8566078
2023-01-05 05:00:00+00:00,96.7,97.22,96.5697,97.13,3488278
2023-01-06 05:00:00+00:00,97.17,98.43,97.08,98.38,7458371
2023-01-09 05:00:00+00:00,98.26,98.81,98.2,98.63,5332786
2023-01-10 05:00:00+00:00,98.22,98.33,97.825,98.01,4338204
2023-01-11 05:00:00+00:00,98.3,98.66,98.24,98.64,7290854
2023-01-12 05:00:00+00:00,98.96,99.52,98.48,99.52,6000901
2023-01-13 05:00:00+00:00,99.26,99.5,98.86,98.99,5875119
2023-01-17 05:00:00+00:00,98.66,99.0247,98.64,98.68,3976400
2023-01-18 05:00:00+00:00,99.87,100.06,99.55,100.02,8271867
2023-01-19 05:00:00+00:00,99.82,99.978,99.63,99.83,4534601
2023-01-20 05:00:00+00:00,99.32,99.445,99.06,99.17,9065274
2023-01-23 05:00:00+00:00,98.84,99.14,98.805,98.85,4682465
2023-01-24 05:00:00+00:00,98.98,99.435,98.65,99.42,3814548
2023-01-25 05:00:00+00:00,99.49,99.73,99.21,99.53,3053284
2023-01-26 05:00:00+00:00,99.34,99.525,99.0301,99.17,3322545
2023-01-27 05:00:00+00:00,98.8,99.02,98.77,99.02,6002275
2023-01-30 05:00:00+00:00,98.74,98.95,98.6579,98.71,2767571
2023-01-31 05:00:00+00:00,99.16,99.25,98.74,99.21,5231991
2023-02-01 05:00:00+00:00,99.2,99.77,98.83,99.71,20407737
2023-02-02 05:00:00+00:00,100.02,100.205,99.6445,99.67,5841374
2023-02-03 05:00:00+00:00,98.81,99.0,98.47,98.6,5624659
2023-02-06 05:00:00+00:00,97.9,98.04,97.7,97.75,6093719
2023-02-07 05:00:00+00:00,97.65,98.13,97.46,97.51,5954703
2023-02-08 05:00:00+00:00,97.61,97.88,97.4,97.87,6428794
2023-02-09 05:00:00+00:00,98.12,98.14,97.32,97.43,8593992
2023-02-10 05:00:00+00:00,97.35,97.38,96.89,96.96,5944989
2023-02-13 05:00:00+00:00,96.97,97.24,96.95,97.19,18446051
2023-02-14 05:00:00+00:00,96.89,97.1161,96.49,96.75,7399844
2023-02-15 05:00:00+00:00,96.58,96.795,96.33,96.46,5149585
2023-02-16 05:00:00+00:00,96.23,96.43,96.05,96.14,27380702
2023-02-17 05:00:00+00:00,95.925,96.435,95.8999,96.41,4908326
2023-02-21 05:00:00+00:00,95.75,95.83,95.335,95.36,12280725
2023-02-22 05:00:00+00:00,95.64,95.81,95.48,95.53,31605772
2023-02-23 05:00:00+00:00,95.56,96.0,95.51,95.9,7658067
2023-02-24 05:00:00+00:00,95.29,95.45,95.11,95.32,11260626
2023-02-27 05:00:00+00:00,95.66,95.76,95.45,95.61,4301534
2023-02-28 05:00:00+00:00,95.32,95.79,95.195,95.76,4962355
2023-03-01 05:00:00+00:00,95.135,95.3,94.75,94.8,8613222
2023-03-02 05:00:00+00:00,94.29,94.49,94.21,94.41,13167616
2023-03-03 05:00:00+00:00,94.91,95.17,94.63,95.17,6059305
2023-03-06 05:00:00+00:00,95.39,95.42,94.9343,95.0,3891721
2023-03-07 05:00:00+00:00,95.17,95.29,94.78,95.01,5370935
2023-03-08 05:00:00+00:00,95.38,95.56,94.86,94.98,5238730
2023-03-09 05:00:00+00:00,95.14,95.72,95.08,95.57,12806971
2023-03-10 05:00:00+00:00,96.81,97.415,96.67,97.33,11626916
2023-03-13 04:00:00+00:00,98.95,99.415,98.14,98.51,24803865
2023-03-14 04:00:00+00:00,98.09,98.18,97.38,97.58,48544438
2023-03-15 04:00:00+00:00,99.255,99.78,98.52,98.99,25907384
2023-03-16 04:00:00+00:00,99.53,99.76,97.98,98.1,14439658
2023-03-17 04:00:00+00:00,98.86,99.625,98.77,99.26,12329888
2023-03-20 04:00:00+00:00,99.42,99.43,98.63,98.86,8427931
2023-03-21 04:00:00+00:00,98.18,98.455,97.86,98.0,10290243
2023-03-22 04:00:00+00:00,97.83,99.37,97.7499,99.29,11617963
2023-03-23 04:00:00+00:00,99.13,99.94,98.98,99.86,7194067
2023-03-24 04:00:00+00:00,100.44,100.58,99.76,99.89,9293954
2023-03-27 04:00:00+00:00,98.94,99.14,98.625,98.66,9373589
2023-03-28 04:00:00+00:00,98.452,98.745,98.36,98.6,13631271
2023-03-29 04:00:00+00:00,98.23,98.62,98.19,98.43,13630608
2023-03-30 04:00:00+00:00,98.34,98.67,98.31,98.58,4316852
2023-03-31 04:00:00+00:00,98.74,99.185,98.58,99.12,6349596
2023-04-03 04:00:00+00:00,98.81,99.56,98.735,99.39,7584835
2023-04-04 04:00:00+00:00,98.97,100.14,98.95,100.03,6995477
2023-04-05 04:00:00+00:00,100.4,100.765,100.3001,100.45,6497844
2023-04-06 04:00:00+00:00,100.49,100.72,100.46,100.48,4453562
2023-04-10 04:00:00+00:00,99.69,99.755,99.37,99.49,6073171
2023-04-11 04:00:00+00:00,99.565,99.58,99.22,99.45,5636535
2023-04-12 04:00:00+00:00,99.91,99.95,99.29,99.74,5873603
2023-04-13 04:00:00+00:00,99.9,100.065,99.33,99.41,39870562
2023-04-14 04:00:00+00:00,99.08,99.1,98.79,98.92,5258894
2023-04-17 04:00:00+00:00,98.54,98.6,98.26,98.29,5697761
2023-04-18 04:00:00+00:00,98.32,98.67,98.3,98.45,5082787
2023-04-19 04:00:00+00:00,98.22,98.31,97.98,98.24,4896040
2023-04-20 04:00:00+00:00,98.78,98.8874,98.68,98.81,4886996
2023-04-21 04:00:00+00:00,99.02,99.1,98.49,98.57,6386738
2023-04-24 04:00:00+00:00,98.84,99.07,98.77,99.05,5486033
2023-04-25 04:00:00+00:00,99.61,100.07,99.59,100.03,13403672
2023-04-26 04:00:00+00:00,100.01,100.13,99.485,99.64,5921138
2023-04-27 04:00:00+00:00,99.23,99.28,98.88,98.99,5083485
2023-04-28 04:00:00+00:00,99.59,99.74,99.37,99.73,9193796
2023-05-01 04:00:00+00:00,99.11,99.17,98.19,98.32,18793756
2023-05-02 04:00:00+00:00,98.66,99.63,98.6,99.6,8566334
2023-05-03 04:00:00+00:00,99.87,100.28,99.6935,100.25,9550349
2023-05-04 04:00:00+00:00,99.98,100.8,99.96,100.23,12288670
2023-05-05 04:00:00+00:00,99.65,99.73,99.44,99.69,11939061
2023-05-08 04:00:00+00:00,99.07,99.29,99.03,99.08,7022484
2023-05-09 04:00:00+00:00,99.07,99.165,98.9424,98.96,8456292
2023-05-10 04:00:00+00:00,99.41,99.78,99.4,99.7,10576602
2023-05-11 04:00:00+00:00,100.29,100.41,99.96,100.07,6041845
2023-05-12 04:00:00+00:00,99.99,100.07,99.44,99.47,5357738
2023-05-15 04:00:00+00:00,99.19,99.25,99.12,99.25,4472011
2023-05-16 04:00:00+00:00,98.865,98.995,98.65,98.93,8012797
2023-05-17 04:00:00+00:00,98.99,99.02,98.49,98.61,5948743
2023-05-18 04:00:00+00:00,98.25,98.26,97.96,98.0,10515082
2023-05-19 04:00:00+00:00,97.65,98.1,97.455,97.63,13692111
2023-05-22 04:00:00+00:00,97.65,97.895,97.4,97.45,7034752
2023-05-23 04:00:00+00:00,97.31,97.73,97.23,97.61,8389686
2023-05-24 04:00:00+00:00,97.725,97.77,97.31,97.36,7743762
2023-05-25 04:00:00+00:00,97.18,97.26,96.67,96.75,11955373
2023-05-26 04:00:00+00:00,96.6,96.93,96.39,96.93,7431062
2023-05-30 04:00:00+00:00,97.22,97.69,97.145,97.69,8445180
2023-05-31 04:00:00+00:00,97.75,98.205,97.615,98.06,10829655
2023-06-01 04:00:00+00:00,98.115,98.38,97.9732,98.1,19212827
2023-06-02 04:00:00+00:00,97.93,97.96,97.24,97.32,9451673
2023-06-05 04:00:00+00:00,96.92,97.56,96.82,97.29,6243271
2023-06-06 04:00:00+00:00,97.33,97.375,97.06,97.35,3986327
2023-06-07 04:00:00+00:00,97.215,97.32,96.54,96.64,8225751
2023-06-08 04:00:00+00:00,96.81,97.31,96.77,97.29,5841899
2023-06-09 04:00:00+00:00,96.96,97.08,96.77,96.94,6421876
2023-06-12 04:00:00+00:00,97.09,97.115,96.67,97.1,5261660
2023-06-13 04:00:00+00:00,97.25,97.32,96.26,96.41,9173507
2023-06-14 04:00:00+00:00,96.7,96.83,96.175,96.54,7704308
2023-06-15 04:00:00+00:00,97.11,97.36,96.98,97.29,5959320
2023-06-16 04:00:00+00:00,96.81,97.05,96.59,96.87,6537615
2023-06-20 04:00:00+00:00,97.05,97.39,97.05,97.16,5477522
2023-06-21 04:00:00+00:00,96.9,97.33,96.75,97.25,5119647
2023-06-22 04:00:00+00:00,96.96,97.125,96.6278,96.7,4102148
2023-06-23 04:00:00+00:00,97.465,97.5,96.975,97.1,4112143
2023-06-26 04:00:00+00:00,97.35,97.4255,97.16,97.34,2976587
2023-06-27 04:00:00+00:00,97.32,97.495,96.8694,97.0,4752458
2023-06-28 04:00:00+00:00,97.14,97.43,96.95,97.39,5257359
2023-06-29 04:00:00+00:00,96.505,96.58,96.22,96.39,8268789
2023-06-30 04:00:00+00:00,96.42,96.655,96.305,96.6,7386768
2023-07-03 04:00:00+00:00,96.315,96.62,95.95,95.95,4663683
2023-07-05 04:00:00+00:00,95.95,96.0,95.37,95.49,10186202
2023-07-06 04:00:00+00:00,94.76,94.86,94.36,94.71,9285363
2023-07-07 04:00:00+00:00,94.575,94.945,94.54,94.59,6577624
2023-07-10 04:00:00+00:00,94.74,95.22,94.73,95.08,6622960
2023-07-11 04:00:00+00:00,95.26,95.42,95.13,95.28,6327205
2023-07-12 04:00:00+00:00,95.91,96.34,95.77,96.21,8255066
2023-07-13 04:00:00+00:00,96.675,97.07,96.575,97.01,9742728
2023-07-14 04:00:00+00:00,96.8,96.915,96.4925,96.53,7491062
2023-07-17 04:00:00+00:00,96.6,96.775,96.48,96.69,3182374
2023-07-18 04:00:00+00:00,97.0,97.12,96.7401,96.8,3626467
2023-07-19 04:00:00+00:00,96.975,97.19,96.79,97.13,5059395
2023-07-20 04:00:00+00:00,96.63,96.67,96.19,96.36,9486751
2023-07-21 04:00:00+00:00,96.57,96.66,96.41,96.44,4560175
2023-07-24 04:00:00+00:00,96.61,96.71,96.17,96.21,7451175
2023-07-25 04:00:00+00:00,95.83,96.0855,95.82,96.03,4079609
2023-07-26 04:00:00+00:00,96.25,96.41,95.97,96.36,4880153
2023-07-27 04:00:00+00:00,95.99,96.1,95.175,95.31,8522842
2023-07-28 04:00:00+00:00,95.53,95.74,95.44,95.62,5794206
2023-07-31 04:00:00+00:00,95.58,95.905,95.57,95.74,6666445
2023-08-01 04:00:00+00:00,95.04,95.18,94.78,94.94,7714499
2023-08-02 04:00:00+00:00,94.66,94.785,94.36,94.75,8009228
2023-08-03 04:00:00+00:00,94.11,94.245,93.9602,94.05,11058215
2023-08-04 04:00:00+00:00,94.4,95.13,94.4,95.05,10190527
2023-08-07 04:00:00+00:00,94.93,94.98,94.7122,94.82,4007413
2023-08-08 04:00:00+00:00,95.31,95.54,95.19,95.3,5401501
2023-08-09 04:00:00+00:00,95.3,95.5156,95.26,95.36,5317355
2023-08-10 04:00:00+00:00,95.36,95.538,94.62,94.63,8462103
2023-08-11 04:00:00+00:00,94.24,94.5621,94.09,94.13,5915033
2023-08-14 04:00:00+00:00,93.98,94.2553,93.775,93.98,6218447
2023-08-15 04:00:00+00:00,93.88,94.1755,93.75,93.8,9602587
2023-08-16 04:00:00+00:00,93.775,94.0,93.3732,93.44,7199736
2023-08-17 04:00:00+00:00,93.405,93.47,93.0637,93.32,9858462
2023-08-18 04:00:00+00:00,93.49,93.81,93.44,93.6,7510525
2023-08-21 04:00:00+00:00,93.16,93.2,92.91,93.02,10863996
2023-08-22 04:00:00+00:00,92.94,93.16,92.845,93.06,6331510
2023-08-23 04:00:00+00:00,93.625,94.07,93.595,94.07,8550555
2023-08-24 04:00:00+00:00,93.78,94.05,93.694,93.72,5735830
2023-08-25 04:00:00+00:00,93.59,93.93,93.34,93.69,7895753
2023-08-28 04:00:00+00:00,93.91,93.98,93.71,93.95,3301688
2023-08-29 04:00:00+00:00,93.73,94.66,93.711,94.62,7064287
2023-08-30 04:00:00+00:00,94.74,94.79,94.5545,94.61,6346718
2023-08-31 04:00:00+00:00,94.72,94.94,94.63,94.8,6167266
2023-09-01 04:00:00+00:00,94.57,94.58,93.86,93.98,7746609
2023-09-05 04:00:00+00:00,93.71,93.72,93.37,93.41,4993448
2023-09-06 04:00:00+00:00,93.57,93.585,93.1204,93.17,7344118
2023-09-07 04:00:00+00:00,93.39,93.53,93.29,93.49,7137513
2023-09-08 04:00:00+00:00,93.72,93.86,93.465,93.51,4648504
2023-09-11 04:00:00+00:00,93.31,93.435,93.24,93.35,4321699
2023-09-12 04:00:00+00:00,93.38,93.495,93.27,93.48,4998480
2023-09-13 04:00:00+00:00,93.335,93.72,93.3155,93.59,6675440
2023-09-14 04:00:00+00:00,93.66,93.74,93.32,93.38,6421038
2023-09-15 04:00:00+00:00,93.225,93.285,93.021,93.09,9367838
2023-09-18 04:00:00+00:00,92.97,93.245,92.97,93.18,4622245
2023-09-19 04:00:00+00:00,92.97,93.14,92.8,92.84,7537122
2023-09-20 04:00:00+00:00,93.1,93.2353,92.75,92.77,10752258
2023-09-21 04:00:00+00:00,92.13,92.22,92.0201,92.08,8707638
2023-09-22 04:00:00+00:00,92.17,92.52,92.095,92.44,8637839
2023-09-25 04:00:00+00:00,91.85,92.02,91.7246,91.76,11712541
2023-09-26 04:00:00+00:00,91.93,91.99,91.6237,91.73,8281800
2023-09-27 04:00:00+00:00,91.97,92.01,91.075,91.32,10586771
2023-09-28 04:00:00+00:00,91.11,91.59,90.853,91.57,11654610
2023-09-29 04:00:00+00:00,91.95,92.04,91.45,91.59,13488328
2023-10-02 04:00:00+00:00,90.89,90.99,90.495,90.61,21010030
2023-10-03 04:00:00+00:00,90.42,90.59,89.81,89.86,21364802
2023-10-04 04:00:00+00:00,90.135,90.48,89.9328,90.43,14054147
2023-10-05 04:00:00+00:00,90.64,90.66,90.414,90.6,11318153
2023-10-06 04:00:00+00:00,89.77,90.355,89.685,90.07,12257095
2023-10-09 04:00:00+00:00,90.75,91.22,90.605,91.22,5826713
2023-10-10 04:00:00+00:00,90.76,91.29,90.65,91.04,11508464
2023-10-11 04:00:00+00:00,91.4,91.6,91.2,91.54,14815774
2023-10-12 04:00:00+00:00,91.34,91.39,90.545,90.66,12856219
2023-10-13 04:00:00+00:00,91.32,91.355,91.06,91.24,9873609
2023-10-16 04:00:00+00:00,90.705,90.77,90.58,90.7,7248658
2023-10-17 04:00:00+00:00,89.9,90.04,89.645,89.81,11191929
2023-10-18 04:00:00+00:00,89.56,89.69,89.235,89.39,13794280
2023-10-19 04:00:00+00:00,89.14,89.5,88.855,88.95,27116703
2023-10-20 04:00:00+00:00,89.27,89.6,89.25,89.465,12587091
2023-10-23 04:00:00+00:00,89.15,90.0,89.01,89.89,12368550
2023-10-24 04:00:00+00:00,89.82,90.06,89.61,90.05,10906237
2023-10-25 04:00:00+00:00,89.58,89.61,89.15,89.26,15170359
2023-10-26 04:00:00+00:00,89.35,89.9754,89.33,89.94,15901252
2023-10-27 04:00:00+00:00,89.87,90.085,89.705,90.08,11628236
2023-10-30 04:00:00+00:00,89.64,89.93,89.48,89.78,11022495
2023-10-31 04:00:00+00:00,89.83,90.02,89.57,89.59,11576203
2023-11-01 04:00:00+00:00,89.6,90.42,89.555,90.37,22458005
2023-11-02 04:00:00+00:00,91.06,91.22,90.725,90.93,14046269
2023-11-03 04:00:00+00:00,92.04,92.24,91.62,91.63,23133728
2023-11-06 05:00:00+00:00,91.29,91.32,90.995,91.1,11246927
2023-11-07 05:00:00+00:00,91.39,91.815,91.39,91.62,13189643
2023-11-08 05:00:00+00:00,91.64,92.075,91.63,91.99,11117613
2023-11-09 05:00:00+00:00,91.83,91.84,91.025,91.08,17067909
2023-11-10 05:00:00+00:00,91.46,91.475,91.08,91.18,10675216
2023-11-13 05:00:00+00:00,90.83,91.1558,90.685,91.13,8930210
2023-11-14 05:00:00+00:00,92.43,92.565,92.28,92.5,14313577
2023-11-15 05:00:00+00:00,92.05,92.06,91.695,91.78,12969627
2023-11-16 05:00:00+00:00,92.32,92.61,92.31,92.47,10375703
2023-11-17 05:00:00+00:00,92.58,92.63,92.345,92.53,8462016
2023-11-20 05:00:00+00:00,92.34,92.7201,92.3101,92.66,7481261
2023-11-21 05:00:00+00:00,92.77,92.91,92.54,92.78,9153441
2023-11-22 05:00:00+00:00,92.92,92.99,92.52,92.75,7255207
2023-11-24 05:00:00+00:00,92.35,92.42,92.255,92.27,4125818
2023-11-27 05:00:00+00:00,92.55,92.975,92.485,92.97,9539801
2023-11-28 05:00:00+00:00,92.86,93.4099,92.81,93.38,13563442
2023-11-29 05:00:00+00:00,93.72,93.97,93.585,93.87,19075598
2023-11-30 05:00:00+00:00,93.52,93.55,93.215,93.41,18449534
2023-12-01 05:00:00+00:00,93.139,94.09,93.11,94.04,21393328
2023-12-04 05:00:00+00:00,93.68,93.89,93.45,93.65,16402188
2023-12-05 05:00:00+00:00,94.05,94.41,93.99,94.31,25452194
2023-12-06 05:00:00+00:00,94.52,94.79,94.41,94.7,14023441
2023-12-07 05:00:00+00:00,94.5,94.855,94.46,94.56,13730113
2023-12-08 05:00:00+00:00,94.03,94.15,93.73,93.95,13825359
2023-12-11 05:00:00+00:00,93.75,94.0,93.56,93.96,10484737
2023-12-12 05:00:00+00:00,93.95,94.2197,93.856,94.16,7247988
2023-12-13 05:00:00+00:00,94.44,95.68,94.37,95.56,16155241
2023-12-14 05:00:00+00:00,95.77,96.265,95.72,96.07,32373425
2023-12-15 05:00:00+00:00,95.89,96.145,95.84,95.99,9407065
2023-12-18 05:00:00+00:00,95.805,95.82,95.625,95.78,8634148
2023-12-19 05:00:00+00:00,95.94,96.14,95.8921,95.96,9047071
2023-12-20 05:00:00+00:00,96.18,96.49,95.98,96.43,12659133
2023-12-21 05:00:00+00:00,96.64,96.7,96.15,96.28,8939702
2023-12-22 05:00:00+00:00,96.46,96.475,96.05,96.19,4956413
2023-12-26 05:00:00+00:00,96.15,96.34,96.13,96.25,3342500
2023-12-27 05:00:00+00:00,96.66,97.04,96.585,97.0,7363526
2023-12-28 05:00:00+00:00,96.8,96.96,96.53,96.63,4858494
2023-12-29 05:00:00+00:00,96.35,96.64,96.29,96.39,7820460
2024-01-02 05:00:00+00:00,95.935,96.145,95.92,96.03,9443999
2024-01-03 05:00:00+00:00,95.61,96.335,95.525,96.26,11040475
2024-01-04 05:00:00+00:00,95.69,95.83,95.58,95.68,7354776
2024-01-05 05:00:00+00:00,95.33,96.0161,95.26,95.33,10001016
2024-01-08 05:00:00+00:00,95.39,95.96,95.355,95.65,7044686
2024-01-09 05:00:00+00:00,95.52,95.75,95.52,95.61,7360798
2024-01-10 05:00:00+00:00,95.79,95.86,95.44,95.46,9212705
2024-01-11 05:00:00+00:00,95.6,96.035,95.475,95.97,10305461
2024-01-12 05:00:00+00:00,96.23,96.48,96.0243,96.23,8469577
2024-01-16 05:00:00+00:00,95.84,95.96,95.315,95.45,9847109
2024-01-17 05:00:00+00:00,95.17,95.23,94.95,95.14,9170740
2024-01-18 05:00:00+00:00,95.1,95.17,94.83,94.93,8910268
2024-01-19 05:00:00+00:00,94.78,94.955,94.54,94.94,17711102
2024-01-22 05:00:00+00:00,95.28,95.39,95.15,95.23,9831549
2024-01-23 05:00:00+00:00,95.0,95.0199,94.87,94.99,6428570
2024-01-24 05:00:00+00:00,95.34,95.37,94.66,94.72,9718338
2024-01-25 05:00:00+00:00,95.05,95.16,94.9,95.13,11588122
2024-01-26 05:00:00+00:00,95.05,95.05,94.84,94.96,9134648
2024-01-29 05:00:00+00:00,95.25,95.62,95.18,95.53,6947475
2024-01-30 05:00:00+00:00,95.69,95.74,95.15,95.66,7265771
2024-01-31 05:00:00+00:00,96.09,96.475,95.99,96.46,15778341
2024-02-01 05:00:00+00:00,96.6,97.1071,96.34,96.82,33372968
2024-02-02 05:00:00+00:00,95.74,95.9,95.38,95.56,13809169
2024-02-05 05:00:00+00:00,94.9,94.99,94.525,94.63,12147893
2024-02-06 05:00:00+00:00,94.74,95.23,94.71,95.14,9327124
2024-02-07 05:00:00+00:00,94.97,95.35,94.935,94.97,8619805
2024-02-08 05:00:00+00:00,94.76,94.84,94.57,94.66,7808042
2024-02-09 05:00:00+00:00,94.43,94.57,94.4,94.49,8492535
2024-02-12 05:00:00+00:00,94.57,94.685,94.4,94.58,7023605
2024-02-13 05:00:00+00:00,93.88,93.965,93.52,93.54,11978410
2024-02-14 05:00:00+00:00,93.64,94.055,93.64,93.89,8979561
2024-02-15 05:00:00+00:00,94.3,94.4,94.025,94.15,6788279
2024-02-16 05:00:00+00:00,93.6,93.785,93.55,93.74,7147413
2024-02-20 05:00:00+00:00,93.93,94.12,93.89,93.9,8286331
2024-02-21 05:00:00+00:00,93.97,94.02,93.54,93.6,6448768
2024-02-22 05:00:00+00:00,93.57,93.79,93.44,93.61,8688496
2024-02-23 05:00:00+00:00,93.64,94.11,93.64,94.04,6426659
2024-02-26 05:00:00+00:00,94.05,94.06,93.68,93.9,6417187
2024-02-27 05:00:00+00:00,93.76,93.92,93.625,93.69,7540612
2024-02-28 05:00:00+00:00,93.8,94.03,93.74,94.03,5293604
2024-02-29 05:00:00+00:00,94.1,94.33,94.08,94.22,11919151
2024-03-01 05:00:00+00:00,93.845,94.46,93.6229,94.4,11857244
2024-03-04 05:00:00+00:00,94.08,94.29,94.07,94.19,6641557
2024-03-05 05:00:00+00:00,94.67,94.94,94.56,94.77,7673106
2024-03-06 05:00:00+00:00,94.94,95.19,94.89,95.0,9499167
2024-03-07 05:00:00+00:00,95.19,95.22,94.92,95.16,8420940
2024-03-08 05:00:00+00:00,95.32,95.39,95.1501,95.23,8103627
2024-03-11 04:00:00+00:00,95.26,95.29,95.02,95.11,5568211
2024-03-12 04:00:00+00:00,94.84,94.8746,94.605,94.72,6556452
2024-03-13 04:00:00+00:00,94.58,94.65,94.47,94.51,9708416
2024-03-14 04:00:00+00:00,94.16,94.165,93.79,93.81,10055931
2024-03-15 04:00:00+00:00,93.74,93.815,93.63,93.65,6591431
2024-03-18 04:00:00+00:00,93.62,93.7,93.45,93.54,5319684
2024-03-19 04:00:00+00:00,93.73,93.935,93.67,93.81,5470272
2024-03-20 04:00:00+00:00,93.91,94.35,93.7,94.03,10190766
2024-03-21 04:00:00+00:00,94.21,94.28,93.96,94.04,8271232
2024-03-22 04:00:00+00:00,94.56,94.56,94.41,94.5,6119779
2024-03-25 04:00:00+00:00,94.41,94.41,94.19,94.25,4488900
2024-03-26 04:00:00+00:00,94.22,94.41,94.11,94.39,5477636
2024-03-27 04:00:00+00:00,94.5,94.79,94.485,94.75,4838589
2024-03-28 04:00:00+00:00,94.54,94.765,94.475,94.66,7561418
2024-04-01 04:00:00+00:00,93.99,93.99,93.455,93.53,10853950
2024-04-02 04:00:00+00:00,93.11,93.37,93.015,93.33,7214909
2024-04-03 04:00:00+00:00,92.95,93.44,92.86,93.44,12907991
2024-04-04 04:00:00+00:00,93.64,93.78,93.38,93.76,6960538
2024-04-05 04:00:00+00:00,93.25,93.5404,93.13,93.14,6334570
2024-04-08 04:00:00+00:00,92.91,93.055,92.81,92.93,7115101
2024-04-09 04:00:00+00:00,93.2,93.375,93.2,93.3,5161272
2024-04-10 04:00:00+00:00,92.51,92.57,91.92,92.06,14993738
2024-04-11 04:00:00+00:00,92.23,92.2696,91.81,91.93,9371359
2024-04-12 04:00:00+00:00,92.41,92.56,92.305,92.31,11656618
2024-04-15 04:00:00+00:00,91.68,91.74,91.35,91.72,12315347
2024-04-16 04:00:00+00:00,91.32,91.5304,91.18,91.36,12027205
2024-04-17 04:00:00+00:00,91.69,92.01,91.54,91.94,10515435
2024-04-18 04:00:00+00:00,91.85,91.85,91.5,91.62,6964571
2024-04-19 04:00:00+00:00,91.84,91.86,91.641,91.74,6125766
2024-04-22 04:00:00+00:00,91.57,91.815,91.55,91.75,4002877
2024-04-23 04:00:00+00:00,91.63,92.0999,91.54,91.87,8319796
2024-04-24 04:00:00+00:00,91.66,91.6879,91.435,91.59,7567420
2024-04-25 04:00:00+00:00,91.09,91.325,91.02,91.24,5784322
2024-04-26 04:00:00+00:00,91.45,91.63,91.415,91.49,5432628
2024-04-29 04:00:00+00:00,91.7,91.88,91.62,91.86,4846458
2024-04-30 04:00:00+00:00,91.51,91.65,91.35,91.43,7516694
2024-05-01 04:00:00+00:00,91.43,91.86,91.19,91.52,12392506
2024-05-02 04:00:00+00:00,91.52,92.01,91.45,91.95,8661622
2024-05-03 04:00:00+00:00,92.61,92.7,92.2201,92.46,8501120
2024-05-06 04:00:00+00:00,92.5,92.64,92.41,92.54,4043450
2024-05-07 04:00:00+00:00,92.87,93.02,92.7,92.78,7776341
2024-05-08 04:00:00+00:00,92.58,92.66,92.51,92.52,9024132
2024-05-09 04:00:00+00:00,92.5,92.865,92.47,92.8,9625255
2024-05-10 04:00:00+00:00,92.6,92.635,92.45,92.5,3204980
2024-05-13 04:00:00+00:00,92.74,92.765,92.595,92.61,3228752
2024-05-14 04:00:00+00:00,92.79,92.92,92.69,92.88,4688884
2024-05-15 04:00:00+00:00,93.42,93.645,93.295,93.58,11384537
2024-05-16 04:00:00+00:00,93.61,93.61,93.37,93.4,4278520
2024-05-17 04:00:00+00:00,93.25,93.33,93.09,93.11,3883918
2024-05-20 04:00:00+00:00,92.98,93.06,92.935,92.97,4575850
2024-05-21 04:00:00+00:00,93.25,93.29,93.16,93.21,2669720
2024-05-22 04:00:00+00:00,92.98,93.2,92.97,93.09,3616386
2024-05-23 04:00:00+00:00,93.13,93.14,92.62,92.76,6005628
2024-05-24 04:00:00+00:00,92.67,92.89,92.64,92.88,3926449
2024-05-28 04:00:00+00:00,92.96,92.98,92.335,92.36,8761441
2024-05-29 04:00:00+00:00,92.13,92.135,91.72,91.91,10126801
2024-05-30 04:00:00+00:00,92.22,92.39,92.17,92.37,5069737
2024-05-31 04:00:00+00:00,92.65,92.815,92.61,92.8,4807468
2024-06-03 04:00:00+00:00,92.65,93.18,92.65,93.13,7675927
2024-06-04 04:00:00+00:00,93.44,93.73,93.38,93.64,8752020
2024-06-05 04:00:00+00:00,93.76,93.99,93.4901,93.98,6466820
2024-06-06 04:00:00+00:00,93.82,94.03,93.79,93.94,5849418
2024-06-07 04:00:00+00:00,93.14,93.16,92.94,92.95,7125085
2024-06-10 04:00:00+00:00,92.78,92.84,92.6601,92.75,3938887
2024-06-11 04:00:00+00:00,92.91,93.26,92.82,93.24,3954681
2024-06-12 04:00:00+00:00,94.08,94.32,93.74,93.76,9243216
2024-06-13 04:00:00+00:00,94.18,94.52,94.075,94.38,6529902
2024-06-14 04:00:00+00:00,94.51,94.69,94.46,94.6,5424633
2024-06-17 04:00:00+00:00,94.14,94.22,94.025,94.16,4957159
2024-06-18 04:00:00+00:00,94.32,94.68,94.28,94.57,5232579
2024-06-20 04:00:00+00:00,94.1,94.36,94.05,94.33,3573117
2024-06-21 04:00:00+00:00,94.51,94.6,94.18,94.35,7041996
2024-06-24 04:00:00+00:00,94.37,94.43,94.225,94.43,5276005
2024-06-25 04:00:00+00:00,94.37,94.55,94.325,94.51,3791592
2024-06-26 04:00:00+00:00,94.02,94.09,93.915,93.94,4196548
2024-06-27 04:00:00+00:00,94.12,94.24,94.11,94.15,4946574
2024-06-28 04:00:00+00:00,94.36,94.38,93.645,93.65,6030521
2024-07-01 04:00:00+00:00,92.84,93.11,92.58,92.67,13662769
2024-07-02 04:00:00+00:00,93.06,93.13,92.875,93.02,8195754
2024-07-03 04:00:00+00:00,93.25,93.6799,93.2,93.64,3860957
2024-07-05 04:00:00+00:00,93.97,94.22,93.845,94.16,5111502
2024-07-08 04:00:00+00:00,94.13,94.2562,93.99,94.19,5294604
2024-07-09 04:00:00+00:00,94.035,94.17,93.83,94.06,3006938
2024-07-10 04:00:00+00:00,94.14,94.1981,94.005,94.15,4076787
2024-07-11 04:00:00+00:00,94.82,94.98,94.71,94.75,9658543
2024-07-12 04:00:00+00:00,94.77,94.95,94.705,94.95,4304749
2024-07-15 04:00:00+00:00,94.71,94.83,94.57,94.65,3754450
2024-07-16 04:00:00+00:00,94.82,95.08,94.725,95.07,4705760
2024-07-17 04:00:00+00:00,94.93,95.21,94.84,95.15,5113487
2024-07-18 04:00:00+00:00,94.94,95.145,94.815,94.88,8640596
2024-07-19 04:00:00+00:00,94.63,94.7,94.53,94.58,5274384
2024-07-22 04:00:00+00:00,94.69,94.7562,94.335,94.49,3869786
2024-07-23 04:00:00+00:00,94.62,94.75,94.545,94.56,5095642
2024-07-24 04:00:00+00:00,94.73,94.88,94.335,94.35,4733695
2024-07-25 04:00:00+00:00,94.54,94.875,94.49,94.56,4335687
2024-07-26 04:00:00+00:00,94.96,95.04,94.87,95.01,5217511
2024-07-29 04:00:00+00:00,95.25,95.26,95.08,95.17,6165648
2024-07-30 04:00:00+00:00,95.28,95.47,95.1099,95.37,4419228
2024-07-31 04:00:00+00:00,95.65,96.08,95.445,96.07,10983116
2024-08-01 04:00:00+00:00,96.0,96.43,95.98,96.19,10492587
2024-08-02 04:00:00+00:00,97.19,97.75,97.13,97.68,18286540
2024-08-05 04:00:00+00:00,98.39,98.58,97.4021,97.78,19098200
2024-08-06 04:00:00+00:00,97.54,97.575,96.84,96.91,9506980
2024-08-07 04:00:00+00:00,96.63,96.727,96.375,96.56,8419746
2024-08-08 04:00:00+00:00,96.16,96.34,96.065,96.27,4856150
2024-08-09 04:00:00+00:00,96.78,96.7899,96.58,96.66,5174878
2024-08-12 04:00:00+00:00,96.54,96.975,96.475,96.93,4166444
2024-08-13 04:00:00+00:00,97.329,97.36,97.19,97.36,6458880
2024-08-14 04:00:00+00:00,97.32,97.625,97.3,97.49,4275696
2024-08-15 04:00:00+00:00,96.7,96.88,96.62,96.88,5507025
2024-08-16 04:00:00+00:00,97.08,97.09,96.81,97.07,4437050
2024-08-19 04:00:00+00:00,97.04,97.31,97.02,97.2,4437676
2024-08-20 04:00:00+00:00,97.44,97.625,97.355,97.59,4885998
2024-08-21 04:00:00+00:00,97.69,98.0148,97.46,97.79,5386005
2024-08-22 04:00:00+00:00,97.55,97.57,97.2,97.34,4819522
2024-08-23 04:00:00+00:00,97.54,97.86,97.425,97.79,5475416
2024-08-26 04:00:00+00:00,97.96,97.97,97.665,97.67,3062577
2024-08-27 04:00:00+00:00,97.405,97.695,97.36,97.63,4433681
2024-08-28 04:00:00+00:00,97.65,97.73,97.54,97.58,8147052
2024-08-29 04:00:00+00:00,97.36,97.45,97.26,97.41,6199798
2024-08-30 04:00:00+00:00,97.43,97.5527,97.045,97.07,4802608
2024-09-03 04:00:00+00:00,97.31,97.57,97.245,97.42,8232797
2024-09-04 04:00:00+00:00,97.53,98.04,97.502,97.99,9914865
2024-09-05 04:00:00+00:00,98.25,98.3,97.91,98.22,33635018
2024-09-06 04:00:00+00:00,98.26,98.85,98.02,98.36,17777566
2024-09-09 04:00:00+00:00,98.3,98.57,98.18,98.5,8532472
2024-09-10 04:00:00+00:00,98.51,98.97,98.49,98.92,7921368
2024-09-11 04:00:00+00:00,98.72,99.15,98.66,98.85,7286225
2024-09-12 04:00:00+00:00,98.77,98.88,98.505,98.69,5931331
2024-09-13 04:00:00+00:00,98.96,99.0,98.76,98.88,5305485
2024-09-16 04:00:00+00:00,98.99,99.18,98.869,99.14,6666977
2024-09-17 04:00:00+00:00,99.08,99.14,98.8901,98.96,7807027
2024-09-18 04:00:00+00:00,98.73,99.045,98.48,98.53,8584465
2024-09-19 04:00:00+00:00,98.26,98.465,98.22,98.45,16770780
2024-09-20 04:00:00+00:00,98.31,98.55,98.18,98.42,6580582
2024-09-23 04:00:00+00:00,98.22,98.45,97.985,98.36,7491882
2024-09-24 04:00:00+00:00,98.09,98.5,98.0118,98.47,6580863
2024-09-25 04:00:00+00:00,98.27,98.27,98.07,98.07,10455101
2024-09-26 04:00:00+00:00,98.15,98.2,97.835,98.0,8026728
2024-09-27 04:00:00+00:00,98.23,98.435,98.15,98.39,6207730
2024-09-30 04:00:00+00:00,98.315,98.345,97.96,98.12,8902750
2024-10-01 04:00:00+00:00,98.17,98.47,98.0847,98.19,11665727
2024-10-02 04:00:00+00:00,97.75,97.945,97.635,97.91,7742082
2024-10-03 04:00:00+00:00,97.65,97.72,97.38,97.41,11556106
2024-10-04 04:00:00+00:00,96.57,96.78,96.42,96.47,8890868
2024-10-07 04:00:00+00:00,96.11,96.27,96.07,96.12,10152572
2024-10-08 04:00:00+00:00,95.97,96.2,95.93,96.2,5975421
2024-10-09 04:00:00+00:00,96.03,96.08,95.79,95.84,6769233
2024-10-10 04:00:00+00:00,95.77,95.88,95.53,95.83,5958980
2024-10-11 04:00:00+00:00,95.73,95.9546,95.68,95.86,5394064
2024-10-14 04:00:00+00:00,95.46,95.69,95.405,95.69,3850877
2024-10-15 04:00:00+00:00,96.06,96.22,96.005,96.18,7736909
2024-10-16 04:00:00+00:00,96.36,96.46,96.27,96.33,5041122
2024-10-17 04:00:00+00:00,95.91,95.95,95.745,95.83,5460202
2024-10-18 04:00:00+00:00,95.99,96.045,95.92,95.94,5174808
2024-10-21 04:00:00+00:00,95.57,95.6,95.19,95.2,6633578
2024-10-22 04:00:00+00:00,95.32,95.375,95.031,95.11,5434026
2024-10-23 04:00:00+00:00,94.83,94.995,94.74,94.89,6914586
2024-10-24 04:00:00+00:00,94.98,95.2599,94.87,95.1,5486308
2024-10-25 04:00:00+00:00,95.31,95.32,94.82,94.89,6455354
2024-10-28 04:00:00+00:00,94.91,94.92,94.49,94.67,5447530
2024-10-29 04:00:00+00:00,94.27,94.725,94.222,94.71,8475405
2024-10-30 04:00:00+00:00,94.93,95.165,94.53,94.57,6341348
2024-10-31 04:00:00+00:00,94.42,94.7011,94.215,94.52,8662882
2024-11-01 04:00:00+00:00,94.365,94.46,93.64,93.67,15659471
2024-11-04 05:00:00+00:00,94.32,94.4371,93.9918,94.17,8179254
2024-11-05 05:00:00+00:00,94.05,94.335,93.735,94.22,8118519
2024-11-06 05:00:00+00:00,93.04,93.5101,93.01,93.25,15261496
2024-11-07 05:00:00+00:00,93.63,94.1699,93.58,94.0,15674129
2024-11-08 05:00:00+00:00,94.2,94.475,94.09,94.2,12335278
2024-11-11 05:00:00+00:00,93.92,93.9551,93.775,93.94,3980201
2024-11-12 05:00:00+00:00,93.57,93.76,93.235,93.35,8037912
2024-11-13 05:00:00+00:00,93.77,93.78,93.17,93.29,6662247
2024-11-14 05:00:00+00:00,93.44,93.66,93.17,93.28,7510284
2024-11-15 05:00:00+00:00,93.1,93.63,92.9,93.32,16794163
2024-11-18 05:00:00+00:00,93.28,93.59,93.1734,93.53,4788189
2024-11-19 05:00:00+00:00,93.82,93.88,93.685,93.73,4951585
2024-11-20 05:00:00+00:00,93.47,93.76,93.44,93.59,5752951
2024-11-21 05:00:00+00:00,93.66,93.83,93.42,93.54,5098247
2024-11-22 05:00:00+00:00,93.67,93.725,93.5,93.6,5373879
2024-11-25 05:00:00+00:00,94.46,94.635,94.315,94.61,7716050
2024-11-26 05:00:00+00:00,94.41,94.44,94.2201,94.41,5093056
2024-11-27 05:00:00+00:00,94.79,94.92,94.595,94.79,5587567
2024-11-29 05:00:00+00:00,95.13,95.2,95.0,95.19,5136170
2024-12-02 05:00:00+00:00,94.61,95.01,94.5,94.89,5950784
2024-12-03 05:00:00+00:00,94.99,95.025,94.56,94.62,5364829
2024-12-04 05:00:00+00:00,94.38,95.01,94.345,94.98,5908784
2024-12-05 05:00:00+00:00,94.7,95.03,94.7,94.97,5210320
2024-12-06 05:00:00+00:00,95.36,95.42,95.065,95.27,6880169
2024-12-09 05:00:00+00:00,95.145,95.16,94.94,94.94,4303131
2024-12-10 05:00:00+00:00,94.74,94.84,94.65,94.77,3543387
2024-12-11 05:00:00+00:00,94.91,95.0,94.46,94.49,6453019
2024-12-12 05:00:00+00:00,94.38,94.457,94.1,94.13,4518093
2024-12-13 05:00:00+00:00,93.98,94.005,93.6438,93.69,5230061
2024-12-16 05:00:00+00:00,93.86,93.8713,93.62,93.72,4607858
2024-12-17 05:00:00+00:00,93.7,93.87,93.67,93.72,4881129
2024-12-18 05:00:00+00:00,93.4,93.52,92.62,92.69,11553909
2024-12-19 05:00:00+00:00,92.38,92.44,92.115,92.27,9273761
2024-12-20 05:00:00+00:00,92.75,92.9,92.59,92.61,6070886
2024-12-23 05:00:00+00:00,92.54,92.58,92.13,92.2,5954541
2024-12-24 05:00:00+00:00,92.01,92.26,91.97,92.25,3076139
2024-12-26 05:00:00+00:00,91.96,92.36,91.925,92.32,3703370
2024-12-27 05:00:00+00:00,92.26,92.385,92.06,92.08,3752547
2024-12-30 05:00:00+00:00,92.53,92.67,92.515,92.62,4797651
2024-12-31 05:00:00+00:00,92.75,92.816,92.375,92.45,5856386
2025-01-02 05:00:00+00:00,92.65,92.775,92.31,92.5,5035296
2025-01-03 05:00:00+00:00,92.6,92.665,92.3201,92.35,2863727
2025-01-06 05:00:00+00:00,92.24,92.3298,92.06,92.26,3894803
2025-01-07 05:00:00+00:00,92.14,92.21,91.75,91.84,5524502
2025-01-08 05:00:00+00:00,91.71,92.02,91.685,92.0,6403066
2025-01-10 05:00:00+00:00,91.455,91.63,91.23,91.33,8210906
2025-01-13 05:00:00+00:00,91.28,91.3099,91.08,91.17,5094333
2025-01-14 05:00:00+00:00,91.21,91.28,91.08,91.2,4365899
2025-01-15 05:00:00+00:00,92.13,92.23,91.975,92.16,7846600
2025-01-16 05:00:00+00:00,92.08,92.58,91.95,92.38,7550852
2025-01-17 05:00:00+00:00,92.52,92.58,92.355,92.45,3912840
2025-01-21 05:00:00+00:00,92.75,92.825,92.61,92.76,4431278
2025-01-22 05:00:00+00:00,92.72,92.7299,92.41,92.52,3656353
2025-01-23 05:00:00+00:00,92.13,92.3499,92.13,92.28,4861149
2025-01-24 05:00:00+00:00,92.25,92.5763,92.195,92.47,4468718
2025-01-27 05:00:00+00:00,93.08,93.15,92.865,93.07,4297112
2025-01-28 05:00:00+00:00,92.84,93.1,92.775,93.08,3906811
2025-01-29 05:00:00+00:00,93.18,93.25,92.7,92.97,4918428
2025-01-30 05:00:00+00:00,93.17,93.3151,93.08,93.17,4365657
2025-01-31 05:00:00+00:00,93.2,93.34,92.81,93.02,6277534
2025-02-03 05:00:00+00:00,92.99,93.28,92.655,92.79,8270422
2025-02-04 05:00:00+00:00,92.6,93.02,92.595,93.02,6734837
2025-02-05 05:00:00+00:00,93.4,93.73,93.37,93.56,6576344
2025-02-06 05:00:00+00:00,93.46,93.58,93.31,93.45,5268575
2025-02-07 05:00:00+00:00,93.15,93.225,92.98,93.14,4545872
2025-02-10 05:00:00+00:00,93.24,93.37,93.065,93.12,3229117
2025-02-11 05:00:00+00:00,92.89,92.96,92.82,92.88,3379547
2025-02-12 05:00:00+00:00,92.26,92.32,92.08,92.24,7280368
2025-02-13 05:00:00+00:00,92.715,93.0,92.7,92.93,6122009
2025-02-14 05:00:00+00:00,93.365,93.51,93.28,93.32,5157925
2025-02-18 05:00:00+00:00,93.03,93.125,92.81,92.82,4484271
2025-02-19 05:00:00+00:00,92.77,93.01,92.765,92.97,4594523
2025-02-20 05:00:00+00:00,93.12,93.255,93.11,93.16,7545412
2025-02-21 05:00:00+00:00,93.28,93.83,93.265,93.71,6156516
2025-02-24 05:00:00+00:00,93.62,93.9659,93.59,93.91,4109676
2025-02-25 05:00:00+00:00,94.5,94.6999,94.42,94.65,7697169
2025-02-26 05:00:00+00:00,94.61,94.97,94.485,94.91,7380204
2025-02-27 05:00:00+00:00,94.59,94.83,94.5525,94.8,5907872
2025-02-28 05:00:00+00:00,95.09,95.36,94.9,95.32,11831519
2025-03-03 05:00:00+00:00,94.72,95.45,94.71,95.39,9637437
2025-03-04 05:00:00+00:00,95.54,95.78,94.93,95.09,12745454
2025-03-05 05:00:00+00:00,95.11,95.235,94.53,94.56,15590008
2025-03-06 05:00:00+00:00,94.51,94.69,94.16,94.51,9318861
2025-03-07 05:00:00+00:00,94.98,95.02,94.295,94.39,9210206
2025-03-10 04:00:00+00:00,94.94,95.2,94.85,95.05,7698488
2025-03-11 04:00:00+00:00,95.05,95.3099,94.5753,94.71,10408648
2025-03-12 04:00:00+00:00,94.41,94.66,94.39,94.43,7610319
2025-03-13 04:00:00+00:00,94.29,94.846,94.2,94.81,6902748
2025-03-14 04:00:00+00:00,94.565,94.6535,94.4497,94.48,4390889
2025-03-17 04:00:00+00:00,94.645,94.845,94.455,94.56,6733976
2025-03-18 04:00:00+00:00,94.42,94.83,94.405,94.67,8993542
2025-03-19 04:00:00+00:00,94.59,94.985,94.44,94.96,5854692
2025-03-20 04:00:00+00:00,95.47,95.485,94.985,95.1,4409137
2025-03-21 04:00:00+00:00,95.25,95.34,94.995,95.02,4919587
2025-03-24 04:00:00+00:00,94.755,94.78,94.4427,94.47,4823901
2025-03-25 04:00:00+00:00,94.47,94.735,94.45,94.63,6825832
2025-03-26 04:00:00+00:00,94.47,94.565,94.325,94.41,8281749
2025-03-27 04:00:00+00:00,94.3,94.41,94.2148,94.33,5085410
2025-03-28 04:00:00+00:00,94.78,95.1495,94.7499,95.09,6224454
2025-03-31 04:00:00+00:00,95.49,95.555,95.09,95.37,13255922
2025-04-01 04:00:00+00:00,95.27,95.66,95.265,95.4,18128763
2025-04-02 04:00:00+00:00,95.8,95.8,95.005,95.31,7635866
2025-04-03 04:00:00+00:00,96.41,96.645,96.1804,96.29,18188011
2025-04-04 04:00:00+00:00,97.2,97.515,96.55,96.56,27006541
2025-04-07 04:00:00+00:00,96.485,96.66,95.19,95.41,68670638
2025-04-08 04:00:00+00:00,94.905,95.585,94.88,94.93,19505198
2025-04-09 04:00:00+00:00,94.23,94.68,93.61,94.63,24169174
2025-04-10 04:00:00+00:00,94.52,94.78,93.99,94.04,12093775
2025-04-11 04:00:00+00:00,93.47,93.73,92.79,93.51,55446575
2025-04-14 04:00:00+00:00,93.92,94.355,93.795,94.26,12630877
2025-04-15 04:00:00+00:00,94.25,94.7561,94.235,94.54,7708183
2025-04-16 04:00:00+00:00,94.66,95.08,94.46,94.95,8708379
2025-04-17 04:00:00+00:00,94.9,94.9907,94.59,94.68,6987171
2025-04-21 04:00:00+00:00,94.4,94.745,94.15,94.17,4901294
2025-04-22 04:00:00+00:00,94.42,94.44,94.2336,94.24,5232965
2025-04-23 04:00:00+00:00,95.035,95.22,94.22,94.34,8041319
2025-04-24 04:00:00+00:00,94.72,94.875,94.62,94.85,7308934
2025-04-25 04:00:00+00:00,95.11,95.275,94.975,95.21,5341346
2025-04-28 04:00:00+00:00,95.1,95.62,95.0735,95.59,4950526
2025-04-29 04:00:00+00:00,95.54,95.93,95.53,95.92,5350357
2025-04-30 04:00:00+00:00,95.9,96.1563,95.8,96.07,13923349
2025-05-01 04:00:00+00:00,95.88,95.895,95.15,95.34,13703318
2025-05-02 04:00:00+00:00,94.85,94.99,94.54,94.7,9331620
2025-05-05 04:00:00+00:00,94.67,94.68,94.33,94.53,10089640
2025-05-06 04:00:00+00:00,94.49,94.79,94.4041,94.77,6081225
2025-05-07 04:00:00+00:00,94.87,95.14,94.85,95.02,9471305
2025-05-08 04:00:00+00:00,94.96,94.975,94.26,94.28,6409030
2025-05-09 04:00:00+00:00,94.445,94.6055,94.32,94.35,3698699
2025-05-12 04:00:00+00:00,93.73,93.97,93.73,93.75,9483851
2025-05-13 04:00:00+00:00,93.87,93.92,93.53,93.68,13166804
2025-05-14 04:00:00+00:00,93.64,93.71,93.27,93.33,6994690
2025-05-15 04:00:00+00:00,93.72,93.99,93.595,93.94,9024884
2025-05-16 04:00:00+00:00,94.31,94.33,93.96,93.97,6819224
2025-05-19 04:00:00+00:00,93.43,93.94,93.3901,93.92,11705008
2025-05-20 04:00:00+00:00,93.67,93.87,93.525,93.8,8929552
2025-05-21 04:00:00+00:00,93.43,93.56,93.03,93.15,11383502
2025-05-22 04:00:00+00:00,93.18,93.54,93.055,93.5,10981598
2025-05-23 04:00:00+00:00,93.91,93.92,93.635,93.77,9860808
2025-05-27 04:00:00+00:00,93.975,94.26,93.87,94.16,10834387
2025-05-28 04:00:00+00:00,93.965,94.0359,93.79,93.9,8591454
2025-05-29 04:00:00+00:00,94.145,94.375,94.1,94.29,9681506
2025-05-30 04:00:00+00:00,94.36,94.62,94.3,94.57,10268591
2025-06-02 04:00:00+00:00,94.0,94.14,93.78,93.94,13341850
2025-06-03 04:00:00+00:00,94.07,94.2,93.77,93.85,8508947
2025-06-04 04:00:00+00:00,94.21,94.62,94.13,94.54,10116188
2025-06-05 04:00:00+00:00,94.54,94.66,94.23,94.26,8765989
2025-06-06 04:00:00+00:00,93.775,93.8599,93.475,93.51,7624352
2025-06-09 04:00:00+00:00,93.515,93.8,93.51,93.68,6061417
2025-06-10 04:00:00+00:00,93.98,94.015,93.739,93.84,5579937
2025-06-11 04:00:00+00:00,94.02,94.27,93.94,94.23,6594903
2025-06-12 04:00:00+00:00,94.59,94.645,94.4247,94.64,7795449
2025-06-13 04:00:00+00:00,94.43,94.5,94.04,94.29,9195182
2025-06-16 04:00:00+00:00,94.18,94.375,94.0,94.02,7508621
2025-06-17 04:00:00+00:00,94.26,94.52,94.11,94.48,5285113
2025-06-18 04:00:00+00:00,94.64,94.84,94.3803,94.54,6732481
2025-06-20 04:00:00+00:00,94.35,94.74,94.285,94.6,6261860
2025-06-23 04:00:00+00:00,94.87,95.235,94.8,94.93,9310287
2025-06-24 04:00:00+00:00,94.84,95.3057,94.8,95.26,7694510
2025-06-25 04:00:00+00:00,95.08,95.34,94.98,95.3,6393258
2025-06-26 04:00:00+00:00,95.48,95.645,95.345,95.64,7131918
2025-06-27 04:00:00+00:00,95.385,95.68,95.33,95.39,8402385
2025-06-30 04:00:00+00:00,95.6,95.81,95.46,95.77,10542377
2025-07-01 04:00:00+00:00,95.42,95.51,95.12,95.29,10659828
2025-07-02 04:00:00+00:00,94.99,95.1354,94.93,95.09,6026238
2025-07-03 04:00:00+00:00,94.8,94.86,94.635,94.76,7398883
2025-07-07 04:00:00+00:00,94.605,94.62,94.38,94.46,8518590
2025-07-08 04:00:00+00:00,94.21,94.33,94.16,94.32,5282965
2025-07-09 04:00:00+00:00,94.46,94.82,94.455,94.81,6900789
2025-07-10 04:00:00+00:00,94.74,94.78,94.57,94.76,4452221
2025-07-11 04:00:00+00:00,94.435,94.465,94.27,94.32,6004749
2025-07-14 04:00:00+00:00,94.32,94.46,94.165,94.28,5101813
2025-07-15 04:00:00+00:00,94.39,94.4,93.855,93.91,5628147
2025-07-16 04:00:00+00:00,94.055,94.24,93.925,94.17,12775193
2025-07-17 04:00:00+00:00,94.22,94.3299,94.055,94.14,4747200
2025-07-18 04:00:00+00:00,94.41,94.48,94.3,94.4,4035035
2025-07-21 04:00:00+00:00,94.795,94.9,94.68,94.73,5232360
2025-07-22 04:00:00+00:00,94.83,95.06,94.81,95.0,6098107
2025-07-23 04:00:00+00:00,94.775,94.84,94.605,94.66,5074057
2025-07-24 04:00:00+00:00,94.33,94.62,94.315,94.52,5867428
2025-07-25 04:00:00+00:00,94.49,94.74,94.45,94.74,3614071
2025-07-28 04:00:00+00:00,94.57,94.6381,94.49,94.53,5073188
2025-07-29 04:00:00+00:00,94.67,95.15,94.65,95.15,7864108
2025-07-30 04:00:00+00:00,94.82,95.0762,94.75,94.82,7423646
2025-07-31 04:00:00+00:00,94.97,95.1293,94.855,94.9,10411774
2025-08-01 04:00:00+00:00,95.36,95.725,95.335,95.68,11870207
2025-08-04 04:00:00+00:00,95.77,95.85,95.5329,95.81,8449488
2025-08-05 04:00:00+00:00,95.64,95.86,95.62,95.74,8218754
2025-08-06 04:00:00+00:00,95.6,95.715,95.255,95.67,10107474
2025-08-07 04:00:00+00:00,95.67,95.77,95.5319,95.6,5725876
2025-08-08 04:00:00+00:00,95.47,95.47,95.33,95.38,5623800
2025-08-11 04:00:00+00:00,95.45,95.54,95.36,95.41,4920182
2025-08-12 04:00:00+00:00,95.29,95.39,95.175,95.39,6727029
2025-08-13 04:00:00+00:00,95.66,95.83,95.6447,95.73,5925164
2025-08-14 04:00:00+00:00,95.57,95.595,95.35,95.42,5527457
2025-08-15 04:00:00+00:00,95.38,95.44,95.17,95.23,7428568
2025-08-18 04:00:00+00:00,95.295,95.305,95.05,95.14,9669701
2025-08-19 04:00:00+00:00,95.28,95.42,95.27,95.38,6499330
2025-08-20 04:00:00+00:00,95.375,95.605,95.36,95.52,6270926
2025-08-21 04:00:00+00:00,95.39,95.435,95.1119,95.24,5351542
2025-08-22 04:00:00+00:00,95.395,95.875,95.37,95.77,10867816
2025-08-25 04:00:00+00:00,95.6,95.71,95.53,95.58,9936718
2025-08-26 04:00:00+00:00,95.66,95.856,95.595,95.83,5871259
2025-08-27 04:00:00+00:00,95.7,96.01,95.6414,96.01,5223249
2025-08-28 04:00:00+00:00,95.98,96.23,95.935,96.23,6545073
2025-08-29 04:00:00+00:00,96.12,96.23,96.03,96.15,6816940
2025-09-02 04:00:00+00:00,95.46,95.625,95.4311,95.55,8623225
2025-09-03 04:00:00+00:00,95.56,96.015,95.56,95.88,7586121
2025-09-04 04:00:00+00:00,96.12,96.31,96.0,96.31,6395264
2025-09-05 04:00:00+00:00,96.91,97.015,96.78,96.78,8880327
2025-09-08 04:00:00+00:00,97.02,97.09,96.92,97.08,7599723
2025-09-09 04:00:00+00:00,97.03,97.135,96.76,96.85,8223260
2025-09-10 04:00:00+00:00,97.05,97.23,96.96,97.11,8864493
2025-09-11 04:00:00+00:00,97.235,97.46,97.225,97.26,8552178
2025-09-12 04:00:00+00:00,97.03,97.04,96.84,96.98,36502976
2025-09-15 04:00:00+00:00,97.15,97.2154,97.095,97.14,4990170
2025-09-16 04:00:00+00:00,97.15,97.29,97.1101,97.2,5848078
2025-09-17 04:00:00+00:00,97.3,97.515,96.87,96.99,10701673
2025-09-18 04:00:00+00:00,96.65,96.81,96.505,96.67,7589507
2025-09-19 04:00:00+00:00,96.62,96.7,96.5,96.63,5528784
2025-09-22 04:00:00+00:00,96.63,96.66,96.46,96.47,5282779
2025-09-23 04:00:00+00:00,96.61,96.75,96.485,96.74,7077910
2025-09-24 04:00:00+00:00,96.62,96.6271,96.4401,96.48,5419806
2025-09-25 04:00:00+00:00,96.26,96.3174,96.095,96.27,6517524
2025-09-26 04:00:00+00:00,96.25,96.43,96.1301,96.22,7295442
2025-09-29 04:00:00+00:00,96.34,96.55,96.325,96.5,6357833
2025-09-30 04:00:00+00:00,96.58,96.76,96.4201,96.46,9257812
2025-10-01 04:00:00+00:00,96.56,96.625,96.335,96.49,8347312
2025-10-02 04:00:00+00:00,96.45,96.65,96.385,96.59,9420929
2025-10-03 04:00:00+00:00,96.595,96.64,96.3801,96.4,5154346
2025-10-06 04:00:00+00:00,96.17,96.3356,96.11,96.12,6319630
2025-10-07 04:00:00+00:00,96.24,96.49,96.18,96.36,5120243
2025-10-08 04:00:00+00:00,96.54,96.56,96.32,96.38,5141866
2025-10-09 04:00:00+00:00,96.29,96.355,96.226,96.31,7130649
2025-10-10 04:00:00+00:00,96.645,97.015,96.57,96.91,10417700
2025-10-13 04:00:00+00:00,96.9,96.985,96.78,96.96,5607641
2025-10-14 04:00:00+00:00,97.06,97.24,96.98,97.21,7650640
2025-10-15 04:00:00+00:00,97.205,97.33,97.015,97.1,7769455
2025-10-16 04:00:00+00:00,97.02,97.59,97.0,97.55,11627164
2025-10-17 04:00:00+00:00,97.46,97.4791,97.265,97.39,12491024
2025-10-20 04:00:00+00:00,97.45,97.53,97.3701,97.52,10436770
2025-10-21 04:00:00+00:00,97.69,97.77,97.63,97.7,7638938
2025-10-22 04:00:00+00:00,97.65,97.77,97.5608,97.72,6523671
2025-10-23 04:00:00+00:00,97.52,97.58,97.38,97.4,6137802
2025-10-24 04:00:00+00:00,97.52,97.54,97.33,97.49,7554457
2025-10-27 04:00:00+00:00,97.34,97.49,97.205,97.49,7272562
2025-10-28 04:00:00+00:00,97.43,97.6291,97.43,97.58,5539108
2025-10-29 04:00:00+00:00,97.53,97.53,96.9,96.95,11223261
2025-10-30 04:00:00+00:00,96.67,96.96,96.65,96.81,8958325
2025-10-31 04:00:00+00:00,96.87,96.95,96.7899,96.85,9739633
2025-11-03 05:00:00+00:00,96.42,96.56,96.37,96.5,8012728
2025-11-04 05:00:00+00:00,96.57,96.6715,96.545,96.62,6118993
2025-11-05 05:00:00+00:00,96.45,96.47,96.13,96.16,11749244
2025-11-06 05:00:00+00:00,96.52,96.72,96.51,96.65,7665059
2025-11-07 05:00:00+00:00,96.56,96.86,96.55,96.69,11460285
2025-11-10 05:00:00+00:00,96.565,96.65,96.51,96.56,9097469
2025-11-11 05:00:00+00:00,96.81,96.89,96.725,96.86,4937742
2025-11-12 05:00:00+00:00,96.81,96.95,96.775,96.88,7188206
2025-11-13 05:00:00+00:00,96.65,96.8,96.6,96.6,46965594
2025-11-14 05:00:00+00:00,96.88,96.9282,96.4201,96.44,11288457
2025-11-17 05:00:00+00:00,96.54,96.62,96.49,96.55,6648754
2025-11-18 05:00:00+00:00,96.84,96.93,96.57,96.71,8769024
2025-11-19 05:00:00+00:00,96.81,96.86,96.6,96.64,13075930
2025-11-20 05:00:00+00:00,96.74,96.945,96.695,96.87,9076414
2025-11-21 05:00:00+00:00,97.19,97.23,97.0,97.19,12551122
2025-11-24 05:00:00+00:00,97.29,97.3556,97.1814,97.34,6903895
2025-11-25 05:00:00+00:00,97.44,97.6993,97.43,97.59,9193433
2025-11-26 05:00:00+00:00,97.48,97.67,97.33,97.67,7747109
2025-11-28 05:00:00+00:00,97.63,97.6499,97.39,97.5,7798022
2025-12-01 05:00:00+00:00,96.772,96.835,96.6797,96.69,9898164
2025-12-02 05:00:00+00:00,96.66,96.815,96.6,96.77,7317320
2025-12-03 05:00:00+00:00,96.925,97.03,96.805,96.97,6855103
2025-12-04 05:00:00+00:00,96.815,96.825,96.62,96.67,8929096
2025-12-05 05:00:00+00:00,96.69,96.7,96.42,96.47,9118800
2025-12-08 05:00:00+00:00,96.41,96.42,96.09,96.27,14728577
2025-12-09 05:00:00+00:00,96.405,96.405,96.11,96.13,8509228
2025-12-10 05:00:00+00:00,96.085,96.47,96.08,96.44,13356897
2025-12-11 05:00:00+00:00,96.68,96.73,96.42,96.45,8673034
2025-12-12 05:00:00+00:00,96.19,96.2726,96.17,96.19,8348936
2025-12-15 05:00:00+00:00,96.41,96.505,96.2525,96.27,6117094
2025-12-16 05:00:00+00:00,96.24,96.56,96.225,96.54,7456521
2025-12-17 05:00:00+00:00,96.42,96.57,96.4,96.52,5673211
2025-12-18 05:00:00+00:00,96.77,96.83,96.6401,96.77,7357582
2025-12-19 05:00:00+00:00,96.3,96.3897,96.2003,96.24,5806622
2025-12-22 05:00:00+00:00,96.16,96.185,96.08,96.14,4672875
2025-12-23 05:00:00+00:00,95.93,96.13,95.88,96.1,5094032
2025-12-24 05:00:00+00:00,96.22,96.365,96.1744,96.35,3967720
2025-12-26 05:00:00+00:00,96.485,96.51,96.33,96.44,3491560
2025-12-29 05:00:00+00:00,96.55,96.6,96.4501,96.58,5034750
2025-12-30 05:00:00+00:00,96.44,96.56,96.4,96.48,4108645
2025-12-31 05:00:00+00:00,96.34,96.465,96.15,96.16,6802186
2026-01-02 05:00:00+00:00,96.285,96.29,96.07,96.08,6611758
2026-01-05 05:00:00+00:00,96.225,96.38,96.17,96.37,8692833
2026-01-06 05:00:00+00:00,96.25,96.32,96.1,96.3,12834157
2026-01-07 05:00:00+00:00,96.515,96.55,96.3445,96.48,7990996
2026-01-08 05:00:00+00:00,96.225,96.31,96.18,96.19,6931841
2026-01-09 05:00:00+00:00,96.16,96.375,96.07,96.3,10277468
2026-01-12 05:00:00+00:00,96.145,96.3,96.12,96.18,6360965
2026-01-13 05:00:00+00:00,96.34,96.37,96.2,96.3,7622552
2026-01-14 05:00:00+00:00,96.38,96.5958,96.37,96.5,7331256
2026-01-15 05:00:00+00:00,96.505,96.52,96.28,96.3,6172797
2026-01-16 05:00:00+00:00,96.23,96.255,95.91,95.93,11979391
2026-01-20 05:00:00+00:00,95.595,95.72,95.53,95.55,13607731
2026-01-21 05:00:00+00:00,95.655,95.84,95.5644,95.8,11969124
2026-01-22 05:00:00+00:00,95.695,95.86,95.645,95.79,10209497
2026-01-23 05:00:00+00:00,95.83,95.97,95.7542,95.95,8147517
2026-01-26 05:00:00+00:00,96.1,96.155,96.0449,96.09,6803869
2026-01-27 05:00:00+00:00,96.03,96.15,95.95,95.98,9857199
2026-01-28 05:00:00+00:00,95.92,95.945,95.725,95.9,17032404
2026-01-29 05:00:00+00:00,95.795,96.0861,95.78,96.0,11049404
2026-01-30 05:00:00+00:00,95.99,96.055,95.91,95.94,8238456
2026-02-02 05:00:00+00:00,95.67,95.7,95.435,95.44,8987366
2026-02-03 05:00:00+00:00,95.385,95.57,95.37,95.53,7314131
2026-02-04 05:00:00+00:00,95.45,95.605,95.41,95.51,7268703
2026-02-05 05:00:00+00:00,95.8,96.1,95.705,96.07,12086792
2026-02-06 05:00:00+00:00,96.115,96.13,95.9198,96.07,7759939
2026-02-09 05:00:00+00:00,96.01,96.13,95.93,96.09,8165177
2026-02-10 05:00:00+00:00,96.43,96.55,96.405,96.51,9752387
2026-02-11 05:00:00+00:00,96.175,96.4497,96.155,96.24,9106648
2026-02-12 05:00:00+00:00,96.4,96.85,96.385,96.83,13099865
2026-02-13 05:00:00+00:00,97.12,97.2551,97.09,97.21,11681536
2026-02-17 05:00:00+00:00,97.25,97.31,97.1512,97.2,8623799
2026-02-18 05:00:00+00:00,97.025,97.0889,96.97,97.0,7779172
2026-02-19 05:00:00+00:00,96.96,97.14,96.94,97.09,4993144
2026-02-20 05:00:00+00:00,97.13,97.14,96.89,97.09,11200201
2026-02-23 05:00:00+00:00,97.17,97.529,97.17,97.44,9863710
2026-02-24 05:00:00+00:00,97.435,97.475,97.3313,97.42,9494295
2026-02-25 05:00:00+00:00,97.27,97.42,97.265,97.34,8763461
2026-02-26 05:00:00+00:00,97.42,97.6,97.42,97.6,8178125
2026-02-27 05:00:00+00:00,97.88,98.045,97.8301,97.99,9971004
2026-03-02 05:00:00+00:00,97.38,97.39,96.95,97.12,17710591
2026-03-03 05:00:00+00:00,96.665,97.15,96.64,97.01,13709353
2026-03-04 05:00:00+00:00,96.97,96.985,96.79,96.81,12536498
2026-03-05 05:00:00+00:00,96.45,96.5801,96.39,96.51,12600449
2026-03-06 05:00:00+00:00,96.22,96.735,96.165,96.45,12758991
2026-03-09 04:00:00+00:00,96.355,96.8,96.25,96.75,12135370
2026-03-10 04:00:00+00:00,96.695,96.77,96.4139,96.44,10572357
2026-03-11 04:00:00+00:00,96.255,96.305,95.975,96.0,12199129
2026-03-12 04:00:00+00:00,95.845,95.98,95.585,95.69,11402594
2026-03-13 04:00:00+00:00,95.84,95.925,95.545,95.59,11840685
2026-03-16 04:00:00+00:00,95.98,96.06,95.865,96.02,9092975
2026-03-17 04:00:00+00:00,96.17,96.2796,96.13,96.19,7210491
2026-03-18 04:00:00+00:00,96.05,96.1155,95.73,95.75,13049736
2026-03-19 04:00:00+00:00,95.49,95.875,95.48,95.74,18465918
2026-03-20 04:00:00+00:00,95.31,95.335,94.845,94.88,20762821
2026-03-23 04:00:00+00:00,95.0,95.43,94.885,95.18,28337204
2026-03-24 04:00:00+00:00,94.785,95.08,94.62,94.86,19786444
2026-03-25 04:00:00+00:00,95.29,95.395,95.135,95.36,15939876
2026-03-26 04:00:00+00:00,95.01,95.125,94.59,94.59,12898038
2026-03-27 04:00:00+00:00,94.37,94.78,94.355,94.6,11403197
2026-03-30 04:00:00+00:00,95.2,95.39,95.13,95.27,15430848
2026-03-31 04:00:00+00:00,95.535,95.675,95.35,95.44,18650501
2026-04-01 04:00:00+00:00,95.08,95.29,95.015,95.04,13558441
2026-04-02 04:00:00+00:00,95.025,95.385,95.01,95.26,13172462
2026-04-06 04:00:00+00:00,95.0,95.1755,94.9134,95.01,6105760
2026-04-07 04:00:00+00:00,95.07,95.29,94.76,95.25,6738161
2026-04-08 04:00:00+00:00,95.72,95.73,95.37,95.46,12108366
2026-04-09 04:00:00+00:00,95.37,95.65,95.225,95.43,11066723
2026-04-10 04:00:00+00:00,95.43,95.46,95.255,95.27,4405477
2026-04-13 04:00:00+00:00,95.27,95.49,95.1701,95.48,4301133
2026-04-14 04:00:00+00:00,95.435,95.8,95.4104,95.79,5240616
2026-04-15 04:00:00+00:00,95.69,95.7,95.5008,95.58,5593935
2026-04-16 04:00:00+00:00,95.67,95.695,95.375,95.41,6619818
2026-04-17 04:00:00+00:00,95.885,96.0498,95.835,95.93,6914052
2026-04-20 04:00:00+00:00,95.91,95.92,95.71,95.84,3869585
2026-04-21 04:00:00+00:00,95.69,95.75,95.41,95.42,4873707
2026-04-22 04:00:00+00:00,95.68,95.71,95.5,95.52,4122161
2026-04-23 04:00:00+00:00,95.56,95.63,95.185,95.37,6796228
2026-04-24 04:00:00+00:00,95.29,95.59,95.21,95.56,5490709
2026-04-27 04:00:00+00:00,95.42,95.53,95.275,95.34,4056335
2026-04-28 04:00:00+00:00,95.19,95.27,95.11,95.25,4868431
2026-04-29 04:00:00+00:00,95.025,95.03,94.695,94.8,7201280
2026-04-30 04:00:00+00:00,95.04,95.0886,94.865,94.98,10383198
2026-05-01 04:00:00+00:00,94.69,95.04,94.6225,94.74,5360139
2026-05-04 04:00:00+00:00,94.585,94.6,94.22,94.39,6595233
2026-05-05 04:00:00+00:00,94.5,94.64,94.47,94.53,11282762
2026-05-06 04:00:00+00:00,94.93,95.03,94.86,95.0,9032000
2026-05-07 04:00:00+00:00,95.18,95.18,94.685,94.71,5611233
2026-05-08 04:00:00+00:00,95.04,95.09,94.92,94.96,3215794
2026-05-11 04:00:00+00:00,94.86,94.879,94.635,94.64,4026462
2026-05-12 04:00:00+00:00,94.415,94.43,94.3,94.32,5687535
2026-05-13 04:00:00+00:00,94.295,94.375,94.11,94.32,3459925
2026-05-14 04:00:00+00:00,94.54,94.56,94.245,94.26,5168000
2026-05-15 04:00:00+00:00,93.72,93.75,93.49,93.51,12499565
2026-05-18 04:00:00+00:00,93.62,93.7482,93.3449,93.47,8423832
2026-05-19 04:00:00+00:00,93.13,93.27,92.945,93.11,10070764
2026-05-20 04:00:00+00:00,93.17,93.805,93.15,93.74,14893690
2026-05-21 04:00:00+00:00,93.47,93.835,93.305,93.8,7764555
2026-05-22 04:00:00+00:00,93.96,93.99,93.63,93.88,6323374
2026-05-26 04:00:00+00:00,94.34,94.35,94.13,94.28,5495649
2026-05-27 04:00:00+00:00,94.345,94.48,94.2924,94.32,5959907
2026-05-28 04:00:00+00:00,94.345,94.67,94.285,94.54,5939169
2026-05-29 04:00:00+00:00,94.64,94.74,94.53,94.65,9640560
2026-06-01 04:00:00+00:00,93.91,94.2,93.805,94.17,8055054
2026-06-02 04:00:00+00:00,94.33,94.33,94.16,94.24,15427230
2026-06-03 04:00:00+00:00,93.99,94.1,93.905,94.0,7057279
2026-06-04 04:00:00+00:00,94.2,94.28,94.09,94.12,4418646
2026-06-05 04:00:00+00:00,93.705,93.79,93.59,93.62,9881875
2026-06-08 04:00:00+00:00,93.8,93.86,93.52,93.52,5353101
2026-06-09 04:00:00+00:00,93.71,93.845,93.61,93.78,7946616
2026-06-10 04:00:00+00:00,93.82,93.8999,93.595,93.69,5805975
2026-06-11 04:00:00+00:00,93.805,94.38,93.75,94.34,11282525
2026-06-12 04:00:00+00:00,94.16,94.27,94.015,94.18,8864473
2026-06-15 04:00:00+00:00,94.385,94.47,94.26,94.28,4983096
2026-06-16 04:00:00+00:00,94.375,94.62,94.35,94.52,4675830
2026-06-17 04:00:00+00:00,94.53,94.58,94.01,94.02,11508910
2026-06-18 04:00:00+00:00,94.43,94.6,94.33,94.36,6841506
2026-06-22 04:00:00+00:00,94.11,94.13,93.97,94.0,4573429
2026-06-23 04:00:00+00:00,94.16,94.255,94.09,94.12,6505442
2026-06-24 04:00:00+00:00,94.565,94.78,94.555,94.73,5181364
2026-06-25 04:00:00+00:00,94.86,95.015,94.78,94.79,5631311
2026-06-26 04:00:00+00:00,94.83,95.08,94.83,95.03,5584930
2026-06-29 04:00:00+00:00,94.98,95.07,94.93,95.06,5902858
2026-06-30 04:00:00+00:00,94.88,94.9001,94.545,94.57,8034708
2026-07-01 04:00:00+00:00,94.04,94.2,93.995,94.03,7891228
2026-07-02 04:00:00+00:00,94.09,94.26,94.03,94.12,7607968
2026-07-06 04:00:00+00:00,94.14,94.19,94.03,94.18,4601702
2026-07-07 04:00:00+00:00,94.0,94.02,93.685,93.7,5814412
2026-07-08 04:00:00+00:00,93.53,93.59,93.355,93.51,5510492
2026-07-09 04:00:00+00:00,93.59,93.8466,93.59,93.71,3223798
2026-07-10 04:00:00+00:00,93.74,93.78,93.585,93.63,6508438
2026-07-13 04:00:00+00:00,93.5,93.52,93.261,93.29,5770572
2026-07-14 04:00:00+00:00,93.6,93.785,93.46,93.55,5316690
2026-07-15 04:00:00+00:00,93.64,93.87,93.64,93.78,6736370
2026-07-16 04:00:00+00:00,93.58,93.75,93.5429,93.72,4841853
2026-07-17 04:00:00+00:00,93.96,94.095,93.82,93.84,7562011
2026-07-20 04:00:00+00:00,93.74,93.7561,93.44,93.54,3785540
2026-07-21 04:00:00+00:00,93.4,93.415,93.255,93.31,2786894
2026-07-22 04:00:00+00:00,93.275,93.286,93.08,93.1,3429115
2026-07-23 04:00:00+00:00,92.8,92.9,92.76,92.85,5003075
2026-07-24 04:00:00+00:00,92.985,93.2175,92.94,93.03,5093638
2026-07-27 04:00:00+00:00,93.21,93.35,93.135,93.28,4047494
2026-07-28 04:00:00+00:00,93.37,93.66,93.37,93.56,3323675
2026-07-29 04:00:00+00:00,93.405,93.53,93.16,93.17,5393025
2026-07-30 04:00:00+00:00,93.24,93.315,93.115,93.21,3975143
2026-07-31 04:00:00+00:00,92.98,92.98,92.73,92.95,8489377
2026-08-03 04:00:00+00:00,92.8,92.87,92.69,92.82,5759350
