timestamp,open,high,low,close,volume
2017-02-01 05:00:00+00:00,125.42,125.68,124.86,125.44,23182699
2017-02-02 05:00:00+00:00,125.22,125.7,124.86,125.33,15230689
2017-02-03 05:00:00+00:00,125.48,125.81,125.33,125.68,17269257
2017-02-06 05:00:00+00:00,125.44,125.85,125.35,125.83,11981361
2017-02-07 05:00:00+00:00,126.08,126.55,125.97,126.29,17681424
2017-02-08 05:00:00+00:00,126.13,126.68,125.88,126.5,12853422
2017-02-09 05:00:00+00:00,126.65,127.24,126.56,126.98,17817459
2017-02-10 05:00:00+00:00,127.22,127.56,127.02,127.38,14099249
2017-02-13 05:00:00+00:00,127.77,128.26,127.7199,128.1,19597338
2017-02-14 05:00:00+00:00,128.13,128.535,127.74,128.53,16620579
2017-02-15 05:00:00+00:00,128.44,129.35,128.37,129.29,18153464
2017-02-16 05:00:00+00:00,129.36,129.63,128.92,129.25,15561841
2017-02-17 05:00:00+00:00,129.09,129.82,129.04,129.81,15844296
2017-02-21 05:00:00+00:00,130.04,130.53,129.99,130.46,18822972
2017-02-22 05:00:00+00:00,130.33,130.59,130.111,130.49,12236555
2017-02-23 05:00:00+00:00,130.67,130.7,129.49,130.01,18277371
2017-02-24 05:00:00+00:00,129.48,130.26,129.38,130.26,19110104
2017-02-27 05:00:00+00:00,130.01,130.43,129.8,130.42,12191961
2017-02-28 05:00:00+00:00,130.38,130.45,129.66,130.01,16751871
2017-03-01 05:00:00+00:00,130.81,131.68,130.6,131.45,26312086
2017-03-02 05:00:00+00:00,131.43,131.43,130.62,130.79,20265668
2017-03-03 05:00:00+00:00,130.68,131.06,130.341,131.02,13880210
2017-03-06 05:00:00+00:00,130.58,130.95,130.21,130.73,12337185
2017-03-07 05:00:00+00:00,130.46,131.08,130.28,130.51,15629191
2017-03-08 05:00:00+00:00,130.56,131.15,130.46,130.72,16952315
2017-03-09 05:00:00+00:00,130.73,131.02,130.14,130.84,20973941
2017-03-10 05:00:00+00:00,131.445,131.6,130.82,131.39,22120800
2017-03-13 04:00:00+00:00,131.34,131.64,131.27,131.61,10961895
2017-03-14 04:00:00+00:00,131.31,131.36,130.76,131.28,14181643
2017-03-15 04:00:00+00:00,131.56,132.405,131.14,132.09,23144550
2017-03-16 04:00:00+00:00,132.34,132.35,131.71,132.01,18649987
2017-03-17 04:00:00+00:00,131.87,132.04,131.62,131.63,21780658
2017-03-20 04:00:00+00:00,131.67,132.11,131.4601,131.81,10250783
2017-03-21 04:00:00+00:00,132.3,132.43,129.73,129.81,36325735
2017-03-22 04:00:00+00:00,129.86,130.82,129.68,130.68,29918592
2017-03-23 04:00:00+00:00,130.54,130.88,130.14,130.36,21515448
2017-03-24 04:00:00+00:00,130.78,131.29,130.13,130.62,23138521
2017-03-27 04:00:00+00:00,129.711,131.07,129.4,130.84,18819628
2017-03-28 04:00:00+00:00,130.82,132.03,130.55,131.65,24170354
2017-03-29 04:00:00+00:00,131.71,132.3,131.59,132.24,14039845
2017-03-30 04:00:00+00:00,132.22,132.61,132.08,132.47,16232264
2017-03-31 04:00:00+00:00,132.29,132.74,132.125,132.36,20020077
2017-04-03 04:00:00+00:00,132.48,132.81,131.56,132.3,24018195
2017-04-04 04:00:00+00:00,131.93,132.53,131.87,132.51,13563877
2017-04-05 04:00:00+00:00,132.68,133.48,131.72,131.96,32165727
2017-04-06 04:00:00+00:00,132.12,132.39,131.7,132.04,19029111
2017-04-07 04:00:00+00:00,131.99,132.37,131.5,131.97,16886401
2017-04-10 04:00:00+00:00,132.11,132.565,131.6564,132.02,16765545
2017-04-11 04:00:00+00:00,131.86,132.095,130.5,131.45,34251078
2017-04-12 04:00:00+00:00,131.44,131.54,130.78,130.92,16160260
2017-04-13 04:00:00+00:00,130.75,131.51,130.38,130.4,23919668
2017-04-17 04:00:00+00:00,130.8,131.5,130.72,131.48,13651070
2017-04-18 04:00:00+00:00,131.03,131.66,130.95,131.28,13022818
2017-04-19 04:00:00+00:00,131.85,132.29,131.31,131.49,17972330
2017-04-20 04:00:00+00:00,132.04,132.88,131.82,132.59,22564276
2017-04-21 04:00:00+00:00,132.7,132.76,132.22,132.56,22634608
2017-04-24 04:00:00+00:00,134.02,134.285,133.8042,134.16,23659980
2017-04-25 04:00:00+00:00,134.58,135.3664,134.48,135.13,19898260
2017-04-26 04:00:00+00:00,135.17,135.51,134.86,134.94,25531555
2017-04-27 04:00:00+00:00,135.28,135.75,135.19,135.75,16419968
2017-04-28 04:00:00+00:00,136.28,136.34,135.77,135.99,23212039
2017-05-01 04:00:00+00:00,136.46,137.38,136.38,137.2,25611582
2017-05-02 04:00:00+00:00,137.38,137.49,137.02,137.43,18630669
2017-05-03 04:00:00+00:00,137.14,137.17,136.615,136.99,24088013
2017-05-04 04:00:00+00:00,137.01,137.43,136.56,137.04,14897444
2017-05-05 04:00:00+00:00,137.39,137.54,136.88,137.54,19462882
2017-05-08 04:00:00+00:00,137.61,137.84,137.33,137.84,13748785
2017-05-09 04:00:00+00:00,138.05,138.628,137.93,138.32,28679643
2017-05-10 04:00:00+00:00,138.4,138.45,137.91,138.4,20630702
2017-05-11 04:00:00+00:00,138.03,138.33,137.38,138.29,27483279
2017-05-12 04:00:00+00:00,138.37,138.63,138.23,138.6,20045714
2017-05-15 04:00:00+00:00,138.63,139.12,138.53,139.04,20844869
2017-05-16 04:00:00+00:00,139.36,139.64,138.99,139.62,22491807
2017-05-17 04:00:00+00:00,138.55,138.77,136.05,136.07,58062940
2017-05-18 04:00:00+00:00,136.06,137.72,135.87,137.26,42014836
2017-05-19 04:00:00+00:00,137.71,138.42,137.66,137.84,37855339
2017-05-22 04:00:00+00:00,138.14,139.075,138.0967,139.0,20070330
2017-05-23 04:00:00+00:00,139.42,139.42,138.7801,139.14,19937858
2017-05-24 04:00:00+00:00,139.56,139.85,139.17,139.78,18805228
2017-05-25 04:00:00+00:00,140.315,141.33,140.01,140.97,24620427
2017-05-26 04:00:00+00:00,141.0,141.28,140.81,141.22,14185456
2017-05-30 04:00:00+00:00,141.13,141.505,141.06,141.34,20644689
2017-05-31 04:00:00+00:00,141.8,141.84,140.57,141.29,33557780
2017-06-01 04:00:00+00:00,141.57,141.9,140.98,141.84,20391776
2017-06-02 04:00:00+00:00,142.34,143.49,142.11,143.46,37878337
2017-06-05 04:00:00+00:00,143.44,143.68,143.23,143.43,15870709
2017-06-06 04:00:00+00:00,143.28,143.73,142.65,142.86,22621222
2017-06-07 04:00:00+00:00,143.23,143.54,142.6,143.42,19051548
2017-06-08 04:00:00+00:00,143.74,143.8,142.79,143.57,25558939
2017-06-09 04:00:00+00:00,143.73,143.9,138.11,139.98,110552023
2017-06-12 04:00:00+00:00,138.84,139.48,137.47,139.23,105063148
2017-06-13 04:00:00+00:00,140.01,140.56,139.28,140.36,52232721
2017-06-14 04:00:00+00:00,140.92,140.93,138.62,139.75,60349333
2017-06-15 04:00:00+00:00,138.35,139.28,137.49,139.13,55465178
2017-06-16 04:00:00+00:00,138.72,138.777,137.638,138.15,48883392
2017-06-19 04:00:00+00:00,139.45,140.59,139.28,140.46,40338684
2017-06-20 04:00:00+00:00,140.31,140.5,139.31,139.36,40872239
2017-06-21 04:00:00+00:00,139.66,140.81,139.59,140.74,36323837
2017-06-22 04:00:00+00:00,140.94,141.22,140.34,140.7,24295780
2017-06-23 04:00:00+00:00,140.53,141.42,140.15,141.24,21907285
2017-06-26 04:00:00+00:00,142.0,142.29,140.27,140.58,34645313
2017-06-27 04:00:00+00:00,140.07,140.22,138.02,138.03,66409256
2017-06-28 04:00:00+00:00,138.54,140.14,137.74,140.02,58009070
2017-06-29 04:00:00+00:00,139.4,139.44,136.25,137.59,89162051
2017-06-30 04:00:00+00:00,138.0,138.6687,137.19,137.64,69831837
2017-07-03 04:00:00+00:00,138.25,138.43,136.1,136.19,33297885
2017-07-05 04:00:00+00:00,136.57,137.9,136.16,137.53,42534448
2017-07-06 04:00:00+00:00,136.47,137.06,135.8,136.29,48490456
2017-07-07 04:00:00+00:00,136.74,138.13,136.74,137.76,37690626
2017-07-10 04:00:00+00:00,137.84,138.985,137.5,138.66,25419310
2017-07-11 04:00:00+00:00,138.44,139.22,137.94,139.05,31795543
2017-07-12 04:00:00+00:00,140.21,140.86,139.955,140.7,37267760
2017-07-13 04:00:00+00:00,140.85,141.35,140.6,141.01,31304334
2017-07-14 04:00:00+00:00,141.57,142.3,141.19,142.12,35265127
2017-07-17 04:00:00+00:00,142.25,142.69,141.92,142.19,25582421
2017-07-18 04:00:00+00:00,142.06,143.17,141.64,143.14,26220563
2017-07-19 04:00:00+00:00,143.53,144.19,143.5,143.98,34731913
2017-07-20 04:00:00+00:00,144.31,144.44,143.52,144.17,36323537
2017-07-21 04:00:00+00:00,143.62,144.11,143.35,144.11,40309295
2017-07-24 04:00:00+00:00,144.07,144.87,143.92,144.77,27116927
2017-07-25 04:00:00+00:00,144.29,144.74,144.01,144.4,28309186
2017-07-26 04:00:00+00:00,144.74,144.95,144.53,144.87,18843154
2017-07-27 04:00:00+00:00,145.86,145.96,142.3,143.96,81184141
2017-07-28 04:00:00+00:00,143.14,144.0752,142.87,143.84,38164323
2017-07-31 04:00:00+00:00,144.22,144.43,142.92,143.23,34194563
2017-08-01 04:00:00+00:00,143.7,143.76,143.12,143.56,20424628
2017-08-02 04:00:00+00:00,144.45,144.52,142.61,143.95,42160102
2017-08-03 04:00:00+00:00,144.17,144.17,143.13,143.39,27412482
2017-08-04 04:00:00+00:00,143.65,143.97,143.06,143.65,29773355
2017-08-07 04:00:00+00:00,143.89,144.56,143.71,144.56,18317443
2017-08-08 04:00:00+00:00,144.27,145.47,143.9,144.31,31025463
2017-08-09 04:00:00+00:00,143.14,144.19,142.795,144.12,36509762
2017-08-10 04:00:00+00:00,143.33,143.4,140.89,141.03,64682825
2017-08-11 04:00:00+00:00,141.24,142.41,140.9,142.1,46415388
2017-08-14 04:00:00+00:00,143.23,144.15,143.19,143.93,35698894
2017-08-15 04:00:00+00:00,144.22,144.302,143.64,144.03,25892125
2017-08-16 04:00:00+00:00,144.37,144.96,143.8007,144.28,32198627
2017-08-17 04:00:00+00:00,143.73,143.94,141.33,141.33,71168360
2017-08-18 04:00:00+00:00,141.43,142.2,140.65,141.23,58140004
2017-08-21 04:00:00+00:00,141.24,141.53,140.18,141.05,37515814
2017-08-22 04:00:00+00:00,141.8,143.35,141.76,143.2,37358963
2017-08-23 04:00:00+00:00,142.5,143.01,142.38,142.69,25943963
2017-08-24 04:00:00+00:00,143.03,143.17,141.47,142.27,38498467
2017-08-25 04:00:00+00:00,142.8,143.18,141.78,141.97,26475560
2017-08-28 04:00:00+00:00,142.41,142.74,141.9501,142.41,15609158
2017-08-29 04:00:00+00:00,141.18,143.21,141.06,142.97,25147151
2017-08-30 04:00:00+00:00,143.11,144.89,143.0,144.65,34390457
2017-08-31 04:00:00+00:00,145.03,146.21,144.98,146.2,39194914
2017-09-01 04:00:00+00:00,146.36,146.585,145.61,146.0,22567206
2017-09-05 04:00:00+00:00,145.55,145.88,143.6,144.69,46209848
2017-09-06 04:00:00+00:00,145.06,145.46,144.08,145.13,34150572
2017-09-07 04:00:00+00:00,145.4,145.84,144.94,145.47,22972771
2017-09-08 04:00:00+00:00,145.28,145.35,144.06,144.21,28250256
2017-09-11 04:00:00+00:00,145.3,146.12,145.3,145.87,27963795
2017-09-12 04:00:00+00:00,146.25,146.41,145.53,146.22,31590538
2017-09-13 04:00:00+00:00,145.95,146.44,145.73,146.42,28759125
2017-09-14 04:00:00+00:00,145.85,146.2869,145.47,145.56,35565045
2017-09-15 04:00:00+00:00,145.56,146.59,145.29,146.06,46799620
2017-09-18 04:00:00+00:00,145.88,146.37,145.11,145.55,25080002
2017-09-19 04:00:00+00:00,145.81,146.01,145.31,145.8,21013519
2017-09-20 04:00:00+00:00,145.75,145.91,144.23,145.35,34462953
2017-09-21 04:00:00+00:00,145.25,145.26,143.95,144.46,29292590
2017-09-22 04:00:00+00:00,144.0,144.53,143.855,144.32,22057377
2017-09-25 04:00:00+00:00,143.75,143.8299,142.1,142.8,55253026
2017-09-26 04:00:00+00:00,143.51,143.8,142.67,143.17,29872694
2017-09-27 04:00:00+00:00,143.93,145.0,143.57,144.46,33944597
2017-09-28 04:00:00+00:00,144.14,144.5566,143.78,144.41,24351761
2017-09-29 04:00:00+00:00,144.7,145.555,144.32,145.45,43864647
2017-10-02 04:00:00+00:00,145.67,146.17,144.93,145.58,27667292
2017-10-03 04:00:00+00:00,145.74,146.06,145.45,145.89,20009564
2017-10-04 04:00:00+00:00,145.6,146.34,145.47,146.03,26467674
2017-10-05 04:00:00+00:00,146.54,147.54,146.4063,147.46,32073025
2017-10-06 04:00:00+00:00,146.97,147.66,146.96,147.66,24024604
2017-10-09 04:00:00+00:00,147.86,148.0093,147.3,147.49,13815115
2017-10-10 04:00:00+00:00,147.98,148.14,146.95,147.6,19384211
2017-10-11 04:00:00+00:00,147.53,148.07,147.34,148.04,12614357
2017-10-12 04:00:00+00:00,147.84,148.355,147.615,147.77,14710436
2017-10-13 04:00:00+00:00,148.4,148.51,147.7772,148.34,18662632
2017-10-16 04:00:00+00:00,148.7,148.89,148.3928,148.85,22066151
2017-10-17 04:00:00+00:00,148.79,149.06,148.57,149.04,13419383
2017-10-18 04:00:00+00:00,149.21,149.21,148.64,148.86,17422752
2017-10-19 04:00:00+00:00,148.02,148.33,147.27,148.31,27997161
2017-10-20 04:00:00+00:00,148.91,149.04,148.53,148.71,30663392
2017-10-23 04:00:00+00:00,149.01,149.03,147.53,147.74,29574829
2017-10-24 04:00:00+00:00,148.0,148.3,147.44,147.99,20509433
2017-10-25 04:00:00+00:00,147.7,148.18,146.33,147.43,36212264
2017-10-26 04:00:00+00:00,147.36,147.705,146.92,146.96,28451029
2017-10-27 04:00:00+00:00,149.33,151.52,149.2,151.24,61180178
2017-10-30 04:00:00+00:00,151.08,152.19,150.9899,151.58,31943329
2017-10-31 04:00:00+00:00,152.04,152.37,151.63,152.15,26559019
2017-11-01 04:00:00+00:00,152.75,152.83,151.5,152.1,29768260
2017-11-02 04:00:00+00:00,151.92,151.99,150.77,151.81,31211314
2017-11-03 04:00:00+00:00,152.39,153.29,151.84,153.27,26735110
2017-11-06 05:00:00+00:00,153.13,153.85,153.1,153.79,29206403
2017-11-07 05:00:00+00:00,153.67,154.0823,153.34,153.88,21665526
2017-11-08 05:00:00+00:00,153.81,154.54,153.62,154.5,17828810
2017-11-09 05:00:00+00:00,153.26,153.77,152.11,153.69,41063157
2017-11-10 05:00:00+00:00,153.36,153.8,153.06,153.68,20272400
2017-11-13 05:00:00+00:00,153.12,154.0693,153.1,153.87,12733502
2017-11-14 05:00:00+00:00,153.31,153.5,152.57,153.31,25401165
2017-11-15 05:00:00+00:00,152.64,153.0,151.78,152.59,25100642
2017-11-16 05:00:00+00:00,153.38,154.89,153.33,154.54,35338959
2017-11-17 05:00:00+00:00,154.58,154.69,153.8,153.95,28956753
2017-11-20 05:00:00+00:00,154.08,154.2,153.61,153.83,21444595
2017-11-21 05:00:00+00:00,154.56,155.57,154.485,155.5,20630792
2017-11-22 05:00:00+00:00,155.63,155.84,155.341,155.69,17490207
2017-11-24 05:00:00+00:00,155.86,156.31,155.76,156.26,8455312
2017-11-27 05:00:00+00:00,156.2,156.56,155.83,156.19,22813768
2017-11-28 05:00:00+00:00,156.52,156.69,155.7,156.59,25439016
2017-11-29 05:00:00+00:00,156.45,156.45,153.12,153.86,73152914
2017-11-30 05:00:00+00:00,154.46,155.45,154.145,155.15,57426396
2017-12-01 05:00:00+00:00,154.19,155.24,152.26,154.49,59431937
2017-12-04 05:00:00+00:00,155.47,155.625,152.56,152.71,52162497
2017-12-05 05:00:00+00:00,152.64,154.55,152.1,152.81,40925480
2017-12-06 05:00:00+00:00,152.26,153.735,152.06,153.5,29001128
2017-12-07 05:00:00+00:00,153.49,154.46,153.33,154.02,33010704
2017-12-08 05:00:00+00:00,155.1,155.53,154.46,154.7,28280477
2017-12-11 05:00:00+00:00,154.76,155.95,154.76,155.9,21161010
2017-12-12 05:00:00+00:00,155.81,156.15,155.36,155.69,20455768
2017-12-13 05:00:00+00:00,156.28,156.49,155.76,155.99,24654070
2017-12-14 05:00:00+00:00,156.28,156.66,155.71,155.88,24798742
2017-12-15 05:00:00+00:00,156.49,157.82,156.23,157.65,50471665
2017-12-18 05:00:00+00:00,158.29,158.77,158.07,158.64,27362581
2017-12-19 05:00:00+00:00,158.34,158.5,157.26,157.7,31732736
2017-12-20 05:00:00+00:00,158.25,158.28,156.91,157.53,39178834
2017-12-21 05:00:00+00:00,157.73,158.25,157.37,157.55,18821086
2017-12-22 05:00:00+00:00,157.31,157.432,156.95,157.37,24460035
2017-12-26 05:00:00+00:00,156.53,156.72,155.95,156.52,22283335
2017-12-27 05:00:00+00:00,156.52,156.96,156.39,156.54,22579424
2017-12-28 05:00:00+00:00,157.05,157.0653,156.54,156.73,27505922
2017-12-29 05:00:00+00:00,156.9,156.9,155.7,155.76,33414821
2018-01-02 05:00:00+00:00,156.5,158.525,156.17,158.49,33330545
2018-01-03 05:00:00+00:00,158.61,160.17,158.61,160.03,29997989
2018-01-04 05:00:00+00:00,160.59,160.79,160.0825,160.31,25122938
2018-01-05 05:00:00+00:00,161.04,162.03,160.77,161.92,27529791
2018-01-08 05:00:00+00:00,161.9,162.63,161.86,162.55,23653897
2018-01-09 05:00:00+00:00,162.85,163.04,162.07,162.56,25046970
2018-01-10 05:00:00+00:00,161.8,162.21,161.12,162.2,34256883
2018-01-11 05:00:00+00:00,162.48,163.3,162.21,163.29,20795369
2018-01-12 05:00:00+00:00,163.03,164.66,162.94,164.49,38324540
2018-01-16 05:00:00+00:00,165.55,166.415,163.53,164.02,41624496
2018-01-17 05:00:00+00:00,164.77,166.04,163.9982,165.79,34691580
2018-01-18 05:00:00+00:00,165.55,166.1999,165.135,165.82,26646012
2018-01-19 05:00:00+00:00,166.32,166.61,165.535,166.34,39374396
2018-01-22 05:00:00+00:00,166.27,168.12,166.09,168.12,26440795
2018-01-23 05:00:00+00:00,168.64,169.66,168.555,169.51,38519311
2018-01-24 05:00:00+00:00,169.81,170.24,167.44,168.45,54581113
2018-01-25 05:00:00+00:00,169.55,169.63,167.81,168.35,29091836
2018-01-26 05:00:00+00:00,169.27,170.952,168.96,170.86,32480566
2018-01-29 05:00:00+00:00,170.52,170.91,169.74,170.04,37445641
2018-01-30 05:00:00+00:00,168.55,169.42,167.82,168.7,45361913
2018-01-31 05:00:00+00:00,169.67,169.9899,168.34,169.4,42813307
2018-02-01 05:00:00+00:00,168.12,169.73,167.42,167.96,39075229
2018-02-02 05:00:00+00:00,167.34,167.7,164.47,164.61,68864226
2018-02-05 05:00:00+00:00,163.13,165.75,158.0,158.12,106503493
2018-02-06 05:00:00+00:00,155.96,162.51,155.1,162.31,119411224
2018-02-07 05:00:00+00:00,161.79,163.55,160.2,160.21,91381005
2018-02-08 05:00:00+00:00,160.69,160.8,153.45,153.45,95544951
2018-02-09 05:00:00+00:00,155.66,157.24,150.125,156.1,113903865
2018-02-12 05:00:00+00:00,157.67,159.95,156.46,158.87,63875317
2018-02-13 05:00:00+00:00,157.98,160.01,157.7197,159.69,32059948
2018-02-14 05:00:00+00:00,158.79,162.93,158.0,162.68,52722796
2018-02-15 05:00:00+00:00,164.14,165.7,162.44,165.7,52192256
2018-02-16 05:00:00+00:00,165.18,166.755,164.6799,164.96,62777166
2018-02-20 05:00:00+00:00,164.39,166.68,164.31,165.23,37601981
2018-02-21 05:00:00+00:00,166.06,167.72,164.72,164.82,41506402
2018-02-22 05:00:00+00:00,165.54,166.42,164.3769,164.8,37377771
2018-02-23 05:00:00+00:00,166.06,168.17,165.45,168.17,50784223
2018-02-26 05:00:00+00:00,168.93,170.4,168.82,170.4,40111234
2018-02-27 05:00:00+00:00,170.42,170.73,168.21,168.29,42608789
2018-02-28 05:00:00+00:00,169.25,169.8,167.1,167.21,43513424
2018-03-01 05:00:00+00:00,167.29,168.07,163.001,164.48,78142425
2018-03-02 05:00:00+00:00,162.59,166.28,161.96,165.99,59008766
2018-03-05 05:00:00+00:00,165.26,168.26,164.59,167.83,39134263
2018-03-06 05:00:00+00:00,168.61,169.11,167.48,168.54,30026267
2018-03-07 05:00:00+00:00,167.26,169.07,166.96,168.93,34948925
2018-03-08 05:00:00+00:00,169.54,169.98,168.95,169.86,26169991
2018-03-09 05:00:00+00:00,171.1,173.16,170.82,173.16,39170410
2018-03-12 04:00:00+00:00,173.65,174.48,173.28,174.08,38120957
2018-03-13 04:00:00+00:00,174.8,175.21,171.2666,171.71,56180340
2018-03-14 04:00:00+00:00,172.58,172.74,170.93,171.68,40946260
2018-03-15 04:00:00+00:00,171.83,172.53,170.9,171.53,29126529
2018-03-16 04:00:00+00:00,171.78,172.2,170.935,171.02,31455439
2018-03-19 04:00:00+00:00,169.16,169.22,165.6393,167.1,72142583
2018-03-20 04:00:00+00:00,167.1,168.04,166.61,167.65,34512053
2018-03-21 04:00:00+00:00,167.23,168.76,166.19,166.92,44224708
2018-03-22 04:00:00+00:00,164.7,165.77,162.59,162.8,67865831
2018-03-23 04:00:00+00:00,162.6,163.3,158.43,158.51,81159602
2018-03-26 04:00:00+00:00,161.68,164.6,159.16,164.4,58515107
2018-03-27 04:00:00+00:00,165.6,165.62,157.68,159.08,81138536
2018-03-28 04:00:00+00:00,158.25,159.78,156.04,157.25,90153462
2018-03-29 04:00:00+00:00,158.13,161.71,156.6338,160.13,69910751
2018-04-02 04:00:00+00:00,159.0,159.74,153.88,155.51,87368470
2018-04-03 04:00:00+00:00,156.92,157.92,154.44,157.26,64597532
2018-04-04 04:00:00+00:00,154.27,160.23,154.04,159.74,66800053
2018-04-05 04:00:00+00:00,161.33,161.58,159.48,160.65,43500703
2018-04-06 04:00:00+00:00,158.94,160.4601,155.88,156.63,60545712
2018-04-09 04:00:00+00:00,158.01,160.88,157.46,157.73,42311364
2018-04-10 04:00:00+00:00,160.13,161.73,159.07,161.21,50076851
2018-04-11 04:00:00+00:00,160.2,162.0,160.1,160.28,41975733
2018-04-12 04:00:00+00:00,161.3,162.77,161.16,162.21,31113404
2018-04-13 04:00:00+00:00,163.01,163.26,160.67,161.37,45004210
2018-04-16 04:00:00+00:00,162.45,163.19,161.48,162.6,28608350
2018-04-17 04:00:00+00:00,164.19,166.4592,163.91,166.1,36671130
2018-04-18 04:00:00+00:00,166.12,167.0,165.31,166.44,30527367
2018-04-19 04:00:00+00:00,165.65,165.99,164.34,164.91,35256029
2018-04-20 04:00:00+00:00,164.49,164.61,161.73,162.3,49712692
2018-04-23 04:00:00+00:00,163.08,163.73,161.02,161.89,33590703
2018-04-24 04:00:00+00:00,162.62,162.905,157.39,158.46,71936047
2018-04-25 04:00:00+00:00,158.8,159.31,156.47,158.65,52455108
2018-04-26 04:00:00+00:00,160.72,162.53,160.18,161.99,44068880
2018-04-27 04:00:00+00:00,164.35,164.41,161.17,162.09,51358586
2018-04-30 04:00:00+00:00,162.48,163.48,160.54,160.94,35987230
2018-05-01 04:00:00+00:00,160.52,162.8,160.14,162.78,36942816
2018-05-02 04:00:00+00:00,163.06,163.06,161.82,161.82,348390
2018-05-03 04:00:00+00:00,161.0,161.8,161.0,161.8,545317
2018-05-04 04:00:00+00:00,161.11,165.25,160.98,164.87,42603963
2018-05-07 04:00:00+00:00,165.64,166.78,165.51,166.24,32985303
2018-05-08 04:00:00+00:00,165.83,166.43,164.86,166.07,26465858
2018-05-09 04:00:00+00:00,166.4,168.0,165.78,167.88,29843798
2018-05-10 04:00:00+00:00,168.43,169.74,168.29,169.62,27645008
2018-05-11 04:00:00+00:00,169.35,169.86,168.72,169.46,25001909
2018-05-14 04:00:00+00:00,169.8398,170.82,169.47,169.75,22022774
2018-05-15 04:00:00+00:00,168.4,168.5,166.98,167.89,49905658
2018-05-16 04:00:00+00:00,168.1,169.37,168.01,168.98,23390821
2018-05-17 04:00:00+00:00,168.4,169.61,167.51,168.33,28085498
2018-05-18 04:00:00+00:00,167.71,168.26,167.21,167.46,27066882
2018-05-21 04:00:00+00:00,168.73,169.5,167.68,168.4,23439090
2018-05-22 04:00:00+00:00,169.15,169.45,167.88,168.18,19701971
2018-05-23 04:00:00+00:00,166.9,169.62,166.88,169.6,26969599
2018-05-24 04:00:00+00:00,169.56,169.85,167.84,169.55,27944870
2018-05-25 04:00:00+00:00,169.54,170.33,169.21,169.72,27624824
2018-05-29 04:00:00+00:00,168.91,169.92,167.96,168.97,41689229
2018-05-30 04:00:00+00:00,169.63,170.48,169.22,170.18,23161450
2018-05-31 04:00:00+00:00,170.13,171.2,169.63,170.07,36017741
2018-06-01 04:00:00+00:00,170.88,172.84,170.87,172.74,46274017
2018-06-04 04:00:00+00:00,173.16,174.34,173.07,174.3,20955330
2018-06-05 04:00:00+00:00,174.69,175.13,174.065,174.84,25153761
2018-06-06 04:00:00+00:00,175.0248,175.89,174.14,175.86,25509111
2018-06-07 04:00:00+00:00,175.91,175.93,173.55,174.43,39900363
2018-06-08 04:00:00+00:00,173.57,174.8803,173.18,174.44,31926552
2018-06-11 04:00:00+00:00,174.3,175.34,174.28,174.91,22605883
2018-06-12 04:00:00+00:00,175.15,176.0,174.96,175.83,23004011
2018-06-13 04:00:00+00:00,176.09,177.14,175.43,175.82,38175598
2018-06-14 04:00:00+00:00,176.62,177.89,176.5,177.6,36530996
2018-06-15 04:00:00+00:00,176.98,177.325,176.11,176.98,49553617
2018-06-18 04:00:00+00:00,175.53,176.65,174.94,176.5,32190335
2018-06-19 04:00:00+00:00,174.26,176.04,173.71,176.0,38772095
2018-06-20 04:00:00+00:00,176.79,177.98,176.65,177.25,33376231
2018-06-21 04:00:00+00:00,177.69,177.88,175.37,175.71,43930636
2018-06-22 04:00:00+00:00,176.31,176.369,174.69,175.32,30317596
2018-06-25 04:00:00+00:00,173.76,173.99,169.81,171.37,78968837
2018-06-26 04:00:00+00:00,171.99,173.0585,171.37,172.07,39739688
2018-06-27 04:00:00+00:00,172.77,173.58,169.61,169.73,53514530
2018-06-28 04:00:00+00:00,169.52,171.77,169.17,171.19,46924781
2018-06-29 04:00:00+00:00,172.0,172.92,171.395,171.65,36798193
2018-07-02 04:00:00+00:00,170.04,172.85,169.67,172.8,32100298
2018-07-03 04:00:00+00:00,173.41,173.45,170.63,170.8,25846791
2018-07-05 04:00:00+00:00,171.91,173.06,171.03,172.92,32116311
2018-07-06 04:00:00+00:00,173.31,175.74,173.0,175.61,38037709
2018-07-09 04:00:00+00:00,176.49,177.23,175.82,177.19,27906312
2018-07-10 04:00:00+00:00,177.41,177.72,176.71,177.32,24183646
2018-07-11 04:00:00+00:00,175.96,177.07,175.8,176.42,31404023
2018-07-12 04:00:00+00:00,177.21,179.46,177.08,179.46,28675639
2018-07-13 04:00:00+00:00,179.42,179.9,178.95,179.61,28358719
2018-07-16 04:00:00+00:00,179.64,179.95,178.88,179.18,21584464
2018-07-17 04:00:00+00:00,177.3,180.65,177.28,180.27,32003350
2018-07-18 04:00:00+00:00,180.28,180.44,179.38,179.93,23495964
2018-07-19 04:00:00+00:00,179.34,179.88,178.82,179.03,31411495
2018-07-20 04:00:00+00:00,179.57,180.17,178.79,178.99,36869093
2018-07-23 04:00:00+00:00,178.45,179.64,177.74,179.56,22555764
2018-07-24 04:00:00+00:00,181.39,182.05,179.56,180.3,37248016
2018-07-25 04:00:00+00:00,180.36,182.93,180.29,182.82,36412829
2018-07-26 04:00:00+00:00,180.35,180.92,179.81,180.05,41562025
2018-07-27 04:00:00+00:00,181.26,181.31,176.6,177.62,60160971
2018-07-30 04:00:00+00:00,177.66,177.73,174.27,175.11,60986673
2018-07-31 04:00:00+00:00,175.75,177.13,174.82,176.45,47947107
2018-08-01 04:00:00+00:00,176.87,177.65,176.13,177.12,37582376
2018-08-02 04:00:00+00:00,175.87,179.74,175.79,179.5403,48417650
2018-08-03 04:00:00+00:00,179.8,180.09,179.08,180.08,29168230
2018-08-06 04:00:00+00:00,179.97,181.19,179.74,181.14,25353609
2018-08-07 04:00:00+00:00,181.63,182.14,181.26,181.8,30440649
2018-08-08 04:00:00+00:00,181.56,182.35,181.06,182.02,23171974
2018-08-09 04:00:00+00:00,181.94,182.63,181.64,181.91,19020488
2018-08-10 04:00:00+00:00,180.68,181.22,179.84,180.52,34387800
2018-08-13 04:00:00+00:00,180.85,182.01,180.241,180.32,26460848
2018-08-14 04:00:00+00:00,181.01,181.66,180.04,181.45,21381931
2018-08-15 04:00:00+00:00,180.09,180.58,178.12,179.23,59267830
2018-08-16 04:00:00+00:00,180.57,180.99,179.47,179.82,28302132
2018-08-17 04:00:00+00:00,179.36,180.31,178.2679,179.86,36418229
2018-08-20 04:00:00+00:00,180.28,180.3251,179.0,179.7,25106596
2018-08-21 04:00:00+00:00,180.26,181.44,180.13,180.36,26794783
2018-08-22 04:00:00+00:00,179.96,181.27,179.75,181.06,18470951
2018-08-23 04:00:00+00:00,180.77,182.045,180.5,180.8,26261312
2018-08-24 04:00:00+00:00,181.4,182.63,181.36,182.48,23669161
2018-08-27 04:00:00+00:00,183.43,184.34,183.11,184.34,30433261
2018-08-28 04:00:00+00:00,184.8,185.02,184.22,184.61,20597298
2018-08-29 04:00:00+00:00,184.91,186.84,184.86,186.74,29528524
2018-08-30 04:00:00+00:00,186.41,187.5199,185.79,186.41,29680346
2018-08-31 04:00:00+00:00,186.18,187.18,185.98,186.65,28897610
2018-09-04 04:00:00+00:00,186.1,186.4,184.85,185.85,29509042
2018-09-05 04:00:00+00:00,185.55,185.55,182.82,183.45,43117204
2018-09-06 04:00:00+00:00,183.54,183.75,180.58,181.81,46546531
2018-09-07 04:00:00+00:00,180.53,182.67,180.44,181.11,47312957
2018-09-10 04:00:00+00:00,182.12,182.25,180.725,181.72,26435620
2018-09-11 04:00:00+00:00,180.97,183.42,180.52,183.12,30715830
2018-09-12 04:00:00+00:00,182.87,182.98,181.01,182.58,36536380
2018-09-13 04:00:00+00:00,183.67,184.88,183.6401,184.53,32163264
2018-09-14 04:00:00+00:00,184.66,184.945,183.26,183.99,31362748
2018-09-17 04:00:00+00:00,183.66,183.81,181.17,181.34,33720638
2018-09-18 04:00:00+00:00,181.52,183.73,181.4,182.84,32406106
2018-09-19 04:00:00+00:00,182.86,183.3,181.51,182.7,32104586
2018-09-20 04:00:00+00:00,183.95,184.97,183.5199,184.72,34042959
2018-09-21 04:00:00+00:00,185.27,185.48,183.48,183.71,38576694
2018-09-24 04:00:00+00:00,182.06,183.96,181.3,183.89,35244097
2018-09-25 04:00:00+00:00,183.78,184.28,183.18,184.14,25661675
2018-09-26 04:00:00+00:00,184.25,185.99,183.905,184.27,36869621
2018-09-27 04:00:00+00:00,185.04,186.49,184.92,185.83,33543297
2018-09-28 04:00:00+00:00,185.25,186.28,184.97,185.79,28263701
2018-10-01 04:00:00+00:00,186.82,187.53,185.7,186.17,27775202
2018-10-02 04:00:00+00:00,185.95,187.175,185.32,185.75,26042226
2018-10-03 04:00:00+00:00,186.52,186.97,185.66,185.95,29418347
2018-10-04 04:00:00+00:00,185.22,185.32,181.06,182.38,81889348
2018-10-05 04:00:00+00:00,182.39,182.97,178.43,180.15,84050210
2018-10-08 04:00:00+00:00,179.37,180.6427,176.93,179.05,67245036
2018-10-09 04:00:00+00:00,179.2,181.02,178.75,179.63,49605804
2018-10-10 04:00:00+00:00,178.53,178.62,171.5,171.73,117264070
2018-10-11 04:00:00+00:00,171.04,173.4,167.81,169.6,145362498
2018-10-12 04:00:00+00:00,173.99,174.86,170.9328,174.32,103074017
2018-10-15 04:00:00+00:00,173.69,174.04,171.56,172.21,65955853
2018-10-16 04:00:00+00:00,174.02,177.65,173.7,177.22,73473446
2018-10-17 04:00:00+00:00,178.14,178.2585,175.47,177.29,67406976
2018-10-18 04:00:00+00:00,176.6,176.68,172.44,173.18,83657266
2018-10-19 04:00:00+00:00,174.39,176.07,172.39,173.02,83267833
2018-10-22 04:00:00+00:00,174.06,175.2485,172.59,173.91,54266344
2018-10-23 04:00:00+00:00,170.79,174.13,168.82,173.27,77959626
2018-10-24 04:00:00+00:00,173.12,173.36,165.04,165.34,104543612
2018-10-25 04:00:00+00:00,167.99,172.08,167.16,171.06,85630283
2018-10-26 04:00:00+00:00,165.24,169.96,164.23,166.66,132646994
2018-10-29 04:00:00+00:00,169.16,169.86,160.09,163.23,113600209
2018-10-30 04:00:00+00:00,162.8,166.035,162.015,165.92,93476296
2018-10-31 04:00:00+00:00,168.55,171.25,168.54,169.82,75503782
2018-11-01 04:00:00+00:00,170.08,172.24,168.78,172.06,53514814
2018-11-02 04:00:00+00:00,171.53,172.55,168.22,169.38,76595612
2018-11-05 05:00:00+00:00,169.61,169.66,167.08,168.96,40026336
2018-11-06 05:00:00+00:00,168.93,171.19,168.72,170.24,34707173
2018-11-07 05:00:00+00:00,172.25,175.58,171.87,175.58,52759996
2018-11-08 05:00:00+00:00,174.76,175.302,173.63,174.46,40768548
2018-11-09 05:00:00+00:00,172.83,173.25,170.16,171.52,51190627
2018-11-12 05:00:00+00:00,170.33,170.64,166.18,166.33,63834896
2018-11-13 05:00:00+00:00,167.15,169.48,166.0,166.47,64852331
2018-11-14 05:00:00+00:00,168.09,168.7,164.25,165.2,76352545
2018-11-15 05:00:00+00:00,164.84,168.54,163.46,168.09,74069804
2018-11-16 05:00:00+00:00,166.49,168.31,165.78,167.5,66183480
2018-11-19 05:00:00+00:00,166.73,166.9,161.54,161.99,68747114
2018-11-20 05:00:00+00:00,158.37,161.38,157.13,159.16,104158545
2018-11-21 05:00:00+00:00,161.29,161.97,159.2323,160.37,43832597
2018-11-23 05:00:00+00:00,159.09,160.84,159.09,159.21,24097549
2018-11-26 05:00:00+00:00,161.44,162.97,160.76,162.89,43634659
2018-11-27 05:00:00+00:00,162.0,163.85,161.18,163.44,36878039
2018-11-28 05:00:00+00:00,164.62,168.7,163.4719,168.7,71343552
2018-11-29 05:00:00+00:00,168.0,169.26,166.82,168.15,45307331
2018-11-30 05:00:00+00:00,168.38,169.47,167.54,169.37,36690770
2018-12-03 05:00:00+00:00,173.1,173.31,169.5101,172.33,51755459
2018-12-04 05:00:00+00:00,171.38,171.91,165.52,165.72,72789216
2018-12-06 05:00:00+00:00,162.46,166.91,161.77,166.8997,72247175
2018-12-07 05:00:00+00:00,166.13,167.12,160.86,161.38,81333009
2018-12-10 05:00:00+00:00,161.11,163.78,159.41,163.07,74522550
2018-12-11 05:00:00+00:00,165.66,165.77,162.23,163.61,60499287
2018-12-12 05:00:00+00:00,166.06,167.6,164.96,165.05,54485484
2018-12-13 05:00:00+00:00,166.06,166.82,164.03,165.1,46677453
2018-12-14 05:00:00+00:00,163.19,163.81,160.7,160.9303,57380064
2018-12-17 05:00:00+00:00,160.41,161.67,156.17,157.43,76057741
2018-12-18 05:00:00+00:00,158.67,159.95,157.04,158.42,64230709
2018-12-19 05:00:00+00:00,158.24,160.72,153.34,154.53,82860947
2018-12-20 05:00:00+00:00,154.16,155.87,150.39,152.29,100279055
2018-12-21 05:00:00+00:00,153.06,154.09,146.72,147.57,144785307
2018-12-24 05:00:00+00:00,146.14,147.98,143.46,143.5,57511327
2018-12-26 05:00:00+00:00,145.12,152.54,144.09,152.46,100727184
2018-12-27 05:00:00+00:00,150.57,153.18,147.08,153.05,87358989
2018-12-28 05:00:00+00:00,154.01,155.59,151.72,152.97,78475613
2018-12-31 05:00:00+00:00,154.47,154.98,152.71,154.26,53557128
2019-01-02 05:00:00+00:00,150.99,155.75,150.88,154.88,59547619
2019-01-03 05:00:00+00:00,152.6,153.26,149.49,149.82,75738901
2019-01-04 05:00:00+00:00,152.18,157.0,151.74,156.23,76308837
2019-01-07 05:00:00+00:00,156.54,158.86,156.11,158.09,53020832
2019-01-08 05:00:00+00:00,159.56,160.11,157.2,159.52,49991092
2019-01-09 05:00:00+00:00,160.15,161.5229,159.47,160.82,47418051
2019-01-10 05:00:00+00:00,159.59,161.37,158.7,161.28,39485082
2019-01-11 05:00:00+00:00,160.32,160.86,159.79,160.69,32146022
2019-01-14 05:00:00+00:00,159.32,159.96,158.59,159.27,31104038
2019-01-15 05:00:00+00:00,159.97,162.6,159.9096,162.38,41826309
2019-01-16 05:00:00+00:00,162.63,163.78,162.29,162.35,35144742
2019-01-17 05:00:00+00:00,161.84,164.36,161.57,163.63,39851887
2019-01-18 05:00:00+00:00,164.85,166.02,163.82,165.25,58064254
2019-01-22 05:00:00+00:00,164.05,164.14,160.76,161.94,57744616
2019-01-23 05:00:00+00:00,162.77,163.51,160.32,162.15,38820642
2019-01-24 05:00:00+00:00,162.66,163.44,162.0626,163.2,32629348
2019-01-25 05:00:00+00:00,164.48,165.65,163.95,165.15,37114038
2019-01-28 05:00:00+00:00,163.03,163.12,161.75,163.11,34415648
2019-01-29 05:00:00+00:00,163.2,163.24,160.99,161.57,31273071
2019-01-30 05:00:00+00:00,163.39,166.28,162.89,165.68,41985788
2019-01-31 05:00:00+00:00,166.65,168.99,166.4701,168.16,37674963
2019-02-01 05:00:00+00:00,167.37,168.6,166.99,167.45,32532303
2019-02-04 05:00:00+00:00,167.51,169.53,167.33,169.53,27181070
2019-02-05 05:00:00+00:00,169.75,171.23,169.69,171.03,28537941
2019-02-06 05:00:00+00:00,171.06,171.37,169.75,170.52,30500248
2019-02-07 05:00:00+00:00,169.03,169.4499,166.95,168.23,42491516
2019-02-08 05:00:00+00:00,166.73,168.59,166.57,168.56,29227634
2019-02-11 05:00:00+00:00,169.14,169.58,167.98,168.4,22123413
2019-02-12 05:00:00+00:00,169.59,171.14,169.33,170.89,30117142
2019-02-13 05:00:00+00:00,171.62,172.16,170.82,171.01,26524020
2019-02-14 05:00:00+00:00,170.38,171.83,169.83,171.22,30632624
2019-02-15 05:00:00+00:00,172.51,172.5623,171.1392,171.94,32755893
2019-02-19 05:00:00+00:00,171.39,172.8,171.38,172.28,19819786
2019-02-20 05:00:00+00:00,172.43,173.08,171.32,172.25,32969244
2019-02-21 05:00:00+00:00,171.77,172.26,170.71,171.62,25476950
2019-02-22 05:00:00+00:00,171.98,173.01,171.9,172.89,28154860
2019-02-25 05:00:00+00:00,174.2,174.66,173.4,173.52,33556628
2019-02-26 05:00:00+00:00,173.04,174.25,172.81,173.7,22104703
2019-02-27 05:00:00+00:00,172.92,173.8,171.76,173.59,25516295
2019-02-28 05:00:00+00:00,173.04,173.81,172.7,173.19,25402683
2019-03-01 05:00:00+00:00,174.41,174.65,173.18,174.39,31809939
2019-03-04 05:00:00+00:00,175.37,175.79,172.47,174.42,38341165
2019-03-05 05:00:00+00:00,174.52,175.085,173.685,174.55,22629563
2019-03-06 05:00:00+00:00,174.68,174.75,173.28,173.56,28525829
2019-03-07 05:00:00+00:00,173.09,173.18,170.79,171.43,39888454
2019-03-08 05:00:00+00:00,169.51,171.26,169.3375,171.17,39809606
2019-03-11 04:00:00+00:00,171.86,174.85,171.85,174.73,31659424
2019-03-12 04:00:00+00:00,175.17,176.14,174.7715,175.69,34302813
2019-03-13 04:00:00+00:00,176.6,177.93,176.35,177.01,42875992
2019-03-14 04:00:00+00:00,177.115,177.34,176.66,176.71,24084486
2019-03-15 04:00:00+00:00,177.43,178.88,177.28,178.35,38959474
2019-03-18 04:00:00+00:00,177.95,178.99,177.5915,178.45,33170786
2019-03-19 04:00:00+00:00,179.16,180.0,178.29,179.05,37140386
2019-03-20 04:00:00+00:00,179.06,180.86,178.24,179.76,50864060
2019-03-21 04:00:00+00:00,179.24,182.83,179.2,182.57,43195408
2019-03-22 04:00:00+00:00,181.76,182.27,178.37,178.56,71602864
2019-03-25 04:00:00+00:00,177.93,178.84,176.93,178.22,46637074
2019-03-26 04:00:00+00:00,179.58,180.69,178.14,179.05,33439521
2019-03-27 04:00:00+00:00,179.27,179.72,176.6,177.9,37343770
2019-03-28 04:00:00+00:00,178.36,178.98,177.24,178.31,30595590
2019-03-29 04:00:00+00:00,179.63,179.83,178.59,179.66,35692418
2019-04-01 04:00:00+00:00,181.42,182.26,180.77,182.04,31626727
2019-04-02 04:00:00+00:00,182.23,182.905,181.78,182.73,23064703
2019-04-03 04:00:00+00:00,183.74,184.92,183.2089,183.78,32089511
2019-04-04 04:00:00+00:00,183.81,184.5,182.65,183.71,28806243
2019-04-05 04:00:00+00:00,184.29,184.77,184.0183,184.66,25964427
2019-04-08 04:00:00+00:00,184.36,185.28,183.63,185.13,24227334
2019-04-09 04:00:00+00:00,184.5,185.11,184.09,184.48,25844282
2019-04-10 04:00:00+00:00,184.75,185.53,184.52,185.47,24920774
2019-04-11 04:00:00+00:00,185.77,185.78,184.6899,185.03,20792728
2019-04-12 04:00:00+00:00,185.86,185.95,185.0601,185.83,25298601
2019-04-15 04:00:00+00:00,185.81,186.07,184.62,185.86,21226162
2019-04-16 04:00:00+00:00,186.51,186.91,185.93,186.5,27348112
2019-04-17 04:00:00+00:00,187.75,187.93,186.6,187.15,29916076
2019-04-18 04:00:00+00:00,187.48,187.7905,186.29,187.39,29149844
2019-04-22 04:00:00+00:00,186.54,187.99,186.43,187.92,18143179
2019-04-23 04:00:00+00:00,188.37,190.54,188.13,190.31,34243305
2019-04-24 04:00:00+00:00,190.44,190.71,189.65,189.71,25254752
2019-04-25 04:00:00+00:00,191.15,191.22,189.45,190.48,29824303
2019-04-26 04:00:00+00:00,190.2,190.69,188.59,190.65,26594343
2019-04-29 04:00:00+00:00,190.62,191.32,190.34,191.02,22057827
2019-04-30 04:00:00+00:00,189.48,189.85,188.21,189.54,31894975
2019-05-01 04:00:00+00:00,190.76,191.32,188.795,188.93,35208612
2019-05-02 04:00:00+00:00,188.88,189.85,186.87,188.11,44720725
2019-05-03 04:00:00+00:00,189.69,191.25,189.33,191.11,30971095
2019-05-06 04:00:00+00:00,187.1,190.2,186.76,189.94,39423039
2019-05-07 04:00:00+00:00,187.86,188.67,184.51,186.24,59968288
2019-05-08 04:00:00+00:00,185.68,187.17,184.96,185.77,37810561
2019-05-09 04:00:00+00:00,183.76,185.4121,182.09,184.77,55968901
2019-05-10 04:00:00+00:00,184.06,185.89,181.0302,185.0,58915486
2019-05-13 04:00:00+00:00,180.3,181.26,178.06,178.58,69415973
2019-05-14 04:00:00+00:00,179.51,181.63,178.86,180.54,44257991
2019-05-15 04:00:00+00:00,179.39,183.55,179.31,183.09,41959650
2019-05-16 04:00:00+00:00,183.12,186.07,182.95,184.93,39751564
2019-05-17 04:00:00+00:00,183.1,185.5813,182.88,183.04,45235769
2019-05-20 04:00:00+00:00,180.51,181.1799,179.34,179.95,39327085
2019-05-21 04:00:00+00:00,181.5,182.33,180.92,181.83,32033973
2019-05-22 04:00:00+00:00,180.81,182.07,180.75,181.02,24583363
2019-05-23 04:00:00+00:00,179.0,179.023,177.14,178.25,46297284
2019-05-24 04:00:00+00:00,179.3,179.85,177.94,178.16,26638062
2019-05-28 04:00:00+00:00,178.67,179.66,177.47,177.54,25051572
2019-05-29 04:00:00+00:00,176.45,177.0,175.09,176.03,42991462
2019-05-30 04:00:00+00:00,176.54,177.27,175.77,176.77,30658286
2019-05-31 04:00:00+00:00,174.71,175.29,173.87,173.95,46206969
2019-06-03 04:00:00+00:00,173.52,173.95,169.27,170.12,77338903
2019-06-04 04:00:00+00:00,171.98,174.97,171.37,174.91,48910087
2019-06-05 04:00:00+00:00,176.6,176.61,174.38,176.21,34886463
2019-06-06 04:00:00+00:00,176.52,178.04,175.73,177.61,30827722
2019-06-07 04:00:00+00:00,178.5,181.7666,178.33,181.04,46787205
2019-06-10 04:00:00+00:00,182.23,184.85,182.21,183.15,42173304
2019-06-11 04:00:00+00:00,185.07,185.4,182.78,183.4,42208540
2019-06-12 04:00:00+00:00,182.88,183.28,182.0,182.34,28586722
2019-06-13 04:00:00+00:00,183.12,183.87,182.74,183.42,24577080
2019-06-14 04:00:00+00:00,182.44,183.11,181.94,182.64,23132359
2019-06-17 04:00:00+00:00,183.01,184.25,182.835,183.74,20729522
2019-06-18 04:00:00+00:00,185.88,187.72,185.4291,186.41,49018798
2019-06-19 04:00:00+00:00,186.73,187.53,185.57,187.11,31965523
2019-06-20 04:00:00+00:00,189.72,189.76,187.1585,188.85,41514754
2019-06-21 04:00:00+00:00,188.57,189.77,188.1736,188.57,39810371
2019-06-24 04:00:00+00:00,188.52,188.72,188.06,188.16,19636657
2019-06-25 04:00:00+00:00,188.06,188.14,184.65,184.93,34294815
2019-06-26 04:00:00+00:00,186.14,187.33,185.49,185.79,22962963
2019-06-27 04:00:00+00:00,186.47,186.94,185.99,186.5,20221350
2019-06-28 04:00:00+00:00,186.95,187.15,186.07,186.74,21343405
2019-07-01 04:00:00+00:00,190.3,190.5699,188.38,189.26,32183897
2019-07-02 04:00:00+00:00,189.19,190.03,188.66,190.01,18301672
2019-07-03 04:00:00+00:00,190.45,191.44,190.29,191.44,16121032
2019-07-05 04:00:00+00:00,190.15,191.4,189.39,191.05,21751685
2019-07-08 04:00:00+00:00,189.86,189.87,188.93,189.71,17855380
2019-07-09 04:00:00+00:00,188.79,190.9,188.65,190.66,19421844
2019-07-10 04:00:00+00:00,191.79,193.09,191.47,192.56,28933095
2019-07-11 04:00:00+00:00,192.88,193.34,191.81,192.42,24438484
2019-07-12 04:00:00+00:00,192.63,193.54,192.45,193.53,20582196
2019-07-15 04:00:00+00:00,193.97,194.19,193.44,194.15,16355697
2019-07-16 04:00:00+00:00,193.86,194.09,192.56,193.15,20619838
2019-07-17 04:00:00+00:00,193.2,193.49,192.18,192.2,16947619
2019-07-18 04:00:00+00:00,191.3,192.79,190.69,192.42,29604001
2019-07-19 04:00:00+00:00,193.82,193.83,190.81,191.01,29680107
2019-07-22 04:00:00+00:00,191.5,192.94,191.44,192.53,19361985
2019-07-23 04:00:00+00:00,193.58,193.81,192.29,193.79,24450708
2019-07-24 04:00:00+00:00,193.07,195.16,193.03,195.15,20824783
2019-07-25 04:00:00+00:00,194.48,194.52,192.93,193.3,23766805
2019-07-26 04:00:00+00:00,194.52,195.55,194.43,195.29,20958808
2019-07-29 04:00:00+00:00,195.18,195.18,193.39,194.62,20804549
2019-07-30 04:00:00+00:00,193.16,194.54,192.99,193.78,19060015
2019-07-31 04:00:00+00:00,194.31,194.43,189.32,191.1,42071802
2019-08-01 04:00:00+00:00,191.51,194.98,189.23,190.15,64080219
2019-08-02 04:00:00+00:00,188.82,188.99,186.21,187.35,55894192
2019-08-05 04:00:00+00:00,183.51,183.51,179.2,180.73,76230685
2019-08-06 04:00:00+00:00,182.38,183.8,181.07,183.26,42854059
2019-08-07 04:00:00+00:00,181.32,184.51,179.89,184.25,50322155
2019-08-08 04:00:00+00:00,185.15,188.32,184.57,188.26,39215670
2019-08-09 04:00:00+00:00,187.32,188.0,185.03,186.49,33940869
2019-08-12 04:00:00+00:00,185.34,185.9,183.5,184.35,25082036
2019-08-13 04:00:00+00:00,184.27,189.68,184.02,188.39,41356726
2019-08-14 04:00:00+00:00,185.31,185.95,182.42,182.76,52026551
2019-08-15 04:00:00+00:00,183.11,183.59,181.16,182.55,37570046
2019-08-16 04:00:00+00:00,184.11,185.95,184.1,185.48,35858592
2019-08-19 04:00:00+00:00,188.03,188.83,187.5,188.43,23079501
2019-08-20 04:00:00+00:00,188.0,188.635,186.92,186.97,20268404
2019-08-21 04:00:00+00:00,188.66,189.23,187.96,188.63,21184490
2019-08-22 04:00:00+00:00,188.98,189.46,186.54,188.02,24524186
2019-08-23 04:00:00+00:00,186.76,188.45,181.56,182.07,56195409
2019-08-26 04:00:00+00:00,184.19,184.87,183.08,184.82,28232122
2019-08-27 04:00:00+00:00,186.08,186.42,183.71,184.43,28307903
2019-08-28 04:00:00+00:00,183.84,185.4,182.91,185.09,22532786
2019-08-29 04:00:00+00:00,187.37,188.4562,186.675,187.92,26028649
2019-08-30 04:00:00+00:00,188.94,188.97,186.41,187.47,26610530
2019-09-03 04:00:00+00:00,186.26,187.18,185.03,185.65,28575081
2019-09-04 04:00:00+00:00,187.43,188.49,186.9,188.33,22115979
2019-09-05 04:00:00+00:00,190.39,192.325,190.34,191.78,34450727
2019-09-06 04:00:00+00:00,192.03,192.17,191.17,191.59,20160711
2019-09-09 04:00:00+00:00,192.18,192.27,190.215,191.19,24743607
2019-09-10 04:00:00+00:00,190.19,190.74,188.91,190.64,24063470
2019-09-11 04:00:00+00:00,190.98,192.53,190.56,192.43,25825403
2019-09-12 04:00:00+00:00,193.64,194.71,192.97,193.23,29592556
2019-09-13 04:00:00+00:00,192.95,193.4,192.29,192.54,27926694
2019-09-16 04:00:00+00:00,191.3,192.08,191.11,191.68,20612021
2019-09-17 04:00:00+00:00,191.7,192.6,191.29,192.6,21353408
2019-09-18 04:00:00+00:00,192.2,192.6,190.11,192.52,31329778
2019-09-19 04:00:00+00:00,192.86,194.035,192.47,192.84,26517455
2019-09-20 04:00:00+00:00,193.11,193.31,190.16,190.8,30421847
2019-09-23 04:00:00+00:00,190.36,191.07,189.72,190.5,23096915
2019-09-24 04:00:00+00:00,191.37,191.79,187.151,187.97,41484574
2019-09-25 04:00:00+00:00,187.79,190.58,186.21,190.08,37115485
2019-09-26 04:00:00+00:00,189.87,190.0,187.98,189.38,27416171
2019-09-27 04:00:00+00:00,189.7,189.83,185.75,187.03,41208897
2019-09-30 04:00:00+00:00,187.75,189.11,187.4,188.81,27380071
2019-10-01 04:00:00+00:00,189.54,190.5898,186.955,187.27,33062957
2019-10-02 04:00:00+00:00,186.01,187.204,183.02,184.05,49537299
2019-10-03 04:00:00+00:00,184.07,186.2065,181.82,186.07,40273728
2019-10-04 04:00:00+00:00,186.99,189.08,186.88,188.81,33031360
2019-10-07 04:00:00+00:00,188.23,189.74,187.91,188.24,22178255
2019-10-08 04:00:00+00:00,187.01,187.8562,185.27,185.42,33517151
2019-10-09 04:00:00+00:00,186.96,188.08,186.43,187.23,21137701
2019-10-10 04:00:00+00:00,187.25,189.43,187.12,188.68,26989276
2019-10-11 04:00:00+00:00,190.8,192.63,190.72,191.11,42007146
2019-10-14 04:00:00+00:00,190.82,191.7,190.645,191.09,15672122
2019-10-15 04:00:00+00:00,191.65,193.97,191.56,193.52,24158607
2019-10-16 04:00:00+00:00,192.88,193.53,192.43,193.04,21042176
2019-10-17 04:00:00+00:00,194.18,194.5,192.81,193.55,19360961
2019-10-18 04:00:00+00:00,193.26,193.67,190.705,191.69,28171041
2019-10-21 04:00:00+00:00,192.65,193.52,192.14,193.39,16121082
2019-10-22 04:00:00+00:00,194.06,194.42,191.79,191.85,23896324
2019-10-23 04:00:00+00:00,191.43,192.2582,191.15,192.22,15480453
2019-10-24 04:00:00+00:00,193.62,194.21,192.74,194.09,19642104
2019-10-25 04:00:00+00:00,193.09,195.74,193.05,195.64,22022667
2019-10-28 04:00:00+00:00,196.57,197.83,196.55,197.57,19689654
2019-10-29 04:00:00+00:00,197.24,197.535,196.01,196.04,18879017
2019-10-30 04:00:00+00:00,196.42,197.32,195.29,196.99,22085320
2019-10-31 04:00:00+00:00,197.56,197.65,195.94,197.08,27053097
2019-11-01 04:00:00+00:00,197.93,198.88,197.63,198.87,22549401
2019-11-04 05:00:00+00:00,200.19,200.5251,198.8658,200.1,19502166
2019-11-05 05:00:00+00:00,200.35,200.55,199.55,200.21,15298092
2019-11-06 05:00:00+00:00,199.98,200.0,198.785,199.76,19962260
2019-11-07 05:00:00+00:00,200.76,201.72,199.85,200.43,18134430
2019-11-08 05:00:00+00:00,200.02,201.25,199.54,201.23,15524829
2019-11-11 05:00:00+00:00,200.23,201.0363,199.94,200.96,10526001
2019-11-12 05:00:00+00:00,201.13,202.21,200.82,201.54,15049562
2019-11-13 05:00:00+00:00,200.84,201.775,200.71,201.59,16362169
2019-11-14 05:00:00+00:00,200.83,201.56,200.22,201.43,17303529
2019-11-15 05:00:00+00:00,202.62,202.91,202.0,202.91,18799047
2019-11-18 05:00:00+00:00,202.61,203.39,201.77,203.07,18688594
2019-11-19 05:00:00+00:00,203.84,203.84,202.59,203.37,17315755
2019-11-20 05:00:00+00:00,202.85,203.45,200.62,202.15,37110994
2019-11-21 05:00:00+00:00,201.94,202.07,201.07,201.7,18350884
2019-11-22 05:00:00+00:00,202.17,202.32,200.74,201.83,17406072
2019-11-25 05:00:00+00:00,202.67,204.26,202.67,204.22,18215903
2019-11-26 05:00:00+00:00,204.32,204.87,204.05,204.61,15441517
2019-11-27 05:00:00+00:00,205.13,206.05,204.89,206.04,17686758
2019-11-29 05:00:00+00:00,205.59,205.83,205.0,205.1,10237959
2019-12-02 05:00:00+00:00,205.11,205.18,201.78,203.0,28849254
2019-12-03 05:00:00+00:00,200.32,201.49,193.785,201.41,32379267
2019-12-04 05:00:00+00:00,202.49,202.91,202.14,202.43,16034752
2019-12-05 05:00:00+00:00,203.15,203.15,201.84,202.83,15485380
2019-12-06 05:00:00+00:00,204.25,205.145,204.1501,205.0,17096174
2019-12-09 05:00:00+00:00,204.63,205.5937,203.98,204.07,14284174
2019-12-10 05:00:00+00:00,204.17,204.88,203.44,203.9,22196430
2019-12-11 05:00:00+00:00,204.37,205.19,204.04,204.98,20260305
2019-12-12 05:00:00+00:00,204.77,207.32,204.491,206.51,33032529
2019-12-13 05:00:00+00:00,206.36,207.91,205.96,207.19,32988357
2019-12-16 05:00:00+00:00,208.5,209.53,208.48,209.27,22251644
2019-12-17 05:00:00+00:00,209.5,209.71,209.04,209.39,16383909
2019-12-18 05:00:00+00:00,209.6,210.13,209.33,209.55,16289928
2019-12-19 05:00:00+00:00,209.64,210.93,209.62,210.86,18128251
2019-12-20 05:00:00+00:00,211.83,212.5186,211.27,211.71,28270209
2019-12-23 05:00:00+00:00,212.03,212.15,211.63,211.81,24567562
2019-12-24 05:00:00+00:00,211.97,212.09,211.44,211.92,7239625
2019-12-26 05:00:00+00:00,212.26,213.81,212.23,213.79,17568713
2019-12-27 05:00:00+00:00,214.55,214.56,213.04,213.61,18557414
2019-12-30 05:00:00+00:00,213.51,213.63,211.16,212.21,22179426
2019-12-31 05:00:00+00:00,211.62,212.76,211.2,212.61,18503690
2020-01-02 05:00:00+00:00,214.4,216.16,213.98,216.16,31783922
2020-01-03 05:00:00+00:00,213.29,215.47,213.28,214.18,27845316
2020-01-06 05:00:00+00:00,212.49,215.59,212.24,215.56,22140049
2020-01-07 05:00:00+00:00,215.64,216.14,214.85,215.53,23496517
2020-01-08 05:00:00+00:00,215.47,218.14,215.16,217.15,26872014
2020-01-09 05:00:00+00:00,218.91,219.41,217.7125,218.99,24006173
2020-01-10 05:00:00+00:00,219.76,219.87,218.04,218.43,22206287
2020-01-13 05:00:00+00:00,219.31,220.98,218.98,220.95,24137747
2020-01-14 05:00:00+00:00,220.75,221.21,219.74,220.08,24836522
2020-01-15 05:00:00+00:00,220.18,221.2,219.45,220.17,25915073
2020-01-16 05:00:00+00:00,221.24,222.32,220.8,222.28,19412634
2020-01-17 05:00:00+00:00,223.24,223.56,222.1221,223.38,24664564
2020-01-21 05:00:00+00:00,222.73,223.84,222.66,223.28,21964721
2020-01-22 05:00:00+00:00,224.38,225.15,223.59,223.87,20122022
2020-01-23 05:00:00+00:00,223.71,224.69,222.7,224.59,26902608
2020-01-24 05:00:00+00:00,225.62,225.88,221.6701,222.7,37735721
2020-01-27 05:00:00+00:00,217.72,219.2845,217.18,218.1,43040622
2020-01-28 05:00:00+00:00,219.6,221.96,219.06,221.45,27460780
2020-01-29 05:00:00+00:00,222.66,222.93,220.83,221.81,29621808
2020-01-30 05:00:00+00:00,220.37,222.7,219.6891,222.6,40090115
2020-01-31 05:00:00+00:00,223.5,223.56,218.285,219.07,52513116
2020-02-03 05:00:00+00:00,220.14,222.885,219.99,222.38,26158840
2020-02-04 05:00:00+00:00,225.39,227.86,224.6523,227.47,31597833
2020-02-05 05:00:00+00:00,230.22,230.25,226.85,228.22,39147264
2020-02-06 05:00:00+00:00,228.77,230.25,227.98,230.19,22815405
2020-02-07 05:00:00+00:00,229.16,230.44,228.54,229.2,26137120
2020-02-10 05:00:00+00:00,228.43,231.98,228.38,231.97,21880674
2020-02-11 05:00:00+00:00,233.21,234.02,231.3999,232.01,31150916
2020-02-12 05:00:00+00:00,233.34,234.38,232.8,234.27,25015343
2020-02-13 05:00:00+00:00,232.62,234.93,232.36,233.97,23106978
2020-02-14 05:00:00+00:00,234.28,234.86,233.5501,234.64,23911493
2020-02-18 05:00:00+00:00,233.47,235.17,233.25,234.73,24942864
2020-02-19 05:00:00+00:00,236.07,237.47,235.85,236.98,22854684
2020-02-20 05:00:00+00:00,236.46,236.95,231.88,234.78,43470513
2020-02-21 05:00:00+00:00,233.64,234.01,229.3211,230.27,66778531
2020-02-24 05:00:00+00:00,221.84,224.25,220.26,221.39,86078467
2020-02-25 05:00:00+00:00,223.19,223.9879,214.74,215.37,98994378
2020-02-26 05:00:00+00:00,216.67,220.28,214.9,216.48,81449738
2020-02-27 05:00:00+00:00,211.05,216.4235,205.5,205.64,123365147
2020-02-28 05:00:00+00:00,198.92,207.17,198.17,205.8,149983420
2020-03-02 05:00:00+00:00,208.88,216.57,205.94,216.42,114535553
2020-03-03 05:00:00+00:00,217.11,219.61,207.62,209.48,132997926
2020-03-04 05:00:00+00:00,213.32,218.33,211.37,218.22,73976908
2020-03-05 05:00:00+00:00,212.69,216.36,210.1,211.59,79491052
2020-03-06 05:00:00+00:00,204.67,209.15,202.91,208.02,90540307
2020-03-09 04:00:00+00:00,193.48,201.16,192.11,193.57,118698227
2020-03-10 04:00:00+00:00,201.11,204.3,193.6802,204.11,101303325
2020-03-11 04:00:00+00:00,199.35,200.75,192.73,195.22,90290283
2020-03-12 04:00:00+00:00,182.09,190.78,176.94,177.32,139521691
2020-03-13 04:00:00+00:00,187.07,194.48,178.13,192.34,135110286
2020-03-16 04:00:00+00:00,174.15,184.68,169.16,169.3,93348128
2020-03-17 04:00:00+00:00,175.47,184.39,169.78,182.14,122013887
2020-03-18 04:00:00+00:00,171.605,179.22,166.8,176.6,116356332
2020-03-19 04:00:00+00:00,175.69,183.49,171.63,177.66,120873663
2020-03-20 04:00:00+00:00,181.74,182.87,170.1,170.7,116312601
2020-03-23 04:00:00+00:00,170.92,174.21,164.93,170.46,126485243
2020-03-24 04:00:00+00:00,179.91,183.83,177.95,183.66,96039712
2020-03-25 04:00:00+00:00,184.42,189.51,179.98,182.3,89894348
2020-03-26 04:00:00+00:00,183.87,192.72,183.61,191.9,80861395
2020-03-27 04:00:00+00:00,186.93,190.5149,184.66,185.3,59338087
2020-03-30 04:00:00+00:00,187.1,192.49,186.3406,192.04,50136809
2020-03-31 04:00:00+00:00,191.53,195.25,189.2,190.4,63213899
2020-04-01 04:00:00+00:00,184.81,187.66,180.86,182.31,54306675
2020-04-02 04:00:00+00:00,181.59,190.1,180.97,186.01,56883800
2020-04-03 04:00:00+00:00,185.5,187.0716,181.29,183.37,47918780
2020-04-06 04:00:00+00:00,190.38,197.65,189.19,196.48,65717234
2020-04-07 04:00:00+00:00,202.14,202.66,196.0,196.4,70613514
2020-04-08 04:00:00+00:00,198.0835,201.17,196.1733,200.57,46663552
2020-04-09 04:00:00+00:00,202.27,203.22,199.0281,200.86,68760234
2020-04-13 04:00:00+00:00,199.92,203.42,198.75,203.03,43334087
2020-04-14 04:00:00+00:00,207.17,212.5,206.42,211.86,64928671
2020-04-15 04:00:00+00:00,208.48,211.8338,207.12,209.43,47619742
2020-04-16 04:00:00+00:00,211.78,214.369,209.69,213.25,65067682
2020-04-17 04:00:00+00:00,215.96,216.51,212.0801,215.29,63545242
2020-04-20 04:00:00+00:00,213.27,215.88,212.57,212.74,38965103
2020-04-21 04:00:00+00:00,210.63,211.16,203.63,204.89,73493045
2020-04-22 04:00:00+00:00,209.14,212.35,208.33,210.97,40774873
2020-04-23 04:00:00+00:00,211.8,214.435,210.095,210.52,43556540
2020-04-24 04:00:00+00:00,210.94,214.3,209.5,213.84,34672678
2020-04-27 04:00:00+00:00,216.18,216.63,214.5,215.56,37114396
2020-04-28 04:00:00+00:00,217.27,217.32,211.21,211.5,47710075
2020-04-29 04:00:00+00:00,216.21,219.97,215.14,219.0,49789906
2020-04-30 04:00:00+00:00,220.01,220.04,217.35,218.91,43889830
2020-05-01 04:00:00+00:00,214.54,216.67,211.68,212.74,49266864
2020-05-04 04:00:00+00:00,211.61,215.45,211.12,215.22,32609672
2020-05-05 04:00:00+00:00,217.4,220.14,216.85,217.66,38234369
2020-05-06 04:00:00+00:00,219.37,221.04,218.11,219.0,36883214
2020-05-07 04:00:00+00:00,221.75,222.73,220.42,221.82,38962934
2020-05-08 04:00:00+00:00,223.55,225.0,222.48,224.86,32596490
2020-05-11 04:00:00+00:00,223.5,227.93,223.25,226.87,36129984
2020-05-12 04:00:00+00:00,227.48,228.095,222.09,222.12,41391401
2020-05-13 04:00:00+00:00,222.65,224.61,216.71,219.34,66451683
2020-05-14 04:00:00+00:00,218.12,221.87,215.99,221.83,52070976
2020-05-15 04:00:00+00:00,218.77,223.33,218.33,223.27,56152841
2020-05-18 04:00:00+00:00,226.28,228.68,225.47,227.43,43176008
2020-05-19 04:00:00+00:00,227.66,229.85,226.71,226.86,36678803
2020-05-20 04:00:00+00:00,229.48,231.76,229.48,231.39,37924849
2020-05-21 04:00:00+00:00,231.49,232.135,228.34,228.87,43985731
2020-05-22 04:00:00+00:00,228.46,229.87,227.5,229.66,28954712
2020-05-26 04:00:00+00:00,233.44,233.57,228.79,229.04,33746373
2020-05-27 04:00:00+00:00,228.51,230.41,223.94,230.29,56097843
2020-05-28 04:00:00+00:00,229.05,233.47,229.05,229.99,43313948
2020-05-29 04:00:00+00:00,230.43,233.6,228.76,233.47,51254396
2020-06-01 04:00:00+00:00,232.4,234.45,232.0,234.06,26710511
2020-06-02 04:00:00+00:00,234.42,235.69,232.01,235.63,33880955
2020-06-03 04:00:00+00:00,236.23,237.47,235.35,236.69,37617848
2020-06-04 04:00:00+00:00,236.32,237.79,233.68,235.03,39048323
2020-06-05 04:00:00+00:00,236.06,240.297,235.63,239.69,47857373
2020-06-08 04:00:00+00:00,239.54,241.68,237.91,241.55,33320374
2020-06-09 04:00:00+00:00,240.66,244.18,240.47,243.3,35426548
2020-06-10 04:00:00+00:00,245.0,247.815,244.51,246.22,58623863
2020-06-11 04:00:00+00:00,242.29,243.59,233.96,234.02,74045212
2020-06-12 04:00:00+00:00,239.09,240.4,231.74,235.88,72374447
2020-06-15 04:00:00+00:00,232.44,239.45,231.47,238.64,45940189
2020-06-16 04:00:00+00:00,243.78,244.39,239.1,242.85,49524542
2020-06-17 04:00:00+00:00,244.4,245.5,242.73,243.62,35076438
2020-06-18 04:00:00+00:00,243.29,244.53,242.49,244.28,30744069
2020-06-19 04:00:00+00:00,246.74,247.0,242.45,244.24,50153981
2020-06-22 04:00:00+00:00,243.77,246.87,243.38,246.74,24456849
2020-06-23 04:00:00+00:00,248.39,251.15,247.82,248.84,33186760
2020-06-24 04:00:00+00:00,247.99,249.325,242.16,243.71,46594333
2020-06-25 04:00:00+00:00,243.91,246.34,241.14,246.03,37348709
2020-06-26 04:00:00+00:00,245.75,245.96,239.68,240.22,53674504
2020-06-29 04:00:00+00:00,239.98,242.85,237.35,242.84,34762585
2020-06-30 04:00:00+00:00,242.77,248.16,242.58,247.6,39734336
2020-07-01 04:00:00+00:00,247.66,251.52,247.0802,250.49,35089660
2020-07-02 04:00:00+00:00,252.97,254.27,251.71,252.19,32733810
2020-07-06 04:00:00+00:00,255.46,258.928,255.43,258.39,35279103
2020-07-07 04:00:00+00:00,258.1,260.88,256.3,256.61,36890919
2020-07-08 04:00:00+00:00,258.0,260.02,256.5,259.99,30891830
2020-07-09 04:00:00+00:00,261.89,262.87,257.63,262.18,41010995
2020-07-10 04:00:00+00:00,262.0,264.23,259.26,263.97,33106616
2020-07-13 04:00:00+00:00,266.87,269.79,257.69,258.54,64701285
2020-07-14 04:00:00+00:00,256.07,260.79,252.76,260.37,74467411
2020-07-15 04:00:00+00:00,261.68,262.69,257.49,260.9,54928207
2020-07-16 04:00:00+00:00,257.97,259.78,255.62,259.12,48000197
2020-07-17 04:00:00+00:00,259.71,260.31,257.17,259.42,35332776
2020-07-20 04:00:00+00:00,260.12,267.43,258.79,266.78,41052555
2020-07-21 04:00:00+00:00,268.41,268.41,263.125,264.0,44033587
2020-07-22 04:00:00+00:00,264.46,265.89,262.55,264.93,30129054
2020-07-23 04:00:00+00:00,264.55,265.24,256.55,258.01,51874506
2020-07-24 04:00:00+00:00,254.12,256.93,251.32,255.56,54756516
2020-07-27 04:00:00+00:00,257.36,260.52,256.445,260.12,36872958
2020-07-28 04:00:00+00:00,259.33,259.85,256.51,256.81,31847926
2020-07-29 04:00:00+00:00,258.33,260.66,257.91,259.77,28063812
2020-07-30 04:00:00+00:00,257.79,261.71,256.55,261.13,42205688
2020-07-31 04:00:00+00:00,265.83,265.95,260.85,265.79,54210216
2020-08-03 04:00:00+00:00,268.05,270.15,267.87,269.38,32665260
2020-08-04 04:00:00+00:00,268.74,270.48,268.09,270.38,25196086
2020-08-05 04:00:00+00:00,270.83,271.52,269.96,271.05,22059668
2020-08-06 04:00:00+00:00,270.78,274.98,270.19,274.64,28717855
2020-08-07 04:00:00+00:00,274.04,274.8818,269.245,271.47,45267407
2020-08-10 04:00:00+00:00,271.74,271.98,266.67,270.31,35393206
2020-08-11 04:00:00+00:00,269.1,270.44,264.63,265.19,43480088
2020-08-12 04:00:00+00:00,267.37,272.84,267.37,271.86,39443384
2020-08-13 04:00:00+00:00,272.64,274.83,271.51,272.48,32220950
2020-08-14 04:00:00+00:00,273.01,273.4,270.72,272.16,31136262
2020-08-17 04:00:00+00:00,273.91,275.84,272.1978,275.32,25305167
2020-08-18 04:00:00+00:00,276.41,278.465,274.91,277.97,24094132
2020-08-19 04:00:00+00:00,277.93,279.02,275.57,276.1,32353679
2020-08-20 04:00:00+00:00,275.3,280.43,274.86,279.93,28031597
2020-08-21 04:00:00+00:00,280.07,282.34,279.461,281.87,34670317
2020-08-24 04:00:00+00:00,285.06,286.0,281.27,283.63,36830981
2020-08-25 04:00:00+00:00,282.78,286.06,282.37,285.86,35421019
2020-08-26 04:00:00+00:00,287.11,292.22,285.829,291.96,42923687
2020-08-27 04:00:00+00:00,293.08,293.851,288.705,291.05,49940039
2020-08-28 04:00:00+00:00,292.27,293.18,290.93,292.53,28226854
2020-08-31 04:00:00+00:00,293.16,296.745,292.62,294.88,36936201
2020-09-01 04:00:00+00:00,297.6,300.04,295.79,299.92,37169159
2020-09-02 04:00:00+00:00,303.26,303.5,296.89,302.76,51485876
2020-09-03 04:00:00+00:00,298.2,298.62,284.41,287.41,110845358
2020-09-04 04:00:00+00:00,285.76,288.93,271.8,283.58,124823478
2020-09-08 04:00:00+00:00,272.24,278.22,269.66,269.95,100926181
2020-09-09 04:00:00+00:00,275.54,280.045,273.0,277.88,65516387
2020-09-10 04:00:00+00:00,280.97,282.195,270.56,272.34,70742492
2020-09-11 04:00:00+00:00,274.33,275.22,266.9,270.45,72298792
2020-09-14 04:00:00+00:00,274.28,277.22,272.96,275.16,39217506
2020-09-15 04:00:00+00:00,278.9,280.45,275.1332,279.06,42455198
2020-09-16 04:00:00+00:00,279.77,280.36,274.25,274.61,42992425
2020-09-17 04:00:00+00:00,267.52,274.3955,266.68,270.32,83583545
2020-09-18 04:00:00+00:00,271.62,272.09,262.63,266.87,86701208
2020-09-21 04:00:00+00:00,262.52,267.65,260.11,267.51,58386744
2020-09-22 04:00:00+00:00,270.05,273.08,266.54,272.48,41804568
2020-09-23 04:00:00+00:00,272.15,272.34,263.2502,264.16,49769311
2020-09-24 04:00:00+00:00,261.58,268.7,261.22,265.39,71250345
2020-09-25 04:00:00+00:00,265.82,272.395,264.2999,271.56,55718714
2020-09-28 04:00:00+00:00,276.615,277.2,271.674,277.2,59041626
2020-09-29 04:00:00+00:00,276.72,277.71,275.3719,275.95,27419895
2020-09-30 04:00:00+00:00,276.09,281.09,275.8717,277.84,49949969
2020-10-01 04:00:00+00:00,281.79,282.8794,279.84,282.25,51177180
2020-10-02 04:00:00+00:00,276.01,282.2412,273.44,274.31,76117491
2020-10-05 04:00:00+00:00,276.34,280.49,276.23,280.16,28712522
2020-10-06 04:00:00+00:00,279.29,281.19,274.25,275.16,50059933
2020-10-07 04:00:00+00:00,277.83,280.74,277.28,279.92,27917369
2020-10-08 04:00:00+00:00,282.32,282.47,280.31,281.41,25801839
2020-10-09 04:00:00+00:00,283.09,285.79,282.71,285.71,30585344
2020-10-12 04:00:00+00:00,290.6,297.46,289.47,294.53,80231966
2020-10-13 04:00:00+00:00,296.34,297.0496,293.11,294.52,64843811
2020-10-14 04:00:00+00:00,295.32,296.35,290.26,292.06,37653654
2020-10-15 04:00:00+00:00,287.25,290.71,286.54,290.1,43277027
2020-10-16 04:00:00+00:00,291.8,293.269,288.15,288.51,40965870
2020-10-19 04:00:00+00:00,290.49,291.48,282.79,283.8,37477177
2020-10-20 04:00:00+00:00,284.56,287.62,282.95,284.41,32793307
2020-10-21 04:00:00+00:00,284.67,287.32,283.69,284.19,29586465
2020-10-22 04:00:00+00:00,285.05,285.98,280.82,284.18,32558545
2020-10-23 04:00:00+00:00,284.79,284.91,281.7818,284.74,24898346
2020-10-26 04:00:00+00:00,282.32,285.3,276.76,280.47,39001403
2020-10-27 04:00:00+00:00,281.42,283.505,280.2,282.66,30955914
2020-10-28 04:00:00+00:00,278.13,278.6401,271.38,271.64,54181474
2020-10-29 04:00:00+00:00,273.04,279.49,272.52,276.39,44162834
2020-10-30 04:00:00+00:00,274.375,275.24,267.07,269.38,66585383
2020-11-02 05:00:00+00:00,271.73,273.52,266.97,269.98,40533650
2020-11-03 05:00:00+00:00,271.86,276.82,270.84,274.65,44350411
2020-11-04 05:00:00+00:00,283.56,288.77,281.87,286.91,76554833
2020-11-05 05:00:00+00:00,293.41,295.39,292.0,294.39,53630288
2020-11-06 05:00:00+00:00,293.58,295.36,289.83,294.61,41338733
2020-11-09 05:00:00+00:00,297.31,299.14,288.12,288.59,87514381
2020-11-10 05:00:00+00:00,285.26,286.6599,280.62,283.42,69769081
2020-11-11 05:00:00+00:00,285.92,290.25,283.38,289.76,36870382
2020-11-12 05:00:00+00:00,290.72,292.074,287.25,288.4,34913327
2020-11-13 05:00:00+00:00,290.01,291.57,287.8701,290.93,25138978
2020-11-16 05:00:00+00:00,290.68,293.51,289.99,293.2,31153484
2020-11-17 05:00:00+00:00,293.4,293.74,291.61,292.27,22211824
2020-11-18 05:00:00+00:00,291.7,293.37,290.02,290.11,28403454
2020-11-19 05:00:00+00:00,289.48,292.7,288.85,292.38,23560500
2020-11-20 05:00:00+00:00,292.3,293.065,290.29,290.38,25943373
2020-11-23 05:00:00+00:00,291.41,292.75,288.07,290.39,27512198
2020-11-24 05:00:00+00:00,291.49,294.98,289.63,294.47,24945532
2020-11-25 05:00:00+00:00,295.43,296.94,294.59,296.28,24442102
2020-11-27 05:00:00+00:00,298.29,300.17,297.9,299.01,17535415
2020-11-30 05:00:00+00:00,299.3,299.97,294.78,299.62,28260275
2020-12-01 05:00:00+00:00,301.87,305.14,300.83,303.46,27930632
2020-12-02 05:00:00+00:00,302.22,304.195,300.35,303.85,23895218
2020-12-03 05:00:00+00:00,304.07,305.88,303.531,304.28,23135197
2020-12-04 05:00:00+00:00,304.33,305.67,303.63,305.52,19586162
2020-12-07 05:00:00+00:00,305.71,307.63,305.52,307.25,21677331
2020-12-08 05:00:00+00:00,306.76,308.6,304.95,308.29,18644390
2020-12-09 05:00:00+00:00,308.07,308.36,300.21,301.31,49312981
2020-12-10 05:00:00+00:00,299.21,303.68,298.09,302.52,27944444
2020-12-11 05:00:00+00:00,300.81,301.98,298.47,301.85,27193487
2020-12-14 05:00:00+00:00,303.08,306.05,303.01,304.04,29264789
2020-12-15 05:00:00+00:00,306.37,307.29,304.11,307.29,26151797
2020-12-16 05:00:00+00:00,307.7,309.785,306.621,308.98,26165862
2020-12-17 05:00:00+00:00,310.63,311.24,309.39,311.0,24356480
2020-12-18 05:00:00+00:00,311.66,311.98,307.61,310.06,41554183
2020-12-21 05:00:00+00:00,306.46,309.47,303.6,308.92,37623299
2020-12-22 05:00:00+00:00,309.85,310.7105,306.845,309.76,26916707
2020-12-23 05:00:00+00:00,309.81,310.18,308.035,308.2,21645111
2020-12-24 05:00:00+00:00,308.47,310.02,308.39,309.56,17010962
2020-12-28 05:00:00+00:00,312.25,313.17,310.36,312.68,23006472
2020-12-29 05:00:00+00:00,314.05,314.685,312.03,312.96,26497620
2020-12-30 05:00:00+00:00,314.16,314.49,312.33,312.97,18433088
2020-12-31 05:00:00+00:00,312.87,314.24,311.76,313.74,22001142
2021-01-04 05:00:00+00:00,315.11,315.29,305.18,309.31,45951067
2021-01-05 05:00:00+00:00,308.29,312.14,308.29,311.78,30451422
2021-01-06 05:00:00+00:00,307.0,311.88,305.98,307.54,54078796
2021-01-07 05:00:00+00:00,310.28,315.84,310.25,314.98,30971685
2021-01-08 05:00:00+00:00,317.34,319.39,315.0814,319.03,34459341
2021-01-11 05:00:00+00:00,315.98,317.19,313.75,314.42,33363950
2021-01-12 05:00:00+00:00,314.46,315.58,311.2,313.92,29743719
2021-01-13 05:00:00+00:00,314.19,316.86,313.57,316.04,23229091
2021-01-14 05:00:00+00:00,316.5,317.53,313.8616,314.35,23851214
2021-01-15 05:00:00+00:00,314.13,315.12,310.58,311.86,35207409
2021-01-19 05:00:00+00:00,314.25,316.93,313.12,316.41,25169389
2021-01-20 05:00:00+00:00,320.14,324.74,316.509,323.77,31296422
2021-01-21 05:00:00+00:00,325.15,327.13,323.73,326.36,25780121
2021-01-22 05:00:00+00:00,325.29,326.46,324.71,325.42,22074770
2021-01-25 05:00:00+00:00,328.91,330.32,321.41,328.11,39858762
2021-01-26 05:00:00+00:00,328.85,329.76,327.22,328.59,25811200
2021-01-27 05:00:00+00:00,326.26,326.27,317.36,319.43,56220066
2021-01-28 05:00:00+00:00,320.67,326.42,320.03,321.32,43255327
2021-01-29 05:00:00+00:00,319.58,320.7193,312.76,314.56,56080077
2021-02-01 05:00:00+00:00,318.11,323.54,316.02,322.42,36311672
2021-02-02 05:00:00+00:00,325.48,328.87,325.31,327.68,34582829
2021-02-03 05:00:00+00:00,329.82,330.195,326.32,326.38,25284351
2021-02-04 05:00:00+00:00,327.87,330.33,326.46,330.24,22747147
2021-02-05 05:00:00+00:00,331.22,332.4025,329.53,331.36,23092548
2021-02-08 05:00:00+00:00,333.1,333.74,331.41,333.58,20845915
2021-02-09 05:00:00+00:00,332.62,334.81,332.61,333.51,17914071
2021-02-10 05:00:00+00:00,334.99,335.46,329.5,332.75,28383092
2021-02-11 05:00:00+00:00,334.33,335.0,332.12,334.58,22332124
2021-02-12 05:00:00+00:00,333.71,336.62,332.63,336.45,20599829
2021-02-16 05:00:00+00:00,337.27,338.19,334.34,335.54,27532522
2021-02-17 05:00:00+00:00,332.47,335.657,330.17,333.93,31812093
2021-02-18 05:00:00+00:00,330.23,333.8661,328.36,332.47,32723644
2021-02-19 05:00:00+00:00,333.86,333.99,329.97,331.02,39494518
2021-02-22 05:00:00+00:00,326.5,327.8,322.23,322.44,47766231
2021-02-23 05:00:00+00:00,317.0,323.2,311.0,321.48,97959375
2021-02-24 05:00:00+00:00,318.74,324.45,315.96,324.13,58674025
2021-02-25 05:00:00+00:00,321.39,324.03,311.24,312.83,111627658
2021-02-26 05:00:00+00:00,315.85,319.11,310.88,314.14,105233039
2021-03-01 05:00:00+00:00,319.27,323.94,317.935,323.59,49914229
2021-03-02 05:00:00+00:00,324.25,324.33,318.14,318.4,48860876
2021-03-03 05:00:00+00:00,317.27,318.24,309.1,309.16,87195727
2021-03-04 05:00:00+00:00,308.78,312.04,300.11,304.1,140117572
2021-03-05 05:00:00+00:00,306.82,309.609,297.45,308.68,122717140
2021-03-08 05:00:00+00:00,308.12,310.06,299.51,299.94,89269996
2021-03-09 05:00:00+00:00,307.47,313.73,306.92,311.77,81619166
2021-03-10 05:00:00+00:00,316.16,316.47,310.17,310.88,77204948
2021-03-11 05:00:00+00:00,315.77,319.86,314.85,318.04,54023321
2021-03-12 05:00:00+00:00,313.86,318.2302,311.391,315.46,70283440
2021-03-15 04:00:00+00:00,315.79,319.0,314.095,318.83,43651443
2021-03-16 04:00:00+00:00,321.09,324.2,319.1,320.58,55235780
2021-03-17 04:00:00+00:00,317.45,323.85,315.68,321.9,79366470
2021-03-18 04:00:00+00:00,316.87,317.8801,311.57,312.04,83642472
2021-03-19 04:00:00+00:00,311.87,314.73,309.6601,313.14,81808218
2021-03-22 04:00:00+00:00,315.21,320.74,315.21,318.61,56676942
2021-03-23 04:00:00+00:00,319.73,321.09,316.375,317.22,53889100
2021-03-24 04:00:00+00:00,318.63,318.67,311.72,311.87,65324932
2021-03-25 04:00:00+00:00,309.968,312.885,307.3899,311.33,79044658
2021-03-26 04:00:00+00:00,311.11,316.33,309.67,316.0,64336756
2021-03-29 04:00:00+00:00,315.45,316.99,312.47,315.91,54919506
2021-03-30 04:00:00+00:00,313.89,314.91,311.54,314.32,44995814
2021-03-31 04:00:00+00:00,316.16,320.74,315.81,319.13,55786158
2021-04-01 04:00:00+00:00,323.07,324.71,322.81,324.57,56635270
2021-04-05 04:00:00+00:00,327.13,331.84,324.6375,331.05,42960862
2021-04-06 04:00:00+00:00,330.73,332.83,330.02,330.82,33836713
2021-04-07 04:00:00+00:00,330.33,332.48,329.37,331.62,32457247
2021-04-08 04:00:00+00:00,334.56,335.27,333.7399,335.08,30263884
2021-04-09 04:00:00+00:00,333.68,337.32,332.92,337.11,36953258
2021-04-12 04:00:00+00:00,336.04,337.1,334.73,336.67,25998870
2021-04-13 04:00:00+00:00,338.24,341.08,338.02,340.6,30555432
2021-04-14 04:00:00+00:00,340.85,340.98,335.67,336.51,42683097
2021-04-15 04:00:00+00:00,339.47,342.01,336.2153,341.61,36458581
2021-04-16 04:00:00+00:00,342.15,342.23,340.08,342.01,40781387
2021-04-19 04:00:00+00:00,340.39,341.58,336.9016,338.88,34700267
2021-04-20 04:00:00+00:00,338.2,339.52,334.3816,336.41,38188359
2021-04-21 04:00:00+00:00,335.09,339.48,333.97,339.29,36717678
2021-04-22 04:00:00+00:00,338.88,339.9,334.01,335.2,46177584
2021-04-23 04:00:00+00:00,335.85,340.767,335.85,339.42,36903789
2021-04-26 04:00:00+00:00,339.67,341.92,338.9,341.63,31177844
2021-04-27 04:00:00+00:00,341.93,342.15,339.17,340.15,33568040
2021-04-28 04:00:00+00:00,339.81,340.85,338.3301,339.0,33713117
2021-04-29 04:00:00+00:00,342.37,342.8,336.9001,340.22,38025412
2021-04-30 04:00:00+00:00,337.7,340.26,337.05,337.99,38911757
2021-05-03 04:00:00+00:00,339.23,340.0,335.73,336.19,30103048
2021-05-04 04:00:00+00:00,333.56,333.89,326.21,330.14,65912165
2021-05-05 04:00:00+00:00,332.25,333.14,328.23,329.03,46526480
2021-05-06 04:00:00+00:00,328.76,331.67,326.45,331.51,47034094
2021-05-07 04:00:00+00:00,334.37,336.65,331.6914,334.2,53797797
2021-05-10 04:00:00+00:00,332.78,332.96,325.55,325.76,61385419
2021-05-11 04:00:00+00:00,319.7,326.1299,319.02,325.31,72855186
2021-05-12 04:00:00+00:00,320.23,322.62,316.0,316.89,93237224
2021-05-13 04:00:00+00:00,319.92,322.4,316.9,319.34,70047980
2021-05-14 04:00:00+00:00,322.6,327.33,322.08,326.39,45203499
2021-05-17 04:00:00+00:00,324.63,326.3721,321.45,324.41,39978067
2021-05-18 04:00:00+00:00,325.39,326.65,321.94,322.22,36944552
2021-05-19 04:00:00+00:00,316.66,322.9,316.3,322.59,66791654
2021-05-20 04:00:00+00:00,324.12,329.71,323.89,328.83,47214033
2021-05-21 04:00:00+00:00,330.44,330.86,326.64,327.01,52125418
2021-05-24 04:00:00+00:00,329.37,333.67,326.9032,332.51,33015599
2021-05-25 04:00:00+00:00,334.07,334.81,331.755,332.97,31741174
2021-05-26 04:00:00+00:00,333.66,334.61,332.95,334.13,25703395
2021-05-27 04:00:00+00:00,333.67,334.54,332.67,332.88,28361489
2021-05-28 04:00:00+00:00,334.12,335.5699,333.6,333.93,30225358
2021-06-01 04:00:00+00:00,335.3,335.785,331.43,332.82,31452816
2021-06-02 04:00:00+00:00,333.25,334.34,331.695,333.47,22226189
2021-06-03 04:00:00+00:00,330.55,331.86,328.28,330.0,37422393
2021-06-04 04:00:00+00:00,331.85,336.0582,331.78,335.6,39268059
2021-06-07 04:00:00+00:00,335.05,336.66,334.34,336.6,33662938
2021-06-08 04:00:00+00:00,338.395,339.29,335.03,336.76,28488084
2021-06-09 04:00:00+00:00,338.17,338.97,336.651,336.84,21651621
2021-06-10 04:00:00+00:00,337.19,340.46,336.73,340.35,34109062
2021-06-11 04:00:00+00:00,340.36,341.25,339.69,341.24,21492900
2021-06-14 04:00:00+00:00,341.68,344.52,340.46,344.51,28222726
2021-06-15 04:00:00+00:00,344.15,344.47,341.52,342.26,36287633
2021-06-16 04:00:00+00:00,342.74,343.84,337.45,341.01,55684094
2021-06-17 04:00:00+00:00,339.97,346.38,339.92,345.34,60338114
2021-06-18 04:00:00+00:00,343.63,344.8082,341.86,342.63,55943334
2021-06-21 04:00:00+00:00,342.43,344.69,340.15,344.36,33369400
2021-06-22 04:00:00+00:00,344.15,348.03,343.84,347.57,29471744
2021-06-23 04:00:00+00:00,347.51,348.92,346.88,347.74,27464717
2021-06-24 04:00:00+00:00,349.73,351.46,349.17,349.89,32919590
2021-06-25 04:00:00+00:00,350.47,350.72,348.84,349.46,29000427
2021-06-28 04:00:00+00:00,350.78,353.85,350.72,353.71,39520141
2021-06-29 04:00:00+00:00,353.53,355.0199,352.67,354.99,29735808
2021-06-30 04:00:00+00:00,354.83,355.23,353.83,354.43,33026251
2021-07-01 04:00:00+00:00,354.07,355.09,352.68,354.57,29546803
2021-07-02 04:00:00+00:00,356.52,358.97,356.28,358.64,33269522
2021-07-06 04:00:00+00:00,359.26,360.48,356.49,360.19,39216822
2021-07-07 04:00:00+00:00,362.45,362.76,358.94,360.95,36063831
2021-07-08 04:00:00+00:00,355.74,359.65,354.42,358.77,51985698
2021-07-09 04:00:00+00:00,358.17,361.5,357.57,361.01,35723136
2021-07-12 04:00:00+00:00,362.45,362.89,360.83,362.42,26024027
2021-07-13 04:00:00+00:00,362.03,365.465,361.54,362.42,40214654
2021-07-14 04:00:00+00:00,364.83,365.49,362.22,363.07,35910303
2021-07-15 04:00:00+00:00,362.96,363.19,358.46,360.52,54374016
2021-07-16 04:00:00+00:00,361.41,362.41,357.24,357.6,49024021
2021-07-19 04:00:00+00:00,354.05,355.18,352.04,354.67,65258242
2021-07-20 04:00:00+00:00,355.63,360.28,353.8,358.79,43042682
2021-07-21 04:00:00+00:00,358.35,361.56,358.12,361.56,30995652
2021-07-22 04:00:00+00:00,361.77,363.96,361.77,363.95,31675925
2021-07-23 04:00:00+00:00,365.31,368.485,363.9157,368.2,32395229
2021-07-26 04:00:00+00:00,367.49,368.89,366.601,368.49,28928336
2021-07-27 04:00:00+00:00,368.22,368.22,360.16,364.43,58376087
2021-07-28 04:00:00+00:00,365.6,367.45,363.24,365.83,42424233
2021-07-29 04:00:00+00:00,365.25,367.6794,365.25,366.48,25885621
2021-07-30 04:00:00+00:00,362.44,365.17,362.41,364.57,36847229
2021-08-02 04:00:00+00:00,366.29,366.88,363.87,364.6,27716332
2021-08-03 04:00:00+00:00,365.28,366.93,362.0,366.81,35915519
2021-08-04 04:00:00+00:00,366.77,368.32,365.63,367.34,29882010
2021-08-05 04:00:00+00:00,368.18,369.91,367.45,369.67,21838572
2021-08-06 04:00:00+00:00,368.37,369.37,366.905,368.05,33563240
2021-08-09 04:00:00+00:00,368.52,369.27,367.39,368.73,26727721
2021-08-10 04:00:00+00:00,369.26,369.56,365.62,366.84,35414292
2021-08-11 04:00:00+00:00,368.14,368.65,364.84,366.21,34486875
2021-08-12 04:00:00+00:00,365.69,367.9,364.295,367.53,26419607
2021-08-13 04:00:00+00:00,367.88,369.16,367.38,368.82,19507779
2021-08-16 04:00:00+00:00,367.67,369.02,363.7,368.98,35323360
2021-08-17 04:00:00+00:00,366.15,367.15,363.23,365.73,45148475
2021-08-18 04:00:00+00:00,365.18,366.62,361.865,362.21,38814999
2021-08-19 04:00:00+00:00,360.22,365.68,359.96,363.96,48837417
2021-08-20 04:00:00+00:00,365.06,368.14,364.74,367.73,40235008
2021-08-23 04:00:00+00:00,368.8,373.935,368.79,373.23,34933832
2021-08-24 04:00:00+00:00,373.84,374.99,373.36,374.37,21962921
2021-08-25 04:00:00+00:00,374.63,375.39,373.855,374.8,20814452
2021-08-26 04:00:00+00:00,373.92,374.62,371.97,372.42,29411267
2021-08-27 04:00:00+00:00,373.07,376.56,372.57,376.04,27457678
2021-08-30 04:00:00+00:00,376.85,380.76,376.83,380.26,27664313
2021-08-31 04:00:00+00:00,380.51,380.579,378.36,379.95,30063516
2021-09-01 04:00:00+00:00,381.04,382.71,380.37,380.58,28458369
2021-09-02 04:00:00+00:00,381.97,382.31,379.15,380.4,25850186
2021-09-03 04:00:00+00:00,379.22,381.98,379.2003,381.57,24796256
2021-09-07 04:00:00+00:00,381.68,382.778,380.4882,382.11,24198041
2021-09-08 04:00:00+00:00,381.93,381.93,378.45,380.78,33188536
2021-09-09 04:00:00+00:00,381.01,382.15,379.22,379.47,29642984
2021-09-10 04:00:00+00:00,381.23,381.97,376.245,376.59,40527372
2021-09-13 04:00:00+00:00,378.98,379.43,374.22,376.33,49057908
2021-09-14 04:00:00+00:00,377.86,378.61,374.28,375.26,42117537
2021-09-15 04:00:00+00:00,375.73,378.41,373.37,378.05,34423315
2021-09-16 04:00:00+00:00,376.68,378.9,374.695,378.31,35404392
2021-09-17 04:00:00+00:00,377.82,377.87,372.76,373.83,61413071
2021-09-20 04:00:00+00:00,367.5,369.25,360.93,365.7,77208060
2021-09-21 04:00:00+00:00,367.58,368.81,364.99,366.15,42531985
2021-09-22 04:00:00+00:00,367.09,371.07,365.9584,369.57,47332181
2021-09-23 04:00:00+00:00,370.76,374.04,370.099,372.98,45837671
2021-09-24 04:00:00+00:00,370.65,373.76,370.27,373.33,36310928
2021-09-27 04:00:00+00:00,370.2,371.2516,367.73,370.35,43779373
2021-09-28 04:00:00+00:00,365.67,370.302,359.35,359.87,99354897
2021-09-29 04:00:00+00:00,361.17,363.37,358.635,359.28,58863340
2021-09-30 04:00:00+00:00,360.97,362.68,357.1,357.96,61692655
2021-10-01 04:00:00+00:00,358.6,361.25,354.38,360.18,56763921
2021-10-04 04:00:00+00:00,358.52,358.86,350.32,352.62,77538289
2021-10-05 04:00:00+00:00,353.71,359.69,353.48,357.38,47834508
2021-10-06 04:00:00+00:00,354.08,359.95,353.15,359.67,57105852
2021-10-07 04:00:00+00:00,362.8,365.69,362.25,362.97,39930017
2021-10-08 04:00:00+00:00,364.08,364.3166,360.61,361.16,42604387
2021-10-11 04:00:00+00:00,359.58,363.2,358.3,358.39,35098395
2021-10-12 04:00:00+00:00,359.88,360.33,356.48,357.14,44199126
2021-10-13 04:00:00+00:00,359.51,360.69,357.43,360.0,40498129
2021-10-14 04:00:00+00:00,363.69,366.85,363.01,366.63,44141436
2021-10-15 04:00:00+00:00,367.88,369.06,366.82,368.94,40901462
2021-10-18 04:00:00+00:00,367.61,372.87,366.99,372.65,35251014
2021-10-19 04:00:00+00:00,373.75,375.52,372.6974,375.47,29658114
2021-10-20 04:00:00+00:00,375.94,376.565,373.46,374.98,31954960
2021-10-21 04:00:00+00:00,374.16,377.47,373.85,377.27,26306303
2021-10-22 04:00:00+00:00,375.98,376.97,372.385,374.1,36602091
2021-10-25 04:00:00+00:00,375.56,378.87,373.56,377.93,33084254
2021-10-26 04:00:00+00:00,380.23,382.71,377.905,379.12,47841546
2021-10-27 04:00:00+00:00,379.58,383.15,379.31,380.0,46796947
2021-10-28 04:00:00+00:00,381.95,384.48,381.155,384.22,38387707
2021-10-29 04:00:00+00:00,381.06,386.28,380.7,386.11,37818091
2021-11-01 04:00:00+00:00,386.56,387.56,384.42,387.43,31313893
2021-11-02 04:00:00+00:00,386.8,389.54,386.75,389.05,25629669
2021-11-03 04:00:00+00:00,389.55,393.61,388.48,393.18,34364065
2021-11-04 04:00:00+00:00,394.48,399.2,393.92,398.22,40785657
2021-11-05 04:00:00+00:00,400.04,400.99,397.16,398.6,43734299
2021-11-08 05:00:00+00:00,398.57,399.62,397.4,398.06,29512472
2021-11-09 05:00:00+00:00,399.16,399.57,393.92,395.32,50845597
2021-11-10 05:00:00+00:00,392.47,395.36,387.53,389.51,55854359
2021-11-11 05:00:00+00:00,392.57,392.75,390.24,390.59,33061745
2021-11-12 05:00:00+00:00,391.77,395.25,390.13,394.7,35182317
2021-11-15 05:00:00+00:00,395.91,396.24,392.095,394.61,34119764
2021-11-16 05:00:00+00:00,393.86,397.93,393.66,397.42,27654938
2021-11-17 05:00:00+00:00,397.75,399.7196,396.64,397.63,29263327
2021-11-18 05:00:00+00:00,399.73,402.27,397.45,401.75,46205169
2021-11-19 05:00:00+00:00,403.43,405.3,402.58,403.99,46184632
2021-11-22 05:00:00+00:00,405.57,408.71,399.19,399.3,62062851
2021-11-23 05:00:00+00:00,398.11,400.23,392.92,397.48,70660073
2021-11-24 05:00:00+00:00,394.93,399.05,392.54,398.76,47390764
2021-11-26 05:00:00+00:00,396.11,397.54,389.77,391.2,52341556
2021-11-29 05:00:00+00:00,395.89,400.73,395.14,399.69,55666197
2021-11-30 05:00:00+00:00,398.74,401.19,391.75,393.82,82053120
2021-12-01 05:00:00+00:00,398.28,400.48,386.64,387.12,79289582
2021-12-02 05:00:00+00:00,385.8,391.74,384.34,389.91,85073576
2021-12-03 05:00:00+00:00,391.31,392.34,378.9,383.13,106402589
2021-12-06 05:00:00+00:00,383.63,387.6,379.3,386.2,67998860
2021-12-07 05:00:00+00:00,393.03,398.46,392.99,397.83,56894424
2021-12-08 05:00:00+00:00,398.17,399.82,396.22,399.61,40093406
2021-12-09 05:00:00+00:00,398.35,400.2,393.5299,393.73,50414230
2021-12-10 05:00:00+00:00,396.62,398.28,393.36,398.01,53243462
2021-12-13 05:00:00+00:00,398.0,398.325,391.88,392.26,50538933
2021-12-14 05:00:00+00:00,387.3,390.09,383.63,388.2,75965866
2021-12-15 05:00:00+00:00,387.98,397.4198,383.88,397.05,74454845
2021-12-16 05:00:00+00:00,398.04,398.475,385.21,386.84,84158097
2021-12-17 05:00:00+00:00,383.31,389.19,381.77,384.91,81505221
2021-12-20 05:00:00+00:00,379.565,381.5,377.47,380.69,66084160
2021-12-21 05:00:00+00:00,384.05,389.53,380.201,389.21,49779966
2021-12-22 05:00:00+00:00,388.91,394.16,388.23,393.95,37525704
2021-12-23 05:00:00+00:00,394.31,398.425,394.14,396.92,30113034
2021-12-27 05:00:00+00:00,398.25,403.48,398.2194,403.48,33689538
2021-12-28 05:00:00+00:00,404.4,404.58,400.71,401.61,33455100
2021-12-29 05:00:00+00:00,401.75,403.05,399.11,401.55,32616110
2021-12-30 05:00:00+00:00,401.33,403.5699,399.75,400.35,24126762
2021-12-31 05:00:00+00:00,399.66,401.0589,397.34,397.85,34943386
2022-01-03 05:00:00+00:00,399.05,401.94,396.88,401.68,41216905
2022-01-04 05:00:00+00:00,402.24,402.28,393.288,396.47,60018949
2022-01-05 05:00:00+00:00,394.74,395.89,384.03,384.29,75948881
2022-01-06 05:00:00+00:00,382.42,387.35,380.13,384.02,71606951
2022-01-07 05:00:00+00:00,384.03,385.76,378.04,379.86,73070364
2022-01-10 05:00:00+00:00,374.82,380.64,369.31,380.11,93128521
2022-01-11 05:00:00+00:00,379.355,385.9899,377.2182,385.82,68835156
2022-01-12 05:00:00+00:00,388.46,390.2,385.01,387.35,55012958
2022-01-13 05:00:00+00:00,388.77,389.47,376.7,377.66,78730223
2022-01-14 05:00:00+00:00,375.07,380.35,374.86,380.01,80581144
2022-01-18 05:00:00+00:00,374.04,376.22,369.7704,370.55,76986297
2022-01-19 05:00:00+00:00,372.15,374.69,366.21,366.48,83770497
2022-01-20 05:00:00+00:00,369.79,373.87,361.17,361.72,89071525
2022-01-21 05:00:00+00:00,359.47,362.18,351.4,351.69,144404814
2022-01-24 05:00:00+00:00,345.905,353.98,334.15,353.3,200567588
2022-01-25 05:00:00+00:00,346.67,351.0295,341.68,345.11,125275247
2022-01-26 05:00:00+00:00,352.91,356.88,340.78,344.57,147398827
2022-01-27 05:00:00+00:00,349.4,351.27,340.05,341.1,96216780
2022-01-28 05:00:00+00:00,343.03,352.02,337.95,351.8,108566652
2022-01-31 05:00:00+00:00,353.2,363.65,351.52,363.05,95306289
2022-02-01 05:00:00+00:00,364.43,366.19,359.14,365.52,75382875
2022-02-02 05:00:00+00:00,369.76,370.1,364.285,368.49,79855982
2022-02-03 05:00:00+00:00,358.53,361.93,352.46,353.55,96875534
2022-02-04 05:00:00+00:00,354.08,361.4,351.97,358.01,86997403
2022-02-07 05:00:00+00:00,358.62,361.05,353.84,355.13,58617855
2022-02-08 05:00:00+00:00,353.96,360.24,352.8,359.12,65239934
2022-02-09 05:00:00+00:00,363.76,366.81,362.12,366.73,56743509
2022-02-10 05:00:00+00:00,359.52,366.4885,356.54,358.43,113563801
2022-02-11 05:00:00+00:00,358.43,360.07,345.8,347.06,103074823
2022-02-14 05:00:00+00:00,346.49,350.98,343.89,347.49,81049118
2022-02-15 05:00:00+00:00,352.91,356.37,351.82,356.13,56148021
2022-02-16 05:00:00+00:00,353.82,357.0896,350.71,356.04,59776534
2022-02-17 05:00:00+00:00,352.74,353.46,345.02,345.45,62703849
2022-02-18 05:00:00+00:00,346.41,346.81,339.14,341.51,80665780
2022-02-22 05:00:00+00:00,338.49,344.04,334.35,338.08,86714434
2022-02-23 05:00:00+00:00,341.32,342.183,329.1,329.42,87685569
2022-02-24 05:00:00+00:00,318.84,341.04,318.26,340.49,132004638
2022-02-25 05:00:00+00:00,341.31,345.98,337.39,345.77,79438449
2022-02-28 05:00:00+00:00,342.51,348.54,341.32,346.8,78523644
2022-03-01 05:00:00+00:00,345.75,348.078,338.9,341.49,67932627
2022-03-02 05:00:00+00:00,343.08,348.59,340.24,347.22,71504241
2022-03-03 05:00:00+00:00,349.93,350.04,340.35,342.26,71759997
2022-03-04 05:00:00+00:00,339.84,341.31,334.92,337.3,78396304
2022-03-07 05:00:00+00:00,337.29,338.48,324.65,324.86,90771780
2022-03-08 05:00:00+00:00,324.05,333.21,319.94,323.35,116915533
2022-03-09 05:00:00+00:00,331.75,336.38,329.09,334.99,65685379
2022-03-10 05:00:00+00:00,330.82,332.51,326.71,331.27,69982940
2022-03-11 05:00:00+00:00,334.32,334.64,323.9,324.4,66662338
2022-03-14 04:00:00+00:00,323.13,326.59,317.45,318.17,80580807
2022-03-15 04:00:00+00:00,320.88,328.95,319.23,328.15,77280679
2022-03-16 04:00:00+00:00,332.17,340.44,328.401,340.32,107109357
2022-03-17 04:00:00+00:00,338.37,344.5,337.0406,344.44,68958852
2022-03-18 04:00:00+00:00,342.74,351.79,341.55,351.49,86724582
2022-03-21 04:00:00+00:00,350.2,352.48,345.575,350.08,74264816
2022-03-22 04:00:00+00:00,350.59,357.85,350.2,356.96,64582669
2022-03-23 04:00:00+00:00,354.01,357.66,351.77,351.83,71126411
2022-03-24 04:00:00+00:00,353.8,359.7,351.5939,359.65,54106778
2022-03-25 04:00:00+00:00,359.59,360.67,354.9438,359.35,57836281
2022-03-28 04:00:00+00:00,359.34,365.01,358.07,364.91,57994002
2022-03-29 04:00:00+00:00,368.9,371.83,366.06,371.19,69176176
2022-03-30 04:00:00+00:00,369.275,370.98,365.57,367.09,69393746
2022-03-31 04:00:00+00:00,367.24,367.6,361.68,362.54,67472737
2022-04-01 04:00:00+00:00,362.81,363.61,358.59,361.85,55005279
2022-04-04 04:00:00+00:00,362.71,369.31,362.44,369.3,46596997
2022-04-05 04:00:00+00:00,367.81,368.54,359.93,361.1,63560377
2022-04-06 04:00:00+00:00,355.65,356.78,350.56,353.26,90277257
2022-04-07 04:00:00+00:00,352.24,356.35,348.69,354.1,63916843
2022-04-08 04:00:00+00:00,352.32,353.09,348.5,349.15,62026998
2022-04-11 04:00:00+00:00,344.81,345.75,340.535,340.89,67023154
2022-04-12 04:00:00+00:00,345.76,347.69,338.035,339.45,73535610
2022-04-13 04:00:00+00:00,339.8,347.43,339.06,346.35,62178523
2022-04-14 04:00:00+00:00,346.44,346.97,338.21,338.43,74228496
2022-04-18 04:00:00+00:00,337.35,341.04,335.791,338.69,59051760
2022-04-19 04:00:00+00:00,338.03,346.85,336.98,346.26,57208254
2022-04-20 04:00:00+00:00,347.09,347.56,339.96,341.21,66133462
2022-04-21 04:00:00+00:00,345.19,347.87,333.2,334.15,76641441
2022-04-22 04:00:00+00:00,334.31,335.56,324.96,325.4,83197354
2022-04-25 04:00:00+00:00,323.73,329.9,322.43,329.58,102292979
2022-04-26 04:00:00+00:00,327.47,327.66,316.855,317.14,106763093
2022-04-27 04:00:00+00:00,317.24,322.88,315.0,316.76,111782894
2022-04-28 04:00:00+00:00,321.85,329.89,317.52,328.01,100154130
2022-04-29 04:00:00+00:00,323.7,327.225,312.6,313.25,92801688
2022-05-02 04:00:00+00:00,312.83,318.72,309.645,318.48,116270777
2022-05-03 04:00:00+00:00,318.5,321.17,315.98,318.82,78650594
2022-05-04 04:00:00+00:00,319.31,330.29,313.891,329.6,116991334
2022-05-05 04:00:00+00:00,325.17,325.25,309.62,313.0,155948480
2022-05-06 04:00:00+00:00,310.95,315.09,305.105,309.25,140036608
2022-05-09 04:00:00+00:00,303.48,309.3487,295.72,297.15,114696393
2022-05-10 04:00:00+00:00,304.51,305.76,296.57,300.76,124866412
2022-05-11 04:00:00+00:00,298.44,304.09,290.95,291.84,140988557
2022-05-12 04:00:00+00:00,287.45,295.75,284.94,291.15,121719199
2022-05-13 04:00:00+00:00,295.72,302.999,294.0825,301.94,84897115
2022-05-16 04:00:00+00:00,300.15,302.26,297.13,298.44,59770262
2022-05-17 04:00:00+00:00,304.45,306.56,300.55,306.17,63387691
2022-05-18 04:00:00+00:00,301.54,302.25,289.85,291.14,80615068
2022-05-19 04:00:00+00:00,289.29,294.39,287.58,289.58,80142981
2022-05-20 04:00:00+00:00,293.13,293.8,280.21,288.68,91828579
2022-05-23 04:00:00+00:00,289.75,293.87,287.29,293.48,64258125
2022-05-24 04:00:00+00:00,288.125,288.86,282.25,287.24,74128289
2022-05-25 04:00:00+00:00,285.71,293.39,285.5,291.26,67888465
2022-05-26 04:00:00+00:00,290.44,300.92,290.15,299.33,60217922
2022-05-27 04:00:00+00:00,302.54,309.25,302.42,309.1,67738558
2022-05-31 04:00:00+00:00,309.07,311.33,304.33,308.28,61209134
2022-06-01 04:00:00+00:00,310.47,312.65,303.73,306.0,65803070
2022-06-02 04:00:00+00:00,304.85,314.56,303.4001,314.38,60108413
2022-06-03 04:00:00+00:00,309.03,310.47,304.92,306.2,60957910
2022-06-06 04:00:00+00:00,310.75,312.35,305.62,307.22,52226319
2022-06-07 04:00:00+00:00,303.81,310.67,302.6886,309.87,45480110
2022-06-08 04:00:00+00:00,309.05,311.72,306.77,307.64,38715093
2022-06-09 04:00:00+00:00,305.91,309.05,299.23,299.4,56561162
2022-06-10 04:00:00+00:00,293.65,294.87,288.384,288.84,86912794
2022-06-13 04:00:00+00:00,279.75,282.34,274.53,275.41,95749412
2022-06-14 04:00:00+00:00,277.66,278.66,273.3375,275.91,65321793
2022-06-15 04:00:00+00:00,279.415,286.83,276.61,282.8,87101600
2022-06-16 04:00:00+00:00,275.59,276.06,269.28,271.39,83126619
2022-06-17 04:00:00+00:00,272.18,277.19,270.5119,274.69,83564471
2022-06-21 04:00:00+00:00,278.75,283.45,278.64,281.08,52365485
2022-06-22 04:00:00+00:00,278.52,285.18,277.91,280.67,67995144
2022-06-23 04:00:00+00:00,283.21,285.72,280.31,284.85,57967762
2022-06-24 04:00:00+00:00,287.74,295.04,287.5001,294.61,58464801
2022-06-27 04:00:00+00:00,296.0,296.5799,291.29,292.45,54635863
2022-06-28 04:00:00+00:00,293.0,295.65,283.35,283.54,62313228
2022-06-29 04:00:00+00:00,283.4,285.34,280.84,283.8,57702484
2022-06-30 04:00:00+00:00,280.75,283.9441,275.78,280.28,79793939
2022-07-01 04:00:00+00:00,278.95,282.53,277.03,282.13,57258530
2022-07-05 04:00:00+00:00,278.31,287.08,276.7501,286.96,62481511
2022-07-06 04:00:00+00:00,287.35,290.95,285.59,288.8,64298257
2022-07-07 04:00:00+00:00,289.63,295.7,289.63,294.98,58091627
2022-07-08 04:00:00+00:00,292.08,296.75,291.12,295.35,60460925
2022-07-11 04:00:00+00:00,292.88,293.11,288.14,289.04,56318294
2022-07-12 04:00:00+00:00,290.32,292.28,284.61,286.24,56520174
2022-07-13 04:00:00+00:00,280.6,288.05,280.02,285.65,74376606
2022-07-14 04:00:00+00:00,282.99,287.56,279.8,286.67,64300422
2022-07-15 04:00:00+00:00,289.73,291.98,288.08,291.87,63879043
2022-07-18 04:00:00+00:00,294.72,296.16,288.2,289.4,60040185
2022-07-19 04:00:00+00:00,293.11,298.6,291.47,298.3,55955017
2022-07-20 04:00:00+00:00,298.73,304.24,297.9329,303.03,68716141
2022-07-21 04:00:00+00:00,303.5,307.435,300.78,307.38,55941643
2022-07-22 04:00:00+00:00,306.43,308.55,300.115,301.99,57522703
2022-07-25 04:00:00+00:00,302.02,302.5,298.22,300.27,41083333
2022-07-26 04:00:00+00:00,298.53,298.79,293.54,294.37,50861955
2022-07-27 04:00:00+00:00,299.04,308.54,298.46,306.81,70144955
2022-07-28 04:00:00+00:00,306.59,310.3965,302.745,309.81,55808648
2022-07-29 04:00:00+00:00,311.385,316.39,309.931,315.46,58062103
2022-08-01 04:00:00+00:00,313.65,318.81,312.53,315.27,46812897
2022-08-02 04:00:00+00:00,312.92,318.545,311.8401,314.33,49171957
2022-08-03 04:00:00+00:00,316.05,323.7291,315.99,322.89,54695529
2022-08-04 04:00:00+00:00,322.97,324.72,320.77,324.4,39564479
2022-08-05 04:00:00+00:00,319.19,323.83,318.39,321.75,54349559
2022-08-08 04:00:00+00:00,322.69,326.47,319.21,320.71,44445965
2022-08-09 04:00:00+00:00,318.77,319.03,315.42,317.08,40262237
2022-08-10 04:00:00+00:00,324.59,326.23,322.0601,325.93,52273171
2022-08-11 04:00:00+00:00,328.305,330.36,323.36,324.08,46603396
2022-08-12 04:00:00+00:00,326.175,330.585,325.1001,330.39,41458270
2022-08-15 04:00:00+00:00,329.42,333.5652,329.4,333.06,38764679
2022-08-16 04:00:00+00:00,332.055,334.4209,329.16,332.28,41475697
2022-08-17 04:00:00+00:00,329.07,331.43,326.36,328.49,48334888
2022-08-18 04:00:00+00:00,328.44,330.49,326.79,329.28,42598222
2022-08-19 04:00:00+00:00,326.17,326.84,322.08,322.86,52428587
2022-08-22 04:00:00+00:00,318.5,318.74,313.53,314.36,51999238
2022-08-23 04:00:00+00:00,314.12,317.0,313.33,314.1,40072455
2022-08-24 04:00:00+00:00,313.61,316.87,312.99,315.01,38503850
2022-08-25 04:00:00+00:00,316.83,320.6,315.7577,320.58,38656960
2022-08-26 04:00:00+00:00,320.28,321.51,307.35,307.44,69804044
2022-08-29 04:00:00+00:00,304.62,307.22,303.28,304.41,48972988
2022-08-30 04:00:00+00:00,306.1,306.73,298.44,301.02,51927306
2022-08-31 04:00:00+00:00,303.99,304.91,299.16,299.27,50603333
2022-09-01 04:00:00+00:00,296.72,299.78,292.95,299.4,58602430
2022-09-02 04:00:00+00:00,302.34,303.75,293.52,295.17,65529812
2022-09-06 04:00:00+00:00,295.66,296.6,290.87,293.05,57466997
2022-09-07 04:00:00+00:00,293.54,299.99,293.27,298.97,49884279
2022-09-08 04:00:00+00:00,296.85,301.87,295.45,300.52,55971049
2022-09-09 04:00:00+00:00,302.83,307.6,300.5209,307.09,57164772
2022-09-12 04:00:00+00:00,308.5,311.08,308.18,310.74,46674350
2022-09-13 04:00:00+00:00,301.8,303.02,292.785,293.7,80944160
2022-09-14 04:00:00+00:00,294.865,296.93,293.06,296.03,55433751
2022-09-15 04:00:00+00:00,294.07,296.53,289.46,291.1,66002623
2022-09-16 04:00:00+00:00,287.72,289.72,285.62,289.32,79962623
2022-09-19 04:00:00+00:00,286.1,291.21,286.04,291.05,53057247
2022-09-20 04:00:00+00:00,288.49,291.07,286.38,288.73,51591907
2022-09-21 04:00:00+00:00,289.59,293.95,283.42,283.56,83439931
2022-09-22 04:00:00+00:00,282.0,283.03,278.815,280.07,63518183
2022-09-23 04:00:00+00:00,277.55,277.85,272.02,275.51,75722498
2022-09-26 04:00:00+00:00,275.03,279.49,273.56,274.37,71693984
2022-09-27 04:00:00+00:00,277.81,280.21,272.11,274.48,70466992
2022-09-28 04:00:00+00:00,274.46,281.25,272.945,279.94,80599650
2022-09-29 04:00:00+00:00,275.86,276.25,268.84,271.87,82389475
2022-09-30 04:00:00+00:00,271.03,275.19,267.1,267.26,78723837
2022-10-03 04:00:00+00:00,269.07,275.16,267.53,273.53,62145131
2022-10-04 04:00:00+00:00,278.99,282.85,278.99,282.13,67688203
2022-10-05 04:00:00+00:00,278.28,283.81,275.42,281.98,56254410
2022-10-06 04:00:00+00:00,280.96,284.18,279.43,279.76,53944652
2022-10-07 04:00:00+00:00,275.02,275.15,267.74,269.1,72286101
2022-10-10 04:00:00+00:00,269.3,269.7,263.64,266.41,60983049
2022-10-11 04:00:00+00:00,264.7,267.63,261.03,262.75,67175470
2022-10-12 04:00:00+00:00,263.4,265.36,261.95,262.66,50961509
2022-10-13 04:00:00+00:00,255.16,270.17,254.26,268.82,113480678
2022-10-14 04:00:00+00:00,271.2,271.81,260.14,260.74,77910412
2022-10-17 04:00:00+00:00,266.84,270.24,266.74,269.35,65455997
2022-10-18 04:00:00+00:00,276.53,277.21,268.74,271.48,70423517
2022-10-19 04:00:00+00:00,269.93,273.68,268.07,270.49,53533553
2022-10-20 04:00:00+00:00,269.58,274.84,267.92,269.11,60953594
2022-10-21 04:00:00+00:00,267.98,275.969,266.8236,275.42,78829112
2022-10-24 04:00:00+00:00,275.69,279.4,271.97,278.45,64764467
2022-10-25 04:00:00+00:00,279.41,284.6,277.9,284.21,59641368
2022-10-26 04:00:00+00:00,278.46,283.98,277.43,277.93,64772120
2022-10-27 04:00:00+00:00,276.79,278.2795,272.34,272.87,58564193
2022-10-28 04:00:00+00:00,272.23,281.698,272.06,281.22,63359442
2022-10-31 04:00:00+00:00,278.92,279.76,275.99,277.95,48435898
2022-11-01 04:00:00+00:00,281.495,282.07,274.74,275.11,46404274
2022-11-02 04:00:00+00:00,275.08,278.21,265.61,265.68,80735858
2022-11-03 04:00:00+00:00,263.01,264.5,260.1,260.49,71226500
2022-11-04 04:00:00+00:00,265.53,266.61,259.08,264.68,78823817
2022-11-07 05:00:00+00:00,265.75,268.14,263.57,267.59,48083516
2022-11-08 05:00:00+00:00,269.14,272.85,265.52,269.54,64028096
2022-11-09 05:00:00+00:00,267.76,268.56,263.03,263.32,65664693
2022-11-10 05:00:00+00:00,276.01,283.05,273.85,282.75,101269610
2022-11-11 05:00:00+00:00,282.56,288.64,281.19,287.96,67671931
2022-11-14 05:00:00+00:00,285.86,289.215,284.44,285.44,56120523
2022-11-15 05:00:00+00:00,292.21,293.26,285.97,289.39,74681258
2022-11-16 05:00:00+00:00,287.39,289.4838,284.6,285.44,49500615
2022-11-17 05:00:00+00:00,280.88,286.3189,280.72,284.81,55997667
2022-11-18 05:00:00+00:00,287.89,287.99,282.3211,284.82,54121950
2022-11-21 05:00:00+00:00,283.4,284.58,281.04,281.89,40619942
2022-11-22 05:00:00+00:00,282.64,286.11,280.46,285.95,42675027
2022-11-23 05:00:00+00:00,285.97,289.46,285.79,288.82,46986528
2022-11-25 05:00:00+00:00,287.19,287.91,286.42,286.92,15677023
2022-11-28 05:00:00+00:00,284.9,286.96,281.76,282.71,39622187
2022-11-29 05:00:00+00:00,282.94,283.35,279.17,280.57,36314700
2022-11-30 05:00:00+00:00,280.84,293.47,279.97,293.36,76115328
2022-12-01 05:00:00+00:00,293.69,295.75,290.88,293.72,52154044
2022-12-02 05:00:00+00:00,288.54,293.45,288.36,292.55,54724070
2022-12-05 05:00:00+00:00,290.38,291.68,286.15,287.64,42193977
2022-12-06 05:00:00+00:00,287.48,287.62,280.255,281.68,55140114
2022-12-07 05:00:00+00:00,280.47,282.57,278.7801,280.53,46620299
2022-12-08 05:00:00+00:00,281.91,284.84,279.79,283.85,43087560
2022-12-09 05:00:00+00:00,282.81,285.64,281.59,282.04,48256345
2022-12-12 05:00:00+00:00,282.22,285.64,281.16,285.58,36461346
2022-12-13 05:00:00+00:00,296.65,296.875,285.91,288.65,82648151
2022-12-14 05:00:00+00:00,288.05,291.41,283.19,286.51,65528530
2022-12-15 05:00:00+00:00,282.33,283.01,275.67,276.89,61652353
2022-12-16 05:00:00+00:00,276.2,277.77,272.61,274.25,68847971
2022-12-19 05:00:00+00:00,273.87,273.96,268.49,269.75,44910945
2022-12-20 05:00:00+00:00,268.56,271.32,266.95,269.54,51453657
2022-12-21 05:00:00+00:00,270.6,274.78,269.74,273.45,47102109
2022-12-22 05:00:00+00:00,270.38,270.5149,262.455,266.76,61504271
2022-12-23 05:00:00+00:00,265.47,268.04,263.53,267.36,40158657
2022-12-27 05:00:00+00:00,266.74,266.85,263.03,263.58,38778926
2022-12-28 05:00:00+00:00,263.17,265.47,259.73,260.1,47583631
2022-12-29 05:00:00+00:00,262.96,267.405,262.25,266.44,46603877
2022-12-30 05:00:00+00:00,263.62,266.41,262.29,266.28,38484592
2023-01-03 05:00:00+00:00,268.65,270.155,262.13,264.48,42811556
2023-01-04 05:00:00+00:00,266.64,267.45,262.53,265.74,48183110
2023-01-05 05:00:00+00:00,264.04,264.21,261.26,261.58,46112140
2023-01-06 05:00:00+00:00,263.35,269.94,260.34,268.8,55494289
2023-01-09 05:00:00+00:00,270.83,275.29,269.92,270.54,46027182
2023-01-10 05:00:00+00:00,269.49,272.94,268.97,272.83,35594348
2023-01-11 05:00:00+00:00,273.92,277.66,273.12,277.55,44757374
2023-01-12 05:00:00+00:00,278.12,280.1,273.74,279.05,61051591
2023-01-13 05:00:00+00:00,276.5,281.219,276.16,280.97,46333790
2023-01-17 05:00:00+00:00,280.77,282.85,279.581,281.54,36709011
2023-01-18 05:00:00+00:00,283.11,284.69,277.67,277.88,48246104
2023-01-19 05:00:00+00:00,276.22,277.375,273.89,275.15,44579262
2023-01-20 05:00:00+00:00,276.79,283.02,275.71,282.68,61037742
2023-01-23 05:00:00+00:00,283.54,290.21,282.73,288.96,53304149
2023-01-24 05:00:00+00:00,287.31,289.55,286.78,288.37,45268727
2023-01-25 05:00:00+00:00,283.77,288.36,281.18,287.73,51319346
2023-01-26 05:00:00+00:00,291.22,293.52,288.519,293.34,52016979
2023-01-27 05:00:00+00:00,292.0,298.26,291.88,296.26,57204899
2023-01-30 05:00:00+00:00,292.93,294.38,289.89,290.27,49965896
2023-01-31 05:00:00+00:00,290.31,294.72,290.2,294.62,47199466
2023-02-01 05:00:00+00:00,294.41,303.43,292.3,300.92,68246748
2023-02-02 05:00:00+00:00,307.57,313.68,306.73,311.72,84095239
2023-02-03 05:00:00+00:00,304.94,312.39,304.54,306.18,77184876
2023-02-06 05:00:00+00:00,303.51,305.91,302.22,303.59,41426828
2023-02-07 05:00:00+00:00,303.46,311.03,302.32,309.88,68006712
2023-02-08 05:00:00+00:00,308.54,309.5,303.67,304.37,57453826
2023-02-09 05:00:00+00:00,308.84,308.99,300.2,301.68,49536623
2023-02-10 05:00:00+00:00,299.48,301.57,297.25,299.7,50831852
2023-02-13 05:00:00+00:00,301.13,305.1,299.93,304.5,40227914
2023-02-14 05:00:00+00:00,302.89,307.72,300.91,306.75,64548090
2023-02-15 05:00:00+00:00,304.9,309.27,304.2,309.1,43727624
2023-02-16 05:00:00+00:00,304.38,308.43,303.15,303.3,59964747
2023-02-17 05:00:00+00:00,301.07,301.93,298.1,301.16,57824806
2023-02-21 05:00:00+00:00,297.26,298.73,293.89,294.03,47456062
2023-02-22 05:00:00+00:00,294.62,296.3599,292.56,294.25,51803078
2023-02-23 05:00:00+00:00,297.97,298.13,292.55,296.82,69693261
2023-02-24 05:00:00+00:00,291.76,292.97,290.05,291.85,74874238
2023-02-27 05:00:00+00:00,295.07,296.49,293.34,293.94,49553397
2023-02-28 05:00:00+00:00,293.3,296.124,292.96,293.56,48659121
2023-03-01 05:00:00+00:00,293.26,293.93,290.2,291.2,58832638
2023-03-02 05:00:00+00:00,288.66,294.43,288.37,293.61,54346619
2023-03-03 05:00:00+00:00,295.39,299.92,294.87,299.68,61047070
2023-03-06 05:00:00+00:00,300.94,304.0,299.82,300.02,57266053
2023-03-07 05:00:00+00:00,300.07,301.01,295.72,296.34,66037332
2023-03-08 05:00:00+00:00,296.77,298.43,294.88,297.82,51222434
2023-03-09 05:00:00+00:00,298.33,300.98,291.8299,292.66,72035779
2023-03-10 05:00:00+00:00,292.83,294.35,287.38,288.55,99487991
2023-03-13 04:00:00+00:00,286.73,294.47,285.19,290.69,97746368
2023-03-14 04:00:00+00:00,294.31,297.93,293.45,297.37,74357118
2023-03-15 04:00:00+00:00,294.71,299.27,293.24,298.93,84171732
2023-03-16 04:00:00+00:00,298.0,307.18,297.19,306.81,99521094
2023-03-17 04:00:00+00:00,306.72,309.15,303.37,305.36,87003418
2023-03-20 04:00:00+00:00,304.26,306.3,302.01,305.97,56818056
2023-03-21 04:00:00+00:00,307.94,310.8,306.395,310.34,50469455
2023-03-22 04:00:00+00:00,310.27,315.25,305.95,306.12,76190202
2023-03-23 04:00:00+00:00,309.92,314.15,307.01,309.75,74695136
2023-03-24 04:00:00+00:00,309.32,310.99,306.95,310.89,57580618
2023-03-27 04:00:00+00:00,311.6,312.7,307.89,308.76,50882471
2023-03-28 04:00:00+00:00,308.17,308.2,304.774,307.12,48979829
2023-03-29 04:00:00+00:00,310.88,313.35,310.05,312.72,54252686
2023-03-30 04:00:00+00:00,315.24,316.32,312.8088,315.68,58870823
2023-03-31 04:00:00+00:00,315.91,321.17,315.6,320.93,62195639
2023-04-03 04:00:00+00:00,318.77,320.42,317.4201,320.15,47688076
2023-04-04 04:00:00+00:00,320.6,321.63,317.8251,319.07,46460316
2023-04-05 04:00:00+00:00,318.1,319.06,314.07,315.92,63431289
2023-04-06 04:00:00+00:00,314.24,318.55,312.82,318.05,47503080
2023-04-10 04:00:00+00:00,315.07,317.92,313.25,317.87,45588018
2023-04-11 04:00:00+00:00,317.83,317.89,315.31,315.83,40635344
2023-04-12 04:00:00+00:00,317.82,318.42,312.565,313.04,62925362
2023-04-13 04:00:00+00:00,314.83,319.65,313.63,319.17,54786929
2023-04-14 04:00:00+00:00,317.59,320.36,315.61,318.57,56737137
2023-04-17 04:00:00+00:00,318.15,319.1999,316.04,318.84,43278244
2023-04-18 04:00:00+00:00,320.99,321.42,317.64,318.86,47109180
2023-04-19 04:00:00+00:00,316.41,319.79,316.28,318.71,39383313
2023-04-20 04:00:00+00:00,315.69,319.27,314.97,316.28,63027565
2023-04-21 04:00:00+00:00,315.91,317.4,314.1,316.61,59396663
2023-04-24 04:00:00+00:00,316.38,317.7391,313.74,315.95,44304686
2023-04-25 04:00:00+00:00,314.29,314.97,309.89,309.99,57880041
2023-04-26 04:00:00+00:00,313.44,314.935,311.34,311.87,55581263
2023-04-27 04:00:00+00:00,315.7,320.86,315.05,320.35,66435209
2023-04-28 04:00:00+00:00,320.11,322.65,318.96,322.56,59850895
2023-05-01 04:00:00+00:00,322.09,323.63,321.09,322.19,41688306
2023-05-02 04:00:00+00:00,322.12,322.45,317.61,319.38,57059687
2023-05-03 04:00:00+00:00,319.75,322.47,317.18,317.29,60271290
2023-05-04 04:00:00+00:00,317.06,318.23,315.115,316.17,50659197
2023-05-05 04:00:00+00:00,318.47,323.76,316.2116,322.89,52057753
2023-05-08 04:00:00+00:00,322.42,324.04,321.315,323.69,36885016
2023-05-09 04:00:00+00:00,322.0,322.88,321.32,321.64,31895240
2023-05-10 04:00:00+00:00,324.12,326.01,321.6,325.14,60898857
2023-05-11 04:00:00+00:00,325.7,326.75,324.12,326.2,44557893
2023-05-12 04:00:00+00:00,326.74,327.17,322.94,325.03,48755766
2023-05-15 04:00:00+00:00,325.51,327.03,323.96,326.79,33846062
2023-05-16 04:00:00+00:00,326.06,328.9025,326.02,327.16,40019151
2023-05-17 04:00:00+00:00,328.24,331.71,327.04,331.12,48036281
2023-05-18 04:00:00+00:00,331.52,337.49,331.5,337.27,64414975
2023-05-19 04:00:00+00:00,337.49,338.205,335.43,336.51,61625184
2023-05-22 04:00:00+00:00,336.25,338.67,336.24,337.64,43569439
2023-05-23 04:00:00+00:00,335.89,337.06,333.0,333.36,48351629
2023-05-24 04:00:00+00:00,331.37,332.905,329.56,331.65,63041068
2023-05-25 04:00:00+00:00,339.14,341.01,336.665,339.72,66862773
2023-05-26 04:00:00+00:00,340.76,349.245,340.66,348.4,63871016
2023-05-30 04:00:00+00:00,352.71,353.93,348.53,349.98,73297753
2023-05-31 04:00:00+00:00,348.37,350.6,346.51,347.99,65240236
2023-06-01 04:00:00+00:00,347.73,353.36,346.66,352.01,50629250
2023-06-02 04:00:00+00:00,353.8,355.83,352.01,354.65,62899088
2023-06-05 04:00:00+00:00,354.43,357.495,353.85,354.9,47293803
2023-06-06 04:00:00+00:00,354.28,355.82,352.93,354.84,41409510
2023-06-07 04:00:00+00:00,355.13,357.12,348.18,348.82,69240268
2023-06-08 04:00:00+00:00,349.12,353.62,348.89,353.15,47162034
2023-06-09 04:00:00+00:00,354.63,357.66,353.03,354.5,53190761
2023-06-12 04:00:00+00:00,356.19,360.59,355.2,360.49,44860892
2023-06-13 04:00:00+00:00,363.29,364.11,360.03,363.26,57121403
2023-06-14 04:00:00+00:00,363.27,366.19,360.42,365.9,69549870
2023-06-15 04:00:00+00:00,364.61,371.77,363.98,370.26,71158439
2023-06-16 04:00:00+00:00,372.72,372.85,367.48,367.93,80923624
2023-06-20 04:00:00+00:00,365.95,368.32,363.8899,366.9,49229324
2023-06-21 04:00:00+00:00,365.74,366.18,360.96,361.9,53411255
2023-06-22 04:00:00+00:00,360.63,366.33,360.22,366.17,47631103
2023-06-23 04:00:00+00:00,362.21,364.88,360.8227,362.54,48922912
2023-06-26 04:00:00+00:00,362.0,364.84,357.59,357.68,52721416
2023-06-27 04:00:00+00:00,359.25,364.57,358.51,363.83,49500695
2023-06-28 04:00:00+00:00,361.98,366.52,361.9038,364.54,46525286
2023-06-29 04:00:00+00:00,364.24,364.89,362.14,363.81,46150967
2023-06-30 04:00:00+00:00,367.55,370.49,367.23,369.42,57476823
2023-07-03 04:00:00+00:00,370.07,370.93,368.97,370.29,19279448
2023-07-05 04:00:00+00:00,368.695,372.01,368.66,370.28,34482166
2023-07-06 04:00:00+00:00,366.51,367.91,364.52,367.46,49398734
2023-07-07 04:00:00+00:00,367.23,370.48,366.01,366.24,47133749
2023-07-10 04:00:00+00:00,365.96,367.05,363.41,366.36,48524349
2023-07-11 04:00:00+00:00,366.79,368.632,364.62,368.17,38230149
2023-07-12 04:00:00+00:00,372.34,374.19,370.3,372.82,61725158
2023-07-13 04:00:00+00:00,376.05,379.99,375.46,379.15,46983784
2023-07-14 04:00:00+00:00,379.585,382.86,378.18,379.07,55148501
2023-07-17 04:00:00+00:00,379.8,383.5,379.31,382.61,40886101
2023-07-18 04:00:00+00:00,381.96,387.13,380.0,385.74,55366525
2023-07-19 04:00:00+00:00,386.82,387.98,384.3,385.65,54254433
2023-07-20 04:00:00+00:00,382.61,384.095,375.72,376.76,71988318
2023-07-21 04:00:00+00:00,379.18,379.92,375.191,375.63,60499643
2023-07-24 04:00:00+00:00,376.62,377.58,374.34,376.23,40397800
2023-07-25 04:00:00+00:00,376.95,380.47,376.93,378.78,39049708
2023-07-26 04:00:00+00:00,377.72,379.24,375.18,377.52,47110222
2023-07-27 04:00:00+00:00,383.07,384.71,375.31,376.62,63972800
2023-07-28 04:00:00+00:00,380.74,384.52,380.22,383.48,56902927
2023-07-31 04:00:00+00:00,383.79,384.88,382.34,383.68,44056736
2023-08-01 04:00:00+00:00,382.31,383.56,380.69,382.79,41443200
2023-08-02 04:00:00+00:00,379.26,379.26,373.13,374.39,72756926
2023-08-03 04:00:00+00:00,371.94,375.95,371.77,373.79,47948683
2023-08-04 04:00:00+00:00,375.75,378.1,371.53,372.04,61702760
2023-08-07 04:00:00+00:00,373.88,375.29,371.51,375.19,37257163
2023-08-08 04:00:00+00:00,372.64,372.66,368.82,372.0,44742175
2023-08-09 04:00:00+00:00,372.29,372.45,367.14,367.91,51214864
2023-08-10 04:00:00+00:00,370.97,374.36,367.035,368.59,72078192
2023-08-11 04:00:00+00:00,365.99,368.0,364.69,366.24,48707189
2023-08-14 04:00:00+00:00,365.43,370.47,364.7,370.35,42186877
2023-08-15 04:00:00+00:00,369.36,370.169,365.74,366.42,45555290
2023-08-16 04:00:00+00:00,365.87,367.43,362.44,362.54,53216382
2023-08-17 04:00:00+00:00,363.96,364.31,358.16,358.58,62652353
2023-08-18 04:00:00+00:00,355.26,359.41,354.71,358.13,61191391
2023-08-21 04:00:00+00:00,359.62,364.59,359.15,363.9,50738465
2023-08-22 04:00:00+00:00,366.55,366.56,362.68,363.38,44644122
2023-08-23 04:00:00+00:00,364.58,370.22,364.36,369.11,51884915
2023-08-24 04:00:00+00:00,372.64,372.74,361.01,361.22,66966680
2023-08-25 04:00:00+00:00,362.07,365.74,358.58,364.02,69960467
2023-08-28 04:00:00+00:00,366.99,367.71,364.25,366.76,40927066
2023-08-29 04:00:00+00:00,366.56,375.13,366.231,374.77,58537490
2023-08-30 04:00:00+00:00,374.88,377.4467,373.86,376.86,41751165
2023-08-31 04:00:00+00:00,376.94,379.719,376.87,377.99,35756083
2023-09-01 04:00:00+00:00,380.4,380.83,376.0801,377.59,39801179
2023-09-05 04:00:00+00:00,376.77,379.3093,375.83,378.07,32354992
2023-09-06 04:00:00+00:00,377.28,377.63,372.7,374.74,43029625
2023-09-07 04:00:00+00:00,370.21,372.85,369.15,372.06,52086860
2023-09-08 04:00:00+00:00,372.01,374.85,371.6,372.58,35847361
2023-09-11 04:00:00+00:00,375.66,377.49,373.66,376.97,39964653
2023-09-12 04:00:00+00:00,375.27,376.9517,372.5,372.79,41418893
2023-09-13 04:00:00+00:00,373.03,375.84,371.88,374.21,46311848
2023-09-14 04:00:00+00:00,375.99,378.27,373.89,377.27,48054250
2023-09-15 04:00:00+00:00,375.91,376.32,369.86,370.81,69811206
2023-09-18 04:00:00+00:00,369.32,371.79,369.03,370.66,36923467
2023-09-19 04:00:00+00:00,369.32,370.6826,366.8,369.87,37633273
2023-09-20 04:00:00+00:00,370.95,371.31,364.46,364.54,45601078
2023-09-21 04:00:00+00:00,360.8,361.6,357.69,357.86,69790992
2023-09-22 04:00:00+00:00,359.63,361.8,357.59,357.91,51589691
2023-09-25 04:00:00+00:00,356.93,359.7,355.93,359.61,39219545
2023-09-26 04:00:00+00:00,356.99,357.54,353.2101,354.21,53717751
2023-09-27 04:00:00+00:00,355.38,356.98,351.36,355.04,56104603
2023-09-28 04:00:00+00:00,354.11,360.17,353.24,358.01,56483104
2023-09-29 04:00:00+00:00,361.54,362.95,357.02,358.27,64829618
2023-10-02 04:00:00+00:00,358.54,362.68,357.92,361.26,51664019
2023-10-03 04:00:00+00:00,358.78,361.01,353.275,354.92,60544033
2023-10-04 04:00:00+00:00,355.77,360.61,355.3,359.75,54980961
2023-10-05 04:00:00+00:00,359.74,360.15,355.14,358.69,45915675
2023-10-06 04:00:00+00:00,355.65,365.91,354.85,364.7,75049120
2023-10-09 04:00:00+00:00,362.3,367.11,360.78,366.56,45319562
2023-10-10 04:00:00+00:00,366.9,371.28,366.39,368.59,46993004
2023-10-11 04:00:00+00:00,369.94,371.412,368.19,371.22,38250741
2023-10-12 04:00:00+00:00,371.73,373.74,367.5,369.93,49610687
2023-10-13 04:00:00+00:00,370.57,371.16,363.86,365.28,52519877
2023-10-16 04:00:00+00:00,366.62,370.48,366.47,369.41,44239547
2023-10-17 04:00:00+00:00,365.81,369.92,363.66,368.2,51020663
2023-10-18 04:00:00+00:00,365.67,367.91,362.02,363.37,54334391
2023-10-19 04:00:00+00:00,364.81,366.02,359.16,359.97,72352229
2023-10-20 04:00:00+00:00,359.46,360.04,354.37,354.6,72559723
2023-10-23 04:00:00+00:00,353.26,359.26,351.1199,355.67,61002991
2023-10-24 04:00:00+00:00,357.51,359.91,355.79,359.13,47198099
2023-10-25 04:00:00+00:00,356.7,356.88,349.75,350.34,71457569
2023-10-26 04:00:00+00:00,349.12,350.07,342.35,343.66,78735619
2023-10-27 04:00:00+00:00,346.43,348.84,344.08,345.31,63476709
2023-10-30 04:00:00+00:00,347.83,350.54,346.45,349.2,55330941
2023-10-31 04:00:00+00:00,349.23,351.25,346.62,350.87,47720521
2023-11-01 04:00:00+00:00,351.72,357.5298,351.62,356.96,59054185
2023-11-02 04:00:00+00:00,361.54,363.68,360.3,363.44,58248731
2023-11-03 04:00:00+00:00,364.75,369.02,364.52,367.71,53280458
2023-11-06 05:00:00+00:00,368.49,369.78,366.91,369.21,38881497
2023-11-07 05:00:00+00:00,370.27,373.58,369.045,372.7,50791258
2023-11-08 05:00:00+00:00,373.08,373.79,370.62,372.94,35704029
2023-11-09 05:00:00+00:00,373.64,374.8,369.57,370.07,53927128
2023-11-10 05:00:00+00:00,371.82,378.54,371.28,378.39,58368440
2023-11-13 05:00:00+00:00,376.79,378.28,375.24,377.21,40786315
2023-11-14 05:00:00+00:00,383.71,386.26,383.18,385.33,67822532
2023-11-15 05:00:00+00:00,387.25,387.75,384.235,385.62,54207836
2023-11-16 05:00:00+00:00,384.84,386.19,383.56,385.95,45375715
2023-11-17 05:00:00+00:00,385.21,387.07,384.29,386.04,46622747
2023-11-20 05:00:00+00:00,386.05,391.41,386.05,390.74,44573243
2023-11-21 05:00:00+00:00,389.01,389.23,386.7,388.47,43373559
2023-11-22 05:00:00+00:00,390.57,393.07,389.04,390.06,44204704
2023-11-24 05:00:00+00:00,389.65,390.25,388.5,389.51,15718834
2023-11-27 05:00:00+00:00,389.01,391.1499,388.28,389.17,34166921
2023-11-28 05:00:00+00:00,388.41,390.78,388.05,390.19,35528919
2023-11-29 05:00:00+00:00,392.69,394.14,389.46,389.81,38838780
2023-11-30 05:00:00+00:00,390.08,390.55,385.82,388.83,52867162
2023-12-01 05:00:00+00:00,387.75,390.54,386.0726,389.94,40490069
2023-12-04 05:00:00+00:00,386.09,386.595,382.66,386.32,51214796
2023-12-05 05:00:00+00:00,384.39,388.5,384.21,387.29,43000296
2023-12-06 05:00:00+00:00,390.27,390.37,384.7,385.05,42011618
2023-12-07 05:00:00+00:00,388.07,391.27,386.96,390.43,49604656
2023-12-08 05:00:00+00:00,388.67,392.62,388.4801,392.17,46687525
2023-12-11 05:00:00+00:00,391.74,395.79,391.53,395.52,41244109
2023-12-12 05:00:00+00:00,395.56,398.79,394.41,398.67,39261008
2023-12-13 05:00:00+00:00,399.62,404.36,398.8399,403.74,55437264
2023-12-14 05:00:00+00:00,404.98,406.3,400.34,403.39,55498081
2023-12-15 05:00:00+00:00,404.18,406.5399,403.57,405.34,62896645
2023-12-18 05:00:00+00:00,404.93,407.99,404.6,407.08,46624804
2023-12-19 05:00:00+00:00,407.54,409.28,407.345,409.16,35727994
2023-12-20 05:00:00+00:00,408.35,410.4699,402.9,403.08,54216721
2023-12-21 05:00:00+00:00,407.06,408.14,404.47,407.77,45603436
2023-12-22 05:00:00+00:00,409.0,409.97,406.4787,408.38,34314203
2023-12-26 05:00:00+00:00,409.25,411.56,409.15,410.88,22738364
2023-12-27 05:00:00+00:00,410.95,411.7875,410.08,411.5,31988047
2023-12-28 05:00:00+00:00,412.67,412.92,410.94,411.3,27046648
2023-12-29 05:00:00+00:00,411.28,411.64,407.58,409.52,42662120
2024-01-02 05:00:00+00:00,405.84,406.09,400.24,402.59,58073141
2024-01-03 05:00:00+00:00,399.93,401.0,397.89,398.33,47037517
2024-01-04 05:00:00+00:00,396.44,399.59,396.06,396.28,39471644
2024-01-05 05:00:00+00:00,396.45,399.56,395.34,396.75,44923110
2024-01-08 05:00:00+00:00,397.99,405.24,397.8399,404.95,42543338
2024-01-09 05:00:00+00:00,401.91,406.69,401.71,405.75,39169918
2024-01-10 05:00:00+00:00,406.07,409.515,405.17,408.5,33992114
2024-01-11 05:00:00+00:00,409.79,411.2004,404.242,409.35,54577931
2024-01-12 05:00:00+00:00,410.4,411.25,408.15,409.56,39594952
2024-01-16 05:00:00+00:00,408.31,411.12,406.83,409.52,43934662
2024-01-17 05:00:00+00:00,406.17,407.585,402.92,407.21,54411938
2024-01-18 05:00:00+00:00,410.52,413.575,409.1601,412.99,59606648
2024-01-19 05:00:00+00:00,415.22,421.34,414.625,421.18,70525123
2024-01-22 05:00:00+00:00,423.41,424.7275,421.12,421.73,44907573
2024-01-23 05:00:00+00:00,422.43,423.7,420.57,423.48,33037453
2024-01-24 05:00:00+00:00,427.44,429.85,425.33,425.83,46992628
2024-01-25 05:00:00+00:00,428.36,429.04,423.98,426.35,44443869
2024-01-26 05:00:00+00:00,424.44,426.21,423.15,423.81,37137028
2024-01-29 05:00:00+00:00,424.27,428.35,423.61,428.15,38694724
2024-01-30 05:00:00+00:00,427.1,427.68,424.38,425.3,36738856
2024-01-31 05:00:00+00:00,420.85,422.8699,416.79,416.97,64010649
2024-02-01 05:00:00+00:00,418.79,422.375,417.81,421.88,51028222
2024-02-02 05:00:00+00:00,423.8,430.24,422.79,429.01,59602935
2024-02-05 05:00:00+00:00,429.07,429.61,425.0,428.45,39889409
2024-02-06 05:00:00+00:00,429.61,430.22,425.22,427.59,35846134
2024-02-07 05:00:00+00:00,430.41,432.83,429.09,431.99,37712661
2024-02-08 05:00:00+00:00,432.11,433.56,431.42,432.79,29889892
2024-02-09 05:00:00+00:00,433.94,437.845,433.1401,437.05,36943905
2024-02-12 05:00:00+00:00,436.94,439.14,434.65,435.34,33203305
2024-02-13 05:00:00+00:00,427.28,431.27,425.3305,428.55,64491669
2024-02-14 05:00:00+00:00,431.26,433.65,428.8799,433.22,45092722
2024-02-15 05:00:00+00:00,433.92,434.98,431.33,434.51,38796046
2024-02-16 05:00:00+00:00,434.89,434.99,429.85,430.57,53716475
2024-02-20 05:00:00+00:00,428.55,430.08,423.5,427.32,53999452
2024-02-21 05:00:00+00:00,424.55,425.7,421.63,425.61,50379697
2024-02-22 05:00:00+00:00,434.49,439.12,433.71,438.07,53887751
2024-02-23 05:00:00+00:00,439.65,440.59,435.79,436.78,39853861
2024-02-26 05:00:00+00:00,437.6,438.6,436.355,436.55,33043238
2024-02-27 05:00:00+00:00,437.67,437.99,435.025,437.6,33751220
2024-02-28 05:00:00+00:00,435.43,436.67,434.3,435.27,32938821
2024-02-29 05:00:00+00:00,438.23,440.09,435.02,439.0,42495152
2024-03-01 05:00:00+00:00,439.9,446.58,439.84,445.61,44198029
2024-03-04 05:00:00+00:00,445.61,446.04,443.77,444.02,34325687
2024-03-05 05:00:00+00:00,440.94,440.95,433.65,436.05,57957635
2024-03-06 05:00:00+00:00,440.32,441.99,436.89,438.79,46234460
2024-03-07 05:00:00+00:00,442.42,446.72,440.86,445.45,44526666
2024-03-08 05:00:00+00:00,445.81,448.64,438.34,439.02,72095957
2024-03-11 04:00:00+00:00,437.51,438.66,435.44,437.39,45859992
2024-03-12 04:00:00+00:00,439.73,444.02,436.46,443.66,55500909
2024-03-13 04:00:00+00:00,442.65,442.67,439.12,440.25,37941191
2024-03-14 04:00:00+00:00,441.5,442.03,436.39,439.14,52195208
2024-03-15 04:00:00+00:00,436.07,438.8733,432.7417,433.92,73753824
2024-03-18 04:00:00+00:00,438.73,441.04,437.24,437.48,47323802
2024-03-19 04:00:00+00:00,435.45,438.98,433.33,438.57,43004105
2024-03-20 04:00:00+00:00,439.78,444.11,438.06,443.77,43653490
2024-03-21 04:00:00+00:00,448.88,449.34,445.67,445.87,39345652
2024-03-22 04:00:00+00:00,445.35,447.49,444.49,446.38,28253899
2024-03-25 04:00:00+00:00,443.55,446.26,442.54,444.76,27789154
2024-03-26 04:00:00+00:00,446.3,447.225,443.09,443.32,34142043
2024-03-27 04:00:00+00:00,446.44,446.54,441.93,444.83,41353840
2024-03-28 04:00:00+00:00,444.78,445.64,443.65,444.01,36839641
2024-04-01 04:00:00+00:00,444.97,447.53,443.02,444.95,38742951
2024-04-02 04:00:00+00:00,440.08,441.43,438.03,441.11,44263665
2024-04-03 04:00:00+00:00,438.96,444.0,438.95,442.1,39949250
2024-04-04 04:00:00+00:00,446.33,446.95,435.11,435.34,57267660
2024-04-05 04:00:00+00:00,436.78,443.17,435.96,440.47,54744634
2024-04-08 04:00:00+00:00,441.41,442.5,439.2,440.6,28144944
2024-04-09 04:00:00+00:00,442.96,443.24,437.44,442.23,39521568
2024-04-10 04:00:00+00:00,437.0,439.24,436.28,438.37,61502191
2024-04-11 04:00:00+00:00,440.26,446.33,437.96,445.37,45474550
2024-04-12 04:00:00+00:00,441.1,442.24,436.88,438.27,53614496
2024-04-15 04:00:00+00:00,442.06,442.15,430.21,431.06,63453622
2024-04-16 04:00:00+00:00,430.9,433.76,429.7,431.1,47618961
2024-04-17 04:00:00+00:00,433.1,433.12,424.9,425.84,56880536
2024-04-18 04:00:00+00:00,426.49,428.24,422.83,423.41,46549363
2024-04-19 04:00:00+00:00,422.22,422.75,413.07,414.65,75233790
2024-04-22 04:00:00+00:00,417.31,421.18,413.94,418.82,47807663
2024-04-23 04:00:00+00:00,420.77,426.28,418.8715,425.07,44389491
2024-04-24 04:00:00+00:00,428.2,429.73,424.2,426.51,48440305
2024-04-25 04:00:00+00:00,419.24,425.32,418.14,424.45,57392169
2024-04-26 04:00:00+00:00,427.62,432.55,426.92,431.0,41874907
2024-04-29 04:00:00+00:00,433.13,433.76,429.98,432.75,30022161
2024-04-30 04:00:00+00:00,431.15,432.56,424.51,424.59,43665934
2024-05-01 04:00:00+00:00,423.15,430.14,420.66,421.52,52252482
2024-05-02 04:00:00+00:00,425.3,427.81,420.63,426.9,36559007
2024-05-03 04:00:00+00:00,434.44,436.48,432.62,435.48,48515252
2024-05-06 04:00:00+00:00,437.3,440.34,436.52,440.25,30227200
2024-05-07 04:00:00+00:00,440.7,441.97,439.58,440.32,31688094
2024-05-08 04:00:00+00:00,437.67,441.48,437.55,440.06,24896723
2024-05-09 04:00:00+00:00,440.33,441.6,438.46,441.02,24580121
2024-05-10 04:00:00+00:00,442.54,444.31,440.499,442.06,27116566
2024-05-13 04:00:00+00:00,443.99,444.09,441.65,443.08,23000792
2024-05-14 04:00:00+00:00,442.65,446.465,442.46,445.93,34478321
2024-05-15 04:00:00+00:00,448.43,453.15,446.9,452.9,41464651
2024-05-16 04:00:00+00:00,452.71,454.69,451.81,451.98,34780412
2024-05-17 04:00:00+00:00,452.11,452.72,449.5399,451.76,35803719
2024-05-20 04:00:00+00:00,451.98,455.58,451.785,454.91,24478626
2024-05-21 04:00:00+00:00,453.04,455.99,452.84,455.8,23167720
2024-05-22 04:00:00+00:00,456.06,456.82,453.08,455.71,25120040
2024-05-23 04:00:00+00:00,460.55,460.58,451.8503,453.66,40899230
2024-05-24 04:00:00+00:00,455.29,459.23,453.5674,457.95,29670361
2024-05-28 04:00:00+00:00,459.18,459.74,456.69,459.68,26216815
2024-05-29 04:00:00+00:00,455.48,458.24,455.34,456.44,29739238
2024-05-30 04:00:00+00:00,455.5,455.64,450.21,451.55,30714121
2024-05-31 04:00:00+00:00,451.78,452.48,443.055,450.71,55941301
2024-06-03 04:00:00+00:00,454.57,455.58,447.9,453.13,32920317
2024-06-04 04:00:00+00:00,452.87,455.575,451.1311,454.37,23767436
2024-06-05 04:00:00+00:00,457.98,463.61,454.408,463.53,33817409
2024-06-06 04:00:00+00:00,464.22,464.54,462.19,463.37,21966820
2024-06-07 04:00:00+00:00,463.0,465.74,461.84,462.96,25829720
2024-06-10 04:00:00+00:00,461.82,465.19,461.53,464.83,20719771
2024-06-11 04:00:00+00:00,463.54,468.14,462.03,468.02,22053281
2024-06-12 04:00:00+00:00,471.99,476.5,471.29,474.15,34532585
2024-06-13 04:00:00+00:00,477.72,478.39,474.42,476.72,25860514
2024-06-14 04:00:00+00:00,476.52,479.26,476.05,479.19,23372620
2024-06-17 04:00:00+00:00,479.46,486.86,478.14,485.06,37054504
2024-06-18 04:00:00+00:00,485.01,485.9,483.43,485.21,24438565
2024-06-20 04:00:00+00:00,486.42,486.8387,479.62,481.47,33918683
2024-06-21 04:00:00+00:00,481.19,482.535,478.67,480.18,39432913
2024-06-24 04:00:00+00:00,478.18,479.93,473.82,473.96,37750969
2024-06-25 04:00:00+00:00,476.07,479.68,475.12,479.38,29250209
2024-06-26 04:00:00+00:00,478.55,480.92,478.13,480.37,22737105
2024-06-27 04:00:00+00:00,480.12,483.1,479.3,481.61,26222135
2024-06-28 04:00:00+00:00,482.41,487.2,478.46,479.11,34777332
2024-07-01 04:00:00+00:00,480.04,482.49,476.255,481.92,24898336
2024-07-02 04:00:00+00:00,480.41,487.04,480.28,486.98,26723559
2024-07-03 04:00:00+00:00,486.22,491.17,486.22,491.04,18064880
2024-07-05 04:00:00+00:00,491.89,496.6,491.59,496.16,28495936
2024-07-08 04:00:00+00:00,496.53,497.895,495.5,497.34,22109420
2024-07-09 04:00:00+00:00,498.87,500.0,496.24,497.77,25701253
2024-07-10 04:00:00+00:00,499.71,503.52,498.39,502.96,28046901
2024-07-11 04:00:00+00:00,503.07,503.28,490.725,491.93,49966590
2024-07-12 04:00:00+00:00,492.51,499.62,492.04,494.82,37109399
2024-07-15 04:00:00+00:00,496.61,501.01,494.09,496.15,31151386
2024-07-16 04:00:00+00:00,497.62,498.44,493.15,496.34,25950622
2024-07-17 04:00:00+00:00,488.28,488.7984,481.7,481.77,56268768
2024-07-18 04:00:00+00:00,485.53,485.71,476.27,479.49,49347361
2024-07-19 04:00:00+00:00,479.15,481.69,473.94,475.24,42042856
2024-07-22 04:00:00+00:00,481.16,483.35,477.7068,482.32,40299999
2024-07-23 04:00:00+00:00,481.41,484.43,480.14,480.62,23282454
2024-07-24 04:00:00+00:00,473.82,474.19,462.51,463.38,58818629
2024-07-25 04:00:00+00:00,463.72,467.94,455.63,458.27,59256759
2024-07-26 04:00:00+00:00,462.65,465.93,459.77,462.97,39992132
2024-07-29 04:00:00+00:00,465.71,467.91,461.615,463.9,28218476
2024-07-30 04:00:00+00:00,465.85,466.561,454.15,457.53,41317210
2024-07-31 04:00:00+00:00,467.87,472.79,466.41,471.07,44552134
2024-08-01 04:00:00+00:00,471.76,475.55,455.98,459.66,56653900
2024-08-02 04:00:00+00:00,450.89,453.57,444.47,448.75,66323244
2024-08-05 04:00:00+00:00,424.71,442.29,423.45,435.37,87483452
2024-08-06 04:00:00+00:00,437.23,447.07,434.56,439.53,63164429
2024-08-07 04:00:00+00:00,446.49,449.0,434.37,434.77,54929163
2024-08-08 04:00:00+00:00,441.06,448.99,437.15,448.07,47890071
2024-08-09 04:00:00+00:00,446.74,452.06,445.61,450.41,33573976
2024-08-12 04:00:00+00:00,451.39,454.37,448.5546,451.38,27795006
2024-08-13 04:00:00+00:00,455.82,462.85,455.68,462.58,40084457
2024-08-14 04:00:00+00:00,463.51,465.1093,458.4,462.73,34733746
2024-08-15 04:00:00+00:00,468.76,474.82,468.38,474.42,38280565
2024-08-16 04:00:00+00:00,472.62,476.41,471.65,475.03,38383623
2024-08-19 04:00:00+00:00,475.17,481.31,473.37,481.27,23737674
2024-08-20 04:00:00+00:00,480.35,482.94,478.55,480.26,29209340
2024-08-21 04:00:00+00:00,481.05,484.37,479.32,482.5,25658787
2024-08-22 04:00:00+00:00,484.84,485.54,473.81,474.85,37739576
2024-08-23 04:00:00+00:00,479.24,482.74,475.28,480.0,36061508
2024-08-26 04:00:00+00:00,479.45,480.38,473.24,475.34,27452641
2024-08-27 04:00:00+00:00,473.69,477.84,471.71,476.76,27510003
2024-08-28 04:00:00+00:00,476.29,477.02,467.89,471.35,37372436
2024-08-29 04:00:00+00:00,473.28,477.93,469.372,470.66,41081465
2024-08-30 04:00:00+00:00,475.04,476.9,470.51,476.27,33466473
2024-09-03 04:00:00+00:00,473.2,473.33,459.4101,461.81,44985219
2024-09-04 04:00:00+00:00,458.67,464.45,457.73,460.61,32505102
2024-09-05 04:00:00+00:00,458.97,465.36,457.939,461.04,34452385
2024-09-06 04:00:00+00:00,460.33,461.22,448.19,448.69,50624385
2024-09-09 04:00:00+00:00,453.06,455.46,449.8234,454.46,32981169
2024-09-10 04:00:00+00:00,456.24,459.17,452.23,458.66,29680319
2024-09-11 04:00:00+00:00,459.91,469.37,451.28,468.62,57842992
2024-09-12 04:00:00+00:00,468.65,474.04,466.8491,473.22,40175456
2024-09-13 04:00:00+00:00,472.48,476.53,472.25,475.34,29111849
2024-09-16 04:00:00+00:00,473.19,473.8599,469.89,473.24,22585596
2024-09-17 04:00:00+00:00,476.29,477.6,470.97,473.49,30084438
2024-09-18 04:00:00+00:00,474.7,478.83,470.83,471.44,39909215
2024-09-19 04:00:00+00:00,482.61,486.23,480.49,483.36,52782523
2024-09-20 04:00:00+00:00,482.49,483.69,478.3,482.44,34577663
2024-09-23 04:00:00+00:00,482.95,484.14,481.6,483.04,24842972
2024-09-24 04:00:00+00:00,484.46,486.33,480.17,485.37,25952637
2024-09-25 04:00:00+00:00,484.74,487.79,484.56,485.82,26549866
2024-09-26 04:00:00+00:00,493.37,493.7,485.8,489.47,32020206
2024-09-27 04:00:00+00:00,490.5,490.64,485.56,486.75,22851120
2024-09-30 04:00:00+00:00,485.78,488.41,482.92,488.07,30330605
2024-10-01 04:00:00+00:00,487.7,488.0,477.4,481.27,42735424
2024-10-02 04:00:00+00:00,480.36,483.88,477.72,481.95,23744049
2024-10-03 04:00:00+00:00,479.74,484.545,478.99,481.59,25337220
2024-10-04 04:00:00+00:00,487.45,487.88,482.385,487.32,30744909
2024-10-07 04:00:00+00:00,485.39,486.57,480.87,482.1,24975119
2024-10-08 04:00:00+00:00,484.66,489.99,483.845,489.3,28272017
2024-10-09 04:00:00+00:00,489.0,493.73,487.95,493.15,24994950
2024-10-10 04:00:00+00:00,490.85,494.47,489.53,492.59,25750446
2024-10-11 04:00:00+00:00,490.74,494.39,490.17,493.36,20644497
2024-10-14 04:00:00+00:00,495.77,498.83,495.26,497.5,26060145
2024-10-15 04:00:00+00:00,497.83,498.5,488.68,490.85,34784506
2024-10-16 04:00:00+00:00,491.18,491.69,487.57,490.91,22996776
2024-10-17 04:00:00+00:00,496.44,496.49,491.1901,491.25,27210658
2024-10-18 04:00:00+00:00,494.06,495.57,493.3,494.47,25335030
2024-10-21 04:00:00+00:00,493.25,496.23,491.31,495.42,30336549
2024-10-22 04:00:00+00:00,492.73,497.445,491.97,495.96,26685841
2024-10-23 04:00:00+00:00,493.59,494.25,485.05,488.36,39346565
2024-10-24 04:00:00+00:00,492.11,493.0,489.44,492.32,22024930
2024-10-25 04:00:00+00:00,495.14,500.28,494.43,495.32,38762143
2024-10-28 04:00:00+00:00,498.46,498.52,495.1,495.4,20477778
2024-10-29 04:00:00+00:00,495.72,501.35,493.85,500.16,28014059
2024-10-30 04:00:00+00:00,499.39,500.35,495.89,496.38,29755960
2024-10-31 04:00:00+00:00,492.38,492.43,483.75,483.85,41245248
2024-11-01 04:00:00+00:00,485.5,490.7507,485.2,487.43,33655757
2024-11-04 05:00:00+00:00,486.82,489.38,484.2545,486.01,23291580
2024-11-05 05:00:00+00:00,487.61,492.88,487.52,492.21,24353615
2024-11-06 05:00:00+00:00,500.56,506.41,499.6,505.58,43082198
2024-11-07 05:00:00+00:00,508.4,514.33,508.34,513.54,32853120
2024-11-08 05:00:00+00:00,513.035,514.9175,512.41,514.14,22924483
2024-11-11 05:00:00+00:00,515.37,515.58,510.92,513.84,24167479
2024-11-12 05:00:00+00:00,513.77,514.66,509.83,512.91,25835288
2024-11-13 05:00:00+00:00,512.4,514.98,509.95,512.25,24567416
2024-11-14 05:00:00+00:00,511.91,512.79,507.77,508.69,28679519
2024-11-15 05:00:00+00:00,502.94,503.33,494.49,496.57,51461054
2024-11-18 05:00:00+00:00,498.13,502.14,496.73,500.02,27226937
2024-11-19 05:00:00+00:00,497.42,503.9536,497.08,503.46,24531520
2024-11-20 05:00:00+00:00,503.16,503.48,496.555,503.17,29389630
2024-11-21 05:00:00+00:00,506.24,506.96,497.56,504.98,34526738
2024-11-22 05:00:00+00:00,504.42,506.53,502.78,505.79,23826644
2024-11-25 05:00:00+00:00,509.9,511.4525,504.2625,506.59,26375166
2024-11-26 05:00:00+00:00,508.08,510.14,507.23,509.31,26557061
2024-11-27 05:00:00+00:00,508.17,508.24,501.93,505.3,24957441
2024-11-29 05:00:00+00:00,505.93,510.34,505.31,509.74,15333968
2024-12-02 05:00:00+00:00,511.01,516.26,510.62,515.29,25147165
2024-12-03 05:00:00+00:00,513.95,517.15,513.37,516.87,18597900
2024-12-04 05:00:00+00:00,520.32,523.52,519.6,523.26,26086222
2024-12-05 05:00:00+00:00,523.31,524.0399,521.42,521.81,18169632
2024-12-06 05:00:00+00:00,522.48,526.72,522.35,526.48,23762611
2024-12-09 05:00:00+00:00,525.55,526.35,521.22,522.38,20674405
2024-12-10 05:00:00+00:00,523.62,525.38,519.16,520.6,24350040
2024-12-11 05:00:00+00:00,525.0,530.61,524.59,529.92,32168579
2024-12-12 05:00:00+00:00,527.68,528.96,526.02,526.5,23577504
2024-12-13 05:00:00+00:00,530.46,533.1661,527.3001,530.53,28780405
2024-12-16 05:00:00+00:00,533.08,539.15,533.0,538.17,31979863
2024-12-17 05:00:00+00:00,536.36,537.48,534.13,535.8,28579070
2024-12-18 05:00:00+00:00,535.15,536.8799,515.01,516.47,54703155
2024-12-19 05:00:00+00:00,521.19,521.7599,513.83,514.17,46441754
2024-12-20 05:00:00+00:00,510.44,524.82,509.29,518.66,60529961
2024-12-23 05:00:00+00:00,519.55,523.25,516.13,522.87,29672800
2024-12-24 05:00:00+00:00,524.83,530.05,524.19,529.96,17558215
2024-12-26 05:00:00+00:00,528.32,531.24,526.31,529.6,19141494
2024-12-27 05:00:00+00:00,526.01,526.45,517.86,522.56,33839555
2024-12-30 05:00:00+00:00,515.51,519.36,511.83,515.61,34584028
2024-12-31 05:00:00+00:00,516.9,517.66,510.26,511.23,29117028
2025-01-02 05:00:00+00:00,514.3,516.64,505.71,510.23,36389783
2025-01-03 05:00:00+00:00,513.35,519.6454,512.53,518.58,29059520
2025-01-06 05:00:00+00:00,524.02,527.92,522.03,524.54,36109734
2025-01-07 05:00:00+00:00,525.59,525.99,513.28,515.18,36690272
2025-01-08 05:00:00+00:00,515.08,516.9199,510.57,515.27,30777777
2025-01-10 05:00:00+00:00,511.48,511.58,503.92,507.19,40532495
2025-01-13 05:00:00+00:00,501.2,506.02,499.7,505.56,31694210
2025-01-14 05:00:00+00:00,508.74,510.155,501.59,505.08,33737237
2025-01-15 05:00:00+00:00,513.03,517.85,511.46,516.7,34957554
2025-01-16 05:00:00+00:00,518.98,519.0599,512.95,513.08,28231787
2025-01-17 05:00:00+00:00,522.85,524.0733,513.1086,521.74,51837941
2025-01-21 05:00:00+00:00,524.48,525.97,520.06,524.8,23627971
2025-01-22 05:00:00+00:00,529.57,533.82,529.26,531.51,33592988
2025-01-23 05:00:00+00:00,529.04,532.76,528.45,532.64,23096588
2025-01-24 05:00:00+00:00,533.02,533.79,528.15,529.63,19878251
2025-01-27 05:00:00+00:00,511.0,517.99,510.15,514.21,60771695
2025-01-28 05:00:00+00:00,515.22,523.0,511.78,521.81,33194214
2025-01-29 05:00:00+00:00,522.46,522.59,516.8988,520.83,26649011
2025-01-30 05:00:00+00:00,523.71,526.095,518.21,523.05,27431302
2025-01-31 05:00:00+00:00,526.92,531.5178,521.19,522.29,38845467
2025-02-03 05:00:00+00:00,513.47,520.8496,511.05,518.11,40455918
2025-02-04 05:00:00+00:00,518.63,525.11,518.23,524.47,25828954
2025-02-05 05:00:00+00:00,521.82,527.01,520.62,526.85,21134070
2025-02-06 05:00:00+00:00,527.36,529.81,525.7413,529.6,19434454
2025-02-07 05:00:00+00:00,530.14,532.1,522.19,522.92,29346102
2025-02-10 05:00:00+00:00,527.22,530.3571,526.75,529.25,20841774
2025-02-11 05:00:00+00:00,525.96,529.92,525.83,527.99,19325500
2025-02-12 05:00:00+00:00,522.3,529.19,521.95,528.3,25009362
2025-02-13 05:00:00+00:00,529.98,536.22,529.19,535.9,28714799
2025-02-14 05:00:00+00:00,536.005,538.84,535.67,538.15,17862572
2025-02-18 05:00:00+00:00,539.73,540.0,536.04,539.37,20565028
2025-02-19 05:00:00+00:00,538.57,540.81,536.46,539.52,19614695
2025-02-20 05:00:00+00:00,538.73,539.1,532.46,537.23,26550753
2025-02-21 05:00:00+00:00,538.38,538.4,525.71,526.08,47093750
2025-02-24 05:00:00+00:00,527.88,529.069,519.53,519.87,39268392
2025-02-25 05:00:00+00:00,519.24,519.32,509.44,513.32,48940025
2025-02-26 05:00:00+00:00,515.53,519.66,511.37,514.56,34457618
2025-02-27 05:00:00+00:00,518.13,519.0699,500.05,500.27,52447966
2025-02-28 05:00:00+00:00,500.13,508.78,496.93,508.17,47654043
2025-03-03 05:00:00+00:00,511.52,513.04,493.58,497.05,44587204
2025-03-04 05:00:00+00:00,494.18,503.74,487.735,495.55,67875402
2025-03-05 05:00:00+00:00,496.2,503.63,491.26,502.01,46323725
2025-03-06 05:00:00+00:00,493.69,498.58,486.2,488.2,57574332
2025-03-07 05:00:00+00:00,487.16,493.28,480.53,491.79,54714726
2025-03-10 04:00:00+00:00,483.45,483.97,468.66,472.73,76668029
2025-03-11 04:00:00+00:00,472.35,478.805,467.01,471.6,68760771
2025-03-12 04:00:00+00:00,479.16,481.06,471.79,476.92,46971082
2025-03-13 04:00:00+00:00,476.25,476.2801,466.43,468.34,46563349
2025-03-14 04:00:00+00:00,473.73,480.56,473.12,479.66,43563010
2025-03-17 04:00:00+00:00,479.61,485.84,477.8,482.77,41744354
2025-03-18 04:00:00+00:00,479.41,479.61,472.41,474.54,39072265
2025-03-19 04:00:00+00:00,476.81,485.33,474.87,480.89,40430334
2025-03-20 04:00:00+00:00,476.88,484.55,476.18,479.26,36780549
2025-03-21 04:00:00+00:00,474.08,481.61,472.905,480.84,42234874
2025-03-24 04:00:00+00:00,487.74,491.51,484.4,490.66,34567186
2025-03-25 04:00:00+00:00,491.39,493.62,490.42,493.46,26035241
2025-03-26 04:00:00+00:00,492.3,493.16,482.82,484.38,35043357
2025-03-27 04:00:00+00:00,482.41,486.5799,480.25,481.62,33469817
2025-03-28 04:00:00+00:00,479.81,480.52,468.05,468.94,46363797
2025-03-31 04:00:00+00:00,461.92,469.86,457.33,468.92,52999898
2025-04-01 04:00:00+00:00,467.3,473.63,464.42,472.7,41156226
2025-04-02 04:00:00+00:00,466.12,479.56,465.86,476.15,49894489
2025-04-03 04:00:00+00:00,456.44,460.07,450.14,450.66,70455738
2025-04-04 04:00:00+00:00,438.14,440.37,422.67,422.67,117117172
2025-04-07 04:00:00+00:00,408.66,443.14,402.39,423.69,161556970
2025-04-08 04:00:00+00:00,438.16,443.1384,409.79,416.06,101233138
2025-04-09 04:00:00+00:00,415.57,467.83,415.43,466.0,142857727
2025-04-10 04:00:00+00:00,453.56,455.59,432.63,446.18,108384092
2025-04-11 04:00:00+00:00,444.65,455.79,441.33,454.4,52483779
2025-04-14 04:00:00+00:00,464.46,465.05,452.63,457.48,43941179
2025-04-15 04:00:00+00:00,458.54,462.38,456.15,457.99,35404210
2025-04-16 04:00:00+00:00,449.03,452.62,437.76,444.18,48980552
2025-04-17 04:00:00+00:00,447.17,447.75,441.36,444.1,44836453
2025-04-21 04:00:00+00:00,438.23,439.08,427.93,433.11,44149313
2025-04-22 04:00:00+00:00,438.82,447.58,437.62,444.48,52303763
2025-04-23 04:00:00+00:00,458.17,463.38,452.88,454.56,55801136
2025-04-24 04:00:00+00:00,456.48,467.66,455.83,467.35,45956136
2025-04-25 04:00:00+00:00,466.97,473.09,465.39,472.56,38697063
2025-04-28 04:00:00+00:00,473.03,474.808,466.03,472.41,33550778
2025-04-29 04:00:00+00:00,470.17,476.4243,469.59,475.53,30613120
2025-04-30 04:00:00+00:00,467.13,477.2,462.43,475.47,46810610
2025-05-01 04:00:00+00:00,483.41,487.18,480.74,481.68,43316539
2025-05-02 04:00:00+00:00,486.54,490.91,484.83,488.83,39218082
2025-05-05 04:00:00+00:00,484.6,489.03,484.1,485.93,28309490
2025-05-06 04:00:00+00:00,479.56,485.05,478.19,481.41,32786310
2025-05-07 04:00:00+00:00,482.08,485.8,476.782,483.3,38109864
2025-05-08 04:00:00+00:00,488.53,492.7,484.17,488.29,39577592
2025-05-09 04:00:00+00:00,490.21,491.54,486.195,487.97,27767416
2025-05-12 04:00:00+00:00,506.99,507.89,501.48,507.85,45090616
2025-05-13 04:00:00+00:00,509.16,517.39,508.42,515.59,53269573
2025-05-14 04:00:00+00:00,516.77,519.2279,515.75,518.68,47014516
2025-05-15 04:00:00+00:00,516.52,521.93,515.17,519.25,50153275
2025-05-16 04:00:00+00:00,520.66,521.7,517.1,521.51,48394603
2025-05-19 04:00:00+00:00,514.24,522.53,514.24,522.01,52536154
2025-05-20 04:00:00+00:00,519.47,520.93,516.66,520.27,42517561
2025-05-21 04:00:00+00:00,516.27,523.0,511.24,513.04,71292831
2025-05-22 04:00:00+00:00,513.66,517.71,512.3,514.0,55607169
2025-05-23 04:00:00+00:00,506.18,511.84,505.58,509.24,58368075
2025-05-27 04:00:00+00:00,516.15,521.71,514.59,521.22,47226323
2025-05-28 04:00:00+00:00,522.18,523.68,518.39,518.91,46637175
2025-05-29 04:00:00+00:00,526.33,526.48,517.32,519.93,58724069
2025-05-30 04:00:00+00:00,519.44,520.68,511.93,519.11,67662836
2025-06-02 04:00:00+00:00,517.24,523.45,515.97,523.21,44762817
2025-06-03 04:00:00+00:00,523.56,528.74,522.69,527.3,44070330
2025-06-04 04:00:00+00:00,528.01,529.84,525.9694,528.77,41359322
2025-06-05 04:00:00+00:00,530.18,533.05,522.66,524.79,61286623
2025-06-06 04:00:00+00:00,530.0,531.8,528.21,529.92,42467021
2025-06-09 04:00:00+00:00,530.14,532.35,529.01,530.7,33688671
2025-06-10 04:00:00+00:00,531.17,534.9,528.89,534.21,40664795
2025-06-11 04:00:00+00:00,535.62,536.78,530.11,532.41,53701033
2025-06-12 04:00:00+00:00,531.09,534.6438,530.84,533.66,34104887
2025-06-13 04:00:00+00:00,527.68,531.87,525.73,526.96,55814443
2025-06-16 04:00:00+00:00,530.5,535.37,530.45,534.29,37622051
2025-06-17 04:00:00+00:00,531.71,533.325,527.91,529.08,42180866
2025-06-18 04:00:00+00:00,530.1,532.55,527.4,528.99,43983522
2025-06-20 04:00:00+00:00,532.26,533.56,524.88,526.83,61643519
2025-06-23 04:00:00+00:00,526.81,532.17,523.65,531.65,50666146
2025-06-24 04:00:00+00:00,536.89,540.7,536.27,539.78,45441982
2025-06-25 04:00:00+00:00,542.06,543.31,539.38,541.16,44804168
2025-06-26 04:00:00+00:00,543.35,546.67,541.52,546.22,43811432
2025-06-27 04:00:00+00:00,547.26,549.99,544.545,548.09,57577147
2025-06-30 04:00:00+00:00,551.26,552.8,549.01,551.64,45548742
2025-07-01 04:00:00+00:00,549.73,550.71,544.66,546.99,56166736
2025-07-02 04:00:00+00:00,546.16,551.0,546.12,550.8,36538281
2025-07-03 04:00:00+00:00,553.18,557.2,553.18,556.22,26443524
2025-07-07 04:00:00+00:00,553.52,554.34,549.58,552.03,45349323
2025-07-08 04:00:00+00:00,553.38,554.01,551.1,552.34,36153258
2025-07-09 04:00:00+00:00,554.48,557.63,553.1,556.25,43045534
2025-07-10 04:00:00+00:00,556.89,557.3,552.75,555.45,34710913
2025-07-11 04:00:00+00:00,553.3,555.79,552.05,554.2,39618635
2025-07-14 04:00:00+00:00,553.99,556.945,551.63,556.21,36453314
2025-07-15 04:00:00+00:00,560.25,560.8,556.66,556.72,43277661
2025-07-16 04:00:00+00:00,557.28,560.21,551.56,557.29,52303155
2025-07-17 04:00:00+00:00,558.02,562.31,557.21,561.8,40423344
2025-07-18 04:00:00+00:00,563.12,564.7262,559.98,561.26,50480824
2025-07-21 04:00:00+00:00,562.09,566.06,562.06,564.17,39595214
2025-07-22 04:00:00+00:00,564.3,564.35,558.61,561.25,43288647
2025-07-23 04:00:00+00:00,562.34,563.85,559.58,563.81,40215259
2025-07-24 04:00:00+00:00,565.13,566.24,563.295,565.01,42275541
2025-07-25 04:00:00+00:00,564.93,567.695,564.27,566.37,30630614
2025-07-28 04:00:00+00:00,567.74,569.04,566.87,568.14,31498739
2025-07-29 04:00:00+00:00,570.76,572.11,566.53,567.26,45463317
2025-07-30 04:00:00+00:00,568.18,570.62,565.05,568.02,43426423
2025-07-31 04:00:00+00:00,574.54,574.63,563.87,565.01,64613590
2025-08-01 04:00:00+00:00,558.83,559.02,551.68,553.88,69400789
2025-08-04 04:00:00+00:00,559.05,564.315,558.95,564.1,47669751
2025-08-05 04:00:00+00:00,565.39,566.5607,559.73,560.27,48666640
2025-08-06 04:00:00+00:00,561.11,567.76,560.63,567.32,41823677
2025-08-07 04:00:00+00:00,571.67,573.32,565.11,569.24,44462972
2025-08-08 04:00:00+00:00,570.45,574.77,570.15,574.55,35255472
2025-08-11 04:00:00+00:00,574.69,576.8,571.57,572.85,33112917
2025-08-12 04:00:00+00:00,575.16,580.35,572.485,580.05,42271441
2025-08-13 04:00:00+00:00,582.76,583.3199,578.94,580.34,41209294
2025-08-14 04:00:00+00:00,578.28,581.88,577.91,579.89,45425043
2025-08-15 04:00:00+00:00,579.8,579.84,575.5743,577.34,49480161
2025-08-18 04:00:00+00:00,576.44,577.765,575.2412,577.11,29830957
2025-08-19 04:00:00+00:00,576.39,576.56,568.25,569.28,53752635
2025-08-20 04:00:00+00:00,568.33,568.45,558.84,565.9,76781087
2025-08-21 04:00:00+00:00,564.35,566.49,560.98,563.28,46436899
2025-08-22 04:00:00+00:00,564.67,573.99,563.27,571.97,51502129
2025-08-25 04:00:00+00:00,570.4,573.2871,569.16,570.32,34044749
2025-08-26 04:00:00+00:00,569.83,572.92,568.8,572.61,34103014
2025-08-27 04:00:00+00:00,571.59,574.405,570.37,573.49,36927144
2025-08-28 04:00:00+00:00,574.11,578.0,572.46,577.08,46787857
2025-08-29 04:00:00+00:00,574.655,575.03,568.54,570.4,56009920
2025-09-02 04:00:00+00:00,561.31,565.965,559.535,565.62,65876765
2025-09-03 04:00:00+00:00,569.23,571.695,566.725,570.07,54230213
2025-09-04 04:00:00+00:00,570.74,575.6,569.025,575.23,47526280
2025-09-05 04:00:00+00:00,580.49,581.12,571.53,576.06,68321394
2025-09-08 04:00:00+00:00,578.37,580.84,577.77,578.87,46370954
2025-09-09 04:00:00+00:00,579.67,580.94,577.04,580.51,44007592
2025-09-10 04:00:00+00:00,583.74,583.77,578.55,580.7,49307959
2025-09-11 04:00:00+00:00,583.24,584.88,581.62,584.08,44709014
2025-09-12 04:00:00+00:00,585.04,587.86,584.1,586.66,50745886
2025-09-15 04:00:00+00:00,588.44,591.79,588.295,591.68,44360315
2025-09-16 04:00:00+00:00,592.61,592.86,590.49,591.18,36942130
2025-09-17 04:00:00+00:00,591.1,591.75,584.365,590.0,69384820
2025-09-18 04:00:00+00:00,594.91,598.14,592.96,595.32,61069293
2025-09-19 04:00:00+00:00,597.33,600.05,595.85,599.35,58196109
2025-09-22 04:00:00+00:00,597.74,602.87,597.72,602.2,57154769
2025-09-23 04:00:00+00:00,602.37,602.57,596.98,598.2,64635486
2025-09-24 04:00:00+00:00,599.58,599.9,593.36,596.1,49850301
2025-09-25 04:00:00+00:00,592.2,595.115,588.5,593.53,70920209
2025-09-26 04:00:00+00:00,594.35,596.3,591.06,595.97,54337416
2025-09-29 04:00:00+00:00,599.11,602.05,597.41,598.73,48332934
2025-09-30 04:00:00+00:00,598.43,600.71,596.1,600.37,46533814
2025-10-01 04:00:00+00:00,597.17,603.79,596.34,603.25,46899612
2025-10-02 04:00:00+00:00,607.06,607.16,602.93,605.73,43765410
2025-10-03 04:00:00+00:00,606.51,607.3255,601.385,603.18,46482098
2025-10-06 04:00:00+00:00,608.45,609.36,605.97,607.71,42172115
2025-10-07 04:00:00+00:00,609.02,609.71,603.03,604.51,58209463
2025-10-08 04:00:00+00:00,605.41,611.75,605.26,611.44,50629754
2025-10-09 04:00:00+00:00,611.48,611.61,607.48,610.7,45550958
2025-10-10 04:00:00+00:00,611.4,613.18,589.05,589.5,97614783
2025-10-13 04:00:00+00:00,599.68,602.95,597.23,602.01,65872584
2025-10-14 04:00:00+00:00,595.31,602.69,590.13,598.0,69203187
2025-10-15 04:00:00+00:00,604.01,606.7,595.93,602.22,62805456
2025-10-16 04:00:00+00:00,605.11,608.31,595.5,599.99,70981963
2025-10-17 04:00:00+00:00,597.95,605.51,596.37,603.93,72203372
2025-10-20 04:00:00+00:00,607.14,612.8,607.065,611.54,45761697
2025-10-21 04:00:00+00:00,611.64,612.7213,609.32,611.38,44535178
2025-10-22 04:00:00+00:00,610.82,611.41,599.74,605.49,61478802
2025-10-23 04:00:00+00:00,604.91,611.37,604.52,610.58,42844298
2025-10-24 04:00:00+00:00,615.99,618.42,615.13,617.1,47632473
2025-10-27 04:00:00+00:00,624.52,628.55,624.03,628.09,54098611
2025-10-28 04:00:00+00:00,630.36,634.68,629.25,632.92,61195733
2025-10-29 04:00:00+00:00,635.59,637.01,630.25,635.77,67422576
2025-10-30 04:00:00+00:00,632.17,633.5,625.94,626.05,61628511
2025-10-31 04:00:00+00:00,634.17,634.2,626.69,629.07,66305047
2025-11-03 05:00:00+00:00,635.11,635.82,629.85,632.08,37154307
2025-11-04 05:00:00+00:00,623.28,626.95,618.455,619.25,63830768
2025-11-05 05:00:00+00:00,618.49,626.6,617.21,623.28,48688484
2025-11-06 05:00:00+00:00,621.79,622.04,610.3,611.67,72115128
2025-11-07 05:00:00+00:00,608.31,609.95,598.67,609.74,81835388
2025-11-10 05:00:00+00:00,618.92,624.31,616.89,623.23,55919931
2025-11-11 05:00:00+00:00,620.57,622.72,617.52,621.57,44868841
2025-11-12 05:00:00+00:00,624.84,624.86,617.81,621.08,47444384
2025-11-13 05:00:00+00:00,617.54,618.12,606.08,608.4,71333634
2025-11-14 05:00:00+00:00,599.55,613.35,597.17,608.86,80087291
2025-11-17 05:00:00+00:00,606.3,612.48,599.87,603.66,63850367
2025-11-18 05:00:00+00:00,599.62,602.31,591.34,596.31,83327279
2025-11-19 05:00:00+00:00,597.07,606.16,594.59,599.87,73111487
2025-11-20 05:00:00+00:00,611.62,614.03,584.75,585.67,117766195
2025-11-21 05:00:00+00:00,587.47,596.98,580.74,590.07,103344155
2025-11-24 05:00:00+00:00,595.28,606.68,595.16,605.16,60168149
2025-11-25 05:00:00+00:00,603.51,610.2601,597.32,608.89,57560867
2025-11-26 05:00:00+00:00,612.51,616.19,610.39,614.27,42393598
2025-11-28 05:00:00+00:00,616.11,619.32,615.4174,619.25,23034394
2025-12-01 05:00:00+00:00,613.63,619.4401,612.52,617.17,40957588
2025-12-02 05:00:00+00:00,619.46,623.75,617.59,622.0,54541834
2025-12-03 05:00:00+00:00,619.62,624.22,618.03,623.52,47841627
2025-12-04 05:00:00+00:00,624.93,624.94,619.54,622.94,47067751
2025-12-05 05:00:00+00:00,624.38,628.92,623.71,625.48,53614169
2025-12-08 05:00:00+00:00,627.21,628.84,621.69,624.28,43462406
2025-12-09 05:00:00+00:00,623.01,625.87,621.0,625.05,37155999
2025-12-10 05:00:00+00:00,623.85,629.21,620.99,627.61,55031384
2025-12-11 05:00:00+00:00,623.82,625.78,617.72,625.58,58272844
2025-12-12 05:00:00+00:00,622.08,623.54,611.36,613.62,75158726
2025-12-15 05:00:00+00:00,618.37,618.42,609.32,610.54,49538197
2025-12-16 05:00:00+00:00,608.26,613.51,606.9101,611.75,55152819
2025-12-17 05:00:00+00:00,613.06,613.65,600.28,600.41,70654327
2025-12-18 05:00:00+00:00,609.8,612.93,606.92,609.11,78875824
2025-12-19 05:00:00+00:00,611.95,617.62,611.87,617.05,60369829
2025-12-22 05:00:00+00:00,621.35,621.65,617.77,619.21,43703101
2025-12-23 05:00:00+00:00,618.2,622.41,617.78,622.11,41120445
2025-12-24 05:00:00+00:00,621.99,624.28,621.72,623.93,18468707
2025-12-26 05:00:00+00:00,624.66,625.515,623.14,623.89,28959778
2025-12-29 05:00:00+00:00,620.1,622.78,618.73,620.87,32458308
2025-12-30 05:00:00+00:00,619.84,622.18,619.215,619.43,31226754
2025-12-31 05:00:00+00:00,619.65,619.96,614.05,614.31,40746527
2026-01-02 05:00:00+00:00,620.06,622.85,610.15,613.12,61859163
2026-01-05 05:00:00+00:00,619.32,620.81,616.72,617.99,46680984
2026-01-06 05:00:00+00:00,619.23,624.0213,618.54,623.42,43137520
2026-01-07 05:00:00+00:00,623.04,627.94,622.56,624.02,44880339
2026-01-08 05:00:00+00:00,623.03,623.42,617.8,620.47,50435941
2026-01-09 05:00:00+00:00,621.41,627.89,619.06,626.65,49688734
2026-01-12 05:00:00+00:00,622.31,628.845,622.26,627.17,37388651
2026-01-13 05:00:00+00:00,627.27,629.47,623.695,626.24,44481380
2026-01-14 05:00:00+00:00,622.24,623.45,614.56,619.55,72598700
2026-01-15 05:00:00+00:00,626.6,630.0,620.75,621.78,53934892
2026-01-16 05:00:00+00:00,625.5,626.08,618.88,621.26,61058094
2026-01-20 05:00:00+00:00,610.53,615.055,607.05,608.06,81988898
2026-01-21 05:00:00+00:00,609.47,620.42,607.8635,616.28,79837881
2026-01-22 05:00:00+00:00,622.35,622.46,617.78,620.76,42254757
2026-01-23 05:00:00+00:00,619.73,625.3999,618.65,622.72,43645825
2026-01-26 05:00:00+00:00,623.21,627.61,622.12,625.46,35983008
2026-01-27 05:00:00+00:00,628.91,632.0427,627.34,631.13,38997212
2026-01-28 05:00:00+00:00,635.46,636.6,631.81,633.22,50691691
2026-01-29 05:00:00+00:00,632.65,633.67,618.27,629.43,79944047
2026-01-30 05:00:00+00:00,625.71,628.256,619.2975,621.87,65650714
2026-02-02 05:00:00+00:00,618.7,628.49,618.66,626.14,49020292
2026-02-03 05:00:00+00:00,628.3,629.98,610.96,616.52,81233969
2026-02-04 05:00:00+00:00,615.02,615.1,600.47,605.75,81850748
2026-02-05 05:00:00+00:00,600.21,604.81,594.76,597.03,89354492
2026-02-06 05:00:00+00:00,600.19,611.41,598.77,609.65,78019338
2026-02-09 05:00:00+00:00,607.54,616.46,605.07,614.32,56797557
2026-02-10 05:00:00+00:00,615.305,617.02,611.01,611.47,53938859
2026-02-11 05:00:00+00:00,616.38,617.52,607.69,613.11,58575101
2026-02-12 05:00:00+00:00,614.71,615.81,599.5699,600.64,81378903
2026-02-13 05:00:00+00:00,600.43,606.48,596.42,601.92,69237547
2026-02-17 05:00:00+00:00,598.375,603.95,593.34,601.3,69013763
2026-02-18 05:00:00+00:00,602.11,609.771,600.72,605.79,64250668
2026-02-19 05:00:00+00:00,602.81,605.815,600.75,603.47,60960839
2026-02-20 05:00:00+00:00,600.12,610.35,599.23,608.81,74127323
2026-02-23 05:00:00+00:00,606.605,608.01,599.05,601.41,64081578
2026-02-24 05:00:00+00:00,602.4,608.99,599.73,607.87,55208211
2026-02-25 05:00:00+00:00,611.07,616.83,611.0,616.68,55901647
2026-02-26 05:00:00+00:00,615.59,615.59,603.98,609.24,96373229
2026-02-27 05:00:00+00:00,602.98,608.32,602.19,607.29,68321763
2026-03-02 05:00:00+00:00,598.86,609.92,597.99,608.09,75491851
2026-03-03 05:00:00+00:00,596.33,603.96,591.87,601.58,97161036
2026-03-04 05:00:00+00:00,604.16,612.88,603.43,610.75,71132195
2026-03-05 05:00:00+00:00,607.4,612.76,602.26,608.91,89805388
2026-03-06 05:00:00+00:00,600.31,606.0,598.33,599.75,86499838
2026-03-09 04:00:00+00:00,594.225,609.27,591.33,607.76,93301445
2026-03-10 04:00:00+00:00,607.78,613.29,605.42,607.77,64287780
2026-03-11 04:00:00+00:00,608.95,612.43,605.03,607.69,60311178
2026-03-12 04:00:00+00:00,602.76,604.14,597.05,597.26,72035364
2026-03-13 04:00:00+00:00,599.73,603.5999,592.57,593.72,63353549
2026-03-16 04:00:00+00:00,600.04,603.86,599.11,600.38,49292890
2026-03-17 04:00:00+00:00,603.14,605.9,601.87,603.31,47290016
2026-03-18 04:00:00+00:00,601.49,603.16,594.56,594.9,56322801
2026-03-19 04:00:00+00:00,589.51,595.8,587.08,593.02,75801535
2026-03-20 04:00:00+00:00,591.06,591.17,578.54,582.06,92182061
2026-03-23 04:00:00+00:00,590.52,595.08,585.96,588.0,90168988
2026-03-24 04:00:00+00:00,584.81,587.93,581.93,583.98,57950425
2026-03-25 04:00:00+00:00,589.14,591.37,585.69,587.82,60669208
2026-03-26 04:00:00+00:00,582.6,584.63,573.43,573.79,81695752
2026-03-27 04:00:00+00:00,570.81,571.02,561.57,562.58,82919838
2026-03-30 04:00:00+00:00,567.38,568.05,555.6,558.28,70829885
2026-03-31 04:00:00+00:00,564.29,578.64,564.21,577.18,96077732
2026-04-01 04:00:00+00:00,581.48,587.739,580.42,584.31,79637608
2026-04-02 04:00:00+00:00,573.97,586.05,571.92,584.98,51134459
2026-04-06 04:00:00+00:00,586.23,590.61,584.69,588.5,35335045
2026-04-07 04:00:00+00:00,585.64,588.98,578.4001,588.59,50149078
2026-04-08 04:00:00+00:00,608.71,609.9,602.12,606.09,63276468
2026-04-09 04:00:00+00:00,605.93,610.5,603.03,610.19,38015692
2026-04-10 04:00:00+00:00,611.84,613.67,609.58,611.07,34226288
2026-04-13 04:00:00+00:00,609.48,626.74,608.11,617.39,33181579
2026-04-14 04:00:00+00:00,620.22,628.6,620.1,628.6,50110064
2026-04-15 04:00:00+00:00,629.08,637.83,628.2,637.4,50298595
2026-04-16 04:00:00+00:00,639.21,642.18,635.255,640.47,42508118
2026-04-17 04:00:00+00:00,645.59,650.0,644.07,648.85,53683354
2026-04-20 04:00:00+00:00,648.04,648.76,642.52,646.79,37199532
2026-04-21 04:00:00+00:00,648.41,650.2,642.21,644.33,39777578
2026-04-22 04:00:00+00:00,650.15,655.33,648.52,655.11,37556607
2026-04-23 04:00:00+00:00,653.55,656.92,645.52,651.42,40298058
2026-04-24 04:00:00+00:00,658.51,664.51,656.5301,663.88,45679889
2026-04-27 04:00:00+00:00,663.4,664.43,660.69,664.23,32779242
2026-04-28 04:00:00+00:00,657.41,659.64,653.81,657.55,34350368
2026-04-29 04:00:00+00:00,658.63,661.72,656.5899,661.57,31871952
2026-04-30 04:00:00+00:00,665.35,668.9,657.56,667.74,40756052
2026-05-01 04:00:00+00:00,669.16,675.97,668.8,674.15,39310559
2026-05-04 04:00:00+00:00,674.66,676.73,668.9,672.88,34691789
2026-05-05 04:00:00+00:00,677.96,682.7734,677.51,681.61,37236247
2026-05-06 04:00:00+00:00,687.78,695.93,686.48,695.77,38924917
2026-05-07 04:00:00+00:00,696.58,701.24,691.77,694.94,43920820
2026-05-08 04:00:00+00:00,699.92,711.23,699.5,711.23,44473535
2026-05-11 04:00:00+00:00,710.36,714.59,708.91,713.29,36206650
2026-05-12 04:00:00+00:00,708.22,710.18,696.64,707.24,46036764
2026-05-13 04:00:00+00:00,709.96,716.65,704.83,714.71,40166020
2026-05-14 04:00:00+00:00,714.62,722.03,714.22,719.79,33481364
2026-05-15 04:00:00+00:00,710.14,715.13,705.55,708.93,51965148
2026-05-18 04:00:00+00:00,711.54,712.07,698.85,705.88,50025890
2026-05-19 04:00:00+00:00,699.81,706.49,695.25,701.53,46986377
2026-05-20 04:00:00+00:00,705.29,713.15,703.79,713.15,36933905
2026-05-21 04:00:00+00:00,708.99,717.12,706.77,714.51,36571423
2026-05-22 04:00:00+00:00,718.07,722.12,715.95,717.54,33287345
2026-05-26 04:00:00+00:00,725.96,731.17,724.16,730.28,34470924
2026-05-27 04:00:00+00:00,732.96,733.32,725.44,729.45,35325379
2026-05-28 04:00:00+00:00,729.73,736.6,726.41,735.6,33009342
2026-05-29 04:00:00+00:00,737.84,741.63,735.25,738.31,37723619
2026-06-01 04:00:00+00:00,737.04,745.65,735.99,742.74,34120302
2026-06-02 04:00:00+00:00,742.4,746.44,739.23,746.16,30270214
2026-06-03 04:00:00+00:00,747.31,748.65,741.01,744.21,40456726
2026-06-04 04:00:00+00:00,735.48,743.4988,732.62,740.61,40965116
2026-06-05 04:00:00+00:00,730.06,731.69,704.32,705.06,99828731
2026-06-08 04:00:00+00:00,717.81,723.03,713.07,716.07,47619570
2026-06-09 04:00:00+00:00,722.98,725.66,686.37,707.83,92073922
2026-06-10 04:00:00+00:00,701.66,711.28,692.93,693.69,65524808
2026-06-11 04:00:00+00:00,699.29,718.3721,695.0,717.12,71976381
2026-06-12 04:00:00+00:00,717.61,724.01,711.28,721.34,51428388
2026-06-15 04:00:00+00:00,738.1,744.7599,737.38,744.0,46933005
2026-06-16 04:00:00+00:00,742.25,744.22,729.64,729.86,45537235
2026-06-17 04:00:00+00:00,735.19,735.68,720.85,722.51,52051227
2026-06-18 04:00:00+00:00,737.2,741.82,732.51,740.62,50508986
2026-06-22 04:00:00+00:00,742.02,745.45,734.39,737.95,43759956
2026-06-23 04:00:00+00:00,715.74,723.61,712.1101,713.65,53550278
2026-06-24 04:00:00+00:00,715.37,719.93,704.45,710.62,52665626
2026-06-25 04:00:00+00:00,725.9,726.83,705.3,716.38,50327101
2026-06-26 04:00:00+00:00,707.13,715.555,702.81,706.52,47271660
2026-06-29 04:00:00+00:00,713.99,724.58,705.172,724.08,45276538
2026-06-30 04:00:00+00:00,724.18,737.62,723.91,736.4,42306635
2026-07-01 04:00:00+00:00,729.19,731.92,724.6,725.17,41001262
2026-07-02 04:00:00+00:00,725.58,730.83,707.56,712.6,51281435
2026-07-06 04:00:00+00:00,719.93,726.08,718.45,722.82,30454611
2026-07-07 04:00:00+00:00,714.17,716.35,704.9,709.43,42677770
2026-07-08 04:00:00+00:00,704.95,712.2599,700.91,711.44,35787848
2026-07-09 04:00:00+00:00,718.33,724.23,715.125,723.28,33826749
2026-07-10 04:00:00+00:00,720.7,726.39,717.0,725.51,26605173
2026-07-13 04:00:00+00:00,717.72,718.74,710.08,711.74,36770660
2026-07-14 04:00:00+00:00,720.22,722.29,714.34,719.69,29622333
2026-07-15 04:00:00+00:00,723.85,724.36,710.23,717.74,32812430
2026-07-16 04:00:00+00:00,712.01,713.599,702.61,705.94,39586910
2026-07-17 04:00:00+00:00,691.65,702.3,686.76,695.33,54306136
2026-07-20 04:00:00+00:00,702.16,705.8,695.51,696.06,29891050
2026-07-21 04:00:00+00:00,706.57,710.05,702.8,708.97,33901626
2026-07-22 04:00:00+00:00,703.62,709.65,703.62,705.35,23863333
2026-07-23 04:00:00+00:00,694.67,698.66,687.79,691.96,44215945
2026-07-24 04:00:00+00:00,690.41,692.63,682.48,684.23,43059137
2026-07-27 04:00:00+00:00,691.68,692.3,675.945,682.12,42895615
2026-07-28 04:00:00+00:00,676.23,679.4,667.88,675.49,51579967
2026-07-29 04:00:00+00:00,675.505,680.05,661.14,661.73,57414433
2026-07-30 04:00:00+00:00,674.76,685.12,673.3,683.55,66920022
2026-07-31 04:00:00+00:00,692.11,695.77,680.0512,687.99,50715774
2026-08-03 04:00:00+00:00,688.3,701.59,685.82,700.07,45170195
