timestamp,open,high,low,close,volume
2017-02-01 05:00:00+00:00,228.255,228.59,226.94,227.65,80775621
2017-02-02 05:00:00+00:00,227.2,228.1,226.82,227.77,72002065
2017-02-03 05:00:00+00:00,228.82,229.55,228.46,229.35,82801601
2017-02-06 05:00:00+00:00,228.87,229.326,228.54,228.97,62598527
2017-02-07 05:00:00+00:00,229.38,229.95,228.72,228.96,63176089
2017-02-08 05:00:00+00:00,228.61,229.39,228.31,229.24,52332667
2017-02-09 05:00:00+00:00,229.56,230.95,229.52,230.57,67544507
2017-02-10 05:00:00+00:00,231.0,231.77,230.6216,231.49,67254692
2017-02-13 05:00:00+00:00,232.08,233.07,232.05,232.6803,57128212
2017-02-14 05:00:00+00:00,232.56,233.71,232.16,233.7097,72899604
2017-02-15 05:00:00+00:00,233.45,235.14,233.39,234.89,92562525
2017-02-16 05:00:00+00:00,234.96,235.155,233.85,234.74,86944938
2017-02-17 05:00:00+00:00,233.95,235.09,233.93,235.04,79466105
2017-02-21 05:00:00+00:00,235.52,236.69,235.51,236.44,92816333
2017-02-22 05:00:00+00:00,236.02,236.54,235.83,236.29,63137071
2017-02-23 05:00:00+00:00,236.88,236.9,235.56,236.44,75711286
2017-02-24 05:00:00+00:00,235.46,236.7932,235.41,236.77,85284701
2017-02-27 05:00:00+00:00,236.64,237.31,236.35,237.09,58558749
2017-02-28 05:00:00+00:00,236.67,236.95,236.015,236.5,101984682
2017-03-01 05:00:00+00:00,238.39,240.32,238.37,239.7408,155775466
2017-03-02 05:00:00+00:00,239.56,239.57,238.21,238.3,73434450
2017-03-03 05:00:00+00:00,238.17,238.61,237.73,238.43,86010282
2017-03-06 05:00:00+00:00,237.5,238.12,237.01,237.7892,56756899
2017-03-07 05:00:00+00:00,237.36,237.77,236.76,237.0,71729969
2017-03-08 05:00:00+00:00,237.34,237.64,236.4,236.59,81516087
2017-03-09 05:00:00+00:00,236.7,237.24,235.74,236.83,99778661
2017-03-10 05:00:00+00:00,237.97,238.02,236.59,237.66,84176781
2017-03-13 04:00:00+00:00,237.62,237.86,237.24,237.8,58480478
2017-03-14 04:00:00+00:00,237.18,237.24,236.19,236.94,61282546
2017-03-15 04:00:00+00:00,237.56,239.44,237.29,238.88,99435391
2017-03-16 04:00:00+00:00,239.11,239.2,238.1,238.49,81072519
2017-03-17 04:00:00+00:00,237.75,237.97,237.03,237.1008,90619377
2017-03-20 04:00:00+00:00,237.03,237.36,236.32,236.74,53811459
2017-03-21 04:00:00+00:00,237.47,237.61,233.58,233.76,133556997
2017-03-22 04:00:00+00:00,233.77,234.61,233.05,234.25,99198468
2017-03-23 04:00:00+00:00,234.0,235.34,233.6,233.94,104652538
2017-03-24 04:00:00+00:00,234.38,235.04,232.96,233.88,114789699
2017-03-27 04:00:00+00:00,231.93,233.92,231.61,233.575,89946752
2017-03-28 04:00:00+00:00,233.27,235.81,233.14,235.26,95886649
2017-03-29 04:00:00+00:00,234.99,235.81,234.725,235.56,70774254
2017-03-30 04:00:00+00:00,235.47,236.52,235.27,236.2692,57855379
2017-03-31 04:00:00+00:00,235.9,236.51,235.68,235.68,75510599
2017-04-03 04:00:00+00:00,235.8,236.03,233.91,235.37,90089205
2017-04-04 04:00:00+00:00,234.95,235.58,234.555,235.52,58593021
2017-04-05 04:00:00+00:00,236.26,237.39,234.54,234.76,115646755
2017-04-06 04:00:00+00:00,234.94,236.04,234.425,235.37,70710906
2017-04-07 04:00:00+00:00,235.15,236.0,234.64,235.17,76539831
2017-04-10 04:00:00+00:00,235.36,236.255,234.73,235.29,72254108
2017-04-11 04:00:00+00:00,234.9,235.18,233.34,235.03,90000127
2017-04-12 04:00:00+00:00,234.74,234.96,233.77,234.1408,84165230
2017-04-13 04:00:00+00:00,233.64,234.49,232.51,232.56,95772910
2017-04-17 04:00:00+00:00,233.11,234.57,232.88,234.57,69800214
2017-04-18 04:00:00+00:00,233.72,234.49,233.08,233.86,85870275
2017-04-19 04:00:00+00:00,234.52,234.95,233.18,233.49,71136763
2017-04-20 04:00:00+00:00,234.15,235.845,233.78,235.3,95466551
2017-04-21 04:00:00+00:00,235.25,235.31,234.13,234.59,113532358
2017-04-24 04:00:00+00:00,237.18,237.41,234.5628,237.16,125158068
2017-04-25 04:00:00+00:00,237.91,238.95,237.81,238.52,79462782
2017-04-26 04:00:00+00:00,238.51,239.53,238.35,238.44,90085667
2017-04-27 04:00:00+00:00,238.77,238.95,237.98,238.6001,58488103
2017-04-28 04:00:00+00:00,238.9,238.93,237.93,238.12,66726191
2017-05-01 04:00:00+00:00,238.68,239.17,238.195,238.63,71024242
2017-05-02 04:00:00+00:00,238.84,238.98,238.3,238.76,58348712
2017-05-03 04:00:00+00:00,238.29,238.8775,237.7,238.52,78825179
2017-05-04 04:00:00+00:00,238.83,238.9225,237.78,238.74,62308887
2017-05-05 04:00:00+00:00,239.19,239.72,238.68,239.68,65197733
2017-05-08 04:00:00+00:00,239.75,239.92,239.17,239.67,49579620
2017-05-09 04:00:00+00:00,239.96,240.19,239.04,239.44,52392122
2017-05-10 04:00:00+00:00,239.39,239.87,239.15,239.86,55725130
2017-05-11 04:00:00+00:00,239.35,239.57,238.13,239.4592,63504282
2017-05-12 04:00:00+00:00,239.09,239.4273,238.67,239.05,55661293
2017-05-15 04:00:00+00:00,239.47,240.44,239.45,240.2297,63907987
2017-05-16 04:00:00+00:00,240.64,240.67,239.63,240.09,53339787
2017-05-17 04:00:00+00:00,238.1,238.64,235.75,235.9292,175313451
2017-05-18 04:00:00+00:00,235.73,237.75,235.43,236.76,109332996
2017-05-19 04:00:00+00:00,237.33,239.08,237.27,238.27,116084794
2017-05-22 04:00:00+00:00,238.9,239.71,238.82,239.52,62155920
2017-05-23 04:00:00+00:00,239.95,240.24,239.51,240.03,49494920
2017-05-24 04:00:00+00:00,240.32,240.73,239.93,240.56,50796728
2017-05-25 04:00:00+00:00,241.2,242.08,240.96,241.74,66270391
2017-05-26 04:00:00+00:00,241.54,241.9,241.45,241.73,49505432
2017-05-30 04:00:00+00:00,241.34,241.79,241.16,241.53,36117015
2017-05-31 04:00:00+00:00,241.84,241.88,240.64,241.42,94580434
2017-06-01 04:00:00+00:00,241.96,243.38,241.64,243.3,72957360
2017-06-02 04:00:00+00:00,243.42,244.35,243.08,244.14,90118256
2017-06-05 04:00:00+00:00,243.97,244.3,243.76,243.97,48226801
2017-06-06 04:00:00+00:00,243.34,243.98,243.12,243.25,52074126
2017-06-07 04:00:00+00:00,243.6,243.92,242.83,243.6692,56141223
2017-06-08 04:00:00+00:00,243.77,244.33,243.17,243.73,66919424
2017-06-09 04:00:00+00:00,244.09,245.01,241.95,243.5208,133356137
2017-06-12 04:00:00+00:00,243.13,243.42,242.38,243.35,87656845
2017-06-13 04:00:00+00:00,243.98,244.61,243.5799,244.48,62137495
2017-06-14 04:00:00+00:00,244.86,244.87,243.29,244.26,80244234
2017-06-15 04:00:00+00:00,242.68,243.91,242.36,243.7697,68305724
2017-06-16 04:00:00+00:00,242.77,242.83,241.6337,242.64,87591012
2017-06-19 04:00:00+00:00,243.59,244.73,243.48,244.65,66917309
2017-06-20 04:00:00+00:00,244.25,244.26,242.99,243.0592,59691951
2017-06-21 04:00:00+00:00,243.42,243.59,242.41,242.94,58861890
2017-06-22 04:00:00+00:00,242.96,243.53,242.64,242.83,45320725
2017-06-23 04:00:00+00:00,242.91,243.51,242.47,243.16,70709551
2017-06-26 04:00:00+00:00,243.9,244.38,243.045,243.26,59933400
2017-06-27 04:00:00+00:00,243.04,243.38,241.31,241.37,84044624
2017-06-28 04:00:00+00:00,242.5,243.715,242.23,243.47,72044019
2017-06-29 04:00:00+00:00,243.66,243.72,239.955,241.39,109355405
2017-06-30 04:00:00+00:00,242.28,242.71,241.575,241.79,89166115
2017-07-03 04:00:00+00:00,242.88,243.38,242.21,242.32,40957421
2017-07-05 04:00:00+00:00,242.63,243.01,241.7,242.74,56729983
2017-07-06 04:00:00+00:00,241.89,242.03,240.34,240.58,68962703
2017-07-07 04:00:00+00:00,241.21,242.28,240.5645,242.1,60984959
2017-07-10 04:00:00+00:00,241.95,242.8,241.76,242.35,39006766
2017-07-11 04:00:00+00:00,242.17,242.55,240.85,242.18,51153060
2017-07-12 04:00:00+00:00,243.3,244.2,243.3,243.94,61511635
2017-07-13 04:00:00+00:00,244.02,244.55,243.76,244.42,40866889
2017-07-14 04:00:00+00:00,244.43,245.97,244.31,245.51,62456588
2017-07-17 04:00:00+00:00,245.47,245.91,245.33,245.52,34204311
2017-07-18 04:00:00+00:00,245.06,245.72,244.67,245.6697,44450602
2017-07-19 04:00:00+00:00,246.02,247.0,246.01,246.96,54438576
2017-07-20 04:00:00+00:00,247.28,247.42,246.47,247.04,48890421
2017-07-21 04:00:00+00:00,246.44,246.91,246.18,246.83,93912210
2017-07-24 04:00:00+00:00,246.79,246.98,246.28,246.79,47686541
2017-07-25 04:00:00+00:00,247.68,247.8,247.16,247.37,58593760
2017-07-26 04:00:00+00:00,247.75,247.79,247.13,247.42,49172056
2017-07-27 04:00:00+00:00,247.96,248.0,245.68,247.2292,72153911
2017-07-28 04:00:00+00:00,246.65,247.06,246.13,246.89,51849965
2017-07-31 04:00:00+00:00,247.37,247.48,246.53,246.79,68067126
2017-08-01 04:00:00+00:00,247.46,247.5,246.716,247.3,59232761
2017-08-02 04:00:00+00:00,247.49,247.6,246.37,247.42,48433419
2017-08-03 04:00:00+00:00,247.31,247.34,246.64,246.98,42553099
2017-08-04 04:00:00+00:00,247.52,247.79,246.97,247.39,61479958
2017-08-07 04:00:00+00:00,247.49,247.87,247.37,247.84,33050019
2017-08-08 04:00:00+00:00,247.51,248.91,246.83,247.27,64407874
2017-08-09 04:00:00+00:00,246.47,247.31,246.06,247.27,64216201
2017-08-10 04:00:00+00:00,246.29,246.44,243.7,243.7599,123760107
2017-08-11 04:00:00+00:00,244.02,244.8,243.75,244.11,76214881
2017-08-14 04:00:00+00:00,245.59,246.79,245.55,246.5,75409501
2017-08-15 04:00:00+00:00,246.98,247.0,246.16,246.53,57511842
2017-08-16 04:00:00+00:00,247.11,247.57,246.45,246.96,59139403
2017-08-17 04:00:00+00:00,246.24,246.6,232.3295,243.14,132413327
2017-08-18 04:00:00+00:00,242.9,244.189,242.2,242.71,142903619
2017-08-21 04:00:00+00:00,242.64,243.2,241.83,242.92,68869029
2017-08-22 04:00:00+00:00,243.57,245.62,243.55,245.38,65788773
2017-08-23 04:00:00+00:00,244.33,245.05,244.16,244.5697,53398349
2017-08-24 04:00:00+00:00,245.0,245.18,243.75,244.045,51791649
2017-08-25 04:00:00+00:00,244.9,245.61,244.39,244.52,67278135
2017-08-28 04:00:00+00:00,245.17,245.2,244.09,244.6,43672391
2017-08-29 04:00:00+00:00,243.06,245.15,242.93,244.8597,52286704
2017-08-30 04:00:00+00:00,244.83,246.32,244.62,246.01,64780450
2017-08-31 04:00:00+00:00,246.72,247.77,246.0473,247.29,107215200
2017-09-01 04:00:00+00:00,247.92,248.33,247.67,247.81,65352491
2017-09-05 04:00:00+00:00,247.25,247.52,244.95,246.13,93917434
2017-09-06 04:00:00+00:00,246.84,247.28,246.23,246.89,61912770
2017-09-07 04:00:00+00:00,247.25,247.27,246.4,246.8753,60251990
2017-09-08 04:00:00+00:00,246.54,247.11,246.3,246.54,67761216
2017-09-11 04:00:00+00:00,248.04,249.3,248.02,249.14,74223244
2017-09-12 04:00:00+00:00,249.63,250.09,249.42,250.09,58219198
2017-09-13 04:00:00+00:00,249.72,250.21,249.59,250.17,60652151
2017-09-14 04:00:00+00:00,249.8,250.32,249.6,250.08,98568056
2017-09-15 04:00:00+00:00,248.69,249.29,248.57,249.23,101580036
2017-09-18 04:00:00+00:00,249.61,250.12,249.28,249.71,47476365
2017-09-19 04:00:00+00:00,250.0,250.07,249.6,249.96,48258882
2017-09-20 04:00:00+00:00,250.07,250.19,248.92,250.07,60924607
2017-09-21 04:00:00+00:00,249.88,249.98,249.185,249.4,50990288
2017-09-22 04:00:00+00:00,249.05,249.63,249.02,249.45,52014945
2017-09-25 04:00:00+00:00,249.15,249.5532,248.08,248.97,59068484
2017-09-26 04:00:00+00:00,249.42,249.7,248.805,249.07,55751359
2017-09-27 04:00:00+00:00,249.88,250.49,248.87,250.04,84730448
2017-09-28 04:00:00+00:00,249.73,250.44,249.63,250.33,46947734
2017-09-29 04:00:00+00:00,250.34,251.32,250.13,251.16,89321126
2017-10-02 04:00:00+00:00,251.49,252.32,251.2926,252.28,65218919
2017-10-03 04:00:00+00:00,252.46,252.89,252.23,252.85,68610856
2017-10-04 04:00:00+00:00,252.69,253.44,252.56,253.16,56845159
2017-10-05 04:00:00+00:00,253.53,254.68,253.196,254.66,67267107
2017-10-06 04:00:00+00:00,254.15,254.7008,253.85,254.43,84486595
2017-10-09 04:00:00+00:00,254.63,254.7,253.65,253.9692,36639372
2017-10-10 04:00:00+00:00,254.6,255.05,253.98,254.57,44252125
2017-10-11 04:00:00+00:00,254.51,255.02,254.32,254.98,48527288
2017-10-12 04:00:00+00:00,254.66,255.06,254.365,254.61,48813293
2017-10-13 04:00:00+00:00,255.14,255.27,254.64,254.88,56381063
2017-10-16 04:00:00+00:00,255.21,255.51,254.82,255.3,39053772
2017-10-17 04:00:00+00:00,255.23,255.52,254.98,255.43,32637915
2017-10-18 04:00:00+00:00,255.9,255.95,255.5,255.69,41916186
2017-10-19 04:00:00+00:00,254.83,255.83,254.35,255.8192,63110555
2017-10-20 04:00:00+00:00,256.7,257.14,255.7744,257.07,91210612
2017-10-23 04:00:00+00:00,257.48,257.51,256.02,256.16,65348872
2017-10-24 04:00:00+00:00,256.6,256.83,256.15,256.55,68551491
2017-10-25 04:00:00+00:00,256.18,256.31,254.0,255.32,105617696
2017-10-26 04:00:00+00:00,255.99,256.3,255.48,255.48,73883274
2017-10-27 04:00:00+00:00,256.51,257.89,255.6254,257.6895,88712939
2017-10-30 04:00:00+00:00,257.07,257.6,256.41,256.8,56131252
2017-10-31 04:00:00+00:00,257.18,257.44,256.805,257.12,63065793
2017-11-01 04:00:00+00:00,258.04,258.43,257.07,257.5,55081842
2017-11-02 04:00:00+00:00,257.41,257.75,256.19,257.62,57278036
2017-11-03 04:00:00+00:00,257.77,258.5,257.3,258.45,62027558
2017-11-06 05:00:00+00:00,258.3,259.0,258.22,258.81,51061263
2017-11-07 05:00:00+00:00,258.97,259.35,258.09,258.7,58866834
2017-11-08 05:00:00+00:00,258.47,259.22,258.15,259.11,51582467
2017-11-09 05:00:00+00:00,257.73,258.39,256.36,258.1908,96424777
2017-11-10 05:00:00+00:00,257.73,258.2926,257.37,258.1,61716318
2017-11-13 05:00:00+00:00,257.31,258.59,257.27,258.34,51217198
2017-11-14 05:00:00+00:00,257.41,257.85,256.52,257.75,62394534
2017-11-15 05:00:00+00:00,256.62,257.22,255.63,256.42,83428078
2017-11-16 05:00:00+00:00,257.52,259.04,257.4748,258.54,76418542
2017-11-17 05:00:00+00:00,258.22,258.5882,257.77,257.87,78134634
2017-11-20 05:00:00+00:00,258.14,258.525,257.86,258.28,48775814
2017-11-21 05:00:00+00:00,259.18,260.2,258.2627,259.93,72962457
2017-11-22 05:00:00+00:00,260.0,260.15,259.57,259.79,45834266
2017-11-24 05:00:00+00:00,260.28,260.48,260.16,260.37,29003902
2017-11-27 05:00:00+00:00,260.41,260.75,260.0,260.23,54402661
2017-11-28 05:00:00+00:00,260.76,262.9,260.655,262.83,100665593
2017-11-29 05:00:00+00:00,263.02,263.63,262.2,262.73,79101707
2017-11-30 05:00:00+00:00,263.76,266.05,263.67,264.87,131731800
2017-12-01 05:00:00+00:00,264.76,265.31,260.76,264.46,165583460
2017-12-04 05:00:00+00:00,266.31,266.8,264.08,264.11,96851205
2017-12-05 05:00:00+00:00,264.43,265.15,263.04,263.2,79742291
2017-12-06 05:00:00+00:00,262.87,263.73,262.71,263.23,84117737
2017-12-07 05:00:00+00:00,263.09,264.43,262.94,264.04,83910926
2017-12-08 05:00:00+00:00,264.99,265.52,264.0315,265.48,78575790
2017-12-11 05:00:00+00:00,265.58,266.38,265.4793,266.34,84179443
2017-12-12 05:00:00+00:00,266.57,267.32,266.345,266.8,86435143
2017-12-13 05:00:00+00:00,267.06,267.56,266.65,266.74,105029384
2017-12-14 05:00:00+00:00,267.11,267.22,265.6,265.69,102357602
2017-12-15 05:00:00+00:00,265.45,267.04,265.39,266.53,144850419
2017-12-18 05:00:00+00:00,268.09,268.6,267.98,268.23,85137172
2017-12-19 05:00:00+00:00,268.48,268.53,267.09,267.25,84904033
2017-12-20 05:00:00+00:00,268.27,268.33,266.69,267.1,77665965
2017-12-21 05:00:00+00:00,267.74,268.385,267.3,267.54,69160260
2017-12-22 05:00:00+00:00,267.6,267.635,266.9,267.49,81741973
2017-12-26 05:00:00+00:00,267.05,267.4377,266.885,267.15,46524083
2017-12-27 05:00:00+00:00,267.38,267.73,267.01,267.35,60072678
2017-12-28 05:00:00+00:00,267.89,267.92,267.45,267.86,46221034
2017-12-29 05:00:00+00:00,268.53,268.55,266.64,266.94,100200244
2018-01-02 05:00:00+00:00,267.84,268.81,267.4,268.77,87974830
2018-01-03 05:00:00+00:00,268.96,270.64,268.96,270.47,92414326
2018-01-04 05:00:00+00:00,271.2,272.16,270.5447,271.57,85277552
2018-01-05 05:00:00+00:00,272.51,273.56,271.95,273.4,88073906
2018-01-08 05:00:00+00:00,273.31,274.1,272.98,273.91,64945938
2018-01-09 05:00:00+00:00,274.4,275.25,274.081,274.53,58485720
2018-01-10 05:00:00+00:00,273.68,274.42,272.92,274.08,70699507
2018-01-11 05:00:00+00:00,274.75,276.12,274.56,276.09,64026406
2018-01-12 05:00:00+00:00,276.42,278.11,276.0819,277.94,92919614
2018-01-16 05:00:00+00:00,279.35,280.09,276.18,277.06,110515722
2018-01-17 05:00:00+00:00,278.03,280.05,276.97,279.61,116747453
2018-01-18 05:00:00+00:00,279.48,279.96,278.58,279.18,105410481
2018-01-19 05:00:00+00:00,279.8,280.41,279.14,280.39,143550675
2018-01-22 05:00:00+00:00,280.17,282.69,280.11,282.67,102545061
2018-01-23 05:00:00+00:00,282.74,283.62,282.37,283.24,99464685
2018-01-24 05:00:00+00:00,284.02,284.7,281.84,283.12,136833465
2018-01-25 05:00:00+00:00,284.16,284.27,282.405,283.3,85877429
2018-01-26 05:00:00+00:00,284.25,286.6285,283.96,286.56,111355443
2018-01-29 05:00:00+00:00,285.93,286.43,284.5,284.64,92693728
2018-01-30 05:00:00+00:00,282.6,284.736,281.22,281.63,134420733
2018-01-31 05:00:00+00:00,282.73,283.3,280.68,281.91,121930951
2018-02-01 05:00:00+00:00,281.07,283.06,280.68,281.68,90994293
2018-02-02 05:00:00+00:00,280.08,280.23,275.41,275.51,178406624
2018-02-05 05:00:00+00:00,273.45,275.85,263.31,264.11,304474048
2018-02-06 05:00:00+00:00,259.94,269.7,258.7,269.06,357564910
2018-02-07 05:00:00+00:00,268.5,272.36,267.58,267.67,169549624
2018-02-08 05:00:00+00:00,268.01,268.17,257.59,257.77,252221121
2018-02-09 05:00:00+00:00,260.8,263.61,252.92,261.74,286122968
2018-02-12 05:00:00+00:00,263.83,267.01,261.6644,265.32,146941527
2018-02-13 05:00:00+00:00,263.97,266.62,263.31,266.05,82434058
2018-02-14 05:00:00+00:00,264.31,270.0,264.3,269.67,123355652
2018-02-15 05:00:00+00:00,271.57,273.04,268.77,272.93,112606261
2018-02-16 05:00:00+00:00,272.32,275.32,272.27,273.16,163292191
2018-02-20 05:00:00+00:00,272.03,273.67,270.5,271.44,91166253
2018-02-21 05:00:00+00:00,271.9,274.72,269.94,269.97,100293719
2018-02-22 05:00:00+00:00,271.1,273.05,269.64,270.26,122557536
2018-02-23 05:00:00+00:00,271.79,274.71,271.25,274.65,96252415
2018-02-26 05:00:00+00:00,275.93,278.01,275.26,277.91,88758833
2018-02-27 05:00:00+00:00,278.11,278.92,274.36,274.38,102930024
2018-02-28 05:00:00+00:00,275.68,276.19,271.29,271.41,129776260
2018-03-01 05:00:00+00:00,271.41,273.17,266.0,267.72,179183801
2018-03-02 05:00:00+00:00,265.8,269.72,264.82,269.08,141448051
2018-03-05 05:00:00+00:00,267.73,272.89,267.61,272.12,99078649
2018-03-06 05:00:00+00:00,273.3,273.39,271.18,272.83,79922993
2018-03-07 05:00:00+00:00,270.42,273.18,270.2,272.83,88202658
2018-03-08 05:00:00+00:00,273.55,274.24,272.42,274.03,69768764
2018-03-09 05:00:00+00:00,275.7,278.87,275.34,278.76,117331321
2018-03-12 04:00:00+00:00,279.2,279.91,278.0801,278.54,73175656
2018-03-13 04:00:00+00:00,279.84,280.41,276.03,276.72,93427280
2018-03-14 04:00:00+00:00,277.81,278.02,274.67,275.25,107710053
2018-03-15 04:00:00+00:00,275.88,276.61,274.43,275.03,88837397
2018-03-16 04:00:00+00:00,274.5,275.39,274.14,274.22,101412188
2018-03-19 04:00:00+00:00,273.35,274.3957,268.62,270.61,111075802
2018-03-20 04:00:00+00:00,270.94,271.67,270.18,270.93,60829259
2018-03-21 04:00:00+00:00,270.9,273.27,270.19,270.4,79541919
2018-03-22 04:00:00+00:00,267.91,268.87,263.36,263.71,152401570
2018-03-23 04:00:00+00:00,264.17,265.02,257.83,258.015,186705769
2018-03-26 04:00:00+00:00,262.13,265.43,259.41,265.14,144878172
2018-03-27 04:00:00+00:00,266.17,266.77,258.84,260.76,134090487
2018-03-28 04:00:00+00:00,260.75,262.64,258.58,259.85,151934925
2018-03-29 04:00:00+00:00,261.12,265.26,259.8389,263.43,128072137
2018-04-02 04:00:00+00:00,262.55,263.13,254.67,257.52,188325321
2018-04-03 04:00:00+00:00,258.87,261.31,256.84,260.73,121245396
2018-04-04 04:00:00+00:00,256.75,264.355,256.6,263.78,126742991
2018-04-05 04:00:00+00:00,265.54,266.64,264.32,265.59,84309507
2018-04-06 04:00:00+00:00,263.42,265.11,258.0,259.7,182854619
2018-04-09 04:00:00+00:00,261.37,264.84,259.9356,260.83,113639051
2018-04-10 04:00:00+00:00,264.27,266.04,262.98,265.09,107159335
2018-04-11 04:00:00+00:00,263.47,265.64,263.39,263.71,92820659
2018-04-12 04:00:00+00:00,265.26,267.0,265.06,265.9003,70635606
2018-04-13 04:00:00+00:00,267.41,267.54,264.01,265.11,86860777
2018-04-16 04:00:00+00:00,267.0,268.2,266.07,267.37,64594574
2018-04-17 04:00:00+00:00,269.33,270.87,268.75,270.13,66215072
2018-04-18 04:00:00+00:00,270.69,271.3,269.87,270.37,57919664
2018-04-19 04:00:00+00:00,269.65,269.88,267.72,268.87,79527976
2018-04-20 04:00:00+00:00,268.81,269.06,265.61,266.66,101358707
2018-04-23 04:00:00+00:00,267.26,267.89,265.35,266.57,67468135
2018-04-24 04:00:00+00:00,267.73,267.9762,261.28,263.04,114962314
2018-04-25 04:00:00+00:00,262.91,264.13,260.85,263.63,105412286
2018-04-26 04:00:00+00:00,264.79,267.2452,264.29,266.24,68959182
2018-04-27 04:00:00+00:00,267.0,267.34,265.5,266.58,58099215
2018-04-30 04:00:00+00:00,267.26,267.89,264.43,264.53,84864978
2018-05-01 04:00:00+00:00,263.9,265.1,262.11,264.96,77000433
2018-05-02 04:00:00+00:00,264.76,265.68,262.76,263.17,87960465
2018-05-03 04:00:00+00:00,262.26,263.36,259.05,262.59,138114268
2018-05-04 04:00:00+00:00,261.52,266.7892,261.15,265.92,92744409
2018-05-07 04:00:00+00:00,266.89,268.02,266.11,266.92,56246159
2018-05-08 04:00:00+00:00,266.5,267.325,265.15,266.89,68490026
2018-05-09 04:00:00+00:00,267.68,269.865,267.09,269.47,60946478
2018-05-10 04:00:00+00:00,270.34,272.39,270.22,272.0,73496270
2018-05-11 04:00:00+00:00,272.16,273.15,271.58,272.64,64249519
2018-05-14 04:00:00+00:00,273.34,274.08,272.36,272.95,57758926
2018-05-15 04:00:00+00:00,271.59,271.61,270.03,271.03,91104778
2018-05-16 04:00:00+00:00,271.14,272.76,271.11,272.15,55278260
2018-05-17 04:00:00+00:00,271.94,273.23,271.13,272.01,57619100
2018-05-18 04:00:00+00:00,271.62,272.03,270.93,271.34,65582406
2018-05-21 04:00:00+00:00,273.01,273.98,271.3512,273.36,60494019
2018-05-22 04:00:00+00:00,273.96,274.25,272.24,272.58,54584049
2018-05-23 04:00:00+00:00,271.17,273.39,270.99,273.37,65652020
2018-05-24 04:00:00+00:00,272.91,273.22,270.78,272.84,77138128
2018-05-25 04:00:00+00:00,272.15,272.86,271.58,272.21,58118644
2018-05-29 04:00:00+00:00,270.31,271.17,267.76,269.12,119430992
2018-05-30 04:00:00+00:00,270.5,273.11,270.42,272.59,71476485
2018-05-31 04:00:00+00:00,272.15,272.49,270.255,270.81,97047084
2018-06-01 04:00:00+00:00,272.41,273.94,272.33,273.61,73684806
2018-06-04 04:00:00+00:00,274.53,275.185,274.26,274.89,46900396
2018-06-05 04:00:00+00:00,275.05,275.53,274.18,275.19,54148265
2018-06-06 04:00:00+00:00,275.79,277.52,275.09,277.43,65048897
2018-06-07 04:00:00+00:00,277.95,278.28,276.34,277.37,74154313
2018-06-08 04:00:00+00:00,276.85,278.25,276.66,278.22,73082607
2018-06-11 04:00:00+00:00,278.44,279.37,278.31,278.58,59668405
2018-06-12 04:00:00+00:00,279.03,279.33,278.19,278.97,74511683
2018-06-13 04:00:00+00:00,279.19,279.48,277.8,278.01,80383239
2018-06-14 04:00:00+00:00,279.01,279.33,278.0599,278.68,80080701
2018-06-15 04:00:00+00:00,276.6,277.51,275.35,277.03,121150047
2018-06-18 04:00:00+00:00,275.49,276.7,274.95,276.59,53795470
2018-06-19 04:00:00+00:00,274.0,275.75,273.53,275.48,99299985
2018-06-20 04:00:00+00:00,276.27,276.72,275.59,276.01,55038477
2018-06-21 04:00:00+00:00,275.96,275.98,273.68,274.24,72830642
2018-06-22 04:00:00+00:00,275.66,275.785,274.49,274.76,58141958
2018-06-25 04:00:00+00:00,273.44,273.6162,269.1,271.07,140736625
2018-06-26 04:00:00+00:00,271.64,272.56,270.79,271.58,71010510
2018-06-27 04:00:00+00:00,272.26,273.865,269.18,269.8,107076264
2018-06-28 04:00:00+00:00,269.29,271.75,268.49,270.91,78226226
2018-06-29 04:00:00+00:00,272.12,273.66,271.1495,271.34,100130479
2018-07-02 04:00:00+00:00,269.51,272.04,269.24,271.84,65158380
2018-07-03 04:00:00+00:00,272.87,272.98,270.42,270.88,44038959
2018-07-05 04:00:00+00:00,272.17,273.18,270.96,273.02,58320429
2018-07-06 04:00:00+00:00,273.14,275.84,272.715,275.36,67827660
2018-07-09 04:00:00+00:00,276.55,277.96,276.5,277.9,51878754
2018-07-10 04:00:00+00:00,278.41,279.01,278.08,278.81,53080928
2018-07-11 04:00:00+00:00,277.15,278.04,276.52,276.91,78467076
2018-07-12 04:00:00+00:00,278.28,279.43,277.6,279.29,62854200
2018-07-13 04:00:00+00:00,279.17,279.93,278.66,279.56,49301251
2018-07-16 04:00:00+00:00,279.64,279.803,278.84,279.39,50880262
2018-07-17 04:00:00+00:00,278.47,280.91,278.41,280.43,53362867
2018-07-18 04:00:00+00:00,280.56,281.18,280.06,281.06,45293969
2018-07-19 04:00:00+00:00,280.31,280.74,279.46,279.96,62297849
2018-07-20 04:00:00+00:00,279.77,280.48,279.5,279.72,83094078
2018-07-23 04:00:00+00:00,279.45,280.43,279.06,280.24,47606016
2018-07-24 04:00:00+00:00,281.73,282.56,280.63,281.55,68736774
2018-07-25 04:00:00+00:00,281.33,284.37,281.28,284.14,80239697
2018-07-26 04:00:00+00:00,283.2,284.11,283.09,283.3,59404205
2018-07-27 04:00:00+00:00,283.71,283.82,280.38,281.46,78755772
2018-07-30 04:00:00+00:00,281.51,281.69,279.36,279.9,65270286
2018-07-31 04:00:00+00:00,280.81,282.02,280.38,281.19,71284048
2018-08-01 04:00:00+00:00,281.56,282.13,280.1315,280.89,55357171
2018-08-02 04:00:00+00:00,279.39,282.58,279.16,282.39,65221869
2018-08-03 04:00:00+00:00,282.53,283.6577,282.33,283.62,54992919
2018-08-06 04:00:00+00:00,283.64,284.99,283.2015,284.66,40476791
2018-08-07 04:00:00+00:00,285.39,286.01,285.24,285.58,44340537
2018-08-08 04:00:00+00:00,285.39,285.91,284.94,285.44,43039504
2018-08-09 04:00:00+00:00,285.53,285.97,284.915,285.09,36423073
2018-08-10 04:00:00+00:00,283.45,284.055,282.36,283.16,77955013
2018-08-13 04:00:00+00:00,283.47,284.16,281.77,282.08,66977189
2018-08-14 04:00:00+00:00,282.92,284.17,282.4833,283.82,44779018
2018-08-15 04:00:00+00:00,282.38,282.54,280.16,281.75,104669550
2018-08-16 04:00:00+00:00,283.36,285.04,283.36,284.08,71100475
2018-08-17 04:00:00+00:00,283.83,285.5601,283.37,285.02,67003717
2018-08-20 04:00:00+00:00,285.57,285.97,285.06,285.68,41000517
2018-08-21 04:00:00+00:00,286.25,287.31,285.7135,286.27,68286269
2018-08-22 04:00:00+00:00,285.88,286.76,285.575,286.21,45508737
2018-08-23 04:00:00+00:00,285.97,286.94,285.43,285.79,49872622
2018-08-24 04:00:00+00:00,286.44,287.67,286.38,287.52,58162308
2018-08-27 04:00:00+00:00,288.86,289.9,288.68,289.73,58337139
2018-08-28 04:00:00+00:00,290.3,290.4175,289.4,289.8395,47809662
2018-08-29 04:00:00+00:00,290.16,291.74,289.8854,291.45,63047190
2018-08-30 04:00:00+00:00,290.94,291.36,289.63,290.32,62526061
2018-08-31 04:00:00+00:00,289.84,290.81,289.29,290.27,67955528
2018-09-04 04:00:00+00:00,289.84,290.21,288.68,289.84,58789013
2018-09-05 04:00:00+00:00,289.41,289.64,287.89,289.07,76145573
2018-09-06 04:00:00+00:00,289.15,289.49,287.0,288.16,67235277
2018-09-07 04:00:00+00:00,286.98,288.7,286.71,287.53,74818657
2018-09-10 04:00:00+00:00,288.74,289.04,287.88,288.09,51016851
2018-09-11 04:00:00+00:00,287.37,289.55,286.975,289.13,52375991
2018-09-12 04:00:00+00:00,289.06,289.8,288.23,289.18,60575938
2018-09-13 04:00:00+00:00,290.32,291.0384,289.995,290.8,52019121
2018-09-14 04:00:00+00:00,291.06,291.27,290.0,290.92,55917676
2018-09-17 04:00:00+00:00,290.82,290.86,289.03,289.4,69333285
2018-09-18 04:00:00+00:00,289.58,291.58,289.55,290.92,63932290
2018-09-19 04:00:00+00:00,290.97,291.69,290.825,291.25,50283683
2018-09-20 04:00:00+00:00,292.64,293.94,291.2363,293.53,103959169
2018-09-21 04:00:00+00:00,293.09,293.22,291.81,292.04,107157043
2018-09-24 04:00:00+00:00,291.34,291.5,290.37,291.08,54671313
2018-09-25 04:00:00+00:00,291.53,291.65,290.4833,290.7,46702181
2018-09-26 04:00:00+00:00,290.91,292.24,289.41,289.805,81461259
2018-09-27 04:00:00+00:00,290.41,291.91,290.1,290.68,60378141
2018-09-28 04:00:00+00:00,289.99,291.28,289.95,290.57,72381508
2018-10-01 04:00:00+00:00,292.11,292.93,290.98,291.7,63634059
2018-10-02 04:00:00+00:00,291.56,292.355,291.14,291.61,49096939
2018-10-03 04:00:00+00:00,292.74,293.21,291.32,291.76,66022129
2018-10-04 04:00:00+00:00,291.18,291.24,287.66,289.53,113147728
2018-10-05 04:00:00+00:00,289.69,290.27,286.22,287.81,108781268
2018-10-08 04:00:00+00:00,287.05,288.22,285.5,287.8,88771776
2018-10-09 04:00:00+00:00,287.39,288.86,286.77,287.48,75481888
2018-10-10 04:00:00+00:00,286.83,286.91,277.88,278.27,217049445
2018-10-11 04:00:00+00:00,277.08,278.9,270.36,272.54,277877162
2018-10-12 04:00:00+00:00,276.77,277.09,272.37,276.01,185257288
2018-10-15 04:00:00+00:00,275.55,277.04,274.3,274.49,104838973
2018-10-16 04:00:00+00:00,276.6,280.82,276.07,280.24,121028473
2018-10-17 04:00:00+00:00,280.44,281.15,277.56,280.42,111897958
2018-10-18 04:00:00+00:00,279.4,280.07,274.97,276.39,137804219
2018-10-19 04:00:00+00:00,277.13,279.3,275.47,276.1797,140662678
2018-10-22 04:00:00+00:00,277.0,277.36,274.41,275.03,83420677
2018-10-23 04:00:00+00:00,270.95,274.87,268.61,273.52,148031789
2018-10-24 04:00:00+00:00,273.33,273.76,264.7,265.21,180061325
2018-10-25 04:00:00+00:00,267.38,271.81,266.23,270.01,140353452
2018-10-26 04:00:00+00:00,265.92,271.0,262.29,265.22,203923040
2018-10-29 04:00:00+00:00,268.8,270.25,259.85,263.69,162968623
2018-10-30 04:00:00+00:00,263.67,268.12,263.12,267.88,159696059
2018-10-31 04:00:00+00:00,270.65,273.23,270.12,270.69,131674297
2018-11-01 04:00:00+00:00,271.6,273.73,270.38,273.37,101051621
2018-11-02 04:00:00+00:00,274.75,275.23,269.59,271.8,124249254
2018-11-05 05:00:00+00:00,272.44,274.01,271.35,273.47,69873066
2018-11-06 05:00:00+00:00,273.32,275.3,273.25,275.11,60827084
2018-11-07 05:00:00+00:00,277.56,281.1,277.08,281.0,104778528
2018-11-08 05:00:00+00:00,280.11,281.22,279.22,280.48,67444757
2018-11-09 05:00:00+00:00,279.03,279.24,276.18,277.82,101244637
2018-11-12 05:00:00+00:00,277.19,277.46,271.99,272.4795,101689304
2018-11-13 05:00:00+00:00,273.09,275.325,271.25,272.04,99239981
2018-11-14 05:00:00+00:00,274.16,274.61,268.45,270.15,128960318
2018-11-15 05:00:00+00:00,268.78,273.54,267.0102,273.01,136215785
2018-11-16 05:00:00+00:00,271.79,274.75,271.21,273.73,128968576
2018-11-19 05:00:00+00:00,273.05,273.38,268.07,269.12,104845636
2018-11-20 05:00:00+00:00,265.36,267.0,263.15,264.15,137953946
2018-11-21 05:00:00+00:00,265.86,267.15,265.01,265.03,77283500
2018-11-23 05:00:00+00:00,263.18,264.8234,263.07,263.32,44012132
2018-11-26 05:00:00+00:00,265.78,267.75,265.34,267.43,81413911
2018-11-27 05:00:00+00:00,266.34,268.4,265.66,268.29,79161825
2018-11-28 05:00:00+00:00,269.6,274.58,268.3272,274.36,129875459
2018-11-29 05:00:00+00:00,273.71,275.55,272.43,273.95,83664985
2018-11-30 05:00:00+00:00,273.81,276.28,273.45,275.685,100386880
2018-12-03 05:00:00+00:00,280.28,280.4,277.505,279.26,104690284
2018-12-04 05:00:00+00:00,278.37,278.85,269.9,270.39,182203555
2018-12-06 05:00:00+00:00,265.92,269.97,262.44,269.77,207107459
2018-12-07 05:00:00+00:00,269.46,271.22,262.63,263.66,163396256
2018-12-10 05:00:00+00:00,263.37,265.1613,258.62,264.07,153231653
2018-12-11 05:00:00+00:00,267.66,267.87,262.48,264.11,123751607
2018-12-12 05:00:00+00:00,267.47,269.0,265.37,265.53,99519604
2018-12-13 05:00:00+00:00,266.52,267.49,264.12,265.38,97977658
2018-12-14 05:00:00+00:00,262.96,264.03,259.85,260.57,118649525
2018-12-17 05:00:00+00:00,259.4,260.65,253.525,255.17,168348737
2018-12-18 05:00:00+00:00,257.2,257.95,253.28,255.11,135891775
2018-12-19 05:00:00+00:00,255.17,259.4,249.35,251.04,217325252
2018-12-20 05:00:00+00:00,249.86,251.62,244.65,247.11,254595504
2018-12-21 05:00:00+00:00,246.74,249.71,239.98,240.61,261701849
2018-12-24 05:00:00+00:00,239.04,240.8355,234.27,234.37,148557724
2018-12-26 05:00:00+00:00,235.97,246.18,233.76,245.9095,222380482
2018-12-27 05:00:00+00:00,242.57,248.29,238.96,248.21,190958804
2018-12-28 05:00:00+00:00,249.58,251.4,246.45,247.73,154974847
2018-12-31 05:00:00+00:00,249.56,250.19,247.47,250.08,147557713
2019-01-02 05:00:00+00:00,245.98,251.21,245.95,250.23,132165224
2019-01-03 05:00:00+00:00,248.23,248.57,243.67,244.15,146823673
2019-01-04 05:00:00+00:00,247.59,253.11,247.17,252.39,145055352
2019-01-07 05:00:00+00:00,252.69,255.95,251.69,254.29,105208591
2019-01-08 05:00:00+00:00,256.82,257.31,254.0,256.62,103624383
2019-01-09 05:00:00+00:00,257.56,258.91,256.19,257.92,96652953
2019-01-10 05:00:00+00:00,256.26,259.16,255.5,258.98,98370502
2019-01-11 05:00:00+00:00,257.68,259.0098,257.03,258.81,73870479
2019-01-14 05:00:00+00:00,256.86,258.3,256.41,257.35,71747098
2019-01-15 05:00:00+00:00,257.82,260.7,257.81,260.23,87140531
2019-01-16 05:00:00+00:00,260.83,261.9666,260.6,260.96,79910690
2019-01-17 05:00:00+00:00,260.01,263.92,259.96,263.0,97376854
2019-01-18 05:00:00+00:00,264.98,266.98,262.998,266.42,130617796
2019-01-22 05:00:00+00:00,264.82,265.06,261.06,262.94,117524932
2019-01-23 05:00:00+00:00,264.01,264.79,260.66,263.35,87913109
2019-01-24 05:00:00+00:00,263.21,264.2,262.08,263.6,61342224
2019-01-25 05:00:00+00:00,265.61,266.7,263.6595,265.78,98218282
2019-01-28 05:00:00+00:00,263.39,263.83,261.79,263.78,87421778
2019-01-29 05:00:00+00:00,263.92,264.55,262.48,263.52,67650406
2019-01-30 05:00:00+00:00,265.1,268.52,264.25,267.44,93982824
2019-01-31 05:00:00+00:00,267.51,270.47,267.27,269.81,107152582
2019-02-01 05:00:00+00:00,270.15,271.2,269.18,270.08,87113187
2019-02-04 05:00:00+00:00,270.11,272.03,269.36,272.01,63614067
2019-02-05 05:00:00+00:00,272.44,273.44,271.88,273.16,82298180
2019-02-06 05:00:00+00:00,272.79,273.34,271.92,272.83,61485829
2019-02-07 05:00:00+00:00,270.94,271.55,268.29,270.17,96611850
2019-02-08 05:00:00+00:00,268.75,270.58,267.83,270.54,76471005
2019-02-11 05:00:00+00:00,271.2,271.49,270.03,270.69,69530504
2019-02-12 05:00:00+00:00,272.42,274.52,272.34,274.06,73533121
2019-02-13 05:00:00+00:00,275.03,275.93,274.56,274.95,66896771
2019-02-14 05:00:00+00:00,273.78,275.64,272.87,274.46,84116124
2019-02-15 05:00:00+00:00,276.36,277.41,276.13,277.38,98445574
2019-02-19 05:00:00+00:00,276.4813,278.58,276.47,277.88,60016568
2019-02-20 05:00:00+00:00,277.81,278.92,277.25,278.43,77459348
2019-02-21 05:00:00+00:00,277.7,278.1,276.345,277.46,64937725
2019-02-22 05:00:00+00:00,278.11,279.36,277.4029,279.16,81379467
2019-02-25 05:00:00+00:00,280.73,281.31,279.43,279.59,70022314
2019-02-26 05:00:00+00:00,279.1,280.3,278.9,279.34,58160878
2019-02-27 05:00:00+00:00,278.52,279.59,277.48,279.18,58056699
2019-02-28 05:00:00+00:00,278.96,279.45,278.32,278.65,71882901
2019-03-01 05:00:00+00:00,280.44,280.88,278.82,280.41,80364273
2019-03-04 05:00:00+00:00,281.6,281.87,276.84,279.38,109422531
2019-03-05 05:00:00+00:00,279.54,279.76,278.41,279.06,61491071
2019-03-06 05:00:00+00:00,279.15,279.16,276.97,277.34,78461884
2019-03-07 05:00:00+00:00,276.83,276.99,274.07,275.13,96843080
2019-03-08 05:00:00+00:00,272.94,274.65,272.42,274.49,87028556
2019-03-11 04:00:00+00:00,275.26,278.62,275.23,278.48,66974717
2019-03-12 04:00:00+00:00,279.06,280.07,278.85,279.44,80874307
2019-03-13 04:00:00+00:00,280.48,282.38,280.3,281.33,82988832
2019-03-14 04:00:00+00:00,281.37,281.84,280.6662,281.2,69214751
2019-03-15 04:00:00+00:00,280.54,282.21,280.33,281.34,82741834
2019-03-18 04:00:00+00:00,281.55,282.66,281.3,282.42,63367903
2019-03-19 04:00:00+00:00,283.51,284.36,281.41,282.51,91812444
2019-03-20 04:00:00+00:00,282.16,283.5,280.32,281.5,86060887
2019-03-21 04:00:00+00:00,280.64,285.18,280.59,284.58,81184605
2019-03-22 04:00:00+00:00,283.22,283.8034,279.18,279.34,126176990
2019-03-25 04:00:00+00:00,278.87,280.1853,277.64,279.0,86567168
2019-03-26 04:00:00+00:00,280.99,282.18,279.56,281.04,69386210
2019-03-27 04:00:00+00:00,281.11,281.76,277.93,279.55,73396221
2019-03-28 04:00:00+00:00,280.35,281.21,279.07,280.71,57431828
2019-03-29 04:00:00+00:00,282.39,282.84,281.14,282.45,86158219
2019-04-01 04:00:00+00:00,284.7,286.16,284.4,285.74,80192089
2019-04-02 04:00:00+00:00,286.04,286.23,285.09,285.99,40808711
2019-04-03 04:00:00+00:00,287.32,287.76,285.75,286.45,69511484
2019-04-04 04:00:00+00:00,286.78,287.459,286.01,287.18,50144575
2019-04-05 04:00:00+00:00,287.92,288.63,287.6,288.52,59597762
2019-04-08 04:00:00+00:00,288.1,288.91,287.37,288.8,54576741
2019-04-09 04:00:00+00:00,287.72,288.08,286.7,287.33,67706578
2019-04-10 04:00:00+00:00,287.77,288.3899,287.31,288.29,53474655
2019-04-11 04:00:00+00:00,288.83,288.84,287.578,288.23,55858801
2019-04-12 04:00:00+00:00,290.0,290.47,288.261,290.13,70919665
2019-04-15 04:00:00+00:00,290.24,290.35,289.075,289.98,50455219
2019-04-16 04:00:00+00:00,290.95,291.01,289.5,290.1705,52818514
2019-04-17 04:00:00+00:00,291.4,291.425,288.99,289.47,59131849
2019-04-18 04:00:00+00:00,290.1,290.32,288.66,289.99,69601739
2019-04-22 04:00:00+00:00,289.17,290.435,289.07,290.3,41438319
2019-04-23 04:00:00+00:00,290.68,293.14,290.42,292.89,53717869
2019-04-24 04:00:00+00:00,292.79,293.16,292.07,292.21,51150196
2019-04-25 04:00:00+00:00,292.12,292.78,290.73,292.13,59111801
2019-04-26 04:00:00+00:00,292.1,293.49,291.2401,293.41,51864349
2019-04-29 04:00:00+00:00,293.51,294.45,293.41,293.78,58217271
2019-04-30 04:00:00+00:00,293.49,294.34,291.92,293.87,83418943
2019-05-01 04:00:00+00:00,294.72,294.95,291.8,291.82,72689383
2019-05-02 04:00:00+00:00,291.68,292.7,289.52,291.13,66830633
2019-05-03 04:00:00+00:00,292.82,294.34,291.2998,293.98,57828940
2019-05-06 04:00:00+00:00,289.25,293.31,288.9,292.83,117885315
2019-05-07 04:00:00+00:00,290.15,290.81,285.81,288.05,148103972
2019-05-08 04:00:00+00:00,287.53,289.43,286.87,287.73,93518272
2019-05-09 04:00:00+00:00,285.23,287.33,283.3,286.67,105484233
2019-05-10 04:00:00+00:00,285.62,288.94,282.3,288.03,113435772
2019-05-13 04:00:00+00:00,282.42,283.49,279.93,280.9905,130626738
2019-05-14 04:00:00+00:00,281.99,285.1,281.85,283.38,80127712
2019-05-15 04:00:00+00:00,281.59,285.77,281.36,285.15,75289562
2019-05-16 04:00:00+00:00,285.84,289.21,285.76,287.68,78222782
2019-05-17 04:00:00+00:00,285.14,288.6,285.1207,285.94,102052912
2019-05-20 04:00:00+00:00,284.06,285.962,283.12,283.96,64170379
2019-05-21 04:00:00+00:00,285.83,286.93,285.55,286.48,47820098
2019-05-22 04:00:00+00:00,285.45,286.69,285.1,285.62,50144366
2019-05-23 04:00:00+00:00,283.205,283.21,280.57,282.19,100251363
2019-05-24 04:00:00+00:00,283.74,284.2,282.09,282.95,56290096
2019-05-28 04:00:00+00:00,283.09,284.15,280.13,280.31,71181073
2019-05-29 04:00:00+00:00,278.91,279.36,276.71,278.26,106194018
2019-05-30 04:00:00+00:00,279.11,280.04,277.805,278.98,63619067
2019-05-31 04:00:00+00:00,276.2,277.12,275.24,275.37,88950271
2019-06-03 04:00:00+00:00,275.32,276.5521,273.09,274.61,97829990
2019-06-04 04:00:00+00:00,277.12,280.68,276.62,280.49,78655444
2019-06-05 04:00:00+00:00,282.33,282.99,280.32,282.87,72864182
2019-06-06 04:00:00+00:00,283.29,285.55,282.57,284.78,73406945
2019-06-07 04:00:00+00:00,285.93,288.85,285.74,287.58,75657962
2019-06-10 04:00:00+00:00,289.37,290.82,288.8734,288.9305,61774465
2019-06-11 04:00:00+00:00,290.99,291.4,288.1805,288.91,59466020
2019-06-12 04:00:00+00:00,288.64,289.26,287.815,288.3,48189729
2019-06-13 04:00:00+00:00,289.4,289.98,288.62,289.58,50062283
2019-06-14 04:00:00+00:00,289.26,289.93,288.41,289.23,53455035
2019-06-17 04:00:00+00:00,289.52,290.22,289.18,289.47,40412734
2019-06-18 04:00:00+00:00,291.39,293.57,290.99,292.32,87949170
2019-06-19 04:00:00+00:00,292.55,293.65,291.47,293.01,80843620
2019-06-20 04:00:00+00:00,296.04,296.3093,293.1255,295.88,118177314
2019-06-21 04:00:00+00:00,294.13,295.52,293.76,294.0,86831535
2019-06-24 04:00:00+00:00,294.23,294.58,293.47,293.66,48346062
2019-06-25 04:00:00+00:00,293.7,293.73,290.64,290.78,86145268
2019-06-26 04:00:00+00:00,291.75,292.31,290.345,290.51,54550945
2019-06-27 04:00:00+00:00,291.31,292.06,290.89,291.52,41184771
2019-06-28 04:00:00+00:00,292.58,293.55,292.01,293.1,61281271
2019-07-01 04:00:00+00:00,296.68,296.92,294.33,295.58,80972325
2019-07-02 04:00:00+00:00,295.61,296.49,294.68,296.44,62258442
2019-07-03 04:00:00+00:00,297.18,298.82,297.02,298.8,42248078
2019-07-05 04:00:00+00:00,297.44,298.64,296.01,298.27,52650445
2019-07-08 04:00:00+00:00,297.01,298.2579,296.22,296.86,47352766
2019-07-09 04:00:00+00:00,295.54,297.52,295.48,297.23,42301733
2019-07-10 04:00:00+00:00,298.37,299.66,297.78,298.61,59656591
2019-07-11 04:00:00+00:00,299.32,299.58,298.2,299.32,51545653
2019-07-12 04:00:00+00:00,299.85,300.73,299.51,300.65,41362400
2019-07-15 04:00:00+00:00,301.13,301.13,300.19,300.84,34419769
2019-07-16 04:00:00+00:00,300.65,300.88,299.44,299.78,41252625
2019-07-17 04:00:00+00:00,299.75,299.93,297.74,297.78,45903553
2019-07-18 04:00:00+00:00,297.19,299.25,296.7,298.87,52346311
2019-07-19 04:00:00+00:00,300.04,300.07,296.96,297.26,72696883
2019-07-22 04:00:00+00:00,297.61,298.5,297.04,297.81,45886285
2019-07-23 04:00:00+00:00,299.14,300.03,298.22,299.98,45969686
2019-07-24 04:00:00+00:00,299.19,301.44,299.09,301.4,48730753
2019-07-25 04:00:00+00:00,300.94,301.0,299.11,299.97,58984311
2019-07-26 04:00:00+00:00,300.76,302.23,300.62,301.96,48115422
2019-07-29 04:00:00+00:00,301.88,301.93,300.85,301.49,39076088
2019-07-30 04:00:00+00:00,299.91,301.17,299.49,300.79,47114717
2019-07-31 04:00:00+00:00,300.99,301.2,295.2,297.4,106681828
2019-08-01 04:00:00+00:00,297.6,300.87,293.96,295.0,145021954
2019-08-02 04:00:00+00:00,293.85,294.12,290.9,292.62,119022508
2019-08-05 04:00:00+00:00,288.09,288.21,281.72,284.05,183198274
2019-08-06 04:00:00+00:00,285.91,288.04,284.28,287.73,124236590
2019-08-07 04:00:00+00:00,284.4,288.82,282.04,288.16,142254766
2019-08-08 04:00:00+00:00,289.62,293.62,289.01,293.59,90112173
2019-08-09 04:00:00+00:00,292.58,293.24,289.65,291.6,95091532
2019-08-12 04:00:00+00:00,289.96,291.6052,287.02,287.93,58248189
2019-08-13 04:00:00+00:00,287.74,294.15,287.36,292.42,96643300
2019-08-14 04:00:00+00:00,288.07,292.4644,283.76,284.02,138650630
2019-08-15 04:00:00+00:00,284.88,285.64,282.39,284.65,103711759
2019-08-16 04:00:00+00:00,286.48,289.33,284.7138,288.81,87151223
2019-08-19 04:00:00+00:00,292.19,293.08,291.44,292.32,56116895
2019-08-20 04:00:00+00:00,291.77,292.36,289.95,290.02,53406540
2019-08-21 04:00:00+00:00,292.48,292.86,291.72,292.41,51117691
2019-08-22 04:00:00+00:00,293.23,293.93,290.4,292.33,53036877
2019-08-23 04:00:00+00:00,290.92,292.76,283.47,284.88,151633008
2019-08-26 04:00:00+00:00,287.27,288.0,285.58,287.95,74581806
2019-08-27 04:00:00+00:00,289.54,289.95,286.03,286.7,69217186
2019-08-28 04:00:00+00:00,286.14,289.07,285.25,288.84,60999504
2019-08-29 04:00:00+00:00,291.72,293.16,290.61,292.58,59225194
2019-08-30 04:00:00+00:00,294.22,294.2399,291.42,292.4527,64676117
2019-09-03 04:00:00+00:00,290.57,291.58,289.27,290.75,70523272
2019-09-04 04:00:00+00:00,293.14,294.055,292.31,293.97,48447464
2019-09-05 04:00:00+00:00,296.79,298.83,294.001,297.75,84134211
2019-09-06 04:00:00+00:00,298.17,298.76,297.42,298.05,50175287
2019-09-09 04:00:00+00:00,299.14,299.24,297.16,298.2,52006396
2019-09-10 04:00:00+00:00,297.36,298.2,295.97,298.09,58797500
2019-09-11 04:00:00+00:00,298.47,300.34,297.75,300.31,69964932
2019-09-12 04:00:00+00:00,301.25,302.46,300.41,301.36,73765948
2019-09-13 04:00:00+00:00,301.78,302.17,300.68,300.99,62876882
2019-09-16 04:00:00+00:00,299.84,301.1378,299.45,300.21,60055479
2019-09-17 04:00:00+00:00,299.94,301.02,299.75,300.95,43560752
2019-09-18 04:00:00+00:00,300.49,301.22,298.24,301.1,75049588
2019-09-19 04:00:00+00:00,301.53,302.63,300.7103,301.07,79490929
2019-09-20 04:00:00+00:00,300.36,300.67,297.41,298.08,99626161
2019-09-23 04:00:00+00:00,297.55,299.0,297.27,298.3,48321226
2019-09-24 04:00:00+00:00,299.41,299.84,294.81,295.92,98688410
2019-09-25 04:00:00+00:00,295.96,298.11,294.33,297.61,78417632
2019-09-26 04:00:00+00:00,297.63,297.86,295.45,297.0,59165581
2019-09-27 04:00:00+00:00,297.83,297.9465,293.69,295.41,86011770
2019-09-30 04:00:00+00:00,295.97,297.55,295.92,296.7905,54249399
2019-10-01 04:00:00+00:00,297.74,298.455,293.0,293.32,90963980
2019-10-02 04:00:00+00:00,291.5,291.51,286.64,288.16,126335327
2019-10-03 04:00:00+00:00,287.81,290.45,284.82,290.45,86869960
2019-10-04 04:00:00+00:00,291.14,294.63,290.82,294.3,67767580
2019-10-07 04:00:00+00:00,293.47,295.26,292.77,293.1,62088645
2019-10-08 04:00:00+00:00,291.04,291.85,288.49,288.66,103504306
2019-10-09 04:00:00+00:00,290.75,292.3,288.6559,291.12,70229917
2019-10-10 04:00:00+00:00,291.18,294.21,291.0,293.29,57867131
2019-10-11 04:00:00+00:00,296.27,298.74,296.1448,296.25,102672621
2019-10-14 04:00:00+00:00,295.93,296.67,295.57,296.03,41283428
2019-10-15 04:00:00+00:00,297.1,299.7,296.97,298.88,48895657
2019-10-16 04:00:00+00:00,298.37,299.16,297.92,298.46,52994390
2019-10-17 04:00:00+00:00,299.68,300.24,298.515,299.21,47733412
2019-10-18 04:00:00+00:00,298.69,299.395,296.99,298.09,65642672
2019-10-21 04:00:00+00:00,299.42,300.21,298.935,300.03,40676748
2019-10-22 04:00:00+00:00,300.58,300.9,298.91,298.99,50056997
2019-10-23 04:00:00+00:00,298.73,299.94,298.495,299.83,35723766
2019-10-24 04:00:00+00:00,300.91,301.07,299.4601,300.42,36772203
2019-10-25 04:00:00+00:00,299.74,302.2,299.6806,301.59,46278271
2019-10-28 04:00:00+00:00,302.94,303.85,302.91,303.34,43245339
2019-10-29 04:00:00+00:00,303.0,304.23,302.86,303.14,44955590
2019-10-30 04:00:00+00:00,303.43,304.55,301.99,304.21,50475026
2019-10-31 04:00:00+00:00,304.13,304.13,301.73,303.33,70472882
2019-11-01 04:00:00+00:00,304.92,306.19,304.74,306.17,72649752
2019-11-04 05:00:00+00:00,307.85,308.0,306.96,307.37,61451913
2019-11-05 05:00:00+00:00,307.59,307.9195,306.71,307.04,44001870
2019-11-06 05:00:00+00:00,307.03,307.4,306.06,307.07,47383539
2019-11-07 05:00:00+00:00,308.57,309.65,307.66,308.21,55053333
2019-11-08 05:00:00+00:00,307.8,309.0036,307.03,308.93,49653540
2019-11-11 05:00:00+00:00,307.42,308.54,307.27,308.36,36335724
2019-11-12 05:00:00+00:00,308.75,309.99,308.15,308.96,47933274
2019-11-13 05:00:00+00:00,307.91,309.54,307.66,309.15,55252450
2019-11-14 05:00:00+00:00,308.79,309.64,308.09,309.54,52602572
2019-11-15 05:00:00+00:00,311.02,311.84,310.26,311.81,62832522
2019-11-18 05:00:00+00:00,311.53,312.28,311.03,311.98,50489632
2019-11-19 05:00:00+00:00,312.68,312.69,311.22,311.91,69272746
2019-11-20 05:00:00+00:00,311.28,311.85,309.06,310.81,80921343
2019-11-21 05:00:00+00:00,310.89,311.01,309.39,310.3,55273030
2019-11-22 05:00:00+00:00,311.09,311.24,309.85,311.02,45485710
2019-11-25 05:00:00+00:00,311.98,313.37,311.98,313.33,50273892
2019-11-26 05:00:00+00:00,313.41,314.28,313.06,313.99,38729785
2019-11-27 05:00:00+00:00,314.61,315.48,314.37,315.42,46153005
2019-11-29 05:00:00+00:00,314.86,315.13,314.06,314.33,37839782
2019-12-02 05:00:00+00:00,314.59,314.66,311.17,311.66,78630131
2019-12-03 05:00:00+00:00,308.65,309.64,307.13,309.51,76725416
2019-12-04 05:00:00+00:00,310.7,312.12,310.32,311.5,49860938
2019-12-05 05:00:00+00:00,312.23,312.25,310.58,312.09,41540611
2019-12-06 05:00:00+00:00,314.12,315.31,314.11,314.83,50091438
2019-12-09 05:00:00+00:00,314.44,315.18,313.8,313.89,35419836
2019-12-10 05:00:00+00:00,313.82,314.55,312.81,313.58,53698321
2019-12-11 05:00:00+00:00,314.03,314.7,313.4393,314.33,56301209
2019-12-12 05:00:00+00:00,314.43,317.99,314.17,317.08,98280985
2019-12-13 05:00:00+00:00,316.87,318.67,316.02,317.29,82239787
2019-12-16 05:00:00+00:00,319.22,320.15,317.2542,319.49,86183317
2019-12-17 05:00:00+00:00,319.92,320.25,319.48,319.5495,62393053
2019-12-18 05:00:00+00:00,320.0,320.25,319.53,319.56,51246674
2019-12-19 05:00:00+00:00,319.8,320.98,319.5246,320.87,87471997
2019-12-20 05:00:00+00:00,320.46,321.9742,319.3873,320.86,162473006
2019-12-23 05:00:00+00:00,321.59,321.65,321.06,321.27,54408530
2019-12-24 05:00:00+00:00,321.47,321.52,320.9,321.24,20550098
2019-12-26 05:00:00+00:00,321.65,322.95,321.64,322.94,31809352
2019-12-27 05:00:00+00:00,323.74,323.8,322.28,322.85,43084401
2019-12-30 05:00:00+00:00,322.95,323.1,320.55,321.13,51165259
2019-12-31 05:00:00+00:00,320.53,322.13,320.15,321.85,59018703
2020-01-02 05:00:00+00:00,323.54,324.89,322.53,324.87,60187033
2020-01-03 05:00:00+00:00,321.16,323.64,321.1,322.43,80319689
2020-01-06 05:00:00+00:00,320.49,323.73,320.36,323.73,56672077
2020-01-07 05:00:00+00:00,323.02,323.54,322.24,322.74,43646563
2020-01-08 05:00:00+00:00,322.94,325.78,322.67,324.42,69691471
2020-01-09 05:00:00+00:00,326.16,326.73,325.52,326.59,49479650
2020-01-10 05:00:00+00:00,327.2899,327.46,325.2,325.64,53842362
2020-01-13 05:00:00+00:00,326.39,327.96,325.92,327.92,51115039
2020-01-14 05:00:00+00:00,327.47,328.62,326.844,327.42,64327107
2020-01-15 05:00:00+00:00,327.35,329.02,327.26,328.16,73150949
2020-01-16 05:00:00+00:00,329.7,330.92,329.45,330.86,56695908
2020-01-17 05:00:00+00:00,331.7,332.18,330.7897,332.01,107448658
2020-01-21 05:00:00+00:00,330.9,332.18,330.82,331.29,80196677
2020-01-22 05:00:00+00:00,332.24,332.95,331.17,331.35,49824372
2020-01-23 05:00:00+00:00,330.63,332.1682,329.41,331.8,52680351
2020-01-24 05:00:00+00:00,332.44,332.53,327.36,328.76,88497842
2020-01-27 05:00:00+00:00,323.03,325.12,322.66,323.51,86318745
2020-01-28 05:00:00+00:00,325.06,327.85,323.6038,326.88,65847396
2020-01-29 05:00:00+00:00,328.38,328.63,326.4,326.62,54998042
2020-01-30 05:00:00+00:00,324.36,327.91,323.54,327.62,77185315
2020-01-31 05:00:00+00:00,327.0,327.17,320.73,321.75,116500962
2020-02-03 05:00:00+00:00,323.35,326.16,323.22,324.12,71170107
2020-02-04 05:00:00+00:00,328.07,330.01,327.72,329.06,64065469
2020-02-05 05:00:00+00:00,332.27,333.09,330.67,332.84,67402342
2020-02-06 05:00:00+00:00,333.91,334.19,332.8,333.93,51626082
2020-02-07 05:00:00+00:00,332.82,333.9941,331.6,332.24,65101736
2020-02-10 05:00:00+00:00,331.23,334.75,331.19,334.75,43576992
2020-02-11 05:00:00+00:00,336.16,337.02,334.684,335.27,55707407
2020-02-12 05:00:00+00:00,336.83,337.65,336.43,337.44,44997697
2020-02-13 05:00:00+00:00,335.8621,338.12,335.56,337.17,55382831
2020-02-14 05:00:00+00:00,337.51,337.73,336.2,337.6,65012969
2020-02-18 05:00:00+00:00,336.51,337.6677,335.21,336.73,58482788
2020-02-19 05:00:00+00:00,337.79,339.08,337.48,338.32,49804453
2020-02-20 05:00:00+00:00,337.7423,338.64,333.6817,336.99,74976767
2020-02-21 05:00:00+00:00,335.47,335.81,332.58,333.45,115144054
2020-02-24 05:00:00+00:00,323.14,333.5623,321.24,322.42,163655089
2020-02-25 05:00:00+00:00,323.94,324.61,311.69,312.59,223245173
2020-02-26 05:00:00+00:00,314.18,318.11,310.7,311.61,198369131
2020-02-27 05:00:00+00:00,305.46,311.5637,297.51,297.7,288117319
2020-02-28 05:00:00+00:00,288.7,297.892,285.54,296.24,392482615
2020-03-02 05:00:00+00:00,298.21,309.16,294.46,308.9,241275739
2020-03-03 05:00:00+00:00,309.5,313.84,297.57,300.32,305243992
2020-03-04 05:00:00+00:00,306.12,313.1,303.33,313.05,178853859
2020-03-05 05:00:00+00:00,304.98,308.47,300.01,302.51,188896911
2020-03-06 05:00:00+00:00,293.15,298.78,290.23,297.43,231042459
2020-03-09 04:00:00+00:00,275.3,284.19,273.45,276.32,312908288
2020-03-10 04:00:00+00:00,284.64,288.52,273.5,288.41,278857139
2020-03-11 04:00:00+00:00,280.7,281.94,270.88,274.25,258486370
2020-03-12 04:00:00+00:00,256.0,266.66,247.68,255.24,394824960
2020-03-13 04:00:00+00:00,263.09,271.4754,248.5237,270.2,328921935
2020-03-16 04:00:00+00:00,241.18,256.9,237.36,241.065,300815897
2020-03-17 04:00:00+00:00,245.04,256.17,237.07,254.19,265602534
2020-03-18 04:00:00+00:00,236.25,248.37,228.02,235.69,329737404
2020-03-19 04:00:00+00:00,239.25,247.38,232.22,240.55,292164236
2020-03-20 04:00:00+00:00,242.53,244.47,228.5,229.4,346965271
2020-03-23 04:00:00+00:00,228.19,229.6833,218.26,222.68,328483538
2020-03-24 04:00:00+00:00,234.42,244.1,233.8,242.0,238855181
2020-03-25 04:00:00+00:00,244.87,256.35,239.75,246.79,301441274
2020-03-26 04:00:00+00:00,249.52,262.8,249.05,260.93,260651432
2020-03-27 04:00:00+00:00,253.27,260.81,251.05,254.0,225910512
2020-03-30 04:00:00+00:00,255.7,262.43,253.53,261.56,173415329
2020-03-31 04:00:00+00:00,260.56,263.33,256.22,257.36,199726153
2020-04-01 04:00:00+00:00,247.98,257.6591,243.9,246.04,191168322
2020-04-02 04:00:00+00:00,245.19,252.68,244.59,251.93,180209961
2020-04-03 04:00:00+00:00,250.76,253.32,245.22,247.95,135983980
2020-04-06 04:00:00+00:00,257.84,267.0,248.1698,264.74,190704663
2020-04-07 04:00:00+00:00,274.21,275.03,264.89,265.18,202333061
2020-04-08 04:00:00+00:00,267.96,276.0,265.2542,274.0,156041618
2020-04-09 04:00:00+00:00,277.58,281.2,275.47,278.22,191207283
2020-04-13 04:00:00+00:00,277.14,277.51,271.41,275.63,115990100
2020-04-14 04:00:00+00:00,280.98,284.9,275.5106,283.8,135637433
2020-04-15 04:00:00+00:00,277.57,283.9407,275.46,277.75,122479542
2020-04-16 04:00:00+00:00,279.15,280.03,275.76,278.96,133521580
2020-04-17 04:00:00+00:00,285.38,287.3,282.4,286.54,148426671
2020-04-20 04:00:00+00:00,282.61,286.7912,281.35,281.76,101355962
2020-04-21 04:00:00+00:00,276.73,278.04,272.02,273.17,127506242
2020-04-22 04:00:00+00:00,278.35,281.0,276.91,279.04,95043515
2020-04-23 04:00:00+00:00,280.49,283.94,278.75,279.01,105334118
2020-04-24 04:00:00+00:00,280.73,283.7,278.5,282.89,85986704
2020-04-27 04:00:00+00:00,285.12,288.27,284.62,287.1,79453111
2020-04-28 04:00:00+00:00,291.02,291.4,285.4,285.69,107717695
2020-04-29 04:00:00+00:00,291.54,294.88,290.41,293.15,120029469
2020-04-30 04:00:00+00:00,291.71,293.3239,288.59,290.63,125590429
2020-05-01 04:00:00+00:00,285.31,290.6572,281.52,282.83,127002350
2020-05-04 04:00:00+00:00,280.74,283.9,279.13,283.59,81813464
2020-05-05 04:00:00+00:00,286.64,289.25,283.7134,286.15,80363726
2020-05-06 04:00:00+00:00,288.04,288.46,283.78,284.34,74268760
2020-05-07 04:00:00+00:00,287.75,289.78,287.13,287.7,75995625
2020-05-08 04:00:00+00:00,291.09,292.95,289.86,292.51,77453400
2020-05-11 04:00:00+00:00,290.34,294.0,289.88,292.62,80185487
2020-05-12 04:00:00+00:00,293.79,294.24,286.52,286.55,96646578
2020-05-13 04:00:00+00:00,286.06,287.19,278.965,281.49,145925811
2020-05-14 04:00:00+00:00,278.95,285.11,272.99,285.04,122811653
2020-05-15 04:00:00+00:00,282.37,286.33,281.34,286.29,112236947
2020-05-18 04:00:00+00:00,293.05,296.75,292.7,294.94,121483062
2020-05-19 04:00:00+00:00,294.35,296.205,291.95,292.21,95902732
2020-05-20 04:00:00+00:00,295.82,297.87,295.57,297.03,88554554
2020-05-21 04:00:00+00:00,296.79,297.67,293.6886,294.83,79080063
2020-05-22 04:00:00+00:00,294.55,295.63,293.22,295.48,64663504
2020-05-26 04:00:00+00:00,301.93,302.19,295.4646,299.2,89907108
2020-05-27 04:00:00+00:00,302.12,303.57,296.87,303.55,105572911
2020-05-28 04:00:00+00:00,304.65,306.84,302.24,303.07,91346714
2020-05-29 04:00:00+00:00,302.46,304.96,299.47,304.49,120799423
2020-06-01 04:00:00+00:00,303.62,306.205,303.06,305.45,57566227
2020-06-02 04:00:00+00:00,306.55,308.13,305.1,308.08,75144357
2020-06-03 04:00:00+00:00,310.24,313.22,309.94,312.09,93420974
2020-06-04 04:00:00+00:00,311.11,313.0,309.08,311.34,76617786
2020-06-05 04:00:00+00:00,317.23,321.275,317.16,319.4,152027977
2020-06-08 04:00:00+00:00,320.22,323.41,319.63,323.15,74473679
2020-06-09 04:00:00+00:00,320.3,323.2849,319.36,320.94,78168825
2020-06-10 04:00:00+00:00,321.42,322.39,318.2209,319.03,95540117
2020-06-11 04:00:00+00:00,311.46,312.15,300.01,300.69,211170242
2020-06-12 04:00:00+00:00,308.24,309.08,298.6,304.38,195502665
2020-06-15 04:00:00+00:00,298.02,308.28,296.74,307.11,136778520
2020-06-16 04:00:00+00:00,315.48,315.64,307.67,312.75,138268268
2020-06-17 04:00:00+00:00,314.07,314.39,310.86,311.66,83772656
2020-06-18 04:00:00+00:00,310.005,312.3,309.51,311.76,81506001
2020-06-19 04:00:00+00:00,314.17,314.38,306.53,308.54,138791316
2020-06-22 04:00:00+00:00,307.99,311.05,306.75,310.67,75635183
2020-06-23 04:00:00+00:00,313.49,314.5,311.6101,312.0,69441123
2020-06-24 04:00:00+00:00,309.85,310.51,302.1,304.21,134448956
2020-06-25 04:00:00+00:00,303.47,307.64,301.28,307.26,90448031
2020-06-26 04:00:00+00:00,306.16,306.39,299.42,300.09,129290930
2020-06-29 04:00:00+00:00,301.41,304.61,298.93,304.56,81216962
2020-06-30 04:00:00+00:00,303.99,310.2,303.82,308.94,116632172
2020-07-01 04:00:00+00:00,309.57,311.89,309.07,310.57,73485424
2020-07-02 04:00:00+00:00,314.24,315.7,311.51,312.19,70466596
2020-07-06 04:00:00+00:00,316.37,317.68,315.56,317.01,62530715
2020-07-07 04:00:00+00:00,315.38,317.52,313.37,313.77,83588153
2020-07-08 04:00:00+00:00,314.61,316.3,312.7,316.16,55444248
2020-07-09 04:00:00+00:00,316.84,317.1,310.68,314.6,84350421
2020-07-10 04:00:00+00:00,314.31,317.88,312.76,317.64,58345670
2020-07-13 04:00:00+00:00,320.13,322.71,314.13,314.81,104203275
2020-07-14 04:00:00+00:00,313.3,319.76,312.0,318.93,94625450
2020-07-15 04:00:00+00:00,322.41,323.04,319.265,321.98,88112557
2020-07-16 04:00:00+00:00,319.79,321.28,319.09,320.86,55079118
2020-07-17 04:00:00+00:00,321.88,322.57,319.735,321.7,64751031
2020-07-20 04:00:00+00:00,321.43,325.13,320.62,324.27,57817013
2020-07-21 04:00:00+00:00,326.45,326.93,323.94,324.9,58132689
2020-07-22 04:00:00+00:00,324.62,327.2,324.5,326.82,58800184
2020-07-23 04:00:00+00:00,326.47,327.23,321.48,322.95,76637748
2020-07-24 04:00:00+00:00,320.95,321.99,319.246,320.91,74375086
2020-07-27 04:00:00+00:00,321.63,323.41,320.775,323.27,49179907
2020-07-28 04:00:00+00:00,322.43,323.64,320.85,321.3,58306358
2020-07-29 04:00:00+00:00,322.12,325.73,322.075,325.01,49357443
2020-07-30 04:00:00+00:00,321.9,324.41,319.64,323.98,62381361
2020-07-31 04:00:00+00:00,325.9,326.63,321.33,326.4,85813672
2020-08-03 04:00:00+00:00,328.32,329.62,327.73,328.67,54271003
2020-08-04 04:00:00+00:00,327.86,330.06,327.86,330.0,42614516
2020-08-05 04:00:00+00:00,331.47,332.39,331.18,332.03,43668799
2020-08-06 04:00:00+00:00,331.4799,334.46,331.13,334.32,44795942
2020-08-07 04:00:00+00:00,333.28,334.88,332.3,334.57,57978084
2020-08-10 04:00:00+00:00,335.06,335.77,332.955,335.56,45016105
2020-08-11 04:00:00+00:00,336.85,337.54,332.01,332.82,70722617
2020-08-12 04:00:00+00:00,335.44,338.28,332.8377,337.31,54833482
2020-08-13 04:00:00+00:00,336.61,338.2514,335.83,336.81,42353803
2020-08-14 04:00:00+00:00,336.41,337.42,335.62,336.85,49678955
2020-08-17 04:00:00+00:00,337.94,338.34,336.8517,337.92,36385587
2020-08-18 04:00:00+00:00,338.34,339.1,336.61,338.595,39695332
2020-08-19 04:00:00+00:00,339.05,339.61,336.62,337.13,68705194
2020-08-20 04:00:00+00:00,335.36,338.8,335.22,338.31,42983474
2020-08-21 04:00:00+00:00,337.92,339.72,337.55,339.45,55766135
2020-08-24 04:00:00+00:00,342.12,343.0,339.4504,342.9,49930585
2020-08-25 04:00:00+00:00,343.53,344.21,342.27,344.15,39370034
2020-08-26 04:00:00+00:00,344.76,347.86,344.17,347.61,51826891
2020-08-27 04:00:00+00:00,348.51,349.9,346.53,348.34,58859780
2020-08-28 04:00:00+00:00,349.44,350.72,348.15,350.57,48492772
2020-08-31 04:00:00+00:00,350.35,351.3,349.06,349.8206,67988740
2020-09-01 04:00:00+00:00,350.21,352.71,349.24,352.68,56368885
2020-09-02 04:00:00+00:00,354.67,358.75,353.43,357.78,70748274
2020-09-03 04:00:00+00:00,355.87,356.38,342.59,345.53,149844547
2020-09-04 04:00:00+00:00,346.13,347.83,334.87,342.35,140401491
2020-09-08 04:00:00+00:00,336.71,342.64,332.88,333.27,117145041
2020-09-09 04:00:00+00:00,337.55,342.46,336.61,339.77,92579171
2020-09-10 04:00:00+00:00,341.82,342.53,332.85,334.13,92367295
2020-09-11 04:00:00+00:00,335.82,336.97,331.0,334.09,85306783
2020-09-14 04:00:00+00:00,337.49,340.38,334.2208,338.44,67084086
2020-09-15 04:00:00+00:00,341.12,342.02,338.4683,340.12,53890721
2020-09-16 04:00:00+00:00,341.51,343.06,338.52,338.88,82875521
2020-09-17 04:00:00+00:00,333.56,337.6996,332.991,335.87,92670080
2020-09-18 04:00:00+00:00,335.37,335.49,327.97,330.77,107478873
2020-09-21 04:00:00+00:00,325.7,327.13,321.73,327.12,101042628
2020-09-22 04:00:00+00:00,328.57,330.9,325.86,330.3,66221849
2020-09-23 04:00:00+00:00,330.9,331.2,322.1,322.54,95922161
2020-09-24 04:00:00+00:00,321.22,326.797,319.8,323.42,79294892
2020-09-25 04:00:00+00:00,322.58,329.58,321.64,328.72,72303635
2020-09-28 04:00:00+00:00,333.22,334.96,332.15,334.25,66266107
2020-09-29 04:00:00+00:00,333.97,334.77,331.6209,332.43,53909946
2020-09-30 04:00:00+00:00,333.09,338.29,332.88,334.32,107538916
2020-10-01 04:00:00+00:00,337.69,338.74,335.01,336.97,89588758
2020-10-02 04:00:00+00:00,331.7,337.0126,331.19,333.88,90549716
2020-10-05 04:00:00+00:00,336.06,339.96,336.01,339.72,47151802
2020-10-06 04:00:00+00:00,339.91,342.17,334.38,334.95,92106026
2020-10-07 04:00:00+00:00,338.12,341.63,338.09,340.75,58717549
2020-10-08 04:00:00+00:00,342.85,343.85,341.86,343.65,46538493
2020-10-09 04:00:00+00:00,345.56,347.35,344.89,346.73,60439459
2020-10-12 04:00:00+00:00,349.59,354.02,349.06,352.36,82006132
2020-10-13 04:00:00+00:00,352.28,352.4651,349.09,350.17,74121382
2020-10-14 04:00:00+00:00,350.75,351.93,347.14,347.93,58775629
2020-10-15 04:00:00+00:00,343.71,348.02,343.13,347.54,61165947
2020-10-16 04:00:00+00:00,348.96,350.75,347.1,347.32,90245234
2020-10-19 04:00:00+00:00,348.65,349.33,341.04,342.13,69408028
2020-10-20 04:00:00+00:00,343.46,346.88,342.64,343.3,61101982
2020-10-21 04:00:00+00:00,343.33,348.6847,342.4,342.65,64234703
2020-10-22 04:00:00+00:00,342.96,345.24,340.65,344.64,56780414
2020-10-23 04:00:00+00:00,345.93,345.99,343.13,345.62,49904173
2020-10-26 04:00:00+00:00,342.13,342.98,335.62,339.41,92872147
2020-10-27 04:00:00+00:00,339.76,340.12,337.99,338.33,67210558
2020-10-28 04:00:00+00:00,332.1,338.2483,326.13,326.7,130062418
2020-10-29 04:00:00+00:00,326.91,333.395,325.09,330.08,92078044
2020-10-30 04:00:00+00:00,328.28,329.69,322.6,326.69,122788785
2020-11-02 05:00:00+00:00,330.2,332.36,327.24,330.19,87512072
2020-11-03 05:00:00+00:00,333.69,338.25,330.2935,335.92,95208191
2020-11-04 05:00:00+00:00,340.86,347.94,339.59,343.66,129169525
2020-11-05 05:00:00+00:00,349.24,352.19,348.86,350.19,83736650
2020-11-06 05:00:00+00:00,349.93,351.51,347.65,350.18,75997846
2020-11-09 05:00:00+00:00,363.97,364.38,354.06,354.62,174005798
2020-11-10 05:00:00+00:00,353.49,355.18,350.51,354.08,86568086
2020-11-11 05:00:00+00:00,356.4,357.56,355.06,356.72,60720853
2020-11-12 05:00:00+00:00,355.58,356.7182,351.26,353.34,69919537
2020-11-13 05:00:00+00:00,355.27,358.9,354.71,358.1,64109638
2020-11-16 05:00:00+00:00,360.98,362.78,359.59,362.58,77199383
2020-11-17 05:00:00+00:00,359.97,361.92,358.34,360.82,66815607
2020-11-18 05:00:00+00:00,360.91,361.5,356.24,356.25,72616738
2020-11-19 05:00:00+00:00,355.6,358.18,354.15,357.96,60844851
2020-11-20 05:00:00+00:00,357.5,357.72,355.25,355.35,71042991
2020-11-23 05:00:00+00:00,357.28,358.82,354.865,357.53,64028577
2020-11-24 05:00:00+00:00,360.21,363.81,359.29,363.14,63819779
2020-11-25 05:00:00+00:00,363.13,363.16,361.48,362.49,45948371
2020-11-27 05:00:00+00:00,363.84,364.18,362.58,363.71,29042644
2020-11-30 05:00:00+00:00,362.83,363.12,359.17,362.21,87200943
2020-12-01 05:00:00+00:00,365.57,367.68,364.93,365.84,76822159
2020-12-02 05:00:00+00:00,364.82,366.96,364.2,366.82,47081427
2020-12-03 05:00:00+00:00,366.68,368.19,365.5,366.67,64123777
2020-12-04 05:00:00+00:00,367.32,369.85,367.22,369.78,51459007
2020-12-07 05:00:00+00:00,369.02,369.62,367.72,369.16,50031951
2020-12-08 05:00:00+00:00,367.72,370.78,367.67,370.19,45099196
2020-12-09 05:00:00+00:00,370.88,371.05,365.95,366.77,75525045
2020-12-10 05:00:00+00:00,365.37,367.86,364.43,366.87,59975429
2020-12-11 05:00:00+00:00,364.9,366.7402,363.26,366.14,58659075
2020-12-14 05:00:00+00:00,368.64,369.8,364.47,364.9,70722353
2020-12-15 05:00:00+00:00,367.4,369.59,365.92,369.56,65591667
2020-12-16 05:00:00+00:00,369.82,371.16,368.8676,370.06,59534034
2020-12-17 05:00:00+00:00,371.94,372.46,371.05,372.19,66592842
2020-12-18 05:00:00+00:00,370.97,371.15,367.02,369.15,143257901
2020-12-21 05:00:00+00:00,364.97,378.46,362.03,367.65,98396728
2020-12-22 05:00:00+00:00,368.21,368.3317,366.03,367.3,49425123
2020-12-23 05:00:00+00:00,368.28,369.62,367.2172,367.49,47321905
2020-12-24 05:00:00+00:00,368.08,369.03,367.45,369.03,27139624
2020-12-28 05:00:00+00:00,371.74,372.59,371.07,372.22,40460382
2020-12-29 05:00:00+00:00,373.81,374.0,370.83,371.62,54576638
2020-12-30 05:00:00+00:00,372.34,373.1,371.57,372.03,50615419
2020-12-31 05:00:00+00:00,371.78,374.66,371.232,374.25,80927738
2021-01-04 05:00:00+00:00,375.31,375.45,364.82,368.97,111804895
2021-01-05 05:00:00+00:00,368.1,372.5,368.05,371.4,67456696
2021-01-06 05:00:00+00:00,369.71,376.98,369.12,373.41,109080743
2021-01-07 05:00:00+00:00,376.1,379.9,375.91,379.13,70220837
2021-01-08 05:00:00+00:00,380.59,381.49,377.1,381.29,74338260
2021-01-11 05:00:00+00:00,377.85,380.58,377.7189,378.7,52148184
2021-01-12 05:00:00+00:00,378.89,379.86,376.36,378.66,53546073
2021-01-13 05:00:00+00:00,378.69,380.86,377.85,379.7,46290159
2021-01-14 05:00:00+00:00,380.59,381.13,378.1,378.58,50821683
2021-01-15 05:00:00+00:00,376.72,377.58,373.7,375.67,109520809
2021-01-19 05:00:00+00:00,378.34,379.23,376.75,378.64,52504155
2021-01-20 05:00:00+00:00,381.11,384.79,380.69,383.8,63340450
2021-01-21 05:00:00+00:00,384.49,384.95,383.25,384.15,48716569
2021-01-22 05:00:00+00:00,382.25,384.1256,381.835,382.82,53194026
2021-01-25 05:00:00+00:00,383.67,384.77,378.46,384.54,72021578
2021-01-26 05:00:00+00:00,385.41,385.85,383.54,383.75,44161134
2021-01-27 05:00:00+00:00,380.22,380.32,372.01,374.65,126043890
2021-01-28 05:00:00+00:00,376.36,381.93,375.89,377.52,96130471
2021-01-29 05:00:00+00:00,375.63,376.67,368.27,370.14,129983765
2021-02-01 05:00:00+00:00,373.72,377.34,370.376,376.02,77707586
2021-02-02 05:00:00+00:00,379.65,383.22,376.3181,381.25,66494770
2021-02-03 05:00:00+00:00,382.435,383.7,380.48,381.84,53344886
2021-02-04 05:00:00+00:00,382.96,386.24,381.9655,386.11,48544535
2021-02-05 05:00:00+00:00,388.2,388.47,386.1444,387.63,49890523
2021-02-08 05:00:00+00:00,389.27,390.56,388.35,390.52,39380252
2021-02-09 05:00:00+00:00,389.61,390.89,389.17,390.31,36248491
2021-02-10 05:00:00+00:00,392.12,392.28,387.5,390.17,59678427
2021-02-11 05:00:00+00:00,391.24,391.69,388.1,390.71,43822781
2021-02-12 05:00:00+00:00,389.85,392.9,389.77,392.73,51799016
2021-02-16 05:00:00+00:00,393.96,394.17,391.53,392.38,52716093
2021-02-17 05:00:00+00:00,390.42,392.66,389.33,392.45,54297756
2021-02-18 05:00:00+00:00,389.59,391.515,387.74,390.82,60770152
2021-02-19 05:00:00+00:00,392.07,392.38,389.55,390.05,84807821
2021-02-22 05:00:00+00:00,387.06,389.62,386.74,387.08,69771116
2021-02-23 05:00:00+00:00,384.66,388.945,380.2,387.52,108002754
2021-02-24 05:00:00+00:00,386.33,392.23,385.27,391.84,73663829
2021-02-25 05:00:00+00:00,390.41,391.88,380.7789,382.37,148679383
2021-02-26 05:00:00+00:00,384.35,385.58,378.23,380.01,154318347
2021-03-01 05:00:00+00:00,385.59,390.92,380.572,389.43,107534746
2021-03-02 05:00:00+00:00,389.82,390.07,386.0,386.56,81988591
2021-03-03 05:00:00+00:00,385.79,386.83,381.31,381.4,124095342
2021-03-04 05:00:00+00:00,381.22,384.0,371.88,376.6799,187163522
2021-03-05 05:00:00+00:00,380.46,384.76,372.64,383.56,154840748
2021-03-08 05:00:00+00:00,384.66,387.68,381.42,381.72,124010149
2021-03-09 05:00:00+00:00,385.85,389.91,381.7299,387.13,116544202
2021-03-10 05:00:00+00:00,389.69,391.4,388.1702,389.39,111715355
2021-03-11 05:00:00+00:00,392.23,395.65,391.74,393.46,87995511
2021-03-12 05:00:00+00:00,392.07,394.21,391.2,394.0,66408497
2021-03-15 04:00:00+00:00,394.33,396.685,392.03,396.48,76514167
2021-03-16 04:00:00+00:00,397.07,397.83,395.08,395.86,75735745
2021-03-17 04:00:00+00:00,394.53,398.12,393.3,397.21,98853032
2021-03-18 04:00:00+00:00,394.475,396.72,390.75,391.53,118149389
2021-03-19 04:00:00+00:00,389.88,391.569,387.15,389.57,115070074
2021-03-22 04:00:00+00:00,390.03,394.07,389.97,392.55,74744285
2021-03-23 04:00:00+00:00,391.91,393.46,388.66,389.63,91830191
2021-03-24 04:00:00+00:00,391.0,392.75,387.47,387.63,98576266
2021-03-25 04:00:00+00:00,385.98,390.55,383.9,389.72,117324362
2021-03-26 04:00:00+00:00,390.93,396.41,390.29,395.91,116858809
2021-03-29 04:00:00+00:00,394.4,396.75,392.81,395.76,114464450
2021-03-30 04:00:00+00:00,394.42,395.45,393.02,394.69,76954653
2021-03-31 04:00:00+00:00,395.34,398.0,395.31,396.33,114268733
2021-04-01 04:00:00+00:00,398.4,400.67,398.18,400.61,101181097
2021-04-05 04:00:00+00:00,403.46,406.94,403.38,406.36,92971454
2021-04-06 04:00:00+00:00,405.76,407.24,405.4,406.12,63118699
2021-04-07 04:00:00+00:00,405.94,406.96,405.45,406.59,56351333
2021-04-08 04:00:00+00:00,407.93,408.58,406.93,408.52,58807820
2021-04-09 04:00:00+00:00,408.39,411.67,408.26,411.49,62133104
2021-04-12 04:00:00+00:00,410.85,411.93,410.2,411.64,56704900
2021-04-13 04:00:00+00:00,411.53,413.529,411.12,412.86,56550988
2021-04-14 04:00:00+00:00,412.83,413.96,410.87,411.45,62468115
2021-04-15 04:00:00+00:00,413.74,416.16,413.69,415.87,60229843
2021-04-16 04:00:00+00:00,417.25,417.91,415.73,417.26,81977568
2021-04-19 04:00:00+00:00,416.26,416.74,413.79,415.21,78498638
2021-04-20 04:00:00+00:00,413.91,415.0859,410.59,412.17,81851828
2021-04-21 04:00:00+00:00,411.51,416.29,411.36,416.07,66792984
2021-04-22 04:00:00+00:00,415.89,416.78,411.13,412.27,98766103
2021-04-23 04:00:00+00:00,412.87,418.25,412.79,416.74,74074953
2021-04-26 04:00:00+00:00,417.44,418.22,416.8111,417.61,53597096
2021-04-27 04:00:00+00:00,417.93,418.14,416.3,417.52,52112393
2021-04-28 04:00:00+00:00,417.81,419.01,416.9,417.4,51994369
2021-04-29 04:00:00+00:00,420.32,420.72,416.44,420.06,80506526
2021-04-30 04:00:00+00:00,417.63,418.54,416.34,417.3,87467317
2021-05-03 04:00:00+00:00,419.43,419.84,417.665,418.2,68963710
2021-05-04 04:00:00+00:00,416.07,416.6,411.67,415.62,102684284
2021-05-05 04:00:00+00:00,417.38,417.63,414.94,415.75,61155687
2021-05-06 04:00:00+00:00,415.83,419.21,413.675,419.07,74534968
2021-05-07 04:00:00+00:00,419.89,422.815,419.16,422.12,68913001
2021-05-10 04:00:00+00:00,422.5,422.74,417.81,417.94,82950865
2021-05-11 04:00:00+00:00,413.1,415.27,410.06,414.21,118182209
2021-05-12 04:00:00+00:00,411.23,412.59,404.0,405.41,137078636
2021-05-13 04:00:00+00:00,407.07,412.35,407.02,410.28,106393963
2021-05-14 04:00:00+00:00,413.21,417.49,413.18,416.58,84366746
2021-05-17 04:00:00+00:00,415.39,416.39,413.36,415.48,66193502
2021-05-18 04:00:00+00:00,415.8,416.06,411.77,412.02,61288866
2021-05-19 04:00:00+00:00,406.92,411.05,405.33,410.78,108349346
2021-05-20 04:00:00+00:00,411.8,416.625,411.67,415.15,79754477
2021-05-21 04:00:00+00:00,416.87,418.2,414.45,414.98,77590498
2021-05-24 04:00:00+00:00,417.34,420.32,417.08,419.17,52606963
2021-05-25 04:00:00+00:00,420.33,420.71,417.62,418.33,58365218
2021-05-26 04:00:00+00:00,418.87,419.61,417.76,419.04,43861538
2021-05-27 04:00:00+00:00,420.17,420.72,418.9851,419.18,58438340
2021-05-28 04:00:00+00:00,420.97,421.25,419.79,420.19,59768917
2021-06-01 04:00:00+00:00,422.57,422.72,419.2,419.67,55475267
2021-06-02 04:00:00+00:00,420.37,421.23,419.29,420.39,50203715
2021-06-03 04:00:00+00:00,417.85,419.99,416.28,418.83,59499680
2021-06-04 04:00:00+00:00,420.75,422.92,418.8422,422.44,57471475
2021-06-07 04:00:00+00:00,422.59,422.78,421.19,422.26,52952730
2021-06-08 04:00:00+00:00,423.11,423.21,420.32,422.3,47948293
2021-06-09 04:00:00+00:00,423.18,423.26,421.41,421.67,49531038
2021-06-10 04:00:00+00:00,422.96,424.63,421.55,423.61,52143649
2021-06-11 04:00:00+00:00,424.2,424.43,422.82,424.31,46822811
2021-06-14 04:00:00+00:00,424.43,425.37,423.1,425.26,43360599
2021-06-15 04:00:00+00:00,425.42,425.46,423.54,424.48,52379036
2021-06-16 04:00:00+00:00,424.63,424.87,419.92,422.11,82346591
2021-06-17 04:00:00+00:00,421.67,423.02,419.32,421.97,92368532
2021-06-18 04:00:00+00:00,417.09,417.8281,414.7,414.92,120543104
2021-06-21 04:00:00+00:00,416.8,421.06,415.93,420.86,74576631
2021-06-22 04:00:00+00:00,420.85,424.0,420.08,423.11,59929167
2021-06-23 04:00:00+00:00,423.19,424.05,422.51,422.6,51215292
2021-06-24 04:00:00+00:00,424.89,425.55,424.62,425.1,46318393
2021-06-25 04:00:00+00:00,425.9,427.0943,425.55,426.61,59584242
2021-06-28 04:00:00+00:00,427.17,427.65,425.89,427.47,54222023
2021-06-29 04:00:00+00:00,427.88,428.56,427.13,427.7,36655269
2021-06-30 04:00:00+00:00,427.21,428.78,427.18,428.06,66270641
2021-07-01 04:00:00+00:00,428.87,430.6,428.8,430.43,55872224
2021-07-02 04:00:00+00:00,431.67,434.1,430.5218,433.72,59750006
2021-07-06 04:00:00+00:00,433.78,434.01,430.01,432.93,69771668
2021-07-07 04:00:00+00:00,433.66,434.76,431.51,434.46,65615176
2021-07-08 04:00:00+00:00,428.78,431.73,427.52,430.92,99397460
2021-07-09 04:00:00+00:00,432.53,435.84,430.714,435.52,77967324
2021-07-12 04:00:00+00:00,435.43,437.35,434.97,437.08,54302361
2021-07-13 04:00:00+00:00,436.24,437.84,435.31,435.59,53702111
2021-07-14 04:00:00+00:00,437.4,437.92,434.91,436.24,65563370
2021-07-15 04:00:00+00:00,434.81,435.53,432.72,434.75,55879338
2021-07-16 04:00:00+00:00,436.01,436.06,430.92,431.34,77170227
2021-07-19 04:00:00+00:00,426.19,431.4089,421.97,424.97,149399960
2021-07-20 04:00:00+00:00,425.68,432.42,424.83,431.06,100942167
2021-07-21 04:00:00+00:00,432.34,434.7,431.0111,434.55,65894328
2021-07-22 04:00:00+00:00,434.74,435.72,433.69,435.46,48647326
2021-07-23 04:00:00+00:00,437.52,440.3,436.79,439.94,64713928
2021-07-26 04:00:00+00:00,439.31,441.03,439.26,441.02,44352624
2021-07-27 04:00:00+00:00,439.91,439.94,435.99,439.01,68269527
2021-07-28 04:00:00+00:00,439.68,440.3,437.31,438.83,53425144
2021-07-29 04:00:00+00:00,439.815,441.8,439.81,440.65,48198967
2021-07-30 04:00:00+00:00,437.91,440.06,437.77,438.51,70310909
2021-08-02 04:00:00+00:00,440.34,440.93,437.21,437.59,59611884
2021-08-03 04:00:00+00:00,438.44,441.28,436.1,441.15,58824931
2021-08-04 04:00:00+00:00,439.78,441.1243,438.73,438.98,47620472
2021-08-05 04:00:00+00:00,440.22,441.85,439.88,441.76,39730739
2021-08-06 04:00:00+00:00,442.1,442.94,441.8,442.49,47572213
2021-08-09 04:00:00+00:00,442.46,442.795,441.31,442.13,42250781
2021-08-10 04:00:00+00:00,442.61,443.44,441.88,442.68,44951196
2021-08-11 04:00:00+00:00,443.82,443.882,442.62,443.78,45383120
2021-08-12 04:00:00+00:00,443.62,445.2572,442.66,445.11,39843341
2021-08-13 04:00:00+00:00,445.59,445.94,445.07,445.92,40108966
2021-08-16 04:00:00+00:00,444.53,447.11,442.87,446.97,74631097
2021-08-17 04:00:00+00:00,444.24,444.96,440.85,444.04,94352513
2021-08-18 04:00:00+00:00,442.96,444.625,438.92,439.18,91420225
2021-08-19 04:00:00+00:00,436.27,441.14,436.12,439.86,94479651
2021-08-20 04:00:00+00:00,440.23,443.71,439.71,443.36,73189310
2021-08-23 04:00:00+00:00,445.16,448.23,443.4355,447.26,55793374
2021-08-24 04:00:00+00:00,447.97,448.54,447.42,447.97,40179908
2021-08-25 04:00:00+00:00,448.17,449.457,447.77,448.91,41966967
2021-08-26 04:00:00+00:00,448.61,448.86,446.16,446.26,58472550
2021-08-27 04:00:00+00:00,447.12,450.65,447.06,450.25,79706113
2021-08-30 04:00:00+00:00,450.97,453.07,450.71,452.23,49898245
2021-08-31 04:00:00+00:00,452.13,452.49,450.92,451.56,61354794
2021-09-01 04:00:00+00:00,452.56,453.11,451.545,451.8,49472969
2021-09-02 04:00:00+00:00,453.32,454.05,451.91,453.19,43327950
2021-09-03 04:00:00+00:00,451.98,453.63,451.55,453.08,47762540
2021-09-07 04:00:00+00:00,452.71,452.81,450.7423,451.46,52416593
2021-09-08 04:00:00+00:00,450.89,451.67,448.86,450.91,56880064
2021-09-09 04:00:00+00:00,450.7,452.57,448.72,448.98,59078822
2021-09-10 04:00:00+00:00,451.04,451.49,445.31,445.44,91228331
2021-09-13 04:00:00+00:00,448.64,448.92,444.11,446.58,84654367
2021-09-14 04:00:00+00:00,448.12,448.34,443.22,444.17,79354474
2021-09-15 04:00:00+00:00,444.62,448.41,443.44,447.88,79886416
2021-09-16 04:00:00+00:00,447.32,448.36,444.02,447.17,78496993
2021-09-17 04:00:00+00:00,444.92,445.37,441.02,441.4,119686123
2021-09-20 04:00:00+00:00,434.88,436.56,428.86,434.04,168323570
2021-09-21 04:00:00+00:00,436.53,437.91,433.07,433.63,93757751
2021-09-22 04:00:00+00:00,436.05,440.03,433.747,437.86,103757135
2021-09-23 04:00:00+00:00,439.85,444.89,439.6,443.18,77755673
2021-09-24 04:00:00+00:00,441.44,444.67,441.21,443.91,63279879
2021-09-27 04:00:00+00:00,442.81,444.05,441.9,442.64,62530917
2021-09-28 04:00:00+00:00,439.69,440.04,432.94,433.72,132369999
2021-09-29 04:00:00+00:00,435.19,437.04,433.85,434.45,83969724
2021-09-30 04:00:00+00:00,436.02,436.77,428.78,429.14,143598796
2021-10-01 04:00:00+00:00,430.98,436.0329,427.23,434.24,131035258
2021-10-04 04:00:00+00:00,433.0,433.96,426.36,428.64,130626145
2021-10-05 04:00:00+00:00,430.24,435.49,429.39,433.1,92100880
2021-10-06 04:00:00+00:00,429.27,435.1199,427.54,434.9,113897035
2021-10-07 04:00:00+00:00,438.39,441.68,438.2,438.66,73716653
2021-10-08 04:00:00+00:00,439.48,439.89,437.19,437.86,75477568
2021-10-11 04:00:00+00:00,437.16,440.26,434.62,434.69,66278854
2021-10-12 04:00:00+00:00,435.67,436.1,432.78,433.62,71939356
2021-10-13 04:00:00+00:00,434.71,436.05,431.54,435.18,73949659
2021-10-14 04:00:00+00:00,439.08,442.66,438.58,442.5,71905000
2021-10-15 04:00:00+00:00,444.75,446.26,444.09,445.87,67668867
2021-10-18 04:00:00+00:00,443.97,447.55,443.27,447.19,64093511
2021-10-19 04:00:00+00:00,448.92,450.71,448.27,450.64,48371320
2021-10-20 04:00:00+00:00,451.13,452.732,451.01,452.41,50871680
2021-10-21 04:00:00+00:00,451.77,453.829,451.31,453.59,42397570
2021-10-22 04:00:00+00:00,453.13,454.67,451.05,453.12,59430753
2021-10-25 04:00:00+00:00,454.28,455.9,452.39,455.55,46427004
2021-10-26 04:00:00+00:00,457.2,458.49,455.56,455.96,57470445
2021-10-27 04:00:00+00:00,456.45,457.16,453.86,453.94,73588516
2021-10-28 04:00:00+00:00,455.46,458.4,455.45,458.32,52962903
2021-10-29 04:00:00+00:00,455.87,459.56,455.56,459.25,71616663
2021-11-01 04:00:00+00:00,460.3,460.7021,458.2,460.04,49942295
2021-11-02 04:00:00+00:00,460.22,462.23,460.08,461.9,50229956
2021-11-03 04:00:00+00:00,461.3,465.15,460.83,464.72,54199665
2021-11-04 04:00:00+00:00,465.36,467.0,464.99,466.91,53760607
2021-11-05 04:00:00+00:00,469.28,470.65,466.92,468.53,67432045
2021-11-08 05:00:00+00:00,469.7,470.23,468.2031,468.93,51269918
2021-11-09 05:00:00+00:00,469.32,469.57,465.88,467.38,52049013
2021-11-10 05:00:00+00:00,465.58,467.38,462.04,463.62,70491976
2021-11-11 05:00:00+00:00,465.21,465.29,463.75,463.77,36116860
2021-11-12 05:00:00+00:00,465.12,467.86,464.11,467.27,54909239
2021-11-15 05:00:00+00:00,468.64,468.81,466.23,467.43,48365823
2021-11-16 05:00:00+00:00,467.15,470.485,467.07,469.28,50288743
2021-11-17 05:00:00+00:00,469.0,469.19,467.48,468.14,48931843
2021-11-18 05:00:00+00:00,469.24,470.01,466.34,469.73,51864988
2021-11-19 05:00:00+00:00,469.61,470.94,468.5,468.89,58037857
2021-11-22 05:00:00+00:00,470.89,473.54,467.35,467.57,73773729
2021-11-23 05:00:00+00:00,467.22,469.095,464.45,468.19,74152789
2021-11-24 05:00:00+00:00,466.06,469.57,465.19,469.44,63324418
2021-11-26 05:00:00+00:00,462.34,463.9,457.77,458.97,114062469
2021-11-29 05:00:00+00:00,464.07,466.56,461.73,464.6,88266156
2021-11-30 05:00:00+00:00,462.0,464.03,455.3,455.56,151509808
2021-12-01 05:00:00+00:00,461.64,464.67,450.29,450.5,134806870
2021-12-02 05:00:00+00:00,450.73,459.07,450.31,457.4,130439224
2021-12-03 05:00:00+00:00,459.17,460.3,448.92,453.42,138882255
2021-12-06 05:00:00+00:00,456.13,460.79,453.56,458.79,100786239
2021-12-07 05:00:00+00:00,464.41,468.88,458.6546,468.28,98181214
2021-12-08 05:00:00+00:00,468.7,470.0,466.83,469.52,73600326
2021-12-09 05:00:00+00:00,468.15,469.6291,466.14,466.35,62433012
2021-12-10 05:00:00+00:00,469.23,470.9,466.51,470.74,78394925
2021-12-13 05:00:00+00:00,470.19,470.56,466.27,466.59,89029534
2021-12-14 05:00:00+00:00,463.09,465.74,460.25,463.36,98550028
2021-12-15 05:00:00+00:00,463.42,470.86,460.74,470.6,119062600
2021-12-16 05:00:00+00:00,472.57,472.87,464.8,466.45,118519493
2021-12-17 05:00:00+00:00,461.55,464.74,458.06,459.87,137700311
2021-12-20 05:00:00+00:00,454.48,455.4,451.14,454.98,108827152
2021-12-21 05:00:00+00:00,458.61,463.21,456.31,463.06,72205719
2021-12-22 05:00:00+00:00,462.79,467.81,462.58,467.69,60487971
2021-12-23 05:00:00+00:00,468.75,472.19,468.64,470.6,57599846
2021-12-27 05:00:00+00:00,472.06,477.31,472.01,477.26,58274737
2021-12-28 05:00:00+00:00,477.72,478.81,476.06,476.87,48323486
2021-12-29 05:00:00+00:00,476.98,478.56,475.92,477.48,55502324
2021-12-30 05:00:00+00:00,477.93,479.0,475.67,476.16,56438446
2021-12-31 05:00:00+00:00,475.64,476.86,474.67,474.96,67217721
2022-01-03 05:00:00+00:00,476.3,477.85,473.85,477.71,74528525
2022-01-04 05:00:00+00:00,479.22,479.98,475.58,477.55,72231283
2022-01-05 05:00:00+00:00,477.16,477.98,468.2801,468.38,104678064
2022-01-06 05:00:00+00:00,467.89,470.82,465.43,467.94,87839262
2022-01-07 05:00:00+00:00,467.95,469.2,464.65,466.09,86364246
2022-01-10 05:00:00+00:00,462.7,465.74,456.5973,465.51,120649890
2022-01-11 05:00:00+00:00,465.23,469.85,462.05,469.73,75431095
2022-01-12 05:00:00+00:00,471.59,473.2,468.94,471.02,68702010
2022-01-13 05:00:00+00:00,472.19,472.88,463.44,464.53,93589296
2022-01-14 05:00:00+00:00,461.19,465.09,459.9,464.72,97790736
2022-01-18 05:00:00+00:00,459.74,459.96,455.31,456.49,111733633
2022-01-19 05:00:00+00:00,458.13,459.6124,451.46,451.75,111279125
2022-01-20 05:00:00+00:00,453.75,458.74,444.5,446.75,125194304
2022-01-21 05:00:00+00:00,445.56,448.06,437.95,437.98,204630712
2022-01-24 05:00:00+00:00,432.03,440.38,420.76,439.84,254361526
2022-01-25 05:00:00+00:00,433.06,439.72,427.15,434.47,170145104
2022-01-26 05:00:00+00:00,440.72,444.04,428.86,433.38,188214247
2022-01-27 05:00:00+00:00,438.26,441.59,429.45,431.24,151882702
2022-01-28 05:00:00+00:00,432.68,442.0,427.82,441.95,166791322
2022-01-31 05:00:00+00:00,441.24,450.28,439.81,449.91,155582114
2022-02-01 05:00:00+00:00,450.68,453.63,446.9384,452.95,125134995
2022-02-02 05:00:00+00:00,455.5,458.12,453.05,457.35,119044971
2022-02-03 05:00:00+00:00,450.95,452.97,445.71,446.6,120198289
2022-02-04 05:00:00+00:00,446.35,452.78,443.83,448.7,120819408
2022-02-07 05:00:00+00:00,449.51,450.99,445.85,447.26,86449092
2022-02-08 05:00:00+00:00,446.73,451.92,445.22,450.94,83185793
2022-02-09 05:00:00+00:00,455.22,457.88,455.005,457.54,95013879
2022-02-10 05:00:00+00:00,451.34,457.71,447.2,449.32,142919007
2022-02-11 05:00:00+00:00,449.41,451.605,438.94,440.46,156004637
2022-02-14 05:00:00+00:00,439.92,441.6,435.34,439.02,125379755
2022-02-15 05:00:00+00:00,443.73,446.28,443.18,446.1,91232544
2022-02-16 05:00:00+00:00,443.93,448.055,441.94,446.6,84978171
2022-02-17 05:00:00+00:00,443.22,446.5652,436.42,437.06,102416116
2022-02-18 05:00:00+00:00,437.33,438.66,431.82,434.23,132619100
2022-02-22 05:00:00+00:00,431.89,435.5,425.86,429.57,126971668
2022-02-23 05:00:00+00:00,432.66,433.26,421.35,422.07,132864067
2022-02-24 05:00:00+00:00,411.02,428.76,410.64,427.99,220033458
2022-02-25 05:00:00+00:00,429.61,437.84,427.86,437.75,123640399
2022-02-28 05:00:00+00:00,432.03,438.2,430.7,436.63,149221337
2022-03-01 05:00:00+00:00,435.04,437.17,427.11,429.98,139991559
2022-03-02 05:00:00+00:00,432.37,439.72,431.57,437.89,120234911
2022-03-03 05:00:00+00:00,440.47,441.11,433.8,435.71,105501865
2022-03-04 05:00:00+00:00,431.75,433.37,427.88,432.17,113974262
2022-03-07 05:00:00+00:00,431.55,432.3018,419.36,419.43,138047941
2022-03-08 05:00:00+00:00,419.62,427.21,415.12,416.25,167638902
2022-03-09 05:00:00+00:00,425.14,429.51,422.82,427.41,117271076
2022-03-10 05:00:00+00:00,422.52,426.43,420.44,425.48,95329689
2022-03-11 05:00:00+00:00,428.12,428.77,419.53,420.07,95687775
2022-03-14 04:00:00+00:00,420.89,424.55,415.79,417.0,95874528
2022-03-15 04:00:00+00:00,419.77,426.84,418.42,426.17,108235310
2022-03-16 04:00:00+00:00,429.89,435.68,424.8,435.62,144954949
2022-03-17 04:00:00+00:00,433.59,441.07,433.19,441.07,104062578
2022-03-18 04:00:00+00:00,438.0,444.86,437.22,444.52,106542902
2022-03-21 04:00:00+00:00,444.34,446.46,440.68,444.39,88839174
2022-03-22 04:00:00+00:00,445.86,450.58,445.86,449.59,76931148
2022-03-23 04:00:00+00:00,446.91,448.49,443.71,443.8,81316132
2022-03-24 04:00:00+00:00,445.94,450.5,444.76,450.49,64917269
2022-03-25 04:00:00+00:00,451.16,452.98,448.43,452.69,77990305
2022-03-28 04:00:00+00:00,452.06,455.91,450.06,455.84,71058111
2022-03-29 04:00:00+00:00,460.02,462.07,457.18,461.53,91635758
2022-03-30 04:00:00+00:00,460.34,461.195,456.465,458.79,82462768
2022-03-31 04:00:00+00:00,457.89,458.76,451.16,451.64,121830006
2022-04-01 04:00:00+00:00,453.31,453.46,449.14,452.92,90526299
2022-04-04 04:00:00+00:00,453.13,456.91,452.26,456.8,61390954
2022-04-05 04:00:00+00:00,455.22,457.83,449.82,451.03,75760010
2022-04-06 04:00:00+00:00,446.89,448.93,443.47,446.52,107084639
2022-04-07 04:00:00+00:00,445.59,450.69,443.53,448.77,78235837
2022-04-08 04:00:00+00:00,447.97,450.63,445.94,447.57,79354344
2022-04-11 04:00:00+00:00,444.11,445.0,439.39,439.92,92393812
2022-04-12 04:00:00+00:00,443.08,445.75,436.6501,438.29,85677975
2022-04-13 04:00:00+00:00,438.03,444.11,437.84,443.31,75731466
2022-04-14 04:00:00+00:00,443.55,444.7301,437.68,437.79,100061421
2022-04-18 04:00:00+00:00,436.81,439.75,435.61,437.97,67080101
2022-04-19 04:00:00+00:00,437.86,445.8,437.68,445.04,79209141
2022-04-20 04:00:00+00:00,446.92,447.57,443.48,444.71,66224261
2022-04-21 04:00:00+00:00,448.54,450.01,437.1,438.06,86898329
2022-04-22 04:00:00+00:00,436.91,438.0825,425.44,426.04,134318097
2022-04-25 04:00:00+00:00,423.67,428.69,418.84,428.51,121150668
2022-04-26 04:00:00+00:00,425.83,426.04,416.07,416.1,104173893
2022-04-27 04:00:00+00:00,417.24,422.92,415.01,417.27,122342063
2022-04-28 04:00:00+00:00,422.29,429.64,417.6,427.81,107789356
2022-04-29 04:00:00+00:00,423.59,425.87,411.21,412.0,148702518
2022-05-02 04:00:00+00:00,412.07,415.92,405.02,414.48,160312749
2022-05-03 04:00:00+00:00,415.01,418.93,413.36,416.38,102021088
2022-05-04 04:00:00+00:00,417.08,429.66,413.7099,429.06,146219632
2022-05-05 04:00:00+00:00,424.55,425.0,409.44,413.81,175971084
2022-05-06 04:00:00+00:00,411.1,414.8,405.73,411.34,153284691
2022-05-09 04:00:00+00:00,405.1,406.41,396.5,398.17,155879661
2022-05-10 04:00:00+00:00,404.49,406.08,394.82,399.09,135027626
2022-05-11 04:00:00+00:00,398.07,404.04,391.96,392.75,144045270
2022-05-12 04:00:00+00:00,389.37,395.8,385.15,392.34,126713465
2022-05-13 04:00:00+00:00,396.71,403.18,395.61,401.72,104349084
2022-05-16 04:00:00+00:00,399.98,403.97,397.6,400.09,80100945
2022-05-17 04:00:00+00:00,406.53,408.57,402.5824,408.32,83226741
2022-05-18 04:00:00+00:00,403.5,403.8,390.55,391.86,117836734
2022-05-19 04:00:00+00:00,388.62,394.14,387.11,389.46,99939615
2022-05-20 04:00:00+00:00,393.25,397.03,380.54,389.63,131446436
2022-05-23 04:00:00+00:00,392.83,397.73,390.38,396.92,76648121
2022-05-24 04:00:00+00:00,392.56,395.15,386.96,393.89,92541551
2022-05-25 04:00:00+00:00,392.31,399.45,391.89,397.37,92887420
2022-05-26 04:00:00+00:00,398.67,407.04,398.45,405.31,83804711
2022-05-27 04:00:00+00:00,407.91,415.3801,407.7,415.26,87207078
2022-05-31 04:00:00+00:00,413.55,416.46,410.03,412.93,97389986
2022-06-01 04:00:00+00:00,415.17,416.24,406.93,409.59,87995482
2022-06-02 04:00:00+00:00,409.42,417.44,407.04,417.34,81695452
2022-06-03 04:00:00+00:00,412.4,414.04,409.51,410.54,72004446
2022-06-06 04:00:00+00:00,414.78,416.609,410.5523,411.79,58402477
2022-06-07 04:00:00+00:00,408.1,416.22,407.61,415.74,59483946
2022-06-08 04:00:00+00:00,413.93,415.82,410.38,411.22,65642329
2022-06-09 04:00:00+00:00,409.34,411.74,401.44,401.44,88177354
2022-06-10 04:00:00+00:00,394.88,395.7777,389.75,389.8,135486175
2022-06-13 04:00:00+00:00,379.85,381.81,373.3,375.0,173443346
2022-06-14 04:00:00+00:00,376.85,377.94,370.59,373.87,105591082
2022-06-15 04:00:00+00:00,377.36,383.9,372.12,379.2,128798622
2022-06-16 04:00:00+00:00,370.51,370.94,364.0799,366.65,138951395
2022-06-17 04:00:00+00:00,365.51,369.38,362.17,365.86,111452712
2022-06-21 04:00:00+00:00,371.89,376.525,371.81,375.07,79074527
2022-06-22 04:00:00+00:00,370.62,378.72,370.18,374.39,91634199
2022-06-23 04:00:00+00:00,376.64,378.83,372.89,378.06,80303462
2022-06-24 04:00:00+00:00,381.4,390.09,381.365,390.08,98013848
2022-06-27 04:00:00+00:00,391.05,391.36,387.44,388.59,67337838
2022-06-28 04:00:00+00:00,390.23,393.16,380.53,380.65,88649297
2022-06-29 04:00:00+00:00,381.23,382.27,378.42,380.34,65793757
2022-06-30 04:00:00+00:00,376.24,380.6582,372.56,377.25,114444484
2022-07-01 04:00:00+00:00,376.56,381.7,373.8,381.24,76230298
2022-07-05 04:00:00+00:00,375.88,381.98,372.9,381.96,81666726
2022-07-06 04:00:00+00:00,382.11,385.87,379.6,383.25,71417341
2022-07-07 04:00:00+00:00,385.12,389.83,383.267,388.99,66586715
2022-07-08 04:00:00+00:00,387.27,390.64,385.66,388.67,73126115
2022-07-11 04:00:00+00:00,385.85,386.87,383.5,384.23,60196162
2022-07-12 04:00:00+00:00,383.65,386.16,378.99,380.83,63304211
2022-07-13 04:00:00+00:00,375.1,381.92,374.658,378.83,85453239
2022-07-14 04:00:00+00:00,373.61,379.0498,371.04,377.91,91022894
2022-07-15 04:00:00+00:00,382.55,385.25,380.54,385.13,80721517
2022-07-18 04:00:00+00:00,388.38,389.09,380.66,381.95,64573224
2022-07-19 04:00:00+00:00,386.08,392.87,385.39,392.27,80462808
2022-07-20 04:00:00+00:00,392.47,396.26,391.03,394.77,72028992
2022-07-21 04:00:00+00:00,394.16,398.84,391.63,398.79,65044042
2022-07-22 04:00:00+00:00,398.92,400.18,392.75,395.09,73212677
2022-07-25 04:00:00+00:00,395.75,396.47,393.21,395.57,54460198
2022-07-26 04:00:00+00:00,393.84,394.06,389.95,390.89,54110744
2022-07-27 04:00:00+00:00,394.36,402.88,394.05,401.04,84389399
2022-07-28 04:00:00+00:00,401.89,406.8,398.15,406.04,75478050
2022-07-29 04:00:00+00:00,407.58,413.03,406.77,411.99,88654585
2022-08-01 04:00:00+00:00,409.15,413.41,408.4,410.77,71138117
2022-08-02 04:00:00+00:00,409.12,413.0,406.82,408.06,64549577
2022-08-03 04:00:00+00:00,410.3,415.68,410.0,414.45,69189866
2022-08-04 04:00:00+00:00,414.37,415.09,412.44,414.17,46473255
2022-08-05 04:00:00+00:00,409.66,414.15,409.6,413.47,57663233
2022-08-08 04:00:00+00:00,415.25,417.62,411.83,412.99,54800278
2022-08-09 04:00:00+00:00,412.22,412.75,410.22,411.35,45025319
2022-08-10 04:00:00+00:00,418.78,420.14,416.72,419.99,70131594
2022-08-11 04:00:00+00:00,422.99,424.95,419.21,419.99,60543614
2022-08-12 04:00:00+00:00,422.03,427.21,421.03,427.1,62922310
2022-08-15 04:00:00+00:00,424.765,429.41,424.71,428.86,54947334
2022-08-16 04:00:00+00:00,427.73,431.73,426.88,429.7,60027042
2022-08-17 04:00:00+00:00,425.91,429.5,424.54,426.65,64678140
2022-08-18 04:00:00+00:00,426.86,428.61,425.5,427.89,49133661
2022-08-19 04:00:00+00:00,424.98,425.26,421.22,422.14,69269902
2022-08-22 04:00:00+00:00,417.05,417.23,412.4,413.35,79484165
2022-08-23 04:00:00+00:00,412.9,415.42,411.77,412.35,49771778
2022-08-24 04:00:00+00:00,412.11,415.1101,411.39,413.67,50531686
2022-08-25 04:00:00+00:00,415.24,419.56,414.09,419.51,51062473
2022-08-26 04:00:00+00:00,419.39,419.96,405.25,405.31,105714602
2022-08-29 04:00:00+00:00,402.2,405.84,401.1999,402.63,66499372
2022-08-30 04:00:00+00:00,403.85,404.1,396.0,398.21,87190352
2022-08-31 04:00:00+00:00,399.93,401.24,395.04,395.18,77635142
2022-09-01 04:00:00+00:00,392.89,396.78,390.04,396.42,80204169
2022-09-02 04:00:00+00:00,400.28,401.555,390.33,392.24,101452968
2022-09-06 04:00:00+00:00,393.13,394.12,388.42,390.76,77511258
2022-09-07 04:00:00+00:00,390.43,398.59,390.2,397.78,73982489
2022-09-08 04:00:00+00:00,395.39,400.86,394.12,400.38,82038578
2022-09-09 04:00:00+00:00,402.74,407.51,402.46,406.6,79609462
2022-09-12 04:00:00+00:00,408.78,411.73,408.46,410.97,70935353
2022-09-13 04:00:00+00:00,401.83,403.1,391.92,393.1,127102562
2022-09-14 04:00:00+00:00,394.47,396.2,391.12,394.6,85900310
2022-09-15 04:00:00+00:00,392.96,395.96,388.78,390.12,89118469
2022-09-16 04:00:00+00:00,384.14,386.25,382.11,385.56,105150204
2022-09-19 04:00:00+00:00,382.26,388.55,382.1784,388.55,74700086
2022-09-20 04:00:00+00:00,385.06,386.12,381.195,384.09,78403121
2022-09-21 04:00:00+00:00,386.11,389.31,377.38,377.39,106950971
2022-09-22 04:00:00+00:00,376.58,378.3,373.44,374.22,90697405
2022-09-23 04:00:00+00:00,370.58,370.62,363.29,367.95,123734270
2022-09-26 04:00:00+00:00,366.41,370.21,363.0299,364.31,93929206
2022-09-27 04:00:00+00:00,368.02,370.4,360.87,363.38,108682037
2022-09-28 04:00:00+00:00,364.38,372.3,362.6,370.53,113902548
2022-09-29 04:00:00+00:00,366.81,367.11,359.7,362.79,115299507
2022-09-30 04:00:00+00:00,361.8,365.91,357.04,357.18,156959533
2022-10-03 04:00:00+00:00,361.08,368.55,359.21,366.61,92907273
2022-10-04 04:00:00+00:00,372.4,378.0,366.5677,377.97,107566221
2022-10-05 04:00:00+00:00,373.39,379.46,370.95,377.09,89081904
2022-10-06 04:00:00+00:00,375.62,378.72,372.68,373.2,84084215
2022-10-07 04:00:00+00:00,368.97,373.2933,360.94,362.79,110845119
2022-10-10 04:00:00+00:00,363.96,364.21,357.67,360.02,77136053
2022-10-11 04:00:00+00:00,358.235,363.03,355.71,357.74,93767440
2022-10-12 04:00:00+00:00,358.17,359.8179,356.3,356.56,78063648
2022-10-13 04:00:00+00:00,349.205,367.51,348.11,365.97,151012977
2022-10-14 04:00:00+00:00,368.55,370.26,356.96,357.63,126393363
2022-10-17 04:00:00+00:00,364.01,367.9799,357.2808,366.82,96144971
2022-10-18 04:00:00+00:00,375.13,375.45,367.52,371.13,98962943
2022-10-19 04:00:00+00:00,368.99,371.85,365.55,368.5,81191329
2022-10-20 04:00:00+00:00,368.03,372.67,364.61,365.41,89795566
2022-10-21 04:00:00+00:00,365.12,374.8,363.54,374.29,134419474
2022-10-24 04:00:00+00:00,375.89,380.06,373.11,378.87,87697246
2022-10-25 04:00:00+00:00,378.79,385.25,378.671,384.92,80716012
2022-10-26 04:00:00+00:00,381.62,387.58,381.35,382.02,104989718
2022-10-27 04:00:00+00:00,383.07,385.0,379.33,379.98,83114489
2022-10-28 04:00:00+00:00,379.87,389.52,379.68,389.02,103100112
2022-10-31 04:00:00+00:00,386.44,388.4,385.26,386.21,97000212
2022-11-01 04:00:00+00:00,390.14,390.39,383.29,384.52,85675227
2022-11-02 04:00:00+00:00,383.9,388.63,374.76,374.87,129869586
2022-11-03 04:00:00+00:00,371.465,374.2,368.79,371.01,87348809
2022-11-04 04:00:00+00:00,377.0,378.87,370.0,376.35,106018690
2022-11-07 05:00:00+00:00,377.71,380.57,375.53,379.95,68286947
2022-11-08 05:00:00+00:00,381.11,385.12,377.72,382.0,84641062
2022-11-09 05:00:00+00:00,379.93,381.14,373.61,374.13,78495470
2022-11-10 05:00:00+00:00,388.05,395.04,385.642,394.69,141455847
2022-11-11 05:00:00+00:00,395.59,399.35,393.61,398.51,93752318
2022-11-14 05:00:00+00:00,396.66,400.1799,394.83,395.12,71893165
2022-11-15 05:00:00+00:00,401.15,402.31,394.49,398.49,93194452
2022-11-16 05:00:00+00:00,396.78,397.78,394.79,395.45,68508454
2022-11-17 05:00:00+00:00,390.46,394.95,390.14,394.24,74496255
2022-11-18 05:00:00+00:00,397.74,397.81,393.04,396.03,92769313
2022-11-21 05:00:00+00:00,394.64,395.82,392.66,394.59,51243189
2022-11-22 05:00:00+00:00,396.63,400.07,395.1527,399.9,60429025
2022-11-23 05:00:00+00:00,399.55,402.93,399.31,402.42,68261628
2022-11-25 05:00:00+00:00,401.83,402.91,401.535,402.33,30545434
2022-11-28 05:00:00+00:00,399.09,400.81,395.11,395.91,68021749
2022-11-29 05:00:00+00:00,396.05,397.3,393.3,395.23,52310039
2022-11-30 05:00:00+00:00,395.49,407.68,393.48,407.68,144566653
2022-12-01 05:00:00+00:00,408.77,410.0,404.75,407.38,76398170
2022-12-02 05:00:00+00:00,402.25,407.86,402.14,406.91,85266739
2022-12-05 05:00:00+00:00,403.95,404.93,398.17,399.59,77289815
2022-12-06 05:00:00+00:00,399.42,399.99,391.64,393.83,77972217
2022-12-07 05:00:00+00:00,392.94,395.64,391.97,393.16,65927896
2022-12-08 05:00:00+00:00,395.14,397.36,393.2684,396.24,60737912
2022-12-09 05:00:00+00:00,394.94,397.62,393.15,393.28,81353584
2022-12-12 05:00:00+00:00,394.11,398.95,393.412,398.95,75405835
2022-12-13 05:00:00+00:00,410.22,410.49,399.07,401.97,123782534
2022-12-14 05:00:00+00:00,401.61,405.5,396.31,399.4,108111349
2022-12-15 05:00:00+00:00,394.3,395.25,387.885,389.63,117705889
2022-12-16 05:00:00+00:00,385.18,386.575,381.04,383.27,118935616
2022-12-19 05:00:00+00:00,383.47,383.82,378.28,380.02,79878103
2022-12-20 05:00:00+00:00,379.23,382.23,377.85,380.54,74427240
2022-12-21 05:00:00+00:00,383.25,387.41,382.69,386.23,78167369
2022-12-22 05:00:00+00:00,383.05,386.2134,374.77,380.72,100120855
2022-12-23 05:00:00+00:00,379.65,383.06,378.03,382.91,59746356
2022-12-27 05:00:00+00:00,382.79,383.15,379.65,381.4,51638180
2022-12-28 05:00:00+00:00,381.33,383.39,376.42,376.66,70911520
2022-12-29 05:00:00+00:00,379.63,384.35,379.08,383.44,66970877
2022-12-30 05:00:00+00:00,380.64,382.58,378.43,382.43,83957691
2023-01-03 05:00:00+00:00,384.37,386.43,377.831,380.82,74850731
2023-01-04 05:00:00+00:00,383.18,385.88,380.0,383.76,85934098
2023-01-05 05:00:00+00:00,381.72,381.84,378.76,379.38,76970456
2023-01-06 05:00:00+00:00,382.61,389.25,379.4127,388.08,104026233
2023-01-09 05:00:00+00:00,390.37,393.7,387.67,387.86,73978071
2023-01-10 05:00:00+00:00,387.25,390.65,386.27,390.58,65358094
2023-01-11 05:00:00+00:00,392.23,395.6,391.38,395.52,68881080
2023-01-12 05:00:00+00:00,396.67,398.485,392.42,396.96,90157699
2023-01-13 05:00:00+00:00,393.62,399.1,393.34,398.5,63859516
2023-01-17 05:00:00+00:00,398.48,400.23,397.06,397.77,62677281
2023-01-18 05:00:00+00:00,399.01,400.12,391.28,391.49,99632262
2023-01-19 05:00:00+00:00,389.36,391.08,387.26,388.64,86958919
2023-01-20 05:00:00+00:00,390.1,396.04,388.38,395.88,91540638
2023-01-23 05:00:00+00:00,396.72,402.645,395.72,400.63,84178797
2023-01-24 05:00:00+00:00,398.88,401.15,397.64,400.2,59524911
2023-01-25 05:00:00+00:00,395.95,400.7,393.56,400.35,84800251
2023-01-26 05:00:00+00:00,403.13,404.92,400.03,404.75,72287425
2023-01-27 05:00:00+00:00,403.655,408.16,403.44,405.68,68270538
2023-01-30 05:00:00+00:00,402.8,405.13,400.28,400.59,74202018
2023-01-31 05:00:00+00:00,401.13,406.53,400.77,406.48,86811786
2023-02-01 05:00:00+00:00,405.211,413.67,402.35,410.8,101459155
2023-02-02 05:00:00+00:00,414.86,418.31,412.88,416.78,101654463
2023-02-03 05:00:00+00:00,411.59,416.97,411.09,412.35,94630250
2023-02-06 05:00:00+00:00,409.79,411.29,408.1,409.83,60295325
2023-02-07 05:00:00+00:00,408.87,416.49,407.57,415.19,90990745
2023-02-08 05:00:00+00:00,413.13,414.53,409.93,410.65,76227462
2023-02-09 05:00:00+00:00,414.41,414.57,405.81,407.09,78694859
2023-02-10 05:00:00+00:00,405.86,408.44,405.01,408.04,70726597
2023-02-13 05:00:00+00:00,408.72,412.97,408.24,412.83,64913539
2023-02-14 05:00:00+00:00,411.24,415.05,408.511,412.64,88389313
2023-02-15 05:00:00+00:00,410.35,414.06,409.47,413.98,61685279
2023-02-16 05:00:00+00:00,408.79,412.91,408.14,408.28,76431469
2023-02-17 05:00:00+00:00,406.06,407.51,404.05,407.26,89166502
2023-02-21 05:00:00+00:00,403.06,404.16,398.82,399.09,82655924
2023-02-22 05:00:00+00:00,399.52,401.13,397.02,398.54,83742293
2023-02-23 05:00:00+00:00,401.56,402.2,396.25,400.66,96242399
2023-02-24 05:00:00+00:00,395.42,397.25,393.64,396.38,108144871
2023-02-27 05:00:00+00:00,399.87,401.29,396.75,397.73,80444736
2023-02-28 05:00:00+00:00,397.23,399.28,396.15,396.26,96438567
2023-03-01 05:00:00+00:00,395.41,396.69,393.38,394.74,99706823
2023-03-02 05:00:00+00:00,392.68,398.69,392.33,397.81,85404726
2023-03-03 05:00:00+00:00,399.71,404.45,399.03,404.19,90032260
2023-03-06 05:00:00+00:00,405.05,407.45,404.01,404.47,72795946
2023-03-07 05:00:00+00:00,404.42,404.67,397.625,398.27,108310596
2023-03-08 05:00:00+00:00,398.39,399.71,396.59,398.92,74746632
2023-03-09 05:00:00+00:00,399.74,401.48,390.53,391.56,111945322
2023-03-10 05:00:00+00:00,390.99,393.16,384.32,385.91,189443810
2023-03-13 04:00:00+00:00,381.81,390.39,380.65,385.36,157748594
2023-03-14 04:00:00+00:00,390.5,393.45,387.05,391.73,149752357
2023-03-15 04:00:00+00:00,385.89,389.49,383.71,389.28,172976539
2023-03-16 04:00:00+00:00,386.82,396.47,386.29,396.11,143753940
2023-03-17 04:00:00+00:00,393.22,394.4,388.55,389.99,140069974
2023-03-20 04:00:00+00:00,390.8,394.17,390.07,393.74,93055783
2023-03-21 04:00:00+00:00,397.24,399.41,395.58,398.91,91524248
2023-03-22 04:00:00+00:00,398.73,402.49,392.07,392.11,111746583
2023-03-23 04:00:00+00:00,395.09,399.29,390.35,393.17,119351319
2023-03-24 04:00:00+00:00,391.841,395.84,389.4,395.75,107684280
2023-03-27 04:00:00+00:00,398.12,398.92,395.56,396.49,74010408
2023-03-28 04:00:00+00:00,395.77,396.49,393.69,395.6,62871680
2023-03-29 04:00:00+00:00,399.925,401.6,398.68,401.35,77497876
2023-03-30 04:00:00+00:00,404.09,404.35,401.76,403.7,69840049
2023-03-31 04:00:00+00:00,404.66,409.7,404.55,409.39,111956715
2023-04-03 04:00:00+00:00,408.85,411.37,408.44,410.95,67391097
2023-04-04 04:00:00+00:00,411.62,411.92,407.24,408.67,66601534
2023-04-05 04:00:00+00:00,407.91,408.7,405.88,407.6,65200243
2023-04-06 04:00:00+00:00,406.77,409.48,405.678,409.19,63743345
2023-04-10 04:00:00+00:00,406.61,409.69,405.97,409.61,63681042
2023-04-11 04:00:00+00:00,410.26,411.18,408.92,409.72,59297945
2023-04-12 04:00:00+00:00,411.87,412.17,407.44,408.05,86420379
2023-04-13 04:00:00+00:00,409.18,413.84,407.9922,413.47,85814754
2023-04-14 04:00:00+00:00,412.81,415.09,410.06,412.46,78135828
2023-04-17 04:00:00+00:00,412.37,413.96,411.085,413.94,66424139
2023-04-18 04:00:00+00:00,415.58,415.72,412.7802,414.21,63559997
2023-04-19 04:00:00+00:00,412.22,415.08,412.16,414.14,55227330
2023-04-20 04:00:00+00:00,411.21,413.7,410.27,411.88,75840359
2023-04-21 04:00:00+00:00,412.19,412.68,410.17,412.2,73434638
2023-04-24 04:00:00+00:00,411.99,413.07,410.6,412.63,64332095
2023-04-25 04:00:00+00:00,410.58,411.16,406.02,406.08,97766721
2023-04-26 04:00:00+00:00,406.72,407.84,403.78,404.36,80447049
2023-04-27 04:00:00+00:00,407.0,412.69,406.74,412.41,92968369
2023-04-28 04:00:00+00:00,411.49,415.94,411.43,415.93,89312589
2023-05-01 04:00:00+00:00,415.47,417.62,415.265,415.51,62122254
2023-05-02 04:00:00+00:00,414.77,414.82,407.82,410.84,103998484
2023-05-03 04:00:00+00:00,411.36,413.87,407.77,408.02,91531769
2023-05-04 04:00:00+00:00,406.93,407.27,403.74,405.13,94901863
2023-05-05 04:00:00+00:00,408.91,413.72,408.64,412.63,87832433
2023-05-08 04:00:00+00:00,412.97,413.24,411.28,412.74,50046768
2023-05-09 04:00:00+00:00,411.13,412.09,410.6894,410.93,49220119
2023-05-10 04:00:00+00:00,413.88,414.535,408.87,412.85,96142922
2023-05-11 04:00:00+00:00,411.95,412.43,409.97,412.13,70157064
2023-05-12 04:00:00+00:00,413.42,413.64,409.07,411.59,70441226
2023-05-15 04:00:00+00:00,412.22,413.43,410.23,413.01,54289383
2023-05-16 04:00:00+00:00,411.86,412.815,410.24,410.25,57705495
2023-05-17 04:00:00+00:00,412.35,415.855,410.635,415.23,87286957
2023-05-18 04:00:00+00:00,414.9,419.67,414.67,419.23,97177195
2023-05-19 04:00:00+00:00,420.17,420.72,417.35,418.62,103625186
2023-05-22 04:00:00+00:00,418.64,420.39,417.35,418.79,60745399
2023-05-23 04:00:00+00:00,417.08,418.722,413.68,414.09,86383493
2023-05-24 04:00:00+00:00,412.42,412.82,409.8795,411.09,89213678
2023-05-25 04:00:00+00:00,414.74,416.16,412.4101,414.65,90961606
2023-05-26 04:00:00+00:00,415.33,420.77,415.25,420.02,93687752
2023-05-30 04:00:00+00:00,422.03,422.58,418.735,420.18,72215960
2023-05-31 04:00:00+00:00,418.28,419.22,416.22,417.85,111771940
2023-06-01 04:00:00+00:00,418.09,422.92,416.79,421.82,88865018
2023-06-02 04:00:00+00:00,424.5,428.74,423.95,427.92,91426171
2023-06-05 04:00:00+00:00,428.28,429.67,426.37,427.1,70216018
2023-06-06 04:00:00+00:00,426.67,428.5772,425.99,428.03,64022176
2023-06-07 04:00:00+00:00,428.44,429.62,426.11,426.55,85372762
2023-06-08 04:00:00+00:00,426.62,429.6,425.82,429.13,61952842
2023-06-09 04:00:00+00:00,429.96,431.99,428.87,429.9,85647169
2023-06-12 04:00:00+00:00,430.92,433.88,430.17,433.8,76256703
2023-06-13 04:00:00+00:00,435.32,437.33,434.63,436.66,95898626
2023-06-14 04:00:00+00:00,437.01,439.0612,433.59,437.18,100608099
2023-06-15 04:00:00+00:00,436.33,443.9,436.23,442.6,110301303
2023-06-16 04:00:00+00:00,443.02,443.6078,438.97,439.46,114164649
2023-06-20 04:00:00+00:00,437.45,438.37,435.03,437.18,76160359
2023-06-21 04:00:00+00:00,436.16,436.99,434.33,434.94,76982252
2023-06-22 04:00:00+00:00,433.95,436.62,433.6,436.51,70637175
2023-06-23 04:00:00+00:00,432.93,435.06,432.47,433.21,92075438
2023-06-26 04:00:00+00:00,432.62,434.61,431.19,431.44,72823560
2023-06-27 04:00:00+00:00,432.35,436.81,431.88,436.17,72813700
2023-06-28 04:00:00+00:00,435.05,437.44,434.41,436.39,75635976
2023-06-29 04:00:00+00:00,435.96,438.28,435.54,438.11,67882305
2023-06-30 04:00:00+00:00,441.44,444.3,441.11,443.28,102201286
2023-07-03 04:00:00+00:00,442.92,444.08,442.63,443.79,32501144
2023-07-05 04:00:00+00:00,441.91,443.889,441.9,443.13,58418434
2023-07-06 04:00:00+00:00,439.42,440.1,437.06,439.66,80658303
2023-07-07 04:00:00+00:00,438.63,442.64,438.3,438.55,86134179
2023-07-10 04:00:00+00:00,438.18,439.84,437.585,439.66,62443502
2023-07-11 04:00:00+00:00,440.45,442.97,439.44,442.46,64463753
2023-07-12 04:00:00+00:00,446.39,447.4799,444.91,446.02,91924527
2023-07-13 04:00:00+00:00,447.9,450.38,447.45,449.56,72425242
2023-07-14 04:00:00+00:00,450.475,451.36,448.49,449.28,69815823
2023-07-17 04:00:00+00:00,449.13,451.93,449.08,450.84,52680223
2023-07-18 04:00:00+00:00,450.5,454.86,450.0484,454.19,80744449
2023-07-19 04:00:00+00:00,455.01,456.43,454.1119,455.2,65891689
2023-07-20 04:00:00+00:00,454.17,455.1,451.44,452.18,70591643
2023-07-21 04:00:00+00:00,453.96,454.165,452.17,452.18,71275619
2023-07-24 04:00:00+00:00,453.37,455.04,452.298,454.2,54023384
2023-07-25 04:00:00+00:00,453.92,456.735,453.87,455.44,55191240
2023-07-26 04:00:00+00:00,454.47,456.99,453.38,455.51,71052885
2023-07-27 04:00:00+00:00,459.02,459.44,451.55,452.49,92194375
2023-07-28 04:00:00+00:00,455.88,457.78,452.4918,456.92,80011791
2023-07-31 04:00:00+00:00,457.41,458.16,456.045,457.79,62040450
2023-08-01 04:00:00+00:00,456.27,457.25,455.49,456.48,55502201
2023-08-02 04:00:00+00:00,453.25,453.52,449.3499,450.13,93933371
2023-08-03 04:00:00+00:00,448.04,450.79,447.37,448.84,64928592
2023-08-04 04:00:00+00:00,450.72,452.895,446.27,446.81,101621488
2023-08-07 04:00:00+00:00,448.71,450.865,447.99,450.71,58357466
2023-08-08 04:00:00+00:00,448.08,450.6952,445.2705,448.75,71361326
2023-08-09 04:00:00+00:00,449.03,449.1999,444.96,445.75,78789577
2023-08-10 04:00:00+00:00,448.19,451.7,444.7,445.91,93005596
2023-08-11 04:00:00+00:00,443.97,446.7007,443.345,445.65,68690903
2023-08-14 04:00:00+00:00,444.7,448.11,444.38,448.11,47867443
2023-08-15 04:00:00+00:00,446.27,446.64,442.3,442.89,75707535
2023-08-16 04:00:00+00:00,442.46,444.18,439.53,439.64,80107206
2023-08-17 04:00:00+00:00,441.16,441.43,435.75,436.29,95711317
2023-08-18 04:00:00+00:00,433.37,437.57,433.01,436.5,98851962
2023-08-21 04:00:00+00:00,437.55,440.11,435.32,439.34,68718959
2023-08-22 04:00:00+00:00,441.18,441.18,437.57,438.15,65062863
2023-08-23 04:00:00+00:00,439.25,443.67,439.1,443.03,68441023
2023-08-24 04:00:00+00:00,444.69,445.22,436.855,436.89,88517274
2023-08-25 04:00:00+00:00,438.68,441.3,435.0,439.97,102325105
2023-08-28 04:00:00+00:00,442.24,443.4,439.9728,442.76,61595395
2023-08-29 04:00:00+00:00,442.65,449.45,442.46,449.16,83081918
2023-08-30 04:00:00+00:00,449.51,451.67,448.78,451.01,69053913
2023-08-31 04:00:00+00:00,451.65,452.83,450.16,450.35,66084565
2023-09-01 04:00:00+00:00,453.17,453.67,449.68,451.19,58944100
2023-09-05 04:00:00+00:00,450.73,451.06,449.17,449.24,55166212
2023-09-06 04:00:00+00:00,448.4,448.51,443.81,446.22,70758514
2023-09-07 04:00:00+00:00,443.11,445.55,442.75,444.85,70355427
2023-09-08 04:00:00+00:00,444.9,447.11,444.53,445.52,62068439
2023-09-11 04:00:00+00:00,448.24,448.77,446.4699,448.45,60180120
2023-09-12 04:00:00+00:00,446.95,448.53,445.39,445.99,67565424
2023-09-13 04:00:00+00:00,446.22,447.71,445.0793,446.51,60199274
2023-09-14 04:00:00+00:00,449.07,451.08,447.715,450.36,83430816
2023-09-15 04:00:00+00:00,447.14,447.48,442.92,443.37,111907859
2023-09-18 04:00:00+00:00,443.05,444.97,442.56,443.63,55752214
2023-09-19 04:00:00+00:00,442.68,443.29,439.94,442.71,66514650
2023-09-20 04:00:00+00:00,444.01,444.435,438.43,438.64,82562603
2023-09-21 04:00:00+00:00,435.7,435.97,431.23,431.39,104095828
2023-09-22 04:00:00+00:00,432.45,434.1,429.99,430.42,100829685
2023-09-25 04:00:00+00:00,429.17,432.27,428.72,432.23,70874824
2023-09-26 04:00:00+00:00,429.09,429.82,425.02,425.88,96172890
2023-09-27 04:00:00+00:00,427.09,427.67,422.29,426.05,104707452
2023-09-28 04:00:00+00:00,425.48,430.2499,424.87,428.52,92258310
2023-09-29 04:00:00+00:00,431.67,431.85,425.91,427.48,115111320
2023-10-02 04:00:00+00:00,426.62,428.6,424.46,427.31,83798601
2023-10-03 04:00:00+00:00,425.06,427.3729,420.18,421.59,103760609
2023-10-04 04:00:00+00:00,422.07,425.4299,420.56,424.66,87452970
2023-10-05 04:00:00+00:00,424.36,425.37,421.1701,424.5,70142746
2023-10-06 04:00:00+00:00,421.97,431.125,420.6,429.54,113273311
2023-10-09 04:00:00+00:00,427.58,432.88,427.0101,432.29,80374364
2023-10-10 04:00:00+00:00,432.94,437.22,432.53,434.54,78607270
2023-10-11 04:00:00+00:00,435.64,436.58,433.18,436.32,62451738
2023-10-12 04:00:00+00:00,436.95,437.335,431.23,433.66,81154231
2023-10-13 04:00:00+00:00,435.21,436.45,429.88,431.5,95201134
2023-10-16 04:00:00+00:00,433.82,437.14,433.57,436.04,75433196
2023-10-17 04:00:00+00:00,432.81,438.14,432.45,436.02,75324710
2023-10-18 04:00:00+00:00,434.19,435.18,429.09,430.21,93559799
2023-10-19 04:00:00+00:00,430.95,432.82,425.725,426.43,121322959
2023-10-20 04:00:00+00:00,425.98,426.54,421.08,421.19,123919876
2023-10-23 04:00:00+00:00,419.61,424.45,417.8,420.46,92035097
2023-10-24 04:00:00+00:00,422.65,424.82,420.74,423.63,78564241
2023-10-25 04:00:00+00:00,421.89,421.92,417.015,417.55,94223200
2023-10-26 04:00:00+00:00,416.45,417.325,411.6,412.55,115156763
2023-10-27 04:00:00+00:00,414.19,414.6,409.21,410.68,107367673
2023-10-30 04:00:00+00:00,413.56,416.68,412.22,415.59,86562677
2023-10-31 04:00:00+00:00,416.18,418.53,414.21,418.2,79665152
2023-11-01 04:00:00+00:00,419.2,423.5,418.6499,422.66,98068117
2023-11-02 04:00:00+00:00,426.58,430.915,426.56,430.76,94938911
2023-11-03 04:00:00+00:00,433.14,436.29,433.01,434.69,100167777
2023-11-06 05:00:00+00:00,435.47,436.1498,433.68,435.69,67831662
2023-11-07 05:00:00+00:00,435.69,437.585,434.51,436.93,64256116
2023-11-08 05:00:00+00:00,437.55,438.09,434.87,437.25,61746029
2023-11-09 05:00:00+00:00,438.43,438.47,433.4,433.84,83174419
2023-11-10 05:00:00+00:00,435.98,440.93,433.8335,440.61,89558056
2023-11-13 05:00:00+00:00,439.23,441.33,438.42,440.19,52236070
2023-11-14 05:00:00+00:00,446.32,450.06,446.09,448.73,97176937
2023-11-15 05:00:00+00:00,450.11,451.38,448.8,449.68,77327573
2023-11-16 05:00:00+00:00,449.22,450.56,448.12,450.23,66665799
2023-11-17 05:00:00+00:00,450.24,451.42,449.29,450.79,83193904
2023-11-20 05:00:00+00:00,450.53,455.125,450.52,454.26,70055635
2023-11-21 05:00:00+00:00,453.1842,454.131,451.9599,453.27,49244640
2023-11-22 05:00:00+00:00,454.98,456.38,453.8895,455.02,59446575
2023-11-24 05:00:00+00:00,455.07,455.5,454.73,455.3,29737377
2023-11-27 05:00:00+00:00,454.65,455.4901,454.0799,454.48,50505987
2023-11-28 05:00:00+00:00,454.08,456.27,453.5,454.93,62115013
2023-11-29 05:00:00+00:00,457.15,458.32,454.2,454.61,63145994
2023-11-30 05:00:00+00:00,455.48,456.76,453.34,456.4,79752702
2023-12-01 05:00:00+00:00,455.77,459.65,455.16,459.1,89183402
2023-12-04 05:00:00+00:00,455.6,459.1206,454.34,456.69,72431488
2023-12-05 05:00:00+00:00,455.26,457.59,454.87,456.6,69793569
2023-12-06 05:00:00+00:00,458.81,458.84,454.31,454.76,69124885
2023-12-07 05:00:00+00:00,456.91,458.9,456.29,458.23,67002346
2023-12-08 05:00:00+00:00,457.46,460.745,457.21,460.2,83194404
2023-12-11 05:00:00+00:00,459.69,462.17,459.47,461.99,65803711
2023-12-12 05:00:00+00:00,461.63,464.2,460.6,464.1,68329617
2023-12-13 05:00:00+00:00,464.49,470.7599,464.12,470.5,93277960
2023-12-14 05:00:00+00:00,472.5,473.73,469.25,472.01,119028953
2023-12-15 05:00:00+00:00,469.49,470.7,467.4263,469.33,141554383
2023-12-18 05:00:00+00:00,470.98,472.98,469.8929,471.97,70375385
2023-12-19 05:00:00+00:00,472.53,474.92,472.45,474.84,55762005
2023-12-20 05:00:00+00:00,473.96,475.895,467.82,468.26,102920959
2023-12-21 05:00:00+00:00,471.33,472.975,468.84,472.7,86679796
2023-12-22 05:00:00+00:00,473.86,475.38,471.7,473.65,67160419
2023-12-26 05:00:00+00:00,474.07,476.58,473.99,475.65,55386952
2023-12-27 05:00:00+00:00,475.44,476.66,474.89,476.51,68000811
2023-12-28 05:00:00+00:00,476.88,477.55,476.26,476.69,77158117
2023-12-29 05:00:00+00:00,476.49,477.03,473.3,475.31,122288349
2024-01-02 05:00:00+00:00,472.16,473.67,470.49,472.65,123007793
2024-01-03 05:00:00+00:00,470.43,471.19,468.17,468.79,103595966
2024-01-04 05:00:00+00:00,468.3,470.96,467.05,467.28,84232169
2024-01-05 05:00:00+00:00,467.49,470.44,466.43,467.92,86118913
2024-01-08 05:00:00+00:00,468.43,474.75,468.3,474.6,74879074
2024-01-09 05:00:00+00:00,471.87,474.93,471.35,473.88,65931439
2024-01-10 05:00:00+00:00,474.16,477.4481,473.87,476.56,67310640
2024-01-11 05:00:00+00:00,477.59,478.12,472.26,476.35,77940823
2024-01-12 05:00:00+00:00,477.84,478.6,475.23,476.68,58026520
2024-01-16 05:00:00+00:00,475.26,476.6098,473.06,474.93,85015070
2024-01-17 05:00:00+00:00,471.82,472.79,469.87,472.29,68843871
2024-01-18 05:00:00+00:00,474.01,477.06,472.42,476.49,91856348
2024-01-19 05:00:00+00:00,477.65,482.72,476.5374,482.43,110834483
2024-01-22 05:00:00+00:00,484.01,485.22,482.78,483.45,76044931
2024-01-23 05:00:00+00:00,484.01,485.105,482.89,484.86,49945297
2024-01-24 05:00:00+00:00,487.81,488.77,484.8819,485.39,81765039
2024-01-25 05:00:00+00:00,487.575,488.305,485.39,488.03,72524989
2024-01-26 05:00:00+00:00,487.59,489.12,486.54,487.41,76641609
2024-01-29 05:00:00+00:00,487.73,491.415,487.17,491.27,61322751
2024-01-30 05:00:00+00:00,490.56,491.62,490.11,490.89,58618386
2024-01-31 05:00:00+00:00,488.62,489.0813,482.86,482.88,126011062
2024-02-01 05:00:00+00:00,484.63,489.23,483.8,489.2,91891637
2024-02-02 05:00:00+00:00,489.65,496.05,489.3,494.35,99228192
2024-02-05 05:00:00+00:00,493.695,494.3778,490.23,492.55,75685102
2024-02-06 05:00:00+00:00,493.52,494.32,492.05,493.98,55918602
2024-02-07 05:00:00+00:00,496.29,498.53,495.36,498.1,70556506
2024-02-08 05:00:00+00:00,498.1,498.71,497.26,498.32,52343636
2024-02-09 05:00:00+00:00,498.84,501.65,498.49,501.2,63979375
2024-02-12 05:00:00+00:00,501.17,503.5,500.24,500.98,56502283
2024-02-13 05:00:00+00:00,494.53,497.09,490.715,494.08,113099199
2024-02-14 05:00:00+00:00,496.79,499.07,494.4,498.57,68387827
2024-02-15 05:00:00+00:00,499.29,502.2,498.795,502.01,61682960
2024-02-16 05:00:00+00:00,501.7,502.87,498.75,499.51,75532928
2024-02-20 05:00:00+00:00,497.72,498.41,494.45,496.76,71736740
2024-02-21 05:00:00+00:00,495.42,497.37,493.56,497.21,59603771
2024-02-22 05:00:00+00:00,504.01,508.49,503.02,507.5,76402535
2024-02-23 05:00:00+00:00,509.27,510.13,507.1,507.85,61321818
2024-02-26 05:00:00+00:00,508.3,508.75,505.86,505.99,50386738
2024-02-27 05:00:00+00:00,506.7,507.16,504.75,506.93,48831828
2024-02-28 05:00:00+00:00,505.33,506.855,504.96,506.26,56506634
2024-02-29 05:00:00+00:00,508.07,509.74,505.35,508.08,83924795
2024-03-01 05:00:00+00:00,508.98,513.29,508.56,512.85,76844844
2024-03-04 05:00:00+00:00,512.03,514.2,512.0,512.3,49799257
2024-03-05 05:00:00+00:00,510.24,510.7,504.91,507.18,73320623
2024-03-06 05:00:00+00:00,510.55,512.069,508.42,509.75,68392367
2024-03-07 05:00:00+00:00,513.14,515.89,509.8053,514.81,58652085
2024-03-08 05:00:00+00:00,515.46,518.2201,511.13,511.72,86532535
2024-03-11 04:00:00+00:00,510.48,511.88,508.5,511.28,62557183
2024-03-12 04:00:00+00:00,513.45,517.38,510.86,516.78,73694439
2024-03-13 04:00:00+00:00,517.11,517.29,514.49,515.97,55104088
2024-03-14 04:00:00+00:00,516.97,517.125,511.82,514.95,110171820
2024-03-15 04:00:00+00:00,510.21,511.7,508.122,509.83,107646297
2024-03-18 04:00:00+00:00,514.0,515.48,512.44,512.86,88893331
2024-03-19 04:00:00+00:00,512.15,515.995,511.12,515.71,60755263
2024-03-20 04:00:00+00:00,515.77,520.62,515.08,520.48,69594574
2024-03-21 04:00:00+00:00,523.39,524.11,521.91,522.2,60256112
2024-03-22 04:00:00+00:00,522.11,522.605,520.97,521.21,79070842
2024-03-25 04:00:00+00:00,519.8,520.95,519.61,519.77,48512108
2024-03-26 04:00:00+00:00,521.23,521.58,518.4,518.81,65463744
2024-03-27 04:00:00+00:00,521.71,523.21,519.485,523.17,82999777
2024-03-28 04:00:00+00:00,523.21,524.61,522.78,523.07,96294886
2024-04-01 04:00:00+00:00,523.83,524.38,520.97,522.16,62477540
2024-04-02 04:00:00+00:00,518.24,518.98,516.48,518.84,74230308
2024-04-03 04:00:00+00:00,517.72,520.95,517.665,519.41,59155759
2024-04-04 04:00:00+00:00,523.52,523.8674,512.755,513.07,96908074
2024-04-05 04:00:00+00:00,514.46,520.44,514.01,518.43,74546483
2024-04-08 04:00:00+00:00,519.15,520.18,517.89,518.72,48401702
2024-04-09 04:00:00+00:00,520.5,520.75,514.35,519.32,68124385
2024-04-10 04:00:00+00:00,513.48,516.16,512.09,514.12,82652806
2024-04-11 04:00:00+00:00,515.68,519.48,512.08,518.0,70099007
2024-04-12 04:00:00+00:00,514.37,515.815,509.08,510.85,92486785
2024-04-15 04:00:00+00:00,515.13,515.3,503.58,504.45,92101447
2024-04-16 04:00:00+00:00,504.94,506.5,502.21,503.53,73484020
2024-04-17 04:00:00+00:00,506.05,506.22,499.12,500.55,75910305
2024-04-18 04:00:00+00:00,501.98,504.13,498.56,499.52,74548085
2024-04-19 04:00:00+00:00,499.44,500.455,493.86,495.16,102212587
2024-04-22 04:00:00+00:00,497.83,502.38,495.43,499.72,67962998
2024-04-23 04:00:00+00:00,501.78,506.09,499.5328,505.65,64633620
2024-04-24 04:00:00+00:00,506.56,507.37,503.13,505.41,55928076
2024-04-25 04:00:00+00:00,499.18,504.27,497.49,503.49,69122368
2024-04-26 04:00:00+00:00,506.35,509.88,505.7,508.26,64306118
2024-04-29 04:00:00+00:00,510.09,510.75,507.25,510.06,46415449
2024-04-30 04:00:00+00:00,508.56,509.56,501.98,501.98,77483566
2024-05-01 04:00:00+00:00,501.38,508.19,499.865,500.35,80242839
2024-05-02 04:00:00+00:00,504.15,505.89,499.55,505.03,62685179
2024-05-03 04:00:00+00:00,511.16,512.55,508.56,511.29,72838709
2024-05-06 04:00:00+00:00,513.75,516.61,513.3,516.57,47264703
2024-05-07 04:00:00+00:00,517.56,518.57,516.45,517.14,52561299
2024-05-08 04:00:00+00:00,515.26,517.74,515.14,517.19,42047214
2024-05-09 04:00:00+00:00,517.38,520.2074,516.705,520.17,43643668
2024-05-10 04:00:00+00:00,521.81,522.635,519.59,520.84,52233171
2024-05-13 04:00:00+00:00,522.56,522.67,519.74,520.91,36716361
2024-05-14 04:00:00+00:00,521.11,523.83,520.56,523.3,57535867
2024-05-15 04:00:00+00:00,525.83,530.08,525.18,529.78,59504897
2024-05-16 04:00:00+00:00,529.88,531.5218,528.54,528.69,50244827
2024-05-17 04:00:00+00:00,528.81,529.52,527.32,529.45,59187585
2024-05-20 04:00:00+00:00,529.57,531.5601,529.17,530.06,37764206
2024-05-21 04:00:00+00:00,529.28,531.52,529.07,531.36,33437001
2024-05-22 04:00:00+00:00,530.65,531.38,527.6,529.83,48389968
2024-05-23 04:00:00+00:00,532.96,533.07,524.72,525.96,57211197
2024-05-24 04:00:00+00:00,527.85,530.27,526.881,529.44,41331076
2024-05-28 04:00:00+00:00,530.27,530.51,527.11,529.81,36269602
2024-05-29 04:00:00+00:00,525.68,527.31,525.37,526.1,45190323
2024-05-30 04:00:00+00:00,524.52,525.2,521.33,522.61,46468510
2024-05-31 04:00:00+00:00,523.59,527.5,518.36,527.37,90785855
2024-06-03 04:00:00+00:00,529.02,529.31,522.6,527.8,46835702
2024-06-04 04:00:00+00:00,526.46,529.15,524.96,528.39,34632661
2024-06-05 04:00:00+00:00,530.77,534.69,528.7254,534.67,47610365
2024-06-06 04:00:00+00:00,534.98,535.42,532.68,534.66,30808530
2024-06-07 04:00:00+00:00,533.66,536.89,532.535,534.01,43224525
2024-06-10 04:00:00+00:00,533.18,535.99,532.57,535.66,35729252
2024-06-11 04:00:00+00:00,534.07,537.01,532.05,536.95,36383411
2024-06-12 04:00:00+00:00,541.63,544.12,540.3,541.36,63251305
2024-06-13 04:00:00+00:00,543.15,543.325,539.59,542.45,44760949
2024-06-14 04:00:00+00:00,540.88,542.81,539.85,542.78,40089895
2024-06-17 04:00:00+00:00,542.08,548.53,541.6072,547.1,55839457
2024-06-18 04:00:00+00:00,547.16,548.62,546.73,548.49,41376417
2024-06-20 04:00:00+00:00,549.44,550.12,545.18,547.0,70328226
2024-06-21 04:00:00+00:00,544.4,545.65,543.02,544.51,64513859
2024-06-24 04:00:00+00:00,544.33,546.95,542.62,542.74,45528654
2024-06-25 04:00:00+00:00,543.99,545.2,542.44,544.83,38273346
2024-06-26 04:00:00+00:00,543.69,546.24,543.03,545.51,38550637
2024-06-27 04:00:00+00:00,545.37,546.96,544.61,546.37,35041480
2024-06-28 04:00:00+00:00,547.16,550.28,542.95,544.22,75925045
2024-07-01 04:00:00+00:00,545.63,545.88,542.52,545.34,40297810
2024-07-02 04:00:00+00:00,543.7,549.01,543.65,549.01,40434792
2024-07-03 04:00:00+00:00,548.69,551.83,548.65,551.46,32789911
2024-07-05 04:00:00+00:00,551.77,555.05,551.12,554.64,41488389
2024-07-08 04:00:00+00:00,555.44,556.2501,554.19,555.28,36110451
2024-07-09 04:00:00+00:00,556.26,557.18,555.52,555.82,27314125
2024-07-10 04:00:00+00:00,557.07,561.67,556.77,561.32,38701220
2024-07-11 04:00:00+00:00,561.44,562.33,555.83,556.48,53054184
2024-07-12 04:00:00+00:00,557.63,563.67,557.15,559.99,53084405
2024-07-15 04:00:00+00:00,562.03,564.8371,559.63,561.53,40584293
2024-07-16 04:00:00+00:00,562.865,565.16,562.1,564.86,36475260
2024-07-17 04:00:00+00:00,558.8,560.51,556.61,556.94,57118956
2024-07-18 04:00:00+00:00,558.51,559.52,550.43,552.66,56270392
2024-07-19 04:00:00+00:00,552.42,554.08,547.91,548.99,65509081
2024-07-22 04:00:00+00:00,553.0,555.27,551.02,554.65,43346720
2024-07-23 04:00:00+00:00,554.54,556.735,553.275,553.78,34439561
2024-07-24 04:00:00+00:00,548.86,549.17,540.29,541.23,74515266
2024-07-25 04:00:00+00:00,541.35,547.455,537.45,538.41,61158288
2024-07-26 04:00:00+00:00,542.28,547.19,541.49,544.44,53763788
2024-07-29 04:00:00+00:00,546.02,547.05,542.72,544.76,39515824
2024-07-30 04:00:00+00:00,546.26,547.34,538.515,542.0,46853632
2024-07-31 04:00:00+00:00,548.98,553.5,547.5799,550.81,65663388
2024-08-01 04:00:00+00:00,552.57,554.8688,539.43,543.01,76428732
2024-08-02 04:00:00+00:00,535.75,536.99,528.6,532.9,82789070
2024-08-05 04:00:00+00:00,511.64,523.58,510.27,517.38,146267391
2024-08-06 04:00:00+00:00,519.22,529.75,517.87,522.15,84826312
2024-08-07 04:00:00+00:00,528.47,531.59,518.0519,518.66,70698340
2024-08-08 04:00:00+00:00,523.91,531.29,521.84,530.65,63276589
2024-08-09 04:00:00+00:00,529.81,534.51,528.56,532.99,45619558
2024-08-12 04:00:00+00:00,534.21,535.73,530.95,533.27,42542069
2024-08-13 04:00:00+00:00,536.53,542.28,536.28,542.04,52333073
2024-08-14 04:00:00+00:00,542.85,544.96,540.12,543.75,42446929
2024-08-15 04:00:00+00:00,549.5,553.36,548.88,553.07,60846812
2024-08-16 04:00:00+00:00,551.42,555.02,551.26,554.31,44430728
2024-08-19 04:00:00+00:00,554.73,559.61,553.86,559.61,39121793
2024-08-20 04:00:00+00:00,559.15,560.84,557.325,558.7,33732264
2024-08-21 04:00:00+00:00,559.77,562.11,554.73,560.62,41514600
2024-08-22 04:00:00+00:00,562.56,563.18,554.98,556.22,56121456
2024-08-23 04:00:00+00:00,559.53,563.09,557.29,562.13,50639393
2024-08-26 04:00:00+00:00,563.18,563.91,559.05,560.79,35788609
2024-08-27 04:00:00+00:00,559.49,562.06,558.32,561.56,32693898
2024-08-28 04:00:00+00:00,561.21,561.65,555.04,558.3,41066024
2024-08-29 04:00:00+00:00,560.31,563.68,557.18,558.35,38715176
2024-08-30 04:00:00+00:00,560.77,564.2,557.14,563.68,62700110
2024-09-03 04:00:00+00:00,560.47,560.81,549.51,552.08,60600113
2024-09-04 04:00:00+00:00,550.2,554.43,549.46,550.95,47224939
2024-09-05 04:00:00+00:00,550.89,553.7995,547.1,549.61,44264258
2024-09-06 04:00:00+00:00,549.94,551.6,539.44,540.36,68493805
2024-09-09 04:00:00+00:00,544.65,547.71,542.68,546.41,40445822
2024-09-10 04:00:00+00:00,548.36,549.15,543.38,548.79,36394579
2024-09-11 04:00:00+00:00,548.7,555.36,539.96,554.42,75248608
2024-09-12 04:00:00+00:00,555.01,559.4,552.74,559.09,51892735
2024-09-13 04:00:00+00:00,559.71,563.03,559.45,562.01,39310501
2024-09-16 04:00:00+00:00,561.74,563.11,559.9,562.84,36656122
2024-09-17 04:00:00+00:00,565.1,566.58,560.795,563.07,49320970
2024-09-18 04:00:00+00:00,563.74,568.69,560.83,561.4,59044937
2024-09-19 04:00:00+00:00,571.01,572.88,568.08,570.98,75315470
2024-09-20 04:00:00+00:00,567.84,569.31,565.17,568.25,77503110
2024-09-23 04:00:00+00:00,569.34,570.3325,568.1,569.67,44116922
2024-09-24 04:00:00+00:00,570.48,571.36,567.6,571.3,46805672
2024-09-25 04:00:00+00:00,571.14,571.89,568.91,570.04,38428587
2024-09-26 04:00:00+00:00,574.38,574.71,569.9,572.3,48336004
2024-09-27 04:00:00+00:00,573.39,574.22,570.42,571.47,42100928
2024-09-30 04:00:00+00:00,570.42,574.38,568.08,573.76,63655448
2024-10-01 04:00:00+00:00,573.4,574.0622,566.0,568.62,72668778
2024-10-02 04:00:00+00:00,567.71,569.9,565.27,568.86,38097798
2024-10-03 04:00:00+00:00,567.36,569.8025,565.49,567.82,40846466
2024-10-04 04:00:00+00:00,572.35,573.36,568.1,572.98,43005186
2024-10-07 04:00:00+00:00,571.3,571.9599,566.63,567.8,49964690
2024-10-08 04:00:00+00:00,570.42,573.78,569.5299,573.17,37398693
2024-10-09 04:00:00+00:00,573.16,577.71,572.55,577.14,37912244
2024-10-10 04:00:00+00:00,575.77,577.58,574.49,576.13,44138060
2024-10-11 04:00:00+00:00,576.05,580.33,575.91,579.58,42267994
2024-10-14 04:00:00+00:00,581.22,585.27,580.73,584.32,36217215
2024-10-15 04:00:00+00:00,584.59,584.9,578.545,579.78,54203636
2024-10-16 04:00:00+00:00,579.78,582.83,578.96,582.3,30725436
2024-10-17 04:00:00+00:00,585.91,586.12,582.16,582.35,34393714
2024-10-18 04:00:00+00:00,584.07,585.39,582.58,584.59,37416801
2024-10-21 04:00:00+00:00,583.85,584.85,580.6001,583.63,36439010
2024-10-22 04:00:00+00:00,581.05,584.5,580.38,583.32,34183835
2024-10-23 04:00:00+00:00,581.26,581.7086,574.415,577.99,49314574
2024-10-24 04:00:00+00:00,579.98,580.06,576.57,579.24,34979860
2024-10-25 04:00:00+00:00,581.51,584.46,578.08,579.04,47268176
2024-10-28 04:00:00+00:00,582.58,582.71,580.52,580.83,30174704
2024-10-29 04:00:00+00:00,579.85,582.907,578.43,581.77,42899661
2024-10-30 04:00:00+00:00,581.29,583.32,579.29,580.01,41435839
2024-10-31 04:00:00+00:00,575.56,575.63,568.44,568.64,60182451
2024-11-01 04:00:00+00:00,571.32,575.55,570.62,571.04,45667533
2024-11-04 05:00:00+00:00,571.18,572.5,567.89,569.81,38216975
2024-11-05 05:00:00+00:00,570.74,576.74,570.52,576.7,39478322
2024-11-06 05:00:00+00:00,589.2,591.93,585.39,591.04,68181968
2024-11-07 05:00:00+00:00,593.08,596.65,592.9999,595.61,47233212
2024-11-08 05:00:00+00:00,596.17,599.64,596.165,598.19,46444893
2024-11-11 05:00:00+00:00,599.81,600.17,597.0,598.76,37586773
2024-11-12 05:00:00+00:00,598.68,599.29,594.37,596.9,43006128
2024-11-13 05:00:00+00:00,597.37,599.23,594.96,597.19,47388640
2024-11-14 05:00:00+00:00,597.32,597.81,592.65,593.35,38904109
2024-11-15 05:00:00+00:00,589.72,590.2,583.86,585.75,75988766
2024-11-18 05:00:00+00:00,586.22,589.49,585.34,588.15,37084081
2024-11-19 05:00:00+00:00,584.71,591.045,584.03,590.3,49422046
2024-11-20 05:00:00+00:00,590.38,590.79,584.63,590.5,49893334
2024-11-21 05:00:00+00:00,593.4,595.12,587.45,593.67,46750285
2024-11-22 05:00:00+00:00,593.66,596.15,593.1525,595.51,38226390
2024-11-25 05:00:00+00:00,599.52,600.86,595.2,597.53,42441393
2024-11-26 05:00:00+00:00,598.8,601.33,598.07,600.65,45621288
2024-11-27 05:00:00+00:00,600.46,600.85,597.28,598.83,34000163
2024-11-29 05:00:00+00:00,599.66,603.35,599.3805,602.55,30177351
2024-12-02 05:00:00+00:00,602.97,604.32,602.47,603.63,31745989
2024-12-03 05:00:00+00:00,603.39,604.16,602.341,603.91,26906629
2024-12-04 05:00:00+00:00,605.63,607.91,604.95,607.66,42787561
2024-12-05 05:00:00+00:00,607.66,608.48,606.305,606.66,28762183
2024-12-06 05:00:00+00:00,607.44,609.07,607.02,607.81,31241549
2024-12-09 05:00:00+00:00,607.69,607.86,604.08,604.68,34742738
2024-12-10 05:00:00+00:00,605.37,605.8,602.13,602.8,37234515
2024-12-11 05:00:00+00:00,605.78,608.435,605.5,607.46,28677723
2024-12-12 05:00:00+00:00,606.58,607.16,604.33,604.33,31543812
2024-12-13 05:00:00+00:00,606.4,607.13,602.81,604.21,35904730
2024-12-16 05:00:00+00:00,606.0,607.7795,605.21,606.79,43695179
2024-12-17 05:00:00+00:00,604.19,605.17,602.885,604.29,55773545
2024-12-18 05:00:00+00:00,603.98,606.405,585.89,586.28,108248729
2024-12-19 05:00:00+00:00,591.36,593.0,585.85,586.1,85919452
2024-12-20 05:00:00+00:00,581.77,595.75,580.91,591.15,125716674
2024-12-23 05:00:00+00:00,590.89,595.3,587.661,594.69,57635828
2024-12-24 05:00:00+00:00,596.06,601.34,595.47,601.3,33160097
2024-12-26 05:00:00+00:00,599.5,602.48,598.0825,601.34,41338891
2024-12-27 05:00:00+00:00,597.54,597.7761,590.7647,595.01,64969310
2024-12-30 05:00:00+00:00,587.89,591.74,584.41,588.22,56578757
2024-12-31 05:00:00+00:00,589.905,590.6399,584.42,586.08,57052654
2025-01-02 05:00:00+00:00,589.39,591.13,580.5,584.64,50203975
2025-01-03 05:00:00+00:00,587.53,592.6,586.43,591.95,37888459
2025-01-06 05:00:00+00:00,596.27,599.7,593.6,595.36,47679442
2025-01-07 05:00:00+00:00,597.42,597.75,586.78,588.63,60393052
2025-01-08 05:00:00+00:00,588.7,590.5799,585.195,589.49,47304672
2025-01-10 05:00:00+00:00,585.88,585.95,578.55,580.49,73105046
2025-01-13 05:00:00+00:00,575.77,581.75,575.35,581.39,47910060
2025-01-14 05:00:00+00:00,584.36,585.0,578.35,582.19,48420580
2025-01-15 05:00:00+00:00,590.325,593.94,589.195,592.78,56900159
2025-01-16 05:00:00+00:00,594.175,594.35,590.93,591.64,44319662
2025-01-17 05:00:00+00:00,596.96,599.36,595.61,597.58,58070628
2025-01-21 05:00:00+00:00,600.67,603.06,598.67,603.05,42532853
2025-01-22 05:00:00+00:00,605.92,607.82,605.36,606.44,48195973
2025-01-23 05:00:00+00:00,605.8,609.75,605.52,609.75,41152102
2025-01-24 05:00:00+00:00,609.81,610.78,606.8,607.97,34604693
2025-01-27 05:00:00+00:00,594.81,599.69,594.64,599.37,70361125
2025-01-28 05:00:00+00:00,600.62,605.37,597.25,604.52,44433322
2025-01-29 05:00:00+00:00,603.72,604.13,599.22,601.81,37177429
2025-01-30 05:00:00+00:00,603.96,606.6,600.715,605.04,39281255
2025-01-31 05:00:00+00:00,607.5,609.96,601.05,601.82,66671471
2025-02-03 05:00:00+00:00,592.67,600.29,590.49,597.77,65713364
2025-02-04 05:00:00+00:00,597.83,602.3,597.28,601.78,33024773
2025-02-05 05:00:00+00:00,600.64,604.37,598.58,604.22,30653149
2025-02-06 05:00:00+00:00,605.99,606.4525,602.63,606.32,35771503
2025-02-07 05:00:00+00:00,606.89,608.13,600.05,600.77,50188662
2025-02-10 05:00:00+00:00,604.03,605.4999,602.74,604.85,26023524
2025-02-11 05:00:00+00:00,602.55,605.86,602.43,605.31,30056740
2025-02-12 05:00:00+00:00,599.2,604.55,598.51,603.36,45076076
2025-02-13 05:00:00+00:00,604.48,609.94,603.2,609.73,40921297
2025-02-14 05:00:00+00:00,609.94,610.99,609.07,609.7,26910448
2025-02-18 05:00:00+00:00,610.88,611.49,608.38,611.49,26749030
2025-02-19 05:00:00+00:00,610.08,613.23,609.56,612.93,30898690
2025-02-20 05:00:00+00:00,611.54,611.684,607.02,610.38,36554002
2025-02-21 05:00:00+00:00,610.16,610.3,599.47,599.94,76519818
2025-02-24 05:00:00+00:00,602.02,603.03,596.49,597.21,50737213
2025-02-25 05:00:00+00:00,597.15,597.89,589.56,594.24,58266472
2025-02-26 05:00:00+00:00,595.93,599.58,591.8556,594.54,43321578
2025-02-27 05:00:00+00:00,596.85,598.02,584.65,585.05,74196664
2025-02-28 05:00:00+00:00,585.56,594.72,582.44,594.18,88744106
2025-03-03 05:00:00+00:00,596.18,597.34,579.9,583.77,74249199
2025-03-04 05:00:00+00:00,579.71,585.39,572.25,576.86,109648212
2025-03-05 05:00:00+00:00,576.69,584.88,573.0795,583.06,71230528
2025-03-06 05:00:00+00:00,575.48,580.1736,570.12,572.71,80094868
2025-03-07 05:00:00+00:00,570.9,577.39,565.63,575.92,81158816
2025-03-10 04:00:00+00:00,567.59,569.54,555.59,560.58,99326624
2025-03-11 04:00:00+00:00,559.4,564.02,552.02,555.92,88102109
2025-03-12 04:00:00+00:00,562.17,563.11,553.69,558.87,69601767
2025-03-13 04:00:00+00:00,558.49,559.105,549.68,551.42,74079414
2025-03-14 04:00:00+00:00,556.11,563.83,551.4917,562.81,62660321
2025-03-17 04:00:00+00:00,562.79,569.71,562.35,567.15,49008709
2025-03-18 04:00:00+00:00,564.8,565.02,559.06,561.02,66041422
2025-03-19 04:00:00+00:00,562.83,570.95,561.63,567.13,66554250
2025-03-20 04:00:00+00:00,563.33,570.57,562.6012,565.49,62958195
2025-03-21 04:00:00+00:00,559.28,564.89,558.03,563.98,83762964
2025-03-24 04:00:00+00:00,570.8,575.15,570.2,574.08,58766795
2025-03-25 04:00:00+00:00,575.3,576.41,573.69,575.46,38355735
2025-03-26 04:00:00+00:00,575.19,576.33,567.19,568.59,52228898
2025-03-27 04:00:00+00:00,567.18,570.9,564.94,567.08,42164248
2025-03-28 04:00:00+00:00,565.53,566.2675,555.07,555.66,71662653
2025-03-31 04:00:00+00:00,549.83,560.7112,546.87,559.39,95328113
2025-04-01 04:00:00+00:00,557.45,562.94,553.68,560.97,54609641
2025-04-02 04:00:00+00:00,555.05,567.42,554.81,564.52,76014544
2025-04-03 04:00:00+00:00,545.11,547.97,536.7,536.7,125985998
2025-04-04 04:00:00+00:00,523.67,525.87,505.06,505.28,217962675
2025-04-07 04:00:00+00:00,489.19,523.17,481.8,504.38,256611355
2025-04-08 04:00:00+00:00,521.86,524.98,489.16,496.48,165794399
2025-04-09 04:00:00+00:00,493.44,548.62,493.05,548.62,241835081
2025-04-10 04:00:00+00:00,532.17,533.495,509.32,524.58,162331225
2025-04-11 04:00:00+00:00,523.01,536.43,520.07,533.94,97866334
2025-04-14 04:00:00+00:00,544.05,544.28,533.86,539.12,68033993
2025-04-15 04:00:00+00:00,539.675,543.23,536.81,537.61,56892874
2025-04-16 04:00:00+00:00,531.68,537.8854,520.29,525.66,83484814
2025-04-17 04:00:00+00:00,527.64,531.165,523.91,526.41,79866673
2025-04-21 04:00:00+00:00,521.16,521.7,508.46,513.88,69368129
2025-04-22 04:00:00+00:00,520.14,529.305,519.1925,527.25,75948017
2025-04-23 04:00:00+00:00,540.43,545.43,533.88,535.42,90590658
2025-04-24 04:00:00+00:00,536.715,547.43,535.4504,546.69,64150418
2025-04-25 04:00:00+00:00,546.65,551.05,543.69,550.64,61119590
2025-04-28 04:00:00+00:00,551.39,553.55,545.02,550.85,47613755
2025-04-29 04:00:00+00:00,548.91,555.45,548.55,554.32,47775121
2025-04-30 04:00:00+00:00,547.57,556.52,541.52,554.54,93101463
2025-05-01 04:00:00+00:00,560.37,564.0699,557.86,558.47,63186146
2025-05-02 04:00:00+00:00,564.73,568.38,562.38,566.76,60717270
2025-05-05 04:00:00+00:00,562.57,566.65,561.7,563.51,38659222
2025-05-06 04:00:00+00:00,557.93,563.3476,556.96,558.8,48264708
2025-05-07 04:00:00+00:00,560.15,563.82,556.04,561.15,55733229
2025-05-08 04:00:00+00:00,565.24,570.31,561.7,565.06,65130787
2025-05-09 04:00:00+00:00,566.48,567.5,562.7637,564.34,37603427
2025-05-12 04:00:00+00:00,581.47,583.0,577.04,582.99,78993570
2025-05-13 04:00:00+00:00,583.41,589.08,582.84,586.84,67947225
2025-05-14 04:00:00+00:00,587.81,588.98,585.535,587.59,66283531
2025-05-15 04:00:00+00:00,585.56,590.97,585.0969,590.46,71268145
2025-05-16 04:00:00+00:00,591.25,594.5,589.28,594.2,76052101
2025-05-19 04:00:00+00:00,588.1,595.54,588.1,594.85,68168509
2025-05-20 04:00:00+00:00,593.09,594.05,589.6,592.85,60614492
2025-05-21 04:00:00+00:00,588.44,592.58,581.82,582.86,95197657
2025-05-22 04:00:00+00:00,582.66,586.62,581.405,583.09,70860417
2025-05-23 04:00:00+00:00,575.98,581.8101,575.6,579.11,76029046
2025-05-27 04:00:00+00:00,586.07,591.31,578.43,591.15,72588475
2025-05-28 04:00:00+00:00,591.56,592.7688,586.985,587.73,68445512
2025-05-29 04:00:00+00:00,593.06,593.2,586.07,590.05,70073758
2025-05-30 04:00:00+00:00,588.93,591.1299,583.235,589.39,90601242
2025-06-02 04:00:00+00:00,587.76,592.79,585.06,592.71,61630502
2025-06-03 04:00:00+00:00,592.34,597.08,591.85,596.09,63606204
2025-06-04 04:00:00+00:00,596.96,597.95,595.49,595.93,57314199
2025-06-05 04:00:00+00:00,597.63,599.0,591.05,593.05,92436397
2025-06-06 04:00:00+00:00,598.66,600.83,596.86,599.14,66588743
2025-06-09 04:00:00+00:00,599.72,601.25,598.49,599.68,53016418
2025-06-10 04:00:00+00:00,600.22,603.47,599.09,603.08,66246973
2025-06-11 04:00:00+00:00,604.19,605.06,599.27,601.36,73658225
2025-06-12 04:00:00+00:00,600.01,603.75,599.52,603.75,64129003
2025-06-13 04:00:00+00:00,598.5,601.85,595.48,597.0,89487793
2025-06-16 04:00:00+00:00,600.4,604.45,600.22,602.68,79984125
2025-06-17 04:00:00+00:00,600.21,601.75,596.76,597.53,82209365
2025-06-18 04:00:00+00:00,598.44,601.22,596.47,597.44,76605029
2025-06-20 04:00:00+00:00,598.38,599.46,592.86,594.28,94051374
2025-06-23 04:00:00+00:00,595.04,600.54,591.89,600.15,87426039
2025-06-24 04:00:00+00:00,604.33,607.8499,603.41,606.78,67735293
2025-06-25 04:00:00+00:00,607.91,608.61,605.54,607.12,62114767
2025-06-26 04:00:00+00:00,608.99,612.31,608.37,611.87,78548361
2025-06-27 04:00:00+00:00,612.88,616.39,610.83,614.91,86258398
2025-06-30 04:00:00+00:00,617.38,619.22,615.04,617.85,92502541
2025-07-01 04:00:00+00:00,616.36,618.83,615.52,617.65,70030140
2025-07-02 04:00:00+00:00,617.24,620.49,616.61,620.45,66510374
2025-07-03 04:00:00+00:00,622.45,626.28,622.43,625.34,51065578
2025-07-07 04:00:00+00:00,623.36,624.03,617.87,620.68,74814505
2025-07-08 04:00:00+00:00,621.35,622.11,619.52,620.34,59024585
2025-07-09 04:00:00+00:00,622.77,624.72,620.9105,624.06,66113326
2025-07-10 04:00:00+00:00,624.2,626.8701,623.01,625.82,57527933
2025-07-11 04:00:00+00:00,622.74,624.86,621.53,623.62,63670226
2025-07-14 04:00:00+00:00,623.16,625.1581,621.7999,624.81,51898518
2025-07-15 04:00:00+00:00,627.52,627.86,622.06,622.14,74317260
2025-07-16 04:00:00+00:00,623.74,624.73,618.05,624.22,88964127
2025-07-17 04:00:00+00:00,624.4,628.4048,624.18,628.04,68885558
2025-07-18 04:00:00+00:00,629.3,629.47,626.46,627.58,65621496
2025-07-21 04:00:00+00:00,628.77,631.54,628.34,628.77,63374984
2025-07-22 04:00:00+00:00,629.1,629.73,626.19,628.86,60046288
2025-07-23 04:00:00+00:00,631.55,634.21,629.73,634.21,71015836
2025-07-24 04:00:00+00:00,634.6,636.15,633.99,634.42,71307134
2025-07-25 04:00:00+00:00,635.09,637.5799,634.84,637.1,56865364
2025-07-28 04:00:00+00:00,637.48,638.04,635.54,636.94,54917102
2025-07-29 04:00:00+00:00,638.35,638.67,634.335,635.26,60556278
2025-07-30 04:00:00+00:00,635.92,637.68,631.54,634.46,80413429
2025-07-31 04:00:00+00:00,639.455,639.85,630.765,632.08,103385246
2025-08-01 04:00:00+00:00,626.3,626.34,619.29,621.72,140103572
2025-08-04 04:00:00+00:00,625.67,631.215,625.58,631.17,73218015
2025-08-05 04:00:00+00:00,631.79,632.6052,627.04,627.97,68051401
2025-08-06 04:00:00+00:00,629.05,633.44,628.13,632.78,64357525
2025-08-07 04:00:00+00:00,636.24,636.98,629.11,632.25,74205791
2025-08-08 04:00:00+00:00,634.06,637.645,633.74,637.18,64051626
2025-08-11 04:00:00+00:00,637.46,638.95,634.66,635.92,58742300
2025-08-12 04:00:00+00:00,638.29,642.85,636.79,642.69,64821798
2025-08-13 04:00:00+00:00,644.91,646.19,642.68,644.89,60092790
2025-08-14 04:00:00+00:00,642.79,645.62,642.34,644.95,59327466
2025-08-15 04:00:00+00:00,645.99,646.09,642.5153,643.44,68592507
2025-08-18 04:00:00+00:00,642.86,644.0,642.18,643.3,43804914
2025-08-19 04:00:00+00:00,643.12,644.105,638.48,639.81,69750731
2025-08-20 04:00:00+00:00,639.4,639.66,632.95,638.11,88890298
2025-08-21 04:00:00+00:00,636.28,637.97,633.81,635.55,54805775
2025-08-22 04:00:00+00:00,637.76,646.5,637.25,645.31,84083214
2025-08-25 04:00:00+00:00,644.04,645.29,642.35,642.47,51274332
2025-08-26 04:00:00+00:00,642.2,645.51,641.57,645.16,51581565
2025-08-27 04:00:00+00:00,644.57,647.37,644.42,646.63,48341069
2025-08-28 04:00:00+00:00,647.24,649.48,645.34,648.92,61519461
2025-08-29 04:00:00+00:00,647.47,647.84,643.14,645.05,74423178
2025-09-02 04:00:00+00:00,637.5,640.49,634.92,640.27,81983545
2025-09-03 04:00:00+00:00,642.67,644.21,640.46,643.74,70820898
2025-09-04 04:00:00+00:00,644.42,649.15,643.51,649.12,65219228
2025-09-05 04:00:00+00:00,651.48,652.21,643.33,647.24,84304124
2025-09-08 04:00:00+00:00,648.62,649.84,647.23,648.83,63130164
2025-09-09 04:00:00+00:00,648.97,650.86,647.22,650.33,66133856
2025-09-10 04:00:00+00:00,653.62,654.55,650.63,652.21,78034529
2025-09-11 04:00:00+00:00,654.18,658.33,653.59,657.63,69895740
2025-09-12 04:00:00+00:00,657.6,659.11,656.9,657.41,72780135
2025-09-15 04:00:00+00:00,659.64,661.04,659.34,660.91,63772412
2025-09-16 04:00:00+00:00,661.47,661.78,659.21,660.0,61168953
2025-09-17 04:00:00+00:00,660.01,661.72,654.3,659.18,101952244
2025-09-18 04:00:00+00:00,661.89,664.89,660.27,662.26,90458735
2025-09-19 04:00:00+00:00,662.33,664.55,660.37,663.7,97945620
2025-09-22 04:00:00+00:00,662.2,667.29,662.17,666.84,69452201
2025-09-23 04:00:00+00:00,666.72,667.34,661.98,663.21,81708872
2025-09-24 04:00:00+00:00,664.51,664.61,659.67,661.1,68082229
2025-09-25 04:00:00+00:00,657.94,659.4056,654.405,658.05,89622067
2025-09-26 04:00:00+00:00,659.51,662.37,657.88,661.82,69179209
2025-09-29 04:00:00+00:00,664.36,665.28,661.86,663.68,73499015
2025-09-30 04:00:00+00:00,662.93,666.65,661.61,666.18,86288028
2025-10-01 04:00:00+00:00,663.17,669.37,663.06,668.45,72545369
2025-10-02 04:00:00+00:00,670.45,670.565,666.78,669.22,56895993
2025-10-03 04:00:00+00:00,669.99,672.675,668.16,669.21,70494350
2025-10-06 04:00:00+00:00,671.62,672.51,669.455,671.61,54623260
2025-10-07 04:00:00+00:00,672.54,672.99,667.67,669.12,72020067
2025-10-08 04:00:00+00:00,670.25,673.2056,669.42,673.11,60702241
2025-10-09 04:00:00+00:00,673.53,673.94,669.21,671.16,66501941
2025-10-10 04:00:00+00:00,672.13,673.95,652.84,653.02,159422589
2025-10-13 04:00:00+00:00,660.65,665.13,659.7679,663.04,79560517
2025-10-14 04:00:00+00:00,657.17,665.83,653.17,662.23,88779560
2025-10-15 04:00:00+00:00,666.82,670.23,658.93,665.17,81702555
2025-10-16 04:00:00+00:00,666.82,668.71,657.11,660.64,110563346
2025-10-17 04:00:00+00:00,659.5,665.755,658.14,664.39,96500870
2025-10-20 04:00:00+00:00,667.32,672.21,667.27,671.3,60492650
2025-10-21 04:00:00+00:00,671.44,672.99,669.981,671.29,56248835
2025-10-22 04:00:00+00:00,672.0,672.0,663.3,667.8,80564006
2025-10-23 04:00:00+00:00,668.12,672.7101,667.8,671.76,65604461
2025-10-24 04:00:00+00:00,676.46,678.47,675.65,677.25,74356527
2025-10-27 04:00:00+00:00,682.73,685.54,682.115,685.24,63293828
2025-10-28 04:00:00+00:00,687.05,688.905,684.83,687.06,61737972
2025-10-29 04:00:00+00:00,688.72,689.7,682.87,687.39,85340645
2025-10-30 04:00:00+00:00,683.9,685.94,679.83,679.83,76335751
2025-10-31 04:00:00+00:00,685.04,685.08,679.24,682.06,87164122
2025-11-03 05:00:00+00:00,685.67,685.8,679.94,683.34,57315025
2025-11-04 05:00:00+00:00,676.11,679.96,674.58,675.24,78426969
2025-11-05 05:00:00+00:00,674.98,680.86,674.17,677.58,74402376
2025-11-06 05:00:00+00:00,676.47,677.38,668.72,670.31,85035298
2025-11-07 05:00:00+00:00,667.91,671.08,661.205,670.97,100592443
2025-11-10 05:00:00+00:00,677.235,682.18,675.03,681.44,75842888
2025-11-11 05:00:00+00:00,679.95,683.57,678.73,683.0,58953385
2025-11-12 05:00:00+00:00,684.79,684.96,680.945,683.38,62312484
2025-11-13 05:00:00+00:00,680.5,680.86,670.52,672.04,103457788
2025-11-14 05:00:00+00:00,665.38,675.66,663.265,671.93,96846672
2025-11-17 05:00:00+00:00,669.7,673.71,662.17,665.67,90456105
2025-11-18 05:00:00+00:00,662.095,665.12,655.86,660.08,114467488
2025-11-19 05:00:00+00:00,660.78,667.34,658.745,662.63,94702955
2025-11-20 05:00:00+00:00,672.91,675.56,651.89,652.53,165293521
2025-11-21 05:00:00+00:00,655.05,664.55,650.85,659.03,123956203
2025-11-24 05:00:00+00:00,662.69,670.06,661.59,668.73,80437940
2025-11-25 05:00:00+00:00,668.63,676.21,664.48,675.02,81077088
2025-11-26 05:00:00+00:00,677.63,681.7,676.72,679.68,71879597
2025-11-28 05:00:00+00:00,680.86,683.665,680.5,683.39,49212030
2025-12-01 05:00:00+00:00,678.81,682.99,678.74,680.27,61201193
2025-12-02 05:00:00+00:00,681.92,683.82,679.3275,681.53,62953844
2025-12-03 05:00:00+00:00,680.57,684.91,679.69,683.89,57238481
2025-12-04 05:00:00+00:00,685.3,685.37,681.34,684.39,61970336
2025-12-05 05:00:00+00:00,685.47,688.39,684.58,685.69,79241045
2025-12-08 05:00:00+00:00,686.59,686.64,681.57,683.63,55231462
2025-12-09 05:00:00+00:00,683.15,685.385,682.59,683.04,58310055
2025-12-10 05:00:00+00:00,682.56,688.97,681.31,687.57,85671334
2025-12-11 05:00:00+00:00,685.14,689.25,682.165,689.17,86173678
2025-12-12 05:00:00+00:00,688.17,688.88,679.1744,681.76,113160347
2025-12-15 05:00:00+00:00,685.74,685.76,679.25,680.73,90810952
2025-12-16 05:00:00+00:00,679.23,681.08,674.98,678.87,122030631
2025-12-17 05:00:00+00:00,679.89,680.435,671.195,671.4,110625198
2025-12-18 05:00:00+00:00,677.6,680.74,674.9,676.47,108650128
2025-12-19 05:00:00+00:00,676.59,681.09,676.47,680.59,103599543
2025-12-22 05:00:00+00:00,683.94,685.36,680.5868,684.83,69556733
2025-12-23 05:00:00+00:00,683.92,688.2,683.87,687.96,64839951
2025-12-24 05:00:00+00:00,687.95,690.83,687.8,690.38,39445560
2025-12-26 05:00:00+00:00,690.64,691.66,689.27,690.31,41613347
2025-12-29 05:00:00+00:00,687.54,689.2,686.07,687.85,62559503
2025-12-30 05:00:00+00:00,687.445,688.555,686.58,687.01,47160671
2025-12-31 05:00:00+00:00,687.14,687.36,681.71,681.92,74144801
2026-01-02 05:00:00+00:00,685.71,686.87,679.82,683.17,89377203
2026-01-05 05:00:00+00:00,686.54,689.43,686.375,687.72,71753091
2026-01-06 05:00:00+00:00,687.93,692.315,687.78,691.81,69273827
2026-01-07 05:00:00+00:00,692.19,693.96,689.32,689.58,75588337
2026-01-08 05:00:00+00:00,688.82,690.615,687.49,689.51,64019200
2026-01-09 05:00:00+00:00,690.63,695.31,689.18,694.07,80125467
2026-01-12 05:00:00+00:00,690.68,696.09,690.63,695.16,63976002
2026-01-13 05:00:00+00:00,695.49,696.09,691.35,693.77,78309726
2026-01-14 05:00:00+00:00,691.0,691.72,686.04,690.36,94676684
2026-01-15 05:00:00+00:00,694.57,695.45,691.25,692.24,77861974
2026-01-16 05:00:00+00:00,693.66,694.25,690.1,691.66,79289200
2026-01-20 05:00:00+00:00,681.49,684.77,676.57,677.58,111623277
2026-01-21 05:00:00+00:00,679.65,688.735,678.13,685.4,127844467
2026-01-22 05:00:00+00:00,689.85,691.125,686.92,688.98,77112243
2026-01-23 05:00:00+00:00,688.15,690.96,687.16,689.23,63059578
2026-01-26 05:00:00+00:00,690.49,694.13,689.92,692.73,60473813
2026-01-27 05:00:00+00:00,694.18,696.53,693.57,695.49,55506147
2026-01-28 05:00:00+00:00,697.05,697.84,693.94,695.42,61172165
2026-01-29 05:00:00+00:00,696.39,697.06,684.83,694.04,97486198
2026-01-30 05:00:00+00:00,691.79,694.21,687.12,691.97,101835131
2026-02-02 05:00:00+00:00,689.58,696.93,69.005,695.41,79286521
2026-02-03 05:00:00+00:00,696.21,696.96,684.03,689.53,107904611
2026-02-04 05:00:00+00:00,690.35,691.45,681.76,686.19,105204600
2026-02-05 05:00:00+00:00,680.94,683.69,675.79,677.62,113610812
2026-02-06 05:00:00+00:00,681.46,692.31,680.85,690.62,89127566
2026-02-09 05:00:00+00:00,689.42,695.87,688.34,693.95,73885192
2026-02-10 05:00:00+00:00,694.95,696.54,691.66,692.12,65185725
2026-02-11 05:00:00+00:00,696.39,697.14,689.18,691.96,76353872
2026-02-12 05:00:00+00:00,694.24,695.35,680.37,681.27,118828963
2026-02-13 05:00:00+00:00,681.69,686.28,677.52,681.75,96267487
2026-02-17 05:00:00+00:00,680.14,684.94,675.78,682.85,81354660
2026-02-18 05:00:00+00:00,684.02,689.15,682.83,686.29,73570341
2026-02-19 05:00:00+00:00,683.84,686.18,681.5475,684.48,58649363
2026-02-20 05:00:00+00:00,682.32,690.06,681.73,689.43,100033986
2026-02-23 05:00:00+00:00,687.83,690.0,680.371,682.39,90667777
2026-02-24 05:00:00+00:00,681.9,688.35,680.0,687.35,73879636
2026-02-25 05:00:00+00:00,690.18,693.68,690.1,693.15,56447240
2026-02-26 05:00:00+00:00,693.28,693.3,684.35,689.3,71763014
2026-02-27 05:00:00+00:00,683.09,686.86,681.64,685.99,83410162
2026-03-02 05:00:00+00:00,678.7,688.62,678.02,686.38,87604490
2026-03-03 05:00:00+00:00,675.06,682.61,669.66,680.33,105122181
2026-03-04 05:00:00+00:00,681.63,687.09,679.62,685.13,79278994
2026-03-05 05:00:00+00:00,682.08,685.53,675.61,681.31,106716391
2026-03-06 05:00:00+00:00,673.41,676.11,669.76,672.38,100796751
2026-03-09 04:00:00+00:00,666.39,679.92,662.39,678.27,102774914
2026-03-10 04:00:00+00:00,677.72,683.36,674.76,677.18,81585842
2026-03-11 04:00:00+00:00,677.58,680.08,673.34,676.33,68519802
2026-03-12 04:00:00+00:00,671.16,671.65,665.87,666.06,108960383
2026-03-13 04:00:00+00:00,669.27,672.335,661.36,662.29,97287732
2026-03-16 04:00:00+00:00,668.38,672.07,667.12,669.03,82112619
2026-03-17 04:00:00+00:00,672.39,674.44,669.7,670.79,87193712
2026-03-18 04:00:00+00:00,668.36,669.72,661.19,661.43,82139971
2026-03-19 04:00:00+00:00,656.97,662.98,655.17,659.8,111355978
2026-03-20 04:00:00+00:00,656.51,656.69,644.72,648.57,163708346
2026-03-23 04:00:00+00:00,658.07,662.615,653.94,655.38,134908956
2026-03-24 04:00:00+00:00,651.32,657.03,649.88,653.18,96536775
2026-03-25 04:00:00+00:00,658.67,660.89,654.24,656.82,90728937
2026-03-26 04:00:00+00:00,652.06,654.85,644.82,645.09,96572697
2026-03-27 04:00:00+00:00,642.5,642.66,633.105,634.09,103743913
2026-03-30 04:00:00+00:00,640.11,640.37,629.28,631.97,99377166
2026-03-31 04:00:00+00:00,638.94,651.54,637.98,650.34,152604652
2026-04-01 04:00:00+00:00,653.9,658.52,653.0,655.24,97921207
2026-04-02 04:00:00+00:00,646.42,658.2,645.11,655.83,68431760
2026-04-06 04:00:00+00:00,655.86,659.72,655.52,658.93,39197388
2026-04-07 04:00:00+00:00,656.65,659.61,651.06,659.22,70057264
2026-04-08 04:00:00+00:00,676.39,677.08,671.46,676.01,93677757
2026-04-09 04:00:00+00:00,674.84,681.16,673.77,679.91,57197883
2026-04-10 04:00:00+00:00,681.32,682.03,678.45,679.46,42320741
2026-04-13 04:00:00+00:00,677.41,686.3,676.58,686.1,54263576
2026-04-14 04:00:00+00:00,687.69,694.58,687.66,694.46,63547765
2026-04-15 04:00:00+00:00,695.26,700.28,694.2,699.94,58310636
2026-04-16 04:00:00+00:00,701.06,702.78,698.53,701.66,50037766
2026-04-17 04:00:00+00:00,706.14,712.39,705.76,710.14,70739977
2026-04-20 04:00:00+00:00,708.78,709.91,706.14,708.72,43593498
2026-04-21 04:00:00+00:00,710.28,711.275,702.64,704.08,59014672
2026-04-22 04:00:00+00:00,709.15,711.45,708.22,711.21,42583611
2026-04-23 04:00:00+00:00,709.5,712.3598,702.2803,708.45,56244485
2026-04-24 04:00:00+00:00,710.75,714.47,709.01,713.94,45278698
2026-04-27 04:00:00+00:00,713.17,715.63,712.295,715.17,33179855
2026-04-28 04:00:00+00:00,711.815,712.88,709.25,711.69,43186985
2026-04-29 04:00:00+00:00,711.0,712.2,708.37,711.58,41928677
2026-04-30 04:00:00+00:00,714.63,719.79,710.445,718.66,67313196
2026-05-01 04:00:00+00:00,721.25,724.87,720.47,720.65,43135976
2026-05-04 04:00:00+00:00,720.07,722.12,714.99,718.01,52017943
2026-05-05 04:00:00+00:00,721.77,725.04,721.4898,723.77,37011872
2026-05-06 04:00:00+00:00,728.16,734.59,727.82,733.83,53373841
2026-05-07 04:00:00+00:00,735.05,736.13,729.75,731.58,51811081
2026-05-08 04:00:00+00:00,734.93,738.08,734.57,737.62,47309511
2026-05-11 04:00:00+00:00,736.45,740.79,736.45,739.3,44122056
2026-05-12 04:00:00+00:00,736.89,738.84,731.83,738.18,54273627
2026-05-13 04:00:00+00:00,738.47,743.91,735.47,742.31,44279823
2026-05-14 04:00:00+00:00,743.65,749.53,743.56,748.17,45389220
2026-05-15 04:00:00+00:00,741.79,743.46,737.96,739.17,60513211
2026-05-18 04:00:00+00:00,739.83,741.415,733.39,738.65,47930194
2026-05-19 04:00:00+00:00,734.78,737.65,731.53,733.73,54323631
2026-05-20 04:00:00+00:00,735.71,741.87,733.89,741.25,45832492
2026-05-21 04:00:00+00:00,738.64,744.87,737.03,742.72,43396522
2026-05-22 04:00:00+00:00,746.24,748.94,744.48,745.64,41833274
2026-05-26 04:00:00+00:00,750.01,752.13,748.37,750.59,41224290
2026-05-27 04:00:00+00:00,750.88,751.38,748.22,750.46,42182638
2026-05-28 04:00:00+00:00,750.25,755.15,749.23,754.6,41635596
2026-05-29 04:00:00+00:00,755.9,758.08,754.69,756.48,55157560
2026-06-01 04:00:00+00:00,755.36,760.28,754.69,758.54,43743307
2026-06-02 04:00:00+00:00,757.03,760.4,756.75,759.57,31659089
2026-06-03 04:00:00+00:00,758.15,758.8,753.57,754.24,51481600
2026-06-04 04:00:00+00:00,752.1,758.31,751.47,757.09,49997957
2026-06-05 04:00:00+00:00,752.31,752.82,735.525,737.55,94079416
2026-06-08 04:00:00+00:00,743.36,745.34,738.19,739.22,49409156
2026-06-09 04:00:00+00:00,743.63,746.9,722.59,737.05,87632447
2026-06-10 04:00:00+00:00,733.39,738.38,725.33,725.43,60413773
2026-06-11 04:00:00+00:00,728.76,740.0,724.405,737.76,86398845
2026-06-12 04:00:00+00:00,740.71,744.44,735.03,741.75,57157800
2026-06-15 04:00:00+00:00,751.85,756.68,751.76,754.83,60270690
2026-06-16 04:00:00+00:00,754.55,755.44,749.88,750.33,67210550
2026-06-17 04:00:00+00:00,751.29,752.15,739.22,740.96,86738310
2026-06-18 04:00:00+00:00,747.76,748.23,743.86,746.74,88133310
2026-06-22 04:00:00+00:00,747.7,750.18,743.13,744.39,46731169
2026-06-23 04:00:00+00:00,733.81,739.63,732.3,733.58,66917430
2026-06-24 04:00:00+00:00,735.17,739.945,730.84,733.24,57507627
2026-06-25 04:00:00+00:00,738.91,739.37,729.6,734.3,54195404
2026-06-26 04:00:00+00:00,728.945,736.53,716.58,728.99,71104306
2026-06-29 04:00:00+00:00,736.525,741.56,732.09,741.0,58501605
2026-06-30 04:00:00+00:00,741.29,748.02,740.89,746.77,55693737
2026-07-01 04:00:00+00:00,745.0,749.435,742.375,745.76,47175555
2026-07-02 04:00:00+00:00,747.4,751.31,740.03,744.78,57575794
2026-07-06 04:00:00+00:00,748.74,752.41,747.41,751.28,50768534
2026-07-07 04:00:00+00:00,750.22,750.96,745.21,747.71,43789259
2026-07-08 04:00:00+00:00,743.16,746.15,739.51,745.4,43833354
2026-07-09 04:00:00+00:00,747.35,751.97,745.59,751.71,41503216
2026-07-10 04:00:00+00:00,752.05,755.42,748.1,754.95,42260129
2026-07-13 04:00:00+00:00,752.47,753.9105,748.0,749.17,44096964
2026-07-14 04:00:00+00:00,750.91,753.34,748.66,751.83,35205607
2026-07-15 04:00:00+00:00,754.24,755.58,750.2,754.81,43913069
2026-07-16 04:00:00+00:00,752.76,754.57,747.88,750.72,46475759
2026-07-17 04:00:00+00:00,742.08,747.29,740.8,743.29,62723008
2026-07-20 04:00:00+00:00,747.06,748.73,741.5103,742.09,50500548
2026-07-21 04:00:00+00:00,746.29,749.04,744.18,748.28,34385946
2026-07-22 04:00:00+00:00,746.62,750.02,746.37,747.41,32896257
2026-07-23 04:00:00+00:00,739.37,742.56,735.21,738.18,55502098
2026-07-24 04:00:00+00:00,738.51,743.72,737.29,738.93,44843800
2026-07-27 04:00:00+00:00,744.91,745.53,735.87,739.09,41536532
2026-07-28 04:00:00+00:00,739.19,742.7901,735.98,740.86,47379272
2026-07-29 04:00:00+00:00,739.97,742.68,729.1,729.46,70750566
2026-07-30 04:00:00+00:00,736.05,742.45,734.59,741.69,66868279
2026-07-31 04:00:00+00:00,744.68,748.895,737.68,747.03,62511105
2026-08-03 04:00:00+00:00,749.44,758.58,748.8,757.67,60014447
