timestamp,open,high,low,close,volume
2017-02-01 05:00:00+00:00,197.44,197.73,196.3,196.91,80775621
2017-02-02 05:00:00+00:00,196.52,197.3,196.2,197.02,72002065
2017-02-03 05:00:00+00:00,197.93,198.56,197.61,198.38,82801601
2017-02-06 05:00:00+00:00,197.97,198.36,197.68,198.06,62598527
2017-02-07 05:00:00+00:00,198.41,198.9,197.84,198.05,63176089
2017-02-08 05:00:00+00:00,197.74,198.42,197.48,198.29,52332667
2017-02-09 05:00:00+00:00,198.57,199.77,198.53,199.44,67544507
2017-02-10 05:00:00+00:00,199.81,200.48,199.48,200.23,67254692
2017-02-13 05:00:00+00:00,200.75,201.6,200.72,201.26,57128212
2017-02-14 05:00:00+00:00,201.16,202.16,200.81,202.15,72899604
2017-02-15 05:00:00+00:00,201.93,203.39,201.88,203.18,92562525
2017-02-16 05:00:00+00:00,203.24,203.41,202.28,203.05,86944938
2017-02-17 05:00:00+00:00,202.36,203.35,202.35,203.31,79466105
2017-02-21 05:00:00+00:00,203.72,204.73,203.71,204.52,92816333
2017-02-22 05:00:00+00:00,204.15,204.6,203.99,204.39,63137071
2017-02-23 05:00:00+00:00,204.9,204.91,203.76,204.52,75711286
2017-02-24 05:00:00+00:00,203.67,204.82,203.63,204.8,85284701
2017-02-27 05:00:00+00:00,204.69,205.27,204.44,205.08,58558749
2017-02-28 05:00:00+00:00,204.72,204.96,204.15,204.57,101984682
2017-03-01 05:00:00+00:00,206.2,207.87,206.19,207.37,155775466
2017-03-02 05:00:00+00:00,207.22,207.22,206.05,206.13,73434450
2017-03-03 05:00:00+00:00,206.01,206.39,205.63,206.24,86010282
2017-03-06 05:00:00+00:00,205.43,205.97,205.01,205.68,56756899
2017-03-07 05:00:00+00:00,205.31,205.67,204.79,205.0,71729969
2017-03-08 05:00:00+00:00,205.3,205.55,204.48,204.65,81516087
2017-03-09 05:00:00+00:00,204.74,205.21,203.91,204.85,99778661
2017-03-10 05:00:00+00:00,205.84,205.88,204.65,205.57,84176781
2017-03-13 04:00:00+00:00,205.54,205.74,205.21,205.69,58480478
2017-03-14 04:00:00+00:00,205.16,205.21,204.3,204.95,61282546
2017-03-15 04:00:00+00:00,205.49,207.11,205.25,206.63,99435391
2017-03-16 04:00:00+00:00,206.83,206.9,205.95,206.29,81072519
2017-03-17 04:00:00+00:00,206.54,206.74,205.92,205.98,90619377
2017-03-20 04:00:00+00:00,205.92,206.21,205.3,205.67,53811459
2017-03-21 04:00:00+00:00,206.3,206.42,202.92,203.08,133556997
2017-03-22 04:00:00+00:00,203.09,203.82,202.46,203.5,99198468
2017-03-23 04:00:00+00:00,203.29,204.45,202.94,203.23,104652538
2017-03-24 04:00:00+00:00,203.62,204.19,202.38,203.18,114789699
2017-03-27 04:00:00+00:00,201.49,203.22,201.21,202.92,89946752
2017-03-28 04:00:00+00:00,202.65,204.86,202.54,204.38,95886649
2017-03-29 04:00:00+00:00,204.15,204.86,203.92,204.64,70774254
2017-03-30 04:00:00+00:00,204.56,205.48,204.39,205.26,57855379
2017-03-31 04:00:00+00:00,204.94,205.47,204.75,204.75,75510599
2017-04-03 04:00:00+00:00,204.85,205.05,203.21,204.48,90089205
2017-04-04 04:00:00+00:00,204.11,204.66,203.77,204.61,58593021
2017-04-05 04:00:00+00:00,205.25,206.23,203.76,203.95,115646755
2017-04-06 04:00:00+00:00,204.1,205.06,203.66,204.48,70710906
2017-04-07 04:00:00+00:00,204.29,205.02,203.84,204.3,76539831
2017-04-10 04:00:00+00:00,204.47,205.25,203.92,204.41,72254108
2017-04-11 04:00:00+00:00,204.07,204.31,202.71,204.18,90000127
2017-04-12 04:00:00+00:00,203.93,204.12,203.09,203.41,84165230
2017-04-13 04:00:00+00:00,202.97,203.71,201.99,202.04,95772910
2017-04-17 04:00:00+00:00,202.51,203.78,202.31,203.78,69800214
2017-04-18 04:00:00+00:00,203.04,203.71,202.49,203.17,85870275
2017-04-19 04:00:00+00:00,203.74,204.11,202.57,202.84,71136763
2017-04-20 04:00:00+00:00,203.42,204.89,203.1,204.42,95466551
2017-04-21 04:00:00+00:00,204.37,204.42,203.4,203.8,113532358
2017-04-24 04:00:00+00:00,206.05,206.25,203.78,206.03,125158068
2017-04-25 04:00:00+00:00,206.68,207.59,206.6,207.21,79462782
2017-04-26 04:00:00+00:00,207.2,208.09,207.07,207.14,90085667
2017-04-27 04:00:00+00:00,207.43,207.59,206.74,207.28,58488103
2017-04-28 04:00:00+00:00,207.54,207.57,206.7,206.87,66726191
2017-05-01 04:00:00+00:00,207.35,207.78,206.93,207.31,71024242
2017-05-02 04:00:00+00:00,207.49,207.61,207.02,207.42,58348712
2017-05-03 04:00:00+00:00,207.01,207.52,206.5,207.21,78825179
2017-05-04 04:00:00+00:00,207.48,207.56,206.57,207.4,62308887
2017-05-05 04:00:00+00:00,207.8,208.26,207.35,208.22,65197733
2017-05-08 04:00:00+00:00,208.28,208.43,207.78,208.21,49579620
2017-05-09 04:00:00+00:00,208.46,208.66,207.67,208.01,52392122
2017-05-10 04:00:00+00:00,207.97,208.39,207.76,208.38,55725130
2017-05-11 04:00:00+00:00,207.93,208.13,206.87,208.03,63504282
2017-05-12 04:00:00+00:00,207.71,208.0,207.34,207.67,55661293
2017-05-15 04:00:00+00:00,208.04,208.88,208.02,208.7,63907987
2017-05-16 04:00:00+00:00,209.06,209.08,208.18,208.58,53339787
2017-05-17 04:00:00+00:00,206.85,207.32,204.81,204.96,175313451
2017-05-18 04:00:00+00:00,204.79,206.54,204.53,205.68,109332996
2017-05-19 04:00:00+00:00,206.18,207.7,206.13,207.0,116084794
2017-05-22 04:00:00+00:00,207.54,208.25,207.47,208.08,62155920
2017-05-23 04:00:00+00:00,208.46,208.71,208.07,208.53,49494920
2017-05-24 04:00:00+00:00,208.78,209.13,208.44,208.99,50796728
2017-05-25 04:00:00+00:00,209.54,210.31,209.33,210.01,66270391
2017-05-26 04:00:00+00:00,209.84,210.15,209.76,210.0,49505432
2017-05-30 04:00:00+00:00,209.66,210.05,209.51,209.83,36117015
2017-05-31 04:00:00+00:00,210.1,210.13,209.06,209.73,94580434
2017-06-01 04:00:00+00:00,210.2,211.44,209.92,211.37,72957360
2017-06-02 04:00:00+00:00,211.47,212.28,211.17,212.1,90118256
2017-06-05 04:00:00+00:00,211.95,212.23,211.77,211.95,48226801
2017-06-06 04:00:00+00:00,211.4,211.96,211.21,211.32,52074126
2017-06-07 04:00:00+00:00,211.63,211.9,210.96,211.69,56141223
2017-06-08 04:00:00+00:00,211.77,212.26,211.25,211.74,66919424
2017-06-09 04:00:00+00:00,212.05,212.85,210.19,211.56,133356137
2017-06-12 04:00:00+00:00,211.22,211.47,210.57,211.41,87656845
2017-06-13 04:00:00+00:00,211.96,212.5,211.61,212.39,62137495
2017-06-14 04:00:00+00:00,212.72,212.73,211.36,212.2,80244234
2017-06-15 04:00:00+00:00,210.83,211.9,210.55,211.77,68305724
2017-06-16 04:00:00+00:00,211.93,211.99,210.94,211.82,87591012
2017-06-19 04:00:00+00:00,212.65,213.65,212.55,213.58,66917309
2017-06-20 04:00:00+00:00,213.23,213.23,212.13,212.19,59691951
2017-06-21 04:00:00+00:00,212.5,212.65,211.62,212.08,58861890
2017-06-22 04:00:00+00:00,212.1,212.6,211.82,211.99,45320725
2017-06-23 04:00:00+00:00,212.06,212.58,211.67,212.27,70709551
2017-06-26 04:00:00+00:00,212.92,213.34,212.17,212.36,59933400
2017-06-27 04:00:00+00:00,212.17,212.47,210.66,210.71,84044624
2017-06-28 04:00:00+00:00,211.7,212.76,211.46,212.55,72044019
2017-06-29 04:00:00+00:00,212.71,212.76,209.48,210.73,109355405
2017-06-30 04:00:00+00:00,211.51,211.88,210.89,211.08,89166115
2017-07-03 04:00:00+00:00,212.03,212.47,211.45,211.54,40957421
2017-07-05 04:00:00+00:00,211.81,212.14,211.0,211.91,56729983
2017-07-06 04:00:00+00:00,211.17,211.29,209.81,210.02,68962703
2017-07-07 04:00:00+00:00,210.57,211.51,210.01,211.35,60984959
2017-07-10 04:00:00+00:00,211.22,211.96,211.05,211.57,39006766
2017-07-11 04:00:00+00:00,211.41,211.74,210.26,211.42,51153060
2017-07-12 04:00:00+00:00,212.4,213.18,212.4,212.96,61511635
2017-07-13 04:00:00+00:00,213.03,213.49,212.8,213.37,40866889
2017-07-14 04:00:00+00:00,213.38,214.73,213.28,214.33,62456588
2017-07-17 04:00:00+00:00,214.29,214.68,214.17,214.33,34204311
2017-07-18 04:00:00+00:00,213.93,214.51,213.59,214.47,44450602
2017-07-19 04:00:00+00:00,214.77,215.63,214.76,215.59,54438576
2017-07-20 04:00:00+00:00,215.87,215.99,215.16,215.66,48890421
2017-07-21 04:00:00+00:00,215.14,215.55,214.91,215.48,93912210
2017-07-24 04:00:00+00:00,215.44,215.61,215.0,215.44,47686541
2017-07-25 04:00:00+00:00,216.22,216.33,215.77,215.95,58593760
2017-07-26 04:00:00+00:00,216.28,216.32,215.74,215.99,49172056
2017-07-27 04:00:00+00:00,216.46,216.5,214.47,215.83,72153911
2017-07-28 04:00:00+00:00,215.32,215.68,214.87,215.53,51849965
2017-07-31 04:00:00+00:00,215.95,216.05,215.22,215.44,68067126
2017-08-01 04:00:00+00:00,216.03,216.06,215.38,215.89,59232761
2017-08-02 04:00:00+00:00,216.05,216.15,215.08,215.99,48433419
2017-08-03 04:00:00+00:00,215.9,215.92,215.31,215.61,42553099
2017-08-04 04:00:00+00:00,216.08,216.32,215.6,215.97,61479958
2017-08-07 04:00:00+00:00,216.05,216.39,215.95,216.36,33050019
2017-08-08 04:00:00+00:00,216.07,217.29,215.48,215.86,64407874
2017-08-09 04:00:00+00:00,215.16,215.9,214.81,215.86,64216201
2017-08-10 04:00:00+00:00,215.01,215.14,212.75,212.8,123760107
2017-08-11 04:00:00+00:00,213.03,213.71,212.79,213.1,76214881
2017-08-14 04:00:00+00:00,214.4,215.44,214.36,215.19,75409501
2017-08-15 04:00:00+00:00,215.61,215.63,214.89,215.22,57511842
2017-08-16 04:00:00+00:00,215.72,216.12,215.15,215.59,59139403
2017-08-17 04:00:00+00:00,214.96,215.28,202.82,212.26,132413327
2017-08-18 04:00:00+00:00,212.05,213.17,211.44,211.88,142903619
2017-08-21 04:00:00+00:00,211.82,212.31,211.11,212.07,68869029
2017-08-22 04:00:00+00:00,212.63,214.42,212.62,214.21,65788773
2017-08-23 04:00:00+00:00,213.3,213.92,213.15,213.51,53398349
2017-08-24 04:00:00+00:00,213.88,214.04,212.79,213.05,51791649
2017-08-25 04:00:00+00:00,213.79,214.41,213.35,213.46,67278135
2017-08-28 04:00:00+00:00,214.03,214.06,213.09,213.53,43672391
2017-08-29 04:00:00+00:00,212.19,214.01,212.07,213.76,52286704
2017-08-30 04:00:00+00:00,213.73,215.03,213.55,214.76,64780450
2017-08-31 04:00:00+00:00,215.38,216.3,214.8,215.88,107215200
2017-09-01 04:00:00+00:00,216.43,216.79,216.21,216.33,65352491
2017-09-05 04:00:00+00:00,215.85,216.08,213.84,214.87,93917434
2017-09-06 04:00:00+00:00,215.49,215.87,214.95,215.53,61912770
2017-09-07 04:00:00+00:00,215.85,215.86,215.1,215.52,60251990
2017-09-08 04:00:00+00:00,215.23,215.72,215.02,215.23,67761216
2017-09-11 04:00:00+00:00,216.53,217.63,216.52,217.5,74223244
2017-09-12 04:00:00+00:00,217.92,218.32,217.74,218.32,58219198
2017-09-13 04:00:00+00:00,218.0,218.43,217.89,218.39,60652151
2017-09-14 04:00:00+00:00,218.07,218.53,217.9,218.32,98568056
2017-09-15 04:00:00+00:00,218.18,218.71,218.07,218.65,101580036
2017-09-18 04:00:00+00:00,218.99,219.43,218.7,219.07,47476365
2017-09-19 04:00:00+00:00,219.33,219.39,218.98,219.29,48258882
2017-09-20 04:00:00+00:00,219.39,219.5,218.38,219.39,60924607
2017-09-21 04:00:00+00:00,219.22,219.31,218.61,218.8,50990288
2017-09-22 04:00:00+00:00,218.5,219.0,218.47,218.85,52014945
2017-09-25 04:00:00+00:00,218.58,218.94,217.64,218.43,59068484
2017-09-26 04:00:00+00:00,218.82,219.07,218.28,218.51,55751359
2017-09-27 04:00:00+00:00,219.22,219.76,218.34,219.36,84730448
2017-09-28 04:00:00+00:00,219.09,219.71,219.0,219.62,46947734
2017-09-29 04:00:00+00:00,219.63,220.49,219.44,220.35,89321126
2017-10-02 04:00:00+00:00,220.64,221.36,220.46,221.33,65218919
2017-10-03 04:00:00+00:00,221.49,221.86,221.29,221.83,68610856
2017-10-04 04:00:00+00:00,221.69,222.35,221.57,222.1,56845159
2017-10-05 04:00:00+00:00,222.43,223.43,222.13,223.42,67267107
2017-10-06 04:00:00+00:00,222.97,223.45,222.71,223.22,84486595
2017-10-09 04:00:00+00:00,223.39,223.45,222.53,222.81,36639372
2017-10-10 04:00:00+00:00,223.36,223.76,222.82,223.34,44252125
2017-10-11 04:00:00+00:00,223.29,223.73,223.12,223.7,48527288
2017-10-12 04:00:00+00:00,223.42,223.77,223.16,223.37,48813293
2017-10-13 04:00:00+00:00,223.84,223.95,223.4,223.61,56381063
2017-10-16 04:00:00+00:00,223.9,224.16,223.56,223.98,39053772
2017-10-17 04:00:00+00:00,223.92,224.17,223.7,224.09,32637915
2017-10-18 04:00:00+00:00,224.5,224.55,224.15,224.32,41916186
2017-10-19 04:00:00+00:00,223.57,224.44,223.14,224.43,63110555
2017-10-20 04:00:00+00:00,225.21,225.59,224.39,225.53,91210612
2017-10-23 04:00:00+00:00,225.89,225.92,224.61,224.73,65348872
2017-10-24 04:00:00+00:00,225.12,225.32,224.72,225.08,68551491
2017-10-25 04:00:00+00:00,224.75,224.86,222.84,224.0,105617696
2017-10-26 04:00:00+00:00,224.58,224.86,224.14,224.14,73883274
2017-10-27 04:00:00+00:00,225.04,226.25,224.26,226.07,88712939
2017-10-30 04:00:00+00:00,225.53,226.0,224.95,225.29,56131252
2017-10-31 04:00:00+00:00,225.63,225.86,225.3,225.58,63065793
2017-11-01 04:00:00+00:00,226.38,226.72,225.53,225.91,55081842
2017-11-02 04:00:00+00:00,225.83,226.13,224.76,226.01,57278036
2017-11-03 04:00:00+00:00,226.15,226.79,225.73,226.74,62027558
2017-11-06 05:00:00+00:00,226.61,227.22,226.54,227.06,51061263
2017-11-07 05:00:00+00:00,227.2,227.53,226.43,226.96,58866834
2017-11-08 05:00:00+00:00,226.76,227.42,226.48,227.32,51582467
2017-11-09 05:00:00+00:00,226.11,226.69,224.91,226.51,96424777
2017-11-10 05:00:00+00:00,226.11,226.6,225.79,226.43,61716318
2017-11-13 05:00:00+00:00,225.74,226.86,225.71,226.65,51217198
2017-11-14 05:00:00+00:00,225.83,226.22,225.05,226.13,62394534
2017-11-15 05:00:00+00:00,225.14,225.66,224.27,224.96,83428078
2017-11-16 05:00:00+00:00,225.93,227.26,225.89,226.82,76418542
2017-11-17 05:00:00+00:00,226.54,226.86,226.15,226.23,78134634
2017-11-20 05:00:00+00:00,226.47,226.81,226.22,226.59,48775814
2017-11-21 05:00:00+00:00,227.38,228.28,226.58,228.04,72962457
2017-11-22 05:00:00+00:00,228.1,228.23,227.72,227.92,45834266
2017-11-24 05:00:00+00:00,228.35,228.52,228.24,228.43,29003902
2017-11-27 05:00:00+00:00,228.46,228.76,228.1,228.3,54402661
2017-11-28 05:00:00+00:00,228.77,230.65,228.68,230.58,100665593
2017-11-29 05:00:00+00:00,230.75,231.29,230.03,230.5,79101707
2017-11-30 05:00:00+00:00,231.4,233.41,231.32,232.37,131731800
2017-12-01 05:00:00+00:00,232.28,232.76,228.77,232.01,165583460
2017-12-04 05:00:00+00:00,233.64,234.07,231.68,231.71,96851205
2017-12-05 05:00:00+00:00,231.99,232.62,230.77,230.91,79742291
2017-12-06 05:00:00+00:00,230.62,231.37,230.48,230.94,84117737
2017-12-07 05:00:00+00:00,230.81,231.99,230.68,231.65,83910926
2017-12-08 05:00:00+00:00,232.48,232.94,231.64,232.91,78575790
2017-12-11 05:00:00+00:00,233.0,233.7,232.91,233.66,84179443
2017-12-12 05:00:00+00:00,233.87,234.52,233.67,234.07,86435143
2017-12-13 05:00:00+00:00,234.3,234.73,233.94,234.01,105029384
2017-12-14 05:00:00+00:00,234.34,234.44,233.01,233.09,102357602
2017-12-15 05:00:00+00:00,234.07,235.48,234.02,235.03,144850419
2017-12-18 05:00:00+00:00,236.4,236.85,236.3,236.53,85137172
2017-12-19 05:00:00+00:00,236.75,236.79,235.52,235.66,84904033
2017-12-20 05:00:00+00:00,236.56,236.61,235.17,235.53,77665965
2017-12-21 05:00:00+00:00,236.09,236.66,235.71,235.92,69160260
2017-12-22 05:00:00+00:00,235.97,236.0,235.35,235.87,81741973
2017-12-26 05:00:00+00:00,235.48,235.83,235.34,235.57,46524083
2017-12-27 05:00:00+00:00,235.78,236.08,235.45,235.75,60072678
2017-12-28 05:00:00+00:00,236.23,236.25,235.84,236.2,46221034
2017-12-29 05:00:00+00:00,236.79,236.81,235.12,235.39,100200244
2018-01-02 05:00:00+00:00,236.18,237.04,235.79,237.0,87974830
2018-01-03 05:00:00+00:00,237.17,238.65,237.17,238.5,92414326
2018-01-04 05:00:00+00:00,239.14,239.99,238.57,239.47,85277552
2018-01-05 05:00:00+00:00,240.3,241.23,239.81,241.08,88073906
2018-01-08 05:00:00+00:00,241.0,241.7,240.71,241.53,64945938
2018-01-09 05:00:00+00:00,241.97,242.72,241.68,242.08,58485720
2018-01-10 05:00:00+00:00,241.33,241.98,240.66,241.68,70699507
2018-01-11 05:00:00+00:00,242.27,243.48,242.11,243.46,64026406
2018-01-12 05:00:00+00:00,243.75,245.24,243.45,245.09,92919614
2018-01-16 05:00:00+00:00,246.33,246.98,243.54,244.31,110515722
2018-01-17 05:00:00+00:00,245.17,246.95,244.23,246.56,116747453
2018-01-18 05:00:00+00:00,246.45,246.87,245.65,246.18,105410481
2018-01-19 05:00:00+00:00,246.73,247.27,246.15,247.25,143550675
2018-01-22 05:00:00+00:00,247.05,249.28,247.0,249.26,102545061
2018-01-23 05:00:00+00:00,249.32,250.1,248.99,249.76,99464685
2018-01-24 05:00:00+00:00,250.45,251.05,248.53,249.66,136833465
2018-01-25 05:00:00+00:00,250.57,250.67,249.02,249.81,85877429
2018-01-26 05:00:00+00:00,250.65,252.75,250.4,252.69,111355443
2018-01-29 05:00:00+00:00,252.13,252.57,250.87,251.0,92693728
2018-01-30 05:00:00+00:00,249.2,251.08,247.98,248.34,134420733
2018-01-31 05:00:00+00:00,249.31,249.81,247.5,248.59,121930951
2018-02-01 05:00:00+00:00,247.85,249.6,247.5,248.39,90994293
2018-02-02 05:00:00+00:00,246.97,247.11,242.86,242.94,178406624
2018-02-05 05:00:00+00:00,241.13,243.24,232.19,232.89,304474048
2018-02-06 05:00:00+00:00,229.21,237.82,228.12,237.26,357564910
2018-02-07 05:00:00+00:00,236.76,240.17,235.95,236.03,169549624
2018-02-08 05:00:00+00:00,236.33,236.47,227.14,227.3,252221121
2018-02-09 05:00:00+00:00,229.97,232.45,223.02,230.8,286122968
2018-02-12 05:00:00+00:00,232.65,235.45,230.74,233.96,146941527
2018-02-13 05:00:00+00:00,232.77,235.11,232.19,234.6,82434058
2018-02-14 05:00:00+00:00,233.07,238.09,233.06,237.79,123355652
2018-02-15 05:00:00+00:00,239.47,240.77,237.0,240.67,112606261
2018-02-16 05:00:00+00:00,240.13,242.78,240.09,240.87,163292191
2018-02-20 05:00:00+00:00,239.88,241.32,238.53,239.36,91166253
2018-02-21 05:00:00+00:00,239.76,242.25,238.03,238.06,100293719
2018-02-22 05:00:00+00:00,239.06,240.78,237.77,238.32,122557536
2018-02-23 05:00:00+00:00,239.66,242.24,239.19,242.19,96252415
2018-02-26 05:00:00+00:00,243.31,245.15,242.72,245.06,88758833
2018-02-27 05:00:00+00:00,245.24,245.95,241.93,241.95,102930024
2018-02-28 05:00:00+00:00,243.09,243.54,239.22,239.33,129776260
2018-03-01 05:00:00+00:00,239.33,240.88,234.56,236.08,179183801
2018-03-02 05:00:00+00:00,234.38,237.84,233.52,237.27,141448051
2018-03-05 05:00:00+00:00,236.08,240.63,235.98,239.96,99078649
2018-03-06 05:00:00+00:00,241.0,241.08,239.13,240.58,79922993
2018-03-07 05:00:00+00:00,238.46,240.89,238.26,240.58,88202658
2018-03-08 05:00:00+00:00,241.22,241.82,240.22,241.64,69768764
2018-03-09 05:00:00+00:00,243.11,245.91,242.79,245.81,117331321
2018-03-12 04:00:00+00:00,246.2,246.82,245.21,245.62,73175656
2018-03-13 04:00:00+00:00,246.76,247.27,243.4,244.01,93427280
2018-03-14 04:00:00+00:00,244.97,245.16,242.2,242.72,107710053
2018-03-15 04:00:00+00:00,243.27,243.91,241.99,242.52,88837397
2018-03-16 04:00:00+00:00,243.02,243.81,242.7,242.78,101412188
2018-03-19 04:00:00+00:00,242.0,242.93,237.82,239.58,111075802
2018-03-20 04:00:00+00:00,239.87,240.52,239.2,239.86,60829259
2018-03-21 04:00:00+00:00,239.84,241.93,239.21,239.39,79541919
2018-03-22 04:00:00+00:00,237.19,238.04,233.16,233.47,152401570
2018-03-23 04:00:00+00:00,233.88,234.63,228.26,228.43,186705769
2018-03-26 04:00:00+00:00,232.07,234.99,229.66,234.74,144878172
2018-03-27 04:00:00+00:00,235.65,236.18,229.16,230.86,134090487
2018-03-28 04:00:00+00:00,230.85,232.52,228.93,230.05,151934925
2018-03-29 04:00:00+00:00,231.18,234.84,230.04,233.22,128072137
2018-04-02 04:00:00+00:00,232.44,232.96,225.47,227.99,188325321
2018-04-03 04:00:00+00:00,229.19,231.35,227.39,230.83,121245396
2018-04-04 04:00:00+00:00,227.31,234.04,227.18,233.53,126742991
2018-04-05 04:00:00+00:00,235.09,236.06,234.01,235.13,84309507
2018-04-06 04:00:00+00:00,233.21,234.71,228.42,229.92,182854619
2018-04-09 04:00:00+00:00,231.4,234.47,230.13,230.92,113639051
2018-04-10 04:00:00+00:00,233.97,235.53,232.82,234.69,107159335
2018-04-11 04:00:00+00:00,233.26,235.18,233.19,233.47,92820659
2018-04-12 04:00:00+00:00,234.84,236.38,234.67,235.41,70635606
2018-04-13 04:00:00+00:00,236.75,236.86,233.74,234.71,86860777
2018-04-16 04:00:00+00:00,236.38,237.45,235.56,236.71,64594574
2018-04-17 04:00:00+00:00,238.45,239.81,237.93,239.15,66215072
2018-04-18 04:00:00+00:00,239.65,240.19,238.92,239.37,57919664
2018-04-19 04:00:00+00:00,238.73,238.93,237.02,238.04,79527976
2018-04-20 04:00:00+00:00,237.99,238.21,235.15,236.08,101358707
2018-04-23 04:00:00+00:00,236.61,237.17,234.92,236.0,67468135
2018-04-24 04:00:00+00:00,237.03,237.25,231.32,232.88,114962314
2018-04-25 04:00:00+00:00,232.76,233.84,230.94,233.4,105412286
2018-04-26 04:00:00+00:00,234.43,236.6,233.98,235.71,68959182
2018-04-27 04:00:00+00:00,236.38,236.68,235.06,236.01,58099215
2018-04-30 04:00:00+00:00,236.61,237.17,234.11,234.2,84864978
2018-05-01 04:00:00+00:00,233.64,234.7,232.05,234.58,77000433
2018-05-02 04:00:00+00:00,234.4,235.21,232.63,232.99,87960465
2018-05-03 04:00:00+00:00,232.19,233.16,229.34,232.48,138114268
2018-05-04 04:00:00+00:00,231.53,236.2,231.2,235.43,92744409
2018-05-07 04:00:00+00:00,236.29,237.29,235.6,236.31,56246159
2018-05-08 04:00:00+00:00,235.94,236.67,234.75,236.29,68490026
2018-05-09 04:00:00+00:00,236.99,238.92,236.46,238.57,60946478
2018-05-10 04:00:00+00:00,239.34,241.16,239.23,240.81,73496270
2018-05-11 04:00:00+00:00,240.95,241.83,240.44,241.38,64249519
2018-05-14 04:00:00+00:00,242.0,242.65,241.13,241.65,57758926
2018-05-15 04:00:00+00:00,240.45,240.46,239.07,239.95,91104778
2018-05-16 04:00:00+00:00,240.05,241.48,240.02,240.94,55278260
2018-05-17 04:00:00+00:00,240.76,241.9,240.04,240.82,57619100
2018-05-18 04:00:00+00:00,240.47,240.84,239.86,240.23,65582406
2018-05-21 04:00:00+00:00,241.7,242.56,240.24,242.01,60494019
2018-05-22 04:00:00+00:00,242.55,242.8,241.02,241.32,54584049
2018-05-23 04:00:00+00:00,240.07,242.04,239.92,242.02,65652020
2018-05-24 04:00:00+00:00,241.62,241.89,239.73,241.55,77138128
2018-05-25 04:00:00+00:00,240.94,241.57,240.44,241.0,58118644
2018-05-29 04:00:00+00:00,239.31,240.07,237.06,238.26,119430992
2018-05-30 04:00:00+00:00,239.48,241.79,239.41,241.33,71476485
2018-05-31 04:00:00+00:00,240.94,241.24,239.26,239.76,97047084
2018-06-01 04:00:00+00:00,241.17,242.53,241.1,242.24,73684806
2018-06-04 04:00:00+00:00,243.05,243.63,242.81,243.37,46900396
2018-06-05 04:00:00+00:00,243.51,243.93,242.74,243.63,54148265
2018-06-06 04:00:00+00:00,244.17,245.7,243.55,245.62,65048897
2018-06-07 04:00:00+00:00,246.08,246.37,244.65,245.56,74154313
2018-06-08 04:00:00+00:00,245.1,246.34,244.94,246.32,73082607
2018-06-11 04:00:00+00:00,246.51,247.33,246.4,246.64,59668405
2018-06-12 04:00:00+00:00,247.03,247.3,246.29,246.98,74511683
2018-06-13 04:00:00+00:00,247.18,247.43,245.94,246.13,80383239
2018-06-14 04:00:00+00:00,247.02,247.3,246.17,246.72,80080701
2018-06-15 04:00:00+00:00,244.88,245.69,243.78,245.26,121150047
2018-06-18 04:00:00+00:00,243.9,244.97,243.42,244.87,53795470
2018-06-19 04:00:00+00:00,242.58,244.13,242.16,243.89,99299985
2018-06-20 04:00:00+00:00,244.59,244.99,243.99,244.36,55038477
2018-06-21 04:00:00+00:00,244.32,244.33,242.3,242.79,72830642
2018-06-22 04:00:00+00:00,244.05,244.16,243.01,243.25,58141958
2018-06-25 04:00:00+00:00,242.08,242.24,238.24,239.99,140736625
2018-06-26 04:00:00+00:00,240.49,241.31,239.74,240.44,71010510
2018-06-27 04:00:00+00:00,241.04,242.46,238.31,238.86,107076264
2018-06-28 04:00:00+00:00,238.41,240.59,237.7,239.84,78226226
2018-06-29 04:00:00+00:00,240.92,242.28,240.06,240.23,100130479
2018-07-02 04:00:00+00:00,238.61,240.85,238.37,240.67,65158380
2018-07-03 04:00:00+00:00,241.58,241.68,239.41,239.82,44038959
2018-07-05 04:00:00+00:00,240.96,241.85,239.89,241.71,58320429
2018-07-06 04:00:00+00:00,241.82,244.21,241.44,243.78,67827660
2018-07-09 04:00:00+00:00,244.84,246.09,244.79,246.03,51878754
2018-07-10 04:00:00+00:00,246.48,247.02,246.19,246.84,53080928
2018-07-11 04:00:00+00:00,245.37,246.16,244.81,245.16,78467076
2018-07-12 04:00:00+00:00,246.37,247.39,245.77,247.26,62854200
2018-07-13 04:00:00+00:00,247.16,247.83,246.71,247.5,49301251
2018-07-16 04:00:00+00:00,247.57,247.72,246.87,247.35,50880262
2018-07-17 04:00:00+00:00,246.54,248.7,246.48,248.27,53362867
2018-07-18 04:00:00+00:00,248.39,248.94,247.95,248.83,45293969
2018-07-19 04:00:00+00:00,248.17,248.55,247.41,247.86,62297849
2018-07-20 04:00:00+00:00,247.69,248.32,247.45,247.64,83094078
2018-07-23 04:00:00+00:00,247.41,248.27,247.06,248.1,47606016
2018-07-24 04:00:00+00:00,249.42,250.16,248.45,249.26,68736774
2018-07-25 04:00:00+00:00,249.07,251.76,249.03,251.56,80239697
2018-07-26 04:00:00+00:00,250.73,251.53,250.63,250.81,59404205
2018-07-27 04:00:00+00:00,251.18,251.27,248.23,249.19,78755772
2018-07-30 04:00:00+00:00,249.23,249.39,247.33,247.8,65270286
2018-07-31 04:00:00+00:00,248.61,249.68,248.23,248.95,71284048
2018-08-01 04:00:00+00:00,249.27,249.78,248.01,248.68,55357171
2018-08-02 04:00:00+00:00,247.35,250.18,247.15,250.01,65221869
2018-08-03 04:00:00+00:00,250.13,251.13,249.96,251.1,54992919
2018-08-06 04:00:00+00:00,251.12,252.31,250.73,252.02,40476791
2018-08-07 04:00:00+00:00,252.66,253.21,252.53,252.83,44340537
2018-08-08 04:00:00+00:00,252.66,253.12,252.27,252.71,43039504
2018-08-09 04:00:00+00:00,252.79,253.18,252.24,252.4,36423073
2018-08-10 04:00:00+00:00,250.95,251.48,249.98,250.69,77955013
2018-08-13 04:00:00+00:00,250.96,251.58,249.46,249.73,66977189
2018-08-14 04:00:00+00:00,250.48,251.58,250.09,251.27,44779018
2018-08-15 04:00:00+00:00,250.0,250.14,248.03,249.44,104669550
2018-08-16 04:00:00+00:00,250.87,252.35,250.87,251.5,71100475
2018-08-17 04:00:00+00:00,251.28,252.81,250.88,252.34,67003717
2018-08-20 04:00:00+00:00,252.82,253.18,252.37,252.92,41000517
2018-08-21 04:00:00+00:00,253.43,254.36,252.95,253.44,68286269
2018-08-22 04:00:00+00:00,253.1,253.88,252.83,253.39,45508737
2018-08-23 04:00:00+00:00,253.18,254.04,252.7,253.02,49872622
2018-08-24 04:00:00+00:00,253.59,254.68,253.54,254.55,58162308
2018-08-27 04:00:00+00:00,255.74,256.66,255.58,256.51,58337139
2018-08-28 04:00:00+00:00,257.01,257.12,256.21,256.6,47809662
2018-08-29 04:00:00+00:00,256.89,258.29,256.64,258.03,63047190
2018-08-30 04:00:00+00:00,257.58,257.95,256.42,257.03,62526061
2018-08-31 04:00:00+00:00,256.6,257.46,256.12,256.98,67955528
2018-09-04 04:00:00+00:00,256.6,256.93,255.58,256.6,58789013
2018-09-05 04:00:00+00:00,256.22,256.43,254.88,255.92,76145573
2018-09-06 04:00:00+00:00,255.99,256.29,254.09,255.12,67235277
2018-09-07 04:00:00+00:00,254.07,255.59,253.83,254.56,74818657
2018-09-10 04:00:00+00:00,255.63,255.9,254.87,255.05,51016851
2018-09-11 04:00:00+00:00,254.42,256.35,254.07,255.98,52375991
2018-09-12 04:00:00+00:00,255.91,256.57,255.18,256.02,60575938
2018-09-13 04:00:00+00:00,257.03,257.67,256.74,257.45,52019121
2018-09-14 04:00:00+00:00,257.68,257.87,256.75,257.56,55917676
2018-09-17 04:00:00+00:00,257.47,257.51,255.89,256.21,69333285
2018-09-18 04:00:00+00:00,256.37,258.14,256.35,257.56,63932290
2018-09-19 04:00:00+00:00,257.6,258.24,257.48,257.85,50283683
2018-09-20 04:00:00+00:00,259.08,260.23,257.84,259.87,103959169
2018-09-21 04:00:00+00:00,260.66,260.77,259.52,259.72,107157043
2018-09-24 04:00:00+00:00,259.1,259.24,258.24,258.87,54671313
2018-09-25 04:00:00+00:00,259.27,259.38,258.34,258.53,46702181
2018-09-26 04:00:00+00:00,258.72,259.9,257.38,257.73,81461259
2018-09-27 04:00:00+00:00,258.27,259.61,258.0,258.51,60378141
2018-09-28 04:00:00+00:00,257.9,259.05,257.86,258.41,72381508
2018-10-01 04:00:00+00:00,259.78,260.51,258.78,259.42,63634059
2018-10-02 04:00:00+00:00,259.3,260.0,258.92,259.34,49096939
2018-10-03 04:00:00+00:00,260.34,260.76,259.08,259.47,66022129
2018-10-04 04:00:00+00:00,258.96,259.01,255.83,257.49,113147728
2018-10-05 04:00:00+00:00,257.63,258.15,254.55,255.96,108781268
2018-10-08 04:00:00+00:00,255.28,256.32,253.91,255.95,88771776
2018-10-09 04:00:00+00:00,255.59,256.89,255.04,255.67,75481888
2018-10-10 04:00:00+00:00,255.09,255.16,247.13,247.48,217049445
2018-10-11 04:00:00+00:00,246.42,248.04,240.44,242.38,277877162
2018-10-12 04:00:00+00:00,246.14,246.43,242.23,245.47,185257288
2018-10-15 04:00:00+00:00,245.06,246.38,243.95,244.11,104838973
2018-10-16 04:00:00+00:00,245.99,249.74,245.52,249.23,121028473
2018-10-17 04:00:00+00:00,249.41,250.04,246.84,249.39,111897958
2018-10-18 04:00:00+00:00,248.48,249.08,244.54,245.8,137804219
2018-10-19 04:00:00+00:00,246.46,248.39,244.99,245.62,140662678
2018-10-22 04:00:00+00:00,246.35,246.67,244.04,244.59,83420677
2018-10-23 04:00:00+00:00,240.97,244.45,238.88,243.25,148031789
2018-10-24 04:00:00+00:00,243.08,243.46,235.41,235.86,180061325
2018-10-25 04:00:00+00:00,237.79,241.73,236.77,240.13,140353452
2018-10-26 04:00:00+00:00,236.49,241.01,233.26,235.87,203923040
2018-10-29 04:00:00+00:00,239.05,240.34,231.09,234.51,162968623
2018-10-30 04:00:00+00:00,234.49,238.45,234.0,238.24,159696059
2018-10-31 04:00:00+00:00,240.7,242.99,240.23,240.73,131674297
2018-11-01 04:00:00+00:00,241.54,243.44,240.46,243.12,101051621
2018-11-02 04:00:00+00:00,244.35,244.77,239.76,241.72,124249254
2018-11-05 05:00:00+00:00,242.29,243.69,241.32,243.21,69873066
2018-11-06 05:00:00+00:00,243.07,244.83,243.01,244.67,60827084
2018-11-07 05:00:00+00:00,246.84,249.99,246.42,249.9,104778528
2018-11-08 05:00:00+00:00,249.11,250.1,248.32,249.44,67444757
2018-11-09 05:00:00+00:00,248.15,248.34,245.62,247.08,101244637
2018-11-12 05:00:00+00:00,246.52,246.76,241.89,242.33,101689304
2018-11-13 05:00:00+00:00,242.87,244.86,241.23,241.94,99239981
2018-11-14 05:00:00+00:00,243.82,244.22,238.74,240.25,128960318
2018-11-15 05:00:00+00:00,239.04,243.27,237.46,242.8,136215785
2018-11-16 05:00:00+00:00,241.71,244.35,241.2,243.44,128968576
2018-11-19 05:00:00+00:00,242.83,243.13,238.4,239.34,104845636
2018-11-20 05:00:00+00:00,235.99,237.45,234.03,234.92,137953946
2018-11-21 05:00:00+00:00,236.44,237.59,235.68,235.7,77283500
2018-11-23 05:00:00+00:00,234.06,235.52,233.96,234.18,44012132
2018-11-26 05:00:00+00:00,236.37,238.12,235.98,237.84,81413911
2018-11-27 05:00:00+00:00,236.87,238.7,236.26,238.6,79161825
2018-11-28 05:00:00+00:00,239.77,244.19,238.63,244.0,129875459
2018-11-29 05:00:00+00:00,243.42,245.06,242.28,243.63,83664985
2018-11-30 05:00:00+00:00,243.51,245.71,243.19,245.18,100386880
2018-12-03 05:00:00+00:00,249.26,249.37,246.8,248.36,104690284
2018-12-04 05:00:00+00:00,247.56,247.99,240.03,240.47,182203555
2018-12-06 05:00:00+00:00,236.49,240.09,233.4,239.92,207107459
2018-12-07 05:00:00+00:00,239.64,241.21,233.57,234.48,163396256
2018-12-10 05:00:00+00:00,234.22,235.82,230.0,234.85,153231653
2018-12-11 05:00:00+00:00,238.04,238.23,233.43,234.88,123751607
2018-12-12 05:00:00+00:00,237.87,239.23,236.0,236.15,99519604
2018-12-13 05:00:00+00:00,237.03,237.89,234.89,236.01,97977658
2018-12-14 05:00:00+00:00,233.86,234.81,231.09,231.73,118649525
2018-12-17 05:00:00+00:00,230.69,231.81,225.47,226.93,168348737
2018-12-18 05:00:00+00:00,228.74,229.4,225.25,226.88,135891775
2018-12-19 05:00:00+00:00,226.93,230.69,221.76,223.26,217325252
2018-12-20 05:00:00+00:00,222.21,223.78,217.58,219.76,254595504
2018-12-21 05:00:00+00:00,220.72,223.37,214.67,215.23,261701849
2018-12-24 05:00:00+00:00,213.83,215.44,209.56,209.65,148557724
2018-12-26 05:00:00+00:00,211.08,220.22,209.11,219.97,222380482
2018-12-27 05:00:00+00:00,216.99,222.1,213.76,222.03,190958804
2018-12-28 05:00:00+00:00,223.26,224.89,220.46,221.6,154974847
2018-12-31 05:00:00+00:00,223.24,223.8,221.37,223.7,147557713
2019-01-02 05:00:00+00:00,220.04,224.72,220.01,223.84,132165224
2019-01-03 05:00:00+00:00,222.05,222.35,217.97,218.4,146823673
2019-01-04 05:00:00+00:00,221.48,226.42,221.1,225.77,145055352
2019-01-07 05:00:00+00:00,226.04,228.96,225.15,227.47,105208591
2019-01-08 05:00:00+00:00,229.73,230.17,227.21,229.56,103624383
2019-01-09 05:00:00+00:00,230.4,231.6,229.17,230.72,96652953
2019-01-10 05:00:00+00:00,229.23,231.83,228.55,231.67,98370502
2019-01-11 05:00:00+00:00,230.5,231.69,229.92,231.51,73870479
2019-01-14 05:00:00+00:00,229.77,231.06,229.37,230.21,71747098
2019-01-15 05:00:00+00:00,230.63,233.2,230.62,232.78,87140531
2019-01-16 05:00:00+00:00,233.32,234.34,233.12,233.44,79910690
2019-01-17 05:00:00+00:00,232.59,236.09,232.54,235.26,97376854
2019-01-18 05:00:00+00:00,237.03,238.82,235.26,238.32,130617796
2019-01-22 05:00:00+00:00,236.89,237.11,233.53,235.21,117524932
2019-01-23 05:00:00+00:00,236.17,236.86,233.17,235.58,87913109
2019-01-24 05:00:00+00:00,235.45,236.34,234.44,235.8,61342224
2019-01-25 05:00:00+00:00,237.6,238.57,235.85,237.75,98218282
2019-01-28 05:00:00+00:00,235.61,236.0,234.18,235.96,87421778
2019-01-29 05:00:00+00:00,236.09,236.65,234.8,235.73,67650406
2019-01-30 05:00:00+00:00,237.14,240.2,236.38,239.23,93982824
2019-01-31 05:00:00+00:00,239.3,241.94,239.08,241.35,107152582
2019-02-01 05:00:00+00:00,241.66,242.6,240.79,241.6,87113187
2019-02-04 05:00:00+00:00,241.62,243.34,240.95,243.32,63614067
2019-02-05 05:00:00+00:00,243.71,244.6,243.21,244.35,82298180
2019-02-06 05:00:00+00:00,244.02,244.51,243.24,244.06,61485829
2019-02-07 05:00:00+00:00,242.36,242.91,239.99,241.68,96611850
2019-02-08 05:00:00+00:00,240.41,242.04,239.58,242.01,76471005
2019-02-11 05:00:00+00:00,242.6,242.86,241.55,242.14,69530504
2019-02-12 05:00:00+00:00,243.69,245.57,243.62,245.16,73533121
2019-02-13 05:00:00+00:00,246.02,246.83,245.6,245.95,66896771
2019-02-14 05:00:00+00:00,244.91,246.57,244.09,245.51,84116124
2019-02-15 05:00:00+00:00,247.21,248.15,247.01,248.13,98445574
2019-02-19 05:00:00+00:00,247.32,249.2,247.31,248.57,60016568
2019-02-20 05:00:00+00:00,248.51,249.5,248.01,249.06,77459348
2019-02-21 05:00:00+00:00,248.41,248.77,247.2,248.2,64937725
2019-02-22 05:00:00+00:00,248.78,249.9,248.15,249.72,81379467
2019-02-25 05:00:00+00:00,251.12,251.64,249.96,250.1,70022314
2019-02-26 05:00:00+00:00,249.66,250.74,249.49,249.88,58160878
2019-02-27 05:00:00+00:00,249.15,250.1,248.22,249.74,58056699
2019-02-28 05:00:00+00:00,249.54,249.98,248.97,249.26,71882901
2019-03-01 05:00:00+00:00,250.86,251.26,249.41,250.84,80364273
2019-03-04 05:00:00+00:00,251.9,252.14,247.64,249.91,109422531
2019-03-05 05:00:00+00:00,250.06,250.25,249.05,249.63,61491071
2019-03-06 05:00:00+00:00,249.71,249.72,247.76,248.09,78461884
2019-03-07 05:00:00+00:00,247.63,247.78,245.16,246.11,96843080
2019-03-08 05:00:00+00:00,244.15,245.68,243.69,245.54,87028556
2019-03-11 04:00:00+00:00,246.23,249.23,246.2,249.11,66974717
2019-03-12 04:00:00+00:00,249.63,250.53,249.44,249.97,80874307
2019-03-13 04:00:00+00:00,250.9,252.6,250.74,251.66,82988832
2019-03-14 04:00:00+00:00,251.69,252.12,251.07,251.54,69214751
2019-03-15 04:00:00+00:00,252.06,253.56,251.87,252.78,82741834
2019-03-18 04:00:00+00:00,252.97,253.96,252.74,253.75,63367903
2019-03-19 04:00:00+00:00,254.73,255.49,252.84,253.83,91812444
2019-03-20 04:00:00+00:00,253.51,254.72,251.86,252.92,86060887
2019-03-21 04:00:00+00:00,252.15,256.23,252.1,255.69,81184605
2019-03-22 04:00:00+00:00,254.47,254.99,250.84,250.98,126176990
2019-03-25 04:00:00+00:00,250.56,251.74,249.45,250.67,86567168
2019-03-26 04:00:00+00:00,252.46,253.53,251.18,252.51,69386210
2019-03-27 04:00:00+00:00,252.57,253.15,249.71,251.17,73396221
2019-03-28 04:00:00+00:00,251.89,252.66,250.74,252.21,57431828
2019-03-29 04:00:00+00:00,253.72,254.12,252.6,253.77,86158219
2019-04-01 04:00:00+00:00,255.8,257.11,255.53,256.73,80192089
2019-04-02 04:00:00+00:00,257.0,257.17,256.15,256.95,40808711
2019-04-03 04:00:00+00:00,258.15,258.54,256.74,257.37,69511484
2019-04-04 04:00:00+00:00,257.66,258.27,256.97,258.02,50144575
2019-04-05 04:00:00+00:00,258.69,259.33,258.4,259.23,59597762
2019-04-08 04:00:00+00:00,258.85,259.58,258.19,259.48,54576741
2019-04-09 04:00:00+00:00,258.51,258.83,257.59,258.16,67706578
2019-04-10 04:00:00+00:00,258.55,259.11,258.14,259.02,53474655
2019-04-11 04:00:00+00:00,259.51,259.52,258.38,258.97,55858801
2019-04-12 04:00:00+00:00,260.56,260.98,258.99,260.67,70919665
2019-04-15 04:00:00+00:00,260.77,260.87,259.73,260.54,50455219
2019-04-16 04:00:00+00:00,261.41,261.46,260.11,260.71,52818514
2019-04-17 04:00:00+00:00,261.82,261.84,259.65,260.08,59131849
2019-04-18 04:00:00+00:00,260.65,260.84,259.35,260.55,69601739
2019-04-22 04:00:00+00:00,259.81,260.95,259.72,260.83,41438319
2019-04-23 04:00:00+00:00,261.17,263.38,260.93,263.15,53717869
2019-04-24 04:00:00+00:00,263.06,263.4,262.42,262.54,51150196
2019-04-25 04:00:00+00:00,262.46,263.06,261.21,262.47,59111801
2019-04-26 04:00:00+00:00,262.44,263.69,261.67,263.62,51864349
2019-04-29 04:00:00+00:00,263.71,264.56,263.62,263.95,58217271
2019-04-30 04:00:00+00:00,263.69,264.46,262.28,264.03,83418943
2019-05-01 04:00:00+00:00,264.8,265.0,262.17,262.19,72689383
2019-05-02 04:00:00+00:00,262.07,262.98,260.13,261.57,66830633
2019-05-03 04:00:00+00:00,263.09,264.46,261.73,264.13,57828940
2019-05-06 04:00:00+00:00,259.88,263.53,259.57,263.1,117885315
2019-05-07 04:00:00+00:00,260.69,261.29,256.79,258.81,148103972
2019-05-08 04:00:00+00:00,258.34,260.05,257.75,258.52,93518272
2019-05-09 04:00:00+00:00,256.27,258.16,254.54,257.57,105484233
2019-05-10 04:00:00+00:00,256.62,259.6,253.64,258.79,113435772
2019-05-13 04:00:00+00:00,253.75,254.71,251.51,252.46,130626738
2019-05-14 04:00:00+00:00,253.36,256.15,253.23,254.61,80127712
2019-05-15 04:00:00+00:00,253.0,256.76,252.79,256.2,75289562
2019-05-16 04:00:00+00:00,256.82,259.85,256.75,258.47,78222782
2019-05-17 04:00:00+00:00,256.19,259.3,256.17,256.91,102052912
2019-05-20 04:00:00+00:00,255.22,256.93,254.38,255.13,64170379
2019-05-21 04:00:00+00:00,256.81,257.8,256.56,257.39,47820098
2019-05-22 04:00:00+00:00,256.47,257.58,256.15,256.62,50144366
2019-05-23 04:00:00+00:00,254.45,254.46,252.08,253.54,100251363
2019-05-24 04:00:00+00:00,254.93,255.35,253.45,254.22,56290096
2019-05-28 04:00:00+00:00,254.35,255.3,251.69,251.85,71181073
2019-05-29 04:00:00+00:00,250.59,251.0,248.62,250.01,106194018
2019-05-30 04:00:00+00:00,250.77,251.61,249.6,250.66,63619067
2019-05-31 04:00:00+00:00,248.16,248.98,247.3,247.41,88950271
2019-06-03 04:00:00+00:00,247.37,248.47,245.36,246.73,97829990
2019-06-04 04:00:00+00:00,248.98,252.18,248.54,252.01,78655444
2019-06-05 04:00:00+00:00,253.67,254.26,251.86,254.15,72864182
2019-06-06 04:00:00+00:00,254.53,256.56,253.88,255.87,73406945
2019-06-07 04:00:00+00:00,256.9,259.52,256.73,258.38,75657962
2019-06-10 04:00:00+00:00,259.99,261.29,259.55,259.6,61774465
2019-06-11 04:00:00+00:00,261.45,261.82,258.92,259.58,59466020
2019-06-12 04:00:00+00:00,259.34,259.89,258.59,259.03,48189729
2019-06-13 04:00:00+00:00,260.02,260.54,259.32,260.18,50062283
2019-06-14 04:00:00+00:00,259.89,260.49,259.13,259.87,53455035
2019-06-17 04:00:00+00:00,260.13,260.75,259.82,260.08,40412734
2019-06-18 04:00:00+00:00,261.81,263.76,261.45,262.64,87949170
2019-06-19 04:00:00+00:00,262.85,263.84,261.88,263.26,80843620
2019-06-20 04:00:00+00:00,265.98,266.23,263.37,265.84,118177314
2019-06-21 04:00:00+00:00,265.55,266.81,265.22,265.44,86831535
2019-06-24 04:00:00+00:00,265.64,265.96,264.96,265.13,48346062
2019-06-25 04:00:00+00:00,265.16,265.19,262.4,262.53,86145268
2019-06-26 04:00:00+00:00,263.4,263.91,262.14,262.28,54550945
2019-06-27 04:00:00+00:00,263.01,263.68,262.63,263.2,41184771
2019-06-28 04:00:00+00:00,264.15,265.03,263.64,264.62,61281271
2019-07-01 04:00:00+00:00,267.86,268.07,265.73,266.86,80972325
2019-07-02 04:00:00+00:00,266.89,267.68,266.05,267.64,62258442
2019-07-03 04:00:00+00:00,268.31,269.79,268.16,269.77,42248078
2019-07-05 04:00:00+00:00,268.54,269.62,267.25,269.29,52650445
2019-07-08 04:00:00+00:00,268.15,269.28,267.44,268.02,47352766
2019-07-09 04:00:00+00:00,266.83,268.61,266.77,268.35,42301733
2019-07-10 04:00:00+00:00,269.38,270.55,268.85,269.6,59656591
2019-07-11 04:00:00+00:00,270.24,270.47,269.23,270.24,51545653
2019-07-12 04:00:00+00:00,270.72,271.51,270.41,271.44,41362400
2019-07-15 04:00:00+00:00,271.87,271.87,271.02,271.61,34419769
2019-07-16 04:00:00+00:00,271.44,271.65,270.35,270.65,41252625
2019-07-17 04:00:00+00:00,270.63,270.79,268.81,268.85,45903553
2019-07-18 04:00:00+00:00,268.32,270.18,267.87,269.83,52346311
2019-07-19 04:00:00+00:00,270.89,270.92,268.11,268.38,72696883
2019-07-22 04:00:00+00:00,268.69,269.5,268.18,268.88,45886285
2019-07-23 04:00:00+00:00,270.08,270.88,269.25,270.83,45969686
2019-07-24 04:00:00+00:00,270.12,272.15,270.03,272.12,48730753
2019-07-25 04:00:00+00:00,271.7,271.76,270.05,270.83,58984311
2019-07-26 04:00:00+00:00,271.54,272.87,271.41,272.62,48115422
2019-07-29 04:00:00+00:00,272.55,272.6,271.62,272.2,39076088
2019-07-30 04:00:00+00:00,270.77,271.91,270.39,271.57,47114717
2019-07-31 04:00:00+00:00,271.75,271.94,266.52,268.51,106681828
2019-08-01 04:00:00+00:00,268.69,271.64,265.4,266.34,145021954
2019-08-02 04:00:00+00:00,265.3,265.54,262.64,264.19,119022508
2019-08-05 04:00:00+00:00,260.1,260.21,254.35,256.45,183198274
2019-08-06 04:00:00+00:00,258.13,260.05,256.66,259.77,124236590
2019-08-07 04:00:00+00:00,256.77,260.76,254.64,260.16,142254766
2019-08-08 04:00:00+00:00,261.48,265.09,260.93,265.07,90112173
2019-08-09 04:00:00+00:00,264.15,264.75,261.51,263.27,95091532
2019-08-12 04:00:00+00:00,261.79,263.27,259.13,259.96,58248189
2019-08-13 04:00:00+00:00,259.78,265.57,259.44,264.01,96643300
2019-08-14 04:00:00+00:00,260.08,264.05,256.19,256.43,138650630
2019-08-15 04:00:00+00:00,257.2,257.89,254.95,256.99,103711759
2019-08-16 04:00:00+00:00,258.65,261.22,257.05,260.75,87151223
2019-08-19 04:00:00+00:00,263.8,264.6,263.12,263.92,56116895
2019-08-20 04:00:00+00:00,263.42,263.95,261.78,261.84,53406540
2019-08-21 04:00:00+00:00,264.06,264.41,263.38,264.0,51117691
2019-08-22 04:00:00+00:00,264.74,265.37,262.19,263.93,53036877
2019-08-23 04:00:00+00:00,262.65,264.32,255.93,257.2,151633008
2019-08-26 04:00:00+00:00,259.36,260.02,257.83,259.97,74581806
2019-08-27 04:00:00+00:00,261.41,261.78,258.24,258.84,69217186
2019-08-28 04:00:00+00:00,258.34,260.98,257.54,260.78,60999504
2019-08-29 04:00:00+00:00,263.38,264.68,262.37,264.15,59225194
2019-08-30 04:00:00+00:00,265.63,265.65,263.11,264.04,64676117
2019-09-03 04:00:00+00:00,262.34,263.25,261.17,262.5,70523272
2019-09-04 04:00:00+00:00,264.66,265.49,263.91,265.41,48447464
2019-09-05 04:00:00+00:00,267.95,269.8,265.44,268.82,84134211
2019-09-06 04:00:00+00:00,269.2,269.73,268.52,269.09,50175287
2019-09-09 04:00:00+00:00,270.08,270.17,268.29,269.23,52006396
2019-09-10 04:00:00+00:00,268.47,269.23,267.21,269.13,58797500
2019-09-11 04:00:00+00:00,269.47,271.16,268.82,271.13,69964932
2019-09-12 04:00:00+00:00,271.98,273.07,271.22,272.08,73765948
2019-09-13 04:00:00+00:00,272.46,272.81,271.47,271.75,62876882
2019-09-16 04:00:00+00:00,270.71,271.88,270.36,271.04,60055479
2019-09-17 04:00:00+00:00,270.8,271.77,270.63,271.71,43560752
2019-09-18 04:00:00+00:00,271.29,271.95,269.26,271.85,75049588
2019-09-19 04:00:00+00:00,272.23,273.23,271.49,271.82,79490929
2019-09-20 04:00:00+00:00,272.43,272.71,269.75,270.36,99626161
2019-09-23 04:00:00+00:00,269.88,271.2,269.63,270.56,48321226
2019-09-24 04:00:00+00:00,271.57,271.96,267.4,268.4,98688410
2019-09-25 04:00:00+00:00,268.44,270.39,266.96,269.94,78417632
2019-09-26 04:00:00+00:00,269.95,270.16,267.98,269.38,59165581
2019-09-27 04:00:00+00:00,270.13,270.24,266.38,267.94,86011770
2019-09-30 04:00:00+00:00,268.45,269.88,268.4,269.19,54249399
2019-10-01 04:00:00+00:00,270.05,270.7,265.75,266.04,90963980
2019-10-02 04:00:00+00:00,264.39,264.4,259.99,261.36,126335327
2019-10-03 04:00:00+00:00,261.05,263.44,258.33,263.44,86869960
2019-10-04 04:00:00+00:00,264.07,267.23,263.78,266.93,67767580
2019-10-07 04:00:00+00:00,266.18,267.8,265.55,265.84,62088645
2019-10-08 04:00:00+00:00,263.98,264.71,261.66,261.82,103504306
2019-10-09 04:00:00+00:00,263.71,265.12,261.81,264.05,70229917
2019-10-10 04:00:00+00:00,264.1,266.85,263.94,266.02,57867131
2019-10-11 04:00:00+00:00,268.72,270.96,268.61,268.7,102672621
2019-10-14 04:00:00+00:00,268.41,269.08,268.09,268.5,41283428
2019-10-15 04:00:00+00:00,269.47,271.83,269.35,271.09,48895657
2019-10-16 04:00:00+00:00,270.62,271.34,270.22,270.71,52994390
2019-10-17 04:00:00+00:00,271.81,272.32,270.76,271.39,47733412
2019-10-18 04:00:00+00:00,270.91,271.55,269.37,270.37,65642672
2019-10-21 04:00:00+00:00,271.58,272.29,271.14,272.13,40676748
2019-10-22 04:00:00+00:00,272.63,272.92,271.11,271.19,50056997
2019-10-23 04:00:00+00:00,270.95,272.05,270.74,271.95,35723766
2019-10-24 04:00:00+00:00,272.93,273.07,271.61,272.48,36772203
2019-10-25 04:00:00+00:00,271.87,274.1,271.81,273.55,46278271
2019-10-28 04:00:00+00:00,274.77,275.6,274.74,275.13,43245339
2019-10-29 04:00:00+00:00,274.82,275.94,274.7,274.95,44955590
2019-10-30 04:00:00+00:00,275.21,276.23,273.91,275.92,50475026
2019-10-31 04:00:00+00:00,275.85,275.85,273.67,275.12,70472882
2019-11-01 04:00:00+00:00,276.57,277.72,276.4,277.7,72649752
2019-11-04 05:00:00+00:00,279.22,279.36,278.42,278.79,61451913
2019-11-05 05:00:00+00:00,278.99,279.29,278.19,278.49,44001870
2019-11-06 05:00:00+00:00,278.48,278.81,277.6,278.52,47383539
2019-11-07 05:00:00+00:00,279.88,280.86,279.05,279.55,55053333
2019-11-08 05:00:00+00:00,279.18,280.27,278.48,280.2,49653540
2019-11-11 05:00:00+00:00,278.83,279.85,278.7,279.69,36335724
2019-11-12 05:00:00+00:00,280.04,281.16,279.5,280.23,47933274
2019-11-13 05:00:00+00:00,279.28,280.76,279.05,280.4,55252450
2019-11-14 05:00:00+00:00,280.08,280.85,279.44,280.76,52602572
2019-11-15 05:00:00+00:00,282.1,282.84,281.41,282.81,62832522
2019-11-18 05:00:00+00:00,282.56,283.24,282.11,282.97,50489632
2019-11-19 05:00:00+00:00,283.6,283.61,282.28,282.91,69272746
2019-11-20 05:00:00+00:00,282.33,282.85,280.32,281.91,80921343
2019-11-21 05:00:00+00:00,281.98,282.09,280.62,281.45,55273030
2019-11-22 05:00:00+00:00,282.16,282.3,281.04,282.1,45485710
2019-11-25 05:00:00+00:00,282.97,284.23,282.97,284.19,50273892
2019-11-26 05:00:00+00:00,284.27,285.06,283.95,284.79,38729785
2019-11-27 05:00:00+00:00,285.35,286.14,285.14,286.09,46153005
2019-11-29 05:00:00+00:00,285.58,285.83,284.86,285.1,37839782
2019-12-02 05:00:00+00:00,285.34,285.4,282.23,282.68,78630131
2019-12-03 05:00:00+00:00,279.95,280.85,278.57,280.73,76725416
2019-12-04 05:00:00+00:00,281.81,283.1,281.46,282.53,49860938
2019-12-05 05:00:00+00:00,283.2,283.21,281.7,283.07,41540611
2019-12-06 05:00:00+00:00,284.91,285.99,284.9,285.55,50091438
2019-12-09 05:00:00+00:00,285.2,285.87,284.62,284.7,35419836
2019-12-10 05:00:00+00:00,284.64,285.3,283.72,284.42,53698321
2019-12-11 05:00:00+00:00,284.83,285.44,284.29,285.1,56301209
2019-12-12 05:00:00+00:00,285.19,288.42,284.96,287.59,98280985
2019-12-13 05:00:00+00:00,287.4,289.04,286.63,287.79,82239787
2019-12-16 05:00:00+00:00,289.54,290.38,287.75,289.78,86183317
2019-12-17 05:00:00+00:00,290.17,290.47,289.77,289.83,62393053
2019-12-18 05:00:00+00:00,290.24,290.47,289.82,289.84,51246674
2019-12-19 05:00:00+00:00,290.06,291.13,289.81,291.03,87471997
2019-12-20 05:00:00+00:00,292.09,293.47,291.11,292.45,162473006
2019-12-23 05:00:00+00:00,293.12,293.17,292.64,292.83,54408530
2019-12-24 05:00:00+00:00,293.01,293.06,292.49,292.8,20550098
2019-12-26 05:00:00+00:00,293.17,294.36,293.17,294.35,31809352
2019-12-27 05:00:00+00:00,295.08,295.13,293.75,294.27,43084401
2019-12-30 05:00:00+00:00,294.36,294.5,292.17,292.7,51165259
2019-12-31 05:00:00+00:00,292.15,293.61,291.81,293.36,59018703
2020-01-02 05:00:00+00:00,294.9,296.13,293.98,296.11,60187033
2020-01-03 05:00:00+00:00,292.73,294.99,292.67,293.89,80319689
2020-01-06 05:00:00+00:00,292.12,295.07,292.0,295.07,56672077
2020-01-07 05:00:00+00:00,294.42,294.9,293.71,294.17,43646563
2020-01-08 05:00:00+00:00,294.35,296.94,294.1,295.7,69691471
2020-01-09 05:00:00+00:00,297.29,297.8,296.7,297.68,49479650
2020-01-10 05:00:00+00:00,298.31,298.47,296.41,296.81,53842362
2020-01-13 05:00:00+00:00,297.49,298.93,297.07,298.89,51115039
2020-01-14 05:00:00+00:00,298.48,299.53,297.91,298.43,64327107
2020-01-15 05:00:00+00:00,298.37,299.89,298.29,299.11,73150949
2020-01-16 05:00:00+00:00,300.51,301.62,300.28,301.57,56695908
2020-01-17 05:00:00+00:00,302.33,302.77,301.5,302.62,107448658
2020-01-21 05:00:00+00:00,301.61,302.77,301.53,301.96,80196677
2020-01-22 05:00:00+00:00,302.83,303.47,301.85,302.02,49824372
2020-01-23 05:00:00+00:00,301.36,302.76,300.25,302.43,52680351
2020-01-24 05:00:00+00:00,303.01,303.09,298.38,299.65,88497842
2020-01-27 05:00:00+00:00,294.43,296.34,294.09,294.87,86318745
2020-01-28 05:00:00+00:00,296.28,298.83,294.96,297.94,65847396
2020-01-29 05:00:00+00:00,299.31,299.54,297.5,297.7,54998042
2020-01-30 05:00:00+00:00,295.64,298.88,294.9,298.62,77185315
2020-01-31 05:00:00+00:00,298.05,298.21,292.34,293.27,116500962
2020-02-03 05:00:00+00:00,294.72,297.29,294.61,295.43,71170107
2020-02-04 05:00:00+00:00,299.03,300.79,298.71,299.93,64065469
2020-02-05 05:00:00+00:00,302.85,303.6,301.4,303.37,67402342
2020-02-06 05:00:00+00:00,304.35,304.6,303.34,304.37,51626082
2020-02-07 05:00:00+00:00,303.36,304.43,302.24,302.83,65101736
2020-02-10 05:00:00+00:00,301.91,305.11,301.87,305.11,43576992
2020-02-11 05:00:00+00:00,306.4,307.18,305.05,305.59,55707407
2020-02-12 05:00:00+00:00,307.01,307.76,306.65,307.57,44997697
2020-02-13 05:00:00+00:00,306.13,308.19,305.85,307.32,55382831
2020-02-14 05:00:00+00:00,307.63,307.83,306.44,307.71,65012969
2020-02-18 05:00:00+00:00,306.72,307.77,305.53,306.92,58482788
2020-02-19 05:00:00+00:00,307.89,309.06,307.6,308.37,49804453
2020-02-20 05:00:00+00:00,307.84,308.66,304.14,307.16,74976767
2020-02-21 05:00:00+00:00,305.77,306.08,303.14,303.93,115144054
2020-02-24 05:00:00+00:00,294.53,304.03,292.8,293.88,163655089
2020-02-25 05:00:00+00:00,295.26,295.87,284.1,284.92,223245173
2020-02-26 05:00:00+00:00,286.37,289.95,283.19,284.02,198369131
2020-02-27 05:00:00+00:00,278.42,283.98,271.17,271.34,288117319
2020-02-28 05:00:00+00:00,263.14,271.52,260.26,270.01,392482615
2020-03-02 05:00:00+00:00,271.81,281.79,268.39,281.55,241275739
2020-03-03 05:00:00+00:00,282.1,286.06,271.23,273.73,305243992
2020-03-04 05:00:00+00:00,279.02,285.38,276.48,285.34,178853859
2020-03-05 05:00:00+00:00,277.98,281.16,273.45,275.73,188896911
2020-03-06 05:00:00+00:00,267.2,272.33,264.54,271.1,231042459
2020-03-09 04:00:00+00:00,250.93,259.03,249.24,251.86,312908288
2020-03-10 04:00:00+00:00,259.44,262.98,249.29,262.88,278857139
2020-03-11 04:00:00+00:00,255.85,256.98,246.9,249.97,258486370
2020-03-12 04:00:00+00:00,233.34,243.05,225.75,232.64,394824960
2020-03-13 04:00:00+00:00,239.8,247.44,226.52,246.28,328921935
2020-03-16 04:00:00+00:00,219.83,234.16,216.35,219.72,300815897
2020-03-17 04:00:00+00:00,223.35,233.49,216.08,231.69,265602534
2020-03-18 04:00:00+00:00,215.33,226.38,207.83,214.82,329737404
2020-03-19 04:00:00+00:00,218.07,225.48,211.66,219.25,292164236
2020-03-20 04:00:00+00:00,222.36,224.14,209.5,210.32,346965271
2020-03-23 04:00:00+00:00,209.21,210.58,200.11,204.16,328483538
2020-03-24 04:00:00+00:00,214.92,223.8,214.35,221.87,238855181
2020-03-25 04:00:00+00:00,224.5,235.03,219.81,226.26,301441274
2020-03-26 04:00:00+00:00,228.77,240.94,228.34,239.23,260651432
2020-03-27 04:00:00+00:00,232.2,239.12,230.17,232.87,225910512
2020-03-30 04:00:00+00:00,234.43,240.6,232.44,239.81,173415329
2020-03-31 04:00:00+00:00,238.89,241.43,234.91,235.95,199726153
2020-04-01 04:00:00+00:00,227.35,236.23,223.61,225.58,191168322
2020-04-02 04:00:00+00:00,224.8,231.66,224.25,230.98,180209961
2020-04-03 04:00:00+00:00,229.9,232.25,224.82,227.33,135983980
2020-04-06 04:00:00+00:00,236.39,244.79,227.53,242.72,190704663
2020-04-07 04:00:00+00:00,251.4,252.15,242.86,243.12,202333061
2020-04-08 04:00:00+00:00,245.67,253.04,243.19,251.21,156041618
2020-04-09 04:00:00+00:00,254.49,257.81,252.56,255.08,191207283
2020-04-13 04:00:00+00:00,254.09,254.43,248.84,252.71,115990100
2020-04-14 04:00:00+00:00,257.61,261.2,252.6,260.2,135637433
2020-04-15 04:00:00+00:00,254.48,260.32,252.55,254.65,122479542
2020-04-16 04:00:00+00:00,255.93,256.74,252.82,255.76,133521580
2020-04-17 04:00:00+00:00,261.64,263.4,258.91,262.71,148426671
2020-04-20 04:00:00+00:00,259.1,262.94,257.95,258.33,101355962
2020-04-21 04:00:00+00:00,253.71,254.91,249.4,250.45,127506242
2020-04-22 04:00:00+00:00,255.2,257.63,253.88,255.83,95043515
2020-04-23 04:00:00+00:00,257.16,260.32,255.57,255.8,105334118
2020-04-24 04:00:00+00:00,257.38,260.1,255.34,259.36,85986704
2020-04-27 04:00:00+00:00,261.41,264.29,260.95,263.22,79453111
2020-04-28 04:00:00+00:00,266.82,267.16,261.66,261.93,107717695
2020-04-29 04:00:00+00:00,267.29,270.35,266.26,268.77,120029469
2020-04-30 04:00:00+00:00,267.45,268.93,264.59,266.46,125590429
2020-05-01 04:00:00+00:00,261.58,266.48,258.11,259.31,127002350
2020-05-04 04:00:00+00:00,257.39,260.29,255.91,260.0,81813464
2020-05-05 04:00:00+00:00,262.8,265.19,260.12,262.35,80363726
2020-05-06 04:00:00+00:00,264.08,264.47,260.18,260.69,74268760
2020-05-07 04:00:00+00:00,263.82,265.68,263.25,263.77,75995625
2020-05-08 04:00:00+00:00,266.88,268.58,265.75,268.18,77453400
2020-05-11 04:00:00+00:00,266.19,269.55,265.77,268.28,80185487
2020-05-12 04:00:00+00:00,269.35,269.77,262.69,262.72,96646578
2020-05-13 04:00:00+00:00,262.27,263.3,255.76,258.08,145925811
2020-05-14 04:00:00+00:00,255.75,261.4,250.28,261.33,122811653
2020-05-15 04:00:00+00:00,258.88,262.52,257.94,262.48,112236947
2020-05-18 04:00:00+00:00,268.68,272.07,268.36,270.41,121483062
2020-05-19 04:00:00+00:00,269.87,271.57,267.67,267.91,95902732
2020-05-20 04:00:00+00:00,271.22,273.1,270.99,272.33,88554554
2020-05-21 04:00:00+00:00,272.11,272.91,269.26,270.31,79080063
2020-05-22 04:00:00+00:00,270.05,271.04,268.83,270.9,64663504
2020-05-26 04:00:00+00:00,276.82,277.06,270.89,274.31,89907108
2020-05-27 04:00:00+00:00,276.99,278.32,272.18,278.3,105572911
2020-05-28 04:00:00+00:00,279.31,281.32,277.1,277.86,91346714
2020-05-29 04:00:00+00:00,277.3,279.6,274.56,279.16,120799423
2020-06-01 04:00:00+00:00,278.37,280.74,277.85,280.04,57566227
2020-06-02 04:00:00+00:00,281.05,282.5,279.72,282.46,75144357
2020-06-03 04:00:00+00:00,284.44,287.17,284.16,286.13,93420974
2020-06-04 04:00:00+00:00,285.23,286.97,283.37,285.44,76617786
2020-06-05 04:00:00+00:00,290.85,294.55,290.78,292.83,152027977
2020-06-08 04:00:00+00:00,293.59,296.51,293.05,296.27,74473679
2020-06-09 04:00:00+00:00,293.66,296.4,292.8,294.25,78168825
2020-06-10 04:00:00+00:00,294.69,295.58,291.75,292.5,95540117
2020-06-11 04:00:00+00:00,285.56,286.19,275.06,275.68,211170242
2020-06-12 04:00:00+00:00,282.6,283.37,273.76,279.06,195502665
2020-06-15 04:00:00+00:00,273.23,282.64,272.06,281.57,136778520
2020-06-16 04:00:00+00:00,289.24,289.39,282.08,286.74,138268268
2020-06-17 04:00:00+00:00,287.95,288.24,285.0,285.74,83772656
2020-06-18 04:00:00+00:00,284.22,286.33,283.77,285.83,81506001
2020-06-19 04:00:00+00:00,289.31,289.5,282.27,284.12,138791316
2020-06-22 04:00:00+00:00,283.62,286.43,282.47,286.08,75635183
2020-06-23 04:00:00+00:00,288.68,289.61,286.95,287.31,69441123
2020-06-24 04:00:00+00:00,285.33,285.94,278.19,280.14,134448956
2020-06-25 04:00:00+00:00,279.45,283.29,277.44,282.94,90448031
2020-06-26 04:00:00+00:00,281.93,282.14,275.72,276.34,129290930
2020-06-29 04:00:00+00:00,277.56,280.5,275.27,280.46,81216962
2020-06-30 04:00:00+00:00,279.93,285.65,279.78,284.49,116632172
2020-07-01 04:00:00+00:00,285.07,287.21,284.61,285.99,73485424
2020-07-02 04:00:00+00:00,289.37,290.72,286.86,287.48,70466596
2020-07-06 04:00:00+00:00,291.33,292.54,290.59,291.92,62530715
2020-07-07 04:00:00+00:00,290.42,292.39,288.57,288.94,83588153
2020-07-08 04:00:00+00:00,289.71,291.27,287.95,291.14,55444248
2020-07-09 04:00:00+00:00,291.77,292.01,286.09,289.7,84350421
2020-07-10 04:00:00+00:00,289.44,292.72,288.01,292.5,58345670
2020-07-13 04:00:00+00:00,294.8,297.17,289.27,289.9,104203275
2020-07-14 04:00:00+00:00,288.51,294.46,287.31,293.69,94625450
2020-07-15 04:00:00+00:00,296.9,297.48,294.0,296.5,88112557
2020-07-16 04:00:00+00:00,294.48,295.85,293.84,295.47,55079118
2020-07-17 04:00:00+00:00,296.41,297.04,294.43,296.24,64751031
2020-07-20 04:00:00+00:00,295.99,299.4,295.25,298.61,57817013
2020-07-21 04:00:00+00:00,300.62,301.06,298.3,299.19,58132689
2020-07-22 04:00:00+00:00,298.93,301.31,298.82,300.96,58800184
2020-07-23 04:00:00+00:00,300.63,301.33,296.04,297.39,76637748
2020-07-24 04:00:00+00:00,295.55,296.51,293.98,295.51,74375086
2020-07-27 04:00:00+00:00,296.18,297.82,295.39,297.69,49179907
2020-07-28 04:00:00+00:00,296.91,298.03,295.46,295.87,58306358
2020-07-29 04:00:00+00:00,296.63,299.95,296.59,299.29,49357443
2020-07-30 04:00:00+00:00,296.43,298.74,294.34,298.34,62381361
2020-07-31 04:00:00+00:00,300.11,300.78,295.9,300.57,85813672
2020-08-03 04:00:00+00:00,302.34,303.53,301.79,302.66,54271003
2020-08-04 04:00:00+00:00,301.91,303.94,301.91,303.88,42614516
2020-08-05 04:00:00+00:00,305.24,306.09,304.97,305.75,43668799
2020-08-06 04:00:00+00:00,305.25,307.99,304.93,307.86,44795942
2020-08-07 04:00:00+00:00,306.91,308.38,306.0,308.09,57978084
2020-08-10 04:00:00+00:00,308.54,309.2,306.61,309.0,45016105
2020-08-11 04:00:00+00:00,310.19,310.83,305.74,306.48,70722617
2020-08-12 04:00:00+00:00,308.89,311.51,306.5,310.62,54833482
2020-08-13 04:00:00+00:00,309.97,311.48,309.25,310.16,42353803
2020-08-14 04:00:00+00:00,309.79,310.72,309.06,310.19,49678955
2020-08-17 04:00:00+00:00,311.2,311.56,310.19,311.18,36385587
2020-08-18 04:00:00+00:00,311.56,312.26,309.97,311.8,39695332
2020-08-19 04:00:00+00:00,312.22,312.73,309.98,310.45,68705194
2020-08-20 04:00:00+00:00,308.82,311.99,308.69,311.54,42983474
2020-08-21 04:00:00+00:00,311.18,312.84,310.84,312.59,55766135
2020-08-24 04:00:00+00:00,315.05,315.86,312.59,315.76,49930585
2020-08-25 04:00:00+00:00,316.34,316.97,315.18,316.91,39370034
2020-08-26 04:00:00+00:00,317.48,320.33,316.93,320.1,51826891
2020-08-27 04:00:00+00:00,320.93,322.21,319.11,320.77,58859780
2020-08-28 04:00:00+00:00,321.79,322.96,320.6,322.83,48492772
2020-08-31 04:00:00+00:00,322.62,323.5,321.44,322.14,67988740
2020-09-01 04:00:00+00:00,322.5,324.8,321.6,324.77,56368885
2020-09-02 04:00:00+00:00,326.6,330.36,325.46,329.47,70748274
2020-09-03 04:00:00+00:00,327.71,328.18,315.48,318.19,149844547
2020-09-04 04:00:00+00:00,318.74,320.3,308.37,315.26,140401491
2020-09-08 04:00:00+00:00,310.06,315.52,306.54,306.9,117145041
2020-09-09 04:00:00+00:00,310.84,315.36,309.97,312.88,92579171
2020-09-10 04:00:00+00:00,314.77,315.42,306.51,307.69,92367295
2020-09-11 04:00:00+00:00,309.24,310.3,304.81,307.65,85306783
2020-09-14 04:00:00+00:00,310.78,313.44,307.77,311.66,67084086
2020-09-15 04:00:00+00:00,314.12,314.95,311.68,313.2,53890721
2020-09-16 04:00:00+00:00,314.48,315.91,311.73,312.06,82875521
2020-09-17 04:00:00+00:00,307.16,310.97,306.64,309.29,92670080
2020-09-18 04:00:00+00:00,310.07,310.18,303.22,305.81,107478873
2020-09-21 04:00:00+00:00,301.13,302.45,297.46,302.44,101042628
2020-09-22 04:00:00+00:00,303.78,305.93,301.27,305.38,66221849
2020-09-23 04:00:00+00:00,305.93,306.21,297.8,298.2,95922161
2020-09-24 04:00:00+00:00,296.98,302.14,295.67,299.02,79294892
2020-09-25 04:00:00+00:00,298.24,304.71,297.37,303.92,72303635
2020-09-28 04:00:00+00:00,308.08,309.69,307.09,309.03,66266107
2020-09-29 04:00:00+00:00,308.77,309.51,306.6,307.35,53909946
2020-09-30 04:00:00+00:00,307.96,312.77,307.76,309.1,107538916
2020-10-01 04:00:00+00:00,312.21,313.18,309.73,311.55,89588758
2020-10-02 04:00:00+00:00,306.67,311.58,306.2,308.69,90549716
2020-10-05 04:00:00+00:00,310.7,314.31,310.66,314.09,47151802
2020-10-06 04:00:00+00:00,314.26,316.35,309.15,309.68,92106026
2020-10-07 04:00:00+00:00,312.61,315.85,312.58,315.04,58717549
2020-10-08 04:00:00+00:00,316.98,317.91,316.07,317.72,46538493
2020-10-09 04:00:00+00:00,319.49,321.14,318.87,320.57,60439459
2020-10-12 04:00:00+00:00,323.21,327.31,322.72,325.77,82006132
2020-10-13 04:00:00+00:00,325.7,325.87,322.75,323.75,74121382
2020-10-14 04:00:00+00:00,324.29,325.38,320.95,321.68,58775629
2020-10-15 04:00:00+00:00,317.78,321.76,317.24,321.32,61165947
2020-10-16 04:00:00+00:00,322.63,324.29,320.91,321.11,90245234
2020-10-19 04:00:00+00:00,322.34,322.97,315.31,316.32,69408028
2020-10-20 04:00:00+00:00,317.55,320.71,316.79,317.4,61101982
2020-10-21 04:00:00+00:00,317.43,322.38,316.57,316.8,64234703
2020-10-22 04:00:00+00:00,317.08,319.19,314.95,318.64,56780414
2020-10-23 04:00:00+00:00,319.83,319.88,317.24,319.54,49904173
2020-10-26 04:00:00+00:00,316.32,317.1,310.3,313.8,92872147
2020-10-27 04:00:00+00:00,314.12,314.46,312.49,312.8,67210558
2020-10-28 04:00:00+00:00,307.04,312.73,301.52,302.05,130062418
2020-10-29 04:00:00+00:00,302.24,308.24,300.56,305.18,92078044
2020-10-30 04:00:00+00:00,303.51,304.81,298.26,302.04,122788785
2020-11-02 05:00:00+00:00,305.29,307.28,302.55,305.28,87512072
2020-11-03 05:00:00+00:00,308.51,312.73,305.37,310.57,95208191
2020-11-04 05:00:00+00:00,315.14,321.69,313.97,317.73,129169525
2020-11-05 05:00:00+00:00,322.89,325.62,322.54,323.77,83736650
2020-11-06 05:00:00+00:00,323.53,324.99,321.42,323.76,75997846
2020-11-09 05:00:00+00:00,336.51,336.89,327.35,327.86,174005798
2020-11-10 05:00:00+00:00,326.82,328.38,324.06,327.36,86568086
2020-11-11 05:00:00+00:00,329.51,330.58,328.27,329.81,60720853
2020-11-12 05:00:00+00:00,328.75,329.8,324.76,326.68,69919537
2020-11-13 05:00:00+00:00,328.46,331.82,327.95,331.08,64109638
2020-11-16 05:00:00+00:00,333.74,335.41,332.46,335.22,77199383
2020-11-17 05:00:00+00:00,332.81,334.61,331.3,333.6,66815607
2020-11-18 05:00:00+00:00,333.68,334.22,329.36,329.37,72616738
2020-11-19 05:00:00+00:00,328.77,331.16,327.43,330.95,60844851
2020-11-20 05:00:00+00:00,330.53,330.73,328.45,328.54,71042991
2020-11-23 05:00:00+00:00,330.32,331.75,328.09,330.55,64028577
2020-11-24 05:00:00+00:00,333.03,336.36,332.18,335.74,63819779
2020-11-25 05:00:00+00:00,335.73,335.76,334.21,335.14,45948371
2020-11-27 05:00:00+00:00,336.39,336.7,335.22,336.27,29042644
2020-11-30 05:00:00+00:00,335.45,335.72,332.07,334.88,87200943
2020-12-01 05:00:00+00:00,337.99,339.94,337.4,338.24,76822159
2020-12-02 05:00:00+00:00,337.29,339.27,336.72,339.14,47081427
2020-12-03 05:00:00+00:00,339.01,340.41,337.92,339.0,64123777
2020-12-04 05:00:00+00:00,339.61,341.94,339.51,341.88,51459007
2020-12-07 05:00:00+00:00,341.18,341.73,339.98,341.31,50031951
2020-12-08 05:00:00+00:00,339.98,342.8,339.93,342.26,45099196
2020-12-09 05:00:00+00:00,342.9,343.05,338.34,339.1,75525045
2020-12-10 05:00:00+00:00,337.8,340.1,336.93,339.19,59975429
2020-12-11 05:00:00+00:00,337.37,339.07,335.85,338.51,58659075
2020-12-14 05:00:00+00:00,340.83,341.9,336.97,337.37,70722353
2020-12-15 05:00:00+00:00,339.68,341.7,338.31,341.68,65591667
2020-12-16 05:00:00+00:00,341.92,343.16,341.04,342.14,59534034
2020-12-17 05:00:00+00:00,343.88,344.36,343.05,344.11,66592842
2020-12-18 05:00:00+00:00,344.44,344.61,340.77,342.75,143257901
2020-12-21 05:00:00+00:00,338.87,351.4,336.14,341.36,98396728
2020-12-22 05:00:00+00:00,341.88,341.99,339.86,341.03,49425123
2020-12-23 05:00:00+00:00,341.94,343.19,340.96,341.21,47321905
2020-12-24 05:00:00+00:00,341.76,342.64,341.17,342.64,27139624
2020-12-28 05:00:00+00:00,345.16,345.95,344.54,345.6,40460382
2020-12-29 05:00:00+00:00,347.08,347.26,344.31,345.05,54576638
2020-12-30 05:00:00+00:00,345.71,346.42,345.0,345.43,50615419
2020-12-31 05:00:00+00:00,345.19,347.87,344.69,347.49,80927738
2021-01-04 05:00:00+00:00,348.47,348.6,338.73,342.59,111804895
2021-01-05 05:00:00+00:00,341.78,345.86,341.73,344.84,67456696
2021-01-06 05:00:00+00:00,343.27,350.02,342.72,346.71,109080743
2021-01-07 05:00:00+00:00,349.21,352.73,349.03,352.02,70220837
2021-01-08 05:00:00+00:00,353.37,354.21,350.13,354.02,74338260
2021-01-11 05:00:00+00:00,350.83,353.37,350.71,351.62,52148184
2021-01-12 05:00:00+00:00,351.8,352.7,349.45,351.58,53546073
2021-01-13 05:00:00+00:00,351.61,353.63,350.83,352.55,46290159
2021-01-14 05:00:00+00:00,353.37,353.88,351.06,351.51,50821683
2021-01-15 05:00:00+00:00,349.78,350.58,346.98,348.81,109520809
2021-01-19 05:00:00+00:00,351.29,352.11,349.81,351.56,52504155
2021-01-20 05:00:00+00:00,353.86,357.27,353.47,356.35,63340450
2021-01-21 05:00:00+00:00,357.0,357.42,355.84,356.68,48716569
2021-01-22 05:00:00+00:00,354.92,356.66,354.53,355.44,53194026
2021-01-25 05:00:00+00:00,356.23,357.26,351.4,357.04,72021578
2021-01-26 05:00:00+00:00,357.85,358.26,356.11,356.31,44161134
2021-01-27 05:00:00+00:00,353.03,353.12,345.41,347.86,126043890
2021-01-28 05:00:00+00:00,349.45,354.62,349.01,350.52,96130471
2021-01-29 05:00:00+00:00,348.77,349.73,341.94,343.67,129983765
2021-02-01 05:00:00+00:00,347.0,350.36,343.89,349.13,77707586
2021-02-02 05:00:00+00:00,352.5,355.82,349.41,353.99,66494770
2021-02-03 05:00:00+00:00,355.09,356.26,353.27,354.53,53344886
2021-02-04 05:00:00+00:00,355.57,358.62,354.65,358.5,48544535
2021-02-05 05:00:00+00:00,360.44,360.69,358.53,359.91,49890523
2021-02-08 05:00:00+00:00,361.43,362.63,360.58,362.59,39380252
2021-02-09 05:00:00+00:00,361.75,362.94,361.34,362.4,36248491
2021-02-10 05:00:00+00:00,364.08,364.23,359.79,362.27,59678427
2021-02-11 05:00:00+00:00,363.26,363.68,360.35,362.77,43822781
2021-02-12 05:00:00+00:00,361.97,364.8,361.9,364.65,51799016
2021-02-16 05:00:00+00:00,365.79,365.98,363.53,364.32,52716093
2021-02-17 05:00:00+00:00,362.5,364.58,361.49,364.39,54297756
2021-02-18 05:00:00+00:00,361.73,363.52,360.01,362.87,60770152
2021-02-19 05:00:00+00:00,364.03,364.32,361.69,362.16,84807821
2021-02-22 05:00:00+00:00,359.38,361.76,359.08,359.4,69771116
2021-02-23 05:00:00+00:00,357.15,361.13,353.01,359.81,108002754
2021-02-24 05:00:00+00:00,358.7,364.18,357.72,363.82,73663829
2021-02-25 05:00:00+00:00,362.49,363.86,353.55,355.03,148679383
2021-02-26 05:00:00+00:00,356.87,358.01,351.18,352.84,154318347
2021-03-01 05:00:00+00:00,358.02,362.97,353.36,361.58,107534746
2021-03-02 05:00:00+00:00,361.94,362.18,358.4,358.92,81988591
2021-03-03 05:00:00+00:00,358.2,359.17,354.04,354.13,124095342
2021-03-04 05:00:00+00:00,353.96,356.54,345.29,349.74,187163522
2021-03-05 05:00:00+00:00,353.25,357.25,345.99,356.13,154840748
2021-03-08 05:00:00+00:00,357.15,359.96,354.14,354.42,124010149
2021-03-09 05:00:00+00:00,358.26,362.03,354.43,359.45,116544202
2021-03-10 05:00:00+00:00,361.82,363.41,360.41,361.55,111715355
2021-03-11 05:00:00+00:00,364.18,367.36,363.73,365.32,87995511
2021-03-12 05:00:00+00:00,364.03,366.02,363.23,365.83,66408497
2021-03-15 04:00:00+00:00,366.13,368.32,364.0,368.13,76514167
2021-03-16 04:00:00+00:00,368.68,369.38,366.83,367.55,75735745
2021-03-17 04:00:00+00:00,366.32,369.65,365.18,368.81,98853032
2021-03-18 04:00:00+00:00,366.27,368.35,362.81,363.53,118149389
2021-03-19 04:00:00+00:00,363.19,364.76,360.64,362.9,115070074
2021-03-22 04:00:00+00:00,363.33,367.09,363.27,365.67,74744285
2021-03-23 04:00:00+00:00,365.08,366.52,362.05,362.95,91830191
2021-03-24 04:00:00+00:00,364.23,365.86,360.94,361.09,98576266
2021-03-25 04:00:00+00:00,359.55,363.81,357.61,363.04,117324362
2021-03-26 04:00:00+00:00,364.16,369.27,363.57,368.8,116858809
2021-03-29 04:00:00+00:00,367.4,369.58,365.91,368.66,114464450
2021-03-30 04:00:00+00:00,367.41,368.37,366.11,367.67,76954653
2021-03-31 04:00:00+00:00,368.27,370.75,368.24,369.19,114268733
2021-04-01 04:00:00+00:00,371.12,373.24,370.92,373.18,101181097
2021-04-05 04:00:00+00:00,375.84,379.08,375.76,378.54,92971454
2021-04-06 04:00:00+00:00,377.98,379.36,377.64,378.31,63118699
2021-04-07 04:00:00+00:00,378.15,379.1,377.69,378.75,56351333
2021-04-08 04:00:00+00:00,380.0,380.6,379.07,380.55,58807820
2021-04-09 04:00:00+00:00,380.43,383.48,380.31,383.32,62133104
2021-04-12 04:00:00+00:00,382.72,383.73,382.11,383.46,56704900
2021-04-13 04:00:00+00:00,383.35,385.22,382.97,384.59,56550988
2021-04-14 04:00:00+00:00,384.56,385.62,382.74,383.28,62468115
2021-04-15 04:00:00+00:00,385.41,387.67,385.37,387.4,60229843
2021-04-16 04:00:00+00:00,388.68,389.3,387.27,388.69,81977568
2021-04-19 04:00:00+00:00,387.76,388.21,385.46,386.78,78498638
2021-04-20 04:00:00+00:00,385.57,386.67,382.48,383.95,81851828
2021-04-21 04:00:00+00:00,383.33,387.79,383.19,387.58,66792984
2021-04-22 04:00:00+00:00,387.41,388.24,382.98,384.04,98766103
2021-04-23 04:00:00+00:00,384.6,389.61,384.53,388.21,74074953
2021-04-26 04:00:00+00:00,388.86,389.58,388.27,389.02,53597096
2021-04-27 04:00:00+00:00,389.31,389.51,387.8,388.93,52112393
2021-04-28 04:00:00+00:00,389.2,390.32,388.36,388.82,51994369
2021-04-29 04:00:00+00:00,391.54,391.91,387.93,391.3,80506526
2021-04-30 04:00:00+00:00,389.04,389.88,387.83,388.73,87467317
2021-05-03 04:00:00+00:00,390.71,391.09,389.07,389.57,68963710
2021-05-04 04:00:00+00:00,387.58,388.08,383.48,387.16,102684284
2021-05-05 04:00:00+00:00,388.8,389.04,386.53,387.28,61155687
2021-05-06 04:00:00+00:00,387.36,390.51,385.35,390.38,74534968
2021-05-07 04:00:00+00:00,391.14,393.87,390.46,393.22,68913001
2021-05-10 04:00:00+00:00,393.57,393.8,389.2,389.32,82950865
2021-05-11 04:00:00+00:00,384.82,386.84,381.98,385.85,118182209
2021-05-12 04:00:00+00:00,383.07,384.34,376.34,377.65,137078636
2021-05-13 04:00:00+00:00,379.2,384.12,379.15,382.19,106393963
2021-05-14 04:00:00+00:00,384.92,388.9,384.89,388.06,84366746
2021-05-17 04:00:00+00:00,386.95,387.88,385.06,387.03,66193502
2021-05-18 04:00:00+00:00,387.33,387.57,383.58,383.81,61288866
2021-05-19 04:00:00+00:00,379.06,382.91,377.58,382.65,108349346
2021-05-20 04:00:00+00:00,383.6,388.1,383.48,386.73,79754477
2021-05-21 04:00:00+00:00,388.33,389.57,386.07,386.57,77590498
2021-05-24 04:00:00+00:00,388.77,391.54,388.52,390.47,52606963
2021-05-25 04:00:00+00:00,391.55,391.9,389.03,389.69,58365218
2021-05-26 04:00:00+00:00,390.19,390.88,389.16,390.35,43861538
2021-05-27 04:00:00+00:00,391.4,391.91,390.3,390.48,58438340
2021-05-28 04:00:00+00:00,392.15,392.41,391.05,391.42,59768917
2021-06-01 04:00:00+00:00,393.64,393.78,390.5,390.94,55475267
2021-06-02 04:00:00+00:00,391.59,392.39,390.58,391.61,50203715
2021-06-03 04:00:00+00:00,389.24,391.23,387.78,390.15,59499680
2021-06-04 04:00:00+00:00,391.94,393.96,390.16,393.52,57471475
2021-06-07 04:00:00+00:00,393.66,393.83,392.35,393.35,52952730
2021-06-08 04:00:00+00:00,394.14,394.23,391.54,393.39,47948293
2021-06-09 04:00:00+00:00,394.21,394.28,392.56,392.8,49531038
2021-06-10 04:00:00+00:00,394.0,395.56,392.69,394.61,52143649
2021-06-11 04:00:00+00:00,395.16,395.37,393.87,395.26,46822811
2021-06-14 04:00:00+00:00,395.37,396.25,394.13,396.14,43360599
2021-06-15 04:00:00+00:00,396.29,396.33,394.54,395.42,52379036
2021-06-16 04:00:00+00:00,395.56,395.78,391.17,393.21,82346591
2021-06-17 04:00:00+00:00,392.8,394.06,390.61,393.08,92368532
2021-06-18 04:00:00+00:00,389.8,390.49,387.57,387.78,120543104
2021-06-21 04:00:00+00:00,389.53,393.51,388.72,393.33,74576631
2021-06-22 04:00:00+00:00,393.32,396.26,392.6,395.43,59929167
2021-06-23 04:00:00+00:00,395.5,396.31,394.87,394.95,51215292
2021-06-24 04:00:00+00:00,397.09,397.71,396.84,397.29,46318393
2021-06-25 04:00:00+00:00,398.04,399.15,397.71,398.7,59584242
2021-06-28 04:00:00+00:00,399.22,399.67,398.03,399.5,54222023
2021-06-29 04:00:00+00:00,399.89,400.52,399.19,399.72,36655269
2021-06-30 04:00:00+00:00,399.26,400.73,399.23,400.06,66270641
2021-07-01 04:00:00+00:00,400.81,402.43,400.75,402.27,55872224
2021-07-02 04:00:00+00:00,403.43,405.7,402.36,405.35,59750006
2021-07-06 04:00:00+00:00,405.4,405.62,401.88,404.61,69771668
2021-07-07 04:00:00+00:00,405.29,406.32,403.28,406.04,65615176
2021-07-08 04:00:00+00:00,400.73,403.49,399.55,402.73,99397460
2021-07-09 04:00:00+00:00,404.23,407.33,402.54,407.03,77967324
2021-07-12 04:00:00+00:00,406.94,408.74,406.51,408.49,54302361
2021-07-13 04:00:00+00:00,407.7,409.2,406.83,407.09,53702111
2021-07-14 04:00:00+00:00,408.78,409.27,406.46,407.7,65563370
2021-07-15 04:00:00+00:00,406.36,407.04,404.41,406.31,55879338
2021-07-16 04:00:00+00:00,407.49,407.53,402.73,403.12,77170227
2021-07-19 04:00:00+00:00,398.31,403.19,394.36,397.17,149399960
2021-07-20 04:00:00+00:00,397.83,404.13,397.04,402.86,100942167
2021-07-21 04:00:00+00:00,404.06,406.26,402.81,406.12,65894328
2021-07-22 04:00:00+00:00,406.3,407.21,405.32,406.97,48647326
2021-07-23 04:00:00+00:00,408.9,411.49,408.21,411.16,64713928
2021-07-26 04:00:00+00:00,410.57,412.18,410.52,412.17,44352624
2021-07-27 04:00:00+00:00,411.13,411.16,407.47,410.29,68269527
2021-07-28 04:00:00+00:00,410.92,411.49,408.7,410.12,53425144
2021-07-29 04:00:00+00:00,411.04,412.9,411.04,411.82,48198967
2021-07-30 04:00:00+00:00,409.26,411.27,409.13,409.82,70310909
2021-08-02 04:00:00+00:00,411.53,412.08,408.61,408.96,59611884
2021-08-03 04:00:00+00:00,409.76,412.41,407.57,412.29,58824931
2021-08-04 04:00:00+00:00,411.01,412.27,410.03,410.26,47620472
2021-08-05 04:00:00+00:00,411.42,412.94,411.1,412.86,39730739
2021-08-06 04:00:00+00:00,413.18,413.96,412.9,413.54,47572213
2021-08-09 04:00:00+00:00,413.51,413.83,412.44,413.21,42250781
2021-08-10 04:00:00+00:00,413.65,414.43,412.97,413.72,44951196
2021-08-11 04:00:00+00:00,414.78,414.84,413.66,414.75,45383120
2021-08-12 04:00:00+00:00,414.6,416.13,413.7,415.99,39843341
2021-08-13 04:00:00+00:00,416.44,416.77,415.95,416.75,40108966
2021-08-16 04:00:00+00:00,415.45,417.86,413.9,417.73,74631097
2021-08-17 04:00:00+00:00,415.18,415.85,412.01,414.99,94352513
2021-08-18 04:00:00+00:00,413.98,415.54,410.21,410.45,91420225
2021-08-19 04:00:00+00:00,407.73,412.28,407.59,411.08,94479651
2021-08-20 04:00:00+00:00,411.43,414.68,410.94,414.35,73189310
2021-08-23 04:00:00+00:00,416.04,418.91,414.43,418.0,55793374
2021-08-24 04:00:00+00:00,418.66,419.2,418.15,418.66,40179908
2021-08-25 04:00:00+00:00,418.85,420.05,418.48,419.54,41966967
2021-08-26 04:00:00+00:00,419.26,419.49,416.97,417.06,58472550
2021-08-27 04:00:00+00:00,417.87,421.17,417.81,420.79,79706113
2021-08-30 04:00:00+00:00,421.47,423.43,421.22,422.64,49898245
2021-08-31 04:00:00+00:00,422.55,422.89,421.42,422.02,61354794
2021-09-01 04:00:00+00:00,422.95,423.47,422.0,422.24,49472969
2021-09-02 04:00:00+00:00,423.66,424.35,422.35,423.54,43327950
2021-09-03 04:00:00+00:00,422.41,423.95,422.01,423.44,47762540
2021-09-07 04:00:00+00:00,423.09,423.19,421.25,421.92,52416593
2021-09-08 04:00:00+00:00,421.39,422.12,419.49,421.41,56880064
2021-09-09 04:00:00+00:00,421.21,422.96,419.36,419.61,59078822
2021-09-10 04:00:00+00:00,421.53,421.95,416.18,416.3,91228331
2021-09-13 04:00:00+00:00,419.29,419.55,415.06,417.36,84654367
2021-09-14 04:00:00+00:00,418.8,419.01,414.22,415.11,79354474
2021-09-15 04:00:00+00:00,415.53,419.07,414.43,418.58,79886416
2021-09-16 04:00:00+00:00,418.06,419.03,414.97,417.92,78496993
2021-09-17 04:00:00+00:00,417.14,417.57,413.49,413.84,119686123
2021-09-20 04:00:00+00:00,407.73,409.31,402.09,406.94,168323570
2021-09-21 04:00:00+00:00,409.28,410.57,406.03,406.56,93757751
2021-09-22 04:00:00+00:00,408.83,412.56,406.67,410.53,103757135
2021-09-23 04:00:00+00:00,412.39,417.12,412.16,415.51,77755673
2021-09-24 04:00:00+00:00,413.88,416.91,413.67,416.2,63279879
2021-09-27 04:00:00+00:00,415.17,416.33,414.31,415.01,62530917
2021-09-28 04:00:00+00:00,412.24,412.57,405.91,406.64,132369999
2021-09-29 04:00:00+00:00,408.02,409.76,406.77,407.33,83969724
2021-09-30 04:00:00+00:00,408.8,409.5,402.01,402.35,143598796
2021-10-01 04:00:00+00:00,404.08,408.81,400.56,407.13,131035258
2021-10-04 04:00:00+00:00,405.97,406.87,399.74,401.88,130626145
2021-10-05 04:00:00+00:00,403.38,408.3,402.58,406.06,92100880
2021-10-06 04:00:00+00:00,402.47,407.96,400.85,407.75,113897035
2021-10-07 04:00:00+00:00,411.02,414.11,410.84,411.28,73716653
2021-10-08 04:00:00+00:00,412.04,412.43,409.9,410.53,75477568
2021-10-11 04:00:00+00:00,409.87,412.78,407.49,407.55,66278854
2021-10-12 04:00:00+00:00,408.47,408.88,405.76,406.55,71939356
2021-10-13 04:00:00+00:00,407.57,408.83,404.6,408.01,73949659
2021-10-14 04:00:00+00:00,411.67,415.03,411.2,414.88,71905000
2021-10-15 04:00:00+00:00,416.99,418.4,416.37,418.04,67668867
2021-10-18 04:00:00+00:00,416.25,419.61,415.6,419.27,64093511
2021-10-19 04:00:00+00:00,420.9,422.57,420.29,422.51,48371320
2021-10-20 04:00:00+00:00,422.97,424.47,422.85,424.17,50871680
2021-10-21 04:00:00+00:00,423.57,425.5,423.14,425.27,42397570
2021-10-22 04:00:00+00:00,424.84,426.29,422.89,424.83,59430753
2021-10-25 04:00:00+00:00,425.92,427.44,424.15,427.11,46427004
2021-10-26 04:00:00+00:00,428.66,429.87,427.12,427.5,57470445
2021-10-27 04:00:00+00:00,427.95,428.62,425.53,425.6,73588516
2021-10-28 04:00:00+00:00,427.03,429.78,427.02,429.71,52962903
2021-10-29 04:00:00+00:00,427.41,430.87,427.12,430.58,71616663
2021-11-01 04:00:00+00:00,431.56,431.94,429.6,431.32,49942295
2021-11-02 04:00:00+00:00,431.49,433.37,431.36,433.06,50229956
2021-11-03 04:00:00+00:00,432.5,436.11,432.06,435.71,54199665
2021-11-04 04:00:00+00:00,436.31,437.85,435.96,437.76,53760607
2021-11-05 04:00:00+00:00,439.98,441.27,437.77,439.28,67432045
2021-11-08 05:00:00+00:00,440.38,440.87,438.97,439.66,51269918
2021-11-09 05:00:00+00:00,440.02,440.26,436.8,438.2,52049013
2021-11-10 05:00:00+00:00,436.52,438.2,433.2,434.68,70491976
2021-11-11 05:00:00+00:00,436.17,436.24,434.8,434.82,36116860
2021-11-12 05:00:00+00:00,436.08,438.65,435.14,438.1,54909239
2021-11-15 05:00:00+00:00,439.38,439.54,437.12,438.25,48365823
2021-11-16 05:00:00+00:00,437.99,441.11,437.91,439.98,50288743
2021-11-17 05:00:00+00:00,439.72,439.9,438.3,438.92,48931843
2021-11-18 05:00:00+00:00,439.95,440.67,437.23,440.41,51864988
2021-11-19 05:00:00+00:00,440.29,441.54,439.25,439.62,58037857
2021-11-22 05:00:00+00:00,441.49,443.98,438.17,438.38,73773729
2021-11-23 05:00:00+00:00,438.05,439.81,435.46,438.96,74152789
2021-11-24 05:00:00+00:00,436.97,440.26,436.15,440.13,63324418
2021-11-26 05:00:00+00:00,433.48,434.94,429.19,430.32,114062469
2021-11-29 05:00:00+00:00,435.1,437.43,432.91,435.6,88266156
2021-11-30 05:00:00+00:00,433.16,435.06,426.88,427.12,151509808
2021-12-01 05:00:00+00:00,432.82,435.66,422.18,422.38,134806870
2021-12-02 05:00:00+00:00,422.59,430.41,422.2,428.85,130439224
2021-12-03 05:00:00+00:00,430.51,431.56,420.9,425.11,138882255
2021-12-06 05:00:00+00:00,427.65,432.02,425.25,430.15,100786239
2021-12-07 05:00:00+00:00,435.42,439.61,430.02,439.05,98181214
2021-12-08 05:00:00+00:00,439.44,440.66,437.69,440.21,73600326
2021-12-09 05:00:00+00:00,438.92,440.31,437.04,437.24,62433012
2021-12-10 05:00:00+00:00,439.94,441.5,437.39,441.35,78394925
2021-12-13 05:00:00+00:00,440.84,441.18,437.16,437.46,89029534
2021-12-14 05:00:00+00:00,434.18,436.67,431.52,434.43,98550028
2021-12-15 05:00:00+00:00,434.49,441.47,431.98,441.22,119062600
2021-12-16 05:00:00+00:00,443.07,443.35,435.78,437.33,118519493
2021-12-17 05:00:00+00:00,434.26,437.26,430.98,432.68,137700311
2021-12-20 05:00:00+00:00,427.61,428.47,424.47,428.08,108827152
2021-12-21 05:00:00+00:00,431.49,435.82,429.33,435.68,72205719
2021-12-22 05:00:00+00:00,435.43,440.15,435.23,440.04,60487971
2021-12-23 05:00:00+00:00,441.03,444.27,440.93,442.78,57599846
2021-12-27 05:00:00+00:00,444.15,449.09,444.1,449.04,58274737
2021-12-28 05:00:00+00:00,449.47,450.5,447.91,448.67,48323486
2021-12-29 05:00:00+00:00,448.78,450.26,447.78,449.25,55502324
2021-12-30 05:00:00+00:00,449.67,450.68,447.55,448.01,56438446
2021-12-31 05:00:00+00:00,447.52,448.66,446.6,446.88,67217721
2022-01-03 05:00:00+00:00,448.14,449.6,445.83,449.46,74528525
2022-01-04 05:00:00+00:00,450.89,451.6,447.46,449.31,72231283
2022-01-05 05:00:00+00:00,448.95,449.72,440.59,440.69,104678064
2022-01-06 05:00:00+00:00,440.23,442.98,437.91,440.27,87839262
2022-01-07 05:00:00+00:00,440.28,441.46,437.18,438.53,86364246
2022-01-10 05:00:00+00:00,435.34,438.2,429.6,437.99,120649890
2022-01-11 05:00:00+00:00,437.72,442.07,434.73,441.96,75431095
2022-01-12 05:00:00+00:00,443.71,445.22,441.21,443.17,68702010
2022-01-13 05:00:00+00:00,444.27,444.92,436.04,437.06,93589296
2022-01-14 05:00:00+00:00,433.92,437.59,432.71,437.24,97790736
2022-01-18 05:00:00+00:00,432.56,432.76,428.39,429.5,111733633
2022-01-19 05:00:00+00:00,431.04,432.44,424.77,425.04,111279125
2022-01-20 05:00:00+00:00,426.92,431.62,418.22,420.34,125194304
2022-01-21 05:00:00+00:00,419.22,421.57,412.06,412.08,204630712
2022-01-24 05:00:00+00:00,406.49,414.34,395.88,413.83,254361526
2022-01-25 05:00:00+00:00,407.45,413.72,401.89,408.78,170145104
2022-01-26 05:00:00+00:00,414.66,417.79,403.5,407.76,188214247
2022-01-27 05:00:00+00:00,412.35,415.48,404.06,405.74,151882702
2022-01-28 05:00:00+00:00,407.1,415.87,402.52,415.82,166791322
2022-01-31 05:00:00+00:00,415.15,423.66,413.81,423.31,155582114
2022-02-01 05:00:00+00:00,424.03,426.81,420.51,426.17,125134995
2022-02-02 05:00:00+00:00,428.57,431.03,426.26,430.31,119044971
2022-02-03 05:00:00+00:00,424.29,426.19,419.36,420.19,120198289
2022-02-04 05:00:00+00:00,419.96,426.01,417.59,422.17,120819408
2022-02-07 05:00:00+00:00,422.93,424.32,419.49,420.82,86449092
2022-02-08 05:00:00+00:00,420.32,425.2,418.9,424.28,83185793
2022-02-09 05:00:00+00:00,428.3,430.81,428.1,430.49,95013879
2022-02-10 05:00:00+00:00,424.65,430.65,420.76,422.75,142919007
2022-02-11 05:00:00+00:00,422.84,424.9,412.99,414.42,156004637
2022-02-14 05:00:00+00:00,413.91,415.49,409.6,413.06,125379755
2022-02-15 05:00:00+00:00,417.49,419.89,416.98,419.72,91232544
2022-02-16 05:00:00+00:00,417.68,421.56,415.81,420.19,84978171
2022-02-17 05:00:00+00:00,417.01,420.16,410.62,411.22,102416116
2022-02-18 05:00:00+00:00,411.47,412.72,406.29,408.56,132619100
2022-02-22 05:00:00+00:00,406.35,409.75,400.68,404.17,126971668
2022-02-23 05:00:00+00:00,407.08,407.64,396.44,397.11,132864067
2022-02-24 05:00:00+00:00,386.72,403.41,386.36,402.68,220033458
2022-02-25 05:00:00+00:00,404.21,411.95,402.56,411.87,123640399
2022-02-28 05:00:00+00:00,406.49,412.29,405.23,410.81,149221337
2022-03-01 05:00:00+00:00,409.32,411.32,401.86,404.56,139991559
2022-03-02 05:00:00+00:00,406.81,413.72,406.05,412.0,120234911
2022-03-03 05:00:00+00:00,414.43,415.03,408.15,409.95,105501865
2022-03-04 05:00:00+00:00,406.22,407.75,402.58,406.62,113974262
2022-03-07 05:00:00+00:00,406.03,406.74,394.56,394.63,138047941
2022-03-08 05:00:00+00:00,394.81,401.95,390.58,391.64,167638902
2022-03-09 05:00:00+00:00,400.0,404.11,397.82,402.14,117271076
2022-03-10 05:00:00+00:00,397.54,401.22,395.58,400.32,95329689
2022-03-11 05:00:00+00:00,402.81,403.42,394.72,395.23,95687775
2022-03-14 04:00:00+00:00,396.0,399.45,391.21,392.34,95874528
2022-03-15 04:00:00+00:00,394.95,401.6,393.68,400.97,108235310
2022-03-16 04:00:00+00:00,404.47,409.92,399.68,409.86,144954949
2022-03-17 04:00:00+00:00,407.95,414.99,407.58,414.99,104062578
2022-03-18 04:00:00+00:00,413.38,419.86,412.65,419.54,106542902
2022-03-21 04:00:00+00:00,419.37,421.37,415.91,419.41,88839174
2022-03-22 04:00:00+00:00,420.8,425.26,420.8,424.32,76931148
2022-03-23 04:00:00+00:00,421.79,423.28,418.77,418.86,81316132
2022-03-24 04:00:00+00:00,420.88,425.18,419.76,425.17,64917269
2022-03-25 04:00:00+00:00,425.8,427.52,423.23,427.25,77990305
2022-03-28 04:00:00+00:00,426.65,430.29,424.76,430.22,71058111
2022-03-29 04:00:00+00:00,434.17,436.1,431.48,435.59,91635758
2022-03-30 04:00:00+00:00,434.47,435.27,430.81,433.0,82462768
2022-03-31 04:00:00+00:00,432.15,432.98,425.8,426.26,121830006
2022-04-01 04:00:00+00:00,427.83,427.97,423.9,427.46,90526299
2022-04-04 04:00:00+00:00,427.66,431.23,426.84,431.13,61390954
2022-04-05 04:00:00+00:00,429.63,432.1,424.54,425.68,75760010
2022-04-06 04:00:00+00:00,421.77,423.7,418.55,421.42,107084639
2022-04-07 04:00:00+00:00,420.55,425.36,418.6,423.55,78235837
2022-04-08 04:00:00+00:00,422.79,425.3,420.88,422.41,79354344
2022-04-11 04:00:00+00:00,419.15,419.99,414.69,415.19,92393812
2022-04-12 04:00:00+00:00,418.18,420.7,412.11,413.66,85677975
2022-04-13 04:00:00+00:00,413.41,419.15,413.23,418.39,75731466
2022-04-14 04:00:00+00:00,418.62,419.73,413.08,413.18,100061421
2022-04-18 04:00:00+00:00,412.26,415.03,411.13,413.35,67080101
2022-04-19 04:00:00+00:00,413.25,420.74,413.08,420.03,79209141
2022-04-20 04:00:00+00:00,421.8,422.41,418.55,419.72,66224261
2022-04-21 04:00:00+00:00,423.33,424.72,412.53,413.44,86898329
2022-04-22 04:00:00+00:00,412.35,413.46,401.53,402.09,134318097
2022-04-25 04:00:00+00:00,399.86,404.6,395.3,404.43,121150668
2022-04-26 04:00:00+00:00,401.9,402.09,392.69,392.71,104173893
2022-04-27 04:00:00+00:00,393.79,399.15,391.68,393.82,122342063
2022-04-28 04:00:00+00:00,398.56,405.49,394.13,403.77,107789356
2022-04-29 04:00:00+00:00,399.78,401.93,388.1,388.84,148702518
2022-05-02 04:00:00+00:00,388.91,392.54,382.26,391.18,160312749
2022-05-03 04:00:00+00:00,391.68,395.38,390.13,392.98,102021088
2022-05-04 04:00:00+00:00,393.64,405.51,390.46,404.95,146219632
2022-05-05 04:00:00+00:00,400.69,401.11,386.43,390.55,175971084
2022-05-06 04:00:00+00:00,387.99,391.49,382.93,388.22,153284691
2022-05-09 04:00:00+00:00,382.33,383.57,374.22,375.79,155879661
2022-05-10 04:00:00+00:00,381.76,383.26,372.63,376.66,135027626
2022-05-11 04:00:00+00:00,375.7,381.33,369.93,370.68,144045270
2022-05-12 04:00:00+00:00,367.49,373.55,363.5,370.29,126713465
2022-05-13 04:00:00+00:00,374.41,380.52,373.38,379.14,104349084
2022-05-16 04:00:00+00:00,377.5,381.27,375.25,377.6,80100945
2022-05-17 04:00:00+00:00,383.68,385.61,379.96,385.37,83226741
2022-05-18 04:00:00+00:00,380.82,381.1,368.6,369.84,117836734
2022-05-19 04:00:00+00:00,366.78,371.99,365.35,367.57,99939615
2022-05-20 04:00:00+00:00,371.15,374.72,359.15,367.73,131446436
2022-05-23 04:00:00+00:00,370.75,375.38,368.44,374.61,76648121
2022-05-24 04:00:00+00:00,370.5,372.94,365.21,371.75,92541551
2022-05-25 04:00:00+00:00,370.26,377.0,369.86,375.04,92887420
2022-05-26 04:00:00+00:00,376.26,384.16,376.06,382.53,83804711
2022-05-27 04:00:00+00:00,384.98,392.03,384.79,391.92,87207078
2022-05-31 04:00:00+00:00,390.31,393.05,386.98,389.72,97389986
2022-06-01 04:00:00+00:00,391.84,392.85,384.06,386.57,87995482
2022-06-02 04:00:00+00:00,386.41,393.98,384.16,393.88,81695452
2022-06-03 04:00:00+00:00,389.22,390.77,386.49,387.47,72004446
2022-06-06 04:00:00+00:00,391.47,393.19,387.48,388.65,58402477
2022-06-07 04:00:00+00:00,385.16,392.83,384.7,392.37,59483946
2022-06-08 04:00:00+00:00,390.67,392.45,387.32,388.11,65642329
2022-06-09 04:00:00+00:00,386.33,388.6,378.88,378.88,88177354
2022-06-10 04:00:00+00:00,372.69,373.53,367.84,367.89,135486175
2022-06-13 04:00:00+00:00,358.5,360.35,352.32,353.92,173443346
2022-06-14 04:00:00+00:00,355.67,356.7,349.76,352.86,105591082
2022-06-15 04:00:00+00:00,356.15,362.32,351.21,357.89,128798622
2022-06-16 04:00:00+00:00,349.69,350.09,343.62,346.04,138951395
2022-06-17 04:00:00+00:00,346.46,350.13,343.29,346.79,111452712
2022-06-21 04:00:00+00:00,352.5,356.9,352.43,355.52,79074527
2022-06-22 04:00:00+00:00,351.3,358.98,350.88,354.87,91634199
2022-06-23 04:00:00+00:00,357.01,359.08,353.45,358.35,80303462
2022-06-24 04:00:00+00:00,361.52,369.76,361.49,369.75,98013848
2022-06-27 04:00:00+00:00,370.67,370.96,367.24,368.33,67337838
2022-06-28 04:00:00+00:00,369.89,372.67,360.69,360.81,88649297
2022-06-29 04:00:00+00:00,361.36,362.34,358.69,360.51,65793757
2022-06-30 04:00:00+00:00,356.63,360.82,353.14,357.59,114444484
2022-07-01 04:00:00+00:00,356.93,361.8,354.31,361.37,76230298
2022-07-05 04:00:00+00:00,356.29,362.07,353.46,362.05,81666726
2022-07-06 04:00:00+00:00,362.19,365.76,359.81,363.27,71417341
2022-07-07 04:00:00+00:00,365.04,369.51,363.29,368.71,66586715
2022-07-08 04:00:00+00:00,367.08,370.28,365.56,368.41,73126115
2022-07-11 04:00:00+00:00,365.74,366.7,363.51,364.2,60196162
2022-07-12 04:00:00+00:00,363.65,366.03,359.23,360.98,63304211
2022-07-13 04:00:00+00:00,355.55,362.01,355.13,359.08,85453239
2022-07-14 04:00:00+00:00,354.13,359.29,351.7,358.21,91022894
2022-07-15 04:00:00+00:00,362.61,365.17,360.7,365.05,80721517
2022-07-18 04:00:00+00:00,368.13,368.81,360.82,362.04,64573224
2022-07-19 04:00:00+00:00,365.95,372.39,365.3,371.82,80462808
2022-07-20 04:00:00+00:00,372.01,375.6,370.65,374.19,72028992
2022-07-21 04:00:00+00:00,373.61,378.05,371.22,378.0,65044042
2022-07-22 04:00:00+00:00,378.13,379.32,372.28,374.5,73212677
2022-07-25 04:00:00+00:00,375.12,375.8,372.71,374.95,54460198
2022-07-26 04:00:00+00:00,373.31,373.52,369.62,370.51,54110744
2022-07-27 04:00:00+00:00,373.8,381.88,373.51,380.13,84389399
2022-07-28 04:00:00+00:00,380.94,385.59,377.4,384.87,75478050
2022-07-29 04:00:00+00:00,386.33,391.5,385.57,390.51,88654585
2022-08-01 04:00:00+00:00,387.82,391.86,387.11,389.36,71138117
2022-08-02 04:00:00+00:00,387.79,391.47,385.61,386.79,64549577
2022-08-03 04:00:00+00:00,388.91,394.01,388.63,392.85,69189866
2022-08-04 04:00:00+00:00,392.77,393.45,390.94,392.58,46473255
2022-08-05 04:00:00+00:00,388.31,392.56,388.25,391.92,57663233
2022-08-08 04:00:00+00:00,393.6,395.85,390.36,391.46,54800278
2022-08-09 04:00:00+00:00,390.73,391.23,388.84,389.91,45025319
2022-08-10 04:00:00+00:00,396.95,398.24,395.0,398.1,70131594
2022-08-11 04:00:00+00:00,400.94,402.8,397.36,398.1,60543614
2022-08-12 04:00:00+00:00,400.03,404.94,399.08,404.84,62922310
2022-08-15 04:00:00+00:00,402.62,407.03,402.57,406.5,54947334
2022-08-16 04:00:00+00:00,405.43,409.23,404.63,407.3,60027042
2022-08-17 04:00:00+00:00,403.71,407.11,402.41,404.41,64678140
2022-08-18 04:00:00+00:00,404.61,406.27,403.32,405.59,49133661
2022-08-19 04:00:00+00:00,402.83,403.09,399.26,400.14,69269902
2022-08-22 04:00:00+00:00,395.31,395.48,390.9,391.8,79484165
2022-08-23 04:00:00+00:00,391.38,393.77,390.31,390.86,49771778
2022-08-24 04:00:00+00:00,390.63,393.47,389.95,392.11,50531686
2022-08-25 04:00:00+00:00,393.59,397.69,392.5,397.64,51062473
2022-08-26 04:00:00+00:00,397.53,398.07,384.13,384.18,105714602
2022-08-29 04:00:00+00:00,381.23,384.68,380.29,381.64,66499372
2022-08-30 04:00:00+00:00,382.8,383.04,375.36,377.45,87190352
2022-08-31 04:00:00+00:00,379.08,380.32,374.45,374.58,77635142
2022-09-01 04:00:00+00:00,372.41,376.1,369.71,375.76,80204169
2022-09-02 04:00:00+00:00,379.41,380.62,369.98,371.79,101452968
2022-09-06 04:00:00+00:00,372.64,373.58,368.17,370.39,77511258
2022-09-07 04:00:00+00:00,370.08,377.81,369.86,377.04,73982489
2022-09-08 04:00:00+00:00,374.78,379.96,373.58,379.51,82038578
2022-09-09 04:00:00+00:00,381.75,386.27,381.48,385.41,79609462
2022-09-12 04:00:00+00:00,387.47,390.27,387.17,389.55,70935353
2022-09-13 04:00:00+00:00,380.88,382.09,371.49,372.61,127102562
2022-09-14 04:00:00+00:00,373.91,375.55,370.73,374.03,85900310
2022-09-15 04:00:00+00:00,372.48,375.32,368.51,369.78,89118469
2022-09-16 04:00:00+00:00,365.61,367.62,363.68,366.96,105150204
2022-09-19 04:00:00+00:00,363.82,369.81,363.75,369.81,74700086
2022-09-20 04:00:00+00:00,366.49,367.5,362.81,365.56,78403121
2022-09-21 04:00:00+00:00,367.49,370.53,359.18,359.19,106950971
2022-09-22 04:00:00+00:00,358.42,360.05,355.43,356.17,90697405
2022-09-23 04:00:00+00:00,352.71,352.74,345.77,350.2,123734270
2022-09-26 04:00:00+00:00,348.74,352.35,345.52,346.74,93929206
2022-09-27 04:00:00+00:00,350.27,352.53,343.46,345.85,108682037
2022-09-28 04:00:00+00:00,346.81,354.34,345.11,352.66,113902548
2022-09-29 04:00:00+00:00,349.12,349.4,342.35,345.29,115299507
2022-09-30 04:00:00+00:00,344.35,348.26,339.82,339.95,156959533
2022-10-03 04:00:00+00:00,343.66,350.77,341.88,348.93,92907273
2022-10-04 04:00:00+00:00,354.44,359.77,348.89,359.74,107566221
2022-10-05 04:00:00+00:00,355.38,361.16,353.06,358.9,89081904
2022-10-06 04:00:00+00:00,357.5,360.45,354.7,355.2,84084215
2022-10-07 04:00:00+00:00,351.17,355.29,343.53,345.29,110845119
2022-10-10 04:00:00+00:00,346.41,346.64,340.42,342.66,77136053
2022-10-11 04:00:00+00:00,340.96,345.52,338.55,340.49,93767440
2022-10-12 04:00:00+00:00,340.89,342.46,339.11,339.36,78063648
2022-10-13 04:00:00+00:00,332.36,349.78,331.32,348.32,151012977
2022-10-14 04:00:00+00:00,350.77,352.4,339.74,340.38,126393363
2022-10-17 04:00:00+00:00,346.45,350.23,340.05,349.13,96144971
2022-10-18 04:00:00+00:00,357.04,357.34,349.79,353.23,98962943
2022-10-19 04:00:00+00:00,351.19,353.91,347.92,350.73,81191329
2022-10-20 04:00:00+00:00,350.28,354.7,347.02,347.79,89795566
2022-10-21 04:00:00+00:00,347.51,356.72,346.01,356.24,134419474
2022-10-24 04:00:00+00:00,357.76,361.73,355.11,360.6,87697246
2022-10-25 04:00:00+00:00,360.52,366.67,360.41,366.35,80716012
2022-10-26 04:00:00+00:00,363.21,368.89,362.96,363.59,104989718
2022-10-27 04:00:00+00:00,364.59,366.43,361.03,361.65,83114489
2022-10-28 04:00:00+00:00,361.55,370.73,361.37,370.26,103100112
2022-10-31 04:00:00+00:00,367.8,369.67,366.68,367.58,97000212
2022-11-01 04:00:00+00:00,371.32,371.56,364.8,365.97,85675227
2022-11-02 04:00:00+00:00,365.38,369.89,356.68,356.79,129869586
2022-11-03 04:00:00+00:00,353.55,356.15,351.0,353.12,87348809
2022-11-04 04:00:00+00:00,358.82,360.6,352.15,358.2,106018690
2022-11-07 05:00:00+00:00,359.49,362.21,357.42,361.62,68286947
2022-11-08 05:00:00+00:00,362.73,366.54,359.5,363.58,84641062
2022-11-09 05:00:00+00:00,361.61,362.76,355.59,356.08,78495470
2022-11-10 05:00:00+00:00,369.33,375.99,367.04,375.65,141455847
2022-11-11 05:00:00+00:00,376.51,380.09,374.63,379.29,93752318
2022-11-14 05:00:00+00:00,377.53,380.88,375.79,376.06,71893165
2022-11-15 05:00:00+00:00,381.8,382.91,375.46,379.27,93194452
2022-11-16 05:00:00+00:00,377.64,378.59,375.75,376.38,68508454
2022-11-17 05:00:00+00:00,371.63,375.9,371.32,375.22,74496255
2022-11-18 05:00:00+00:00,378.56,378.62,374.08,376.93,92769313
2022-11-21 05:00:00+00:00,375.61,376.73,373.72,375.56,51243189
2022-11-22 05:00:00+00:00,377.5,380.77,376.09,380.61,60429025
2022-11-23 05:00:00+00:00,380.28,383.5,380.05,383.01,68261628
2022-11-25 05:00:00+00:00,382.45,383.48,382.17,382.92,30545434
2022-11-28 05:00:00+00:00,379.84,381.48,376.05,376.81,68021749
2022-11-29 05:00:00+00:00,376.95,378.14,374.33,376.17,52310039
2022-11-30 05:00:00+00:00,376.41,388.02,374.5,388.02,144566653
2022-12-01 05:00:00+00:00,389.05,390.22,385.23,387.73,76398170
2022-12-02 05:00:00+00:00,382.85,388.19,382.74,387.28,85266739
2022-12-05 05:00:00+00:00,384.47,385.4,378.97,380.32,77289815
2022-12-06 05:00:00+00:00,380.16,380.7,372.75,374.83,77972217
2022-12-07 05:00:00+00:00,373.99,376.56,373.06,374.2,65927896
2022-12-08 05:00:00+00:00,376.08,378.19,374.3,377.13,60737912
2022-12-09 05:00:00+00:00,375.89,378.44,374.19,374.31,81353584
2022-12-12 05:00:00+00:00,375.1,379.71,374.44,379.71,75405835
2022-12-13 05:00:00+00:00,390.43,390.69,379.82,382.58,123782534
2022-12-14 05:00:00+00:00,382.24,385.94,377.2,380.14,108111349
2022-12-15 05:00:00+00:00,375.28,376.19,369.18,370.84,117705889
2022-12-16 05:00:00+00:00,368.29,369.62,364.33,366.46,118935616
2022-12-19 05:00:00+00:00,366.65,366.99,361.69,363.35,79878103
2022-12-20 05:00:00+00:00,362.6,365.47,361.28,363.85,74427240
2022-12-21 05:00:00+00:00,366.44,370.42,365.9,369.29,78167369
2022-12-22 05:00:00+00:00,366.25,369.27,358.33,364.02,100120855
2022-12-23 05:00:00+00:00,363.0,366.26,361.45,366.12,59746356
2022-12-27 05:00:00+00:00,366.0,366.34,363.0,364.67,51638180
2022-12-28 05:00:00+00:00,364.6,366.57,359.91,360.14,70911520
2022-12-29 05:00:00+00:00,362.98,367.49,362.45,366.62,66970877
2022-12-30 05:00:00+00:00,363.94,365.8,361.83,365.66,83957691
2023-01-03 05:00:00+00:00,367.51,369.48,361.26,364.12,74850731
2023-01-04 05:00:00+00:00,366.37,368.95,363.33,366.93,85934098
2023-01-05 05:00:00+00:00,364.98,365.09,362.15,362.74,76970456
2023-01-06 05:00:00+00:00,365.83,372.18,362.77,371.06,104026233
2023-01-09 05:00:00+00:00,373.25,376.43,370.67,370.85,73978071
2023-01-10 05:00:00+00:00,370.26,373.52,369.33,373.45,65358094
2023-01-11 05:00:00+00:00,375.03,378.25,374.21,378.17,68881080
2023-01-12 05:00:00+00:00,379.27,381.01,375.21,379.55,90157699
2023-01-13 05:00:00+00:00,376.36,381.6,376.09,381.02,63859516
2023-01-17 05:00:00+00:00,381.0,382.68,379.64,380.32,62677281
2023-01-18 05:00:00+00:00,381.51,382.57,374.12,374.32,99632262
2023-01-19 05:00:00+00:00,372.28,373.93,370.27,371.59,86958919
2023-01-20 05:00:00+00:00,372.99,378.67,371.35,378.52,91540638
2023-01-23 05:00:00+00:00,379.32,384.98,378.36,383.06,84178797
2023-01-24 05:00:00+00:00,381.38,383.56,380.2,382.65,59524911
2023-01-25 05:00:00+00:00,378.58,383.12,376.3,382.79,84800251
2023-01-26 05:00:00+00:00,385.45,387.16,382.48,387.0,72287425
2023-01-27 05:00:00+00:00,385.95,390.26,385.74,387.89,68270538
2023-01-30 05:00:00+00:00,385.13,387.36,382.72,383.02,74202018
2023-01-31 05:00:00+00:00,383.54,388.7,383.19,388.65,86811786
2023-02-01 05:00:00+00:00,387.44,395.53,384.7,392.78,101459155
2023-02-02 05:00:00+00:00,396.66,399.96,394.77,398.5,101654463
2023-02-03 05:00:00+00:00,393.54,398.68,393.06,394.26,94630250
2023-02-06 05:00:00+00:00,391.82,393.25,390.2,391.85,60295325
2023-02-07 05:00:00+00:00,390.94,398.22,389.69,396.98,90990745
2023-02-08 05:00:00+00:00,395.01,396.35,391.95,392.64,76227462
2023-02-09 05:00:00+00:00,396.23,396.39,388.01,389.23,78694859
2023-02-10 05:00:00+00:00,388.06,390.53,387.25,390.14,70726597
2023-02-13 05:00:00+00:00,390.79,394.86,390.33,394.72,64913539
2023-02-14 05:00:00+00:00,393.2,396.85,390.59,394.54,88389313
2023-02-15 05:00:00+00:00,392.35,395.9,391.51,395.82,61685279
2023-02-16 05:00:00+00:00,390.86,394.8,390.24,390.37,76431469
2023-02-17 05:00:00+00:00,388.25,389.64,386.33,389.4,89166502
2023-02-21 05:00:00+00:00,385.38,386.43,381.33,381.59,82655924
2023-02-22 05:00:00+00:00,382.0,383.54,379.61,381.06,83742293
2023-02-23 05:00:00+00:00,383.95,384.56,378.87,383.09,96242399
2023-02-24 05:00:00+00:00,378.08,379.83,376.37,378.99,108144871
2023-02-27 05:00:00+00:00,382.33,383.69,379.35,380.29,80444736
2023-02-28 05:00:00+00:00,379.81,381.77,378.77,378.88,96438567
2023-03-01 05:00:00+00:00,378.07,379.29,376.13,377.43,99706823
2023-03-02 05:00:00+00:00,375.46,381.2,375.12,380.36,85404726
2023-03-03 05:00:00+00:00,382.18,386.71,381.53,386.46,90032260
2023-03-06 05:00:00+00:00,387.28,389.58,386.29,386.73,72795946
2023-03-07 05:00:00+00:00,386.68,386.92,380.18,380.8,108310596
2023-03-08 05:00:00+00:00,380.92,382.18,379.2,381.42,74746632
2023-03-09 05:00:00+00:00,382.21,383.87,373.4,374.39,111945322
2023-03-10 05:00:00+00:00,373.84,375.92,367.46,368.98,189443810
2023-03-13 04:00:00+00:00,365.06,373.27,363.95,368.46,157748594
2023-03-14 04:00:00+00:00,373.37,376.19,370.07,374.55,149752357
2023-03-15 04:00:00+00:00,368.96,372.41,366.88,372.21,172976539
2023-03-16 04:00:00+00:00,369.85,379.08,369.35,378.74,143753940
2023-03-17 04:00:00+00:00,377.41,378.54,372.93,374.31,140069974
2023-03-20 04:00:00+00:00,375.09,378.32,374.38,377.91,93055783
2023-03-21 04:00:00+00:00,381.27,383.35,379.67,382.87,91524248
2023-03-22 04:00:00+00:00,382.7,386.31,376.3,376.34,111746583
2023-03-23 04:00:00+00:00,379.2,383.23,374.65,377.36,119351319
2023-03-24 04:00:00+00:00,376.08,379.92,373.74,379.84,107684280
2023-03-27 04:00:00+00:00,382.11,382.88,379.65,380.55,74010408
2023-03-28 04:00:00+00:00,379.86,380.55,377.86,379.69,62871680
2023-03-29 04:00:00+00:00,383.84,385.45,382.65,385.21,77497876
2023-03-30 04:00:00+00:00,387.84,388.09,385.6,387.47,69840049
2023-03-31 04:00:00+00:00,388.39,393.23,388.28,392.93,111956715
2023-04-03 04:00:00+00:00,392.41,394.83,392.02,394.43,67391097
2023-04-04 04:00:00+00:00,395.07,395.36,390.86,392.24,66601534
2023-04-05 04:00:00+00:00,391.51,392.27,389.56,391.21,65200243
2023-04-06 04:00:00+00:00,390.41,393.01,389.37,392.74,63743345
2023-04-10 04:00:00+00:00,390.26,393.22,389.65,393.14,63681042
2023-04-11 04:00:00+00:00,393.76,394.65,392.48,393.24,59297945
2023-04-12 04:00:00+00:00,395.31,395.6,391.06,391.64,86420379
2023-04-13 04:00:00+00:00,392.73,397.2,391.59,396.84,85814754
2023-04-14 04:00:00+00:00,396.21,398.4,393.57,395.87,78135828
2023-04-17 04:00:00+00:00,395.79,397.31,394.55,397.29,66424139
2023-04-18 04:00:00+00:00,398.87,399.0,396.18,397.55,63559997
2023-04-19 04:00:00+00:00,395.64,398.39,395.59,397.49,55227330
2023-04-20 04:00:00+00:00,394.67,397.06,393.77,395.32,75840359
2023-04-21 04:00:00+00:00,395.62,396.09,393.68,395.62,73434638
2023-04-24 04:00:00+00:00,395.42,396.46,394.09,396.04,64332095
2023-04-25 04:00:00+00:00,394.07,394.63,389.69,389.75,97766721
2023-04-26 04:00:00+00:00,390.37,391.44,387.54,388.1,80447049
2023-04-27 04:00:00+00:00,390.63,396.1,390.38,395.83,92968369
2023-04-28 04:00:00+00:00,394.94,399.21,394.89,399.2,89312589
2023-05-01 04:00:00+00:00,398.76,400.83,398.57,398.8,62122254
2023-05-02 04:00:00+00:00,398.09,398.14,391.42,394.32,103998484
2023-05-03 04:00:00+00:00,394.82,397.23,391.37,391.61,91531769
2023-05-04 04:00:00+00:00,390.57,390.89,387.51,388.84,94901863
2023-05-05 04:00:00+00:00,392.47,397.08,392.21,396.04,87832433
2023-05-08 04:00:00+00:00,396.36,396.62,394.74,396.14,50046768
2023-05-09 04:00:00+00:00,394.6,395.52,394.18,394.41,49220119
2023-05-10 04:00:00+00:00,397.24,397.87,392.43,396.25,96142922
2023-05-11 04:00:00+00:00,395.38,395.85,393.48,395.56,70157064
2023-05-12 04:00:00+00:00,396.8,397.01,392.62,395.04,70441226
2023-05-15 04:00:00+00:00,395.64,396.81,393.73,396.4,54289383
2023-05-16 04:00:00+00:00,395.3,396.22,393.74,393.75,57705495
2023-05-17 04:00:00+00:00,395.77,399.13,394.12,398.53,87286957
2023-05-18 04:00:00+00:00,398.22,402.79,398.0,402.37,97177195
2023-05-19 04:00:00+00:00,403.27,403.8,400.57,401.79,103625186
2023-05-22 04:00:00+00:00,401.81,403.49,400.57,401.95,60745399
2023-05-23 04:00:00+00:00,400.31,401.88,397.05,397.44,86383493
2023-05-24 04:00:00+00:00,395.84,396.22,393.4,394.56,89213678
2023-05-25 04:00:00+00:00,398.06,399.43,395.83,397.98,90961606
2023-05-26 04:00:00+00:00,398.63,403.85,398.55,403.13,93687752
2023-05-30 04:00:00+00:00,405.06,405.59,401.9,403.28,72215960
2023-05-31 04:00:00+00:00,401.46,402.36,399.48,401.05,111771940
2023-06-01 04:00:00+00:00,401.28,405.91,400.03,404.86,88865018
2023-06-02 04:00:00+00:00,407.43,411.5,406.9,410.71,91426171
2023-06-05 04:00:00+00:00,411.06,412.39,409.23,409.93,70216018
2023-06-06 04:00:00+00:00,409.51,411.34,408.86,410.82,64022176
2023-06-07 04:00:00+00:00,411.21,412.34,408.98,409.4,85372762
2023-06-08 04:00:00+00:00,409.47,412.33,408.7,411.87,61952842
2023-06-09 04:00:00+00:00,412.67,414.62,411.62,412.61,85647169
2023-06-12 04:00:00+00:00,413.59,416.43,412.87,416.36,76256703
2023-06-13 04:00:00+00:00,417.82,419.74,417.15,419.1,95898626
2023-06-14 04:00:00+00:00,419.44,421.41,416.15,419.6,100608099
2023-06-15 04:00:00+00:00,418.78,426.05,418.69,424.8,110301303
2023-06-16 04:00:00+00:00,426.79,427.35,422.88,423.36,114164649
2023-06-20 04:00:00+00:00,421.42,422.31,419.09,421.16,76160359
2023-06-21 04:00:00+00:00,420.18,420.98,418.41,419.0,76982252
2023-06-22 04:00:00+00:00,418.05,420.62,417.71,420.51,70637175
2023-06-23 04:00:00+00:00,417.07,419.12,416.62,417.33,92075438
2023-06-26 04:00:00+00:00,416.77,418.68,415.39,415.63,72823560
2023-06-27 04:00:00+00:00,416.51,420.8,416.05,420.19,72813700
2023-06-28 04:00:00+00:00,419.11,421.41,418.49,420.4,75635976
2023-06-29 04:00:00+00:00,419.98,422.22,419.58,422.06,67882305
2023-06-30 04:00:00+00:00,425.26,428.02,424.95,427.04,102201286
2023-07-03 04:00:00+00:00,426.69,427.81,426.41,427.53,32501144
2023-07-05 04:00:00+00:00,425.72,427.62,425.71,426.89,58418434
2023-07-06 04:00:00+00:00,423.32,423.97,421.04,423.55,80658303
2023-07-07 04:00:00+00:00,422.56,426.42,422.24,422.48,86134179
2023-07-10 04:00:00+00:00,422.12,423.72,421.55,423.55,62443502
2023-07-11 04:00:00+00:00,424.31,426.74,423.34,426.25,64463753
2023-07-12 04:00:00+00:00,430.03,431.08,428.61,429.68,91924527
2023-07-13 04:00:00+00:00,431.49,433.88,431.05,433.09,72425242
2023-07-14 04:00:00+00:00,433.97,434.82,432.05,432.82,69815823
2023-07-17 04:00:00+00:00,432.67,435.37,432.62,434.32,52680223
2023-07-18 04:00:00+00:00,433.99,438.19,433.56,437.55,80744449
2023-07-19 04:00:00+00:00,438.34,439.7,437.47,438.52,65891689
2023-07-20 04:00:00+00:00,437.53,438.42,434.9,435.61,70591643
2023-07-21 04:00:00+00:00,437.32,437.52,435.6,435.61,71275619
2023-07-24 04:00:00+00:00,436.76,438.36,435.72,437.56,54023384
2023-07-25 04:00:00+00:00,437.29,440.0,437.24,438.75,55191240
2023-07-26 04:00:00+00:00,437.82,440.24,436.77,438.82,71052885
2023-07-27 04:00:00+00:00,442.2,442.6,435.0,435.91,92194375
2023-07-28 04:00:00+00:00,439.17,441.0,435.91,440.18,80011791
2023-07-31 04:00:00+00:00,440.65,441.37,439.33,441.01,62040450
2023-08-01 04:00:00+00:00,439.55,440.49,438.8,439.75,55502201
2023-08-02 04:00:00+00:00,436.64,436.9,432.88,433.63,93933371
2023-08-03 04:00:00+00:00,431.62,434.27,430.98,432.39,64928592
2023-08-04 04:00:00+00:00,434.2,436.3,429.92,430.44,101621488
2023-08-07 04:00:00+00:00,432.27,434.34,431.57,434.19,58357466
2023-08-08 04:00:00+00:00,431.66,434.18,428.95,432.31,71361326
2023-08-09 04:00:00+00:00,432.58,432.74,428.65,429.42,78789577
2023-08-10 04:00:00+00:00,431.77,435.15,428.4,429.57,93005596
2023-08-11 04:00:00+00:00,427.7,430.33,427.1,429.32,68690903
2023-08-14 04:00:00+00:00,428.4,431.69,428.1,431.69,47867443
2023-08-15 04:00:00+00:00,429.92,430.27,426.09,426.66,75707535
2023-08-16 04:00:00+00:00,426.25,427.9,423.42,423.53,80107206
2023-08-17 04:00:00+00:00,424.99,425.25,419.78,420.3,95711317
2023-08-18 04:00:00+00:00,417.49,421.54,417.14,420.5,98851962
2023-08-21 04:00:00+00:00,421.52,423.98,419.37,423.24,68718959
2023-08-22 04:00:00+00:00,425.01,425.01,421.54,422.09,65062863
2023-08-23 04:00:00+00:00,423.15,427.41,423.01,426.8,68441023
2023-08-24 04:00:00+00:00,428.39,428.9,420.85,420.88,88517274
2023-08-25 04:00:00+00:00,422.6,425.13,419.06,423.85,102325105
2023-08-28 04:00:00+00:00,426.03,427.15,423.85,426.53,61595395
2023-08-29 04:00:00+00:00,426.43,432.98,426.25,432.7,83081918
2023-08-30 04:00:00+00:00,433.04,435.12,432.33,434.48,69053913
2023-08-31 04:00:00+00:00,435.1,436.24,433.66,433.85,66084565
2023-09-01 04:00:00+00:00,436.56,437.05,433.2,434.66,58944100
2023-09-05 04:00:00+00:00,434.21,434.53,432.71,432.78,55166212
2023-09-06 04:00:00+00:00,431.97,432.07,427.55,429.87,70758514
2023-09-07 04:00:00+00:00,426.87,429.22,426.53,428.55,70355427
2023-09-08 04:00:00+00:00,428.6,430.73,428.24,429.19,62068439
2023-09-11 04:00:00+00:00,431.81,432.32,430.11,432.02,60180120
2023-09-12 04:00:00+00:00,430.57,432.09,429.07,429.65,67565424
2023-09-13 04:00:00+00:00,429.87,431.3,428.77,430.15,60199274
2023-09-14 04:00:00+00:00,432.61,434.55,431.31,433.86,83430816
2023-09-15 04:00:00+00:00,432.27,432.6,428.19,428.63,111907859
2023-09-18 04:00:00+00:00,428.32,430.18,427.85,428.88,55752214
2023-09-19 04:00:00+00:00,427.96,428.55,425.31,427.99,66514650
2023-09-20 04:00:00+00:00,429.25,429.66,423.85,424.06,82562603
2023-09-21 04:00:00+00:00,421.21,421.48,416.89,417.05,104095828
2023-09-22 04:00:00+00:00,418.07,419.67,415.69,416.11,100829685
2023-09-25 04:00:00+00:00,414.9,417.9,414.47,417.86,70874824
2023-09-26 04:00:00+00:00,414.82,415.53,410.89,411.72,96172890
2023-09-27 04:00:00+00:00,412.89,413.45,408.25,411.89,104707452
2023-09-28 04:00:00+00:00,411.33,415.95,410.74,414.27,92258310
2023-09-29 04:00:00+00:00,417.32,417.49,411.75,413.27,115111320
2023-10-02 04:00:00+00:00,412.44,414.35,410.35,413.1,83798601
2023-10-03 04:00:00+00:00,410.93,413.16,406.21,407.57,103760609
2023-10-04 04:00:00+00:00,408.04,411.29,406.58,410.54,87452970
2023-10-05 04:00:00+00:00,410.25,411.23,407.17,410.39,70142746
2023-10-06 04:00:00+00:00,407.94,416.79,406.62,415.26,113273311
2023-10-09 04:00:00+00:00,413.36,418.49,412.81,417.92,80374364
2023-10-10 04:00:00+00:00,418.55,422.68,418.15,420.09,78607270
2023-10-11 04:00:00+00:00,421.16,422.07,418.78,421.81,62451738
2023-10-12 04:00:00+00:00,422.42,422.8,416.89,419.24,81154231
2023-10-13 04:00:00+00:00,420.74,421.94,415.59,417.15,95201134
2023-10-16 04:00:00+00:00,419.4,422.61,419.16,421.54,75433196
2023-10-17 04:00:00+00:00,418.42,423.57,418.07,421.52,75324710
2023-10-18 04:00:00+00:00,419.75,420.71,414.82,415.91,93559799
2023-10-19 04:00:00+00:00,416.62,418.43,411.57,412.25,121322959
2023-10-20 04:00:00+00:00,411.82,412.36,407.08,407.19,123919876
2023-10-23 04:00:00+00:00,405.66,410.34,403.91,406.48,92035097
2023-10-24 04:00:00+00:00,408.6,410.7,406.75,409.55,78564241
2023-10-25 04:00:00+00:00,407.86,407.89,403.15,403.67,94223200
2023-10-26 04:00:00+00:00,402.6,403.45,397.92,398.83,115156763
2023-10-27 04:00:00+00:00,400.42,400.82,395.61,397.03,107367673
2023-10-30 04:00:00+00:00,399.81,402.83,398.51,401.77,86562677
2023-10-31 04:00:00+00:00,402.34,404.62,400.44,404.3,79665152
2023-11-01 04:00:00+00:00,405.26,409.42,404.73,408.61,98068117
2023-11-02 04:00:00+00:00,412.4,416.59,412.38,416.44,94938911
2023-11-03 04:00:00+00:00,418.74,421.78,418.61,420.24,100167777
2023-11-06 05:00:00+00:00,420.99,421.65,419.26,421.2,67831662
2023-11-07 05:00:00+00:00,421.2,423.04,420.06,422.4,64256116
2023-11-08 05:00:00+00:00,423.0,423.52,420.41,422.71,61746029
2023-11-09 05:00:00+00:00,423.85,423.89,418.99,419.42,83174419
2023-11-10 05:00:00+00:00,421.49,426.27,419.41,425.96,89558056
2023-11-13 05:00:00+00:00,424.63,426.66,423.84,425.56,52236070
2023-11-14 05:00:00+00:00,431.48,435.1,431.26,433.81,97176937
2023-11-15 05:00:00+00:00,435.15,436.37,433.88,434.73,77327573
2023-11-16 05:00:00+00:00,434.28,435.58,433.22,435.26,66665799
2023-11-17 05:00:00+00:00,435.27,436.41,434.35,435.8,83193904
2023-11-20 05:00:00+00:00,435.55,439.99,435.54,439.16,70055635
2023-11-21 05:00:00+00:00,438.12,439.03,436.93,438.2,49244640
2023-11-22 05:00:00+00:00,439.85,441.21,438.8,439.89,59446575
2023-11-24 05:00:00+00:00,439.94,440.36,439.61,440.16,29737377
2023-11-27 05:00:00+00:00,439.53,440.35,438.98,439.37,50505987
2023-11-28 05:00:00+00:00,438.98,441.1,438.42,439.81,62115013
2023-11-29 05:00:00+00:00,441.95,443.08,439.1,439.5,63145994
2023-11-30 05:00:00+00:00,440.34,441.57,438.27,441.23,79752702
2023-12-01 05:00:00+00:00,440.62,444.37,440.03,443.84,89183402
2023-12-04 05:00:00+00:00,440.45,443.86,439.23,441.51,72431488
2023-12-05 05:00:00+00:00,440.12,442.38,439.75,441.42,69793569
2023-12-06 05:00:00+00:00,443.56,443.59,439.21,439.64,69124885
2023-12-07 05:00:00+00:00,441.72,443.64,441.12,443.0,67002346
2023-12-08 05:00:00+00:00,442.25,445.43,442.01,444.9,83194404
2023-12-11 05:00:00+00:00,444.41,446.8,444.19,446.63,65803711
2023-12-12 05:00:00+00:00,446.28,448.77,445.29,448.67,68329617
2023-12-13 05:00:00+00:00,449.05,455.11,448.69,454.86,93277960
2023-12-14 05:00:00+00:00,456.79,457.98,453.65,456.32,119028953
2023-12-15 05:00:00+00:00,455.72,456.9,453.72,455.57,141554383
2023-12-18 05:00:00+00:00,457.17,459.11,456.11,458.13,70375385
2023-12-19 05:00:00+00:00,458.67,460.99,458.59,460.91,55762005
2023-12-20 05:00:00+00:00,460.06,461.94,454.1,454.53,102920959
2023-12-21 05:00:00+00:00,457.51,459.1,455.09,458.84,86679796
2023-12-22 05:00:00+00:00,459.96,461.44,457.87,459.76,67160419
2023-12-26 05:00:00+00:00,460.17,462.6,460.09,461.7,55386952
2023-12-27 05:00:00+00:00,461.5,462.68,460.96,462.54,68000811
2023-12-28 05:00:00+00:00,462.89,463.54,462.29,462.71,77158117
2023-12-29 05:00:00+00:00,462.52,463.04,459.42,461.37,122288349
2024-01-02 05:00:00+00:00,458.31,459.78,456.69,458.79,123007793
2024-01-03 05:00:00+00:00,456.63,457.37,454.44,455.04,103595966
2024-01-04 05:00:00+00:00,454.57,457.15,453.35,453.58,84232169
2024-01-05 05:00:00+00:00,453.78,456.64,452.75,454.2,86118913
2024-01-08 05:00:00+00:00,454.69,460.83,454.57,460.68,74879074
2024-01-09 05:00:00+00:00,458.03,461.0,457.53,459.98,65931439
2024-01-10 05:00:00+00:00,460.25,463.45,459.97,462.58,67310640
2024-01-11 05:00:00+00:00,463.58,464.1,458.41,462.38,77940823
2024-01-12 05:00:00+00:00,463.83,464.56,461.29,462.7,58026520
2024-01-16 05:00:00+00:00,461.32,462.63,459.19,461.0,85015070
2024-01-17 05:00:00+00:00,457.98,458.92,456.09,458.44,68843871
2024-01-18 05:00:00+00:00,460.11,463.07,458.57,462.52,91856348
2024-01-19 05:00:00+00:00,463.64,468.56,462.56,468.28,110834483
2024-01-22 05:00:00+00:00,469.82,470.99,468.62,469.27,76044931
2024-01-23 05:00:00+00:00,469.82,470.88,468.73,470.64,49945297
2024-01-24 05:00:00+00:00,473.5,474.44,470.66,471.15,81765039
2024-01-25 05:00:00+00:00,473.28,473.98,471.15,473.72,72524989
2024-01-26 05:00:00+00:00,473.29,474.78,472.27,473.12,76641609
2024-01-29 05:00:00+00:00,473.43,477.0,472.88,476.86,61322751
2024-01-30 05:00:00+00:00,476.17,477.2,475.74,476.49,58618386
2024-01-31 05:00:00+00:00,474.29,474.74,468.7,468.72,126011062
2024-02-01 05:00:00+00:00,470.42,474.88,469.61,474.85,91891637
2024-02-02 05:00:00+00:00,475.29,481.5,474.95,479.85,99228192
2024-02-05 05:00:00+00:00,479.22,479.88,475.85,478.1,75685102
2024-02-06 05:00:00+00:00,479.05,479.82,477.62,479.49,55918602
2024-02-07 05:00:00+00:00,481.74,483.91,480.83,483.49,70556506
2024-02-08 05:00:00+00:00,483.49,484.08,482.68,483.71,52343636
2024-02-09 05:00:00+00:00,484.21,486.94,483.87,486.5,63979375
2024-02-12 05:00:00+00:00,486.47,488.73,485.57,486.29,56502283
2024-02-13 05:00:00+00:00,480.03,482.51,476.32,479.59,113099199
2024-02-14 05:00:00+00:00,482.22,484.43,479.9,483.95,68387827
2024-02-15 05:00:00+00:00,484.65,487.47,484.17,487.29,61682960
2024-02-16 05:00:00+00:00,486.99,488.12,484.12,484.86,75532928
2024-02-20 05:00:00+00:00,483.12,483.79,479.95,482.19,71736740
2024-02-21 05:00:00+00:00,480.89,482.78,479.09,482.63,59603771
2024-02-22 05:00:00+00:00,489.23,493.58,488.27,492.62,76402535
2024-02-23 05:00:00+00:00,494.33,495.17,492.23,492.96,61321818
2024-02-26 05:00:00+00:00,493.39,493.83,491.02,491.15,50386738
2024-02-27 05:00:00+00:00,491.84,492.29,489.95,492.06,48831828
2024-02-28 05:00:00+00:00,490.51,491.99,490.15,491.41,56506634
2024-02-29 05:00:00+00:00,493.17,494.79,490.53,493.18,83924795
2024-03-01 05:00:00+00:00,494.05,498.24,493.65,497.81,76844844
2024-03-04 05:00:00+00:00,497.01,499.12,496.98,497.28,49799257
2024-03-05 05:00:00+00:00,495.28,495.72,490.1,492.31,73320623
2024-03-06 05:00:00+00:00,495.58,497.05,493.51,494.8,68392367
2024-03-07 05:00:00+00:00,498.09,500.76,494.85,499.71,58652085
2024-03-08 05:00:00+00:00,500.34,503.02,496.14,496.71,86532535
2024-03-11 04:00:00+00:00,495.51,496.87,493.59,496.29,62557183
2024-03-12 04:00:00+00:00,498.39,502.21,495.88,501.62,73694439
2024-03-13 04:00:00+00:00,501.94,502.12,499.4,500.84,55104088
2024-03-14 04:00:00+00:00,501.81,501.96,496.81,499.85,110171820
2024-03-15 04:00:00+00:00,496.79,498.24,494.75,496.42,107646297
2024-03-18 04:00:00+00:00,500.48,501.92,498.96,499.37,88893331
2024-03-19 04:00:00+00:00,498.67,502.42,497.67,502.14,60755263
2024-03-20 04:00:00+00:00,502.2,506.92,501.53,506.79,69594574
2024-03-21 04:00:00+00:00,509.62,510.32,508.18,508.46,60256112
2024-03-22 04:00:00+00:00,508.37,508.85,507.26,507.5,79070842
2024-03-25 04:00:00+00:00,506.12,507.24,505.94,506.09,48512108
2024-03-26 04:00:00+00:00,507.52,507.86,504.76,505.16,65463744
2024-03-27 04:00:00+00:00,507.98,509.44,505.82,509.4,82999777
2024-03-28 04:00:00+00:00,509.44,510.81,509.02,509.31,96294886
2024-04-01 04:00:00+00:00,510.05,510.58,507.26,508.42,62477540
2024-04-02 04:00:00+00:00,504.6,505.32,502.89,505.19,74230308
2024-04-03 04:00:00+00:00,504.1,507.24,504.04,505.74,59155759
2024-04-04 04:00:00+00:00,509.75,510.08,499.26,499.57,96908074
2024-04-05 04:00:00+00:00,500.92,506.75,500.49,504.79,74546483
2024-04-08 04:00:00+00:00,505.49,506.49,504.26,505.07,48401702
2024-04-09 04:00:00+00:00,506.8,507.05,500.82,505.66,68124385
2024-04-10 04:00:00+00:00,499.97,502.58,498.62,500.59,82652806
2024-04-11 04:00:00+00:00,502.11,505.81,498.61,504.37,70099007
2024-04-12 04:00:00+00:00,500.84,502.24,495.69,497.41,92486785
2024-04-15 04:00:00+00:00,501.58,501.74,490.33,491.18,92101447
2024-04-16 04:00:00+00:00,491.65,493.17,489.0,490.28,73484020
2024-04-17 04:00:00+00:00,492.74,492.9,485.99,487.38,75910305
2024-04-18 04:00:00+00:00,488.77,490.87,485.44,486.38,74548085
2024-04-19 04:00:00+00:00,486.3,487.29,480.87,482.13,102212587
2024-04-22 04:00:00+00:00,484.73,489.16,482.39,486.57,67962998
2024-04-23 04:00:00+00:00,488.58,492.77,486.39,492.35,64633620
2024-04-24 04:00:00+00:00,493.23,494.02,489.89,492.11,55928076
2024-04-25 04:00:00+00:00,486.05,491.0,484.4,490.24,69122368
2024-04-26 04:00:00+00:00,493.03,496.46,492.39,494.89,64306118
2024-04-29 04:00:00+00:00,496.67,497.31,493.9,496.64,46415449
2024-04-30 04:00:00+00:00,495.18,496.15,488.77,488.77,77483566
2024-05-01 04:00:00+00:00,488.19,494.82,486.71,487.19,80242839
2024-05-02 04:00:00+00:00,490.89,492.58,486.41,491.74,62685179
2024-05-03 04:00:00+00:00,497.71,499.06,495.18,497.84,72838709
2024-05-06 04:00:00+00:00,500.23,503.02,499.79,502.98,47264703
2024-05-07 04:00:00+00:00,503.94,504.93,502.86,503.53,52561299
2024-05-08 04:00:00+00:00,501.7,504.12,501.59,503.58,42047214
2024-05-09 04:00:00+00:00,503.77,506.52,503.11,506.48,43643668
2024-05-10 04:00:00+00:00,508.08,508.88,505.92,507.14,52233171
2024-05-13 04:00:00+00:00,508.81,508.92,506.06,507.2,36716361
2024-05-14 04:00:00+00:00,507.4,510.05,506.86,509.53,57535867
2024-05-15 04:00:00+00:00,511.99,516.13,511.36,515.84,59504897
2024-05-16 04:00:00+00:00,515.94,517.54,514.63,514.78,50244827
2024-05-17 04:00:00+00:00,514.9,515.59,513.45,515.52,59187585
2024-05-20 04:00:00+00:00,515.64,517.57,515.25,516.11,37764206
2024-05-21 04:00:00+00:00,515.35,517.54,515.15,517.38,33437001
2024-05-22 04:00:00+00:00,516.69,517.4,513.72,515.89,48389968
2024-05-23 04:00:00+00:00,518.94,519.04,510.91,512.12,57211197
2024-05-24 04:00:00+00:00,513.96,516.32,513.02,515.51,41331076
2024-05-28 04:00:00+00:00,516.32,516.55,513.24,515.87,36269602
2024-05-29 04:00:00+00:00,511.85,513.44,511.55,512.26,45190323
2024-05-30 04:00:00+00:00,510.72,511.38,507.61,508.86,46468510
2024-05-31 04:00:00+00:00,509.81,513.62,504.72,513.49,90785855
2024-06-03 04:00:00+00:00,515.1,515.38,508.85,513.91,46835702
2024-06-04 04:00:00+00:00,512.61,515.23,511.15,514.49,34632661
2024-06-05 04:00:00+00:00,516.8,520.62,514.81,520.6,47610365
2024-06-06 04:00:00+00:00,520.9,521.33,518.66,520.59,30808530
2024-06-07 04:00:00+00:00,519.62,522.76,518.52,519.96,43224525
2024-06-10 04:00:00+00:00,519.15,521.89,518.56,521.57,35729252
2024-06-11 04:00:00+00:00,520.02,522.88,518.05,522.82,36383411
2024-06-12 04:00:00+00:00,527.38,529.8,526.08,527.12,63251305
2024-06-13 04:00:00+00:00,528.86,529.03,525.39,528.18,44760949
2024-06-14 04:00:00+00:00,526.65,528.53,525.65,528.5,40089895
2024-06-17 04:00:00+00:00,527.82,534.1,527.36,532.71,55839457
2024-06-18 04:00:00+00:00,532.76,534.19,532.34,534.06,41376417
2024-06-20 04:00:00+00:00,534.98,535.65,530.84,532.61,70328226
2024-06-21 04:00:00+00:00,531.79,533.01,530.44,531.89,64513859
2024-06-24 04:00:00+00:00,531.72,534.28,530.05,530.16,45528654
2024-06-25 04:00:00+00:00,531.39,532.57,529.87,532.21,38273346
2024-06-26 04:00:00+00:00,531.09,533.58,530.45,532.87,38550637
2024-06-27 04:00:00+00:00,532.73,534.29,531.99,533.71,35041480
2024-06-28 04:00:00+00:00,534.48,537.53,530.37,531.61,75925045
2024-07-01 04:00:00+00:00,532.99,533.23,529.95,532.7,40297810
2024-07-02 04:00:00+00:00,531.1,536.29,531.05,536.29,40434792
2024-07-03 04:00:00+00:00,535.98,539.04,535.94,538.68,32789911
2024-07-05 04:00:00+00:00,538.99,542.19,538.35,541.79,41488389
2024-07-08 04:00:00+00:00,542.57,543.36,541.35,542.41,36110451
2024-07-09 04:00:00+00:00,543.37,544.27,542.65,542.94,27314125
2024-07-10 04:00:00+00:00,544.16,548.66,543.87,548.31,38701220
2024-07-11 04:00:00+00:00,548.43,549.3,542.95,543.59,53054184
2024-07-12 04:00:00+00:00,544.71,550.61,544.24,547.02,53084405
2024-07-15 04:00:00+00:00,549.01,551.75,546.66,548.52,40584293
2024-07-16 04:00:00+00:00,549.82,552.07,549.08,551.77,36475260
2024-07-17 04:00:00+00:00,545.85,547.52,543.71,544.04,57118956
2024-07-18 04:00:00+00:00,545.57,546.56,537.68,539.85,56270392
2024-07-19 04:00:00+00:00,539.62,541.24,535.21,536.27,65509081
2024-07-22 04:00:00+00:00,540.19,542.4,538.25,541.8,43346720
2024-07-23 04:00:00+00:00,541.69,543.84,540.46,540.95,34439561
2024-07-24 04:00:00+00:00,536.14,536.45,527.77,528.69,74515266
2024-07-25 04:00:00+00:00,528.81,534.77,525.0,525.94,61158288
2024-07-26 04:00:00+00:00,529.72,534.51,528.94,531.83,53763788
2024-07-29 04:00:00+00:00,533.37,534.37,530.15,532.14,39515824
2024-07-30 04:00:00+00:00,533.6,534.66,526.04,529.44,46853632
2024-07-31 04:00:00+00:00,536.26,540.68,534.89,538.05,65663388
2024-08-01 04:00:00+00:00,539.77,542.01,526.93,530.43,76428732
2024-08-02 04:00:00+00:00,523.34,524.55,516.35,520.55,82789070
2024-08-05 04:00:00+00:00,499.79,511.45,498.45,505.39,146267391
2024-08-06 04:00:00+00:00,507.19,517.48,505.87,510.05,84826312
2024-08-07 04:00:00+00:00,516.23,519.27,506.05,506.64,70698340
2024-08-08 04:00:00+00:00,511.77,518.98,509.75,518.35,63276589
2024-08-09 04:00:00+00:00,517.53,522.13,516.31,520.64,45619558
2024-08-12 04:00:00+00:00,521.83,523.32,518.65,520.91,42542069
2024-08-13 04:00:00+00:00,524.1,529.72,523.85,529.48,52333073
2024-08-14 04:00:00+00:00,530.27,532.33,527.61,531.15,42446929
2024-08-15 04:00:00+00:00,536.77,540.54,536.16,540.26,60846812
2024-08-16 04:00:00+00:00,538.64,542.16,538.49,541.47,44430728
2024-08-19 04:00:00+00:00,541.88,546.64,541.03,546.64,39121793
2024-08-20 04:00:00+00:00,546.19,547.85,544.41,545.75,33732264
2024-08-21 04:00:00+00:00,546.8,549.09,541.88,547.63,41514600
2024-08-22 04:00:00+00:00,549.53,550.13,542.12,543.33,56121456
2024-08-23 04:00:00+00:00,546.57,550.04,544.38,549.11,50639393
2024-08-26 04:00:00+00:00,550.13,550.84,546.1,547.8,35788609
2024-08-27 04:00:00+00:00,546.53,549.04,545.38,548.55,32693898
2024-08-28 04:00:00+00:00,548.21,548.64,542.18,545.36,41066024
2024-08-29 04:00:00+00:00,547.33,550.62,544.27,545.41,38715176
2024-08-30 04:00:00+00:00,547.78,551.13,544.23,550.62,62700110
2024-09-03 04:00:00+00:00,547.48,547.82,536.78,539.29,60600113
2024-09-04 04:00:00+00:00,537.45,541.58,536.73,538.18,47224939
2024-09-05 04:00:00+00:00,538.13,540.97,534.42,536.88,44264258
2024-09-06 04:00:00+00:00,537.2,538.82,526.94,527.84,68493805
2024-09-09 04:00:00+00:00,532.03,535.02,530.11,533.75,40445822
2024-09-10 04:00:00+00:00,535.65,536.43,530.79,536.07,36394579
2024-09-11 04:00:00+00:00,535.99,542.49,527.45,541.57,75248608
2024-09-12 04:00:00+00:00,542.15,546.44,539.93,546.14,51892735
2024-09-13 04:00:00+00:00,546.74,549.98,546.49,548.99,39310501
2024-09-16 04:00:00+00:00,548.72,550.06,546.93,549.8,36656122
2024-09-17 04:00:00+00:00,552.01,553.45,547.8,550.02,49320970
2024-09-18 04:00:00+00:00,550.68,555.51,547.84,548.39,59044937
2024-09-19 04:00:00+00:00,557.78,559.61,554.92,557.75,75315470
2024-09-20 04:00:00+00:00,556.38,557.82,553.77,556.79,77503110
2024-09-23 04:00:00+00:00,557.85,558.83,556.64,558.18,44116922
2024-09-24 04:00:00+00:00,558.97,559.83,556.15,559.77,46805672
2024-09-25 04:00:00+00:00,559.62,560.35,557.43,558.54,38428587
2024-09-26 04:00:00+00:00,562.79,563.12,558.4,560.75,48336004
2024-09-27 04:00:00+00:00,561.82,562.64,558.91,559.94,42100928
2024-09-30 04:00:00+00:00,558.91,562.79,556.62,562.18,63655448
2024-10-01 04:00:00+00:00,561.83,562.48,554.58,557.15,72668778
2024-10-02 04:00:00+00:00,556.26,558.4,553.87,557.38,38097798
2024-10-03 04:00:00+00:00,555.91,558.31,554.08,556.36,40846466
2024-10-04 04:00:00+00:00,560.8,561.79,556.64,561.42,43005186
2024-10-07 04:00:00+00:00,559.77,560.42,555.2,556.34,49964690
2024-10-08 04:00:00+00:00,558.91,562.2,558.04,561.61,37398693
2024-10-09 04:00:00+00:00,561.6,566.05,561.0,565.5,37912244
2024-10-10 04:00:00+00:00,564.15,565.93,562.9,564.51,44138060
2024-10-11 04:00:00+00:00,564.43,568.62,564.29,567.89,42267994
2024-10-14 04:00:00+00:00,569.49,573.46,569.01,572.53,36217215
2024-10-15 04:00:00+00:00,572.8,573.1,566.87,568.08,54203636
2024-10-16 04:00:00+00:00,568.08,571.07,567.28,570.55,30725436
2024-10-17 04:00:00+00:00,574.09,574.3,570.42,570.6,34393714
2024-10-18 04:00:00+00:00,572.29,573.58,570.83,572.8,37416801
2024-10-21 04:00:00+00:00,572.07,573.05,568.89,571.86,36439010
2024-10-22 04:00:00+00:00,569.33,572.71,568.67,571.55,34183835
2024-10-23 04:00:00+00:00,569.53,569.97,562.83,566.33,49314574
2024-10-24 04:00:00+00:00,568.28,568.36,564.94,567.55,34979860
2024-10-25 04:00:00+00:00,569.78,572.67,566.42,567.36,47268176
2024-10-28 04:00:00+00:00,570.83,570.95,568.81,569.11,30174704
2024-10-29 04:00:00+00:00,568.15,571.15,566.76,570.03,42899661
2024-10-30 04:00:00+00:00,569.56,571.55,567.6,568.31,41435839
2024-10-31 04:00:00+00:00,563.95,564.02,556.97,557.17,60182451
2024-11-01 04:00:00+00:00,559.79,563.94,559.11,559.52,45667533
2024-11-04 05:00:00+00:00,559.66,560.95,556.43,558.31,38216975
2024-11-05 05:00:00+00:00,559.23,565.1,559.01,565.07,39478322
2024-11-06 05:00:00+00:00,577.31,579.99,573.58,579.12,68181968
2024-11-07 05:00:00+00:00,581.11,584.61,581.04,583.59,47233212
2024-11-08 05:00:00+00:00,584.14,587.54,584.14,586.12,46444893
2024-11-11 05:00:00+00:00,587.71,588.06,584.96,586.68,37586773
2024-11-12 05:00:00+00:00,586.6,587.2,582.38,584.86,43006128
2024-11-13 05:00:00+00:00,585.32,587.14,582.96,585.14,47388640
2024-11-14 05:00:00+00:00,585.27,585.75,580.69,581.38,38904109
2024-11-15 05:00:00+00:00,577.82,578.29,572.08,573.93,75988766
2024-11-18 05:00:00+00:00,574.39,577.6,573.53,576.28,37084081
2024-11-19 05:00:00+00:00,572.91,579.12,572.25,578.39,49422046
2024-11-20 05:00:00+00:00,578.47,578.87,572.84,578.59,49893334
2024-11-21 05:00:00+00:00,581.43,583.11,575.6,581.69,46750285
2024-11-22 05:00:00+00:00,581.68,584.12,581.19,583.5,38226390
2024-11-25 05:00:00+00:00,587.42,588.74,583.19,585.48,42441393
2024-11-26 05:00:00+00:00,586.72,589.2,586.0,588.53,45621288
2024-11-27 05:00:00+00:00,588.35,588.73,585.23,586.75,34000163
2024-11-29 05:00:00+00:00,587.56,591.18,587.29,590.39,30177351
2024-12-02 05:00:00+00:00,590.81,592.13,590.32,591.45,31745989
2024-12-03 05:00:00+00:00,591.22,591.97,590.19,591.73,26906629
2024-12-04 05:00:00+00:00,593.41,595.65,592.75,595.4,42787561
2024-12-05 05:00:00+00:00,595.4,596.2,594.07,594.42,28762183
2024-12-06 05:00:00+00:00,595.19,596.78,594.77,595.55,31241549
2024-12-09 05:00:00+00:00,595.43,595.6,591.89,592.48,34742738
2024-12-10 05:00:00+00:00,593.16,593.58,589.98,590.64,37234515
2024-12-11 05:00:00+00:00,593.56,596.16,593.28,595.2,28677723
2024-12-12 05:00:00+00:00,594.34,594.91,592.14,592.14,31543812
2024-12-13 05:00:00+00:00,594.17,594.88,590.65,592.02,35904730
2024-12-16 05:00:00+00:00,593.77,595.52,593.0,594.55,43695179
2024-12-17 05:00:00+00:00,592.0,592.96,590.72,592.1,55773545
2024-12-18 05:00:00+00:00,591.79,594.17,574.07,574.45,108248729
2024-12-19 05:00:00+00:00,579.43,581.04,574.03,574.28,85919452
2024-12-20 05:00:00+00:00,571.95,585.7,571.11,581.17,125716674
2024-12-23 05:00:00+00:00,580.92,585.25,577.74,584.65,57635828
2024-12-24 05:00:00+00:00,586.0,591.19,585.42,591.15,33160097
2024-12-26 05:00:00+00:00,589.38,592.31,587.99,591.19,41338891
2024-12-27 05:00:00+00:00,587.45,587.69,580.79,584.97,64969310
2024-12-30 05:00:00+00:00,577.97,581.75,574.55,578.29,56578757
2024-12-31 05:00:00+00:00,579.95,580.67,574.56,576.19,57052654
2025-01-02 05:00:00+00:00,579.44,581.15,570.7,574.77,50203975
2025-01-03 05:00:00+00:00,577.61,582.6,576.53,581.96,37888459
2025-01-06 05:00:00+00:00,586.21,589.58,583.58,585.31,47679442
2025-01-07 05:00:00+00:00,587.34,587.66,576.88,578.7,60393052
2025-01-08 05:00:00+00:00,578.76,580.61,575.32,579.54,47304672
2025-01-10 05:00:00+00:00,575.99,576.06,568.79,570.69,73105046
2025-01-13 05:00:00+00:00,566.05,571.93,565.64,571.58,47910060
2025-01-14 05:00:00+00:00,574.5,575.13,568.59,572.36,48420580
2025-01-15 05:00:00+00:00,580.36,583.92,579.25,582.78,56900159
2025-01-16 05:00:00+00:00,584.15,584.32,580.96,581.65,44319662
2025-01-17 05:00:00+00:00,586.88,589.24,585.56,587.49,58070628
2025-01-21 05:00:00+00:00,590.53,592.88,588.57,592.87,42532853
2025-01-22 05:00:00+00:00,595.69,597.56,595.14,596.2,48195973
2025-01-23 05:00:00+00:00,595.58,599.46,595.3,599.46,41152102
2025-01-24 05:00:00+00:00,599.52,600.47,596.56,597.71,34604693
2025-01-27 05:00:00+00:00,584.77,589.57,584.6,589.25,70361125
2025-01-28 05:00:00+00:00,590.48,595.15,587.17,594.32,44433322
2025-01-29 05:00:00+00:00,593.53,593.93,589.11,591.65,37177429
2025-01-30 05:00:00+00:00,593.77,596.36,590.58,594.83,39281255
2025-01-31 05:00:00+00:00,597.25,599.67,590.91,591.66,66671471
2025-02-03 05:00:00+00:00,582.67,590.16,580.52,587.68,65713364
2025-02-04 05:00:00+00:00,587.74,592.13,587.2,591.62,33024773
2025-02-05 05:00:00+00:00,590.5,594.17,588.48,594.02,30653149
2025-02-06 05:00:00+00:00,595.76,596.22,592.46,596.09,35771503
2025-02-07 05:00:00+00:00,596.65,597.87,589.92,590.63,50188662
2025-02-10 05:00:00+00:00,593.84,595.28,592.57,594.64,26023524
2025-02-11 05:00:00+00:00,592.38,595.63,592.26,595.09,30056740
2025-02-12 05:00:00+00:00,589.09,594.35,588.41,593.18,45076076
2025-02-13 05:00:00+00:00,594.28,599.65,593.02,599.44,40921297
2025-02-14 05:00:00+00:00,599.65,600.68,598.79,599.41,26910448
2025-02-18 05:00:00+00:00,600.57,601.17,598.11,601.17,26749030
2025-02-19 05:00:00+00:00,599.78,602.88,599.27,602.59,30898690
2025-02-20 05:00:00+00:00,601.22,601.36,596.77,600.08,36554002
2025-02-21 05:00:00+00:00,599.86,600.0,589.35,589.81,76519818
2025-02-24 05:00:00+00:00,591.86,592.85,586.42,587.13,50737213
2025-02-25 05:00:00+00:00,587.07,587.8,579.61,584.21,58266472
2025-02-26 05:00:00+00:00,585.87,589.46,581.87,584.51,43321578
2025-02-27 05:00:00+00:00,586.78,587.93,574.78,575.18,74196664
2025-02-28 05:00:00+00:00,575.68,584.68,572.61,584.15,88744106
2025-03-03 05:00:00+00:00,586.12,587.26,570.11,573.92,74249199
2025-03-04 05:00:00+00:00,569.93,575.51,562.59,567.12,109648212
2025-03-05 05:00:00+00:00,566.96,575.01,563.41,573.22,71230528
2025-03-06 05:00:00+00:00,565.77,570.38,560.5,563.04,80094868
2025-03-07 05:00:00+00:00,561.26,567.65,556.08,566.2,81158816
2025-03-10 04:00:00+00:00,558.01,559.93,546.21,551.12,99326624
2025-03-11 04:00:00+00:00,549.96,554.5,542.7,546.54,88102109
2025-03-12 04:00:00+00:00,552.68,553.61,544.35,549.44,69601767
2025-03-13 04:00:00+00:00,549.06,549.67,540.4,542.11,74079414
2025-03-14 04:00:00+00:00,546.72,554.31,542.18,553.31,62660321
2025-03-17 04:00:00+00:00,553.29,560.09,552.86,557.58,49008709
2025-03-18 04:00:00+00:00,555.27,555.48,549.62,551.55,66041422
2025-03-19 04:00:00+00:00,553.33,561.31,552.15,557.56,66554250
2025-03-20 04:00:00+00:00,553.82,560.94,553.11,555.95,62958195
2025-03-21 04:00:00+00:00,551.49,557.03,550.26,556.13,83762964
2025-03-24 04:00:00+00:00,562.85,567.14,562.26,566.09,58766795
2025-03-25 04:00:00+00:00,567.29,568.39,565.7,567.45,38355735
2025-03-26 04:00:00+00:00,567.18,568.31,559.29,560.67,52228898
2025-03-27 04:00:00+00:00,559.28,562.95,557.08,559.19,42164248
2025-03-28 04:00:00+00:00,557.66,558.38,547.34,547.92,71662653
2025-03-31 04:00:00+00:00,542.18,552.91,539.26,551.6,95328113
2025-04-01 04:00:00+00:00,549.69,555.1,545.97,553.16,54609641
2025-04-02 04:00:00+00:00,547.32,559.52,547.09,556.66,76014544
2025-04-03 04:00:00+00:00,537.52,540.34,529.23,529.23,125985998
2025-04-04 04:00:00+00:00,516.38,518.55,498.03,498.25,217962675
2025-04-07 04:00:00+00:00,482.38,515.89,475.09,497.36,256611355
2025-04-08 04:00:00+00:00,514.6,517.67,482.35,489.57,165794399
2025-04-09 04:00:00+00:00,486.57,540.98,486.19,540.98,241835081
2025-04-10 04:00:00+00:00,524.76,526.07,502.23,517.28,162331225
2025-04-11 04:00:00+00:00,515.73,528.96,512.83,526.51,97866334
2025-04-14 04:00:00+00:00,536.48,536.7,526.43,531.61,68033993
2025-04-15 04:00:00+00:00,532.16,535.67,529.34,530.13,56892874
2025-04-16 04:00:00+00:00,524.28,530.4,513.05,518.34,83484814
2025-04-17 04:00:00+00:00,520.29,523.77,516.62,519.08,79866673
2025-04-21 04:00:00+00:00,513.9,514.44,501.38,506.73,69368129
2025-04-22 04:00:00+00:00,512.9,521.94,511.96,519.91,75948017
2025-04-23 04:00:00+00:00,532.91,537.84,526.45,527.97,90590658
2025-04-24 04:00:00+00:00,529.24,539.81,528.0,539.08,64150418
2025-04-25 04:00:00+00:00,539.04,543.38,536.12,542.97,61119590
2025-04-28 04:00:00+00:00,543.71,545.84,537.43,543.18,47613755
2025-04-29 04:00:00+00:00,541.27,547.72,540.91,546.6,47775121
2025-04-30 04:00:00+00:00,539.95,548.77,533.98,546.82,93101463
2025-05-01 04:00:00+00:00,552.57,556.22,550.09,550.7,63186146
2025-05-02 04:00:00+00:00,556.87,560.47,554.55,558.87,60717270
2025-05-05 04:00:00+00:00,554.74,558.76,553.88,555.67,38659222
2025-05-06 04:00:00+00:00,550.16,555.51,549.21,551.02,48264708
2025-05-07 04:00:00+00:00,552.35,555.97,548.3,553.34,55733229
2025-05-08 04:00:00+00:00,557.37,562.37,553.88,557.19,65130787
2025-05-09 04:00:00+00:00,558.59,559.6,554.93,556.48,37603427
2025-05-12 04:00:00+00:00,573.38,574.88,569.01,574.87,78993570
2025-05-13 04:00:00+00:00,575.29,580.88,574.73,578.67,67947225
2025-05-14 04:00:00+00:00,579.63,580.78,577.38,579.41,66283531
2025-05-15 04:00:00+00:00,577.41,582.74,576.95,582.24,71268145
2025-05-16 04:00:00+00:00,583.02,586.22,581.08,585.93,76052101
2025-05-19 04:00:00+00:00,579.91,587.25,579.91,586.57,68168509
2025-05-20 04:00:00+00:00,584.83,585.78,581.39,584.6,60614492
2025-05-21 04:00:00+00:00,580.25,584.33,573.72,574.75,95197657
2025-05-22 04:00:00+00:00,574.55,578.45,573.31,574.97,70860417
2025-05-23 04:00:00+00:00,567.96,573.71,567.59,571.05,76029046
2025-05-27 04:00:00+00:00,577.91,583.08,570.38,582.92,72588475
2025-05-28 04:00:00+00:00,583.32,584.52,578.81,579.55,68445512
2025-05-29 04:00:00+00:00,584.8,584.94,577.91,581.84,70073758
2025-05-30 04:00:00+00:00,580.73,582.9,575.12,581.19,90601242
2025-06-02 04:00:00+00:00,579.58,584.54,576.92,584.46,61630502
2025-06-03 04:00:00+00:00,584.09,588.77,583.61,587.79,63606204
2025-06-04 04:00:00+00:00,588.65,589.63,587.2,587.63,57314199
2025-06-05 04:00:00+00:00,589.31,590.66,582.82,584.79,92436397
2025-06-06 04:00:00+00:00,590.33,592.47,588.55,590.8,66588743
2025-06-09 04:00:00+00:00,591.37,592.88,590.16,591.33,53016418
2025-06-10 04:00:00+00:00,591.86,595.07,590.75,594.68,66246973
2025-06-11 04:00:00+00:00,595.78,596.64,590.93,592.99,73658225
2025-06-12 04:00:00+00:00,591.66,595.35,591.17,595.35,64129003
2025-06-13 04:00:00+00:00,590.17,593.47,587.19,588.69,89487793
2025-06-16 04:00:00+00:00,592.04,596.04,591.86,594.29,79984125
2025-06-17 04:00:00+00:00,591.85,593.37,588.45,589.21,82209365
2025-06-18 04:00:00+00:00,590.11,592.85,588.17,589.12,76605029
2025-06-20 04:00:00+00:00,591.79,592.86,586.34,587.74,94051374
2025-06-23 04:00:00+00:00,588.49,593.93,585.38,593.54,87426039
2025-06-24 04:00:00+00:00,597.68,601.16,596.77,600.1,67735293
2025-06-25 04:00:00+00:00,601.22,601.91,598.88,600.44,62114767
2025-06-26 04:00:00+00:00,602.29,605.57,601.67,605.14,78548361
2025-06-27 04:00:00+00:00,606.13,609.61,604.11,608.14,86258398
2025-06-30 04:00:00+00:00,610.59,612.41,608.27,611.05,92502541
2025-07-01 04:00:00+00:00,609.58,612.02,608.75,610.85,70030140
2025-07-02 04:00:00+00:00,610.45,613.66,609.82,613.62,66510374
2025-07-03 04:00:00+00:00,615.6,619.39,615.58,618.46,51065578
2025-07-07 04:00:00+00:00,616.5,617.16,611.07,613.85,74814505
2025-07-08 04:00:00+00:00,614.51,615.26,612.7,613.51,59024585
2025-07-09 04:00:00+00:00,615.92,617.84,614.08,617.19,66113326
2025-07-10 04:00:00+00:00,617.33,619.97,616.15,618.93,57527933
2025-07-11 04:00:00+00:00,615.89,617.98,614.69,616.76,63670226
2025-07-14 04:00:00+00:00,616.3,618.28,614.96,617.93,51898518
2025-07-15 04:00:00+00:00,620.61,620.95,615.21,615.29,74317260
2025-07-16 04:00:00+00:00,616.88,617.85,611.25,617.35,88964127
2025-07-17 04:00:00+00:00,617.53,621.49,617.31,621.13,68885558
2025-07-18 04:00:00+00:00,622.37,622.54,619.57,620.67,65621496
2025-07-21 04:00:00+00:00,621.85,624.59,621.42,621.85,63374984
2025-07-22 04:00:00+00:00,622.18,622.8,619.3,621.94,60046288
2025-07-23 04:00:00+00:00,624.6,627.23,622.8,627.23,71015836
2025-07-24 04:00:00+00:00,627.62,629.15,627.01,627.44,71307134
2025-07-25 04:00:00+00:00,628.1,630.56,627.85,630.09,56865364
2025-07-28 04:00:00+00:00,630.46,631.02,628.55,629.93,54917102
2025-07-29 04:00:00+00:00,631.32,631.64,627.35,628.27,60556278
2025-07-30 04:00:00+00:00,628.92,630.66,624.59,627.48,80413429
2025-07-31 04:00:00+00:00,632.42,632.81,623.82,625.12,103385246
2025-08-01 04:00:00+00:00,619.41,619.45,612.47,614.88,140103572
2025-08-04 04:00:00+00:00,618.78,624.27,618.7,624.22,73218015
2025-08-05 04:00:00+00:00,624.84,625.64,620.14,621.06,68051401
2025-08-06 04:00:00+00:00,622.13,626.47,621.22,625.82,64357525
2025-08-07 04:00:00+00:00,629.24,629.97,622.19,625.29,74205791
2025-08-08 04:00:00+00:00,627.08,630.63,626.77,630.17,64051626
2025-08-11 04:00:00+00:00,630.44,631.92,627.68,628.92,58742300
2025-08-12 04:00:00+00:00,631.27,635.77,629.78,635.62,64821798
2025-08-13 04:00:00+00:00,637.81,639.08,635.61,637.79,60092790
2025-08-14 04:00:00+00:00,635.72,638.51,635.27,637.85,59327466
2025-08-15 04:00:00+00:00,638.88,638.98,635.44,636.36,68592507
2025-08-18 04:00:00+00:00,635.78,636.91,635.11,636.22,43804914
2025-08-19 04:00:00+00:00,636.04,637.02,631.45,632.77,69750731
2025-08-20 04:00:00+00:00,632.36,632.62,625.98,631.09,88890298
2025-08-21 04:00:00+00:00,629.28,630.95,626.83,628.56,54805775
2025-08-22 04:00:00+00:00,630.74,639.38,630.24,638.21,84083214
2025-08-25 04:00:00+00:00,636.95,638.19,635.28,635.4,51274332
2025-08-26 04:00:00+00:00,635.13,638.41,634.51,638.06,51581565
2025-08-27 04:00:00+00:00,637.48,640.25,637.33,639.51,48341069
2025-08-28 04:00:00+00:00,640.12,642.33,638.24,641.78,61519461
2025-08-29 04:00:00+00:00,640.34,640.71,636.06,637.95,74423178
2025-09-02 04:00:00+00:00,630.48,633.44,627.93,633.22,81983545
2025-09-03 04:00:00+00:00,635.6,637.12,633.41,636.66,70820898
2025-09-04 04:00:00+00:00,637.33,642.01,636.43,641.98,65219228
2025-09-05 04:00:00+00:00,644.31,645.03,636.25,640.12,84304124
2025-09-08 04:00:00+00:00,641.48,642.69,640.11,641.69,63130164
2025-09-09 04:00:00+00:00,641.83,643.7,640.1,643.17,66133856
2025-09-10 04:00:00+00:00,646.43,647.35,643.47,645.03,78034529
2025-09-11 04:00:00+00:00,646.98,651.08,646.4,650.39,69895740
2025-09-12 04:00:00+00:00,650.36,651.86,649.67,650.17,72780135
2025-09-15 04:00:00+00:00,652.38,653.76,652.08,653.64,63772412
2025-09-16 04:00:00+00:00,654.19,654.5,651.95,652.74,61168953
2025-09-17 04:00:00+00:00,652.75,654.44,647.1,651.93,101952244
2025-09-18 04:00:00+00:00,654.61,657.57,653.0,654.97,90458735
2025-09-19 04:00:00+00:00,656.86,659.06,654.91,658.22,97945620
2025-09-22 04:00:00+00:00,656.73,661.78,656.7,661.33,69452201
2025-09-23 04:00:00+00:00,661.21,661.83,656.51,657.73,81708872
2025-09-24 04:00:00+00:00,659.02,659.12,654.22,655.64,68082229
2025-09-25 04:00:00+00:00,652.5,653.96,649.0,652.61,89622067
2025-09-26 04:00:00+00:00,654.06,656.9,652.44,656.35,69179209
2025-09-29 04:00:00+00:00,658.87,659.78,656.39,658.2,73499015
2025-09-30 04:00:00+00:00,657.45,661.14,656.14,660.67,86288028
2025-10-01 04:00:00+00:00,657.69,663.84,657.58,662.93,72545369
2025-10-02 04:00:00+00:00,664.91,665.02,661.27,663.69,56895993
2025-10-03 04:00:00+00:00,664.45,667.12,662.64,663.68,70494350
2025-10-06 04:00:00+00:00,666.07,666.95,663.92,666.06,54623260
2025-10-07 04:00:00+00:00,666.98,667.43,662.15,663.59,72020067
2025-10-08 04:00:00+00:00,664.71,667.64,663.89,667.55,60702241
2025-10-09 04:00:00+00:00,667.96,668.37,663.68,665.61,66501941
2025-10-10 04:00:00+00:00,666.58,668.38,647.45,647.62,159422589
2025-10-13 04:00:00+00:00,655.19,659.63,654.32,657.56,79560517
2025-10-14 04:00:00+00:00,651.74,660.33,647.77,656.76,88779560
2025-10-15 04:00:00+00:00,661.31,664.69,653.48,659.67,81702555
2025-10-16 04:00:00+00:00,661.31,663.18,651.68,655.18,110563346
2025-10-17 04:00:00+00:00,654.05,660.25,652.7,658.9,96500870
2025-10-20 04:00:00+00:00,661.81,666.66,661.76,665.75,60492650
2025-10-21 04:00:00+00:00,665.89,667.43,664.44,665.74,56248835
2025-10-22 04:00:00+00:00,666.45,666.45,657.82,662.28,80564006
2025-10-23 04:00:00+00:00,662.6,667.15,662.28,666.21,65604461
2025-10-24 04:00:00+00:00,670.87,672.86,670.07,671.65,74356527
2025-10-27 04:00:00+00:00,677.09,679.87,676.48,679.58,63293828
2025-10-28 04:00:00+00:00,681.37,683.21,679.17,681.38,61737972
2025-10-29 04:00:00+00:00,683.03,684.0,677.23,681.71,85340645
2025-10-30 04:00:00+00:00,678.25,680.27,674.21,674.21,76335751
2025-10-31 04:00:00+00:00,679.38,679.42,673.63,676.42,87164122
2025-11-03 05:00:00+00:00,680.0,680.13,674.32,677.69,57315025
2025-11-04 05:00:00+00:00,670.52,674.34,669.01,669.66,78426969
2025-11-05 05:00:00+00:00,669.4,675.23,668.6,671.98,74402376
2025-11-06 05:00:00+00:00,670.88,671.78,663.19,664.77,85035298
2025-11-07 05:00:00+00:00,662.39,665.53,655.74,665.43,100592443
2025-11-10 05:00:00+00:00,671.64,676.54,669.45,675.81,75842888
2025-11-11 05:00:00+00:00,674.33,677.92,673.12,677.36,58953385
2025-11-12 05:00:00+00:00,679.13,679.3,675.32,677.73,62312484
2025-11-13 05:00:00+00:00,674.88,675.23,664.98,666.49,103457788
2025-11-14 05:00:00+00:00,659.88,670.08,657.78,666.38,96846672
2025-11-17 05:00:00+00:00,664.17,668.14,656.7,660.17,90456105
2025-11-18 05:00:00+00:00,656.62,659.62,650.44,654.63,114467488
2025-11-19 05:00:00+00:00,655.32,661.83,653.3,657.15,94702955
2025-11-20 05:00:00+00:00,667.35,669.98,646.5,647.14,165293521
2025-11-21 05:00:00+00:00,649.64,659.06,645.47,653.58,123956203
2025-11-24 05:00:00+00:00,657.21,664.52,656.12,663.2,80437940
2025-11-25 05:00:00+00:00,663.1,670.62,658.99,669.44,81077088
2025-11-26 05:00:00+00:00,672.03,676.07,671.13,674.06,71879597
2025-11-28 05:00:00+00:00,675.23,678.02,674.88,677.74,49212030
2025-12-01 05:00:00+00:00,673.2,677.35,673.13,674.65,61201193
2025-12-02 05:00:00+00:00,676.28,678.17,673.71,675.9,62953844
2025-12-03 05:00:00+00:00,674.95,679.25,674.07,678.24,57238481
2025-12-04 05:00:00+00:00,679.64,679.71,675.71,678.73,61970336
2025-12-05 05:00:00+00:00,679.81,682.7,678.92,680.02,79241045
2025-12-08 05:00:00+00:00,680.92,680.97,675.94,677.98,55231462
2025-12-09 05:00:00+00:00,677.5,679.72,676.95,677.4,58310055
2025-12-10 05:00:00+00:00,676.92,683.28,675.68,681.89,85671334
2025-12-11 05:00:00+00:00,679.48,683.55,676.53,683.47,86173678
2025-12-12 05:00:00+00:00,682.48,683.19,673.56,676.13,113160347
2025-12-15 05:00:00+00:00,680.07,680.09,673.64,675.1,90810952
2025-12-16 05:00:00+00:00,673.62,675.45,669.4,673.26,122030631
2025-12-17 05:00:00+00:00,674.27,674.81,665.65,665.85,110625198
2025-12-18 05:00:00+00:00,672.0,675.11,669.32,670.88,108650128
2025-12-19 05:00:00+00:00,672.98,677.46,672.86,676.96,103599543
2025-12-22 05:00:00+00:00,680.29,681.71,676.96,681.18,69556733
2025-12-23 05:00:00+00:00,680.27,684.53,680.22,684.29,64839951
2025-12-24 05:00:00+00:00,684.28,687.15,684.13,686.7,39445560
2025-12-26 05:00:00+00:00,686.96,687.97,685.59,686.63,41613347
2025-12-29 05:00:00+00:00,683.87,685.52,682.41,684.18,62559503
2025-12-30 05:00:00+00:00,683.78,684.88,682.92,683.35,47160671
2025-12-31 05:00:00+00:00,683.48,683.69,678.07,678.28,74144801
2026-01-02 05:00:00+00:00,682.05,683.21,676.19,679.53,89377203
2026-01-05 05:00:00+00:00,682.88,685.75,682.71,684.05,71753091
2026-01-06 05:00:00+00:00,684.26,688.62,684.11,688.12,69273827
2026-01-07 05:00:00+00:00,688.5,690.26,685.64,685.9,75588337
2026-01-08 05:00:00+00:00,685.15,686.93,683.82,685.83,64019200
2026-01-09 05:00:00+00:00,686.95,691.6,685.5,690.37,80125467
2026-01-12 05:00:00+00:00,687.0,692.38,686.95,691.45,63976002
2026-01-13 05:00:00+00:00,691.78,692.38,687.66,690.07,78309726
2026-01-14 05:00:00+00:00,687.32,688.03,682.38,686.68,94676684
2026-01-15 05:00:00+00:00,690.87,691.74,687.56,688.55,77861974
2026-01-16 05:00:00+00:00,689.96,690.55,686.42,687.97,79289200
2026-01-20 05:00:00+00:00,677.86,681.12,672.96,673.97,111623277
2026-01-21 05:00:00+00:00,676.03,685.06,674.51,681.75,127844467
2026-01-22 05:00:00+00:00,686.17,687.44,683.26,685.31,77112243
2026-01-23 05:00:00+00:00,684.48,687.28,683.5,685.55,63059578
2026-01-26 05:00:00+00:00,686.81,690.43,686.24,689.04,60473813
2026-01-27 05:00:00+00:00,690.48,692.82,689.87,691.78,55506147
2026-01-28 05:00:00+00:00,693.33,694.12,690.24,691.71,61172165
2026-01-29 05:00:00+00:00,692.68,693.34,681.18,690.34,97486198
2026-01-30 05:00:00+00:00,688.1,690.51,683.46,688.28,101835131
2026-02-02 05:00:00+00:00,685.9,693.21,68.64,691.7,79286521
2026-02-03 05:00:00+00:00,692.5,693.24,680.38,685.85,107904611
2026-02-04 05:00:00+00:00,686.67,687.76,678.12,682.53,105204600
2026-02-05 05:00:00+00:00,677.31,680.04,672.19,674.01,113610812
2026-02-06 05:00:00+00:00,677.83,688.62,677.22,686.94,89127566
2026-02-09 05:00:00+00:00,685.74,692.16,684.67,690.25,73885192
2026-02-10 05:00:00+00:00,691.24,692.83,687.97,688.43,65185725
2026-02-11 05:00:00+00:00,692.68,693.42,685.5,688.27,76353872
2026-02-12 05:00:00+00:00,690.54,691.64,676.74,677.64,118828963
2026-02-13 05:00:00+00:00,678.05,682.62,673.91,678.11,96267487
2026-02-17 05:00:00+00:00,676.51,681.29,672.18,679.21,81354660
2026-02-18 05:00:00+00:00,680.37,685.48,679.19,682.63,73570341
2026-02-19 05:00:00+00:00,680.19,682.52,677.91,680.83,58649363
2026-02-20 05:00:00+00:00,678.68,686.38,678.09,685.75,100033986
2026-02-23 05:00:00+00:00,684.16,686.32,676.74,678.75,90667777
2026-02-24 05:00:00+00:00,678.26,684.68,676.37,683.68,73879636
2026-02-25 05:00:00+00:00,686.5,689.98,686.42,689.45,56447240
2026-02-26 05:00:00+00:00,689.58,689.6,680.7,685.62,71763014
2026-02-27 05:00:00+00:00,679.45,683.2,678.01,682.33,83410162
2026-03-02 05:00:00+00:00,675.08,684.95,674.4,682.72,87604490
2026-03-03 05:00:00+00:00,671.46,678.97,666.09,676.7,105122181
2026-03-04 05:00:00+00:00,678.0,683.43,676.0,681.48,79278994
2026-03-05 05:00:00+00:00,678.44,681.87,672.01,677.68,106716391
2026-03-06 05:00:00+00:00,669.82,672.5,666.19,668.79,100796751
2026-03-09 04:00:00+00:00,662.84,676.29,658.86,674.65,102774914
2026-03-10 04:00:00+00:00,674.11,679.72,671.16,673.57,81585842
2026-03-11 04:00:00+00:00,673.97,676.45,669.75,672.72,68519802
2026-03-12 04:00:00+00:00,667.58,668.07,662.32,662.51,108960383
2026-03-13 04:00:00+00:00,665.7,668.75,657.83,658.76,97287732
2026-03-16 04:00:00+00:00,664.82,668.49,663.56,665.46,82112619
2026-03-17 04:00:00+00:00,668.8,670.84,666.13,667.21,87193712
2026-03-18 04:00:00+00:00,664.8,666.15,657.66,657.9,82139971
2026-03-19 04:00:00+00:00,653.47,659.44,651.68,656.28,111355978
2026-03-20 04:00:00+00:00,654.82,655.0,643.06,646.9,163708346
2026-03-23 04:00:00+00:00,656.38,660.91,652.26,653.7,134908956
2026-03-24 04:00:00+00:00,649.65,655.34,648.21,651.5,96536775
2026-03-25 04:00:00+00:00,656.98,659.19,652.56,655.13,90728937
2026-03-26 04:00:00+00:00,650.38,653.17,643.16,643.43,96572697
2026-03-27 04:00:00+00:00,640.85,641.01,631.48,632.46,103743913
2026-03-30 04:00:00+00:00,638.47,638.72,627.66,630.35,99377166
2026-03-31 04:00:00+00:00,637.3,649.87,636.34,648.67,152604652
2026-04-01 04:00:00+00:00,652.22,656.83,651.32,653.56,97921207
2026-04-02 04:00:00+00:00,644.76,656.51,643.45,654.15,68431760
2026-04-06 04:00:00+00:00,654.18,658.03,653.84,657.24,39197388
2026-04-07 04:00:00+00:00,654.96,657.92,649.39,657.53,70057264
2026-04-08 04:00:00+00:00,674.65,675.34,669.74,674.27,93677757
2026-04-09 04:00:00+00:00,673.11,679.41,672.04,678.16,57197883
2026-04-10 04:00:00+00:00,679.57,680.28,676.71,677.71,42320741
2026-04-13 04:00:00+00:00,675.67,684.54,674.84,684.34,54263576
2026-04-14 04:00:00+00:00,685.92,692.8,685.89,692.68,63547765
2026-04-15 04:00:00+00:00,693.47,698.48,692.42,698.14,58310636
2026-04-16 04:00:00+00:00,699.26,700.97,696.74,699.86,50037766
2026-04-17 04:00:00+00:00,704.33,710.56,703.95,708.32,70739977
2026-04-20 04:00:00+00:00,706.96,708.09,704.33,706.9,43593498
2026-04-21 04:00:00+00:00,708.46,709.45,700.83,702.27,59014672
2026-04-22 04:00:00+00:00,707.33,709.62,706.4,709.38,42583611
2026-04-23 04:00:00+00:00,707.68,710.53,700.48,706.63,56244485
2026-04-24 04:00:00+00:00,708.92,712.63,707.19,712.11,45278698
2026-04-27 04:00:00+00:00,711.34,713.79,710.47,713.33,33179855
2026-04-28 04:00:00+00:00,709.99,711.05,707.43,709.86,43186985
2026-04-29 04:00:00+00:00,709.17,710.37,706.55,709.75,41928677
2026-04-30 04:00:00+00:00,712.79,717.94,708.62,716.81,67313196
2026-05-01 04:00:00+00:00,719.4,723.01,718.62,718.8,43135976
2026-05-04 04:00:00+00:00,718.22,720.26,713.15,716.17,52017943
2026-05-05 04:00:00+00:00,719.92,723.18,719.64,721.91,37011872
2026-05-06 04:00:00+00:00,726.29,732.7,725.95,731.94,53373841
2026-05-07 04:00:00+00:00,733.16,734.24,727.88,729.7,51811081
2026-05-08 04:00:00+00:00,733.04,736.18,732.68,735.73,47309511
2026-05-11 04:00:00+00:00,734.56,738.89,734.56,737.4,44122056
2026-05-12 04:00:00+00:00,735.0,736.94,729.95,736.28,54273627
2026-05-13 04:00:00+00:00,736.57,742.0,733.58,740.4,44279823
2026-05-14 04:00:00+00:00,741.74,747.6,741.65,746.25,45389220
2026-05-15 04:00:00+00:00,739.88,741.55,736.06,737.27,60513211
2026-05-18 04:00:00+00:00,737.93,739.51,731.51,736.75,47930194
2026-05-19 04:00:00+00:00,732.89,735.75,729.65,731.85,54323631
2026-05-20 04:00:00+00:00,733.82,739.96,732.0,739.35,45832492
2026-05-21 04:00:00+00:00,736.74,742.96,735.14,740.81,43396522
2026-05-22 04:00:00+00:00,744.32,747.02,742.57,743.72,41833274
2026-05-26 04:00:00+00:00,748.08,750.2,746.45,748.66,41224290
2026-05-27 04:00:00+00:00,748.95,749.45,746.3,748.53,42182638
2026-05-28 04:00:00+00:00,748.32,753.21,747.31,752.66,41635596
2026-05-29 04:00:00+00:00,753.96,756.13,752.75,754.54,55157560
2026-06-01 04:00:00+00:00,753.42,758.33,752.75,756.59,43743307
2026-06-02 04:00:00+00:00,755.09,758.45,754.81,757.62,31659089
2026-06-03 04:00:00+00:00,756.2,756.85,751.63,752.3,51481600
2026-06-04 04:00:00+00:00,750.17,756.36,749.54,755.15,49997957
2026-06-05 04:00:00+00:00,750.38,750.89,733.64,735.66,94079416
2026-06-08 04:00:00+00:00,741.45,743.43,736.29,737.32,49409156
2026-06-09 04:00:00+00:00,741.72,744.98,720.73,735.16,87632447
2026-06-10 04:00:00+00:00,731.51,736.48,723.47,723.57,60413773
2026-06-11 04:00:00+00:00,726.89,738.1,722.54,735.86,86398845
2026-06-12 04:00:00+00:00,738.81,742.53,733.14,739.84,57157800
2026-06-15 04:00:00+00:00,749.92,754.74,749.83,752.89,60270690
2026-06-16 04:00:00+00:00,752.61,753.5,747.95,748.4,67210550
2026-06-17 04:00:00+00:00,749.36,750.22,737.32,739.06,86738310
2026-06-18 04:00:00+00:00,747.76,748.23,743.86,746.74,88133310
2026-06-22 04:00:00+00:00,747.7,750.18,743.13,744.39,46731169
2026-06-23 04:00:00+00:00,733.81,739.63,732.3,733.58,66917430
2026-06-24 04:00:00+00:00,735.17,739.945,730.84,733.24,57507627
2026-06-25 04:00:00+00:00,738.91,739.37,729.6,734.3,54195404
2026-06-26 04:00:00+00:00,728.945,736.53,716.58,728.99,71104306
2026-06-29 04:00:00+00:00,736.525,741.56,732.09,741.0,58501605
2026-06-30 04:00:00+00:00,741.29,748.02,740.89,746.77,55693737
2026-07-01 04:00:00+00:00,745.0,749.435,742.375,745.76,47175555
2026-07-02 04:00:00+00:00,747.4,751.31,740.03,744.78,57575794
2026-07-06 04:00:00+00:00,748.74,752.41,747.41,751.28,50768534
2026-07-07 04:00:00+00:00,750.22,750.96,745.21,747.71,43789259
2026-07-08 04:00:00+00:00,743.16,746.15,739.51,745.4,43833354
2026-07-09 04:00:00+00:00,747.35,751.97,745.59,751.71,41503216
2026-07-10 04:00:00+00:00,752.05,755.42,748.1,754.95,42260129
2026-07-13 04:00:00+00:00,752.47,753.9105,748.0,749.17,44096964
2026-07-14 04:00:00+00:00,750.91,753.34,748.66,751.83,35205607
2026-07-15 04:00:00+00:00,754.24,755.58,750.2,754.81,43913069
2026-07-16 04:00:00+00:00,752.76,754.57,747.88,750.72,46475759
2026-07-17 04:00:00+00:00,742.08,747.29,740.8,743.29,62723008
2026-07-20 04:00:00+00:00,747.06,748.73,741.5103,742.09,50500548
2026-07-21 04:00:00+00:00,746.29,749.04,744.18,748.28,34385946
2026-07-22 04:00:00+00:00,746.62,750.02,746.37,747.41,32896257
2026-07-23 04:00:00+00:00,739.37,742.56,735.21,738.18,55502098
2026-07-24 04:00:00+00:00,738.51,743.72,737.29,738.93,44843800
2026-07-27 04:00:00+00:00,744.91,745.53,735.87,739.09,41536532
2026-07-28 04:00:00+00:00,739.19,742.7901,735.98,740.86,47379272
2026-07-29 04:00:00+00:00,739.97,742.68,729.1,729.46,70750566
2026-07-30 04:00:00+00:00,736.05,742.45,734.59,741.69,66868279
2026-07-31 04:00:00+00:00,744.68,748.895,737.68,747.03,62511105
2026-08-03 04:00:00+00:00,749.44,758.58,748.8,757.67,60014447
