timestamp,open,high,low,close,volume
2017-02-01 05:00:00+00:00,21.52,21.68,21.46,21.64,20437300
2017-02-02 05:00:00+00:00,21.63,21.63,21.47,21.54,10298772
2017-02-03 05:00:00+00:00,21.57,21.61,21.51,21.58,11253768
2017-02-06 05:00:00+00:00,21.53,21.55,21.43,21.52,5594158
2017-02-07 05:00:00+00:00,21.46,21.5,21.32,21.35,8576344
2017-02-08 05:00:00+00:00,21.34,21.41,21.27,21.4,9513346
2017-02-09 05:00:00+00:00,21.41,21.46,21.35,21.39,16399396
2017-02-10 05:00:00+00:00,21.49,21.62,21.47,21.59,7214460
2017-02-13 05:00:00+00:00,21.67,21.82,21.67,21.76,7699784
2017-02-14 05:00:00+00:00,21.73,21.77,21.62,21.76,7421484
2017-02-15 05:00:00+00:00,21.7,21.8,21.69,21.73,6265014
2017-02-16 05:00:00+00:00,21.75,21.86,21.66,21.73,6711262
2017-02-17 05:00:00+00:00,21.69,21.72,21.59,21.67,8990888
2017-02-21 05:00:00+00:00,21.66,21.8,21.62,21.74,14883400
2017-02-22 05:00:00+00:00,21.65,21.92,21.64,21.8,10531668
2017-02-23 05:00:00+00:00,21.84,21.92,21.66,21.68,7186998
2017-02-24 05:00:00+00:00,21.59,21.74,21.55,21.72,9937990
2017-02-27 05:00:00+00:00,21.72,21.85,21.64,21.67,12982624
2017-02-28 05:00:00+00:00,21.65,21.75,21.62,21.65,8237568
2017-03-01 05:00:00+00:00,21.85,22.14,21.85,22.07,12199058
2017-03-02 05:00:00+00:00,22.05,22.06,21.83,21.83,9588172
2017-03-03 05:00:00+00:00,21.83,21.91,21.76,21.82,6042866
2017-03-06 05:00:00+00:00,21.74,21.8,21.64,21.68,7326540
2017-03-07 05:00:00+00:00,21.69,21.71,21.55,21.56,7976308
2017-03-08 05:00:00+00:00,21.57,21.78,21.52,21.56,10516764
2017-03-09 05:00:00+00:00,21.59,21.61,21.39,21.49,9228026
2017-03-10 05:00:00+00:00,21.61,21.66,21.49,21.59,9716512
2017-03-13 04:00:00+00:00,21.62,21.66,21.56,21.65,7186706
2017-03-14 04:00:00+00:00,21.57,21.58,21.44,21.47,11501880
2017-03-15 04:00:00+00:00,21.56,21.85,21.54,21.81,11797356
2017-03-16 04:00:00+00:00,21.86,21.89,21.63,21.66,13639486
2017-03-17 04:00:00+00:00,21.76,21.83,21.73,21.75,10683034
2017-03-20 04:00:00+00:00,21.77,21.88,21.69,21.87,5510400
2017-03-21 04:00:00+00:00,21.89,21.94,21.48,21.51,14855662
2017-03-22 04:00:00+00:00,21.49,21.59,21.35,21.57,11434804
2017-03-23 04:00:00+00:00,21.54,21.73,21.49,21.66,9627062
2017-03-24 04:00:00+00:00,21.65,21.71,21.38,21.47,12272126
2017-03-27 04:00:00+00:00,21.27,21.56,21.21,21.52,8786420
2017-03-28 04:00:00+00:00,21.55,21.84,21.49,21.77,8095994
2017-03-29 04:00:00+00:00,21.73,21.84,21.71,21.78,6100754
2017-03-30 04:00:00+00:00,21.77,21.9,21.76,21.79,6052338
2017-03-31 04:00:00+00:00,21.8,21.9,21.76,21.78,7612348
2017-04-03 04:00:00+00:00,21.79,21.88,21.53,21.7,9274672
2017-04-04 04:00:00+00:00,21.68,21.79,21.63,21.78,7016846
2017-04-05 04:00:00+00:00,21.85,22.02,21.74,21.76,10324214
2017-04-06 04:00:00+00:00,21.78,21.96,21.71,21.88,6776860
2017-04-07 04:00:00+00:00,21.82,21.93,21.79,21.86,5165436
2017-04-10 04:00:00+00:00,21.86,21.92,21.78,21.86,7025846
2017-04-11 04:00:00+00:00,21.8,21.85,21.68,21.8,7898592
2017-04-12 04:00:00+00:00,21.77,21.81,21.52,21.53,7951610
2017-04-13 04:00:00+00:00,21.49,21.53,21.31,21.33,8540262
2017-04-17 04:00:00+00:00,21.38,21.49,21.34,21.48,8105780
2017-04-18 04:00:00+00:00,21.38,21.52,21.36,21.45,5192210
2017-04-19 04:00:00+00:00,21.53,21.59,21.45,21.48,6839572
2017-04-20 04:00:00+00:00,21.58,21.81,21.56,21.72,8364674
2017-04-21 04:00:00+00:00,21.7,21.75,21.64,21.7,7410076
2017-04-24 04:00:00+00:00,21.93,22.0,21.9,21.95,12310316
2017-04-25 04:00:00+00:00,22.14,22.33,22.12,22.3,19221260
2017-04-26 04:00:00+00:00,22.27,22.37,22.21,22.29,6413758
2017-04-27 04:00:00+00:00,22.27,22.31,22.1,22.24,9335954
2017-04-28 04:00:00+00:00,22.2,22.27,22.06,22.08,8549242
2017-05-01 04:00:00+00:00,22.16,22.16,22.01,22.07,8203188
2017-05-02 04:00:00+00:00,22.08,22.14,22.01,22.11,7083744
2017-05-03 04:00:00+00:00,22.02,22.07,21.83,21.89,14703586
2017-05-04 04:00:00+00:00,21.95,21.97,21.85,21.92,7689854
2017-05-05 04:00:00+00:00,21.96,22.24,21.96,22.23,11730264
2017-05-08 04:00:00+00:00,22.18,22.21,22.0,22.05,10602206
2017-05-09 04:00:00+00:00,22.03,22.07,21.85,21.88,9592912
2017-05-10 04:00:00+00:00,21.92,21.98,21.86,21.95,6702582
2017-05-11 04:00:00+00:00,21.9,21.97,21.72,21.92,6773176
2017-05-12 04:00:00+00:00,21.9,21.93,21.85,21.87,4899440
2017-05-15 04:00:00+00:00,21.96,22.12,21.93,22.06,6715720
2017-05-16 04:00:00+00:00,22.07,22.12,22.03,22.06,6191754
2017-05-17 04:00:00+00:00,21.91,21.92,21.59,21.6,16613054
2017-05-18 04:00:00+00:00,21.51,21.66,21.34,21.61,14090186
2017-05-19 04:00:00+00:00,21.65,21.89,21.65,21.8,10281790
2017-05-22 04:00:00+00:00,21.87,21.92,21.76,21.81,5901622
2017-05-23 04:00:00+00:00,21.87,21.92,21.81,21.84,7350602
2017-05-24 04:00:00+00:00,21.88,22.03,21.88,21.98,6568076
2017-05-25 04:00:00+00:00,22.06,22.12,21.91,21.96,10055342
2017-05-26 04:00:00+00:00,21.92,22.02,21.9,22.0,4390008
2017-05-30 04:00:00+00:00,21.97,22.03,21.92,21.99,5668098
2017-05-31 04:00:00+00:00,22.02,22.07,21.85,22.06,12543878
2017-06-01 04:00:00+00:00,22.05,22.35,22.04,22.32,16232106
2017-06-02 04:00:00+00:00,22.32,22.43,22.27,22.38,10185932
2017-06-05 04:00:00+00:00,22.36,22.41,22.28,22.31,9374402
2017-06-06 04:00:00+00:00,22.22,22.39,22.2,22.32,8441100
2017-06-07 04:00:00+00:00,22.39,22.43,22.28,22.35,8459366
2017-06-08 04:00:00+00:00,22.32,22.49,22.31,22.43,7379294
2017-06-09 04:00:00+00:00,22.47,22.73,22.47,22.71,15248032
2017-06-12 04:00:00+00:00,22.68,22.8,22.57,22.62,11694302
2017-06-13 04:00:00+00:00,22.61,22.91,22.61,22.9,6900008
2017-06-14 04:00:00+00:00,22.93,22.95,22.6,22.66,11779928
2017-06-15 04:00:00+00:00,22.5,22.59,22.36,22.46,10920868
2017-06-16 04:00:00+00:00,22.57,22.57,22.43,22.55,9729108
2017-06-19 04:00:00+00:00,22.67,22.77,22.64,22.74,5121016
2017-06-20 04:00:00+00:00,22.69,22.69,22.61,22.61,7095288
2017-06-21 04:00:00+00:00,22.64,22.66,22.34,22.37,9703790
2017-06-22 04:00:00+00:00,22.37,22.48,22.36,22.4,6799452
2017-06-23 04:00:00+00:00,22.45,22.55,22.37,22.49,6807430
2017-06-26 04:00:00+00:00,22.56,22.59,22.46,22.55,8195388
2017-06-27 04:00:00+00:00,22.6,22.63,22.41,22.42,7376548
2017-06-28 04:00:00+00:00,22.58,22.67,22.54,22.62,6729168
2017-06-29 04:00:00+00:00,22.61,22.65,22.29,22.36,9069668
2017-06-30 04:00:00+00:00,22.39,22.57,22.38,22.47,6462794
2017-07-03 04:00:00+00:00,22.52,22.72,22.5,22.66,6345004
2017-07-05 04:00:00+00:00,22.69,22.7,22.52,22.59,11585670
2017-07-06 04:00:00+00:00,22.47,22.61,22.42,22.49,10209774
2017-07-07 04:00:00+00:00,22.53,22.63,22.44,22.61,5327056
2017-07-10 04:00:00+00:00,22.6,22.84,22.51,22.75,7916454
2017-07-11 04:00:00+00:00,22.75,22.77,22.58,22.72,4120272
2017-07-12 04:00:00+00:00,22.84,23.0,22.8,22.98,5922810
2017-07-13 04:00:00+00:00,23.0,23.04,22.92,22.96,4313160
2017-07-14 04:00:00+00:00,23.04,23.12,22.98,23.08,7033672
2017-07-17 04:00:00+00:00,23.08,23.18,23.03,23.12,7074186
2017-07-18 04:00:00+00:00,23.05,23.06,22.93,23.02,4760206
2017-07-19 04:00:00+00:00,23.03,23.26,23.03,23.24,6981336
2017-07-20 04:00:00+00:00,23.19,23.2,23.0,23.07,9263656
2017-07-21 04:00:00+00:00,23.0,23.08,22.97,23.08,5911336
2017-07-24 04:00:00+00:00,23.05,23.09,22.96,23.05,5606810
2017-07-25 04:00:00+00:00,23.25,23.35,23.22,23.3,9422732
2017-07-26 04:00:00+00:00,23.28,23.28,23.12,23.16,8056296
2017-07-27 04:00:00+00:00,23.18,23.23,22.97,23.08,7666494
2017-07-28 04:00:00+00:00,23.1,23.17,22.9,22.99,9576396
2017-07-31 04:00:00+00:00,23.04,23.07,22.8,22.82,9315860
2017-08-01 04:00:00+00:00,22.91,22.91,22.72,22.83,23225098
2017-08-02 04:00:00+00:00,22.77,22.89,22.67,22.85,6515644
2017-08-03 04:00:00+00:00,22.93,22.93,22.66,22.68,8306940
2017-08-04 04:00:00+00:00,22.75,22.82,22.74,22.79,5665114
2017-08-07 04:00:00+00:00,22.82,22.89,22.79,22.8,5927640
2017-08-08 04:00:00+00:00,22.76,22.78,22.58,22.62,8498200
2017-08-09 04:00:00+00:00,22.61,22.67,22.57,22.65,6974624
2017-08-10 04:00:00+00:00,22.56,22.6,22.37,22.39,14039440
2017-08-11 04:00:00+00:00,22.32,22.42,22.3,22.33,8409394
2017-08-14 04:00:00+00:00,22.45,22.58,22.45,22.54,7323012
2017-08-15 04:00:00+00:00,22.56,22.59,22.48,22.55,4106632
2017-08-16 04:00:00+00:00,22.62,22.77,22.62,22.77,12517312
2017-08-17 04:00:00+00:00,22.69,22.73,22.42,22.42,9109638
2017-08-18 04:00:00+00:00,22.34,22.53,22.33,22.44,7684008
2017-08-21 04:00:00+00:00,22.47,22.51,22.39,22.46,5571866
2017-08-22 04:00:00+00:00,22.51,22.74,22.51,22.74,6401192
2017-08-23 04:00:00+00:00,22.64,22.77,22.62,22.7,9384378
2017-08-24 04:00:00+00:00,22.7,22.74,22.63,22.66,5395350
2017-08-25 04:00:00+00:00,22.74,22.78,22.68,22.73,5936004
2017-08-28 04:00:00+00:00,22.81,22.81,22.67,22.76,4743462
2017-08-29 04:00:00+00:00,22.62,22.68,22.56,22.65,6201044
2017-08-30 04:00:00+00:00,22.64,22.84,22.57,22.82,12351466
2017-08-31 04:00:00+00:00,22.93,23.05,22.9,23.0,9960128
2017-09-01 04:00:00+00:00,23.08,23.17,23.02,23.15,10799834
2017-09-05 04:00:00+00:00,23.17,23.23,22.86,22.88,13843584
2017-09-06 04:00:00+00:00,22.9,22.97,22.77,22.94,12653566
2017-09-07 04:00:00+00:00,22.97,22.99,22.83,22.98,9080798
2017-09-08 04:00:00+00:00,22.96,23.0,22.87,22.97,5479034
2017-09-11 04:00:00+00:00,23.1,23.33,23.05,23.27,10325180
2017-09-12 04:00:00+00:00,23.38,23.55,23.37,23.47,13522794
2017-09-13 04:00:00+00:00,23.47,23.48,23.34,23.46,8890990
2017-09-14 04:00:00+00:00,23.46,23.57,23.4,23.54,8643622
2017-09-15 04:00:00+00:00,23.52,23.58,23.46,23.54,9766172
2017-09-18 04:00:00+00:00,23.59,23.69,23.54,23.67,9091312
2017-09-19 04:00:00+00:00,23.75,23.8,23.64,23.79,6225016
2017-09-20 04:00:00+00:00,23.87,23.92,23.75,23.88,9830832
2017-09-21 04:00:00+00:00,23.83,23.91,23.82,23.83,6420204
2017-09-22 04:00:00+00:00,23.78,23.82,23.7,23.74,5967990
2017-09-25 04:00:00+00:00,23.72,23.78,23.62,23.78,11067694
2017-09-26 04:00:00+00:00,23.8,23.83,23.67,23.68,5626834
2017-09-27 04:00:00+00:00,23.71,23.74,23.51,23.68,8069900
2017-09-28 04:00:00+00:00,23.66,23.85,23.59,23.85,9561146
2017-09-29 04:00:00+00:00,23.83,23.88,23.73,23.84,8477226
2017-10-02 04:00:00+00:00,23.82,24.11,23.81,24.11,15616726
2017-10-03 04:00:00+00:00,24.14,24.22,24.07,24.21,7448492
2017-10-04 04:00:00+00:00,24.27,24.29,24.2,24.22,7769520
2017-10-05 04:00:00+00:00,24.27,24.36,24.23,24.36,7478704
2017-10-06 04:00:00+00:00,24.26,24.32,24.21,24.31,5367108
2017-10-09 04:00:00+00:00,24.33,24.34,24.22,24.3,3430674
2017-10-10 04:00:00+00:00,24.4,24.4,24.24,24.32,5293306
2017-10-11 04:00:00+00:00,24.31,24.33,24.21,24.33,4200972
2017-10-12 04:00:00+00:00,24.28,24.41,24.27,24.38,6494732
2017-10-13 04:00:00+00:00,24.53,24.56,24.48,24.5,7038714
2017-10-16 04:00:00+00:00,24.61,24.62,24.41,24.48,6761626
2017-10-17 04:00:00+00:00,24.45,24.47,24.35,24.42,6034206
2017-10-18 04:00:00+00:00,24.43,24.44,24.34,24.36,10680118
2017-10-19 04:00:00+00:00,24.31,24.45,24.22,24.44,5617856
2017-10-20 04:00:00+00:00,24.54,24.66,24.53,24.66,10257218
2017-10-23 04:00:00+00:00,24.74,24.84,24.6,24.61,6397562
2017-10-24 04:00:00+00:00,24.68,24.79,24.66,24.75,8574876
2017-10-25 04:00:00+00:00,24.75,24.78,24.51,24.62,13216848
2017-10-26 04:00:00+00:00,24.83,25.03,24.74,24.95,14205396
2017-10-27 04:00:00+00:00,24.93,24.93,24.68,24.82,10770186
2017-10-30 04:00:00+00:00,24.79,24.84,24.65,24.7,10648270
2017-10-31 04:00:00+00:00,24.73,24.83,24.72,24.77,8204242
2017-11-01 04:00:00+00:00,24.9,24.97,24.8,24.89,12173470
2017-11-02 04:00:00+00:00,24.93,24.93,24.66,24.72,26147990
2017-11-03 04:00:00+00:00,24.73,24.73,24.58,24.7,7815008
2017-11-06 05:00:00+00:00,24.66,24.77,24.57,24.59,7679398
2017-11-07 05:00:00+00:00,24.63,24.67,24.54,24.63,7445788
2017-11-08 05:00:00+00:00,24.66,24.69,24.58,24.64,5223212
2017-11-09 05:00:00+00:00,24.52,24.56,24.36,24.43,9792586
2017-11-10 05:00:00+00:00,24.35,24.46,24.34,24.4,5823050
2017-11-13 05:00:00+00:00,24.3,24.56,24.22,24.52,5558310
2017-11-14 05:00:00+00:00,24.38,24.4,24.24,24.3,7689362
2017-11-15 05:00:00+00:00,24.15,24.22,24.04,24.15,11179474
2017-11-16 05:00:00+00:00,24.24,24.48,24.22,24.44,7301614
2017-11-17 05:00:00+00:00,24.38,24.56,24.36,24.47,5893470
2017-11-20 05:00:00+00:00,24.46,24.58,24.43,24.51,8860060
2017-11-21 05:00:00+00:00,24.65,24.77,24.61,24.64,6381690
2017-11-22 05:00:00+00:00,24.67,24.68,24.58,24.58,4888992
2017-11-24 05:00:00+00:00,24.63,24.73,24.62,24.7,2500526
2017-11-27 05:00:00+00:00,24.72,24.72,24.55,24.56,7763450
2017-11-28 05:00:00+00:00,24.6,24.84,24.59,24.83,8942030
2017-11-29 05:00:00+00:00,24.86,24.88,24.78,24.87,8050028
2017-11-30 05:00:00+00:00,24.92,25.18,24.87,25.0,15899070
2017-12-01 05:00:00+00:00,25.05,25.08,24.61,24.8,17256820
2017-12-04 05:00:00+00:00,24.98,25.26,24.97,25.06,13240264
2017-12-05 05:00:00+00:00,25.06,25.11,24.92,24.93,16568768
2017-12-06 05:00:00+00:00,24.88,24.94,24.77,24.78,8286220
2017-12-07 05:00:00+00:00,24.76,24.95,24.71,24.95,7343806
2017-12-08 05:00:00+00:00,24.98,25.06,24.89,24.95,11531610
2017-12-11 05:00:00+00:00,25.02,25.09,24.95,24.98,12754882
2017-12-12 05:00:00+00:00,25.03,25.07,24.96,24.99,12085372
2017-12-13 05:00:00+00:00,25.0,25.09,24.99,25.06,8486156
2017-12-14 05:00:00+00:00,25.12,25.12,24.77,24.79,8552992
2017-12-15 05:00:00+00:00,24.87,25.0,24.84,24.92,10285434
2017-12-18 05:00:00+00:00,25.09,25.31,25.07,25.29,10296950
2017-12-19 05:00:00+00:00,25.31,25.35,25.24,25.26,6524186
2017-12-20 05:00:00+00:00,25.38,25.39,25.27,25.27,10770792
2017-12-21 05:00:00+00:00,25.38,25.41,25.26,25.36,6523838
2017-12-22 05:00:00+00:00,25.4,25.48,25.35,25.45,6506556
2017-12-26 05:00:00+00:00,25.47,25.5,25.42,25.44,3511340
2017-12-27 05:00:00+00:00,25.48,25.52,25.45,25.47,9966186
2017-12-28 05:00:00+00:00,25.5,25.59,25.44,25.58,3210526
2017-12-29 05:00:00+00:00,25.68,25.68,25.51,25.54,5096916
2018-01-02 05:00:00+00:00,25.67,25.91,25.6,25.9,19057108
2018-01-03 05:00:00+00:00,25.97,26.11,25.91,26.09,10109918
2018-01-04 05:00:00+00:00,26.19,26.36,26.18,26.31,8539336
2018-01-05 05:00:00+00:00,26.42,26.55,26.36,26.5,9494428
2018-01-08 05:00:00+00:00,26.54,26.58,26.43,26.56,10865792
2018-01-09 05:00:00+00:00,26.59,26.71,26.5,26.5,9609394
2018-01-10 05:00:00+00:00,26.46,26.47,26.3,26.37,8516280
2018-01-11 05:00:00+00:00,26.46,26.7,26.44,26.69,13051374
2018-01-12 05:00:00+00:00,26.8,26.82,26.65,26.75,9265444
2018-01-16 05:00:00+00:00,26.82,26.86,26.27,26.44,17326342
2018-01-17 05:00:00+00:00,26.62,26.67,26.44,26.58,23750608
2018-01-18 05:00:00+00:00,26.47,26.63,26.38,26.54,11894208
2018-01-19 05:00:00+00:00,26.66,26.71,26.55,26.7,10295802
2018-01-22 05:00:00+00:00,26.66,26.66,26.49,26.64,11494042
2018-01-23 05:00:00+00:00,26.58,26.65,26.44,26.63,8084710
2018-01-24 05:00:00+00:00,26.7,26.88,26.63,26.73,11604592
2018-01-25 05:00:00+00:00,26.87,27.03,26.81,26.92,15705290
2018-01-26 05:00:00+00:00,26.94,27.07,26.74,27.04,7927484
2018-01-29 05:00:00+00:00,27.02,27.05,26.71,26.73,10789302
2018-01-30 05:00:00+00:00,26.62,26.74,26.48,26.54,17985220
2018-01-31 05:00:00+00:00,26.62,26.65,26.38,26.56,20264454
2018-02-01 05:00:00+00:00,26.37,26.54,26.15,26.19,19716420
2018-02-02 05:00:00+00:00,26.05,26.09,25.49,25.5,19595294
2018-02-05 05:00:00+00:00,25.4,25.68,24.53,24.64,37830708
2018-02-06 05:00:00+00:00,24.17,25.38,24.11,25.32,38933522
2018-02-07 05:00:00+00:00,25.22,25.57,25.11,25.12,33838826
2018-02-08 05:00:00+00:00,25.14,25.2,24.22,24.22,25990940
2018-02-09 05:00:00+00:00,24.49,24.81,23.89,24.65,52991416
2018-02-12 05:00:00+00:00,24.84,25.29,24.77,25.14,21247014
2018-02-13 05:00:00+00:00,25.04,25.19,24.98,25.08,13628106
2018-02-14 05:00:00+00:00,24.87,25.47,24.82,25.42,16143814
2018-02-15 05:00:00+00:00,25.6,25.63,25.3,25.61,13119888
2018-02-16 05:00:00+00:00,25.49,25.76,25.4,25.52,18843450
2018-02-20 05:00:00+00:00,25.41,25.59,25.31,25.41,11679356
2018-02-21 05:00:00+00:00,25.42,25.76,25.31,25.31,11281584
2018-02-22 05:00:00+00:00,25.42,25.72,25.39,25.48,9151742
2018-02-23 05:00:00+00:00,25.63,25.87,25.5,25.86,7251474
2018-02-26 05:00:00+00:00,25.97,25.99,25.71,25.97,6586294
2018-02-27 05:00:00+00:00,25.95,25.98,25.61,25.61,11981548
2018-02-28 05:00:00+00:00,25.68,25.71,25.15,25.16,11279438
2018-03-01 05:00:00+00:00,25.14,25.25,24.71,24.89,20319666
2018-03-02 05:00:00+00:00,24.75,24.94,24.62,24.87,16214618
2018-03-05 05:00:00+00:00,24.76,25.28,24.73,25.21,13392534
2018-03-06 05:00:00+00:00,25.32,25.67,25.19,25.48,17764348
2018-03-07 05:00:00+00:00,25.21,25.46,25.17,25.39,16874826
2018-03-08 05:00:00+00:00,25.44,25.49,25.24,25.42,10408340
2018-03-09 05:00:00+00:00,25.57,25.88,25.47,25.87,12094304
2018-03-12 04:00:00+00:00,25.9,26.03,25.76,25.81,9665822
2018-03-13 04:00:00+00:00,25.95,26.05,25.67,25.68,12244222
2018-03-14 04:00:00+00:00,25.82,25.82,25.33,25.38,11107302
2018-03-15 04:00:00+00:00,25.42,25.44,25.05,25.05,11386328
2018-03-16 04:00:00+00:00,25.0,25.19,24.96,25.05,11310830
2018-03-19 04:00:00+00:00,24.98,24.99,24.51,24.69,12889818
2018-03-20 04:00:00+00:00,24.78,24.86,24.61,24.67,7322790
2018-03-21 04:00:00+00:00,24.72,25.17,24.64,24.94,9900742
2018-03-22 04:00:00+00:00,24.74,24.83,24.18,24.2,15607398
2018-03-23 04:00:00+00:00,24.25,24.38,23.7,23.72,16008232
2018-03-26 04:00:00+00:00,24.0,24.23,23.78,24.22,11770066
2018-03-27 04:00:00+00:00,24.27,24.43,23.84,23.97,14671862
2018-03-28 04:00:00+00:00,24.01,24.1,23.58,23.66,23807660
2018-03-29 04:00:00+00:00,23.77,24.24,23.75,24.11,12837432
2018-04-02 04:00:00+00:00,24.03,24.15,23.38,23.58,18807608
2018-04-03 04:00:00+00:00,23.64,23.99,23.5,23.91,13708456
2018-04-04 04:00:00+00:00,23.53,24.1,23.39,24.08,12949704
2018-04-05 04:00:00+00:00,24.19,24.61,24.16,24.53,15545318
2018-04-06 04:00:00+00:00,24.29,24.4,23.78,23.93,15987494
2018-04-09 04:00:00+00:00,24.06,24.35,23.89,24.06,12712064
2018-04-10 04:00:00+00:00,24.38,24.69,24.35,24.56,25845988
2018-04-11 04:00:00+00:00,24.38,24.48,24.28,24.38,13002920
2018-04-12 04:00:00+00:00,24.49,24.74,24.42,24.63,7327218
2018-04-13 04:00:00+00:00,24.77,24.84,24.52,24.61,8717090
2018-04-16 04:00:00+00:00,24.79,24.98,24.66,24.94,12780896
2018-04-17 04:00:00+00:00,25.1,25.3,24.99,25.21,9710704
2018-04-18 04:00:00+00:00,25.37,25.52,25.31,25.41,9537388
2018-04-19 04:00:00+00:00,25.44,25.44,25.03,25.12,11770764
2018-04-20 04:00:00+00:00,25.13,25.2,24.88,24.98,8805376
2018-04-23 04:00:00+00:00,24.94,25.02,24.85,24.91,6240340
2018-04-24 04:00:00+00:00,25.01,25.01,23.99,24.24,17708386
2018-04-25 04:00:00+00:00,24.28,24.45,24.06,24.37,16032746
2018-04-26 04:00:00+00:00,24.49,24.63,24.35,24.52,9935616
2018-04-27 04:00:00+00:00,24.53,24.59,24.29,24.46,15848964
2018-04-30 04:00:00+00:00,24.5,24.58,24.12,24.15,9918350
2018-05-01 04:00:00+00:00,24.01,24.13,23.81,24.12,12625522
2018-05-02 04:00:00+00:00,24.16,24.25,24.02,24.07,12817718
2018-05-03 04:00:00+00:00,24.1,24.33,23.84,24.18,20039386
2018-05-04 04:00:00+00:00,24.02,24.61,24.01,24.48,9035112
2018-05-07 04:00:00+00:00,24.5,24.62,24.39,24.47,9953484
2018-05-08 04:00:00+00:00,24.41,24.52,24.29,24.42,7402602
2018-05-09 04:00:00+00:00,24.51,24.8,24.51,24.77,24219900
2018-05-10 04:00:00+00:00,24.79,25.09,24.77,24.97,9785872
2018-05-11 04:00:00+00:00,24.97,25.14,24.91,24.94,7126528
2018-05-14 04:00:00+00:00,25.01,25.12,24.94,25.04,6130708
2018-05-15 04:00:00+00:00,24.91,25.0,24.76,24.96,15559730
2018-05-16 04:00:00+00:00,24.96,25.29,24.96,25.26,6889542
2018-05-17 04:00:00+00:00,25.2,25.41,25.2,25.31,24062888
2018-05-18 04:00:00+00:00,25.29,25.42,25.27,25.35,6689846
2018-05-21 04:00:00+00:00,25.49,25.55,25.4,25.49,12068982
2018-05-22 04:00:00+00:00,25.49,25.56,25.25,25.27,7817730
2018-05-23 04:00:00+00:00,25.11,25.22,24.99,25.21,7380324
2018-05-24 04:00:00+00:00,25.16,25.26,25.0,25.13,7182474
2018-05-25 04:00:00+00:00,25.02,25.07,24.9,24.99,8258990
2018-05-29 04:00:00+00:00,24.78,24.93,24.48,24.55,11940256
2018-05-30 04:00:00+00:00,24.74,24.92,24.66,24.85,8895778
2018-05-31 04:00:00+00:00,24.88,24.91,24.63,24.64,12057298
2018-06-01 04:00:00+00:00,24.82,25.09,24.82,25.02,7711434
2018-06-04 04:00:00+00:00,25.11,25.21,25.1,25.16,9202500
2018-06-05 04:00:00+00:00,25.19,25.44,25.16,25.35,6813502
2018-06-06 04:00:00+00:00,25.38,25.83,25.31,25.82,16802248
2018-06-07 04:00:00+00:00,25.83,25.85,25.57,25.69,10414724
2018-06-08 04:00:00+00:00,25.66,25.81,25.52,25.76,7655144
2018-06-11 04:00:00+00:00,25.73,25.86,25.68,25.8,5858178
2018-06-12 04:00:00+00:00,25.84,25.92,25.74,25.83,9008354
2018-06-13 04:00:00+00:00,25.86,25.88,25.52,25.55,8280818
2018-06-14 04:00:00+00:00,25.66,25.72,25.49,25.59,5151174
2018-06-15 04:00:00+00:00,25.43,25.5,25.23,25.41,13661956
2018-06-18 04:00:00+00:00,25.22,25.4,25.19,25.35,21233302
2018-06-19 04:00:00+00:00,25.05,25.1,24.67,24.9,14729582
2018-06-20 04:00:00+00:00,24.99,24.99,24.7,24.8,10769750
2018-06-21 04:00:00+00:00,24.75,24.77,24.5,24.54,14858356
2018-06-22 04:00:00+00:00,24.72,24.96,24.72,24.9,14844038
2018-06-25 04:00:00+00:00,24.77,24.77,24.31,24.51,19712990
2018-06-26 04:00:00+00:00,24.56,24.68,24.5,24.6,7468270
2018-06-27 04:00:00+00:00,24.74,25.0,24.52,24.53,11634082
2018-06-28 04:00:00+00:00,24.54,24.68,24.36,24.63,12086410
2018-06-29 04:00:00+00:00,24.67,25.0,24.67,24.71,10208066
2018-07-02 04:00:00+00:00,24.53,24.63,24.4,24.6,15461014
2018-07-03 04:00:00+00:00,24.73,24.89,24.48,24.53,7037870
2018-07-05 04:00:00+00:00,24.7,24.77,24.51,24.75,11207552
2018-07-06 04:00:00+00:00,24.7,24.94,24.59,24.87,9186018
2018-07-09 04:00:00+00:00,24.99,25.1,24.97,25.09,9175336
2018-07-10 04:00:00+00:00,25.08,25.32,25.08,25.29,13499520
2018-07-11 04:00:00+00:00,25.04,25.11,24.77,24.88,24227306
2018-07-12 04:00:00+00:00,25.03,25.05,24.83,24.94,13276916
2018-07-13 04:00:00+00:00,24.89,25.01,24.86,24.92,6952612
2018-07-16 04:00:00+00:00,24.94,24.99,24.67,24.72,9054030
2018-07-17 04:00:00+00:00,24.75,25.13,24.65,25.05,15496832
2018-07-18 04:00:00+00:00,25.02,25.16,24.81,25.06,12731740
2018-07-19 04:00:00+00:00,24.9,24.93,24.73,24.9,12888562
2018-07-20 04:00:00+00:00,24.8,24.89,24.69,24.8,14791108
2018-07-23 04:00:00+00:00,24.79,24.8,24.64,24.68,8622186
2018-07-24 04:00:00+00:00,24.84,25.12,24.84,24.99,14355736
2018-07-25 04:00:00+00:00,25.0,25.21,24.82,25.18,9693592
2018-07-26 04:00:00+00:00,25.17,25.37,25.09,25.32,12569870
2018-07-27 04:00:00+00:00,25.4,25.42,25.17,25.23,11130208
2018-07-30 04:00:00+00:00,25.26,25.41,25.14,25.18,6989624
2018-07-31 04:00:00+00:00,25.24,25.48,25.23,25.4,10714600
2018-08-01 04:00:00+00:00,25.36,25.41,25.11,25.17,12318778
2018-08-02 04:00:00+00:00,24.95,25.0,24.7,24.99,19077212
2018-08-03 04:00:00+00:00,25.07,25.24,25.06,25.23,10870536
2018-08-06 04:00:00+00:00,25.03,25.32,24.95,25.22,9372642
2018-08-07 04:00:00+00:00,25.29,25.45,25.27,25.3,9674756
2018-08-08 04:00:00+00:00,25.32,25.4,25.18,25.2,14918908
2018-08-09 04:00:00+00:00,25.28,25.47,25.28,25.33,8588686
2018-08-10 04:00:00+00:00,25.16,25.21,24.94,24.98,12346324
2018-08-13 04:00:00+00:00,24.99,25.09,24.62,24.72,11097030
2018-08-14 04:00:00+00:00,24.82,25.05,24.8,24.92,8419128
2018-08-15 04:00:00+00:00,24.68,24.69,24.26,24.53,18340540
2018-08-16 04:00:00+00:00,24.62,24.81,24.62,24.68,12860926
2018-08-17 04:00:00+00:00,24.63,24.91,24.62,24.86,10725728
2018-08-20 04:00:00+00:00,24.91,25.08,24.91,25.03,9826778
2018-08-21 04:00:00+00:00,25.09,25.25,25.04,25.13,10045574
2018-08-22 04:00:00+00:00,25.12,25.16,24.97,25.0,12511374
2018-08-23 04:00:00+00:00,24.95,24.95,24.77,24.83,9042854
2018-08-24 04:00:00+00:00,24.97,25.19,24.94,25.16,10747342
2018-08-27 04:00:00+00:00,25.21,25.58,25.21,25.49,11497792
2018-08-28 04:00:00+00:00,25.54,25.65,25.32,25.4,7767232
2018-08-29 04:00:00+00:00,25.41,25.64,25.3,25.6,8687396
2018-08-30 04:00:00+00:00,25.48,25.6,25.22,25.31,12225540
2018-08-31 04:00:00+00:00,25.26,25.42,25.16,25.22,8943106
2018-09-04 04:00:00+00:00,25.15,25.16,24.91,25.04,12229510
2018-09-05 04:00:00+00:00,25.02,25.26,24.95,25.21,9424910
2018-09-06 04:00:00+00:00,25.24,25.41,25.09,25.26,12138390
2018-09-07 04:00:00+00:00,25.07,25.19,24.93,25.09,14771898
2018-09-10 04:00:00+00:00,25.16,25.26,25.11,25.12,9582110
2018-09-11 04:00:00+00:00,24.94,25.24,24.85,25.17,15555538
2018-09-12 04:00:00+00:00,25.17,25.3,25.07,25.19,12547564
2018-09-13 04:00:00+00:00,25.39,25.47,25.27,25.29,8293586
2018-09-14 04:00:00+00:00,25.34,25.39,25.21,25.28,9787912
2018-09-17 04:00:00+00:00,25.27,25.52,25.27,25.37,7831206
2018-09-18 04:00:00+00:00,25.44,25.53,25.3,25.39,8297602
2018-09-19 04:00:00+00:00,25.42,25.77,25.42,25.67,17429956
2018-09-20 04:00:00+00:00,25.85,26.02,25.84,25.94,11480670
2018-09-21 04:00:00+00:00,26.05,26.1,25.82,25.89,16868202
2018-09-24 04:00:00+00:00,25.8,25.84,25.48,25.53,9335778
2018-09-25 04:00:00+00:00,25.59,25.61,25.36,25.39,10381594
2018-09-26 04:00:00+00:00,25.27,25.38,25.09,25.14,17316604
2018-09-27 04:00:00+00:00,25.12,25.12,24.89,24.92,12710420
2018-09-28 04:00:00+00:00,24.85,24.89,24.72,24.76,11374446
2018-10-01 04:00:00+00:00,24.9,25.12,24.9,25.01,8890402
2018-10-02 04:00:00+00:00,25.03,25.19,24.99,25.12,7429130
2018-10-03 04:00:00+00:00,25.2,25.24,24.92,24.94,7988092
2018-10-04 04:00:00+00:00,24.93,24.93,24.63,24.83,11518536
2018-10-05 04:00:00+00:00,24.78,24.87,24.54,24.64,10818778
2018-10-08 04:00:00+00:00,24.54,24.67,24.44,24.63,12642140
2018-10-09 04:00:00+00:00,24.31,24.31,23.77,23.81,23564014
2018-10-10 04:00:00+00:00,23.82,23.84,23.18,23.19,26603752
2018-10-11 04:00:00+00:00,23.17,23.38,22.84,22.92,36691862
2018-10-12 04:00:00+00:00,23.29,23.35,22.82,22.98,21726408
2018-10-15 04:00:00+00:00,22.98,23.12,22.9,22.9,10353444
2018-10-16 04:00:00+00:00,22.98,23.32,22.9,23.27,11231116
2018-10-17 04:00:00+00:00,23.25,23.3,22.97,23.12,20027938
2018-10-18 04:00:00+00:00,23.02,23.24,22.74,22.86,15538352
2018-10-19 04:00:00+00:00,22.81,23.01,22.66,22.7,14523718
2018-10-22 04:00:00+00:00,22.8,22.88,22.44,22.52,26792640
2018-10-23 04:00:00+00:00,22.17,22.41,21.81,22.3,40846066
2018-10-24 04:00:00+00:00,22.22,22.33,21.54,21.59,41797960
2018-10-25 04:00:00+00:00,21.72,22.04,21.69,21.87,28854548
2018-10-26 04:00:00+00:00,21.57,21.97,21.41,21.74,48101808
2018-10-29 04:00:00+00:00,22.02,22.18,21.47,21.69,34908362
2018-10-30 04:00:00+00:00,21.63,22.23,21.61,22.19,46730754
2018-10-31 04:00:00+00:00,22.44,22.64,22.34,22.49,27321682
2018-11-01 04:00:00+00:00,22.9,23.18,22.74,23.12,28322164
2018-11-02 04:00:00+00:00,23.28,23.35,22.76,23.07,27146816
2018-11-05 05:00:00+00:00,23.08,23.19,22.96,23.16,16107134
2018-11-06 05:00:00+00:00,23.2,23.54,23.14,23.52,13358860
2018-11-07 05:00:00+00:00,23.7,23.95,23.55,23.94,13791588
2018-11-08 05:00:00+00:00,23.81,23.94,23.71,23.84,13007826
2018-11-09 05:00:00+00:00,23.7,23.7,23.33,23.5,18265548
2018-11-12 05:00:00+00:00,23.47,23.52,23.11,23.16,21646324
2018-11-13 05:00:00+00:00,23.21,23.46,23.05,23.09,19114228
2018-11-14 05:00:00+00:00,23.23,23.39,22.94,23.06,20325664
2018-11-15 05:00:00+00:00,22.99,23.49,22.88,23.38,24251380
2018-11-16 05:00:00+00:00,23.26,23.67,23.24,23.61,17840758
2018-11-19 05:00:00+00:00,23.56,23.69,23.21,23.27,25869344
2018-11-20 05:00:00+00:00,23.05,23.1,22.75,22.85,22793412
2018-11-21 05:00:00+00:00,22.99,23.26,22.93,23.04,14150790
2018-11-23 05:00:00+00:00,22.82,22.94,22.72,22.79,6523344
2018-11-26 05:00:00+00:00,22.99,23.13,22.91,23.05,10886020
2018-11-27 05:00:00+00:00,22.87,23.0,22.61,22.77,11967790
2018-11-28 05:00:00+00:00,22.83,23.12,22.52,23.12,17259740
2018-11-29 05:00:00+00:00,23.11,23.42,23.06,23.29,14579918
2018-11-30 05:00:00+00:00,23.12,23.41,23.1,23.35,12414356
2018-12-03 05:00:00+00:00,23.83,24.0,23.5,23.76,17518138
2018-12-04 05:00:00+00:00,23.73,23.77,23.01,23.05,18484332
2018-12-06 05:00:00+00:00,22.67,22.74,22.18,22.74,27131400
2018-12-07 05:00:00+00:00,22.72,23.08,22.12,22.19,28325236
2018-12-10 05:00:00+00:00,22.2,22.34,21.85,22.25,23410558
2018-12-11 05:00:00+00:00,22.64,22.77,22.09,22.18,20251472
2018-12-12 05:00:00+00:00,22.51,22.63,22.36,22.37,15086906
2018-12-13 05:00:00+00:00,22.44,22.51,22.03,22.11,34412740
2018-12-14 05:00:00+00:00,21.94,22.16,21.86,21.96,16346040
2018-12-17 05:00:00+00:00,21.97,22.12,21.42,21.56,30804984
2018-12-18 05:00:00+00:00,21.73,21.95,21.55,21.68,23497942
2018-12-19 05:00:00+00:00,21.72,22.14,21.29,21.39,39751456
2018-12-20 05:00:00+00:00,21.33,21.53,20.89,21.1,46859530
2018-12-21 05:00:00+00:00,21.22,21.56,20.89,20.91,41839490
2018-12-24 05:00:00+00:00,20.77,20.94,20.36,20.37,22814564
2018-12-26 05:00:00+00:00,20.46,21.29,20.24,21.28,35455292
2018-12-27 05:00:00+00:00,21.02,21.68,20.93,21.67,30299656
2018-12-28 05:00:00+00:00,21.79,21.9,21.47,21.56,19212742
2018-12-31 05:00:00+00:00,21.63,21.78,21.5,21.74,15684350
2019-01-02 05:00:00+00:00,21.42,21.93,21.3,21.85,18504206
2019-01-03 05:00:00+00:00,21.73,21.73,21.19,21.23,20128194
2019-01-04 05:00:00+00:00,21.57,22.15,21.54,22.06,18208644
2019-01-07 05:00:00+00:00,22.07,22.4,21.93,22.15,15024050
2019-01-08 05:00:00+00:00,22.25,22.41,22.12,22.37,21075332
2019-01-09 05:00:00+00:00,22.43,22.47,22.17,22.37,16335338
2019-01-10 05:00:00+00:00,22.22,22.59,22.2,22.58,17039448
2019-01-11 05:00:00+00:00,22.46,22.55,22.34,22.49,12431138
2019-01-14 05:00:00+00:00,22.29,22.44,22.18,22.32,28503340
2019-01-15 05:00:00+00:00,22.18,22.31,22.03,22.17,15324390
2019-01-16 05:00:00+00:00,22.18,22.37,22.14,22.26,34791700
2019-01-17 05:00:00+00:00,22.14,22.7,22.14,22.65,20677190
2019-01-18 05:00:00+00:00,22.84,23.13,22.77,23.02,18138196
2019-01-22 05:00:00+00:00,22.92,22.95,22.57,22.71,15006034
2019-01-23 05:00:00+00:00,22.74,22.8,22.34,22.57,11464668
2019-01-24 05:00:00+00:00,22.43,22.57,22.33,22.43,10604630
2019-01-25 05:00:00+00:00,22.77,22.98,22.68,22.86,9961832
2019-01-28 05:00:00+00:00,22.69,22.84,22.62,22.82,12026704
2019-01-29 05:00:00+00:00,22.88,23.12,22.88,23.06,19050172
2019-01-30 05:00:00+00:00,23.15,23.49,23.06,23.3,14229192
2019-01-31 05:00:00+00:00,22.8,23.05,22.56,22.95,25398490
2019-02-01 05:00:00+00:00,22.94,23.08,22.84,23.02,11349784
2019-02-04 05:00:00+00:00,22.98,23.01,22.83,22.98,7174164
2019-02-05 05:00:00+00:00,23.04,23.21,23.02,23.15,9417892
2019-02-06 05:00:00+00:00,23.04,23.13,22.97,23.01,9992332
2019-02-07 05:00:00+00:00,22.87,22.91,22.51,22.7,12938690
2019-02-08 05:00:00+00:00,22.57,22.68,22.39,22.68,9090976
2019-02-11 05:00:00+00:00,22.76,22.79,22.6,22.71,8396282
2019-02-12 05:00:00+00:00,22.92,23.25,22.86,23.22,20356052
2019-02-13 05:00:00+00:00,23.35,23.42,23.24,23.25,14776540
2019-02-14 05:00:00+00:00,23.14,23.29,23.06,23.13,9856710
2019-02-15 05:00:00+00:00,23.38,23.5,23.27,23.44,15563598
2019-02-19 05:00:00+00:00,23.35,23.7,23.33,23.59,31459184
2019-02-20 05:00:00+00:00,23.63,24.14,23.6,23.99,25317146
2019-02-21 05:00:00+00:00,24.02,24.08,23.8,23.9,17280140
2019-02-22 05:00:00+00:00,24.02,24.07,23.91,24.0,9632770
2019-02-25 05:00:00+00:00,24.1,24.22,24.05,24.16,12497800
2019-02-26 05:00:00+00:00,24.1,24.17,24.01,24.02,12452010
2019-02-27 05:00:00+00:00,23.97,24.05,23.82,23.98,9323942
2019-02-28 05:00:00+00:00,23.95,23.97,23.63,23.69,20050494
2019-03-01 05:00:00+00:00,23.86,23.98,23.57,23.66,19973466
2019-03-04 05:00:00+00:00,23.71,23.86,23.4,23.76,16015672
2019-03-05 05:00:00+00:00,23.71,23.77,23.63,23.65,10666816
2019-03-06 05:00:00+00:00,23.72,23.87,23.67,23.7,9339788
2019-03-07 05:00:00+00:00,23.65,23.66,23.33,23.51,26517696
2019-03-08 05:00:00+00:00,23.39,23.57,23.26,23.55,14339076
2019-03-11 04:00:00+00:00,23.65,23.89,23.61,23.88,13816986
2019-03-12 04:00:00+00:00,23.92,24.11,23.92,23.97,14482808
2019-03-13 04:00:00+00:00,24.11,24.24,24.04,24.09,11116536
2019-03-14 04:00:00+00:00,24.02,24.07,23.85,23.91,10200958
2019-03-15 04:00:00+00:00,24.01,24.13,23.85,23.94,14886580
2019-03-18 04:00:00+00:00,23.96,24.03,23.81,24.0,8761982
2019-03-19 04:00:00+00:00,24.11,24.26,23.86,23.97,10599928
2019-03-20 04:00:00+00:00,23.95,24.07,23.72,23.94,22519380
2019-03-21 04:00:00+00:00,23.86,24.29,23.84,24.2,16039340
2019-03-22 04:00:00+00:00,23.99,23.99,23.43,23.48,18510024
2019-03-25 04:00:00+00:00,23.46,23.65,23.4,23.43,13197284
2019-03-26 04:00:00+00:00,23.59,23.65,23.41,23.58,11873112
2019-03-27 04:00:00+00:00,23.52,23.63,23.38,23.55,19619778
2019-03-28 04:00:00+00:00,23.58,23.79,23.57,23.78,9833168
2019-03-29 04:00:00+00:00,23.8,23.99,23.69,23.98,12949760
2019-04-01 04:00:00+00:00,24.15,24.38,24.12,24.34,13081342
2019-04-02 04:00:00+00:00,24.4,24.53,24.3,24.42,14365178
2019-04-03 04:00:00+00:00,24.62,24.9,24.55,24.74,34940350
2019-04-04 04:00:00+00:00,24.76,25.0,24.75,24.99,12313240
2019-04-05 04:00:00+00:00,25.0,25.08,24.91,24.99,7414050
2019-04-08 04:00:00+00:00,24.97,25.02,24.86,24.99,14315424
2019-04-09 04:00:00+00:00,24.89,24.93,24.74,24.81,12284832
2019-04-10 04:00:00+00:00,24.83,24.88,24.7,24.8,7653784
2019-04-11 04:00:00+00:00,24.79,24.88,24.72,24.79,7052074
2019-04-12 04:00:00+00:00,24.99,25.12,24.91,25.12,7278132
2019-04-15 04:00:00+00:00,25.12,25.13,24.96,25.0,5517842
2019-04-16 04:00:00+00:00,24.97,25.12,24.86,25.11,8015650
2019-04-17 04:00:00+00:00,25.16,25.28,24.95,24.96,6802492
2019-04-18 04:00:00+00:00,24.98,25.05,24.86,25.0,7375974
2019-04-22 04:00:00+00:00,24.89,24.97,24.78,24.82,14412058
2019-04-23 04:00:00+00:00,24.78,25.01,24.72,24.93,15592466
2019-04-24 04:00:00+00:00,24.9,24.98,24.77,24.77,7715188
2019-04-25 04:00:00+00:00,24.66,24.69,24.38,24.46,10463638
2019-04-26 04:00:00+00:00,24.46,24.73,24.41,24.66,9953480
2019-04-29 04:00:00+00:00,24.6,24.68,24.52,24.63,12145040
2019-04-30 04:00:00+00:00,24.68,24.86,24.55,24.83,6869524
2019-05-01 04:00:00+00:00,24.85,24.86,24.37,24.38,13257592
2019-05-02 04:00:00+00:00,24.26,24.39,24.08,24.25,22491180
2019-05-03 04:00:00+00:00,24.3,24.5,24.28,24.49,12269116
2019-05-06 04:00:00+00:00,23.91,24.23,23.91,24.13,31456662
2019-05-07 04:00:00+00:00,23.91,23.95,23.59,23.72,21664358
2019-05-08 04:00:00+00:00,23.7,23.81,23.59,23.69,12618338
2019-05-09 04:00:00+00:00,23.43,23.6,23.24,23.51,13583406
2019-05-10 04:00:00+00:00,23.46,23.91,23.37,23.83,13095824
2019-05-13 04:00:00+00:00,23.39,23.81,23.11,23.29,14319530
2019-05-14 04:00:00+00:00,23.37,23.67,23.31,23.49,12295200
2019-05-15 04:00:00+00:00,23.33,23.6,23.24,23.43,10646548
2019-05-16 04:00:00+00:00,23.61,23.84,23.61,23.76,9960546
2019-05-17 04:00:00+00:00,23.58,23.78,23.51,23.62,12311004
2019-05-20 04:00:00+00:00,23.4,23.5,23.24,23.28,10148884
2019-05-21 04:00:00+00:00,23.45,23.67,23.41,23.63,8921562
2019-05-22 04:00:00+00:00,23.59,23.68,23.47,23.47,10694338
2019-05-23 04:00:00+00:00,23.22,23.3,23.01,23.11,9973198
2019-05-24 04:00:00+00:00,23.35,23.42,23.12,23.23,8245960
2019-05-28 04:00:00+00:00,23.24,23.31,22.99,23.01,9754984
2019-05-29 04:00:00+00:00,22.83,23.05,22.77,23.02,19866588
2019-05-30 04:00:00+00:00,23.02,23.16,22.99,23.05,9277660
2019-05-31 04:00:00+00:00,22.78,22.89,22.7,22.79,12093648
2019-06-03 04:00:00+00:00,22.86,23.52,22.79,23.51,29259216
2019-06-04 04:00:00+00:00,23.77,24.22,23.63,24.17,38786290
2019-06-05 04:00:00+00:00,24.32,24.41,23.99,24.35,44034564
2019-06-06 04:00:00+00:00,24.47,24.72,24.38,24.64,43287224
2019-06-07 04:00:00+00:00,24.8,24.95,24.75,24.87,56337986
2019-06-10 04:00:00+00:00,25.02,25.05,24.88,24.9,34209484
2019-06-11 04:00:00+00:00,25.03,25.13,24.84,24.89,15970432
2019-06-12 04:00:00+00:00,24.9,25.0,24.87,24.97,7503282
2019-06-13 04:00:00+00:00,25.06,25.15,25.03,25.12,16879186
2019-06-14 04:00:00+00:00,25.06,25.09,24.92,25.01,8009658
2019-06-17 04:00:00+00:00,24.97,24.98,24.74,24.78,15278134
2019-06-18 04:00:00+00:00,24.91,25.15,24.88,24.97,14174144
2019-06-19 04:00:00+00:00,24.97,24.98,24.7,24.85,14628876
2019-06-20 04:00:00+00:00,25.15,25.22,24.93,25.15,13824894
2019-06-21 04:00:00+00:00,25.14,25.18,25.04,25.07,11975454
2019-06-24 04:00:00+00:00,25.08,25.22,24.97,25.17,9294114
2019-06-25 04:00:00+00:00,25.2,25.28,25.1,25.18,12914192
2019-06-26 04:00:00+00:00,25.17,25.24,25.1,25.14,8556824
2019-06-27 04:00:00+00:00,25.17,25.26,25.16,25.2,7094542
2019-06-28 04:00:00+00:00,25.26,25.47,25.23,25.43,10344926
2019-07-01 04:00:00+00:00,25.62,25.63,25.41,25.61,12396026
2019-07-02 04:00:00+00:00,25.63,25.63,25.43,25.6,14229488
2019-07-03 04:00:00+00:00,25.58,25.73,25.53,25.73,5363696
2019-07-05 04:00:00+00:00,25.48,25.61,25.36,25.61,7963972
2019-07-08 04:00:00+00:00,25.51,25.57,25.27,25.32,21844864
2019-07-09 04:00:00+00:00,25.23,25.26,25.01,25.07,10709834
2019-07-10 04:00:00+00:00,25.23,25.27,24.99,25.02,17101826
2019-07-11 04:00:00+00:00,25.0,25.13,24.9,25.12,27965772
2019-07-12 04:00:00+00:00,25.2,25.38,25.18,25.37,9513080
2019-07-15 04:00:00+00:00,25.36,25.41,25.28,25.39,9487182
2019-07-16 04:00:00+00:00,25.41,25.67,25.38,25.45,9184010
2019-07-17 04:00:00+00:00,25.46,25.49,25.22,25.23,14792352
2019-07-18 04:00:00+00:00,25.14,25.36,25.11,25.33,7605898
2019-07-19 04:00:00+00:00,25.31,25.52,25.31,25.39,7944084
2019-07-22 04:00:00+00:00,25.45,25.48,25.29,25.33,5957818
2019-07-23 04:00:00+00:00,25.44,25.85,25.44,25.85,8762736
2019-07-24 04:00:00+00:00,25.77,25.88,25.71,25.83,7748320
2019-07-25 04:00:00+00:00,25.74,25.74,25.38,25.64,13819368
2019-07-26 04:00:00+00:00,25.58,25.68,25.41,25.66,17126524
2019-07-29 04:00:00+00:00,25.59,25.64,25.5,25.59,6192016
2019-07-30 04:00:00+00:00,25.4,25.77,25.36,25.76,8195064
2019-07-31 04:00:00+00:00,25.68,25.8,25.13,25.36,16775298
2019-08-01 04:00:00+00:00,25.33,25.72,25.1,25.22,20052262
2019-08-02 04:00:00+00:00,25.08,25.11,24.75,24.92,16008920
2019-08-05 04:00:00+00:00,24.7,24.79,24.28,24.45,22083794
2019-08-06 04:00:00+00:00,24.56,24.56,24.19,24.48,25353094
2019-08-07 04:00:00+00:00,24.27,24.86,24.25,24.82,57201576
2019-08-08 04:00:00+00:00,24.95,25.3,24.95,25.3,12482250
2019-08-09 04:00:00+00:00,25.2,25.24,24.96,25.1,9523534
2019-08-12 04:00:00+00:00,25.06,25.09,24.66,24.72,55409038
2019-08-13 04:00:00+00:00,24.73,25.28,24.58,24.97,16046534
2019-08-14 04:00:00+00:00,24.62,24.71,24.16,24.18,19222856
2019-08-15 04:00:00+00:00,24.31,24.32,24.01,24.19,19625270
2019-08-16 04:00:00+00:00,24.29,24.67,24.26,24.61,12704828
2019-08-19 04:00:00+00:00,24.83,24.9,24.77,24.81,6983782
2019-08-20 04:00:00+00:00,24.7,24.73,24.5,24.52,9738928
2019-08-21 04:00:00+00:00,24.68,24.74,24.52,24.64,6557092
2019-08-22 04:00:00+00:00,24.69,24.8,24.42,24.48,5349776
2019-08-23 04:00:00+00:00,24.37,24.47,23.77,23.89,18723370
2019-08-26 04:00:00+00:00,24.08,24.12,23.85,23.97,16462420
2019-08-27 04:00:00+00:00,24.06,24.2,23.92,23.98,11593170
2019-08-28 04:00:00+00:00,23.9,24.22,23.84,24.17,7725706
2019-08-29 04:00:00+00:00,24.47,24.59,24.43,24.48,8611850
2019-08-30 04:00:00+00:00,24.67,24.77,24.56,24.64,10456670
2019-09-03 04:00:00+00:00,24.45,24.5,24.28,24.45,11866782
2019-09-04 04:00:00+00:00,24.67,24.77,24.59,24.75,12652810
2019-09-05 04:00:00+00:00,24.93,25.02,24.77,24.79,12086890
2019-09-06 04:00:00+00:00,24.84,24.95,24.73,24.88,8258800
2019-09-09 04:00:00+00:00,24.94,24.95,24.7,24.75,16299198
2019-09-10 04:00:00+00:00,24.73,25.0,24.69,25.0,10120168
2019-09-11 04:00:00+00:00,25.05,25.25,24.88,25.24,11140602
2019-09-12 04:00:00+00:00,25.41,25.53,25.24,25.43,22997792
2019-09-13 04:00:00+00:00,25.58,25.79,25.57,25.71,11190288
2019-09-16 04:00:00+00:00,25.63,25.73,25.26,25.29,9668938
2019-09-17 04:00:00+00:00,25.27,25.54,25.2,25.49,8348558
2019-09-18 04:00:00+00:00,25.5,25.54,25.27,25.5,8475900
2019-09-19 04:00:00+00:00,25.57,25.7,25.5,25.55,6696870
2019-09-20 04:00:00+00:00,25.64,25.69,25.38,25.49,10775278
2019-09-23 04:00:00+00:00,25.34,25.51,25.31,25.43,6314924
2019-09-24 04:00:00+00:00,25.48,25.54,25.13,25.21,18283456
2019-09-25 04:00:00+00:00,25.21,25.39,25.1,25.34,9558002
2019-09-26 04:00:00+00:00,25.37,25.38,25.17,25.28,8235724
2019-09-27 04:00:00+00:00,25.32,25.43,25.11,25.21,12646942
2019-09-30 04:00:00+00:00,25.23,25.48,25.22,25.43,8020692
2019-10-01 04:00:00+00:00,25.49,25.55,24.82,24.83,15158902
2019-10-02 04:00:00+00:00,24.6,24.63,24.15,24.38,25193962
2019-10-03 04:00:00+00:00,24.32,24.48,24.07,24.47,16701050
2019-10-04 04:00:00+00:00,24.49,24.66,24.47,24.6,13019836
2019-10-07 04:00:00+00:00,24.53,24.77,24.44,24.51,19958928
2019-10-08 04:00:00+00:00,24.34,24.36,24.08,24.09,15950726
2019-10-09 04:00:00+00:00,24.32,24.44,24.19,24.36,21035650
2019-10-10 04:00:00+00:00,24.44,24.7,24.37,24.58,13868798
2019-10-11 04:00:00+00:00,24.86,25.29,24.84,25.06,21371268
2019-10-14 04:00:00+00:00,24.97,25.03,24.86,24.88,10758950
2019-10-15 04:00:00+00:00,25.0,25.17,24.92,25.05,10455206
2019-10-16 04:00:00+00:00,25.06,25.29,25.04,25.1,7907360
2019-10-17 04:00:00+00:00,25.23,25.36,25.13,25.17,6414048
2019-10-18 04:00:00+00:00,25.1,25.24,25.03,25.13,6400830
2019-10-21 04:00:00+00:00,25.24,25.32,25.05,25.05,5932098
2019-10-22 04:00:00+00:00,25.03,25.11,24.83,24.94,8411124
2019-10-23 04:00:00+00:00,25.03,25.21,25.01,25.1,8132122
2019-10-24 04:00:00+00:00,25.2,25.34,25.04,25.18,9511698
2019-10-25 04:00:00+00:00,25.18,25.51,25.16,25.45,8303232
2019-10-28 04:00:00+00:00,25.55,25.66,25.45,25.53,7046620
2019-10-29 04:00:00+00:00,25.42,25.81,25.36,25.69,8530672
2019-10-30 04:00:00+00:00,25.61,25.75,25.49,25.71,14292272
2019-10-31 04:00:00+00:00,25.68,25.73,25.28,25.42,16537232
2019-11-01 04:00:00+00:00,25.57,25.78,25.53,25.78,10115298
2019-11-04 05:00:00+00:00,25.93,26.03,25.84,25.98,6456488
2019-11-05 05:00:00+00:00,25.97,26.17,25.92,26.03,7666694
2019-11-06 05:00:00+00:00,26.0,26.08,25.91,26.01,8267192
2019-11-07 05:00:00+00:00,26.15,26.21,26.08,26.18,8775752
2019-11-08 05:00:00+00:00,26.13,26.29,26.1,26.29,5867634
2019-11-11 05:00:00+00:00,26.15,26.28,26.1,26.25,8349558
2019-11-12 05:00:00+00:00,26.33,26.48,26.25,26.38,10096708
2019-11-13 05:00:00+00:00,26.28,26.37,26.18,26.23,10804416
2019-11-14 05:00:00+00:00,26.17,26.41,26.16,26.39,7247484
2019-11-15 05:00:00+00:00,26.52,26.57,26.3,26.37,7360786
2019-11-18 05:00:00+00:00,26.26,26.38,26.23,26.31,5987700
2019-11-19 05:00:00+00:00,26.42,26.42,26.16,26.25,7919542
2019-11-20 05:00:00+00:00,26.15,26.2,25.89,25.92,12081170
2019-11-21 05:00:00+00:00,25.91,25.95,25.81,25.88,6614518
2019-11-22 05:00:00+00:00,25.94,26.03,25.89,25.92,5995642
2019-11-25 05:00:00+00:00,26.01,26.1,25.97,26.09,6592526
2019-11-26 05:00:00+00:00,26.07,26.25,26.01,26.22,8099956
2019-11-27 05:00:00+00:00,26.27,26.35,26.13,26.33,11180634
2019-11-29 05:00:00+00:00,26.24,26.31,26.14,26.23,8128760
2019-12-02 05:00:00+00:00,26.19,26.23,25.97,25.97,14679234
2019-12-03 05:00:00+00:00,25.74,25.83,25.61,25.8,18282882
2019-12-04 05:00:00+00:00,25.97,26.15,25.8,25.86,12360902
2019-12-05 05:00:00+00:00,25.9,26.01,25.77,25.99,11281116
2019-12-06 05:00:00+00:00,26.21,26.3,26.14,26.26,14722664
2019-12-09 05:00:00+00:00,26.28,26.35,26.17,26.21,6268558
2019-12-10 05:00:00+00:00,26.16,26.2,26.0,26.05,7510032
2019-12-11 05:00:00+00:00,26.17,26.27,26.12,26.24,7545380
2019-12-12 05:00:00+00:00,26.28,26.64,26.21,26.61,15007630
2019-12-13 05:00:00+00:00,26.65,26.76,26.4,26.41,10350778
2019-12-16 05:00:00+00:00,26.65,26.67,26.49,26.52,23074188
2019-12-17 05:00:00+00:00,26.56,26.68,26.47,26.56,10199340
2019-12-18 05:00:00+00:00,26.59,26.59,26.32,26.52,7622332
2019-12-19 05:00:00+00:00,26.55,26.66,26.52,26.62,6606862
2019-12-20 05:00:00+00:00,26.63,26.78,26.63,26.74,9093822
2019-12-23 05:00:00+00:00,26.73,26.84,26.67,26.82,6636772
2019-12-24 05:00:00+00:00,26.83,26.91,26.79,26.85,3039492
2019-12-26 05:00:00+00:00,26.91,26.97,26.82,26.97,5870658
2019-12-27 05:00:00+00:00,27.07,27.07,26.85,26.87,14443508
2019-12-30 05:00:00+00:00,26.93,26.93,26.75,26.78,6527700
2019-12-31 05:00:00+00:00,26.78,27.01,26.74,26.98,5738234
2020-01-02 05:00:00+00:00,27.15,27.21,26.63,26.67,16339292
2020-01-03 05:00:00+00:00,26.39,26.55,26.23,26.24,26677032
2020-01-06 05:00:00+00:00,26.16,26.28,26.1,26.12,33660858
2020-01-07 05:00:00+00:00,26.08,26.27,26.01,26.09,43065952
2020-01-08 05:00:00+00:00,26.09,26.29,26.01,26.18,16626894
2020-01-09 05:00:00+00:00,26.27,26.33,26.19,26.28,7761218
2020-01-10 05:00:00+00:00,26.34,26.41,26.13,26.17,11577194
2020-01-13 05:00:00+00:00,26.2,26.52,26.17,26.51,9006756
2020-01-14 05:00:00+00:00,26.49,26.56,26.35,26.4,11142760
2020-01-15 05:00:00+00:00,26.4,26.7,26.39,26.58,8066600
2020-01-16 05:00:00+00:00,26.67,26.78,26.59,26.74,24194658
2020-01-17 05:00:00+00:00,26.77,26.86,26.7,26.86,10983934
2020-01-21 05:00:00+00:00,26.67,26.72,26.53,26.57,7727208
2020-01-22 05:00:00+00:00,26.63,26.65,26.45,26.46,5522726
2020-01-23 05:00:00+00:00,26.25,26.46,26.06,26.43,7011166
2020-01-24 05:00:00+00:00,26.49,26.49,26.13,26.24,10561936
2020-01-27 05:00:00+00:00,25.78,25.86,25.68,25.68,14244496
2020-01-28 05:00:00+00:00,25.82,26.05,25.75,25.97,9338118
2020-01-29 05:00:00+00:00,26.08,26.2,26.04,26.05,7459200
2020-01-30 05:00:00+00:00,25.71,25.92,25.54,25.89,17905080
2020-01-31 05:00:00+00:00,25.65,25.67,25.23,25.32,22267044
2020-02-03 05:00:00+00:00,25.41,25.96,25.39,25.86,26856470
2020-02-04 05:00:00+00:00,26.17,26.45,26.06,26.31,30233232
2020-02-05 05:00:00+00:00,26.53,26.84,26.35,26.8,38760876
2020-02-06 05:00:00+00:00,26.93,26.93,26.68,26.78,27368910
2020-02-07 05:00:00+00:00,26.6,26.61,26.31,26.4,16043084
2020-02-10 05:00:00+00:00,26.36,26.46,26.3,26.38,10564684
2020-02-11 05:00:00+00:00,26.53,26.77,26.51,26.53,8292302
2020-02-12 05:00:00+00:00,26.71,26.73,26.59,26.67,6670708
2020-02-13 05:00:00+00:00,26.64,26.74,26.51,26.58,8397882
2020-02-14 05:00:00+00:00,26.59,26.68,26.51,26.58,7378946
2020-02-18 05:00:00+00:00,26.54,26.61,26.39,26.52,11975914
2020-02-19 05:00:00+00:00,26.58,26.69,26.56,26.59,14180432
2020-02-20 05:00:00+00:00,26.49,26.81,26.44,26.63,10620674
2020-02-21 05:00:00+00:00,26.52,26.6,26.45,26.51,14767784
2020-02-24 05:00:00+00:00,25.85,25.95,25.64,25.76,19447066
2020-02-25 05:00:00+00:00,25.77,25.79,24.58,24.65,42469340
2020-02-26 05:00:00+00:00,24.78,25.11,24.53,24.57,30926486
2020-02-27 05:00:00+00:00,24.15,24.44,23.42,23.42,42268414
2020-02-28 05:00:00+00:00,22.72,23.2,22.47,23.16,64747344
2020-03-02 05:00:00+00:00,23.38,24.16,23.12,24.15,34190652
2020-03-03 05:00:00+00:00,24.23,24.66,23.62,23.93,58198394
2020-03-04 05:00:00+00:00,24.36,24.95,24.03,24.94,28739066
2020-03-05 05:00:00+00:00,24.21,24.49,23.99,24.14,28779148
2020-03-06 05:00:00+00:00,23.52,23.71,23.06,23.52,40883724
2020-03-09 04:00:00+00:00,21.82,22.64,21.24,21.32,28987664
2020-03-10 04:00:00+00:00,22.11,22.21,21.1,22.21,33655162
2020-03-11 04:00:00+00:00,21.55,21.61,20.83,21.13,30333390
2020-03-12 04:00:00+00:00,19.58,20.43,18.61,19.48,31241234
2020-03-13 04:00:00+00:00,20.33,20.45,18.98,20.43,25071176
2020-03-16 04:00:00+00:00,17.38,18.99,16.56,17.76,30776762
2020-03-17 04:00:00+00:00,18.46,19.51,17.94,19.31,22205592
2020-03-18 04:00:00+00:00,18.06,18.8,16.88,18.07,20108576
2020-03-19 04:00:00+00:00,17.76,18.82,17.38,18.53,18098672
2020-03-20 04:00:00+00:00,18.69,18.72,17.58,17.87,30764916
2020-03-23 04:00:00+00:00,17.76,17.88,16.88,16.96,37816986
2020-03-24 04:00:00+00:00,18.03,19.08,17.88,18.95,23926148
2020-03-25 04:00:00+00:00,18.88,20.18,18.69,19.38,27697666
2020-03-26 04:00:00+00:00,19.63,20.41,19.59,20.31,26874808
2020-03-27 04:00:00+00:00,19.53,19.99,19.4,19.57,28395914
2020-03-30 04:00:00+00:00,19.79,20.28,19.65,20.2,19917924
2020-03-31 04:00:00+00:00,20.14,20.42,19.84,19.92,17201706
2020-04-01 04:00:00+00:00,19.19,19.56,18.97,19.02,22204602
2020-04-02 04:00:00+00:00,19.0,19.78,18.96,19.31,25027680
2020-04-03 04:00:00+00:00,19.1,19.57,18.76,18.84,20123038
2020-04-06 04:00:00+00:00,19.73,20.4,19.65,20.24,22950608
2020-04-07 04:00:00+00:00,20.98,21.51,20.68,20.79,22738652
2020-04-08 04:00:00+00:00,21.01,21.9,20.77,21.8,33161100
2020-04-09 04:00:00+00:00,22.04,22.86,22.02,22.74,61769190
2020-04-13 04:00:00+00:00,22.6,22.63,21.93,22.24,31817048
2020-04-14 04:00:00+00:00,22.7,22.85,22.3,22.53,16608700
2020-04-15 04:00:00+00:00,21.81,21.83,21.32,21.49,11968854
2020-04-16 04:00:00+00:00,21.53,21.58,21.02,21.37,9359982
2020-04-17 04:00:00+00:00,21.88,22.3,21.87,22.23,12810130
2020-04-20 04:00:00+00:00,21.92,22.19,21.62,21.68,9898672
2020-04-21 04:00:00+00:00,21.13,21.38,21.05,21.14,12027410
2020-04-22 04:00:00+00:00,21.55,21.72,21.35,21.56,7798808
2020-04-23 04:00:00+00:00,21.68,22.15,21.68,21.71,14090678
2020-04-24 04:00:00+00:00,21.89,22.11,21.65,22.05,8782598
2020-04-27 04:00:00+00:00,22.12,22.72,22.09,22.64,9881500
2020-04-28 04:00:00+00:00,23.01,23.2,22.78,23.06,13573566
2020-04-29 04:00:00+00:00,23.54,23.77,23.44,23.65,11878528
2020-04-30 04:00:00+00:00,23.28,23.28,22.91,22.94,11187600
2020-05-01 04:00:00+00:00,22.55,22.64,22.25,22.46,10745518
2020-05-04 04:00:00+00:00,22.29,22.57,22.07,22.54,10195130
2020-05-05 04:00:00+00:00,22.74,22.9,22.55,22.6,9113792
2020-05-06 04:00:00+00:00,22.66,22.83,22.19,22.21,7568004
2020-05-07 04:00:00+00:00,22.43,22.87,22.4,22.66,8315322
2020-05-08 04:00:00+00:00,22.99,23.24,22.92,23.21,7654274
2020-05-11 04:00:00+00:00,22.82,22.96,22.62,22.86,8935218
2020-05-12 04:00:00+00:00,22.93,23.07,22.51,22.51,8511434
2020-05-13 04:00:00+00:00,22.4,22.49,21.83,22.03,10653410
2020-05-14 04:00:00+00:00,21.63,22.3,21.37,22.3,10889418
2020-05-15 04:00:00+00:00,22.16,22.51,22.05,22.5,9973268
2020-05-18 04:00:00+00:00,23.27,23.71,23.21,23.52,9003504
2020-05-19 04:00:00+00:00,23.43,23.62,23.28,23.3,9871256
2020-05-20 04:00:00+00:00,23.61,23.93,23.6,23.67,7708590
2020-05-21 04:00:00+00:00,23.6,23.73,23.35,23.44,10606832
2020-05-22 04:00:00+00:00,23.42,23.45,23.23,23.41,7484258
2020-05-26 04:00:00+00:00,23.94,24.18,23.85,24.05,8315742
2020-05-27 04:00:00+00:00,24.32,24.45,23.98,24.29,14018082
2020-05-28 04:00:00+00:00,24.63,24.72,24.28,24.52,11056508
2020-05-29 04:00:00+00:00,24.52,24.61,24.23,24.52,15094410
2020-06-01 04:00:00+00:00,24.53,24.78,24.5,24.68,6574788
2020-06-02 04:00:00+00:00,24.77,25.17,24.74,25.14,8734228
2020-06-03 04:00:00+00:00,25.45,25.89,25.42,25.71,9712018
2020-06-04 04:00:00+00:00,25.6,25.87,25.56,25.8,9414638
2020-06-05 04:00:00+00:00,26.48,26.66,26.38,26.46,11420040
2020-06-08 04:00:00+00:00,26.5,26.64,26.26,26.49,11333550
2020-06-09 04:00:00+00:00,26.19,26.34,26.02,26.17,12076002
2020-06-10 04:00:00+00:00,26.28,26.28,25.77,25.88,10474406
2020-06-11 04:00:00+00:00,25.14,25.22,23.77,23.88,58566654
2020-06-12 04:00:00+00:00,24.7,24.81,23.88,24.34,27950508
2020-06-15 04:00:00+00:00,23.7,24.74,23.57,24.6,13839802
2020-06-16 04:00:00+00:00,25.45,25.56,24.73,25.11,19086058
2020-06-17 04:00:00+00:00,25.27,25.3,24.83,24.9,8134114
2020-06-18 04:00:00+00:00,24.81,25.06,24.77,24.92,7188214
2020-06-19 04:00:00+00:00,25.34,25.38,24.67,24.85,15512352
2020-06-22 04:00:00+00:00,24.84,25.04,24.62,24.94,7027018
2020-06-23 04:00:00+00:00,25.31,25.33,24.99,24.99,6263168
2020-06-24 04:00:00+00:00,24.73,24.75,24.19,24.27,11431146
2020-06-25 04:00:00+00:00,24.2,24.59,23.98,24.57,10700098
2020-06-26 04:00:00+00:00,24.47,24.52,24.08,24.23,17040178
2020-06-29 04:00:00+00:00,24.43,24.81,24.38,24.7,9961230
2020-06-30 04:00:00+00:00,24.62,25.2,24.55,25.06,8136540
2020-07-01 04:00:00+00:00,25.08,25.2,24.77,25.11,19086776
2020-07-02 04:00:00+00:00,25.46,25.79,25.41,25.58,18344128
2020-07-06 04:00:00+00:00,26.06,26.09,25.61,25.95,17925980
2020-07-07 04:00:00+00:00,25.76,26.03,25.74,25.96,16644052
2020-07-08 04:00:00+00:00,26.0,26.14,25.3,25.59,18665532
2020-07-09 04:00:00+00:00,25.71,25.74,25.06,25.35,31686382
2020-07-10 04:00:00+00:00,25.4,25.82,25.39,25.79,9472184
2020-07-13 04:00:00+00:00,26.05,26.31,25.77,25.79,23034156
2020-07-14 04:00:00+00:00,25.73,26.47,25.7,26.44,18997696
2020-07-15 04:00:00+00:00,26.9,26.99,26.7,26.88,16557484
2020-07-16 04:00:00+00:00,26.93,27.17,26.83,26.97,11211528
2020-07-17 04:00:00+00:00,27.14,27.27,27.06,27.2,8543556
2020-07-20 04:00:00+00:00,27.18,27.25,26.92,26.96,7303642
2020-07-21 04:00:00+00:00,27.13,27.33,27.13,27.2,7627142
2020-07-22 04:00:00+00:00,27.16,27.52,27.14,27.51,6039820
2020-07-23 04:00:00+00:00,27.49,27.7,27.24,27.43,8901580
2020-07-24 04:00:00+00:00,27.33,27.48,27.18,27.33,13062230
2020-07-27 04:00:00+00:00,27.51,27.83,27.42,27.73,7463006
2020-07-28 04:00:00+00:00,27.65,27.65,27.09,27.12,9232750
2020-07-29 04:00:00+00:00,27.21,27.42,27.16,27.34,8327078
2020-07-30 04:00:00+00:00,26.93,27.01,26.59,26.81,14592600
2020-07-31 04:00:00+00:00,26.86,26.91,26.5,26.84,10721012
2020-08-03 04:00:00+00:00,26.98,26.99,26.68,26.69,12382062
2020-08-04 04:00:00+00:00,26.58,27.13,26.53,27.04,17978144
2020-08-05 04:00:00+00:00,27.32,27.75,27.24,27.46,13348444
2020-08-06 04:00:00+00:00,27.43,27.5,27.24,27.35,15997232
2020-08-07 04:00:00+00:00,27.2,27.45,27.08,27.44,8027108
2020-08-10 04:00:00+00:00,27.47,27.71,27.43,27.71,6790252
2020-08-11 04:00:00+00:00,27.95,28.11,27.6,27.66,9023704
2020-08-12 04:00:00+00:00,27.99,28.02,27.76,27.82,7990136
2020-08-13 04:00:00+00:00,27.69,27.93,27.65,27.82,21471488
2020-08-14 04:00:00+00:00,27.72,27.96,27.66,27.85,5225544
2020-08-17 04:00:00+00:00,28.07,28.17,27.86,27.97,3785572
2020-08-18 04:00:00+00:00,28.06,28.12,27.83,27.86,4829500
2020-08-19 04:00:00+00:00,27.97,28.03,27.7,27.78,6260396
2020-08-20 04:00:00+00:00,27.57,27.7,27.49,27.68,4756460
2020-08-21 04:00:00+00:00,27.47,27.57,27.37,27.52,5611738
2020-08-24 04:00:00+00:00,27.87,28.01,27.78,28.01,7121406
2020-08-25 04:00:00+00:00,28.1,28.19,27.77,27.89,5898344
2020-08-26 04:00:00+00:00,27.87,28.24,27.8,28.19,4926064
2020-08-27 04:00:00+00:00,28.29,28.34,28.03,28.11,7356352
2020-08-28 04:00:00+00:00,28.25,28.47,28.12,28.45,4934790
2020-08-31 04:00:00+00:00,28.4,28.46,28.01,28.01,6361312
2020-09-01 04:00:00+00:00,28.03,28.83,27.9,28.83,20426616
2020-09-02 04:00:00+00:00,28.9,29.5,28.73,29.45,25643662
2020-09-03 04:00:00+00:00,29.41,29.41,28.33,28.64,32625370
2020-09-04 04:00:00+00:00,28.91,28.96,28.22,28.65,31611870
2020-09-08 04:00:00+00:00,28.37,28.39,27.9,28.12,17456888
2020-09-09 04:00:00+00:00,28.46,29.03,28.45,28.84,13787286
2020-09-10 04:00:00+00:00,28.98,29.09,28.52,28.56,14559918
2020-09-11 04:00:00+00:00,28.8,29.08,28.66,28.93,21344874
2020-09-14 04:00:00+00:00,29.17,29.44,29.06,29.35,11974168
2020-09-15 04:00:00+00:00,29.5,29.69,29.48,29.5,8711670
2020-09-16 04:00:00+00:00,29.56,29.85,29.43,29.52,23977398
2020-09-17 04:00:00+00:00,29.21,29.8,29.05,29.74,24540208
2020-09-18 04:00:00+00:00,29.8,29.83,29.19,29.22,19372038
2020-09-21 04:00:00+00:00,28.63,28.66,27.91,28.24,16748346
2020-09-22 04:00:00+00:00,28.27,28.36,28.06,28.29,11846014
2020-09-23 04:00:00+00:00,28.24,28.27,27.44,27.46,15324184
2020-09-24 04:00:00+00:00,27.45,27.94,27.22,27.66,22360532
2020-09-25 04:00:00+00:00,27.4,27.99,27.3,27.9,9138742
2020-09-28 04:00:00+00:00,28.32,28.59,28.19,28.36,8940924
2020-09-29 04:00:00+00:00,28.37,28.46,28.07,28.15,13737594
2020-09-30 04:00:00+00:00,28.27,28.66,28.21,28.42,12873596
2020-10-01 04:00:00+00:00,28.57,28.7,27.94,28.03,31860910
2020-10-02 04:00:00+00:00,27.71,28.5,27.63,28.26,30595550
2020-10-05 04:00:00+00:00,28.51,29.01,28.5,28.82,20519792
2020-10-06 04:00:00+00:00,28.96,29.2,28.41,28.46,33807462
2020-10-07 04:00:00+00:00,28.82,29.27,28.78,29.19,14815700
2020-10-08 04:00:00+00:00,29.41,29.6,29.33,29.49,12701504
2020-10-09 04:00:00+00:00,29.73,29.84,29.53,29.71,9638818
2020-10-12 04:00:00+00:00,29.88,29.92,29.65,29.66,8155018
2020-10-13 04:00:00+00:00,29.46,29.62,29.29,29.4,10406908
2020-10-14 04:00:00+00:00,29.43,29.68,29.39,29.49,8800082
2020-10-15 04:00:00+00:00,29.07,29.44,29.04,29.4,8898544
2020-10-16 04:00:00+00:00,29.58,29.74,29.49,29.61,24915484
2020-10-19 04:00:00+00:00,29.71,29.81,29.17,29.26,11210134
2020-10-20 04:00:00+00:00,29.44,29.64,29.24,29.33,8435962
2020-10-21 04:00:00+00:00,29.33,29.67,29.22,29.23,7934694
2020-10-22 04:00:00+00:00,29.2,29.41,28.91,29.38,7132032
2020-10-23 04:00:00+00:00,29.59,29.7,29.34,29.49,8299538
2020-10-26 04:00:00+00:00,29.12,29.12,28.53,28.75,15084056
2020-10-27 04:00:00+00:00,28.76,28.8,28.46,28.48,9406270
2020-10-28 04:00:00+00:00,27.78,28.05,27.57,27.67,15812096
2020-10-29 04:00:00+00:00,27.59,28.46,27.49,28.24,16023224
2020-10-30 04:00:00+00:00,28.13,28.34,27.78,28.23,14959676
2020-11-02 05:00:00+00:00,28.65,29.27,28.57,29.16,16141504
2020-11-03 05:00:00+00:00,29.51,29.77,29.31,29.59,17910770
2020-11-04 05:00:00+00:00,29.48,29.67,28.85,29.12,22915462
2020-11-05 05:00:00+00:00,29.79,30.53,29.76,30.3,17876234
2020-11-06 05:00:00+00:00,30.48,30.65,30.25,30.38,12203634
2020-11-09 05:00:00+00:00,31.84,32.35,31.02,31.06,33782350
2020-11-10 05:00:00+00:00,31.19,31.5,31.15,31.43,20136400
2020-11-11 05:00:00+00:00,31.45,31.45,30.75,30.96,12935286
2020-11-12 05:00:00+00:00,30.82,30.84,30.11,30.31,11172554
2020-11-13 05:00:00+00:00,30.54,30.92,30.53,30.83,11191636
2020-11-16 05:00:00+00:00,31.33,31.48,31.09,31.44,11194236
2020-11-17 05:00:00+00:00,31.18,31.39,30.92,31.32,13976954
2020-11-18 05:00:00+00:00,31.41,31.52,31.05,31.06,9299782
2020-11-19 05:00:00+00:00,30.98,31.24,30.74,31.19,7507366
2020-11-20 05:00:00+00:00,31.18,31.31,31.03,31.17,9063672
2020-11-23 05:00:00+00:00,31.39,31.62,31.28,31.43,9114784
2020-11-24 05:00:00+00:00,31.72,32.3,31.68,32.21,12392598
2020-11-25 05:00:00+00:00,32.15,32.16,31.81,31.87,8145236
2020-11-27 05:00:00+00:00,32.01,32.16,31.89,32.04,4638358
2020-11-30 05:00:00+00:00,31.99,32.02,31.55,31.74,10375854
2020-12-01 05:00:00+00:00,32.26,32.31,31.91,32.06,10567602
2020-12-02 05:00:00+00:00,31.97,32.08,31.59,31.65,10889168
2020-12-03 05:00:00+00:00,31.74,31.85,31.36,31.43,11550398
2020-12-04 05:00:00+00:00,31.57,32.07,31.56,32.07,11586418
2020-12-07 05:00:00+00:00,32.05,32.14,31.75,31.86,8034894
2020-12-08 05:00:00+00:00,31.68,32.11,31.67,32.04,7083722
2020-12-09 05:00:00+00:00,32.16,32.22,31.75,32.06,13620156
2020-12-10 05:00:00+00:00,31.89,32.13,31.75,31.86,7195846
2020-12-11 05:00:00+00:00,31.64,31.82,31.44,31.68,6894422
2020-12-14 05:00:00+00:00,31.95,32.0,31.26,31.27,10313578
2020-12-15 05:00:00+00:00,31.57,31.92,31.49,31.84,8152022
2020-12-16 05:00:00+00:00,31.91,31.96,31.62,31.75,8195112
2020-12-17 05:00:00+00:00,32.05,32.14,31.93,32.12,7728462
2020-12-18 05:00:00+00:00,32.15,32.34,31.88,32.26,11521952
2020-12-21 05:00:00+00:00,31.68,32.17,31.43,32.09,10369210
2020-12-22 05:00:00+00:00,32.09,32.13,31.85,31.89,6815448
2020-12-23 05:00:00+00:00,32.07,32.27,31.92,31.94,8525776
2020-12-24 05:00:00+00:00,31.96,32.14,31.84,32.14,2755336
2020-12-28 05:00:00+00:00,32.44,32.48,32.0,32.01,5405838
2020-12-29 05:00:00+00:00,32.18,32.26,31.78,31.94,7040558
2020-12-30 05:00:00+00:00,32.04,32.44,32.03,32.38,5711228
2020-12-31 05:00:00+00:00,32.42,32.56,32.16,32.5,6767562
2021-01-04 05:00:00+00:00,32.79,32.95,32.01,32.18,18471572
2021-01-05 05:00:00+00:00,32.14,33.01,32.14,32.92,26965710
2021-01-06 05:00:00+00:00,33.27,34.51,33.23,34.24,48730778
2021-01-07 05:00:00+00:00,34.47,34.75,34.39,34.52,18933264
2021-01-08 05:00:00+00:00,34.58,34.61,33.93,34.35,17494962
2021-01-11 05:00:00+00:00,33.79,34.49,33.72,34.35,12304416
2021-01-12 05:00:00+00:00,34.32,34.92,34.21,34.8,18294454
2021-01-13 05:00:00+00:00,34.75,34.83,34.29,34.43,9890032
2021-01-14 05:00:00+00:00,34.55,34.58,34.28,34.3,11309702
2021-01-15 05:00:00+00:00,34.0,34.06,33.47,33.83,20182462
2021-01-19 05:00:00+00:00,34.1,34.19,33.8,33.95,10121950
2021-01-20 05:00:00+00:00,34.11,34.16,33.91,34.05,10404230
2021-01-21 05:00:00+00:00,34.0,34.08,33.54,33.56,12694080
2021-01-22 05:00:00+00:00,33.19,33.53,33.13,33.39,11982280
2021-01-25 05:00:00+00:00,33.26,33.36,32.64,33.23,24331818
2021-01-26 05:00:00+00:00,33.43,33.55,32.75,32.76,13750622
2021-01-27 05:00:00+00:00,32.26,32.26,31.43,31.8,24904398
2021-01-28 05:00:00+00:00,32.12,32.55,32.03,32.35,14558106
2021-01-29 05:00:00+00:00,32.21,32.38,31.55,31.69,18234552
2021-02-01 05:00:00+00:00,32.04,32.15,31.57,32.09,16105600
2021-02-02 05:00:00+00:00,32.33,32.67,32.15,32.51,16008572
2021-02-03 05:00:00+00:00,32.6,32.77,32.45,32.58,12980920
2021-02-04 05:00:00+00:00,32.48,32.63,32.18,32.46,13052410
2021-02-05 05:00:00+00:00,32.77,33.06,32.7,33.02,13019724
2021-02-08 05:00:00+00:00,33.3,33.41,33.2,33.29,13739924
2021-02-09 05:00:00+00:00,33.31,33.33,32.96,33.04,14587240
2021-02-10 05:00:00+00:00,33.26,33.29,32.79,32.99,10959268
2021-02-11 05:00:00+00:00,33.1,33.23,32.75,33.04,13563294
2021-02-12 05:00:00+00:00,32.97,33.4,32.92,33.38,6702040
2021-02-16 05:00:00+00:00,33.52,33.62,33.27,33.29,12646924
2021-02-17 05:00:00+00:00,33.22,33.36,32.87,33.3,11862490
2021-02-18 05:00:00+00:00,33.21,33.25,32.94,33.09,12195212
2021-02-19 05:00:00+00:00,33.28,33.85,33.27,33.69,11687652
2021-02-22 05:00:00+00:00,33.66,33.96,33.54,33.83,12532496
2021-02-23 05:00:00+00:00,33.81,34.03,33.21,33.94,22215502
2021-02-24 05:00:00+00:00,33.96,34.38,33.84,34.24,15080806
2021-02-25 05:00:00+00:00,34.17,34.23,33.32,33.45,20819150
2021-02-26 05:00:00+00:00,33.36,33.47,32.81,33.01,16451730
2021-03-01 05:00:00+00:00,33.46,34.04,33.46,33.86,15334652
2021-03-02 05:00:00+00:00,33.96,34.36,33.94,34.05,15289482
2021-03-03 05:00:00+00:00,33.92,34.16,33.71,33.71,17393768
2021-03-04 05:00:00+00:00,33.67,33.79,32.48,33.06,37248930
2021-03-05 05:00:00+00:00,33.4,33.93,32.7,33.81,23726922
2021-03-08 05:00:00+00:00,33.93,34.78,33.87,34.27,29761018
2021-03-09 05:00:00+00:00,34.5,34.76,34.24,34.48,15845938
2021-03-10 05:00:00+00:00,34.65,35.32,34.63,35.05,14408374
2021-03-11 05:00:00+00:00,35.37,35.52,35.21,35.24,9561586
2021-03-12 05:00:00+00:00,35.23,35.35,35.14,35.33,9731390
2021-03-15 04:00:00+00:00,35.2,35.39,34.95,35.37,9368226
2021-03-16 04:00:00+00:00,35.34,35.38,34.88,35.08,13276192
2021-03-17 04:00:00+00:00,35.05,35.48,34.96,35.39,11172792
2021-03-18 04:00:00+00:00,35.31,35.71,35.13,35.2,13310896
2021-03-19 04:00:00+00:00,35.13,35.26,34.61,35.02,17570214
2021-03-22 04:00:00+00:00,34.97,35.19,34.76,35.04,13194008
2021-03-23 04:00:00+00:00,34.89,34.91,34.19,34.31,20685360
2021-03-24 04:00:00+00:00,34.47,35.04,34.47,34.56,13565790
2021-03-25 04:00:00+00:00,34.42,35.12,34.22,35.07,15613924
2021-03-26 04:00:00+00:00,35.39,35.96,35.27,35.93,15375298
2021-03-29 04:00:00+00:00,35.8,36.15,35.61,35.81,13104156
2021-03-30 04:00:00+00:00,35.8,35.9,35.61,35.71,13296474
2021-03-31 04:00:00+00:00,35.77,35.88,35.44,35.53,14312276
2021-04-01 04:00:00+00:00,35.59,35.87,35.37,35.84,14639038
2021-04-05 04:00:00+00:00,36.21,36.41,36.04,36.28,17533726
2021-04-06 04:00:00+00:00,36.22,36.49,36.19,36.36,12816992
2021-04-07 04:00:00+00:00,36.31,36.37,35.66,35.74,17668128
2021-04-08 04:00:00+00:00,35.82,35.85,35.48,35.78,10828670
2021-04-09 04:00:00+00:00,35.87,36.1,35.76,36.09,10716354
2021-04-12 04:00:00+00:00,36.07,36.26,36.06,36.22,8856456
2021-04-13 04:00:00+00:00,36.16,36.24,35.97,36.13,9312276
2021-04-14 04:00:00+00:00,36.16,36.54,36.15,36.4,9953388
2021-04-15 04:00:00+00:00,36.58,36.89,36.43,36.82,10863052
2021-04-16 04:00:00+00:00,37.18,37.37,37.12,37.27,12927538
2021-04-19 04:00:00+00:00,37.27,37.34,36.89,37.1,12112900
2021-04-20 04:00:00+00:00,37.03,37.1,36.61,36.74,10643176
2021-04-21 04:00:00+00:00,36.75,37.46,36.71,37.41,10907318
2021-04-22 04:00:00+00:00,37.37,37.37,36.73,36.78,16196618
2021-04-23 04:00:00+00:00,36.94,37.5,36.81,37.38,9487230
2021-04-26 04:00:00+00:00,37.53,37.82,37.46,37.6,8341768
2021-04-27 04:00:00+00:00,37.44,37.61,37.28,37.5,8992508
2021-04-28 04:00:00+00:00,37.52,37.77,37.45,37.61,7953076
2021-04-29 04:00:00+00:00,37.84,37.86,37.45,37.84,11963670
2021-04-30 04:00:00+00:00,37.68,37.86,37.36,37.44,10518674
2021-05-03 04:00:00+00:00,37.76,38.23,37.73,38.0,12490288
2021-05-04 04:00:00+00:00,37.75,38.42,37.72,38.42,15694736
2021-05-05 04:00:00+00:00,38.57,38.97,38.39,38.9,15198634
2021-05-06 04:00:00+00:00,38.98,39.25,38.59,39.23,14774702
2021-05-07 04:00:00+00:00,39.24,39.7,39.07,39.62,15244252
2021-05-10 04:00:00+00:00,40.08,40.22,39.44,39.44,18238288
2021-05-11 04:00:00+00:00,39.13,39.63,38.86,39.57,19122636
2021-05-12 04:00:00+00:00,39.43,39.52,38.53,38.58,18269138
2021-05-13 04:00:00+00:00,38.64,39.29,38.55,39.17,22253426
2021-05-14 04:00:00+00:00,39.34,39.74,39.31,39.64,11278846
2021-05-17 04:00:00+00:00,39.66,40.06,39.46,39.98,15951072
2021-05-18 04:00:00+00:00,40.05,40.08,39.52,39.54,13849134
2021-05-19 04:00:00+00:00,38.99,39.11,38.5,38.94,25222048
2021-05-20 04:00:00+00:00,39.01,39.13,38.81,39.03,11949436
2021-05-21 04:00:00+00:00,39.18,39.46,39.02,39.05,13911096
2021-05-24 04:00:00+00:00,39.28,39.55,39.11,39.39,10531886
2021-05-25 04:00:00+00:00,39.47,39.56,39.02,39.06,9848852
2021-05-26 04:00:00+00:00,39.07,39.2,38.81,39.07,13074160
2021-05-27 04:00:00+00:00,39.39,39.58,39.28,39.39,11964918
2021-05-28 04:00:00+00:00,39.47,39.52,39.19,39.34,10874396
2021-06-01 04:00:00+00:00,39.8,39.96,39.62,39.88,14057848
2021-06-02 04:00:00+00:00,39.95,39.96,39.51,39.56,11599854
2021-06-03 04:00:00+00:00,39.28,39.57,39.07,39.55,13023792
2021-06-04 04:00:00+00:00,39.72,39.78,39.48,39.64,10550082
2021-06-07 04:00:00+00:00,39.66,39.66,38.98,39.16,12369756
2021-06-08 04:00:00+00:00,39.17,39.39,38.88,39.23,11700828
2021-06-09 04:00:00+00:00,39.15,39.26,38.91,38.92,19966136
2021-06-10 04:00:00+00:00,39.22,39.27,38.68,38.69,12341346
2021-06-11 04:00:00+00:00,38.96,39.11,38.62,38.83,8759718
2021-06-14 04:00:00+00:00,38.72,38.82,38.15,38.35,12529170
2021-06-15 04:00:00+00:00,38.41,38.43,38.0,38.27,21251450
2021-06-16 04:00:00+00:00,38.27,38.29,37.76,37.85,17121138
2021-06-17 04:00:00+00:00,37.74,37.74,36.55,37.0,30971508
2021-06-18 04:00:00+00:00,36.62,36.77,36.4,36.4,24070186
2021-06-21 04:00:00+00:00,36.83,37.21,36.82,37.16,18300984
2021-06-22 04:00:00+00:00,37.31,37.47,37.05,37.31,11367188
2021-06-23 04:00:00+00:00,37.42,37.51,37.07,37.07,10448066
2021-06-24 04:00:00+00:00,37.35,37.4,37.07,37.19,10587254
2021-06-25 04:00:00+00:00,37.39,37.54,37.16,37.19,20683158
2021-06-28 04:00:00+00:00,37.31,37.34,36.9,37.19,10407862
2021-06-29 04:00:00+00:00,37.36,37.55,37.08,37.17,9983800
2021-06-30 04:00:00+00:00,37.07,37.33,37.07,37.27,9909698
2021-07-01 04:00:00+00:00,37.57,37.62,37.29,37.48,14636556
2021-07-02 04:00:00+00:00,37.53,37.58,37.28,37.53,12477796
2021-07-06 04:00:00+00:00,37.51,37.53,36.72,36.97,12499172
2021-07-07 04:00:00+00:00,36.98,37.39,36.9,37.36,13326602
2021-07-08 04:00:00+00:00,36.75,37.05,36.53,36.85,16011664
2021-07-09 04:00:00+00:00,37.33,37.68,37.25,37.58,15113926
2021-07-12 04:00:00+00:00,37.35,37.81,37.21,37.7,20345500
2021-07-13 04:00:00+00:00,37.63,37.72,37.24,37.36,25588268
2021-07-14 04:00:00+00:00,37.4,37.7,37.17,37.28,12455666
2021-07-15 04:00:00+00:00,37.09,37.53,37.07,37.28,12730796
2021-07-16 04:00:00+00:00,37.35,37.38,36.65,36.72,19466698
2021-07-19 04:00:00+00:00,36.07,36.11,35.63,35.93,23115616
2021-07-20 04:00:00+00:00,35.84,36.6,35.72,36.34,21337168
2021-07-21 04:00:00+00:00,36.59,36.86,36.55,36.74,13733786
2021-07-22 04:00:00+00:00,36.83,36.86,36.45,36.75,9536704
2021-07-23 04:00:00+00:00,36.93,37.05,36.61,37.01,10505196
2021-07-26 04:00:00+00:00,37.1,37.36,37.02,37.32,11907606
2021-07-27 04:00:00+00:00,37.09,37.54,36.74,37.37,17307542
2021-07-28 04:00:00+00:00,37.39,37.62,37.12,37.48,12302752
2021-07-29 04:00:00+00:00,37.74,38.03,37.65,37.89,12942416
2021-07-30 04:00:00+00:00,37.82,38.28,37.82,38.05,11286610
2021-08-02 04:00:00+00:00,38.23,38.45,37.59,37.59,17349566
2021-08-03 04:00:00+00:00,37.62,37.98,37.3,37.98,13274004
2021-08-04 04:00:00+00:00,37.82,38.02,37.6,37.61,10708460
2021-08-05 04:00:00+00:00,37.79,38.05,37.52,37.56,14056440
2021-08-06 04:00:00+00:00,37.78,38.15,37.74,38.1,14195806
2021-08-09 04:00:00+00:00,38.03,38.15,37.75,38.06,10780736
2021-08-10 04:00:00+00:00,38.04,38.78,38.04,38.63,16224196
2021-08-11 04:00:00+00:00,38.93,39.21,38.75,39.18,16660404
2021-08-12 04:00:00+00:00,39.18,39.22,38.76,39.11,9714678
2021-08-13 04:00:00+00:00,39.17,39.23,39.08,39.15,7882922
2021-08-16 04:00:00+00:00,38.91,39.0,38.54,38.95,12274492
2021-08-17 04:00:00+00:00,38.74,38.79,38.06,38.51,15102024
2021-08-18 04:00:00+00:00,38.37,38.6,38.03,38.06,14812388
2021-08-19 04:00:00+00:00,37.63,37.88,37.51,37.72,16115148
2021-08-20 04:00:00+00:00,37.73,38.02,37.67,37.94,14051442
2021-08-23 04:00:00+00:00,38.15,38.37,38.06,38.27,8230046
2021-08-24 04:00:00+00:00,38.45,38.62,38.39,38.51,11168076
2021-08-25 04:00:00+00:00,38.4,38.81,38.25,38.68,9884378
2021-08-26 04:00:00+00:00,38.67,38.72,38.4,38.41,11612100
2021-08-27 04:00:00+00:00,38.61,39.04,38.57,38.92,10357318
2021-08-30 04:00:00+00:00,39.08,39.15,38.88,38.88,9069158
2021-08-31 04:00:00+00:00,38.86,38.86,38.58,38.77,10684186
2021-09-01 04:00:00+00:00,38.73,38.82,38.33,38.67,14071030
2021-09-02 04:00:00+00:00,38.78,38.99,38.77,38.92,11104452
2021-09-03 04:00:00+00:00,38.88,38.99,38.65,38.66,23276284
2021-09-07 04:00:00+00:00,38.52,38.55,38.35,38.41,14138890
2021-09-08 04:00:00+00:00,38.29,38.33,37.91,38.04,12533874
2021-09-09 04:00:00+00:00,37.93,38.31,37.93,38.05,9932352
2021-09-10 04:00:00+00:00,38.23,38.51,38.02,38.04,17848314
2021-09-13 04:00:00+00:00,38.38,38.49,37.79,38.03,15295578
2021-09-14 04:00:00+00:00,38.17,38.19,37.54,37.62,12239186
2021-09-15 04:00:00+00:00,37.71,38.06,37.64,38.02,12774326
2021-09-16 04:00:00+00:00,37.87,37.91,37.33,37.6,11359188
2021-09-17 04:00:00+00:00,37.4,37.46,36.71,36.83,20215940
2021-09-20 04:00:00+00:00,35.97,36.29,35.64,36.12,20403276
2021-09-21 04:00:00+00:00,36.34,36.41,35.88,36.04,15229416
2021-09-22 04:00:00+00:00,36.38,36.77,36.38,36.41,15489368
2021-09-23 04:00:00+00:00,36.68,37.18,36.65,36.93,9665628
2021-09-24 04:00:00+00:00,36.76,37.07,36.67,36.87,7301998
2021-09-27 04:00:00+00:00,36.97,37.37,36.96,37.16,10549818
2021-09-28 04:00:00+00:00,37.07,37.12,36.59,36.7,16788222
2021-09-29 04:00:00+00:00,36.7,36.78,36.48,36.55,14010742
2021-09-30 04:00:00+00:00,36.66,36.81,35.97,35.98,21709426
2021-10-01 04:00:00+00:00,36.15,36.75,35.88,36.55,18592318
2021-10-04 04:00:00+00:00,36.6,36.83,36.14,36.39,17186056
2021-10-05 04:00:00+00:00,36.49,36.92,36.25,36.72,13584116
2021-10-06 04:00:00+00:00,36.34,36.65,35.96,36.65,15564738
2021-10-07 04:00:00+00:00,36.96,37.53,36.96,37.13,17150522
2021-10-08 04:00:00+00:00,37.22,37.31,36.85,36.92,12909786
2021-10-11 04:00:00+00:00,37.05,37.47,36.92,36.93,9799246
2021-10-12 04:00:00+00:00,36.95,37.15,36.84,36.98,15372592
2021-10-13 04:00:00+00:00,37.22,37.42,36.81,37.25,14431314
2021-10-14 04:00:00+00:00,37.62,38.21,37.51,38.16,11374680
2021-10-15 04:00:00+00:00,38.36,38.47,38.18,38.27,11704982
2021-10-18 04:00:00+00:00,37.95,38.32,37.88,38.25,12812748
2021-10-19 04:00:00+00:00,38.42,38.45,38.13,38.45,9669470
2021-10-20 04:00:00+00:00,38.48,38.8,38.39,38.76,9333588
2021-10-21 04:00:00+00:00,38.6,38.67,38.26,38.66,13459102
2021-10-22 04:00:00+00:00,38.73,38.99,38.58,38.58,11726200
2021-10-25 04:00:00+00:00,38.83,39.13,38.59,38.97,11122106
2021-10-26 04:00:00+00:00,39.04,39.24,38.71,39.08,11595150
2021-10-27 04:00:00+00:00,38.93,39.0,38.49,38.52,11543056
2021-10-28 04:00:00+00:00,38.56,38.97,38.56,38.9,8336532
2021-10-29 04:00:00+00:00,38.76,39.04,38.57,38.71,8822182
2021-11-01 04:00:00+00:00,38.78,39.04,38.67,38.81,11478338
2021-11-02 04:00:00+00:00,38.91,39.32,38.83,39.25,13492028
2021-11-03 04:00:00+00:00,39.31,39.82,39.21,39.66,19476546
2021-11-04 04:00:00+00:00,39.72,39.8,39.46,39.63,10228278
2021-11-05 04:00:00+00:00,39.73,40.05,39.69,39.94,11850664
2021-11-08 05:00:00+00:00,40.38,40.58,40.3,40.44,11136630
2021-11-09 05:00:00+00:00,40.46,40.63,40.29,40.63,15945020
2021-11-10 05:00:00+00:00,40.59,40.77,40.27,40.35,12985620
2021-11-11 05:00:00+00:00,40.53,40.84,40.45,40.67,8306748
2021-11-12 05:00:00+00:00,40.78,41.0,40.69,40.98,8912570
2021-11-15 05:00:00+00:00,40.99,41.01,40.65,40.79,8769542
2021-11-16 05:00:00+00:00,40.82,40.93,40.65,40.68,9097340
2021-11-17 05:00:00+00:00,40.62,40.72,40.38,40.41,10663348
2021-11-18 05:00:00+00:00,40.44,40.52,40.16,40.24,10447912
2021-11-19 05:00:00+00:00,40.1,40.41,40.03,40.17,10535594
2021-11-22 05:00:00+00:00,40.18,40.66,40.17,40.23,13497818
2021-11-23 05:00:00+00:00,40.24,40.56,40.07,40.27,15253750
2021-11-24 05:00:00+00:00,40.06,40.15,39.89,39.98,10485742
2021-11-26 05:00:00+00:00,39.07,39.48,38.87,39.3,14397226
2021-11-29 05:00:00+00:00,39.6,39.68,39.22,39.48,12507400
2021-11-30 05:00:00+00:00,39.28,39.38,38.43,38.5,24397458
2021-12-01 05:00:00+00:00,39.11,39.45,38.09,38.11,22619480
2021-12-02 05:00:00+00:00,38.24,39.05,38.16,38.89,18128238
2021-12-03 05:00:00+00:00,38.95,39.37,38.46,38.8,20072456
2021-12-06 05:00:00+00:00,39.19,39.68,39.05,39.37,16598938
2021-12-07 05:00:00+00:00,39.82,40.22,39.82,39.97,11451098
2021-12-08 05:00:00+00:00,40.11,40.23,39.91,40.14,9493238
2021-12-09 05:00:00+00:00,39.84,40.11,39.75,39.92,6685740
2021-12-10 05:00:00+00:00,40.22,40.32,39.9,40.16,11075990
2021-12-13 05:00:00+00:00,40.14,40.23,39.79,39.92,9495890
2021-12-14 05:00:00+00:00,39.89,40.22,39.77,39.88,9183994
2021-12-15 05:00:00+00:00,39.71,40.01,39.28,39.97,14767586
2021-12-16 05:00:00+00:00,40.24,40.63,40.21,40.37,13094394
2021-12-17 05:00:00+00:00,40.23,40.35,39.84,39.87,15664356
2021-12-20 05:00:00+00:00,39.3,39.33,38.66,39.16,14396906
2021-12-21 05:00:00+00:00,39.44,39.81,39.41,39.65,9082542
2021-12-22 05:00:00+00:00,39.61,40.0,39.56,39.97,6212370
2021-12-23 05:00:00+00:00,40.03,40.5,39.97,40.37,5924840
2021-12-27 05:00:00+00:00,40.5,40.98,40.44,40.98,5047068
2021-12-28 05:00:00+00:00,40.96,41.26,40.95,41.21,8646486
2021-12-29 05:00:00+00:00,41.18,41.46,41.14,41.38,5190634
2021-12-30 05:00:00+00:00,41.4,41.64,41.2,41.24,6806462
2021-12-31 05:00:00+00:00,41.16,41.53,41.16,41.42,6536546
2022-01-03 05:00:00+00:00,41.47,41.52,40.78,40.88,15645910
2022-01-04 05:00:00+00:00,41.0,41.54,40.98,41.38,20113562
2022-01-05 05:00:00+00:00,41.6,42.19,41.37,41.38,21279720
2022-01-06 05:00:00+00:00,41.48,41.48,40.8,40.86,17991424
2022-01-07 05:00:00+00:00,40.91,40.98,40.64,40.82,16704924
2022-01-10 05:00:00+00:00,40.6,40.7,40.02,40.41,17017556
2022-01-11 05:00:00+00:00,40.46,40.86,40.12,40.85,13714666
2022-01-12 05:00:00+00:00,41.19,41.35,40.85,41.26,10242930
2022-01-13 05:00:00+00:00,41.2,41.41,40.84,40.94,12145114
2022-01-14 05:00:00+00:00,40.49,40.67,40.11,40.59,14864868
2022-01-18 05:00:00+00:00,40.15,40.22,39.75,40.06,15826332
2022-01-19 05:00:00+00:00,40.36,40.46,39.94,39.96,14994448
2022-01-20 05:00:00+00:00,40.06,40.35,39.33,39.38,17355074
2022-01-21 05:00:00+00:00,39.14,39.29,38.29,38.42,32598468
2022-01-24 05:00:00+00:00,37.69,38.54,36.99,38.44,42665698
2022-01-25 05:00:00+00:00,37.86,38.42,37.21,38.09,29436966
2022-01-26 05:00:00+00:00,38.4,38.72,37.31,37.69,27091682
2022-01-27 05:00:00+00:00,38.11,38.61,37.47,37.82,23321094
2022-01-28 05:00:00+00:00,37.66,38.06,37.13,38.04,22245524
2022-01-31 05:00:00+00:00,37.84,38.63,37.78,38.6,14798668
2022-02-01 05:00:00+00:00,38.8,39.29,38.59,39.2,18902796
2022-02-02 05:00:00+00:00,39.19,39.5,38.98,39.32,14414098
2022-02-03 05:00:00+00:00,38.98,39.26,38.57,38.64,15573408
2022-02-04 05:00:00+00:00,38.12,38.42,37.77,38.0,23628870
2022-02-07 05:00:00+00:00,38.07,38.17,37.68,37.81,25431070
2022-02-08 05:00:00+00:00,37.96,38.46,37.88,38.39,15630628
2022-02-09 05:00:00+00:00,38.77,39.29,38.76,39.23,21500130
2022-02-10 05:00:00+00:00,39.09,39.87,38.81,39.0,26677746
2022-02-11 05:00:00+00:00,38.81,39.16,38.27,38.4,25398820
2022-02-14 05:00:00+00:00,38.43,38.46,37.79,38.08,18928598
2022-02-15 05:00:00+00:00,38.35,38.84,38.31,38.78,13381352
2022-02-16 05:00:00+00:00,38.74,39.15,38.67,39.07,15720554
2022-02-17 05:00:00+00:00,38.66,38.78,38.27,38.4,13124620
2022-02-18 05:00:00+00:00,38.48,38.68,38.12,38.33,18024688
2022-02-22 05:00:00+00:00,38.15,38.32,37.48,37.79,21382524
2022-02-23 05:00:00+00:00,38.03,38.17,37.25,37.31,19207594
2022-02-24 05:00:00+00:00,36.46,37.3,36.29,37.2,32233186
2022-02-25 05:00:00+00:00,37.37,38.57,37.33,38.55,22318068
2022-02-28 05:00:00+00:00,37.96,38.38,37.74,38.12,22519220
2022-03-01 05:00:00+00:00,38.01,38.3,37.01,37.24,26357656
2022-03-02 05:00:00+00:00,37.47,38.27,37.38,38.06,19167898
2022-03-03 05:00:00+00:00,38.39,38.53,37.72,38.1,19500306
2022-03-04 05:00:00+00:00,37.64,37.98,37.34,37.97,17359908
2022-03-07 05:00:00+00:00,37.86,37.89,36.65,36.65,21867926
2022-03-08 05:00:00+00:00,36.7,37.23,36.25,36.46,26017408
2022-03-09 05:00:00+00:00,37.07,37.82,36.87,37.59,20661268
2022-03-10 05:00:00+00:00,37.21,37.74,37.16,37.69,15693494
2022-03-11 05:00:00+00:00,37.74,38.07,37.38,37.42,13884220
2022-03-14 04:00:00+00:00,37.66,37.9,37.17,37.36,15663482
2022-03-15 04:00:00+00:00,37.38,37.86,37.13,37.79,18202588
2022-03-16 04:00:00+00:00,38.22,38.75,37.61,38.38,23935132
2022-03-17 04:00:00+00:00,38.26,39.14,38.21,39.12,14118112
2022-03-18 04:00:00+00:00,38.93,39.42,38.82,39.36,19256744
2022-03-21 04:00:00+00:00,39.52,39.86,39.42,39.69,17782004
2022-03-22 04:00:00+00:00,39.99,40.15,39.75,39.9,14037706
2022-03-23 04:00:00+00:00,39.8,39.99,39.67,39.72,11602398
2022-03-24 04:00:00+00:00,39.97,40.53,39.93,40.52,10933588
2022-03-25 04:00:00+00:00,40.61,40.99,40.53,40.97,10229862
2022-03-28 04:00:00+00:00,40.82,40.85,40.38,40.79,11007726
2022-03-29 04:00:00+00:00,40.82,41.13,40.52,41.13,15956308
2022-03-30 04:00:00+00:00,41.14,41.22,40.8,40.99,9133776
2022-03-31 04:00:00+00:00,40.82,41.13,40.44,40.45,10621350
2022-04-01 04:00:00+00:00,40.68,41.03,40.44,40.87,12535712
2022-04-04 04:00:00+00:00,40.94,40.94,40.52,40.88,11823602
2022-04-05 04:00:00+00:00,40.86,41.14,40.44,40.56,11551124
2022-04-06 04:00:00+00:00,40.3,40.31,39.74,40.09,16824470
2022-04-07 04:00:00+00:00,40.14,40.52,39.86,40.35,11649404
2022-04-08 04:00:00+00:00,40.58,40.86,40.37,40.6,10568386
2022-04-11 04:00:00+00:00,40.47,40.83,40.35,40.4,12416522
2022-04-12 04:00:00+00:00,40.59,40.93,40.24,40.41,14368828
2022-04-13 04:00:00+00:00,40.48,41.02,40.32,41.0,17187542
2022-04-14 04:00:00+00:00,41.05,41.35,40.84,40.86,12755070
2022-04-18 04:00:00+00:00,40.84,41.14,40.76,40.9,12655336
2022-04-19 04:00:00+00:00,40.79,41.37,40.69,41.29,10331408
2022-04-20 04:00:00+00:00,41.35,41.71,41.27,41.55,17549440
2022-04-21 04:00:00+00:00,41.86,41.98,40.75,40.87,15349974
2022-04-22 04:00:00+00:00,40.53,40.54,39.27,39.34,18850336
2022-04-25 04:00:00+00:00,38.92,39.33,38.15,39.23,26856608
2022-04-26 04:00:00+00:00,39.41,39.63,38.61,38.63,21325520
2022-04-27 04:00:00+00:00,38.97,39.64,38.85,39.19,26162406
2022-04-28 04:00:00+00:00,39.39,39.95,38.72,39.81,21099354
2022-04-29 04:00:00+00:00,39.94,40.27,38.92,39.02,21555252
2022-05-02 04:00:00+00:00,39.07,39.23,38.14,38.9,33418218
2022-05-03 04:00:00+00:00,38.92,39.55,38.85,39.33,23049924
2022-05-04 04:00:00+00:00,39.59,40.64,39.23,40.61,29981018
2022-05-05 04:00:00+00:00,40.32,40.46,38.92,39.35,24805230
2022-05-06 04:00:00+00:00,39.04,39.04,38.14,38.79,28831016
2022-05-09 04:00:00+00:00,38.08,38.42,37.46,37.56,27935014
2022-05-10 04:00:00+00:00,38.19,38.29,36.88,37.33,34333650
2022-05-11 04:00:00+00:00,37.43,38.35,37.26,37.35,33979304
2022-05-12 04:00:00+00:00,36.96,37.65,36.6,37.28,26472722
2022-05-13 04:00:00+00:00,37.57,38.22,37.57,37.85,17310934
2022-05-16 04:00:00+00:00,37.69,38.08,37.34,37.78,18453842
2022-05-17 04:00:00+00:00,38.63,38.91,38.24,38.85,15353352
2022-05-18 04:00:00+00:00,38.48,38.57,37.48,37.64,14213332
2022-05-19 04:00:00+00:00,37.4,38.35,37.35,37.91,16355668
2022-05-20 04:00:00+00:00,38.28,38.43,36.99,37.82,16128266
2022-05-23 04:00:00+00:00,38.3,38.6,38.04,38.51,13063974
2022-05-24 04:00:00+00:00,38.38,38.42,37.63,38.29,14115338
2022-05-25 04:00:00+00:00,38.14,38.62,38.01,38.46,11250176
2022-05-26 04:00:00+00:00,38.73,39.36,38.65,39.17,11292984
2022-05-27 04:00:00+00:00,39.5,40.1,39.43,40.08,13901092
2022-05-31 04:00:00+00:00,39.71,39.86,39.34,39.47,18524256
2022-06-01 04:00:00+00:00,39.54,39.66,38.7,39.08,14489954
2022-06-02 04:00:00+00:00,39.5,40.16,39.41,40.16,13530842
2022-06-03 04:00:00+00:00,39.8,40.08,39.63,39.77,10907258
2022-06-06 04:00:00+00:00,40.06,40.3,39.93,40.14,11426866
2022-06-07 04:00:00+00:00,39.8,40.48,39.7,40.43,12657138
2022-06-08 04:00:00+00:00,40.02,40.36,39.5,39.59,8659122
2022-06-09 04:00:00+00:00,39.29,39.42,38.64,38.66,11099884
2022-06-10 04:00:00+00:00,37.91,37.97,37.42,37.47,17161412
2022-06-13 04:00:00+00:00,36.51,36.6,35.8,36.01,21191116
2022-06-14 04:00:00+00:00,36.0,36.22,35.45,35.73,15921178
2022-06-15 04:00:00+00:00,36.19,36.23,35.07,35.73,21208794
2022-06-16 04:00:00+00:00,34.75,34.86,34.14,34.44,18946014
2022-06-17 04:00:00+00:00,34.39,34.62,33.78,34.38,25047756
2022-06-21 04:00:00+00:00,34.91,35.06,34.63,34.9,11406888
2022-06-22 04:00:00+00:00,34.14,34.79,34.05,34.45,16298784
2022-06-23 04:00:00+00:00,34.31,34.5,33.62,33.98,19215088
2022-06-24 04:00:00+00:00,34.21,35.34,34.17,35.33,22636244
2022-06-27 04:00:00+00:00,35.3,35.42,34.93,35.03,13727824
2022-06-28 04:00:00+00:00,35.24,35.57,34.61,34.66,9957636
2022-06-29 04:00:00+00:00,34.73,34.79,34.06,34.41,10687844
2022-06-30 04:00:00+00:00,33.88,34.32,33.53,34.0,14431938
2022-07-01 04:00:00+00:00,33.72,34.3,33.35,34.24,17025468
2022-07-05 04:00:00+00:00,33.34,33.56,32.85,33.56,19627238
2022-07-06 04:00:00+00:00,33.52,33.87,33.15,33.77,16837434
2022-07-07 04:00:00+00:00,34.18,34.42,33.97,34.07,10020790
2022-07-08 04:00:00+00:00,34.12,34.18,33.56,33.74,8373310
2022-07-11 04:00:00+00:00,33.39,33.8,33.33,33.64,8475992
2022-07-12 04:00:00+00:00,33.5,34.02,33.46,33.58,13719096
2022-07-13 04:00:00+00:00,33.03,33.58,32.86,33.39,20153636
2022-07-14 04:00:00+00:00,32.76,32.8,32.33,32.77,15168862
2022-07-15 04:00:00+00:00,33.3,33.4,32.88,33.28,10514806
2022-07-18 04:00:00+00:00,33.72,33.88,33.24,33.36,7651264
2022-07-19 04:00:00+00:00,33.73,34.46,33.69,34.38,11419824
2022-07-20 04:00:00+00:00,34.33,34.59,34.18,34.44,9727534
2022-07-21 04:00:00+00:00,34.38,34.94,34.22,34.93,9501560
2022-07-22 04:00:00+00:00,35.14,35.32,34.52,34.68,10934660
2022-07-25 04:00:00+00:00,34.77,34.87,34.54,34.82,7785466
2022-07-26 04:00:00+00:00,34.64,34.79,34.45,34.59,7789728
2022-07-27 04:00:00+00:00,34.34,35.14,34.18,35.0,11864024
2022-07-28 04:00:00+00:00,35.17,35.66,35.09,35.62,12281538
2022-07-29 04:00:00+00:00,35.88,36.19,35.74,36.1,9373954
2022-08-01 04:00:00+00:00,35.93,35.95,35.55,35.81,10590722
2022-08-02 04:00:00+00:00,35.63,35.94,35.24,35.44,11471696
2022-08-03 04:00:00+00:00,35.64,35.72,35.18,35.48,9880738
2022-08-04 04:00:00+00:00,35.53,35.81,35.32,35.5,6970464
2022-08-05 04:00:00+00:00,35.22,35.78,35.17,35.63,5943974
2022-08-08 04:00:00+00:00,36.06,36.33,35.8,35.82,9566740
2022-08-09 04:00:00+00:00,35.88,35.9,35.52,35.65,14093152
2022-08-10 04:00:00+00:00,36.34,36.87,36.33,36.66,8657444
2022-08-11 04:00:00+00:00,37.0,37.25,36.74,36.79,6195340
2022-08-12 04:00:00+00:00,36.9,37.49,36.83,37.48,7505830
2022-08-15 04:00:00+00:00,37.08,37.51,36.96,37.46,6449156
2022-08-16 04:00:00+00:00,37.35,37.83,37.34,37.66,5255034
2022-08-17 04:00:00+00:00,37.24,37.33,36.95,37.15,8254746
2022-08-18 04:00:00+00:00,37.29,37.35,37.02,37.26,4656472
2022-08-19 04:00:00+00:00,37.06,37.06,36.44,36.58,6729130
2022-08-22 04:00:00+00:00,36.01,36.19,35.87,36.0,7156880
2022-08-23 04:00:00+00:00,36.0,36.53,36.0,36.35,10029926
2022-08-24 04:00:00+00:00,36.31,36.56,36.2,36.43,6028556
2022-08-25 04:00:00+00:00,36.68,37.27,36.68,37.26,6263796
2022-08-26 04:00:00+00:00,37.34,37.37,36.09,36.12,8782204
2022-08-29 04:00:00+00:00,35.72,36.16,35.63,35.86,7231312
2022-08-30 04:00:00+00:00,35.95,35.98,35.07,35.28,7468026
2022-08-31 04:00:00+00:00,35.34,35.34,34.83,34.84,10216812
2022-09-01 04:00:00+00:00,34.42,34.48,33.96,34.38,11948332
2022-09-02 04:00:00+00:00,34.89,35.17,34.2,34.35,14211912
2022-09-06 04:00:00+00:00,34.55,34.67,34.09,34.24,12834496
2022-09-07 04:00:00+00:00,34.15,35.25,34.07,35.19,12386306
2022-09-08 04:00:00+00:00,34.84,35.56,34.72,35.53,8912928
2022-09-09 04:00:00+00:00,35.89,36.17,35.79,36.07,7397628
2022-09-12 04:00:00+00:00,36.44,36.58,36.19,36.41,8237940
2022-09-13 04:00:00+00:00,35.48,35.88,35.02,35.11,9582478
2022-09-14 04:00:00+00:00,34.95,34.99,34.34,34.68,11762870
2022-09-15 04:00:00+00:00,34.55,34.9,34.16,34.22,10621576
2022-09-16 04:00:00+00:00,33.76,33.81,33.32,33.68,16644960
2022-09-19 04:00:00+00:00,33.31,34.29,33.27,34.24,10455136
2022-09-20 04:00:00+00:00,33.77,33.77,33.33,33.59,9796214
2022-09-21 04:00:00+00:00,33.83,33.9,32.84,32.85,17968372
2022-09-22 04:00:00+00:00,32.99,33.08,32.44,32.46,11865454
2022-09-23 04:00:00+00:00,31.9,31.94,31.32,31.79,14465614
2022-09-26 04:00:00+00:00,31.57,31.97,31.12,31.28,15192890
2022-09-27 04:00:00+00:00,31.68,31.86,31.06,31.35,14216276
2022-09-28 04:00:00+00:00,31.52,32.31,31.39,32.16,13703640
2022-09-29 04:00:00+00:00,31.85,31.85,31.22,31.68,11704120
2022-09-30 04:00:00+00:00,31.66,32.18,31.5,31.6,10891702
2022-10-03 04:00:00+00:00,32.11,32.87,31.92,32.63,22539112
2022-10-04 04:00:00+00:00,33.28,33.86,33.23,33.83,32933858
2022-10-05 04:00:00+00:00,33.35,33.72,33.07,33.44,20472570
2022-10-06 04:00:00+00:00,33.18,33.54,33.01,33.09,26074990
2022-10-07 04:00:00+00:00,32.82,32.89,32.06,32.27,10666306
2022-10-10 04:00:00+00:00,32.4,32.53,32.13,32.34,10539646
2022-10-11 04:00:00+00:00,32.07,32.62,31.86,32.09,14080444
2022-10-12 04:00:00+00:00,32.1,32.13,31.83,31.85,16888992
2022-10-13 04:00:00+00:00,31.23,32.93,31.07,32.78,19948298
2022-10-14 04:00:00+00:00,33.0,33.07,31.62,31.68,17570292
2022-10-17 04:00:00+00:00,32.32,32.69,32.28,32.47,11855584
2022-10-18 04:00:00+00:00,33.25,33.45,32.74,33.1,16636686
2022-10-19 04:00:00+00:00,32.86,33.14,32.51,32.71,8850230
2022-10-20 04:00:00+00:00,32.76,33.35,32.4,32.48,11513326
2022-10-21 04:00:00+00:00,32.42,33.65,32.38,33.6,17170094
2022-10-24 04:00:00+00:00,33.74,33.92,33.34,33.41,13787262
2022-10-25 04:00:00+00:00,33.43,34.26,33.39,34.23,12293950
2022-10-26 04:00:00+00:00,34.43,34.83,34.19,34.48,13829786
2022-10-27 04:00:00+00:00,34.53,34.8,34.32,34.39,10049794
2022-10-28 04:00:00+00:00,34.28,34.8,34.11,34.73,9581494
2022-10-31 04:00:00+00:00,34.54,34.82,34.37,34.42,9752650
2022-11-01 04:00:00+00:00,34.94,34.97,34.22,34.51,25570906
2022-11-02 04:00:00+00:00,34.65,34.94,33.6,33.61,33766062
2022-11-03 04:00:00+00:00,33.19,34.1,33.11,33.87,19194850
2022-11-04 04:00:00+00:00,34.73,35.3,34.44,35.04,21326730
2022-11-07 05:00:00+00:00,35.26,35.34,34.89,35.32,11153138
2022-11-08 05:00:00+00:00,35.52,36.28,35.42,35.93,12313586
2022-11-09 05:00:00+00:00,35.76,36.08,35.26,35.34,13207824
2022-11-10 05:00:00+00:00,36.78,37.33,36.6,37.3,17436560
2022-11-11 05:00:00+00:00,37.72,38.18,37.64,37.75,12981120
2022-11-14 05:00:00+00:00,37.63,38.22,37.59,37.7,12733852
2022-11-15 05:00:00+00:00,38.11,38.14,37.27,37.64,14455066
2022-11-16 05:00:00+00:00,37.5,37.62,37.2,37.28,12797796
2022-11-17 05:00:00+00:00,36.71,36.94,36.46,36.92,9358722
2022-11-18 05:00:00+00:00,37.3,37.3,36.82,37.17,7491126
2022-11-21 05:00:00+00:00,36.9,37.42,36.82,37.29,7238224
2022-11-22 05:00:00+00:00,37.57,38.15,37.48,38.14,7214122
2022-11-23 05:00:00+00:00,38.1,38.32,38.0,38.29,8496400
2022-11-25 05:00:00+00:00,38.23,38.3,38.15,38.27,2456570
2022-11-28 05:00:00+00:00,37.99,38.01,37.34,37.42,6464098
2022-11-29 05:00:00+00:00,37.56,37.75,37.44,37.54,5673104
2022-11-30 05:00:00+00:00,37.56,38.46,37.21,38.45,14625048
2022-12-01 05:00:00+00:00,38.71,38.75,38.16,38.49,8215892
2022-12-02 05:00:00+00:00,37.99,39.02,37.99,38.92,6825004
2022-12-05 05:00:00+00:00,38.62,38.78,38.09,38.15,9452488
2022-12-06 05:00:00+00:00,38.17,38.4,37.53,37.81,9495612
2022-12-07 05:00:00+00:00,37.75,38.1,37.63,37.72,8167208
2022-12-08 05:00:00+00:00,37.97,38.2,37.88,38.0,5523788
2022-12-09 05:00:00+00:00,37.91,38.23,37.62,37.63,7872378
2022-12-12 05:00:00+00:00,37.65,37.96,37.51,37.95,6386110
2022-12-13 05:00:00+00:00,39.12,39.2,38.2,38.48,12576062
2022-12-14 05:00:00+00:00,38.32,38.56,37.77,38.06,15635206
2022-12-15 05:00:00+00:00,37.42,37.45,36.81,36.9,10458590
2022-12-16 05:00:00+00:00,36.61,36.85,36.38,36.74,14569102
2022-12-19 05:00:00+00:00,36.67,36.88,36.09,36.27,6459916
2022-12-20 05:00:00+00:00,36.33,36.72,36.32,36.5,5641886
2022-12-21 05:00:00+00:00,36.7,36.97,36.61,36.82,5755490
2022-12-22 05:00:00+00:00,36.56,36.56,35.85,36.47,6631166
2022-12-23 05:00:00+00:00,36.47,36.73,36.27,36.72,6202298
2022-12-27 05:00:00+00:00,36.81,36.99,36.59,36.75,4868544
2022-12-28 05:00:00+00:00,36.74,36.88,36.16,36.19,5046450
2022-12-29 05:00:00+00:00,36.39,36.74,36.39,36.58,6446122
2022-12-30 05:00:00+00:00,36.32,36.45,36.02,36.33,5818862
2023-01-03 05:00:00+00:00,36.39,36.63,35.96,36.29,10684020
2023-01-04 05:00:00+00:00,36.47,37.02,36.45,36.92,9742300
2023-01-05 05:00:00+00:00,36.34,36.54,36.07,36.34,8212638
2023-01-06 05:00:00+00:00,36.67,37.67,36.67,37.58,8727524
2023-01-09 05:00:00+00:00,37.89,38.33,37.7,37.82,16791438
2023-01-10 05:00:00+00:00,37.84,38.23,37.63,38.2,8048974
2023-01-11 05:00:00+00:00,38.6,38.82,38.37,38.8,9845730
2023-01-12 05:00:00+00:00,38.89,39.06,38.5,38.95,7787598
2023-01-13 05:00:00+00:00,38.72,39.26,38.69,39.18,6965128
2023-01-17 05:00:00+00:00,39.25,39.32,38.75,38.79,6943124
2023-01-18 05:00:00+00:00,39.15,39.2,38.22,38.24,9445096
2023-01-19 05:00:00+00:00,37.95,38.11,37.65,37.95,8159780
2023-01-20 05:00:00+00:00,38.05,38.74,37.85,38.71,6885434
2023-01-23 05:00:00+00:00,38.66,39.0,38.47,38.84,12497500
2023-01-24 05:00:00+00:00,38.62,38.92,38.3,38.86,9361110
2023-01-25 05:00:00+00:00,38.44,38.95,38.3,38.94,7204082
2023-01-26 05:00:00+00:00,38.61,39.14,38.49,39.13,11506234
2023-01-27 05:00:00+00:00,38.86,39.28,38.82,39.0,6839352
2023-01-30 05:00:00+00:00,38.76,39.23,38.68,38.73,10421838
2023-01-31 05:00:00+00:00,38.76,39.6,38.76,39.59,7742740
2023-02-01 05:00:00+00:00,39.36,40.17,39.1,39.85,14447260
2023-02-02 05:00:00+00:00,39.67,39.84,39.13,39.72,12327984
2023-02-03 05:00:00+00:00,39.29,39.6,38.95,39.01,11875252
2023-02-06 05:00:00+00:00,38.66,38.81,38.37,38.58,12524686
2023-02-07 05:00:00+00:00,38.52,39.19,38.51,39.09,15106044
2023-02-08 05:00:00+00:00,38.89,39.26,38.75,38.78,10531866
2023-02-09 05:00:00+00:00,39.08,39.16,38.05,38.22,16661174
2023-02-10 05:00:00+00:00,38.14,38.42,37.91,38.36,7015856
2023-02-13 05:00:00+00:00,38.43,38.64,38.18,38.56,5498550
2023-02-14 05:00:00+00:00,38.4,38.76,38.21,38.65,8214948
2023-02-15 05:00:00+00:00,38.39,38.83,38.29,38.82,7956850
2023-02-16 05:00:00+00:00,38.28,38.83,38.19,38.38,8673800
2023-02-17 05:00:00+00:00,38.11,38.15,37.81,38.02,7452448
2023-02-21 05:00:00+00:00,37.82,37.95,37.34,37.39,11800620
2023-02-22 05:00:00+00:00,37.56,37.86,37.37,37.67,11868772
2023-02-23 05:00:00+00:00,37.81,37.97,37.16,37.72,11192666
2023-02-24 05:00:00+00:00,37.08,38.02,36.88,37.97,18648164
2023-02-27 05:00:00+00:00,38.21,38.45,38.05,38.09,12939548
2023-02-28 05:00:00+00:00,38.08,38.52,38.01,38.27,17093514
2023-03-01 05:00:00+00:00,38.35,38.94,38.35,38.57,15481652
2023-03-02 05:00:00+00:00,38.37,39.1,38.27,39.01,12670238
2023-03-03 05:00:00+00:00,39.26,39.58,38.96,39.56,11994516
2023-03-06 05:00:00+00:00,39.41,39.41,38.86,38.92,10962846
2023-03-07 05:00:00+00:00,38.78,38.78,38.02,38.15,13520610
2023-03-08 05:00:00+00:00,38.17,38.44,38.04,38.34,11590378
2023-03-09 05:00:00+00:00,38.37,38.5,37.24,37.36,12851938
2023-03-10 05:00:00+00:00,37.37,37.38,36.36,36.56,26123700
2023-03-13 04:00:00+00:00,36.2,36.68,35.91,36.19,40705068
2023-03-14 04:00:00+00:00,36.71,37.07,36.25,36.65,16477288
2023-03-15 04:00:00+00:00,35.7,35.78,34.97,35.46,28524436
2023-03-16 04:00:00+00:00,35.12,35.91,35.02,35.87,21606266
2023-03-17 04:00:00+00:00,35.74,35.75,35.25,35.31,18886924
2023-03-20 04:00:00+00:00,35.59,36.06,35.59,36.04,14785786
2023-03-21 04:00:00+00:00,36.46,36.63,36.23,36.48,9498032
2023-03-22 04:00:00+00:00,36.41,36.69,35.82,35.83,14654706
2023-03-23 04:00:00+00:00,35.99,36.51,35.51,35.78,13439540
2023-03-24 04:00:00+00:00,35.51,36.16,35.25,36.08,13465240
2023-03-27 04:00:00+00:00,36.45,36.6,36.08,36.34,10613926
2023-03-28 04:00:00+00:00,36.34,36.58,36.3,36.52,10248040
2023-03-29 04:00:00+00:00,36.99,37.05,36.86,37.02,8270264
2023-03-30 04:00:00+00:00,37.41,37.43,37.14,37.28,8433766
2023-03-31 04:00:00+00:00,37.28,37.9,37.28,37.88,13526192
2023-04-03 04:00:00+00:00,37.96,38.22,37.84,38.12,16128530
2023-04-04 04:00:00+00:00,38.03,38.05,37.43,37.57,17497340
2023-04-05 04:00:00+00:00,37.29,37.54,37.15,37.49,18561016
2023-04-06 04:00:00+00:00,37.24,37.44,37.12,37.4,19031386
2023-04-10 04:00:00+00:00,37.25,37.64,37.22,37.58,9267134
2023-04-11 04:00:00+00:00,37.75,38.08,37.73,37.87,7715330
2023-04-12 04:00:00+00:00,38.13,38.22,37.83,37.9,11888048
2023-04-13 04:00:00+00:00,37.92,38.41,37.84,38.29,18002998
2023-04-14 04:00:00+00:00,38.19,38.46,37.82,38.01,8826252
2023-04-17 04:00:00+00:00,38.03,38.24,37.93,38.23,7366186
2023-04-18 04:00:00+00:00,38.38,38.52,38.21,38.39,6766020
2023-04-19 04:00:00+00:00,38.13,38.32,38.04,38.28,7309570
2023-04-20 04:00:00+00:00,38.01,38.36,38.0,38.24,8052024
2023-04-21 04:00:00+00:00,38.09,38.13,37.69,37.9,10844138
2023-04-24 04:00:00+00:00,37.96,38.17,37.92,38.16,7731050
2023-04-25 04:00:00+00:00,37.76,37.8,37.32,37.33,11966194
2023-04-26 04:00:00+00:00,37.18,37.31,36.77,36.89,11910446
2023-04-27 04:00:00+00:00,37.0,37.41,36.79,37.4,11826360
2023-04-28 04:00:00+00:00,37.38,37.9,37.28,37.83,10142688
2023-05-01 04:00:00+00:00,37.88,38.06,37.75,37.81,8416496
2023-05-02 04:00:00+00:00,37.46,37.51,36.85,37.45,11680944
2023-05-03 04:00:00+00:00,37.5,37.69,37.02,37.03,12701398
2023-05-04 04:00:00+00:00,37.11,37.35,36.7,36.79,16655096
2023-05-05 04:00:00+00:00,37.2,37.55,37.17,37.41,10267298
2023-05-08 04:00:00+00:00,37.64,37.7,37.23,37.29,7680010
2023-05-09 04:00:00+00:00,37.09,37.15,36.8,36.95,15114412
2023-05-10 04:00:00+00:00,37.4,37.4,36.57,36.98,11730208
2023-05-11 04:00:00+00:00,36.63,36.74,36.44,36.62,12849750
2023-05-12 04:00:00+00:00,36.78,36.85,36.37,36.68,8287222
2023-05-15 04:00:00+00:00,36.87,37.02,36.64,36.99,6487294
2023-05-16 04:00:00+00:00,36.79,36.83,36.37,36.38,8346402
2023-05-17 04:00:00+00:00,36.55,36.77,36.38,36.62,10505662
2023-05-18 04:00:00+00:00,36.45,36.87,36.28,36.84,13352436
2023-05-19 04:00:00+00:00,37.1,37.12,36.73,36.93,9942910
2023-05-22 04:00:00+00:00,37.01,37.11,36.68,36.74,8288590
2023-05-23 04:00:00+00:00,36.47,36.57,36.09,36.17,10494160
2023-05-24 04:00:00+00:00,36.01,36.05,35.69,35.76,14128078
2023-05-25 04:00:00+00:00,35.8,35.8,35.43,35.63,11713076
2023-05-26 04:00:00+00:00,35.89,36.03,35.65,35.81,15882532
2023-05-30 04:00:00+00:00,35.78,35.85,35.34,35.62,12780658
2023-05-31 04:00:00+00:00,35.41,35.53,35.09,35.24,13816734
2023-06-01 04:00:00+00:00,35.41,35.81,35.25,35.7,14559666
2023-06-02 04:00:00+00:00,36.41,36.99,36.35,36.9,17659046
2023-06-05 04:00:00+00:00,36.98,37.29,36.74,36.87,16183580
2023-06-06 04:00:00+00:00,36.72,37.2,36.7,37.11,15206796
2023-06-07 04:00:00+00:00,37.02,37.58,37.02,37.55,13330828
2023-06-08 04:00:00+00:00,37.57,37.68,37.16,37.41,11719324
2023-06-09 04:00:00+00:00,37.27,37.33,36.96,37.1,11621424
2023-06-12 04:00:00+00:00,37.15,37.32,36.88,37.27,9691294
2023-06-13 04:00:00+00:00,37.56,38.16,37.48,38.14,16467164
2023-06-14 04:00:00+00:00,38.44,38.47,37.77,37.98,13956572
2023-06-15 04:00:00+00:00,37.93,38.45,37.9,38.3,11778154
2023-06-16 04:00:00+00:00,38.36,38.41,38.12,38.4,16966772
2023-06-20 04:00:00+00:00,38.01,38.09,37.66,37.88,11739620
2023-06-21 04:00:00+00:00,37.7,38.16,37.58,38.0,13355334
2023-06-22 04:00:00+00:00,37.86,37.94,37.55,37.91,8650342
2023-06-23 04:00:00+00:00,37.51,37.67,37.32,37.6,11953578
2023-06-26 04:00:00+00:00,37.71,38.04,37.62,37.99,8335842
2023-06-27 04:00:00+00:00,38.09,38.56,37.97,38.53,13676376
2023-06-28 04:00:00+00:00,38.44,38.44,38.09,38.27,10987164
2023-06-29 04:00:00+00:00,38.16,38.77,38.08,38.75,10563948
2023-06-30 04:00:00+00:00,38.96,39.21,38.82,39.11,12446840
2023-07-03 04:00:00+00:00,39.09,39.43,39.03,39.26,7735046
2023-07-05 04:00:00+00:00,38.83,38.87,38.22,38.29,23658730
2023-07-06 04:00:00+00:00,37.8,38.04,37.43,38.01,17904184
2023-07-07 04:00:00+00:00,37.99,38.73,37.94,38.34,13663010
2023-07-10 04:00:00+00:00,38.07,38.57,38.04,38.33,11196120
2023-07-11 04:00:00+00:00,38.57,38.74,38.4,38.71,9412114
2023-07-12 04:00:00+00:00,39.18,39.34,38.9,39.22,23076766
2023-07-13 04:00:00+00:00,39.35,39.58,39.21,39.53,9609922
2023-07-14 04:00:00+00:00,39.55,39.55,39.12,39.3,11257216
2023-07-17 04:00:00+00:00,39.16,39.41,39.09,39.33,9072912
2023-07-18 04:00:00+00:00,39.19,39.76,39.19,39.64,11795646
2023-07-19 04:00:00+00:00,39.59,39.69,39.31,39.43,10383670
2023-07-20 04:00:00+00:00,39.56,39.61,39.25,39.52,9853312
2023-07-21 04:00:00+00:00,39.41,39.59,39.21,39.53,9047944
2023-07-24 04:00:00+00:00,39.58,39.72,39.4,39.65,8705664
2023-07-25 04:00:00+00:00,39.87,40.51,39.81,40.36,17521066
2023-07-26 04:00:00+00:00,40.08,40.34,39.91,40.23,12335244
2023-07-27 04:00:00+00:00,40.37,40.49,39.93,39.97,14101436
2023-07-28 04:00:00+00:00,40.4,40.41,40.04,40.25,8129598
2023-07-31 04:00:00+00:00,40.34,40.52,40.23,40.46,11001674
2023-08-01 04:00:00+00:00,40.26,40.44,40.12,40.28,15073324
2023-08-02 04:00:00+00:00,39.91,40.14,39.73,39.78,20371614
2023-08-03 04:00:00+00:00,39.66,39.86,39.46,39.53,18758754
2023-08-04 04:00:00+00:00,39.73,40.02,39.41,39.44,16990030
2023-08-07 04:00:00+00:00,39.58,39.77,39.41,39.7,10322194
2023-08-08 04:00:00+00:00,39.06,39.36,38.86,39.28,12857556
2023-08-09 04:00:00+00:00,39.43,39.51,39.07,39.12,15928132
2023-08-10 04:00:00+00:00,39.32,39.54,39.06,39.15,11145056
2023-08-11 04:00:00+00:00,39.05,39.24,38.91,39.04,7974564
2023-08-14 04:00:00+00:00,38.95,39.13,38.74,39.13,7754730
2023-08-15 04:00:00+00:00,38.75,38.83,38.4,38.49,11392626
2023-08-16 04:00:00+00:00,38.43,38.62,38.22,38.23,10564344
2023-08-17 04:00:00+00:00,38.49,38.74,38.11,38.15,10530800
2023-08-18 04:00:00+00:00,37.93,38.24,37.85,38.15,9817890
2023-08-21 04:00:00+00:00,38.24,38.3,37.88,38.15,9705318
2023-08-22 04:00:00+00:00,38.33,38.4,38.01,38.12,7218164
2023-08-23 04:00:00+00:00,38.12,38.31,38.02,38.18,7004544
2023-08-24 04:00:00+00:00,38.01,38.35,37.97,38.02,8140456
2023-08-25 04:00:00+00:00,38.2,38.31,37.81,38.14,10757816
2023-08-28 04:00:00+00:00,38.24,38.6,38.22,38.41,10101864
2023-08-29 04:00:00+00:00,38.44,39.07,38.31,39.05,11751082
2023-08-30 04:00:00+00:00,39.05,39.21,38.98,39.14,7597356
2023-08-31 04:00:00+00:00,39.21,39.31,39.08,39.12,6559984
2023-09-01 04:00:00+00:00,39.5,39.67,39.41,39.56,11825306
2023-09-05 04:00:00+00:00,39.5,39.53,38.83,38.83,12926410
2023-09-06 04:00:00+00:00,38.69,38.92,38.44,38.74,9306282
2023-09-07 04:00:00+00:00,38.59,38.73,38.28,38.57,8874414
2023-09-08 04:00:00+00:00,38.49,38.77,38.49,38.61,6986306
2023-09-11 04:00:00+00:00,38.86,39.04,38.7,38.77,8070524
2023-09-12 04:00:00+00:00,38.65,38.86,38.6,38.68,8421332
2023-09-13 04:00:00+00:00,38.66,38.74,38.35,38.46,9170946
2023-09-14 04:00:00+00:00,38.86,39.08,38.71,39.0,8669032
2023-09-15 04:00:00+00:00,38.89,39.06,38.5,38.57,13975558
2023-09-18 04:00:00+00:00,38.52,38.6,38.29,38.41,7366566
2023-09-19 04:00:00+00:00,38.38,38.55,38.04,38.37,8168170
2023-09-20 04:00:00+00:00,38.52,38.61,37.95,37.97,9299736
2023-09-21 04:00:00+00:00,37.71,37.73,37.19,37.21,13559518
2023-09-22 04:00:00+00:00,37.3,37.49,37.1,37.17,12035152
2023-09-25 04:00:00+00:00,37.03,37.48,37.0,37.46,8245830
2023-09-26 04:00:00+00:00,37.23,37.43,36.82,36.92,10951928
2023-09-27 04:00:00+00:00,37.11,37.16,36.7,36.92,11031198
2023-09-28 04:00:00+00:00,36.98,37.44,36.98,37.31,9398254
2023-09-29 04:00:00+00:00,37.67,37.67,37.15,37.25,11714400
2023-10-02 04:00:00+00:00,37.11,37.16,36.51,36.76,22598718
2023-10-03 04:00:00+00:00,36.38,37.12,36.38,36.66,26358094
2023-10-04 04:00:00+00:00,37.04,37.15,36.59,37.09,17954026
2023-10-05 04:00:00+00:00,37.0,37.2,36.42,36.64,20474368
2023-10-06 04:00:00+00:00,36.55,37.24,36.41,36.99,16086218
2023-10-09 04:00:00+00:00,36.77,37.14,36.59,37.03,12974754
2023-10-10 04:00:00+00:00,37.24,37.74,37.19,37.43,13710088
2023-10-11 04:00:00+00:00,37.58,37.73,37.21,37.52,9858896
2023-10-12 04:00:00+00:00,37.68,37.68,36.67,36.96,12126584
2023-10-13 04:00:00+00:00,37.14,37.3,36.66,36.82,11269272
2023-10-16 04:00:00+00:00,37.1,37.43,36.97,37.18,12363806
2023-10-17 04:00:00+00:00,36.91,37.67,36.91,37.55,11636666
2023-10-18 04:00:00+00:00,37.3,37.3,36.52,36.57,13017268
2023-10-19 04:00:00+00:00,36.44,36.75,36.1,36.15,18466326
2023-10-20 04:00:00+00:00,36.13,36.2,35.7,35.71,14322442
2023-10-23 04:00:00+00:00,35.37,35.68,35.25,35.31,18276102
2023-10-24 04:00:00+00:00,35.6,35.94,35.54,35.73,14848358
2023-10-25 04:00:00+00:00,35.66,35.72,35.28,35.31,12539946
2023-10-26 04:00:00+00:00,35.57,35.88,35.46,35.56,17553352
2023-10-27 04:00:00+00:00,35.57,35.81,35.46,35.55,16473234
2023-10-30 04:00:00+00:00,35.91,36.05,35.65,35.91,11954226
2023-10-31 04:00:00+00:00,35.85,36.17,35.76,36.07,11162674
2023-11-01 04:00:00+00:00,36.02,36.17,35.72,36.09,17560902
2023-11-02 04:00:00+00:00,36.33,36.8,36.3,36.79,13101282
2023-11-03 04:00:00+00:00,37.09,37.62,37.09,37.37,12129536
2023-11-06 05:00:00+00:00,37.38,37.4,37.1,37.18,9337552
2023-11-07 05:00:00+00:00,36.82,36.85,36.41,36.46,15015940
2023-11-08 05:00:00+00:00,36.55,36.68,36.34,36.57,10941664
2023-11-09 05:00:00+00:00,36.82,36.83,36.24,36.26,13877916
2023-11-10 05:00:00+00:00,36.29,36.72,36.25,36.69,7248306
2023-11-13 05:00:00+00:00,36.47,36.79,36.43,36.64,8079410
2023-11-14 05:00:00+00:00,37.06,37.89,37.06,37.72,10995862
2023-11-15 05:00:00+00:00,37.8,38.23,37.76,37.88,9819798
2023-11-16 05:00:00+00:00,37.87,38.04,37.77,38.0,7165526
2023-11-17 05:00:00+00:00,38.12,38.2,37.95,38.07,6890294
2023-11-20 05:00:00+00:00,38.01,38.25,37.81,38.13,9634512
2023-11-21 05:00:00+00:00,38.25,38.42,38.22,38.28,7363076
2023-11-22 05:00:00+00:00,38.28,38.36,38.11,38.31,7522920
2023-11-24 05:00:00+00:00,38.31,38.6,38.31,38.47,3689878
2023-11-27 05:00:00+00:00,38.33,38.47,38.16,38.42,6524604
2023-11-28 05:00:00+00:00,38.42,38.71,38.31,38.5,6996222
2023-11-29 05:00:00+00:00,38.65,38.87,38.61,38.7,6244364
2023-11-30 05:00:00+00:00,38.72,39.12,38.59,39.08,11482406
2023-12-01 05:00:00+00:00,39.14,39.66,39.05,39.53,16782750
2023-12-04 05:00:00+00:00,39.2,39.49,39.05,39.07,21230196
2023-12-05 05:00:00+00:00,38.87,38.9,38.44,38.53,17533468
2023-12-06 05:00:00+00:00,38.7,38.83,38.42,38.45,16910238
2023-12-07 05:00:00+00:00,38.6,38.76,38.49,38.71,8559598
2023-12-08 05:00:00+00:00,38.68,39.04,38.68,38.86,8246918
2023-12-11 05:00:00+00:00,38.78,39.14,38.71,39.13,9205830
2023-12-12 05:00:00+00:00,39.5,39.65,39.17,39.36,20435040
2023-12-13 05:00:00+00:00,38.93,39.86,38.83,39.84,16392544
2023-12-14 05:00:00+00:00,40.08,40.72,40.08,40.5,12713342
2023-12-15 05:00:00+00:00,40.27,40.64,40.27,40.39,10811192
2023-12-18 05:00:00+00:00,40.7,40.78,40.43,40.45,8052884
2023-12-19 05:00:00+00:00,40.72,40.92,40.67,40.83,7285414
2023-12-20 05:00:00+00:00,40.72,40.82,40.19,40.2,9359022
2023-12-21 05:00:00+00:00,40.54,40.63,40.35,40.63,7544706
2023-12-22 05:00:00+00:00,40.78,40.97,40.71,40.88,5386744
2023-12-26 05:00:00+00:00,40.93,41.19,40.88,41.07,6731476
2023-12-27 05:00:00+00:00,40.99,41.21,40.95,41.17,6819606
2023-12-28 05:00:00+00:00,41.1,41.17,40.98,41.01,7214070
2023-12-29 05:00:00+00:00,40.88,40.97,40.77,40.85,6992284
2024-01-02 05:00:00+00:00,40.56,40.85,40.5,40.78,19924880
2024-01-03 05:00:00+00:00,40.35,40.55,40.06,40.34,23358600
2024-01-04 05:00:00+00:00,40.27,40.46,40.13,40.21,20424162
2024-01-05 05:00:00+00:00,40.1,40.5,40.05,40.28,14692808
2024-01-08 05:00:00+00:00,40.07,40.46,39.92,40.45,10366152
2024-01-09 05:00:00+00:00,40.19,40.19,39.86,39.99,12910496
2024-01-10 05:00:00+00:00,39.84,39.97,39.74,39.93,8202762
2024-01-11 05:00:00+00:00,39.98,39.98,39.52,39.82,8542120
2024-01-12 05:00:00+00:00,40.04,40.13,39.68,39.85,8267846
2024-01-16 05:00:00+00:00,39.61,39.68,39.3,39.39,10552748
2024-01-17 05:00:00+00:00,38.99,39.24,38.94,39.11,9287520
2024-01-18 05:00:00+00:00,39.18,39.29,38.9,39.23,9320904
2024-01-19 05:00:00+00:00,39.27,39.34,38.89,39.27,11653556
2024-01-22 05:00:00+00:00,39.05,39.45,39.05,39.39,10785166
2024-01-23 05:00:00+00:00,39.57,39.69,39.37,39.51,7891740
2024-01-24 05:00:00+00:00,39.54,39.64,38.96,38.98,10317728
2024-01-25 05:00:00+00:00,39.17,39.41,39.05,39.39,9734396
2024-01-26 05:00:00+00:00,39.53,39.63,39.32,39.4,7799414
2024-01-29 05:00:00+00:00,39.38,39.61,39.19,39.6,7125884
2024-01-30 05:00:00+00:00,39.52,39.97,39.44,39.78,10851316
2024-01-31 05:00:00+00:00,39.84,39.89,39.22,39.26,13478354
2024-02-01 05:00:00+00:00,39.86,39.98,39.38,39.92,19793786
2024-02-02 05:00:00+00:00,39.62,39.87,39.25,39.68,22920396
2024-02-05 05:00:00+00:00,38.83,38.92,38.56,38.67,24886818
2024-02-06 05:00:00+00:00,38.99,39.44,38.99,39.36,19053182
2024-02-07 05:00:00+00:00,39.58,39.78,39.56,39.67,10820482
2024-02-08 05:00:00+00:00,39.73,39.73,39.34,39.62,6798576
2024-02-09 05:00:00+00:00,39.53,39.72,39.41,39.71,7635560
2024-02-12 05:00:00+00:00,39.8,40.2,39.77,40.02,6796460
2024-02-13 05:00:00+00:00,39.64,39.75,39.17,39.46,12864690
2024-02-14 05:00:00+00:00,39.66,39.79,39.46,39.71,8762024
2024-02-15 05:00:00+00:00,39.93,40.52,39.93,40.46,11984222
2024-02-16 05:00:00+00:00,40.63,40.95,40.59,40.67,9313338
2024-02-20 05:00:00+00:00,40.65,40.72,40.47,40.59,9019092
2024-02-21 05:00:00+00:00,40.58,40.84,40.43,40.81,8122350
2024-02-22 05:00:00+00:00,40.89,41.29,40.84,41.22,9448666
2024-02-23 05:00:00+00:00,41.31,41.53,41.21,41.47,7079248
2024-02-26 05:00:00+00:00,41.33,41.39,41.17,41.22,6653586
2024-02-27 05:00:00+00:00,41.37,41.48,41.25,41.37,8258840
2024-02-28 05:00:00+00:00,41.25,41.65,41.14,41.5,8994002
2024-02-29 05:00:00+00:00,41.75,41.93,41.61,41.82,12247620
2024-03-01 05:00:00+00:00,41.82,42.11,41.78,42.01,10401620
2024-03-04 05:00:00+00:00,42.05,42.38,42.01,42.31,9349206
2024-03-05 05:00:00+00:00,42.17,42.44,41.94,42.09,8493854
2024-03-06 05:00:00+00:00,42.32,42.55,42.26,42.4,10224070
2024-03-07 05:00:00+00:00,42.73,43.12,42.73,42.92,7942264
2024-03-08 05:00:00+00:00,43.05,43.08,42.66,42.67,10311130
2024-03-11 04:00:00+00:00,42.87,43.33,42.72,43.15,23270932
2024-03-12 04:00:00+00:00,43.15,43.2,42.94,43.15,10149318
2024-03-13 04:00:00+00:00,43.28,43.77,43.28,43.57,14529502
2024-03-14 04:00:00+00:00,43.45,43.55,43.15,43.34,19451934
2024-03-15 04:00:00+00:00,43.06,43.55,43.03,43.36,18702590
2024-03-18 04:00:00+00:00,43.5,43.79,43.42,43.44,15242376
2024-03-19 04:00:00+00:00,43.39,43.52,43.26,43.45,10832950
2024-03-20 04:00:00+00:00,43.41,44.04,43.33,43.88,13252366
2024-03-21 04:00:00+00:00,44.0,44.13,43.83,44.07,9384162
2024-03-22 04:00:00+00:00,43.97,44.08,43.77,43.79,5874666
2024-03-25 04:00:00+00:00,43.77,43.98,43.73,43.81,5662720
2024-03-26 04:00:00+00:00,43.88,43.96,43.74,43.77,5434702
2024-03-27 04:00:00+00:00,43.88,44.41,43.84,44.4,8444492
2024-03-28 04:00:00+00:00,44.41,44.67,44.32,44.52,9025282
2024-04-01 04:00:00+00:00,44.73,44.73,44.33,44.42,7646916
2024-04-02 04:00:00+00:00,44.37,44.41,44.06,44.25,9570762
2024-04-03 04:00:00+00:00,44.3,44.57,44.26,44.52,10022944
2024-04-04 04:00:00+00:00,44.76,44.92,43.96,44.07,12659008
2024-04-05 04:00:00+00:00,44.06,44.52,44.02,44.46,9804522
2024-04-08 04:00:00+00:00,44.61,44.65,44.38,44.5,6521950
2024-04-09 04:00:00+00:00,44.84,44.86,44.14,44.6,11350692
2024-04-10 04:00:00+00:00,43.92,44.17,43.75,43.91,14113408
2024-04-11 04:00:00+00:00,43.95,44.06,43.65,43.87,9900578
2024-04-12 04:00:00+00:00,43.74,43.83,42.9,43.1,12113172
2024-04-15 04:00:00+00:00,43.56,43.72,42.74,42.89,11506542
2024-04-16 04:00:00+00:00,42.66,42.79,42.41,42.56,13555786
2024-04-17 04:00:00+00:00,42.85,43.04,42.53,42.66,9156748
2024-04-18 04:00:00+00:00,43.0,43.03,42.47,42.67,7497844
2024-04-19 04:00:00+00:00,42.78,42.96,42.48,42.64,10109026
2024-04-22 04:00:00+00:00,42.4,42.91,42.24,42.68,8284604
2024-04-23 04:00:00+00:00,42.15,42.52,42.07,42.31,11470088
2024-04-24 04:00:00+00:00,42.14,42.38,42.01,42.34,9553780
2024-04-25 04:00:00+00:00,42.34,42.74,41.96,42.64,9220114
2024-04-26 04:00:00+00:00,42.66,43.09,42.65,42.91,6274330
2024-04-29 04:00:00+00:00,43.1,43.32,43.05,43.27,5676742
2024-04-30 04:00:00+00:00,42.91,43.01,42.47,42.48,9871834
2024-05-01 04:00:00+00:00,42.64,43.38,42.53,42.7,15456200
2024-05-02 04:00:00+00:00,42.47,42.66,42.13,42.48,15567380
2024-05-03 04:00:00+00:00,42.83,43.03,42.68,42.91,8999484
2024-05-06 04:00:00+00:00,43.17,43.34,42.98,43.17,6615586
2024-05-07 04:00:00+00:00,43.33,43.75,43.33,43.68,8862194
2024-05-08 04:00:00+00:00,43.52,43.68,43.44,43.48,6522786
2024-05-09 04:00:00+00:00,43.6,44.0,43.54,43.96,7070008
2024-05-10 04:00:00+00:00,44.15,44.19,43.99,44.02,5472684
2024-05-13 04:00:00+00:00,44.1,44.25,43.95,43.99,5030672
2024-05-14 04:00:00+00:00,44.11,44.19,43.89,44.03,7480336
2024-05-15 04:00:00+00:00,44.33,44.36,43.91,44.11,7922136
2024-05-16 04:00:00+00:00,44.12,44.16,43.77,43.79,7245730
2024-05-17 04:00:00+00:00,43.96,44.17,43.89,44.17,7256338
2024-05-20 04:00:00+00:00,44.1,44.31,43.99,44.23,4544588
2024-05-21 04:00:00+00:00,44.23,44.24,44.03,44.23,5424940
2024-05-22 04:00:00+00:00,43.82,43.97,43.6,43.8,8703200
2024-05-23 04:00:00+00:00,43.86,43.9,43.32,43.41,5688234
2024-05-24 04:00:00+00:00,43.61,43.84,43.61,43.79,4597938
2024-05-28 04:00:00+00:00,43.8,43.85,43.46,43.62,4223472
2024-05-29 04:00:00+00:00,43.21,43.32,42.96,43.0,8145024
2024-05-30 04:00:00+00:00,42.91,43.37,42.91,43.35,6599364
2024-05-31 04:00:00+00:00,43.39,43.88,43.08,43.87,8203216
2024-06-03 04:00:00+00:00,43.86,43.88,43.24,43.61,11900220
2024-06-04 04:00:00+00:00,43.26,43.34,42.88,43.13,6778924
2024-06-05 04:00:00+00:00,43.14,43.44,42.95,43.42,6820722
2024-06-06 04:00:00+00:00,43.42,43.48,43.23,43.47,4238830
2024-06-07 04:00:00+00:00,43.02,43.39,42.85,43.04,8358944
2024-06-10 04:00:00+00:00,42.92,43.03,42.82,42.99,5223546
2024-06-11 04:00:00+00:00,42.75,42.98,42.58,42.98,6457210
2024-06-12 04:00:00+00:00,43.5,43.62,42.95,43.06,8174136
2024-06-13 04:00:00+00:00,42.82,43.1,42.66,43.04,7937112
2024-06-14 04:00:00+00:00,42.8,42.87,42.38,42.65,5694414
2024-06-17 04:00:00+00:00,42.49,43.04,42.39,42.96,7631600
2024-06-18 04:00:00+00:00,42.97,43.13,42.72,42.92,6872616
2024-06-20 04:00:00+00:00,42.89,43.17,42.86,42.96,6440990
2024-06-21 04:00:00+00:00,42.84,43.04,42.64,42.96,8209840
2024-06-24 04:00:00+00:00,43.14,43.42,43.02,43.24,8065146
2024-06-25 04:00:00+00:00,43.16,43.17,42.55,42.69,7292132
2024-06-26 04:00:00+00:00,42.48,42.7,42.35,42.66,6474572
2024-06-27 04:00:00+00:00,42.66,42.68,42.44,42.54,16279582
2024-06-28 04:00:00+00:00,42.55,42.84,42.4,42.53,7703576
2024-07-01 04:00:00+00:00,42.56,42.72,41.74,41.87,8647388
2024-07-02 04:00:00+00:00,41.77,42.07,41.61,41.95,13117506
2024-07-03 04:00:00+00:00,42.09,42.37,42.05,42.26,4591106
2024-07-05 04:00:00+00:00,42.24,42.38,42.0,42.33,8846782
2024-07-08 04:00:00+00:00,42.46,42.6,42.3,42.46,10496898
2024-07-09 04:00:00+00:00,42.27,42.35,42.01,42.02,5951040
2024-07-10 04:00:00+00:00,42.23,42.61,42.17,42.59,7915322
2024-07-11 04:00:00+00:00,42.8,43.23,42.77,43.17,11914002
2024-07-12 04:00:00+00:00,43.41,43.79,43.3,43.58,9795960
2024-07-15 04:00:00+00:00,43.59,43.77,43.37,43.47,6485370
2024-07-16 04:00:00+00:00,43.43,44.35,43.41,44.31,7466024
2024-07-17 04:00:00+00:00,44.29,44.49,44.2,44.22,8790442
2024-07-18 04:00:00+00:00,43.96,44.44,43.73,43.78,8910188
2024-07-19 04:00:00+00:00,43.58,43.67,43.26,43.39,9365292
2024-07-22 04:00:00+00:00,43.51,43.59,43.18,43.54,7526182
2024-07-23 04:00:00+00:00,43.67,43.79,43.4,43.71,6493450
2024-07-24 04:00:00+00:00,43.79,43.84,43.11,43.15,8548996
2024-07-25 04:00:00+00:00,42.96,43.8,42.92,43.27,10052426
2024-07-26 04:00:00+00:00,43.56,44.15,43.46,43.98,7069764
2024-07-29 04:00:00+00:00,44.01,44.18,43.82,44.06,7049682
2024-07-30 04:00:00+00:00,43.9,44.23,43.82,43.91,8502202
2024-07-31 04:00:00+00:00,44.29,44.78,44.15,44.37,10466752
2024-08-01 04:00:00+00:00,44.57,44.97,43.91,44.19,17134346
2024-08-02 04:00:00+00:00,43.7,43.8,42.79,43.36,20945244
2024-08-05 04:00:00+00:00,42.58,42.74,42.03,42.39,19483068
2024-08-06 04:00:00+00:00,42.33,43.15,42.26,42.61,11812226
2024-08-07 04:00:00+00:00,42.97,43.15,42.0,42.03,11097464
2024-08-08 04:00:00+00:00,42.25,42.77,42.22,42.68,10758970
2024-08-09 04:00:00+00:00,42.71,42.79,42.26,42.65,5722306
2024-08-12 04:00:00+00:00,42.7,42.75,42.36,42.46,5561886
2024-08-13 04:00:00+00:00,42.61,42.98,42.51,42.88,6236124
2024-08-14 04:00:00+00:00,42.99,43.01,42.66,42.88,7241046
2024-08-15 04:00:00+00:00,43.29,43.65,43.2,43.56,7728570
2024-08-16 04:00:00+00:00,43.49,43.64,43.29,43.62,5803124
2024-08-19 04:00:00+00:00,43.62,43.86,43.62,43.82,4586492
2024-08-20 04:00:00+00:00,43.85,43.96,43.62,43.66,4834632
2024-08-21 04:00:00+00:00,43.81,44.2,43.79,44.16,4610944
2024-08-22 04:00:00+00:00,44.16,44.24,43.92,44.07,5684306
2024-08-23 04:00:00+00:00,44.26,44.77,44.23,44.66,5798054
2024-08-26 04:00:00+00:00,44.85,45.19,44.78,44.85,7663084
2024-08-27 04:00:00+00:00,44.82,44.87,44.57,44.86,8845350
2024-08-28 04:00:00+00:00,44.71,44.9,44.5,44.67,6524164
2024-08-29 04:00:00+00:00,44.82,45.19,44.54,44.91,6051232
2024-08-30 04:00:00+00:00,45.04,45.47,44.82,45.4,8647558
2024-09-03 04:00:00+00:00,44.74,44.96,44.23,44.37,9503490
2024-09-04 04:00:00+00:00,44.48,44.67,44.14,44.19,6313362
2024-09-05 04:00:00+00:00,44.28,44.33,43.74,43.84,7587084
2024-09-06 04:00:00+00:00,43.78,44.04,43.2,43.29,10616516
2024-09-09 04:00:00+00:00,43.54,43.93,43.54,43.71,6412492
2024-09-10 04:00:00+00:00,43.69,43.74,43.38,43.73,6299724
2024-09-11 04:00:00+00:00,43.73,43.88,42.81,43.83,7392890
2024-09-12 04:00:00+00:00,43.97,44.25,43.72,44.24,5962710
2024-09-13 04:00:00+00:00,44.37,44.88,44.33,44.64,6459070
2024-09-16 04:00:00+00:00,44.83,45.13,44.7,45.05,5838670
2024-09-17 04:00:00+00:00,45.07,45.47,45.03,45.14,5881438
2024-09-18 04:00:00+00:00,45.23,45.47,44.83,44.95,11155408
2024-09-19 04:00:00+00:00,45.69,45.81,45.37,45.62,8351834
2024-09-20 04:00:00+00:00,45.57,45.57,45.12,45.3,9617336
2024-09-23 04:00:00+00:00,45.48,45.74,45.38,45.7,5159738
2024-09-24 04:00:00+00:00,46.11,46.4,46.02,46.32,7918750
2024-09-25 04:00:00+00:00,46.45,46.49,45.9,46.01,5815590
2024-09-26 04:00:00+00:00,46.51,47.03,46.51,46.96,10243416
2024-09-27 04:00:00+00:00,46.96,47.3,46.79,46.88,8498562
2024-09-30 04:00:00+00:00,46.8,46.86,46.27,46.62,7373696
2024-10-01 04:00:00+00:00,46.67,46.7,46.29,46.51,11546890
2024-10-02 04:00:00+00:00,46.39,46.69,46.21,46.33,10571496
2024-10-03 04:00:00+00:00,46.05,46.06,45.69,45.81,13542620
2024-10-04 04:00:00+00:00,46.1,46.23,45.75,46.04,11380300
2024-10-07 04:00:00+00:00,45.83,46.01,45.64,45.9,7800524
2024-10-08 04:00:00+00:00,45.63,45.75,45.39,45.69,8933914
2024-10-09 04:00:00+00:00,45.65,46.11,45.58,45.98,8561972
2024-10-10 04:00:00+00:00,45.96,46.16,45.76,46.08,6764668
2024-10-11 04:00:00+00:00,46.18,46.51,46.11,46.38,6631238
2024-10-14 04:00:00+00:00,46.18,46.68,46.1,46.65,6217218
2024-10-15 04:00:00+00:00,46.54,46.98,46.54,46.6,7717530
2024-10-16 04:00:00+00:00,46.66,47.06,46.64,46.96,7465824
2024-10-17 04:00:00+00:00,47.07,47.14,46.89,47.04,5043598
2024-10-18 04:00:00+00:00,47.18,47.34,46.99,47.23,6035508
2024-10-21 04:00:00+00:00,47.17,47.25,46.7,46.86,4343216
2024-10-22 04:00:00+00:00,46.83,46.9,46.18,46.43,6954650
2024-10-23 04:00:00+00:00,46.31,46.56,46.09,46.31,6782636
2024-10-24 04:00:00+00:00,46.21,46.31,45.55,45.74,5092712
2024-10-25 04:00:00+00:00,45.72,45.91,45.43,45.45,7406936
2024-10-28 04:00:00+00:00,45.67,45.89,45.62,45.83,7701660
2024-10-29 04:00:00+00:00,45.6,45.8,45.48,45.53,7315692
2024-10-30 04:00:00+00:00,45.53,46.08,45.53,45.78,10643616
2024-10-31 04:00:00+00:00,45.47,45.66,45.16,45.17,8106936
2024-11-01 04:00:00+00:00,45.21,45.37,45.03,45.05,6928032
2024-11-04 05:00:00+00:00,45.3,45.55,45.04,45.25,15308624
2024-11-05 05:00:00+00:00,45.14,45.5,45.0,45.32,7973094
2024-11-06 05:00:00+00:00,46.31,46.4,45.6,45.94,12702802
2024-11-07 05:00:00+00:00,46.06,46.28,45.96,46.12,19949830
2024-11-08 05:00:00+00:00,45.95,45.99,45.61,45.7,8805656
2024-11-11 05:00:00+00:00,45.65,45.84,45.45,45.5,7694020
2024-11-12 05:00:00+00:00,45.28,45.34,44.61,44.72,7078918
2024-11-13 05:00:00+00:00,44.76,44.92,44.61,44.83,6310108
2024-11-14 05:00:00+00:00,44.77,44.82,44.41,44.46,5911420
2024-11-15 05:00:00+00:00,44.44,44.54,44.08,44.15,6395584
2024-11-18 05:00:00+00:00,44.24,44.5,44.15,44.5,7875378
2024-11-19 05:00:00+00:00,44.16,44.42,43.93,44.35,6540558
2024-11-20 05:00:00+00:00,44.38,44.77,44.2,44.72,8345806
2024-11-21 05:00:00+00:00,44.72,45.28,44.59,45.26,8402308
2024-11-22 05:00:00+00:00,45.22,45.57,45.19,45.51,5857186
2024-11-25 05:00:00+00:00,45.7,46.05,45.64,45.98,7524890
2024-11-26 05:00:00+00:00,45.87,45.87,45.46,45.64,6104562
2024-11-27 05:00:00+00:00,45.71,46.03,45.56,45.62,14047348
2024-11-29 05:00:00+00:00,45.62,45.89,45.55,45.85,4265182
2024-12-02 05:00:00+00:00,45.9,45.92,45.49,45.82,12785670
2024-12-03 05:00:00+00:00,46.0,46.04,45.59,45.67,11099356
2024-12-04 05:00:00+00:00,45.49,45.52,45.09,45.23,10865920
2024-12-05 05:00:00+00:00,44.99,45.05,44.43,44.63,12762898
2024-12-06 05:00:00+00:00,44.74,44.81,44.44,44.46,7130930
2024-12-09 05:00:00+00:00,44.81,45.06,44.44,44.45,9417626
2024-12-10 05:00:00+00:00,44.4,44.43,43.72,43.99,7718626
2024-12-11 05:00:00+00:00,44.14,44.14,43.81,43.84,12288114
2024-12-12 05:00:00+00:00,43.68,43.81,43.52,43.54,7294130
2024-12-13 05:00:00+00:00,43.38,43.44,43.02,43.16,8099230
2024-12-16 05:00:00+00:00,43.08,43.22,42.76,42.78,10486588
2024-12-17 05:00:00+00:00,42.59,42.9,42.53,42.54,8289884
2024-12-18 05:00:00+00:00,42.52,42.66,41.32,41.33,14797408
2024-12-19 05:00:00+00:00,41.37,41.66,40.88,40.89,12496664
2024-12-20 05:00:00+00:00,40.82,41.64,40.79,41.4,14685068
2024-12-23 05:00:00+00:00,41.35,41.41,40.97,41.37,11339160
2024-12-24 05:00:00+00:00,41.37,41.62,41.18,41.59,5502364
2024-12-26 05:00:00+00:00,41.42,41.68,41.32,41.53,6517798
2024-12-27 05:00:00+00:00,41.32,41.68,41.14,41.3,8568174
2024-12-30 05:00:00+00:00,41.03,41.03,40.55,40.75,7528136
2024-12-31 05:00:00+00:00,40.88,41.05,40.7,40.91,8883180
2025-01-02 05:00:00+00:00,41.11,41.24,40.4,40.46,20004272
2025-01-03 05:00:00+00:00,40.59,40.65,40.38,40.45,19348494
2025-01-06 05:00:00+00:00,40.85,41.11,40.66,40.72,16602460
2025-01-07 05:00:00+00:00,40.75,41.16,40.49,40.7,23068910
2025-01-08 05:00:00+00:00,40.73,40.93,40.44,40.92,15743212
2025-01-10 05:00:00+00:00,40.64,40.8,40.4,40.5,18553606
2025-01-13 05:00:00+00:00,40.47,41.43,40.43,41.41,20014706
2025-01-14 05:00:00+00:00,41.64,41.96,41.53,41.92,13084640
2025-01-15 05:00:00+00:00,42.53,42.64,42.05,42.32,12564138
2025-01-16 05:00:00+00:00,42.36,42.68,42.24,42.67,11550918
2025-01-17 05:00:00+00:00,42.96,43.23,42.79,42.95,11589184
2025-01-21 05:00:00+00:00,43.35,43.62,43.3,43.5,10348002
2025-01-22 05:00:00+00:00,43.55,43.56,43.14,43.15,11894270
2025-01-23 05:00:00+00:00,43.15,43.39,42.92,43.39,8568746
2025-01-24 05:00:00+00:00,43.58,43.6,43.23,43.28,6300210
2025-01-27 05:00:00+00:00,43.19,43.34,42.94,43.3,12938906
2025-01-28 05:00:00+00:00,43.4,43.41,43.06,43.16,9287748
2025-01-29 05:00:00+00:00,42.99,43.29,42.97,43.08,9020452
2025-01-30 05:00:00+00:00,42.99,43.52,42.92,43.49,12398308
2025-01-31 05:00:00+00:00,43.44,43.57,43.0,43.17,13902718
2025-02-03 05:00:00+00:00,42.74,43.34,42.27,43.22,21180774
2025-02-04 05:00:00+00:00,43.36,43.52,43.22,43.34,19377882
2025-02-05 05:00:00+00:00,43.16,43.52,43.02,43.31,14194246
2025-02-06 05:00:00+00:00,43.34,43.57,43.12,43.46,15303172
2025-02-07 05:00:00+00:00,43.35,43.41,42.89,42.93,13200518
2025-02-10 05:00:00+00:00,43.24,43.29,42.92,43.15,8774026
2025-02-11 05:00:00+00:00,43.29,43.68,43.22,43.4,9441836
2025-02-12 05:00:00+00:00,42.82,43.31,42.67,43.09,11027220
2025-02-13 05:00:00+00:00,43.33,43.89,43.27,43.84,10430936
2025-02-14 05:00:00+00:00,43.97,44.19,43.68,43.69,9631512
2025-02-18 05:00:00+00:00,43.81,44.24,43.54,44.24,7116502
2025-02-19 05:00:00+00:00,43.71,43.86,43.57,43.72,7551840
2025-02-20 05:00:00+00:00,43.61,43.78,43.34,43.62,9868660
2025-02-21 05:00:00+00:00,43.71,43.71,42.78,42.82,9954288
2025-02-24 05:00:00+00:00,42.93,43.02,42.65,42.78,9454440
2025-02-25 05:00:00+00:00,42.8,43.24,42.77,43.11,9281264
2025-02-26 05:00:00+00:00,43.26,43.49,43.04,43.09,7965170
2025-02-27 05:00:00+00:00,43.11,43.38,42.77,42.79,7088952
2025-02-28 05:00:00+00:00,42.96,43.19,42.63,43.16,9316554
2025-03-03 05:00:00+00:00,43.56,43.72,42.19,42.29,16883102
2025-03-04 05:00:00+00:00,42.39,42.39,41.66,41.72,22518716
2025-03-05 05:00:00+00:00,42.11,42.92,42.05,42.81,17368682
2025-03-06 05:00:00+00:00,42.6,42.99,42.35,42.59,18493772
2025-03-07 05:00:00+00:00,42.4,42.88,42.2,42.7,15654592
2025-03-10 04:00:00+00:00,42.32,42.57,41.52,41.81,16673180
2025-03-11 04:00:00+00:00,41.89,41.92,41.26,41.49,15426116
2025-03-12 04:00:00+00:00,41.6,41.66,41.11,41.3,12607118
2025-03-13 04:00:00+00:00,41.33,41.75,41.01,41.27,10283028
2025-03-14 04:00:00+00:00,41.61,41.87,41.44,41.81,9507374
2025-03-17 04:00:00+00:00,41.72,42.46,41.72,42.33,8615230
2025-03-18 04:00:00+00:00,42.51,42.51,42.09,42.26,10023992
2025-03-19 04:00:00+00:00,42.29,42.56,42.0,42.4,10253576
2025-03-20 04:00:00+00:00,42.27,42.49,42.07,42.13,7606144
2025-03-21 04:00:00+00:00,41.78,41.78,41.2,41.72,16808714
2025-03-24 04:00:00+00:00,42.14,42.36,41.99,42.28,9205144
2025-03-25 04:00:00+00:00,42.41,42.5,42.09,42.27,7622250
2025-03-26 04:00:00+00:00,42.31,42.6,42.14,42.35,8161164
2025-03-27 04:00:00+00:00,42.23,42.48,41.93,42.33,6049238
2025-03-28 04:00:00+00:00,42.43,42.45,41.5,41.55,9147654
2025-03-31 04:00:00+00:00,41.41,42.21,41.07,42.01,8881460
2025-04-01 04:00:00+00:00,41.9,42.18,41.52,42.16,12197622
2025-04-02 04:00:00+00:00,41.77,42.57,41.77,42.51,11863838
2025-04-03 04:00:00+00:00,41.15,41.42,40.48,40.59,18958432
2025-04-04 04:00:00+00:00,39.62,39.71,37.96,38.05,29389798
2025-04-07 04:00:00+00:00,37.2,39.02,36.27,37.44,50243892
2025-04-08 04:00:00+00:00,38.31,38.43,35.72,36.29,27480262
2025-04-09 04:00:00+00:00,36.09,39.65,36.03,39.46,40423924
2025-04-10 04:00:00+00:00,38.83,38.84,37.3,38.2,28167692
2025-04-11 04:00:00+00:00,38.28,39.62,38.09,39.33,17207040
2025-04-14 04:00:00+00:00,39.79,39.98,39.32,39.8,10426488
2025-04-15 04:00:00+00:00,39.64,40.01,39.45,39.49,8028712
2025-04-16 04:00:00+00:00,39.52,39.79,38.91,39.18,10726666
2025-04-17 04:00:00+00:00,39.3,39.76,39.25,39.45,9535896
2025-04-21 04:00:00+00:00,39.42,39.42,38.49,38.85,7885816
2025-04-22 04:00:00+00:00,39.25,39.87,39.25,39.76,7293348
2025-04-23 04:00:00+00:00,40.2,40.78,39.68,39.81,13337090
2025-04-24 04:00:00+00:00,39.87,40.74,39.73,40.67,9995502
2025-04-25 04:00:00+00:00,40.35,40.48,40.04,40.37,9400402
2025-04-28 04:00:00+00:00,40.42,40.72,40.04,40.44,7779554
2025-04-29 04:00:00+00:00,40.52,40.95,40.33,40.78,9526874
2025-04-30 04:00:00+00:00,40.3,41.12,40.08,40.99,9867614
2025-05-01 04:00:00+00:00,40.52,41.11,40.5,40.8,11208458
2025-05-02 04:00:00+00:00,41.29,41.67,41.14,41.49,8572372
2025-05-05 04:00:00+00:00,41.31,41.48,41.13,41.19,5679108
2025-05-06 04:00:00+00:00,41.05,41.23,40.78,40.89,6111160
2025-05-07 04:00:00+00:00,40.93,41.02,40.51,40.66,8746470
2025-05-08 04:00:00+00:00,40.95,41.61,40.84,41.21,8063154
2025-05-09 04:00:00+00:00,41.21,41.37,41.08,41.31,6360032
2025-05-12 04:00:00+00:00,42.44,42.74,42.06,42.27,8799002
2025-05-13 04:00:00+00:00,42.29,42.38,42.05,42.06,6839046
2025-05-14 04:00:00+00:00,41.82,41.87,41.45,41.67,7891220
2025-05-15 04:00:00+00:00,41.56,42.12,41.53,42.1,7114536
2025-05-16 04:00:00+00:00,42.1,42.53,41.86,42.53,6426700
2025-05-19 04:00:00+00:00,42.29,42.69,42.1,42.64,10166614
2025-05-20 04:00:00+00:00,42.57,42.64,42.38,42.56,5128608
2025-05-21 04:00:00+00:00,42.23,42.45,41.93,42.0,9613098
2025-05-22 04:00:00+00:00,41.94,42.13,41.65,41.95,7651138
2025-05-23 04:00:00+00:00,41.64,42.02,41.56,41.87,7343188
2025-05-27 04:00:00+00:00,42.29,42.61,42.16,42.6,6898682
2025-05-28 04:00:00+00:00,42.55,42.56,41.98,42.02,10597068
2025-05-29 04:00:00+00:00,42.24,42.25,41.76,42.18,9869572
2025-05-30 04:00:00+00:00,42.07,42.24,41.64,42.18,12114286
2025-06-02 04:00:00+00:00,42.45,42.45,42.11,42.43,15811070
2025-06-03 04:00:00+00:00,42.27,42.88,42.07,42.87,13218238
2025-06-04 04:00:00+00:00,42.92,43.15,42.85,43.03,13267946
2025-06-05 04:00:00+00:00,43.19,43.21,42.68,42.77,14234980
2025-06-06 04:00:00+00:00,43.09,43.21,42.79,42.89,9348472
2025-06-09 04:00:00+00:00,42.99,43.46,42.94,43.17,11666970
2025-06-10 04:00:00+00:00,43.17,43.48,43.17,43.44,7875194
2025-06-11 04:00:00+00:00,43.33,43.37,42.87,43.01,10307912
2025-06-12 04:00:00+00:00,42.86,43.22,42.66,43.19,8659906
2025-06-13 04:00:00+00:00,42.78,43.24,42.57,42.69,14289474
2025-06-16 04:00:00+00:00,42.88,43.28,42.88,43.05,10504068
2025-06-17 04:00:00+00:00,42.93,42.98,42.57,42.63,9158450
2025-06-18 04:00:00+00:00,42.68,42.84,42.46,42.51,8554304
2025-06-20 04:00:00+00:00,42.75,42.82,42.16,42.22,13409814
2025-06-23 04:00:00+00:00,42.23,42.73,42.0,42.69,10120526
2025-06-24 04:00:00+00:00,42.79,43.11,42.73,43.05,8768174
2025-06-25 04:00:00+00:00,42.96,42.96,42.58,42.63,8744058
2025-06-26 04:00:00+00:00,42.84,43.24,42.84,43.1,10508710
2025-06-27 04:00:00+00:00,43.12,43.35,42.92,43.16,9375600
2025-06-30 04:00:00+00:00,43.2,43.22,42.9,43.12,8533848
2025-07-01 04:00:00+00:00,43.24,44.48,43.16,44.23,15844606
2025-07-02 04:00:00+00:00,44.45,44.91,44.36,44.9,14644582
2025-07-03 04:00:00+00:00,44.86,45.02,44.78,44.87,6765906
2025-07-07 04:00:00+00:00,44.64,44.79,44.2,44.44,11762216
2025-07-08 04:00:00+00:00,44.53,44.94,44.47,44.8,16347724
2025-07-09 04:00:00+00:00,44.92,45.12,44.64,45.07,13435524
2025-07-10 04:00:00+00:00,45.18,45.6,45.08,45.31,12865256
2025-07-11 04:00:00+00:00,44.82,45.02,44.59,44.94,11564096
2025-07-14 04:00:00+00:00,44.76,44.86,44.53,44.69,12949492
2025-07-15 04:00:00+00:00,44.76,44.79,43.76,43.77,14653994
2025-07-16 04:00:00+00:00,43.83,43.94,43.38,43.89,13613890
2025-07-17 04:00:00+00:00,43.8,44.23,43.74,44.2,11840920
2025-07-18 04:00:00+00:00,44.27,44.34,44.04,44.3,13623198
2025-07-21 04:00:00+00:00,44.57,44.92,44.48,44.53,10631050
2025-07-22 04:00:00+00:00,44.48,45.18,44.46,45.14,13650948
2025-07-23 04:00:00+00:00,45.32,45.54,45.22,45.29,13494426
2025-07-24 04:00:00+00:00,44.88,45.18,44.7,44.83,17343872
2025-07-25 04:00:00+00:00,44.95,45.38,44.82,45.36,15752766
2025-07-28 04:00:00+00:00,45.1,45.16,44.57,44.7,15015044
2025-07-29 04:00:00+00:00,44.62,44.63,44.27,44.53,14205896
2025-07-30 04:00:00+00:00,44.33,44.37,43.44,43.63,23627086
2025-07-31 04:00:00+00:00,43.11,43.62,43.03,43.08,23230678
2025-08-01 04:00:00+00:00,42.79,42.8,42.24,42.58,28581974
2025-08-04 04:00:00+00:00,42.83,43.19,42.81,43.15,15496940
2025-08-05 04:00:00+00:00,43.37,43.54,43.05,43.45,16047284
2025-08-06 04:00:00+00:00,43.41,43.52,42.97,42.98,13141032
2025-08-07 04:00:00+00:00,43.4,43.47,42.9,43.17,15272556
2025-08-08 04:00:00+00:00,43.33,43.52,43.19,43.38,10402654
2025-08-11 04:00:00+00:00,43.42,43.61,43.04,43.29,12035682
2025-08-12 04:00:00+00:00,43.36,43.89,43.32,43.85,12501266
2025-08-13 04:00:00+00:00,44.08,44.7,43.96,44.68,16882374
2025-08-14 04:00:00+00:00,44.27,44.28,43.87,44.21,16098774
2025-08-15 04:00:00+00:00,44.5,44.5,44.11,44.21,16132252
2025-08-18 04:00:00+00:00,44.15,44.24,43.9,43.95,9423074
2025-08-19 04:00:00+00:00,43.99,44.44,43.99,44.22,11980498
2025-08-20 04:00:00+00:00,44.23,44.53,44.1,44.25,13435960
2025-08-21 04:00:00+00:00,44.08,44.49,44.02,44.39,13017570
2025-08-22 04:00:00+00:00,44.57,45.49,44.51,45.27,11434318
2025-08-25 04:00:00+00:00,45.22,45.27,44.94,45.01,12563886
2025-08-26 04:00:00+00:00,44.9,45.18,44.86,45.14,8414322
2025-08-27 04:00:00+00:00,44.94,45.3,44.9,45.25,8967804
2025-08-28 04:00:00+00:00,45.38,45.39,44.93,45.25,8557370
2025-08-29 04:00:00+00:00,45.26,45.53,45.2,45.31,8288122
2025-09-02 04:00:00+00:00,44.93,45.02,44.71,44.98,13028718
2025-09-03 04:00:00+00:00,44.95,45.0,44.56,44.67,10157644
2025-09-04 04:00:00+00:00,44.67,44.87,44.3,44.84,12530292
2025-09-05 04:00:00+00:00,45.01,45.52,44.84,45.16,15047112
2025-09-08 04:00:00+00:00,45.24,45.24,44.67,45.2,13605794
2025-09-09 04:00:00+00:00,44.96,45.13,44.33,44.46,12112442
2025-09-10 04:00:00+00:00,44.43,44.8,44.37,44.54,10671574
2025-09-11 04:00:00+00:00,44.5,45.52,44.47,45.48,11670192
2025-09-12 04:00:00+00:00,45.24,45.41,44.94,45.02,11069470
2025-09-15 04:00:00+00:00,45.07,45.09,44.58,44.66,9791370
2025-09-16 04:00:00+00:00,44.76,44.85,44.41,44.52,9700478
2025-09-17 04:00:00+00:00,44.56,45.4,44.36,44.62,13319602
2025-09-18 04:00:00+00:00,44.48,44.76,44.27,44.62,15116004
2025-09-19 04:00:00+00:00,44.73,44.76,44.46,44.6,16468160
2025-09-22 04:00:00+00:00,44.59,44.73,44.38,44.59,8882452
2025-09-23 04:00:00+00:00,44.69,45.03,44.39,44.44,8228724
2025-09-24 04:00:00+00:00,44.27,44.49,43.84,43.9,10669776
2025-09-25 04:00:00+00:00,43.74,43.75,43.26,43.33,11077290
2025-09-26 04:00:00+00:00,43.44,43.91,43.4,43.83,9945168
2025-09-29 04:00:00+00:00,44.11,44.14,43.75,44.0,9378892
2025-09-30 04:00:00+00:00,43.9,44.25,43.82,44.22,9408464
2025-10-01 04:00:00+00:00,44.16,44.27,43.65,43.75,13750058
2025-10-02 04:00:00+00:00,43.69,44.28,43.69,44.26,10674248
2025-10-03 04:00:00+00:00,44.25,44.57,44.21,44.34,9827858
2025-10-06 04:00:00+00:00,44.36,44.54,44.2,44.3,8938090
2025-10-07 04:00:00+00:00,44.36,44.54,43.96,44.12,11308902
2025-10-08 04:00:00+00:00,44.33,44.52,44.15,44.35,12184214
2025-10-09 04:00:00+00:00,44.53,44.62,43.64,43.75,13232024
2025-10-10 04:00:00+00:00,43.83,43.93,42.85,42.85,22263040
2025-10-13 04:00:00+00:00,43.43,43.81,43.31,43.53,11980150
2025-10-14 04:00:00+00:00,43.13,44.16,43.05,43.97,10797776
2025-10-15 04:00:00+00:00,44.15,44.4,43.53,43.77,10555874
2025-10-16 04:00:00+00:00,43.98,43.98,43.22,43.44,13389564
2025-10-17 04:00:00+00:00,43.41,43.61,43.13,43.36,12791100
2025-10-20 04:00:00+00:00,43.74,43.91,43.6,43.88,8424992
2025-10-21 04:00:00+00:00,43.55,43.87,43.41,43.71,9335544
2025-10-22 04:00:00+00:00,43.56,43.83,43.4,43.58,13127166
2025-10-23 04:00:00+00:00,43.89,44.21,43.78,44.1,10682664
2025-10-24 04:00:00+00:00,44.03,44.2,43.88,43.92,13446876
2025-10-27 04:00:00+00:00,43.9,44.1,43.71,43.9,11936556
2025-10-28 04:00:00+00:00,43.87,44.18,43.79,43.96,13042598
2025-10-29 04:00:00+00:00,43.79,43.92,43.01,43.09,20983558
2025-10-30 04:00:00+00:00,42.8,42.94,42.49,42.51,20798572
2025-10-31 04:00:00+00:00,42.29,42.48,41.96,42.27,17528880
2025-11-03 05:00:00+00:00,42.22,42.27,41.59,42.01,24127370
2025-11-04 05:00:00+00:00,41.71,41.98,41.48,41.8,22164866
2025-11-05 05:00:00+00:00,42.04,42.25,41.92,42.05,18828516
2025-11-06 05:00:00+00:00,42.15,42.36,41.81,41.84,22407482
2025-11-07 05:00:00+00:00,41.95,42.42,41.79,42.34,17975832
2025-11-10 05:00:00+00:00,42.62,42.83,42.27,42.74,15233492
2025-11-11 05:00:00+00:00,42.92,43.27,42.82,43.19,11641446
2025-11-12 05:00:00+00:00,43.32,43.75,43.28,43.49,13923834
2025-11-13 05:00:00+00:00,43.5,43.63,43.17,43.21,17940610
2025-11-14 05:00:00+00:00,42.9,43.15,42.74,42.81,12829958
2025-11-17 05:00:00+00:00,42.71,42.83,42.1,42.16,14150732
2025-11-18 05:00:00+00:00,42.2,42.49,41.97,42.19,20615076
2025-11-19 05:00:00+00:00,42.45,42.48,42.04,42.3,15385802
2025-11-20 05:00:00+00:00,42.59,42.78,41.65,41.67,22669144
2025-11-21 05:00:00+00:00,41.88,42.93,41.79,42.6,20989598
2025-11-24 05:00:00+00:00,42.57,42.79,42.39,42.69,14549726
2025-11-25 05:00:00+00:00,42.91,43.42,42.88,43.32,12455888
2025-11-26 05:00:00+00:00,43.36,43.97,43.34,43.86,9895374
2025-11-28 05:00:00+00:00,43.98,44.28,43.87,44.11,4786832
2025-12-01 05:00:00+00:00,44.05,44.38,43.98,44.0,13367884
2025-12-02 05:00:00+00:00,44.09,44.09,43.34,43.6,12905918
2025-12-03 05:00:00+00:00,43.79,44.03,43.76,43.91,11841830
2025-12-04 05:00:00+00:00,43.79,43.92,43.54,43.65,9913022
2025-12-05 05:00:00+00:00,43.75,44.04,43.51,43.51,7134027
2025-12-08 05:00:00+00:00,43.5,43.52,42.87,42.9,11389224
2025-12-09 05:00:00+00:00,42.85,43.24,42.8,42.82,8801114
2025-12-10 05:00:00+00:00,42.78,43.75,42.78,43.65,10919472
2025-12-11 05:00:00+00:00,43.7,44.62,43.7,44.52,11009172
2025-12-12 05:00:00+00:00,44.91,44.97,44.37,44.55,14078643
2025-12-15 05:00:00+00:00,44.82,44.84,44.26,44.52,9228843
2025-12-16 05:00:00+00:00,44.58,44.61,44.12,44.4,9742309
2025-12-17 05:00:00+00:00,44.41,44.76,44.35,44.59,10934998
2025-12-18 05:00:00+00:00,44.67,45.02,44.53,44.57,8978142
2025-12-19 05:00:00+00:00,44.6,44.93,44.49,44.77,10358053
2025-12-22 05:00:00+00:00,45.02,45.34,44.96,45.3,9862655
2025-12-23 05:00:00+00:00,45.41,45.43,45.16,45.38,8424796
2025-12-24 05:00:00+00:00,45.36,45.52,45.24,45.47,2767614
2025-12-26 05:00:00+00:00,45.58,45.76,45.49,45.73,5035787
2025-12-29 05:00:00+00:00,45.37,45.49,45.16,45.37,6370409
2025-12-30 05:00:00+00:00,45.44,45.48,45.26,45.36,4432075
2025-12-31 05:00:00+00:00,45.24,45.3,44.96,44.98,5704262
2026-01-02 05:00:00+00:00,45.15,45.8,44.9,45.74,18031002
2026-01-05 05:00:00+00:00,45.65,46.35,45.63,46.2,21964268
2026-01-06 05:00:00+00:00,46.35,47.24,46.31,47.11,18351568
2026-01-07 05:00:00+00:00,46.95,47.17,46.25,46.3,16963809
2026-01-08 05:00:00+00:00,46.03,47.24,45.89,47.11,14918890
2026-01-09 05:00:00+00:00,47.2,47.9,47.17,47.87,11769696
2026-01-12 05:00:00+00:00,47.98,48.21,47.81,48.12,12673138
2026-01-13 05:00:00+00:00,48.2,48.36,48.0,48.33,10797859
2026-01-14 05:00:00+00:00,48.35,48.74,48.23,48.35,16030116
2026-01-15 05:00:00+00:00,48.37,48.71,48.21,48.56,17883630
2026-01-16 05:00:00+00:00,48.17,48.32,47.97,48.28,10769302
2026-01-20 05:00:00+00:00,47.96,48.12,47.63,47.8,17363825
2026-01-21 05:00:00+00:00,48.42,48.98,48.27,48.84,16940422
2026-01-22 05:00:00+00:00,48.97,49.42,48.94,49.12,14648291
2026-01-23 05:00:00+00:00,49.06,49.58,48.96,49.56,19550710
2026-01-26 05:00:00+00:00,50.01,50.06,49.61,49.62,13900941
2026-01-27 05:00:00+00:00,49.46,49.77,49.28,49.57,10123803
2026-01-28 05:00:00+00:00,49.71,49.8,49.14,49.54,13517233
2026-01-29 05:00:00+00:00,50.04,50.21,48.88,49.59,20503731
2026-01-30 05:00:00+00:00,48.81,49.25,48.41,48.87,28082600
2026-02-02 05:00:00+00:00,48.85,49.4,48.8,49.25,25155336
2026-02-03 05:00:00+00:00,49.77,50.8,49.65,50.29,34077441
2026-02-04 05:00:00+00:00,50.59,51.6,50.59,51.47,35878617
2026-02-05 05:00:00+00:00,50.96,51.1,49.95,50.09,25667272
2026-02-06 05:00:00+00:00,50.45,51.19,50.45,51.09,14367401
2026-02-09 05:00:00+00:00,51.05,51.88,50.85,51.75,12325169
2026-02-10 05:00:00+00:00,51.73,52.55,51.7,52.48,18381378
2026-02-11 05:00:00+00:00,52.68,53.23,52.68,53.18,24891284
2026-02-12 05:00:00+00:00,53.23,53.7,52.31,52.4,30108108
2026-02-13 05:00:00+00:00,52.11,53.2,52.01,52.88,19918942
2026-02-17 05:00:00+00:00,52.27,52.53,51.66,52.27,20404661
2026-02-18 05:00:00+00:00,52.57,52.91,52.31,52.59,11992740
2026-02-19 05:00:00+00:00,52.22,52.74,52.0,52.4,18340238
2026-02-20 05:00:00+00:00,52.19,52.82,51.89,52.53,17810549
2026-02-23 05:00:00+00:00,52.06,52.67,51.93,52.53,17354324
2026-02-24 05:00:00+00:00,52.53,53.06,52.48,52.93,13452432
2026-02-25 05:00:00+00:00,53.29,53.31,52.24,52.63,12379776
2026-02-26 05:00:00+00:00,52.46,52.69,51.92,52.57,15645344
2026-02-27 05:00:00+00:00,52.43,53.05,52.24,52.97,12123004
2026-03-02 05:00:00+00:00,52.64,52.95,52.08,52.82,19444910
2026-03-03 05:00:00+00:00,51.25,51.66,50.28,51.52,27308209
2026-03-04 05:00:00+00:00,51.89,51.95,51.25,51.5,17142150
2026-03-05 05:00:00+00:00,51.18,51.36,50.1,50.42,19902379
2026-03-06 05:00:00+00:00,49.9,49.95,49.04,49.45,23171636
2026-03-09 04:00:00+00:00,48.86,49.78,48.2,49.58,22462396
2026-03-10 04:00:00+00:00,49.58,50.01,49.23,49.47,19215247
2026-03-11 04:00:00+00:00,49.32,49.48,48.88,49.43,12571196
2026-03-12 04:00:00+00:00,49.38,49.82,49.23,49.28,19573154
2026-03-13 04:00:00+00:00,49.62,49.72,48.61,48.79,17240595
2026-03-16 04:00:00+00:00,49.06,49.36,48.69,49.0,15641562
2026-03-17 04:00:00+00:00,49.28,49.57,49.08,49.12,12770784
2026-03-18 04:00:00+00:00,48.78,48.87,48.09,48.09,16432735
2026-03-19 04:00:00+00:00,47.25,47.6,46.83,47.35,23547045
2026-03-20 04:00:00+00:00,47.46,47.57,46.35,46.6,19735415
2026-03-23 04:00:00+00:00,47.22,47.97,47.18,47.37,19208684
2026-03-24 04:00:00+00:00,47.1,48.61,47.06,48.27,15814921
2026-03-25 04:00:00+00:00,48.82,49.26,48.48,49.23,15047383
2026-03-26 04:00:00+00:00,48.79,49.54,48.78,48.91,12904075
2026-03-27 04:00:00+00:00,48.86,49.11,48.6,48.73,10746567
2026-03-30 04:00:00+00:00,49.33,49.55,48.72,48.91,16613234
2026-03-31 04:00:00+00:00,49.33,50.04,49.1,49.78,20488168
2026-04-01 04:00:00+00:00,50.15,50.47,49.98,50.27,19967067
2026-04-02 04:00:00+00:00,49.89,50.73,49.72,50.22,13800232
2026-04-06 04:00:00+00:00,50.02,50.24,49.66,50.03,8885950
2026-04-07 04:00:00+00:00,49.93,50.13,49.49,49.89,9953700
2026-04-08 04:00:00+00:00,50.89,51.59,50.58,51.56,14354485
2026-04-09 04:00:00+00:00,51.37,51.88,51.28,51.48,7658784
2026-04-10 04:00:00+00:00,51.74,52.03,51.69,51.77,6138713
2026-04-13 04:00:00+00:00,51.5,52.06,51.36,52.0,9890911
2026-04-14 04:00:00+00:00,52.07,52.07,51.46,51.82,8274178
2026-04-15 04:00:00+00:00,51.71,51.71,51.04,51.19,20301158
2026-04-16 04:00:00+00:00,51.33,51.78,51.3,51.56,12383052
2026-04-17 04:00:00+00:00,51.41,52.17,51.27,51.69,11796323
2026-04-20 04:00:00+00:00,51.65,52.2,51.48,52.04,8558475
2026-04-21 04:00:00+00:00,52.06,52.37,51.44,51.58,9558332
2026-04-22 04:00:00+00:00,52.05,52.22,51.5,51.64,8933340
2026-04-23 04:00:00+00:00,51.52,51.71,51.09,51.62,13728624
2026-04-24 04:00:00+00:00,51.56,51.81,51.13,51.73,7420533
2026-04-27 04:00:00+00:00,51.8,51.98,51.42,51.59,8026144
2026-04-28 04:00:00+00:00,51.68,51.79,50.82,51.21,9073294
2026-04-29 04:00:00+00:00,51.3,51.32,50.7,50.77,7053490
2026-04-30 04:00:00+00:00,50.73,51.52,50.61,51.28,15283307
2026-05-01 04:00:00+00:00,51.45,51.58,51.15,51.16,9358459
2026-05-04 04:00:00+00:00,50.96,51.07,50.31,50.46,10012100
2026-05-05 04:00:00+00:00,50.85,51.6,50.7,51.34,10775368
2026-05-06 04:00:00+00:00,52.12,52.47,51.95,52.21,10500593
2026-05-07 04:00:00+00:00,52.4,52.57,51.18,51.21,13026961
2026-05-08 04:00:00+00:00,51.62,51.71,51.31,51.4,7600237
2026-05-11 04:00:00+00:00,51.67,52.21,51.64,52.07,8587193
2026-05-12 04:00:00+00:00,51.81,52.09,51.27,51.95,11595033
2026-05-13 04:00:00+00:00,51.94,52.32,51.83,51.87,8455690
2026-05-14 04:00:00+00:00,51.93,52.06,51.4,51.48,10703956
2026-05-15 04:00:00+00:00,50.82,51.0,50.06,50.11,11193234
2026-05-18 04:00:00+00:00,50.14,50.53,49.88,50.03,10543979
2026-05-19 04:00:00+00:00,49.59,49.67,48.71,48.86,11881846
2026-05-20 04:00:00+00:00,48.81,49.59,48.71,49.53,20467343
2026-05-21 04:00:00+00:00,49.36,50.06,48.95,49.83,10236190
2026-05-22 04:00:00+00:00,50.14,50.31,49.8,50.1,6956133
2026-05-26 04:00:00+00:00,50.49,50.97,50.46,50.8,8242113
2026-05-27 04:00:00+00:00,50.82,51.18,50.79,50.99,9010966
2026-05-28 04:00:00+00:00,50.88,51.28,50.42,51.17,10567259
2026-05-29 04:00:00+00:00,51.09,51.38,50.92,50.96,11728786
2026-06-01 04:00:00+00:00,50.46,50.86,49.94,50.73,24538565
2026-06-02 04:00:00+00:00,50.63,51.47,50.53,51.33,19927097
2026-06-03 04:00:00+00:00,51.16,51.83,51.05,51.44,12438937
2026-06-04 04:00:00+00:00,51.64,52.01,51.24,51.43,9689481
2026-06-05 04:00:00+00:00,51.22,51.46,50.31,50.44,12396016
2026-06-08 04:00:00+00:00,50.42,50.62,49.72,49.77,10994677
2026-06-09 04:00:00+00:00,50.4,50.63,49.65,50.58,13441892
2026-06-10 04:00:00+00:00,50.56,50.67,49.39,49.41,9676753
2026-06-11 04:00:00+00:00,49.88,51.14,49.81,51.03,12443309
2026-06-12 04:00:00+00:00,51.52,52.16,51.33,51.99,15194972
2026-06-15 04:00:00+00:00,52.67,53.0,52.27,52.3,14993720
2026-06-16 04:00:00+00:00,52.49,52.89,52.44,52.52,8430225
2026-06-17 04:00:00+00:00,52.32,53.11,51.67,51.83,16229138
2026-06-18 04:00:00+00:00,52.03,52.23,51.57,51.62,11934311
2026-06-22 04:00:00+00:00,51.18,51.82,51.1501,51.62,9088752
2026-06-23 04:00:00+00:00,51.07,51.475,50.79,50.87,10273999
2026-06-24 04:00:00+00:00,50.87,51.53,50.79,51.16,12425847
2026-06-25 04:00:00+00:00,51.41,52.19,51.27,51.84,9656348
2026-06-26 04:00:00+00:00,51.57,51.89,51.375,51.6,9234030
2026-06-29 04:00:00+00:00,51.28,51.3973,50.25,50.66,12726663
2026-06-30 04:00:00+00:00,51.07,51.19,50.67,50.83,8329699
2026-07-01 04:00:00+00:00,50.72,51.47,50.475,51.02,14129504
2026-07-02 04:00:00+00:00,51.4,52.025,51.295,52.01,12376026
2026-07-06 04:00:00+00:00,51.92,52.04,51.35,51.98,20090958
2026-07-07 04:00:00+00:00,51.96,52.12,51.295,51.51,12305280
2026-07-08 04:00:00+00:00,51.0,51.04,49.885,50.16,13282840
2026-07-09 04:00:00+00:00,50.37,50.545,50.12,50.26,10529716
2026-07-10 04:00:00+00:00,50.29,51.11,50.29,50.89,7507717
2026-07-13 04:00:00+00:00,50.97,51.345,50.355,50.58,9031696
2026-07-14 04:00:00+00:00,51.15,51.45,50.59,50.64,8755685
2026-07-15 04:00:00+00:00,50.66,50.84,50.11,50.5,12323619
2026-07-16 04:00:00+00:00,50.31,50.93,50.28,50.89,7152790
2026-07-17 04:00:00+00:00,50.8,51.445,50.385,50.53,8671155
2026-07-20 04:00:00+00:00,50.64,50.73,49.88,50.03,10679306
2026-07-21 04:00:00+00:00,50.5,50.54,49.845,50.1,8695136
2026-07-22 04:00:00+00:00,50.33,50.97,50.3,50.82,10218200
2026-07-23 04:00:00+00:00,50.42,50.97,50.12,50.29,10924037
2026-07-24 04:00:00+00:00,50.32,51.27,50.21,51.26,12187050
2026-07-27 04:00:00+00:00,51.47,51.63,51.085,51.39,8704786
2026-07-28 04:00:00+00:00,52.0,52.775,51.88,52.34,11775205
2026-07-29 04:00:00+00:00,52.34,52.34,51.325,51.74,13744947
2026-07-30 04:00:00+00:00,52.21,52.305,51.275,51.64,10858914
2026-07-31 04:00:00+00:00,50.91,51.05,50.205,50.43,18329280
2026-08-03 04:00:00+00:00,50.74,51.04,50.35,51.01,11961784
