timestamp,open,high,low,close,volume
2017-02-01 05:00:00+00:00,43.04,43.35,42.91,43.27,10218650
2017-02-02 05:00:00+00:00,43.26,43.26,42.93,43.08,5149386
2017-02-03 05:00:00+00:00,43.15,43.22,43.02,43.16,5626884
2017-02-06 05:00:00+00:00,43.06,43.1,42.86,43.04,2797079
2017-02-07 05:00:00+00:00,42.92,42.99,42.64,42.7,4288172
2017-02-08 05:00:00+00:00,42.68,42.82,42.53,42.8,4756673
2017-02-09 05:00:00+00:00,42.82,42.92,42.69,42.78,8199698
2017-02-10 05:00:00+00:00,42.97,43.24,42.95,43.17,3607230
2017-02-13 05:00:00+00:00,43.34,43.64,43.34,43.53,3849892
2017-02-14 05:00:00+00:00,43.45,43.54,43.23,43.52,3710742
2017-02-15 05:00:00+00:00,43.4,43.6,43.38,43.46,3132507
2017-02-16 05:00:00+00:00,43.5,43.71,43.32,43.46,3355631
2017-02-17 05:00:00+00:00,43.38,43.44,43.18,43.34,4495444
2017-02-21 05:00:00+00:00,43.31,43.6,43.24,43.48,7441700
2017-02-22 05:00:00+00:00,43.31,43.84,43.28,43.6,5265834
2017-02-23 05:00:00+00:00,43.69,43.84,43.31,43.35,3593499
2017-02-24 05:00:00+00:00,43.17,43.48,43.11,43.45,4968995
2017-02-27 05:00:00+00:00,43.45,43.69,43.27,43.34,6491312
2017-02-28 05:00:00+00:00,43.31,43.5,43.23,43.3,4118784
2017-03-01 05:00:00+00:00,43.69,44.28,43.69,44.14,6099529
2017-03-02 05:00:00+00:00,44.11,44.13,43.67,43.67,4794086
2017-03-03 05:00:00+00:00,43.67,43.81,43.52,43.64,3021433
2017-03-06 05:00:00+00:00,43.48,43.6,43.29,43.35,3663270
2017-03-07 05:00:00+00:00,43.38,43.42,43.09,43.11,3988154
2017-03-08 05:00:00+00:00,43.15,43.56,43.05,43.11,5258382
2017-03-09 05:00:00+00:00,43.17,43.23,42.77,42.98,4614013
2017-03-10 05:00:00+00:00,43.21,43.32,42.98,43.18,4858256
2017-03-13 04:00:00+00:00,43.23,43.31,43.11,43.31,3593353
2017-03-14 04:00:00+00:00,43.13,43.16,42.88,42.93,5750940
2017-03-15 04:00:00+00:00,43.11,43.69,43.08,43.62,5898678
2017-03-16 04:00:00+00:00,43.72,43.78,43.26,43.32,6819743
2017-03-17 04:00:00+00:00,43.52,43.67,43.47,43.51,5341517
2017-03-20 04:00:00+00:00,43.54,43.77,43.37,43.75,2755200
2017-03-21 04:00:00+00:00,43.78,43.87,42.95,43.02,7427831
2017-03-22 04:00:00+00:00,42.98,43.18,42.7,43.14,5717402
2017-03-23 04:00:00+00:00,43.08,43.46,42.98,43.32,4813531
2017-03-24 04:00:00+00:00,43.3,43.42,42.76,42.94,6136063
2017-03-27 04:00:00+00:00,42.54,43.12,42.43,43.03,4393210
2017-03-28 04:00:00+00:00,43.09,43.68,42.98,43.53,4047997
2017-03-29 04:00:00+00:00,43.47,43.68,43.42,43.57,3050377
2017-03-30 04:00:00+00:00,43.54,43.81,43.52,43.57,3026169
2017-03-31 04:00:00+00:00,43.61,43.81,43.52,43.57,3806174
2017-04-03 04:00:00+00:00,43.58,43.76,43.05,43.4,4637336
2017-04-04 04:00:00+00:00,43.37,43.57,43.25,43.56,3508423
2017-04-05 04:00:00+00:00,43.69,44.05,43.48,43.52,5162107
2017-04-06 04:00:00+00:00,43.57,43.92,43.42,43.76,3388430
2017-04-07 04:00:00+00:00,43.63,43.87,43.58,43.72,2582718
2017-04-10 04:00:00+00:00,43.72,43.84,43.56,43.72,3512923
2017-04-11 04:00:00+00:00,43.59,43.69,43.36,43.61,3949296
2017-04-12 04:00:00+00:00,43.55,43.62,43.04,43.07,3975805
2017-04-13 04:00:00+00:00,42.98,43.07,42.62,42.65,4270131
2017-04-17 04:00:00+00:00,42.77,42.98,42.68,42.96,4052890
2017-04-18 04:00:00+00:00,42.77,43.04,42.72,42.91,2596105
2017-04-19 04:00:00+00:00,43.06,43.18,42.89,42.97,3419786
2017-04-20 04:00:00+00:00,43.16,43.62,43.13,43.44,4182337
2017-04-21 04:00:00+00:00,43.41,43.5,43.27,43.39,3705038
2017-04-24 04:00:00+00:00,43.87,44.01,43.79,43.89,6155158
2017-04-25 04:00:00+00:00,44.27,44.65,44.25,44.6,9610630
2017-04-26 04:00:00+00:00,44.53,44.74,44.42,44.58,3206879
2017-04-27 04:00:00+00:00,44.53,44.62,44.2,44.49,4667977
2017-04-28 04:00:00+00:00,44.4,44.53,44.11,44.16,4274621
2017-05-01 04:00:00+00:00,44.32,44.32,44.01,44.14,4101594
2017-05-02 04:00:00+00:00,44.16,44.28,44.01,44.21,3541872
2017-05-03 04:00:00+00:00,44.03,44.13,43.65,43.78,7351793
2017-05-04 04:00:00+00:00,43.91,43.94,43.69,43.83,3844927
2017-05-05 04:00:00+00:00,43.92,44.49,43.92,44.46,5865132
2017-05-08 04:00:00+00:00,44.36,44.41,44.01,44.1,5301103
2017-05-09 04:00:00+00:00,44.06,44.14,43.71,43.77,4796456
2017-05-10 04:00:00+00:00,43.83,43.97,43.72,43.91,3351291
2017-05-11 04:00:00+00:00,43.79,43.94,43.44,43.84,3386588
2017-05-12 04:00:00+00:00,43.81,43.87,43.7,43.73,2449720
2017-05-15 04:00:00+00:00,43.92,44.25,43.87,44.11,3357860
2017-05-16 04:00:00+00:00,44.13,44.23,44.06,44.12,3095877
2017-05-17 04:00:00+00:00,43.82,43.85,43.18,43.19,8306527
2017-05-18 04:00:00+00:00,43.03,43.32,42.68,43.22,7045093
2017-05-19 04:00:00+00:00,43.3,43.77,43.29,43.59,5140895
2017-05-22 04:00:00+00:00,43.74,43.85,43.51,43.62,2950811
2017-05-23 04:00:00+00:00,43.73,43.84,43.62,43.67,3675301
2017-05-24 04:00:00+00:00,43.77,44.06,43.76,43.97,3284038
2017-05-25 04:00:00+00:00,44.12,44.23,43.81,43.92,5027671
2017-05-26 04:00:00+00:00,43.85,44.04,43.8,44.01,2195004
2017-05-30 04:00:00+00:00,43.93,44.07,43.84,43.99,2834049
2017-05-31 04:00:00+00:00,44.05,44.13,43.7,44.12,6271939
2017-06-01 04:00:00+00:00,44.1,44.7,44.09,44.63,8116053
2017-06-02 04:00:00+00:00,44.64,44.86,44.55,44.76,5092966
2017-06-05 04:00:00+00:00,44.72,44.81,44.56,44.62,4687201
2017-06-06 04:00:00+00:00,44.44,44.77,44.39,44.65,4220550
2017-06-07 04:00:00+00:00,44.79,44.86,44.56,44.7,4229683
2017-06-08 04:00:00+00:00,44.63,44.98,44.62,44.85,3689647
2017-06-09 04:00:00+00:00,44.94,45.46,44.94,45.41,7624016
2017-06-12 04:00:00+00:00,45.35,45.6,45.14,45.24,5847151
2017-06-13 04:00:00+00:00,45.21,45.82,45.21,45.8,3450004
2017-06-14 04:00:00+00:00,45.87,45.9,45.2,45.32,5889964
2017-06-15 04:00:00+00:00,45.0,45.17,44.73,44.92,5460434
2017-06-16 04:00:00+00:00,45.13,45.14,44.86,45.1,4864554
2017-06-19 04:00:00+00:00,45.34,45.53,45.28,45.47,2560508
2017-06-20 04:00:00+00:00,45.38,45.38,45.22,45.22,3547644
2017-06-21 04:00:00+00:00,45.28,45.32,44.69,44.73,4851895
2017-06-22 04:00:00+00:00,44.75,44.96,44.71,44.8,3399726
2017-06-23 04:00:00+00:00,44.91,45.11,44.73,44.97,3403715
2017-06-26 04:00:00+00:00,45.12,45.18,44.92,45.11,4097694
2017-06-27 04:00:00+00:00,45.2,45.26,44.81,44.83,3688274
2017-06-28 04:00:00+00:00,45.16,45.35,45.07,45.24,3364584
2017-06-29 04:00:00+00:00,45.22,45.3,44.58,44.71,4534834
2017-06-30 04:00:00+00:00,44.77,45.14,44.76,44.94,3231397
2017-07-03 04:00:00+00:00,45.05,45.44,45.01,45.32,3172502
2017-07-05 04:00:00+00:00,45.38,45.4,45.03,45.18,5792835
2017-07-06 04:00:00+00:00,44.93,45.22,44.85,44.99,5104887
2017-07-07 04:00:00+00:00,45.06,45.27,44.88,45.22,2663528
2017-07-10 04:00:00+00:00,45.21,45.68,45.02,45.5,3958227
2017-07-11 04:00:00+00:00,45.5,45.55,45.16,45.45,2060136
2017-07-12 04:00:00+00:00,45.67,46.0,45.6,45.96,2961405
2017-07-13 04:00:00+00:00,46.0,46.08,45.84,45.93,2156580
2017-07-14 04:00:00+00:00,46.08,46.23,45.95,46.15,3516836
2017-07-17 04:00:00+00:00,46.17,46.35,46.07,46.23,3537093
2017-07-18 04:00:00+00:00,46.11,46.12,45.87,46.04,2380103
2017-07-19 04:00:00+00:00,46.06,46.51,46.06,46.48,3490668
2017-07-20 04:00:00+00:00,46.38,46.39,46.0,46.14,4631828
2017-07-21 04:00:00+00:00,46.01,46.16,45.94,46.15,2955668
2017-07-24 04:00:00+00:00,46.1,46.18,45.91,46.11,2803405
2017-07-25 04:00:00+00:00,46.51,46.7,46.45,46.6,4711366
2017-07-26 04:00:00+00:00,46.57,46.57,46.25,46.32,4028148
2017-07-27 04:00:00+00:00,46.37,46.45,45.93,46.15,3833247
2017-07-28 04:00:00+00:00,46.19,46.33,45.81,45.98,4788198
2017-07-31 04:00:00+00:00,46.08,46.14,45.6,45.63,4657930
2017-08-01 04:00:00+00:00,45.82,45.82,45.44,45.67,11612549
2017-08-02 04:00:00+00:00,45.53,45.77,45.33,45.7,3257822
2017-08-03 04:00:00+00:00,45.86,45.86,45.32,45.37,4153470
2017-08-04 04:00:00+00:00,45.5,45.63,45.47,45.57,2832557
2017-08-07 04:00:00+00:00,45.65,45.77,45.57,45.61,2963820
2017-08-08 04:00:00+00:00,45.52,45.56,45.15,45.25,4249100
2017-08-09 04:00:00+00:00,45.22,45.34,45.14,45.29,3487312
2017-08-10 04:00:00+00:00,45.12,45.2,44.73,44.77,7019720
2017-08-11 04:00:00+00:00,44.64,44.83,44.61,44.66,4204697
2017-08-14 04:00:00+00:00,44.9,45.15,44.9,45.08,3661506
2017-08-15 04:00:00+00:00,45.12,45.17,44.96,45.09,2053316
2017-08-16 04:00:00+00:00,45.24,45.53,45.23,45.53,6258656
2017-08-17 04:00:00+00:00,45.38,45.46,44.83,44.83,4554819
2017-08-18 04:00:00+00:00,44.68,45.05,44.66,44.89,3842004
2017-08-21 04:00:00+00:00,44.93,45.02,44.79,44.92,2785933
2017-08-22 04:00:00+00:00,45.02,45.48,45.02,45.47,3200596
2017-08-23 04:00:00+00:00,45.28,45.55,45.23,45.39,4692189
2017-08-24 04:00:00+00:00,45.39,45.47,45.26,45.32,2697675
2017-08-25 04:00:00+00:00,45.48,45.55,45.36,45.46,2968002
2017-08-28 04:00:00+00:00,45.62,45.62,45.33,45.52,2371731
2017-08-29 04:00:00+00:00,45.25,45.37,45.13,45.31,3100522
2017-08-30 04:00:00+00:00,45.27,45.69,45.14,45.64,6175733
2017-08-31 04:00:00+00:00,45.85,46.09,45.81,45.99,4980064
2017-09-01 04:00:00+00:00,46.15,46.34,46.04,46.29,5399917
2017-09-05 04:00:00+00:00,46.33,46.45,45.72,45.77,6921792
2017-09-06 04:00:00+00:00,45.81,45.95,45.55,45.88,6326783
2017-09-07 04:00:00+00:00,45.94,45.98,45.67,45.96,4540399
2017-09-08 04:00:00+00:00,45.93,45.99,45.74,45.94,2739517
2017-09-11 04:00:00+00:00,46.19,46.66,46.11,46.54,5162590
2017-09-12 04:00:00+00:00,46.75,47.09,46.74,46.94,6761397
2017-09-13 04:00:00+00:00,46.94,46.96,46.69,46.92,4445495
2017-09-14 04:00:00+00:00,46.92,47.15,46.81,47.08,4321811
2017-09-15 04:00:00+00:00,47.05,47.16,46.92,47.08,4883086
2017-09-18 04:00:00+00:00,47.17,47.39,47.09,47.34,4545656
2017-09-19 04:00:00+00:00,47.49,47.61,47.29,47.58,3112508
2017-09-20 04:00:00+00:00,47.73,47.85,47.49,47.75,4915416
2017-09-21 04:00:00+00:00,47.66,47.82,47.64,47.65,3210102
2017-09-22 04:00:00+00:00,47.57,47.63,47.41,47.48,2983995
2017-09-25 04:00:00+00:00,47.45,47.57,47.23,47.57,5533847
2017-09-26 04:00:00+00:00,47.61,47.67,47.34,47.36,2813417
2017-09-27 04:00:00+00:00,47.42,47.48,47.01,47.36,4034950
2017-09-28 04:00:00+00:00,47.31,47.7,47.19,47.69,4780573
2017-09-29 04:00:00+00:00,47.66,47.76,47.47,47.68,4238613
2017-10-02 04:00:00+00:00,47.63,48.21,47.62,48.21,7808363
2017-10-03 04:00:00+00:00,48.28,48.44,48.14,48.41,3724246
2017-10-04 04:00:00+00:00,48.54,48.57,48.4,48.43,3884760
2017-10-05 04:00:00+00:00,48.53,48.72,48.46,48.72,3739352
2017-10-06 04:00:00+00:00,48.52,48.64,48.42,48.62,2683554
2017-10-09 04:00:00+00:00,48.67,48.69,48.45,48.61,1715337
2017-10-10 04:00:00+00:00,48.79,48.79,48.47,48.64,2646653
2017-10-11 04:00:00+00:00,48.62,48.67,48.41,48.67,2100486
2017-10-12 04:00:00+00:00,48.57,48.83,48.55,48.76,3247366
2017-10-13 04:00:00+00:00,49.07,49.12,48.97,48.99,3519357
2017-10-16 04:00:00+00:00,49.21,49.24,48.82,48.96,3380813
2017-10-17 04:00:00+00:00,48.9,48.93,48.71,48.83,3017103
2017-10-18 04:00:00+00:00,48.85,48.88,48.67,48.72,5340059
2017-10-19 04:00:00+00:00,48.62,48.9,48.45,48.88,2808928
2017-10-20 04:00:00+00:00,49.09,49.32,49.07,49.32,5128609
2017-10-23 04:00:00+00:00,49.47,49.68,49.2,49.23,3198781
2017-10-24 04:00:00+00:00,49.35,49.58,49.32,49.51,4287438
2017-10-25 04:00:00+00:00,49.51,49.56,49.03,49.25,6608424
2017-10-26 04:00:00+00:00,49.67,50.06,49.48,49.9,7102698
2017-10-27 04:00:00+00:00,49.86,49.86,49.35,49.64,5385093
2017-10-30 04:00:00+00:00,49.58,49.68,49.3,49.41,5324135
2017-10-31 04:00:00+00:00,49.46,49.67,49.45,49.54,4102121
2017-11-01 04:00:00+00:00,49.79,49.94,49.6,49.78,6086735
2017-11-02 04:00:00+00:00,49.85,49.85,49.31,49.43,13073995
2017-11-03 04:00:00+00:00,49.46,49.46,49.17,49.4,3907504
2017-11-06 05:00:00+00:00,49.33,49.54,49.14,49.19,3839699
2017-11-07 05:00:00+00:00,49.26,49.34,49.09,49.26,3722894
2017-11-08 05:00:00+00:00,49.31,49.38,49.15,49.29,2611606
2017-11-09 05:00:00+00:00,49.04,49.12,48.72,48.87,4896293
2017-11-10 05:00:00+00:00,48.71,48.92,48.69,48.79,2911525
2017-11-13 05:00:00+00:00,48.61,49.11,48.45,49.04,2779155
2017-11-14 05:00:00+00:00,48.75,48.8,48.47,48.59,3844681
2017-11-15 05:00:00+00:00,48.31,48.43,48.08,48.31,5589737
2017-11-16 05:00:00+00:00,48.47,48.95,48.43,48.88,3650807
2017-11-17 05:00:00+00:00,48.77,49.12,48.72,48.93,2946735
2017-11-20 05:00:00+00:00,48.92,49.17,48.85,49.03,4430030
2017-11-21 05:00:00+00:00,49.3,49.53,49.23,49.29,3190845
2017-11-22 05:00:00+00:00,49.34,49.35,49.15,49.15,2444496
2017-11-24 05:00:00+00:00,49.26,49.46,49.24,49.41,1250263
2017-11-27 05:00:00+00:00,49.43,49.43,49.1,49.11,3881725
2017-11-28 05:00:00+00:00,49.2,49.68,49.17,49.66,4471015
2017-11-29 05:00:00+00:00,49.72,49.77,49.56,49.73,4025014
2017-11-30 05:00:00+00:00,49.84,50.35,49.75,50.01,7949535
2017-12-01 05:00:00+00:00,50.1,50.17,49.22,49.61,8628410
2017-12-04 05:00:00+00:00,49.95,50.52,49.93,50.11,6620132
2017-12-05 05:00:00+00:00,50.13,50.21,49.84,49.86,8284384
2017-12-06 05:00:00+00:00,49.77,49.88,49.55,49.56,4143110
2017-12-07 05:00:00+00:00,49.51,49.91,49.41,49.9,3671903
2017-12-08 05:00:00+00:00,49.97,50.13,49.79,49.9,5765805
2017-12-11 05:00:00+00:00,50.03,50.18,49.89,49.97,6377441
2017-12-12 05:00:00+00:00,50.07,50.14,49.93,49.98,6042686
2017-12-13 05:00:00+00:00,50.01,50.18,49.99,50.11,4243078
2017-12-14 05:00:00+00:00,50.24,50.24,49.53,49.57,4276496
2017-12-15 05:00:00+00:00,49.75,49.99,49.67,49.85,5142717
2017-12-18 05:00:00+00:00,50.18,50.63,50.15,50.58,5148475
2017-12-19 05:00:00+00:00,50.62,50.7,50.48,50.52,3262093
2017-12-20 05:00:00+00:00,50.76,50.79,50.54,50.54,5385396
2017-12-21 05:00:00+00:00,50.77,50.83,50.52,50.72,3261919
2017-12-22 05:00:00+00:00,50.8,50.96,50.7,50.9,3253278
2017-12-26 05:00:00+00:00,50.94,51.0,50.84,50.89,1755670
2017-12-27 05:00:00+00:00,50.96,51.04,50.9,50.94,4983093
2017-12-28 05:00:00+00:00,51.0,51.17,50.88,51.17,1605263
2017-12-29 05:00:00+00:00,51.36,51.36,51.02,51.07,2548458
2018-01-02 05:00:00+00:00,51.34,51.82,51.21,51.8,9528554
2018-01-03 05:00:00+00:00,51.93,52.22,51.82,52.18,5054959
2018-01-04 05:00:00+00:00,52.38,52.72,52.36,52.62,4269668
2018-01-05 05:00:00+00:00,52.85,53.09,52.73,53.01,4747214
2018-01-08 05:00:00+00:00,53.09,53.17,52.86,53.12,5432896
2018-01-09 05:00:00+00:00,53.18,53.43,53.0,53.01,4804697
2018-01-10 05:00:00+00:00,52.93,52.94,52.6,52.74,4258140
2018-01-11 05:00:00+00:00,52.92,53.4,52.88,53.39,6525687
2018-01-12 05:00:00+00:00,53.6,53.64,53.3,53.49,4632722
2018-01-16 05:00:00+00:00,53.65,53.71,52.53,52.87,8663171
2018-01-17 05:00:00+00:00,53.24,53.34,52.89,53.16,11875304
2018-01-18 05:00:00+00:00,52.95,53.27,52.76,53.07,5947104
2018-01-19 05:00:00+00:00,53.32,53.42,53.1,53.39,5147901
2018-01-22 05:00:00+00:00,53.32,53.32,52.98,53.28,5747021
2018-01-23 05:00:00+00:00,53.16,53.3,52.88,53.27,4042355
2018-01-24 05:00:00+00:00,53.39,53.76,53.26,53.46,5802296
2018-01-25 05:00:00+00:00,53.73,54.07,53.63,53.83,7852645
2018-01-26 05:00:00+00:00,53.87,54.14,53.49,54.08,3963742
2018-01-29 05:00:00+00:00,54.03,54.1,53.43,53.45,5394651
2018-01-30 05:00:00+00:00,53.23,53.49,52.95,53.07,8992610
2018-01-31 05:00:00+00:00,53.24,53.29,52.76,53.12,10132227
2018-02-01 05:00:00+00:00,52.74,53.09,52.3,52.37,9858210
2018-02-02 05:00:00+00:00,52.1,52.18,50.97,51.0,9797647
2018-02-05 05:00:00+00:00,50.8,51.36,49.06,49.29,18915354
2018-02-06 05:00:00+00:00,48.35,50.75,48.21,50.65,19466761
2018-02-07 05:00:00+00:00,50.44,51.13,50.21,50.23,16919413
2018-02-08 05:00:00+00:00,50.29,50.4,48.43,48.43,12995470
2018-02-09 05:00:00+00:00,48.98,49.62,47.77,49.29,26495708
2018-02-12 05:00:00+00:00,49.68,50.58,49.54,50.29,10623507
2018-02-13 05:00:00+00:00,50.09,50.39,49.97,50.16,6814053
2018-02-14 05:00:00+00:00,49.75,50.94,49.65,50.84,8071907
2018-02-15 05:00:00+00:00,51.2,51.25,50.59,51.22,6559944
2018-02-16 05:00:00+00:00,50.98,51.53,50.8,51.03,9421725
2018-02-20 05:00:00+00:00,50.81,51.19,50.62,50.82,5839678
2018-02-21 05:00:00+00:00,50.85,51.53,50.62,50.63,5640792
2018-02-22 05:00:00+00:00,50.85,51.44,50.78,50.96,4575871
2018-02-23 05:00:00+00:00,51.26,51.73,51.0,51.71,3625737
2018-02-26 05:00:00+00:00,51.93,51.97,51.42,51.94,3293147
2018-02-27 05:00:00+00:00,51.89,51.97,51.23,51.23,5990774
2018-02-28 05:00:00+00:00,51.37,51.42,50.31,50.31,5639719
2018-03-01 05:00:00+00:00,50.29,50.5,49.43,49.78,10159833
2018-03-02 05:00:00+00:00,49.5,49.88,49.25,49.75,8107309
2018-03-05 05:00:00+00:00,49.52,50.55,49.45,50.42,6696267
2018-03-06 05:00:00+00:00,50.63,51.34,50.39,50.96,8882174
2018-03-07 05:00:00+00:00,50.42,50.91,50.34,50.78,8437413
2018-03-08 05:00:00+00:00,50.89,50.99,50.47,50.85,5204170
2018-03-09 05:00:00+00:00,51.14,51.77,50.95,51.74,6047152
2018-03-12 04:00:00+00:00,51.8,52.05,51.51,51.61,4832911
2018-03-13 04:00:00+00:00,51.89,52.1,51.34,51.37,6122111
2018-03-14 04:00:00+00:00,51.63,51.64,50.67,50.77,5553651
2018-03-15 04:00:00+00:00,50.84,50.88,50.09,50.1,5693164
2018-03-16 04:00:00+00:00,50.01,50.37,49.91,50.1,5655415
2018-03-19 04:00:00+00:00,49.96,49.99,49.02,49.38,6444909
2018-03-20 04:00:00+00:00,49.56,49.72,49.23,49.35,3661395
2018-03-21 04:00:00+00:00,49.45,50.34,49.28,49.89,4950371
2018-03-22 04:00:00+00:00,49.49,49.66,48.37,48.4,7803699
2018-03-23 04:00:00+00:00,48.51,48.75,47.41,47.45,8004116
2018-03-26 04:00:00+00:00,48.01,48.46,47.56,48.45,5885033
2018-03-27 04:00:00+00:00,48.55,48.85,47.69,47.93,7335931
2018-03-28 04:00:00+00:00,48.02,48.19,47.17,47.32,11903830
2018-03-29 04:00:00+00:00,47.54,48.48,47.49,48.23,6418716
2018-04-02 04:00:00+00:00,48.07,48.3,46.76,47.15,9403804
2018-04-03 04:00:00+00:00,47.29,47.98,46.99,47.82,6854228
2018-04-04 04:00:00+00:00,47.05,48.2,46.78,48.16,6474852
2018-04-05 04:00:00+00:00,48.39,49.23,48.31,49.06,7772659
2018-04-06 04:00:00+00:00,48.57,48.8,47.56,47.86,7993747
2018-04-09 04:00:00+00:00,48.13,48.7,47.79,48.12,6356032
2018-04-10 04:00:00+00:00,48.77,49.39,48.7,49.12,12922994
2018-04-11 04:00:00+00:00,48.76,48.95,48.57,48.76,6501460
2018-04-12 04:00:00+00:00,48.97,49.47,48.85,49.27,3663609
2018-04-13 04:00:00+00:00,49.53,49.68,49.04,49.22,4358545
2018-04-16 04:00:00+00:00,49.58,49.95,49.33,49.88,6390448
2018-04-17 04:00:00+00:00,50.2,50.59,49.98,50.43,4855352
2018-04-18 04:00:00+00:00,50.73,51.03,50.62,50.81,4768694
2018-04-19 04:00:00+00:00,50.87,50.87,50.06,50.24,5885382
2018-04-20 04:00:00+00:00,50.25,50.4,49.76,49.96,4402688
2018-04-23 04:00:00+00:00,49.87,50.03,49.69,49.81,3120170
2018-04-24 04:00:00+00:00,50.01,50.01,47.97,48.48,8854193
2018-04-25 04:00:00+00:00,48.57,48.9,48.13,48.74,8016373
2018-04-26 04:00:00+00:00,48.97,49.25,48.69,49.05,4967808
2018-04-27 04:00:00+00:00,49.06,49.18,48.57,48.92,7924482
2018-04-30 04:00:00+00:00,49.0,49.17,48.24,48.3,4959175
2018-05-01 04:00:00+00:00,48.02,48.26,47.62,48.24,6312761
2018-05-02 04:00:00+00:00,48.32,48.51,48.04,48.13,6408859
2018-05-03 04:00:00+00:00,48.19,48.67,47.68,48.35,10019693
2018-05-04 04:00:00+00:00,48.04,49.22,48.02,48.96,4517556
2018-05-07 04:00:00+00:00,49.01,49.24,48.77,48.94,4976742
2018-05-08 04:00:00+00:00,48.82,49.04,48.57,48.84,3701301
2018-05-09 04:00:00+00:00,49.02,49.61,49.02,49.54,12109950
2018-05-10 04:00:00+00:00,49.58,50.18,49.55,49.95,4892936
2018-05-11 04:00:00+00:00,49.93,50.28,49.81,49.88,3563264
2018-05-14 04:00:00+00:00,50.02,50.23,49.88,50.07,3065354
2018-05-15 04:00:00+00:00,49.82,50.01,49.52,49.92,7779865
2018-05-16 04:00:00+00:00,49.92,50.58,49.92,50.51,3444771
2018-05-17 04:00:00+00:00,50.4,50.82,50.4,50.62,12031444
2018-05-18 04:00:00+00:00,50.57,50.84,50.55,50.7,3344923
2018-05-21 04:00:00+00:00,50.97,51.09,50.79,50.97,6034491
2018-05-22 04:00:00+00:00,50.97,51.12,50.5,50.53,3908865
2018-05-23 04:00:00+00:00,50.22,50.45,49.98,50.43,3690162
2018-05-24 04:00:00+00:00,50.33,50.51,50.0,50.25,3591237
2018-05-25 04:00:00+00:00,50.04,50.13,49.8,49.97,4129495
2018-05-29 04:00:00+00:00,49.56,49.85,48.96,49.09,5970128
2018-05-30 04:00:00+00:00,49.47,49.85,49.32,49.69,4447889
2018-05-31 04:00:00+00:00,49.75,49.83,49.25,49.28,6028649
2018-06-01 04:00:00+00:00,49.64,50.19,49.64,50.03,3855717
2018-06-04 04:00:00+00:00,50.23,50.42,50.19,50.32,4601250
2018-06-05 04:00:00+00:00,50.38,50.87,50.31,50.7,3406751
2018-06-06 04:00:00+00:00,50.76,51.66,50.62,51.64,8401124
2018-06-07 04:00:00+00:00,51.67,51.71,51.15,51.38,5207362
2018-06-08 04:00:00+00:00,51.33,51.62,51.05,51.52,3827572
2018-06-11 04:00:00+00:00,51.45,51.73,51.36,51.6,2929089
2018-06-12 04:00:00+00:00,51.67,51.84,51.47,51.67,4504177
2018-06-13 04:00:00+00:00,51.73,51.75,51.05,51.11,4140409
2018-06-14 04:00:00+00:00,51.32,51.44,50.98,51.18,2575587
2018-06-15 04:00:00+00:00,50.85,51.0,50.47,50.83,6830978
2018-06-18 04:00:00+00:00,50.43,50.79,50.38,50.71,10616651
2018-06-19 04:00:00+00:00,50.1,50.2,49.35,49.8,7364791
2018-06-20 04:00:00+00:00,49.98,49.98,49.4,49.61,5384875
2018-06-21 04:00:00+00:00,49.49,49.54,49.0,49.08,7429178
2018-06-22 04:00:00+00:00,49.45,49.92,49.45,49.8,7422019
2018-06-25 04:00:00+00:00,49.55,49.55,48.62,49.02,9856495
2018-06-26 04:00:00+00:00,49.12,49.36,49.01,49.21,3734135
2018-06-27 04:00:00+00:00,49.47,49.99,49.04,49.06,5817041
2018-06-28 04:00:00+00:00,49.07,49.36,48.72,49.27,6043205
2018-06-29 04:00:00+00:00,49.35,50.01,49.35,49.41,5104033
2018-07-02 04:00:00+00:00,49.06,49.26,48.8,49.19,7730507
2018-07-03 04:00:00+00:00,49.46,49.77,48.95,49.06,3518935
2018-07-05 04:00:00+00:00,49.4,49.53,49.02,49.49,5603776
2018-07-06 04:00:00+00:00,49.4,49.88,49.18,49.74,4593009
2018-07-09 04:00:00+00:00,49.98,50.2,49.93,50.19,4587668
2018-07-10 04:00:00+00:00,50.16,50.63,50.16,50.59,6749760
2018-07-11 04:00:00+00:00,50.08,50.22,49.53,49.75,12113653
2018-07-12 04:00:00+00:00,50.06,50.1,49.67,49.88,6638458
2018-07-13 04:00:00+00:00,49.79,50.03,49.71,49.85,3476306
2018-07-16 04:00:00+00:00,49.87,49.98,49.34,49.45,4527015
2018-07-17 04:00:00+00:00,49.49,50.26,49.3,50.09,7748416
2018-07-18 04:00:00+00:00,50.03,50.32,49.63,50.12,6365870
2018-07-19 04:00:00+00:00,49.8,49.86,49.46,49.8,6444281
2018-07-20 04:00:00+00:00,49.6,49.78,49.37,49.6,7395554
2018-07-23 04:00:00+00:00,49.58,49.6,49.29,49.36,4311093
2018-07-24 04:00:00+00:00,49.68,50.24,49.68,49.98,7177868
2018-07-25 04:00:00+00:00,49.99,50.43,49.64,50.37,4846796
2018-07-26 04:00:00+00:00,50.35,50.74,50.19,50.65,6284935
2018-07-27 04:00:00+00:00,50.8,50.84,50.33,50.45,5565104
2018-07-30 04:00:00+00:00,50.51,50.83,50.28,50.37,3494812
2018-07-31 04:00:00+00:00,50.48,50.96,50.46,50.79,5357300
2018-08-01 04:00:00+00:00,50.72,50.83,50.21,50.33,6159389
2018-08-02 04:00:00+00:00,49.89,50.0,49.4,49.98,9538606
2018-08-03 04:00:00+00:00,50.15,50.47,50.11,50.45,5435268
2018-08-06 04:00:00+00:00,50.06,50.63,49.9,50.43,4686321
2018-08-07 04:00:00+00:00,50.58,50.9,50.55,50.6,4837378
2018-08-08 04:00:00+00:00,50.65,50.79,50.36,50.39,7459454
2018-08-09 04:00:00+00:00,50.55,50.94,50.55,50.66,4294343
2018-08-10 04:00:00+00:00,50.32,50.42,49.87,49.96,6173162
2018-08-13 04:00:00+00:00,49.98,50.18,49.24,49.43,5548515
2018-08-14 04:00:00+00:00,49.63,50.11,49.6,49.85,4209564
2018-08-15 04:00:00+00:00,49.35,49.37,48.52,49.06,9170270
2018-08-16 04:00:00+00:00,49.24,49.63,49.24,49.35,6430463
2018-08-17 04:00:00+00:00,49.26,49.81,49.24,49.72,5362864
2018-08-20 04:00:00+00:00,49.81,50.16,49.81,50.07,4913389
2018-08-21 04:00:00+00:00,50.17,50.49,50.09,50.26,5022787
2018-08-22 04:00:00+00:00,50.24,50.32,49.95,50.01,6255687
2018-08-23 04:00:00+00:00,49.91,49.91,49.53,49.67,4521427
2018-08-24 04:00:00+00:00,49.93,50.38,49.88,50.32,5373671
2018-08-27 04:00:00+00:00,50.42,51.17,50.42,50.97,5748896
2018-08-28 04:00:00+00:00,51.08,51.31,50.65,50.8,3883616
2018-08-29 04:00:00+00:00,50.82,51.28,50.6,51.19,4343698
2018-08-30 04:00:00+00:00,50.95,51.19,50.43,50.61,6112770
2018-08-31 04:00:00+00:00,50.51,50.83,50.32,50.43,4471553
2018-09-04 04:00:00+00:00,50.3,50.32,49.83,50.09,6114755
2018-09-05 04:00:00+00:00,50.04,50.51,49.9,50.42,4712455
2018-09-06 04:00:00+00:00,50.48,50.82,50.17,50.52,6069195
2018-09-07 04:00:00+00:00,50.15,50.38,49.86,50.19,7385949
2018-09-10 04:00:00+00:00,50.32,50.52,50.22,50.25,4791055
2018-09-11 04:00:00+00:00,49.88,50.48,49.7,50.35,7777769
2018-09-12 04:00:00+00:00,50.34,50.6,50.15,50.38,6273782
2018-09-13 04:00:00+00:00,50.77,50.95,50.55,50.57,4146793
2018-09-14 04:00:00+00:00,50.68,50.77,50.43,50.55,4893956
2018-09-17 04:00:00+00:00,50.54,51.03,50.54,50.73,3915603
2018-09-18 04:00:00+00:00,50.88,51.06,50.6,50.78,4148801
2018-09-19 04:00:00+00:00,50.83,51.55,50.83,51.34,8714978
2018-09-20 04:00:00+00:00,51.69,52.04,51.68,51.89,5740335
2018-09-21 04:00:00+00:00,52.1,52.2,51.64,51.78,8434101
2018-09-24 04:00:00+00:00,51.61,51.67,50.97,51.05,4667889
2018-09-25 04:00:00+00:00,51.17,51.22,50.73,50.79,5190797
2018-09-26 04:00:00+00:00,50.54,50.76,50.18,50.28,8658302
2018-09-27 04:00:00+00:00,50.25,50.25,49.79,49.85,6355210
2018-09-28 04:00:00+00:00,49.7,49.78,49.43,49.53,5687223
2018-10-01 04:00:00+00:00,49.8,50.23,49.8,50.02,4445201
2018-10-02 04:00:00+00:00,50.06,50.37,49.98,50.24,3714565
2018-10-03 04:00:00+00:00,50.41,50.48,49.84,49.88,3994046
2018-10-04 04:00:00+00:00,49.86,49.86,49.26,49.66,5759268
2018-10-05 04:00:00+00:00,49.55,49.74,49.08,49.28,5409389
2018-10-08 04:00:00+00:00,49.08,49.34,48.88,49.26,6321070
2018-10-09 04:00:00+00:00,48.61,48.61,47.55,47.62,11782007
2018-10-10 04:00:00+00:00,47.65,47.67,46.36,46.37,13301876
2018-10-11 04:00:00+00:00,46.34,46.75,45.67,45.84,18345931
2018-10-12 04:00:00+00:00,46.57,46.71,45.63,45.96,10863204
2018-10-15 04:00:00+00:00,45.96,46.25,45.79,45.81,5176722
2018-10-16 04:00:00+00:00,45.96,46.65,45.79,46.55,5615558
2018-10-17 04:00:00+00:00,46.49,46.6,45.95,46.25,10013969
2018-10-18 04:00:00+00:00,46.03,46.48,45.48,45.72,7769176
2018-10-19 04:00:00+00:00,45.61,46.02,45.32,45.4,7261859
2018-10-22 04:00:00+00:00,45.6,45.76,44.89,45.05,13396320
2018-10-23 04:00:00+00:00,44.34,44.83,43.63,44.6,20423033
2018-10-24 04:00:00+00:00,44.43,44.66,43.09,43.19,20898980
2018-10-25 04:00:00+00:00,43.44,44.07,43.38,43.74,14427274
2018-10-26 04:00:00+00:00,43.13,43.94,42.83,43.48,24050904
2018-10-29 04:00:00+00:00,44.04,44.36,42.94,43.38,17454181
2018-10-30 04:00:00+00:00,43.26,44.45,43.22,44.37,23365377
2018-10-31 04:00:00+00:00,44.88,45.27,44.69,44.98,13660841
2018-11-01 04:00:00+00:00,45.8,46.35,45.48,46.25,14161082
2018-11-02 04:00:00+00:00,46.56,46.69,45.53,46.13,13573408
2018-11-05 05:00:00+00:00,46.17,46.38,45.93,46.31,8053567
2018-11-06 05:00:00+00:00,46.41,47.08,46.28,47.03,6679430
2018-11-07 05:00:00+00:00,47.39,47.9,47.1,47.88,6895794
2018-11-08 05:00:00+00:00,47.61,47.88,47.43,47.67,6503913
2018-11-09 05:00:00+00:00,47.39,47.39,46.66,47.01,9132774
2018-11-12 05:00:00+00:00,46.95,47.04,46.22,46.31,10823162
2018-11-13 05:00:00+00:00,46.42,46.91,46.11,46.18,9557114
2018-11-14 05:00:00+00:00,46.45,46.78,45.89,46.13,10162832
2018-11-15 05:00:00+00:00,45.97,46.98,45.76,46.76,12125690
2018-11-16 05:00:00+00:00,46.51,47.35,46.49,47.23,8920379
2018-11-19 05:00:00+00:00,47.13,47.38,46.43,46.55,12934672
2018-11-20 05:00:00+00:00,46.11,46.2,45.5,45.71,11396706
2018-11-21 05:00:00+00:00,45.98,46.52,45.86,46.07,7075395
2018-11-23 05:00:00+00:00,45.65,45.89,45.44,45.58,3261672
2018-11-26 05:00:00+00:00,45.97,46.26,45.83,46.09,5443010
2018-11-27 05:00:00+00:00,45.75,46.01,45.23,45.54,5983895
2018-11-28 05:00:00+00:00,45.66,46.24,45.04,46.24,8629870
2018-11-29 05:00:00+00:00,46.23,46.84,46.13,46.57,7289959
2018-11-30 05:00:00+00:00,46.25,46.83,46.19,46.69,6207178
2018-12-03 05:00:00+00:00,47.66,48.0,47.01,47.51,8759069
2018-12-04 05:00:00+00:00,47.45,47.54,46.02,46.1,9242166
2018-12-06 05:00:00+00:00,45.33,45.48,44.36,45.48,13565700
2018-12-07 05:00:00+00:00,45.43,46.17,44.24,44.38,14162618
2018-12-10 05:00:00+00:00,44.4,44.69,43.7,44.5,11705279
2018-12-11 05:00:00+00:00,45.29,45.54,44.18,44.36,10125736
2018-12-12 05:00:00+00:00,45.01,45.26,44.72,44.74,7543453
2018-12-13 05:00:00+00:00,44.88,45.02,44.06,44.22,17206370
2018-12-14 05:00:00+00:00,43.88,44.32,43.72,43.92,8173020
2018-12-17 05:00:00+00:00,43.94,44.23,42.84,43.13,15402492
2018-12-18 05:00:00+00:00,43.45,43.89,43.1,43.36,11748971
2018-12-19 05:00:00+00:00,43.43,44.28,42.58,42.77,19875728
2018-12-20 05:00:00+00:00,42.65,43.07,41.77,42.2,23429765
2018-12-21 05:00:00+00:00,42.43,43.13,41.78,41.82,20919745
2018-12-24 05:00:00+00:00,41.55,41.87,40.71,40.74,11407282
2018-12-26 05:00:00+00:00,40.93,42.58,40.49,42.56,17727646
2018-12-27 05:00:00+00:00,42.04,43.36,41.86,43.35,15149828
2018-12-28 05:00:00+00:00,43.58,43.81,42.95,43.11,9606371
2018-12-31 05:00:00+00:00,43.26,43.55,42.99,43.47,7842175
2019-01-02 05:00:00+00:00,42.84,43.86,42.6,43.7,9252103
2019-01-03 05:00:00+00:00,43.47,43.47,42.37,42.46,10064097
2019-01-04 05:00:00+00:00,43.15,44.3,43.08,44.13,9104322
2019-01-07 05:00:00+00:00,44.15,44.8,43.85,44.31,7512025
2019-01-08 05:00:00+00:00,44.5,44.82,44.25,44.75,10537666
2019-01-09 05:00:00+00:00,44.86,44.94,44.34,44.74,8167669
2019-01-10 05:00:00+00:00,44.45,45.19,44.4,45.17,8519724
2019-01-11 05:00:00+00:00,44.93,45.09,44.69,44.98,6215569
2019-01-14 05:00:00+00:00,44.58,44.88,44.36,44.64,14251670
2019-01-15 05:00:00+00:00,44.35,44.63,44.07,44.34,7662195
2019-01-16 05:00:00+00:00,44.35,44.75,44.28,44.52,17395850
2019-01-17 05:00:00+00:00,44.27,45.4,44.27,45.3,10338595
2019-01-18 05:00:00+00:00,45.68,46.26,45.55,46.05,9069098
2019-01-22 05:00:00+00:00,45.83,45.91,45.14,45.41,7503017
2019-01-23 05:00:00+00:00,45.48,45.6,44.67,45.13,5732334
2019-01-24 05:00:00+00:00,44.85,45.13,44.66,44.86,5302315
2019-01-25 05:00:00+00:00,45.55,45.96,45.36,45.71,4980916
2019-01-28 05:00:00+00:00,45.38,45.68,45.25,45.64,6013352
2019-01-29 05:00:00+00:00,45.75,46.25,45.75,46.12,9525086
2019-01-30 05:00:00+00:00,46.31,46.98,46.12,46.61,7114596
2019-01-31 05:00:00+00:00,45.61,46.11,45.12,45.91,12699245
2019-02-01 05:00:00+00:00,45.88,46.15,45.68,46.05,5674892
2019-02-04 05:00:00+00:00,45.96,46.01,45.66,45.97,3587082
2019-02-05 05:00:00+00:00,46.07,46.42,46.05,46.31,4708946
2019-02-06 05:00:00+00:00,46.08,46.26,45.95,46.01,4996166
2019-02-07 05:00:00+00:00,45.74,45.82,45.02,45.39,6469345
2019-02-08 05:00:00+00:00,45.14,45.36,44.77,45.35,4545488
2019-02-11 05:00:00+00:00,45.51,45.57,45.2,45.42,4198141
2019-02-12 05:00:00+00:00,45.84,46.49,45.71,46.43,10178026
2019-02-13 05:00:00+00:00,46.69,46.83,46.48,46.49,7388270
2019-02-14 05:00:00+00:00,46.28,46.59,46.12,46.25,4928355
2019-02-15 05:00:00+00:00,46.76,47.0,46.54,46.88,7781799
2019-02-19 05:00:00+00:00,46.71,47.4,46.67,47.17,15729592
2019-02-20 05:00:00+00:00,47.26,48.28,47.19,47.98,12658573
2019-02-21 05:00:00+00:00,48.04,48.16,47.6,47.79,8640070
2019-02-22 05:00:00+00:00,48.03,48.15,47.83,48.0,4816385
2019-02-25 05:00:00+00:00,48.2,48.44,48.1,48.31,6248900
2019-02-26 05:00:00+00:00,48.2,48.34,48.02,48.03,6226005
2019-02-27 05:00:00+00:00,47.93,48.1,47.65,47.96,4661971
2019-02-28 05:00:00+00:00,47.91,47.95,47.27,47.37,10025247
2019-03-01 05:00:00+00:00,47.72,47.97,47.15,47.31,9986733
2019-03-04 05:00:00+00:00,47.42,47.72,46.8,47.53,8007836
2019-03-05 05:00:00+00:00,47.42,47.54,47.25,47.3,5333408
2019-03-06 05:00:00+00:00,47.44,47.74,47.34,47.41,4669894
2019-03-07 05:00:00+00:00,47.3,47.31,46.67,47.02,13258848
2019-03-08 05:00:00+00:00,46.77,47.13,46.52,47.1,7169538
2019-03-11 04:00:00+00:00,47.29,47.79,47.23,47.77,6908493
2019-03-12 04:00:00+00:00,47.84,48.22,47.84,47.95,7241404
2019-03-13 04:00:00+00:00,48.22,48.48,48.08,48.18,5558268
2019-03-14 04:00:00+00:00,48.04,48.15,47.71,47.82,5100479
2019-03-15 04:00:00+00:00,48.02,48.25,47.7,47.88,7443290
2019-03-18 04:00:00+00:00,47.91,48.06,47.63,47.99,4380991
2019-03-19 04:00:00+00:00,48.23,48.53,47.72,47.93,5299964
2019-03-20 04:00:00+00:00,47.91,48.14,47.43,47.89,11259690
2019-03-21 04:00:00+00:00,47.72,48.58,47.67,48.4,8019670
2019-03-22 04:00:00+00:00,47.97,47.98,46.87,46.95,9255012
2019-03-25 04:00:00+00:00,46.93,47.29,46.79,46.87,6598642
2019-03-26 04:00:00+00:00,47.18,47.3,46.82,47.15,5936556
2019-03-27 04:00:00+00:00,47.03,47.26,46.76,47.09,9809889
2019-03-28 04:00:00+00:00,47.16,47.57,47.14,47.55,4916584
2019-03-29 04:00:00+00:00,47.6,47.98,47.39,47.97,6474880
2019-04-01 04:00:00+00:00,48.3,48.75,48.24,48.68,6540671
2019-04-02 04:00:00+00:00,48.8,49.05,48.61,48.85,7182589
2019-04-03 04:00:00+00:00,49.25,49.8,49.1,49.49,17470175
2019-04-04 04:00:00+00:00,49.52,50.01,49.5,49.99,6156620
2019-04-05 04:00:00+00:00,50.0,50.17,49.82,49.97,3707025
2019-04-08 04:00:00+00:00,49.94,50.04,49.73,49.99,7157712
2019-04-09 04:00:00+00:00,49.78,49.85,49.48,49.63,6142416
2019-04-10 04:00:00+00:00,49.67,49.76,49.41,49.6,3826892
2019-04-11 04:00:00+00:00,49.58,49.76,49.44,49.57,3526037
2019-04-12 04:00:00+00:00,49.98,50.23,49.82,50.23,3639066
2019-04-15 04:00:00+00:00,50.23,50.26,49.91,50.0,2758921
2019-04-16 04:00:00+00:00,49.95,50.23,49.71,50.22,4007825
2019-04-17 04:00:00+00:00,50.33,50.56,49.89,49.91,3401246
2019-04-18 04:00:00+00:00,49.95,50.1,49.71,50.0,3687987
2019-04-22 04:00:00+00:00,49.78,49.95,49.56,49.63,7206029
2019-04-23 04:00:00+00:00,49.56,50.01,49.44,49.86,7796233
2019-04-24 04:00:00+00:00,49.81,49.96,49.55,49.55,3857594
2019-04-25 04:00:00+00:00,49.32,49.39,48.76,48.92,5231819
2019-04-26 04:00:00+00:00,48.92,49.45,48.82,49.32,4976740
2019-04-29 04:00:00+00:00,49.19,49.37,49.05,49.26,6072520
2019-04-30 04:00:00+00:00,49.36,49.71,49.11,49.65,3434762
2019-05-01 04:00:00+00:00,49.69,49.72,48.74,48.75,6628796
2019-05-02 04:00:00+00:00,48.52,48.78,48.16,48.5,11245590
2019-05-03 04:00:00+00:00,48.6,49.0,48.55,48.98,6134558
2019-05-06 04:00:00+00:00,47.81,48.47,47.81,48.26,15728331
2019-05-07 04:00:00+00:00,47.82,47.91,47.18,47.43,10832179
2019-05-08 04:00:00+00:00,47.4,47.61,47.19,47.39,6309169
2019-05-09 04:00:00+00:00,46.85,47.2,46.48,47.02,6791703
2019-05-10 04:00:00+00:00,46.93,47.83,46.73,47.65,6547912
2019-05-13 04:00:00+00:00,46.77,47.62,46.23,46.58,7159765
2019-05-14 04:00:00+00:00,46.75,47.33,46.63,46.98,6147600
2019-05-15 04:00:00+00:00,46.67,47.2,46.47,46.86,5323274
2019-05-16 04:00:00+00:00,47.21,47.67,47.21,47.52,4980273
2019-05-17 04:00:00+00:00,47.15,47.56,47.02,47.23,6155502
2019-05-20 04:00:00+00:00,46.81,47.0,46.48,46.56,5074442
2019-05-21 04:00:00+00:00,46.89,47.34,46.83,47.26,4460781
2019-05-22 04:00:00+00:00,47.19,47.36,46.94,46.95,5347169
2019-05-23 04:00:00+00:00,46.44,46.6,46.02,46.23,4986599
2019-05-24 04:00:00+00:00,46.7,46.83,46.24,46.46,4122980
2019-05-28 04:00:00+00:00,46.48,46.63,45.99,46.02,4877492
2019-05-29 04:00:00+00:00,45.67,46.09,45.55,46.03,9933294
2019-05-30 04:00:00+00:00,46.05,46.32,45.98,46.11,4638830
2019-05-31 04:00:00+00:00,45.56,45.78,45.39,45.59,6046824
2019-06-03 04:00:00+00:00,45.72,47.04,45.59,47.02,14629608
2019-06-04 04:00:00+00:00,47.53,48.44,47.26,48.35,19393145
2019-06-05 04:00:00+00:00,48.65,48.81,47.97,48.7,22017282
2019-06-06 04:00:00+00:00,48.94,49.44,48.77,49.28,21643612
2019-06-07 04:00:00+00:00,49.6,49.9,49.5,49.75,28168993
2019-06-10 04:00:00+00:00,50.03,50.1,49.76,49.81,17104742
2019-06-11 04:00:00+00:00,50.07,50.26,49.69,49.77,7985216
2019-06-12 04:00:00+00:00,49.8,50.01,49.73,49.94,3751641
2019-06-13 04:00:00+00:00,50.12,50.29,50.06,50.23,8439593
2019-06-14 04:00:00+00:00,50.13,50.18,49.84,50.01,4004829
2019-06-17 04:00:00+00:00,49.94,49.97,49.49,49.56,7639067
2019-06-18 04:00:00+00:00,49.82,50.29,49.77,49.95,7087072
2019-06-19 04:00:00+00:00,49.95,49.96,49.41,49.69,7314438
2019-06-20 04:00:00+00:00,50.3,50.44,49.87,50.3,6912447
2019-06-21 04:00:00+00:00,50.27,50.36,50.09,50.14,5987727
2019-06-24 04:00:00+00:00,50.16,50.44,49.94,50.33,4647057
2019-06-25 04:00:00+00:00,50.39,50.55,50.19,50.36,6457096
2019-06-26 04:00:00+00:00,50.33,50.49,50.2,50.27,4278412
2019-06-27 04:00:00+00:00,50.35,50.52,50.31,50.41,3547271
2019-06-28 04:00:00+00:00,50.51,50.93,50.46,50.86,5172463
2019-07-01 04:00:00+00:00,51.24,51.26,50.83,51.23,6198013
2019-07-02 04:00:00+00:00,51.25,51.25,50.87,51.2,7114744
2019-07-03 04:00:00+00:00,51.17,51.46,51.07,51.46,2681848
2019-07-05 04:00:00+00:00,50.97,51.23,50.72,51.23,3981986
2019-07-08 04:00:00+00:00,51.02,51.13,50.55,50.64,10922432
2019-07-09 04:00:00+00:00,50.45,50.52,50.02,50.14,5354917
2019-07-10 04:00:00+00:00,50.45,50.55,49.97,50.04,8550913
2019-07-11 04:00:00+00:00,49.99,50.26,49.79,50.24,13982886
2019-07-12 04:00:00+00:00,50.39,50.77,50.37,50.75,4756540
2019-07-15 04:00:00+00:00,50.72,50.82,50.56,50.78,4743591
2019-07-16 04:00:00+00:00,50.82,51.35,50.77,50.9,4592005
2019-07-17 04:00:00+00:00,50.91,50.98,50.44,50.45,7396176
2019-07-18 04:00:00+00:00,50.28,50.71,50.22,50.67,3802949
2019-07-19 04:00:00+00:00,50.63,51.04,50.63,50.78,3972042
2019-07-22 04:00:00+00:00,50.9,50.97,50.57,50.65,2978909
2019-07-23 04:00:00+00:00,50.89,51.7,50.89,51.7,4381368
2019-07-24 04:00:00+00:00,51.54,51.75,51.42,51.66,3874160
2019-07-25 04:00:00+00:00,51.49,51.49,50.76,51.29,6909684
2019-07-26 04:00:00+00:00,51.16,51.36,50.82,51.31,8563262
2019-07-29 04:00:00+00:00,51.18,51.28,51.01,51.17,3096008
2019-07-30 04:00:00+00:00,50.79,51.55,50.71,51.51,4097532
2019-07-31 04:00:00+00:00,51.37,51.61,50.26,50.72,8387649
2019-08-01 04:00:00+00:00,50.66,51.44,50.2,50.44,10026131
2019-08-02 04:00:00+00:00,50.17,50.23,49.5,49.84,8004460
2019-08-05 04:00:00+00:00,49.41,49.58,48.57,48.91,11041897
2019-08-06 04:00:00+00:00,49.11,49.12,48.37,48.97,12676547
2019-08-07 04:00:00+00:00,48.55,49.71,48.51,49.64,28600788
2019-08-08 04:00:00+00:00,49.9,50.61,49.9,50.59,6241125
2019-08-09 04:00:00+00:00,50.39,50.47,49.92,50.19,4761767
2019-08-12 04:00:00+00:00,50.12,50.17,49.31,49.44,27704519
2019-08-13 04:00:00+00:00,49.45,50.56,49.17,49.94,8023267
2019-08-14 04:00:00+00:00,49.24,49.42,48.31,48.36,9611428
2019-08-15 04:00:00+00:00,48.63,48.64,48.03,48.37,9812635
2019-08-16 04:00:00+00:00,48.58,49.34,48.52,49.23,6352414
2019-08-19 04:00:00+00:00,49.66,49.8,49.54,49.62,3491891
2019-08-20 04:00:00+00:00,49.41,49.46,49.0,49.04,4869464
2019-08-21 04:00:00+00:00,49.37,49.48,49.03,49.29,3278546
2019-08-22 04:00:00+00:00,49.38,49.61,48.84,48.96,2674888
2019-08-23 04:00:00+00:00,48.74,48.95,47.54,47.77,9361685
2019-08-26 04:00:00+00:00,48.17,48.24,47.71,47.93,8231210
2019-08-27 04:00:00+00:00,48.11,48.41,47.84,47.97,5796585
2019-08-28 04:00:00+00:00,47.81,48.44,47.67,48.34,3862853
2019-08-29 04:00:00+00:00,48.94,49.17,48.87,48.96,4305925
2019-08-30 04:00:00+00:00,49.35,49.54,49.13,49.29,5228335
2019-09-03 04:00:00+00:00,48.91,49.01,48.57,48.9,5933391
2019-09-04 04:00:00+00:00,49.33,49.53,49.17,49.5,6326405
2019-09-05 04:00:00+00:00,49.85,50.04,49.53,49.57,6043445
2019-09-06 04:00:00+00:00,49.67,49.89,49.46,49.77,4129400
2019-09-09 04:00:00+00:00,49.87,49.9,49.41,49.5,8149599
2019-09-10 04:00:00+00:00,49.46,50.0,49.37,49.99,5060084
2019-09-11 04:00:00+00:00,50.1,50.5,49.77,50.47,5570301
2019-09-12 04:00:00+00:00,50.82,51.07,50.48,50.86,11498896
2019-09-13 04:00:00+00:00,51.17,51.57,51.13,51.42,5595144
2019-09-16 04:00:00+00:00,51.26,51.45,50.52,50.57,4834469
2019-09-17 04:00:00+00:00,50.55,51.09,50.39,50.98,4174279
2019-09-18 04:00:00+00:00,51.0,51.09,50.55,51.01,4237950
2019-09-19 04:00:00+00:00,51.13,51.39,51.0,51.1,3348435
2019-09-20 04:00:00+00:00,51.28,51.38,50.75,50.98,5387639
2019-09-23 04:00:00+00:00,50.67,51.01,50.62,50.86,3157462
2019-09-24 04:00:00+00:00,50.96,51.07,50.26,50.42,9141728
2019-09-25 04:00:00+00:00,50.42,50.78,50.2,50.68,4779001
2019-09-26 04:00:00+00:00,50.74,50.77,50.34,50.57,4117862
2019-09-27 04:00:00+00:00,50.65,50.86,50.23,50.43,6323471
2019-09-30 04:00:00+00:00,50.45,50.95,50.44,50.86,4010346
2019-10-01 04:00:00+00:00,50.99,51.11,49.65,49.66,7579451
2019-10-02 04:00:00+00:00,49.19,49.26,48.3,48.77,12596981
2019-10-03 04:00:00+00:00,48.64,48.95,48.15,48.94,8350525
2019-10-04 04:00:00+00:00,48.98,49.32,48.93,49.2,6509918
2019-10-07 04:00:00+00:00,49.06,49.54,48.88,49.03,9979464
2019-10-08 04:00:00+00:00,48.68,48.71,48.16,48.17,7975363
2019-10-09 04:00:00+00:00,48.64,48.89,48.37,48.71,10517825
2019-10-10 04:00:00+00:00,48.87,49.39,48.74,49.16,6934399
2019-10-11 04:00:00+00:00,49.72,50.58,49.68,50.11,10685634
2019-10-14 04:00:00+00:00,49.94,50.07,49.73,49.75,5379475
2019-10-15 04:00:00+00:00,50.01,50.35,49.84,50.1,5227603
2019-10-16 04:00:00+00:00,50.11,50.57,50.08,50.21,3953680
2019-10-17 04:00:00+00:00,50.45,50.72,50.25,50.34,3207024
2019-10-18 04:00:00+00:00,50.21,50.47,50.05,50.25,3200415
2019-10-21 04:00:00+00:00,50.48,50.64,50.09,50.09,2966049
2019-10-22 04:00:00+00:00,50.06,50.23,49.67,49.89,4205562
2019-10-23 04:00:00+00:00,50.07,50.42,50.02,50.2,4066061
2019-10-24 04:00:00+00:00,50.39,50.67,50.09,50.36,4755849
2019-10-25 04:00:00+00:00,50.37,51.03,50.31,50.91,4151616
2019-10-28 04:00:00+00:00,51.11,51.32,50.9,51.06,3523310
2019-10-29 04:00:00+00:00,50.84,51.62,50.72,51.38,4265336
2019-10-30 04:00:00+00:00,51.22,51.5,50.98,51.42,7146136
2019-10-31 04:00:00+00:00,51.36,51.47,50.57,50.85,8268616
2019-11-01 04:00:00+00:00,51.13,51.56,51.06,51.56,5057649
2019-11-04 05:00:00+00:00,51.85,52.07,51.69,51.96,3228244
2019-11-05 05:00:00+00:00,51.95,52.34,51.85,52.05,3833347
2019-11-06 05:00:00+00:00,52.01,52.16,51.83,52.02,4133596
2019-11-07 05:00:00+00:00,52.31,52.42,52.17,52.37,4387876
2019-11-08 05:00:00+00:00,52.25,52.59,52.21,52.58,2933817
2019-11-11 05:00:00+00:00,52.3,52.56,52.2,52.5,4174779
2019-11-12 05:00:00+00:00,52.66,52.95,52.5,52.77,5048354
2019-11-13 05:00:00+00:00,52.55,52.74,52.36,52.46,5402208
2019-11-14 05:00:00+00:00,52.34,52.83,52.31,52.79,3623742
2019-11-15 05:00:00+00:00,53.05,53.13,52.6,52.74,3680393
2019-11-18 05:00:00+00:00,52.52,52.77,52.46,52.61,2993850
2019-11-19 05:00:00+00:00,52.84,52.84,52.33,52.5,3959771
2019-11-20 05:00:00+00:00,52.3,52.39,51.78,51.84,6040585
2019-11-21 05:00:00+00:00,51.83,51.9,51.62,51.76,3307259
2019-11-22 05:00:00+00:00,51.88,52.07,51.78,51.84,2997821
2019-11-25 05:00:00+00:00,52.02,52.2,51.95,52.18,3296263
2019-11-26 05:00:00+00:00,52.15,52.5,52.03,52.45,4049978
2019-11-27 05:00:00+00:00,52.54,52.7,52.26,52.66,5590317
2019-11-29 05:00:00+00:00,52.47,52.63,52.29,52.46,4064380
2019-12-02 05:00:00+00:00,52.38,52.47,51.94,51.94,7339617
2019-12-03 05:00:00+00:00,51.48,51.66,51.22,51.61,9141441
2019-12-04 05:00:00+00:00,51.95,52.3,51.61,51.72,6180451
2019-12-05 05:00:00+00:00,51.81,52.02,51.55,51.98,5640558
2019-12-06 05:00:00+00:00,52.41,52.6,52.28,52.52,7361332
2019-12-09 05:00:00+00:00,52.57,52.7,52.34,52.41,3134279
2019-12-10 05:00:00+00:00,52.32,52.4,52.0,52.1,3755016
2019-12-11 05:00:00+00:00,52.34,52.54,52.24,52.49,3772690
2019-12-12 05:00:00+00:00,52.55,53.29,52.43,53.22,7503815
2019-12-13 05:00:00+00:00,53.29,53.51,52.79,52.81,5175389
2019-12-16 05:00:00+00:00,53.29,53.34,52.99,53.04,11537094
2019-12-17 05:00:00+00:00,53.13,53.35,52.94,53.12,5099670
2019-12-18 05:00:00+00:00,53.17,53.17,52.65,53.05,3811166
2019-12-19 05:00:00+00:00,53.09,53.31,53.04,53.23,3303431
2019-12-20 05:00:00+00:00,53.25,53.56,53.25,53.49,4546911
2019-12-23 05:00:00+00:00,53.45,53.68,53.33,53.64,3318386
2019-12-24 05:00:00+00:00,53.67,53.82,53.58,53.7,1519746
2019-12-26 05:00:00+00:00,53.82,53.94,53.63,53.94,2935329
2019-12-27 05:00:00+00:00,54.13,54.13,53.71,53.74,7221754
2019-12-30 05:00:00+00:00,53.85,53.86,53.51,53.57,3263850
2019-12-31 05:00:00+00:00,53.56,54.02,53.48,53.96,2869117
2020-01-02 05:00:00+00:00,54.3,54.42,53.27,53.34,8169646
2020-01-03 05:00:00+00:00,52.79,53.1,52.45,52.47,13338516
2020-01-06 05:00:00+00:00,52.32,52.57,52.2,52.24,16830429
2020-01-07 05:00:00+00:00,52.15,52.54,52.01,52.18,21532976
2020-01-08 05:00:00+00:00,52.19,52.58,52.01,52.37,8313447
2020-01-09 05:00:00+00:00,52.53,52.65,52.39,52.56,3880609
2020-01-10 05:00:00+00:00,52.68,52.81,52.26,52.35,5788597
2020-01-13 05:00:00+00:00,52.39,53.04,52.34,53.02,4503378
2020-01-14 05:00:00+00:00,52.97,53.13,52.69,52.8,5571380
2020-01-15 05:00:00+00:00,52.8,53.41,52.79,53.16,4033300
2020-01-16 05:00:00+00:00,53.35,53.57,53.17,53.48,12097329
2020-01-17 05:00:00+00:00,53.54,53.73,53.4,53.72,5491967
2020-01-21 05:00:00+00:00,53.35,53.45,53.06,53.14,3863604
2020-01-22 05:00:00+00:00,53.25,53.29,52.9,52.93,2761363
2020-01-23 05:00:00+00:00,52.51,52.91,52.13,52.87,3505583
2020-01-24 05:00:00+00:00,52.97,52.97,52.27,52.49,5280968
2020-01-27 05:00:00+00:00,51.56,51.72,51.35,51.35,7122248
2020-01-28 05:00:00+00:00,51.64,52.1,51.5,51.93,4669059
2020-01-29 05:00:00+00:00,52.15,52.39,52.08,52.1,3729600
2020-01-30 05:00:00+00:00,51.42,51.85,51.08,51.78,8952540
2020-01-31 05:00:00+00:00,51.3,51.34,50.47,50.63,11133522
2020-02-03 05:00:00+00:00,50.83,51.93,50.78,51.72,13428235
2020-02-04 05:00:00+00:00,52.33,52.89,52.12,52.61,15116616
2020-02-05 05:00:00+00:00,53.07,53.68,52.69,53.6,19380438
2020-02-06 05:00:00+00:00,53.85,53.85,53.37,53.56,13684455
2020-02-07 05:00:00+00:00,53.21,53.23,52.61,52.8,8021542
2020-02-10 05:00:00+00:00,52.72,52.91,52.6,52.77,5282342
2020-02-11 05:00:00+00:00,53.05,53.54,53.02,53.06,4146151
2020-02-12 05:00:00+00:00,53.42,53.45,53.17,53.35,3335354
2020-02-13 05:00:00+00:00,53.28,53.49,53.02,53.16,4198941
2020-02-14 05:00:00+00:00,53.17,53.37,53.02,53.16,3689473
2020-02-18 05:00:00+00:00,53.09,53.22,52.79,53.03,5987957
2020-02-19 05:00:00+00:00,53.16,53.37,53.12,53.17,7090216
2020-02-20 05:00:00+00:00,52.98,53.62,52.87,53.26,5310337
2020-02-21 05:00:00+00:00,53.04,53.21,52.89,53.02,7383892
2020-02-24 05:00:00+00:00,51.71,51.91,51.28,51.52,9723533
2020-02-25 05:00:00+00:00,51.53,51.57,49.17,49.3,21234670
2020-02-26 05:00:00+00:00,49.56,50.22,49.05,49.13,15463243
2020-02-27 05:00:00+00:00,48.3,48.89,46.83,46.83,21134207
2020-02-28 05:00:00+00:00,45.44,46.4,44.94,46.32,32373672
2020-03-02 05:00:00+00:00,46.76,48.31,46.24,48.31,17095326
2020-03-03 05:00:00+00:00,48.46,49.33,47.24,47.87,29099197
2020-03-04 05:00:00+00:00,48.73,49.9,48.05,49.87,14369533
2020-03-05 05:00:00+00:00,48.43,48.97,47.99,48.29,14389574
2020-03-06 05:00:00+00:00,47.03,47.43,46.12,47.03,20441862
2020-03-09 04:00:00+00:00,43.65,45.27,42.49,42.63,14493832
2020-03-10 04:00:00+00:00,44.22,44.42,42.21,44.42,16827581
2020-03-11 04:00:00+00:00,43.1,43.22,41.66,42.25,15166695
2020-03-12 04:00:00+00:00,39.16,40.86,37.23,38.97,15620617
2020-03-13 04:00:00+00:00,40.65,40.89,37.96,40.86,12535588
2020-03-16 04:00:00+00:00,34.77,37.98,33.11,35.51,15388381
2020-03-17 04:00:00+00:00,36.93,39.01,35.87,38.62,11102796
2020-03-18 04:00:00+00:00,36.11,37.6,33.75,36.15,10054288
2020-03-19 04:00:00+00:00,35.52,37.65,34.77,37.07,9049336
2020-03-20 04:00:00+00:00,37.39,37.44,35.16,35.74,15382458
2020-03-23 04:00:00+00:00,35.52,35.77,33.75,33.92,18908493
2020-03-24 04:00:00+00:00,36.06,38.16,35.76,37.91,11963074
2020-03-25 04:00:00+00:00,37.77,40.36,37.38,38.76,13848833
2020-03-26 04:00:00+00:00,39.25,40.81,39.17,40.62,13437404
2020-03-27 04:00:00+00:00,39.07,39.99,38.8,39.15,14197957
2020-03-30 04:00:00+00:00,39.59,40.55,39.31,40.39,9958962
2020-03-31 04:00:00+00:00,40.27,40.84,39.68,39.84,8600853
2020-04-01 04:00:00+00:00,38.38,39.13,37.94,38.04,11102301
2020-04-02 04:00:00+00:00,38.0,39.56,37.92,38.62,12513840
2020-04-03 04:00:00+00:00,38.2,39.14,37.52,37.69,10061519
2020-04-06 04:00:00+00:00,39.47,40.79,39.31,40.48,11475304
2020-04-07 04:00:00+00:00,41.95,43.01,41.37,41.57,11369326
2020-04-08 04:00:00+00:00,42.01,43.8,41.54,43.6,16580550
2020-04-09 04:00:00+00:00,44.08,45.73,44.04,45.48,30884595
2020-04-13 04:00:00+00:00,45.2,45.25,43.86,44.48,15908524
2020-04-14 04:00:00+00:00,45.41,45.7,44.6,45.06,8304350
2020-04-15 04:00:00+00:00,43.62,43.67,42.64,42.99,5984427
2020-04-16 04:00:00+00:00,43.07,43.15,42.03,42.74,4679991
2020-04-17 04:00:00+00:00,43.76,44.6,43.74,44.45,6405065
2020-04-20 04:00:00+00:00,43.84,44.38,43.23,43.36,4949336
2020-04-21 04:00:00+00:00,42.25,42.76,42.09,42.29,6013705
2020-04-22 04:00:00+00:00,43.1,43.45,42.69,43.12,3899404
2020-04-23 04:00:00+00:00,43.37,44.3,43.37,43.42,7045339
2020-04-24 04:00:00+00:00,43.77,44.22,43.3,44.09,4391299
2020-04-27 04:00:00+00:00,44.23,45.44,44.17,45.28,4940750
2020-04-28 04:00:00+00:00,46.03,46.39,45.55,46.12,6786783
2020-04-29 04:00:00+00:00,47.07,47.53,46.88,47.29,5939264
2020-04-30 04:00:00+00:00,46.55,46.55,45.82,45.89,5593800
2020-05-01 04:00:00+00:00,45.09,45.29,44.51,44.92,5372759
2020-05-04 04:00:00+00:00,44.58,45.14,44.14,45.08,5097565
2020-05-05 04:00:00+00:00,45.48,45.81,45.1,45.2,4556896
2020-05-06 04:00:00+00:00,45.32,45.67,44.37,44.42,3784002
2020-05-07 04:00:00+00:00,44.86,45.74,44.8,45.33,4157661
2020-05-08 04:00:00+00:00,45.98,46.48,45.84,46.42,3827137
2020-05-11 04:00:00+00:00,45.65,45.92,45.24,45.71,4467609
2020-05-12 04:00:00+00:00,45.86,46.15,45.01,45.01,4255717
2020-05-13 04:00:00+00:00,44.79,44.98,43.66,44.06,5326705
2020-05-14 04:00:00+00:00,43.25,44.6,42.73,44.6,5444709
2020-05-15 04:00:00+00:00,44.32,45.03,44.1,44.99,4986634
2020-05-18 04:00:00+00:00,46.54,47.42,46.43,47.05,4501752
2020-05-19 04:00:00+00:00,46.87,47.25,46.55,46.59,4935628
2020-05-20 04:00:00+00:00,47.21,47.85,47.2,47.34,3854295
2020-05-21 04:00:00+00:00,47.2,47.45,46.71,46.89,5303416
2020-05-22 04:00:00+00:00,46.83,46.9,46.45,46.82,3742129
2020-05-26 04:00:00+00:00,47.88,48.35,47.71,48.1,4157871
2020-05-27 04:00:00+00:00,48.65,48.9,47.97,48.58,7009041
2020-05-28 04:00:00+00:00,49.27,49.43,48.56,49.04,5528254
2020-05-29 04:00:00+00:00,49.04,49.21,48.46,49.04,7547205
2020-06-01 04:00:00+00:00,49.06,49.56,48.99,49.36,3287394
2020-06-02 04:00:00+00:00,49.54,50.34,49.48,50.27,4367114
2020-06-03 04:00:00+00:00,50.9,51.79,50.84,51.41,4856009
2020-06-04 04:00:00+00:00,51.2,51.74,51.12,51.6,4707319
2020-06-05 04:00:00+00:00,52.95,53.33,52.75,52.92,5710020
2020-06-08 04:00:00+00:00,53.01,53.29,52.52,52.99,5666775
2020-06-09 04:00:00+00:00,52.38,52.69,52.03,52.34,6038001
2020-06-10 04:00:00+00:00,52.56,52.56,51.54,51.75,5237203
2020-06-11 04:00:00+00:00,50.28,50.43,47.55,47.75,29283327
2020-06-12 04:00:00+00:00,49.41,49.61,47.76,48.68,13975254
2020-06-15 04:00:00+00:00,47.4,49.49,47.13,49.19,6919901
2020-06-16 04:00:00+00:00,50.89,51.11,49.45,50.22,9543029
2020-06-17 04:00:00+00:00,50.54,50.59,49.66,49.81,4067057
2020-06-18 04:00:00+00:00,49.62,50.12,49.53,49.85,3594107
2020-06-19 04:00:00+00:00,50.67,50.76,49.34,49.69,7756176
2020-06-22 04:00:00+00:00,49.68,50.08,49.24,49.87,3513509
2020-06-23 04:00:00+00:00,50.62,50.67,49.97,49.99,3131584
2020-06-24 04:00:00+00:00,49.46,49.51,48.39,48.53,5715573
2020-06-25 04:00:00+00:00,48.4,49.19,47.96,49.14,5350049
2020-06-26 04:00:00+00:00,48.95,49.04,48.17,48.46,8520089
2020-06-29 04:00:00+00:00,48.87,49.62,48.75,49.4,4980615
2020-06-30 04:00:00+00:00,49.24,50.41,49.09,50.11,4068270
2020-07-01 04:00:00+00:00,50.16,50.39,49.54,50.22,9543388
2020-07-02 04:00:00+00:00,50.92,51.58,50.82,51.16,9172064
2020-07-06 04:00:00+00:00,52.12,52.19,51.23,51.89,8962990
2020-07-07 04:00:00+00:00,51.52,52.06,51.48,51.91,8322026
2020-07-08 04:00:00+00:00,52.0,52.28,50.59,51.17,9332766
2020-07-09 04:00:00+00:00,51.41,51.48,50.12,50.69,15843191
2020-07-10 04:00:00+00:00,50.81,51.64,50.77,51.57,4736092
2020-07-13 04:00:00+00:00,52.11,52.62,51.54,51.57,11517078
2020-07-14 04:00:00+00:00,51.47,52.94,51.4,52.87,9498848
2020-07-15 04:00:00+00:00,53.8,53.98,53.4,53.76,8278742
2020-07-16 04:00:00+00:00,53.87,54.35,53.67,53.94,5605764
2020-07-17 04:00:00+00:00,54.29,54.53,54.12,54.39,4271778
2020-07-20 04:00:00+00:00,54.37,54.51,53.83,53.93,3651821
2020-07-21 04:00:00+00:00,54.26,54.66,54.26,54.39,3813571
2020-07-22 04:00:00+00:00,54.31,55.04,54.29,55.02,3019910
2020-07-23 04:00:00+00:00,54.98,55.39,54.47,54.85,4450790
2020-07-24 04:00:00+00:00,54.66,54.95,54.36,54.67,6531115
2020-07-27 04:00:00+00:00,55.02,55.66,54.85,55.46,3731503
2020-07-28 04:00:00+00:00,55.29,55.29,54.19,54.24,4616375
2020-07-29 04:00:00+00:00,54.42,54.85,54.33,54.69,4163539
2020-07-30 04:00:00+00:00,53.87,54.03,53.18,53.63,7296300
2020-07-31 04:00:00+00:00,53.73,53.81,53.0,53.68,5360506
2020-08-03 04:00:00+00:00,53.96,53.97,53.37,53.38,6191031
2020-08-04 04:00:00+00:00,53.16,54.26,53.06,54.09,8989072
2020-08-05 04:00:00+00:00,54.64,55.5,54.49,54.93,6674222
2020-08-06 04:00:00+00:00,54.85,55.0,54.48,54.69,7998616
2020-08-07 04:00:00+00:00,54.41,54.89,54.15,54.88,4013554
2020-08-10 04:00:00+00:00,54.94,55.41,54.85,55.41,3395126
2020-08-11 04:00:00+00:00,55.9,56.22,55.21,55.32,4511852
2020-08-12 04:00:00+00:00,55.98,56.05,55.51,55.65,3995068
2020-08-13 04:00:00+00:00,55.38,55.85,55.31,55.64,10735744
2020-08-14 04:00:00+00:00,55.43,55.92,55.32,55.7,2612772
2020-08-17 04:00:00+00:00,56.14,56.35,55.72,55.95,1892786
2020-08-18 04:00:00+00:00,56.13,56.23,55.66,55.72,2414750
2020-08-19 04:00:00+00:00,55.93,56.06,55.4,55.56,3130198
2020-08-20 04:00:00+00:00,55.14,55.4,54.99,55.36,2378230
2020-08-21 04:00:00+00:00,54.94,55.14,54.74,55.04,2805869
2020-08-24 04:00:00+00:00,55.74,56.02,55.56,56.01,3560703
2020-08-25 04:00:00+00:00,56.21,56.39,55.55,55.79,2949172
2020-08-26 04:00:00+00:00,55.74,56.47,55.59,56.38,2463032
2020-08-27 04:00:00+00:00,56.57,56.69,56.06,56.22,3678176
2020-08-28 04:00:00+00:00,56.5,56.94,56.24,56.89,2467395
2020-08-31 04:00:00+00:00,56.79,56.93,56.02,56.03,3180656
2020-09-01 04:00:00+00:00,56.06,57.66,55.8,57.66,10213308
2020-09-02 04:00:00+00:00,57.81,58.99,57.46,58.9,12821831
2020-09-03 04:00:00+00:00,58.82,58.82,56.67,57.27,16312685
2020-09-04 04:00:00+00:00,57.83,57.91,56.45,57.31,15805935
2020-09-08 04:00:00+00:00,56.74,56.78,55.81,56.23,8728444
2020-09-09 04:00:00+00:00,56.93,58.06,56.89,57.68,6893643
2020-09-10 04:00:00+00:00,57.97,58.18,57.03,57.11,7279959
2020-09-11 04:00:00+00:00,57.59,58.15,57.33,57.87,10672437
2020-09-14 04:00:00+00:00,58.34,58.87,58.12,58.71,5987084
2020-09-15 04:00:00+00:00,59.01,59.38,58.96,58.99,4355835
2020-09-16 04:00:00+00:00,59.12,59.71,58.87,59.03,11988699
2020-09-17 04:00:00+00:00,58.41,59.59,58.1,59.47,12270104
2020-09-18 04:00:00+00:00,59.6,59.66,58.39,58.45,9686019
2020-09-21 04:00:00+00:00,57.27,57.32,55.83,56.48,8374173
2020-09-22 04:00:00+00:00,56.53,56.73,56.12,56.59,5923007
2020-09-23 04:00:00+00:00,56.48,56.53,54.88,54.92,7662092
2020-09-24 04:00:00+00:00,54.9,55.88,54.44,55.32,11180266
2020-09-25 04:00:00+00:00,54.8,55.99,54.6,55.81,4569371
2020-09-28 04:00:00+00:00,56.63,57.18,56.37,56.71,4470462
2020-09-29 04:00:00+00:00,56.75,56.93,56.14,56.29,6868797
2020-09-30 04:00:00+00:00,56.54,57.33,56.42,56.85,6436798
2020-10-01 04:00:00+00:00,57.13,57.4,55.87,56.06,15930455
2020-10-02 04:00:00+00:00,55.43,57.0,55.26,56.52,15297775
2020-10-05 04:00:00+00:00,57.02,58.03,57.0,57.64,10259896
2020-10-06 04:00:00+00:00,57.93,58.41,56.81,56.92,16903731
2020-10-07 04:00:00+00:00,57.64,58.53,57.55,58.38,7407850
2020-10-08 04:00:00+00:00,58.83,59.2,58.67,58.97,6350752
2020-10-09 04:00:00+00:00,59.46,59.69,59.06,59.43,4819409
2020-10-12 04:00:00+00:00,59.77,59.84,59.3,59.33,4077509
2020-10-13 04:00:00+00:00,58.93,59.24,58.58,58.8,5203454
2020-10-14 04:00:00+00:00,58.87,59.36,58.78,58.97,4400041
2020-10-15 04:00:00+00:00,58.13,58.87,58.08,58.8,4449272
2020-10-16 04:00:00+00:00,59.15,59.49,58.98,59.21,12457742
2020-10-19 04:00:00+00:00,59.41,59.61,58.35,58.53,5605067
2020-10-20 04:00:00+00:00,58.87,59.28,58.48,58.66,4217981
2020-10-21 04:00:00+00:00,58.65,59.34,58.44,58.46,3967347
2020-10-22 04:00:00+00:00,58.41,58.83,57.83,58.76,3566016
2020-10-23 04:00:00+00:00,59.18,59.4,58.68,58.97,4149769
2020-10-26 04:00:00+00:00,58.23,58.24,57.05,57.5,7542028
2020-10-27 04:00:00+00:00,57.52,57.6,56.92,56.95,4703135
2020-10-28 04:00:00+00:00,55.56,56.1,55.13,55.34,7906048
2020-10-29 04:00:00+00:00,55.18,56.93,54.99,56.49,8011612
2020-10-30 04:00:00+00:00,56.26,56.69,55.56,56.45,7479838
2020-11-02 05:00:00+00:00,57.3,58.53,57.15,58.33,8070752
2020-11-03 05:00:00+00:00,59.03,59.55,58.62,59.18,8955385
2020-11-04 05:00:00+00:00,58.96,59.34,57.69,58.23,11457731
2020-11-05 05:00:00+00:00,59.57,61.06,59.53,60.61,8938117
2020-11-06 05:00:00+00:00,60.96,61.3,60.51,60.76,6101817
2020-11-09 05:00:00+00:00,63.67,64.7,62.04,62.13,16891175
2020-11-10 05:00:00+00:00,62.39,63.0,62.31,62.86,10068200
2020-11-11 05:00:00+00:00,62.9,62.9,61.51,61.92,6467643
2020-11-12 05:00:00+00:00,61.64,61.69,60.22,60.62,5586277
2020-11-13 05:00:00+00:00,61.07,61.84,61.05,61.66,5595818
2020-11-16 05:00:00+00:00,62.65,62.95,62.17,62.88,5597118
2020-11-17 05:00:00+00:00,62.37,62.79,61.85,62.64,6988477
2020-11-18 05:00:00+00:00,62.82,63.03,62.1,62.13,4649891
2020-11-19 05:00:00+00:00,61.97,62.48,61.47,62.39,3753683
2020-11-20 05:00:00+00:00,62.37,62.62,62.06,62.33,4531836
2020-11-23 05:00:00+00:00,62.78,63.23,62.56,62.85,4557392
2020-11-24 05:00:00+00:00,63.43,64.6,63.36,64.41,6196299
2020-11-25 05:00:00+00:00,64.3,64.32,63.63,63.74,4072618
2020-11-27 05:00:00+00:00,64.03,64.31,63.77,64.07,2319179
2020-11-30 05:00:00+00:00,63.99,64.04,63.1,63.48,5187927
2020-12-01 05:00:00+00:00,64.51,64.63,63.83,64.13,5283801
2020-12-02 05:00:00+00:00,63.93,64.15,63.19,63.31,5444584
2020-12-03 05:00:00+00:00,63.48,63.69,62.73,62.87,5775199
2020-12-04 05:00:00+00:00,63.14,64.14,63.12,64.14,5793209
2020-12-07 05:00:00+00:00,64.09,64.28,63.49,63.72,4017447
2020-12-08 05:00:00+00:00,63.35,64.23,63.34,64.07,3541861
2020-12-09 05:00:00+00:00,64.32,64.45,63.5,64.11,6810078
2020-12-10 05:00:00+00:00,63.77,64.26,63.5,63.72,3597923
2020-12-11 05:00:00+00:00,63.29,63.65,62.88,63.35,3447211
2020-12-14 05:00:00+00:00,63.9,64.0,62.52,62.55,5156789
2020-12-15 05:00:00+00:00,63.15,63.84,62.98,63.68,4076011
2020-12-16 05:00:00+00:00,63.82,63.91,63.23,63.5,4097556
2020-12-17 05:00:00+00:00,64.1,64.29,63.86,64.24,3864231
2020-12-18 05:00:00+00:00,64.3,64.68,63.75,64.52,5760976
2020-12-21 05:00:00+00:00,63.35,64.34,62.86,64.18,5184605
2020-12-22 05:00:00+00:00,64.17,64.25,63.69,63.78,3407724
2020-12-23 05:00:00+00:00,64.13,64.54,63.84,63.87,4262888
2020-12-24 05:00:00+00:00,63.93,64.28,63.68,64.28,1377668
2020-12-28 05:00:00+00:00,64.89,64.96,64.0,64.03,2702919
2020-12-29 05:00:00+00:00,64.37,64.51,63.55,63.87,3520279
2020-12-30 05:00:00+00:00,64.09,64.89,64.05,64.75,2855614
2020-12-31 05:00:00+00:00,64.84,65.11,64.31,65.01,3383781
2021-01-04 05:00:00+00:00,65.58,65.91,64.02,64.36,9235786
2021-01-05 05:00:00+00:00,64.28,66.01,64.28,65.83,13482855
2021-01-06 05:00:00+00:00,66.54,69.01,66.47,68.49,24365389
2021-01-07 05:00:00+00:00,68.94,69.5,68.79,69.04,9466632
2021-01-08 05:00:00+00:00,69.16,69.23,67.85,68.71,8747481
2021-01-11 05:00:00+00:00,67.58,68.98,67.44,68.71,6152208
2021-01-12 05:00:00+00:00,68.64,69.84,68.42,69.59,9147227
2021-01-13 05:00:00+00:00,69.5,69.67,68.58,68.87,4945016
2021-01-14 05:00:00+00:00,69.09,69.15,68.55,68.61,5654851
2021-01-15 05:00:00+00:00,68.0,68.12,66.95,67.65,10091231
2021-01-19 05:00:00+00:00,68.2,68.38,67.6,67.9,5060975
2021-01-20 05:00:00+00:00,68.22,68.32,67.83,68.09,5202115
2021-01-21 05:00:00+00:00,67.99,68.17,67.09,67.12,6347040
2021-01-22 05:00:00+00:00,66.37,67.06,66.25,66.77,5991140
2021-01-25 05:00:00+00:00,66.52,66.71,65.28,66.45,12165909
2021-01-26 05:00:00+00:00,66.86,67.11,65.51,65.53,6875311
2021-01-27 05:00:00+00:00,64.52,64.52,62.87,63.6,12452199
2021-01-28 05:00:00+00:00,64.23,65.09,64.06,64.69,7279053
2021-01-29 05:00:00+00:00,64.42,64.75,63.11,63.38,9117276
2021-02-01 05:00:00+00:00,64.09,64.3,63.15,64.18,8052800
2021-02-02 05:00:00+00:00,64.66,65.35,64.3,65.02,8004286
2021-02-03 05:00:00+00:00,65.2,65.54,64.91,65.16,6490460
2021-02-04 05:00:00+00:00,64.96,65.27,64.36,64.92,6526205
2021-02-05 05:00:00+00:00,65.54,66.12,65.41,66.05,6509862
2021-02-08 05:00:00+00:00,66.6,66.81,66.41,66.58,6869962
2021-02-09 05:00:00+00:00,66.61,66.67,65.92,66.08,7293620
2021-02-10 05:00:00+00:00,66.51,66.58,65.59,65.98,5479634
2021-02-11 05:00:00+00:00,66.21,66.45,65.51,66.07,6781647
2021-02-12 05:00:00+00:00,65.93,66.79,65.84,66.76,3351020
2021-02-16 05:00:00+00:00,67.04,67.23,66.53,66.58,6323462
2021-02-17 05:00:00+00:00,66.44,66.72,65.73,66.6,5931245
2021-02-18 05:00:00+00:00,66.42,66.5,65.88,66.18,6097606
2021-02-19 05:00:00+00:00,66.56,67.69,66.54,67.39,5843826
2021-02-22 05:00:00+00:00,67.31,67.93,67.09,67.65,6266248
2021-02-23 05:00:00+00:00,67.62,68.07,66.42,67.89,11107751
2021-02-24 05:00:00+00:00,67.92,68.77,67.67,68.48,7540403
2021-02-25 05:00:00+00:00,68.35,68.46,66.63,66.9,10409575
2021-02-26 05:00:00+00:00,66.73,66.94,65.62,66.02,8225865
2021-03-01 05:00:00+00:00,66.92,68.08,66.92,67.72,7667326
2021-03-02 05:00:00+00:00,67.92,68.71,67.87,68.1,7644741
2021-03-03 05:00:00+00:00,67.84,68.33,67.41,67.42,8696884
2021-03-04 05:00:00+00:00,67.34,67.58,64.96,66.11,18624465
2021-03-05 05:00:00+00:00,66.79,67.85,65.39,67.63,11863461
2021-03-08 05:00:00+00:00,67.85,69.56,67.73,68.53,14880509
2021-03-09 05:00:00+00:00,68.99,69.51,68.49,68.96,7922969
2021-03-10 05:00:00+00:00,69.3,70.65,69.25,70.1,7204187
2021-03-11 05:00:00+00:00,70.74,71.04,70.43,70.47,4780793
2021-03-12 05:00:00+00:00,70.47,70.71,70.28,70.66,4865695
2021-03-15 04:00:00+00:00,70.4,70.79,69.89,70.74,4684113
2021-03-16 04:00:00+00:00,70.68,70.75,69.77,70.16,6638096
2021-03-17 04:00:00+00:00,70.1,70.95,69.93,70.79,5586396
2021-03-18 04:00:00+00:00,70.62,71.43,70.26,70.39,6655448
2021-03-19 04:00:00+00:00,70.26,70.52,69.22,70.04,8785107
2021-03-22 04:00:00+00:00,69.93,70.37,69.52,70.09,6597004
2021-03-23 04:00:00+00:00,69.77,69.82,68.38,68.63,10342680
2021-03-24 04:00:00+00:00,68.93,70.08,68.93,69.12,6782895
2021-03-25 04:00:00+00:00,68.84,70.25,68.44,70.15,7806962
2021-03-26 04:00:00+00:00,70.78,71.92,70.55,71.86,7687649
2021-03-29 04:00:00+00:00,71.6,72.3,71.21,71.62,6552078
2021-03-30 04:00:00+00:00,71.59,71.79,71.22,71.41,6648237
2021-03-31 04:00:00+00:00,71.55,71.76,70.88,71.06,7156138
2021-04-01 04:00:00+00:00,71.18,71.73,70.74,71.68,7319519
2021-04-05 04:00:00+00:00,72.42,72.83,72.07,72.57,8766863
2021-04-06 04:00:00+00:00,72.44,72.99,72.38,72.73,6408496
2021-04-07 04:00:00+00:00,72.61,72.73,71.32,71.47,8834064
2021-04-08 04:00:00+00:00,71.64,71.7,70.97,71.57,5414335
2021-04-09 04:00:00+00:00,71.74,72.21,71.52,72.19,5358177
2021-04-12 04:00:00+00:00,72.14,72.52,72.12,72.44,4428228
2021-04-13 04:00:00+00:00,72.32,72.48,71.94,72.27,4656138
2021-04-14 04:00:00+00:00,72.32,73.08,72.3,72.79,4976694
2021-04-15 04:00:00+00:00,73.15,73.78,72.86,73.65,5431526
2021-04-16 04:00:00+00:00,74.37,74.73,74.23,74.54,6463769
2021-04-19 04:00:00+00:00,74.54,74.68,73.78,74.2,6056450
2021-04-20 04:00:00+00:00,74.06,74.2,73.22,73.49,5321588
2021-04-21 04:00:00+00:00,73.5,74.91,73.41,74.82,5453659
2021-04-22 04:00:00+00:00,74.73,74.73,73.46,73.56,8098309
2021-04-23 04:00:00+00:00,73.88,75.01,73.61,74.77,4743615
2021-04-26 04:00:00+00:00,75.06,75.64,74.91,75.21,4170884
2021-04-27 04:00:00+00:00,74.87,75.23,74.55,75.01,4496254
2021-04-28 04:00:00+00:00,75.05,75.53,74.9,75.22,3976538
2021-04-29 04:00:00+00:00,75.68,75.72,74.91,75.69,5981835
2021-04-30 04:00:00+00:00,75.36,75.71,74.71,74.88,5259337
2021-05-03 04:00:00+00:00,75.52,76.45,75.47,76.0,6245144
2021-05-04 04:00:00+00:00,75.51,76.83,75.44,76.83,7847368
2021-05-05 04:00:00+00:00,77.14,77.93,76.78,77.81,7599317
2021-05-06 04:00:00+00:00,77.96,78.51,77.19,78.46,7387351
2021-05-07 04:00:00+00:00,78.48,79.39,78.14,79.24,7622126
2021-05-10 04:00:00+00:00,80.16,80.45,78.88,78.89,9119144
2021-05-11 04:00:00+00:00,78.26,79.26,77.72,79.15,9561318
2021-05-12 04:00:00+00:00,78.85,79.03,77.07,77.16,9134569
2021-05-13 04:00:00+00:00,77.27,78.57,77.09,78.34,11126713
2021-05-14 04:00:00+00:00,78.69,79.48,78.61,79.28,5639423
2021-05-17 04:00:00+00:00,79.32,80.11,78.92,79.97,7975536
2021-05-18 04:00:00+00:00,80.1,80.15,79.03,79.09,6924567
2021-05-19 04:00:00+00:00,77.99,78.22,76.99,77.88,12611024
2021-05-20 04:00:00+00:00,78.01,78.27,77.62,78.07,5974718
2021-05-21 04:00:00+00:00,78.36,78.92,78.05,78.09,6955548
2021-05-24 04:00:00+00:00,78.55,79.09,78.23,78.79,5265943
2021-05-25 04:00:00+00:00,78.94,79.12,78.03,78.12,4924426
2021-05-26 04:00:00+00:00,78.15,78.39,77.62,78.15,6537080
2021-05-27 04:00:00+00:00,78.79,79.16,78.56,78.77,5982459
2021-05-28 04:00:00+00:00,78.94,79.04,78.37,78.69,5437198
2021-06-01 04:00:00+00:00,79.6,79.92,79.25,79.76,7028924
2021-06-02 04:00:00+00:00,79.9,79.92,79.02,79.12,5799927
2021-06-03 04:00:00+00:00,78.56,79.14,78.14,79.1,6511896
2021-06-04 04:00:00+00:00,79.44,79.55,78.95,79.28,5275041
2021-06-07 04:00:00+00:00,79.31,79.31,77.96,78.31,6184878
2021-06-08 04:00:00+00:00,78.35,78.77,77.76,78.45,5850414
2021-06-09 04:00:00+00:00,78.3,78.53,77.82,77.84,9983068
2021-06-10 04:00:00+00:00,78.44,78.54,77.36,77.37,6170673
2021-06-11 04:00:00+00:00,77.92,78.21,77.25,77.66,4379859
2021-06-14 04:00:00+00:00,77.44,77.63,76.29,76.71,6264585
2021-06-15 04:00:00+00:00,76.82,76.87,76.0,76.54,10625725
2021-06-16 04:00:00+00:00,76.54,76.58,75.52,75.7,8560569
2021-06-17 04:00:00+00:00,75.48,75.49,73.11,74.01,15485754
2021-06-18 04:00:00+00:00,73.24,73.55,72.81,72.81,12035093
2021-06-21 04:00:00+00:00,73.66,74.43,73.63,74.32,9150492
2021-06-22 04:00:00+00:00,74.63,74.94,74.09,74.62,5683594
2021-06-23 04:00:00+00:00,74.84,75.03,74.13,74.14,5224033
2021-06-24 04:00:00+00:00,74.69,74.81,74.13,74.38,5293627
2021-06-25 04:00:00+00:00,74.78,75.08,74.32,74.38,10341579
2021-06-28 04:00:00+00:00,74.62,74.68,73.8,74.38,5203931
2021-06-29 04:00:00+00:00,74.71,75.11,74.17,74.35,4991900
2021-06-30 04:00:00+00:00,74.14,74.66,74.13,74.55,4954849
2021-07-01 04:00:00+00:00,75.15,75.24,74.57,74.95,7318278
2021-07-02 04:00:00+00:00,75.05,75.15,74.56,75.06,6238898
2021-07-06 04:00:00+00:00,75.03,75.05,73.43,73.95,6249586
2021-07-07 04:00:00+00:00,73.97,74.78,73.79,74.72,6663301
2021-07-08 04:00:00+00:00,73.5,74.1,73.06,73.7,8005832
2021-07-09 04:00:00+00:00,74.66,75.35,74.51,75.15,7556963
2021-07-12 04:00:00+00:00,74.7,75.62,74.42,75.4,10172750
2021-07-13 04:00:00+00:00,75.26,75.43,74.47,74.71,12794134
2021-07-14 04:00:00+00:00,74.8,75.39,74.34,74.56,6227833
2021-07-15 04:00:00+00:00,74.18,75.06,74.13,74.57,6365398
2021-07-16 04:00:00+00:00,74.7,74.76,73.31,73.44,9733349
2021-07-19 04:00:00+00:00,72.15,72.21,71.26,71.87,11557808
2021-07-20 04:00:00+00:00,71.68,73.21,71.45,72.68,10668584
2021-07-21 04:00:00+00:00,73.19,73.71,73.09,73.48,6866893
2021-07-22 04:00:00+00:00,73.65,73.72,72.9,73.51,4768352
2021-07-23 04:00:00+00:00,73.87,74.09,73.22,74.02,5252598
2021-07-26 04:00:00+00:00,74.2,74.72,74.04,74.65,5953803
2021-07-27 04:00:00+00:00,74.18,75.08,73.48,74.75,8653771
2021-07-28 04:00:00+00:00,74.77,75.23,74.24,74.96,6151376
2021-07-29 04:00:00+00:00,75.49,76.06,75.31,75.79,6471208
2021-07-30 04:00:00+00:00,75.64,76.57,75.64,76.1,5643305
2021-08-02 04:00:00+00:00,76.46,76.9,75.17,75.17,8674783
2021-08-03 04:00:00+00:00,75.24,75.96,74.6,75.95,6637002
2021-08-04 04:00:00+00:00,75.63,76.04,75.19,75.23,5354230
2021-08-05 04:00:00+00:00,75.59,76.1,75.05,75.12,7028220
2021-08-06 04:00:00+00:00,75.56,76.3,75.49,76.2,7097903
2021-08-09 04:00:00+00:00,76.07,76.3,75.5,76.11,5390368
2021-08-10 04:00:00+00:00,76.09,77.56,76.09,77.26,8112098
2021-08-11 04:00:00+00:00,77.85,78.41,77.5,78.35,8330202
2021-08-12 04:00:00+00:00,78.36,78.43,77.53,78.22,4857339
2021-08-13 04:00:00+00:00,78.33,78.46,78.15,78.3,3941461
2021-08-16 04:00:00+00:00,77.82,78.01,77.08,77.91,6137246
2021-08-17 04:00:00+00:00,77.48,77.57,76.11,77.01,7551012
2021-08-18 04:00:00+00:00,76.74,77.2,76.07,76.11,7406194
2021-08-19 04:00:00+00:00,75.25,75.77,75.03,75.43,8057574
2021-08-20 04:00:00+00:00,75.46,76.04,75.34,75.88,7025721
2021-08-23 04:00:00+00:00,76.3,76.73,76.11,76.53,4115023
2021-08-24 04:00:00+00:00,76.89,77.25,76.78,77.01,5584038
2021-08-25 04:00:00+00:00,76.8,77.62,76.5,77.36,4942189
2021-08-26 04:00:00+00:00,77.34,77.44,76.79,76.83,5806050
2021-08-27 04:00:00+00:00,77.22,78.07,77.14,77.84,5178659
2021-08-30 04:00:00+00:00,78.16,78.31,77.76,77.76,4534579
2021-08-31 04:00:00+00:00,77.72,77.72,77.16,77.54,5342093
2021-09-01 04:00:00+00:00,77.45,77.64,76.67,77.34,7035515
2021-09-02 04:00:00+00:00,77.56,77.99,77.54,77.83,5552226
2021-09-03 04:00:00+00:00,77.75,77.98,77.3,77.32,11638142
2021-09-07 04:00:00+00:00,77.05,77.1,76.7,76.81,7069445
2021-09-08 04:00:00+00:00,76.59,76.66,75.82,76.08,6266937
2021-09-09 04:00:00+00:00,75.86,76.62,75.86,76.11,4966176
2021-09-10 04:00:00+00:00,76.46,77.03,76.04,76.09,8924157
2021-09-13 04:00:00+00:00,76.76,76.98,75.59,76.07,7647789
2021-09-14 04:00:00+00:00,76.33,76.39,75.07,75.24,6119593
2021-09-15 04:00:00+00:00,75.43,76.12,75.28,76.03,6387163
2021-09-16 04:00:00+00:00,75.74,75.82,74.67,75.21,5679594
2021-09-17 04:00:00+00:00,74.79,74.93,73.42,73.66,10107970
2021-09-20 04:00:00+00:00,71.93,72.58,71.29,72.24,10201638
2021-09-21 04:00:00+00:00,72.69,72.82,71.76,72.07,7614708
2021-09-22 04:00:00+00:00,72.76,73.54,72.76,72.82,7744684
2021-09-23 04:00:00+00:00,73.36,74.35,73.29,73.85,4832814
2021-09-24 04:00:00+00:00,73.52,74.14,73.34,73.74,3650999
2021-09-27 04:00:00+00:00,73.94,74.74,73.93,74.32,5274909
2021-09-28 04:00:00+00:00,74.14,74.25,73.17,73.4,8394111
2021-09-29 04:00:00+00:00,73.39,73.55,72.95,73.1,7005371
2021-09-30 04:00:00+00:00,73.32,73.62,71.94,71.96,10854713
2021-10-01 04:00:00+00:00,72.31,73.5,71.76,73.11,9296159
2021-10-04 04:00:00+00:00,73.2,73.65,72.27,72.79,8593028
2021-10-05 04:00:00+00:00,72.99,73.84,72.5,73.44,6792058
2021-10-06 04:00:00+00:00,72.69,73.3,71.91,73.3,7782369
2021-10-07 04:00:00+00:00,73.93,75.06,73.93,74.25,8575261
2021-10-08 04:00:00+00:00,74.44,74.62,73.71,73.84,6454893
2021-10-11 04:00:00+00:00,74.1,74.93,73.84,73.85,4899623
2021-10-12 04:00:00+00:00,73.9,74.3,73.68,73.95,7686296
2021-10-13 04:00:00+00:00,74.44,74.85,73.62,74.51,7215657
2021-10-14 04:00:00+00:00,75.24,76.42,75.03,76.32,5687340
2021-10-15 04:00:00+00:00,76.72,76.93,76.36,76.55,5852491
2021-10-18 04:00:00+00:00,75.89,76.64,75.76,76.49,6406374
2021-10-19 04:00:00+00:00,76.84,76.89,76.26,76.89,4834735
2021-10-20 04:00:00+00:00,76.96,77.6,76.77,77.51,4666794
2021-10-21 04:00:00+00:00,77.19,77.34,76.51,77.31,6729551
2021-10-22 04:00:00+00:00,77.46,77.99,77.17,77.17,5863100
2021-10-25 04:00:00+00:00,77.66,78.27,77.18,77.94,5561053
2021-10-26 04:00:00+00:00,78.07,78.48,77.43,78.16,5797575
2021-10-27 04:00:00+00:00,77.86,77.99,76.98,77.04,5771528
2021-10-28 04:00:00+00:00,77.13,77.94,77.11,77.8,4168266
2021-10-29 04:00:00+00:00,77.51,78.07,77.15,77.43,4411091
2021-11-01 04:00:00+00:00,77.56,78.07,77.34,77.61,5739169
2021-11-02 04:00:00+00:00,77.81,78.65,77.67,78.49,6746014
2021-11-03 04:00:00+00:00,78.63,79.65,78.42,79.31,9738273
2021-11-04 04:00:00+00:00,79.43,79.6,78.93,79.27,5114139
2021-11-05 04:00:00+00:00,79.47,80.1,79.38,79.88,5925332
2021-11-08 05:00:00+00:00,80.76,81.17,80.6,80.89,5568315
2021-11-09 05:00:00+00:00,80.91,81.26,80.59,81.26,7972510
2021-11-10 05:00:00+00:00,81.18,81.55,80.54,80.7,6492810
2021-11-11 05:00:00+00:00,81.07,81.69,80.89,81.35,4153374
2021-11-12 05:00:00+00:00,81.57,82.0,81.38,81.96,4456285
2021-11-15 05:00:00+00:00,81.99,82.02,81.29,81.59,4384771
2021-11-16 05:00:00+00:00,81.63,81.86,81.3,81.36,4548670
2021-11-17 05:00:00+00:00,81.23,81.44,80.75,80.82,5331674
2021-11-18 05:00:00+00:00,80.89,81.04,80.31,80.48,5223956
2021-11-19 05:00:00+00:00,80.19,80.81,80.07,80.33,5267797
2021-11-22 05:00:00+00:00,80.37,81.32,80.33,80.46,6748909
2021-11-23 05:00:00+00:00,80.49,81.11,80.13,80.54,7626875
2021-11-24 05:00:00+00:00,80.11,80.29,79.79,79.97,5242871
2021-11-26 05:00:00+00:00,78.15,78.97,77.75,78.59,7198613
2021-11-29 05:00:00+00:00,79.19,79.37,78.44,78.96,6253700
2021-11-30 05:00:00+00:00,78.56,78.76,76.86,77.0,12198729
2021-12-01 05:00:00+00:00,78.22,78.89,76.18,76.22,11309740
2021-12-02 05:00:00+00:00,76.47,78.09,76.33,77.77,9064119
2021-12-03 05:00:00+00:00,77.9,78.74,76.91,77.6,10036228
2021-12-06 05:00:00+00:00,78.38,79.36,78.1,78.74,8299469
2021-12-07 05:00:00+00:00,79.65,80.44,79.64,79.94,5725549
2021-12-08 05:00:00+00:00,80.21,80.45,79.81,80.28,4746619
2021-12-09 05:00:00+00:00,79.68,80.21,79.5,79.83,3342870
2021-12-10 05:00:00+00:00,80.44,80.63,79.79,80.32,5537995
2021-12-13 05:00:00+00:00,80.28,80.46,79.58,79.84,4747945
2021-12-14 05:00:00+00:00,79.78,80.43,79.54,79.76,4591997
2021-12-15 05:00:00+00:00,79.42,80.03,78.56,79.93,7383793
2021-12-16 05:00:00+00:00,80.48,81.27,80.41,80.75,6547197
2021-12-17 05:00:00+00:00,80.46,80.69,79.68,79.74,7832178
2021-12-20 05:00:00+00:00,78.61,78.65,77.32,78.31,7198453
2021-12-21 05:00:00+00:00,78.88,79.61,78.82,79.3,4541271
2021-12-22 05:00:00+00:00,79.21,80.0,79.11,79.93,3106185
2021-12-23 05:00:00+00:00,80.06,81.0,79.94,80.74,2962420
2021-12-27 05:00:00+00:00,80.99,81.96,80.87,81.95,2523534
2021-12-28 05:00:00+00:00,81.92,82.52,81.9,82.43,4323243
2021-12-29 05:00:00+00:00,82.36,82.91,82.28,82.77,2595317
2021-12-30 05:00:00+00:00,82.79,83.27,82.41,82.47,3403231
2021-12-31 05:00:00+00:00,82.33,83.05,82.31,82.84,3268273
2022-01-03 05:00:00+00:00,82.94,83.04,81.57,81.76,7822955
2022-01-04 05:00:00+00:00,82.0,83.08,81.96,82.77,10056781
2022-01-05 05:00:00+00:00,83.2,84.39,82.73,82.76,10639860
2022-01-06 05:00:00+00:00,82.95,82.95,81.6,81.72,8995712
2022-01-07 05:00:00+00:00,81.82,81.95,81.29,81.64,8352462
2022-01-10 05:00:00+00:00,81.2,81.4,80.04,80.81,8508778
2022-01-11 05:00:00+00:00,80.93,81.72,80.23,81.7,6857333
2022-01-12 05:00:00+00:00,82.38,82.69,81.7,82.52,5121465
2022-01-13 05:00:00+00:00,82.39,82.82,81.68,81.88,6072557
2022-01-14 05:00:00+00:00,80.98,81.34,80.22,81.19,7432434
2022-01-18 05:00:00+00:00,80.31,80.44,79.49,80.12,7913166
2022-01-19 05:00:00+00:00,80.71,80.91,79.87,79.91,7497224
2022-01-20 05:00:00+00:00,80.12,80.71,78.66,78.75,8677537
2022-01-21 05:00:00+00:00,78.29,78.58,76.58,76.83,16299234
2022-01-24 05:00:00+00:00,75.39,77.08,73.97,76.88,21332849
2022-01-25 05:00:00+00:00,75.73,76.83,74.42,76.18,14718483
2022-01-26 05:00:00+00:00,76.8,77.44,74.63,75.39,13545841
2022-01-27 05:00:00+00:00,76.22,77.23,74.93,75.65,11660547
2022-01-28 05:00:00+00:00,75.32,76.11,74.26,76.08,11122762
2022-01-31 05:00:00+00:00,75.68,77.26,75.55,77.21,7399334
2022-02-01 05:00:00+00:00,77.6,78.58,77.18,78.4,9451398
2022-02-02 05:00:00+00:00,78.38,78.99,77.96,78.64,7207049
2022-02-03 05:00:00+00:00,77.96,78.52,77.14,77.27,7786704
2022-02-04 05:00:00+00:00,76.23,76.84,75.54,75.99,11814435
2022-02-07 05:00:00+00:00,76.15,76.33,75.36,75.62,12715535
2022-02-08 05:00:00+00:00,75.92,76.93,75.76,76.79,7815314
2022-02-09 05:00:00+00:00,77.55,78.58,77.52,78.46,10750065
2022-02-10 05:00:00+00:00,78.18,79.74,77.62,78.0,13338873
2022-02-11 05:00:00+00:00,77.61,78.32,76.54,76.8,12699410
2022-02-14 05:00:00+00:00,76.85,76.93,75.59,76.17,9464299
2022-02-15 05:00:00+00:00,76.7,77.68,76.61,77.57,6690676
2022-02-16 05:00:00+00:00,77.48,78.3,77.34,78.13,7860277
2022-02-17 05:00:00+00:00,77.33,77.57,76.53,76.8,6562310
2022-02-18 05:00:00+00:00,76.96,77.36,76.24,76.67,9012344
2022-02-22 05:00:00+00:00,76.3,76.63,74.96,75.58,10691262
2022-02-23 05:00:00+00:00,76.07,76.34,74.5,74.61,9603797
2022-02-24 05:00:00+00:00,72.93,74.6,72.57,74.39,16116593
2022-02-25 05:00:00+00:00,74.73,77.14,74.67,77.11,11159034
2022-02-28 05:00:00+00:00,75.92,76.75,75.49,76.23,11259610
2022-03-01 05:00:00+00:00,76.01,76.61,74.03,74.47,13178828
2022-03-02 05:00:00+00:00,74.93,76.53,74.76,76.11,9583949
2022-03-03 05:00:00+00:00,76.79,77.06,75.43,76.2,9750153
2022-03-04 05:00:00+00:00,75.27,75.97,74.68,75.94,8679954
2022-03-07 05:00:00+00:00,75.73,75.78,73.3,73.3,10933963
2022-03-08 05:00:00+00:00,73.41,74.47,72.49,72.93,13008704
2022-03-09 05:00:00+00:00,74.14,75.64,73.73,75.19,10330634
2022-03-10 05:00:00+00:00,74.41,75.49,74.31,75.39,7846747
2022-03-11 05:00:00+00:00,75.49,76.14,74.77,74.83,6942110
2022-03-14 04:00:00+00:00,75.32,75.8,74.35,74.72,7831741
2022-03-15 04:00:00+00:00,74.76,75.73,74.26,75.58,9101294
2022-03-16 04:00:00+00:00,76.43,77.49,75.22,76.77,11967566
2022-03-17 04:00:00+00:00,76.51,78.28,76.41,78.24,7059056
2022-03-18 04:00:00+00:00,77.86,78.85,77.65,78.72,9628372
2022-03-21 04:00:00+00:00,79.04,79.72,78.85,79.37,8891002
2022-03-22 04:00:00+00:00,79.98,80.31,79.51,79.8,7018853
2022-03-23 04:00:00+00:00,79.61,79.98,79.33,79.44,5801199
2022-03-24 04:00:00+00:00,79.93,81.07,79.87,81.03,5466794
2022-03-25 04:00:00+00:00,81.22,81.99,81.07,81.94,5114931
2022-03-28 04:00:00+00:00,81.64,81.69,80.77,81.57,5503863
2022-03-29 04:00:00+00:00,81.65,82.26,81.03,82.26,7978154
2022-03-30 04:00:00+00:00,82.29,82.44,81.59,81.99,4566888
2022-03-31 04:00:00+00:00,81.65,82.26,80.89,80.89,5310675
2022-04-01 04:00:00+00:00,81.36,82.05,80.89,81.75,6267856
2022-04-04 04:00:00+00:00,81.89,81.89,81.04,81.77,5911801
2022-04-05 04:00:00+00:00,81.72,82.28,80.88,81.11,5775562
2022-04-06 04:00:00+00:00,80.59,80.62,79.48,80.18,8412235
2022-04-07 04:00:00+00:00,80.28,81.03,79.72,80.7,5824702
2022-04-08 04:00:00+00:00,81.17,81.73,80.75,81.2,5284193
2022-04-11 04:00:00+00:00,80.93,81.66,80.69,80.79,6208261
2022-04-12 04:00:00+00:00,81.19,81.87,80.48,80.81,7184414
2022-04-13 04:00:00+00:00,80.97,82.04,80.65,82.0,8593771
2022-04-14 04:00:00+00:00,82.1,82.7,81.68,81.73,6377535
2022-04-18 04:00:00+00:00,81.67,82.28,81.53,81.8,6327668
2022-04-19 04:00:00+00:00,81.57,82.75,81.37,82.57,5165704
2022-04-20 04:00:00+00:00,82.7,83.42,82.55,83.1,8774720
2022-04-21 04:00:00+00:00,83.72,83.96,81.51,81.74,7674987
2022-04-22 04:00:00+00:00,81.06,81.08,78.54,78.68,9425168
2022-04-25 04:00:00+00:00,77.85,78.66,76.3,78.46,13428304
2022-04-26 04:00:00+00:00,78.81,79.25,77.21,77.25,10662760
2022-04-27 04:00:00+00:00,77.95,79.28,77.7,78.39,13081203
2022-04-28 04:00:00+00:00,78.77,79.9,77.44,79.63,10549677
2022-04-29 04:00:00+00:00,79.88,80.55,77.84,78.03,10777626
2022-05-02 04:00:00+00:00,78.13,78.46,76.29,77.79,16709109
2022-05-03 04:00:00+00:00,77.85,79.1,77.69,78.66,11524962
2022-05-04 04:00:00+00:00,79.18,81.27,78.45,81.22,14990509
2022-05-05 04:00:00+00:00,80.65,80.91,77.84,78.7,12402615
2022-05-06 04:00:00+00:00,78.08,78.08,76.29,77.57,14415508
2022-05-09 04:00:00+00:00,76.16,76.85,74.91,75.12,13967507
2022-05-10 04:00:00+00:00,76.37,76.57,73.76,74.65,17166825
2022-05-11 04:00:00+00:00,74.87,76.69,74.53,74.69,16989652
2022-05-12 04:00:00+00:00,73.91,75.3,73.19,74.55,13236361
2022-05-13 04:00:00+00:00,75.15,76.45,75.14,75.7,8655467
2022-05-16 04:00:00+00:00,75.38,76.17,74.69,75.56,9226921
2022-05-17 04:00:00+00:00,77.26,77.82,76.48,77.7,7676676
2022-05-18 04:00:00+00:00,76.96,77.13,74.97,75.29,7106666
2022-05-19 04:00:00+00:00,74.79,76.71,74.7,75.82,8177834
2022-05-20 04:00:00+00:00,76.56,76.86,73.98,75.64,8064133
2022-05-23 04:00:00+00:00,76.6,77.21,76.08,77.02,6531987
2022-05-24 04:00:00+00:00,76.76,76.85,75.27,76.58,7057669
2022-05-25 04:00:00+00:00,76.29,77.25,76.02,76.92,5625088
2022-05-26 04:00:00+00:00,77.45,78.73,77.31,78.33,5646492
2022-05-27 04:00:00+00:00,78.99,80.2,78.87,80.17,6950546
2022-05-31 04:00:00+00:00,79.42,79.71,78.68,78.95,9262128
2022-06-01 04:00:00+00:00,79.08,79.32,77.4,78.16,7244977
2022-06-02 04:00:00+00:00,78.99,80.32,78.82,80.32,6765421
2022-06-03 04:00:00+00:00,79.6,80.17,79.25,79.54,5453629
2022-06-06 04:00:00+00:00,80.12,80.61,79.86,80.29,5713433
2022-06-07 04:00:00+00:00,79.61,80.96,79.4,80.87,6328569
2022-06-08 04:00:00+00:00,80.03,80.71,79.01,79.19,4329561
2022-06-09 04:00:00+00:00,78.58,78.85,77.29,77.32,5549942
2022-06-10 04:00:00+00:00,75.82,75.95,74.85,74.95,8580706
2022-06-13 04:00:00+00:00,73.03,73.19,71.6,72.02,10595558
2022-06-14 04:00:00+00:00,72.0,72.43,70.91,71.47,7960589
2022-06-15 04:00:00+00:00,72.38,72.47,70.15,71.45,10604397
2022-06-16 04:00:00+00:00,69.5,69.73,68.29,68.87,9473007
2022-06-17 04:00:00+00:00,68.77,69.25,67.56,68.75,12523878
2022-06-21 04:00:00+00:00,69.83,70.12,69.26,69.79,5703444
2022-06-22 04:00:00+00:00,68.29,69.57,68.09,68.9,8149392
2022-06-23 04:00:00+00:00,68.62,69.01,67.24,67.95,9607544
2022-06-24 04:00:00+00:00,68.42,70.67,68.34,70.65,11318122
2022-06-27 04:00:00+00:00,70.6,70.84,69.86,70.07,6863912
2022-06-28 04:00:00+00:00,70.49,71.14,69.21,69.32,4978818
2022-06-29 04:00:00+00:00,69.45,69.57,68.11,68.82,5343922
2022-06-30 04:00:00+00:00,67.75,68.63,67.07,68.01,7215969
2022-07-01 04:00:00+00:00,67.45,68.59,66.71,68.49,8512734
2022-07-05 04:00:00+00:00,66.69,67.12,65.71,67.11,9813619
2022-07-06 04:00:00+00:00,67.04,67.73,66.31,67.54,8418717
2022-07-07 04:00:00+00:00,68.37,68.84,67.94,68.14,5010395
2022-07-08 04:00:00+00:00,68.24,68.35,67.11,67.47,4186655
2022-07-11 04:00:00+00:00,66.79,67.59,66.67,67.29,4237996
2022-07-12 04:00:00+00:00,67.0,68.05,66.92,67.16,6859548
2022-07-13 04:00:00+00:00,66.06,67.16,65.73,66.77,10076818
2022-07-14 04:00:00+00:00,65.52,65.59,64.66,65.54,7584431
2022-07-15 04:00:00+00:00,66.6,66.8,65.75,66.57,5257403
2022-07-18 04:00:00+00:00,67.44,67.75,66.48,66.72,3825632
2022-07-19 04:00:00+00:00,67.46,68.91,67.39,68.76,5709912
2022-07-20 04:00:00+00:00,68.67,69.18,68.37,68.88,4863767
2022-07-21 04:00:00+00:00,68.76,69.88,68.44,69.86,4750780
2022-07-22 04:00:00+00:00,70.28,70.64,69.04,69.36,5467330
2022-07-25 04:00:00+00:00,69.54,69.73,69.08,69.64,3892733
2022-07-26 04:00:00+00:00,69.28,69.58,68.91,69.17,3894864
2022-07-27 04:00:00+00:00,68.68,70.28,68.35,70.0,5932012
2022-07-28 04:00:00+00:00,70.34,71.32,70.18,71.24,6140769
2022-07-29 04:00:00+00:00,71.75,72.39,71.47,72.19,4686977
2022-08-01 04:00:00+00:00,71.85,71.91,71.09,71.61,5295361
2022-08-02 04:00:00+00:00,71.25,71.88,70.49,70.88,5735848
2022-08-03 04:00:00+00:00,71.27,71.45,70.36,70.96,4940369
2022-08-04 04:00:00+00:00,71.07,71.61,70.64,71.0,3485232
2022-08-05 04:00:00+00:00,70.44,71.56,70.34,71.25,2971987
2022-08-08 04:00:00+00:00,72.12,72.67,71.6,71.65,4783370
2022-08-09 04:00:00+00:00,71.77,71.8,71.04,71.3,7046576
2022-08-10 04:00:00+00:00,72.68,73.74,72.67,73.32,4328722
2022-08-11 04:00:00+00:00,74.0,74.5,73.48,73.57,3097670
2022-08-12 04:00:00+00:00,73.8,74.98,73.66,74.96,3752915
2022-08-15 04:00:00+00:00,74.16,75.02,73.91,74.91,3224578
2022-08-16 04:00:00+00:00,74.7,75.65,74.69,75.33,2627517
2022-08-17 04:00:00+00:00,74.49,74.65,73.9,74.29,4127373
2022-08-18 04:00:00+00:00,74.59,74.7,74.04,74.52,2328236
2022-08-19 04:00:00+00:00,74.12,74.12,72.89,73.16,3364565
2022-08-22 04:00:00+00:00,72.02,72.39,71.73,71.99,3578440
2022-08-23 04:00:00+00:00,72.0,73.06,72.0,72.7,5014963
2022-08-24 04:00:00+00:00,72.61,73.12,72.41,72.86,3014278
2022-08-25 04:00:00+00:00,73.36,74.54,73.36,74.51,3131898
2022-08-26 04:00:00+00:00,74.68,74.75,72.18,72.23,4391102
2022-08-29 04:00:00+00:00,71.44,72.32,71.26,71.72,3615656
2022-08-30 04:00:00+00:00,71.91,71.95,70.13,70.55,3734013
2022-08-31 04:00:00+00:00,70.67,70.67,69.65,69.68,5108406
2022-09-01 04:00:00+00:00,68.84,68.96,67.93,68.77,5974166
2022-09-02 04:00:00+00:00,69.77,70.33,68.4,68.7,7105956
2022-09-06 04:00:00+00:00,69.1,69.35,68.18,68.49,6417248
2022-09-07 04:00:00+00:00,68.3,70.5,68.15,70.38,6193153
2022-09-08 04:00:00+00:00,69.68,71.12,69.43,71.07,4456464
2022-09-09 04:00:00+00:00,71.78,72.34,71.59,72.14,3698814
2022-09-12 04:00:00+00:00,72.88,73.17,72.37,72.81,4118970
2022-09-13 04:00:00+00:00,70.96,71.76,70.04,70.22,4791239
2022-09-14 04:00:00+00:00,69.9,69.98,68.68,69.36,5881435
2022-09-15 04:00:00+00:00,69.09,69.81,68.32,68.44,5310788
2022-09-16 04:00:00+00:00,67.52,67.62,66.63,67.36,8322480
2022-09-19 04:00:00+00:00,66.63,68.57,66.54,68.48,5227568
2022-09-20 04:00:00+00:00,67.55,67.55,66.67,67.18,4898107
2022-09-21 04:00:00+00:00,67.66,67.8,65.68,65.71,8984186
2022-09-22 04:00:00+00:00,65.98,66.16,64.87,64.92,5932727
2022-09-23 04:00:00+00:00,63.8,63.89,62.64,63.59,7232807
2022-09-26 04:00:00+00:00,63.13,63.94,62.24,62.56,7596445
2022-09-27 04:00:00+00:00,63.36,63.72,62.12,62.7,7108138
2022-09-28 04:00:00+00:00,63.03,64.61,62.79,64.31,6851820
2022-09-29 04:00:00+00:00,63.7,63.7,62.45,63.37,5852060
2022-09-30 04:00:00+00:00,63.32,64.37,63.0,63.2,5445851
2022-10-03 04:00:00+00:00,64.21,65.73,63.85,65.25,11269556
2022-10-04 04:00:00+00:00,66.56,67.72,66.45,67.65,16466929
2022-10-05 04:00:00+00:00,66.7,67.44,66.14,66.89,10236285
2022-10-06 04:00:00+00:00,66.37,67.07,66.01,66.18,13037495
2022-10-07 04:00:00+00:00,65.63,65.77,64.13,64.55,5333153
2022-10-10 04:00:00+00:00,64.8,65.06,64.25,64.69,5269823
2022-10-11 04:00:00+00:00,64.15,65.23,63.72,64.18,7040222
2022-10-12 04:00:00+00:00,64.2,64.26,63.66,63.7,8444496
2022-10-13 04:00:00+00:00,62.46,65.87,62.13,65.57,9974149
2022-10-14 04:00:00+00:00,66.0,66.14,63.25,63.36,8785146
2022-10-17 04:00:00+00:00,64.64,65.37,64.56,64.94,5927792
2022-10-18 04:00:00+00:00,66.5,66.91,65.48,66.21,8318343
2022-10-19 04:00:00+00:00,65.73,66.27,65.03,65.43,4425115
2022-10-20 04:00:00+00:00,65.52,66.7,64.8,64.96,5756663
2022-10-21 04:00:00+00:00,64.83,67.3,64.77,67.2,8585047
2022-10-24 04:00:00+00:00,67.47,67.84,66.68,66.81,6893631
2022-10-25 04:00:00+00:00,66.86,68.51,66.78,68.47,6146975
2022-10-26 04:00:00+00:00,68.86,69.67,68.37,68.95,6914893
2022-10-27 04:00:00+00:00,69.05,69.59,68.65,68.77,5024897
2022-10-28 04:00:00+00:00,68.56,69.6,68.23,69.46,4790747
2022-10-31 04:00:00+00:00,69.08,69.65,68.74,68.84,4876325
2022-11-01 04:00:00+00:00,69.87,69.95,68.44,69.02,12785453
2022-11-02 04:00:00+00:00,69.29,69.89,67.19,67.22,16883031
2022-11-03 04:00:00+00:00,66.39,68.2,66.23,67.73,9597425
2022-11-04 04:00:00+00:00,69.46,70.61,68.89,70.08,10663365
2022-11-07 05:00:00+00:00,70.52,70.68,69.79,70.63,5576569
2022-11-08 05:00:00+00:00,71.04,72.56,70.85,71.85,6156793
2022-11-09 05:00:00+00:00,71.52,72.16,70.53,70.69,6603912
2022-11-10 05:00:00+00:00,73.56,74.66,73.21,74.6,8718280
2022-11-11 05:00:00+00:00,75.44,76.37,75.28,75.5,6490560
2022-11-14 05:00:00+00:00,75.25,76.44,75.18,75.4,6366926
2022-11-15 05:00:00+00:00,76.23,76.27,74.55,75.29,7227533
2022-11-16 05:00:00+00:00,75.0,75.24,74.41,74.55,6398898
2022-11-17 05:00:00+00:00,73.41,73.89,72.93,73.84,4679361
2022-11-18 05:00:00+00:00,74.59,74.59,73.64,74.33,3745563
2022-11-21 05:00:00+00:00,73.8,74.83,73.63,74.58,3619112
2022-11-22 05:00:00+00:00,75.14,76.29,74.97,76.27,3607061
2022-11-23 05:00:00+00:00,76.2,76.65,76.0,76.57,4248200
2022-11-25 05:00:00+00:00,76.46,76.6,76.29,76.54,1228285
2022-11-28 05:00:00+00:00,75.99,76.01,74.68,74.83,3232049
2022-11-29 05:00:00+00:00,75.11,75.49,74.88,75.08,2836552
2022-11-30 05:00:00+00:00,75.11,76.92,74.42,76.9,7312524
2022-12-01 05:00:00+00:00,77.43,77.51,76.32,76.99,4107946
2022-12-02 05:00:00+00:00,75.99,78.04,75.99,77.83,3412502
2022-12-05 05:00:00+00:00,77.25,77.55,76.17,76.29,4726244
2022-12-06 05:00:00+00:00,76.34,76.8,75.06,75.61,4747806
2022-12-07 05:00:00+00:00,75.49,76.19,75.26,75.45,4083604
2022-12-08 05:00:00+00:00,75.94,76.39,75.76,76.0,2761894
2022-12-09 05:00:00+00:00,75.82,76.47,75.23,75.25,3936189
2022-12-12 05:00:00+00:00,75.3,75.92,75.03,75.9,3193055
2022-12-13 05:00:00+00:00,78.24,78.39,76.4,76.95,6288031
2022-12-14 05:00:00+00:00,76.64,77.13,75.54,76.12,7817603
2022-12-15 05:00:00+00:00,74.83,74.91,73.62,73.8,5229295
2022-12-16 05:00:00+00:00,73.22,73.71,72.76,73.49,7284551
2022-12-19 05:00:00+00:00,73.34,73.77,72.18,72.53,3229958
2022-12-20 05:00:00+00:00,72.66,73.43,72.63,73.01,2820943
2022-12-21 05:00:00+00:00,73.39,73.95,73.21,73.64,2877745
2022-12-22 05:00:00+00:00,73.12,73.12,71.7,72.93,3315583
2022-12-23 05:00:00+00:00,72.93,73.46,72.53,73.44,3101149
2022-12-27 05:00:00+00:00,73.62,73.99,73.19,73.5,2434272
2022-12-28 05:00:00+00:00,73.48,73.77,72.33,72.38,2523225
2022-12-29 05:00:00+00:00,72.78,73.47,72.78,73.17,3223061
2022-12-30 05:00:00+00:00,72.63,72.91,72.04,72.65,2909431
2023-01-03 05:00:00+00:00,72.77,73.25,71.91,72.58,5342010
2023-01-04 05:00:00+00:00,72.94,74.04,72.9,73.84,4871150
2023-01-05 05:00:00+00:00,72.69,73.08,72.15,72.67,4106319
2023-01-06 05:00:00+00:00,73.34,75.34,73.34,75.17,4363762
2023-01-09 05:00:00+00:00,75.79,76.66,75.39,75.65,8395719
2023-01-10 05:00:00+00:00,75.67,76.45,75.25,76.4,4024487
2023-01-11 05:00:00+00:00,77.21,77.64,76.75,77.6,4922865
2023-01-12 05:00:00+00:00,77.78,78.11,77.0,77.89,3893799
2023-01-13 05:00:00+00:00,77.44,78.52,77.38,78.37,3482564
2023-01-17 05:00:00+00:00,78.5,78.65,77.5,77.58,3471562
2023-01-18 05:00:00+00:00,78.29,78.4,76.45,76.49,4722548
2023-01-19 05:00:00+00:00,75.91,76.22,75.3,75.9,4079890
2023-01-20 05:00:00+00:00,76.09,77.48,75.69,77.42,3442717
2023-01-23 05:00:00+00:00,77.32,78.0,76.95,77.68,6248750
2023-01-24 05:00:00+00:00,77.24,77.83,76.59,77.72,4680555
2023-01-25 05:00:00+00:00,76.87,77.91,76.61,77.88,3602041
2023-01-26 05:00:00+00:00,77.23,78.29,76.98,78.25,5753117
2023-01-27 05:00:00+00:00,77.72,78.55,77.65,78.0,3419676
2023-01-30 05:00:00+00:00,77.53,78.45,77.37,77.47,5210919
2023-01-31 05:00:00+00:00,77.53,79.2,77.53,79.17,3871370
2023-02-01 05:00:00+00:00,78.71,80.34,78.2,79.7,7223630
2023-02-02 05:00:00+00:00,79.35,79.67,78.25,79.44,6163992
2023-02-03 05:00:00+00:00,78.57,79.2,77.9,78.01,5937626
2023-02-06 05:00:00+00:00,77.32,77.63,76.74,77.15,6262343
2023-02-07 05:00:00+00:00,77.05,78.39,77.01,78.19,7553022
2023-02-08 05:00:00+00:00,77.78,78.53,77.51,77.56,5265933
2023-02-09 05:00:00+00:00,78.16,78.33,76.09,76.44,8330587
2023-02-10 05:00:00+00:00,76.27,76.83,75.81,76.72,3507928
2023-02-13 05:00:00+00:00,76.85,77.28,76.36,77.12,2749275
2023-02-14 05:00:00+00:00,76.8,77.51,76.41,77.3,4107474
2023-02-15 05:00:00+00:00,76.79,77.65,76.58,77.64,3978425
2023-02-16 05:00:00+00:00,76.56,77.66,76.37,76.76,4336900
2023-02-17 05:00:00+00:00,76.23,76.3,75.62,76.04,3726224
2023-02-21 05:00:00+00:00,75.65,75.91,74.67,74.78,5900310
2023-02-22 05:00:00+00:00,75.12,75.72,74.74,75.35,5934386
2023-02-23 05:00:00+00:00,75.63,75.94,74.32,75.43,5596333
2023-02-24 05:00:00+00:00,74.16,76.04,73.77,75.94,9324082
2023-02-27 05:00:00+00:00,76.42,76.91,76.11,76.19,6469774
2023-02-28 05:00:00+00:00,76.17,77.03,76.03,76.53,8546757
2023-03-01 05:00:00+00:00,76.7,77.88,76.69,77.13,7740826
2023-03-02 05:00:00+00:00,76.73,78.2,76.55,78.01,6335119
2023-03-03 05:00:00+00:00,78.53,79.17,77.92,79.12,5997258
2023-03-06 05:00:00+00:00,78.82,78.82,77.71,77.84,5481423
2023-03-07 05:00:00+00:00,77.55,77.55,76.04,76.31,6760305
2023-03-08 05:00:00+00:00,76.35,76.87,76.09,76.68,5795189
2023-03-09 05:00:00+00:00,76.74,76.99,74.48,74.71,6425969
2023-03-10 05:00:00+00:00,74.74,74.76,72.73,73.12,13061850
2023-03-13 04:00:00+00:00,72.39,73.36,71.83,72.37,20352534
2023-03-14 04:00:00+00:00,73.43,74.15,72.5,73.3,8238644
2023-03-15 04:00:00+00:00,71.41,71.57,69.93,70.92,14262218
2023-03-16 04:00:00+00:00,70.25,71.83,70.03,71.74,10803133
2023-03-17 04:00:00+00:00,71.48,71.5,70.5,70.62,9443462
2023-03-20 04:00:00+00:00,71.17,72.11,71.17,72.08,7392893
2023-03-21 04:00:00+00:00,72.92,73.26,72.46,72.95,4749016
2023-03-22 04:00:00+00:00,72.83,73.37,71.63,71.65,7327353
2023-03-23 04:00:00+00:00,71.97,73.01,71.01,71.57,6719770
2023-03-24 04:00:00+00:00,71.02,72.32,70.51,72.15,6732620
2023-03-27 04:00:00+00:00,72.9,73.2,72.16,72.69,5306963
2023-03-28 04:00:00+00:00,72.68,73.16,72.6,73.03,5124020
2023-03-29 04:00:00+00:00,73.97,74.1,73.72,74.05,4135132
2023-03-30 04:00:00+00:00,74.82,74.87,74.29,74.56,4216883
2023-03-31 04:00:00+00:00,74.57,75.81,74.57,75.77,6763096
2023-04-03 04:00:00+00:00,75.92,76.44,75.68,76.25,8064265
2023-04-04 04:00:00+00:00,76.06,76.1,74.86,75.15,8748670
2023-04-05 04:00:00+00:00,74.58,75.08,74.3,74.98,9280508
2023-04-06 04:00:00+00:00,74.48,74.87,74.24,74.8,9515693
2023-04-10 04:00:00+00:00,74.51,75.29,74.43,75.16,4633567
2023-04-11 04:00:00+00:00,75.5,76.15,75.47,75.74,3857665
2023-04-12 04:00:00+00:00,76.27,76.44,75.66,75.8,5944024
2023-04-13 04:00:00+00:00,75.84,76.83,75.68,76.58,9001499
2023-04-14 04:00:00+00:00,76.39,76.92,75.63,76.02,4413126
2023-04-17 04:00:00+00:00,76.06,76.48,75.85,76.46,3683093
2023-04-18 04:00:00+00:00,76.75,77.04,76.43,76.78,3383010
2023-04-19 04:00:00+00:00,76.27,76.64,76.09,76.57,3654785
2023-04-20 04:00:00+00:00,76.02,76.73,76.0,76.48,4026012
2023-04-21 04:00:00+00:00,76.18,76.26,75.38,75.81,5422069
2023-04-24 04:00:00+00:00,75.93,76.34,75.83,76.32,3865525
2023-04-25 04:00:00+00:00,75.52,75.6,74.63,74.67,5983097
2023-04-26 04:00:00+00:00,74.37,74.62,73.54,73.79,5955223
2023-04-27 04:00:00+00:00,74.0,74.82,73.57,74.79,5913180
2023-04-28 04:00:00+00:00,74.76,75.8,74.56,75.66,5071344
2023-05-01 04:00:00+00:00,75.76,76.13,75.49,75.63,4208248
2023-05-02 04:00:00+00:00,74.92,75.03,73.7,74.89,5840472
2023-05-03 04:00:00+00:00,75.01,75.37,74.04,74.07,6350699
2023-05-04 04:00:00+00:00,74.23,74.7,73.41,73.59,8327548
2023-05-05 04:00:00+00:00,74.4,75.09,74.33,74.83,5133649
2023-05-08 04:00:00+00:00,75.29,75.39,74.47,74.58,3840005
2023-05-09 04:00:00+00:00,74.17,74.29,73.6,73.91,7557206
2023-05-10 04:00:00+00:00,74.8,74.8,73.15,73.96,5865104
2023-05-11 04:00:00+00:00,73.25,73.48,72.89,73.23,6424875
2023-05-12 04:00:00+00:00,73.56,73.69,72.73,73.36,4143611
2023-05-15 04:00:00+00:00,73.74,74.04,73.28,73.98,3243647
2023-05-16 04:00:00+00:00,73.59,73.66,72.73,72.76,4173201
2023-05-17 04:00:00+00:00,73.11,73.53,72.77,73.24,5252831
2023-05-18 04:00:00+00:00,72.9,73.75,72.56,73.67,6676218
2023-05-19 04:00:00+00:00,74.21,74.24,73.46,73.86,4971455
2023-05-22 04:00:00+00:00,74.01,74.22,73.35,73.48,4144295
2023-05-23 04:00:00+00:00,72.94,73.14,72.19,72.34,5247080
2023-05-24 04:00:00+00:00,72.03,72.1,71.37,71.51,7064039
2023-05-25 04:00:00+00:00,71.6,71.61,70.86,71.26,5856538
2023-05-26 04:00:00+00:00,71.79,72.07,71.3,71.62,7941266
2023-05-30 04:00:00+00:00,71.56,71.69,70.69,71.23,6390329
2023-05-31 04:00:00+00:00,70.83,71.06,70.18,70.47,6908367
2023-06-01 04:00:00+00:00,70.83,71.62,70.5,71.41,7279833
2023-06-02 04:00:00+00:00,72.82,73.97,72.71,73.8,8829523
2023-06-05 04:00:00+00:00,73.96,74.58,73.48,73.75,8091790
2023-06-06 04:00:00+00:00,73.45,74.41,73.4,74.22,7603398
2023-06-07 04:00:00+00:00,74.05,75.17,74.05,75.1,6665414
2023-06-08 04:00:00+00:00,75.14,75.35,74.31,74.83,5859662
2023-06-09 04:00:00+00:00,74.54,74.65,73.93,74.21,5810712
2023-06-12 04:00:00+00:00,74.29,74.64,73.77,74.55,4845647
2023-06-13 04:00:00+00:00,75.11,76.32,74.95,76.28,8233582
2023-06-14 04:00:00+00:00,76.88,76.94,75.55,75.96,6978286
2023-06-15 04:00:00+00:00,75.86,76.9,75.8,76.6,5889077
2023-06-16 04:00:00+00:00,76.73,76.82,76.24,76.79,8483386
2023-06-20 04:00:00+00:00,76.02,76.18,75.33,75.75,5869810
2023-06-21 04:00:00+00:00,75.39,76.31,75.17,76.0,6677667
2023-06-22 04:00:00+00:00,75.72,75.88,75.1,75.82,4325171
2023-06-23 04:00:00+00:00,75.03,75.35,74.64,75.2,5976789
2023-06-26 04:00:00+00:00,75.41,76.09,75.23,75.99,4167921
2023-06-27 04:00:00+00:00,76.18,77.12,75.94,77.06,6838188
2023-06-28 04:00:00+00:00,76.88,76.88,76.19,76.54,5493582
2023-06-29 04:00:00+00:00,76.33,77.54,76.16,77.5,5281974
2023-06-30 04:00:00+00:00,77.91,78.42,77.63,78.23,6223420
2023-07-03 04:00:00+00:00,78.19,78.86,78.06,78.52,3867523
2023-07-05 04:00:00+00:00,77.66,77.73,76.43,76.58,11829365
2023-07-06 04:00:00+00:00,75.6,76.07,74.87,76.03,8952092
2023-07-07 04:00:00+00:00,75.98,77.45,75.88,76.69,6831505
2023-07-10 04:00:00+00:00,76.14,77.13,76.07,76.67,5598060
2023-07-11 04:00:00+00:00,77.13,77.48,76.79,77.42,4706057
2023-07-12 04:00:00+00:00,78.37,78.68,77.79,78.44,11538383
2023-07-13 04:00:00+00:00,78.71,79.15,78.42,79.06,4804961
2023-07-14 04:00:00+00:00,79.09,79.09,78.24,78.59,5628608
2023-07-17 04:00:00+00:00,78.33,78.83,78.19,78.67,4536456
2023-07-18 04:00:00+00:00,78.38,79.52,78.38,79.28,5897823
2023-07-19 04:00:00+00:00,79.18,79.39,78.61,78.86,5191835
2023-07-20 04:00:00+00:00,79.11,79.22,78.5,79.05,4926656
2023-07-21 04:00:00+00:00,78.82,79.18,78.42,79.06,4523972
2023-07-24 04:00:00+00:00,79.15,79.44,78.8,79.3,4352832
2023-07-25 04:00:00+00:00,79.75,81.03,79.62,80.73,8760533
2023-07-26 04:00:00+00:00,80.16,80.67,79.82,80.45,6167622
2023-07-27 04:00:00+00:00,80.74,80.97,79.86,79.93,7050718
2023-07-28 04:00:00+00:00,80.8,80.81,80.07,80.49,4064799
2023-07-31 04:00:00+00:00,80.68,81.05,80.45,80.92,5500837
2023-08-01 04:00:00+00:00,80.52,80.89,80.24,80.56,7536662
2023-08-02 04:00:00+00:00,79.82,80.28,79.45,79.56,10185807
2023-08-03 04:00:00+00:00,79.32,79.73,78.92,79.07,9379377
2023-08-04 04:00:00+00:00,79.46,80.03,78.82,78.89,8495015
2023-08-07 04:00:00+00:00,79.17,79.54,78.83,79.41,5161097
2023-08-08 04:00:00+00:00,78.11,78.71,77.73,78.57,6428778
2023-08-09 04:00:00+00:00,78.87,79.03,78.14,78.24,7964066
2023-08-10 04:00:00+00:00,78.63,79.08,78.12,78.3,5572528
2023-08-11 04:00:00+00:00,78.09,78.48,77.81,78.08,3987282
2023-08-14 04:00:00+00:00,77.9,78.26,77.47,78.25,3877365
2023-08-15 04:00:00+00:00,77.5,77.67,76.81,76.98,5696313
2023-08-16 04:00:00+00:00,76.86,77.24,76.43,76.46,5282172
2023-08-17 04:00:00+00:00,76.99,77.47,76.23,76.31,5265400
2023-08-18 04:00:00+00:00,75.87,76.47,75.7,76.3,4908945
2023-08-21 04:00:00+00:00,76.49,76.6,75.75,76.31,4852659
2023-08-22 04:00:00+00:00,76.67,76.8,76.01,76.24,3609082
2023-08-23 04:00:00+00:00,76.23,76.63,76.04,76.37,3502272
2023-08-24 04:00:00+00:00,76.02,76.7,75.94,76.05,4070228
2023-08-25 04:00:00+00:00,76.39,76.62,75.63,76.27,5378908
2023-08-28 04:00:00+00:00,76.48,77.2,76.44,76.83,5050932
2023-08-29 04:00:00+00:00,76.88,78.14,76.61,78.1,5875541
2023-08-30 04:00:00+00:00,78.1,78.42,77.97,78.28,3798678
2023-08-31 04:00:00+00:00,78.41,78.61,78.16,78.24,3279992
2023-09-01 04:00:00+00:00,78.99,79.33,78.82,79.12,5912653
2023-09-05 04:00:00+00:00,79.0,79.07,77.66,77.66,6463205
2023-09-06 04:00:00+00:00,77.39,77.85,76.89,77.49,4653141
2023-09-07 04:00:00+00:00,77.18,77.45,76.57,77.14,4437207
2023-09-08 04:00:00+00:00,76.99,77.55,76.98,77.22,3493153
2023-09-11 04:00:00+00:00,77.72,78.09,77.39,77.55,4035262
2023-09-12 04:00:00+00:00,77.29,77.73,77.19,77.37,4210666
2023-09-13 04:00:00+00:00,77.33,77.49,76.7,76.91,4585473
2023-09-14 04:00:00+00:00,77.72,78.15,77.43,78.0,4334516
2023-09-15 04:00:00+00:00,77.78,78.12,77.0,77.13,6987779
2023-09-18 04:00:00+00:00,77.04,77.21,76.57,76.81,3683283
2023-09-19 04:00:00+00:00,76.76,77.1,76.08,76.74,4084085
2023-09-20 04:00:00+00:00,77.04,77.23,75.89,75.94,4649868
2023-09-21 04:00:00+00:00,75.43,75.45,74.38,74.41,6779759
2023-09-22 04:00:00+00:00,74.61,74.98,74.2,74.33,6017576
2023-09-25 04:00:00+00:00,74.05,74.96,74.0,74.92,4122915
2023-09-26 04:00:00+00:00,74.47,74.87,73.63,73.84,5475964
2023-09-27 04:00:00+00:00,74.21,74.31,73.4,73.83,5515599
2023-09-28 04:00:00+00:00,73.96,74.89,73.96,74.63,4699127
2023-09-29 04:00:00+00:00,75.34,75.35,74.31,74.51,5857200
2023-10-02 04:00:00+00:00,74.21,74.32,73.02,73.52,11299359
2023-10-03 04:00:00+00:00,72.77,74.25,72.77,73.32,13179047
2023-10-04 04:00:00+00:00,74.08,74.31,73.19,74.18,8977013
2023-10-05 04:00:00+00:00,73.99,74.39,72.84,73.28,10237184
2023-10-06 04:00:00+00:00,73.09,74.49,72.83,73.97,8043109
2023-10-09 04:00:00+00:00,73.55,74.29,73.19,74.07,6487377
2023-10-10 04:00:00+00:00,74.49,75.47,74.38,74.86,6855044
2023-10-11 04:00:00+00:00,75.16,75.46,74.41,75.04,4929448
2023-10-12 04:00:00+00:00,75.36,75.36,73.35,73.92,6063292
2023-10-13 04:00:00+00:00,74.29,74.61,73.32,73.64,5634636
2023-10-16 04:00:00+00:00,74.19,74.86,73.95,74.36,6181903
2023-10-17 04:00:00+00:00,73.82,75.35,73.82,75.09,5818333
2023-10-18 04:00:00+00:00,74.6,74.6,73.05,73.15,6508634
2023-10-19 04:00:00+00:00,72.88,73.49,72.2,72.3,9233163
2023-10-20 04:00:00+00:00,72.27,72.41,71.39,71.42,7161221
2023-10-23 04:00:00+00:00,70.73,71.37,70.5,70.63,9138051
2023-10-24 04:00:00+00:00,71.2,71.89,71.09,71.46,7424179
2023-10-25 04:00:00+00:00,71.32,71.44,70.57,70.63,6269973
2023-10-26 04:00:00+00:00,71.14,71.76,70.91,71.12,8776676
2023-10-27 04:00:00+00:00,71.15,71.62,70.92,71.09,8236617
2023-10-30 04:00:00+00:00,71.81,72.11,71.3,71.82,5977113
2023-10-31 04:00:00+00:00,71.7,72.35,71.52,72.14,5581337
2023-11-01 04:00:00+00:00,72.04,72.34,71.44,72.18,8780451
2023-11-02 04:00:00+00:00,72.66,73.6,72.61,73.58,6550641
2023-11-03 04:00:00+00:00,74.18,75.25,74.18,74.73,6064768
2023-11-06 05:00:00+00:00,74.75,74.8,74.2,74.36,4668776
2023-11-07 05:00:00+00:00,73.64,73.7,72.83,72.92,7507970
2023-11-08 05:00:00+00:00,73.1,73.35,72.67,73.15,5470832
2023-11-09 05:00:00+00:00,73.64,73.65,72.47,72.52,6938958
2023-11-10 05:00:00+00:00,72.59,73.43,72.49,73.38,3624153
2023-11-13 05:00:00+00:00,72.95,73.58,72.86,73.27,4039705
2023-11-14 05:00:00+00:00,74.13,75.78,74.11,75.44,5497931
2023-11-15 05:00:00+00:00,75.61,76.46,75.53,75.77,4909899
2023-11-16 05:00:00+00:00,75.75,76.08,75.55,75.99,3582763
2023-11-17 05:00:00+00:00,76.23,76.39,75.9,76.14,3445147
2023-11-20 05:00:00+00:00,76.02,76.5,75.62,76.27,4817256
2023-11-21 05:00:00+00:00,76.5,76.85,76.44,76.56,3681538
2023-11-22 05:00:00+00:00,76.56,76.73,76.22,76.61,3761460
2023-11-24 05:00:00+00:00,76.62,77.2,76.62,76.94,1844939
2023-11-27 05:00:00+00:00,76.66,76.93,76.33,76.85,3262302
2023-11-28 05:00:00+00:00,76.85,77.42,76.62,77.0,3498111
2023-11-29 05:00:00+00:00,77.29,77.75,77.22,77.4,3122182
2023-11-30 05:00:00+00:00,77.45,78.23,77.19,78.17,5741203
2023-12-01 05:00:00+00:00,78.28,79.33,78.1,79.06,8391375
2023-12-04 05:00:00+00:00,78.4,78.97,78.1,78.14,10615098
2023-12-05 05:00:00+00:00,77.75,77.8,76.89,77.07,8766734
2023-12-06 05:00:00+00:00,77.41,77.66,76.83,76.91,8455119
2023-12-07 05:00:00+00:00,77.2,77.51,76.97,77.43,4279799
2023-12-08 05:00:00+00:00,77.37,78.08,77.37,77.71,4123459
2023-12-11 05:00:00+00:00,77.57,78.27,77.43,78.26,4602915
2023-12-12 05:00:00+00:00,78.99,79.3,78.34,78.72,10217520
2023-12-13 05:00:00+00:00,77.86,79.71,77.67,79.67,8196272
2023-12-14 05:00:00+00:00,80.16,81.43,80.16,80.99,6356671
2023-12-15 05:00:00+00:00,80.55,81.29,80.55,80.78,5405596
2023-12-18 05:00:00+00:00,81.4,81.57,80.85,80.91,4026442
2023-12-19 05:00:00+00:00,81.44,81.85,81.34,81.65,3642707
2023-12-20 05:00:00+00:00,81.44,81.64,80.38,80.4,4679511
2023-12-21 05:00:00+00:00,81.08,81.27,80.71,81.25,3772353
2023-12-22 05:00:00+00:00,81.56,81.94,81.42,81.76,2693372
2023-12-26 05:00:00+00:00,81.87,82.38,81.76,82.14,3365738
2023-12-27 05:00:00+00:00,81.99,82.43,81.89,82.34,3409803
2023-12-28 05:00:00+00:00,82.2,82.34,81.96,82.03,3607035
2023-12-29 05:00:00+00:00,81.75,81.93,81.54,81.7,3496142
2024-01-02 05:00:00+00:00,81.11,81.69,81.0,81.56,9962440
2024-01-03 05:00:00+00:00,80.71,81.09,80.12,80.68,11679300
2024-01-04 05:00:00+00:00,80.55,80.91,80.27,80.42,10212081
2024-01-05 05:00:00+00:00,80.2,81.01,80.11,80.56,7346404
2024-01-08 05:00:00+00:00,80.14,80.92,79.85,80.9,5183076
2024-01-09 05:00:00+00:00,80.38,80.38,79.72,79.97,6455248
2024-01-10 05:00:00+00:00,79.69,79.95,79.49,79.87,4101381
2024-01-11 05:00:00+00:00,79.96,79.96,79.05,79.63,4271060
2024-01-12 05:00:00+00:00,80.09,80.27,79.36,79.71,4133923
2024-01-16 05:00:00+00:00,79.22,79.36,78.6,78.79,5276374
2024-01-17 05:00:00+00:00,77.99,78.49,77.87,78.22,4643760
2024-01-18 05:00:00+00:00,78.37,78.58,77.81,78.46,4660452
2024-01-19 05:00:00+00:00,78.54,78.68,77.79,78.54,5826778
2024-01-22 05:00:00+00:00,78.09,78.91,78.09,78.77,5392583
2024-01-23 05:00:00+00:00,79.14,79.38,78.73,79.03,3945870
2024-01-24 05:00:00+00:00,79.08,79.28,77.91,77.96,5158864
2024-01-25 05:00:00+00:00,78.33,78.82,78.1,78.78,4867198
2024-01-26 05:00:00+00:00,79.07,79.26,78.65,78.81,3899707
2024-01-29 05:00:00+00:00,78.75,79.23,78.39,79.2,3562942
2024-01-30 05:00:00+00:00,79.04,79.93,78.89,79.56,5425658
2024-01-31 05:00:00+00:00,79.69,79.79,78.45,78.52,6739177
2024-02-01 05:00:00+00:00,79.73,79.95,78.77,79.83,9896893
2024-02-02 05:00:00+00:00,79.25,79.74,78.49,79.36,11460198
2024-02-05 05:00:00+00:00,77.65,77.83,77.11,77.35,12443409
2024-02-06 05:00:00+00:00,77.98,78.89,77.98,78.71,9526591
2024-02-07 05:00:00+00:00,79.16,79.56,79.12,79.34,5410241
2024-02-08 05:00:00+00:00,79.46,79.46,78.67,79.24,3399288
2024-02-09 05:00:00+00:00,79.06,79.44,78.83,79.41,3817780
2024-02-12 05:00:00+00:00,79.6,80.41,79.53,80.04,3398230
2024-02-13 05:00:00+00:00,79.28,79.51,78.34,78.91,6432345
2024-02-14 05:00:00+00:00,79.31,79.57,78.91,79.42,4381012
2024-02-15 05:00:00+00:00,79.86,81.04,79.86,80.92,5992111
2024-02-16 05:00:00+00:00,81.26,81.9,81.18,81.35,4656669
2024-02-20 05:00:00+00:00,81.3,81.44,80.94,81.18,4509546
2024-02-21 05:00:00+00:00,81.16,81.67,80.85,81.63,4061175
2024-02-22 05:00:00+00:00,81.78,82.57,81.67,82.45,4724333
2024-02-23 05:00:00+00:00,82.62,83.05,82.42,82.93,3539624
2024-02-26 05:00:00+00:00,82.67,82.78,82.34,82.44,3326793
2024-02-27 05:00:00+00:00,82.74,82.95,82.5,82.74,4129420
2024-02-28 05:00:00+00:00,82.5,83.31,82.29,83.0,4497001
2024-02-29 05:00:00+00:00,83.51,83.86,83.22,83.63,6123810
2024-03-01 05:00:00+00:00,83.63,84.22,83.57,84.01,5200810
2024-03-04 05:00:00+00:00,84.11,84.77,84.01,84.63,4674603
2024-03-05 05:00:00+00:00,84.34,84.88,83.89,84.18,4246927
2024-03-06 05:00:00+00:00,84.63,85.09,84.51,84.8,5112035
2024-03-07 05:00:00+00:00,85.47,86.24,85.46,85.84,3971132
2024-03-08 05:00:00+00:00,86.11,86.15,85.32,85.34,5155565
2024-03-11 04:00:00+00:00,85.74,86.67,85.44,86.31,11635466
2024-03-12 04:00:00+00:00,86.3,86.41,85.87,86.3,5074659
2024-03-13 04:00:00+00:00,86.56,87.54,86.56,87.15,7264751
2024-03-14 04:00:00+00:00,86.91,87.1,86.3,86.69,9725967
2024-03-15 04:00:00+00:00,86.12,87.11,86.07,86.73,9351295
2024-03-18 04:00:00+00:00,87.0,87.57,86.85,86.88,7621188
2024-03-19 04:00:00+00:00,86.78,87.04,86.52,86.89,5416475
2024-03-20 04:00:00+00:00,86.83,88.08,86.65,87.77,6626183
2024-03-21 04:00:00+00:00,88.0,88.27,87.65,88.13,4692081
2024-03-22 04:00:00+00:00,87.94,88.15,87.53,87.58,2937333
2024-03-25 04:00:00+00:00,87.54,87.97,87.46,87.61,2831360
2024-03-26 04:00:00+00:00,87.76,87.92,87.49,87.55,2717351
2024-03-27 04:00:00+00:00,87.77,88.83,87.69,88.8,4222246
2024-03-28 04:00:00+00:00,88.81,89.34,88.64,89.04,4512641
2024-04-01 04:00:00+00:00,89.46,89.46,88.67,88.83,3823458
2024-04-02 04:00:00+00:00,88.74,88.82,88.12,88.5,4785381
2024-04-03 04:00:00+00:00,88.6,89.15,88.52,89.03,5011472
2024-04-04 04:00:00+00:00,89.52,89.83,87.93,88.13,6329504
2024-04-05 04:00:00+00:00,88.12,89.04,88.04,88.93,4902261
2024-04-08 04:00:00+00:00,89.21,89.31,88.75,88.99,3260975
2024-04-09 04:00:00+00:00,89.68,89.71,88.29,89.2,5675346
2024-04-10 04:00:00+00:00,87.83,88.34,87.49,87.81,7056704
2024-04-11 04:00:00+00:00,87.9,88.12,87.29,87.75,4950289
2024-04-12 04:00:00+00:00,87.49,87.66,85.81,86.19,6056586
2024-04-15 04:00:00+00:00,87.11,87.44,85.49,85.78,5753271
2024-04-16 04:00:00+00:00,85.31,85.58,84.82,85.12,6777893
2024-04-17 04:00:00+00:00,85.7,86.08,85.06,85.31,4578374
2024-04-18 04:00:00+00:00,86.0,86.07,84.94,85.34,3748922
2024-04-19 04:00:00+00:00,85.56,85.92,84.96,85.27,5054513
2024-04-22 04:00:00+00:00,84.8,85.81,84.48,85.36,4142302
2024-04-23 04:00:00+00:00,84.3,85.03,84.13,84.62,5735044
2024-04-24 04:00:00+00:00,84.28,84.75,84.03,84.68,4776890
2024-04-25 04:00:00+00:00,84.68,85.48,83.92,85.28,4610057
2024-04-26 04:00:00+00:00,85.32,86.18,85.3,85.81,3137165
2024-04-29 04:00:00+00:00,86.19,86.64,86.11,86.53,2838371
2024-04-30 04:00:00+00:00,85.81,86.01,84.94,84.96,4935917
2024-05-01 04:00:00+00:00,85.27,86.77,85.06,85.4,7728100
2024-05-02 04:00:00+00:00,84.94,85.32,84.26,84.96,7783690
2024-05-03 04:00:00+00:00,85.67,86.05,85.36,85.82,4499742
2024-05-06 04:00:00+00:00,86.35,86.67,85.95,86.34,3307793
2024-05-07 04:00:00+00:00,86.66,87.51,86.65,87.36,4431097
2024-05-08 04:00:00+00:00,87.04,87.36,86.88,86.96,3261393
2024-05-09 04:00:00+00:00,87.19,88.0,87.08,87.93,3535004
2024-05-10 04:00:00+00:00,88.3,88.39,87.98,88.04,2736342
2024-05-13 04:00:00+00:00,88.2,88.5,87.9,87.98,2515336
2024-05-14 04:00:00+00:00,88.22,88.38,87.77,88.06,3740168
2024-05-15 04:00:00+00:00,88.67,88.73,87.81,88.22,3961068
2024-05-16 04:00:00+00:00,88.25,88.31,87.53,87.58,3622865
2024-05-17 04:00:00+00:00,87.91,88.33,87.78,88.33,3628169
2024-05-20 04:00:00+00:00,88.21,88.61,87.97,88.46,2272294
2024-05-21 04:00:00+00:00,88.46,88.47,88.06,88.46,2712470
2024-05-22 04:00:00+00:00,87.63,87.95,87.19,87.59,4351600
2024-05-23 04:00:00+00:00,87.72,87.81,86.65,86.82,2844117
2024-05-24 04:00:00+00:00,87.22,87.69,87.22,87.57,2298969
2024-05-28 04:00:00+00:00,87.59,87.71,86.93,87.24,2111736
2024-05-29 04:00:00+00:00,86.42,86.64,85.93,85.99,4072512
2024-05-30 04:00:00+00:00,85.82,86.74,85.82,86.69,3299682
2024-05-31 04:00:00+00:00,86.78,87.75,86.16,87.74,4101608
2024-06-03 04:00:00+00:00,87.72,87.76,86.47,87.22,5950110
2024-06-04 04:00:00+00:00,86.52,86.68,85.75,86.25,3389462
2024-06-05 04:00:00+00:00,86.27,86.88,85.91,86.85,3410361
2024-06-06 04:00:00+00:00,86.85,86.96,86.46,86.94,2119415
2024-06-07 04:00:00+00:00,86.04,86.79,85.7,86.07,4179472
2024-06-10 04:00:00+00:00,85.84,86.07,85.64,85.98,2611773
2024-06-11 04:00:00+00:00,85.5,85.95,85.16,85.95,3228605
2024-06-12 04:00:00+00:00,86.99,87.25,85.9,86.12,4087068
2024-06-13 04:00:00+00:00,85.64,86.19,85.32,86.09,3968556
2024-06-14 04:00:00+00:00,85.59,85.73,84.76,85.29,2847207
2024-06-17 04:00:00+00:00,84.99,86.07,84.78,85.93,3815800
2024-06-18 04:00:00+00:00,85.95,86.26,85.43,85.83,3436308
2024-06-20 04:00:00+00:00,85.78,86.34,85.72,85.92,3220495
2024-06-21 04:00:00+00:00,85.69,86.09,85.28,85.93,4104920
2024-06-24 04:00:00+00:00,86.29,86.84,86.05,86.48,4032573
2024-06-25 04:00:00+00:00,86.32,86.34,85.1,85.38,3646066
2024-06-26 04:00:00+00:00,84.96,85.4,84.71,85.32,3237286
2024-06-27 04:00:00+00:00,85.32,85.35,84.87,85.08,8139791
2024-06-28 04:00:00+00:00,85.09,85.68,84.79,85.06,3851788
2024-07-01 04:00:00+00:00,85.12,85.44,83.49,83.75,4323694
2024-07-02 04:00:00+00:00,83.54,84.13,83.22,83.9,6558753
2024-07-03 04:00:00+00:00,84.18,84.74,84.1,84.53,2295553
2024-07-05 04:00:00+00:00,84.48,84.76,84.01,84.66,4423391
2024-07-08 04:00:00+00:00,84.91,85.21,84.61,84.91,5248449
2024-07-09 04:00:00+00:00,84.53,84.71,84.02,84.04,2975520
2024-07-10 04:00:00+00:00,84.47,85.22,84.33,85.17,3957661
2024-07-11 04:00:00+00:00,85.59,86.46,85.54,86.34,5957001
2024-07-12 04:00:00+00:00,86.83,87.58,86.6,87.16,4897980
2024-07-15 04:00:00+00:00,87.17,87.53,86.74,86.94,3242685
2024-07-16 04:00:00+00:00,86.87,88.71,86.83,88.63,3733012
2024-07-17 04:00:00+00:00,88.58,88.98,88.41,88.45,4395221
2024-07-18 04:00:00+00:00,87.93,88.89,87.46,87.57,4455094
2024-07-19 04:00:00+00:00,87.15,87.35,86.53,86.79,4682646
2024-07-22 04:00:00+00:00,87.01,87.18,86.36,87.08,3763091
2024-07-23 04:00:00+00:00,87.34,87.57,86.81,87.42,3246725
2024-07-24 04:00:00+00:00,87.58,87.68,86.22,86.31,4274498
2024-07-25 04:00:00+00:00,85.91,87.6,85.84,86.55,5026213
2024-07-26 04:00:00+00:00,87.12,88.3,86.91,87.96,3534882
2024-07-29 04:00:00+00:00,88.02,88.35,87.64,88.12,3524841
2024-07-30 04:00:00+00:00,87.81,88.47,87.65,87.83,4251101
2024-07-31 04:00:00+00:00,88.58,89.56,88.29,88.74,5233376
2024-08-01 04:00:00+00:00,89.14,89.95,87.83,88.39,8567173
2024-08-02 04:00:00+00:00,87.4,87.6,85.58,86.72,10472622
2024-08-05 04:00:00+00:00,85.16,85.48,84.06,84.79,9741534
2024-08-06 04:00:00+00:00,84.67,86.31,84.53,85.22,5906113
2024-08-07 04:00:00+00:00,85.94,86.3,84.01,84.06,5548732
2024-08-08 04:00:00+00:00,84.5,85.55,84.44,85.36,5379485
2024-08-09 04:00:00+00:00,85.41,85.57,84.51,85.3,2861153
2024-08-12 04:00:00+00:00,85.39,85.51,84.72,84.92,2780943
2024-08-13 04:00:00+00:00,85.22,85.95,85.02,85.77,3118062
2024-08-14 04:00:00+00:00,85.98,86.02,85.33,85.77,3620523
2024-08-15 04:00:00+00:00,86.59,87.3,86.4,87.13,3864285
2024-08-16 04:00:00+00:00,86.97,87.28,86.58,87.23,2901562
2024-08-19 04:00:00+00:00,87.24,87.72,87.24,87.65,2293246
2024-08-20 04:00:00+00:00,87.69,87.92,87.24,87.33,2417316
2024-08-21 04:00:00+00:00,87.62,88.41,87.58,88.33,2305472
2024-08-22 04:00:00+00:00,88.33,88.48,87.84,88.15,2842153
2024-08-23 04:00:00+00:00,88.51,89.53,88.45,89.31,2899027
2024-08-26 04:00:00+00:00,89.71,90.37,89.56,89.71,3831542
2024-08-27 04:00:00+00:00,89.64,89.74,89.13,89.72,4422675
2024-08-28 04:00:00+00:00,89.42,89.81,89.0,89.33,3262082
2024-08-29 04:00:00+00:00,89.65,90.38,89.08,89.82,3025616
2024-08-30 04:00:00+00:00,90.07,90.94,89.63,90.8,4323779
2024-09-03 04:00:00+00:00,89.49,89.92,88.46,88.74,4751745
2024-09-04 04:00:00+00:00,88.97,89.34,88.28,88.38,3156681
2024-09-05 04:00:00+00:00,88.56,88.67,87.48,87.68,3793542
2024-09-06 04:00:00+00:00,87.56,88.08,86.4,86.58,5308258
2024-09-09 04:00:00+00:00,87.08,87.87,87.08,87.41,3206246
2024-09-10 04:00:00+00:00,87.38,87.47,86.75,87.45,3149862
2024-09-11 04:00:00+00:00,87.45,87.76,85.61,87.67,3696445
2024-09-12 04:00:00+00:00,87.94,88.49,87.44,88.47,2981355
2024-09-13 04:00:00+00:00,88.73,89.75,88.67,89.27,3229535
2024-09-16 04:00:00+00:00,89.67,90.27,89.41,90.1,2919335
2024-09-17 04:00:00+00:00,90.14,90.94,90.05,90.28,2940719
2024-09-18 04:00:00+00:00,90.47,90.95,89.67,89.89,5577704
2024-09-19 04:00:00+00:00,91.38,91.61,90.75,91.25,4175917
2024-09-20 04:00:00+00:00,91.14,91.14,90.25,90.6,4808668
2024-09-23 04:00:00+00:00,90.96,91.47,90.77,91.39,2579869
2024-09-24 04:00:00+00:00,92.22,92.8,92.03,92.64,3959375
2024-09-25 04:00:00+00:00,92.89,92.97,91.81,92.02,2907795
2024-09-26 04:00:00+00:00,93.02,94.06,93.02,93.93,5121708
2024-09-27 04:00:00+00:00,93.92,94.6,93.57,93.76,4249281
2024-09-30 04:00:00+00:00,93.61,93.72,92.54,93.24,3686848
2024-10-01 04:00:00+00:00,93.34,93.4,92.58,93.01,5773445
2024-10-02 04:00:00+00:00,92.78,93.39,92.41,92.65,5285748
2024-10-03 04:00:00+00:00,92.1,92.12,91.38,91.63,6771310
2024-10-04 04:00:00+00:00,92.2,92.46,91.5,92.07,5690150
2024-10-07 04:00:00+00:00,91.66,92.02,91.29,91.8,3900262
2024-10-08 04:00:00+00:00,91.27,91.49,90.79,91.38,4466957
2024-10-09 04:00:00+00:00,91.31,92.22,91.16,91.96,4280986
2024-10-10 04:00:00+00:00,91.92,92.31,91.53,92.17,3382334
2024-10-11 04:00:00+00:00,92.35,93.03,92.22,92.77,3315619
2024-10-14 04:00:00+00:00,92.35,93.35,92.2,93.3,3108609
2024-10-15 04:00:00+00:00,93.09,93.97,93.09,93.2,3858765
2024-10-16 04:00:00+00:00,93.31,94.11,93.27,93.93,3732912
2024-10-17 04:00:00+00:00,94.13,94.28,93.77,94.07,2521799
2024-10-18 04:00:00+00:00,94.35,94.68,93.97,94.45,3017754
2024-10-21 04:00:00+00:00,94.35,94.49,93.41,93.73,2171608
2024-10-22 04:00:00+00:00,93.66,93.8,92.35,92.87,3477325
2024-10-23 04:00:00+00:00,92.62,93.13,92.18,92.61,3391318
2024-10-24 04:00:00+00:00,92.43,92.61,91.1,91.48,2546356
2024-10-25 04:00:00+00:00,91.44,91.81,90.85,90.9,3703468
2024-10-28 04:00:00+00:00,91.35,91.78,91.24,91.66,3850830
2024-10-29 04:00:00+00:00,91.2,91.61,90.96,91.07,3657846
2024-10-30 04:00:00+00:00,91.07,92.16,91.07,91.56,5321808
2024-10-31 04:00:00+00:00,90.94,91.32,90.31,90.35,4053468
2024-11-01 04:00:00+00:00,90.42,90.73,90.07,90.1,3464016
2024-11-04 05:00:00+00:00,90.59,91.1,90.08,90.49,7654312
2024-11-05 05:00:00+00:00,90.28,90.99,89.99,90.63,3986547
2024-11-06 05:00:00+00:00,92.62,92.81,91.2,91.88,6351401
2024-11-07 05:00:00+00:00,92.12,92.57,91.93,92.24,9974915
2024-11-08 05:00:00+00:00,91.9,91.98,91.23,91.39,4402828
2024-11-11 05:00:00+00:00,91.3,91.67,90.9,91.0,3847010
2024-11-12 05:00:00+00:00,90.55,90.68,89.23,89.45,3539459
2024-11-13 05:00:00+00:00,89.52,89.85,89.23,89.66,3155054
2024-11-14 05:00:00+00:00,89.54,89.63,88.83,88.93,2955710
2024-11-15 05:00:00+00:00,88.89,89.07,88.16,88.31,3197792
2024-11-18 05:00:00+00:00,88.47,89.0,88.31,89.0,3937689
2024-11-19 05:00:00+00:00,88.33,88.85,87.86,88.71,3270279
2024-11-20 05:00:00+00:00,88.75,89.54,88.41,89.43,4172903
2024-11-21 05:00:00+00:00,89.45,90.55,89.19,90.52,4201154
2024-11-22 05:00:00+00:00,90.45,91.13,90.39,91.03,2928593
2024-11-25 05:00:00+00:00,91.39,92.1,91.29,91.97,3762445
2024-11-26 05:00:00+00:00,91.73,91.73,90.93,91.28,3052281
2024-11-27 05:00:00+00:00,91.41,92.06,91.11,91.23,7023674
2024-11-29 05:00:00+00:00,91.24,91.77,91.1,91.69,2132591
2024-12-02 05:00:00+00:00,91.79,91.85,90.99,91.64,6392835
2024-12-03 05:00:00+00:00,92.0,92.08,91.17,91.35,5549678
2024-12-04 05:00:00+00:00,90.99,91.05,90.18,90.46,5432960
2024-12-05 05:00:00+00:00,89.97,90.11,88.85,89.27,6381449
2024-12-06 05:00:00+00:00,89.49,89.61,88.88,88.92,3565465
2024-12-09 05:00:00+00:00,89.62,90.12,88.88,88.9,4708813
2024-12-10 05:00:00+00:00,88.79,88.86,87.44,87.99,3859313
2024-12-11 05:00:00+00:00,88.28,88.28,87.62,87.68,6144057
2024-12-12 05:00:00+00:00,87.37,87.61,87.03,87.07,3647065
2024-12-13 05:00:00+00:00,86.76,86.89,86.03,86.33,4049615
2024-12-16 05:00:00+00:00,86.15,86.45,85.52,85.56,5243294
2024-12-17 05:00:00+00:00,85.18,85.8,85.07,85.09,4144942
2024-12-18 05:00:00+00:00,85.04,85.32,82.63,82.67,7398704
2024-12-19 05:00:00+00:00,82.75,83.32,81.76,81.78,6248332
2024-12-20 05:00:00+00:00,81.63,83.28,81.58,82.79,7342534
2024-12-23 05:00:00+00:00,82.69,82.83,81.94,82.73,5669580
2024-12-24 05:00:00+00:00,82.75,83.25,82.35,83.18,2751182
2024-12-26 05:00:00+00:00,82.84,83.36,82.63,83.05,3258899
2024-12-27 05:00:00+00:00,82.63,83.35,82.28,82.6,4284087
2024-12-30 05:00:00+00:00,82.07,82.07,81.11,81.49,3764068
2024-12-31 05:00:00+00:00,81.77,82.1,81.39,81.83,4441590
2025-01-02 05:00:00+00:00,82.21,82.49,80.8,80.92,10002136
2025-01-03 05:00:00+00:00,81.18,81.29,80.76,80.9,9674247
2025-01-06 05:00:00+00:00,81.7,82.22,81.32,81.45,8301230
2025-01-07 05:00:00+00:00,81.49,82.32,80.98,81.4,11534455
2025-01-08 05:00:00+00:00,81.46,81.85,80.87,81.85,7871606
2025-01-10 05:00:00+00:00,81.27,81.6,80.79,81.01,9276803
2025-01-13 05:00:00+00:00,80.93,82.86,80.86,82.82,10007353
2025-01-14 05:00:00+00:00,83.28,83.91,83.07,83.85,6542320
2025-01-15 05:00:00+00:00,85.06,85.29,84.09,84.65,6282069
2025-01-16 05:00:00+00:00,84.71,85.36,84.48,85.35,5775459
2025-01-17 05:00:00+00:00,85.91,86.45,85.58,85.9,5794592
2025-01-21 05:00:00+00:00,86.71,87.24,86.59,87.0,5174001
2025-01-22 05:00:00+00:00,87.1,87.13,86.28,86.3,5947135
2025-01-23 05:00:00+00:00,86.3,86.78,85.84,86.78,4284373
2025-01-24 05:00:00+00:00,87.16,87.19,86.46,86.55,3150105
2025-01-27 05:00:00+00:00,86.38,86.68,85.88,86.6,6469453
2025-01-28 05:00:00+00:00,86.8,86.81,86.12,86.32,4643874
2025-01-29 05:00:00+00:00,85.99,86.57,85.95,86.16,4510226
2025-01-30 05:00:00+00:00,85.99,87.04,85.83,86.98,6199154
2025-01-31 05:00:00+00:00,86.87,87.14,85.99,86.35,6951359
2025-02-03 05:00:00+00:00,85.47,86.68,84.54,86.44,10590387
2025-02-04 05:00:00+00:00,86.72,87.04,86.44,86.69,9688941
2025-02-05 05:00:00+00:00,86.32,87.04,86.04,86.62,7097123
2025-02-06 05:00:00+00:00,86.68,87.15,86.24,86.92,7651586
2025-02-07 05:00:00+00:00,86.7,86.83,85.77,85.86,6600259
2025-02-10 05:00:00+00:00,86.48,86.58,85.84,86.3,4387013
2025-02-11 05:00:00+00:00,86.57,87.36,86.44,86.8,4720918
2025-02-12 05:00:00+00:00,85.64,86.62,85.35,86.18,5513610
2025-02-13 05:00:00+00:00,86.66,87.78,86.54,87.68,5215468
2025-02-14 05:00:00+00:00,87.93,88.37,87.36,87.38,4815756
2025-02-18 05:00:00+00:00,87.62,88.49,87.09,88.49,3558251
2025-02-19 05:00:00+00:00,87.42,87.72,87.14,87.45,3775920
2025-02-20 05:00:00+00:00,87.21,87.55,86.67,87.24,4934330
2025-02-21 05:00:00+00:00,87.42,87.43,85.55,85.65,4977144
2025-02-24 05:00:00+00:00,85.86,86.05,85.31,85.55,4727220
2025-02-25 05:00:00+00:00,85.61,86.48,85.53,86.21,4640632
2025-02-26 05:00:00+00:00,86.52,86.98,86.09,86.17,3982585
2025-02-27 05:00:00+00:00,86.21,86.76,85.53,85.59,3544476
2025-02-28 05:00:00+00:00,85.92,86.39,85.26,86.32,4658277
2025-03-03 05:00:00+00:00,87.13,87.44,84.38,84.59,8441551
2025-03-04 05:00:00+00:00,84.78,84.78,83.32,83.44,11259358
2025-03-05 05:00:00+00:00,84.22,85.84,84.09,85.62,8684341
2025-03-06 05:00:00+00:00,85.19,85.99,84.71,85.17,9246886
2025-03-07 05:00:00+00:00,84.79,85.76,84.39,85.4,7827296
2025-03-10 04:00:00+00:00,84.65,85.13,83.04,83.62,8336590
2025-03-11 04:00:00+00:00,83.77,83.84,82.51,82.98,7713058
2025-03-12 04:00:00+00:00,83.21,83.32,82.22,82.59,6303559
2025-03-13 04:00:00+00:00,82.65,83.5,82.02,82.54,5141514
2025-03-14 04:00:00+00:00,83.22,83.74,82.88,83.62,4753687
2025-03-17 04:00:00+00:00,83.44,84.93,83.44,84.67,4307615
2025-03-18 04:00:00+00:00,85.02,85.02,84.18,84.52,5011996
2025-03-19 04:00:00+00:00,84.59,85.12,84.0,84.8,5126788
2025-03-20 04:00:00+00:00,84.55,84.99,84.15,84.27,3803072
2025-03-21 04:00:00+00:00,83.57,83.57,82.4,83.43,8404357
2025-03-24 04:00:00+00:00,84.28,84.73,83.97,84.56,4602572
2025-03-25 04:00:00+00:00,84.82,85.0,84.18,84.54,3811125
2025-03-26 04:00:00+00:00,84.63,85.21,84.29,84.7,4080582
2025-03-27 04:00:00+00:00,84.45,84.95,83.87,84.66,3024619
2025-03-28 04:00:00+00:00,84.86,84.89,83.0,83.1,4573827
2025-03-31 04:00:00+00:00,82.81,84.41,82.14,84.01,4440730
2025-04-01 04:00:00+00:00,83.8,84.37,83.05,84.33,6098811
2025-04-02 04:00:00+00:00,83.54,85.13,83.54,85.02,5931919
2025-04-03 04:00:00+00:00,82.29,82.84,80.96,81.18,9479216
2025-04-04 04:00:00+00:00,79.24,79.42,75.91,76.1,14694899
2025-04-07 04:00:00+00:00,74.41,78.04,72.54,74.88,25121946
2025-04-08 04:00:00+00:00,76.63,76.86,71.45,72.57,13740131
2025-04-09 04:00:00+00:00,72.17,79.31,72.06,78.91,20211962
2025-04-10 04:00:00+00:00,77.65,77.68,74.59,76.39,14083846
2025-04-11 04:00:00+00:00,76.56,79.24,76.18,78.66,8603520
2025-04-14 04:00:00+00:00,79.59,79.96,78.64,79.61,5213244
2025-04-15 04:00:00+00:00,79.27,80.02,78.91,78.98,4014356
2025-04-16 04:00:00+00:00,79.05,79.59,77.83,78.37,5363333
2025-04-17 04:00:00+00:00,78.59,79.52,78.5,78.9,4767948
2025-04-21 04:00:00+00:00,78.84,78.84,76.98,77.7,3942908
2025-04-22 04:00:00+00:00,78.49,79.75,78.49,79.52,3646674
2025-04-23 04:00:00+00:00,80.41,81.56,79.36,79.62,6668545
2025-04-24 04:00:00+00:00,79.74,81.48,79.45,81.34,4997751
2025-04-25 04:00:00+00:00,80.7,80.95,80.08,80.73,4700201
2025-04-28 04:00:00+00:00,80.84,81.44,80.09,80.88,3889777
2025-04-29 04:00:00+00:00,81.04,81.89,80.65,81.55,4763437
2025-04-30 04:00:00+00:00,80.59,82.23,80.16,81.97,4933807
2025-05-01 04:00:00+00:00,81.04,82.21,81.0,81.61,5604229
2025-05-02 04:00:00+00:00,82.59,83.33,82.29,82.99,4286186
2025-05-05 04:00:00+00:00,82.62,82.97,82.25,82.37,2839554
2025-05-06 04:00:00+00:00,82.1,82.47,81.56,81.78,3055580
2025-05-07 04:00:00+00:00,81.86,82.04,81.01,81.33,4373235
2025-05-08 04:00:00+00:00,81.89,83.22,81.69,82.41,4031577
2025-05-09 04:00:00+00:00,82.42,82.74,82.16,82.63,3180016
2025-05-12 04:00:00+00:00,84.88,85.48,84.11,84.54,4399501
2025-05-13 04:00:00+00:00,84.58,84.76,84.09,84.12,3419523
2025-05-14 04:00:00+00:00,83.64,83.75,82.9,83.35,3945610
2025-05-15 04:00:00+00:00,83.12,84.24,83.07,84.2,3557268
2025-05-16 04:00:00+00:00,84.21,85.07,83.72,85.06,3213350
2025-05-19 04:00:00+00:00,84.58,85.37,84.21,85.27,5083307
2025-05-20 04:00:00+00:00,85.15,85.28,84.76,85.13,2564304
2025-05-21 04:00:00+00:00,84.45,84.91,83.87,83.99,4806549
2025-05-22 04:00:00+00:00,83.89,84.26,83.29,83.91,3825569
2025-05-23 04:00:00+00:00,83.27,84.04,83.11,83.74,3671594
2025-05-27 04:00:00+00:00,84.58,85.23,84.32,85.21,3449341
2025-05-28 04:00:00+00:00,85.11,85.12,83.96,84.04,5298534
2025-05-29 04:00:00+00:00,84.47,84.5,83.52,84.36,4934786
2025-05-30 04:00:00+00:00,84.13,84.48,83.27,84.37,6057143
2025-06-02 04:00:00+00:00,84.89,84.9,84.22,84.86,7905535
2025-06-03 04:00:00+00:00,84.54,85.76,84.14,85.73,6609119
2025-06-04 04:00:00+00:00,85.84,86.29,85.69,86.06,6633973
2025-06-05 04:00:00+00:00,86.38,86.43,85.35,85.55,7117490
2025-06-06 04:00:00+00:00,86.18,86.42,85.58,85.77,4674236
2025-06-09 04:00:00+00:00,85.98,86.92,85.88,86.35,5833485
2025-06-10 04:00:00+00:00,86.34,86.95,86.34,86.89,3937597
2025-06-11 04:00:00+00:00,86.66,86.75,85.73,86.03,5153956
2025-06-12 04:00:00+00:00,85.71,86.45,85.32,86.39,4329953
2025-06-13 04:00:00+00:00,85.56,86.47,85.15,85.38,7144737
2025-06-16 04:00:00+00:00,85.76,86.55,85.76,86.1,5252034
2025-06-17 04:00:00+00:00,85.87,85.97,85.14,85.26,4579225
2025-06-18 04:00:00+00:00,85.35,85.68,84.91,85.02,4277152
2025-06-20 04:00:00+00:00,85.51,85.63,84.33,84.44,6704907
2025-06-23 04:00:00+00:00,84.45,85.46,84.01,85.38,5060263
2025-06-24 04:00:00+00:00,85.57,86.22,85.45,86.09,4384087
2025-06-25 04:00:00+00:00,85.92,85.92,85.17,85.27,4372029
2025-06-26 04:00:00+00:00,85.69,86.48,85.69,86.21,5254355
2025-06-27 04:00:00+00:00,86.24,86.7,85.84,86.32,4687800
2025-06-30 04:00:00+00:00,86.41,86.44,85.81,86.24,4266924
2025-07-01 04:00:00+00:00,86.47,88.97,86.32,88.47,7922303
2025-07-02 04:00:00+00:00,88.89,89.82,88.73,89.79,7322291
2025-07-03 04:00:00+00:00,89.72,90.05,89.57,89.73,3382953
2025-07-07 04:00:00+00:00,89.27,89.58,88.4,88.87,5881108
2025-07-08 04:00:00+00:00,89.06,89.88,88.95,89.6,8173862
2025-07-09 04:00:00+00:00,89.83,90.24,89.29,90.14,6717762
2025-07-10 04:00:00+00:00,90.35,91.2,90.17,90.62,6432628
2025-07-11 04:00:00+00:00,89.65,90.03,89.18,89.88,5782048
2025-07-14 04:00:00+00:00,89.52,89.72,89.05,89.38,6474746
2025-07-15 04:00:00+00:00,89.53,89.58,87.52,87.54,7326997
2025-07-16 04:00:00+00:00,87.65,87.87,86.76,87.78,6806945
2025-07-17 04:00:00+00:00,87.59,88.47,87.48,88.4,5920460
2025-07-18 04:00:00+00:00,88.55,88.67,88.08,88.61,6811599
2025-07-21 04:00:00+00:00,89.15,89.84,88.95,89.06,5315525
2025-07-22 04:00:00+00:00,88.97,90.36,88.92,90.28,6825474
2025-07-23 04:00:00+00:00,90.64,91.08,90.43,90.59,6747213
2025-07-24 04:00:00+00:00,89.76,90.35,89.39,89.66,8671936
2025-07-25 04:00:00+00:00,89.89,90.77,89.65,90.72,7876383
2025-07-28 04:00:00+00:00,90.2,90.32,89.15,89.4,7507522
2025-07-29 04:00:00+00:00,89.24,89.25,88.53,89.06,7102948
2025-07-30 04:00:00+00:00,88.65,88.74,86.89,87.26,11813543
2025-07-31 04:00:00+00:00,86.23,87.23,86.06,86.16,11615339
2025-08-01 04:00:00+00:00,85.57,85.61,84.48,85.17,14290987
2025-08-04 04:00:00+00:00,85.66,86.39,85.63,86.3,7748470
2025-08-05 04:00:00+00:00,86.75,87.08,86.1,86.91,8023642
2025-08-06 04:00:00+00:00,86.82,87.03,85.94,85.96,6570516
2025-08-07 04:00:00+00:00,86.81,86.95,85.81,86.34,7636278
2025-08-08 04:00:00+00:00,86.65,87.05,86.39,86.77,5201327
2025-08-11 04:00:00+00:00,86.84,87.21,86.08,86.57,6017841
2025-08-12 04:00:00+00:00,86.72,87.78,86.63,87.7,6250633
2025-08-13 04:00:00+00:00,88.15,89.39,87.92,89.35,8441187
2025-08-14 04:00:00+00:00,88.54,88.57,87.74,88.42,8049387
2025-08-15 04:00:00+00:00,89.0,89.0,88.22,88.42,8066126
2025-08-18 04:00:00+00:00,88.29,88.49,87.79,87.91,4711537
2025-08-19 04:00:00+00:00,87.98,88.87,87.98,88.44,5990249
2025-08-20 04:00:00+00:00,88.46,89.05,88.19,88.51,6717980
2025-08-21 04:00:00+00:00,88.16,88.97,88.05,88.77,6508785
2025-08-22 04:00:00+00:00,89.15,90.98,89.03,90.53,5717159
2025-08-25 04:00:00+00:00,90.44,90.55,89.88,90.03,6281943
2025-08-26 04:00:00+00:00,89.79,90.35,89.72,90.27,4207161
2025-08-27 04:00:00+00:00,89.88,90.61,89.79,90.5,4483902
2025-08-28 04:00:00+00:00,90.76,90.79,89.86,90.5,4278685
2025-08-29 04:00:00+00:00,90.52,91.06,90.4,90.63,4144061
2025-09-02 04:00:00+00:00,89.86,90.05,89.41,89.95,6514359
2025-09-03 04:00:00+00:00,89.9,90.0,89.11,89.34,5078822
2025-09-04 04:00:00+00:00,89.33,89.73,88.61,89.69,6265146
2025-09-05 04:00:00+00:00,90.02,91.04,89.68,90.31,7523556
2025-09-08 04:00:00+00:00,90.48,90.48,89.34,90.39,6802897
2025-09-09 04:00:00+00:00,89.91,90.27,88.67,88.92,6056221
2025-09-10 04:00:00+00:00,88.85,89.6,88.74,89.09,5335787
2025-09-11 04:00:00+00:00,89.01,91.04,88.95,90.95,5835096
2025-09-12 04:00:00+00:00,90.48,90.82,89.87,90.04,5534735
2025-09-15 04:00:00+00:00,90.15,90.19,89.16,89.31,4895685
2025-09-16 04:00:00+00:00,89.53,89.71,88.81,89.04,4850239
2025-09-17 04:00:00+00:00,89.12,90.81,88.71,89.24,6659801
2025-09-18 04:00:00+00:00,88.97,89.52,88.55,89.24,7558002
2025-09-19 04:00:00+00:00,89.47,89.53,88.92,89.2,8234080
2025-09-22 04:00:00+00:00,89.17,89.45,88.76,89.17,4441226
2025-09-23 04:00:00+00:00,89.38,90.05,88.77,88.89,4114362
2025-09-24 04:00:00+00:00,88.53,88.97,87.69,87.8,5334888
2025-09-25 04:00:00+00:00,87.49,87.51,86.52,86.66,5538645
2025-09-26 04:00:00+00:00,86.87,87.81,86.8,87.66,4972584
2025-09-29 04:00:00+00:00,88.23,88.29,87.51,88.0,4689446
2025-09-30 04:00:00+00:00,87.8,88.5,87.63,88.43,4704232
2025-10-01 04:00:00+00:00,88.33,88.53,87.29,87.51,6875029
2025-10-02 04:00:00+00:00,87.38,88.57,87.38,88.52,5337124
2025-10-03 04:00:00+00:00,88.5,89.14,88.41,88.67,4913929
2025-10-06 04:00:00+00:00,88.72,89.08,88.4,88.59,4469045
2025-10-07 04:00:00+00:00,88.73,89.08,87.92,88.24,5654451
2025-10-08 04:00:00+00:00,88.66,89.05,88.31,88.71,6092107
2025-10-09 04:00:00+00:00,89.06,89.23,87.27,87.5,6616012
2025-10-10 04:00:00+00:00,87.66,87.86,85.69,85.7,11131520
2025-10-13 04:00:00+00:00,86.86,87.62,86.62,87.06,5990075
2025-10-14 04:00:00+00:00,86.26,88.32,86.1,87.93,5398888
2025-10-15 04:00:00+00:00,88.3,88.81,87.06,87.54,5277937
2025-10-16 04:00:00+00:00,87.97,87.97,86.44,86.88,6694782
2025-10-17 04:00:00+00:00,86.83,87.21,86.25,86.72,6395550
2025-10-20 04:00:00+00:00,87.49,87.82,87.21,87.75,4212496
2025-10-21 04:00:00+00:00,87.1,87.73,86.83,87.42,4667772
2025-10-22 04:00:00+00:00,87.11,87.67,86.81,87.15,6563583
2025-10-23 04:00:00+00:00,87.78,88.42,87.57,88.2,5341332
2025-10-24 04:00:00+00:00,88.07,88.4,87.75,87.83,6723438
2025-10-27 04:00:00+00:00,87.79,88.19,87.42,87.79,5968278
2025-10-28 04:00:00+00:00,87.73,88.35,87.59,87.91,6521299
2025-10-29 04:00:00+00:00,87.58,87.84,86.02,86.18,10491779
2025-10-30 04:00:00+00:00,85.6,85.89,84.98,85.03,10399286
2025-10-31 04:00:00+00:00,84.58,84.96,83.91,84.54,8764440
2025-11-03 05:00:00+00:00,84.45,84.55,83.17,84.01,12063685
2025-11-04 05:00:00+00:00,83.41,83.95,82.96,83.6,11082433
2025-11-05 05:00:00+00:00,84.08,84.51,83.84,84.09,9414258
2025-11-06 05:00:00+00:00,84.3,84.71,83.62,83.68,11203741
2025-11-07 05:00:00+00:00,83.89,84.85,83.59,84.68,8987916
2025-11-10 05:00:00+00:00,85.25,85.67,84.53,85.48,7616746
2025-11-11 05:00:00+00:00,85.84,86.54,85.65,86.37,5820723
2025-11-12 05:00:00+00:00,86.64,87.5,86.55,86.98,6961917
2025-11-13 05:00:00+00:00,87.0,87.27,86.34,86.41,8970305
2025-11-14 05:00:00+00:00,85.8,86.3,85.49,85.62,6414979
2025-11-17 05:00:00+00:00,85.41,85.65,84.2,84.32,7075366
2025-11-18 05:00:00+00:00,84.41,84.98,83.93,84.39,10307538
2025-11-19 05:00:00+00:00,84.9,84.96,84.07,84.61,7692901
2025-11-20 05:00:00+00:00,85.19,85.56,83.31,83.34,11334572
2025-11-21 05:00:00+00:00,83.76,85.86,83.58,85.21,10494799
2025-11-24 05:00:00+00:00,85.15,85.57,84.78,85.37,7274863
2025-11-25 05:00:00+00:00,85.82,86.84,85.76,86.65,6227944
2025-11-26 05:00:00+00:00,86.72,87.94,86.68,87.71,4947687
2025-11-28 05:00:00+00:00,87.95,88.56,87.73,88.22,2393416
2025-12-01 05:00:00+00:00,88.1,88.77,87.95,88.0,6683942
2025-12-02 05:00:00+00:00,88.18,88.18,86.69,87.2,6452959
2025-12-03 05:00:00+00:00,87.59,88.06,87.51,87.81,5920915
2025-12-04 05:00:00+00:00,87.59,87.83,87.08,87.3,4956511
2025-12-05 05:00:00+00:00,43.75,44.04,43.51,43.51,7134027
2025-12-08 05:00:00+00:00,43.5,43.52,42.87,42.9,11389224
2025-12-09 05:00:00+00:00,42.85,43.24,42.8,42.82,8801114
2025-12-10 05:00:00+00:00,42.78,43.75,42.78,43.65,10919472
2025-12-11 05:00:00+00:00,43.7,44.62,43.7,44.52,11009172
2025-12-12 05:00:00+00:00,44.91,44.97,44.37,44.55,14078643
2025-12-15 05:00:00+00:00,44.82,44.84,44.26,44.52,9228843
2025-12-16 05:00:00+00:00,44.58,44.61,44.12,44.4,9742309
2025-12-17 05:00:00+00:00,44.41,44.76,44.35,44.59,10934998
2025-12-18 05:00:00+00:00,44.67,45.02,44.53,44.57,8978142
2025-12-19 05:00:00+00:00,44.6,44.93,44.49,44.77,10358053
2025-12-22 05:00:00+00:00,45.02,45.34,44.96,45.3,9862655
2025-12-23 05:00:00+00:00,45.41,45.43,45.16,45.38,8424796
2025-12-24 05:00:00+00:00,45.36,45.52,45.24,45.47,2767614
2025-12-26 05:00:00+00:00,45.58,45.76,45.49,45.73,5035787
2025-12-29 05:00:00+00:00,45.37,45.49,45.16,45.37,6370409
2025-12-30 05:00:00+00:00,45.44,45.48,45.26,45.36,4432075
2025-12-31 05:00:00+00:00,45.24,45.3,44.96,44.98,5704262
2026-01-02 05:00:00+00:00,45.15,45.8,44.9,45.74,18031002
2026-01-05 05:00:00+00:00,45.65,46.35,45.63,46.2,21964268
2026-01-06 05:00:00+00:00,46.35,47.24,46.31,47.11,18351568
2026-01-07 05:00:00+00:00,46.95,47.17,46.25,46.3,16963809
2026-01-08 05:00:00+00:00,46.03,47.24,45.89,47.11,14918890
2026-01-09 05:00:00+00:00,47.2,47.9,47.17,47.87,11769696
2026-01-12 05:00:00+00:00,47.98,48.21,47.81,48.12,12673138
2026-01-13 05:00:00+00:00,48.2,48.36,48.0,48.33,10797859
2026-01-14 05:00:00+00:00,48.35,48.74,48.23,48.35,16030116
2026-01-15 05:00:00+00:00,48.37,48.71,48.21,48.56,17883630
2026-01-16 05:00:00+00:00,48.17,48.32,47.97,48.28,10769302
2026-01-20 05:00:00+00:00,47.96,48.12,47.63,47.8,17363825
2026-01-21 05:00:00+00:00,48.42,48.98,48.27,48.84,16940422
2026-01-22 05:00:00+00:00,48.97,49.42,48.94,49.12,14648291
2026-01-23 05:00:00+00:00,49.06,49.58,48.96,49.56,19550710
2026-01-26 05:00:00+00:00,50.01,50.06,49.61,49.62,13900941
2026-01-27 05:00:00+00:00,49.46,49.77,49.28,49.57,10123803
2026-01-28 05:00:00+00:00,49.71,49.8,49.14,49.54,13517233
2026-01-29 05:00:00+00:00,50.04,50.21,48.88,49.59,20503731
2026-01-30 05:00:00+00:00,48.81,49.25,48.41,48.87,28082600
2026-02-02 05:00:00+00:00,48.85,49.4,48.8,49.25,25155336
2026-02-03 05:00:00+00:00,49.77,50.8,49.65,50.29,34077441
2026-02-04 05:00:00+00:00,50.59,51.6,50.59,51.47,35878617
2026-02-05 05:00:00+00:00,50.96,51.1,49.95,50.09,25667272
2026-02-06 05:00:00+00:00,50.45,51.19,50.45,51.09,14367401
2026-02-09 05:00:00+00:00,51.05,51.88,50.85,51.75,12325169
2026-02-10 05:00:00+00:00,51.73,52.55,51.7,52.48,18381378
2026-02-11 05:00:00+00:00,52.68,53.23,52.68,53.18,24891284
2026-02-12 05:00:00+00:00,53.23,53.7,52.31,52.4,30108108
2026-02-13 05:00:00+00:00,52.11,53.2,52.01,52.88,19918942
2026-02-17 05:00:00+00:00,52.27,52.53,51.66,52.27,20404661
2026-02-18 05:00:00+00:00,52.57,52.91,52.31,52.59,11992740
2026-02-19 05:00:00+00:00,52.22,52.74,52.0,52.4,18340238
2026-02-20 05:00:00+00:00,52.19,52.82,51.89,52.53,17810549
2026-02-23 05:00:00+00:00,52.06,52.67,51.93,52.53,17354324
2026-02-24 05:00:00+00:00,52.53,53.06,52.48,52.93,13452432
2026-02-25 05:00:00+00:00,53.29,53.31,52.24,52.63,12379776
2026-02-26 05:00:00+00:00,52.46,52.69,51.92,52.57,15645344
2026-02-27 05:00:00+00:00,52.43,53.05,52.24,52.97,12123004
2026-03-02 05:00:00+00:00,52.64,52.95,52.08,52.82,19444910
2026-03-03 05:00:00+00:00,51.25,51.66,50.28,51.52,27308209
2026-03-04 05:00:00+00:00,51.89,51.95,51.25,51.5,17142150
2026-03-05 05:00:00+00:00,51.18,51.36,50.1,50.42,19902379
2026-03-06 05:00:00+00:00,49.9,49.95,49.04,49.45,23171636
2026-03-09 04:00:00+00:00,48.86,49.78,48.2,49.58,22462396
2026-03-10 04:00:00+00:00,49.58,50.01,49.23,49.47,19215247
2026-03-11 04:00:00+00:00,49.32,49.48,48.88,49.43,12571196
2026-03-12 04:00:00+00:00,49.38,49.82,49.23,49.28,19573154
2026-03-13 04:00:00+00:00,49.62,49.72,48.61,48.79,17240595
2026-03-16 04:00:00+00:00,49.06,49.36,48.69,49.0,15641562
2026-03-17 04:00:00+00:00,49.28,49.57,49.08,49.12,12770784
2026-03-18 04:00:00+00:00,48.78,48.87,48.09,48.09,16432735
2026-03-19 04:00:00+00:00,47.25,47.6,46.83,47.35,23547045
2026-03-20 04:00:00+00:00,47.46,47.57,46.35,46.6,19735415
2026-03-23 04:00:00+00:00,47.22,47.97,47.18,47.37,19208684
2026-03-24 04:00:00+00:00,47.1,48.61,47.06,48.27,15814921
2026-03-25 04:00:00+00:00,48.82,49.26,48.48,49.23,15047383
2026-03-26 04:00:00+00:00,48.79,49.54,48.78,48.91,12904075
2026-03-27 04:00:00+00:00,48.86,49.11,48.6,48.73,10746567
2026-03-30 04:00:00+00:00,49.33,49.55,48.72,48.91,16613234
2026-03-31 04:00:00+00:00,49.33,50.04,49.1,49.78,20488168
2026-04-01 04:00:00+00:00,50.15,50.47,49.98,50.27,19967067
2026-04-02 04:00:00+00:00,49.89,50.73,49.72,50.22,13800232
2026-04-06 04:00:00+00:00,50.02,50.24,49.66,50.03,8885950
2026-04-07 04:00:00+00:00,49.93,50.13,49.49,49.89,9953700
2026-04-08 04:00:00+00:00,50.89,51.59,50.58,51.56,14354485
2026-04-09 04:00:00+00:00,51.37,51.88,51.28,51.48,7658784
2026-04-10 04:00:00+00:00,51.74,52.03,51.69,51.77,6138713
2026-04-13 04:00:00+00:00,51.5,52.06,51.36,52.0,9890911
2026-04-14 04:00:00+00:00,52.07,52.07,51.46,51.82,8274178
2026-04-15 04:00:00+00:00,51.71,51.71,51.04,51.19,20301158
2026-04-16 04:00:00+00:00,51.33,51.78,51.3,51.56,12383052
2026-04-17 04:00:00+00:00,51.41,52.17,51.27,51.69,11796323
2026-04-20 04:00:00+00:00,51.65,52.2,51.48,52.04,8558475
2026-04-21 04:00:00+00:00,52.06,52.37,51.44,51.58,9558332
2026-04-22 04:00:00+00:00,52.05,52.22,51.5,51.64,8933340
2026-04-23 04:00:00+00:00,51.52,51.71,51.09,51.62,13728624
2026-04-24 04:00:00+00:00,51.56,51.81,51.13,51.73,7420533
2026-04-27 04:00:00+00:00,51.8,51.98,51.42,51.59,8026144
2026-04-28 04:00:00+00:00,51.68,51.79,50.82,51.21,9073294
2026-04-29 04:00:00+00:00,51.3,51.32,50.7,50.77,7053490
2026-04-30 04:00:00+00:00,50.73,51.52,50.61,51.28,15283307
2026-05-01 04:00:00+00:00,51.45,51.58,51.15,51.16,9358459
2026-05-04 04:00:00+00:00,50.96,51.07,50.31,50.46,10012100
2026-05-05 04:00:00+00:00,50.85,51.6,50.7,51.34,10775368
2026-05-06 04:00:00+00:00,52.12,52.47,51.95,52.21,10500593
2026-05-07 04:00:00+00:00,52.4,52.57,51.18,51.21,13026961
2026-05-08 04:00:00+00:00,51.62,51.71,51.31,51.4,7600237
2026-05-11 04:00:00+00:00,51.67,52.21,51.64,52.07,8587193
2026-05-12 04:00:00+00:00,51.81,52.09,51.27,51.95,11595033
2026-05-13 04:00:00+00:00,51.94,52.32,51.83,51.87,8455690
2026-05-14 04:00:00+00:00,51.93,52.06,51.4,51.48,10703956
2026-05-15 04:00:00+00:00,50.82,51.0,50.06,50.11,11193234
2026-05-18 04:00:00+00:00,50.14,50.53,49.88,50.03,10543979
2026-05-19 04:00:00+00:00,49.59,49.67,48.71,48.86,11881846
2026-05-20 04:00:00+00:00,48.81,49.59,48.71,49.53,20467343
2026-05-21 04:00:00+00:00,49.36,50.06,48.95,49.83,10236190
2026-05-22 04:00:00+00:00,50.14,50.31,49.8,50.1,6956133
2026-05-26 04:00:00+00:00,50.49,50.97,50.46,50.8,8242113
2026-05-27 04:00:00+00:00,50.82,51.18,50.79,50.99,9010966
2026-05-28 04:00:00+00:00,50.88,51.28,50.42,51.17,10567259
2026-05-29 04:00:00+00:00,51.09,51.38,50.92,50.96,11728786
2026-06-01 04:00:00+00:00,50.46,50.86,49.94,50.73,24538565
2026-06-02 04:00:00+00:00,50.63,51.47,50.53,51.33,19927097
2026-06-03 04:00:00+00:00,51.16,51.83,51.05,51.44,12438937
2026-06-04 04:00:00+00:00,51.64,52.01,51.24,51.43,9689481
2026-06-05 04:00:00+00:00,51.22,51.46,50.31,50.44,12396016
2026-06-08 04:00:00+00:00,50.42,50.62,49.72,49.77,10994677
2026-06-09 04:00:00+00:00,50.4,50.63,49.65,50.58,13441892
2026-06-10 04:00:00+00:00,50.56,50.67,49.39,49.41,9676753
2026-06-11 04:00:00+00:00,49.88,51.14,49.81,51.03,12443309
2026-06-12 04:00:00+00:00,51.52,52.16,51.33,51.99,15194972
2026-06-15 04:00:00+00:00,52.67,53.0,52.27,52.3,14993720
2026-06-16 04:00:00+00:00,52.49,52.89,52.44,52.52,8430225
2026-06-17 04:00:00+00:00,52.32,53.11,51.67,51.83,16229138
2026-06-18 04:00:00+00:00,52.03,52.23,51.57,51.62,11934311
2026-06-22 04:00:00+00:00,51.18,51.82,51.1501,51.62,9088752
2026-06-23 04:00:00+00:00,51.07,51.475,50.79,50.87,10273999
2026-06-24 04:00:00+00:00,50.87,51.53,50.79,51.16,12425847
2026-06-25 04:00:00+00:00,51.41,52.19,51.27,51.84,9656348
2026-06-26 04:00:00+00:00,51.57,51.89,51.375,51.6,9234030
2026-06-29 04:00:00+00:00,51.28,51.3973,50.25,50.66,12726663
2026-06-30 04:00:00+00:00,51.07,51.19,50.67,50.83,8329699
2026-07-01 04:00:00+00:00,50.72,51.47,50.475,51.02,14129504
2026-07-02 04:00:00+00:00,51.4,52.025,51.295,52.01,12376026
2026-07-06 04:00:00+00:00,51.92,52.04,51.35,51.98,20090958
2026-07-07 04:00:00+00:00,51.96,52.12,51.295,51.51,12305280
2026-07-08 04:00:00+00:00,51.0,51.04,49.885,50.16,13282840
2026-07-09 04:00:00+00:00,50.37,50.545,50.12,50.26,10529716
2026-07-10 04:00:00+00:00,50.29,51.11,50.29,50.89,7507717
2026-07-13 04:00:00+00:00,50.97,51.345,50.355,50.58,9031696
2026-07-14 04:00:00+00:00,51.15,51.45,50.59,50.64,8755685
2026-07-15 04:00:00+00:00,50.66,50.84,50.11,50.5,12323619
2026-07-16 04:00:00+00:00,50.31,50.93,50.28,50.89,7152790
2026-07-17 04:00:00+00:00,50.8,51.445,50.385,50.53,8671155
2026-07-20 04:00:00+00:00,50.64,50.73,49.88,50.03,10679306
2026-07-21 04:00:00+00:00,50.5,50.54,49.845,50.1,8695136
2026-07-22 04:00:00+00:00,50.33,50.97,50.3,50.82,10218200
2026-07-23 04:00:00+00:00,50.42,50.97,50.12,50.29,10924037
2026-07-24 04:00:00+00:00,50.32,51.27,50.21,51.26,12187050
2026-07-27 04:00:00+00:00,51.47,51.63,51.085,51.39,8704786
2026-07-28 04:00:00+00:00,52.0,52.775,51.88,52.34,11775205
2026-07-29 04:00:00+00:00,52.34,52.34,51.325,51.74,13744947
2026-07-30 04:00:00+00:00,52.21,52.305,51.275,51.64,10858914
2026-07-31 04:00:00+00:00,50.91,51.05,50.205,50.43,18329280
2026-08-03 04:00:00+00:00,50.74,51.04,50.35,51.01,11961784
