timestamp,open,high,low,close,volume
2017-02-01 05:00:00+00:00,73.29,73.385,71.91,72.36,18776267
2017-02-02 05:00:00+00:00,72.48,72.9,71.9,72.77,13268131
2017-02-03 05:00:00+00:00,73.02,73.78,72.63,73.4,12203871
2017-02-06 05:00:00+00:00,73.51,73.65,72.57,72.78,11764863
2017-02-07 05:00:00+00:00,72.46,72.8,71.37,71.71,14655345
2017-02-08 05:00:00+00:00,71.42,72.08,70.65,71.92,17236370
2017-02-09 05:00:00+00:00,72.35,72.95,72.35,72.73,9865778
2017-02-10 05:00:00+00:00,73.31,73.69,73.06,73.29,10679934
2017-02-13 05:00:00+00:00,73.13,73.45,72.99,73.42,8198286
2017-02-14 05:00:00+00:00,73.63,73.69,72.74,73.68,10888889
2017-02-15 05:00:00+00:00,73.42,73.76,73.13,73.37,9420846
2017-02-16 05:00:00+00:00,73.44,73.54,72.26,72.32,11864119
2017-02-17 05:00:00+00:00,72.0,72.21,71.74,71.97,11938565
2017-02-21 05:00:00+00:00,72.65,72.85,72.35,72.47,12344823
2017-02-22 05:00:00+00:00,72.12,72.2,71.305,71.36,12223780
2017-02-23 05:00:00+00:00,72.16,72.28,71.21,71.66,18822637
2017-02-24 05:00:00+00:00,71.14,71.41,70.63,70.96,15848941
2017-02-27 05:00:00+00:00,71.06,71.91,70.94,71.6,25527221
2017-02-28 05:00:00+00:00,71.38,71.715,71.18,71.38,14507548
2017-03-01 05:00:00+00:00,72.04,73.14,71.99,72.81,19695640
2017-03-02 05:00:00+00:00,72.45,72.81,72.09,72.12,11331690
2017-03-03 05:00:00+00:00,72.24,72.51,71.825,71.99,11436327
2017-03-06 05:00:00+00:00,71.87,72.25,71.59,72.16,8602587
2017-03-07 05:00:00+00:00,72.41,72.43,71.42,71.51,11737711
2017-03-08 05:00:00+00:00,71.22,71.64,69.62,69.65,27185551
2017-03-09 05:00:00+00:00,69.344,70.15,68.89,70.11,28401964
2017-03-10 05:00:00+00:00,70.56,70.65,69.6,70.01,17778585
2017-03-13 04:00:00+00:00,69.94,70.36,69.78,70.02,13344481
2017-03-14 04:00:00+00:00,69.47,69.49,68.62,69.225,26897100
2017-03-15 04:00:00+00:00,69.81,70.93,69.48,70.76,24219627
2017-03-16 04:00:00+00:00,70.92,70.92,70.07,70.27,16697127
2017-03-17 04:00:00+00:00,70.14,70.29,69.8,69.85,14773384
2017-03-20 04:00:00+00:00,69.57,69.85,69.15,69.7,12197670
2017-03-21 04:00:00+00:00,70.03,70.08,68.95,69.21,17066583
2017-03-22 04:00:00+00:00,69.0,69.43,68.72,69.11,12534850
2017-03-23 04:00:00+00:00,68.91,69.42,68.76,68.83,12224843
2017-03-24 04:00:00+00:00,68.93,69.08,68.43,68.56,10650031
2017-03-27 04:00:00+00:00,67.91,68.43,67.86,68.24,12561457
2017-03-28 04:00:00+00:00,68.38,69.38,68.1832,69.2097,28283735
2017-03-29 04:00:00+00:00,69.2,70.28,69.01,70.16,19070506
2017-03-30 04:00:00+00:00,70.6,70.77,69.96,70.14,16441541
2017-03-31 04:00:00+00:00,69.91,70.34,69.58,69.9,20912661
2017-04-03 04:00:00+00:00,70.01,70.06,69.08,69.78,13377773
2017-04-04 04:00:00+00:00,69.93,70.345,69.26,70.29,13416476
2017-04-05 04:00:00+00:00,70.88,71.49,69.965,70.07,24646842
2017-04-06 04:00:00+00:00,70.35,70.83,70.16,70.65,13474558
2017-04-07 04:00:00+00:00,70.67,70.86,70.2533,70.36,12702091
2017-04-10 04:00:00+00:00,70.75,71.21,70.6,70.91,11230651
2017-04-11 04:00:00+00:00,71.0,71.03,70.14,70.92,14144346
2017-04-12 04:00:00+00:00,70.97,71.415,70.38,70.6,11559028
2017-04-13 04:00:00+00:00,70.54,70.59,69.15,69.31,18226229
2017-04-17 04:00:00+00:00,69.29,69.5305,69.12,69.46,8390951
2017-04-18 04:00:00+00:00,69.18,69.61,68.665,68.81,15078421
2017-04-19 04:00:00+00:00,68.98,69.1099,67.62,67.8,19396127
2017-04-20 04:00:00+00:00,68.01,68.63,67.93,68.13,16526696
2017-04-21 04:00:00+00:00,67.84,68.13,67.45,67.8,14330466
2017-04-24 04:00:00+00:00,68.29,68.47,67.98,68.19,13699478
2017-04-25 04:00:00+00:00,68.36,68.93,68.15,68.77,16628299
2017-04-26 04:00:00+00:00,68.45,69.47,68.42,68.54,18969163
2017-04-27 04:00:00+00:00,68.04,68.08,67.115,67.79,21391225
2017-04-28 04:00:00+00:00,68.37,68.49,67.735,67.84,14671516
2017-05-01 04:00:00+00:00,67.82,68.005,67.5,67.68,9719433
2017-05-02 04:00:00+00:00,67.79,68.01,67.03,67.33,17023236
2017-05-03 04:00:00+00:00,67.16,67.82,66.97,67.52,17874652
2017-05-04 04:00:00+00:00,67.03,67.11,65.83,66.23,34632128
2017-05-05 04:00:00+00:00,66.3,67.42,66.265,67.31,19470258
2017-05-08 04:00:00+00:00,67.3,67.91,67.24,67.79,21509820
2017-05-09 04:00:00+00:00,67.93,67.93,67.025,67.2308,10971417
2017-05-10 04:00:00+00:00,67.62,68.44,67.56,68.12,21729133
2017-05-11 04:00:00+00:00,68.36,68.48,67.88,67.98,12346047
2017-05-12 04:00:00+00:00,67.95,68.06,67.55,67.75,10897627
2017-05-15 04:00:00+00:00,68.76,68.87,68.06,68.28,13644788
2017-05-16 04:00:00+00:00,68.6,68.6,67.7,67.94,11948292
2017-05-17 04:00:00+00:00,67.54,68.1195,67.24,67.27,15826569
2017-05-18 04:00:00+00:00,66.97,67.585,66.72,67.25,14430387
2017-05-19 04:00:00+00:00,67.58,68.22,67.42,68.06,15825597
2017-05-22 04:00:00+00:00,68.44,68.48,67.69,67.93,10456358
2017-05-23 04:00:00+00:00,68.12,68.18,67.7343,68.03,9452428
2017-05-24 04:00:00+00:00,68.01,68.22,67.42,67.7392,13903186
2017-05-25 04:00:00+00:00,67.56,68.23,66.26,66.5,24024145
2017-05-26 04:00:00+00:00,66.5,66.67,66.18,66.61,13595454
2017-05-30 04:00:00+00:00,66.26,66.26,65.69,65.7008,14990028
2017-05-31 04:00:00+00:00,65.2,65.64,65.095,65.44,16515523
2017-06-01 04:00:00+00:00,65.47,66.09,65.26,65.85,18311356
2017-06-02 04:00:00+00:00,65.55,65.57,64.81,65.09,16963330
2017-06-05 04:00:00+00:00,64.9,65.45,64.87,65.21,13208337
2017-06-06 04:00:00+00:00,65.17,66.09,65.02,65.98,15163710
2017-06-07 04:00:00+00:00,65.71,66.03,64.6,65.0392,23582979
2017-06-08 04:00:00+00:00,64.8,65.34,64.72,64.86,22624554
2017-06-09 04:00:00+00:00,65.06,66.64,65.0,66.42,23895629
2017-06-12 04:00:00+00:00,67.01,67.5539,66.745,66.91,24257809
2017-06-13 04:00:00+00:00,67.09,67.48,66.77,67.39,16528245
2017-06-14 04:00:00+00:00,67.21,67.21,65.66,66.17,30938998
2017-06-15 04:00:00+00:00,65.85,66.2,65.38,65.71,19585524
2017-06-16 04:00:00+00:00,65.61,66.33,65.19,66.3,25379645
2017-06-19 04:00:00+00:00,66.15,66.29,65.71,65.88,16734913
2017-06-20 04:00:00+00:00,65.11,65.22,64.31,65.03,16481806
2017-06-21 04:00:00+00:00,64.84,65.22,63.64,63.99,28125715
2017-06-22 04:00:00+00:00,64.02,64.5,63.69,63.95,16323231
2017-06-23 04:00:00+00:00,63.96,64.45,63.78,64.38,14869278
2017-06-26 04:00:00+00:00,64.58,64.7,63.98,64.24,13680520
2017-06-27 04:00:00+00:00,64.47,64.76,64.13,64.13,14349312
2017-06-28 04:00:00+00:00,64.22,64.88,64.18,64.49,17027866
2017-06-29 04:00:00+00:00,64.71,65.34,64.49,64.63,19347476
2017-06-30 04:00:00+00:00,65.1,65.22,64.5,64.88,20851797
2017-07-03 04:00:00+00:00,65.15,66.48,65.08,66.17,19266069
2017-07-05 04:00:00+00:00,65.84,65.9,64.585,64.83,21592653
2017-07-06 04:00:00+00:00,64.94,65.13,63.97,64.11,21151918
2017-07-07 04:00:00+00:00,63.9,64.1,63.29,64.01,16793506
2017-07-10 04:00:00+00:00,63.92,64.37,63.78,64.19,17002514
2017-07-11 04:00:00+00:00,64.33,64.8,63.93,64.57,12741551
2017-07-12 04:00:00+00:00,65.21,65.37,64.47,64.75,15071523
2017-07-13 04:00:00+00:00,64.8,65.06,64.44,65.04,10294763
2017-07-14 04:00:00+00:00,65.05,65.52,64.99,65.4,10983553
2017-07-17 04:00:00+00:00,65.28,65.765,65.22,65.32,12316044
2017-07-18 04:00:00+00:00,65.65,65.67,64.735,65.01,15269721
2017-07-19 04:00:00+00:00,64.94,66.02,64.89,65.96,25813170
2017-07-20 04:00:00+00:00,66.33,66.565,65.58,65.75,17420815
2017-07-21 04:00:00+00:00,65.54,65.85,65.02,65.11,13585563
2017-07-24 04:00:00+00:00,65.25,65.35,64.84,64.99,10707696
2017-07-25 04:00:00+00:00,65.77,66.28,65.62,65.81,15963688
2017-07-26 04:00:00+00:00,66.18,66.64,65.7,65.88,21387759
2017-07-27 04:00:00+00:00,65.9,66.58,65.6,66.55,16075806
2017-07-28 04:00:00+00:00,66.33,67.1254,66.22,66.47,14845341
2017-07-31 04:00:00+00:00,66.49,67.0,66.31,66.62,13838560
2017-08-01 04:00:00+00:00,66.66,66.99,66.32,66.61,12913822
2017-08-02 04:00:00+00:00,66.27,66.63,65.678,66.36,15482125
2017-08-03 04:00:00+00:00,66.25,66.36,65.14,65.43,15890597
2017-08-04 04:00:00+00:00,65.46,65.82,65.31,65.64,9577972
2017-08-07 04:00:00+00:00,65.36,65.48,64.94,65.14,12232137
2017-08-08 04:00:00+00:00,64.95,65.5599,64.8,64.99,10829979
2017-08-09 04:00:00+00:00,65.09,65.455,64.81,65.05,10573972
2017-08-10 04:00:00+00:00,65.16,65.27,64.25,64.3508,15674329
2017-08-11 04:00:00+00:00,64.16,64.52,63.88,63.935,16803506
2017-08-14 04:00:00+00:00,64.06,64.34,63.67,63.75,12299905
2017-08-15 04:00:00+00:00,63.85,63.85,63.14,63.51,12987891
2017-08-16 04:00:00+00:00,63.53,63.705,62.77,62.9,17496667
2017-08-17 04:00:00+00:00,62.65,62.89,61.99,62.01,15228978
2017-08-18 04:00:00+00:00,61.92,62.74,61.81,62.32,19288189
2017-08-21 04:00:00+00:00,62.23,62.255,61.8,62.0,10581209
2017-08-22 04:00:00+00:00,62.17,62.55,62.13,62.41,15467772
2017-08-23 04:00:00+00:00,62.28,63.0,62.22,62.68,11778816
2017-08-24 04:00:00+00:00,62.46,62.87,62.44,62.69,10544344
2017-08-25 04:00:00+00:00,62.84,63.25,62.82,63.0,8418844
2017-08-28 04:00:00+00:00,63.03,63.24,62.38,62.72,10352639
2017-08-29 04:00:00+00:00,62.42,62.72,62.18,62.64,8952501
2017-08-30 04:00:00+00:00,62.4,62.8563,62.215,62.67,8743632
2017-08-31 04:00:00+00:00,62.94,63.13,62.73,62.97,10694959
2017-09-01 04:00:00+00:00,63.07,63.79,62.91,63.58,12065515
2017-09-05 04:00:00+00:00,63.84,64.24,63.48,63.94,18484286
2017-09-06 04:00:00+00:00,64.25,65.15,64.22,64.97,18558587
2017-09-07 04:00:00+00:00,65.0,65.25,64.66,65.09,8850054
2017-09-08 04:00:00+00:00,64.95,64.99,64.1,64.4,10785113
2017-09-11 04:00:00+00:00,64.65,65.1,64.5,65.01,14749178
2017-09-12 04:00:00+00:00,65.15,65.55,65.03,65.41,9729711
2017-09-13 04:00:00+00:00,65.55,66.27,65.48,66.23,16519571
2017-09-14 04:00:00+00:00,66.36,67.0,66.35,66.55,15162917
2017-09-15 04:00:00+00:00,65.82,65.84,65.4,65.84,13390697
2017-09-18 04:00:00+00:00,65.69,66.16,65.64,66.12,12825851
2017-09-19 04:00:00+00:00,66.26,66.485,66.13,66.39,10821672
2017-09-20 04:00:00+00:00,66.58,67.02,66.521,66.84,18655759
2017-09-21 04:00:00+00:00,66.75,67.025,66.56,66.86,9626436
2017-09-22 04:00:00+00:00,66.8,67.39,66.73,67.2,15044253
2017-09-25 04:00:00+00:00,67.51,68.37,67.445,68.17,15754310
2017-09-26 04:00:00+00:00,68.0,68.265,67.81,68.14,11004175
2017-09-27 04:00:00+00:00,68.2,68.45,67.82,68.43,11168172
2017-09-28 04:00:00+00:00,68.58,68.9,68.3,68.49,12064997
2017-09-29 04:00:00+00:00,68.25,68.49,68.03,68.47,15446464
2017-10-02 04:00:00+00:00,67.75,68.48,67.49,68.48,12783199
2017-10-03 04:00:00+00:00,68.37,68.62,68.24,68.39,7400923
2017-10-04 04:00:00+00:00,68.39,68.59,68.1,68.34,10461305
2017-10-05 04:00:00+00:00,68.39,68.76,68.35,68.65,10779564
2017-10-06 04:00:00+00:00,68.0,68.375,67.84,68.07,12528333
2017-10-09 04:00:00+00:00,68.15,68.415,68.07,68.2192,5993721
2017-10-10 04:00:00+00:00,68.69,68.93,68.2,68.27,7941787
2017-10-11 04:00:00+00:00,68.19,68.465,67.91,68.43,10458697
2017-10-12 04:00:00+00:00,67.91,68.265,67.8,68.18,10418098
2017-10-13 04:00:00+00:00,68.58,68.78,68.1,68.14,9071274
2017-10-16 04:00:00+00:00,68.35,68.6863,68.15,68.29,8478159
2017-10-17 04:00:00+00:00,68.27,68.475,67.961,68.33,8494749
2017-10-18 04:00:00+00:00,68.28,68.56,67.77,67.85,8112638
2017-10-19 04:00:00+00:00,67.38,67.92,67.35,67.64,7957060
2017-10-20 04:00:00+00:00,67.79,67.81,67.32,67.77,10437435
2017-10-23 04:00:00+00:00,67.82,68.04,67.36,67.42,9268675
2017-10-24 04:00:00+00:00,67.66,67.85,67.405,67.55,10055614
2017-10-25 04:00:00+00:00,67.43,67.625,66.87,67.08,14173415
2017-10-26 04:00:00+00:00,67.11,67.44,66.82,67.22,9619487
2017-10-27 04:00:00+00:00,66.87,67.7,66.34,67.34,16494639
2017-10-30 04:00:00+00:00,67.44,67.88,67.3101,67.69,12116988
2017-10-31 04:00:00+00:00,67.72,68.16,67.42,67.91,10083026
2017-11-01 04:00:00+00:00,68.32,68.995,68.29,68.68,17955084
2017-11-02 04:00:00+00:00,68.68,68.87,68.065,68.47,11866158
2017-11-03 04:00:00+00:00,68.45,68.95,68.38,68.68,11776629
2017-11-06 05:00:00+00:00,68.99,70.34,68.87,70.25,20380773
2017-11-07 05:00:00+00:00,70.37,70.4651,69.79,70.16,14034823
2017-11-08 05:00:00+00:00,69.99,70.17,69.4301,69.82,14931562
2017-11-09 05:00:00+00:00,69.55,70.15,69.45,70.03,13415217
2017-11-10 05:00:00+00:00,69.91,69.97,69.1301,69.66,11037232
2017-11-13 05:00:00+00:00,69.47,69.73,69.18,69.25,7935164
2017-11-14 05:00:00+00:00,69.0,69.0,68.06,68.13,17382827
2017-11-15 05:00:00+00:00,67.53,67.67,67.09,67.35,19463845
2017-11-16 05:00:00+00:00,67.16,67.4,66.91,67.08,12895659
2017-11-17 05:00:00+00:00,67.23,67.57,67.06,67.43,9601606
2017-11-20 05:00:00+00:00,67.35,67.41,66.975,67.27,8007093
2017-11-21 05:00:00+00:00,67.53,67.8,67.28,67.42,8692009
2017-11-22 05:00:00+00:00,67.82,67.955,67.65,67.69,9756794
2017-11-24 05:00:00+00:00,67.96,68.1,67.87,67.88,5147184
2017-11-27 05:00:00+00:00,67.59,67.67,67.045,67.19,11446585
2017-11-28 05:00:00+00:00,67.26,67.81,67.18,67.71,12649445
2017-11-29 05:00:00+00:00,67.68,68.205,67.54,68.08,13987404
2017-11-30 05:00:00+00:00,68.24,69.23,68.24,69.1,23592292
2017-12-01 05:00:00+00:00,69.59,70.16,68.94,69.68,21567276
2017-12-04 05:00:00+00:00,69.75,70.75,69.43,69.66,13854417
2017-12-05 05:00:00+00:00,69.65,69.9,69.27,69.35,11093280
2017-12-06 05:00:00+00:00,69.15,69.27,68.351,68.45,12936966
2017-12-07 05:00:00+00:00,68.38,68.77,68.32,68.65,8886850
2017-12-08 05:00:00+00:00,69.0,69.31,66.6863,69.31,11292909
2017-12-11 05:00:00+00:00,69.41,70.135,69.37,69.78,12031801
2017-12-12 05:00:00+00:00,70.05,70.13,69.495,69.59,11968378
2017-12-13 05:00:00+00:00,69.59,69.75,69.285,69.49,9606793
2017-12-14 05:00:00+00:00,69.23,69.73,69.21,69.24,12441567
2017-12-15 05:00:00+00:00,69.27,69.27,68.625,68.72,10448592
2017-12-18 05:00:00+00:00,68.89,69.595,68.87,69.25,10399004
2017-12-19 05:00:00+00:00,69.57,69.75,69.19,69.35,7112141
2017-12-20 05:00:00+00:00,69.58,70.45,69.37,70.33,12918934
2017-12-21 05:00:00+00:00,70.36,72.03,70.29,71.84,17573933
2017-12-22 05:00:00+00:00,71.9,72.26,71.6001,71.99,10854530
2017-12-26 05:00:00+00:00,72.23,72.72,72.08,72.6,9211493
2017-12-27 05:00:00+00:00,72.61,72.64,72.214,72.34,11040938
2017-12-28 05:00:00+00:00,72.35,72.47,72.225,72.44,8197502
2017-12-29 05:00:00+00:00,72.66,72.7,72.1401,72.24,8056468
2018-01-02 05:00:00+00:00,72.62,73.53,72.39,73.45,15705705
2018-01-03 05:00:00+00:00,73.6,74.74,73.52,74.56,19887878
2018-01-04 05:00:00+00:00,74.5,75.05,74.23,75.0,14767494
2018-01-05 05:00:00+00:00,74.9,75.03,74.35,74.99,14498676
2018-01-08 05:00:00+00:00,74.94,75.46,74.7353,75.42,10442463
2018-01-09 05:00:00+00:00,75.57,75.59,75.11,75.23,9414442
2018-01-10 05:00:00+00:00,75.45,75.5,75.08,75.14,10966998
2018-01-11 05:00:00+00:00,75.4,76.95,75.13,76.67,18728773
2018-01-12 05:00:00+00:00,76.7,77.62,76.7,77.42,20222111
2018-01-16 05:00:00+00:00,77.6,77.65,76.3,76.44,17893244
2018-01-17 05:00:00+00:00,76.66,77.44,76.16,77.11,14765649
2018-01-18 05:00:00+00:00,76.82,77.01,76.34,76.48,11848417
2018-01-19 05:00:00+00:00,76.31,76.41,75.88,76.38,14030806
2018-01-22 05:00:00+00:00,76.48,78.06,76.46,78.03,17812714
2018-01-23 05:00:00+00:00,78.18,78.26,77.519,77.91,10289066
2018-01-24 05:00:00+00:00,78.0,78.39,77.43,77.71,13329263
2018-01-25 05:00:00+00:00,78.09,78.09,76.95,77.06,11902821
2018-01-26 05:00:00+00:00,77.26,77.64,77.1,77.51,7871204
2018-01-29 05:00:00+00:00,77.18,77.47,76.22,76.34,13000800
2018-01-30 05:00:00+00:00,75.7,75.91,74.735,74.785,23352431
2018-01-31 05:00:00+00:00,75.0,75.1342,74.33,74.845,16983921
2018-02-01 05:00:00+00:00,74.95,75.67,74.531,75.655,18450148
2018-02-02 05:00:00+00:00,74.23,74.41,72.06,72.505,32155121
2018-02-05 05:00:00+00:00,71.49,72.4,68.28,69.42,36231322
2018-02-06 05:00:00+00:00,68.23,70.4699,67.9,69.97,33328280
2018-02-07 05:00:00+00:00,70.19,71.065,68.79,68.8,25090307
2018-02-08 05:00:00+00:00,68.87,69.15,66.6899,66.72,28503223
2018-02-09 05:00:00+00:00,67.58,67.58,64.45,66.67,35602405
2018-02-12 05:00:00+00:00,67.53,68.51,67.21,67.8,25765593
2018-02-13 05:00:00+00:00,67.41,67.77,67.01,67.499,12496699
2018-02-14 05:00:00+00:00,66.82,68.66,66.66,68.46,20310108
2018-02-15 05:00:00+00:00,68.6,68.65,67.19,68.27,16737055
2018-02-16 05:00:00+00:00,68.0,68.76,67.71,68.12,13915845
2018-02-20 05:00:00+00:00,68.26,68.76,67.44,67.77,18272180
2018-02-21 05:00:00+00:00,67.55,68.18,66.61,66.61,12987894
2018-02-22 05:00:00+00:00,67.09,68.33,66.918,67.36,15624060
2018-02-23 05:00:00+00:00,67.67,68.85,67.55,68.8,17108404
2018-02-26 05:00:00+00:00,69.15,69.35,68.805,69.21,12588354
2018-02-27 05:00:00+00:00,69.35,69.9,68.3,68.31,13857273
2018-02-28 05:00:00+00:00,68.67,68.92,66.71,66.74,18276729
2018-03-01 05:00:00+00:00,66.67,67.685,66.16,66.64,23213982
2018-03-02 05:00:00+00:00,66.18,67.19,65.65,66.95,14984237
2018-03-05 05:00:00+00:00,66.64,67.8701,66.52,67.68,13198634
2018-03-06 05:00:00+00:00,68.08,68.3333,67.36,67.7,15890450
2018-03-07 05:00:00+00:00,66.97,67.68,66.56,67.17,12690263
2018-03-08 05:00:00+00:00,67.34,67.54,66.69,67.17,8185617
2018-03-09 05:00:00+00:00,67.69,68.51,67.63,68.43,12018127
2018-03-12 04:00:00+00:00,68.49,68.93,68.09,68.4,9595946
2018-03-13 04:00:00+00:00,68.64,68.95,67.66,67.94,11087621
2018-03-14 04:00:00+00:00,68.06,68.39,67.4,67.54,11620760
2018-03-15 04:00:00+00:00,67.79,68.08,66.68,67.19,12659201
2018-03-16 04:00:00+00:00,66.75,67.61,66.62,67.31,14753724
2018-03-19 04:00:00+00:00,67.1,67.19,65.89,66.27,15321957
2018-03-20 04:00:00+00:00,66.63,67.28,66.54,66.83,11690763
2018-03-21 04:00:00+00:00,67.23,69.02,67.02,68.58,17291007
2018-03-22 04:00:00+00:00,67.82,68.18,67.05,67.17,19355645
2018-03-23 04:00:00+00:00,67.52,68.3,66.62,66.77,19407833
2018-03-26 04:00:00+00:00,67.54,68.07,66.76,67.96,16391100
2018-03-27 04:00:00+00:00,68.26,68.54,66.94,67.33,14208037
2018-03-28 04:00:00+00:00,67.37,67.6,65.91,66.02,18799576
2018-03-29 04:00:00+00:00,66.31,67.675,66.3,67.41,14513792
2018-04-02 04:00:00+00:00,67.15,67.27,64.925,66.04,19495879
2018-04-03 04:00:00+00:00,66.34,67.53,65.68,67.47,14649597
2018-04-04 04:00:00+00:00,66.44,67.5261,65.98,67.38,12933281
2018-04-05 04:00:00+00:00,67.55,69.02,67.55,68.59,14059761
2018-04-06 04:00:00+00:00,68.16,68.49,66.46,67.35,19633603
2018-04-09 04:00:00+00:00,67.67,68.53,67.4,67.67,11195172
2018-04-10 04:00:00+00:00,68.74,70.455,68.72,69.91,23526913
2018-04-11 04:00:00+00:00,69.8,70.8,69.71,70.64,21483175
2018-04-12 04:00:00+00:00,70.88,71.19,70.38,70.63,14395180
2018-04-13 04:00:00+00:00,71.01,71.7,70.9101,71.41,13648496
2018-04-16 04:00:00+00:00,71.57,72.465,71.19,72.12,14318786
2018-04-17 04:00:00+00:00,72.33,72.75,71.92,72.44,16673027
2018-04-18 04:00:00+00:00,73.05,74.22,73.03,73.55,17953368
2018-04-19 04:00:00+00:00,73.62,74.2,73.201,73.65,18506451
2018-04-20 04:00:00+00:00,73.5,73.555,72.83,73.31,13966622
2018-04-23 04:00:00+00:00,73.07,73.76,72.67,73.73,15019498
2018-04-24 04:00:00+00:00,73.95,74.46,72.56,72.93,23124488
2018-04-25 04:00:00+00:00,72.73,73.64,72.27,73.54,13411274
2018-04-26 04:00:00+00:00,73.81,74.67,73.58,74.61,12568181
2018-04-27 04:00:00+00:00,73.85,74.19,73.53,73.83,10807729
2018-04-30 04:00:00+00:00,73.7,74.64,73.68,73.82,13247100
2018-05-01 04:00:00+00:00,73.44,73.49,72.43,73.36,14118984
2018-05-02 04:00:00+00:00,73.14,74.241,73.04,73.66,13719531
2018-05-03 04:00:00+00:00,73.32,73.61,72.5,73.47,15930235
2018-05-04 04:00:00+00:00,73.29,74.11,72.99,73.85,14750759
2018-05-07 04:00:00+00:00,74.43,75.57,73.8,73.9599,18413456
2018-05-08 04:00:00+00:00,73.98,74.57,72.64,74.54,29317376
2018-05-09 04:00:00+00:00,75.44,76.89,75.43,76.05,25624622
2018-05-10 04:00:00+00:00,76.35,76.8,76.0,76.66,14110853
2018-05-11 04:00:00+00:00,76.79,77.25,76.56,76.73,12286809
2018-05-14 04:00:00+00:00,76.97,77.61,76.97,77.26,10594477
2018-05-15 04:00:00+00:00,77.14,77.4,76.69,77.21,10625548
2018-05-16 04:00:00+00:00,77.17,77.6,76.78,77.55,12091678
2018-05-17 04:00:00+00:00,77.8,78.825,77.76,78.72,16636208
2018-05-18 04:00:00+00:00,78.58,78.66,78.05,78.11,15245462
2018-05-21 04:00:00+00:00,78.55,78.91,78.1545,78.91,12165845
2018-05-22 04:00:00+00:00,78.9,79.4167,77.64,77.86,16972993
2018-05-23 04:00:00+00:00,77.41,77.91,76.765,77.85,16928985
2018-05-24 04:00:00+00:00,76.95,77.07,76.22,76.54,19490436
2018-05-25 04:00:00+00:00,75.22,75.32,73.84,74.58,33067613
2018-05-29 04:00:00+00:00,74.0,74.8064,73.655,74.31,19647309
2018-05-30 04:00:00+00:00,74.99,76.94,74.96,76.66,24045862
2018-05-31 04:00:00+00:00,76.04,76.925,75.86,76.01,13576453
2018-06-01 04:00:00+00:00,76.28,76.885,75.97,76.38,14224934
2018-06-04 04:00:00+00:00,76.64,77.2,75.515,75.72,13936045
2018-06-05 04:00:00+00:00,75.35,76.12,75.18,75.55,13835947
2018-06-06 04:00:00+00:00,75.82,76.1,75.23,75.9,13667726
2018-06-07 04:00:00+00:00,76.3,77.49,76.28,77.05,15737303
2018-06-08 04:00:00+00:00,77.14,77.35,76.42,76.9,11413436
2018-06-11 04:00:00+00:00,76.88,77.645,76.72,77.27,11082426
2018-06-12 04:00:00+00:00,77.3,77.48,76.5,76.71,15965212
2018-06-13 04:00:00+00:00,76.47,76.87,76.105,76.42,12662969
2018-06-14 04:00:00+00:00,76.64,76.865,76.125,76.25,10571733
2018-06-15 04:00:00+00:00,75.36,75.51,74.01,74.17,16565631
2018-06-18 04:00:00+00:00,73.98,75.41,73.98,74.91,13615020
2018-06-19 04:00:00+00:00,74.01,75.02,73.8,74.74,13279581
2018-06-20 04:00:00+00:00,75.19,75.35,74.47,75.06,11816492
2018-06-21 04:00:00+00:00,74.54,74.58,73.33,73.66,15525377
2018-06-22 04:00:00+00:00,75.5,75.97,75.14,75.15,29235793
2018-06-25 04:00:00+00:00,74.93,75.035,73.14,73.58,18970662
2018-06-26 04:00:00+00:00,73.83,74.86,73.57,74.57,13819638
2018-06-27 04:00:00+00:00,75.19,76.51,75.16,75.57,20879463
2018-06-28 04:00:00+00:00,75.68,75.96,74.89,75.47,14375190
2018-06-29 04:00:00+00:00,75.68,76.74,75.68,75.94,13639665
2018-07-02 04:00:00+00:00,75.41,75.43,74.41,74.79,15680219
2018-07-03 04:00:00+00:00,75.6,76.46,75.115,75.12,9682632
2018-07-05 04:00:00+00:00,75.75,75.99,74.99,75.21,10194073
2018-07-06 04:00:00+00:00,74.98,75.91,74.63,75.67,9466116
2018-07-09 04:00:00+00:00,76.13,76.91,76.09,76.82,11326295
2018-07-10 04:00:00+00:00,77.27,78.0,77.18,77.36,11216436
2018-07-11 04:00:00+00:00,76.65,77.12,75.23,75.73,19780843
2018-07-12 04:00:00+00:00,75.93,76.35,75.32,75.86,12801791
2018-07-13 04:00:00+00:00,75.93,76.72,75.73,76.26,11590471
2018-07-16 04:00:00+00:00,75.51,75.88,74.735,75.38,11594596
2018-07-17 04:00:00+00:00,75.13,75.5,74.66,75.08,9887810
2018-07-18 04:00:00+00:00,74.72,75.24,73.98,75.11,16231105
2018-07-19 04:00:00+00:00,74.93,75.47,74.85,75.12,17008965
2018-07-20 04:00:00+00:00,75.29,75.32,74.65,74.88,11061876
2018-07-23 04:00:00+00:00,75.1,75.15,74.425,74.55,7753944
2018-07-24 04:00:00+00:00,74.89,75.94,74.7901,75.5,10435537
2018-07-25 04:00:00+00:00,75.6,76.315,75.23,76.19,11246984
2018-07-26 04:00:00+00:00,76.29,77.095,76.14,76.96,12535303
2018-07-27 04:00:00+00:00,76.1,77.03,76.0,76.63,12816412
2018-07-30 04:00:00+00:00,77.24,77.56,76.98,77.26,11518329
2018-07-31 04:00:00+00:00,77.4,77.61,76.9442,77.05,11573672
2018-08-01 04:00:00+00:00,76.45,76.48,75.64,76.05,11432476
2018-08-02 04:00:00+00:00,75.49,75.775,75.0,75.64,9858163
2018-08-03 04:00:00+00:00,75.49,75.625,74.86,75.24,7848065
2018-08-06 04:00:00+00:00,75.46,75.88,75.01,75.52,8450789
2018-08-07 04:00:00+00:00,76.29,76.5,75.84,76.06,12130460
2018-08-08 04:00:00+00:00,75.55,75.81,75.075,75.53,9551979
2018-08-09 04:00:00+00:00,75.59,75.73,74.71,74.83,15500706
2018-08-10 04:00:00+00:00,74.66,75.29,74.51,75.22,17910006
2018-08-13 04:00:00+00:00,75.15,75.41,74.29,74.33,10040921
2018-08-14 04:00:00+00:00,74.9,75.01,74.201,74.51,11614634
2018-08-15 04:00:00+00:00,73.8,73.92,71.7,71.87,27041607
2018-08-16 04:00:00+00:00,72.26,72.84,72.22,72.43,29325994
2018-08-17 04:00:00+00:00,72.62,72.8,72.345,72.65,11828717
2018-08-20 04:00:00+00:00,72.63,73.355,72.6,73.08,8552795
2018-08-21 04:00:00+00:00,73.71,74.06,73.3899,73.47,9637665
2018-08-22 04:00:00+00:00,73.93,74.585,73.88,74.35,9569343
2018-08-23 04:00:00+00:00,74.0,74.13,73.72,74.0,6623806
2018-08-24 04:00:00+00:00,74.46,74.98,74.39,74.54,7934840
2018-08-27 04:00:00+00:00,74.79,75.185,74.68,75.07,7155160
2018-08-28 04:00:00+00:00,75.23,75.54,74.72,74.77,8550582
2018-08-29 04:00:00+00:00,75.01,75.54,74.78,75.23,7881715
2018-08-30 04:00:00+00:00,75.2,75.35,74.625,75.02,9375144
2018-08-31 04:00:00+00:00,74.79,74.81,74.13,74.44,9368489
2018-09-04 04:00:00+00:00,74.78,74.84,73.98,74.28,15256924
2018-09-05 04:00:00+00:00,73.94,74.22,73.19,74.18,9730868
2018-09-06 04:00:00+00:00,73.9,74.15,72.6149,72.81,14966739
2018-09-07 04:00:00+00:00,72.54,72.93,71.78,72.8,10246800
2018-09-10 04:00:00+00:00,73.17,73.47,72.745,72.77,8981362
2018-09-11 04:00:00+00:00,72.7,73.88,72.5,73.46,14490342
2018-09-12 04:00:00+00:00,74.05,74.57,73.82,73.84,12909704
2018-09-13 04:00:00+00:00,73.72,74.01,73.23,73.87,11103092
2018-09-14 04:00:00+00:00,73.88,74.54,73.85,74.25,9641915
2018-09-17 04:00:00+00:00,74.45,74.88,74.2026,74.36,18956817
2018-09-18 04:00:00+00:00,74.91,75.375,74.855,74.87,10363721
2018-09-19 04:00:00+00:00,74.89,75.41,74.82,75.12,11643843
2018-09-20 04:00:00+00:00,75.42,75.71,75.03,75.12,12680507
2018-09-21 04:00:00+00:00,75.01,75.35,74.5,75.1,13882038
2018-09-24 04:00:00+00:00,75.76,76.53,75.7,76.2,13049824
2018-09-25 04:00:00+00:00,76.68,77.0133,76.58,76.66,13893399
2018-09-26 04:00:00+00:00,76.22,76.62,75.815,75.95,12857741
2018-09-27 04:00:00+00:00,76.25,76.35,75.745,75.93,10743390
2018-09-28 04:00:00+00:00,75.59,76.54,75.55,75.76,16275843
2018-10-01 04:00:00+00:00,76.02,77.11,76.02,76.79,12970534
2018-10-02 04:00:00+00:00,76.98,77.13,76.34,76.93,9659576
2018-10-03 04:00:00+00:00,77.2,77.72,76.98,77.54,14012552
2018-10-04 04:00:00+00:00,77.24,77.71,76.7199,77.17,15346546
2018-10-05 04:00:00+00:00,77.09,77.4095,76.685,77.16,12627273
2018-10-08 04:00:00+00:00,76.59,77.22,76.29,77.1,11693915
2018-10-09 04:00:00+00:00,77.37,78.36,77.04,77.85,17237757
2018-10-10 04:00:00+00:00,77.92,78.046,75.0,75.06,27151196
2018-10-11 04:00:00+00:00,74.62,74.67,72.25,72.79,36340349
2018-10-12 04:00:00+00:00,73.52,73.74,71.89,73.0,23778487
2018-10-15 04:00:00+00:00,72.99,73.29,72.37,72.39,11826193
2018-10-16 04:00:00+00:00,72.59,73.12,72.2903,72.99,15935823
2018-10-17 04:00:00+00:00,72.85,73.07,71.905,72.53,16474775
2018-10-18 04:00:00+00:00,71.86,72.84,71.71,72.17,16779218
2018-10-19 04:00:00+00:00,71.81,72.58,71.48,71.53,14726947
2018-10-22 04:00:00+00:00,71.48,71.63,70.31,70.75,13171591
2018-10-23 04:00:00+00:00,69.7,69.72,67.91,68.87,27339746
2018-10-24 04:00:00+00:00,69.22,69.24,66.15,66.17,29698157
2018-10-25 04:00:00+00:00,66.98,67.67,66.53,66.98,26124886
2018-10-26 04:00:00+00:00,66.43,67.3,65.38,66.48,25825734
2018-10-29 04:00:00+00:00,66.97,67.06,64.37,65.24,25123232
2018-10-30 04:00:00+00:00,65.2,66.91,64.9,66.76,27292063
2018-10-31 04:00:00+00:00,67.4,68.29,67.07,67.13,17865696
2018-11-01 04:00:00+00:00,67.3,68.05,66.61,67.73,22099006
2018-11-02 04:00:00+00:00,68.48,68.98,66.88,67.58,21551450
2018-11-05 05:00:00+00:00,68.38,68.96,68.225,68.69,14069625
2018-11-06 05:00:00+00:00,68.86,69.16,68.19,69.01,13699530
2018-11-07 05:00:00+00:00,69.9,70.36,69.1,70.12,17360031
2018-11-08 05:00:00+00:00,69.82,70.37,68.3679,68.62,15930825
2018-11-09 05:00:00+00:00,67.8,68.94,67.34,68.52,23121065
2018-11-12 05:00:00+00:00,68.97,69.26,66.94,67.08,18581623
2018-11-13 05:00:00+00:00,66.89,67.25,65.19,65.56,33389106
2018-11-14 05:00:00+00:00,66.56,66.81,64.83,65.43,23099022
2018-11-15 05:00:00+00:00,65.01,66.475,64.43,66.39,20431705
2018-11-16 05:00:00+00:00,66.8,67.405,66.47,67.18,21152310
2018-11-19 05:00:00+00:00,66.77,67.43,66.56,67.13,15695342
2018-11-20 05:00:00+00:00,66.35,66.44,64.46,64.96,27105349
2018-11-21 05:00:00+00:00,65.47,66.68,65.32,65.98,17677942
2018-11-23 05:00:00+00:00,64.34,64.57,63.44,63.91,15205359
2018-11-26 05:00:00+00:00,64.38,65.3,64.37,64.87,17157618
2018-11-27 05:00:00+00:00,64.54,65.16,64.32,64.74,24757181
2018-11-28 05:00:00+00:00,64.63,65.85,64.22,65.83,23162260
2018-11-29 05:00:00+00:00,65.85,66.76,65.755,66.23,14698586
2018-11-30 05:00:00+00:00,65.65,66.3,65.32,66.11,18958981
2018-12-03 05:00:00+00:00,67.62,67.99,66.79,67.58,22636507
2018-12-04 05:00:00+00:00,67.61,67.83,65.52,65.68,18943497
2018-12-06 05:00:00+00:00,64.2,64.53,63.07,64.43,36844690
2018-12-07 05:00:00+00:00,65.66,66.63,63.96,64.08,27636938
2018-12-10 05:00:00+00:00,63.62,63.93,61.62,63.07,23767681
2018-12-11 05:00:00+00:00,64.05,64.16,62.43,63.09,17570523
2018-12-12 05:00:00+00:00,64.12,64.55,63.3,63.3,19382871
2018-12-13 05:00:00+00:00,63.19,63.94,62.91,63.54,15389876
2018-12-14 05:00:00+00:00,63.15,63.41,61.79,62.06,25628168
2018-12-17 05:00:00+00:00,61.93,62.45,60.52,60.96,21187187
2018-12-18 05:00:00+00:00,60.85,61.0661,59.191,59.52,27317482
2018-12-19 05:00:00+00:00,59.83,60.96,58.33,58.82,46276766
2018-12-20 05:00:00+00:00,58.1,58.99,56.84,57.19,39351549
2018-12-21 05:00:00+00:00,56.67,57.61,55.64,56.11,38183138
2018-12-24 05:00:00+00:00,55.45,55.72,53.79,53.84,16345491
2018-12-26 05:00:00+00:00,54.36,57.2,53.36,57.16,29782430
2018-12-27 05:00:00+00:00,56.04,57.56,55.28,57.49,26937180
2018-12-28 05:00:00+00:00,57.73,58.01,56.7001,57.01,19802872
2018-12-31 05:00:00+00:00,57.56,57.77,56.6799,57.35,19600589
2019-01-02 05:00:00+00:00,56.44,58.87,56.1511,58.48,25427618
2019-01-03 05:00:00+00:00,58.65,58.86,57.24,57.9,18838943
2019-01-04 05:00:00+00:00,58.9,60.05,58.56,59.96,22132543
2019-01-07 05:00:00+00:00,60.32,61.1998,59.52,60.77,18817047
2019-01-08 05:00:00+00:00,61.64,61.75,60.9,61.29,19137297
2019-01-09 05:00:00+00:00,62.05,62.41,61.41,62.2,20470600
2019-01-10 05:00:00+00:00,61.65,62.46,61.38,62.39,19314281
2019-01-11 05:00:00+00:00,62.06,62.4084,61.46,62.01,14308624
2019-01-14 05:00:00+00:00,61.42,62.11,61.33,61.86,13851918
2019-01-15 05:00:00+00:00,62.2,62.67,61.77,62.08,9998300
2019-01-16 05:00:00+00:00,62.01,62.51,61.79,62.0,12664294
2019-01-17 05:00:00+00:00,61.53,62.84,61.39,62.56,10515204
2019-01-18 05:00:00+00:00,63.31,63.89,62.94,63.84,15192772
2019-01-22 05:00:00+00:00,63.14,63.28,62.28,62.45,20100924
2019-01-23 05:00:00+00:00,62.67,62.75,61.3,61.81,25640288
2019-01-24 05:00:00+00:00,61.68,62.7,61.43,62.14,13151416
2019-01-25 05:00:00+00:00,62.67,63.3222,62.5715,62.93,10401564
2019-01-28 05:00:00+00:00,62.1,62.33,61.62,62.27,13028412
2019-01-29 05:00:00+00:00,62.66,62.91,62.44,62.49,12128251
2019-01-30 05:00:00+00:00,62.88,63.57,62.54,63.34,12279638
2019-01-31 05:00:00+00:00,63.47,64.075,63.3,63.79,18701864
2019-02-01 05:00:00+00:00,64.47,65.27,64.26,64.89,15494644
2019-02-04 05:00:00+00:00,64.45,65.06,63.97,65.04,10750779
2019-02-05 05:00:00+00:00,64.97,65.25,64.78,65.14,8211084
2019-02-06 05:00:00+00:00,64.83,65.01,64.6,64.69,6903802
2019-02-07 05:00:00+00:00,64.26,64.48,62.64,63.26,14827367
2019-02-08 05:00:00+00:00,63.06,63.21,61.87,62.94,10767474
2019-02-11 05:00:00+00:00,62.64,63.34,62.46,63.24,14223770
2019-02-12 05:00:00+00:00,64.09,64.405,63.2996,64.04,11161960
2019-02-13 05:00:00+00:00,64.3,65.35,64.23,64.84,13359445
2019-02-14 05:00:00+00:00,64.61,65.5599,64.49,65.07,10449903
2019-02-15 05:00:00+00:00,65.7,66.17,65.6,66.12,10358352
2019-02-19 05:00:00+00:00,65.79,66.57,65.695,66.32,8858476
2019-02-20 05:00:00+00:00,66.22,66.93,66.21,66.6,10151581
2019-02-21 05:00:00+00:00,66.39,66.56,65.33,65.57,12029030
2019-02-22 05:00:00+00:00,66.06,66.26,65.43,65.76,10008596
2019-02-25 05:00:00+00:00,65.55,66.09,65.49,65.87,18178578
2019-02-26 05:00:00+00:00,65.81,66.26,65.64,65.66,10667005
2019-02-27 05:00:00+00:00,65.98,66.59,65.6,65.91,10683387
2019-02-28 05:00:00+00:00,65.92,66.01,64.84,65.25,11457694
2019-03-01 05:00:00+00:00,65.6,66.46,65.6,66.45,22822950
2019-03-04 05:00:00+00:00,66.69,66.85,65.57,66.57,21634754
2019-03-05 05:00:00+00:00,66.66,66.69,65.88,66.35,17591030
2019-03-06 05:00:00+00:00,65.81,65.95,65.18,65.51,24618919
2019-03-07 05:00:00+00:00,65.55,65.6,64.86,65.12,24387562
2019-03-08 05:00:00+00:00,64.07,64.2,63.305,63.9,15868277
2019-03-11 04:00:00+00:00,64.37,65.05,64.31,64.9,13969685
2019-03-12 04:00:00+00:00,65.01,65.65,64.99,65.32,11277536
2019-03-13 04:00:00+00:00,65.73,66.01,65.46,65.98,13557190
2019-03-14 04:00:00+00:00,66.04,66.38,65.965,66.05,12645787
2019-03-15 04:00:00+00:00,65.45,65.71,65.26,65.51,12897527
2019-03-18 04:00:00+00:00,65.59,66.53,65.56,66.42,10272184
2019-03-19 04:00:00+00:00,66.75,67.09,65.97,66.24,12712654
2019-03-20 04:00:00+00:00,66.18,67.419,65.98,66.82,13968397
2019-03-21 04:00:00+00:00,66.62,67.4,66.48,67.29,22203848
2019-03-22 04:00:00+00:00,66.68,66.79,65.22,65.47,20317762
2019-03-25 04:00:00+00:00,65.19,65.61,64.87,65.5,12445541
2019-03-26 04:00:00+00:00,66.26,66.89,66.08,66.44,11646265
2019-03-27 04:00:00+00:00,66.39,66.69,65.465,65.97,9808069
2019-03-28 04:00:00+00:00,65.69,66.3,65.56,66.22,9316897
2019-03-29 04:00:00+00:00,66.86,67.02,65.9,66.12,10243194
2019-04-01 04:00:00+00:00,66.56,67.13,66.47,67.01,12689722
2019-04-02 04:00:00+00:00,67.16,67.215,66.37,66.53,12210560
2019-04-03 04:00:00+00:00,66.72,66.85,65.655,65.89,12329070
2019-04-04 04:00:00+00:00,65.93,66.49,65.61,66.44,10739013
2019-04-05 04:00:00+00:00,66.62,67.685,66.59,67.61,17587252
2019-04-08 04:00:00+00:00,67.71,68.25,67.63,67.91,10710713
2019-04-09 04:00:00+00:00,67.71,67.71,66.87,67.08,16283281
2019-04-10 04:00:00+00:00,67.23,67.64,67.15,67.34,9718319
2019-04-11 04:00:00+00:00,67.27,67.845,66.855,67.38,11444386
2019-04-12 04:00:00+00:00,68.35,68.4,67.39,67.56,15584045
2019-04-15 04:00:00+00:00,67.48,67.64,67.05,67.16,8415036
2019-04-16 04:00:00+00:00,67.4,67.7,67.155,67.6,8282220
2019-04-17 04:00:00+00:00,68.01,68.16,67.415,67.51,11556434
2019-04-18 04:00:00+00:00,67.7,67.79,67.02,67.19,10065647
2019-04-22 04:00:00+00:00,67.81,68.655,67.62,68.61,15583869
2019-04-23 04:00:00+00:00,68.66,68.81,68.0536,68.5,10621476
2019-04-24 04:00:00+00:00,68.56,68.6,67.27,67.3,11203948
2019-04-25 04:00:00+00:00,67.29,67.64,66.94,67.09,13083702
2019-04-26 04:00:00+00:00,66.6,66.62,65.64,66.22,17348156
2019-04-29 04:00:00+00:00,66.24,66.515,66.03,66.16,14432076
2019-04-30 04:00:00+00:00,66.8,66.845,66.03,66.11,14709028
2019-05-01 04:00:00+00:00,66.13,66.33,64.74,64.79,23911834
2019-05-02 04:00:00+00:00,64.38,64.77,63.63,63.66,30386780
2019-05-03 04:00:00+00:00,64.26,64.755,64.11,64.25,22063884
2019-05-06 04:00:00+00:00,63.76,64.515,63.7,64.31,23163941
2019-05-07 04:00:00+00:00,63.55,63.8,62.935,63.75,15249563
2019-05-08 04:00:00+00:00,63.72,64.28,63.58,63.75,10001770
2019-05-09 04:00:00+00:00,63.45,63.99,62.9132,63.75,14532196
2019-05-10 04:00:00+00:00,63.75,64.21,62.85,64.05,13221779
2019-05-13 04:00:00+00:00,63.47,63.775,62.65,62.95,14405026
2019-05-14 04:00:00+00:00,63.29,64.255,63.23,63.72,9427808
2019-05-15 04:00:00+00:00,63.36,64.19,63.19,64.05,10256782
2019-05-16 04:00:00+00:00,64.21,64.64,64.21,64.4,9488320
2019-05-17 04:00:00+00:00,63.97,64.32,63.67,63.75,11234801
2019-05-20 04:00:00+00:00,63.76,64.08,63.65,63.78,8250305
2019-05-21 04:00:00+00:00,64.05,64.7,63.97,64.51,23179100
2019-05-22 04:00:00+00:00,64.13,64.28,63.31,63.52,9842700
2019-05-23 04:00:00+00:00,62.46,62.51,61.02,61.39,24827678
2019-05-24 04:00:00+00:00,61.88,62.12,61.085,61.62,10275020
2019-05-28 04:00:00+00:00,61.66,61.77,60.89,60.9,13297940
2019-05-29 04:00:00+00:00,60.14,60.625,59.78,60.59,18400999
2019-05-30 04:00:00+00:00,60.49,60.6,59.63,59.82,15635641
2019-05-31 04:00:00+00:00,59.0,59.54,58.77,58.77,22838676
2019-06-03 04:00:00+00:00,59.17,59.81,59.08,59.52,19309918
2019-06-04 04:00:00+00:00,60.08,60.69,59.92,60.55,15595251
2019-06-05 04:00:00+00:00,60.67,60.69,59.52,59.88,17535600
2019-06-06 04:00:00+00:00,60.0,61.22,60.0,60.99,33786365
2019-06-07 04:00:00+00:00,61.18,61.655,61.03,61.27,15941546
2019-06-10 04:00:00+00:00,61.6,62.0,61.36,61.45,9916243
2019-06-11 04:00:00+00:00,61.99,62.19,61.55,61.57,9649427
2019-06-12 04:00:00+00:00,61.17,61.31,60.505,60.7,14061522
2019-06-13 04:00:00+00:00,61.4,61.69,60.6838,61.41,12437854
2019-06-14 04:00:00+00:00,61.56,61.57,60.8645,61.01,8032816
2019-06-17 04:00:00+00:00,60.88,61.69,60.69,61.52,8944672
2019-06-18 04:00:00+00:00,61.92,62.74,61.81,62.37,17433609
2019-06-19 04:00:00+00:00,62.28,62.66,61.97,62.3,8969396
2019-06-20 04:00:00+00:00,63.3,63.78,63.23,63.64,26411457
2019-06-21 04:00:00+00:00,63.2,63.785,63.2,63.56,16643493
2019-06-24 04:00:00+00:00,63.54,63.72,62.89,62.99,10597511
2019-06-25 04:00:00+00:00,62.95,63.01,62.415,62.49,12378997
2019-06-26 04:00:00+00:00,63.12,63.93,62.96,63.45,14659198
2019-06-27 04:00:00+00:00,63.45,63.64,62.85,62.98,10846302
2019-06-28 04:00:00+00:00,63.13,63.77,63.13,63.71,17804896
2019-07-01 04:00:00+00:00,64.5,64.71,63.61,63.8,15259497
2019-07-02 04:00:00+00:00,63.58,63.71,62.47,62.75,12761483
2019-07-03 04:00:00+00:00,62.84,63.05,62.46,63.0,7842923
2019-07-05 04:00:00+00:00,62.77,63.15,62.63,63.09,7468932
2019-07-08 04:00:00+00:00,62.99,63.53,62.81,63.18,8830641
2019-07-09 04:00:00+00:00,63.08,63.27,62.66,63.21,7551506
2019-07-10 04:00:00+00:00,63.63,64.26,63.2093,64.04,12021709
2019-07-11 04:00:00+00:00,64.23,64.24,63.77,64.17,15039542
2019-07-12 04:00:00+00:00,64.21,64.66,64.21,64.49,8253998
2019-07-15 04:00:00+00:00,64.55,64.59,63.72,63.86,9798044
2019-07-16 04:00:00+00:00,63.73,63.84,62.925,63.18,10801054
2019-07-17 04:00:00+00:00,63.13,63.33,62.42,62.46,13941862
2019-07-18 04:00:00+00:00,62.16,62.47,61.795,62.44,13012465
2019-07-19 04:00:00+00:00,62.53,62.965,62.24,62.78,10207634
2019-07-22 04:00:00+00:00,63.0,63.26,62.55,63.05,7979687
2019-07-23 04:00:00+00:00,63.05,63.39,62.86,63.22,7398410
2019-07-24 04:00:00+00:00,63.14,63.9,63.07,63.49,10084947
2019-07-25 04:00:00+00:00,63.73,63.81,62.58,62.77,11297320
2019-07-26 04:00:00+00:00,62.77,62.78,62.1801,62.44,9779436
2019-07-29 04:00:00+00:00,62.4,62.45,61.74,62.2,8541422
2019-07-30 04:00:00+00:00,61.95,63.05,61.825,62.9,11030193
2019-07-31 04:00:00+00:00,62.9,63.435,62.18,62.73,15856473
2019-08-01 04:00:00+00:00,62.01,62.3,60.885,61.28,25702724
2019-08-02 04:00:00+00:00,61.53,61.89,59.78,60.4,22207314
2019-08-05 04:00:00+00:00,59.28,59.44,58.18,58.6,28941118
2019-08-06 04:00:00+00:00,58.75,59.09,57.9,58.53,17208935
2019-08-07 04:00:00+00:00,57.46,58.37,57.16,58.09,25278345
2019-08-08 04:00:00+00:00,58.48,59.79,58.21,59.76,25895308
2019-08-09 04:00:00+00:00,59.81,59.94,58.85,59.09,14870872
2019-08-12 04:00:00+00:00,58.96,59.05,58.135,58.35,14073411
2019-08-13 04:00:00+00:00,58.14,59.4908,57.83,58.92,14651717
2019-08-14 04:00:00+00:00,57.68,57.82,56.54,56.56,24710781
2019-08-15 04:00:00+00:00,56.33,56.6,55.67,56.28,14571261
2019-08-16 04:00:00+00:00,56.58,57.19,56.39,57.02,21958068
2019-08-19 04:00:00+00:00,57.82,58.49,57.71,58.28,14338380
2019-08-20 04:00:00+00:00,58.0,58.07,57.57,57.76,9753057
2019-08-21 04:00:00+00:00,58.39,58.49,57.945,58.16,12446618
2019-08-22 04:00:00+00:00,58.36,58.59,57.87,57.9,9450010
2019-08-23 04:00:00+00:00,57.21,57.75,55.635,55.96,25123351
2019-08-26 04:00:00+00:00,56.45,56.75,55.96,56.2,10922340
2019-08-27 04:00:00+00:00,56.5,56.73,55.55,55.85,12010024
2019-08-28 04:00:00+00:00,56.13,56.9295,55.8552,56.66,16057012
2019-08-29 04:00:00+00:00,57.09,57.72,57.03,57.49,12630603
2019-08-30 04:00:00+00:00,57.7,58.2,57.14,57.48,13384838
2019-09-03 04:00:00+00:00,56.55,57.32,56.38,57.2,15409812
2019-09-04 04:00:00+00:00,58.01,58.25,57.83,58.0,11707647
2019-09-05 04:00:00+00:00,58.51,59.365,58.42,58.77,14919825
2019-09-06 04:00:00+00:00,58.6,59.1,58.27,59.03,12476268
2019-09-09 04:00:00+00:00,59.51,60.35,59.39,60.21,27417773
2019-09-10 04:00:00+00:00,60.58,61.8,60.46,60.92,26049858
2019-09-11 04:00:00+00:00,61.26,61.74,60.65,60.95,23221464
2019-09-12 04:00:00+00:00,60.21,61.0445,59.71,60.6,19322498
2019-09-13 04:00:00+00:00,60.85,61.4,60.74,61.08,14376723
2019-09-16 04:00:00+00:00,63.64,63.65,62.401,63.13,31496325
2019-09-17 04:00:00+00:00,63.09,63.19,61.83,62.25,26947260
2019-09-18 04:00:00+00:00,61.8,62.2041,61.52,61.95,11968043
2019-09-19 04:00:00+00:00,62.32,62.46,61.6,61.79,14899260
2019-09-20 04:00:00+00:00,61.27,61.515,60.98,61.23,20860121
2019-09-23 04:00:00+00:00,60.87,61.459,60.8,61.3,9519807
2019-09-24 04:00:00+00:00,61.11,61.17,59.965,60.33,20930217
2019-09-25 04:00:00+00:00,60.05,60.5,59.9104,60.43,10349504
2019-09-26 04:00:00+00:00,60.16,60.3,59.335,59.64,14347001
2019-09-27 04:00:00+00:00,59.31,60.085,59.2,59.63,16004595
2019-09-30 04:00:00+00:00,59.35,59.59,59.14,59.2,20242085
2019-10-01 04:00:00+00:00,59.44,59.62,57.82,57.82,16874924
2019-10-02 04:00:00+00:00,57.49,57.63,56.245,56.41,19828045
2019-10-03 04:00:00+00:00,56.1,57.08,55.6436,57.02,22194165
2019-10-04 04:00:00+00:00,57.26,57.455,56.68,57.38,11227961
2019-10-07 04:00:00+00:00,57.47,57.69,56.84,56.87,12613470
2019-10-08 04:00:00+00:00,56.29,56.73,55.82,55.9,21289007
2019-10-09 04:00:00+00:00,56.4,56.72,56.3,56.41,9196123
2019-10-10 04:00:00+00:00,56.6,57.27,56.51,57.12,10666016
2019-10-11 04:00:00+00:00,57.71,58.425,57.61,57.96,24741535
2019-10-14 04:00:00+00:00,57.47,58.065,57.25,57.86,12335179
2019-10-15 04:00:00+00:00,57.74,58.68,57.67,58.1,11478893
2019-10-16 04:00:00+00:00,57.9,58.31,57.27,57.29,12348320
2019-10-17 04:00:00+00:00,57.53,57.71,57.15,57.33,12439616
2019-10-18 04:00:00+00:00,57.18,57.64,57.02,57.03,10439858
2019-10-21 04:00:00+00:00,57.16,58.1,57.07,58.05,10913426
2019-10-22 04:00:00+00:00,58.23,59.47,58.0533,58.8,21596131
2019-10-23 04:00:00+00:00,58.7,59.41,58.45,59.29,12578541
2019-10-24 04:00:00+00:00,59.63,59.67,58.73,59.04,14445396
2019-10-25 04:00:00+00:00,59.0,59.69,58.98,59.52,12076614
2019-10-28 04:00:00+00:00,59.72,60.059,59.08,59.18,12111393
2019-10-29 04:00:00+00:00,58.86,59.92,58.76,59.42,13900576
2019-10-30 04:00:00+00:00,59.56,59.59,57.98,58.19,16210469
2019-10-31 04:00:00+00:00,57.97,58.06,57.39,57.96,15369766
2019-11-01 04:00:00+00:00,58.25,59.385,58.2,59.28,14228489
2019-11-04 05:00:00+00:00,59.96,61.39,59.95,61.21,22208326
2019-11-05 05:00:00+00:00,61.44,61.83,61.09,61.43,18149468
2019-11-06 05:00:00+00:00,61.2,61.33,59.87,60.04,18415987
2019-11-07 05:00:00+00:00,60.65,61.13,60.49,60.94,13646919
2019-11-08 05:00:00+00:00,60.57,60.77,60.0,60.69,10683656
2019-11-11 05:00:00+00:00,60.12,60.63,59.89,60.35,14855585
2019-11-12 05:00:00+00:00,60.53,60.86,59.73,60.04,12720072
2019-11-13 05:00:00+00:00,59.73,59.985,59.53,59.78,10974949
2019-11-14 05:00:00+00:00,59.76,60.09,59.34,59.62,8270388
2019-11-15 05:00:00+00:00,59.87,60.31,59.8,60.08,9349964
2019-11-18 05:00:00+00:00,59.7,59.7673,59.1,59.35,13260128
2019-11-19 05:00:00+00:00,59.16,59.21,58.4,58.47,16400642
2019-11-20 05:00:00+00:00,58.45,59.49,58.09,59.11,17457936
2019-11-21 05:00:00+00:00,59.26,60.08,59.065,60.03,16000797
2019-11-22 05:00:00+00:00,60.07,60.37,59.71,59.83,11778482
2019-11-25 05:00:00+00:00,59.76,59.99,59.53,59.95,13620425
2019-11-26 05:00:00+00:00,59.97,59.99,59.12,59.34,13966351
2019-11-27 05:00:00+00:00,59.41,59.61,59.0,59.49,9932587
2019-11-29 05:00:00+00:00,59.0,59.21,58.672,58.89,8091041
2019-12-02 05:00:00+00:00,59.09,59.47,58.82,58.89,15648954
2019-12-03 05:00:00+00:00,58.37,58.47,57.8,58.01,19084473
2019-12-04 05:00:00+00:00,58.52,59.06,58.33,58.88,17864244
2019-12-05 05:00:00+00:00,59.13,59.2,58.4,58.6,10998117
2019-12-06 05:00:00+00:00,58.85,59.8952,58.84,59.72,17191043
2019-12-09 05:00:00+00:00,59.27,59.93,59.26,59.65,9003523
2019-12-10 05:00:00+00:00,59.85,59.99,59.51,59.77,8899261
2019-12-11 05:00:00+00:00,59.68,60.08,59.55,59.67,12722762
2019-12-12 05:00:00+00:00,59.76,60.975,59.69,60.87,23018893
2019-12-13 05:00:00+00:00,60.98,61.37,60.27,60.31,11554011
2019-12-16 05:00:00+00:00,60.74,61.36,60.71,61.12,11559470
2019-12-17 05:00:00+00:00,61.38,61.71,60.93,61.16,24791131
2019-12-18 05:00:00+00:00,61.09,61.775,61.01,61.39,13278279
2019-12-19 05:00:00+00:00,61.4,61.5699,61.26,61.37,12975548
2019-12-20 05:00:00+00:00,60.99,61.425,60.85,61.3105,17988028
2019-12-23 05:00:00+00:00,61.29,62.03,61.215,61.99,14550781
2019-12-24 05:00:00+00:00,62.1,62.22,61.845,61.96,5449845
2019-12-26 05:00:00+00:00,62.23,62.44,61.86,61.94,11371644
2019-12-27 05:00:00+00:00,62.23,62.23,61.64,61.68,11063340
2019-12-30 05:00:00+00:00,60.12,60.23,59.61,59.7,14944572
2019-12-31 05:00:00+00:00,59.4,60.1,59.23,60.04,11335107
2020-01-02 05:00:00+00:00,60.44,60.67,60.23,60.58,12238079
2020-01-03 05:00:00+00:00,61.12,61.31,60.1,60.4,35456379
2020-01-06 05:00:00+00:00,60.61,61.18,60.4,60.86,22888808
2020-01-07 05:00:00+00:00,60.7,60.77,60.0,60.71,11643071
2020-01-08 05:00:00+00:00,60.65,60.72,59.63,59.71,19557931
2020-01-09 05:00:00+00:00,59.68,60.205,58.98,60.15,15513256
2020-01-10 05:00:00+00:00,60.12,60.17,59.74,59.81,9322401
2020-01-13 05:00:00+00:00,59.72,60.015,59.41,59.83,8913334
2020-01-14 05:00:00+00:00,59.7,59.91,59.31,59.84,17445510
2020-01-15 05:00:00+00:00,59.58,59.76,59.225,59.4,11212524
2020-01-16 05:00:00+00:00,59.75,59.95,59.465,59.5,8334598
2020-01-17 05:00:00+00:00,59.66,59.69,59.015,59.06,12627262
2020-01-21 05:00:00+00:00,58.79,58.8,57.96,58.06,17868104
2020-01-22 05:00:00+00:00,57.95,57.9887,57.34,57.47,14953534
2020-01-23 05:00:00+00:00,56.9,57.455,56.46,57.28,13419215
2020-01-24 05:00:00+00:00,57.02,57.2789,56.18,56.62,20702247
2020-01-27 05:00:00+00:00,55.48,55.7,54.98,55.05,22290234
2020-01-28 05:00:00+00:00,55.36,55.64,55.08,55.3,14506307
2020-01-29 05:00:00+00:00,55.61,55.81,54.65,54.72,14490851
2020-01-30 05:00:00+00:00,54.15,55.215,54.01,55.16,24679192
2020-01-31 05:00:00+00:00,54.23,54.38,53.16,53.44,34283038
2020-02-03 05:00:00+00:00,53.37,53.45,52.55,52.74,22202576
2020-02-04 05:00:00+00:00,53.5,53.92,52.83,52.93,20012740
2020-02-05 05:00:00+00:00,53.81,55.11,53.78,54.92,38210623
2020-02-06 05:00:00+00:00,55.18,55.18,54.27,54.4,15911326
2020-02-07 05:00:00+00:00,53.95,54.21,53.7001,53.98,13966111
2020-02-10 05:00:00+00:00,53.7,53.83,53.38,53.71,15068790
2020-02-11 05:00:00+00:00,54.44,54.52,54.065,54.31,14346480
2020-02-12 05:00:00+00:00,55.12,55.35,54.59,55.05,17663122
2020-02-13 05:00:00+00:00,54.89,55.1801,54.55,54.87,12161567
2020-02-14 05:00:00+00:00,55.06,55.1,54.24,54.58,12883345
2020-02-18 05:00:00+00:00,54.1,54.5707,53.625,54.12,18821706
2020-02-19 05:00:00+00:00,54.49,55.07,54.1922,54.85,12887940
2020-02-20 05:00:00+00:00,54.99,55.4,54.65,54.83,13190725
2020-02-21 05:00:00+00:00,54.27,54.32,53.69,54.14,14400707
2020-02-24 05:00:00+00:00,52.27,52.4,51.48,51.64,34638215
2020-02-25 05:00:00+00:00,51.78,51.82,49.04,49.36,44333247
2020-02-26 05:00:00+00:00,49.54,49.78,47.85,47.87,50797384
2020-02-27 05:00:00+00:00,46.63,47.525,45.29,45.31,62819713
2020-02-28 05:00:00+00:00,43.88,45.84,43.515,45.27,70321623
2020-03-02 05:00:00+00:00,46.28,47.16,44.93,47.13,37228643
2020-03-03 05:00:00+00:00,47.37,47.99,45.15,45.68,52839662
2020-03-04 05:00:00+00:00,46.64,46.75,45.67,46.74,24870410
2020-03-05 05:00:00+00:00,45.35,45.61,44.275,45.03,30744353
2020-03-06 05:00:00+00:00,43.5,43.89,41.86,42.5,62562340
2020-03-09 04:00:00+00:00,35.07,36.43,33.73,33.92,69604269
2020-03-10 04:00:00+00:00,36.67,36.82,33.36,35.55,50182924
2020-03-11 04:00:00+00:00,34.45,35.05,33.13,33.67,44799579
2020-03-12 04:00:00+00:00,31.2,32.0,29.38,31.12,39731841
2020-03-13 04:00:00+00:00,31.96,32.22,28.8,32.19,34414122
2020-03-16 04:00:00+00:00,27.95,31.115,27.67,28.0,41767673
2020-03-17 04:00:00+00:00,28.08,29.18,26.95,28.0,45919393
2020-03-18 04:00:00+00:00,26.04,26.58,22.88,23.98,52504194
2020-03-19 04:00:00+00:00,24.27,25.71,22.9801,25.47,53399396
2020-03-20 04:00:00+00:00,26.26,26.835,24.76,25.86,59849039
2020-03-23 04:00:00+00:00,25.13,25.29,23.15,23.48,49465021
2020-03-24 04:00:00+00:00,25.4,27.49,25.4,27.35,44882360
2020-03-25 04:00:00+00:00,27.95,30.0,26.74,28.42,52763736
2020-03-26 04:00:00+00:00,28.93,31.0,28.57,30.39,47129791
2020-03-27 04:00:00+00:00,29.12,29.21,28.16,28.33,37015627
2020-03-30 04:00:00+00:00,27.9,28.87,27.09,28.62,42676246
2020-03-31 04:00:00+00:00,29.42,30.0,28.48,29.06,35733150
2020-04-01 04:00:00+00:00,28.1,28.48,27.2303,27.62,24001769
2020-04-02 04:00:00+00:00,28.96,31.76,28.26,30.15,73808336
2020-04-03 04:00:00+00:00,31.1,31.31,28.975,29.83,64411545
2020-04-06 04:00:00+00:00,30.5,31.62,30.09,31.41,38388792
2020-04-07 04:00:00+00:00,32.96,33.87,32.02,32.05,52780395
2020-04-08 04:00:00+00:00,32.76,34.33,32.49,34.22,44973879
2020-04-09 04:00:00+00:00,35.54,36.46,32.6245,33.91,91831583
2020-04-13 04:00:00+00:00,35.09,35.22,33.26,33.8,34028216
2020-04-14 04:00:00+00:00,33.97,34.38,33.42,33.64,36514527
2020-04-15 04:00:00+00:00,32.24,32.38,31.06,32.06,37091941
2020-04-16 04:00:00+00:00,31.98,32.08,30.645,30.69,33339384
2020-04-17 04:00:00+00:00,31.33,33.99,31.31,33.9,49690039
2020-04-20 04:00:00+00:00,31.95,34.1,31.78,32.89,57026535
2020-04-21 04:00:00+00:00,31.94,32.895,31.39,32.25,60837902
2020-04-22 04:00:00+00:00,33.77,33.99,33.01,33.46,37101965
2020-04-23 04:00:00+00:00,34.48,35.345,34.14,34.54,42085243
2020-04-24 04:00:00+00:00,35.23,35.54,34.07,34.62,32897126
2020-04-27 04:00:00+00:00,34.36,35.62,33.5758,35.35,23797231
2020-04-28 04:00:00+00:00,35.91,36.4,35.32,36.18,30211430
2020-04-29 04:00:00+00:00,37.37,38.99,37.34,38.89,36011276
2020-04-30 04:00:00+00:00,39.08,39.08,37.44,38.0,43141138
2020-05-01 04:00:00+00:00,37.22,37.5,35.41,35.85,29709762
2020-05-04 04:00:00+00:00,35.19,37.12,35.02,37.09,26611985
2020-05-05 04:00:00+00:00,38.61,38.92,36.99,37.12,35142834
2020-05-06 04:00:00+00:00,37.3,37.62,36.12,36.15,23861482
2020-05-07 04:00:00+00:00,37.17,37.7934,36.83,37.09,26834412
2020-05-08 04:00:00+00:00,37.93,38.8,37.74,38.77,25814780
2020-05-11 04:00:00+00:00,38.52,38.63,37.9201,38.1,23475078
2020-05-12 04:00:00+00:00,38.48,38.53,37.38,37.43,28744294
2020-05-13 04:00:00+00:00,37.18,37.23,35.4695,35.79,34741602
2020-05-14 04:00:00+00:00,35.1,36.4696,34.3,36.13,31232876
2020-05-15 04:00:00+00:00,36.14,36.89,35.67,35.99,27622947
2020-05-18 04:00:00+00:00,38.05,39.18,37.95,38.93,36848628
2020-05-19 04:00:00+00:00,38.98,39.1,37.81,37.83,27163050
2020-05-20 04:00:00+00:00,38.62,39.42,38.418,39.35,27926387
2020-05-21 04:00:00+00:00,39.47,39.625,38.41,38.72,28332203
2020-05-22 04:00:00+00:00,38.41,38.52,37.69,38.48,19431434
2020-05-26 04:00:00+00:00,39.71,39.96,39.445,39.55,37863387
2020-05-27 04:00:00+00:00,40.13,40.36,38.94,40.06,35872402
2020-05-28 04:00:00+00:00,40.16,40.16,38.75,38.94,27780335
2020-05-29 04:00:00+00:00,38.6,39.05,37.95,38.76,36275029
2020-06-01 04:00:00+00:00,38.7,39.655,38.18,39.44,24087315
2020-06-02 04:00:00+00:00,39.87,40.58,39.82,40.54,25396256
2020-06-03 04:00:00+00:00,41.23,41.92,41.1,41.73,27718928
2020-06-04 04:00:00+00:00,41.5,41.9,40.9,41.74,27675933
2020-06-05 04:00:00+00:00,43.83,45.245,43.79,44.84,51144587
2020-06-08 04:00:00+00:00,46.47,46.88,45.43,46.86,48590196
2020-06-09 04:00:00+00:00,45.36,45.49,44.475,45.1,43975011
2020-06-10 04:00:00+00:00,44.68,44.72,42.86,42.88,41905829
2020-06-11 04:00:00+00:00,39.89,41.043,38.71,38.92,48691428
2020-06-12 04:00:00+00:00,40.55,40.84,38.74,39.82,43011119
2020-06-15 04:00:00+00:00,38.12,40.35,37.7,39.94,32964408
2020-06-16 04:00:00+00:00,41.84,41.9,39.92,41.09,32367352
2020-06-17 04:00:00+00:00,40.93,40.94,39.68,39.69,23824196
2020-06-18 04:00:00+00:00,39.29,40.615,39.05,40.18,18661453
2020-06-19 04:00:00+00:00,41.43,41.44,39.53,39.57,27723877
2020-06-22 04:00:00+00:00,38.88,39.38,38.42,39.25,20632838
2020-06-23 04:00:00+00:00,39.84,39.94,39.165,39.24,14942168
2020-06-24 04:00:00+00:00,38.68,38.69,36.86,37.11,32918820
2020-06-25 04:00:00+00:00,36.76,37.955,36.57,37.82,24350239
2020-06-26 04:00:00+00:00,37.55,37.55,36.335,36.51,34238758
2020-06-29 04:00:00+00:00,36.6,37.32,36.435,37.0,19693825
2020-06-30 04:00:00+00:00,36.7,38.07,36.315,37.83,21341520
2020-07-01 04:00:00+00:00,38.0,38.51,36.88,36.93,24800819
2020-07-02 04:00:00+00:00,37.69,38.21,37.2572,37.34,20953744
2020-07-06 04:00:00+00:00,38.0,38.27,36.98,37.45,22687205
2020-07-07 04:00:00+00:00,36.98,37.03,36.2,36.26,23390609
2020-07-08 04:00:00+00:00,36.26,36.82,35.93,36.23,21151132
2020-07-09 04:00:00+00:00,36.16,36.17,34.4,34.44,32011784
2020-07-10 04:00:00+00:00,34.24,35.58,34.24,35.54,26587224
2020-07-13 04:00:00+00:00,35.87,36.01,35.08,35.35,38927201
2020-07-14 04:00:00+00:00,35.13,36.66,35.01,36.59,34457487
2020-07-15 04:00:00+00:00,37.52,37.62,36.83,37.35,26128591
2020-07-16 04:00:00+00:00,37.13,37.685,36.66,37.21,18947876
2020-07-17 04:00:00+00:00,37.33,37.74,36.53,36.69,18277880
2020-07-20 04:00:00+00:00,36.56,36.98,36.05,36.08,20306589
2020-07-21 04:00:00+00:00,36.7,38.55,36.65,38.26,36732189
2020-07-22 04:00:00+00:00,37.84,37.85,37.24,37.79,19803047
2020-07-23 04:00:00+00:00,37.66,37.91,37.24,37.72,21146933
2020-07-24 04:00:00+00:00,37.72,38.28,37.365,37.51,20034552
2020-07-27 04:00:00+00:00,37.46,37.72,36.99,37.54,18394573
2020-07-28 04:00:00+00:00,37.33,37.685,36.81,36.89,18236737
2020-07-29 04:00:00+00:00,37.01,37.71,36.76,37.68,17499825
2020-07-30 04:00:00+00:00,36.89,36.91,35.875,36.2,33800336
2020-07-31 04:00:00+00:00,35.65,36.07,35.295,36.03,25073895
2020-08-03 04:00:00+00:00,36.02,36.36,35.72,36.16,21290697
2020-08-04 04:00:00+00:00,36.04,37.12,36.0058,37.04,22821382
2020-08-05 04:00:00+00:00,37.76,37.9,37.085,37.43,33396120
2020-08-06 04:00:00+00:00,37.22,37.555,36.99,37.13,19376537
2020-08-07 04:00:00+00:00,36.8,37.27,36.37,37.18,18811011
2020-08-10 04:00:00+00:00,37.46,38.345,37.37,38.33,26559303
2020-08-11 04:00:00+00:00,39.08,39.53,38.02,38.2,26681576
2020-08-12 04:00:00+00:00,38.78,39.03,38.17,38.58,28049021
2020-08-13 04:00:00+00:00,38.23,38.59,37.74,37.83,16014685
2020-08-14 04:00:00+00:00,37.53,38.25,37.39,38.19,13395856
2020-08-17 04:00:00+00:00,38.2,38.2197,37.76,38.0,14499046
2020-08-18 04:00:00+00:00,37.83,38.1959,37.375,37.46,14533998
2020-08-19 04:00:00+00:00,37.46,37.63,36.94,37.06,14914159
2020-08-20 04:00:00+00:00,36.54,36.75,36.25,36.26,20127602
2020-08-21 04:00:00+00:00,36.12,36.1901,35.69,36.03,17734705
2020-08-24 04:00:00+00:00,36.25,37.28,36.035,37.03,25068396
2020-08-25 04:00:00+00:00,37.22,37.27,36.32,36.5,20700782
2020-08-26 04:00:00+00:00,36.45,36.45,35.68,35.73,18274576
2020-08-27 04:00:00+00:00,35.74,36.04,35.36,35.8,22413545
2020-08-28 04:00:00+00:00,35.94,36.55,35.76,36.44,15035380
2020-08-31 04:00:00+00:00,36.49,36.54,35.65,35.65,19092861
2020-09-01 04:00:00+00:00,35.49,35.57,34.97,35.38,18534648
2020-09-02 04:00:00+00:00,35.4,35.61,35.02,35.24,23999881
2020-09-03 04:00:00+00:00,35.17,35.9,34.77,34.98,39622798
2020-09-04 04:00:00+00:00,35.34,35.58,34.44,34.87,34485045
2020-09-08 04:00:00+00:00,34.21,34.37,33.22,33.6,49605226
2020-09-09 04:00:00+00:00,33.98,34.17,33.7101,33.83,25277847
2020-09-10 04:00:00+00:00,33.93,33.97,32.53,32.59,37473985
2020-09-11 04:00:00+00:00,32.66,32.83,32.35,32.62,25870135
2020-09-14 04:00:00+00:00,32.71,33.17,32.48,32.87,20409042
2020-09-15 04:00:00+00:00,33.09,33.39,32.535,32.63,28253561
2020-09-16 04:00:00+00:00,32.92,34.38,32.64,33.94,36632144
2020-09-17 04:00:00+00:00,33.4,34.02,33.07,33.99,22587128
2020-09-18 04:00:00+00:00,33.97,33.995,33.265,33.61,27046589
2020-09-21 04:00:00+00:00,32.26,32.34,31.43,31.97,31668076
2020-09-22 04:00:00+00:00,31.99,32.5,31.58,31.64,25355233
2020-09-23 04:00:00+00:00,31.76,31.88,30.17,30.21,26879456
2020-09-24 04:00:00+00:00,30.1,30.75,29.54,30.2,35618483
2020-09-25 04:00:00+00:00,29.89,30.405,29.7,30.18,27289813
2020-09-28 04:00:00+00:00,30.725,31.23,30.685,30.9,26643308
2020-09-29 04:00:00+00:00,30.8,30.87,29.74,30.04,24159792
2020-09-30 04:00:00+00:00,30.23,30.58,29.81,29.95,24945341
2020-10-01 04:00:00+00:00,29.62,29.745,28.85,29.03,28595045
2020-10-02 04:00:00+00:00,28.25,29.5599,28.2,29.31,29467466
2020-10-05 04:00:00+00:00,29.57,30.21,29.495,30.19,33085186
2020-10-06 04:00:00+00:00,30.63,30.8,29.66,29.74,31344757
2020-10-07 04:00:00+00:00,29.91,30.24,29.565,30.15,21344601
2020-10-08 04:00:00+00:00,30.41,31.31,30.265,31.29,31023082
2020-10-09 04:00:00+00:00,31.57,31.65,30.735,30.79,25682649
2020-10-12 04:00:00+00:00,30.69,30.98,30.37,30.87,17148578
2020-10-13 04:00:00+00:00,30.87,31.05,30.3,30.42,27677511
2020-10-14 04:00:00+00:00,30.46,31.23,30.4,30.52,27481189
2020-10-15 04:00:00+00:00,30.03,30.9,29.73,30.89,20494099
2020-10-16 04:00:00+00:00,30.83,30.87,30.14,30.19,20672579
2020-10-19 04:00:00+00:00,30.3,30.45,29.52,29.55,25410261
2020-10-20 04:00:00+00:00,29.72,30.155,29.52,29.88,23135377
2020-10-21 04:00:00+00:00,29.73,29.895,29.32,29.33,24988057
2020-10-22 04:00:00+00:00,29.38,30.58,29.19,30.54,35698122
2020-10-23 04:00:00+00:00,30.7,30.88,30.01,30.39,25915796
2020-10-26 04:00:00+00:00,29.87,29.91,29.01,29.3,30632091
2020-10-27 04:00:00+00:00,29.27,29.28,28.85,28.9,22087929
2020-10-28 04:00:00+00:00,28.21,28.3899,27.55,27.71,40768281
2020-10-29 04:00:00+00:00,27.35,28.65,26.98,28.56,37455882
2020-10-30 04:00:00+00:00,28.36,28.74,28.03,28.72,38288847
2020-11-02 05:00:00+00:00,29.11,30.09,28.57,29.7,42503448
2020-11-03 05:00:00+00:00,30.2,30.22,29.26,29.53,35097756
2020-11-04 05:00:00+00:00,29.57,30.28,28.77,29.57,47986627
2020-11-05 05:00:00+00:00,29.61,30.16,29.51,29.56,33393534
2020-11-06 05:00:00+00:00,29.57,30.01,28.81,28.93,33506241
2020-11-09 05:00:00+00:00,32.4,33.79,28.9169,33.06,100027864
2020-11-10 05:00:00+00:00,33.68,34.13,32.98,34.13,75677503
2020-11-11 05:00:00+00:00,34.5,34.57,33.46,33.78,46808262
2020-11-12 05:00:00+00:00,33.19,33.66,32.34,32.69,39832510
2020-11-13 05:00:00+00:00,32.94,34.045,32.9,33.88,42333015
2020-11-16 05:00:00+00:00,35.32,36.19,34.885,36.13,50646064
2020-11-17 05:00:00+00:00,35.6,36.5,35.17,36.48,41383707
2020-11-18 05:00:00+00:00,36.79,36.93,35.42,35.42,41635201
2020-11-19 05:00:00+00:00,35.17,36.07,34.81,36.0,33488774
2020-11-20 05:00:00+00:00,35.91,36.07,35.5617,35.81,20059391
2020-11-23 05:00:00+00:00,36.37,38.39,36.33,38.34,38887414
2020-11-24 05:00:00+00:00,39.63,40.4163,39.275,40.31,54082679
2020-11-25 05:00:00+00:00,40.05,40.05,39.15,39.37,36039433
2020-11-27 05:00:00+00:00,39.15,39.47,38.6,38.91,19035686
2020-11-30 05:00:00+00:00,38.48,38.53,36.695,36.77,42898051
2020-12-01 05:00:00+00:00,37.78,37.99,36.865,36.94,34812243
2020-12-02 05:00:00+00:00,36.81,38.71,36.685,38.13,38152225
2020-12-03 05:00:00+00:00,38.29,39.0,37.91,38.53,37040737
2020-12-04 05:00:00+00:00,39.26,40.655,39.23,40.63,52633598
2020-12-07 05:00:00+00:00,40.15,40.24,39.3,39.66,35037384
2020-12-08 05:00:00+00:00,39.18,40.665,39.18,40.27,29106592
2020-12-09 05:00:00+00:00,40.68,41.34,39.87,40.34,43989755
2020-12-10 05:00:00+00:00,40.41,42.08,40.3,41.6,39148925
2020-12-11 05:00:00+00:00,41.32,41.33,40.54,41.11,28574372
2020-12-14 05:00:00+00:00,41.75,41.76,39.535,39.69,44458001
2020-12-15 05:00:00+00:00,39.9,40.66,39.525,40.46,29730938
2020-12-16 05:00:00+00:00,40.58,40.71,39.98,40.26,24058282
2020-12-17 05:00:00+00:00,40.62,40.63,39.83,40.07,23922011
2020-12-18 05:00:00+00:00,39.99,40.21,39.09,39.4,37426351
2020-12-21 05:00:00+00:00,37.41,38.4646,37.015,38.14,40452678
2020-12-22 05:00:00+00:00,38.02,38.18,37.45,37.49,25500724
2020-12-23 05:00:00+00:00,37.81,38.85,37.8,38.32,27318439
2020-12-24 05:00:00+00:00,38.37,38.37,37.74,38.09,11719572
2020-12-28 05:00:00+00:00,38.26,38.74,37.7686,37.88,19232168
2020-12-29 05:00:00+00:00,38.1,38.22,37.45,37.57,19178936
2020-12-30 05:00:00+00:00,37.68,38.575,37.57,38.22,36029150
2020-12-31 05:00:00+00:00,38.05,38.21,37.73,37.9,18435631
2021-01-04 05:00:00+00:00,38.34,38.66,37.51,37.96,33997227
2021-01-05 05:00:00+00:00,38.37,40.7,38.335,39.66,48498552
2021-01-06 05:00:00+00:00,40.44,41.25,39.92,40.87,43826680
2021-01-07 05:00:00+00:00,41.22,41.89,40.8,41.47,26114311
2021-01-08 05:00:00+00:00,42.0,42.0,41.09,41.42,32004633
2021-01-11 05:00:00+00:00,40.52,42.235,40.29,42.07,23993918
2021-01-12 05:00:00+00:00,42.58,43.77,42.26,43.54,44935200
2021-01-13 05:00:00+00:00,43.69,43.71,42.87,43.2,27693580
2021-01-14 05:00:00+00:00,43.47,45.0,43.43,44.48,42180889
2021-01-15 05:00:00+00:00,43.69,43.7,42.33,42.75,51589962
2021-01-19 05:00:00+00:00,43.27,43.91,43.13,43.61,28265402
2021-01-20 05:00:00+00:00,43.98,44.09,43.34,43.77,25657999
2021-01-21 05:00:00+00:00,43.53,43.75,41.895,42.34,30483033
2021-01-22 05:00:00+00:00,41.36,42.185,41.02,42.07,25637763
2021-01-25 05:00:00+00:00,41.61,41.77,40.88,41.64,41101911
2021-01-26 05:00:00+00:00,42.01,42.64,40.73,40.75,27816616
2021-01-27 05:00:00+00:00,40.0963,41.32,39.51,40.24,50389410
2021-01-28 05:00:00+00:00,40.53,41.16,40.16,40.67,29056109
2021-01-29 05:00:00+00:00,40.1,40.62,39.175,39.32,32168407
2021-02-01 05:00:00+00:00,39.8,40.0,38.94,39.6,31273569
2021-02-02 05:00:00+00:00,40.52,40.99,40.025,40.03,32209444
2021-02-03 05:00:00+00:00,40.24,41.849,40.09,41.77,37607903
2021-02-04 05:00:00+00:00,42.05,42.21,41.305,42.2,24420850
2021-02-05 05:00:00+00:00,42.86,43.0,42.435,42.55,24296867
2021-02-08 05:00:00+00:00,43.18,44.5481,43.14,44.33,31675433
2021-02-09 05:00:00+00:00,43.99,44.13,43.285,43.87,35156587
2021-02-10 05:00:00+00:00,44.02,44.75,43.74,44.71,30396703
2021-02-11 05:00:00+00:00,44.57,44.58,43.085,44.02,25241754
2021-02-12 05:00:00+00:00,43.705,44.71,43.63,44.67,24381033
2021-02-16 05:00:00+00:00,45.7,46.32,45.465,45.79,38639295
2021-02-17 05:00:00+00:00,46.26,46.765,45.59,46.47,35951930
2021-02-18 05:00:00+00:00,46.27,46.36,45.275,45.41,31137623
2021-02-19 05:00:00+00:00,45.48,46.36,45.425,46.18,27277693
2021-02-22 05:00:00+00:00,46.47,48.465,46.41,47.93,38389758
2021-02-23 05:00:00+00:00,48.35,48.71,46.51,48.57,49567873
2021-02-24 05:00:00+00:00,48.89,50.58,48.48,50.29,39521754
2021-02-25 05:00:00+00:00,50.81,50.81,48.98,49.32,38299748
2021-02-26 05:00:00+00:00,48.66,48.8,46.73,48.12,46026491
2021-03-01 05:00:00+00:00,49.42,50.08,49.06,49.4,34941340
2021-03-02 05:00:00+00:00,49.58,49.98,49.1,49.13,37739379
2021-03-03 05:00:00+00:00,49.49,50.98,49.48,49.85,41567423
2021-03-04 05:00:00+00:00,50.3,51.96,49.83,51.04,54126920
2021-03-05 05:00:00+00:00,52.49,53.07,51.18,52.95,56900618
2021-03-08 05:00:00+00:00,53.47,53.75,52.28,53.05,50561972
2021-03-09 05:00:00+00:00,52.75,53.5115,51.7475,52.12,63592151
2021-03-10 05:00:00+00:00,52.2,53.62,51.95,53.44,40460024
2021-03-11 05:00:00+00:00,53.55,54.365,53.34,53.46,25705898
2021-03-12 05:00:00+00:00,53.56,54.0493,53.165,53.57,30120028
2021-03-15 04:00:00+00:00,53.4,53.6,52.32,52.96,34759675
2021-03-16 04:00:00+00:00,52.08,52.13,51.13,51.45,41220586
2021-03-17 04:00:00+00:00,51.3,52.1,50.86,51.89,33994065
2021-03-18 04:00:00+00:00,51.39,51.62,49.31,49.52,44183138
2021-03-19 04:00:00+00:00,49.465,50.35,48.86,49.44,40780315
2021-03-22 04:00:00+00:00,48.9,49.085,48.44,48.54,30160226
2021-03-23 04:00:00+00:00,47.56,48.9,47.26,47.8,51864785
2021-03-24 04:00:00+00:00,48.56,49.69,48.56,49.12,41262412
2021-03-25 04:00:00+00:00,48.21,49.35,47.43,49.21,40983506
2021-03-26 04:00:00+00:00,50.1,50.5,49.53,50.43,36451745
2021-03-29 04:00:00+00:00,50.0,50.26,49.22,49.83,24296738
2021-03-30 04:00:00+00:00,49.35,49.93,49.03,49.4,29754247
2021-03-31 04:00:00+00:00,49.3,49.52,48.865,49.06,24540054
2021-04-01 04:00:00+00:00,49.28,50.33,49.02,50.31,32750895
2021-04-05 04:00:00+00:00,50.21,50.22,48.82,49.11,26973996
2021-04-06 04:00:00+00:00,49.35,50.005,48.9,48.98,27006554
2021-04-07 04:00:00+00:00,49.0,49.4,48.82,49.15,25240856
2021-04-08 04:00:00+00:00,48.8,48.81,47.95,48.51,32121273
2021-04-09 04:00:00+00:00,48.5,48.92,47.97,48.19,22176929
2021-04-12 04:00:00+00:00,48.61,48.96,47.64,47.81,19598134
2021-04-13 04:00:00+00:00,47.73,48.12,47.38,47.86,22412666
2021-04-14 04:00:00+00:00,48.28,49.835,48.23,49.19,33383929
2021-04-15 04:00:00+00:00,49.25,49.25,48.59,48.79,24843124
2021-04-16 04:00:00+00:00,49.15,49.27,48.195,48.4,28587456
2021-04-19 04:00:00+00:00,48.5,48.855,47.875,48.35,20413942
2021-04-20 04:00:00+00:00,48.18,48.25,46.59,47.07,36286963
2021-04-21 04:00:00+00:00,46.47,47.84,46.25,47.67,31464247
2021-04-22 04:00:00+00:00,47.9,47.9157,46.9501,47.11,25986016
2021-04-23 04:00:00+00:00,47.15,47.75,46.87,47.54,17467994
2021-04-26 04:00:00+00:00,47.36,48.22,47.36,47.86,17945890
2021-04-27 04:00:00+00:00,48.04,48.61,47.82,48.44,21398672
2021-04-28 04:00:00+00:00,48.8,50.3,48.76,50.11,34544155
2021-04-29 04:00:00+00:00,50.83,51.2899,50.05,50.67,33021248
2021-04-30 04:00:00+00:00,49.95,50.64,49.28,49.39,31618517
2021-05-03 04:00:00+00:00,49.96,50.88,49.8,50.75,23139161
2021-05-04 04:00:00+00:00,50.85,51.23,50.2,50.78,27291295
2021-05-05 04:00:00+00:00,51.41,52.575,50.98,52.42,40057865
2021-05-06 04:00:00+00:00,52.41,52.69,51.435,52.69,29355230
2021-05-07 04:00:00+00:00,52.15,53.715,51.96,53.63,31822859
2021-05-10 04:00:00+00:00,54.3,55.14,53.61,53.65,34541706
2021-05-11 04:00:00+00:00,52.53,53.2821,51.81,52.27,57088397
2021-05-12 04:00:00+00:00,52.54,54.07,52.28,52.52,41404272
2021-05-13 04:00:00+00:00,51.89,52.85,51.18,51.88,39849065
2021-05-14 04:00:00+00:00,52.45,53.69,52.45,53.49,28851687
2021-05-17 04:00:00+00:00,53.3,54.75,53.22,54.73,35576510
2021-05-18 04:00:00+00:00,54.65,54.845,53.36,53.46,35684454
2021-05-19 04:00:00+00:00,52.21,52.72,51.4,52.06,44622116
2021-05-20 04:00:00+00:00,52.11,52.29,51.31,52.05,28940532
2021-05-21 04:00:00+00:00,52.57,52.935,52.12,52.22,25987788
2021-05-24 04:00:00+00:00,52.52,52.8,51.9319,52.68,24665484
2021-05-25 04:00:00+00:00,52.55,52.69,51.53,51.61,24846269
2021-05-26 04:00:00+00:00,51.66,52.255,51.42,52.07,20334206
2021-05-27 04:00:00+00:00,52.28,52.75,51.82,52.11,19987847
2021-05-28 04:00:00+00:00,52.4,52.47,51.93,52.2,19000168
2021-06-01 04:00:00+00:00,53.24,54.3375,53.21,54.24,36999407
2021-06-02 04:00:00+00:00,54.55,55.49,53.91,55.23,34461597
2021-06-03 04:00:00+00:00,55.0,55.69,54.65,55.38,29771064
2021-06-04 04:00:00+00:00,55.74,55.98,54.925,55.75,26946798
2021-06-07 04:00:00+00:00,55.74,56.08,55.43,55.51,20436260
2021-06-08 04:00:00+00:00,55.32,56.09,54.66,55.99,29878974
2021-06-09 04:00:00+00:00,56.15,56.39,55.61,55.65,28591365
2021-06-10 04:00:00+00:00,56.39,56.65,54.98,55.57,28943430
2021-06-11 04:00:00+00:00,55.77,56.08,55.31,55.38,19514370
2021-06-14 04:00:00+00:00,55.58,55.92,54.6905,55.14,19616557
2021-06-15 04:00:00+00:00,55.49,56.335,55.35,56.19,38151945
2021-06-16 04:00:00+00:00,56.1,56.545,55.4,55.89,30777539
2021-06-17 04:00:00+00:00,55.75,56.22,53.26,53.99,53539167
2021-06-18 04:00:00+00:00,52.86,53.53,52.35,52.39,60844795
2021-06-21 04:00:00+00:00,52.29,54.165,52.29,54.07,47187916
2021-06-22 04:00:00+00:00,53.94,54.64,53.35,54.43,24731905
2021-06-23 04:00:00+00:00,54.93,55.55,54.48,54.58,20411911
2021-06-24 04:00:00+00:00,54.83,55.09,54.3,55.05,21378202
2021-06-25 04:00:00+00:00,55.2,55.37,54.885,55.34,19235111
2021-06-28 04:00:00+00:00,55.1,55.13,53.25,53.47,33051448
2021-06-29 04:00:00+00:00,53.79,54.09,53.14,53.21,16038112
2021-06-30 04:00:00+00:00,53.37,54.0284,53.32,53.87,25804923
2021-07-01 04:00:00+00:00,55.1,55.27,54.3,54.81,24101078
2021-07-02 04:00:00+00:00,54.58,54.87,54.11,54.69,15504225
2021-07-06 04:00:00+00:00,54.51,54.61,52.69,52.91,34839519
2021-07-07 04:00:00+00:00,52.83,53.32,51.47,52.05,30874451
2021-07-08 04:00:00+00:00,51.13,52.235,50.95,51.75,25028504
2021-07-09 04:00:00+00:00,52.414,52.89,51.8,52.85,26332162
2021-07-12 04:00:00+00:00,52.25,53.085,51.88,52.77,21024638
2021-07-13 04:00:00+00:00,52.51,52.84,52.06,52.37,25282800
2021-07-14 04:00:00+00:00,52.53,53.14,50.61,50.81,33897633
2021-07-15 04:00:00+00:00,50.26,50.87,49.86,50.1,30405003
2021-07-16 04:00:00+00:00,50.48,50.5,48.585,48.68,38607535
2021-07-19 04:00:00+00:00,47.02,47.63,46.3,46.96,58373065
2021-07-20 04:00:00+00:00,46.9799,48.09,46.58,47.59,42142510
2021-07-21 04:00:00+00:00,48.53,49.65,48.42,49.25,41021322
2021-07-22 04:00:00+00:00,49.2,49.2,48.28,48.7,23798352
2021-07-23 04:00:00+00:00,48.86,48.88,48.03,48.52,23771707
2021-07-26 04:00:00+00:00,48.64,49.92,48.55,49.72,23865072
2021-07-27 04:00:00+00:00,49.33,49.41,48.68,49.26,23937091
2021-07-28 04:00:00+00:00,49.39,50.12,48.94,49.71,20803494
2021-07-29 04:00:00+00:00,50.35,50.57,49.8901,50.19,22260858
2021-07-30 04:00:00+00:00,50.09,50.3,49.09,49.39,25412734
2021-08-02 04:00:00+00:00,49.42,50.62,48.94,49.02,29351831
2021-08-03 04:00:00+00:00,48.86,49.96,48.4,49.86,32696451
2021-08-04 04:00:00+00:00,48.96,49.565,48.435,48.51,34460947
2021-08-05 04:00:00+00:00,48.81,49.6619,48.6,49.06,22899994
2021-08-06 04:00:00+00:00,49.48,49.9,49.24,49.51,18378908
2021-08-09 04:00:00+00:00,48.85,49.2,48.48,48.81,21347041
2021-08-10 04:00:00+00:00,49.07,49.8,49.01,49.67,26903181
2021-08-11 04:00:00+00:00,49.54,50.145,49.23,50.06,24022460
2021-08-12 04:00:00+00:00,50.02,50.29,49.4,50.01,18822102
2021-08-13 04:00:00+00:00,50.04,50.04,49.3,49.42,17203104
2021-08-16 04:00:00+00:00,48.75,48.77,48.08,48.51,24571561
2021-08-17 04:00:00+00:00,48.04,48.79,47.58,48.01,25919325
2021-08-18 04:00:00+00:00,48.0,48.375,46.9501,47.01,28439619
2021-08-19 04:00:00+00:00,46.2,46.5,45.14,45.79,49628129
2021-08-20 04:00:00+00:00,45.37,46.175,45.17,45.89,31199487
2021-08-23 04:00:00+00:00,47.0,47.74,46.9,47.61,28879722
2021-08-24 04:00:00+00:00,48.01,48.645,47.93,48.4,23297210
2021-08-25 04:00:00+00:00,48.3,49.035,47.98,48.77,20183314
2021-08-26 04:00:00+00:00,48.49,48.76,47.95,48.03,20732666
2021-08-27 04:00:00+00:00,48.63,49.64,48.52,49.31,23097296
2021-08-30 04:00:00+00:00,49.5,49.69,48.71,48.73,15908886
2021-08-31 04:00:00+00:00,48.49,48.93,48.28,48.4,29734819
2021-09-01 04:00:00+00:00,48.35,48.63,47.51,47.69,33047233
2021-09-02 04:00:00+00:00,48.13,49.29,48.13,48.9,31315464
2021-09-03 04:00:00+00:00,48.8,49.16,48.3904,48.62,20328066
2021-09-07 04:00:00+00:00,48.39,48.995,48.15,48.33,23711822
2021-09-08 04:00:00+00:00,48.6,48.92,47.68,47.71,21899152
2021-09-09 04:00:00+00:00,47.39,48.56,47.135,47.81,25264757
2021-09-10 04:00:00+00:00,48.55,48.65,47.64,47.79,19173397
2021-09-13 04:00:00+00:00,48.41,49.4905,48.41,49.16,34731204
2021-09-14 04:00:00+00:00,49.6,49.689,48.235,48.45,30758734
2021-09-15 04:00:00+00:00,49.14,50.3,49.06,50.26,40262032
2021-09-16 04:00:00+00:00,50.21,50.22,49.415,49.69,30619107
2021-09-17 04:00:00+00:00,49.44,50.22,49.191,49.32,32270977
2021-09-20 04:00:00+00:00,47.55,47.81,46.47,47.24,46005035
2021-09-21 04:00:00+00:00,47.8,48.05,46.85,47.35,25661747
2021-09-22 04:00:00+00:00,48.15,49.38,48.15,48.81,40113903
2021-09-23 04:00:00+00:00,49.08,50.67,48.85,50.52,25172007
2021-09-24 04:00:00+00:00,50.25,51.16,50.15,50.9,27748865
2021-09-27 04:00:00+00:00,52.02,52.92,51.95,52.71,41514337
2021-09-28 04:00:00+00:00,53.21,53.83,52.77,52.89,66487649
2021-09-29 04:00:00+00:00,52.84,53.22,52.19,52.89,35672049
2021-09-30 04:00:00+00:00,52.74,53.03,52.09,52.09,44599425
2021-10-01 04:00:00+00:00,52.47,53.89,52.47,53.84,42162150
2021-10-04 04:00:00+00:00,54.415,55.315,54.165,54.72,57953436
2021-10-05 04:00:00+00:00,55.5,56.05,54.465,55.04,49464335
2021-10-06 04:00:00+00:00,54.13,54.755,53.5,54.46,50388760
2021-10-07 04:00:00+00:00,54.6,55.18,54.33,54.88,38988438
2021-10-08 04:00:00+00:00,55.46,56.7,55.33,56.57,43083034
2021-10-11 04:00:00+00:00,57.42,57.59,56.305,56.36,43467301
2021-10-12 04:00:00+00:00,56.25,56.952,56.021,56.41,35937003
2021-10-13 04:00:00+00:00,56.0,56.65,55.37,56.36,29400430
2021-10-14 04:00:00+00:00,57.0,57.29,56.48,57.05,23396112
2021-10-15 04:00:00+00:00,57.69,57.91,57.3,57.33,22672838
2021-10-18 04:00:00+00:00,57.89,58.21,57.05,57.37,32628772
2021-10-19 04:00:00+00:00,57.61,58.22,57.295,58.02,22404732
2021-10-20 04:00:00+00:00,57.58,58.5,57.35,58.49,25230846
2021-10-21 04:00:00+00:00,58.04,58.25,56.9401,57.41,32228604
2021-10-22 04:00:00+00:00,57.62,57.995,57.075,57.95,21948459
2021-10-25 04:00:00+00:00,58.66,59.12,58.35,58.8,25280069
2021-10-26 04:00:00+00:00,59.0,59.41,58.7796,59.14,23466815
2021-10-27 04:00:00+00:00,58.5,58.82,57.31,57.44,34221281
2021-10-28 04:00:00+00:00,57.13,57.895,57.12,57.85,25484381
2021-10-29 04:00:00+00:00,58.14,58.27,57.23,57.47,22309376
2021-11-01 04:00:00+00:00,58.04,58.62,57.88,58.46,24933140
2021-11-02 04:00:00+00:00,58.12,58.57,57.72,57.91,17450725
2021-11-03 04:00:00+00:00,57.21,58.03,56.97,57.43,23910959
2021-11-04 04:00:00+00:00,58.28,58.43,56.99,57.51,39403226
2021-11-05 04:00:00+00:00,58.3,58.52,57.775,58.26,23221618
2021-11-08 05:00:00+00:00,58.75,59.4,58.465,58.79,20472317
2021-11-09 05:00:00+00:00,58.86,59.045,58.02,59.03,20142247
2021-11-10 05:00:00+00:00,58.78,58.97,57.125,57.47,36082766
2021-11-11 05:00:00+00:00,57.51,58.08,57.51,57.69,24869812
2021-11-12 05:00:00+00:00,57.45,57.78,57.2,57.55,17664061
2021-11-15 05:00:00+00:00,57.5,58.365,57.01,58.03,23117353
2021-11-16 05:00:00+00:00,58.2,58.59,57.84,58.12,21118688
2021-11-17 05:00:00+00:00,57.55,58.38,57.03,57.23,24363445
2021-11-18 05:00:00+00:00,57.1,57.545,56.2,56.89,29458735
2021-11-19 05:00:00+00:00,55.66,55.81,54.55,54.67,46823265
2021-11-22 05:00:00+00:00,54.59,56.48,54.58,55.64,34472994
2021-11-23 05:00:00+00:00,56.37,57.54,56.32,57.35,34547905
2021-11-24 05:00:00+00:00,57.05,58.24,56.9725,57.91,22010438
2021-11-26 05:00:00+00:00,55.04,55.76,54.14,55.58,45746674
2021-11-29 05:00:00+00:00,56.79,57.36,55.72,55.9,37458163
2021-11-30 05:00:00+00:00,54.85,55.68,54.32,54.59,47188192
2021-12-01 05:00:00+00:00,55.87,56.38,53.98,54.01,45268841
2021-12-02 05:00:00+00:00,54.04,55.78,53.4,55.58,51183314
2021-12-03 05:00:00+00:00,56.33,56.58,54.61,55.14,38697029
2021-12-06 05:00:00+00:00,55.99,56.62,55.3,55.96,32689872
2021-12-07 05:00:00+00:00,56.74,57.81,56.67,57.27,40080609
2021-12-08 05:00:00+00:00,57.59,57.87,57.14,57.26,23650169
2021-12-09 05:00:00+00:00,56.9,57.05,56.47,56.82,23900415
2021-12-10 05:00:00+00:00,57.43,57.47,56.2201,57.24,19585597
2021-12-13 05:00:00+00:00,56.73,56.9,55.38,55.65,29211619
2021-12-14 05:00:00+00:00,55.31,56.2702,55.23,55.42,29499136
2021-12-15 05:00:00+00:00,55.34,55.475,53.92,55.15,34312044
2021-12-16 05:00:00+00:00,55.63,56.635,55.41,55.5,27010963
2021-12-17 05:00:00+00:00,55.1,55.35,53.88,54.37,35343777
2021-12-20 05:00:00+00:00,52.23,53.05,51.66,53.01,40104757
2021-12-21 05:00:00+00:00,53.55,54.715,53.53,54.52,26235907
2021-12-22 05:00:00+00:00,54.58,55.24,53.92,54.87,22203897
2021-12-23 05:00:00+00:00,55.11,55.66,54.88,54.9,17192717
2021-12-27 05:00:00+00:00,54.72,56.15,54.26,56.1,23238113
2021-12-28 05:00:00+00:00,56.24,56.608,55.75,56.06,18261789
2021-12-29 05:00:00+00:00,55.97,56.24,55.43,55.7,15354706
2021-12-30 05:00:00+00:00,55.72,56.16,55.31,55.36,13875305
2021-12-31 05:00:00+00:00,55.22,55.785,55.13,55.5,13491225
2022-01-03 05:00:00+00:00,55.58,57.31,55.55,57.22,34322437
2022-01-04 05:00:00+00:00,58.0,59.43,57.81,59.2,40619637
2022-01-05 05:00:00+00:00,59.78,60.44,59.1,59.19,45609470
2022-01-06 05:00:00+00:00,60.58,60.845,59.66,60.51,38042824
2022-01-07 05:00:00+00:00,60.74,61.5,60.32,61.34,36231189
2022-01-10 05:00:00+00:00,61.48,61.6,60.3506,61.15,33862786
2022-01-11 05:00:00+00:00,61.68,63.34,61.1601,63.23,39150228
2022-01-12 05:00:00+00:00,63.57,63.735,62.89,63.35,30490465
2022-01-13 05:00:00+00:00,63.35,63.86,62.77,63.03,30125037
2022-01-14 05:00:00+00:00,63.09,64.615,63.05,64.51,32979178
2022-01-18 05:00:00+00:00,65.2,65.53,63.78,64.77,41500913
2022-01-19 05:00:00+00:00,65.27,65.34,63.79,64.3,33157076
2022-01-20 05:00:00+00:00,63.88,65.42,63.58,63.71,42326699
2022-01-21 05:00:00+00:00,62.99,63.39,61.785,62.45,59066985
2022-01-24 05:00:00+00:00,60.97,63.09,59.84,62.87,63049817
2022-01-25 05:00:00+00:00,62.63,65.55,61.47,65.31,59811072
2022-01-26 05:00:00+00:00,66.0,66.53,64.49,65.2,65648665
2022-01-27 05:00:00+00:00,66.35,67.06,64.82,65.91,56608015
2022-01-28 05:00:00+00:00,65.47,66.27,64.26,65.63,53059362
2022-01-31 05:00:00+00:00,65.48,66.34,64.44,65.92,32452117
2022-02-01 05:00:00+00:00,65.53,68.43,65.38,68.27,46218586
2022-02-02 05:00:00+00:00,67.92,68.62,67.08,68.49,33311177
2022-02-03 05:00:00+00:00,68.21,68.35,67.1001,67.84,31113639
2022-02-04 05:00:00+00:00,68.7,70.0,68.54,68.9,41018864
2022-02-07 05:00:00+00:00,68.57,70.43,68.05,69.78,33229558
2022-02-08 05:00:00+00:00,69.57,69.71,67.8,68.28,38392338
2022-02-09 05:00:00+00:00,68.44,69.38,68.27,68.85,35584941
2022-02-10 05:00:00+00:00,68.51,69.74,67.97,68.42,37932662
2022-02-11 05:00:00+00:00,68.88,70.5,68.45,70.41,46582929
2022-02-14 05:00:00+00:00,69.98,70.0599,67.93,68.75,50146710
2022-02-15 05:00:00+00:00,67.06,68.19,66.68,68.03,44072160
2022-02-16 05:00:00+00:00,68.57,69.77,68.16,68.58,36869646
2022-02-17 05:00:00+00:00,68.52,69.185,67.9403,68.47,33918324
2022-02-18 05:00:00+00:00,67.5,68.59,67.39,68.05,31789201
2022-02-22 05:00:00+00:00,70.11,70.11,65.94,66.95,46841519
2022-02-23 05:00:00+00:00,67.34,68.16,66.95,67.665,34223260
2022-02-24 05:00:00+00:00,69.08,69.16,65.361,67.11,64155375
2022-02-25 05:00:00+00:00,67.26,68.95,67.26,68.88,39381371
2022-02-28 05:00:00+00:00,68.39,70.66,68.01,70.58,48420696
2022-03-01 05:00:00+00:00,71.21,72.49,70.29,71.29,62339088
2022-03-02 05:00:00+00:00,72.38,73.5002,72.03,72.92,45632746
2022-03-03 05:00:00+00:00,72.21,73.619,72.06,73.12,44772292
2022-03-04 05:00:00+00:00,73.11,75.27,72.92,75.23,53104392
2022-03-07 05:00:00+00:00,76.01,77.56,74.635,76.34,66166763
2022-03-08 05:00:00+00:00,78.08,80.22,75.33,77.54,98476817
2022-03-09 05:00:00+00:00,74.7,76.94,73.5,75.17,87388116
2022-03-10 05:00:00+00:00,76.06,77.665,75.52,77.47,69158285
2022-03-11 05:00:00+00:00,76.23,77.81,76.11,76.85,46082647
2022-03-14 04:00:00+00:00,75.21,75.74,73.55,74.55,50949034
2022-03-15 04:00:00+00:00,71.66,72.65,70.44,71.82,62862514
2022-03-16 04:00:00+00:00,72.09,72.72,70.74,71.49,53948518
2022-03-17 04:00:00+00:00,72.76,74.135,72.3089,73.95,38653241
2022-03-18 04:00:00+00:00,73.82,74.38,73.3209,73.88,29354882
2022-03-21 04:00:00+00:00,74.66,76.37,74.62,76.13,34550418
2022-03-22 04:00:00+00:00,75.81,76.23,74.71,75.57,34479984
2022-03-23 04:00:00+00:00,76.99,77.58,76.62,76.87,29448498
2022-03-24 04:00:00+00:00,77.16,77.82,76.545,77.06,26915099
2022-03-25 04:00:00+00:00,76.6,78.85,76.535,78.75,28276590
2022-03-28 04:00:00+00:00,77.13,77.16,76.305,76.82,35510870
2022-03-29 04:00:00+00:00,75.08,76.64,74.19,76.6,37755038
2022-03-30 04:00:00+00:00,77.34,78.04,76.8571,77.49,25375014
2022-03-31 04:00:00+00:00,76.76,78.21,76.43,76.44,33265875
2022-04-01 04:00:00+00:00,76.34,77.775,76.29,77.06,25063096
2022-04-04 04:00:00+00:00,77.56,77.81,76.34,77.16,23397112
2022-04-05 04:00:00+00:00,77.3,78.49,75.86,75.95,27810395
2022-04-06 04:00:00+00:00,76.78,77.47,75.975,76.4,32282315
2022-04-07 04:00:00+00:00,76.76,77.66,75.34,77.4,27244582
2022-04-08 04:00:00+00:00,77.61,79.75,77.61,79.53,26969244
2022-04-11 04:00:00+00:00,78.68,78.7,76.965,77.14,26693860
2022-04-12 04:00:00+00:00,78.7,79.85,78.265,78.42,32246267
2022-04-13 04:00:00+00:00,79.38,79.81,78.07,79.59,24886944
2022-04-14 04:00:00+00:00,79.21,80.48,79.09,79.85,26357018
2022-04-18 04:00:00+00:00,80.51,81.5,80.01,81.02,34635595
2022-04-19 04:00:00+00:00,80.6,81.39,79.89,80.36,23325695
2022-04-20 04:00:00+00:00,80.57,81.1,79.792,80.67,26373260
2022-04-21 04:00:00+00:00,81.15,81.51,77.81,78.11,32982648
2022-04-22 04:00:00+00:00,77.8,78.915,76.165,76.2,35825108
2022-04-25 04:00:00+00:00,73.8,74.075,71.0,73.68,55920369
2022-04-26 04:00:00+00:00,74.23,75.8,73.59,73.78,44925306
2022-04-27 04:00:00+00:00,74.25,75.59,72.92,74.86,44895715
2022-04-28 04:00:00+00:00,75.36,77.76,73.88,77.13,46192567
2022-04-29 04:00:00+00:00,77.3,77.74,74.88,75.15,39726008
2022-05-02 04:00:00+00:00,74.69,76.38,74.46,76.35,52748884
2022-05-03 04:00:00+00:00,76.49,78.85,76.44,78.49,42594182
2022-05-04 04:00:00+00:00,80.0,81.915,78.98,81.75,46094863
2022-05-05 04:00:00+00:00,82.33,82.41,78.875,80.52,46596959
2022-05-06 04:00:00+00:00,81.56,82.9299,79.925,82.92,47509601
2022-05-09 04:00:00+00:00,81.14,81.21,75.75,76.06,53192180
2022-05-10 04:00:00+00:00,77.23,78.69,75.13,76.75,57382259
2022-05-11 04:00:00+00:00,78.03,80.33,77.65,77.78,50240072
2022-05-12 04:00:00+00:00,77.75,78.15,75.6799,78.11,45393066
2022-05-13 04:00:00+00:00,79.27,81.1,79.13,80.78,29796961
2022-05-16 04:00:00+00:00,81.07,83.76,81.02,82.91,28583187
2022-05-17 04:00:00+00:00,84.03,84.3784,83.12,83.87,28536901
2022-05-18 04:00:00+00:00,84.47,84.57,80.735,81.72,33542069
2022-05-19 04:00:00+00:00,79.86,82.79,79.86,81.42,36056848
2022-05-20 04:00:00+00:00,82.42,83.3917,80.13,81.77,32830192
2022-05-23 04:00:00+00:00,82.74,84.22,82.225,83.93,27170980
2022-05-24 04:00:00+00:00,83.0,84.6,82.36,84.25,26862220
2022-05-25 04:00:00+00:00,84.54,86.11,84.42,85.99,26627225
2022-05-26 04:00:00+00:00,86.51,87.585,86.4501,86.94,21921193
2022-05-27 04:00:00+00:00,86.55,88.77,86.34,88.53,19020363
2022-05-31 04:00:00+00:00,89.99,90.46,86.73,87.2,39676151
2022-06-01 04:00:00+00:00,88.3,89.265,87.33,88.62,30386101
2022-06-02 04:00:00+00:00,88.0,88.96,87.4624,88.34,26702916
2022-06-03 04:00:00+00:00,88.45,89.79,88.35,89.51,20586135
2022-06-06 04:00:00+00:00,89.94,90.0,88.93,89.41,17124973
2022-06-07 04:00:00+00:00,89.35,92.2,89.28,92.08,26656531
2022-06-08 04:00:00+00:00,92.53,93.31,91.7105,92.28,28797589
2022-06-09 04:00:00+00:00,91.49,92.07,90.14,90.24,25328000
2022-06-10 04:00:00+00:00,89.2,90.54,87.6838,88.71,31826971
2022-06-13 04:00:00+00:00,86.02,86.11,82.41,84.08,45522950
2022-06-14 04:00:00+00:00,85.77,86.87,83.14,84.24,35356071
2022-06-15 04:00:00+00:00,84.05,84.47,80.99,82.38,43791975
2022-06-16 04:00:00+00:00,80.19,80.625,77.07,77.74,58917902
2022-06-17 04:00:00+00:00,77.2,77.77,72.595,73.49,65396146
2022-06-21 04:00:00+00:00,74.61,76.96,74.48,76.44,35968364
2022-06-22 04:00:00+00:00,72.76,74.67,72.355,73.38,42148092
2022-06-23 04:00:00+00:00,73.73,74.26,69.47,70.66,58143816
2022-06-24 04:00:00+00:00,71.87,73.11,70.83,71.59,47595255
2022-06-27 04:00:00+00:00,72.42,74.195,72.33,73.69,34364592
2022-06-28 04:00:00+00:00,75.44,76.9,74.54,75.68,41010817
2022-06-29 04:00:00+00:00,76.73,76.99,72.8443,73.05,36092580
2022-06-30 04:00:00+00:00,71.48,73.365,70.87,71.51,38621151
2022-07-01 04:00:00+00:00,72.38,72.89,70.13,72.58,35220133
2022-07-05 04:00:00+00:00,71.08,71.415,68.19,69.7,45505159
2022-07-06 04:00:00+00:00,68.95,70.19,66.45,68.51,48850514
2022-07-07 04:00:00+00:00,70.37,71.54,70.2,70.98,34367185
2022-07-08 04:00:00+00:00,71.84,72.14,69.9599,70.95,22241426
2022-07-11 04:00:00+00:00,70.06,70.86,69.33,70.27,23228886
2022-07-12 04:00:00+00:00,68.43,69.305,67.66,68.9,32901605
2022-07-13 04:00:00+00:00,67.9,70.23,67.9,68.79,29806778
2022-07-14 04:00:00+00:00,66.38,67.57,65.48,67.49,37136084
2022-07-15 04:00:00+00:00,68.96,69.03,67.57,68.59,33357856
2022-07-18 04:00:00+00:00,70.42,71.32,69.83,70.16,26162775
2022-07-19 04:00:00+00:00,70.06,72.5,70.04,72.32,24687694
2022-07-20 04:00:00+00:00,71.52,73.35,71.22,73.02,21260502
2022-07-21 04:00:00+00:00,71.02,71.81,69.66,71.74,22015694
2022-07-22 04:00:00+00:00,72.02,72.73,70.735,71.15,20739781
2022-07-25 04:00:00+00:00,72.13,73.83,71.27,73.76,19841591
2022-07-26 04:00:00+00:00,74.64,74.965,72.595,73.09,18943005
2022-07-27 04:00:00+00:00,73.56,75.113,72.81,74.74,23214791
2022-07-28 04:00:00+00:00,75.41,75.925,73.77,75.09,25580672
2022-07-29 04:00:00+00:00,76.53,78.66,76.38,78.42,26627382
2022-08-01 04:00:00+00:00,77.08,77.275,75.77,76.8,26713522
2022-08-02 04:00:00+00:00,76.81,77.39,75.94,76.62,20219144
2022-08-03 04:00:00+00:00,76.945,77.17,73.96,74.42,28781299
2022-08-04 04:00:00+00:00,73.91,74.12,71.39,71.66,28411965
2022-08-05 04:00:00+00:00,70.69,73.71,70.69,73.08,22993216
2022-08-08 04:00:00+00:00,73.0,74.12,72.89,73.46,19255174
2022-08-09 04:00:00+00:00,74.5,75.7,74.37,74.75,17576196
2022-08-10 04:00:00+00:00,74.92,75.715,73.44,75.29,17594869
2022-08-11 04:00:00+00:00,76.7,78.54,76.471,77.88,30707471
2022-08-12 04:00:00+00:00,77.37,78.51,77.04,78.47,19658915
2022-08-15 04:00:00+00:00,75.63,77.36,74.94,76.94,21464127
2022-08-16 04:00:00+00:00,77.05,77.86,76.275,76.76,19930178
2022-08-17 04:00:00+00:00,76.41,78.2,76.21,77.4,23118910
2022-08-18 04:00:00+00:00,78.26,79.56,78.12,79.48,24023142
2022-08-19 04:00:00+00:00,79.28,80.0061,78.82,79.46,20148409
2022-08-22 04:00:00+00:00,78.78,79.8,77.48,79.31,23168869
2022-08-23 04:00:00+00:00,80.61,82.79,80.55,82.17,27891156
2022-08-24 04:00:00+00:00,82.18,83.295,81.81,83.18,24863842
2022-08-25 04:00:00+00:00,83.66,84.235,83.01,83.82,20541779
2022-08-26 04:00:00+00:00,83.65,84.56,82.47,82.84,19760347
2022-08-29 04:00:00+00:00,82.8,85.18,82.59,84.09,26504666
2022-08-30 04:00:00+00:00,82.65,82.67,80.57,81.24,29446314
2022-08-31 04:00:00+00:00,79.23,81.84,78.94,80.5,29826379
2022-09-01 04:00:00+00:00,79.31,79.61,77.42,78.52,28862969
2022-09-02 04:00:00+00:00,80.45,81.02,79.53,79.96,30610819
2022-09-06 04:00:00+00:00,80.71,80.98,78.89,79.22,23236931
2022-09-07 04:00:00+00:00,77.49,78.64,76.78,78.3,30724501
2022-09-08 04:00:00+00:00,78.65,79.03,77.69,78.64,27082685
2022-09-09 04:00:00+00:00,80.05,80.99,79.455,80.6,19870218
2022-09-12 04:00:00+00:00,81.78,82.97,81.08,82.08,21224698
2022-09-13 04:00:00+00:00,80.8,82.18,79.65,80.01,31188128
2022-09-14 04:00:00+00:00,80.76,82.85,80.76,82.27,27636311
2022-09-15 04:00:00+00:00,80.81,81.15,79.755,80.15,28380841
2022-09-16 04:00:00+00:00,79.9,79.96,77.3,78.44,36001679
2022-09-19 04:00:00+00:00,75.46,77.69,75.28,77.64,19196366
2022-09-20 04:00:00+00:00,77.1,77.545,76.19,77.1,23028944
2022-09-21 04:00:00+00:00,78.55,78.6601,75.94,75.97,34953298
2022-09-22 04:00:00+00:00,77.35,77.6,75.64,75.7,29398086
2022-09-23 04:00:00+00:00,72.76,72.9,69.94,70.48,52956612
2022-09-26 04:00:00+00:00,70.04,70.92,68.66,68.75,38582997
2022-09-27 04:00:00+00:00,69.94,70.81,69.13,69.52,34382450
2022-09-28 04:00:00+00:00,70.22,72.995,69.8,72.6,33168079
2022-09-29 04:00:00+00:00,72.07,72.75,70.8,72.6,24871965
2022-09-30 04:00:00+00:00,72.02,73.02,71.32,72.02,22195583
2022-10-03 04:00:00+00:00,74.61,76.49,74.49,76.09,36233450
2022-10-04 04:00:00+00:00,77.63,79.43,77.02,79.36,33885028
2022-10-05 04:00:00+00:00,79.33,81.63,78.65,81.0,31320949
2022-10-06 04:00:00+00:00,80.34,82.69,80.28,82.44,26685515
2022-10-07 04:00:00+00:00,82.61,83.54,81.21,81.8,28948356
2022-10-10 04:00:00+00:00,82.12,82.82,79.86,80.12,23547013
2022-10-11 04:00:00+00:00,78.62,80.85,78.29,79.48,27351383
2022-10-12 04:00:00+00:00,78.96,80.675,78.44,80.12,20941119
2022-10-13 04:00:00+00:00,79.07,83.71,79.05,83.39,35660304
2022-10-14 04:00:00+00:00,82.48,83.6701,80.12,80.28,27362073
2022-10-17 04:00:00+00:00,81.54,82.62,81.05,81.28,19362018
2022-10-18 04:00:00+00:00,81.95,82.75,80.41,81.99,25588961
2022-10-19 04:00:00+00:00,82.23,84.72,82.2,84.41,31871928
2022-10-20 04:00:00+00:00,85.05,85.83,83.9812,84.49,25768069
2022-10-21 04:00:00+00:00,84.96,87.1,84.74,86.93,25737426
2022-10-24 04:00:00+00:00,86.88,87.95,86.41,87.34,22983511
2022-10-25 04:00:00+00:00,87.0,87.83,86.53,87.43,19202838
2022-10-26 04:00:00+00:00,87.76,89.32,87.7,88.62,23133425
2022-10-27 04:00:00+00:00,89.84,90.44,88.67,88.94,25355387
2022-10-28 04:00:00+00:00,89.9,90.63,87.65,89.25,25003942
2022-10-31 04:00:00+00:00,88.37,91.18,88.27,90.0,30096683
2022-11-01 04:00:00+00:00,91.51,91.5499,90.32,90.87,22173960
2022-11-02 04:00:00+00:00,90.58,91.05,88.47,88.68,28543237
2022-11-03 04:00:00+00:00,88.14,90.825,87.89,90.32,27078147
2022-11-04 04:00:00+00:00,92.33,93.02,90.14,91.42,30674982
2022-11-07 05:00:00+00:00,91.61,93.28,91.45,92.99,19387719
2022-11-08 05:00:00+00:00,92.81,93.48,91.935,93.08,21859253
2022-11-09 05:00:00+00:00,91.82,92.11,88.33,88.53,31513956
2022-11-10 05:00:00+00:00,90.36,90.6,88.5,90.5,29244107
2022-11-11 05:00:00+00:00,92.23,93.61,92.01,93.13,25528767
2022-11-14 05:00:00+00:00,92.86,94.71,92.85,93.1,23122640
2022-11-15 05:00:00+00:00,93.45,94.32,92.84,94.08,25771076
2022-11-16 05:00:00+00:00,93.24,93.81,91.68,92.16,23638603
2022-11-17 05:00:00+00:00,90.75,92.44,90.28,92.36,21429904
2022-11-18 05:00:00+00:00,90.65,91.88,89.5101,91.63,23667480
2022-11-21 05:00:00+00:00,89.64,90.6299,87.285,90.39,42576772
2022-11-22 05:00:00+00:00,91.52,93.43,91.1,93.22,26877457
2022-11-23 05:00:00+00:00,91.53,92.795,91.19,92.21,20598650
2022-11-25 05:00:00+00:00,92.27,92.92,91.71,91.87,7591311
2022-11-28 05:00:00+00:00,89.62,90.75,89.0504,89.35,29150244
2022-11-29 05:00:00+00:00,90.34,91.23,90.01,90.7,19024193
2022-11-30 05:00:00+00:00,91.71,91.89,89.715,91.15,21915127
2022-12-01 05:00:00+00:00,91.79,92.25,90.54,90.85,19451019
2022-12-02 05:00:00+00:00,90.22,91.3791,89.78,90.31,18375278
2022-12-05 05:00:00+00:00,91.2,91.56,86.88,87.63,25876919
2022-12-06 05:00:00+00:00,87.08,88.13,84.73,85.32,32465110
2022-12-07 05:00:00+00:00,85.3,86.4199,84.37,85.12,24447088
2022-12-08 05:00:00+00:00,87.03,87.22,84.265,84.74,25640362
2022-12-09 05:00:00+00:00,84.47,85.4,82.65,82.68,24039516
2022-12-12 05:00:00+00:00,83.15,85.05,82.825,84.85,21092424
2022-12-13 05:00:00+00:00,86.5,87.18,85.775,86.46,27278688
2022-12-14 05:00:00+00:00,87.05,87.36,85.16,85.93,26337755
2022-12-15 05:00:00+00:00,85.18,85.61,83.96,85.41,20207545
2022-12-16 05:00:00+00:00,83.8,84.76,83.21,84.36,29545986
2022-12-19 05:00:00+00:00,84.38,84.65,82.88,83.49,18418305
2022-12-20 05:00:00+00:00,83.75,85.29,83.425,84.75,14296507
2022-12-21 05:00:00+00:00,86.48,86.75,85.21,86.36,17029113
2022-12-22 05:00:00+00:00,86.45,86.5,82.68,84.37,18679664
2022-12-23 05:00:00+00:00,85.49,87.08,85.05,87.06,14802943
2022-12-27 05:00:00+00:00,87.44,88.36,87.12,87.99,16374639
2022-12-28 05:00:00+00:00,87.87,87.87,85.75,86.02,15918974
2022-12-29 05:00:00+00:00,85.66,87.31,85.62,86.92,13457907
2022-12-30 05:00:00+00:00,86.46,87.64,86.45,87.47,11328376
2023-01-03 05:00:00+00:00,86.92,87.36,83.35,84.4,26541416
2023-01-04 05:00:00+00:00,83.15,84.8801,82.83,84.39,22852575
2023-01-05 05:00:00+00:00,84.25,86.4,84.01,85.93,19361852
2023-01-06 05:00:00+00:00,87.04,88.63,86.82,87.56,22204982
2023-01-09 05:00:00+00:00,88.88,89.02,86.965,87.25,23001610
2023-01-10 05:00:00+00:00,87.82,88.05,86.49,87.87,15799501
2023-01-11 05:00:00+00:00,88.64,88.86,87.185,88.14,16451492
2023-01-12 05:00:00+00:00,88.67,90.4,88.5,89.82,18358035
2023-01-13 05:00:00+00:00,89.75,90.1653,88.8,89.95,15901589
2023-01-17 05:00:00+00:00,90.16,91.08,89.77,90.14,16966599
2023-01-18 05:00:00+00:00,90.56,91.57,88.4,88.49,19037646
2023-01-19 05:00:00+00:00,87.98,89.95,87.79,89.59,17146862
2023-01-20 05:00:00+00:00,89.78,90.79,88.87,90.48,14023610
2023-01-23 05:00:00+00:00,91.14,91.59,90.31,90.6,14652544
2023-01-24 05:00:00+00:00,90.3,90.46,88.46,90.25,14886444
2023-01-25 05:00:00+00:00,89.81,90.26,88.38,90.26,13430617
2023-01-26 05:00:00+00:00,91.72,93.15,90.6,93.11,18331505
2023-01-27 05:00:00+00:00,92.61,93.07,91.08,91.23,17393300
2023-01-30 05:00:00+00:00,90.57,90.7,89.015,89.14,13762454
2023-01-31 05:00:00+00:00,88.84,90.065,87.93,89.93,13924137
2023-02-01 05:00:00+00:00,89.51,89.89,87.0,88.16,23483596
2023-02-02 05:00:00+00:00,87.82,87.99,85.2,86.15,24901506
2023-02-03 05:00:00+00:00,86.51,87.91,85.87,85.96,22725235
2023-02-06 05:00:00+00:00,86.04,86.69,84.515,85.57,15857170
2023-02-07 05:00:00+00:00,86.11,88.48,85.66,88.35,20507016
2023-02-08 05:00:00+00:00,88.28,88.73,87.055,87.56,13483580
2023-02-09 05:00:00+00:00,87.57,87.85,86.745,86.81,16075156
2023-02-10 05:00:00+00:00,88.25,90.39,88.17,90.21,19987910
2023-02-13 05:00:00+00:00,89.75,90.325,88.82,89.98,12372446
2023-02-14 05:00:00+00:00,89.27,90.665,89.02,90.01,13511305
2023-02-15 05:00:00+00:00,89.0,89.19,87.35,88.48,15972123
2023-02-16 05:00:00+00:00,88.0,88.755,87.52,87.61,12657087
2023-02-17 05:00:00+00:00,86.25,86.31,84.12,84.49,22319119
2023-02-21 05:00:00+00:00,84.12,85.04,83.91,84.07,16811279
2023-02-22 05:00:00+00:00,83.84,84.63,82.79,83.51,20135213
2023-02-23 05:00:00+00:00,84.77,85.26,83.695,84.77,17511674
2023-02-24 05:00:00+00:00,83.52,84.78,83.04,84.66,18745831
2023-02-27 05:00:00+00:00,84.83,85.2771,84.21,84.91,15338191
2023-02-28 05:00:00+00:00,85.77,85.8,83.62,83.69,19003820
2023-03-01 05:00:00+00:00,83.76,85.77,83.45,85.34,18546968
2023-03-02 05:00:00+00:00,85.19,86.41,84.92,86.09,16402487
2023-03-03 05:00:00+00:00,85.06,87.69,85.0,87.26,25323481
2023-03-06 05:00:00+00:00,86.78,87.44,86.425,87.3,16949157
2023-03-07 05:00:00+00:00,86.78,87.0009,85.555,85.78,18500179
2023-03-08 05:00:00+00:00,85.4,86.49,84.0831,84.9,19699517
2023-03-09 05:00:00+00:00,85.39,86.59,83.675,83.7,18944056
2023-03-10 05:00:00+00:00,83.7,84.88,82.15,82.63,28307937
2023-03-13 04:00:00+00:00,80.52,82.395,79.11,80.95,41663313
2023-03-14 04:00:00+00:00,80.94,83.57,80.305,81.75,30533190
2023-03-15 04:00:00+00:00,78.75,79.35,76.235,77.36,57673510
2023-03-16 04:00:00+00:00,75.66,78.4,75.355,78.2,44401829
2023-03-17 04:00:00+00:00,77.75,78.395,76.34,76.97,33770695
2023-03-20 04:00:00+00:00,76.1,78.2,76.1,77.7,26144360
2023-03-21 04:00:00+00:00,79.3,80.635,79.06,80.39,29856229
2023-03-22 04:00:00+00:00,80.44,80.81,78.62,78.68,24604696
2023-03-23 04:00:00+00:00,79.11,79.795,76.84,77.59,24743111
2023-03-24 04:00:00+00:00,76.05,78.195,75.805,77.89,20649008
2023-03-27 04:00:00+00:00,78.71,80.0,78.08,79.55,20111926
2023-03-28 04:00:00+00:00,79.1,81.13,79.07,80.78,16298354
2023-03-29 04:00:00+00:00,81.58,81.985,81.05,81.9,18102274
2023-03-30 04:00:00+00:00,82.58,82.7,81.78,82.26,13730400
2023-03-31 04:00:00+00:00,82.47,82.965,82.165,82.83,16146074
2023-04-03 04:00:00+00:00,86.32,87.14,85.87,86.58,31226124
2023-04-04 04:00:00+00:00,86.84,86.95,84.25,85.01,24681487
2023-04-05 04:00:00+00:00,85.22,86.29,84.51,86.29,20276134
2023-04-06 04:00:00+00:00,86.16,86.2481,84.805,84.98,16689270
2023-04-10 04:00:00+00:00,85.3,86.64,85.3,85.66,13488647
2023-04-11 04:00:00+00:00,86.14,87.01,85.6499,86.47,12787580
2023-04-12 04:00:00+00:00,87.07,87.25,86.27,86.53,16667178
2023-04-13 04:00:00+00:00,86.4,87.29,86.19,87.07,15692262
2023-04-14 04:00:00+00:00,87.19,87.7388,86.72,87.23,11775619
2023-04-17 04:00:00+00:00,86.94,87.3,85.9,86.2,11880993
2023-04-18 04:00:00+00:00,86.0,86.76,85.57,86.54,12246759
2023-04-19 04:00:00+00:00,85.76,86.31,85.29,86.24,17123070
2023-04-20 04:00:00+00:00,85.04,85.5,84.44,85.48,15198120
2023-04-21 04:00:00+00:00,85.79,85.83,84.6,84.98,16877012
2023-04-24 04:00:00+00:00,84.71,86.68,84.68,86.28,12625917
2023-04-25 04:00:00+00:00,85.44,85.59,84.16,84.66,15332606
2023-04-26 04:00:00+00:00,84.06,84.84,83.02,83.53,20035011
2023-04-27 04:00:00+00:00,83.48,84.04,82.69,83.83,17057343
2023-04-28 04:00:00+00:00,83.53,85.59,83.24,85.13,19110798
2023-05-01 04:00:00+00:00,84.06,85.08,83.7244,84.17,13910686
2023-05-02 04:00:00+00:00,83.16,83.29,79.74,80.51,33823986
2023-05-03 04:00:00+00:00,79.48,80.41,78.96,78.99,29683773
2023-05-04 04:00:00+00:00,79.02,79.82,77.8717,78.11,26430480
2023-05-05 04:00:00+00:00,80.27,80.86,79.79,80.23,19533630
2023-05-08 04:00:00+00:00,81.4,81.75,80.22,80.23,16355949
2023-05-09 04:00:00+00:00,79.6,81.02,79.425,80.26,20710621
2023-05-10 04:00:00+00:00,80.66,80.82,78.75,79.35,18026000
2023-05-11 04:00:00+00:00,78.23,78.81,77.8,78.4,19084137
2023-05-12 04:00:00+00:00,78.79,79.3199,77.9501,78.52,18952765
2023-05-15 04:00:00+00:00,78.81,79.37,78.19,78.92,16272278
2023-05-16 04:00:00+00:00,78.55,78.89,76.865,76.98,22260859
2023-05-17 04:00:00+00:00,77.77,78.88,77.2,78.46,23100333
2023-05-18 04:00:00+00:00,77.99,79.125,77.5,79.03,16577126
2023-05-19 04:00:00+00:00,79.76,80.26,79.19,79.64,18058649
2023-05-22 04:00:00+00:00,79.34,80.118,79.19,79.31,13471766
2023-05-23 04:00:00+00:00,80.07,81.07,79.855,80.16,21401872
2023-05-24 04:00:00+00:00,80.79,81.13,79.83,80.51,16737145
2023-05-25 04:00:00+00:00,79.35,79.52,78.34,79.08,19125452
2023-05-26 04:00:00+00:00,79.56,79.78,78.36,78.77,14391740
2023-05-30 04:00:00+00:00,77.4,78.05,77.1,77.96,20165805
2023-05-31 04:00:00+00:00,76.74,77.33,76.33,76.59,22398812
2023-06-01 04:00:00+00:00,76.77,78.41,76.25,77.54,25811840
2023-06-02 04:00:00+00:00,78.99,80.28,78.45,79.9,27639389
2023-06-05 04:00:00+00:00,81.065,81.12,79.23,79.37,21753677
2023-06-06 04:00:00+00:00,78.32,80.08,78.24,80.01,17375360
2023-06-07 04:00:00+00:00,80.4,82.23,80.35,82.13,30327137
2023-06-08 04:00:00+00:00,82.24,82.515,80.42,81.78,23081139
2023-06-09 04:00:00+00:00,81.74,82.14,81.11,81.33,19194061
2023-06-12 04:00:00+00:00,80.11,81.36,80.0,80.55,18196131
2023-06-13 04:00:00+00:00,81.44,82.515,80.89,80.93,20068213
2023-06-14 04:00:00+00:00,81.73,82.09,79.5,80.1,23802687
2023-06-15 04:00:00+00:00,80.24,81.59,80.22,80.98,23388539
2023-06-16 04:00:00+00:00,81.28,81.51,80.625,80.86,23730882
2023-06-20 04:00:00+00:00,79.62,79.705,77.77,78.36,21283661
2023-06-21 04:00:00+00:00,78.04,79.645,77.92,78.98,17236869
2023-06-22 04:00:00+00:00,78.26,78.35,77.63,77.92,16755382
2023-06-23 04:00:00+00:00,77.08,77.565,76.721,77.36,17452557
2023-06-26 04:00:00+00:00,77.5,79.19,77.32,78.75,16244304
2023-06-27 04:00:00+00:00,78.67,79.27,78.21,78.93,14194195
2023-06-28 04:00:00+00:00,78.85,79.83,78.15,79.73,16451631
2023-06-29 04:00:00+00:00,80.03,80.65,79.6,80.65,14217893
2023-06-30 04:00:00+00:00,81.2,81.58,80.6,81.17,17414342
2023-07-03 04:00:00+00:00,81.37,81.97,81.06,81.36,9701554
2023-07-05 04:00:00+00:00,81.7,81.715,80.45,80.91,16280343
2023-07-06 04:00:00+00:00,80.03,80.59,78.485,79.09,20983886
2023-07-07 04:00:00+00:00,78.7,81.535,78.64,80.79,24458027
2023-07-10 04:00:00+00:00,80.58,81.58,80.52,81.42,15462511
2023-07-11 04:00:00+00:00,81.79,83.34,81.63,83.21,19821024
2023-07-12 04:00:00+00:00,83.89,84.45,83.46,83.98,21538760
2023-07-13 04:00:00+00:00,83.98,84.495,82.88,83.66,26613237
2023-07-14 04:00:00+00:00,83.12,83.2,81.25,81.45,21994089
2023-07-17 04:00:00+00:00,81.16,81.64,80.92,81.29,16232310
2023-07-18 04:00:00+00:00,81.1,82.955,80.97,82.11,21607291
2023-07-19 04:00:00+00:00,82.11,83.15,81.93,82.59,18760483
2023-07-20 04:00:00+00:00,83.27,83.73,82.86,83.56,17724905
2023-07-21 04:00:00+00:00,83.87,84.34,83.33,84.3,15764505
2023-07-24 04:00:00+00:00,84.73,86.28,84.7,85.66,22269804
2023-07-25 04:00:00+00:00,85.62,86.61,85.1,86.11,16803263
2023-07-26 04:00:00+00:00,85.4,86.48,85.28,86.14,16394005
2023-07-27 04:00:00+00:00,86.61,86.96,85.35,85.59,17775304
2023-07-28 04:00:00+00:00,85.53,85.865,84.6,85.85,17318289
2023-07-31 04:00:00+00:00,86.6,87.73,86.35,87.48,18133239
2023-08-01 04:00:00+00:00,87.13,87.32,86.1341,87.07,17904642
2023-08-02 04:00:00+00:00,86.48,86.92,85.2,85.93,22961518
2023-08-03 04:00:00+00:00,86.16,87.58,85.69,86.8,20816983
2023-08-04 04:00:00+00:00,87.42,88.24,86.82,86.92,21604151
2023-08-07 04:00:00+00:00,87.41,87.59,86.7643,87.02,13410766
2023-08-08 04:00:00+00:00,85.61,87.485,84.965,87.45,18618559
2023-08-09 04:00:00+00:00,88.3,89.36,87.75,88.55,26042806
2023-08-10 04:00:00+00:00,88.68,89.69,87.94,88.54,19613252
2023-08-11 04:00:00+00:00,88.5,90.0,88.48,89.9,23344603
2023-08-14 04:00:00+00:00,89.65,89.89,88.92,89.52,15094734
2023-08-15 04:00:00+00:00,88.9,89.0,87.5,87.66,22491234
2023-08-16 04:00:00+00:00,87.75,88.7,86.84,86.9,18997730
2023-08-17 04:00:00+00:00,88.12,89.14,87.81,87.94,20232150
2023-08-18 04:00:00+00:00,87.43,88.92,87.15,88.81,17653649
2023-08-21 04:00:00+00:00,89.17,89.53,87.6382,88.25,15244237
2023-08-22 04:00:00+00:00,88.36,88.67,87.515,87.57,12869737
2023-08-23 04:00:00+00:00,86.62,87.4299,85.87,87.35,19399284
2023-08-24 04:00:00+00:00,86.56,87.67,86.5,86.75,16727515
2023-08-25 04:00:00+00:00,87.27,88.03,86.51,87.59,19018408
2023-08-28 04:00:00+00:00,87.82,88.84,87.6688,88.18,12859098
2023-08-29 04:00:00+00:00,88.5,88.51,87.54,88.42,13509664
2023-08-30 04:00:00+00:00,88.82,89.02,88.47,88.86,13945063
2023-08-31 04:00:00+00:00,89.19,89.34,88.28,88.92,14808694
2023-09-01 04:00:00+00:00,89.9,90.835,89.88,90.74,17882082
2023-09-05 04:00:00+00:00,91.25,92.15,91.16,91.22,24368700
2023-09-06 04:00:00+00:00,91.04,91.75,90.59,91.26,20162145
2023-09-07 04:00:00+00:00,91.44,91.905,91.0088,91.17,15364573
2023-09-08 04:00:00+00:00,91.6,92.71,91.55,92.05,17375862
2023-09-11 04:00:00+00:00,92.72,93.0,90.47,90.84,22047499
2023-09-12 04:00:00+00:00,91.82,93.08,91.65,92.98,26799674
2023-09-13 04:00:00+00:00,93.07,93.26,91.8,92.28,18157687
2023-09-14 04:00:00+00:00,93.24,93.685,92.96,93.36,18549905
2023-09-15 04:00:00+00:00,92.5,93.41,92.01,92.01,24806371
2023-09-18 04:00:00+00:00,92.28,92.55,91.433,92.11,16873326
2023-09-19 04:00:00+00:00,92.8,92.93,90.71,91.25,18135905
2023-09-20 04:00:00+00:00,90.8,91.83,90.34,90.4,17970996
2023-09-21 04:00:00+00:00,91.02,91.23,89.01,89.16,21723106
2023-09-22 04:00:00+00:00,89.83,90.43,89.225,89.31,21036026
2023-09-25 04:00:00+00:00,89.07,90.57,89.07,90.43,17536882
2023-09-26 04:00:00+00:00,89.65,90.45,89.51,89.91,16729982
2023-09-27 04:00:00+00:00,91.03,92.41,90.625,92.15,23145078
2023-09-28 04:00:00+00:00,91.75,92.785,91.54,92.25,24231375
2023-09-29 04:00:00+00:00,92.11,92.47,90.045,90.39,24184571
2023-10-02 04:00:00+00:00,90.27,90.51,87.98,88.59,25299904
2023-10-03 04:00:00+00:00,88.38,88.7,87.66,88.53,20733284
2023-10-04 04:00:00+00:00,87.21,87.36,84.91,85.75,29786160
2023-10-05 04:00:00+00:00,84.52,85.97,84.52,85.22,23518464
2023-10-06 04:00:00+00:00,85.22,86.51,84.2601,85.73,25740548
2023-10-09 04:00:00+00:00,88.03,88.96,87.4012,88.59,30744527
2023-10-10 04:00:00+00:00,88.67,89.285,88.17,88.7,20850255
2023-10-11 04:00:00+00:00,87.79,87.88,86.5538,87.56,23572662
2023-10-12 04:00:00+00:00,88.49,88.57,87.2525,87.66,19993225
2023-10-13 04:00:00+00:00,89.09,90.02,88.71,89.59,24266127
2023-10-16 04:00:00+00:00,90.17,90.455,89.33,90.19,19182637
2023-10-17 04:00:00+00:00,89.99,91.41,89.855,91.13,20211961
2023-10-18 04:00:00+00:00,91.5,92.34,91.29,91.96,23808386
2023-10-19 04:00:00+00:00,91.64,92.56,90.77,91.8,31648533
2023-10-20 04:00:00+00:00,91.64,91.98,89.945,90.26,23274778
2023-10-23 04:00:00+00:00,89.74,89.75,88.39,88.8,25944069
2023-10-24 04:00:00+00:00,89.02,89.09,87.52,87.55,22135799
2023-10-25 04:00:00+00:00,87.61,88.06,86.95,87.39,20706324
2023-10-26 04:00:00+00:00,86.59,87.11,85.8452,86.71,22385167
2023-10-27 04:00:00+00:00,86.62,86.945,84.34,84.63,26904714
2023-10-30 04:00:00+00:00,84.93,85.54,84.09,84.91,22765337
2023-10-31 04:00:00+00:00,85.01,85.37,84.16,85.19,18602850
2023-11-01 04:00:00+00:00,85.73,86.19,84.87,84.99,23041253
2023-11-02 04:00:00+00:00,85.2,87.64,84.71,87.56,22661492
2023-11-03 04:00:00+00:00,87.4,87.675,86.15,86.68,23617503
2023-11-06 05:00:00+00:00,87.37,87.37,85.45,85.7,20517698
2023-11-07 05:00:00+00:00,84.58,84.73,83.425,83.8,23775150
2023-11-08 05:00:00+00:00,83.48,84.03,82.7159,82.75,25371003
2023-11-09 05:00:00+00:00,83.36,83.55,82.45,82.5,19116125
2023-11-10 05:00:00+00:00,83.43,83.61,82.62,83.41,17291784
2023-11-13 05:00:00+00:00,83.54,84.18,83.28,84.01,14223685
2023-11-14 05:00:00+00:00,84.33,84.995,84.19,84.76,17361992
2023-11-15 05:00:00+00:00,84.63,85.6664,84.48,84.6,16521764
2023-11-16 05:00:00+00:00,83.8,84.12,82.105,82.95,26582959
2023-11-17 05:00:00+00:00,83.66,85.25,83.46,84.69,24429671
2023-11-20 05:00:00+00:00,85.04,85.5399,84.7901,84.81,14549489
2023-11-21 05:00:00+00:00,84.41,84.77,83.814,84.62,13486889
2023-11-22 05:00:00+00:00,82.93,84.65,82.46,84.58,18275120
2023-11-24 05:00:00+00:00,84.55,85.56,84.5,84.93,9576299
2023-11-27 05:00:00+00:00,84.49,84.78,83.84,84.63,12250907
2023-11-28 05:00:00+00:00,84.8,85.43,84.49,84.65,14460899
2023-11-29 05:00:00+00:00,85.18,85.285,83.745,84.02,22633991
2023-11-30 05:00:00+00:00,84.74,85.79,83.57,84.58,29182291
2023-12-01 05:00:00+00:00,84.48,86.025,84.1,85.02,21523971
2023-12-04 05:00:00+00:00,84.4,85.16,84.01,84.63,18535141
2023-12-05 05:00:00+00:00,84.58,84.74,83.1,83.15,18873576
2023-12-06 05:00:00+00:00,82.61,83.19,81.59,81.91,31153298
2023-12-07 05:00:00+00:00,82.29,82.695,81.055,81.35,20454412
2023-12-08 05:00:00+00:00,81.89,82.48,81.725,82.23,17063628
2023-12-11 05:00:00+00:00,82.3,82.6,81.92,82.33,14672064
2023-12-12 05:00:00+00:00,81.57,81.66,80.74,81.2,22693343
2023-12-13 05:00:00+00:00,81.25,82.355,80.87,82.33,23222819
2023-12-14 05:00:00+00:00,83.16,84.86,83.16,84.75,30358689
2023-12-15 05:00:00+00:00,83.99,84.46,83.6,84.3,23183183
2023-12-18 05:00:00+00:00,84.98,85.41,84.1,84.18,21223566
2023-12-19 05:00:00+00:00,84.34,85.28,84.15,85.19,18431226
2023-12-20 05:00:00+00:00,85.49,85.99,84.3,84.4,19909087
2023-12-21 05:00:00+00:00,84.57,84.86,83.935,84.73,13031439
2023-12-22 05:00:00+00:00,85.34,85.715,84.845,84.98,12519454
2023-12-26 05:00:00+00:00,85.7,86.165,85.44,85.71,12991727
2023-12-27 05:00:00+00:00,85.71,86.0,85.02,85.33,10119096
2023-12-28 05:00:00+00:00,84.89,85.215,84.0,84.03,13099049
2023-12-29 05:00:00+00:00,84.32,84.4,83.59,83.84,12172730
2024-01-02 05:00:00+00:00,84.43,85.52,84.31,84.74,19650895
2024-01-03 05:00:00+00:00,84.87,86.425,84.44,86.12,18967999
2024-01-04 05:00:00+00:00,86.74,87.11,84.56,84.61,21024516
2024-01-05 05:00:00+00:00,85.42,85.46,84.2882,84.68,17014649
2024-01-08 05:00:00+00:00,83.24,83.8,82.1025,83.7,23609342
2024-01-09 05:00:00+00:00,83.81,83.9,82.175,82.36,16875228
2024-01-10 05:00:00+00:00,82.52,82.5505,81.22,81.55,16579879
2024-01-11 05:00:00+00:00,81.99,82.2,81.43,81.76,19294285
2024-01-12 05:00:00+00:00,83.02,83.345,82.18,82.68,19384795
2024-01-16 05:00:00+00:00,82.5,82.61,80.66,80.71,18015626
2024-01-17 05:00:00+00:00,79.88,80.84,79.7,80.04,19642135
2024-01-18 05:00:00+00:00,80.06,80.13,78.9823,79.91,17852797
2024-01-19 05:00:00+00:00,79.87,80.18,79.59,80.17,19970105
2024-01-22 05:00:00+00:00,80.0,80.645,79.48,80.47,15068363
2024-01-23 05:00:00+00:00,80.34,81.29,80.22,80.64,12354612
2024-01-24 05:00:00+00:00,81.06,81.83,80.68,81.79,16930485
2024-01-25 05:00:00+00:00,82.37,83.66,81.88,83.63,18804724
2024-01-26 05:00:00+00:00,83.54,84.28,82.925,84.25,18234763
2024-01-29 05:00:00+00:00,84.12,84.25,83.25,84.13,14840315
2024-01-30 05:00:00+00:00,83.3,85.02,82.98,85.0,17670559
2024-01-31 05:00:00+00:00,85.0,85.16,83.37,83.41,19290372
2024-02-01 05:00:00+00:00,83.91,84.3,82.63,83.4,25550688
2024-02-02 05:00:00+00:00,84.1,84.18,82.82,83.52,19037512
2024-02-05 05:00:00+00:00,83.01,83.805,82.405,83.31,15796807
2024-02-06 05:00:00+00:00,83.72,84.4,83.23,83.58,14028149
2024-02-07 05:00:00+00:00,83.82,84.175,83.07,83.75,13460228
2024-02-08 05:00:00+00:00,83.7,84.92,83.68,84.61,18100539
2024-02-09 05:00:00+00:00,84.77,85.13,83.22,83.31,19036669
2024-02-12 05:00:00+00:00,83.6,84.47,83.6,84.23,12946927
2024-02-13 05:00:00+00:00,84.31,84.6,82.835,83.38,20578407
2024-02-14 05:00:00+00:00,83.99,84.245,82.86,83.3,20447286
2024-02-15 05:00:00+00:00,83.28,85.856,83.21,85.62,21682213
2024-02-16 05:00:00+00:00,85.97,86.2499,85.32,85.57,13480383
2024-02-20 05:00:00+00:00,85.66,85.71,84.68,84.79,14497788
2024-02-21 05:00:00+00:00,85.15,86.46,85.09,86.38,14378315
2024-02-22 05:00:00+00:00,85.83,86.89,85.42,86.53,17603416
2024-02-23 05:00:00+00:00,85.69,86.235,85.14,85.96,14476197
2024-02-26 05:00:00+00:00,85.86,86.825,85.43,86.26,11688172
2024-02-27 05:00:00+00:00,86.34,86.71,85.45,85.89,13168416
2024-02-28 05:00:00+00:00,86.0,86.65,85.38,85.72,13339812
2024-02-29 05:00:00+00:00,85.9,86.42,85.655,86.14,13667657
2024-03-01 05:00:00+00:00,86.76,87.54,86.61,87.14,16229844
2024-03-04 05:00:00+00:00,87.09,87.32,86.125,86.21,16599023
2024-03-05 05:00:00+00:00,86.08,87.41,85.97,86.85,16087126
2024-03-06 05:00:00+00:00,87.58,88.04,86.93,87.12,14004382
2024-03-07 05:00:00+00:00,87.24,88.35,87.17,87.86,12318198
2024-03-08 05:00:00+00:00,87.74,88.19,87.52,88.17,14125993
2024-03-11 04:00:00+00:00,88.19,89.11,87.53,89.08,12491860
2024-03-12 04:00:00+00:00,89.07,89.315,88.465,88.94,11890452
2024-03-13 04:00:00+00:00,89.87,90.85,89.72,90.36,21362595
2024-03-14 04:00:00+00:00,90.72,91.33,90.37,91.29,17973014
2024-03-15 04:00:00+00:00,91.22,92.22,91.01,91.56,18876683
2024-03-18 04:00:00+00:00,91.19,91.46,90.43,91.14,15248355
2024-03-19 04:00:00+00:00,91.13,92.2496,91.07,92.18,14272893
2024-03-20 04:00:00+00:00,91.65,92.38,91.51,92.05,16329668
2024-03-21 04:00:00+00:00,92.21,92.79,91.92,92.6,11667097
2024-03-22 04:00:00+00:00,92.64,92.87,92.1735,92.4,8974404
2024-03-25 04:00:00+00:00,92.72,93.88,92.7,93.26,17537190
2024-03-26 04:00:00+00:00,93.35,93.56,92.36,92.54,17686925
2024-03-27 04:00:00+00:00,92.34,93.42,92.18,93.4,16980041
2024-03-28 04:00:00+00:00,93.95,94.58,93.4957,94.41,17307570
2024-04-01 04:00:00+00:00,94.69,95.39,93.7563,95.11,21449514
2024-04-02 04:00:00+00:00,95.52,96.54,95.1,96.44,19335599
2024-04-03 04:00:00+00:00,96.8,97.2302,96.4849,97.1,14574431
2024-04-04 04:00:00+00:00,97.25,97.595,96.66,97.04,18470645
2024-04-05 04:00:00+00:00,97.44,98.4667,96.85,98.08,15597269
2024-04-08 04:00:00+00:00,98.13,98.41,97.285,97.46,17017279
2024-04-09 04:00:00+00:00,97.88,98.14,96.78,97.49,17666552
2024-04-10 04:00:00+00:00,97.22,98.15,96.8,97.79,19599825
2024-04-11 04:00:00+00:00,98.1,98.14,96.335,97.72,19602346
2024-04-12 04:00:00+00:00,98.34,98.97,95.67,96.13,23283084
2024-04-15 04:00:00+00:00,96.59,97.05,95.11,95.23,24345363
2024-04-16 04:00:00+00:00,95.05,95.49,93.73,94.4,18248809
2024-04-17 04:00:00+00:00,94.2,95.14,93.46,94.13,13710457
2024-04-18 04:00:00+00:00,94.45,94.72,93.51,93.84,12777824
2024-04-19 04:00:00+00:00,94.02,95.61,93.88,94.97,17725720
2024-04-22 04:00:00+00:00,94.47,96.24,93.72,95.59,15123166
2024-04-23 04:00:00+00:00,95.15,96.12,94.69,96.12,14328745
2024-04-24 04:00:00+00:00,95.52,96.3,95.06,96.19,10651892
2024-04-25 04:00:00+00:00,96.08,96.92,95.25,96.63,13250097
2024-04-26 04:00:00+00:00,95.76,96.115,94.76,95.74,16183299
2024-04-29 04:00:00+00:00,95.46,96.6,95.4,96.39,11118164
2024-04-30 04:00:00+00:00,96.0,96.165,93.475,93.52,17699467
2024-05-01 04:00:00+00:00,93.39,93.69,91.53,92.03,25471850
2024-05-02 04:00:00+00:00,92.65,93.19,92.12,92.56,17308397
2024-05-03 04:00:00+00:00,92.64,92.74,91.345,92.57,19043868
2024-05-06 04:00:00+00:00,92.86,94.235,92.86,93.3,16722753
2024-05-07 04:00:00+00:00,93.43,93.9,93.18,93.21,10471146
2024-05-08 04:00:00+00:00,92.67,93.545,92.53,93.1,9905941
2024-05-09 04:00:00+00:00,93.2,94.35,93.2,94.35,11244746
2024-05-10 04:00:00+00:00,94.55,94.86,93.58,93.83,10284205
2024-05-13 04:00:00+00:00,94.05,94.4,93.18,93.58,10489028
2024-05-14 04:00:00+00:00,93.4,93.77,93.02,93.7,12176776
2024-05-15 04:00:00+00:00,93.5,94.08,92.12,93.91,19396118
2024-05-16 04:00:00+00:00,93.7,94.38,93.4,93.65,12290068
2024-05-17 04:00:00+00:00,93.82,95.105,93.79,94.96,14500791
2024-05-20 04:00:00+00:00,95.0,95.21,94.105,94.34,10067334
2024-05-21 04:00:00+00:00,94.1,94.865,93.81,93.88,11233839
2024-05-22 04:00:00+00:00,93.5,93.54,91.71,92.08,17433983
2024-05-23 04:00:00+00:00,92.54,92.86,91.08,91.24,13465690
2024-05-24 04:00:00+00:00,91.95,92.1898,91.11,91.37,9520699
2024-05-28 04:00:00+00:00,91.69,92.55,91.455,92.31,14452061
2024-05-29 04:00:00+00:00,92.05,92.13,90.27,90.68,15026778
2024-05-30 04:00:00+00:00,90.48,91.27,90.45,90.94,11366388
2024-05-31 04:00:00+00:00,91.1,93.2661,91.0096,93.2,16251507
2024-06-03 04:00:00+00:00,92.89,92.92,90.09,90.76,20398294
2024-06-04 04:00:00+00:00,89.82,89.97,88.7,89.89,17360705
2024-06-05 04:00:00+00:00,90.0,90.14,89.33,89.88,10520075
2024-06-06 04:00:00+00:00,89.57,90.38,89.2266,90.35,12753253
2024-06-07 04:00:00+00:00,90.18,91.035,89.55,89.99,10044889
2024-06-10 04:00:00+00:00,90.33,91.21,89.99,90.67,11274191
2024-06-11 04:00:00+00:00,90.27,90.59,89.44,90.49,9295563
2024-06-12 04:00:00+00:00,91.24,91.27,89.0711,89.52,16280287
2024-06-13 04:00:00+00:00,89.28,89.53,88.245,88.7,14247820
2024-06-14 04:00:00+00:00,88.6,88.7,87.67,88.04,12905668
2024-06-17 04:00:00+00:00,87.92,88.665,87.6,88.27,14773860
2024-06-18 04:00:00+00:00,88.84,89.76,88.418,88.64,14642890
2024-06-20 04:00:00+00:00,88.9,90.73,88.62,90.27,17036926
2024-06-21 04:00:00+00:00,90.51,90.76,89.62,89.75,19993179
2024-06-24 04:00:00+00:00,89.53,91.625,89.38,91.28,15594111
2024-06-25 04:00:00+00:00,91.2,91.5,90.7,91.49,13835130
2024-06-26 04:00:00+00:00,91.59,91.59,90.155,90.59,11563699
2024-06-27 04:00:00+00:00,91.07,91.17,90.29,90.8,7815787
2024-06-28 04:00:00+00:00,91.5,91.82,90.82,91.15,12801572
2024-07-01 04:00:00+00:00,91.88,92.18,90.66,91.2,12281643
2024-07-02 04:00:00+00:00,92.08,92.1,90.55,91.13,12613385
2024-07-03 04:00:00+00:00,91.21,91.95,91.05,91.53,8140047
2024-07-05 04:00:00+00:00,91.35,91.42,89.7,90.1,11725246
2024-07-08 04:00:00+00:00,89.45,90.38,89.195,89.55,9797506
2024-07-09 04:00:00+00:00,88.66,89.74,88.4,88.76,9545597
2024-07-10 04:00:00+00:00,88.66,89.39,88.39,89.36,9660378
2024-07-11 04:00:00+00:00,89.13,90.475,88.82,90.29,11344837
2024-07-12 04:00:00+00:00,90.8,90.93,89.85,90.52,9058620
2024-07-15 04:00:00+00:00,91.16,92.72,90.81,91.89,15395973
2024-07-16 04:00:00+00:00,91.5,92.3871,91.03,92.3,12064667
2024-07-17 04:00:00+00:00,92.51,93.82,92.49,93.22,14717675
2024-07-18 04:00:00+00:00,93.12,94.51,92.79,93.39,16433832
2024-07-19 04:00:00+00:00,93.24,93.88,92.13,92.37,13250136
2024-07-22 04:00:00+00:00,91.88,92.32,91.265,91.79,10763756
2024-07-23 04:00:00+00:00,91.53,91.61,90.215,90.33,16551898
2024-07-24 04:00:00+00:00,90.57,91.15,89.715,90.34,14664250
2024-07-25 04:00:00+00:00,90.4,92.19,89.97,91.9,18218702
2024-07-26 04:00:00+00:00,91.66,92.575,91.3314,92.19,11865386
2024-07-29 04:00:00+00:00,92.2,92.27,90.535,91.4,13578260
2024-07-30 04:00:00+00:00,91.39,93.11,91.2817,92.82,12836601
2024-07-31 04:00:00+00:00,94.08,94.14,93.14,93.21,18086875
2024-08-01 04:00:00+00:00,93.0,93.47,90.27,90.74,21279249
2024-08-02 04:00:00+00:00,89.7,90.19,87.51,88.4,22918104
2024-08-05 04:00:00+00:00,86.5,87.18,85.47,86.45,25019550
2024-08-06 04:00:00+00:00,86.77,87.96,86.43,86.98,15709299
2024-08-07 04:00:00+00:00,88.04,88.94,87.28,87.33,13062974
2024-08-08 04:00:00+00:00,87.58,89.33,87.58,89.21,10798420
2024-08-09 04:00:00+00:00,89.08,89.79,88.51,89.41,11172786
2024-08-12 04:00:00+00:00,89.93,90.425,87.5,89.85,14392936
2024-08-13 04:00:00+00:00,89.17,89.25,88.54,88.98,15693195
2024-08-14 04:00:00+00:00,89.15,89.895,88.8,89.5,10828802
2024-08-15 04:00:00+00:00,90.01,90.86,89.93,90.57,9167605
2024-08-16 04:00:00+00:00,90.01,90.69,89.94,90.47,8876521
2024-08-19 04:00:00+00:00,90.62,91.85,90.62,91.08,10881343
2024-08-20 04:00:00+00:00,90.88,90.96,88.64,88.68,16933237
2024-08-21 04:00:00+00:00,89.24,89.685,88.575,88.83,11368866
2024-08-22 04:00:00+00:00,88.89,89.46,88.71,89.06,9797718
2024-08-23 04:00:00+00:00,89.48,90.54,89.37,90.39,10367313
2024-08-26 04:00:00+00:00,91.39,91.995,90.53,91.2,9757380
2024-08-27 04:00:00+00:00,91.2,91.45,90.19,90.35,8313563
2024-08-28 04:00:00+00:00,89.8,90.325,89.3737,89.77,8524501
2024-08-29 04:00:00+00:00,90.3,91.28,89.45,90.94,11249528
2024-08-30 04:00:00+00:00,90.02,91.31,89.81,91.28,14042634
2024-09-03 04:00:00+00:00,89.79,89.9269,88.445,89.01,19097080
2024-09-04 04:00:00+00:00,89.1,89.67,87.605,87.78,15056992
2024-09-05 04:00:00+00:00,88.41,88.48,87.02,87.1,12495645
2024-09-06 04:00:00+00:00,87.29,87.82,85.66,86.01,17956014
2024-09-09 04:00:00+00:00,86.27,87.43,86.14,86.63,16412161
2024-09-10 04:00:00+00:00,86.76,86.87,84.41,85.14,24663410
2024-09-11 04:00:00+00:00,85.13,85.17,83.02,84.35,24062862
2024-09-12 04:00:00+00:00,84.68,85.435,84.05,85.11,15884613
2024-09-13 04:00:00+00:00,85.54,86.23,85.34,85.59,13097731
2024-09-16 04:00:00+00:00,86.31,87.11,85.92,86.57,13437719
2024-09-17 04:00:00+00:00,86.6,87.8,86.41,87.74,12517342
2024-09-18 04:00:00+00:00,87.61,88.99,87.49,87.91,14104789
2024-09-19 04:00:00+00:00,89.4,89.955,88.47,88.96,18903358
2024-09-20 04:00:00+00:00,88.59,88.97,87.775,88.76,13980802
2024-09-23 04:00:00+00:00,88.2,89.555,87.895,89.12,13315054
2024-09-24 04:00:00+00:00,90.14,90.14,88.7748,88.9,17313654
2024-09-25 04:00:00+00:00,88.67,88.94,86.98,87.16,13816776
2024-09-26 04:00:00+00:00,85.43,86.575,85.17,85.45,23448157
2024-09-27 04:00:00+00:00,85.91,87.315,85.86,87.19,15244756
2024-09-30 04:00:00+00:00,87.03,87.955,86.525,87.8,11404712
2024-10-01 04:00:00+00:00,87.01,90.16,86.9,89.8,33057054
2024-10-02 04:00:00+00:00,91.06,91.29,89.71,90.72,20962571
2024-10-03 04:00:00+00:00,91.04,92.44,90.35,92.32,22363026
2024-10-04 04:00:00+00:00,93.1,93.465,92.25,93.18,17977892
2024-10-07 04:00:00+00:00,93.51,94.21,93.2,93.51,16259706
2024-10-08 04:00:00+00:00,92.3,92.4,90.63,91.07,19879941
2024-10-09 04:00:00+00:00,90.39,91.86,90.21,91.62,15759791
2024-10-10 04:00:00+00:00,92.13,92.75,91.46,92.24,13023699
2024-10-11 04:00:00+00:00,92.21,93.14,92.03,92.81,13207250
2024-10-14 04:00:00+00:00,92.16,92.92,92.02,92.77,11099257
2024-10-15 04:00:00+00:00,90.3,90.9,89.73,89.78,18919576
2024-10-16 04:00:00+00:00,90.29,90.505,89.965,90.21,9938549
2024-10-17 04:00:00+00:00,90.2,90.94,90.1,90.64,10716650
2024-10-18 04:00:00+00:00,90.47,90.73,89.7,90.34,12007591
2024-10-21 04:00:00+00:00,90.94,91.23,89.91,90.07,10581042
2024-10-22 04:00:00+00:00,90.4,90.7,89.95,90.28,8978235
2024-10-23 04:00:00+00:00,90.03,90.375,89.29,89.81,9906637
2024-10-24 04:00:00+00:00,90.0,90.27,89.2,89.8,8523606
2024-10-25 04:00:00+00:00,90.28,90.52,89.51,89.77,9552256
2024-10-28 04:00:00+00:00,87.86,89.255,87.78,89.2,12113963
2024-10-29 04:00:00+00:00,89.0,89.07,87.65,87.84,11895782
2024-10-30 04:00:00+00:00,88.15,88.73,87.81,88.04,9682076
2024-10-31 04:00:00+00:00,88.6,89.26,88.355,88.59,15811606
2024-11-01 04:00:00+00:00,89.79,90.11,87.85,88.03,13152292
2024-11-04 05:00:00+00:00,88.63,89.71,88.51,89.57,12905941
2024-11-05 05:00:00+00:00,90.01,90.395,89.61,90.17,10438333
2024-11-06 05:00:00+00:00,92.65,94.265,92.0499,93.56,25026633
2024-11-07 05:00:00+00:00,93.5,93.5,92.42,93.13,13069002
2024-11-08 05:00:00+00:00,93.14,93.885,92.77,93.75,11168410
2024-11-11 05:00:00+00:00,93.77,94.595,93.33,94.28,10454743
2024-11-12 05:00:00+00:00,94.55,94.8475,93.6799,93.78,9250175
2024-11-13 05:00:00+00:00,94.06,94.895,92.93,94.51,11838119
2024-11-14 05:00:00+00:00,95.14,95.18,94.265,94.87,9005536
2024-11-15 05:00:00+00:00,94.78,95.69,94.39,94.73,14040246
2024-11-18 05:00:00+00:00,95.48,96.18,95.06,95.99,12617780
2024-11-19 05:00:00+00:00,95.22,95.9501,94.925,95.38,11898209
2024-11-20 05:00:00+00:00,95.73,96.41,95.43,96.34,8956883
2024-11-21 05:00:00+00:00,96.78,97.85,96.54,97.12,16770514
2024-11-22 05:00:00+00:00,96.99,97.92,96.9,97.27,10777825
2024-11-25 05:00:00+00:00,97.25,97.74,95.115,95.35,16475341
2024-11-26 05:00:00+00:00,95.48,95.68,94.78,95.22,12466369
2024-11-27 05:00:00+00:00,95.13,95.93,95.0,95.12,7798222
2024-11-29 05:00:00+00:00,95.33,95.69,95.16,95.53,6818187
2024-12-02 05:00:00+00:00,95.5,95.66,93.67,94.52,11094978
2024-12-03 05:00:00+00:00,95.13,95.3,94.1007,94.51,8943277
2024-12-04 05:00:00+00:00,94.47,94.47,91.68,92.23,16259026
2024-12-05 05:00:00+00:00,92.57,93.2,92.2037,92.59,11331201
2024-12-06 05:00:00+00:00,92.4,92.41,90.845,91.02,13103314
2024-12-09 05:00:00+00:00,91.78,92.265,90.79,90.87,11813899
2024-12-10 05:00:00+00:00,91.39,91.52,90.12,90.25,11649914
2024-12-11 05:00:00+00:00,90.44,90.74,89.96,90.4,11573751
2024-12-12 05:00:00+00:00,90.24,90.4,89.58,89.67,10873147
2024-12-13 05:00:00+00:00,89.89,89.92,88.97,89.22,11173030
2024-12-16 05:00:00+00:00,88.97,88.97,87.19,87.26,12518076
2024-12-17 05:00:00+00:00,86.6,86.77,85.8,86.61,16005837
2024-12-18 05:00:00+00:00,86.37,86.78,84.05,84.05,19620612
2024-12-19 05:00:00+00:00,84.94,85.21,83.26,83.32,24994225
2024-12-20 05:00:00+00:00,83.31,84.43,83.0902,84.14,17852405
2024-12-23 05:00:00+00:00,83.31,84.21,82.75,83.93,17222682
2024-12-24 05:00:00+00:00,84.17,84.8,83.6191,84.64,7512092
2024-12-26 05:00:00+00:00,84.67,84.715,84.05,84.57,7693227
2024-12-27 05:00:00+00:00,84.5,85.48,84.135,84.56,10184850
2024-12-30 05:00:00+00:00,84.57,85.03,83.85,84.55,11772651
2024-12-31 05:00:00+00:00,84.75,85.9,84.575,85.66,10582535
2025-01-02 05:00:00+00:00,86.36,87.295,86.075,86.66,17443535
2025-01-03 05:00:00+00:00,87.17,87.7631,86.82,87.47,11062034
2025-01-06 05:00:00+00:00,87.87,88.57,86.845,87.07,11417644
2025-01-07 05:00:00+00:00,87.71,88.61,87.18,87.94,12517888
2025-01-08 05:00:00+00:00,87.4,88.07,87.09,88.03,14241933
2025-01-10 05:00:00+00:00,89.17,90.2,87.92,88.39,17037896
2025-01-13 05:00:00+00:00,88.79,90.775,88.79,90.25,24448086
2025-01-14 05:00:00+00:00,90.09,91.2999,89.955,91.22,15586503
2025-01-15 05:00:00+00:00,91.78,92.805,91.4,92.57,17328946
2025-01-16 05:00:00+00:00,92.26,93.325,92.15,93.24,12615301
2025-01-17 05:00:00+00:00,93.24,94.29,92.91,93.96,11949825
2025-01-21 05:00:00+00:00,93.72,94.0,92.99,93.48,24651028
2025-01-22 05:00:00+00:00,93.19,93.3,91.72,91.78,17940129
2025-01-23 05:00:00+00:00,92.48,92.8199,91.545,92.2,14679566
2025-01-24 05:00:00+00:00,92.33,92.705,91.195,91.31,14578398
2025-01-27 05:00:00+00:00,91.0,91.16,89.73,90.36,15996700
2025-01-28 05:00:00+00:00,90.63,90.95,89.05,89.5,18700874
2025-01-29 05:00:00+00:00,89.28,90.155,89.15,89.7,10340879
2025-01-30 05:00:00+00:00,90.25,90.63,89.6,90.16,19546271
2025-01-31 05:00:00+00:00,89.91,90.11,87.43,87.64,22270018
2025-02-03 05:00:00+00:00,87.63,88.545,86.83,88.19,19830446
2025-02-04 05:00:00+00:00,87.78,90.23,87.63,90.04,19967205
2025-02-05 05:00:00+00:00,90.01,90.355,89.505,90.23,10885999
2025-02-06 05:00:00+00:00,90.64,90.86,88.09,88.57,20654812
2025-02-07 05:00:00+00:00,88.9,89.365,88.44,88.56,11005444
2025-02-10 05:00:00+00:00,89.35,90.66,89.35,90.51,12791563
2025-02-11 05:00:00+00:00,90.94,91.85,90.36,91.24,13113409
2025-02-12 05:00:00+00:00,90.49,91.11,88.875,89.04,19399387
2025-02-13 05:00:00+00:00,88.9,89.91,88.32,89.71,15775459
2025-02-14 05:00:00+00:00,90.05,91.325,90.05,90.07,12943246
2025-02-18 05:00:00+00:00,90.5,91.9,89.98,91.3,14787375
2025-02-19 05:00:00+00:00,91.68,92.86,91.625,92.02,12155849
2025-02-20 05:00:00+00:00,91.83,93.015,91.44,92.86,14166145
2025-02-21 05:00:00+00:00,92.3,92.55,90.875,90.93,15638302
2025-02-24 05:00:00+00:00,91.09,91.4381,90.465,90.95,13147632
2025-02-25 05:00:00+00:00,90.93,91.35,88.905,89.64,13304336
2025-02-26 05:00:00+00:00,89.75,89.985,88.715,89.13,12152848
2025-02-27 05:00:00+00:00,89.75,90.705,88.98,89.61,15024001
2025-02-28 05:00:00+00:00,89.32,91.07,88.76,91.0,13313552
2025-03-03 05:00:00+00:00,91.35,91.8725,87.01,87.82,24750876
2025-03-04 05:00:00+00:00,86.53,88.38,85.43,86.97,25338516
2025-03-05 05:00:00+00:00,85.71,86.145,84.025,85.7,28255412
2025-03-06 05:00:00+00:00,85.29,86.485,84.62,85.96,23552147
2025-03-07 05:00:00+00:00,86.35,88.0594,86.35,87.43,22424565
2025-03-10 04:00:00+00:00,87.905,89.29,87.26,88.08,20022674
2025-03-11 04:00:00+00:00,88.44,88.82,86.91,87.38,15115104
2025-03-12 04:00:00+00:00,87.44,88.585,87.105,87.78,16120235
2025-03-13 04:00:00+00:00,87.47,88.73,86.65,87.18,15371017
2025-03-14 04:00:00+00:00,87.66,89.88,87.26,89.76,16011569
2025-03-17 04:00:00+00:00,89.69,91.61,89.69,91.19,14880792
2025-03-18 04:00:00+00:00,91.7,91.905,90.62,91.34,15403262
2025-03-19 04:00:00+00:00,91.46,93.24,91.44,92.83,15871295
2025-03-20 04:00:00+00:00,92.32,93.48,91.93,93.17,16581799
2025-03-21 04:00:00+00:00,92.86,93.08,91.935,92.52,18487766
2025-03-24 04:00:00+00:00,92.22,93.395,92.07,92.85,11912264
2025-03-25 04:00:00+00:00,93.26,94.04,92.95,93.23,11146002
2025-03-26 04:00:00+00:00,94.1,94.82,93.545,93.78,12785834
2025-03-27 04:00:00+00:00,93.5,93.85,92.4976,92.87,9573864
2025-03-28 04:00:00+00:00,92.82,93.17,91.965,92.43,11124370
2025-03-31 04:00:00+00:00,92.23,94.0,92.1,93.45,14406565
2025-04-01 04:00:00+00:00,93.5,94.085,92.49,94.0,13560608
2025-04-02 04:00:00+00:00,93.2,94.21,92.98,94.13,16980299
2025-04-03 04:00:00+00:00,89.65,90.34,86.71,86.74,37828922
2025-04-04 04:00:00+00:00,83.65,84.59,78.76,78.76,50375762
2025-04-07 04:00:00+00:00,76.21,81.58,74.98,78.25,56953356
2025-04-08 04:00:00+00:00,80.66,81.075,75.22,76.44,45251803
2025-04-09 04:00:00+00:00,74.95,83.21,74.49,82.36,59462423
2025-04-10 04:00:00+00:00,80.22,80.22,75.48,76.98,39523259
2025-04-11 04:00:00+00:00,77.34,79.48,75.82,78.89,20958409
2025-04-14 04:00:00+00:00,80.76,80.76,78.38,79.17,16374089
2025-04-15 04:00:00+00:00,79.1,80.52,79.005,79.05,11083453
2025-04-16 04:00:00+00:00,79.54,81.045,79.34,79.7,13665713
2025-04-17 04:00:00+00:00,80.35,82.755,80.31,81.5,23954369
2025-04-21 04:00:00+00:00,80.21,80.41,78.49,79.37,15505960
2025-04-22 04:00:00+00:00,80.4,81.99,80.05,81.39,11047869
2025-04-23 04:00:00+00:00,82.1,82.98,80.74,81.24,21608065
2025-04-24 04:00:00+00:00,82.0,82.78,81.29,82.54,10609495
2025-04-25 04:00:00+00:00,81.8,82.46,81.48,82.39,8832390
2025-04-28 04:00:00+00:00,82.3,83.195,82.19,82.97,8218355
2025-04-29 04:00:00+00:00,82.04,83.03,81.88,82.73,9921658
2025-04-30 04:00:00+00:00,81.4,81.515,79.505,80.5,18907144
2025-05-01 04:00:00+00:00,79.84,81.86,79.84,80.8,18157210
2025-05-02 04:00:00+00:00,81.78,82.39,80.315,81.98,16019402
2025-05-05 04:00:00+00:00,80.95,81.06,80.05,80.5,14765105
2025-05-06 04:00:00+00:00,80.86,81.22,80.07,80.52,11497731
2025-05-07 04:00:00+00:00,80.7,80.9553,79.94,80.55,11224120
2025-05-08 04:00:00+00:00,81.29,82.72,81.16,81.61,15282937
2025-05-09 04:00:00+00:00,82.6,82.835,81.76,82.43,9996574
2025-05-12 04:00:00+00:00,85.48,85.87,83.96,84.58,16305028
2025-05-13 04:00:00+00:00,85.0,86.445,84.66,85.77,14515784
2025-05-14 04:00:00+00:00,85.195,85.58,84.92,85.25,10666327
2025-05-15 04:00:00+00:00,84.17,85.66,83.96,85.61,14860766
2025-05-16 04:00:00+00:00,85.8,85.85,84.605,85.48,10862912
2025-05-19 04:00:00+00:00,84.77,84.86,83.745,84.37,12393533
2025-05-20 04:00:00+00:00,84.31,84.5,83.51,83.59,11391071
2025-05-21 04:00:00+00:00,83.09,83.25,82.04,82.05,12849160
2025-05-22 04:00:00+00:00,81.62,82.195,80.72,81.73,11866125
2025-05-23 04:00:00+00:00,81.01,82.195,80.98,81.99,11755456
2025-05-27 04:00:00+00:00,82.56,82.83,81.95,82.7,9514036
2025-05-28 04:00:00+00:00,83.1,83.35,81.44,81.65,14776304
2025-05-29 04:00:00+00:00,81.78,82.26,81.26,82.26,11896713
2025-05-30 04:00:00+00:00,81.63,81.955,80.875,81.53,15519308
2025-06-02 04:00:00+00:00,83.06,83.17,81.65,82.6,16015491
2025-06-03 04:00:00+00:00,82.66,84.095,81.88,83.58,15176324
2025-06-04 04:00:00+00:00,83.54,84.19,81.85,81.95,22469608
2025-06-05 04:00:00+00:00,82.56,82.6,81.66,81.87,13833664
2025-06-06 04:00:00+00:00,82.61,83.66,82.61,83.41,14278406
2025-06-09 04:00:00+00:00,83.74,84.44,83.075,83.57,14340165
2025-06-10 04:00:00+00:00,84.46,85.61,84.42,85.06,23046119
2025-06-11 04:00:00+00:00,85.64,86.43,84.8,86.29,24498300
2025-06-12 04:00:00+00:00,85.89,86.615,85.26,86.59,17014058
2025-06-13 04:00:00+00:00,88.21,88.57,86.95,88.1,42097371
2025-06-16 04:00:00+00:00,87.86,88.75,87.175,87.84,34703307
2025-06-17 04:00:00+00:00,88.57,89.32,88.02,88.66,33942066
2025-06-18 04:00:00+00:00,88.98,89.43,87.88,88.08,35236460
2025-06-20 04:00:00+00:00,88.43,89.225,88.17,88.98,28372375
2025-06-23 04:00:00+00:00,89.37,89.43,85.655,86.03,52844147
2025-06-24 04:00:00+00:00,84.775,85.8,84.585,84.91,32679354
2025-06-25 04:00:00+00:00,84.81,85.115,84.26,84.54,21861510
2025-06-26 04:00:00+00:00,84.73,85.92,84.52,85.75,16782807
2025-06-27 04:00:00+00:00,85.7,85.7,84.7901,85.3,17705866
2025-06-30 04:00:00+00:00,84.97,85.34,84.555,84.81,13123759
2025-07-01 04:00:00+00:00,84.94,85.855,84.155,85.46,20386401
2025-07-02 04:00:00+00:00,86.18,87.07,85.23,86.93,21234429
2025-07-03 04:00:00+00:00,86.81,87.31,86.61,87.03,11133109
2025-07-07 04:00:00+00:00,86.5,86.96,85.3,86.19,17836602
2025-07-08 04:00:00+00:00,86.09,88.83,86.07,88.51,23736228
2025-07-09 04:00:00+00:00,88.29,88.64,87.8,88.06,14336578
2025-07-10 04:00:00+00:00,87.86,88.78,87.23,88.73,14412381
2025-07-11 04:00:00+00:00,88.58,89.44,88.31,89.13,15085776
2025-07-14 04:00:00+00:00,88.96,88.96,87.68,88.15,16720772
2025-07-15 04:00:00+00:00,87.98,88.36,86.77,86.88,16929788
2025-07-16 04:00:00+00:00,86.76,87.26,85.815,86.13,17741248
2025-07-17 04:00:00+00:00,85.69,86.785,85.48,86.66,18043210
2025-07-18 04:00:00+00:00,87.35,87.75,85.62,85.96,30486641
2025-07-21 04:00:00+00:00,86.02,86.17,84.895,85.07,15217229
2025-07-22 04:00:00+00:00,84.97,85.94,84.885,85.47,16222037
2025-07-23 04:00:00+00:00,85.82,86.86,85.6,86.81,14023041
2025-07-24 04:00:00+00:00,86.58,87.5393,86.19,87.43,12011071
2025-07-25 04:00:00+00:00,87.52,87.67,86.645,87.1,10071567
2025-07-28 04:00:00+00:00,87.68,88.24,87.55,88.09,11852641
2025-07-29 04:00:00+00:00,88.23,88.98,87.94,88.95,12275980
2025-07-30 04:00:00+00:00,88.4,88.45,87.13,87.68,13275827
2025-07-31 04:00:00+00:00,86.76,88.215,86.76,87.21,12480399
2025-08-01 04:00:00+00:00,86.88,87.19,85.12,85.59,21164683
2025-08-04 04:00:00+00:00,85.44,86.082,84.96,85.4,13254821
2025-08-05 04:00:00+00:00,85.38,85.625,84.345,85.51,15706803
2025-08-06 04:00:00+00:00,86.05,86.55,84.47,84.72,19124727
2025-08-07 04:00:00+00:00,85.22,86.17,84.28,84.39,17521028
2025-08-08 04:00:00+00:00,84.79,85.705,84.36,84.93,20368113
2025-08-11 04:00:00+00:00,85.1,85.47,84.1,84.25,14414357
2025-08-12 04:00:00+00:00,84.42,85.4,84.17,84.66,17263511
2025-08-13 04:00:00+00:00,84.72,85.65,84.42,85.64,12800606
2025-08-14 04:00:00+00:00,85.58,85.685,84.65,85.56,12472298
2025-08-15 04:00:00+00:00,85.6,86.525,85.29,85.56,13648858
2025-08-18 04:00:00+00:00,85.11,85.45,84.56,85.05,13214222
2025-08-19 04:00:00+00:00,84.81,85.58,84.59,85.08,12846941
2025-08-20 04:00:00+00:00,85.22,86.14,85.14,85.79,13983605
2025-08-21 04:00:00+00:00,85.64,86.565,85.41,86.38,11044014
2025-08-22 04:00:00+00:00,86.67,88.35,86.53,88.14,15468166
2025-08-25 04:00:00+00:00,87.92,88.48,87.63,88.37,11706411
2025-08-26 04:00:00+00:00,88.02,88.31,87.405,88.23,11427750
2025-08-27 04:00:00+00:00,88.1,89.54,88.0,89.22,13438680
2025-08-28 04:00:00+00:00,89.25,90.03,88.66,89.9,12043142
2025-08-29 04:00:00+00:00,89.94,90.62,89.82,90.39,11861764
2025-09-02 04:00:00+00:00,90.15,90.68,89.47,90.52,12982220
2025-09-03 04:00:00+00:00,89.8,90.545,88.19,88.49,18009074
2025-09-04 04:00:00+00:00,88.5,89.45,88.12,89.08,12947743
2025-09-05 04:00:00+00:00,88.35,88.64,86.915,87.36,24084432
2025-09-08 04:00:00+00:00,87.65,88.03,86.385,87.16,17465932
2025-09-09 04:00:00+00:00,87.63,88.815,87.53,87.58,20596707
2025-09-10 04:00:00+00:00,87.78,89.155,87.58,89.11,14966411
2025-09-11 04:00:00+00:00,88.4,89.32,88.13,89.13,12581093
2025-09-12 04:00:00+00:00,89.5,89.9,88.58,88.6,11149133
2025-09-15 04:00:00+00:00,88.77,89.0,88.15,88.3,11644282
2025-09-16 04:00:00+00:00,88.69,90.055,88.67,89.78,20796728
2025-09-17 04:00:00+00:00,89.66,90.62,89.27,89.99,13022429
2025-09-18 04:00:00+00:00,90.07,90.25,89.03,89.71,14352667
2025-09-19 04:00:00+00:00,89.63,89.695,88.21,88.52,14989567
2025-09-22 04:00:00+00:00,87.46,88.1,87.11,87.67,11251171
2025-09-23 04:00:00+00:00,88.02,90.14,88.02,89.18,22107394
2025-09-24 04:00:00+00:00,89.81,91.18,89.71,90.34,17703067
2025-09-25 04:00:00+00:00,90.33,91.235,90.08,91.15,15943599
2025-09-26 04:00:00+00:00,91.3,92.91,91.28,91.99,20080840
2025-09-29 04:00:00+00:00,91.35,91.48,89.825,90.3,18837241
2025-09-30 04:00:00+00:00,89.51,89.695,88.64,89.34,23772378
2025-10-01 04:00:00+00:00,88.9,89.64,88.8,89.34,13830612
2025-10-02 04:00:00+00:00,89.14,89.93,88.345,88.44,15896803
2025-10-03 04:00:00+00:00,88.89,89.43,88.78,88.91,12023978
2025-10-06 04:00:00+00:00,89.47,89.86,88.99,89.35,10744236
2025-10-07 04:00:00+00:00,89.265,89.56,87.91,89.49,12662283
2025-10-08 04:00:00+00:00,89.49,89.49,88.295,88.97,10012105
2025-10-09 04:00:00+00:00,89.16,89.92,87.665,87.76,11698944
2025-10-10 04:00:00+00:00,87.11,87.55,85.19,85.22,22446124
2025-10-13 04:00:00+00:00,85.865,86.49,85.59,86.38,11444788
2025-10-14 04:00:00+00:00,85.15,86.855,85.04,86.37,12538685
2025-10-15 04:00:00+00:00,86.92,87.41,85.675,86.32,12128296
2025-10-16 04:00:00+00:00,86.47,86.73,84.7,85.28,14596526
2025-10-17 04:00:00+00:00,85.64,86.16,85.29,85.98,12034572
2025-10-20 04:00:00+00:00,86.13,87.085,86.13,86.89,12676177
2025-10-21 04:00:00+00:00,87.13,87.33,86.25,86.69,12939541
2025-10-22 04:00:00+00:00,87.27,88.18,86.54,87.8,16407037
2025-10-23 04:00:00+00:00,89.37,89.555,88.43,88.97,23647715
2025-10-24 04:00:00+00:00,89.37,89.4,88.01,88.07,10595450
2025-10-27 04:00:00+00:00,88.35,88.64,87.8907,88.28,9798514
2025-10-28 04:00:00+00:00,87.95,88.23,87.31,87.36,11237150
2025-10-29 04:00:00+00:00,87.455,88.46,87.28,88.01,13399910
2025-10-30 04:00:00+00:00,87.98,88.6198,87.365,87.49,10331714
2025-10-31 04:00:00+00:00,87.7,88.625,87.32,88.13,13492682
2025-11-03 05:00:00+00:00,88.15,88.38,87.13,88.14,11116327
2025-11-04 05:00:00+00:00,87.06,87.43,86.37,87.19,14738807
2025-11-05 05:00:00+00:00,87.2,88.39,87.085,87.42,11928579
2025-11-06 05:00:00+00:00,87.55,89.1,87.55,88.27,16077707
2025-11-07 05:00:00+00:00,88.58,89.745,88.335,89.54,17729210
2025-11-10 05:00:00+00:00,89.77,90.56,88.605,90.35,15632265
2025-11-11 05:00:00+00:00,90.89,92.17,90.82,91.53,19376378
2025-11-12 05:00:00+00:00,90.91,91.33,90.12,90.25,14931647
2025-11-13 05:00:00+00:00,90.54,91.3,90.075,90.48,16121910
2025-11-14 05:00:00+00:00,90.96,92.22,89.815,92.02,17089864
2025-11-17 05:00:00+00:00,91.91,91.94,89.98,90.34,18723669
2025-11-18 05:00:00+00:00,89.95,91.3,89.7,91.06,17419954
2025-11-19 05:00:00+00:00,89.45,90.165,88.82,89.88,20531369
2025-11-20 05:00:00+00:00,90.34,91.565,88.79,88.86,20815023
2025-11-21 05:00:00+00:00,89.01,89.81,88.07,89.42,19658610
2025-11-24 05:00:00+00:00,89.32,89.45,87.79,89.17,16840899
2025-11-25 05:00:00+00:00,88.47,88.96,87.875,88.61,14649462
2025-11-26 05:00:00+00:00,88.59,89.915,88.51,89.28,13305515
2025-11-28 05:00:00+00:00,89.33,90.835,89.195,90.45,8333313
2025-12-01 05:00:00+00:00,90.58,91.82,90.51,91.32,15575036
2025-12-02 05:00:00+00:00,91.18,91.18,89.685,90.14,16652460
2025-12-03 05:00:00+00:00,90.75,91.99,90.62,91.83,15086985
2025-12-04 05:00:00+00:00,91.78,92.365,91.51,92.22,11899849
2025-12-05 05:00:00+00:00,46.03,46.66,45.91,45.92,22164390
2025-12-08 05:00:00+00:00,45.66,45.92,45.27,45.42,27891927
2025-12-09 05:00:00+00:00,45.5,46.08,45.46,45.7,20917429
2025-12-10 05:00:00+00:00,45.84,46.265,45.625,46.18,26255067
2025-12-11 05:00:00+00:00,45.9,46.245,45.84,45.96,25827244
2025-12-12 05:00:00+00:00,46.045,46.235,45.39,45.51,33161151
2025-12-15 05:00:00+00:00,45.61,45.61,44.82,45.19,27521554
2025-12-16 05:00:00+00:00,44.83,44.85,43.77,43.81,49312410
2025-12-17 05:00:00+00:00,44.13,44.88,44.06,44.78,43375286
2025-12-18 05:00:00+00:00,44.65,44.71,43.98,44.13,29920197
2025-12-19 05:00:00+00:00,44.25,44.53,44.025,44.13,31959550
2025-12-22 05:00:00+00:00,44.14,44.485,44.09,44.21,23707420
2025-12-23 05:00:00+00:00,44.37,44.55,44.22,44.5,19137538
2025-12-24 05:00:00+00:00,44.415,44.555,44.31,44.37,11293864
2025-12-26 05:00:00+00:00,44.32,44.435,43.99,44.2,17884483
2025-12-29 05:00:00+00:00,44.51,44.74,44.29,44.62,31352054
2025-12-30 05:00:00+00:00,44.8,45.0884,44.8,44.96,18654743
2025-12-31 05:00:00+00:00,44.93,45.02,44.57,44.71,16965922
2026-01-02 05:00:00+00:00,44.72,45.7799,44.49,45.65,31935524
2026-01-05 05:00:00+00:00,47.16,47.32,45.75,46.89,94574640
2026-01-06 05:00:00+00:00,46.995,47.06,45.5313,45.64,69568225
2026-01-07 05:00:00+00:00,45.82,45.82,45.08,45.13,42739166
2026-01-08 05:00:00+00:00,45.32,46.85,45.22,46.55,51451021
2026-01-09 05:00:00+00:00,46.75,46.88,46.505,46.67,38839945
2026-01-12 05:00:00+00:00,46.75,46.805,46.1001,46.34,28264436
2026-01-13 05:00:00+00:00,46.73,47.39,46.68,47.0,50469235
2026-01-14 05:00:00+00:00,47.25,48.65,47.18,48.06,80750152
2026-01-15 05:00:00+00:00,47.63,48.07,47.27,47.61,49328793
2026-01-16 05:00:00+00:00,47.56,47.805,47.485,47.69,30796285
2026-01-20 05:00:00+00:00,48.09,48.31,47.5,47.6,50178699
2026-01-21 05:00:00+00:00,48.29,49.05,48.29,48.75,58996037
2026-01-22 05:00:00+00:00,48.62,49.0,48.42,48.91,50869509
2026-01-23 05:00:00+00:00,49.52,49.89,49.09,49.19,51431167
2026-01-26 05:00:00+00:00,49.865,49.89,48.95,49.22,40122625
2026-01-27 05:00:00+00:00,49.39,49.815,49.16,49.67,39840271
2026-01-28 05:00:00+00:00,49.97,50.14,49.56,50.05,41890386
2026-01-29 05:00:00+00:00,51.15,51.73,50.48,50.51,77520650
2026-01-30 05:00:00+00:00,50.36,51.085,49.875,51.05,74039404
2026-02-02 05:00:00+00:00,50.1,50.51,49.77,50.05,61479856
2026-02-03 05:00:00+00:00,50.24,51.78,50.02,51.67,83754106
2026-02-04 05:00:00+00:00,51.82,52.9599,51.82,52.83,78149891
2026-02-05 05:00:00+00:00,52.26,52.49,51.435,52.21,54235648
2026-02-06 05:00:00+00:00,52.5,53.415,52.36,53.25,41669571
2026-02-09 05:00:00+00:00,53.205,53.72,52.975,53.64,38798501
2026-02-10 05:00:00+00:00,53.77,53.79,53.24,53.58,32145991
2026-02-11 05:00:00+00:00,54.28,55.11,54.25,54.98,57349665
2026-02-12 05:00:00+00:00,54.94,55.24,53.76,53.98,67427841
2026-02-13 05:00:00+00:00,53.94,54.575,53.81,54.35,48392131
2026-02-17 05:00:00+00:00,54.56,54.905,53.18,53.75,50499593
2026-02-18 05:00:00+00:00,54.53,54.86,54.22,54.78,59196116
2026-02-19 05:00:00+00:00,55.46,55.88,54.925,55.18,62513522
2026-02-20 05:00:00+00:00,55.0,55.285,54.51,54.88,50833496
2026-02-23 05:00:00+00:00,55.035,55.93,54.865,55.15,44016018
2026-02-24 05:00:00+00:00,55.11,55.22,54.4,55.1,42923813
2026-02-25 05:00:00+00:00,55.3,55.37,54.185,54.87,36209965
2026-02-26 05:00:00+00:00,54.37,55.67,54.12,55.05,47035526
2026-02-27 05:00:00+00:00,55.64,56.15,54.925,55.92,59073720
2026-03-02 05:00:00+00:00,57.77,57.88,56.27,57.04,135639251
2026-03-03 05:00:00+00:00,57.385,57.72,56.05,56.52,154774584
2026-03-04 05:00:00+00:00,56.06,56.43,55.325,56.19,70736003
2026-03-05 05:00:00+00:00,56.53,57.06,56.08,56.48,85180647
2026-03-06 05:00:00+00:00,57.15,57.34,56.17,56.57,68217969
2026-03-09 04:00:00+00:00,56.84,57.15,55.94,56.32,88751877
2026-03-10 04:00:00+00:00,56.055,56.46,55.365,55.6,88821098
2026-03-11 04:00:00+00:00,55.63,57.04,55.54,56.98,48746480
2026-03-12 04:00:00+00:00,57.13,58.215,57.06,57.51,69362113
2026-03-13 04:00:00+00:00,57.5,57.93,57.1,57.7,43377555
2026-03-16 04:00:00+00:00,57.76,58.1,57.27,57.9,39477645
2026-03-17 04:00:00+00:00,58.23,59.05,57.98,58.51,40140713
2026-03-18 04:00:00+00:00,58.74,58.97,58.43,58.43,42910789
2026-03-19 04:00:00+00:00,58.87,59.72,58.52,59.36,69234807
2026-03-20 04:00:00+00:00,59.555,60.32,59.28,59.31,73007261
2026-03-23 04:00:00+00:00,57.89,59.84,57.66,59.63,71030873
2026-03-24 04:00:00+00:00,59.8,61.47,59.77,60.84,51210832
2026-03-25 04:00:00+00:00,60.32,61.0,60.26,60.57,42684378
2026-03-26 04:00:00+00:00,60.67,61.86,60.59,61.52,54971133
2026-03-27 04:00:00+00:00,61.53,62.79,61.26,62.56,59557445
2026-03-30 04:00:00+00:00,63.13,63.46,61.78,61.96,49755153
2026-03-31 04:00:00+00:00,62.04,62.83,60.035,61.26,94771810
2026-04-01 04:00:00+00:00,59.72,60.62,58.355,58.97,96659283
2026-04-02 04:00:00+00:00,60.53,61.01,58.98,59.25,60403950
2026-04-06 04:00:00+00:00,59.11,59.69,58.891,59.68,25478378
2026-04-07 04:00:00+00:00,59.81,60.77,59.79,60.16,38814825
2026-04-08 04:00:00+00:00,56.68,58.19,56.18,58.05,88029046
2026-04-09 04:00:00+00:00,58.2,59.02,57.11,57.33,55091873
2026-04-10 04:00:00+00:00,57.17,57.475,56.4,56.94,42565114
2026-04-13 04:00:00+00:00,57.615,57.72,56.645,57.11,43104453
2026-04-14 04:00:00+00:00,56.5,56.5,55.405,55.95,58834436
2026-04-15 04:00:00+00:00,55.6,56.21,55.27,55.76,39555298
2026-04-16 04:00:00+00:00,55.84,56.875,55.765,56.58,31285241
2026-04-17 04:00:00+00:00,54.41,55.16,53.41,55.02,90919184
2026-04-20 04:00:00+00:00,55.1,55.72,54.8,55.07,35152770
2026-04-21 04:00:00+00:00,55.32,55.96,54.92,55.87,41302565
2026-04-22 04:00:00+00:00,56.36,56.78,56.13,56.54,40567963
2026-04-23 04:00:00+00:00,56.89,57.19,56.465,56.98,34709564
2026-04-24 04:00:00+00:00,56.77,56.92,56.17,56.87,36429303
2026-04-27 04:00:00+00:00,57.1,57.68,56.63,56.77,33073135
2026-04-28 04:00:00+00:00,57.72,58.05,57.375,57.71,39153940
2026-04-29 04:00:00+00:00,58.28,59.11,58.06,59.03,40619238
2026-04-30 04:00:00+00:00,58.2,59.835,57.935,59.65,35899176
2026-05-01 04:00:00+00:00,59.06,59.6,58.26,58.85,35831621
2026-05-04 04:00:00+00:00,58.73,59.63,58.22,59.39,36820071
2026-05-05 04:00:00+00:00,59.23,59.76,58.89,59.45,27043956
2026-05-06 04:00:00+00:00,57.29,57.89,56.655,57.0,57911583
2026-05-07 04:00:00+00:00,55.87,56.15,55.13,55.95,52913468
2026-05-08 04:00:00+00:00,55.85,56.225,55.46,55.7,30576370
2026-05-11 04:00:00+00:00,56.26,57.22,56.24,57.17,31946560
2026-05-12 04:00:00+00:00,57.73,57.84,57.14,57.57,36817141
2026-05-13 04:00:00+00:00,57.47,57.71,56.96,57.63,22709793
2026-05-14 04:00:00+00:00,57.65,58.18,57.505,58.07,23489351
2026-05-15 04:00:00+00:00,58.7,59.47,58.475,59.44,33568291
2026-05-18 04:00:00+00:00,59.125,60.7,58.72,60.58,41519997
2026-05-19 04:00:00+00:00,60.81,61.49,60.295,61.29,31113841
2026-05-20 04:00:00+00:00,60.81,61.7,59.675,59.8,61779714
2026-05-21 04:00:00+00:00,60.48,60.59,58.715,59.13,45853720
2026-05-22 04:00:00+00:00,58.99,59.61,58.83,59.49,42431375
2026-05-26 04:00:00+00:00,58.87,59.57,57.835,57.85,38823918
2026-05-27 04:00:00+00:00,57.01,57.5,56.475,56.99,48332714
2026-05-28 04:00:00+00:00,57.55,57.68,56.68,56.95,46556675
2026-05-29 04:00:00+00:00,56.68,56.79,55.99,56.29,32392670
2026-06-01 04:00:00+00:00,57.025,57.81,56.85,57.3,55882499
2026-06-02 04:00:00+00:00,57.19,58.17,57.08,57.96,23844954
2026-06-03 04:00:00+00:00,58.24,59.375,58.01,58.71,46315280
2026-06-04 04:00:00+00:00,58.5,59.025,58.17,58.75,23918886
2026-06-05 04:00:00+00:00,58.665,58.78,57.63,57.67,28215614
2026-06-08 04:00:00+00:00,58.08,58.96,57.97,58.33,25720376
2026-06-09 04:00:00+00:00,58.08,58.21,56.81,57.39,45873585
2026-06-10 04:00:00+00:00,57.94,59.04,57.78,58.25,36517494
2026-06-11 04:00:00+00:00,58.775,58.99,57.055,57.12,40865540
2026-06-12 04:00:00+00:00,56.79,58.15,56.63,57.55,31967016
2026-06-15 04:00:00+00:00,55.2,56.05,55.02,55.55,44323404
2026-06-16 04:00:00+00:00,55.0,55.475,54.95,55.36,42011340
2026-06-17 04:00:00+00:00,55.26,55.36,54.54,54.67,38555633
2026-06-18 04:00:00+00:00,54.14,54.25,53.245,53.77,39648754
2026-06-22 04:00:00+00:00,53.53,54.13,53.165,54.06,30768633
2026-06-23 04:00:00+00:00,54.14,54.56,53.87,54.46,38692650
2026-06-24 04:00:00+00:00,53.5,53.765,52.94,53.57,43037246
2026-06-25 04:00:00+00:00,53.2,54.315,53.0,54.09,28241048
2026-06-26 04:00:00+00:00,54.0,54.15,53.675,53.84,19027442
2026-06-29 04:00:00+00:00,53.98,54.28,53.47,53.58,25145002
2026-06-30 04:00:00+00:00,53.62,54.115,53.08,53.11,28286385
2026-07-01 04:00:00+00:00,53.045,53.44,52.62,52.81,33665330
2026-07-02 04:00:00+00:00,53.24,53.65,52.91,53.22,28540343
2026-07-06 04:00:00+00:00,53.058,53.55,53.0,53.13,24738213
2026-07-07 04:00:00+00:00,53.61,54.82,53.6,54.64,41835975
2026-07-08 04:00:00+00:00,55.455,56.035,54.865,55.6,39743936
2026-07-09 04:00:00+00:00,55.28,55.48,54.73,54.82,21773683
2026-07-10 04:00:00+00:00,55.08,55.24,54.36,55.08,22976607
2026-07-13 04:00:00+00:00,55.86,56.97,55.86,56.74,41203133
2026-07-14 04:00:00+00:00,57.0,57.22,56.29,56.95,32581080
2026-07-15 04:00:00+00:00,56.94,57.04,55.76,56.5,33186512
2026-07-16 04:00:00+00:00,56.66,57.3,56.595,57.02,27479570
2026-07-17 04:00:00+00:00,57.95,58.115,57.28,57.68,31400162
2026-07-20 04:00:00+00:00,57.555,58.385,57.41,57.94,27324163
2026-07-21 04:00:00+00:00,58.16,58.53,57.83,58.5,20304885
2026-07-22 04:00:00+00:00,59.27,59.52,58.9,59.2,29542217
2026-07-23 04:00:00+00:00,60.244,60.3768,59.265,59.38,35829738
2026-07-24 04:00:00+00:00,59.4,60.45,59.4,59.62,34171657
2026-07-27 04:00:00+00:00,58.41,59.2799,58.23,58.36,33827437
2026-07-28 04:00:00+00:00,58.41,58.79,57.25,57.57,27802514
2026-07-29 04:00:00+00:00,59.08,59.3,58.42,58.65,34174818
2026-07-30 04:00:00+00:00,58.08,59.105,58.02,58.96,23047734
2026-07-31 04:00:00+00:00,58.93,59.685,58.32,59.55,23537721
2026-08-03 04:00:00+00:00,58.69,59.325,58.16,58.79,25971755
