timestamp,open,high,low,close,volume
2017-02-01 05:00:00+00:00,24.69,24.72,24.22,24.38,37552534
2017-02-02 05:00:00+00:00,24.42,24.56,24.22,24.51,26536262
2017-02-03 05:00:00+00:00,24.6,24.85,24.47,24.73,24407742
2017-02-06 05:00:00+00:00,24.76,24.81,24.45,24.52,23529726
2017-02-07 05:00:00+00:00,24.41,24.52,24.04,24.16,29310690
2017-02-08 05:00:00+00:00,24.06,24.28,23.8,24.23,34472740
2017-02-09 05:00:00+00:00,24.37,24.57,24.37,24.5,19731556
2017-02-10 05:00:00+00:00,24.7,24.82,24.61,24.69,21359868
2017-02-13 05:00:00+00:00,24.63,24.74,24.59,24.73,16396572
2017-02-14 05:00:00+00:00,24.8,24.82,24.5,24.82,21777778
2017-02-15 05:00:00+00:00,24.73,24.85,24.63,24.72,18841692
2017-02-16 05:00:00+00:00,24.74,24.77,24.34,24.36,23728238
2017-02-17 05:00:00+00:00,24.25,24.32,24.17,24.24,23877130
2017-02-21 05:00:00+00:00,24.47,24.54,24.37,24.41,24689646
2017-02-22 05:00:00+00:00,24.29,24.32,24.02,24.04,24447560
2017-02-23 05:00:00+00:00,24.31,24.35,23.99,24.14,37645274
2017-02-24 05:00:00+00:00,23.96,24.06,23.79,23.9,31697882
2017-02-27 05:00:00+00:00,23.94,24.22,23.9,24.12,51054442
2017-02-28 05:00:00+00:00,24.05,24.16,23.98,24.05,29015096
2017-03-01 05:00:00+00:00,24.27,24.64,24.25,24.53,39391280
2017-03-02 05:00:00+00:00,24.41,24.53,24.28,24.29,22663380
2017-03-03 05:00:00+00:00,24.34,24.43,24.2,24.25,22872654
2017-03-06 05:00:00+00:00,24.21,24.34,24.12,24.31,17205174
2017-03-07 05:00:00+00:00,24.39,24.4,24.06,24.09,23475422
2017-03-08 05:00:00+00:00,23.99,24.13,23.45,23.46,54371102
2017-03-09 05:00:00+00:00,23.36,23.63,23.21,23.62,56803928
2017-03-10 05:00:00+00:00,23.77,23.8,23.45,23.58,35557170
2017-03-13 04:00:00+00:00,23.56,23.7,23.51,23.59,26688962
2017-03-14 04:00:00+00:00,23.4,23.41,23.12,23.32,53794200
2017-03-15 04:00:00+00:00,23.52,23.89,23.41,23.84,48439254
2017-03-16 04:00:00+00:00,23.89,23.89,23.6,23.67,33394254
2017-03-17 04:00:00+00:00,23.77,23.82,23.65,23.67,29546768
2017-03-20 04:00:00+00:00,23.58,23.67,23.43,23.62,24395340
2017-03-21 04:00:00+00:00,23.73,23.75,23.37,23.45,34133166
2017-03-22 04:00:00+00:00,23.38,23.53,23.29,23.42,25069700
2017-03-23 04:00:00+00:00,23.35,23.53,23.3,23.33,24449686
2017-03-24 04:00:00+00:00,23.36,23.41,23.19,23.23,21300062
2017-03-27 04:00:00+00:00,23.01,23.19,23.0,23.13,25122914
2017-03-28 04:00:00+00:00,23.17,23.51,23.11,23.45,56567470
2017-03-29 04:00:00+00:00,23.45,23.82,23.39,23.78,38141012
2017-03-30 04:00:00+00:00,23.93,23.98,23.71,23.77,32883082
2017-03-31 04:00:00+00:00,23.69,23.84,23.58,23.69,41825322
2017-04-03 04:00:00+00:00,23.73,23.74,23.41,23.65,26755546
2017-04-04 04:00:00+00:00,23.7,23.84,23.47,23.82,26832952
2017-04-05 04:00:00+00:00,24.02,24.23,23.71,23.75,49293684
2017-04-06 04:00:00+00:00,23.84,24.0,23.78,23.94,26949116
2017-04-07 04:00:00+00:00,23.95,24.01,23.81,23.84,25404182
2017-04-10 04:00:00+00:00,23.98,24.13,23.93,24.03,22461302
2017-04-11 04:00:00+00:00,24.06,24.07,23.77,24.03,28288692
2017-04-12 04:00:00+00:00,24.05,24.2,23.85,23.93,23118056
2017-04-13 04:00:00+00:00,23.9,23.92,23.43,23.49,36452458
2017-04-17 04:00:00+00:00,23.48,23.56,23.42,23.54,16781902
2017-04-18 04:00:00+00:00,23.44,23.59,23.27,23.32,30156842
2017-04-19 04:00:00+00:00,23.38,23.42,22.92,22.98,38792254
2017-04-20 04:00:00+00:00,23.05,23.26,23.02,23.09,33053392
2017-04-21 04:00:00+00:00,22.99,23.09,22.86,22.98,28660932
2017-04-24 04:00:00+00:00,23.14,23.2,23.04,23.11,27398956
2017-04-25 04:00:00+00:00,23.17,23.36,23.09,23.31,33256598
2017-04-26 04:00:00+00:00,23.2,23.54,23.19,23.23,37938326
2017-04-27 04:00:00+00:00,23.06,23.07,22.74,22.97,42782450
2017-04-28 04:00:00+00:00,23.17,23.21,22.95,22.99,29343032
2017-05-01 04:00:00+00:00,22.98,23.05,22.87,22.94,19438866
2017-05-02 04:00:00+00:00,22.97,23.05,22.72,22.82,34046472
2017-05-03 04:00:00+00:00,22.76,22.98,22.7,22.88,35749304
2017-05-04 04:00:00+00:00,22.72,22.74,22.31,22.44,69264256
2017-05-05 04:00:00+00:00,22.47,22.85,22.46,22.81,38940516
2017-05-08 04:00:00+00:00,22.81,23.01,22.79,22.97,43019640
2017-05-09 04:00:00+00:00,23.02,23.02,22.71,22.78,21942834
2017-05-10 04:00:00+00:00,22.92,23.19,22.9,23.08,43458266
2017-05-11 04:00:00+00:00,23.17,23.21,23.0,23.04,24692094
2017-05-12 04:00:00+00:00,23.03,23.06,22.89,22.96,21795254
2017-05-15 04:00:00+00:00,23.3,23.34,23.06,23.14,27289576
2017-05-16 04:00:00+00:00,23.25,23.25,22.94,23.02,23896584
2017-05-17 04:00:00+00:00,22.89,23.08,22.79,22.8,31653138
2017-05-18 04:00:00+00:00,22.7,22.9,22.61,22.79,28860774
2017-05-19 04:00:00+00:00,22.9,23.12,22.85,23.06,31651194
2017-05-22 04:00:00+00:00,23.19,23.21,22.94,23.02,20912716
2017-05-23 04:00:00+00:00,23.08,23.11,22.95,23.05,18904856
2017-05-24 04:00:00+00:00,23.05,23.12,22.85,22.96,27806372
2017-05-25 04:00:00+00:00,22.9,23.12,22.45,22.54,48048290
2017-05-26 04:00:00+00:00,22.54,22.59,22.43,22.57,27190908
2017-05-30 04:00:00+00:00,22.45,22.45,22.26,22.26,29980056
2017-05-31 04:00:00+00:00,22.1,22.24,22.06,22.18,33031046
2017-06-01 04:00:00+00:00,22.19,22.4,22.12,22.32,36622712
2017-06-02 04:00:00+00:00,22.21,22.22,21.96,22.06,33926660
2017-06-05 04:00:00+00:00,21.99,22.18,21.98,22.1,26416674
2017-06-06 04:00:00+00:00,22.09,22.4,22.03,22.36,30327420
2017-06-07 04:00:00+00:00,22.27,22.38,21.89,22.04,47165958
2017-06-08 04:00:00+00:00,21.96,22.14,21.93,21.98,45249108
2017-06-09 04:00:00+00:00,22.05,22.58,22.03,22.51,47791258
2017-06-12 04:00:00+00:00,22.71,22.89,22.62,22.67,48515618
2017-06-13 04:00:00+00:00,22.74,22.87,22.63,22.84,33056490
2017-06-14 04:00:00+00:00,22.78,22.78,22.25,22.42,61877996
2017-06-15 04:00:00+00:00,22.32,22.43,22.16,22.27,39171048
2017-06-16 04:00:00+00:00,22.39,22.63,22.24,22.62,50759290
2017-06-19 04:00:00+00:00,22.57,22.62,22.42,22.48,33469826
2017-06-20 04:00:00+00:00,22.22,22.25,21.94,22.19,32963612
2017-06-21 04:00:00+00:00,22.12,22.25,21.72,21.83,56251430
2017-06-22 04:00:00+00:00,21.84,22.01,21.73,21.82,32646462
2017-06-23 04:00:00+00:00,21.82,21.99,21.76,21.97,29738556
2017-06-26 04:00:00+00:00,22.04,22.08,21.83,21.92,27361040
2017-06-27 04:00:00+00:00,22.0,22.1,21.88,21.88,28698624
2017-06-28 04:00:00+00:00,21.91,22.14,21.9,22.01,34055732
2017-06-29 04:00:00+00:00,22.08,22.3,22.01,22.05,38694952
2017-06-30 04:00:00+00:00,22.21,22.25,22.01,22.14,41703594
2017-07-03 04:00:00+00:00,22.23,22.68,22.21,22.58,38532138
2017-07-05 04:00:00+00:00,22.47,22.49,22.04,22.12,43185306
2017-07-06 04:00:00+00:00,22.16,22.22,21.83,21.88,42303836
2017-07-07 04:00:00+00:00,21.8,21.87,21.6,21.84,33587012
2017-07-10 04:00:00+00:00,21.81,21.96,21.76,21.9,34005028
2017-07-11 04:00:00+00:00,21.95,22.11,21.81,22.03,25483102
2017-07-12 04:00:00+00:00,22.25,22.31,22.0,22.09,30143046
2017-07-13 04:00:00+00:00,22.11,22.2,21.99,22.19,20589526
2017-07-14 04:00:00+00:00,22.2,22.36,22.18,22.32,21967106
2017-07-17 04:00:00+00:00,22.27,22.44,22.25,22.29,24632088
2017-07-18 04:00:00+00:00,22.4,22.41,22.09,22.18,30539442
2017-07-19 04:00:00+00:00,22.16,22.53,22.14,22.51,51626340
2017-07-20 04:00:00+00:00,22.63,22.71,22.38,22.44,34841630
2017-07-21 04:00:00+00:00,22.36,22.47,22.19,22.22,27171126
2017-07-24 04:00:00+00:00,22.26,22.3,22.12,22.18,21415392
2017-07-25 04:00:00+00:00,22.44,22.62,22.39,22.46,31927376
2017-07-26 04:00:00+00:00,22.58,22.74,22.42,22.48,42775518
2017-07-27 04:00:00+00:00,22.49,22.72,22.38,22.71,32151612
2017-07-28 04:00:00+00:00,22.63,22.9,22.6,22.68,29690682
2017-07-31 04:00:00+00:00,22.69,22.86,22.63,22.73,27677120
2017-08-01 04:00:00+00:00,22.75,22.86,22.63,22.73,25827644
2017-08-02 04:00:00+00:00,22.61,22.74,22.41,22.64,30964250
2017-08-03 04:00:00+00:00,22.61,22.64,22.23,22.33,31781194
2017-08-04 04:00:00+00:00,22.34,22.46,22.28,22.4,19155944
2017-08-07 04:00:00+00:00,22.3,22.34,22.16,22.23,24464274
2017-08-08 04:00:00+00:00,22.16,22.37,22.11,22.18,21659958
2017-08-09 04:00:00+00:00,22.21,22.33,22.11,22.2,21147944
2017-08-10 04:00:00+00:00,22.23,22.27,21.92,21.96,31348658
2017-08-11 04:00:00+00:00,21.89,22.02,21.8,21.82,33607012
2017-08-14 04:00:00+00:00,21.86,21.95,21.73,21.75,24599810
2017-08-15 04:00:00+00:00,21.79,21.79,21.54,21.67,25975782
2017-08-16 04:00:00+00:00,21.68,21.74,21.42,21.46,34993334
2017-08-17 04:00:00+00:00,21.38,21.46,21.15,21.16,30457956
2017-08-18 04:00:00+00:00,21.13,21.41,21.09,21.26,38576378
2017-08-21 04:00:00+00:00,21.23,21.24,21.09,21.16,21162418
2017-08-22 04:00:00+00:00,21.21,21.34,21.2,21.3,30935544
2017-08-23 04:00:00+00:00,21.25,21.5,21.23,21.39,23557632
2017-08-24 04:00:00+00:00,21.31,21.45,21.31,21.39,21088688
2017-08-25 04:00:00+00:00,21.44,21.58,21.44,21.5,16837688
2017-08-28 04:00:00+00:00,21.51,21.58,21.29,21.4,20705278
2017-08-29 04:00:00+00:00,21.3,21.4,21.22,21.37,17905002
2017-08-30 04:00:00+00:00,21.29,21.45,21.23,21.38,17487264
2017-08-31 04:00:00+00:00,21.48,21.54,21.4,21.49,21389918
2017-09-01 04:00:00+00:00,21.52,21.77,21.47,21.69,24131030
2017-09-05 04:00:00+00:00,21.78,21.92,21.66,21.82,36968572
2017-09-06 04:00:00+00:00,21.92,22.23,21.91,22.17,37117174
2017-09-07 04:00:00+00:00,22.18,22.26,22.06,22.21,17700108
2017-09-08 04:00:00+00:00,22.16,22.18,21.87,21.97,21570226
2017-09-11 04:00:00+00:00,22.06,22.21,22.01,22.18,29498356
2017-09-12 04:00:00+00:00,22.23,22.37,22.19,22.32,19459422
2017-09-13 04:00:00+00:00,22.37,22.61,22.34,22.6,33039142
2017-09-14 04:00:00+00:00,22.64,22.86,22.64,22.71,30325834
2017-09-15 04:00:00+00:00,22.75,22.76,22.61,22.76,26781394
2017-09-18 04:00:00+00:00,22.71,22.87,22.69,22.86,25651702
2017-09-19 04:00:00+00:00,22.91,22.98,22.86,22.95,21643344
2017-09-20 04:00:00+00:00,23.02,23.17,23.0,23.11,37311518
2017-09-21 04:00:00+00:00,23.08,23.17,23.01,23.11,19252872
2017-09-22 04:00:00+00:00,23.09,23.3,23.07,23.23,30088506
2017-09-25 04:00:00+00:00,23.34,23.64,23.32,23.57,31508620
2017-09-26 04:00:00+00:00,23.51,23.6,23.44,23.56,22008350
2017-09-27 04:00:00+00:00,23.58,23.66,23.45,23.66,22336344
2017-09-28 04:00:00+00:00,23.71,23.82,23.61,23.68,24129994
2017-09-29 04:00:00+00:00,23.59,23.68,23.52,23.67,30892928
2017-10-02 04:00:00+00:00,23.42,23.67,23.33,23.67,25566398
2017-10-03 04:00:00+00:00,23.64,23.72,23.59,23.64,14801846
2017-10-04 04:00:00+00:00,23.64,23.71,23.54,23.63,20922610
2017-10-05 04:00:00+00:00,23.64,23.77,23.63,23.73,21559128
2017-10-06 04:00:00+00:00,23.51,23.64,23.45,23.53,25056666
2017-10-09 04:00:00+00:00,23.56,23.65,23.53,23.58,11987442
2017-10-10 04:00:00+00:00,23.75,23.83,23.58,23.6,15883574
2017-10-11 04:00:00+00:00,23.57,23.67,23.48,23.66,20917394
2017-10-12 04:00:00+00:00,23.48,23.6,23.44,23.57,20836196
2017-10-13 04:00:00+00:00,23.71,23.78,23.54,23.56,18142548
2017-10-16 04:00:00+00:00,23.63,23.75,23.56,23.61,16956318
2017-10-17 04:00:00+00:00,23.6,23.67,23.49,23.62,16989498
2017-10-18 04:00:00+00:00,23.61,23.7,23.43,23.46,16225276
2017-10-19 04:00:00+00:00,23.29,23.48,23.28,23.38,15914120
2017-10-20 04:00:00+00:00,23.44,23.44,23.27,23.43,20874870
2017-10-23 04:00:00+00:00,23.45,23.52,23.29,23.31,18537350
2017-10-24 04:00:00+00:00,23.39,23.46,23.3,23.35,20111228
2017-10-25 04:00:00+00:00,23.31,23.38,23.12,23.19,28346830
2017-10-26 04:00:00+00:00,23.2,23.31,23.1,23.24,19238974
2017-10-27 04:00:00+00:00,23.12,23.4,22.93,23.28,32989278
2017-10-30 04:00:00+00:00,23.31,23.47,23.27,23.4,24233976
2017-10-31 04:00:00+00:00,23.41,23.56,23.31,23.48,20166052
2017-11-01 04:00:00+00:00,23.62,23.85,23.61,23.74,35910168
2017-11-02 04:00:00+00:00,23.74,23.81,23.53,23.67,23732316
2017-11-03 04:00:00+00:00,23.66,23.84,23.64,23.74,23553258
2017-11-06 05:00:00+00:00,23.85,24.32,23.81,24.29,40761546
2017-11-07 05:00:00+00:00,24.33,24.36,24.13,24.26,28069646
2017-11-08 05:00:00+00:00,24.2,24.26,24.0,24.14,29863124
2017-11-09 05:00:00+00:00,24.04,24.25,24.01,24.21,26830434
2017-11-10 05:00:00+00:00,24.17,24.19,23.9,24.08,22074464
2017-11-13 05:00:00+00:00,24.02,24.11,23.92,23.94,15870328
2017-11-14 05:00:00+00:00,23.85,23.85,23.53,23.55,34765654
2017-11-15 05:00:00+00:00,23.35,23.39,23.19,23.28,38927690
2017-11-16 05:00:00+00:00,23.22,23.3,23.13,23.19,25791318
2017-11-17 05:00:00+00:00,23.24,23.36,23.18,23.31,19203212
2017-11-20 05:00:00+00:00,23.28,23.3,23.15,23.26,16014186
2017-11-21 05:00:00+00:00,23.35,23.44,23.26,23.31,17384018
2017-11-22 05:00:00+00:00,23.45,23.49,23.39,23.4,19513588
2017-11-24 05:00:00+00:00,23.49,23.54,23.46,23.47,10294368
2017-11-27 05:00:00+00:00,23.37,23.39,23.18,23.23,22893170
2017-11-28 05:00:00+00:00,23.25,23.44,23.22,23.41,25298890
2017-11-29 05:00:00+00:00,23.4,23.58,23.35,23.54,27974808
2017-11-30 05:00:00+00:00,23.59,23.93,23.59,23.89,47184584
2017-12-01 05:00:00+00:00,24.06,24.26,23.83,24.09,43134552
2017-12-04 05:00:00+00:00,24.11,24.46,24.0,24.08,27708834
2017-12-05 05:00:00+00:00,24.08,24.17,23.95,23.98,22186560
2017-12-06 05:00:00+00:00,23.91,23.95,23.63,23.66,25873932
2017-12-07 05:00:00+00:00,23.64,23.77,23.62,23.73,17773700
2017-12-08 05:00:00+00:00,23.85,23.96,23.05,23.96,22585818
2017-12-11 05:00:00+00:00,24.0,24.25,23.98,24.12,24063602
2017-12-12 05:00:00+00:00,24.22,24.24,24.03,24.06,23936756
2017-12-13 05:00:00+00:00,24.06,24.11,23.95,24.02,19213586
2017-12-14 05:00:00+00:00,23.93,24.11,23.93,23.94,24883134
2017-12-15 05:00:00+00:00,24.11,24.11,23.88,23.92,20897184
2017-12-18 05:00:00+00:00,23.97,24.22,23.97,24.1,20798008
2017-12-19 05:00:00+00:00,24.21,24.27,24.08,24.13,14224282
2017-12-20 05:00:00+00:00,24.21,24.52,24.14,24.48,25837868
2017-12-21 05:00:00+00:00,24.49,25.07,24.46,25.0,35147866
2017-12-22 05:00:00+00:00,25.02,25.15,24.92,25.05,21709060
2017-12-26 05:00:00+00:00,25.14,25.31,25.09,25.27,18422986
2017-12-27 05:00:00+00:00,25.27,25.28,25.13,25.18,22081876
2017-12-28 05:00:00+00:00,25.18,25.22,25.14,25.21,16395004
2017-12-29 05:00:00+00:00,25.29,25.3,25.11,25.14,16112936
2018-01-02 05:00:00+00:00,25.27,25.59,25.19,25.56,31411410
2018-01-03 05:00:00+00:00,25.61,26.01,25.59,25.95,39775756
2018-01-04 05:00:00+00:00,25.93,26.12,25.83,26.1,29534988
2018-01-05 05:00:00+00:00,26.07,26.11,25.88,26.1,28997352
2018-01-08 05:00:00+00:00,26.08,26.26,26.01,26.25,20884926
2018-01-09 05:00:00+00:00,26.3,26.31,26.14,26.18,18828884
2018-01-10 05:00:00+00:00,26.26,26.28,26.13,26.15,21933996
2018-01-11 05:00:00+00:00,26.24,26.78,26.15,26.68,37457546
2018-01-12 05:00:00+00:00,26.69,27.01,26.69,26.94,40444222
2018-01-16 05:00:00+00:00,27.01,27.02,26.55,26.6,35786488
2018-01-17 05:00:00+00:00,26.68,26.95,26.5,26.84,29531298
2018-01-18 05:00:00+00:00,26.73,26.8,26.57,26.62,23696834
2018-01-19 05:00:00+00:00,26.56,26.59,26.41,26.58,28061612
2018-01-22 05:00:00+00:00,26.62,27.17,26.61,27.16,35625428
2018-01-23 05:00:00+00:00,27.21,27.24,26.98,27.11,20578132
2018-01-24 05:00:00+00:00,27.15,27.28,26.95,27.04,26658526
2018-01-25 05:00:00+00:00,27.18,27.18,26.78,26.82,23805642
2018-01-26 05:00:00+00:00,26.89,27.02,26.83,26.97,15742408
2018-01-29 05:00:00+00:00,26.86,26.96,26.53,26.57,26001600
2018-01-30 05:00:00+00:00,26.34,26.42,26.01,26.03,46704862
2018-01-31 05:00:00+00:00,26.1,26.15,25.87,26.05,33967842
2018-02-01 05:00:00+00:00,26.08,26.33,25.94,26.33,36900296
2018-02-02 05:00:00+00:00,25.83,25.9,25.08,25.23,64310242
2018-02-05 05:00:00+00:00,24.88,25.2,23.76,24.16,72462644
2018-02-06 05:00:00+00:00,23.75,24.52,23.63,24.35,66656560
2018-02-07 05:00:00+00:00,24.43,24.73,23.94,23.94,50180614
2018-02-08 05:00:00+00:00,23.97,24.07,23.21,23.22,57006446
2018-02-09 05:00:00+00:00,23.52,23.52,22.43,23.2,71204810
2018-02-12 05:00:00+00:00,23.5,23.84,23.39,23.6,51531186
2018-02-13 05:00:00+00:00,23.46,23.59,23.32,23.49,24993398
2018-02-14 05:00:00+00:00,23.25,23.89,23.2,23.83,40620216
2018-02-15 05:00:00+00:00,23.87,23.89,23.38,23.76,33474110
2018-02-16 05:00:00+00:00,23.67,23.93,23.56,23.71,27831690
2018-02-20 05:00:00+00:00,23.76,23.93,23.47,23.59,36544360
2018-02-21 05:00:00+00:00,23.51,23.73,23.18,23.18,25975788
2018-02-22 05:00:00+00:00,23.35,23.78,23.29,23.44,31248120
2018-02-23 05:00:00+00:00,23.55,23.96,23.51,23.94,34216808
2018-02-26 05:00:00+00:00,24.07,24.13,23.95,24.09,25176708
2018-02-27 05:00:00+00:00,24.13,24.33,23.77,23.77,27714546
2018-02-28 05:00:00+00:00,23.9,23.99,23.22,23.23,36553458
2018-03-01 05:00:00+00:00,23.2,23.56,23.02,23.19,46427964
2018-03-02 05:00:00+00:00,23.03,23.38,22.85,23.3,29968474
2018-03-05 05:00:00+00:00,23.19,23.62,23.15,23.55,26397268
2018-03-06 05:00:00+00:00,23.69,23.78,23.44,23.56,31780900
2018-03-07 05:00:00+00:00,23.31,23.55,23.16,23.38,25380526
2018-03-08 05:00:00+00:00,23.44,23.51,23.21,23.38,16371234
2018-03-09 05:00:00+00:00,23.56,23.84,23.54,23.81,24036254
2018-03-12 04:00:00+00:00,23.84,23.99,23.7,23.8,19191892
2018-03-13 04:00:00+00:00,23.89,24.0,23.55,23.64,22175242
2018-03-14 04:00:00+00:00,23.69,23.8,23.46,23.51,23241520
2018-03-15 04:00:00+00:00,23.59,23.69,23.21,23.38,25318402
2018-03-16 04:00:00+00:00,23.4,23.7,23.35,23.59,29507448
2018-03-19 04:00:00+00:00,23.52,23.55,23.09,23.23,30643914
2018-03-20 04:00:00+00:00,23.35,23.58,23.32,23.42,23381526
2018-03-21 04:00:00+00:00,23.56,24.19,23.49,24.04,34582014
2018-03-22 04:00:00+00:00,23.77,23.9,23.5,23.54,38711290
2018-03-23 04:00:00+00:00,23.67,23.94,23.35,23.4,38815666
2018-03-26 04:00:00+00:00,23.67,23.86,23.4,23.82,32782200
2018-03-27 04:00:00+00:00,23.92,24.02,23.46,23.6,28416074
2018-03-28 04:00:00+00:00,23.61,23.69,23.1,23.14,37599152
2018-03-29 04:00:00+00:00,23.24,23.72,23.24,23.63,29027584
2018-04-02 04:00:00+00:00,23.54,23.58,22.76,23.15,38991758
2018-04-03 04:00:00+00:00,23.25,23.67,23.02,23.65,29299194
2018-04-04 04:00:00+00:00,23.29,23.67,23.13,23.62,25866562
2018-04-05 04:00:00+00:00,23.68,24.19,23.68,24.04,28119522
2018-04-06 04:00:00+00:00,23.89,24.01,23.29,23.61,39267206
2018-04-09 04:00:00+00:00,23.72,24.02,23.62,23.72,22390344
2018-04-10 04:00:00+00:00,24.09,24.69,24.09,24.5,47053826
2018-04-11 04:00:00+00:00,24.46,24.81,24.43,24.76,42966350
2018-04-12 04:00:00+00:00,24.84,24.95,24.67,24.76,28790360
2018-04-13 04:00:00+00:00,24.89,25.13,24.85,25.03,27296992
2018-04-16 04:00:00+00:00,25.08,25.4,24.95,25.28,28637572
2018-04-17 04:00:00+00:00,25.35,25.5,25.21,25.39,33346054
2018-04-18 04:00:00+00:00,25.6,26.01,25.6,25.78,35906736
2018-04-19 04:00:00+00:00,25.8,26.01,25.66,25.81,37012902
2018-04-20 04:00:00+00:00,25.76,25.78,25.53,25.69,27933244
2018-04-23 04:00:00+00:00,25.61,25.85,25.47,25.84,30038996
2018-04-24 04:00:00+00:00,25.92,26.1,25.43,25.56,46248976
2018-04-25 04:00:00+00:00,25.49,25.81,25.33,25.78,26822548
2018-04-26 04:00:00+00:00,25.87,26.17,25.79,26.15,25136362
2018-04-27 04:00:00+00:00,25.88,26.0,25.77,25.88,21615458
2018-04-30 04:00:00+00:00,25.83,26.16,25.82,25.87,26494200
2018-05-01 04:00:00+00:00,25.74,25.76,25.39,25.71,28237968
2018-05-02 04:00:00+00:00,25.64,26.02,25.6,25.82,27439062
2018-05-03 04:00:00+00:00,25.7,25.8,25.41,25.75,31860470
2018-05-04 04:00:00+00:00,25.69,25.98,25.58,25.88,29501518
2018-05-07 04:00:00+00:00,26.09,26.49,25.87,25.92,36826912
2018-05-08 04:00:00+00:00,25.93,26.14,25.46,26.13,58634752
2018-05-09 04:00:00+00:00,26.44,26.95,26.44,26.65,51249244
2018-05-10 04:00:00+00:00,26.76,26.92,26.64,26.87,28221706
2018-05-11 04:00:00+00:00,26.91,27.08,26.83,26.89,24573618
2018-05-14 04:00:00+00:00,26.98,27.2,26.98,27.08,21188954
2018-05-15 04:00:00+00:00,27.04,27.13,26.88,27.06,21251096
2018-05-16 04:00:00+00:00,27.05,27.2,26.91,27.18,24183356
2018-05-17 04:00:00+00:00,27.27,27.63,27.25,27.59,33272416
2018-05-18 04:00:00+00:00,27.54,27.57,27.36,27.38,30490924
2018-05-21 04:00:00+00:00,27.53,27.66,27.39,27.66,24331690
2018-05-22 04:00:00+00:00,27.65,27.83,27.21,27.29,33945986
2018-05-23 04:00:00+00:00,27.13,27.31,26.91,27.29,33857970
2018-05-24 04:00:00+00:00,26.97,27.01,26.71,26.83,38980872
2018-05-25 04:00:00+00:00,26.36,26.4,25.88,26.14,66135226
2018-05-29 04:00:00+00:00,25.94,26.22,25.82,26.05,39294618
2018-05-30 04:00:00+00:00,26.28,26.97,26.27,26.87,48091724
2018-05-31 04:00:00+00:00,26.65,26.96,26.59,26.64,27152906
2018-06-01 04:00:00+00:00,26.74,26.95,26.63,26.77,28449868
2018-06-04 04:00:00+00:00,26.86,27.06,26.47,26.54,27872090
2018-06-05 04:00:00+00:00,26.41,26.68,26.35,26.48,27671894
2018-06-06 04:00:00+00:00,26.57,26.67,26.37,26.6,27335452
2018-06-07 04:00:00+00:00,26.74,27.16,26.74,27.01,31474606
2018-06-08 04:00:00+00:00,27.04,27.11,26.78,26.95,22826872
2018-06-11 04:00:00+00:00,26.95,27.21,26.89,27.08,22164852
2018-06-12 04:00:00+00:00,27.09,27.16,26.81,26.89,31930424
2018-06-13 04:00:00+00:00,26.8,26.94,26.67,26.78,25325938
2018-06-14 04:00:00+00:00,26.86,26.94,26.68,26.73,21143466
2018-06-15 04:00:00+00:00,26.59,26.64,26.12,26.17,33131262
2018-06-18 04:00:00+00:00,26.1,26.61,26.1,26.43,27230040
2018-06-19 04:00:00+00:00,26.12,26.47,26.04,26.37,26559162
2018-06-20 04:00:00+00:00,26.53,26.59,26.28,26.49,23632984
2018-06-21 04:00:00+00:00,26.3,26.32,25.88,25.99,31050754
2018-06-22 04:00:00+00:00,26.64,26.81,26.51,26.52,58471586
2018-06-25 04:00:00+00:00,26.44,26.48,25.81,25.96,37941324
2018-06-26 04:00:00+00:00,26.05,26.42,25.96,26.31,27639276
2018-06-27 04:00:00+00:00,26.53,27.0,26.52,26.67,41758926
2018-06-28 04:00:00+00:00,26.7,26.8,26.43,26.63,28750380
2018-06-29 04:00:00+00:00,26.7,27.08,26.7,26.8,27279330
2018-07-02 04:00:00+00:00,26.61,26.62,26.26,26.39,31360438
2018-07-03 04:00:00+00:00,26.68,26.98,26.51,26.51,19365264
2018-07-05 04:00:00+00:00,26.73,26.81,26.46,26.54,20388146
2018-07-06 04:00:00+00:00,26.46,26.79,26.33,26.7,18932232
2018-07-09 04:00:00+00:00,26.86,27.14,26.85,27.11,22652590
2018-07-10 04:00:00+00:00,27.27,27.52,27.23,27.3,22432872
2018-07-11 04:00:00+00:00,27.05,27.21,26.55,26.72,39561686
2018-07-12 04:00:00+00:00,26.79,26.94,26.58,26.77,25603582
2018-07-13 04:00:00+00:00,26.79,27.07,26.72,26.91,23180942
2018-07-16 04:00:00+00:00,26.64,26.78,26.37,26.6,23189192
2018-07-17 04:00:00+00:00,26.51,26.64,26.34,26.49,19775620
2018-07-18 04:00:00+00:00,26.37,26.55,26.1,26.5,32462210
2018-07-19 04:00:00+00:00,26.44,26.63,26.41,26.51,34017930
2018-07-20 04:00:00+00:00,26.57,26.58,26.34,26.42,22123752
2018-07-23 04:00:00+00:00,26.5,26.52,26.26,26.31,15507888
2018-07-24 04:00:00+00:00,26.43,26.8,26.39,26.64,20871074
2018-07-25 04:00:00+00:00,26.68,26.93,26.55,26.88,22493968
2018-07-26 04:00:00+00:00,26.92,27.2,26.87,27.16,25070606
2018-07-27 04:00:00+00:00,26.85,27.18,26.82,27.04,25632824
2018-07-30 04:00:00+00:00,27.26,27.37,27.16,27.26,23036658
2018-07-31 04:00:00+00:00,27.31,27.39,27.15,27.19,23147344
2018-08-01 04:00:00+00:00,26.98,26.99,26.69,26.84,22864952
2018-08-02 04:00:00+00:00,26.64,26.74,26.46,26.69,19716326
2018-08-03 04:00:00+00:00,26.64,26.69,26.42,26.55,15696130
2018-08-06 04:00:00+00:00,26.63,26.78,26.47,26.65,16901578
2018-08-07 04:00:00+00:00,26.92,26.99,26.76,26.84,24260920
2018-08-08 04:00:00+00:00,26.66,26.75,26.49,26.65,19103958
2018-08-09 04:00:00+00:00,26.67,26.72,26.36,26.4,31001412
2018-08-10 04:00:00+00:00,26.34,26.57,26.29,26.54,35820012
2018-08-13 04:00:00+00:00,26.52,26.61,26.21,26.23,20081842
2018-08-14 04:00:00+00:00,26.43,26.47,26.18,26.29,23229268
2018-08-15 04:00:00+00:00,26.04,26.08,25.3,25.36,54083214
2018-08-16 04:00:00+00:00,25.5,25.7,25.48,25.56,58651988
2018-08-17 04:00:00+00:00,25.62,25.69,25.53,25.64,23657434
2018-08-20 04:00:00+00:00,25.63,25.88,25.62,25.79,17105590
2018-08-21 04:00:00+00:00,26.01,26.13,25.9,25.92,19275330
2018-08-22 04:00:00+00:00,26.09,26.32,26.07,26.24,19138686
2018-08-23 04:00:00+00:00,26.11,26.16,26.01,26.11,13247612
2018-08-24 04:00:00+00:00,26.27,26.46,26.25,26.3,15869680
2018-08-27 04:00:00+00:00,26.39,26.53,26.35,26.49,14310320
2018-08-28 04:00:00+00:00,26.55,26.66,26.37,26.38,17101164
2018-08-29 04:00:00+00:00,26.47,26.66,26.39,26.55,15763430
2018-08-30 04:00:00+00:00,26.54,26.59,26.33,26.47,18750288
2018-08-31 04:00:00+00:00,26.39,26.4,26.16,26.27,18736978
2018-09-04 04:00:00+00:00,26.39,26.41,26.1,26.21,30513848
2018-09-05 04:00:00+00:00,26.09,26.19,25.83,26.18,19461736
2018-09-06 04:00:00+00:00,26.08,26.16,25.62,25.69,29933478
2018-09-07 04:00:00+00:00,25.6,25.73,25.33,25.69,20493600
2018-09-10 04:00:00+00:00,25.82,25.92,25.67,25.68,17962724
2018-09-11 04:00:00+00:00,25.65,26.07,25.58,25.92,28980684
2018-09-12 04:00:00+00:00,26.13,26.31,26.05,26.06,25819408
2018-09-13 04:00:00+00:00,26.01,26.12,25.84,26.07,22206184
2018-09-14 04:00:00+00:00,26.07,26.3,26.06,26.2,19283830
2018-09-17 04:00:00+00:00,26.27,26.42,26.18,26.24,37913634
2018-09-18 04:00:00+00:00,26.43,26.6,26.41,26.42,20727442
2018-09-19 04:00:00+00:00,26.43,26.61,26.4,26.51,23287686
2018-09-20 04:00:00+00:00,26.61,26.72,26.48,26.51,25361014
2018-09-21 04:00:00+00:00,26.65,26.77,26.47,26.68,27764076
2018-09-24 04:00:00+00:00,26.92,27.19,26.9,27.07,26099648
2018-09-25 04:00:00+00:00,27.24,27.36,27.21,27.24,27786798
2018-09-26 04:00:00+00:00,27.08,27.22,26.94,26.98,25715482
2018-09-27 04:00:00+00:00,27.09,27.13,26.91,26.98,21486780
2018-09-28 04:00:00+00:00,26.86,27.19,26.84,26.92,32551686
2018-10-01 04:00:00+00:00,27.01,27.4,27.01,27.28,25941068
2018-10-02 04:00:00+00:00,27.35,27.4,27.12,27.33,19319152
2018-10-03 04:00:00+00:00,27.43,27.61,27.35,27.55,28025104
2018-10-04 04:00:00+00:00,27.44,27.61,27.26,27.42,30693092
2018-10-05 04:00:00+00:00,27.39,27.5,27.25,27.41,25254546
2018-10-08 04:00:00+00:00,27.21,27.44,27.11,27.39,23387830
2018-10-09 04:00:00+00:00,27.49,27.84,27.37,27.66,34475514
2018-10-10 04:00:00+00:00,27.68,27.73,26.65,26.67,54302392
2018-10-11 04:00:00+00:00,26.51,26.53,25.67,25.86,72680698
2018-10-12 04:00:00+00:00,26.12,26.2,25.54,25.94,47556974
2018-10-15 04:00:00+00:00,25.93,26.04,25.71,25.72,23652386
2018-10-16 04:00:00+00:00,25.79,25.98,25.68,25.93,31871646
2018-10-17 04:00:00+00:00,25.88,25.96,25.55,25.77,32949550
2018-10-18 04:00:00+00:00,25.53,25.88,25.48,25.64,33558436
2018-10-19 04:00:00+00:00,25.51,25.79,25.4,25.41,29453894
2018-10-22 04:00:00+00:00,25.4,25.45,24.98,25.14,26343182
2018-10-23 04:00:00+00:00,24.76,24.77,24.13,24.47,54679492
2018-10-24 04:00:00+00:00,24.59,24.6,23.5,23.51,59396314
2018-10-25 04:00:00+00:00,23.8,24.04,23.64,23.8,52249772
2018-10-26 04:00:00+00:00,23.6,23.91,23.23,23.62,51651468
2018-10-29 04:00:00+00:00,23.79,23.83,22.87,23.18,50246464
2018-10-30 04:00:00+00:00,23.16,23.77,23.06,23.72,54584126
2018-10-31 04:00:00+00:00,23.95,24.26,23.83,23.85,35731392
2018-11-01 04:00:00+00:00,23.91,24.18,23.67,24.06,44198012
2018-11-02 04:00:00+00:00,24.33,24.51,23.76,24.01,43102900
2018-11-05 05:00:00+00:00,24.29,24.5,24.24,24.4,28139250
2018-11-06 05:00:00+00:00,24.47,24.57,24.23,24.52,27399060
2018-11-07 05:00:00+00:00,24.83,25.0,24.55,24.91,34720062
2018-11-08 05:00:00+00:00,24.81,25.0,24.29,24.38,31861650
2018-11-09 05:00:00+00:00,24.09,24.49,23.93,24.34,46242130
2018-11-12 05:00:00+00:00,24.5,24.61,23.78,23.83,37163246
2018-11-13 05:00:00+00:00,23.77,23.89,23.16,23.29,66778212
2018-11-14 05:00:00+00:00,23.65,23.74,23.03,23.25,46198044
2018-11-15 05:00:00+00:00,23.1,23.62,22.89,23.59,40863410
2018-11-16 05:00:00+00:00,23.73,23.95,23.62,23.87,42304620
2018-11-19 05:00:00+00:00,23.72,23.96,23.65,23.85,31390684
2018-11-20 05:00:00+00:00,23.57,23.61,22.9,23.08,54210698
2018-11-21 05:00:00+00:00,23.26,23.69,23.21,23.44,35355884
2018-11-23 05:00:00+00:00,22.86,22.94,22.54,22.71,30410718
2018-11-26 05:00:00+00:00,22.87,23.2,22.87,23.05,34315236
2018-11-27 05:00:00+00:00,22.93,23.15,22.85,23.0,49514362
2018-11-28 05:00:00+00:00,22.96,23.4,22.82,23.39,46324520
2018-11-29 05:00:00+00:00,23.4,23.72,23.36,23.53,29397172
2018-11-30 05:00:00+00:00,23.32,23.56,23.21,23.49,37917962
2018-12-03 05:00:00+00:00,24.02,24.16,23.73,24.01,45273014
2018-12-04 05:00:00+00:00,24.02,24.1,23.28,23.34,37886994
2018-12-06 05:00:00+00:00,22.81,22.93,22.41,22.89,73689380
2018-12-07 05:00:00+00:00,23.33,23.67,22.72,22.77,55273876
2018-12-10 05:00:00+00:00,22.6,22.71,21.89,22.41,47535362
2018-12-11 05:00:00+00:00,22.76,22.8,22.18,22.42,35141046
2018-12-12 05:00:00+00:00,22.78,22.93,22.49,22.49,38765742
2018-12-13 05:00:00+00:00,22.45,22.72,22.35,22.58,30779752
2018-12-14 05:00:00+00:00,22.44,22.53,21.95,22.05,51256336
2018-12-17 05:00:00+00:00,22.0,22.19,21.5,21.66,42374374
2018-12-18 05:00:00+00:00,21.62,21.7,21.03,21.15,54634964
2018-12-19 05:00:00+00:00,21.26,21.66,20.72,20.9,92553532
2018-12-20 05:00:00+00:00,20.64,20.96,20.19,20.32,78703098
2018-12-21 05:00:00+00:00,20.32,20.66,19.95,20.12,76366276
2018-12-24 05:00:00+00:00,19.89,19.98,19.29,19.31,32690982
2018-12-26 05:00:00+00:00,19.49,20.51,19.14,20.5,59564860
2018-12-27 05:00:00+00:00,20.1,20.64,19.82,20.62,53874360
2018-12-28 05:00:00+00:00,20.7,20.8,20.33,20.44,39605744
2018-12-31 05:00:00+00:00,20.64,20.72,20.33,20.57,39201178
2019-01-02 05:00:00+00:00,20.24,21.11,20.14,20.97,50855236
2019-01-03 05:00:00+00:00,21.03,21.11,20.53,20.76,37677886
2019-01-04 05:00:00+00:00,21.12,21.53,21.0,21.5,44265086
2019-01-07 05:00:00+00:00,21.63,21.95,21.34,21.79,37634094
2019-01-08 05:00:00+00:00,22.11,22.14,21.84,21.98,38274594
2019-01-09 05:00:00+00:00,22.25,22.38,22.02,22.31,40941200
2019-01-10 05:00:00+00:00,22.11,22.4,22.01,22.37,38628562
2019-01-11 05:00:00+00:00,22.26,22.38,22.04,22.24,28617248
2019-01-14 05:00:00+00:00,22.03,22.27,21.99,22.18,27703836
2019-01-15 05:00:00+00:00,22.31,22.47,22.15,22.26,19996600
2019-01-16 05:00:00+00:00,22.24,22.42,22.16,22.23,25328588
2019-01-17 05:00:00+00:00,22.07,22.54,22.02,22.43,21030408
2019-01-18 05:00:00+00:00,22.7,22.91,22.57,22.89,30385544
2019-01-22 05:00:00+00:00,22.64,22.69,22.33,22.4,40201848
2019-01-23 05:00:00+00:00,22.47,22.5,21.98,22.17,51280576
2019-01-24 05:00:00+00:00,22.12,22.49,22.03,22.28,26302832
2019-01-25 05:00:00+00:00,22.47,22.71,22.44,22.57,20803128
2019-01-28 05:00:00+00:00,22.27,22.35,22.1,22.33,26056824
2019-01-29 05:00:00+00:00,22.47,22.56,22.39,22.41,24256502
2019-01-30 05:00:00+00:00,22.55,22.8,22.43,22.71,24559276
2019-01-31 05:00:00+00:00,22.76,22.98,22.7,22.88,37403728
2019-02-01 05:00:00+00:00,23.12,23.41,23.04,23.27,30989288
2019-02-04 05:00:00+00:00,23.11,23.33,22.94,23.32,21501558
2019-02-05 05:00:00+00:00,23.3,23.4,23.23,23.36,16422168
2019-02-06 05:00:00+00:00,23.25,23.31,23.17,23.2,13807604
2019-02-07 05:00:00+00:00,23.04,23.12,22.46,22.69,29654734
2019-02-08 05:00:00+00:00,22.61,22.67,22.19,22.57,21534948
2019-02-11 05:00:00+00:00,22.46,22.71,22.4,22.68,28447540
2019-02-12 05:00:00+00:00,22.98,23.1,22.7,22.97,22323920
2019-02-13 05:00:00+00:00,23.06,23.44,23.03,23.25,26718890
2019-02-14 05:00:00+00:00,23.17,23.51,23.13,23.34,20899806
2019-02-15 05:00:00+00:00,23.56,23.73,23.53,23.71,20716704
2019-02-19 05:00:00+00:00,23.59,23.87,23.56,23.78,17716952
2019-02-20 05:00:00+00:00,23.75,24.0,23.74,23.88,20303162
2019-02-21 05:00:00+00:00,23.81,23.87,23.43,23.51,24058060
2019-02-22 05:00:00+00:00,23.69,23.76,23.46,23.58,20017192
2019-02-25 05:00:00+00:00,23.51,23.7,23.49,23.62,36357156
2019-02-26 05:00:00+00:00,23.6,23.76,23.54,23.55,21334010
2019-02-27 05:00:00+00:00,23.66,23.88,23.53,23.64,21366774
2019-02-28 05:00:00+00:00,23.64,23.67,23.25,23.4,22915388
2019-03-01 05:00:00+00:00,23.53,23.83,23.53,23.83,45645900
2019-03-04 05:00:00+00:00,23.92,23.97,23.51,23.87,43269508
2019-03-05 05:00:00+00:00,23.91,23.92,23.63,23.79,35182060
2019-03-06 05:00:00+00:00,23.6,23.65,23.37,23.49,49237838
2019-03-07 05:00:00+00:00,23.51,23.53,23.26,23.35,48775124
2019-03-08 05:00:00+00:00,22.98,23.02,22.7,22.92,31736554
2019-03-11 04:00:00+00:00,23.08,23.33,23.06,23.27,27939370
2019-03-12 04:00:00+00:00,23.31,23.54,23.31,23.42,22555072
2019-03-13 04:00:00+00:00,23.57,23.67,23.47,23.66,27114380
2019-03-14 04:00:00+00:00,23.68,23.8,23.66,23.69,25291574
2019-03-15 04:00:00+00:00,23.66,23.75,23.59,23.68,25795054
2019-03-18 04:00:00+00:00,23.71,24.05,23.7,24.01,20544368
2019-03-19 04:00:00+00:00,24.13,24.25,23.84,23.94,25425308
2019-03-20 04:00:00+00:00,23.92,24.37,23.85,24.15,27936794
2019-03-21 04:00:00+00:00,24.08,24.36,24.03,24.32,44407696
2019-03-22 04:00:00+00:00,24.1,24.14,23.57,23.66,40635524
2019-03-25 04:00:00+00:00,23.56,23.71,23.45,23.67,24891082
2019-03-26 04:00:00+00:00,23.95,24.18,23.88,24.01,23292530
2019-03-27 04:00:00+00:00,24.0,24.1,23.66,23.84,19616138
2019-03-28 04:00:00+00:00,23.74,23.96,23.7,23.93,18633794
2019-03-29 04:00:00+00:00,24.16,24.22,23.82,23.9,20486388
2019-04-01 04:00:00+00:00,24.06,24.26,24.02,24.22,25379444
2019-04-02 04:00:00+00:00,24.27,24.29,23.99,24.05,24421120
2019-04-03 04:00:00+00:00,24.11,24.16,23.73,23.81,24658140
2019-04-04 04:00:00+00:00,23.83,24.03,23.71,24.01,21478026
2019-04-05 04:00:00+00:00,24.08,24.46,24.07,24.44,35174504
2019-04-08 04:00:00+00:00,24.47,24.67,24.44,24.54,21421426
2019-04-09 04:00:00+00:00,24.47,24.47,24.17,24.24,32566562
2019-04-10 04:00:00+00:00,24.3,24.45,24.27,24.34,19436638
2019-04-11 04:00:00+00:00,24.31,24.52,24.16,24.35,22888772
2019-04-12 04:00:00+00:00,24.7,24.72,24.36,24.42,31168090
2019-04-15 04:00:00+00:00,24.39,24.45,24.23,24.27,16830072
2019-04-16 04:00:00+00:00,24.36,24.47,24.27,24.43,16564440
2019-04-17 04:00:00+00:00,24.58,24.63,24.37,24.4,23112868
2019-04-18 04:00:00+00:00,24.47,24.5,24.22,24.28,20131294
2019-04-22 04:00:00+00:00,24.51,24.81,24.44,24.8,31167738
2019-04-23 04:00:00+00:00,24.82,24.87,24.6,24.76,21242952
2019-04-24 04:00:00+00:00,24.78,24.79,24.31,24.32,22407896
2019-04-25 04:00:00+00:00,24.32,24.45,24.19,24.25,26167404
2019-04-26 04:00:00+00:00,24.07,24.08,23.72,23.93,34696312
2019-04-29 04:00:00+00:00,23.94,24.04,23.86,23.91,28864152
2019-04-30 04:00:00+00:00,24.14,24.16,23.86,23.89,29418056
2019-05-01 04:00:00+00:00,23.9,23.97,23.4,23.42,47823668
2019-05-02 04:00:00+00:00,23.27,23.41,23.0,23.01,60773560
2019-05-03 04:00:00+00:00,23.23,23.4,23.17,23.22,44127768
2019-05-06 04:00:00+00:00,23.04,23.32,23.02,23.24,46327882
2019-05-07 04:00:00+00:00,22.97,23.06,22.75,23.04,30499126
2019-05-08 04:00:00+00:00,23.03,23.23,22.98,23.04,20003540
2019-05-09 04:00:00+00:00,22.93,23.13,22.74,23.04,29064392
2019-05-10 04:00:00+00:00,23.04,23.21,22.72,23.15,26443558
2019-05-13 04:00:00+00:00,22.94,23.05,22.64,22.75,28810052
2019-05-14 04:00:00+00:00,22.87,23.22,22.85,23.03,18855616
2019-05-15 04:00:00+00:00,22.9,23.2,22.84,23.15,20513564
2019-05-16 04:00:00+00:00,23.21,23.36,23.21,23.28,18976640
2019-05-17 04:00:00+00:00,23.12,23.25,23.01,23.04,22469602
2019-05-20 04:00:00+00:00,23.04,23.16,23.0,23.05,16500610
2019-05-21 04:00:00+00:00,23.15,23.38,23.12,23.32,46358200
2019-05-22 04:00:00+00:00,23.18,23.23,22.88,22.96,19685400
2019-05-23 04:00:00+00:00,22.57,22.59,22.05,22.19,49655356
2019-05-24 04:00:00+00:00,22.36,22.45,22.08,22.27,20550040
2019-05-28 04:00:00+00:00,22.29,22.33,22.01,22.01,26595880
2019-05-29 04:00:00+00:00,21.74,21.91,21.61,21.9,36801998
2019-05-30 04:00:00+00:00,21.86,21.9,21.55,21.62,31271282
2019-05-31 04:00:00+00:00,21.32,21.52,21.24,21.24,45677352
2019-06-03 04:00:00+00:00,21.39,21.62,21.35,21.51,38619836
2019-06-04 04:00:00+00:00,21.71,21.93,21.66,21.88,31190502
2019-06-05 04:00:00+00:00,21.93,21.93,21.51,21.64,35071200
2019-06-06 04:00:00+00:00,21.69,22.13,21.69,22.04,67572730
2019-06-07 04:00:00+00:00,22.11,22.28,22.06,22.14,31883092
2019-06-10 04:00:00+00:00,22.26,22.41,22.18,22.21,19832486
2019-06-11 04:00:00+00:00,22.4,22.48,22.25,22.25,19298854
2019-06-12 04:00:00+00:00,22.11,22.16,21.87,21.94,28123044
2019-06-13 04:00:00+00:00,22.19,22.3,21.93,22.2,24875708
2019-06-14 04:00:00+00:00,22.25,22.25,22.0,22.05,16065632
2019-06-17 04:00:00+00:00,22.0,22.3,21.93,22.23,17889344
2019-06-18 04:00:00+00:00,22.38,22.68,22.34,22.54,34867218
2019-06-19 04:00:00+00:00,22.51,22.65,22.4,22.52,17938792
2019-06-20 04:00:00+00:00,22.88,23.05,22.85,23.0,52822914
2019-06-21 04:00:00+00:00,23.05,23.26,23.05,23.18,33286986
2019-06-24 04:00:00+00:00,23.17,23.24,22.94,22.97,21195022
2019-06-25 04:00:00+00:00,22.96,22.98,22.76,22.79,24757994
2019-06-26 04:00:00+00:00,23.02,23.32,22.96,23.14,29318396
2019-06-27 04:00:00+00:00,23.14,23.21,22.92,22.97,21692604
2019-06-28 04:00:00+00:00,23.03,23.26,23.03,23.24,35609792
2019-07-01 04:00:00+00:00,23.53,23.6,23.2,23.27,30518994
2019-07-02 04:00:00+00:00,23.19,23.24,22.78,22.89,25522966
2019-07-03 04:00:00+00:00,22.92,23.0,22.78,22.98,15685846
2019-07-05 04:00:00+00:00,22.89,23.03,22.84,23.01,14937864
2019-07-08 04:00:00+00:00,22.97,23.17,22.91,23.04,17661282
2019-07-09 04:00:00+00:00,23.01,23.08,22.85,23.05,15103012
2019-07-10 04:00:00+00:00,23.21,23.44,23.05,23.36,24043418
2019-07-11 04:00:00+00:00,23.43,23.43,23.26,23.4,30079084
2019-07-12 04:00:00+00:00,23.42,23.58,23.42,23.52,16507996
2019-07-15 04:00:00+00:00,23.54,23.56,23.24,23.29,19596088
2019-07-16 04:00:00+00:00,23.24,23.28,22.95,23.04,21602108
2019-07-17 04:00:00+00:00,23.03,23.1,22.77,22.78,27883724
2019-07-18 04:00:00+00:00,22.67,22.78,22.54,22.77,26024930
2019-07-19 04:00:00+00:00,22.81,22.97,22.7,22.9,20415268
2019-07-22 04:00:00+00:00,22.98,23.07,22.81,23.0,15959374
2019-07-23 04:00:00+00:00,23.0,23.12,22.93,23.06,14796820
2019-07-24 04:00:00+00:00,23.03,23.31,23.0,23.16,20169894
2019-07-25 04:00:00+00:00,23.24,23.27,22.82,22.89,22594640
2019-07-26 04:00:00+00:00,22.89,22.9,22.68,22.77,19558872
2019-07-29 04:00:00+00:00,22.76,22.78,22.52,22.69,17082844
2019-07-30 04:00:00+00:00,22.59,23.0,22.55,22.94,22060386
2019-07-31 04:00:00+00:00,22.94,23.14,22.68,22.88,31712946
2019-08-01 04:00:00+00:00,22.62,22.72,22.21,22.35,51405448
2019-08-02 04:00:00+00:00,22.44,22.57,21.8,22.03,44414628
2019-08-05 04:00:00+00:00,21.62,21.68,21.22,21.37,57882236
2019-08-06 04:00:00+00:00,21.43,21.55,21.12,21.35,34417870
2019-08-07 04:00:00+00:00,20.96,21.29,20.85,21.19,50556690
2019-08-08 04:00:00+00:00,21.33,21.81,21.23,21.8,51790616
2019-08-09 04:00:00+00:00,21.81,21.86,21.46,21.55,29741744
2019-08-12 04:00:00+00:00,21.5,21.54,21.2,21.28,28146822
2019-08-13 04:00:00+00:00,21.21,21.7,21.09,21.49,29303434
2019-08-14 04:00:00+00:00,21.04,21.09,20.62,20.63,49421562
2019-08-15 04:00:00+00:00,20.55,20.64,20.3,20.53,29142522
2019-08-16 04:00:00+00:00,20.64,20.86,20.57,20.8,43916136
2019-08-19 04:00:00+00:00,21.09,21.33,21.05,21.26,28676760
2019-08-20 04:00:00+00:00,21.15,21.18,21.0,21.07,19506114
2019-08-21 04:00:00+00:00,21.3,21.33,21.13,21.21,24893236
2019-08-22 04:00:00+00:00,21.29,21.37,21.11,21.12,18900020
2019-08-23 04:00:00+00:00,20.87,21.06,20.29,20.41,50246702
2019-08-26 04:00:00+00:00,20.59,20.7,20.41,20.5,21844680
2019-08-27 04:00:00+00:00,20.61,20.69,20.26,20.37,24020048
2019-08-28 04:00:00+00:00,20.47,20.76,20.37,20.67,32114024
2019-08-29 04:00:00+00:00,20.82,21.05,20.8,20.97,25261206
2019-08-30 04:00:00+00:00,21.04,21.23,20.84,20.96,26769676
2019-09-03 04:00:00+00:00,20.63,20.91,20.56,20.86,30819624
2019-09-04 04:00:00+00:00,21.16,21.25,21.09,21.15,23415294
2019-09-05 04:00:00+00:00,21.34,21.65,21.31,21.44,29839650
2019-09-06 04:00:00+00:00,21.37,21.56,21.25,21.53,24952536
2019-09-09 04:00:00+00:00,21.71,22.01,21.66,21.96,54835546
2019-09-10 04:00:00+00:00,22.1,22.54,22.05,22.22,52099716
2019-09-11 04:00:00+00:00,22.34,22.52,22.12,22.23,46442928
2019-09-12 04:00:00+00:00,21.96,22.26,21.78,22.1,38644996
2019-09-13 04:00:00+00:00,22.19,22.39,22.15,22.28,28753446
2019-09-16 04:00:00+00:00,23.21,23.21,22.76,23.03,62992650
2019-09-17 04:00:00+00:00,23.01,23.05,22.55,22.7,53894520
2019-09-18 04:00:00+00:00,22.54,22.69,22.44,22.59,23936086
2019-09-19 04:00:00+00:00,22.73,22.78,22.47,22.54,29798520
2019-09-20 04:00:00+00:00,22.55,22.64,22.44,22.54,41720242
2019-09-23 04:00:00+00:00,22.4,22.62,22.38,22.56,19039614
2019-09-24 04:00:00+00:00,22.49,22.51,22.07,22.21,41860434
2019-09-25 04:00:00+00:00,22.1,22.27,22.05,22.24,20699008
2019-09-26 04:00:00+00:00,22.14,22.19,21.84,21.95,28694002
2019-09-27 04:00:00+00:00,21.83,22.12,21.79,21.95,32009190
2019-09-30 04:00:00+00:00,21.84,21.93,21.77,21.79,40484170
2019-10-01 04:00:00+00:00,21.88,21.94,21.28,21.28,33749848
2019-10-02 04:00:00+00:00,21.16,21.21,20.7,20.76,39656090
2019-10-03 04:00:00+00:00,20.65,21.01,20.48,20.99,44388330
2019-10-04 04:00:00+00:00,21.08,21.15,20.86,21.12,22455922
2019-10-07 04:00:00+00:00,21.15,21.23,20.92,20.93,25226940
2019-10-08 04:00:00+00:00,20.72,20.88,20.55,20.57,42578014
2019-10-09 04:00:00+00:00,20.76,20.88,20.72,20.76,18392246
2019-10-10 04:00:00+00:00,20.83,21.08,20.8,21.02,21332032
2019-10-11 04:00:00+00:00,21.24,21.5,21.2,21.33,49483070
2019-10-14 04:00:00+00:00,21.15,21.37,21.07,21.3,24670358
2019-10-15 04:00:00+00:00,21.25,21.6,21.23,21.38,22957786
2019-10-16 04:00:00+00:00,21.31,21.46,21.08,21.09,24696640
2019-10-17 04:00:00+00:00,21.17,21.24,21.04,21.1,24879232
2019-10-18 04:00:00+00:00,21.05,21.22,20.99,20.99,20879716
2019-10-21 04:00:00+00:00,21.04,21.38,21.01,21.37,21826852
2019-10-22 04:00:00+00:00,21.43,21.89,21.37,21.64,43192262
2019-10-23 04:00:00+00:00,21.61,21.87,21.51,21.82,25157082
2019-10-24 04:00:00+00:00,21.95,21.96,21.62,21.73,28890792
2019-10-25 04:00:00+00:00,21.72,21.97,21.71,21.91,24153228
2019-10-28 04:00:00+00:00,21.98,22.11,21.75,21.78,24222786
2019-10-29 04:00:00+00:00,21.66,22.05,21.63,21.87,27801152
2019-10-30 04:00:00+00:00,21.92,21.93,21.34,21.42,32420938
2019-10-31 04:00:00+00:00,21.34,21.37,21.12,21.33,30739532
2019-11-01 04:00:00+00:00,21.44,21.86,21.42,21.82,28456978
2019-11-04 05:00:00+00:00,22.07,22.6,22.07,22.53,44416652
2019-11-05 05:00:00+00:00,22.61,22.76,22.49,22.61,36298936
2019-11-06 05:00:00+00:00,22.53,22.57,22.04,22.1,36831974
2019-11-07 05:00:00+00:00,22.32,22.5,22.26,22.43,27293838
2019-11-08 05:00:00+00:00,22.29,22.37,22.08,22.34,21367312
2019-11-11 05:00:00+00:00,22.13,22.32,22.04,22.21,29711170
2019-11-12 05:00:00+00:00,22.28,22.4,21.98,22.1,25440144
2019-11-13 05:00:00+00:00,21.98,22.08,21.91,22.0,21949898
2019-11-14 05:00:00+00:00,22.0,22.12,21.84,21.94,16540776
2019-11-15 05:00:00+00:00,22.04,22.2,22.01,22.11,18699928
2019-11-18 05:00:00+00:00,21.97,22.0,21.75,21.84,26520256
2019-11-19 05:00:00+00:00,21.77,21.79,21.5,21.52,32801284
2019-11-20 05:00:00+00:00,21.51,21.9,21.38,21.76,34915872
2019-11-21 05:00:00+00:00,21.81,22.11,21.74,22.1,32001594
2019-11-22 05:00:00+00:00,22.11,22.22,21.98,22.02,23556964
2019-11-25 05:00:00+00:00,22.0,22.08,21.91,22.07,27240850
2019-11-26 05:00:00+00:00,22.07,22.08,21.76,21.84,27932702
2019-11-27 05:00:00+00:00,21.87,21.94,21.72,21.9,19865174
2019-11-29 05:00:00+00:00,21.72,21.79,21.6,21.68,16182082
2019-12-02 05:00:00+00:00,21.75,21.89,21.65,21.68,31297908
2019-12-03 05:00:00+00:00,21.48,21.52,21.27,21.35,38168946
2019-12-04 05:00:00+00:00,21.54,21.74,21.47,21.67,35728488
2019-12-05 05:00:00+00:00,21.76,21.79,21.5,21.57,21996234
2019-12-06 05:00:00+00:00,21.66,22.05,21.66,21.98,34382086
2019-12-09 05:00:00+00:00,21.82,22.06,21.81,21.96,18007046
2019-12-10 05:00:00+00:00,22.03,22.08,21.9,22.0,17798522
2019-12-11 05:00:00+00:00,21.97,22.11,21.92,21.96,25445524
2019-12-12 05:00:00+00:00,22.0,22.44,21.97,22.4,46037786
2019-12-13 05:00:00+00:00,22.44,22.59,22.18,22.2,23108022
2019-12-16 05:00:00+00:00,22.36,22.58,22.35,22.5,23118940
2019-12-17 05:00:00+00:00,22.59,22.71,22.43,22.51,49582262
2019-12-18 05:00:00+00:00,22.49,22.74,22.46,22.6,26556558
2019-12-19 05:00:00+00:00,22.6,22.66,22.55,22.59,25951096
2019-12-20 05:00:00+00:00,22.67,22.83,22.62,22.79,35976056
2019-12-23 05:00:00+00:00,22.78,23.05,22.75,23.04,29101562
2019-12-24 05:00:00+00:00,23.08,23.12,22.99,23.03,10899690
2019-12-26 05:00:00+00:00,23.13,23.21,22.99,23.02,22743288
2019-12-27 05:00:00+00:00,23.13,23.13,22.91,22.92,22126680
2019-12-30 05:00:00+00:00,23.01,23.05,22.82,22.85,29889144
2019-12-31 05:00:00+00:00,22.74,23.0,22.67,22.98,22670214
2020-01-02 05:00:00+00:00,23.14,23.22,23.05,23.19,24476158
2020-01-03 05:00:00+00:00,23.4,23.47,23.0,23.12,70912758
2020-01-06 05:00:00+00:00,23.2,23.42,23.12,23.3,45777616
2020-01-07 05:00:00+00:00,23.23,23.26,22.97,23.24,23286142
2020-01-08 05:00:00+00:00,23.22,23.24,22.82,22.86,39115862
2020-01-09 05:00:00+00:00,22.84,23.05,22.58,23.02,31026512
2020-01-10 05:00:00+00:00,23.01,23.03,22.87,22.89,18644802
2020-01-13 05:00:00+00:00,22.86,22.97,22.74,22.9,17826668
2020-01-14 05:00:00+00:00,22.85,22.93,22.7,22.91,34891020
2020-01-15 05:00:00+00:00,22.81,22.87,22.67,22.74,22425048
2020-01-16 05:00:00+00:00,22.87,22.95,22.76,22.78,16669196
2020-01-17 05:00:00+00:00,22.84,22.85,22.59,22.61,25254524
2020-01-21 05:00:00+00:00,22.5,22.51,22.19,22.22,35736208
2020-01-22 05:00:00+00:00,22.18,22.2,21.95,22.0,29907068
2020-01-23 05:00:00+00:00,21.78,21.99,21.61,21.93,26838430
2020-01-24 05:00:00+00:00,21.83,21.93,21.5,21.67,41404494
2020-01-27 05:00:00+00:00,21.24,21.32,21.05,21.07,44580468
2020-01-28 05:00:00+00:00,21.19,21.3,21.08,21.17,29012614
2020-01-29 05:00:00+00:00,21.29,21.36,20.92,20.95,28981702
2020-01-30 05:00:00+00:00,20.73,21.14,20.67,21.11,49358384
2020-01-31 05:00:00+00:00,20.76,20.82,20.35,20.46,68566076
2020-02-03 05:00:00+00:00,20.43,20.46,20.11,20.19,44405152
2020-02-04 05:00:00+00:00,20.48,20.64,20.22,20.26,40025480
2020-02-05 05:00:00+00:00,20.6,21.09,20.59,21.02,76421246
2020-02-06 05:00:00+00:00,21.12,21.12,20.77,20.82,31822652
2020-02-07 05:00:00+00:00,20.65,20.75,20.56,20.66,27932222
2020-02-10 05:00:00+00:00,20.56,20.6,20.43,20.56,30137580
2020-02-11 05:00:00+00:00,20.84,20.87,20.69,20.79,28692960
2020-02-12 05:00:00+00:00,21.1,21.19,20.9,21.07,35326244
2020-02-13 05:00:00+00:00,21.01,21.12,20.88,21.0,24323134
2020-02-14 05:00:00+00:00,21.08,21.09,20.76,20.89,25766690
2020-02-18 05:00:00+00:00,20.71,20.89,20.53,20.72,37643412
2020-02-19 05:00:00+00:00,20.86,21.08,20.74,21.0,25775880
2020-02-20 05:00:00+00:00,21.05,21.21,20.92,20.99,26381450
2020-02-21 05:00:00+00:00,20.77,20.79,20.55,20.72,28801414
2020-02-24 05:00:00+00:00,20.01,20.06,19.71,19.77,69276430
2020-02-25 05:00:00+00:00,19.82,19.84,18.77,18.89,88666494
2020-02-26 05:00:00+00:00,18.96,19.05,18.32,18.32,101594768
2020-02-27 05:00:00+00:00,17.85,18.19,17.34,17.34,125639426
2020-02-28 05:00:00+00:00,16.8,17.55,16.66,17.33,140643246
2020-03-02 05:00:00+00:00,17.71,18.05,17.2,18.04,74457286
2020-03-03 05:00:00+00:00,18.13,18.37,17.28,17.49,105679324
2020-03-04 05:00:00+00:00,17.85,17.89,17.48,17.89,49740820
2020-03-05 05:00:00+00:00,17.36,17.46,16.95,17.24,61488706
2020-03-06 05:00:00+00:00,16.65,16.8,16.02,16.27,125124680
2020-03-09 04:00:00+00:00,13.42,13.94,12.91,12.98,139208538
2020-03-10 04:00:00+00:00,14.04,14.09,12.77,13.61,100365848
2020-03-11 04:00:00+00:00,13.19,13.42,12.68,12.89,89599158
2020-03-12 04:00:00+00:00,11.94,12.25,11.25,11.91,79463682
2020-03-13 04:00:00+00:00,12.23,12.33,11.02,12.32,68828244
2020-03-16 04:00:00+00:00,10.7,11.91,10.59,10.72,83535346
2020-03-17 04:00:00+00:00,10.75,11.17,10.32,10.72,91838786
2020-03-18 04:00:00+00:00,9.968,10.17,8.758,9.179,105008388
2020-03-19 04:00:00+00:00,9.29,9.841,8.796,9.749,106798792
2020-03-20 04:00:00+00:00,10.05,10.27,9.478,9.899,119698078
2020-03-23 04:00:00+00:00,9.834,9.897,9.059,9.189,98930042
2020-03-24 04:00:00+00:00,9.94,10.76,9.94,10.7,89764720
2020-03-25 04:00:00+00:00,10.94,11.74,10.46,11.12,105527472
2020-03-26 04:00:00+00:00,11.32,12.13,11.18,11.89,94259582
2020-03-27 04:00:00+00:00,11.4,11.43,11.02,11.09,74031254
2020-03-30 04:00:00+00:00,10.92,11.3,10.6,11.2,85352492
2020-03-31 04:00:00+00:00,11.51,11.74,11.15,11.37,71466300
2020-04-01 04:00:00+00:00,11.0,11.15,10.66,10.81,48003538
2020-04-02 04:00:00+00:00,11.33,12.43,11.06,11.8,147616672
2020-04-03 04:00:00+00:00,12.17,12.25,11.34,11.67,128823090
2020-04-06 04:00:00+00:00,11.94,12.37,11.78,12.29,76777584
2020-04-07 04:00:00+00:00,12.9,13.25,12.53,12.54,105560790
2020-04-08 04:00:00+00:00,12.82,13.43,12.71,13.39,89947758
2020-04-09 04:00:00+00:00,13.91,14.27,12.77,13.27,183663166
2020-04-13 04:00:00+00:00,13.73,13.78,13.02,13.23,68056432
2020-04-14 04:00:00+00:00,13.29,13.45,13.08,13.16,73029054
2020-04-15 04:00:00+00:00,12.62,12.67,12.15,12.55,74183882
2020-04-16 04:00:00+00:00,12.51,12.55,11.99,12.01,66678768
2020-04-17 04:00:00+00:00,12.26,13.3,12.25,13.27,99380078
2020-04-20 04:00:00+00:00,12.5,13.34,12.44,12.87,114053070
2020-04-21 04:00:00+00:00,12.5,12.87,12.28,12.62,121675804
2020-04-22 04:00:00+00:00,13.22,13.3,12.92,13.09,74203930
2020-04-23 04:00:00+00:00,13.49,13.83,13.36,13.52,84170486
2020-04-24 04:00:00+00:00,13.79,13.91,13.33,13.55,65794252
2020-04-27 04:00:00+00:00,13.45,13.94,13.14,13.83,47594462
2020-04-28 04:00:00+00:00,14.05,14.24,13.82,14.16,60422860
2020-04-29 04:00:00+00:00,14.62,15.26,14.61,15.22,72022552
2020-04-30 04:00:00+00:00,15.29,15.29,14.65,14.87,86282276
2020-05-01 04:00:00+00:00,14.57,14.68,13.86,14.03,59419524
2020-05-04 04:00:00+00:00,13.77,14.53,13.7,14.51,53223970
2020-05-05 04:00:00+00:00,15.11,15.23,14.48,14.53,70285668
2020-05-06 04:00:00+00:00,14.6,14.72,14.14,14.15,47722964
2020-05-07 04:00:00+00:00,14.55,14.79,14.41,14.51,53668824
2020-05-08 04:00:00+00:00,14.84,15.18,14.77,15.17,51629560
2020-05-11 04:00:00+00:00,15.07,15.12,14.84,14.91,46950156
2020-05-12 04:00:00+00:00,15.06,15.08,14.63,14.65,57488588
2020-05-13 04:00:00+00:00,14.55,14.57,13.88,14.01,69483204
2020-05-14 04:00:00+00:00,13.74,14.27,13.42,14.14,62465752
2020-05-15 04:00:00+00:00,14.14,14.44,13.96,14.08,55245894
2020-05-18 04:00:00+00:00,14.89,15.33,14.85,15.23,73697256
2020-05-19 04:00:00+00:00,15.25,15.3,14.8,14.8,54326100
2020-05-20 04:00:00+00:00,15.11,15.43,15.03,15.4,55852774
2020-05-21 04:00:00+00:00,15.45,15.51,15.03,15.15,56664406
2020-05-22 04:00:00+00:00,15.03,15.07,14.75,15.06,38862868
2020-05-26 04:00:00+00:00,15.54,15.64,15.44,15.48,75726774
2020-05-27 04:00:00+00:00,15.7,15.79,15.24,15.68,71744804
2020-05-28 04:00:00+00:00,15.72,15.72,15.16,15.24,55560670
2020-05-29 04:00:00+00:00,15.11,15.28,14.85,15.17,72550058
2020-06-01 04:00:00+00:00,15.14,15.52,14.94,15.43,48174630
2020-06-02 04:00:00+00:00,15.6,15.88,15.58,15.86,50792512
2020-06-03 04:00:00+00:00,16.13,16.4,16.08,16.33,55437856
2020-06-04 04:00:00+00:00,16.24,16.4,16.01,16.33,55351866
2020-06-05 04:00:00+00:00,17.15,17.71,17.14,17.55,102289174
2020-06-08 04:00:00+00:00,18.19,18.35,17.78,18.34,97180392
2020-06-09 04:00:00+00:00,17.75,17.8,17.4,17.65,87950022
2020-06-10 04:00:00+00:00,17.48,17.5,16.77,16.78,83811658
2020-06-11 04:00:00+00:00,15.61,16.06,15.15,15.23,97382856
2020-06-12 04:00:00+00:00,15.87,15.98,15.16,15.58,86022238
2020-06-15 04:00:00+00:00,14.92,15.79,14.75,15.63,65928816
2020-06-16 04:00:00+00:00,16.37,16.4,15.62,16.08,64734704
2020-06-17 04:00:00+00:00,16.02,16.02,15.53,15.53,47648392
2020-06-18 04:00:00+00:00,15.38,15.89,15.28,15.72,37322906
2020-06-19 04:00:00+00:00,16.21,16.22,15.47,15.49,55447754
2020-06-22 04:00:00+00:00,15.41,15.61,15.23,15.56,41265676
2020-06-23 04:00:00+00:00,15.79,15.83,15.52,15.55,29884336
2020-06-24 04:00:00+00:00,15.33,15.34,14.61,14.71,65837640
2020-06-25 04:00:00+00:00,14.57,15.04,14.49,14.99,48700478
2020-06-26 04:00:00+00:00,14.88,14.88,14.4,14.47,68477516
2020-06-29 04:00:00+00:00,14.51,14.79,14.44,14.67,39387650
2020-06-30 04:00:00+00:00,14.55,15.09,14.39,14.99,42683040
2020-07-01 04:00:00+00:00,15.06,15.26,14.62,14.64,49601638
2020-07-02 04:00:00+00:00,14.94,15.14,14.77,14.8,41907488
2020-07-06 04:00:00+00:00,15.06,15.17,14.66,14.84,45374410
2020-07-07 04:00:00+00:00,14.66,14.68,14.35,14.37,46781218
2020-07-08 04:00:00+00:00,14.37,14.59,14.24,14.36,42302264
2020-07-09 04:00:00+00:00,14.33,14.34,13.63,13.65,64023568
2020-07-10 04:00:00+00:00,13.57,14.1,13.57,14.09,53174448
2020-07-13 04:00:00+00:00,14.22,14.27,13.9,14.01,77854402
2020-07-14 04:00:00+00:00,13.92,14.53,13.88,14.5,68914974
2020-07-15 04:00:00+00:00,14.87,14.91,14.6,14.8,52257182
2020-07-16 04:00:00+00:00,14.72,14.94,14.53,14.75,37895752
2020-07-17 04:00:00+00:00,14.8,14.96,14.48,14.54,36555760
2020-07-20 04:00:00+00:00,14.49,14.66,14.29,14.3,40613178
2020-07-21 04:00:00+00:00,14.55,15.28,14.53,15.16,73464378
2020-07-22 04:00:00+00:00,15.0,15.0,14.76,14.98,39606094
2020-07-23 04:00:00+00:00,14.93,15.03,14.76,14.95,42293866
2020-07-24 04:00:00+00:00,14.95,15.17,14.81,14.87,40069104
2020-07-27 04:00:00+00:00,14.85,14.95,14.66,14.88,36789146
2020-07-28 04:00:00+00:00,14.8,14.94,14.59,14.62,36473474
2020-07-29 04:00:00+00:00,14.67,14.95,14.57,14.93,34999650
2020-07-30 04:00:00+00:00,14.62,14.63,14.22,14.35,67600672
2020-07-31 04:00:00+00:00,14.13,14.3,13.99,14.28,50147790
2020-08-03 04:00:00+00:00,14.28,14.41,14.16,14.33,42581394
2020-08-04 04:00:00+00:00,14.28,14.71,14.27,14.68,45642764
2020-08-05 04:00:00+00:00,14.97,15.02,14.7,14.84,66792240
2020-08-06 04:00:00+00:00,14.75,14.89,14.66,14.72,38753074
2020-08-07 04:00:00+00:00,14.59,14.77,14.42,14.74,37622022
2020-08-10 04:00:00+00:00,14.85,15.2,14.81,15.19,53118606
2020-08-11 04:00:00+00:00,15.49,15.67,15.07,15.14,53363152
2020-08-12 04:00:00+00:00,15.37,15.47,15.13,15.29,56098042
2020-08-13 04:00:00+00:00,15.15,15.3,14.96,14.99,32029370
2020-08-14 04:00:00+00:00,14.88,15.16,14.82,15.14,26791712
2020-08-17 04:00:00+00:00,15.14,15.15,14.97,15.06,28998092
2020-08-18 04:00:00+00:00,14.99,15.14,14.81,14.85,29067996
2020-08-19 04:00:00+00:00,14.85,14.91,14.64,14.69,29828318
2020-08-20 04:00:00+00:00,14.48,14.57,14.37,14.37,40255204
2020-08-21 04:00:00+00:00,14.32,14.34,14.15,14.28,35469410
2020-08-24 04:00:00+00:00,14.37,14.78,14.28,14.68,50136792
2020-08-25 04:00:00+00:00,14.75,14.77,14.4,14.47,41401564
2020-08-26 04:00:00+00:00,14.45,14.45,14.14,14.16,36549152
2020-08-27 04:00:00+00:00,14.17,14.28,14.02,14.19,44827090
2020-08-28 04:00:00+00:00,14.25,14.49,14.17,14.44,30070760
2020-08-31 04:00:00+00:00,14.46,14.48,14.13,14.13,38185722
2020-09-01 04:00:00+00:00,14.07,14.1,13.86,14.02,37069296
2020-09-02 04:00:00+00:00,14.03,14.11,13.88,13.97,47999762
2020-09-03 04:00:00+00:00,13.94,14.23,13.78,13.86,79245596
2020-09-04 04:00:00+00:00,14.01,14.1,13.65,13.82,68970090
2020-09-08 04:00:00+00:00,13.56,13.62,13.17,13.32,99210452
2020-09-09 04:00:00+00:00,13.47,13.54,13.36,13.41,50555694
2020-09-10 04:00:00+00:00,13.45,13.46,12.89,12.92,74947970
2020-09-11 04:00:00+00:00,12.95,13.01,12.82,12.93,51740270
2020-09-14 04:00:00+00:00,12.96,13.15,12.87,13.03,40818084
2020-09-15 04:00:00+00:00,13.12,13.23,12.9,12.93,56507122
2020-09-16 04:00:00+00:00,13.05,13.63,12.94,13.45,73264288
2020-09-17 04:00:00+00:00,13.24,13.48,13.11,13.47,45174256
2020-09-18 04:00:00+00:00,13.46,13.47,13.18,13.32,54093178
2020-09-21 04:00:00+00:00,13.0,13.03,12.66,12.88,63336152
2020-09-22 04:00:00+00:00,12.89,13.09,12.72,12.75,50710466
2020-09-23 04:00:00+00:00,12.8,12.84,12.15,12.17,53758912
2020-09-24 04:00:00+00:00,12.13,12.39,11.9,12.17,71236966
2020-09-25 04:00:00+00:00,12.04,12.25,11.97,12.16,54579626
2020-09-28 04:00:00+00:00,12.38,12.58,12.36,12.45,53286616
2020-09-29 04:00:00+00:00,12.41,12.44,11.98,12.1,48319584
2020-09-30 04:00:00+00:00,12.18,12.32,12.01,12.07,49890682
2020-10-01 04:00:00+00:00,11.93,11.98,11.62,11.7,57190090
2020-10-02 04:00:00+00:00,11.38,11.91,11.36,11.81,58934932
2020-10-05 04:00:00+00:00,11.91,12.17,11.88,12.16,66170372
2020-10-06 04:00:00+00:00,12.34,12.41,11.95,11.98,62689514
2020-10-07 04:00:00+00:00,12.05,12.18,11.91,12.15,42689202
2020-10-08 04:00:00+00:00,12.25,12.61,12.19,12.61,62046164
2020-10-09 04:00:00+00:00,12.72,12.75,12.38,12.4,51365298
2020-10-12 04:00:00+00:00,12.36,12.48,12.24,12.44,34297156
2020-10-13 04:00:00+00:00,12.44,12.51,12.21,12.26,55355022
2020-10-14 04:00:00+00:00,12.27,12.58,12.25,12.3,54962378
2020-10-15 04:00:00+00:00,12.1,12.45,11.98,12.44,40988198
2020-10-16 04:00:00+00:00,12.42,12.44,12.14,12.16,41345158
2020-10-19 04:00:00+00:00,12.21,12.27,11.89,11.9,50820522
2020-10-20 04:00:00+00:00,11.97,12.15,11.89,12.04,46270754
2020-10-21 04:00:00+00:00,11.98,12.04,11.81,11.82,49976114
2020-10-22 04:00:00+00:00,11.84,12.32,11.76,12.3,71396244
2020-10-23 04:00:00+00:00,12.37,12.44,12.09,12.24,51831592
2020-10-26 04:00:00+00:00,12.03,12.05,11.69,11.8,61264182
2020-10-27 04:00:00+00:00,11.79,11.8,11.62,11.64,44175858
2020-10-28 04:00:00+00:00,11.37,11.44,11.1,11.16,81536562
2020-10-29 04:00:00+00:00,11.02,11.54,10.87,11.51,74911764
2020-10-30 04:00:00+00:00,11.43,11.58,11.29,11.57,76577694
2020-11-02 05:00:00+00:00,11.73,12.12,11.51,11.97,85006896
2020-11-03 05:00:00+00:00,12.17,12.17,11.79,11.9,70195512
2020-11-04 05:00:00+00:00,11.91,12.2,11.59,11.91,95973254
2020-11-05 05:00:00+00:00,11.93,12.15,11.89,11.91,66787068
2020-11-06 05:00:00+00:00,11.91,12.09,11.61,11.66,67012482
2020-11-09 05:00:00+00:00,13.05,13.61,11.65,13.32,200055728
2020-11-10 05:00:00+00:00,13.57,13.75,13.29,13.75,151355006
2020-11-11 05:00:00+00:00,13.9,13.93,13.48,13.61,93616524
2020-11-12 05:00:00+00:00,13.37,13.56,13.03,13.17,79665020
2020-11-13 05:00:00+00:00,13.27,13.72,13.25,13.65,84666030
2020-11-16 05:00:00+00:00,14.23,14.58,14.05,14.56,101292128
2020-11-17 05:00:00+00:00,14.34,14.7,14.17,14.7,82767414
2020-11-18 05:00:00+00:00,14.82,14.88,14.27,14.27,83270402
2020-11-19 05:00:00+00:00,14.17,14.53,14.02,14.5,66977548
2020-11-20 05:00:00+00:00,14.47,14.53,14.33,14.43,40118782
2020-11-23 05:00:00+00:00,14.65,15.47,14.64,15.45,77774828
2020-11-24 05:00:00+00:00,15.97,16.28,15.82,16.24,108165358
2020-11-25 05:00:00+00:00,16.14,16.14,15.77,15.86,72078866
2020-11-27 05:00:00+00:00,15.77,15.9,15.55,15.68,38071372
2020-11-30 05:00:00+00:00,15.5,15.52,14.78,14.81,85796102
2020-12-01 05:00:00+00:00,15.22,15.31,14.85,14.88,69624486
2020-12-02 05:00:00+00:00,14.83,15.6,14.78,15.36,76304450
2020-12-03 05:00:00+00:00,15.43,15.71,15.27,15.52,74081474
2020-12-04 05:00:00+00:00,15.82,16.38,15.8,16.37,105267196
2020-12-07 05:00:00+00:00,16.18,16.21,15.83,15.98,70074768
2020-12-08 05:00:00+00:00,15.78,16.38,15.78,16.22,58213184
2020-12-09 05:00:00+00:00,16.39,16.65,16.06,16.25,87979510
2020-12-10 05:00:00+00:00,16.28,16.95,16.24,16.76,78297850
2020-12-11 05:00:00+00:00,16.65,16.65,16.33,16.56,57148744
2020-12-14 05:00:00+00:00,16.82,16.82,15.93,15.99,88916002
2020-12-15 05:00:00+00:00,16.07,16.38,15.92,16.3,59461876
2020-12-16 05:00:00+00:00,16.35,16.4,16.11,16.22,48116564
2020-12-17 05:00:00+00:00,16.36,16.37,16.05,16.14,47844022
2020-12-18 05:00:00+00:00,16.11,16.2,15.75,15.87,74852702
2020-12-21 05:00:00+00:00,15.27,15.7,15.11,15.57,80905356
2020-12-22 05:00:00+00:00,15.52,15.59,15.29,15.31,51001448
2020-12-23 05:00:00+00:00,15.44,15.86,15.43,15.64,54636878
2020-12-24 05:00:00+00:00,15.67,15.67,15.41,15.55,23439144
2020-12-28 05:00:00+00:00,15.62,15.82,15.42,15.46,38464336
2020-12-29 05:00:00+00:00,15.55,15.6,15.29,15.34,38357872
2020-12-30 05:00:00+00:00,15.38,15.75,15.34,15.6,72058300
2020-12-31 05:00:00+00:00,15.53,15.6,15.4,15.47,36871262
2021-01-04 05:00:00+00:00,15.65,15.78,15.31,15.5,67994454
2021-01-05 05:00:00+00:00,15.67,16.62,15.65,16.19,96997104
2021-01-06 05:00:00+00:00,16.51,16.84,16.3,16.69,87653360
2021-01-07 05:00:00+00:00,16.83,17.1,16.66,16.93,52228622
2021-01-08 05:00:00+00:00,17.15,17.15,16.78,16.91,64009266
2021-01-11 05:00:00+00:00,16.54,17.24,16.45,17.18,47987836
2021-01-12 05:00:00+00:00,17.38,17.87,17.25,17.78,89870400
2021-01-13 05:00:00+00:00,17.84,17.85,17.5,17.64,55387160
2021-01-14 05:00:00+00:00,17.75,18.37,17.73,18.16,84361778
2021-01-15 05:00:00+00:00,17.84,17.84,17.28,17.45,103179924
2021-01-19 05:00:00+00:00,17.67,17.93,17.61,17.8,56530804
2021-01-20 05:00:00+00:00,17.96,18.0,17.69,17.87,51315998
2021-01-21 05:00:00+00:00,17.77,17.86,17.1,17.29,60966066
2021-01-22 05:00:00+00:00,16.89,17.22,16.75,17.18,51275526
2021-01-25 05:00:00+00:00,16.99,17.05,16.69,17.0,82203822
2021-01-26 05:00:00+00:00,17.15,17.41,16.63,16.64,55633232
2021-01-27 05:00:00+00:00,16.37,16.87,16.13,16.43,100778820
2021-01-28 05:00:00+00:00,16.55,16.8,16.4,16.6,58112218
2021-01-29 05:00:00+00:00,16.37,16.58,15.99,16.05,64336814
2021-02-01 05:00:00+00:00,16.25,16.33,15.9,16.17,62547138
2021-02-02 05:00:00+00:00,16.54,16.73,16.34,16.34,64418888
2021-02-03 05:00:00+00:00,16.43,17.09,16.37,17.05,75215806
2021-02-04 05:00:00+00:00,17.17,17.23,16.86,17.23,48841700
2021-02-05 05:00:00+00:00,17.5,17.56,17.32,17.37,48593734
2021-02-08 05:00:00+00:00,17.63,18.19,17.61,18.1,63350866
2021-02-09 05:00:00+00:00,17.96,18.02,17.67,17.91,70313174
2021-02-10 05:00:00+00:00,17.97,18.27,17.86,18.25,60793406
2021-02-11 05:00:00+00:00,18.2,18.2,17.59,17.97,50483508
2021-02-12 05:00:00+00:00,17.84,18.25,17.81,18.24,48762066
2021-02-16 05:00:00+00:00,18.66,18.91,18.56,18.69,77278590
2021-02-17 05:00:00+00:00,18.89,19.09,18.61,18.97,71903860
2021-02-18 05:00:00+00:00,18.89,18.93,18.48,18.54,62275246
2021-02-19 05:00:00+00:00,18.57,18.93,18.55,18.85,54555386
2021-02-22 05:00:00+00:00,18.97,19.79,18.95,19.57,76779516
2021-02-23 05:00:00+00:00,19.74,19.89,18.99,19.83,99135746
2021-02-24 05:00:00+00:00,19.96,20.65,19.79,20.53,79043508
2021-02-25 05:00:00+00:00,20.74,20.74,20.0,20.14,76599496
2021-02-26 05:00:00+00:00,19.87,19.92,19.08,19.65,92052982
2021-03-01 05:00:00+00:00,20.18,20.45,20.03,20.17,69882680
2021-03-02 05:00:00+00:00,20.24,20.4,20.05,20.06,75478758
2021-03-03 05:00:00+00:00,20.2,20.81,20.2,20.35,83134846
2021-03-04 05:00:00+00:00,20.54,21.21,20.34,20.84,108253840
2021-03-05 05:00:00+00:00,21.43,21.67,20.89,21.62,113801236
2021-03-08 05:00:00+00:00,21.83,21.94,21.34,21.66,101123944
2021-03-09 05:00:00+00:00,21.54,21.85,21.13,21.28,127184302
2021-03-10 05:00:00+00:00,21.31,21.89,21.21,21.82,80920048
2021-03-11 05:00:00+00:00,21.86,22.2,21.78,21.83,51411796
2021-03-12 05:00:00+00:00,21.87,22.07,21.71,21.87,60240056
2021-03-15 04:00:00+00:00,21.8,21.88,21.36,21.62,69519350
2021-03-16 04:00:00+00:00,21.26,21.28,20.87,21.01,82441172
2021-03-17 04:00:00+00:00,20.94,21.27,20.76,21.18,67988130
2021-03-18 04:00:00+00:00,20.98,21.07,20.13,20.22,88366276
2021-03-19 04:00:00+00:00,20.19,20.56,19.95,20.18,81560630
2021-03-22 04:00:00+00:00,20.18,20.25,19.99,20.03,60320452
2021-03-23 04:00:00+00:00,19.62,20.18,19.5,19.72,103729570
2021-03-24 04:00:00+00:00,20.04,20.5,20.04,20.27,82524824
2021-03-25 04:00:00+00:00,19.89,20.36,19.57,20.3,81967012
2021-03-26 04:00:00+00:00,20.67,20.84,20.44,20.81,72903490
2021-03-29 04:00:00+00:00,20.63,20.74,20.31,20.56,48593476
2021-03-30 04:00:00+00:00,20.36,20.6,20.23,20.38,59508494
2021-03-31 04:00:00+00:00,20.34,20.43,20.16,20.24,49080108
2021-04-01 04:00:00+00:00,20.33,20.77,20.23,20.76,65501790
2021-04-05 04:00:00+00:00,20.72,20.72,20.14,20.26,53947992
2021-04-06 04:00:00+00:00,20.36,20.63,20.18,20.21,54013108
2021-04-07 04:00:00+00:00,20.22,20.38,20.14,20.28,50481712
2021-04-08 04:00:00+00:00,20.13,20.14,19.78,20.02,64242546
2021-04-09 04:00:00+00:00,20.01,20.18,19.79,19.88,44353858
2021-04-12 04:00:00+00:00,20.06,20.2,19.66,19.73,39196268
2021-04-13 04:00:00+00:00,19.69,19.85,19.55,19.75,44825332
2021-04-14 04:00:00+00:00,19.92,20.56,19.9,20.3,66767858
2021-04-15 04:00:00+00:00,20.32,20.32,20.05,20.13,49686248
2021-04-16 04:00:00+00:00,20.28,20.33,19.89,19.97,57174912
2021-04-19 04:00:00+00:00,20.01,20.16,19.75,19.95,40827884
2021-04-20 04:00:00+00:00,19.88,19.91,19.22,19.42,72573926
2021-04-21 04:00:00+00:00,19.17,19.74,19.08,19.67,62928494
2021-04-22 04:00:00+00:00,19.76,19.77,19.37,19.44,51972032
2021-04-23 04:00:00+00:00,19.45,19.7,19.34,19.62,34935988
2021-04-26 04:00:00+00:00,19.54,19.9,19.54,19.75,35891780
2021-04-27 04:00:00+00:00,19.82,20.06,19.73,19.99,42797344
2021-04-28 04:00:00+00:00,20.13,20.75,20.12,20.68,69088310
2021-04-29 04:00:00+00:00,20.97,21.16,20.65,20.91,66042496
2021-04-30 04:00:00+00:00,20.61,20.89,20.33,20.38,63237034
2021-05-03 04:00:00+00:00,20.61,20.99,20.55,20.94,46278322
2021-05-04 04:00:00+00:00,20.98,21.14,20.71,20.95,54582590
2021-05-05 04:00:00+00:00,21.21,21.69,21.03,21.63,80115730
2021-05-06 04:00:00+00:00,21.62,21.74,21.22,21.74,58710460
2021-05-07 04:00:00+00:00,21.52,22.16,21.44,22.13,63645718
2021-05-10 04:00:00+00:00,22.4,22.75,22.12,22.14,69083412
2021-05-11 04:00:00+00:00,21.67,21.98,21.38,21.57,114176794
2021-05-12 04:00:00+00:00,21.68,22.31,21.57,21.67,82808544
2021-05-13 04:00:00+00:00,21.41,21.81,21.12,21.41,79698130
2021-05-14 04:00:00+00:00,21.64,22.15,21.64,22.07,57703374
2021-05-17 04:00:00+00:00,21.99,22.59,21.96,22.58,71153020
2021-05-18 04:00:00+00:00,22.55,22.63,22.02,22.06,71368908
2021-05-19 04:00:00+00:00,21.54,21.75,21.21,21.48,89244232
2021-05-20 04:00:00+00:00,21.5,21.57,21.17,21.48,57881064
2021-05-21 04:00:00+00:00,21.69,21.84,21.5,21.55,51975576
2021-05-24 04:00:00+00:00,21.67,21.79,21.43,21.74,49330968
2021-05-25 04:00:00+00:00,21.68,21.74,21.26,21.29,49692538
2021-05-26 04:00:00+00:00,21.31,21.56,21.22,21.48,40668412
2021-05-27 04:00:00+00:00,21.57,21.76,21.38,21.5,39975694
2021-05-28 04:00:00+00:00,21.62,21.65,21.43,21.54,38000336
2021-06-01 04:00:00+00:00,21.97,22.42,21.95,22.38,73998814
2021-06-02 04:00:00+00:00,22.51,22.9,22.24,22.79,68923194
2021-06-03 04:00:00+00:00,22.69,22.98,22.55,22.85,59542128
2021-06-04 04:00:00+00:00,23.0,23.1,22.66,23.0,53893596
2021-06-07 04:00:00+00:00,23.0,23.14,22.87,22.9,40872520
2021-06-08 04:00:00+00:00,22.83,23.14,22.55,23.1,59757948
2021-06-09 04:00:00+00:00,23.17,23.27,22.94,22.96,57182730
2021-06-10 04:00:00+00:00,23.27,23.37,22.68,22.93,57886860
2021-06-11 04:00:00+00:00,23.01,23.14,22.82,22.85,39028740
2021-06-14 04:00:00+00:00,22.93,23.07,22.57,22.75,39233114
2021-06-15 04:00:00+00:00,22.9,23.24,22.84,23.18,76303890
2021-06-16 04:00:00+00:00,23.15,23.33,22.86,23.06,61555078
2021-06-17 04:00:00+00:00,23.0,23.2,21.98,22.28,107078334
2021-06-18 04:00:00+00:00,21.81,22.09,21.6,21.62,121689590
2021-06-21 04:00:00+00:00,21.8,22.58,21.8,22.54,94375832
2021-06-22 04:00:00+00:00,22.48,22.78,22.24,22.69,49463810
2021-06-23 04:00:00+00:00,22.9,23.15,22.71,22.75,40823822
2021-06-24 04:00:00+00:00,22.85,22.96,22.63,22.95,42756404
2021-06-25 04:00:00+00:00,23.01,23.08,22.88,23.07,38470222
2021-06-28 04:00:00+00:00,22.97,22.98,22.2,22.29,66102896
2021-06-29 04:00:00+00:00,22.42,22.55,22.15,22.18,32076224
2021-06-30 04:00:00+00:00,22.25,22.52,22.22,22.45,51609846
2021-07-01 04:00:00+00:00,22.97,23.04,22.63,22.85,48202156
2021-07-02 04:00:00+00:00,22.75,22.87,22.55,22.8,31008450
2021-07-06 04:00:00+00:00,22.72,22.76,21.96,22.05,69679038
2021-07-07 04:00:00+00:00,22.02,22.22,21.45,21.7,61748902
2021-07-08 04:00:00+00:00,21.31,21.77,21.24,21.57,50057008
2021-07-09 04:00:00+00:00,21.85,22.05,21.59,22.03,52664324
2021-07-12 04:00:00+00:00,21.78,22.13,21.62,22.0,42049276
2021-07-13 04:00:00+00:00,21.89,22.02,21.7,21.83,50565600
2021-07-14 04:00:00+00:00,21.9,22.15,21.1,21.18,67795266
2021-07-15 04:00:00+00:00,20.95,21.2,20.78,20.88,60810006
2021-07-16 04:00:00+00:00,21.04,21.05,20.25,20.29,77215070
2021-07-19 04:00:00+00:00,19.6,19.85,19.3,19.57,116746130
2021-07-20 04:00:00+00:00,19.58,20.04,19.42,19.84,84285020
2021-07-21 04:00:00+00:00,20.23,20.7,20.18,20.53,82042644
2021-07-22 04:00:00+00:00,20.51,20.51,20.12,20.3,47596704
2021-07-23 04:00:00+00:00,20.37,20.37,20.02,20.22,47543414
2021-07-26 04:00:00+00:00,20.27,20.81,20.24,20.72,47730144
2021-07-27 04:00:00+00:00,20.56,20.6,20.29,20.53,47874182
2021-07-28 04:00:00+00:00,20.59,20.89,20.4,20.72,41606988
2021-07-29 04:00:00+00:00,20.99,21.08,20.8,20.92,44521716
2021-07-30 04:00:00+00:00,20.88,20.97,20.46,20.59,50825468
2021-08-02 04:00:00+00:00,20.6,21.1,20.4,20.43,58703662
2021-08-03 04:00:00+00:00,20.37,20.82,20.17,20.78,65392902
2021-08-04 04:00:00+00:00,20.41,20.66,20.19,20.22,68921894
2021-08-05 04:00:00+00:00,20.35,20.7,20.26,20.45,45799988
2021-08-06 04:00:00+00:00,20.62,20.8,20.52,20.64,36757816
2021-08-09 04:00:00+00:00,20.36,20.51,20.21,20.35,42694082
2021-08-10 04:00:00+00:00,20.45,20.76,20.43,20.7,53806362
2021-08-11 04:00:00+00:00,20.65,20.9,20.52,20.87,48044920
2021-08-12 04:00:00+00:00,20.85,20.96,20.59,20.85,37644204
2021-08-13 04:00:00+00:00,20.86,20.86,20.55,20.6,34406208
2021-08-16 04:00:00+00:00,20.32,20.33,20.04,20.22,49143122
2021-08-17 04:00:00+00:00,20.02,20.34,19.83,20.01,51838650
2021-08-18 04:00:00+00:00,20.01,20.16,19.57,19.59,56879238
2021-08-19 04:00:00+00:00,19.26,19.38,18.82,19.09,99256258
2021-08-20 04:00:00+00:00,18.91,19.25,18.83,19.13,62398974
2021-08-23 04:00:00+00:00,19.59,19.9,19.55,19.84,57759444
2021-08-24 04:00:00+00:00,20.01,20.28,19.98,20.17,46594420
2021-08-25 04:00:00+00:00,20.13,20.44,20.0,20.33,40366628
2021-08-26 04:00:00+00:00,20.21,20.32,19.99,20.02,41465332
2021-08-27 04:00:00+00:00,20.27,20.69,20.22,20.55,46194592
2021-08-30 04:00:00+00:00,20.63,20.71,20.3,20.31,31817772
2021-08-31 04:00:00+00:00,20.21,20.4,20.12,20.17,59469638
2021-09-01 04:00:00+00:00,20.15,20.27,19.8,19.88,66094466
2021-09-02 04:00:00+00:00,20.06,20.55,20.06,20.38,62630928
2021-09-03 04:00:00+00:00,20.34,20.49,20.17,20.27,40656132
2021-09-07 04:00:00+00:00,20.17,20.42,20.07,20.14,47423644
2021-09-08 04:00:00+00:00,20.26,20.39,19.87,19.89,43798304
2021-09-09 04:00:00+00:00,19.75,20.24,19.65,19.93,50529514
2021-09-10 04:00:00+00:00,20.24,20.28,19.86,19.92,38346794
2021-09-13 04:00:00+00:00,20.18,20.63,20.18,20.49,69462408
2021-09-14 04:00:00+00:00,20.67,20.71,20.11,20.19,61517468
2021-09-15 04:00:00+00:00,20.48,20.97,20.45,20.95,80524064
2021-09-16 04:00:00+00:00,20.93,20.93,20.6,20.71,61238214
2021-09-17 04:00:00+00:00,20.61,20.93,20.5,20.56,64541954
2021-09-20 04:00:00+00:00,20.06,20.17,19.6,19.93,92010070
2021-09-21 04:00:00+00:00,20.17,20.27,19.77,19.98,51323494
2021-09-22 04:00:00+00:00,20.31,20.83,20.31,20.59,80227806
2021-09-23 04:00:00+00:00,20.71,21.38,20.61,21.31,50344014
2021-09-24 04:00:00+00:00,21.2,21.58,21.16,21.47,55497730
2021-09-27 04:00:00+00:00,21.95,22.33,21.92,22.24,83028674
2021-09-28 04:00:00+00:00,22.45,22.71,22.26,22.31,132975298
2021-09-29 04:00:00+00:00,22.29,22.45,22.02,22.31,71344098
2021-09-30 04:00:00+00:00,22.25,22.37,21.98,21.98,89198850
2021-10-01 04:00:00+00:00,22.14,22.74,22.14,22.71,84324300
2021-10-04 04:00:00+00:00,22.96,23.34,22.85,23.09,115906872
2021-10-05 04:00:00+00:00,23.41,23.65,22.98,23.22,98928670
2021-10-06 04:00:00+00:00,22.84,23.1,22.57,22.98,100777520
2021-10-07 04:00:00+00:00,23.03,23.28,22.92,23.15,77976876
2021-10-08 04:00:00+00:00,23.4,23.92,23.34,23.87,86166068
2021-10-11 04:00:00+00:00,24.22,24.3,23.75,23.78,86934602
2021-10-12 04:00:00+00:00,23.73,24.03,23.63,23.8,71874006
2021-10-13 04:00:00+00:00,23.63,23.9,23.36,23.78,58800860
2021-10-14 04:00:00+00:00,24.05,24.17,23.83,24.07,46792224
2021-10-15 04:00:00+00:00,24.34,24.43,24.17,24.19,45345676
2021-10-18 04:00:00+00:00,24.42,24.56,24.07,24.2,65257544
2021-10-19 04:00:00+00:00,24.3,24.56,24.17,24.48,44809464
2021-10-20 04:00:00+00:00,24.29,24.68,24.2,24.68,50461692
2021-10-21 04:00:00+00:00,24.49,24.57,24.02,24.22,64457208
2021-10-22 04:00:00+00:00,24.31,24.47,24.08,24.45,43896918
2021-10-25 04:00:00+00:00,24.75,24.94,24.62,24.81,50560138
2021-10-26 04:00:00+00:00,24.89,25.06,24.8,24.95,46933630
2021-10-27 04:00:00+00:00,24.68,24.82,24.18,24.23,68442562
2021-10-28 04:00:00+00:00,24.1,24.42,24.1,24.41,50968762
2021-10-29 04:00:00+00:00,24.53,24.58,24.14,24.25,44618752
2021-11-01 04:00:00+00:00,24.49,24.73,24.42,24.66,49866280
2021-11-02 04:00:00+00:00,24.52,24.71,24.35,24.43,34901450
2021-11-03 04:00:00+00:00,24.14,24.48,24.03,24.23,47821918
2021-11-04 04:00:00+00:00,24.59,24.65,24.04,24.26,78806452
2021-11-05 04:00:00+00:00,24.6,24.69,24.37,24.58,46443236
2021-11-08 05:00:00+00:00,24.79,25.06,24.67,24.8,40944634
2021-11-09 05:00:00+00:00,24.83,24.91,24.48,24.9,40284494
2021-11-10 05:00:00+00:00,24.8,24.88,24.1,24.25,72165532
2021-11-11 05:00:00+00:00,24.26,24.5,24.26,24.34,49739624
2021-11-12 05:00:00+00:00,24.24,24.38,24.13,24.28,35328122
2021-11-15 05:00:00+00:00,24.26,24.62,24.05,24.48,46234706
2021-11-16 05:00:00+00:00,24.55,24.72,24.4,24.52,42237376
2021-11-17 05:00:00+00:00,24.28,24.63,24.06,24.14,48726890
2021-11-18 05:00:00+00:00,24.09,24.28,23.71,24.0,58917470
2021-11-19 05:00:00+00:00,23.48,23.55,23.01,23.06,93646530
2021-11-22 05:00:00+00:00,23.03,23.83,23.03,23.47,68945988
2021-11-23 05:00:00+00:00,23.78,24.28,23.76,24.2,69095810
2021-11-24 05:00:00+00:00,24.07,24.57,24.04,24.43,44020876
2021-11-26 05:00:00+00:00,23.22,23.52,22.84,23.45,91493348
2021-11-29 05:00:00+00:00,23.96,24.2,23.51,23.58,74916326
2021-11-30 05:00:00+00:00,23.14,23.49,22.92,23.03,94376384
2021-12-01 05:00:00+00:00,23.57,23.79,22.77,22.79,90537682
2021-12-02 05:00:00+00:00,22.8,23.53,22.53,23.45,102366628
2021-12-03 05:00:00+00:00,23.76,23.87,23.04,23.26,77394058
2021-12-06 05:00:00+00:00,23.62,23.89,23.33,23.61,65379744
2021-12-07 05:00:00+00:00,23.94,24.39,23.91,24.16,80161218
2021-12-08 05:00:00+00:00,24.3,24.41,24.11,24.16,47300338
2021-12-09 05:00:00+00:00,24.01,24.07,23.82,23.97,47800830
2021-12-10 05:00:00+00:00,24.23,24.25,23.72,24.15,39171194
2021-12-13 05:00:00+00:00,23.93,24.01,23.36,23.48,58423238
2021-12-14 05:00:00+00:00,23.33,23.74,23.3,23.38,58998272
2021-12-15 05:00:00+00:00,23.35,23.4,22.75,23.27,68624088
2021-12-16 05:00:00+00:00,23.47,23.89,23.38,23.41,54021926
2021-12-17 05:00:00+00:00,23.25,23.35,22.73,22.94,70687554
2021-12-20 05:00:00+00:00,22.32,22.67,22.08,22.65,80209514
2021-12-21 05:00:00+00:00,22.88,23.38,22.88,23.3,52471814
2021-12-22 05:00:00+00:00,23.32,23.61,23.04,23.45,44407794
2021-12-23 05:00:00+00:00,23.55,23.79,23.45,23.46,34385434
2021-12-27 05:00:00+00:00,23.38,24.0,23.19,23.97,46476226
2021-12-28 05:00:00+00:00,24.03,24.19,23.82,23.96,36523578
2021-12-29 05:00:00+00:00,23.92,24.03,23.69,23.8,30709412
2021-12-30 05:00:00+00:00,23.81,24.0,23.64,23.66,27750610
2021-12-31 05:00:00+00:00,23.6,23.84,23.56,23.72,26982450
2022-01-03 05:00:00+00:00,23.75,24.49,23.74,24.45,68644874
2022-01-04 05:00:00+00:00,24.79,25.4,24.7,25.3,81239274
2022-01-05 05:00:00+00:00,25.55,25.83,25.26,25.29,91218940
2022-01-06 05:00:00+00:00,25.89,26.0,25.5,25.86,76085648
2022-01-07 05:00:00+00:00,25.96,26.28,25.78,26.21,72462378
2022-01-10 05:00:00+00:00,26.27,26.32,25.79,26.13,67725572
2022-01-11 05:00:00+00:00,26.36,27.07,26.14,27.02,78300456
2022-01-12 05:00:00+00:00,27.17,27.24,26.88,27.07,60980930
2022-01-13 05:00:00+00:00,27.07,27.29,26.82,26.94,60250074
2022-01-14 05:00:00+00:00,26.96,27.61,26.94,27.57,65958356
2022-01-18 05:00:00+00:00,27.86,28.0,27.26,27.68,83001826
2022-01-19 05:00:00+00:00,27.89,27.92,27.26,27.48,66314152
2022-01-20 05:00:00+00:00,27.3,27.96,27.17,27.23,84653398
2022-01-21 05:00:00+00:00,26.92,27.09,26.4,26.69,118133970
2022-01-24 05:00:00+00:00,26.06,26.96,25.57,26.87,126099634
2022-01-25 05:00:00+00:00,26.76,28.01,26.27,27.91,119622144
2022-01-26 05:00:00+00:00,28.2,28.43,27.56,27.86,131297330
2022-01-27 05:00:00+00:00,28.35,28.66,27.7,28.17,113216030
2022-01-28 05:00:00+00:00,27.98,28.32,27.46,28.05,106118724
2022-01-31 05:00:00+00:00,27.98,28.35,27.54,28.17,64904234
2022-02-01 05:00:00+00:00,28.0,29.24,27.94,29.17,92437172
2022-02-02 05:00:00+00:00,29.03,29.32,28.67,29.27,66622354
2022-02-03 05:00:00+00:00,29.15,29.21,28.67,28.99,62227278
2022-02-04 05:00:00+00:00,29.36,29.91,29.29,29.44,82037728
2022-02-07 05:00:00+00:00,29.3,30.1,29.08,29.82,66459116
2022-02-08 05:00:00+00:00,29.73,29.79,28.97,29.18,76784676
2022-02-09 05:00:00+00:00,29.25,29.65,29.17,29.42,71169882
2022-02-10 05:00:00+00:00,29.28,29.8,29.05,29.24,75865324
2022-02-11 05:00:00+00:00,29.44,30.13,29.25,30.09,93165858
2022-02-14 05:00:00+00:00,29.91,29.94,29.03,29.38,100293420
2022-02-15 05:00:00+00:00,28.66,29.14,28.5,29.07,88144320
2022-02-16 05:00:00+00:00,29.3,29.82,29.13,29.31,73739292
2022-02-17 05:00:00+00:00,29.28,29.57,29.03,29.26,67836648
2022-02-18 05:00:00+00:00,28.85,29.31,28.8,29.08,63578402
2022-02-22 05:00:00+00:00,29.96,29.96,28.18,28.61,93683038
2022-02-23 05:00:00+00:00,28.78,29.13,28.61,28.92,68446520
2022-02-24 05:00:00+00:00,29.52,29.56,27.93,28.68,128310750
2022-02-25 05:00:00+00:00,28.74,29.47,28.74,29.44,78762742
2022-02-28 05:00:00+00:00,29.23,30.2,29.06,30.16,96841392
2022-03-01 05:00:00+00:00,30.43,30.98,30.04,30.47,124678176
2022-03-02 05:00:00+00:00,30.93,31.41,30.78,31.16,91265492
2022-03-03 05:00:00+00:00,30.86,31.46,30.79,31.25,89544584
2022-03-04 05:00:00+00:00,31.24,32.17,31.16,32.15,106208784
2022-03-07 05:00:00+00:00,32.48,33.14,31.89,32.62,132333526
2022-03-08 05:00:00+00:00,33.37,34.28,32.19,33.14,196953634
2022-03-09 05:00:00+00:00,31.92,32.88,31.41,32.12,174776232
2022-03-10 05:00:00+00:00,32.5,33.19,32.27,33.11,138316570
2022-03-11 05:00:00+00:00,32.58,33.25,32.53,32.84,92165294
2022-03-14 04:00:00+00:00,32.14,32.37,31.43,31.86,101898068
2022-03-15 04:00:00+00:00,30.62,31.05,30.1,30.69,125725028
2022-03-16 04:00:00+00:00,30.81,31.08,30.23,30.55,107897036
2022-03-17 04:00:00+00:00,31.09,31.68,30.9,31.6,77306482
2022-03-18 04:00:00+00:00,31.55,31.79,31.33,31.57,58709764
2022-03-21 04:00:00+00:00,32.21,32.95,32.19,32.85,69100836
2022-03-22 04:00:00+00:00,32.71,32.89,32.23,32.6,68959968
2022-03-23 04:00:00+00:00,33.22,33.47,33.06,33.16,58896996
2022-03-24 04:00:00+00:00,33.29,33.57,33.02,33.25,53830198
2022-03-25 04:00:00+00:00,33.05,34.02,33.02,33.98,56553180
2022-03-28 04:00:00+00:00,33.28,33.29,32.92,33.14,71021740
2022-03-29 04:00:00+00:00,32.39,33.07,32.01,33.05,75510076
2022-03-30 04:00:00+00:00,33.37,33.67,33.16,33.43,50750028
2022-03-31 04:00:00+00:00,33.12,33.74,32.97,32.98,66531750
2022-04-01 04:00:00+00:00,32.94,33.55,32.91,33.25,50126192
2022-04-04 04:00:00+00:00,33.46,33.57,32.94,33.29,46794224
2022-04-05 04:00:00+00:00,33.35,33.86,32.73,32.77,55620790
2022-04-06 04:00:00+00:00,33.13,33.42,32.78,32.96,64564630
2022-04-07 04:00:00+00:00,33.12,33.51,32.5,33.39,54489164
2022-04-08 04:00:00+00:00,33.48,34.41,33.48,34.31,53938488
2022-04-11 04:00:00+00:00,33.95,33.95,33.21,33.28,53387720
2022-04-12 04:00:00+00:00,33.95,34.45,33.77,33.83,64492534
2022-04-13 04:00:00+00:00,34.25,34.43,33.68,34.34,49773888
2022-04-14 04:00:00+00:00,34.17,34.72,34.12,34.45,52714036
2022-04-18 04:00:00+00:00,34.73,35.16,34.52,34.95,69271190
2022-04-19 04:00:00+00:00,34.77,35.11,34.47,34.67,46651390
2022-04-20 04:00:00+00:00,34.76,34.99,34.42,34.8,52746520
2022-04-21 04:00:00+00:00,35.01,35.17,33.57,33.7,65965296
2022-04-22 04:00:00+00:00,33.57,34.05,32.86,32.88,71650216
2022-04-25 04:00:00+00:00,31.84,31.96,30.63,31.79,111840738
2022-04-26 04:00:00+00:00,32.03,32.7,31.75,31.83,89850612
2022-04-27 04:00:00+00:00,32.03,32.61,31.46,32.3,89791430
2022-04-28 04:00:00+00:00,32.51,33.55,31.87,33.28,92385134
2022-04-29 04:00:00+00:00,33.35,33.54,32.31,32.42,79452016
2022-05-02 04:00:00+00:00,32.22,32.95,32.12,32.94,105497768
2022-05-03 04:00:00+00:00,33.0,34.02,32.98,33.86,85188364
2022-05-04 04:00:00+00:00,34.51,35.34,34.07,35.27,92189726
2022-05-05 04:00:00+00:00,35.52,35.55,34.03,34.74,93193918
2022-05-06 04:00:00+00:00,35.19,35.78,34.48,35.77,95019202
2022-05-09 04:00:00+00:00,35.01,35.04,32.68,32.81,106384360
2022-05-10 04:00:00+00:00,33.32,33.95,32.41,33.11,114764518
2022-05-11 04:00:00+00:00,33.66,34.66,33.5,33.56,100480144
2022-05-12 04:00:00+00:00,33.54,33.72,32.65,33.7,90786132
2022-05-13 04:00:00+00:00,34.2,34.99,34.14,34.85,59593922
2022-05-16 04:00:00+00:00,34.98,36.14,34.95,35.77,57166374
2022-05-17 04:00:00+00:00,36.25,36.4,35.86,36.18,57073802
2022-05-18 04:00:00+00:00,36.44,36.49,34.83,35.26,67084138
2022-05-19 04:00:00+00:00,34.45,35.72,34.45,35.13,72113696
2022-05-20 04:00:00+00:00,35.56,35.98,34.57,35.28,65660384
2022-05-23 04:00:00+00:00,35.7,36.34,35.47,36.21,54341960
2022-05-24 04:00:00+00:00,35.81,36.5,35.53,36.35,53724440
2022-05-25 04:00:00+00:00,36.47,37.15,36.42,37.1,53254450
2022-05-26 04:00:00+00:00,37.32,37.79,37.3,37.51,43842386
2022-05-27 04:00:00+00:00,37.34,38.3,37.25,38.19,38040726
2022-05-31 04:00:00+00:00,38.82,39.03,37.42,37.62,79352302
2022-06-01 04:00:00+00:00,38.1,38.51,37.68,38.23,60772202
2022-06-02 04:00:00+00:00,37.97,38.38,37.73,38.11,53405832
2022-06-03 04:00:00+00:00,38.16,38.74,38.12,38.62,41172270
2022-06-06 04:00:00+00:00,38.8,38.83,38.37,38.57,34249946
2022-06-07 04:00:00+00:00,38.55,39.78,38.52,39.73,53313062
2022-06-08 04:00:00+00:00,39.92,40.26,39.57,39.81,57595178
2022-06-09 04:00:00+00:00,39.47,39.72,38.89,38.93,50656000
2022-06-10 04:00:00+00:00,38.48,39.06,37.83,38.27,63653942
2022-06-13 04:00:00+00:00,37.11,37.15,35.55,36.27,91045900
2022-06-14 04:00:00+00:00,37.0,37.48,35.87,36.34,70712142
2022-06-15 04:00:00+00:00,36.26,36.44,34.94,35.54,87583950
2022-06-16 04:00:00+00:00,34.6,34.78,33.25,33.54,117835804
2022-06-17 04:00:00+00:00,33.31,33.55,31.32,31.71,130792292
2022-06-21 04:00:00+00:00,32.55,33.58,32.49,33.35,71936728
2022-06-22 04:00:00+00:00,31.74,32.58,31.57,32.01,84296184
2022-06-23 04:00:00+00:00,32.17,32.4,30.31,30.83,116287632
2022-06-24 04:00:00+00:00,31.35,31.9,30.9,31.23,95190510
2022-06-27 04:00:00+00:00,31.59,32.37,31.56,32.15,68729184
2022-06-28 04:00:00+00:00,32.91,33.55,32.52,33.02,82021634
2022-06-29 04:00:00+00:00,33.48,33.59,31.78,31.87,72185160
2022-06-30 04:00:00+00:00,31.18,32.01,30.92,31.2,77242302
2022-07-01 04:00:00+00:00,31.58,31.8,30.6,31.66,70440266
2022-07-05 04:00:00+00:00,31.01,31.16,29.75,30.41,91010318
2022-07-06 04:00:00+00:00,30.08,30.62,28.99,29.89,97701028
2022-07-07 04:00:00+00:00,30.7,31.21,30.63,30.97,68734370
2022-07-08 04:00:00+00:00,31.34,31.47,30.52,30.95,44482852
2022-07-11 04:00:00+00:00,30.57,30.91,30.25,30.66,46457772
2022-07-12 04:00:00+00:00,29.85,30.24,29.52,30.06,65803210
2022-07-13 04:00:00+00:00,29.62,30.64,29.62,30.01,59613556
2022-07-14 04:00:00+00:00,28.96,29.48,28.57,29.44,74272168
2022-07-15 04:00:00+00:00,30.09,30.12,29.48,29.92,66715712
2022-07-18 04:00:00+00:00,30.72,31.11,30.46,30.61,52325550
2022-07-19 04:00:00+00:00,30.57,31.63,30.56,31.55,49375388
2022-07-20 04:00:00+00:00,31.2,32.0,31.07,31.86,42521004
2022-07-21 04:00:00+00:00,30.98,31.33,30.39,31.3,44031388
2022-07-22 04:00:00+00:00,31.42,31.73,30.86,31.04,41479562
2022-07-25 04:00:00+00:00,31.47,32.21,31.09,32.18,39683182
2022-07-26 04:00:00+00:00,32.56,32.71,31.67,31.89,37886010
2022-07-27 04:00:00+00:00,32.09,32.77,31.77,32.61,46429582
2022-07-28 04:00:00+00:00,32.9,33.12,32.18,32.76,51161344
2022-07-29 04:00:00+00:00,33.39,34.32,33.32,34.21,53254764
2022-08-01 04:00:00+00:00,33.63,33.71,33.06,33.51,53427044
2022-08-02 04:00:00+00:00,33.51,33.76,33.13,33.43,40438288
2022-08-03 04:00:00+00:00,33.57,33.67,32.27,32.47,57562598
2022-08-04 04:00:00+00:00,32.24,32.34,31.15,31.26,56823930
2022-08-05 04:00:00+00:00,30.84,32.16,30.84,31.88,45986432
2022-08-08 04:00:00+00:00,31.85,32.34,31.8,32.05,38510348
2022-08-09 04:00:00+00:00,32.5,33.03,32.45,32.61,35152392
2022-08-10 04:00:00+00:00,32.69,33.03,32.04,32.85,35189738
2022-08-11 04:00:00+00:00,33.46,34.26,33.36,33.98,61414942
2022-08-12 04:00:00+00:00,33.75,34.25,33.61,34.23,39317830
2022-08-15 04:00:00+00:00,33.0,33.75,32.69,33.57,42928254
2022-08-16 04:00:00+00:00,33.61,33.97,33.28,33.49,39860356
2022-08-17 04:00:00+00:00,33.34,34.12,33.25,33.77,46237820
2022-08-18 04:00:00+00:00,34.14,34.71,34.08,34.67,48046284
2022-08-19 04:00:00+00:00,34.59,34.9,34.39,34.67,40296818
2022-08-22 04:00:00+00:00,34.37,34.81,33.8,34.6,46337738
2022-08-23 04:00:00+00:00,35.17,36.12,35.14,35.85,55782312
2022-08-24 04:00:00+00:00,35.85,36.34,35.69,36.29,49727684
2022-08-25 04:00:00+00:00,36.5,36.75,36.21,36.57,41083558
2022-08-26 04:00:00+00:00,36.49,36.89,35.98,36.14,39520694
2022-08-29 04:00:00+00:00,36.12,37.16,36.03,36.69,53009332
2022-08-30 04:00:00+00:00,36.06,36.07,35.15,35.44,58892628
2022-08-31 04:00:00+00:00,34.57,35.7,34.44,35.12,59652758
2022-09-01 04:00:00+00:00,34.6,34.73,33.78,34.26,57725938
2022-09-02 04:00:00+00:00,35.1,35.35,34.7,34.88,61221638
2022-09-06 04:00:00+00:00,35.21,35.33,34.42,34.56,46473862
2022-09-07 04:00:00+00:00,33.81,34.31,33.5,34.16,61449002
2022-09-08 04:00:00+00:00,34.31,34.48,33.89,34.31,54165370
2022-09-09 04:00:00+00:00,34.92,35.33,34.66,35.16,39740436
2022-09-12 04:00:00+00:00,35.68,36.2,35.37,35.81,42449396
2022-09-13 04:00:00+00:00,35.25,35.85,34.75,34.91,62376256
2022-09-14 04:00:00+00:00,35.23,36.15,35.23,35.89,55272622
2022-09-15 04:00:00+00:00,35.26,35.4,34.79,34.97,56761682
2022-09-16 04:00:00+00:00,34.86,34.88,33.72,34.22,72003358
2022-09-19 04:00:00+00:00,33.28,34.26,33.2,34.24,38392732
2022-09-20 04:00:00+00:00,34.0,34.2,33.6,34.0,46057888
2022-09-21 04:00:00+00:00,34.64,34.69,33.49,33.51,69906596
2022-09-22 04:00:00+00:00,34.11,34.22,33.36,33.39,58796172
2022-09-23 04:00:00+00:00,32.09,32.15,30.85,31.08,105913224
2022-09-26 04:00:00+00:00,30.89,31.28,30.28,30.32,77165994
2022-09-27 04:00:00+00:00,30.85,31.23,30.49,30.66,68764900
2022-09-28 04:00:00+00:00,30.97,32.19,30.78,32.02,66336158
2022-09-29 04:00:00+00:00,31.79,32.08,31.22,32.02,49743930
2022-09-30 04:00:00+00:00,31.76,32.2,31.45,31.76,44391166
2022-10-03 04:00:00+00:00,32.91,33.73,32.85,33.56,72466900
2022-10-04 04:00:00+00:00,34.24,35.03,33.97,35.0,67770056
2022-10-05 04:00:00+00:00,34.99,36.0,34.69,35.72,62641898
2022-10-06 04:00:00+00:00,35.43,36.47,35.41,36.36,53371030
2022-10-07 04:00:00+00:00,36.43,36.84,35.82,36.08,57896712
2022-10-10 04:00:00+00:00,36.22,36.53,35.22,35.34,47094026
2022-10-11 04:00:00+00:00,34.67,35.66,34.53,35.05,54702766
2022-10-12 04:00:00+00:00,34.82,35.58,34.59,35.34,41882238
2022-10-13 04:00:00+00:00,34.87,36.92,34.86,36.78,71320608
2022-10-14 04:00:00+00:00,36.38,36.9,35.34,35.41,54724146
2022-10-17 04:00:00+00:00,35.96,36.44,35.75,35.85,38724036
2022-10-18 04:00:00+00:00,36.14,36.5,35.46,36.16,51177922
2022-10-19 04:00:00+00:00,36.27,37.36,36.25,37.23,63743856
2022-10-20 04:00:00+00:00,37.51,37.85,37.04,37.26,51536138
2022-10-21 04:00:00+00:00,37.47,38.41,37.37,38.34,51474852
2022-10-24 04:00:00+00:00,38.32,38.79,38.11,38.52,45967022
2022-10-25 04:00:00+00:00,38.37,38.74,38.16,38.56,38405676
2022-10-26 04:00:00+00:00,38.7,39.39,38.68,39.08,46266850
2022-10-27 04:00:00+00:00,39.62,39.89,39.11,39.23,50710774
2022-10-28 04:00:00+00:00,39.65,39.97,38.66,39.36,50007884
2022-10-31 04:00:00+00:00,38.97,40.21,38.93,39.69,60193366
2022-11-01 04:00:00+00:00,40.36,40.38,39.83,40.08,44347920
2022-11-02 04:00:00+00:00,39.95,40.16,39.02,39.11,57086474
2022-11-03 04:00:00+00:00,38.87,40.06,38.76,39.83,54156294
2022-11-04 04:00:00+00:00,40.72,41.02,39.75,40.32,61349964
2022-11-07 05:00:00+00:00,40.4,41.14,40.33,41.01,38775438
2022-11-08 05:00:00+00:00,40.93,41.23,40.55,41.05,43718506
2022-11-09 05:00:00+00:00,40.5,40.62,38.96,39.04,63027912
2022-11-10 05:00:00+00:00,39.85,39.96,39.03,39.91,58488214
2022-11-11 05:00:00+00:00,40.68,41.28,40.58,41.07,51057534
2022-11-14 05:00:00+00:00,40.95,41.77,40.95,41.06,46245280
2022-11-15 05:00:00+00:00,41.21,41.6,40.95,41.49,51542152
2022-11-16 05:00:00+00:00,41.12,41.37,40.43,40.65,47277206
2022-11-17 05:00:00+00:00,40.02,40.77,39.82,40.73,42859808
2022-11-18 05:00:00+00:00,39.98,40.52,39.48,40.41,47334960
2022-11-21 05:00:00+00:00,39.53,39.97,38.5,39.86,85153544
2022-11-22 05:00:00+00:00,40.36,41.21,40.18,41.11,53754914
2022-11-23 05:00:00+00:00,40.37,40.93,40.22,40.67,41197300
2022-11-25 05:00:00+00:00,40.69,40.98,40.45,40.52,15182622
2022-11-28 05:00:00+00:00,39.53,40.02,39.27,39.41,58300488
2022-11-29 05:00:00+00:00,39.84,40.24,39.7,40.0,38048386
2022-11-30 05:00:00+00:00,40.45,40.53,39.57,40.2,43830254
2022-12-01 05:00:00+00:00,40.48,40.69,39.93,40.07,38902038
2022-12-02 05:00:00+00:00,39.79,40.3,39.6,39.83,36750556
2022-12-05 05:00:00+00:00,40.22,40.38,38.32,38.65,51753838
2022-12-06 05:00:00+00:00,38.4,38.87,37.37,37.63,64930220
2022-12-07 05:00:00+00:00,37.62,38.11,37.21,37.54,48894176
2022-12-08 05:00:00+00:00,38.38,38.47,37.16,37.37,51280724
2022-12-09 05:00:00+00:00,37.25,37.66,36.45,36.46,48079032
2022-12-12 05:00:00+00:00,36.67,37.51,36.53,37.42,42184848
2022-12-13 05:00:00+00:00,38.15,38.45,37.83,38.13,54557376
2022-12-14 05:00:00+00:00,38.39,38.53,37.56,37.9,52675510
2022-12-15 05:00:00+00:00,37.57,37.76,37.03,37.67,40415090
2022-12-16 05:00:00+00:00,36.96,37.38,36.7,37.21,59091972
2022-12-19 05:00:00+00:00,37.6,37.72,36.93,37.2,36836610
2022-12-20 05:00:00+00:00,37.32,38.0,37.17,37.76,28593014
2022-12-21 05:00:00+00:00,38.53,38.65,37.97,38.48,34058226
2022-12-22 05:00:00+00:00,38.52,38.54,36.84,37.59,37359328
2022-12-23 05:00:00+00:00,38.09,38.8,37.9,38.79,29605886
2022-12-27 05:00:00+00:00,38.96,39.37,38.82,39.21,32749278
2022-12-28 05:00:00+00:00,39.15,39.15,38.21,38.33,31837948
2022-12-29 05:00:00+00:00,38.17,38.9,38.15,38.73,26915814
2022-12-30 05:00:00+00:00,38.52,39.05,38.52,38.97,22656752
2023-01-03 05:00:00+00:00,38.73,38.93,37.14,37.61,53082832
2023-01-04 05:00:00+00:00,37.05,37.82,36.91,37.6,45705150
2023-01-05 05:00:00+00:00,37.54,38.5,37.43,38.29,38723704
2023-01-06 05:00:00+00:00,38.78,39.49,38.68,39.01,44409964
2023-01-09 05:00:00+00:00,39.6,39.66,38.75,38.88,46003220
2023-01-10 05:00:00+00:00,39.13,39.23,38.54,39.15,31599002
2023-01-11 05:00:00+00:00,39.5,39.59,38.85,39.27,32902984
2023-01-12 05:00:00+00:00,39.51,40.28,39.43,40.02,36716070
2023-01-13 05:00:00+00:00,39.99,40.18,39.57,40.08,31803178
2023-01-17 05:00:00+00:00,40.17,40.58,40.0,40.16,33933198
2023-01-18 05:00:00+00:00,40.35,40.8,39.39,39.43,38075292
2023-01-19 05:00:00+00:00,39.2,40.08,39.12,39.92,34293724
2023-01-20 05:00:00+00:00,40.0,40.45,39.6,40.32,28047220
2023-01-23 05:00:00+00:00,40.61,40.81,40.24,40.37,29305088
2023-01-24 05:00:00+00:00,40.24,40.31,39.42,40.21,29772888
2023-01-25 05:00:00+00:00,40.02,40.22,39.38,40.22,26861234
2023-01-26 05:00:00+00:00,40.87,41.5,40.37,41.49,36663010
2023-01-27 05:00:00+00:00,41.26,41.47,40.58,40.65,34786600
2023-01-30 05:00:00+00:00,40.36,40.41,39.66,39.72,27524908
2023-01-31 05:00:00+00:00,39.58,40.13,39.18,40.07,27848274
2023-02-01 05:00:00+00:00,39.88,40.05,38.76,39.28,46967192
2023-02-02 05:00:00+00:00,39.13,39.21,37.96,38.39,49803012
2023-02-03 05:00:00+00:00,38.55,39.17,38.26,38.3,45450470
2023-02-06 05:00:00+00:00,38.34,38.63,37.66,38.13,31714340
2023-02-07 05:00:00+00:00,38.37,39.42,38.17,39.37,41014032
2023-02-08 05:00:00+00:00,39.34,39.54,38.79,39.01,26967160
2023-02-09 05:00:00+00:00,39.02,39.14,38.65,38.68,32150312
2023-02-10 05:00:00+00:00,39.32,40.28,39.29,40.19,39975820
2023-02-13 05:00:00+00:00,39.99,40.25,39.58,40.09,24744892
2023-02-14 05:00:00+00:00,39.78,40.4,39.66,40.11,27022610
2023-02-15 05:00:00+00:00,39.66,39.74,38.92,39.42,31944246
2023-02-16 05:00:00+00:00,39.21,39.55,39.0,39.04,25314174
2023-02-17 05:00:00+00:00,38.43,38.46,37.48,37.65,44638238
2023-02-21 05:00:00+00:00,37.48,37.89,37.39,37.46,33622558
2023-02-22 05:00:00+00:00,37.36,37.71,36.89,37.21,40270426
2023-02-23 05:00:00+00:00,37.77,37.99,37.29,37.77,35023348
2023-02-24 05:00:00+00:00,37.21,37.78,37.0,37.72,37491662
2023-02-27 05:00:00+00:00,37.8,38.0,37.52,37.83,30676382
2023-02-28 05:00:00+00:00,38.22,38.23,37.26,37.29,38007640
2023-03-01 05:00:00+00:00,37.32,38.22,37.18,38.03,37093936
2023-03-02 05:00:00+00:00,37.96,38.5,37.84,38.36,32804974
2023-03-03 05:00:00+00:00,37.9,39.07,37.87,38.88,50646962
2023-03-06 05:00:00+00:00,38.67,38.96,38.51,38.9,33898314
2023-03-07 05:00:00+00:00,38.67,38.77,38.12,38.22,37000358
2023-03-08 05:00:00+00:00,38.05,38.54,37.46,37.83,39399034
2023-03-09 05:00:00+00:00,38.05,38.58,37.28,37.29,37888112
2023-03-10 05:00:00+00:00,37.29,37.82,36.6,36.82,56615874
2023-03-13 04:00:00+00:00,35.88,36.71,35.25,36.07,83326626
2023-03-14 04:00:00+00:00,36.06,37.24,35.78,36.43,61066380
2023-03-15 04:00:00+00:00,35.09,35.36,33.97,34.47,115347020
2023-03-16 04:00:00+00:00,33.71,34.93,33.58,34.84,88803658
2023-03-17 04:00:00+00:00,34.64,34.93,34.01,34.3,67541390
2023-03-20 04:00:00+00:00,34.26,35.21,34.26,34.98,52288720
2023-03-21 04:00:00+00:00,35.7,36.3,35.59,36.19,59712458
2023-03-22 04:00:00+00:00,36.22,36.38,35.4,35.42,49209392
2023-03-23 04:00:00+00:00,35.62,35.93,34.6,34.93,49486222
2023-03-24 04:00:00+00:00,34.24,35.21,34.13,35.07,41298016
2023-03-27 04:00:00+00:00,35.44,36.02,35.15,35.82,40223852
2023-03-28 04:00:00+00:00,35.61,36.53,35.6,36.37,32596708
2023-03-29 04:00:00+00:00,36.73,36.91,36.49,36.87,36204548
2023-03-30 04:00:00+00:00,37.18,37.23,36.82,37.04,27460800
2023-03-31 04:00:00+00:00,37.13,37.35,36.99,37.29,32292148
2023-04-03 04:00:00+00:00,38.86,39.23,38.66,38.98,62452248
2023-04-04 04:00:00+00:00,39.1,39.15,37.93,38.27,49362974
2023-04-05 04:00:00+00:00,38.37,38.85,38.05,38.85,40552268
2023-04-06 04:00:00+00:00,38.79,38.83,38.18,38.26,33378540
2023-04-10 04:00:00+00:00,38.4,39.01,38.4,38.57,26977294
2023-04-11 04:00:00+00:00,38.78,39.17,38.56,38.93,25575160
2023-04-12 04:00:00+00:00,39.2,39.28,38.84,38.96,33334356
2023-04-13 04:00:00+00:00,38.9,39.3,38.8,39.2,31384524
2023-04-14 04:00:00+00:00,39.25,39.5,39.04,39.27,23551238
2023-04-17 04:00:00+00:00,39.14,39.3,38.67,38.81,23761986
2023-04-18 04:00:00+00:00,38.72,39.06,38.53,38.96,24493518
2023-04-19 04:00:00+00:00,38.61,38.86,38.4,38.83,34246140
2023-04-20 04:00:00+00:00,38.29,38.49,38.02,38.49,30396240
2023-04-21 04:00:00+00:00,38.62,38.64,38.09,38.26,33754024
2023-04-24 04:00:00+00:00,38.14,39.03,38.12,38.85,25251834
2023-04-25 04:00:00+00:00,38.47,38.53,37.89,38.12,30665212
2023-04-26 04:00:00+00:00,37.85,38.2,37.38,37.61,40070022
2023-04-27 04:00:00+00:00,37.58,37.84,37.23,37.74,34114686
2023-04-28 04:00:00+00:00,37.61,38.53,37.48,38.33,38221596
2023-05-01 04:00:00+00:00,37.85,38.3,37.69,37.9,27821372
2023-05-02 04:00:00+00:00,37.44,37.5,35.9,36.25,67647972
2023-05-03 04:00:00+00:00,35.78,36.2,35.55,35.56,59367546
2023-05-04 04:00:00+00:00,35.58,35.94,35.06,35.17,52860960
2023-05-05 04:00:00+00:00,36.14,36.41,35.92,36.12,39067260
2023-05-08 04:00:00+00:00,36.65,36.81,36.12,36.12,32711898
2023-05-09 04:00:00+00:00,35.84,36.48,35.76,36.13,41421242
2023-05-10 04:00:00+00:00,36.32,36.39,35.46,35.73,36052000
2023-05-11 04:00:00+00:00,35.22,35.48,35.03,35.3,38168274
2023-05-12 04:00:00+00:00,35.47,35.71,35.09,35.35,37905530
2023-05-15 04:00:00+00:00,35.48,35.73,35.2,35.53,32544556
2023-05-16 04:00:00+00:00,35.37,35.52,34.61,34.66,44521718
2023-05-17 04:00:00+00:00,35.01,35.51,34.76,35.32,46200666
2023-05-18 04:00:00+00:00,35.11,35.62,34.89,35.58,33154252
2023-05-19 04:00:00+00:00,35.91,36.13,35.65,35.86,36117298
2023-05-22 04:00:00+00:00,35.72,36.07,35.65,35.71,26943532
2023-05-23 04:00:00+00:00,36.05,36.5,35.95,36.09,42803744
2023-05-24 04:00:00+00:00,36.37,36.53,35.94,36.25,33474290
2023-05-25 04:00:00+00:00,35.73,35.8,35.27,35.6,38250904
2023-05-26 04:00:00+00:00,35.82,35.92,35.28,35.46,28783480
2023-05-30 04:00:00+00:00,34.85,35.14,34.71,35.1,40331610
2023-05-31 04:00:00+00:00,34.55,34.82,34.37,34.48,44797624
2023-06-01 04:00:00+00:00,34.56,35.3,34.33,34.91,51623680
2023-06-02 04:00:00+00:00,35.56,36.14,35.32,35.97,55278778
2023-06-05 04:00:00+00:00,36.5,36.52,35.67,35.73,43507354
2023-06-06 04:00:00+00:00,35.26,36.05,35.23,36.02,34750720
2023-06-07 04:00:00+00:00,36.2,37.02,36.18,36.98,60654274
2023-06-08 04:00:00+00:00,37.03,37.15,36.21,36.82,46162278
2023-06-09 04:00:00+00:00,36.8,36.98,36.52,36.62,38388122
2023-06-12 04:00:00+00:00,36.07,36.63,36.02,36.27,36392262
2023-06-13 04:00:00+00:00,36.67,37.15,36.42,36.44,40136426
2023-06-14 04:00:00+00:00,36.8,36.96,35.79,36.06,47605374
2023-06-15 04:00:00+00:00,36.13,36.73,36.12,36.46,46777078
2023-06-16 04:00:00+00:00,36.59,36.7,36.3,36.41,47461764
2023-06-20 04:00:00+00:00,36.16,36.2,35.32,35.59,42567322
2023-06-21 04:00:00+00:00,35.44,36.17,35.39,35.87,34473738
2023-06-22 04:00:00+00:00,35.54,35.59,35.26,35.39,33510764
2023-06-23 04:00:00+00:00,35.01,35.23,34.85,35.14,34905114
2023-06-26 04:00:00+00:00,35.2,35.97,35.12,35.77,32488608
2023-06-27 04:00:00+00:00,35.73,36.0,35.52,35.85,28388390
2023-06-28 04:00:00+00:00,35.81,36.26,35.49,36.21,32903262
2023-06-29 04:00:00+00:00,36.35,36.63,36.15,36.63,28435786
2023-06-30 04:00:00+00:00,36.88,37.05,36.61,36.87,34828684
2023-07-03 04:00:00+00:00,36.96,37.23,36.82,36.95,19403108
2023-07-05 04:00:00+00:00,37.11,37.11,36.54,36.75,32560686
2023-07-06 04:00:00+00:00,36.35,36.6,35.65,35.92,41967772
2023-07-07 04:00:00+00:00,35.74,37.03,35.72,36.69,48916054
2023-07-10 04:00:00+00:00,36.6,37.05,36.57,36.98,30925022
2023-07-11 04:00:00+00:00,37.15,37.85,37.08,37.79,39642048
2023-07-12 04:00:00+00:00,38.1,38.36,37.91,38.14,43077520
2023-07-13 04:00:00+00:00,38.14,38.38,37.64,38.0,53226474
2023-07-14 04:00:00+00:00,37.75,37.79,36.9,36.99,43988178
2023-07-17 04:00:00+00:00,36.86,37.08,36.75,36.92,32464620
2023-07-18 04:00:00+00:00,36.83,37.68,36.78,37.29,43214582
2023-07-19 04:00:00+00:00,37.29,37.77,37.21,37.51,37520966
2023-07-20 04:00:00+00:00,37.82,38.03,37.63,37.95,35449810
2023-07-21 04:00:00+00:00,38.09,38.31,37.85,38.29,31529010
2023-07-24 04:00:00+00:00,38.48,39.19,38.47,38.91,44539608
2023-07-25 04:00:00+00:00,38.89,39.34,38.65,39.11,33606526
2023-07-26 04:00:00+00:00,38.79,39.28,38.73,39.12,32788010
2023-07-27 04:00:00+00:00,39.34,39.5,38.76,38.87,35550608
2023-07-28 04:00:00+00:00,38.85,39.0,38.42,38.99,34636578
2023-07-31 04:00:00+00:00,39.33,39.85,39.22,39.73,36266478
2023-08-01 04:00:00+00:00,39.57,39.66,39.12,39.55,35809284
2023-08-02 04:00:00+00:00,39.28,39.48,38.7,39.03,45923036
2023-08-03 04:00:00+00:00,39.13,39.78,38.92,39.42,41633966
2023-08-04 04:00:00+00:00,39.71,40.08,39.43,39.48,43208302
2023-08-07 04:00:00+00:00,39.7,39.78,39.41,39.52,26821532
2023-08-08 04:00:00+00:00,38.88,39.73,38.59,39.72,37237118
2023-08-09 04:00:00+00:00,40.1,40.59,39.85,40.22,52085612
2023-08-10 04:00:00+00:00,40.28,40.74,39.94,40.21,39226504
2023-08-11 04:00:00+00:00,40.2,40.88,40.19,40.83,46689206
2023-08-14 04:00:00+00:00,40.72,40.83,40.39,40.66,30189468
2023-08-15 04:00:00+00:00,40.38,40.42,39.74,39.81,44982468
2023-08-16 04:00:00+00:00,39.85,40.29,39.44,39.47,37995460
2023-08-17 04:00:00+00:00,40.02,40.49,39.88,39.94,40464300
2023-08-18 04:00:00+00:00,39.71,40.39,39.58,40.34,35307298
2023-08-21 04:00:00+00:00,40.5,40.66,39.8,40.08,30488474
2023-08-22 04:00:00+00:00,40.13,40.27,39.75,39.77,25739474
2023-08-23 04:00:00+00:00,39.34,39.71,39.0,39.67,38798568
2023-08-24 04:00:00+00:00,39.31,39.82,39.29,39.4,33455030
2023-08-25 04:00:00+00:00,39.64,39.98,39.29,39.78,38036816
2023-08-28 04:00:00+00:00,39.89,40.35,39.82,40.05,25718196
2023-08-29 04:00:00+00:00,40.2,40.2,39.76,40.16,27019328
2023-08-30 04:00:00+00:00,40.34,40.43,40.18,40.36,27890126
2023-08-31 04:00:00+00:00,40.51,40.58,40.1,40.39,29617388
2023-09-01 04:00:00+00:00,40.83,41.26,40.82,41.21,35764164
2023-09-05 04:00:00+00:00,41.44,41.85,41.4,41.43,48737400
2023-09-06 04:00:00+00:00,41.35,41.67,41.14,41.45,40324290
2023-09-07 04:00:00+00:00,41.53,41.74,41.34,41.41,30729146
2023-09-08 04:00:00+00:00,41.6,42.11,41.58,41.81,34751724
2023-09-11 04:00:00+00:00,42.11,42.24,41.09,41.26,44094998
2023-09-12 04:00:00+00:00,41.7,42.28,41.63,42.23,53599348
2023-09-13 04:00:00+00:00,42.27,42.36,41.69,41.91,36315374
2023-09-14 04:00:00+00:00,42.35,42.55,42.22,42.4,37099810
2023-09-15 04:00:00+00:00,42.01,42.43,41.79,41.79,49612742
2023-09-18 04:00:00+00:00,42.22,42.35,41.83,42.14,33746652
2023-09-19 04:00:00+00:00,42.46,42.52,41.5,41.75,36271810
2023-09-20 04:00:00+00:00,41.54,42.02,41.33,41.36,35941992
2023-09-21 04:00:00+00:00,41.65,41.74,40.73,40.79,43446212
2023-09-22 04:00:00+00:00,41.1,41.38,40.82,40.86,42072052
2023-09-25 04:00:00+00:00,40.75,41.44,40.75,41.38,35073764
2023-09-26 04:00:00+00:00,41.02,41.38,40.95,41.14,33459964
2023-09-27 04:00:00+00:00,41.65,42.28,41.46,42.16,46290156
2023-09-28 04:00:00+00:00,41.98,42.45,41.88,42.21,48462750
2023-09-29 04:00:00+00:00,42.14,42.31,41.2,41.36,48369142
2023-10-02 04:00:00+00:00,41.3,41.41,40.25,40.53,50599808
2023-10-03 04:00:00+00:00,40.44,40.58,40.11,40.51,41466568
2023-10-04 04:00:00+00:00,39.9,39.97,38.85,39.23,59572320
2023-10-05 04:00:00+00:00,38.67,39.33,38.67,38.99,47036928
2023-10-06 04:00:00+00:00,38.99,39.58,38.55,39.22,51481096
2023-10-09 04:00:00+00:00,40.28,40.7,39.99,40.53,61489054
2023-10-10 04:00:00+00:00,40.57,40.85,40.34,40.58,41700510
2023-10-11 04:00:00+00:00,40.17,40.21,39.6,40.06,47145324
2023-10-12 04:00:00+00:00,40.49,40.52,39.92,40.11,39986450
2023-10-13 04:00:00+00:00,40.76,41.19,40.59,40.99,48532254
2023-10-16 04:00:00+00:00,41.26,41.39,40.87,41.27,38365274
2023-10-17 04:00:00+00:00,41.17,41.82,41.11,41.7,40423922
2023-10-18 04:00:00+00:00,41.86,42.25,41.77,42.08,47616772
2023-10-19 04:00:00+00:00,41.93,42.35,41.53,42.0,63297066
2023-10-20 04:00:00+00:00,41.93,42.08,41.15,41.3,46549556
2023-10-23 04:00:00+00:00,41.06,41.06,40.44,40.63,51888138
2023-10-24 04:00:00+00:00,40.73,40.76,40.04,40.06,44271598
2023-10-25 04:00:00+00:00,40.08,40.29,39.78,39.98,41412648
2023-10-26 04:00:00+00:00,39.62,39.86,39.28,39.67,44770334
2023-10-27 04:00:00+00:00,39.63,39.78,38.59,38.72,53809428
2023-10-30 04:00:00+00:00,38.86,39.14,38.47,38.85,45530674
2023-10-31 04:00:00+00:00,38.9,39.06,38.51,38.98,37205700
2023-11-01 04:00:00+00:00,39.22,39.44,38.83,38.89,46082506
2023-11-02 04:00:00+00:00,38.98,40.1,38.76,40.06,45322984
2023-11-03 04:00:00+00:00,39.99,40.11,39.42,39.66,47235006
2023-11-06 05:00:00+00:00,39.98,39.98,39.1,39.21,41035396
2023-11-07 05:00:00+00:00,38.7,38.77,38.17,38.34,47550300
2023-11-08 05:00:00+00:00,38.2,38.45,37.85,37.86,50742006
2023-11-09 05:00:00+00:00,38.14,38.23,37.72,37.75,38232250
2023-11-10 05:00:00+00:00,38.17,38.25,37.8,38.16,34583568
2023-11-13 05:00:00+00:00,38.22,38.52,38.1,38.44,28447370
2023-11-14 05:00:00+00:00,38.58,38.89,38.52,38.78,34723984
2023-11-15 05:00:00+00:00,38.72,39.2,38.65,38.71,33043528
2023-11-16 05:00:00+00:00,38.34,38.49,37.57,37.95,53165918
2023-11-17 05:00:00+00:00,38.28,39.01,38.19,38.75,48859342
2023-11-20 05:00:00+00:00,38.91,39.14,38.79,38.8,29098978
2023-11-21 05:00:00+00:00,38.62,38.79,38.35,38.72,26973778
2023-11-22 05:00:00+00:00,37.94,38.73,37.73,38.7,36550240
2023-11-24 05:00:00+00:00,38.68,39.15,38.66,38.86,19152598
2023-11-27 05:00:00+00:00,38.66,38.79,38.36,38.72,24501814
2023-11-28 05:00:00+00:00,38.8,39.09,38.66,38.73,28921798
2023-11-29 05:00:00+00:00,38.97,39.02,38.32,38.44,45267982
2023-11-30 05:00:00+00:00,38.77,39.25,38.24,38.7,58364582
2023-12-01 05:00:00+00:00,38.65,39.36,38.48,38.9,43047942
2023-12-04 05:00:00+00:00,38.62,38.96,38.44,38.72,37070282
2023-12-05 05:00:00+00:00,38.7,38.77,38.02,38.04,37747152
2023-12-06 05:00:00+00:00,37.8,38.06,37.33,37.48,62306596
2023-12-07 05:00:00+00:00,37.65,37.84,37.09,37.22,40908824
2023-12-08 05:00:00+00:00,37.47,37.74,37.39,37.62,34127256
2023-12-11 05:00:00+00:00,37.66,37.79,37.48,37.67,29344128
2023-12-12 05:00:00+00:00,37.32,37.36,36.94,37.15,45386686
2023-12-13 05:00:00+00:00,37.17,37.68,37.0,37.67,46445638
2023-12-14 05:00:00+00:00,38.05,38.83,38.05,38.78,60717378
2023-12-15 05:00:00+00:00,38.43,38.64,38.25,38.57,46366366
2023-12-18 05:00:00+00:00,39.26,39.45,38.85,38.89,42447132
2023-12-19 05:00:00+00:00,38.96,39.39,38.87,39.35,36862452
2023-12-20 05:00:00+00:00,39.49,39.72,38.94,38.99,39818174
2023-12-21 05:00:00+00:00,39.07,39.2,38.77,39.14,26062878
2023-12-22 05:00:00+00:00,39.42,39.59,39.19,39.26,25038908
2023-12-26 05:00:00+00:00,39.59,39.8,39.47,39.59,25983454
2023-12-27 05:00:00+00:00,39.59,39.73,39.27,39.42,20238192
2023-12-28 05:00:00+00:00,39.21,39.36,38.8,38.82,26198098
2023-12-29 05:00:00+00:00,38.95,38.99,38.61,38.73,24345460
2024-01-02 05:00:00+00:00,39.0,39.5,38.95,39.14,39301790
2024-01-03 05:00:00+00:00,39.2,39.92,39.01,39.78,37935998
2024-01-04 05:00:00+00:00,40.07,40.24,39.06,39.08,42049032
2024-01-05 05:00:00+00:00,39.46,39.48,38.94,39.12,34029298
2024-01-08 05:00:00+00:00,38.45,38.71,37.93,38.66,47218684
2024-01-09 05:00:00+00:00,38.71,38.76,37.96,38.04,33750456
2024-01-10 05:00:00+00:00,38.12,38.13,37.52,37.67,33159758
2024-01-11 05:00:00+00:00,37.87,37.97,37.62,37.77,38588570
2024-01-12 05:00:00+00:00,38.35,38.5,37.96,38.19,38769590
2024-01-16 05:00:00+00:00,38.11,38.16,37.26,37.28,36031252
2024-01-17 05:00:00+00:00,36.9,37.34,36.82,36.97,39284270
2024-01-18 05:00:00+00:00,36.98,37.01,36.48,36.91,35705594
2024-01-19 05:00:00+00:00,36.89,37.04,36.77,37.03,39940210
2024-01-22 05:00:00+00:00,36.95,37.25,36.71,37.17,30136726
2024-01-23 05:00:00+00:00,37.11,37.55,37.06,37.25,24709224
2024-01-24 05:00:00+00:00,37.44,37.8,37.27,37.78,33860970
2024-01-25 05:00:00+00:00,38.05,38.65,37.82,38.63,37609448
2024-01-26 05:00:00+00:00,38.59,38.93,38.31,38.92,36469526
2024-01-29 05:00:00+00:00,38.86,38.92,38.46,38.86,29680630
2024-01-30 05:00:00+00:00,38.48,39.27,38.33,39.26,35341118
2024-01-31 05:00:00+00:00,39.26,39.34,38.51,38.53,38580744
2024-02-01 05:00:00+00:00,38.76,38.94,38.17,38.53,51101376
2024-02-02 05:00:00+00:00,38.85,38.89,38.26,38.58,38075024
2024-02-05 05:00:00+00:00,38.35,38.71,38.07,38.48,31593614
2024-02-06 05:00:00+00:00,38.67,38.99,38.45,38.61,28056298
2024-02-07 05:00:00+00:00,38.72,38.88,38.37,38.69,26920456
2024-02-08 05:00:00+00:00,38.66,39.23,38.65,39.08,36201078
2024-02-09 05:00:00+00:00,39.16,39.32,38.44,38.48,38073338
2024-02-12 05:00:00+00:00,38.62,39.02,38.62,38.91,25893854
2024-02-13 05:00:00+00:00,38.95,39.08,38.26,38.52,41156814
2024-02-14 05:00:00+00:00,38.8,38.92,38.28,38.48,40894572
2024-02-15 05:00:00+00:00,38.47,39.66,38.44,39.55,43364426
2024-02-16 05:00:00+00:00,39.71,39.84,39.41,39.53,26960766
2024-02-20 05:00:00+00:00,39.57,39.59,39.12,39.17,28995576
2024-02-21 05:00:00+00:00,39.33,39.94,39.31,39.9,28756630
2024-02-22 05:00:00+00:00,39.65,40.14,39.46,39.97,35206832
2024-02-23 05:00:00+00:00,39.58,39.83,39.33,39.71,28952394
2024-02-26 05:00:00+00:00,39.66,40.11,39.46,39.85,23376344
2024-02-27 05:00:00+00:00,39.88,40.05,39.47,39.68,26336832
2024-02-28 05:00:00+00:00,39.73,40.03,39.44,39.6,26679624
2024-02-29 05:00:00+00:00,39.68,39.92,39.57,39.79,27335314
2024-03-01 05:00:00+00:00,40.08,40.44,40.01,40.25,32459688
2024-03-04 05:00:00+00:00,40.23,40.34,39.78,39.82,33198046
2024-03-05 05:00:00+00:00,39.76,40.38,39.71,40.12,32174252
2024-03-06 05:00:00+00:00,40.46,40.67,40.16,40.24,28008764
2024-03-07 05:00:00+00:00,40.3,40.81,40.27,40.59,24636396
2024-03-08 05:00:00+00:00,40.53,40.74,40.43,40.73,28251986
2024-03-11 04:00:00+00:00,40.74,41.16,40.43,41.15,24983720
2024-03-12 04:00:00+00:00,41.14,41.26,40.86,41.08,23780904
2024-03-13 04:00:00+00:00,41.51,41.97,41.44,41.74,42725190
2024-03-14 04:00:00+00:00,41.91,42.19,41.74,42.17,35946028
2024-03-15 04:00:00+00:00,42.14,42.6,42.04,42.29,37753366
2024-03-18 04:00:00+00:00,42.46,42.59,42.11,42.44,30496710
2024-03-19 04:00:00+00:00,42.44,42.96,42.41,42.93,28545786
2024-03-20 04:00:00+00:00,42.68,43.02,42.61,42.86,32659336
2024-03-21 04:00:00+00:00,42.94,43.21,42.8,43.12,23334194
2024-03-22 04:00:00+00:00,43.14,43.25,42.92,43.03,17948808
2024-03-25 04:00:00+00:00,43.18,43.72,43.17,43.43,35074380
2024-03-26 04:00:00+00:00,43.47,43.57,43.01,43.09,35373850
2024-03-27 04:00:00+00:00,43.0,43.5,42.93,43.49,33960082
2024-03-28 04:00:00+00:00,43.75,44.04,43.54,43.96,34615140
2024-04-01 04:00:00+00:00,44.09,44.42,43.66,44.29,42899028
2024-04-02 04:00:00+00:00,44.48,44.96,44.28,44.91,38671198
2024-04-03 04:00:00+00:00,45.08,45.28,44.93,45.22,29148862
2024-04-04 04:00:00+00:00,45.29,45.45,45.01,45.19,36941290
2024-04-05 04:00:00+00:00,45.37,45.85,45.1,45.67,31194538
2024-04-08 04:00:00+00:00,45.7,45.83,45.3,45.38,34034558
2024-04-09 04:00:00+00:00,45.58,45.7,45.07,45.4,35333104
2024-04-10 04:00:00+00:00,45.27,45.71,45.08,45.54,39199650
2024-04-11 04:00:00+00:00,45.68,45.7,44.86,45.5,39204692
2024-04-12 04:00:00+00:00,45.79,46.09,44.55,44.76,46566168
2024-04-15 04:00:00+00:00,44.98,45.19,44.29,44.35,48690726
2024-04-16 04:00:00+00:00,44.26,44.47,43.65,43.96,36497618
2024-04-17 04:00:00+00:00,43.87,44.3,43.52,43.83,27420914
2024-04-18 04:00:00+00:00,43.98,44.11,43.54,43.7,25555648
2024-04-19 04:00:00+00:00,43.78,44.52,43.72,44.22,35451440
2024-04-22 04:00:00+00:00,43.99,44.82,43.64,44.51,30246332
2024-04-23 04:00:00+00:00,44.31,44.76,44.09,44.76,28657490
2024-04-24 04:00:00+00:00,44.48,44.84,44.27,44.79,21303784
2024-04-25 04:00:00+00:00,44.74,45.13,44.35,45.0,26500194
2024-04-26 04:00:00+00:00,44.59,44.76,44.13,44.58,32366598
2024-04-29 04:00:00+00:00,44.45,44.98,44.42,44.89,22236328
2024-04-30 04:00:00+00:00,44.7,44.78,43.53,43.55,35398934
2024-05-01 04:00:00+00:00,43.49,43.63,42.62,42.86,50943700
2024-05-02 04:00:00+00:00,43.14,43.4,42.9,43.1,34616794
2024-05-03 04:00:00+00:00,43.14,43.19,42.54,43.11,38087736
2024-05-06 04:00:00+00:00,43.24,43.88,43.24,43.45,33445506
2024-05-07 04:00:00+00:00,43.51,43.73,43.39,43.4,20942292
2024-05-08 04:00:00+00:00,43.15,43.56,43.09,43.35,19811882
2024-05-09 04:00:00+00:00,43.4,43.94,43.4,43.94,22489492
2024-05-10 04:00:00+00:00,44.03,44.17,43.58,43.69,20568410
2024-05-13 04:00:00+00:00,43.8,43.96,43.39,43.58,20978056
2024-05-14 04:00:00+00:00,43.49,43.67,43.32,43.63,24353552
2024-05-15 04:00:00+00:00,43.54,43.81,42.9,43.73,38792236
2024-05-16 04:00:00+00:00,43.63,43.95,43.49,43.61,24580136
2024-05-17 04:00:00+00:00,43.69,44.29,43.67,44.22,29001582
2024-05-20 04:00:00+00:00,44.24,44.34,43.82,43.93,20134668
2024-05-21 04:00:00+00:00,43.82,44.18,43.68,43.72,22467678
2024-05-22 04:00:00+00:00,43.54,43.56,42.71,42.88,34867966
2024-05-23 04:00:00+00:00,43.09,43.24,42.41,42.49,26931380
2024-05-24 04:00:00+00:00,42.82,42.93,42.43,42.55,19041398
2024-05-28 04:00:00+00:00,42.7,43.1,42.59,42.99,28904122
2024-05-29 04:00:00+00:00,42.86,42.9,42.04,42.23,30053556
2024-05-30 04:00:00+00:00,42.13,42.5,42.12,42.35,22732776
2024-05-31 04:00:00+00:00,42.42,43.43,42.38,43.4,32503014
2024-06-03 04:00:00+00:00,43.26,43.27,41.95,42.26,40796588
2024-06-04 04:00:00+00:00,41.83,41.9,41.3,41.86,34721410
2024-06-05 04:00:00+00:00,41.91,41.98,41.6,41.85,21040150
2024-06-06 04:00:00+00:00,41.71,42.09,41.55,42.07,25506506
2024-06-07 04:00:00+00:00,41.99,42.39,41.7,41.91,20089778
2024-06-10 04:00:00+00:00,42.06,42.47,41.91,42.22,22548382
2024-06-11 04:00:00+00:00,42.04,42.18,41.65,42.14,18591126
2024-06-12 04:00:00+00:00,42.49,42.5,41.48,41.69,32560574
2024-06-13 04:00:00+00:00,41.57,41.69,41.09,41.3,28495640
2024-06-14 04:00:00+00:00,41.26,41.3,40.82,41.0,25811336
2024-06-17 04:00:00+00:00,40.94,41.29,40.79,41.1,29547720
2024-06-18 04:00:00+00:00,41.37,41.8,41.17,41.28,29285780
2024-06-20 04:00:00+00:00,41.4,42.25,41.27,42.04,34073852
2024-06-21 04:00:00+00:00,42.15,42.26,41.73,41.79,39986358
2024-06-24 04:00:00+00:00,42.03,43.01,41.96,42.85,31188222
2024-06-25 04:00:00+00:00,42.81,42.95,42.57,42.95,27670260
2024-06-26 04:00:00+00:00,42.99,42.99,42.32,42.52,23127398
2024-06-27 04:00:00+00:00,42.75,42.8,42.38,42.62,15631574
2024-06-28 04:00:00+00:00,42.95,43.1,42.63,42.79,25603144
2024-07-01 04:00:00+00:00,43.13,43.27,42.56,42.81,24563286
2024-07-02 04:00:00+00:00,43.22,43.23,42.5,42.78,25226770
2024-07-03 04:00:00+00:00,42.81,43.16,42.74,42.96,16280094
2024-07-05 04:00:00+00:00,42.88,42.91,42.11,42.29,23450492
2024-07-08 04:00:00+00:00,41.99,42.42,41.87,42.04,19595012
2024-07-09 04:00:00+00:00,41.62,42.12,41.5,41.66,19091194
2024-07-10 04:00:00+00:00,41.62,41.96,41.49,41.95,19320756
2024-07-11 04:00:00+00:00,41.84,42.47,41.69,42.38,22689674
2024-07-12 04:00:00+00:00,42.62,42.68,42.18,42.49,18117240
2024-07-15 04:00:00+00:00,42.79,43.52,42.63,43.13,30791946
2024-07-16 04:00:00+00:00,42.95,43.37,42.73,43.33,24129334
2024-07-17 04:00:00+00:00,43.42,44.04,43.42,43.76,29435350
2024-07-18 04:00:00+00:00,43.71,44.36,43.56,43.84,32867664
2024-07-19 04:00:00+00:00,43.77,44.07,43.25,43.36,26500272
2024-07-22 04:00:00+00:00,43.13,43.34,42.84,43.09,21527512
2024-07-23 04:00:00+00:00,42.96,43.0,42.35,42.4,33103796
2024-07-24 04:00:00+00:00,42.51,42.79,42.11,42.41,29328500
2024-07-25 04:00:00+00:00,42.43,43.27,42.23,43.14,36437404
2024-07-26 04:00:00+00:00,43.03,43.46,42.87,43.27,23730772
2024-07-29 04:00:00+00:00,43.28,43.31,42.5,42.9,27156520
2024-07-30 04:00:00+00:00,42.9,43.71,42.85,43.57,25673202
2024-07-31 04:00:00+00:00,44.16,44.19,43.72,43.75,36173750
2024-08-01 04:00:00+00:00,43.65,43.88,42.37,42.59,42558498
2024-08-02 04:00:00+00:00,42.11,42.34,41.08,41.5,45836208
2024-08-05 04:00:00+00:00,40.6,40.92,40.12,40.58,50039100
2024-08-06 04:00:00+00:00,40.73,41.29,40.57,40.83,31418598
2024-08-07 04:00:00+00:00,41.33,41.75,40.97,40.99,26125948
2024-08-08 04:00:00+00:00,41.11,41.93,41.11,41.88,21596840
2024-08-09 04:00:00+00:00,41.81,42.15,41.55,41.97,22345572
2024-08-12 04:00:00+00:00,42.21,42.45,41.07,42.18,28785872
2024-08-13 04:00:00+00:00,41.86,41.89,41.56,41.77,31386390
2024-08-14 04:00:00+00:00,41.85,42.2,41.68,42.01,21657604
2024-08-15 04:00:00+00:00,42.25,42.65,42.21,42.51,18335210
2024-08-16 04:00:00+00:00,42.25,42.57,42.22,42.47,17753042
2024-08-19 04:00:00+00:00,42.54,43.11,42.54,42.75,21762686
2024-08-20 04:00:00+00:00,42.66,42.7,41.61,41.63,33866474
2024-08-21 04:00:00+00:00,41.89,42.1,41.58,41.7,22737732
2024-08-22 04:00:00+00:00,41.73,41.99,41.64,41.81,19595436
2024-08-23 04:00:00+00:00,42.0,42.5,41.95,42.43,20734626
2024-08-26 04:00:00+00:00,42.9,43.18,42.5,42.81,19514760
2024-08-27 04:00:00+00:00,42.81,42.93,42.34,42.41,16627126
2024-08-28 04:00:00+00:00,42.15,42.4,41.95,42.14,17049002
2024-08-29 04:00:00+00:00,42.39,42.85,41.99,42.69,22499056
2024-08-30 04:00:00+00:00,42.26,42.86,42.16,42.85,28085268
2024-09-03 04:00:00+00:00,42.15,42.21,41.52,41.78,38194160
2024-09-04 04:00:00+00:00,41.82,42.09,41.12,41.2,30113984
2024-09-05 04:00:00+00:00,41.5,41.53,40.85,40.89,24991290
2024-09-06 04:00:00+00:00,40.97,41.22,40.21,40.37,35912028
2024-09-09 04:00:00+00:00,40.5,41.04,40.43,40.66,32824322
2024-09-10 04:00:00+00:00,40.73,40.78,39.62,39.97,49326820
2024-09-11 04:00:00+00:00,39.96,39.98,38.97,39.59,48125724
2024-09-12 04:00:00+00:00,39.75,40.1,39.45,39.95,31769226
2024-09-13 04:00:00+00:00,40.15,40.48,40.06,40.18,26195462
2024-09-16 04:00:00+00:00,40.51,40.89,40.33,40.64,26875438
2024-09-17 04:00:00+00:00,40.65,41.21,40.56,41.19,25034684
2024-09-18 04:00:00+00:00,41.12,41.77,41.07,41.27,28209578
2024-09-19 04:00:00+00:00,41.96,42.23,41.53,41.76,37806716
2024-09-20 04:00:00+00:00,41.58,41.76,41.2,41.66,27961604
2024-09-23 04:00:00+00:00,41.74,42.38,41.6,42.18,26630108
2024-09-24 04:00:00+00:00,42.66,42.66,42.02,42.07,34627308
2024-09-25 04:00:00+00:00,41.97,42.09,41.17,41.25,27633552
2024-09-26 04:00:00+00:00,40.43,40.97,40.31,40.44,46896314
2024-09-27 04:00:00+00:00,40.66,41.32,40.64,41.27,30489512
2024-09-30 04:00:00+00:00,41.19,41.63,40.95,41.55,22809424
2024-10-01 04:00:00+00:00,41.18,42.67,41.13,42.5,66114108
2024-10-02 04:00:00+00:00,43.1,43.21,42.46,42.94,41925142
2024-10-03 04:00:00+00:00,43.09,43.75,42.76,43.69,44726052
2024-10-04 04:00:00+00:00,44.06,44.24,43.66,44.1,35955784
2024-10-07 04:00:00+00:00,44.26,44.59,44.11,44.26,32519412
2024-10-08 04:00:00+00:00,43.68,43.73,42.89,43.1,39759882
2024-10-09 04:00:00+00:00,42.78,43.48,42.69,43.36,31519582
2024-10-10 04:00:00+00:00,43.6,43.9,43.29,43.66,26047398
2024-10-11 04:00:00+00:00,43.64,44.08,43.56,43.93,26414500
2024-10-14 04:00:00+00:00,43.62,43.98,43.55,43.91,22198514
2024-10-15 04:00:00+00:00,42.74,43.02,42.47,42.49,37839152
2024-10-16 04:00:00+00:00,42.73,42.83,42.58,42.69,19877098
2024-10-17 04:00:00+00:00,42.69,43.04,42.64,42.9,21433300
2024-10-18 04:00:00+00:00,42.82,42.94,42.45,42.76,24015182
2024-10-21 04:00:00+00:00,43.04,43.18,42.55,42.63,21162084
2024-10-22 04:00:00+00:00,42.78,42.93,42.57,42.73,17956470
2024-10-23 04:00:00+00:00,42.61,42.77,42.26,42.51,19813274
2024-10-24 04:00:00+00:00,42.6,42.72,42.22,42.5,17047212
2024-10-25 04:00:00+00:00,42.73,42.84,42.36,42.49,19104512
2024-10-28 04:00:00+00:00,41.58,42.24,41.54,42.22,24227926
2024-10-29 04:00:00+00:00,42.12,42.16,41.48,41.57,23791564
2024-10-30 04:00:00+00:00,41.72,41.99,41.56,41.67,19364152
2024-10-31 04:00:00+00:00,41.93,42.25,41.82,41.93,31623212
2024-11-01 04:00:00+00:00,42.5,42.65,41.58,41.66,26304584
2024-11-04 05:00:00+00:00,41.95,42.46,41.89,42.39,25811882
2024-11-05 05:00:00+00:00,42.6,42.78,42.41,42.68,20876666
2024-11-06 05:00:00+00:00,43.85,44.61,43.57,44.28,50053266
2024-11-07 05:00:00+00:00,44.25,44.25,43.74,44.08,26138004
2024-11-08 05:00:00+00:00,44.08,44.43,43.91,44.37,22336820
2024-11-11 05:00:00+00:00,44.38,44.77,44.17,44.62,20909486
2024-11-12 05:00:00+00:00,44.75,44.89,44.34,44.38,18500350
2024-11-13 05:00:00+00:00,44.52,44.91,43.98,44.73,23676238
2024-11-14 05:00:00+00:00,45.03,45.05,44.61,44.9,18011072
2024-11-15 05:00:00+00:00,44.86,45.29,44.67,44.83,28080492
2024-11-18 05:00:00+00:00,45.19,45.52,44.99,45.43,25235560
2024-11-19 05:00:00+00:00,45.07,45.41,44.93,45.14,23796418
2024-11-20 05:00:00+00:00,45.31,45.63,45.17,45.6,17913766
2024-11-21 05:00:00+00:00,45.8,46.31,45.69,45.97,33541028
2024-11-22 05:00:00+00:00,45.9,46.34,45.86,46.04,21555650
2024-11-25 05:00:00+00:00,46.03,46.26,45.02,45.13,32950682
2024-11-26 05:00:00+00:00,45.19,45.28,44.86,45.07,24932738
2024-11-27 05:00:00+00:00,45.02,45.4,44.96,45.02,15596444
2024-11-29 05:00:00+00:00,45.12,45.29,45.04,45.21,13636374
2024-12-02 05:00:00+00:00,45.2,45.27,44.33,44.73,22189956
2024-12-03 05:00:00+00:00,45.02,45.1,44.54,44.73,17886554
2024-12-04 05:00:00+00:00,44.71,44.71,43.39,43.65,32518052
2024-12-05 05:00:00+00:00,43.81,44.11,43.64,43.82,22662402
2024-12-06 05:00:00+00:00,43.73,43.74,43.0,43.08,26206628
2024-12-09 05:00:00+00:00,43.44,43.67,42.97,43.01,23627798
2024-12-10 05:00:00+00:00,43.25,43.31,42.65,42.71,23299828
2024-12-11 05:00:00+00:00,42.8,42.95,42.58,42.78,23147502
2024-12-12 05:00:00+00:00,42.71,42.78,42.4,42.44,21746294
2024-12-13 05:00:00+00:00,42.54,42.56,42.11,42.23,22346060
2024-12-16 05:00:00+00:00,42.11,42.11,41.27,41.3,25036152
2024-12-17 05:00:00+00:00,40.99,41.07,40.61,40.99,32011674
2024-12-18 05:00:00+00:00,40.88,41.07,39.78,39.78,39241224
2024-12-19 05:00:00+00:00,40.2,40.33,39.41,39.43,49988450
2024-12-20 05:00:00+00:00,39.43,39.96,39.33,39.82,35704810
2024-12-23 05:00:00+00:00,39.76,40.19,39.49,40.06,34445364
2024-12-24 05:00:00+00:00,40.17,40.47,39.91,40.39,15024184
2024-12-26 05:00:00+00:00,40.41,40.43,40.11,40.36,15386454
2024-12-27 05:00:00+00:00,40.33,40.8,40.15,40.36,20369700
2024-12-30 05:00:00+00:00,40.36,40.58,40.02,40.35,23545302
2024-12-31 05:00:00+00:00,40.45,41.0,40.36,40.88,21165070
2025-01-02 05:00:00+00:00,41.22,41.66,41.08,41.36,34887070
2025-01-03 05:00:00+00:00,41.6,41.89,41.44,41.75,22124068
2025-01-06 05:00:00+00:00,41.94,42.27,41.45,41.55,22835288
2025-01-07 05:00:00+00:00,41.86,42.29,41.61,41.97,25035776
2025-01-08 05:00:00+00:00,41.71,42.03,41.56,42.01,28483866
2025-01-10 05:00:00+00:00,42.56,43.05,41.96,42.18,34075792
2025-01-13 05:00:00+00:00,42.38,43.32,42.38,43.07,48896172
2025-01-14 05:00:00+00:00,43.0,43.57,42.93,43.54,31173006
2025-01-15 05:00:00+00:00,43.8,44.29,43.62,44.18,34657892
2025-01-16 05:00:00+00:00,44.03,44.54,43.98,44.5,25230602
2025-01-17 05:00:00+00:00,44.5,45.0,44.34,44.84,23899650
2025-01-21 05:00:00+00:00,44.73,44.86,44.38,44.61,49302056
2025-01-22 05:00:00+00:00,44.48,44.53,43.77,43.8,35880258
2025-01-23 05:00:00+00:00,44.14,44.3,43.69,44.0,29359132
2025-01-24 05:00:00+00:00,44.06,44.24,43.52,43.58,29156796
2025-01-27 05:00:00+00:00,43.43,43.51,42.82,43.12,31993400
2025-01-28 05:00:00+00:00,43.25,43.41,42.5,42.71,37401748
2025-01-29 05:00:00+00:00,42.61,43.03,42.55,42.81,20681758
2025-01-30 05:00:00+00:00,43.07,43.25,42.76,43.03,39092542
2025-01-31 05:00:00+00:00,42.91,43.01,41.73,41.83,44540036
2025-02-03 05:00:00+00:00,41.82,42.26,41.44,42.09,39660892
2025-02-04 05:00:00+00:00,41.89,43.06,41.82,42.97,39934410
2025-02-05 05:00:00+00:00,42.96,43.12,42.72,43.06,21771998
2025-02-06 05:00:00+00:00,43.26,43.36,42.04,42.27,41309624
2025-02-07 05:00:00+00:00,42.43,42.65,42.21,42.27,22010888
2025-02-10 05:00:00+00:00,42.64,43.27,42.64,43.2,25583126
2025-02-11 05:00:00+00:00,43.4,43.84,43.12,43.54,26226818
2025-02-12 05:00:00+00:00,43.19,43.48,42.42,42.49,38798774
2025-02-13 05:00:00+00:00,42.43,42.91,42.15,42.81,31550918
2025-02-14 05:00:00+00:00,42.98,43.59,42.98,42.99,25886492
2025-02-18 05:00:00+00:00,43.19,43.86,42.94,43.57,29574750
2025-02-19 05:00:00+00:00,43.75,44.32,43.73,43.92,24311698
2025-02-20 05:00:00+00:00,43.83,44.39,43.64,44.32,28332290
2025-02-21 05:00:00+00:00,44.05,44.17,43.37,43.4,31276604
2025-02-24 05:00:00+00:00,43.47,43.64,43.17,43.41,26295264
2025-02-25 05:00:00+00:00,43.4,43.6,42.43,42.78,26608672
2025-02-26 05:00:00+00:00,42.83,42.95,42.34,42.54,24305696
2025-02-27 05:00:00+00:00,42.83,43.29,42.47,42.77,30048002
2025-02-28 05:00:00+00:00,42.63,43.46,42.36,43.43,26627104
2025-03-03 05:00:00+00:00,43.6,43.85,41.53,41.91,49501752
2025-03-04 05:00:00+00:00,41.3,42.18,40.77,41.51,50677032
2025-03-05 05:00:00+00:00,40.91,41.11,40.1,40.9,56510824
2025-03-06 05:00:00+00:00,40.7,41.28,40.39,41.02,47104294
2025-03-07 05:00:00+00:00,41.21,42.03,41.21,41.73,44849130
2025-03-10 04:00:00+00:00,41.95,42.61,41.65,42.04,40045348
2025-03-11 04:00:00+00:00,42.21,42.39,41.48,41.7,30230208
2025-03-12 04:00:00+00:00,41.73,42.28,41.57,41.89,32240470
2025-03-13 04:00:00+00:00,41.75,42.35,41.35,41.61,30742034
2025-03-14 04:00:00+00:00,41.84,42.9,41.65,42.84,32023138
2025-03-17 04:00:00+00:00,42.8,43.72,42.8,43.52,29761584
2025-03-18 04:00:00+00:00,43.76,43.86,43.25,43.59,30806524
2025-03-19 04:00:00+00:00,43.65,44.5,43.64,44.3,31742590
2025-03-20 04:00:00+00:00,44.06,44.61,43.87,44.47,33163598
2025-03-21 04:00:00+00:00,44.32,44.42,43.88,44.16,36975532
2025-03-24 04:00:00+00:00,44.36,44.92,44.28,44.66,23824528
2025-03-25 04:00:00+00:00,44.86,45.23,44.71,44.84,22292004
2025-03-26 04:00:00+00:00,45.26,45.61,44.99,45.11,25571668
2025-03-27 04:00:00+00:00,44.97,45.14,44.49,44.67,19147728
2025-03-28 04:00:00+00:00,44.64,44.81,44.23,44.46,22248740
2025-03-31 04:00:00+00:00,44.36,45.21,44.3,44.95,28813130
2025-04-01 04:00:00+00:00,44.97,45.25,44.49,45.21,27121216
2025-04-02 04:00:00+00:00,44.83,45.31,44.72,45.27,33960598
2025-04-03 04:00:00+00:00,43.12,43.45,41.71,41.72,75657844
2025-04-04 04:00:00+00:00,40.23,40.69,37.88,37.88,100751524
2025-04-07 04:00:00+00:00,36.66,39.24,36.06,37.64,113906712
2025-04-08 04:00:00+00:00,38.8,39.0,36.18,36.77,90503606
2025-04-09 04:00:00+00:00,36.05,40.02,35.83,39.61,118924846
2025-04-10 04:00:00+00:00,38.58,38.58,36.3,37.03,79046518
2025-04-11 04:00:00+00:00,37.2,38.23,36.47,37.94,41916818
2025-04-14 04:00:00+00:00,38.84,38.84,37.7,38.08,32748178
2025-04-15 04:00:00+00:00,38.05,38.73,38.0,38.02,22166906
2025-04-16 04:00:00+00:00,38.26,38.98,38.16,38.33,27331426
2025-04-17 04:00:00+00:00,38.65,39.8,38.63,39.2,47908738
2025-04-21 04:00:00+00:00,38.58,38.68,37.75,38.18,31011920
2025-04-22 04:00:00+00:00,38.67,39.44,38.5,39.15,22095738
2025-04-23 04:00:00+00:00,39.49,39.91,38.83,39.07,43216130
2025-04-24 04:00:00+00:00,39.44,39.82,39.1,39.7,21218990
2025-04-25 04:00:00+00:00,39.34,39.66,39.19,39.63,17664780
2025-04-28 04:00:00+00:00,39.58,40.01,39.53,39.91,16436710
2025-04-29 04:00:00+00:00,39.46,39.94,39.38,39.79,19843316
2025-04-30 04:00:00+00:00,39.15,39.21,38.24,38.72,37814288
2025-05-01 04:00:00+00:00,38.4,39.37,38.4,38.86,36314420
2025-05-02 04:00:00+00:00,39.33,39.63,38.63,39.43,32038804
2025-05-05 04:00:00+00:00,38.94,38.99,38.5,38.72,29530210
2025-05-06 04:00:00+00:00,38.89,39.07,38.51,38.73,22995462
2025-05-07 04:00:00+00:00,38.81,38.94,38.45,38.74,22448240
2025-05-08 04:00:00+00:00,39.1,39.79,39.04,39.25,30565874
2025-05-09 04:00:00+00:00,39.73,39.84,39.32,39.65,19993148
2025-05-12 04:00:00+00:00,41.11,41.3,40.38,40.68,32610056
2025-05-13 04:00:00+00:00,40.88,41.58,40.72,41.25,29031568
2025-05-14 04:00:00+00:00,40.98,41.16,40.84,41.0,21332654
2025-05-15 04:00:00+00:00,40.48,41.2,40.38,41.18,29721532
2025-05-16 04:00:00+00:00,41.27,41.29,40.69,41.11,21725824
2025-05-19 04:00:00+00:00,40.77,40.82,40.28,40.58,24787066
2025-05-20 04:00:00+00:00,40.55,40.64,40.17,40.2,22782142
2025-05-21 04:00:00+00:00,39.96,40.04,39.46,39.46,25698320
2025-05-22 04:00:00+00:00,39.26,39.53,38.82,39.31,23732250
2025-05-23 04:00:00+00:00,38.96,39.53,38.95,39.44,23510912
2025-05-27 04:00:00+00:00,39.71,39.84,39.42,39.78,19028072
2025-05-28 04:00:00+00:00,39.97,40.09,39.17,39.27,29552608
2025-05-29 04:00:00+00:00,39.33,39.57,39.08,39.57,23793426
2025-05-30 04:00:00+00:00,39.26,39.42,38.9,39.21,31038616
2025-06-02 04:00:00+00:00,39.95,40.0,39.27,39.73,32030982
2025-06-03 04:00:00+00:00,39.76,40.45,39.38,40.2,30352648
2025-06-04 04:00:00+00:00,40.18,40.49,39.37,39.42,44939216
2025-06-05 04:00:00+00:00,39.71,39.73,39.28,39.38,27667328
2025-06-06 04:00:00+00:00,39.73,40.24,39.73,40.12,28556812
2025-06-09 04:00:00+00:00,40.28,40.61,39.96,40.2,28680330
2025-06-10 04:00:00+00:00,40.62,41.18,40.6,40.91,46092238
2025-06-11 04:00:00+00:00,41.19,41.57,40.79,41.5,48996600
2025-06-12 04:00:00+00:00,41.31,41.66,41.01,41.65,34028116
2025-06-13 04:00:00+00:00,42.43,42.6,41.82,42.37,84194742
2025-06-16 04:00:00+00:00,42.26,42.69,41.93,42.25,69406614
2025-06-17 04:00:00+00:00,42.6,42.96,42.34,42.64,67884132
2025-06-18 04:00:00+00:00,42.8,43.01,42.27,42.36,70472920
2025-06-20 04:00:00+00:00,42.53,42.92,42.41,42.8,56744750
2025-06-23 04:00:00+00:00,43.33,43.36,41.53,41.72,105688294
2025-06-24 04:00:00+00:00,41.11,41.6,41.01,41.17,65358708
2025-06-25 04:00:00+00:00,41.12,41.27,40.86,40.99,43723020
2025-06-26 04:00:00+00:00,41.08,41.66,40.98,41.58,33565614
2025-06-27 04:00:00+00:00,41.56,41.56,41.11,41.36,35411732
2025-06-30 04:00:00+00:00,41.2,41.38,41.0,41.12,26247518
2025-07-01 04:00:00+00:00,41.19,41.63,40.81,41.44,40772802
2025-07-02 04:00:00+00:00,41.79,42.22,41.33,42.15,42468858
2025-07-03 04:00:00+00:00,42.09,42.34,42.0,42.2,22266218
2025-07-07 04:00:00+00:00,41.94,42.17,41.36,41.79,35673204
2025-07-08 04:00:00+00:00,41.74,43.07,41.73,42.92,47472456
2025-07-09 04:00:00+00:00,42.81,42.98,42.57,42.7,28673156
2025-07-10 04:00:00+00:00,42.6,43.05,42.3,43.02,28824762
2025-07-11 04:00:00+00:00,42.95,43.37,42.82,43.22,30171552
2025-07-14 04:00:00+00:00,43.14,43.14,42.52,42.74,33441544
2025-07-15 04:00:00+00:00,42.66,42.85,42.07,42.13,33859576
2025-07-16 04:00:00+00:00,42.07,42.31,41.61,41.76,35482496
2025-07-17 04:00:00+00:00,41.55,42.08,41.45,42.02,36086420
2025-07-18 04:00:00+00:00,42.36,42.55,41.52,41.68,60973282
2025-07-21 04:00:00+00:00,41.71,41.78,41.16,41.25,30434458
2025-07-22 04:00:00+00:00,41.2,41.67,41.16,41.44,32444074
2025-07-23 04:00:00+00:00,41.61,42.12,41.51,42.09,28046082
2025-07-24 04:00:00+00:00,41.98,42.45,41.79,42.39,24022142
2025-07-25 04:00:00+00:00,42.44,42.51,42.01,42.23,20143134
2025-07-28 04:00:00+00:00,42.52,42.79,42.45,42.71,23705282
2025-07-29 04:00:00+00:00,42.78,43.15,42.64,43.13,24551960
2025-07-30 04:00:00+00:00,42.86,42.89,42.25,42.52,26551654
2025-07-31 04:00:00+00:00,42.07,42.77,42.07,42.29,24960798
2025-08-01 04:00:00+00:00,42.13,42.28,41.27,41.5,42329366
2025-08-04 04:00:00+00:00,41.43,41.74,41.2,41.41,26509642
2025-08-05 04:00:00+00:00,41.4,41.52,40.9,41.46,31413606
2025-08-06 04:00:00+00:00,41.72,41.97,40.96,41.08,38249454
2025-08-07 04:00:00+00:00,41.32,41.78,40.87,40.92,35042056
2025-08-08 04:00:00+00:00,41.11,41.56,40.91,41.18,40736226
2025-08-11 04:00:00+00:00,41.26,41.44,40.78,40.85,28828714
2025-08-12 04:00:00+00:00,40.93,41.41,40.81,41.05,34527022
2025-08-13 04:00:00+00:00,41.08,41.53,40.93,41.53,25601212
2025-08-14 04:00:00+00:00,41.5,41.55,41.05,41.49,24944596
2025-08-15 04:00:00+00:00,41.51,41.96,41.36,41.49,27297716
2025-08-18 04:00:00+00:00,41.27,41.43,41.0,41.24,26428444
2025-08-19 04:00:00+00:00,41.12,41.5,41.02,41.25,25693882
2025-08-20 04:00:00+00:00,41.32,41.77,41.28,41.6,27967210
2025-08-21 04:00:00+00:00,41.53,41.97,41.41,41.88,22088028
2025-08-22 04:00:00+00:00,42.03,42.84,41.96,42.74,30936332
2025-08-25 04:00:00+00:00,42.63,42.9,42.49,42.85,23412822
2025-08-26 04:00:00+00:00,42.68,42.82,42.38,42.78,22855500
2025-08-27 04:00:00+00:00,42.72,43.42,42.67,43.26,26877360
2025-08-28 04:00:00+00:00,43.28,43.65,42.99,43.59,24086284
2025-08-29 04:00:00+00:00,43.61,43.94,43.55,43.83,23723528
2025-09-02 04:00:00+00:00,43.71,43.97,43.38,43.89,25964440
2025-09-03 04:00:00+00:00,43.54,43.9,42.76,42.91,36018148
2025-09-04 04:00:00+00:00,42.91,43.37,42.73,43.19,25895486
2025-09-05 04:00:00+00:00,42.84,42.98,42.14,42.36,48168864
2025-09-08 04:00:00+00:00,42.5,42.69,41.89,42.26,34931864
2025-09-09 04:00:00+00:00,42.49,43.07,42.44,42.47,41193414
2025-09-10 04:00:00+00:00,42.56,43.23,42.47,43.21,29932822
2025-09-11 04:00:00+00:00,42.86,43.31,42.73,43.22,25162186
2025-09-12 04:00:00+00:00,43.4,43.59,42.95,42.96,22298266
2025-09-15 04:00:00+00:00,43.04,43.16,42.74,42.82,23288564
2025-09-16 04:00:00+00:00,43.01,43.67,43.0,43.53,41593456
2025-09-17 04:00:00+00:00,43.48,43.94,43.29,43.64,26044858
2025-09-18 04:00:00+00:00,43.67,43.76,43.17,43.5,28705334
2025-09-19 04:00:00+00:00,43.46,43.49,42.77,42.92,29979134
2025-09-22 04:00:00+00:00,42.77,43.08,42.6,42.87,22502342
2025-09-23 04:00:00+00:00,43.04,44.08,43.04,43.61,44214788
2025-09-24 04:00:00+00:00,43.92,44.59,43.87,44.18,35406134
2025-09-25 04:00:00+00:00,44.17,44.62,44.05,44.57,31887198
2025-09-26 04:00:00+00:00,44.65,45.44,44.64,44.99,40161680
2025-09-29 04:00:00+00:00,44.67,44.74,43.93,44.16,37674482
2025-09-30 04:00:00+00:00,43.77,43.86,43.35,43.69,47544756
2025-10-01 04:00:00+00:00,43.47,43.84,43.43,43.69,27661224
2025-10-02 04:00:00+00:00,43.59,43.98,43.2,43.25,31793606
2025-10-03 04:00:00+00:00,43.47,43.73,43.42,43.48,24047956
2025-10-06 04:00:00+00:00,43.75,43.94,43.52,43.69,21488472
2025-10-07 04:00:00+00:00,43.65,43.8,42.99,43.76,25324566
2025-10-08 04:00:00+00:00,43.76,43.76,43.18,43.51,20024210
2025-10-09 04:00:00+00:00,43.6,43.97,42.87,42.92,23397888
2025-10-10 04:00:00+00:00,42.6,42.81,41.66,41.67,44892248
2025-10-13 04:00:00+00:00,41.99,42.3,41.86,42.24,22889576
2025-10-14 04:00:00+00:00,41.64,42.47,41.59,42.24,25077370
2025-10-15 04:00:00+00:00,42.51,42.75,41.9,42.21,24256592
2025-10-16 04:00:00+00:00,42.29,42.41,41.42,41.7,29193052
2025-10-17 04:00:00+00:00,41.88,42.13,41.71,42.05,24069144
2025-10-20 04:00:00+00:00,42.12,42.59,42.12,42.49,25352354
2025-10-21 04:00:00+00:00,42.61,42.71,42.18,42.39,25879082
2025-10-22 04:00:00+00:00,42.68,43.12,42.32,42.94,32814074
2025-10-23 04:00:00+00:00,43.7,43.79,43.24,43.51,47295430
2025-10-24 04:00:00+00:00,43.7,43.72,43.04,43.07,21190900
2025-10-27 04:00:00+00:00,43.21,43.35,42.98,43.17,19597028
2025-10-28 04:00:00+00:00,43.01,43.15,42.7,42.72,22474300
2025-10-29 04:00:00+00:00,42.77,43.26,42.68,43.04,26799820
2025-10-30 04:00:00+00:00,43.02,43.34,42.72,42.79,20663428
2025-10-31 04:00:00+00:00,42.89,43.34,42.7,43.1,26985364
2025-11-03 05:00:00+00:00,43.11,43.22,42.61,43.1,22232654
2025-11-04 05:00:00+00:00,42.57,42.76,42.24,42.64,29477614
2025-11-05 05:00:00+00:00,42.64,43.23,42.59,42.75,23857158
2025-11-06 05:00:00+00:00,42.81,43.57,42.81,43.17,32155414
2025-11-07 05:00:00+00:00,43.32,43.89,43.2,43.79,35458420
2025-11-10 05:00:00+00:00,43.9,44.29,43.33,44.18,31264530
2025-11-11 05:00:00+00:00,44.45,45.07,44.41,44.76,38752756
2025-11-12 05:00:00+00:00,44.46,44.66,44.07,44.13,29863294
2025-11-13 05:00:00+00:00,44.28,44.65,44.05,44.25,32243820
2025-11-14 05:00:00+00:00,44.48,45.1,43.92,45.0,34179728
2025-11-17 05:00:00+00:00,44.95,44.96,44.0,44.18,37447338
2025-11-18 05:00:00+00:00,43.99,44.65,43.87,44.53,34839908
2025-11-19 05:00:00+00:00,43.74,44.09,43.44,43.95,41062738
2025-11-20 05:00:00+00:00,44.18,44.78,43.42,43.46,41630046
2025-11-21 05:00:00+00:00,43.53,43.92,43.07,43.73,39317220
2025-11-24 05:00:00+00:00,43.68,43.74,42.93,43.61,33681798
2025-11-25 05:00:00+00:00,43.26,43.5,42.97,43.33,29298924
2025-11-26 05:00:00+00:00,43.32,43.97,43.28,43.66,26611030
2025-11-28 05:00:00+00:00,43.68,44.42,43.62,44.23,16666626
2025-12-01 05:00:00+00:00,44.3,44.9,44.26,44.66,31150072
2025-12-02 05:00:00+00:00,44.59,44.59,43.86,44.08,33304920
2025-12-03 05:00:00+00:00,44.38,44.99,44.32,44.91,30173970
2025-12-04 05:00:00+00:00,44.88,45.17,44.75,45.1,23799698
2025-12-05 05:00:00+00:00,45.02,45.64,44.9,44.91,22164390
2025-12-08 05:00:00+00:00,44.66,44.91,44.28,44.42,27891927
2025-12-09 05:00:00+00:00,44.5,45.07,44.46,44.7,20917429
2025-12-10 05:00:00+00:00,44.83,45.25,44.62,45.17,26255067
2025-12-11 05:00:00+00:00,44.89,45.23,44.83,44.95,25827244
2025-12-12 05:00:00+00:00,45.03,45.22,44.39,44.51,33161151
2025-12-15 05:00:00+00:00,44.61,44.61,43.84,44.2,27521554
2025-12-16 05:00:00+00:00,43.85,43.87,42.81,42.85,49312410
2025-12-17 05:00:00+00:00,43.16,43.9,43.09,43.8,43375286
2025-12-18 05:00:00+00:00,43.67,43.73,43.01,43.16,29920197
2025-12-19 05:00:00+00:00,43.28,43.55,43.06,43.16,31959550
2025-12-22 05:00:00+00:00,43.54,43.88,43.49,43.61,23707420
2025-12-23 05:00:00+00:00,43.77,43.94,43.62,43.89,19137538
2025-12-24 05:00:00+00:00,43.81,43.95,43.71,43.77,11293864
2025-12-26 05:00:00+00:00,43.72,43.83,43.39,43.6,17884483
2025-12-29 05:00:00+00:00,43.9,44.13,43.69,44.01,31352054
2025-12-30 05:00:00+00:00,44.19,44.47,44.19,44.35,18654743
2025-12-31 05:00:00+00:00,44.32,44.41,43.96,44.1,16965922
2026-01-02 05:00:00+00:00,44.11,45.16,43.88,45.03,31935524
2026-01-05 05:00:00+00:00,46.52,46.68,45.13,46.25,94574640
2026-01-06 05:00:00+00:00,46.36,46.42,44.91,45.02,69568225
2026-01-07 05:00:00+00:00,45.2,45.2,44.47,44.52,42739166
2026-01-08 05:00:00+00:00,44.7,46.21,44.6,45.92,51451021
2026-01-09 05:00:00+00:00,46.11,46.24,45.87,46.04,38839945
2026-01-12 05:00:00+00:00,46.11,46.17,45.47,45.71,28264436
2026-01-13 05:00:00+00:00,46.09,46.75,46.04,46.36,50469235
2026-01-14 05:00:00+00:00,46.61,47.99,46.54,47.41,80750152
2026-01-15 05:00:00+00:00,46.98,47.42,46.63,46.96,49328793
2026-01-16 05:00:00+00:00,46.91,47.15,46.84,47.04,30796285
2026-01-20 05:00:00+00:00,47.44,47.65,46.85,46.95,50178699
2026-01-21 05:00:00+00:00,47.63,48.38,47.63,48.09,58996037
2026-01-22 05:00:00+00:00,47.96,48.33,47.76,48.24,50869509
2026-01-23 05:00:00+00:00,48.85,49.21,48.42,48.52,51431167
2026-01-26 05:00:00+00:00,49.19,49.21,48.28,48.55,40122625
2026-01-27 05:00:00+00:00,48.72,49.14,48.49,48.99,39840271
2026-01-28 05:00:00+00:00,49.29,49.46,48.89,49.37,41890386
2026-01-29 05:00:00+00:00,50.45,51.03,49.79,49.82,77520650
2026-01-30 05:00:00+00:00,49.67,50.39,49.2,50.36,74039404
2026-02-02 05:00:00+00:00,49.42,49.82,49.09,49.37,61479856
2026-02-03 05:00:00+00:00,49.56,51.08,49.34,50.97,83754106
2026-02-04 05:00:00+00:00,51.11,52.24,51.11,52.11,78149891
2026-02-05 05:00:00+00:00,51.55,51.78,50.74,51.5,54235648
2026-02-06 05:00:00+00:00,51.79,52.69,51.65,52.53,41669571
2026-02-09 05:00:00+00:00,52.48,52.99,52.25,52.91,38798501
2026-02-10 05:00:00+00:00,53.04,53.06,52.52,52.85,32145991
2026-02-11 05:00:00+00:00,53.54,54.36,53.51,54.23,57349665
2026-02-12 05:00:00+00:00,54.19,54.49,53.03,53.25,67427841
2026-02-13 05:00:00+00:00,53.21,53.83,53.08,53.61,48392131
2026-02-17 05:00:00+00:00,53.82,54.16,52.46,53.02,50499593
2026-02-18 05:00:00+00:00,53.79,54.11,53.48,54.03,59196116
2026-02-19 05:00:00+00:00,54.71,55.12,54.18,54.43,62513522
2026-02-20 05:00:00+00:00,54.25,54.53,53.77,54.13,50833496
2026-02-23 05:00:00+00:00,54.29,55.17,54.12,54.4,44016018
2026-02-24 05:00:00+00:00,54.36,54.47,53.66,54.35,42923813
2026-02-25 05:00:00+00:00,54.55,54.62,53.45,54.12,36209965
2026-02-26 05:00:00+00:00,53.63,54.91,53.38,54.3,47035526
2026-02-27 05:00:00+00:00,54.88,55.39,54.18,55.16,59073720
2026-03-02 05:00:00+00:00,56.98,57.09,55.5,56.26,135639251
2026-03-03 05:00:00+00:00,56.6,56.93,55.29,55.75,154774584
2026-03-04 05:00:00+00:00,55.3,55.66,54.57,55.43,70736003
2026-03-05 05:00:00+00:00,55.76,56.28,55.32,55.71,85180647
2026-03-06 05:00:00+00:00,56.37,56.56,55.41,55.8,68217969
2026-03-09 04:00:00+00:00,56.07,56.37,55.18,55.55,88751877
2026-03-10 04:00:00+00:00,55.29,55.69,54.61,54.84,88821098
2026-03-11 04:00:00+00:00,54.87,56.26,54.78,56.2,48746480
2026-03-12 04:00:00+00:00,56.35,57.42,56.28,56.73,69362113
2026-03-13 04:00:00+00:00,56.72,57.14,56.32,56.91,43377555
2026-03-16 04:00:00+00:00,56.97,57.31,56.49,57.11,39477645
2026-03-17 04:00:00+00:00,57.44,58.25,57.19,57.71,40140713
2026-03-18 04:00:00+00:00,57.94,58.17,57.64,57.64,42910789
2026-03-19 04:00:00+00:00,58.07,58.91,57.72,58.55,69234807
2026-03-20 04:00:00+00:00,58.74,59.5,58.47,58.5,73007261
2026-03-23 04:00:00+00:00,57.48,59.41,57.25,59.2,71030873
2026-03-24 04:00:00+00:00,59.37,61.03,59.34,60.4,51210832
2026-03-25 04:00:00+00:00,59.89,60.56,59.83,60.14,42684378
2026-03-26 04:00:00+00:00,60.24,61.42,60.16,61.08,54971133
2026-03-27 04:00:00+00:00,61.09,62.34,60.82,62.11,59557445
2026-03-30 04:00:00+00:00,62.68,63.01,61.34,61.52,49755153
2026-03-31 04:00:00+00:00,61.6,62.38,59.61,60.82,94771810
2026-04-01 04:00:00+00:00,59.29,60.19,57.94,58.55,96659283
2026-04-02 04:00:00+00:00,60.1,60.57,58.56,58.83,60403950
2026-04-06 04:00:00+00:00,58.69,59.26,58.47,59.25,25478378
2026-04-07 04:00:00+00:00,59.38,60.34,59.36,59.73,38814825
2026-04-08 04:00:00+00:00,56.27,57.77,55.78,57.63,88029046
2026-04-09 04:00:00+00:00,57.78,58.6,56.7,56.92,55091873
2026-04-10 04:00:00+00:00,56.76,57.06,56.0,56.53,42565114
2026-04-13 04:00:00+00:00,57.2,57.31,56.24,56.7,43104453
2026-04-14 04:00:00+00:00,56.1,56.1,55.01,55.55,58834436
2026-04-15 04:00:00+00:00,55.2,55.81,54.87,55.36,39555298
2026-04-16 04:00:00+00:00,55.44,56.47,55.37,56.18,31285241
2026-04-17 04:00:00+00:00,54.02,54.77,53.03,54.63,90919184
2026-04-20 04:00:00+00:00,54.71,55.32,54.41,54.68,35152770
2026-04-21 04:00:00+00:00,54.92,55.56,54.53,55.47,41302565
2026-04-22 04:00:00+00:00,55.96,56.37,55.73,56.14,40567963
2026-04-23 04:00:00+00:00,56.48,56.78,56.06,56.57,34709564
2026-04-24 04:00:00+00:00,56.36,56.51,55.77,56.46,36429303
2026-04-27 04:00:00+00:00,56.69,57.27,56.22,56.36,33073135
2026-04-28 04:00:00+00:00,57.31,57.63,56.96,57.3,39153940
2026-04-29 04:00:00+00:00,57.86,58.69,57.64,58.61,40619238
2026-04-30 04:00:00+00:00,57.78,59.41,57.52,59.22,35899176
2026-05-01 04:00:00+00:00,58.64,59.17,57.84,58.43,35831621
2026-05-04 04:00:00+00:00,58.31,59.2,57.8,58.96,36820071
2026-05-05 04:00:00+00:00,58.81,59.33,58.47,59.02,27043956
2026-05-06 04:00:00+00:00,56.88,57.48,56.25,56.59,57911583
2026-05-07 04:00:00+00:00,55.47,55.75,54.74,55.55,52913468
2026-05-08 04:00:00+00:00,55.45,55.82,55.06,55.3,30576370
2026-05-11 04:00:00+00:00,55.86,56.81,55.84,56.76,31946560
2026-05-12 04:00:00+00:00,57.32,57.43,56.73,57.16,36817141
2026-05-13 04:00:00+00:00,57.06,57.3,56.55,57.22,22709793
2026-05-14 04:00:00+00:00,57.24,57.76,57.09,57.65,23489351
2026-05-15 04:00:00+00:00,58.28,59.04,58.06,59.01,33568291
2026-05-18 04:00:00+00:00,58.7,60.27,58.3,60.15,41519997
2026-05-19 04:00:00+00:00,60.37,61.05,59.86,60.85,31113841
2026-05-20 04:00:00+00:00,60.37,61.26,59.25,59.37,61779714
2026-05-21 04:00:00+00:00,60.05,60.16,58.29,58.71,45853720
2026-05-22 04:00:00+00:00,58.57,59.18,58.41,59.06,42431375
2026-05-26 04:00:00+00:00,58.45,59.14,57.42,57.44,38823918
2026-05-27 04:00:00+00:00,56.6,57.09,56.07,56.58,48332714
2026-05-28 04:00:00+00:00,57.14,57.27,56.27,56.54,46556675
2026-05-29 04:00:00+00:00,56.27,56.38,55.59,55.89,32392670
2026-06-01 04:00:00+00:00,56.62,57.4,56.44,56.89,55882499
2026-06-02 04:00:00+00:00,56.78,57.75,56.67,57.55,23844954
2026-06-03 04:00:00+00:00,57.82,58.95,57.59,58.29,46315280
2026-06-04 04:00:00+00:00,58.08,58.6,57.75,58.33,23918886
2026-06-05 04:00:00+00:00,58.25,58.36,57.22,57.26,28215614
2026-06-08 04:00:00+00:00,57.66,58.54,57.56,57.91,25720376
2026-06-09 04:00:00+00:00,57.66,57.79,56.4,56.98,45873585
2026-06-10 04:00:00+00:00,57.53,58.62,57.37,57.83,36517494
2026-06-11 04:00:00+00:00,58.35,58.57,56.65,56.71,40865540
2026-06-12 04:00:00+00:00,56.38,57.73,56.22,57.14,31967016
2026-06-15 04:00:00+00:00,54.8,55.65,54.63,55.15,44323404
2026-06-16 04:00:00+00:00,54.61,55.08,54.56,54.96,42011340
2026-06-17 04:00:00+00:00,54.86,54.96,54.15,54.28,38555633
2026-06-18 04:00:00+00:00,53.75,53.86,52.86,53.39,39648754
2026-06-22 04:00:00+00:00,53.53,54.13,53.165,54.06,30768633
2026-06-23 04:00:00+00:00,54.14,54.56,53.87,54.46,38692650
2026-06-24 04:00:00+00:00,53.5,53.765,52.94,53.57,43037246
2026-06-25 04:00:00+00:00,53.2,54.315,53.0,54.09,28241048
2026-06-26 04:00:00+00:00,54.0,54.15,53.675,53.84,19027442
2026-06-29 04:00:00+00:00,53.98,54.28,53.47,53.58,25145002
2026-06-30 04:00:00+00:00,53.62,54.115,53.08,53.11,28286385
2026-07-01 04:00:00+00:00,53.045,53.44,52.62,52.81,33665330
2026-07-02 04:00:00+00:00,53.24,53.65,52.91,53.22,28540343
2026-07-06 04:00:00+00:00,53.058,53.55,53.0,53.13,24738213
2026-07-07 04:00:00+00:00,53.61,54.82,53.6,54.64,41835975
2026-07-08 04:00:00+00:00,55.455,56.035,54.865,55.6,39743936
2026-07-09 04:00:00+00:00,55.28,55.48,54.73,54.82,21773683
2026-07-10 04:00:00+00:00,55.08,55.24,54.36,55.08,22976607
2026-07-13 04:00:00+00:00,55.86,56.97,55.86,56.74,41203133
2026-07-14 04:00:00+00:00,57.0,57.22,56.29,56.95,32581080
2026-07-15 04:00:00+00:00,56.94,57.04,55.76,56.5,33186512
2026-07-16 04:00:00+00:00,56.66,57.3,56.595,57.02,27479570
2026-07-17 04:00:00+00:00,57.95,58.115,57.28,57.68,31400162
2026-07-20 04:00:00+00:00,57.555,58.385,57.41,57.94,27324163
2026-07-21 04:00:00+00:00,58.16,58.53,57.83,58.5,20304885
2026-07-22 04:00:00+00:00,59.27,59.52,58.9,59.2,29542217
2026-07-23 04:00:00+00:00,60.244,60.3768,59.265,59.38,35829738
2026-07-24 04:00:00+00:00,59.4,60.45,59.4,59.62,34171657
2026-07-27 04:00:00+00:00,58.41,59.2799,58.23,58.36,33827437
2026-07-28 04:00:00+00:00,58.41,58.79,57.25,57.57,27802514
2026-07-29 04:00:00+00:00,59.08,59.3,58.42,58.65,34174818
2026-07-30 04:00:00+00:00,58.08,59.105,58.02,58.96,23047734
2026-07-31 04:00:00+00:00,58.93,59.685,58.32,59.55,23537721
2026-08-03 04:00:00+00:00,58.69,59.325,58.16,58.79,25971755
