timestamp,open,high,low,close,volume
2017-02-01 05:00:00+00:00,36.65,36.69,35.96,36.18,37552534
2017-02-02 05:00:00+00:00,36.24,36.45,35.95,36.39,26536262
2017-02-03 05:00:00+00:00,36.51,36.89,36.32,36.7,24407742
2017-02-06 05:00:00+00:00,36.76,36.83,36.28,36.39,23529726
2017-02-07 05:00:00+00:00,36.23,36.4,35.69,35.85,29310690
2017-02-08 05:00:00+00:00,35.71,36.04,35.33,35.96,34472740
2017-02-09 05:00:00+00:00,36.17,36.48,36.17,36.37,19731556
2017-02-10 05:00:00+00:00,36.66,36.85,36.53,36.65,21359868
2017-02-13 05:00:00+00:00,36.57,36.73,36.49,36.71,16396572
2017-02-14 05:00:00+00:00,36.82,36.85,36.37,36.84,21777778
2017-02-15 05:00:00+00:00,36.71,36.88,36.57,36.69,18841692
2017-02-16 05:00:00+00:00,36.72,36.77,36.13,36.16,23728238
2017-02-17 05:00:00+00:00,36.0,36.1,35.87,35.99,23877130
2017-02-21 05:00:00+00:00,36.33,36.42,36.17,36.24,24689646
2017-02-22 05:00:00+00:00,36.06,36.1,35.65,35.68,24447560
2017-02-23 05:00:00+00:00,36.08,36.14,35.6,35.83,37645274
2017-02-24 05:00:00+00:00,35.57,35.71,35.32,35.48,31697882
2017-02-27 05:00:00+00:00,35.53,35.96,35.47,35.8,51054442
2017-02-28 05:00:00+00:00,35.69,35.86,35.59,35.69,29015096
2017-03-01 05:00:00+00:00,36.02,36.57,35.99,36.41,39391280
2017-03-02 05:00:00+00:00,36.23,36.41,36.05,36.06,22663380
2017-03-03 05:00:00+00:00,36.12,36.26,35.91,35.99,22872654
2017-03-06 05:00:00+00:00,35.94,36.13,35.8,36.08,17205174
2017-03-07 05:00:00+00:00,36.21,36.22,35.71,35.76,23475422
2017-03-08 05:00:00+00:00,35.61,35.82,34.81,34.83,54371102
2017-03-09 05:00:00+00:00,34.67,35.08,34.45,35.06,56803928
2017-03-10 05:00:00+00:00,35.28,35.33,34.8,35.01,35557170
2017-03-13 04:00:00+00:00,34.97,35.18,34.89,35.01,26688962
2017-03-14 04:00:00+00:00,34.74,34.74,34.31,34.61,53794200
2017-03-15 04:00:00+00:00,34.91,35.47,34.74,35.38,48439254
2017-03-16 04:00:00+00:00,35.46,35.46,35.03,35.14,33394254
2017-03-17 04:00:00+00:00,35.07,35.15,34.9,34.92,29546768
2017-03-20 04:00:00+00:00,34.78,34.92,34.58,34.85,24395340
2017-03-21 04:00:00+00:00,35.02,35.04,34.48,34.6,34133166
2017-03-22 04:00:00+00:00,34.5,34.72,34.36,34.56,25069700
2017-03-23 04:00:00+00:00,34.46,34.71,34.38,34.42,24449686
2017-03-24 04:00:00+00:00,34.47,34.54,34.22,34.28,21300062
2017-03-27 04:00:00+00:00,33.96,34.22,33.93,34.12,25122914
2017-03-28 04:00:00+00:00,34.19,34.69,34.09,34.6,56567470
2017-03-29 04:00:00+00:00,34.6,35.14,34.51,35.08,38141012
2017-03-30 04:00:00+00:00,35.3,35.39,34.98,35.07,32883082
2017-03-31 04:00:00+00:00,34.96,35.17,34.79,34.95,41825322
2017-04-03 04:00:00+00:00,35.01,35.03,34.54,34.89,26755546
2017-04-04 04:00:00+00:00,34.97,35.17,34.63,35.15,26832952
2017-04-05 04:00:00+00:00,35.44,35.74,34.98,35.03,49293684
2017-04-06 04:00:00+00:00,35.17,35.42,35.08,35.33,26949116
2017-04-07 04:00:00+00:00,35.34,35.43,35.13,35.18,25404182
2017-04-10 04:00:00+00:00,35.38,35.6,35.3,35.46,22461302
2017-04-11 04:00:00+00:00,35.5,35.52,35.07,35.46,28288692
2017-04-12 04:00:00+00:00,35.49,35.71,35.19,35.3,23118056
2017-04-13 04:00:00+00:00,35.27,35.3,34.58,34.66,36452458
2017-04-17 04:00:00+00:00,34.65,34.77,34.56,34.73,16781902
2017-04-18 04:00:00+00:00,34.59,34.81,34.33,34.41,30156842
2017-04-19 04:00:00+00:00,34.49,34.55,33.81,33.9,38792254
2017-04-20 04:00:00+00:00,34.01,34.32,33.97,34.07,33053392
2017-04-21 04:00:00+00:00,33.92,34.07,33.73,33.9,28660932
2017-04-24 04:00:00+00:00,34.15,34.24,33.99,34.1,27398956
2017-04-25 04:00:00+00:00,34.18,34.47,34.08,34.39,33256598
2017-04-26 04:00:00+00:00,34.23,34.74,34.21,34.27,37938326
2017-04-27 04:00:00+00:00,34.02,34.04,33.56,33.9,42782450
2017-04-28 04:00:00+00:00,34.19,34.24,33.87,33.92,29343032
2017-05-01 04:00:00+00:00,33.91,34.0,33.75,33.84,19438866
2017-05-02 04:00:00+00:00,33.9,34.01,33.52,33.67,34046472
2017-05-03 04:00:00+00:00,33.58,33.91,33.49,33.76,35749304
2017-05-04 04:00:00+00:00,33.52,33.56,32.92,33.12,69264256
2017-05-05 04:00:00+00:00,33.15,33.71,33.13,33.66,38940516
2017-05-08 04:00:00+00:00,33.65,33.96,33.62,33.9,43019640
2017-05-09 04:00:00+00:00,33.97,33.97,33.51,33.62,21942834
2017-05-10 04:00:00+00:00,33.81,34.22,33.78,34.06,43458266
2017-05-11 04:00:00+00:00,34.18,34.24,33.94,33.99,24692094
2017-05-12 04:00:00+00:00,33.98,34.03,33.78,33.88,21795254
2017-05-15 04:00:00+00:00,34.38,34.44,34.03,34.14,27289576
2017-05-16 04:00:00+00:00,34.3,34.3,33.85,33.97,23896584
2017-05-17 04:00:00+00:00,33.77,34.06,33.62,33.64,31653138
2017-05-18 04:00:00+00:00,33.49,33.79,33.36,33.63,28860774
2017-05-19 04:00:00+00:00,33.79,34.11,33.71,34.03,31651194
2017-05-22 04:00:00+00:00,34.22,34.24,33.85,33.97,20912716
2017-05-23 04:00:00+00:00,34.06,34.09,33.87,34.02,18904856
2017-05-24 04:00:00+00:00,34.01,34.11,33.71,33.87,27806372
2017-05-25 04:00:00+00:00,33.78,34.12,33.13,33.25,48048290
2017-05-26 04:00:00+00:00,33.25,33.34,33.09,33.31,27190908
2017-05-30 04:00:00+00:00,33.13,33.13,32.85,32.85,29980056
2017-05-31 04:00:00+00:00,32.6,32.82,32.55,32.72,33031046
2017-06-01 04:00:00+00:00,32.74,33.05,32.63,32.92,36622712
2017-06-02 04:00:00+00:00,32.78,32.78,32.41,32.55,33926660
2017-06-05 04:00:00+00:00,32.45,32.73,32.44,32.6,26416674
2017-06-06 04:00:00+00:00,32.59,33.05,32.51,32.99,30327420
2017-06-07 04:00:00+00:00,32.85,33.02,32.3,32.52,47165958
2017-06-08 04:00:00+00:00,32.4,32.67,32.36,32.43,45249108
2017-06-09 04:00:00+00:00,32.53,33.32,32.5,33.21,47791258
2017-06-12 04:00:00+00:00,33.51,33.78,33.37,33.46,48515618
2017-06-13 04:00:00+00:00,33.55,33.74,33.39,33.7,33056490
2017-06-14 04:00:00+00:00,33.6,33.6,32.83,33.09,61877996
2017-06-15 04:00:00+00:00,32.92,33.1,32.69,32.85,39171048
2017-06-16 04:00:00+00:00,32.81,33.17,32.6,33.15,50759290
2017-06-19 04:00:00+00:00,33.08,33.15,32.85,32.94,33469826
2017-06-20 04:00:00+00:00,32.56,32.61,32.16,32.52,32963612
2017-06-21 04:00:00+00:00,32.42,32.61,31.82,32.0,56251430
2017-06-22 04:00:00+00:00,32.01,32.25,31.85,31.98,32646462
2017-06-23 04:00:00+00:00,31.98,32.23,31.89,32.19,29738556
2017-06-26 04:00:00+00:00,32.29,32.35,31.99,32.12,27361040
2017-06-27 04:00:00+00:00,32.24,32.38,32.07,32.07,28698624
2017-06-28 04:00:00+00:00,32.11,32.44,32.09,32.24,34055732
2017-06-29 04:00:00+00:00,32.35,32.67,32.24,32.32,38694952
2017-06-30 04:00:00+00:00,32.55,32.61,32.25,32.44,41703594
2017-07-03 04:00:00+00:00,32.58,33.24,32.54,33.09,38532138
2017-07-05 04:00:00+00:00,32.92,32.95,32.29,32.42,43185306
2017-07-06 04:00:00+00:00,32.47,32.57,31.99,32.06,42303836
2017-07-07 04:00:00+00:00,31.95,32.05,31.65,32.01,33587012
2017-07-10 04:00:00+00:00,31.96,32.19,31.89,32.1,34005028
2017-07-11 04:00:00+00:00,32.17,32.4,31.97,32.28,25483102
2017-07-12 04:00:00+00:00,32.6,32.69,32.24,32.38,30143046
2017-07-13 04:00:00+00:00,32.4,32.53,32.22,32.52,20589526
2017-07-14 04:00:00+00:00,32.53,32.76,32.49,32.7,21967106
2017-07-17 04:00:00+00:00,32.64,32.88,32.61,32.66,24632088
2017-07-18 04:00:00+00:00,32.83,32.84,32.37,32.51,30539442
2017-07-19 04:00:00+00:00,32.47,33.01,32.45,32.98,51626340
2017-07-20 04:00:00+00:00,33.17,33.28,32.79,32.88,34841630
2017-07-21 04:00:00+00:00,32.77,32.92,32.51,32.56,27171126
2017-07-24 04:00:00+00:00,32.63,32.67,32.42,32.49,21415392
2017-07-25 04:00:00+00:00,32.89,33.14,32.81,32.91,31927376
2017-07-26 04:00:00+00:00,33.09,33.32,32.85,32.94,42775518
2017-07-27 04:00:00+00:00,32.95,33.29,32.8,33.28,32151612
2017-07-28 04:00:00+00:00,33.17,33.56,33.11,33.24,29690682
2017-07-31 04:00:00+00:00,33.24,33.5,33.16,33.31,27677120
2017-08-01 04:00:00+00:00,33.33,33.49,33.16,33.31,25827644
2017-08-02 04:00:00+00:00,33.14,33.32,32.84,33.18,30964250
2017-08-03 04:00:00+00:00,33.13,33.18,32.57,32.72,31781194
2017-08-04 04:00:00+00:00,32.73,32.91,32.66,32.82,19155944
2017-08-07 04:00:00+00:00,32.68,32.74,32.47,32.57,24464274
2017-08-08 04:00:00+00:00,32.48,32.78,32.4,32.49,21659958
2017-08-09 04:00:00+00:00,32.55,32.73,32.41,32.53,21147944
2017-08-10 04:00:00+00:00,32.58,32.64,32.13,32.18,31348658
2017-08-11 04:00:00+00:00,32.08,32.26,31.94,31.97,33607012
2017-08-14 04:00:00+00:00,32.03,32.17,31.84,31.88,24599810
2017-08-15 04:00:00+00:00,31.93,31.93,31.57,31.76,25975782
2017-08-16 04:00:00+00:00,31.77,31.85,31.39,31.45,34993334
2017-08-17 04:00:00+00:00,31.33,31.45,31.0,31.01,30457956
2017-08-18 04:00:00+00:00,30.96,31.37,30.91,31.16,38576378
2017-08-21 04:00:00+00:00,31.12,31.13,30.9,31.0,21162418
2017-08-22 04:00:00+00:00,31.09,31.28,31.07,31.21,30935544
2017-08-23 04:00:00+00:00,31.14,31.5,31.11,31.34,23557632
2017-08-24 04:00:00+00:00,31.23,31.44,31.22,31.35,21088688
2017-08-25 04:00:00+00:00,31.42,31.63,31.41,31.5,16837688
2017-08-28 04:00:00+00:00,31.52,31.62,31.19,31.36,20705278
2017-08-29 04:00:00+00:00,31.21,31.36,31.09,31.32,17905002
2017-08-30 04:00:00+00:00,31.2,31.43,31.11,31.34,17487264
2017-08-31 04:00:00+00:00,31.47,31.57,31.37,31.49,21389918
2017-09-01 04:00:00+00:00,31.54,31.9,31.46,31.79,24131030
2017-09-05 04:00:00+00:00,31.92,32.12,31.74,31.97,36968572
2017-09-06 04:00:00+00:00,32.13,32.58,32.11,32.49,37117174
2017-09-07 04:00:00+00:00,32.5,32.63,32.33,32.55,17700108
2017-09-08 04:00:00+00:00,32.48,32.49,32.05,32.2,21570226
2017-09-11 04:00:00+00:00,32.33,32.55,32.25,32.51,29498356
2017-09-12 04:00:00+00:00,32.58,32.78,32.52,32.71,19459422
2017-09-13 04:00:00+00:00,32.78,33.14,32.74,33.12,33039142
2017-09-14 04:00:00+00:00,33.18,33.5,33.17,33.28,30325834
2017-09-15 04:00:00+00:00,32.91,32.92,32.7,32.92,26781394
2017-09-18 04:00:00+00:00,32.85,33.08,32.82,33.06,25651702
2017-09-19 04:00:00+00:00,33.13,33.24,33.07,33.2,21643344
2017-09-20 04:00:00+00:00,33.29,33.51,33.26,33.42,37311518
2017-09-21 04:00:00+00:00,33.38,33.51,33.28,33.43,19252872
2017-09-22 04:00:00+00:00,33.4,33.7,33.37,33.6,30088506
2017-09-25 04:00:00+00:00,33.76,34.19,33.72,34.09,31508620
2017-09-26 04:00:00+00:00,34.0,34.13,33.91,34.07,22008350
2017-09-27 04:00:00+00:00,34.1,34.23,33.91,34.22,22336344
2017-09-28 04:00:00+00:00,34.29,34.45,34.15,34.24,24129994
2017-09-29 04:00:00+00:00,34.13,34.24,34.02,34.24,30892928
2017-10-02 04:00:00+00:00,33.88,34.24,33.74,34.24,25566398
2017-10-03 04:00:00+00:00,34.19,34.31,34.12,34.2,14801846
2017-10-04 04:00:00+00:00,34.2,34.3,34.05,34.17,20922610
2017-10-05 04:00:00+00:00,34.2,34.38,34.17,34.33,21559128
2017-10-06 04:00:00+00:00,34.0,34.19,33.92,34.03,25056666
2017-10-09 04:00:00+00:00,34.08,34.21,34.03,34.11,11987442
2017-10-10 04:00:00+00:00,34.35,34.47,34.1,34.14,15883574
2017-10-11 04:00:00+00:00,34.1,34.23,33.96,34.22,20917394
2017-10-12 04:00:00+00:00,33.96,34.13,33.9,34.09,20836196
2017-10-13 04:00:00+00:00,34.29,34.39,34.05,34.07,18142548
2017-10-16 04:00:00+00:00,34.17,34.34,34.08,34.15,16956318
2017-10-17 04:00:00+00:00,34.14,34.24,33.98,34.17,16989498
2017-10-18 04:00:00+00:00,34.14,34.28,33.89,33.92,16225276
2017-10-19 04:00:00+00:00,33.69,33.96,33.67,33.82,15914120
2017-10-20 04:00:00+00:00,33.9,33.91,33.66,33.89,20874870
2017-10-23 04:00:00+00:00,33.91,34.02,33.68,33.71,18537350
2017-10-24 04:00:00+00:00,33.83,33.92,33.7,33.78,20111228
2017-10-25 04:00:00+00:00,33.72,33.81,33.44,33.54,28346830
2017-10-26 04:00:00+00:00,33.56,33.72,33.41,33.61,19238974
2017-10-27 04:00:00+00:00,33.44,33.85,33.17,33.67,32989278
2017-10-30 04:00:00+00:00,33.72,33.94,33.66,33.85,24233976
2017-10-31 04:00:00+00:00,33.86,34.08,33.71,33.96,20166052
2017-11-01 04:00:00+00:00,34.16,34.5,34.15,34.34,35910168
2017-11-02 04:00:00+00:00,34.34,34.44,34.03,34.24,23732316
2017-11-03 04:00:00+00:00,34.23,34.48,34.19,34.34,23553258
2017-11-06 05:00:00+00:00,34.49,35.17,34.44,35.13,40761546
2017-11-07 05:00:00+00:00,35.19,35.23,34.9,35.08,28069646
2017-11-08 05:00:00+00:00,34.99,35.09,34.72,34.91,29863124
2017-11-09 05:00:00+00:00,34.78,35.08,34.73,35.02,26830434
2017-11-10 05:00:00+00:00,34.96,34.99,34.57,34.83,22074464
2017-11-13 05:00:00+00:00,34.74,34.87,34.59,34.63,15870328
2017-11-14 05:00:00+00:00,34.5,34.5,34.03,34.07,34765654
2017-11-15 05:00:00+00:00,33.77,33.84,33.55,33.67,38927690
2017-11-16 05:00:00+00:00,33.58,33.7,33.46,33.54,25791318
2017-11-17 05:00:00+00:00,33.62,33.78,33.53,33.72,19203212
2017-11-20 05:00:00+00:00,33.67,33.71,33.49,33.64,16014186
2017-11-21 05:00:00+00:00,33.77,33.9,33.64,33.71,17384018
2017-11-22 05:00:00+00:00,33.91,33.98,33.83,33.85,19513588
2017-11-24 05:00:00+00:00,33.98,34.05,33.94,33.94,10294368
2017-11-27 05:00:00+00:00,33.8,33.84,33.52,33.6,22893170
2017-11-28 05:00:00+00:00,33.63,33.91,33.59,33.85,25298890
2017-11-29 05:00:00+00:00,33.84,34.1,33.77,34.04,27974808
2017-11-30 05:00:00+00:00,34.12,34.62,34.12,34.55,47184584
2017-12-01 05:00:00+00:00,34.8,35.08,34.47,34.84,43134552
2017-12-04 05:00:00+00:00,34.88,35.38,34.72,34.83,27708834
2017-12-05 05:00:00+00:00,34.83,34.95,34.64,34.67,22186560
2017-12-06 05:00:00+00:00,34.58,34.64,34.18,34.23,25873932
2017-12-07 05:00:00+00:00,34.19,34.39,34.16,34.33,17773700
2017-12-08 05:00:00+00:00,34.5,34.66,33.34,34.66,22585818
2017-12-11 05:00:00+00:00,34.71,35.07,34.69,34.89,24063602
2017-12-12 05:00:00+00:00,35.03,35.07,34.75,34.8,23936756
2017-12-13 05:00:00+00:00,34.8,34.88,34.64,34.74,19213586
2017-12-14 05:00:00+00:00,34.62,34.87,34.6,34.62,24883134
2017-12-15 05:00:00+00:00,34.64,34.64,34.31,34.36,20897184
2017-12-18 05:00:00+00:00,34.45,34.8,34.44,34.63,20798008
2017-12-19 05:00:00+00:00,34.78,34.88,34.6,34.67,14224282
2017-12-20 05:00:00+00:00,34.79,35.23,34.69,35.17,25837868
2017-12-21 05:00:00+00:00,35.18,36.02,35.15,35.92,35147866
2017-12-22 05:00:00+00:00,35.95,36.13,35.8,35.99,21709060
2017-12-26 05:00:00+00:00,36.12,36.36,36.04,36.3,18422986
2017-12-27 05:00:00+00:00,36.31,36.32,36.11,36.17,22081876
2017-12-28 05:00:00+00:00,36.17,36.24,36.11,36.22,16395004
2017-12-29 05:00:00+00:00,36.33,36.35,36.07,36.12,16112936
2018-01-02 05:00:00+00:00,36.31,36.77,36.2,36.73,31411410
2018-01-03 05:00:00+00:00,36.8,37.37,36.76,37.28,39775756
2018-01-04 05:00:00+00:00,37.25,37.53,37.12,37.5,29534988
2018-01-05 05:00:00+00:00,37.45,37.52,37.17,37.49,28997352
2018-01-08 05:00:00+00:00,37.47,37.73,37.37,37.71,20884926
2018-01-09 05:00:00+00:00,37.78,37.8,37.56,37.62,18828884
2018-01-10 05:00:00+00:00,37.73,37.75,37.54,37.57,21933996
2018-01-11 05:00:00+00:00,37.7,38.48,37.57,38.34,37457546
2018-01-12 05:00:00+00:00,38.35,38.81,38.35,38.71,40444222
2018-01-16 05:00:00+00:00,38.8,38.83,38.15,38.22,35786488
2018-01-17 05:00:00+00:00,38.33,38.72,38.08,38.56,29531298
2018-01-18 05:00:00+00:00,38.41,38.51,38.17,38.24,23696834
2018-01-19 05:00:00+00:00,38.16,38.21,37.94,38.19,28061612
2018-01-22 05:00:00+00:00,38.24,39.03,38.23,39.02,35625428
2018-01-23 05:00:00+00:00,39.09,39.13,38.76,38.96,20578132
2018-01-24 05:00:00+00:00,39.0,39.2,38.72,38.85,26658526
2018-01-25 05:00:00+00:00,39.05,39.05,38.48,38.53,23805642
2018-01-26 05:00:00+00:00,38.63,38.82,38.55,38.76,15742408
2018-01-29 05:00:00+00:00,38.59,38.74,38.11,38.17,26001600
2018-01-30 05:00:00+00:00,37.85,37.96,37.37,37.39,46704862
2018-01-31 05:00:00+00:00,37.5,37.57,37.17,37.42,33967842
2018-02-01 05:00:00+00:00,37.48,37.84,37.27,37.83,36900296
2018-02-02 05:00:00+00:00,37.12,37.21,36.03,36.25,64310242
2018-02-05 05:00:00+00:00,35.74,36.2,34.14,34.71,72462644
2018-02-06 05:00:00+00:00,34.12,35.23,33.95,34.99,66656560
2018-02-07 05:00:00+00:00,35.1,35.53,34.4,34.4,50180614
2018-02-08 05:00:00+00:00,34.44,34.58,33.34,33.36,57006446
2018-02-09 05:00:00+00:00,33.79,33.79,32.23,33.34,71204810
2018-02-12 05:00:00+00:00,33.77,34.26,33.6,33.9,51531186
2018-02-13 05:00:00+00:00,33.71,33.89,33.51,33.75,24993398
2018-02-14 05:00:00+00:00,33.41,34.33,33.33,34.23,40620216
2018-02-15 05:00:00+00:00,34.3,34.33,33.6,34.14,33474110
2018-02-16 05:00:00+00:00,34.0,34.38,33.85,34.06,27831690
2018-02-20 05:00:00+00:00,34.13,34.38,33.72,33.89,36544360
2018-02-21 05:00:00+00:00,33.78,34.09,33.31,33.31,25975788
2018-02-22 05:00:00+00:00,33.55,34.17,33.46,33.68,31248120
2018-02-23 05:00:00+00:00,33.84,34.42,33.78,34.4,34216808
2018-02-26 05:00:00+00:00,34.58,34.67,34.4,34.6,25176708
2018-02-27 05:00:00+00:00,34.67,34.95,34.15,34.16,27714546
2018-02-28 05:00:00+00:00,34.34,34.46,33.35,33.37,36553458
2018-03-01 05:00:00+00:00,33.34,33.84,33.08,33.32,46427964
2018-03-02 05:00:00+00:00,33.09,33.6,32.83,33.48,29968474
2018-03-05 05:00:00+00:00,33.32,33.94,33.26,33.84,26397268
2018-03-06 05:00:00+00:00,34.04,34.17,33.68,33.85,31780900
2018-03-07 05:00:00+00:00,33.49,33.84,33.28,33.59,25380526
2018-03-08 05:00:00+00:00,33.67,33.77,33.35,33.59,16371234
2018-03-09 05:00:00+00:00,33.85,34.26,33.82,34.22,24036254
2018-03-12 04:00:00+00:00,34.24,34.47,34.05,34.2,19191892
2018-03-13 04:00:00+00:00,34.32,34.48,33.83,33.97,22175242
2018-03-14 04:00:00+00:00,34.03,34.2,33.7,33.77,23241520
2018-03-15 04:00:00+00:00,33.9,34.04,33.34,33.6,25318402
2018-03-16 04:00:00+00:00,33.38,33.81,33.31,33.66,29507448
2018-03-19 04:00:00+00:00,33.55,33.6,32.95,33.14,30643914
2018-03-20 04:00:00+00:00,33.32,33.64,33.27,33.42,23381526
2018-03-21 04:00:00+00:00,33.62,34.51,33.51,34.29,34582014
2018-03-22 04:00:00+00:00,33.91,34.09,33.53,33.59,38711290
2018-03-23 04:00:00+00:00,33.76,34.15,33.31,33.39,38815666
2018-03-26 04:00:00+00:00,33.77,34.03,33.38,33.98,32782200
2018-03-27 04:00:00+00:00,34.13,34.27,33.47,33.67,28416074
2018-03-28 04:00:00+00:00,33.69,33.8,32.96,33.01,37599152
2018-03-29 04:00:00+00:00,33.16,33.84,33.15,33.71,29027584
2018-04-02 04:00:00+00:00,33.58,33.64,32.46,33.02,38991758
2018-04-03 04:00:00+00:00,33.17,33.77,32.84,33.74,29299194
2018-04-04 04:00:00+00:00,33.22,33.76,32.99,33.69,25866562
2018-04-05 04:00:00+00:00,33.78,34.51,33.78,34.3,28119522
2018-04-06 04:00:00+00:00,34.08,34.24,33.23,33.67,39267206
2018-04-09 04:00:00+00:00,33.84,34.27,33.7,33.84,22390344
2018-04-10 04:00:00+00:00,34.37,35.23,34.36,34.96,47053826
2018-04-11 04:00:00+00:00,34.9,35.4,34.85,35.32,42966350
2018-04-12 04:00:00+00:00,35.44,35.6,35.19,35.32,28790360
2018-04-13 04:00:00+00:00,35.51,35.85,35.46,35.71,27296992
2018-04-16 04:00:00+00:00,35.78,36.23,35.6,36.06,28637572
2018-04-17 04:00:00+00:00,36.17,36.38,35.96,36.22,33346054
2018-04-18 04:00:00+00:00,36.53,37.11,36.52,36.78,35906736
2018-04-19 04:00:00+00:00,36.81,37.1,36.6,36.83,37012902
2018-04-20 04:00:00+00:00,36.75,36.78,36.42,36.66,27933244
2018-04-23 04:00:00+00:00,36.53,36.88,36.34,36.87,30038996
2018-04-24 04:00:00+00:00,36.98,37.23,36.28,36.47,46248976
2018-04-25 04:00:00+00:00,36.37,36.82,36.14,36.77,26822548
2018-04-26 04:00:00+00:00,36.91,37.34,36.79,37.31,25136362
2018-04-27 04:00:00+00:00,36.92,37.1,36.77,36.92,21615458
2018-04-30 04:00:00+00:00,36.85,37.32,36.84,36.91,26494200
2018-05-01 04:00:00+00:00,36.72,36.74,36.22,36.68,28237968
2018-05-02 04:00:00+00:00,36.57,37.12,36.52,36.83,27439062
2018-05-03 04:00:00+00:00,36.66,36.81,36.25,36.74,31860470
2018-05-04 04:00:00+00:00,36.65,37.06,36.49,36.92,29501518
2018-05-07 04:00:00+00:00,37.22,37.78,36.9,36.98,36826912
2018-05-08 04:00:00+00:00,36.99,37.28,36.32,37.27,58634752
2018-05-09 04:00:00+00:00,37.72,38.45,37.72,38.03,51249244
2018-05-10 04:00:00+00:00,38.17,38.4,38.0,38.33,28221706
2018-05-11 04:00:00+00:00,38.4,38.63,38.28,38.37,24573618
2018-05-14 04:00:00+00:00,38.49,38.81,38.49,38.63,21188954
2018-05-15 04:00:00+00:00,38.57,38.7,38.35,38.6,21251096
2018-05-16 04:00:00+00:00,38.59,38.8,38.39,38.78,24183356
2018-05-17 04:00:00+00:00,38.9,39.41,38.88,39.36,33272416
2018-05-18 04:00:00+00:00,39.29,39.33,39.03,39.06,30490924
2018-05-21 04:00:00+00:00,39.28,39.46,39.08,39.46,24331690
2018-05-22 04:00:00+00:00,39.45,39.71,38.82,38.93,33945986
2018-05-23 04:00:00+00:00,38.71,38.96,38.38,38.92,33857970
2018-05-24 04:00:00+00:00,38.48,38.53,38.11,38.27,38980872
2018-05-25 04:00:00+00:00,37.61,37.66,36.92,37.29,66135226
2018-05-29 04:00:00+00:00,37.0,37.4,36.83,37.16,39294618
2018-05-30 04:00:00+00:00,37.49,38.47,37.48,38.33,48091724
2018-05-31 04:00:00+00:00,38.02,38.46,37.93,38.01,27152906
2018-06-01 04:00:00+00:00,38.14,38.44,37.99,38.19,28449868
2018-06-04 04:00:00+00:00,38.32,38.6,37.76,37.86,27872090
2018-06-05 04:00:00+00:00,37.67,38.06,37.59,37.78,27671894
2018-06-06 04:00:00+00:00,37.91,38.05,37.62,37.95,27335452
2018-06-07 04:00:00+00:00,38.15,38.74,38.14,38.53,31474606
2018-06-08 04:00:00+00:00,38.57,38.67,38.21,38.45,22826872
2018-06-11 04:00:00+00:00,38.44,38.82,38.36,38.64,22164852
2018-06-12 04:00:00+00:00,38.65,38.74,38.25,38.35,31930424
2018-06-13 04:00:00+00:00,38.24,38.44,38.05,38.21,25325938
2018-06-14 04:00:00+00:00,38.32,38.43,38.06,38.13,21143466
2018-06-15 04:00:00+00:00,37.68,37.76,37.01,37.09,33131262
2018-06-18 04:00:00+00:00,36.99,37.71,36.99,37.46,27230040
2018-06-19 04:00:00+00:00,37.01,37.51,36.9,37.37,26559162
2018-06-20 04:00:00+00:00,37.6,37.67,37.24,37.53,23632984
2018-06-21 04:00:00+00:00,37.27,37.29,36.67,36.83,31050754
2018-06-22 04:00:00+00:00,37.75,37.99,37.57,37.58,58471586
2018-06-25 04:00:00+00:00,37.47,37.52,36.57,36.79,37941324
2018-06-26 04:00:00+00:00,36.92,37.43,36.78,37.28,27639276
2018-06-27 04:00:00+00:00,37.6,38.26,37.58,37.78,41758926
2018-06-28 04:00:00+00:00,37.84,37.98,37.45,37.74,28750380
2018-06-29 04:00:00+00:00,37.84,38.37,37.84,37.97,27279330
2018-07-02 04:00:00+00:00,37.71,37.72,37.21,37.4,31360438
2018-07-03 04:00:00+00:00,37.8,38.23,37.56,37.56,19365264
2018-07-05 04:00:00+00:00,37.88,37.99,37.49,37.6,20388146
2018-07-06 04:00:00+00:00,37.49,37.96,37.32,37.84,18932232
2018-07-09 04:00:00+00:00,38.07,38.46,38.05,38.41,22652590
2018-07-10 04:00:00+00:00,38.64,39.0,38.59,38.68,22432872
2018-07-11 04:00:00+00:00,38.33,38.56,37.62,37.87,39561686
2018-07-12 04:00:00+00:00,37.97,38.17,37.66,37.93,25603582
2018-07-13 04:00:00+00:00,37.97,38.36,37.87,38.13,23180942
2018-07-16 04:00:00+00:00,37.76,37.94,37.37,37.69,23189192
2018-07-17 04:00:00+00:00,37.57,37.75,37.33,37.54,19775620
2018-07-18 04:00:00+00:00,37.36,37.62,36.99,37.56,32462210
2018-07-19 04:00:00+00:00,37.47,37.74,37.42,37.56,34017930
2018-07-20 04:00:00+00:00,37.65,37.66,37.33,37.44,22123752
2018-07-23 04:00:00+00:00,37.55,37.58,37.21,37.28,15507888
2018-07-24 04:00:00+00:00,37.45,37.97,37.4,37.75,20871074
2018-07-25 04:00:00+00:00,37.8,38.16,37.62,38.1,22493968
2018-07-26 04:00:00+00:00,38.15,38.55,38.07,38.48,25070606
2018-07-27 04:00:00+00:00,38.05,38.52,38.0,38.32,25632824
2018-07-30 04:00:00+00:00,38.62,38.78,38.49,38.63,23036658
2018-07-31 04:00:00+00:00,38.7,38.81,38.47,38.53,23147344
2018-08-01 04:00:00+00:00,38.23,38.24,37.82,38.03,22864952
2018-08-02 04:00:00+00:00,37.74,37.89,37.5,37.82,19716326
2018-08-03 04:00:00+00:00,37.74,37.81,37.43,37.62,15696130
2018-08-06 04:00:00+00:00,37.73,37.94,37.51,37.76,16901578
2018-08-07 04:00:00+00:00,38.15,38.25,37.92,38.03,24260920
2018-08-08 04:00:00+00:00,37.78,37.91,37.54,37.77,19103958
2018-08-09 04:00:00+00:00,37.8,37.87,37.35,37.42,31001412
2018-08-10 04:00:00+00:00,37.33,37.65,37.26,37.61,35820012
2018-08-13 04:00:00+00:00,37.58,37.71,37.15,37.17,20081842
2018-08-14 04:00:00+00:00,37.45,37.51,37.1,37.26,23229268
2018-08-15 04:00:00+00:00,36.9,36.96,35.85,35.94,54083214
2018-08-16 04:00:00+00:00,36.13,36.42,36.11,36.22,58651988
2018-08-17 04:00:00+00:00,36.31,36.4,36.17,36.33,23657434
2018-08-20 04:00:00+00:00,36.32,36.68,36.3,36.54,17105590
2018-08-21 04:00:00+00:00,36.85,37.03,36.69,36.74,19275330
2018-08-22 04:00:00+00:00,36.97,37.29,36.94,37.17,19138686
2018-08-23 04:00:00+00:00,37.0,37.07,36.86,37.0,13247612
2018-08-24 04:00:00+00:00,37.23,37.49,37.2,37.27,15869680
2018-08-27 04:00:00+00:00,37.4,37.59,37.34,37.53,14310320
2018-08-28 04:00:00+00:00,37.62,37.77,37.36,37.39,17101164
2018-08-29 04:00:00+00:00,37.51,37.77,37.39,37.62,15763430
2018-08-30 04:00:00+00:00,37.6,37.67,37.31,37.51,18750288
2018-08-31 04:00:00+00:00,37.4,37.41,37.07,37.22,18736978
2018-09-04 04:00:00+00:00,37.39,37.42,36.99,37.14,30513848
2018-09-05 04:00:00+00:00,36.97,37.11,36.6,37.09,19461736
2018-09-06 04:00:00+00:00,36.95,37.08,36.31,36.41,29933478
2018-09-07 04:00:00+00:00,36.27,36.47,35.89,36.4,20493600
2018-09-10 04:00:00+00:00,36.59,36.74,36.37,36.39,17962724
2018-09-11 04:00:00+00:00,36.35,36.94,36.25,36.73,28980684
2018-09-12 04:00:00+00:00,37.03,37.28,36.91,36.92,25819408
2018-09-13 04:00:00+00:00,36.86,37.01,36.62,36.94,22206184
2018-09-14 04:00:00+00:00,36.94,37.27,36.92,37.13,19283830
2018-09-17 04:00:00+00:00,37.23,37.44,37.1,37.18,37913634
2018-09-18 04:00:00+00:00,37.46,37.69,37.43,37.44,20727442
2018-09-19 04:00:00+00:00,37.45,37.71,37.41,37.56,23287686
2018-09-20 04:00:00+00:00,37.71,37.85,37.52,37.56,25361014
2018-09-21 04:00:00+00:00,37.51,37.67,37.25,37.55,27764076
2018-09-24 04:00:00+00:00,37.88,38.27,37.85,38.1,26099648
2018-09-25 04:00:00+00:00,38.34,38.51,38.29,38.33,27786798
2018-09-26 04:00:00+00:00,38.11,38.31,37.91,37.98,25715482
2018-09-27 04:00:00+00:00,38.13,38.17,37.87,37.97,21486780
2018-09-28 04:00:00+00:00,37.8,38.27,37.78,37.88,32551686
2018-10-01 04:00:00+00:00,38.01,38.56,38.01,38.4,25941068
2018-10-02 04:00:00+00:00,38.49,38.57,38.17,38.47,19319152
2018-10-03 04:00:00+00:00,38.6,38.86,38.49,38.77,28025104
2018-10-04 04:00:00+00:00,38.62,38.85,38.36,38.59,30693092
2018-10-05 04:00:00+00:00,38.55,38.7,38.34,38.58,25254546
2018-10-08 04:00:00+00:00,38.3,38.61,38.15,38.55,23387830
2018-10-09 04:00:00+00:00,38.69,39.18,38.52,38.92,34475514
2018-10-10 04:00:00+00:00,38.96,39.02,37.5,37.53,54302392
2018-10-11 04:00:00+00:00,37.31,37.34,36.13,36.4,72680698
2018-10-12 04:00:00+00:00,36.76,36.87,35.95,36.5,47556974
2018-10-15 04:00:00+00:00,36.49,36.65,36.19,36.2,23652386
2018-10-16 04:00:00+00:00,36.3,36.56,36.15,36.49,31871646
2018-10-17 04:00:00+00:00,36.42,36.53,35.95,36.27,32949550
2018-10-18 04:00:00+00:00,35.93,36.42,35.85,36.09,33558436
2018-10-19 04:00:00+00:00,35.91,36.29,35.74,35.77,29453894
2018-10-22 04:00:00+00:00,35.74,35.82,35.16,35.38,26343182
2018-10-23 04:00:00+00:00,34.85,34.86,33.96,34.44,54679492
2018-10-24 04:00:00+00:00,34.61,34.62,33.08,33.09,59396314
2018-10-25 04:00:00+00:00,33.49,33.84,33.27,33.49,52249772
2018-10-26 04:00:00+00:00,33.22,33.65,32.69,33.24,51651468
2018-10-29 04:00:00+00:00,33.49,33.53,32.19,32.62,50246464
2018-10-30 04:00:00+00:00,32.6,33.46,32.45,33.38,54584126
2018-10-31 04:00:00+00:00,33.7,34.15,33.53,33.57,35731392
2018-11-01 04:00:00+00:00,33.65,34.03,33.31,33.87,44198012
2018-11-02 04:00:00+00:00,34.24,34.49,33.44,33.79,43102900
2018-11-05 05:00:00+00:00,34.19,34.48,34.11,34.35,28139250
2018-11-06 05:00:00+00:00,34.43,34.58,34.1,34.51,27399060
2018-11-07 05:00:00+00:00,34.95,35.18,34.55,35.06,34720062
2018-11-08 05:00:00+00:00,34.91,35.19,34.18,34.31,31861650
2018-11-09 05:00:00+00:00,33.9,34.47,33.67,34.26,46242130
2018-11-12 05:00:00+00:00,34.49,34.63,33.47,33.54,37163246
2018-11-13 05:00:00+00:00,33.45,33.63,32.6,32.78,66778212
2018-11-14 05:00:00+00:00,33.28,33.41,32.42,32.72,46198044
2018-11-15 05:00:00+00:00,32.51,33.24,32.22,33.2,40863410
2018-11-16 05:00:00+00:00,33.4,33.7,33.24,33.59,42304620
2018-11-19 05:00:00+00:00,33.39,33.72,33.28,33.57,31390684
2018-11-20 05:00:00+00:00,33.17,33.22,32.23,32.48,54210698
2018-11-21 05:00:00+00:00,32.74,33.34,32.66,32.99,35355884
2018-11-23 05:00:00+00:00,32.17,32.28,31.72,31.96,30410718
2018-11-26 05:00:00+00:00,32.19,32.65,32.19,32.44,34315236
2018-11-27 05:00:00+00:00,32.27,32.58,32.16,32.37,49514362
2018-11-28 05:00:00+00:00,32.32,32.92,32.11,32.92,46324520
2018-11-29 05:00:00+00:00,32.92,33.38,32.88,33.12,29397172
2018-11-30 05:00:00+00:00,32.83,33.15,32.66,33.06,37917962
2018-12-03 05:00:00+00:00,33.81,33.99,33.4,33.79,45273014
2018-12-04 05:00:00+00:00,33.81,33.92,32.76,32.84,37886994
2018-12-06 05:00:00+00:00,32.1,32.27,31.54,32.22,73689380
2018-12-07 05:00:00+00:00,32.83,33.32,31.98,32.04,55273876
2018-12-10 05:00:00+00:00,31.81,31.97,30.81,31.54,47535362
2018-12-11 05:00:00+00:00,32.03,32.08,31.22,31.55,35141046
2018-12-12 05:00:00+00:00,32.06,32.28,31.65,31.65,38765742
2018-12-13 05:00:00+00:00,31.6,31.97,31.46,31.77,30779752
2018-12-14 05:00:00+00:00,31.58,31.71,30.9,31.03,51256336
2018-12-17 05:00:00+00:00,30.97,31.23,30.26,30.48,42374374
2018-12-18 05:00:00+00:00,30.43,30.53,29.6,29.76,54634964
2018-12-19 05:00:00+00:00,29.92,30.48,29.17,29.41,92553532
2018-12-20 05:00:00+00:00,29.05,29.5,28.42,28.6,78703098
2018-12-21 05:00:00+00:00,28.34,28.81,27.82,28.06,76366276
2018-12-24 05:00:00+00:00,27.73,27.86,26.9,26.92,32690982
2018-12-26 05:00:00+00:00,27.18,28.6,26.68,28.58,59564860
2018-12-27 05:00:00+00:00,28.02,28.78,27.64,28.75,53874360
2018-12-28 05:00:00+00:00,28.87,29.01,28.35,28.51,39605744
2018-12-31 05:00:00+00:00,28.78,28.89,28.34,28.68,39201178
2019-01-02 05:00:00+00:00,28.22,29.44,28.08,29.24,50855236
2019-01-03 05:00:00+00:00,29.33,29.43,28.62,28.95,37677886
2019-01-04 05:00:00+00:00,29.45,30.03,29.28,29.98,44265086
2019-01-07 05:00:00+00:00,30.16,30.6,29.76,30.39,37634094
2019-01-08 05:00:00+00:00,30.82,30.88,30.45,30.65,38274594
2019-01-09 05:00:00+00:00,31.03,31.21,30.71,31.1,40941200
2019-01-10 05:00:00+00:00,30.83,31.23,30.69,31.2,38628562
2019-01-11 05:00:00+00:00,31.03,31.2,30.73,31.01,28617248
2019-01-14 05:00:00+00:00,30.71,31.06,30.67,30.93,27703836
2019-01-15 05:00:00+00:00,31.1,31.34,30.89,31.04,19996600
2019-01-16 05:00:00+00:00,31.01,31.26,30.9,31.0,25328588
2019-01-17 05:00:00+00:00,30.77,31.42,30.7,31.28,21030408
2019-01-18 05:00:00+00:00,31.66,31.95,31.47,31.92,30385544
2019-01-22 05:00:00+00:00,31.57,31.64,31.14,31.23,40201848
2019-01-23 05:00:00+00:00,31.34,31.38,30.65,30.91,51280576
2019-01-24 05:00:00+00:00,30.84,31.35,30.72,31.07,26302832
2019-01-25 05:00:00+00:00,31.34,31.66,31.29,31.47,20803128
2019-01-28 05:00:00+00:00,31.05,31.17,30.81,31.14,26056824
2019-01-29 05:00:00+00:00,31.33,31.46,31.22,31.25,24256502
2019-01-30 05:00:00+00:00,31.44,31.79,31.27,31.67,24559276
2019-01-31 05:00:00+00:00,31.74,32.04,31.65,31.9,37403728
2019-02-01 05:00:00+00:00,32.24,32.64,32.13,32.45,30989288
2019-02-04 05:00:00+00:00,32.23,32.53,31.99,32.52,21501558
2019-02-05 05:00:00+00:00,32.49,32.63,32.39,32.57,16422168
2019-02-06 05:00:00+00:00,32.42,32.51,32.3,32.35,13807604
2019-02-07 05:00:00+00:00,32.13,32.24,31.32,31.63,29654734
2019-02-08 05:00:00+00:00,31.53,31.61,30.94,31.47,21534948
2019-02-11 05:00:00+00:00,31.32,31.67,31.23,31.62,28447540
2019-02-12 05:00:00+00:00,32.05,32.2,31.65,32.02,22323920
2019-02-13 05:00:00+00:00,32.15,32.67,32.12,32.42,26718890
2019-02-14 05:00:00+00:00,32.31,32.78,32.24,32.53,20899806
2019-02-15 05:00:00+00:00,32.85,33.09,32.8,33.06,20716704
2019-02-19 05:00:00+00:00,32.9,33.28,32.85,33.16,17716952
2019-02-20 05:00:00+00:00,33.11,33.47,33.1,33.3,20303162
2019-02-21 05:00:00+00:00,33.2,33.28,32.67,32.78,24058060
2019-02-22 05:00:00+00:00,33.03,33.13,32.72,32.88,20017192
2019-02-25 05:00:00+00:00,32.78,33.05,32.74,32.94,36357156
2019-02-26 05:00:00+00:00,32.91,33.13,32.82,32.83,21334010
2019-02-27 05:00:00+00:00,32.99,33.3,32.8,32.96,21366774
2019-02-28 05:00:00+00:00,32.96,33.01,32.42,32.63,22915388
2019-03-01 05:00:00+00:00,32.8,33.23,32.8,33.23,45645900
2019-03-04 05:00:00+00:00,33.35,33.42,32.78,33.28,43269508
2019-03-05 05:00:00+00:00,33.33,33.35,32.94,33.17,35182060
2019-03-06 05:00:00+00:00,32.91,32.98,32.59,32.76,49237838
2019-03-07 05:00:00+00:00,32.78,32.8,32.43,32.56,48775124
2019-03-08 05:00:00+00:00,32.03,32.1,31.65,31.95,31736554
2019-03-11 04:00:00+00:00,32.19,32.53,32.16,32.45,27939370
2019-03-12 04:00:00+00:00,32.51,32.83,32.49,32.66,22555072
2019-03-13 04:00:00+00:00,32.87,33.01,32.73,32.99,27114380
2019-03-14 04:00:00+00:00,33.02,33.19,32.98,33.03,25291574
2019-03-15 04:00:00+00:00,32.73,32.85,32.63,32.76,25795054
2019-03-18 04:00:00+00:00,32.8,33.27,32.78,33.21,20544368
2019-03-19 04:00:00+00:00,33.38,33.55,32.99,33.12,25425308
2019-03-20 04:00:00+00:00,33.09,33.71,32.99,33.41,27936794
2019-03-21 04:00:00+00:00,33.31,33.7,33.24,33.65,44407696
2019-03-22 04:00:00+00:00,33.34,33.4,32.61,32.74,40635524
2019-03-25 04:00:00+00:00,32.6,32.81,32.44,32.75,24891082
2019-03-26 04:00:00+00:00,33.13,33.45,33.04,33.22,23292530
2019-03-27 04:00:00+00:00,33.2,33.35,32.73,32.99,19616138
2019-03-28 04:00:00+00:00,32.85,33.15,32.78,33.11,18633794
2019-03-29 04:00:00+00:00,33.43,33.51,32.95,33.06,20486388
2019-04-01 04:00:00+00:00,33.28,33.57,33.24,33.51,25379444
2019-04-02 04:00:00+00:00,33.58,33.61,33.19,33.27,24421120
2019-04-03 04:00:00+00:00,33.36,33.42,32.83,32.95,24658140
2019-04-04 04:00:00+00:00,32.97,33.24,32.81,33.22,21478026
2019-04-05 04:00:00+00:00,33.31,33.84,33.3,33.81,35174504
2019-04-08 04:00:00+00:00,33.85,34.13,33.82,33.96,21421426
2019-04-09 04:00:00+00:00,33.85,33.85,33.44,33.54,32566562
2019-04-10 04:00:00+00:00,33.62,33.82,33.58,33.67,19436638
2019-04-11 04:00:00+00:00,33.64,33.92,33.43,33.69,22888772
2019-04-12 04:00:00+00:00,34.17,34.2,33.7,33.78,31168090
2019-04-15 04:00:00+00:00,33.74,33.82,33.53,33.58,16830072
2019-04-16 04:00:00+00:00,33.7,33.85,33.58,33.8,16564440
2019-04-17 04:00:00+00:00,34.01,34.08,33.71,33.76,23112868
2019-04-18 04:00:00+00:00,33.85,33.9,33.51,33.6,20131294
2019-04-22 04:00:00+00:00,33.91,34.33,33.81,34.31,31167738
2019-04-23 04:00:00+00:00,34.33,34.41,34.03,34.25,21242952
2019-04-24 04:00:00+00:00,34.28,34.3,33.64,33.65,22407896
2019-04-25 04:00:00+00:00,33.65,33.82,33.47,33.55,26167404
2019-04-26 04:00:00+00:00,33.3,33.31,32.82,33.11,34696312
2019-04-29 04:00:00+00:00,33.12,33.26,33.02,33.08,28864152
2019-04-30 04:00:00+00:00,33.4,33.42,33.02,33.06,29418056
2019-05-01 04:00:00+00:00,33.07,33.17,32.37,32.4,47823668
2019-05-02 04:00:00+00:00,32.19,32.39,31.82,31.83,60773560
2019-05-03 04:00:00+00:00,32.13,32.38,32.06,32.13,44127768
2019-05-06 04:00:00+00:00,31.88,32.26,31.85,32.16,46327882
2019-05-07 04:00:00+00:00,31.78,31.9,31.47,31.88,30499126
2019-05-08 04:00:00+00:00,31.86,32.14,31.79,31.88,20003540
2019-05-09 04:00:00+00:00,31.73,32.0,31.46,31.88,29064392
2019-05-10 04:00:00+00:00,31.88,32.1,31.43,32.03,26443558
2019-05-13 04:00:00+00:00,31.74,31.89,31.33,31.48,28810052
2019-05-14 04:00:00+00:00,31.65,32.13,31.62,31.86,18855616
2019-05-15 04:00:00+00:00,31.68,32.1,31.6,32.03,20513564
2019-05-16 04:00:00+00:00,32.1,32.32,32.1,32.2,18976640
2019-05-17 04:00:00+00:00,31.99,32.16,31.84,31.88,22469602
2019-05-20 04:00:00+00:00,31.88,32.04,31.83,31.89,16500610
2019-05-21 04:00:00+00:00,32.03,32.35,31.99,32.26,46358200
2019-05-22 04:00:00+00:00,32.07,32.14,31.66,31.76,19685400
2019-05-23 04:00:00+00:00,31.23,31.26,30.51,30.7,49655356
2019-05-24 04:00:00+00:00,30.94,31.06,30.54,30.81,20550040
2019-05-28 04:00:00+00:00,30.83,30.89,30.45,30.45,26595880
2019-05-29 04:00:00+00:00,30.07,30.31,29.89,30.3,36801998
2019-05-30 04:00:00+00:00,30.25,30.3,29.82,29.91,31271282
2019-05-31 04:00:00+00:00,29.5,29.77,29.39,29.39,45677352
2019-06-03 04:00:00+00:00,29.59,29.91,29.54,29.76,38619836
2019-06-04 04:00:00+00:00,30.04,30.35,29.96,30.28,31190502
2019-06-05 04:00:00+00:00,30.34,30.35,29.76,29.94,35071200
2019-06-06 04:00:00+00:00,30.0,30.61,30.0,30.5,67572730
2019-06-07 04:00:00+00:00,30.59,30.83,30.52,30.64,31883092
2019-06-10 04:00:00+00:00,30.8,31.0,30.68,30.73,19832486
2019-06-11 04:00:00+00:00,31.0,31.1,30.78,30.79,19298854
2019-06-12 04:00:00+00:00,30.59,30.66,30.25,30.35,28123044
2019-06-13 04:00:00+00:00,30.7,30.85,30.34,30.71,24875708
2019-06-14 04:00:00+00:00,30.78,30.79,30.43,30.51,16065632
2019-06-17 04:00:00+00:00,30.44,30.85,30.35,30.76,17889344
2019-06-18 04:00:00+00:00,30.96,31.37,30.91,31.19,34867218
2019-06-19 04:00:00+00:00,31.14,31.33,30.99,31.15,17938792
2019-06-20 04:00:00+00:00,31.65,31.89,31.62,31.82,52822914
2019-06-21 04:00:00+00:00,31.6,31.89,31.6,31.78,33286986
2019-06-24 04:00:00+00:00,31.77,31.86,31.45,31.5,21195022
2019-06-25 04:00:00+00:00,31.48,31.51,31.21,31.25,24757994
2019-06-26 04:00:00+00:00,31.56,31.97,31.48,31.73,29318396
2019-06-27 04:00:00+00:00,31.73,31.82,31.43,31.49,21692604
2019-06-28 04:00:00+00:00,31.57,31.89,31.57,31.86,35609792
2019-07-01 04:00:00+00:00,32.25,32.35,31.81,31.9,30518994
2019-07-02 04:00:00+00:00,31.79,31.86,31.24,31.38,25522966
2019-07-03 04:00:00+00:00,31.42,31.53,31.23,31.5,15685846
2019-07-05 04:00:00+00:00,31.39,31.58,31.32,31.55,14937864
2019-07-08 04:00:00+00:00,31.5,31.77,31.41,31.59,17661282
2019-07-09 04:00:00+00:00,31.54,31.64,31.33,31.61,15103012
2019-07-10 04:00:00+00:00,31.82,32.13,31.6,32.02,24043418
2019-07-11 04:00:00+00:00,32.12,32.12,31.89,32.09,30079084
2019-07-12 04:00:00+00:00,32.1,32.33,32.1,32.24,16507996
2019-07-15 04:00:00+00:00,32.28,32.3,31.86,31.93,19596088
2019-07-16 04:00:00+00:00,31.87,31.92,31.46,31.59,21602108
2019-07-17 04:00:00+00:00,31.57,31.67,31.21,31.23,27883724
2019-07-18 04:00:00+00:00,31.08,31.24,30.9,31.22,26024930
2019-07-19 04:00:00+00:00,31.27,31.48,31.12,31.39,20415268
2019-07-22 04:00:00+00:00,31.5,31.63,31.28,31.53,15959374
2019-07-23 04:00:00+00:00,31.53,31.7,31.43,31.61,14796820
2019-07-24 04:00:00+00:00,31.57,31.95,31.54,31.75,20169894
2019-07-25 04:00:00+00:00,31.87,31.91,31.29,31.39,22594640
2019-07-26 04:00:00+00:00,31.39,31.39,31.09,31.22,19558872
2019-07-29 04:00:00+00:00,31.2,31.23,30.87,31.1,17082844
2019-07-30 04:00:00+00:00,30.98,31.53,30.91,31.45,22060386
2019-07-31 04:00:00+00:00,31.45,31.72,31.09,31.37,31712946
2019-08-01 04:00:00+00:00,31.01,31.15,30.44,30.64,51405448
2019-08-02 04:00:00+00:00,30.77,30.95,29.89,30.2,44414628
2019-08-05 04:00:00+00:00,29.64,29.72,29.09,29.3,57882236
2019-08-06 04:00:00+00:00,29.38,29.55,28.95,29.27,34417870
2019-08-07 04:00:00+00:00,28.73,29.19,28.58,29.05,50556690
2019-08-08 04:00:00+00:00,29.24,29.9,29.11,29.88,51790616
2019-08-09 04:00:00+00:00,29.91,29.97,29.43,29.55,29741744
2019-08-12 04:00:00+00:00,29.48,29.53,29.07,29.18,28146822
2019-08-13 04:00:00+00:00,29.07,29.75,28.92,29.46,29303434
2019-08-14 04:00:00+00:00,28.84,28.91,28.27,28.28,49421562
2019-08-15 04:00:00+00:00,28.17,28.3,27.84,28.14,29142522
2019-08-16 04:00:00+00:00,28.29,28.6,28.2,28.51,43916136
2019-08-19 04:00:00+00:00,28.91,29.25,28.86,29.14,28676760
2019-08-20 04:00:00+00:00,29.0,29.04,28.79,28.88,19506114
2019-08-21 04:00:00+00:00,29.2,29.25,28.97,29.08,24893236
2019-08-22 04:00:00+00:00,29.18,29.3,28.94,28.95,18900020
2019-08-23 04:00:00+00:00,28.61,28.88,27.82,27.98,50246702
2019-08-26 04:00:00+00:00,28.23,28.38,27.98,28.1,21844680
2019-08-27 04:00:00+00:00,28.25,28.37,27.78,27.93,24020048
2019-08-28 04:00:00+00:00,28.07,28.46,27.93,28.33,32114024
2019-08-29 04:00:00+00:00,28.55,28.86,28.52,28.75,25261206
2019-08-30 04:00:00+00:00,28.85,29.1,28.57,28.74,26769676
2019-09-03 04:00:00+00:00,28.28,28.66,28.19,28.6,30819624
2019-09-04 04:00:00+00:00,29.01,29.13,28.92,29.0,23415294
2019-09-05 04:00:00+00:00,29.26,29.68,29.21,29.39,29839650
2019-09-06 04:00:00+00:00,29.3,29.55,29.14,29.52,24952536
2019-09-09 04:00:00+00:00,29.76,30.18,29.7,30.11,54835546
2019-09-10 04:00:00+00:00,30.29,30.9,30.23,30.46,52099716
2019-09-11 04:00:00+00:00,30.63,30.87,30.33,30.48,46442928
2019-09-12 04:00:00+00:00,30.11,30.52,29.86,30.3,38644996
2019-09-13 04:00:00+00:00,30.43,30.7,30.37,30.54,28753446
2019-09-16 04:00:00+00:00,31.82,31.83,31.2,31.57,62992650
2019-09-17 04:00:00+00:00,31.55,31.6,30.92,31.13,53894520
2019-09-18 04:00:00+00:00,30.9,31.1,30.76,30.98,23936086
2019-09-19 04:00:00+00:00,31.16,31.23,30.8,30.9,29798520
2019-09-20 04:00:00+00:00,30.64,30.76,30.49,30.62,41720242
2019-09-23 04:00:00+00:00,30.44,30.73,30.4,30.65,19039614
2019-09-24 04:00:00+00:00,30.56,30.59,29.98,30.17,41860434
2019-09-25 04:00:00+00:00,30.03,30.25,29.96,30.22,20699008
2019-09-26 04:00:00+00:00,30.08,30.15,29.67,29.82,28694002
2019-09-27 04:00:00+00:00,29.66,30.04,29.6,29.82,32009190
2019-09-30 04:00:00+00:00,29.68,29.8,29.57,29.6,40484170
2019-10-01 04:00:00+00:00,29.72,29.81,28.91,28.91,33749848
2019-10-02 04:00:00+00:00,28.75,28.82,28.12,28.21,39656090
2019-10-03 04:00:00+00:00,28.05,28.54,27.82,28.51,44388330
2019-10-04 04:00:00+00:00,28.63,28.73,28.34,28.69,22455922
2019-10-07 04:00:00+00:00,28.74,28.85,28.42,28.44,25226940
2019-10-08 04:00:00+00:00,28.15,28.37,27.91,27.95,42578014
2019-10-09 04:00:00+00:00,28.2,28.36,28.15,28.21,18392246
2019-10-10 04:00:00+00:00,28.3,28.64,28.26,28.56,21332032
2019-10-11 04:00:00+00:00,28.86,29.21,28.81,28.98,49483070
2019-10-14 04:00:00+00:00,28.74,29.03,28.63,28.93,24670358
2019-10-15 04:00:00+00:00,28.87,29.34,28.84,29.05,22957786
2019-10-16 04:00:00+00:00,28.95,29.16,28.64,28.65,24696640
2019-10-17 04:00:00+00:00,28.77,28.86,28.58,28.67,24879232
2019-10-18 04:00:00+00:00,28.59,28.82,28.51,28.52,20879716
2019-10-21 04:00:00+00:00,28.58,29.05,28.54,29.03,21826852
2019-10-22 04:00:00+00:00,29.12,29.74,29.03,29.4,43192262
2019-10-23 04:00:00+00:00,29.35,29.71,29.23,29.65,25157082
2019-10-24 04:00:00+00:00,29.82,29.84,29.37,29.52,28890792
2019-10-25 04:00:00+00:00,29.5,29.85,29.49,29.76,24153228
2019-10-28 04:00:00+00:00,29.86,30.03,29.54,29.59,24222786
2019-10-29 04:00:00+00:00,29.43,29.96,29.38,29.71,27801152
2019-10-30 04:00:00+00:00,29.78,29.8,28.99,29.1,32420938
2019-10-31 04:00:00+00:00,28.99,29.03,28.7,28.98,30739532
2019-11-01 04:00:00+00:00,29.13,29.69,29.1,29.64,28456978
2019-11-04 05:00:00+00:00,29.98,30.7,29.98,30.61,44416652
2019-11-05 05:00:00+00:00,30.72,30.92,30.55,30.72,36298936
2019-11-06 05:00:00+00:00,30.6,30.67,29.94,30.02,36831974
2019-11-07 05:00:00+00:00,30.33,30.57,30.25,30.47,27293838
2019-11-08 05:00:00+00:00,30.29,30.39,30.0,30.35,21367312
2019-11-11 05:00:00+00:00,30.06,30.32,29.95,30.18,29711170
2019-11-12 05:00:00+00:00,30.27,30.43,29.87,30.02,25440144
2019-11-13 05:00:00+00:00,29.87,29.99,29.77,29.89,21949898
2019-11-14 05:00:00+00:00,29.88,30.05,29.67,29.81,16540776
2019-11-15 05:00:00+00:00,29.94,30.16,29.9,30.04,18699928
2019-11-18 05:00:00+00:00,29.85,29.88,29.55,29.68,26520256
2019-11-19 05:00:00+00:00,29.58,29.61,29.2,29.24,32801284
2019-11-20 05:00:00+00:00,29.23,29.75,29.05,29.56,34915872
2019-11-21 05:00:00+00:00,29.63,30.04,29.53,30.02,32001594
2019-11-22 05:00:00+00:00,30.04,30.19,29.86,29.92,23556964
2019-11-25 05:00:00+00:00,29.88,30.0,29.77,29.98,27240850
2019-11-26 05:00:00+00:00,29.99,30.0,29.56,29.67,27932702
2019-11-27 05:00:00+00:00,29.71,29.81,29.5,29.75,19865174
2019-11-29 05:00:00+00:00,29.5,29.61,29.34,29.45,16182082
2019-12-02 05:00:00+00:00,29.55,29.74,29.41,29.45,31297908
2019-12-03 05:00:00+00:00,29.19,29.24,28.9,29.01,38168946
2019-12-04 05:00:00+00:00,29.26,29.53,29.17,29.44,35728488
2019-12-05 05:00:00+00:00,29.57,29.6,29.2,29.3,21996234
2019-12-06 05:00:00+00:00,29.43,29.95,29.42,29.86,34382086
2019-12-09 05:00:00+00:00,29.64,29.97,29.63,29.83,18007046
2019-12-10 05:00:00+00:00,29.93,30.0,29.76,29.89,17798522
2019-12-11 05:00:00+00:00,29.84,30.04,29.78,29.84,25445524
2019-12-12 05:00:00+00:00,29.88,30.49,29.85,30.44,46037786
2019-12-13 05:00:00+00:00,30.49,30.69,30.14,30.16,23108022
2019-12-16 05:00:00+00:00,30.37,30.68,30.36,30.56,23118940
2019-12-17 05:00:00+00:00,30.69,30.86,30.47,30.58,49582262
2019-12-18 05:00:00+00:00,30.55,30.89,30.51,30.7,26556558
2019-12-19 05:00:00+00:00,30.7,30.78,30.63,30.69,25951096
2019-12-20 05:00:00+00:00,30.5,30.71,30.43,30.66,35976056
2019-12-23 05:00:00+00:00,30.65,31.02,30.61,31.0,29101562
2019-12-24 05:00:00+00:00,31.05,31.11,30.92,30.98,10899690
2019-12-26 05:00:00+00:00,31.12,31.22,30.93,30.97,22743288
2019-12-27 05:00:00+00:00,31.12,31.12,30.82,30.84,22126680
2019-12-30 05:00:00+00:00,30.06,30.12,29.81,29.85,29889144
2019-12-31 05:00:00+00:00,29.7,30.05,29.62,30.02,22670214
2020-01-02 05:00:00+00:00,30.22,30.34,30.12,30.29,24476158
2020-01-03 05:00:00+00:00,30.56,30.66,30.05,30.2,70912758
2020-01-06 05:00:00+00:00,30.31,30.59,30.2,30.43,45777616
2020-01-07 05:00:00+00:00,30.35,30.39,30.0,30.36,23286142
2020-01-08 05:00:00+00:00,30.33,30.36,29.82,29.86,39115862
2020-01-09 05:00:00+00:00,29.84,30.1,29.49,30.08,31026512
2020-01-10 05:00:00+00:00,30.06,30.09,29.87,29.91,18644802
2020-01-13 05:00:00+00:00,29.86,30.01,29.71,29.92,17826668
2020-01-14 05:00:00+00:00,29.85,29.96,29.66,29.92,34891020
2020-01-15 05:00:00+00:00,29.79,29.88,29.61,29.7,22425048
2020-01-16 05:00:00+00:00,29.88,29.98,29.73,29.75,16669196
2020-01-17 05:00:00+00:00,29.83,29.85,29.51,29.53,25254524
2020-01-21 05:00:00+00:00,29.4,29.4,28.98,29.03,35736208
2020-01-22 05:00:00+00:00,28.98,28.99,28.67,28.74,29907068
2020-01-23 05:00:00+00:00,28.45,28.73,28.23,28.64,26838430
2020-01-24 05:00:00+00:00,28.51,28.64,28.09,28.31,41404494
2020-01-27 05:00:00+00:00,27.74,27.85,27.49,27.53,44580468
2020-01-28 05:00:00+00:00,27.68,27.82,27.54,27.65,29012614
2020-01-29 05:00:00+00:00,27.81,27.91,27.33,27.36,28981702
2020-01-30 05:00:00+00:00,27.08,27.61,27.01,27.58,49358384
2020-01-31 05:00:00+00:00,27.12,27.19,26.58,26.72,68566076
2020-02-03 05:00:00+00:00,26.69,26.73,26.28,26.37,44405152
2020-02-04 05:00:00+00:00,26.75,26.96,26.42,26.47,40025480
2020-02-05 05:00:00+00:00,26.91,27.56,26.89,27.46,76421246
2020-02-06 05:00:00+00:00,27.59,27.59,27.14,27.2,31822652
2020-02-07 05:00:00+00:00,26.98,27.11,26.85,26.99,27932222
2020-02-10 05:00:00+00:00,26.85,26.92,26.69,26.86,30137580
2020-02-11 05:00:00+00:00,27.22,27.26,27.03,27.16,28692960
2020-02-12 05:00:00+00:00,27.56,27.68,27.3,27.53,35326244
2020-02-13 05:00:00+00:00,27.45,27.59,27.28,27.44,24323134
2020-02-14 05:00:00+00:00,27.53,27.55,27.12,27.29,25766690
2020-02-18 05:00:00+00:00,27.05,27.29,26.81,27.06,37643412
2020-02-19 05:00:00+00:00,27.25,27.54,27.1,27.43,25775880
2020-02-20 05:00:00+00:00,27.5,27.7,27.33,27.42,26381450
2020-02-21 05:00:00+00:00,27.14,27.16,26.85,27.07,28801414
2020-02-24 05:00:00+00:00,26.14,26.2,25.74,25.82,69276430
2020-02-25 05:00:00+00:00,25.89,25.91,24.52,24.68,88666494
2020-02-26 05:00:00+00:00,24.77,24.89,23.93,23.94,101594768
2020-02-27 05:00:00+00:00,23.32,23.76,22.65,22.66,125639426
2020-02-28 05:00:00+00:00,21.94,22.92,21.76,22.64,140643246
2020-03-02 05:00:00+00:00,23.14,23.58,22.47,23.57,74457286
2020-03-03 05:00:00+00:00,23.69,24.0,22.58,22.84,105679324
2020-03-04 05:00:00+00:00,23.32,23.38,22.84,23.37,49740820
2020-03-05 05:00:00+00:00,22.68,22.81,22.14,22.52,61488706
2020-03-06 05:00:00+00:00,21.75,21.95,20.93,21.25,125124680
2020-03-09 04:00:00+00:00,17.54,18.22,16.86,16.96,139208538
2020-03-10 04:00:00+00:00,18.34,18.41,16.68,17.77,100365848
2020-03-11 04:00:00+00:00,17.23,17.52,16.57,16.84,89599158
2020-03-12 04:00:00+00:00,15.6,16.0,14.69,15.56,79463682
2020-03-13 04:00:00+00:00,15.98,16.11,14.4,16.1,68828244
2020-03-16 04:00:00+00:00,13.98,15.56,13.84,14.0,83535346
2020-03-17 04:00:00+00:00,14.04,14.59,13.48,14.0,91838786
2020-03-18 04:00:00+00:00,13.02,13.29,11.44,11.99,105008388
2020-03-19 04:00:00+00:00,12.14,12.86,11.49,12.74,106798792
2020-03-20 04:00:00+00:00,13.13,13.42,12.38,12.93,119698078
2020-03-23 04:00:00+00:00,12.57,12.65,11.58,11.74,98930042
2020-03-24 04:00:00+00:00,12.7,13.75,12.7,13.68,89764720
2020-03-25 04:00:00+00:00,13.98,15.0,13.37,14.21,105527472
2020-03-26 04:00:00+00:00,14.47,15.5,14.29,15.2,94259582
2020-03-27 04:00:00+00:00,14.56,14.61,14.08,14.17,74031254
2020-03-30 04:00:00+00:00,13.95,14.44,13.55,14.31,85352492
2020-03-31 04:00:00+00:00,14.71,15.0,14.24,14.53,71466300
2020-04-01 04:00:00+00:00,14.05,14.24,13.62,13.81,48003538
2020-04-02 04:00:00+00:00,14.48,15.88,14.13,15.08,147616672
2020-04-03 04:00:00+00:00,15.55,15.66,14.49,14.92,128823090
2020-04-06 04:00:00+00:00,15.25,15.81,15.05,15.71,76777584
2020-04-07 04:00:00+00:00,16.48,16.93,16.01,16.02,105560790
2020-04-08 04:00:00+00:00,16.38,17.17,16.25,17.11,89947758
2020-04-09 04:00:00+00:00,17.77,18.23,16.31,16.95,183663166
2020-04-13 04:00:00+00:00,17.55,17.61,16.63,16.9,68056432
2020-04-14 04:00:00+00:00,16.99,17.19,16.71,16.82,73029054
2020-04-15 04:00:00+00:00,16.12,16.19,15.53,16.03,74183882
2020-04-16 04:00:00+00:00,15.99,16.04,15.32,15.35,66678768
2020-04-17 04:00:00+00:00,15.67,17.0,15.66,16.95,99380078
2020-04-20 04:00:00+00:00,15.98,17.05,15.89,16.45,114053070
2020-04-21 04:00:00+00:00,15.97,16.45,15.7,16.13,121675804
2020-04-22 04:00:00+00:00,16.89,17.0,16.51,16.73,74203930
2020-04-23 04:00:00+00:00,17.24,17.67,17.07,17.27,84170486
2020-04-24 04:00:00+00:00,17.61,17.77,17.04,17.31,65794252
2020-04-27 04:00:00+00:00,17.18,17.81,16.79,17.68,47594462
2020-04-28 04:00:00+00:00,17.95,18.2,17.66,18.09,60422860
2020-04-29 04:00:00+00:00,18.68,19.5,18.67,19.45,72022552
2020-04-30 04:00:00+00:00,19.54,19.54,18.72,19.0,86282276
2020-05-01 04:00:00+00:00,18.61,18.75,17.7,17.93,59419524
2020-05-04 04:00:00+00:00,17.6,18.56,17.51,18.55,53223970
2020-05-05 04:00:00+00:00,19.31,19.46,18.5,18.56,70285668
2020-05-06 04:00:00+00:00,18.65,18.81,18.06,18.08,47722964
2020-05-07 04:00:00+00:00,18.59,18.9,18.42,18.55,53668824
2020-05-08 04:00:00+00:00,18.97,19.4,18.87,19.39,51629560
2020-05-11 04:00:00+00:00,19.26,19.32,18.96,19.05,46950156
2020-05-12 04:00:00+00:00,19.24,19.27,18.69,18.72,57488588
2020-05-13 04:00:00+00:00,18.59,18.61,17.73,17.9,69483204
2020-05-14 04:00:00+00:00,17.55,18.23,17.15,18.07,62465752
2020-05-15 04:00:00+00:00,18.07,18.45,17.84,18.0,55245894
2020-05-18 04:00:00+00:00,19.02,19.59,18.98,19.47,73697256
2020-05-19 04:00:00+00:00,19.49,19.55,18.91,18.92,54326100
2020-05-20 04:00:00+00:00,19.31,19.71,19.21,19.68,55852774
2020-05-21 04:00:00+00:00,19.74,19.81,19.2,19.36,56664406
2020-05-22 04:00:00+00:00,19.2,19.26,18.85,19.24,38862868
2020-05-26 04:00:00+00:00,19.86,19.98,19.72,19.77,75726774
2020-05-27 04:00:00+00:00,20.07,20.18,19.47,20.03,71744804
2020-05-28 04:00:00+00:00,20.08,20.08,19.38,19.47,55560670
2020-05-29 04:00:00+00:00,19.3,19.52,18.98,19.38,72550058
2020-06-01 04:00:00+00:00,19.35,19.83,19.09,19.72,48174630
2020-06-02 04:00:00+00:00,19.93,20.29,19.91,20.27,50792512
2020-06-03 04:00:00+00:00,20.62,20.96,20.55,20.87,55437856
2020-06-04 04:00:00+00:00,20.75,20.95,20.45,20.87,55351866
2020-06-05 04:00:00+00:00,21.92,22.62,21.9,22.42,102289174
2020-06-08 04:00:00+00:00,23.24,23.44,22.72,23.43,97180392
2020-06-09 04:00:00+00:00,22.68,22.75,22.24,22.55,87950022
2020-06-10 04:00:00+00:00,22.34,22.36,21.43,21.44,83811658
2020-06-11 04:00:00+00:00,19.95,20.52,19.36,19.46,97382856
2020-06-12 04:00:00+00:00,20.27,20.42,19.37,19.91,86022238
2020-06-15 04:00:00+00:00,19.06,20.18,18.85,19.97,65928816
2020-06-16 04:00:00+00:00,20.92,20.95,19.96,20.55,64734704
2020-06-17 04:00:00+00:00,20.47,20.47,19.84,19.85,47648392
2020-06-18 04:00:00+00:00,19.65,20.31,19.52,20.09,37322906
2020-06-19 04:00:00+00:00,20.72,20.72,19.77,19.79,55447754
2020-06-22 04:00:00+00:00,19.44,19.69,19.21,19.63,41265676
2020-06-23 04:00:00+00:00,19.92,19.97,19.58,19.62,29884336
2020-06-24 04:00:00+00:00,19.34,19.35,18.43,18.56,65837640
2020-06-25 04:00:00+00:00,18.38,18.98,18.29,18.91,48700478
2020-06-26 04:00:00+00:00,18.77,18.77,18.17,18.26,68477516
2020-06-29 04:00:00+00:00,18.3,18.66,18.22,18.5,39387650
2020-06-30 04:00:00+00:00,18.35,19.04,18.16,18.92,42683040
2020-07-01 04:00:00+00:00,19.0,19.26,18.44,18.47,49601638
2020-07-02 04:00:00+00:00,18.85,19.11,18.63,18.67,41907488
2020-07-06 04:00:00+00:00,19.0,19.14,18.49,18.73,45374410
2020-07-07 04:00:00+00:00,18.49,18.52,18.1,18.13,46781218
2020-07-08 04:00:00+00:00,18.13,18.41,17.97,18.11,42302264
2020-07-09 04:00:00+00:00,18.08,18.09,17.2,17.22,64023568
2020-07-10 04:00:00+00:00,17.12,17.79,17.12,17.77,53174448
2020-07-13 04:00:00+00:00,17.93,18.01,17.54,17.68,77854402
2020-07-14 04:00:00+00:00,17.57,18.33,17.51,18.3,68914974
2020-07-15 04:00:00+00:00,18.76,18.81,18.42,18.68,52257182
2020-07-16 04:00:00+00:00,18.57,18.84,18.33,18.61,37895752
2020-07-17 04:00:00+00:00,18.67,18.87,18.27,18.35,36555760
2020-07-20 04:00:00+00:00,18.28,18.49,18.02,18.04,40613178
2020-07-21 04:00:00+00:00,18.35,19.27,18.33,19.13,73464378
2020-07-22 04:00:00+00:00,18.92,18.93,18.62,18.9,39606094
2020-07-23 04:00:00+00:00,18.83,18.95,18.62,18.86,42293866
2020-07-24 04:00:00+00:00,18.86,19.14,18.68,18.76,40069104
2020-07-27 04:00:00+00:00,18.73,18.86,18.5,18.77,36789146
2020-07-28 04:00:00+00:00,18.67,18.84,18.41,18.45,36473474
2020-07-29 04:00:00+00:00,18.51,18.86,18.38,18.84,34999650
2020-07-30 04:00:00+00:00,18.45,18.45,17.94,18.1,67600672
2020-07-31 04:00:00+00:00,17.83,18.04,17.65,18.02,50147790
2020-08-03 04:00:00+00:00,18.01,18.18,17.86,18.08,42581394
2020-08-04 04:00:00+00:00,18.02,18.56,18.0,18.52,45642764
2020-08-05 04:00:00+00:00,18.88,18.95,18.54,18.72,66792240
2020-08-06 04:00:00+00:00,18.61,18.78,18.5,18.57,38753074
2020-08-07 04:00:00+00:00,18.4,18.64,18.18,18.59,37622022
2020-08-10 04:00:00+00:00,18.73,19.17,18.68,19.17,53118606
2020-08-11 04:00:00+00:00,19.54,19.77,19.01,19.1,53363152
2020-08-12 04:00:00+00:00,19.39,19.52,19.09,19.29,56098042
2020-08-13 04:00:00+00:00,19.11,19.3,18.87,18.92,32029370
2020-08-14 04:00:00+00:00,18.77,19.13,18.7,19.1,26791712
2020-08-17 04:00:00+00:00,19.1,19.11,18.88,19.0,28998092
2020-08-18 04:00:00+00:00,18.92,19.1,18.69,18.73,29067996
2020-08-19 04:00:00+00:00,18.73,18.82,18.47,18.53,29828318
2020-08-20 04:00:00+00:00,18.27,18.38,18.13,18.13,40255204
2020-08-21 04:00:00+00:00,18.06,18.1,17.85,18.02,35469410
2020-08-24 04:00:00+00:00,18.13,18.64,18.02,18.52,50136792
2020-08-25 04:00:00+00:00,18.61,18.64,18.16,18.25,41401564
2020-08-26 04:00:00+00:00,18.23,18.23,17.84,17.86,36549152
2020-08-27 04:00:00+00:00,17.87,18.02,17.68,17.9,44827090
2020-08-28 04:00:00+00:00,17.97,18.27,17.88,18.22,30070760
2020-08-31 04:00:00+00:00,18.25,18.27,17.83,17.83,38185722
2020-09-01 04:00:00+00:00,17.75,17.79,17.49,17.69,37069296
2020-09-02 04:00:00+00:00,17.7,17.81,17.51,17.62,47999762
2020-09-03 04:00:00+00:00,17.59,17.95,17.39,17.49,79245596
2020-09-04 04:00:00+00:00,17.67,17.79,17.22,17.43,68970090
2020-09-08 04:00:00+00:00,17.11,17.18,16.61,16.8,99210452
2020-09-09 04:00:00+00:00,16.99,17.09,16.86,16.92,50555694
2020-09-10 04:00:00+00:00,16.97,16.99,16.27,16.3,74947970
2020-09-11 04:00:00+00:00,16.33,16.42,16.18,16.31,51740270
2020-09-14 04:00:00+00:00,16.36,16.59,16.24,16.43,40818084
2020-09-15 04:00:00+00:00,16.55,16.7,16.27,16.32,56507122
2020-09-16 04:00:00+00:00,16.46,17.19,16.32,16.97,73264288
2020-09-17 04:00:00+00:00,16.7,17.01,16.54,17.0,45174256
2020-09-18 04:00:00+00:00,16.99,17.0,16.63,16.81,54093178
2020-09-21 04:00:00+00:00,16.13,16.17,15.72,15.99,63336152
2020-09-22 04:00:00+00:00,16.0,16.25,15.79,15.82,50710466
2020-09-23 04:00:00+00:00,15.88,15.94,15.09,15.11,53758912
2020-09-24 04:00:00+00:00,15.05,15.38,14.77,15.1,71236966
2020-09-25 04:00:00+00:00,14.95,15.2,14.85,15.09,54579626
2020-09-28 04:00:00+00:00,15.36,15.62,15.34,15.45,53286616
2020-09-29 04:00:00+00:00,15.4,15.44,14.87,15.02,48319584
2020-09-30 04:00:00+00:00,15.12,15.29,14.91,14.98,49890682
2020-10-01 04:00:00+00:00,14.81,14.87,14.43,14.52,57190090
2020-10-02 04:00:00+00:00,14.13,14.78,14.1,14.66,58934932
2020-10-05 04:00:00+00:00,14.79,15.11,14.75,15.1,66170372
2020-10-06 04:00:00+00:00,15.32,15.4,14.83,14.87,62689514
2020-10-07 04:00:00+00:00,14.96,15.12,14.78,15.08,42689202
2020-10-08 04:00:00+00:00,15.21,15.66,15.13,15.65,62046164
2020-10-09 04:00:00+00:00,15.79,15.83,15.37,15.4,51365298
2020-10-12 04:00:00+00:00,15.35,15.49,15.19,15.44,34297156
2020-10-13 04:00:00+00:00,15.44,15.53,15.15,15.21,55355022
2020-10-14 04:00:00+00:00,15.23,15.62,15.2,15.26,54962378
2020-10-15 04:00:00+00:00,15.02,15.45,14.87,15.45,40988198
2020-10-16 04:00:00+00:00,15.42,15.44,15.07,15.1,41345158
2020-10-19 04:00:00+00:00,15.15,15.23,14.76,14.78,50820522
2020-10-20 04:00:00+00:00,14.86,15.08,14.76,14.94,46270754
2020-10-21 04:00:00+00:00,14.87,14.95,14.66,14.67,49976114
2020-10-22 04:00:00+00:00,14.69,15.29,14.6,15.27,71396244
2020-10-23 04:00:00+00:00,15.35,15.44,15.01,15.2,51831592
2020-10-26 04:00:00+00:00,14.94,14.96,14.51,14.65,61264182
2020-10-27 04:00:00+00:00,14.64,14.64,14.43,14.45,44175858
2020-10-28 04:00:00+00:00,14.11,14.19,13.78,13.86,81536562
2020-10-29 04:00:00+00:00,13.68,14.33,13.49,14.28,74911764
2020-10-30 04:00:00+00:00,14.18,14.37,14.02,14.36,76577694
2020-11-02 05:00:00+00:00,14.56,15.05,14.29,14.85,85006896
2020-11-03 05:00:00+00:00,15.1,15.11,14.63,14.77,70195512
2020-11-04 05:00:00+00:00,14.79,15.14,14.39,14.79,95973254
2020-11-05 05:00:00+00:00,14.81,15.08,14.76,14.78,66787068
2020-11-06 05:00:00+00:00,14.79,15.01,14.41,14.47,67012482
2020-11-09 05:00:00+00:00,16.2,16.9,14.46,16.53,200055728
2020-11-10 05:00:00+00:00,16.84,17.07,16.49,17.07,151355006
2020-11-11 05:00:00+00:00,17.25,17.29,16.73,16.89,93616524
2020-11-12 05:00:00+00:00,16.6,16.83,16.17,16.35,79665020
2020-11-13 05:00:00+00:00,16.47,17.02,16.45,16.94,84666030
2020-11-16 05:00:00+00:00,17.66,18.1,17.44,18.07,101292128
2020-11-17 05:00:00+00:00,17.8,18.25,17.59,18.24,82767414
2020-11-18 05:00:00+00:00,18.4,18.47,17.71,17.71,83270402
2020-11-19 05:00:00+00:00,17.59,18.04,17.41,18.0,66977548
2020-11-20 05:00:00+00:00,17.95,18.04,17.78,17.91,40118782
2020-11-23 05:00:00+00:00,18.18,19.2,18.17,19.17,77774828
2020-11-24 05:00:00+00:00,19.82,20.21,19.64,20.16,108165358
2020-11-25 05:00:00+00:00,20.02,20.02,19.58,19.68,72078866
2020-11-27 05:00:00+00:00,19.58,19.74,19.3,19.45,38071372
2020-11-30 05:00:00+00:00,19.24,19.27,18.35,18.39,85796102
2020-12-01 05:00:00+00:00,18.89,19.0,18.43,18.47,69624486
2020-12-02 05:00:00+00:00,18.41,19.36,18.34,19.07,76304450
2020-12-03 05:00:00+00:00,19.15,19.5,18.95,19.27,74081474
2020-12-04 05:00:00+00:00,19.63,20.33,19.61,20.32,105267196
2020-12-07 05:00:00+00:00,20.08,20.12,19.65,19.83,70074768
2020-12-08 05:00:00+00:00,19.59,20.33,19.59,20.14,58213184
2020-12-09 05:00:00+00:00,20.34,20.67,19.93,20.17,87979510
2020-12-10 05:00:00+00:00,20.2,21.04,20.15,20.8,78297850
2020-12-11 05:00:00+00:00,20.66,20.67,20.27,20.56,57148744
2020-12-14 05:00:00+00:00,20.88,20.88,19.77,19.85,88916002
2020-12-15 05:00:00+00:00,19.95,20.33,19.76,20.23,59461876
2020-12-16 05:00:00+00:00,20.29,20.36,19.99,20.13,48116564
2020-12-17 05:00:00+00:00,20.31,20.32,19.92,20.04,47844022
2020-12-18 05:00:00+00:00,20.0,20.11,19.55,19.7,74852702
2020-12-21 05:00:00+00:00,18.7,19.23,18.51,19.07,80905356
2020-12-22 05:00:00+00:00,19.01,19.09,18.73,18.75,51001448
2020-12-23 05:00:00+00:00,18.91,19.43,18.9,19.16,54636878
2020-12-24 05:00:00+00:00,19.18,19.18,18.87,19.05,23439144
2020-12-28 05:00:00+00:00,19.13,19.37,18.88,18.94,38464336
2020-12-29 05:00:00+00:00,19.05,19.11,18.73,18.79,38357872
2020-12-30 05:00:00+00:00,18.84,19.29,18.79,19.11,72058300
2020-12-31 05:00:00+00:00,19.02,19.11,18.86,18.95,36871262
2021-01-04 05:00:00+00:00,19.17,19.33,18.76,18.98,67994454
2021-01-05 05:00:00+00:00,19.18,20.35,19.17,19.83,96997104
2021-01-06 05:00:00+00:00,20.22,20.63,19.96,20.43,87653360
2021-01-07 05:00:00+00:00,20.61,20.95,20.4,20.74,52228622
2021-01-08 05:00:00+00:00,21.0,21.0,20.55,20.71,64009266
2021-01-11 05:00:00+00:00,20.26,21.12,20.15,21.04,47987836
2021-01-12 05:00:00+00:00,21.29,21.89,21.13,21.77,89870400
2021-01-13 05:00:00+00:00,21.85,21.86,21.44,21.6,55387160
2021-01-14 05:00:00+00:00,21.74,22.5,21.72,22.24,84361778
2021-01-15 05:00:00+00:00,21.85,21.85,21.17,21.38,103179924
2021-01-19 05:00:00+00:00,21.64,21.96,21.57,21.81,56530804
2021-01-20 05:00:00+00:00,21.99,22.05,21.67,21.89,51315998
2021-01-21 05:00:00+00:00,21.77,21.88,20.95,21.17,60966066
2021-01-22 05:00:00+00:00,20.68,21.09,20.51,21.04,51275526
2021-01-25 05:00:00+00:00,20.81,20.89,20.44,20.82,82203822
2021-01-26 05:00:00+00:00,21.01,21.32,20.36,20.38,55633232
2021-01-27 05:00:00+00:00,20.05,20.66,19.76,20.12,100778820
2021-01-28 05:00:00+00:00,20.27,20.58,20.08,20.34,58112218
2021-01-29 05:00:00+00:00,20.05,20.31,19.59,19.66,64336814
2021-02-01 05:00:00+00:00,19.9,20.0,19.47,19.8,62547138
2021-02-02 05:00:00+00:00,20.26,20.5,20.01,20.02,64418888
2021-02-03 05:00:00+00:00,20.12,20.92,20.05,20.89,75215806
2021-02-04 05:00:00+00:00,21.03,21.11,20.65,21.1,48841700
2021-02-05 05:00:00+00:00,21.43,21.5,21.22,21.28,48593734
2021-02-08 05:00:00+00:00,21.59,22.27,21.57,22.17,63350866
2021-02-09 05:00:00+00:00,22.0,22.07,21.64,21.94,70313174
2021-02-10 05:00:00+00:00,22.01,22.38,21.87,22.36,60793406
2021-02-11 05:00:00+00:00,22.29,22.29,21.54,22.01,50483508
2021-02-12 05:00:00+00:00,21.85,22.36,21.82,22.34,48762066
2021-02-16 05:00:00+00:00,22.85,23.16,22.73,22.9,77278590
2021-02-17 05:00:00+00:00,23.13,23.38,22.8,23.24,71903860
2021-02-18 05:00:00+00:00,23.14,23.18,22.64,22.71,62275246
2021-02-19 05:00:00+00:00,22.74,23.18,22.71,23.09,54555386
2021-02-22 05:00:00+00:00,23.24,24.23,23.21,23.97,76779516
2021-02-23 05:00:00+00:00,24.18,24.36,23.26,24.29,99135746
2021-02-24 05:00:00+00:00,24.45,25.29,24.24,25.15,79043508
2021-02-25 05:00:00+00:00,25.41,25.41,24.49,24.66,76599496
2021-02-26 05:00:00+00:00,24.33,24.4,23.37,24.06,92052982
2021-03-01 05:00:00+00:00,24.71,25.04,24.53,24.7,69882680
2021-03-02 05:00:00+00:00,24.79,24.99,24.55,24.57,75478758
2021-03-03 05:00:00+00:00,24.75,25.49,24.74,24.93,83134846
2021-03-04 05:00:00+00:00,25.15,25.98,24.92,25.52,108253840
2021-03-05 05:00:00+00:00,26.25,26.54,25.59,26.48,113801236
2021-03-08 05:00:00+00:00,26.74,26.88,26.14,26.53,101123944
2021-03-09 05:00:00+00:00,26.38,26.76,25.87,26.06,127184302
2021-03-10 05:00:00+00:00,26.1,26.81,25.98,26.72,80920048
2021-03-11 05:00:00+00:00,26.78,27.18,26.67,26.73,51411796
2021-03-12 05:00:00+00:00,26.78,27.02,26.58,26.79,60240056
2021-03-15 04:00:00+00:00,26.7,26.8,26.16,26.48,69519350
2021-03-16 04:00:00+00:00,26.04,26.07,25.57,25.73,82441172
2021-03-17 04:00:00+00:00,25.65,26.05,25.43,25.95,67988130
2021-03-18 04:00:00+00:00,25.7,25.81,24.66,24.76,88366276
2021-03-19 04:00:00+00:00,24.73,25.18,24.43,24.72,81560630
2021-03-22 04:00:00+00:00,24.45,24.54,24.22,24.27,60320452
2021-03-23 04:00:00+00:00,23.78,24.45,23.63,23.9,103729570
2021-03-24 04:00:00+00:00,24.28,24.85,24.28,24.56,82524824
2021-03-25 04:00:00+00:00,24.11,24.68,23.72,24.61,81967012
2021-03-26 04:00:00+00:00,25.05,25.25,24.77,25.22,72903490
2021-03-29 04:00:00+00:00,25.0,25.13,24.61,24.92,48593476
2021-03-30 04:00:00+00:00,24.68,24.97,24.52,24.7,59508494
2021-03-31 04:00:00+00:00,24.65,24.76,24.43,24.53,49080108
2021-04-01 04:00:00+00:00,24.64,25.17,24.51,25.16,65501790
2021-04-05 04:00:00+00:00,25.11,25.11,24.41,24.56,53947992
2021-04-06 04:00:00+00:00,24.68,25.0,24.45,24.49,54013108
2021-04-07 04:00:00+00:00,24.5,24.7,24.41,24.58,50481712
2021-04-08 04:00:00+00:00,24.4,24.41,23.98,24.26,64242546
2021-04-09 04:00:00+00:00,24.25,24.46,23.99,24.1,44353858
2021-04-12 04:00:00+00:00,24.31,24.48,23.82,23.91,39196268
2021-04-13 04:00:00+00:00,23.87,24.06,23.69,23.93,44825332
2021-04-14 04:00:00+00:00,24.14,24.92,24.12,24.6,66767858
2021-04-15 04:00:00+00:00,24.63,24.63,24.3,24.4,49686248
2021-04-16 04:00:00+00:00,24.58,24.64,24.1,24.2,57174912
2021-04-19 04:00:00+00:00,24.25,24.43,23.94,24.18,40827884
2021-04-20 04:00:00+00:00,24.09,24.13,23.3,23.54,72573926
2021-04-21 04:00:00+00:00,23.24,23.92,23.13,23.84,62928494
2021-04-22 04:00:00+00:00,23.95,23.96,23.48,23.56,51972032
2021-04-23 04:00:00+00:00,23.58,23.88,23.44,23.77,34935988
2021-04-26 04:00:00+00:00,23.68,24.11,23.68,23.93,35891780
2021-04-27 04:00:00+00:00,24.02,24.31,23.91,24.22,42797344
2021-04-28 04:00:00+00:00,24.4,25.15,24.38,25.06,69088310
2021-04-29 04:00:00+00:00,25.42,25.64,25.03,25.34,66042496
2021-04-30 04:00:00+00:00,24.98,25.32,24.64,24.7,63237034
2021-05-03 04:00:00+00:00,24.98,25.44,24.9,25.38,46278322
2021-05-04 04:00:00+00:00,25.43,25.62,25.1,25.39,54582590
2021-05-05 04:00:00+00:00,25.71,26.29,25.49,26.21,80115730
2021-05-06 04:00:00+00:00,26.21,26.35,25.72,26.35,58710460
2021-05-07 04:00:00+00:00,26.08,26.86,25.98,26.82,63645718
2021-05-10 04:00:00+00:00,27.15,27.57,26.81,26.83,69083412
2021-05-11 04:00:00+00:00,26.27,26.64,25.91,26.14,114176794
2021-05-12 04:00:00+00:00,26.27,27.04,26.14,26.26,82808544
2021-05-13 04:00:00+00:00,25.95,26.43,25.59,25.94,79698130
2021-05-14 04:00:00+00:00,26.23,26.85,26.23,26.75,57703374
2021-05-17 04:00:00+00:00,26.65,27.38,26.61,27.37,71153020
2021-05-18 04:00:00+00:00,27.33,27.42,26.68,26.73,71368908
2021-05-19 04:00:00+00:00,26.11,26.36,25.7,26.03,89244232
2021-05-20 04:00:00+00:00,26.06,26.15,25.66,26.03,57881064
2021-05-21 04:00:00+00:00,26.29,26.47,26.06,26.11,51975576
2021-05-24 04:00:00+00:00,26.26,26.4,25.97,26.34,49330968
2021-05-25 04:00:00+00:00,26.28,26.35,25.77,25.81,49692538
2021-05-26 04:00:00+00:00,25.83,26.13,25.71,26.04,40668412
2021-05-27 04:00:00+00:00,26.14,26.38,25.91,26.06,39975694
2021-05-28 04:00:00+00:00,26.2,26.24,25.97,26.1,38000336
2021-06-01 04:00:00+00:00,26.62,27.17,26.61,27.12,73998814
2021-06-02 04:00:00+00:00,27.28,27.75,26.96,27.62,68923194
2021-06-03 04:00:00+00:00,27.5,27.85,27.33,27.69,59542128
2021-06-04 04:00:00+00:00,27.87,27.99,27.46,27.88,53893596
2021-06-07 04:00:00+00:00,27.87,28.04,27.72,27.76,40872520
2021-06-08 04:00:00+00:00,27.66,28.05,27.33,28.0,59757948
2021-06-09 04:00:00+00:00,28.08,28.2,27.81,27.83,57182730
2021-06-10 04:00:00+00:00,28.2,28.33,27.49,27.79,57886860
2021-06-11 04:00:00+00:00,27.89,28.04,27.66,27.69,39028740
2021-06-14 04:00:00+00:00,27.79,27.96,27.35,27.57,39233114
2021-06-15 04:00:00+00:00,27.75,28.17,27.68,28.1,76303890
2021-06-16 04:00:00+00:00,28.05,28.27,27.7,27.95,61555078
2021-06-17 04:00:00+00:00,27.88,28.11,26.63,27.0,107078334
2021-06-18 04:00:00+00:00,26.43,26.77,26.18,26.2,121689590
2021-06-21 04:00:00+00:00,26.15,27.08,26.15,27.04,94375832
2021-06-22 04:00:00+00:00,26.97,27.32,26.68,27.22,49463810
2021-06-23 04:00:00+00:00,27.47,27.78,27.24,27.29,40823822
2021-06-24 04:00:00+00:00,27.42,27.55,27.15,27.53,42756404
2021-06-25 04:00:00+00:00,27.6,27.69,27.44,27.67,38470222
2021-06-28 04:00:00+00:00,27.55,27.57,26.63,26.74,66102896
2021-06-29 04:00:00+00:00,26.9,27.05,26.57,26.61,32076224
2021-06-30 04:00:00+00:00,26.69,27.01,26.66,26.94,51609846
2021-07-01 04:00:00+00:00,27.55,27.64,27.15,27.41,48202156
2021-07-02 04:00:00+00:00,27.29,27.44,27.06,27.35,31008450
2021-07-06 04:00:00+00:00,27.26,27.31,26.35,26.46,69679038
2021-07-07 04:00:00+00:00,26.42,26.66,25.74,26.03,61748902
2021-07-08 04:00:00+00:00,25.57,26.12,25.48,25.88,50057008
2021-07-09 04:00:00+00:00,26.21,26.45,25.9,26.43,52664324
2021-07-12 04:00:00+00:00,26.13,26.54,25.94,26.39,42049276
2021-07-13 04:00:00+00:00,26.26,26.42,26.03,26.19,50565600
2021-07-14 04:00:00+00:00,26.27,26.57,25.31,25.41,67795266
2021-07-15 04:00:00+00:00,25.13,25.44,24.93,25.05,60810006
2021-07-16 04:00:00+00:00,25.24,25.25,24.29,24.34,77215070
2021-07-19 04:00:00+00:00,23.51,23.82,23.15,23.48,116746130
2021-07-20 04:00:00+00:00,23.49,24.05,23.29,23.8,84285020
2021-07-21 04:00:00+00:00,24.27,24.83,24.21,24.63,82042644
2021-07-22 04:00:00+00:00,24.6,24.6,24.14,24.35,47596704
2021-07-23 04:00:00+00:00,24.43,24.44,24.02,24.26,47543414
2021-07-26 04:00:00+00:00,24.32,24.96,24.28,24.86,47730144
2021-07-27 04:00:00+00:00,24.67,24.71,24.34,24.63,47874182
2021-07-28 04:00:00+00:00,24.7,25.06,24.47,24.86,41606988
2021-07-29 04:00:00+00:00,25.18,25.29,24.95,25.1,44521716
2021-07-30 04:00:00+00:00,25.05,25.15,24.55,24.7,50825468
2021-08-02 04:00:00+00:00,24.71,25.31,24.47,24.51,58703662
2021-08-03 04:00:00+00:00,24.43,24.98,24.2,24.93,65392902
2021-08-04 04:00:00+00:00,24.48,24.78,24.22,24.26,68921894
2021-08-05 04:00:00+00:00,24.41,24.83,24.3,24.53,45799988
2021-08-06 04:00:00+00:00,24.74,24.95,24.62,24.76,36757816
2021-08-09 04:00:00+00:00,24.43,24.6,24.24,24.41,42694082
2021-08-10 04:00:00+00:00,24.54,24.9,24.51,24.84,53806362
2021-08-11 04:00:00+00:00,24.77,25.07,24.62,25.03,48044920
2021-08-12 04:00:00+00:00,25.01,25.15,24.7,25.01,37644204
2021-08-13 04:00:00+00:00,25.02,25.02,24.65,24.71,34406208
2021-08-16 04:00:00+00:00,24.38,24.39,24.04,24.26,49143122
2021-08-17 04:00:00+00:00,24.02,24.4,23.79,24.01,51838650
2021-08-18 04:00:00+00:00,24.0,24.19,23.48,23.51,56879238
2021-08-19 04:00:00+00:00,23.1,23.25,22.57,22.9,99256258
2021-08-20 04:00:00+00:00,22.69,23.09,22.59,22.95,62398974
2021-08-23 04:00:00+00:00,23.5,23.87,23.45,23.81,57759444
2021-08-24 04:00:00+00:00,24.01,24.32,23.97,24.2,46594420
2021-08-25 04:00:00+00:00,24.15,24.52,23.99,24.39,40366628
2021-08-26 04:00:00+00:00,24.25,24.38,23.98,24.02,41465332
2021-08-27 04:00:00+00:00,24.32,24.82,24.26,24.66,46194592
2021-08-30 04:00:00+00:00,24.75,24.85,24.36,24.37,31817772
2021-08-31 04:00:00+00:00,24.25,24.47,24.14,24.2,59469638
2021-09-01 04:00:00+00:00,24.18,24.32,23.76,23.85,66094466
2021-09-02 04:00:00+00:00,24.07,24.65,24.07,24.45,62630928
2021-09-03 04:00:00+00:00,24.4,24.58,24.2,24.31,40656132
2021-09-07 04:00:00+00:00,24.2,24.5,24.08,24.17,47423644
2021-09-08 04:00:00+00:00,24.3,24.46,23.84,23.86,43798304
2021-09-09 04:00:00+00:00,23.7,24.28,23.57,23.91,50529514
2021-09-10 04:00:00+00:00,24.28,24.33,23.82,23.9,38346794
2021-09-13 04:00:00+00:00,24.21,24.75,24.21,24.58,69462408
2021-09-14 04:00:00+00:00,24.8,24.84,24.12,24.23,61517468
2021-09-15 04:00:00+00:00,24.57,25.15,24.53,25.13,80524064
2021-09-16 04:00:00+00:00,25.11,25.11,24.71,24.85,61238214
2021-09-17 04:00:00+00:00,24.72,25.11,24.6,24.66,64541954
2021-09-20 04:00:00+00:00,23.78,23.91,23.24,23.62,92010070
2021-09-21 04:00:00+00:00,23.9,24.03,23.43,23.68,51323494
2021-09-22 04:00:00+00:00,24.08,24.69,24.08,24.41,80227806
2021-09-23 04:00:00+00:00,24.54,25.34,24.43,25.26,50344014
2021-09-24 04:00:00+00:00,25.13,25.58,25.08,25.45,55497730
2021-09-27 04:00:00+00:00,26.01,26.46,25.98,26.36,83028674
2021-09-28 04:00:00+00:00,26.61,26.92,26.39,26.45,132975298
2021-09-29 04:00:00+00:00,26.42,26.61,26.1,26.45,71344098
2021-09-30 04:00:00+00:00,26.37,26.52,26.05,26.05,89198850
2021-10-01 04:00:00+00:00,26.24,26.95,26.24,26.92,84324300
2021-10-04 04:00:00+00:00,27.21,27.66,27.08,27.36,115906872
2021-10-05 04:00:00+00:00,27.75,28.03,27.23,27.52,98928670
2021-10-06 04:00:00+00:00,27.07,27.38,26.75,27.23,100777520
2021-10-07 04:00:00+00:00,27.3,27.59,27.17,27.44,77976876
2021-10-08 04:00:00+00:00,27.73,28.35,27.67,28.29,86166068
2021-10-11 04:00:00+00:00,28.71,28.8,28.15,28.18,86934602
2021-10-12 04:00:00+00:00,28.13,28.48,28.01,28.21,71874006
2021-10-13 04:00:00+00:00,28.0,28.33,27.69,28.18,58800860
2021-10-14 04:00:00+00:00,28.5,28.65,28.24,28.53,46792224
2021-10-15 04:00:00+00:00,28.85,28.96,28.65,28.67,45345676
2021-10-18 04:00:00+00:00,28.95,29.11,28.53,28.69,65257544
2021-10-19 04:00:00+00:00,28.81,29.11,28.65,29.01,44809464
2021-10-20 04:00:00+00:00,28.79,29.25,28.68,29.25,50461692
2021-10-21 04:00:00+00:00,29.02,29.13,28.47,28.71,64457208
2021-10-22 04:00:00+00:00,28.81,29.0,28.54,28.98,43896918
2021-10-25 04:00:00+00:00,29.33,29.56,29.18,29.4,50560138
2021-10-26 04:00:00+00:00,29.5,29.71,29.39,29.57,46933630
2021-10-27 04:00:00+00:00,29.25,29.41,28.66,28.72,68442562
2021-10-28 04:00:00+00:00,28.57,28.95,28.56,28.93,50968762
2021-10-29 04:00:00+00:00,29.07,29.14,28.62,28.74,44618752
2021-11-01 04:00:00+00:00,29.02,29.31,28.94,29.23,49866280
2021-11-02 04:00:00+00:00,29.06,29.29,28.86,28.96,34901450
2021-11-03 04:00:00+00:00,28.61,29.02,28.49,28.72,47821918
2021-11-04 04:00:00+00:00,29.14,29.22,28.5,28.76,78806452
2021-11-05 04:00:00+00:00,29.15,29.26,28.89,29.13,46443236
2021-11-08 05:00:00+00:00,29.38,29.7,29.23,29.4,40944634
2021-11-09 05:00:00+00:00,29.43,29.52,29.01,29.52,40284494
2021-11-10 05:00:00+00:00,29.39,29.49,28.56,28.74,72165532
2021-11-11 05:00:00+00:00,28.76,29.04,28.76,28.85,49739624
2021-11-12 05:00:00+00:00,28.73,28.89,28.6,28.78,35328122
2021-11-15 05:00:00+00:00,28.75,29.18,28.51,29.02,46234706
2021-11-16 05:00:00+00:00,29.1,29.3,28.92,29.06,42237376
2021-11-17 05:00:00+00:00,28.78,29.19,28.52,28.62,48726890
2021-11-18 05:00:00+00:00,28.55,28.77,28.1,28.45,58917470
2021-11-19 05:00:00+00:00,27.83,27.91,27.28,27.34,93646530
2021-11-22 05:00:00+00:00,27.3,28.24,27.29,27.82,68945988
2021-11-23 05:00:00+00:00,28.19,28.77,28.16,28.68,69095810
2021-11-24 05:00:00+00:00,28.53,29.12,28.49,28.96,44020876
2021-11-26 05:00:00+00:00,27.52,27.88,27.07,27.79,91493348
2021-11-29 05:00:00+00:00,28.4,28.68,27.86,27.95,74916326
2021-11-30 05:00:00+00:00,27.43,27.84,27.16,27.3,94376384
2021-12-01 05:00:00+00:00,27.94,28.19,26.99,27.01,90537682
2021-12-02 05:00:00+00:00,27.02,27.89,26.7,27.79,102366628
2021-12-03 05:00:00+00:00,28.17,28.29,27.31,27.57,77394058
2021-12-06 05:00:00+00:00,28.0,28.31,27.65,27.98,65379744
2021-12-07 05:00:00+00:00,28.37,28.91,28.34,28.64,80161218
2021-12-08 05:00:00+00:00,28.8,28.94,28.57,28.63,47300338
2021-12-09 05:00:00+00:00,28.45,28.53,28.24,28.41,47800830
2021-12-10 05:00:00+00:00,28.72,28.74,28.11,28.62,39171194
2021-12-13 05:00:00+00:00,28.37,28.45,27.69,27.83,58423238
2021-12-14 05:00:00+00:00,27.66,28.14,27.62,27.71,58998272
2021-12-15 05:00:00+00:00,27.67,27.74,26.96,27.58,68624088
2021-12-16 05:00:00+00:00,27.82,28.32,27.71,27.75,54021926
2021-12-17 05:00:00+00:00,27.55,27.68,26.94,27.19,70687554
2021-12-20 05:00:00+00:00,26.12,26.53,25.83,26.51,80209514
2021-12-21 05:00:00+00:00,26.78,27.36,26.77,27.26,52471814
2021-12-22 05:00:00+00:00,27.29,27.62,26.96,27.44,44407794
2021-12-23 05:00:00+00:00,27.56,27.83,27.44,27.45,34385434
2021-12-27 05:00:00+00:00,27.36,28.08,27.13,28.05,46476226
2021-12-28 05:00:00+00:00,28.12,28.3,27.88,28.03,36523578
2021-12-29 05:00:00+00:00,27.99,28.12,27.72,27.85,30709412
2021-12-30 05:00:00+00:00,27.86,28.08,27.66,27.68,27750610
2021-12-31 05:00:00+00:00,27.61,27.89,27.57,27.75,26982450
2022-01-03 05:00:00+00:00,27.79,28.66,27.78,28.61,68644874
2022-01-04 05:00:00+00:00,29.0,29.72,28.91,29.6,81239274
2022-01-05 05:00:00+00:00,29.89,30.22,29.55,29.6,91218940
2022-01-06 05:00:00+00:00,30.29,30.42,29.83,30.26,76085648
2022-01-07 05:00:00+00:00,30.37,30.75,30.16,30.67,72462378
2022-01-10 05:00:00+00:00,30.74,30.8,30.18,30.58,67725572
2022-01-11 05:00:00+00:00,30.84,31.67,30.58,31.62,78300456
2022-01-12 05:00:00+00:00,31.79,31.87,31.45,31.68,60980930
2022-01-13 05:00:00+00:00,31.68,31.93,31.39,31.52,60250074
2022-01-14 05:00:00+00:00,31.55,32.31,31.53,32.26,65958356
2022-01-18 05:00:00+00:00,32.6,32.77,31.89,32.39,83001826
2022-01-19 05:00:00+00:00,32.64,32.67,31.9,32.15,66314152
2022-01-20 05:00:00+00:00,31.94,32.71,31.79,31.86,84653398
2022-01-21 05:00:00+00:00,31.5,31.7,30.89,31.23,118133970
2022-01-24 05:00:00+00:00,30.49,31.55,29.92,31.44,126099634
2022-01-25 05:00:00+00:00,31.32,32.78,30.74,32.66,119622144
2022-01-26 05:00:00+00:00,33.0,33.27,32.24,32.6,131297330
2022-01-27 05:00:00+00:00,33.17,33.53,32.41,32.96,113216030
2022-01-28 05:00:00+00:00,32.74,33.14,32.13,32.82,106118724
2022-01-31 05:00:00+00:00,32.74,33.17,32.22,32.96,64904234
2022-02-01 05:00:00+00:00,32.77,34.22,32.69,34.14,92437172
2022-02-02 05:00:00+00:00,33.96,34.31,33.54,34.24,66622354
2022-02-03 05:00:00+00:00,34.1,34.17,33.55,33.92,62227278
2022-02-04 05:00:00+00:00,34.35,35.0,34.27,34.45,82037728
2022-02-07 05:00:00+00:00,34.28,35.22,34.03,34.89,66459116
2022-02-08 05:00:00+00:00,34.78,34.85,33.9,34.14,76784676
2022-02-09 05:00:00+00:00,34.22,34.69,34.14,34.42,71169882
2022-02-10 05:00:00+00:00,34.26,34.87,33.99,34.21,75865324
2022-02-11 05:00:00+00:00,34.44,35.25,34.23,35.21,93165858
2022-02-14 05:00:00+00:00,34.99,35.03,33.97,34.38,100293420
2022-02-15 05:00:00+00:00,33.53,34.1,33.34,34.02,88144320
2022-02-16 05:00:00+00:00,34.28,34.89,34.08,34.29,73739292
2022-02-17 05:00:00+00:00,34.26,34.59,33.97,34.24,67836648
2022-02-18 05:00:00+00:00,33.75,34.3,33.7,34.03,63578402
2022-02-22 05:00:00+00:00,35.06,35.06,32.97,33.48,93683038
2022-02-23 05:00:00+00:00,33.67,34.08,33.48,33.83,68446520
2022-02-24 05:00:00+00:00,34.54,34.58,32.68,33.56,128310750
2022-02-25 05:00:00+00:00,33.63,34.48,33.63,34.44,78762742
2022-02-28 05:00:00+00:00,34.2,35.33,34.01,35.29,96841392
2022-03-01 05:00:00+00:00,35.6,36.24,35.15,35.65,124678176
2022-03-02 05:00:00+00:00,36.19,36.75,36.02,36.46,91265492
2022-03-03 05:00:00+00:00,36.1,36.81,36.03,36.56,89544584
2022-03-04 05:00:00+00:00,36.56,37.64,36.46,37.62,106208784
2022-03-07 05:00:00+00:00,38.01,38.78,37.32,38.17,132333526
2022-03-08 05:00:00+00:00,39.04,40.11,37.67,38.77,196953634
2022-03-09 05:00:00+00:00,37.35,38.47,36.75,37.59,174776232
2022-03-10 05:00:00+00:00,38.03,38.83,37.76,38.74,138316570
2022-03-11 05:00:00+00:00,38.12,38.91,38.06,38.42,92165294
2022-03-14 04:00:00+00:00,37.6,37.87,36.78,37.28,101898068
2022-03-15 04:00:00+00:00,35.83,36.33,35.22,35.91,125725028
2022-03-16 04:00:00+00:00,36.05,36.36,35.37,35.74,107897036
2022-03-17 04:00:00+00:00,36.38,37.07,36.15,36.98,77306482
2022-03-18 04:00:00+00:00,36.91,37.19,36.66,36.94,58709764
2022-03-21 04:00:00+00:00,37.33,38.19,37.31,38.07,69100836
2022-03-22 04:00:00+00:00,37.91,38.12,37.35,37.78,68959968
2022-03-23 04:00:00+00:00,38.49,38.79,38.31,38.44,58896996
2022-03-24 04:00:00+00:00,38.58,38.91,38.27,38.53,53830198
2022-03-25 04:00:00+00:00,38.3,39.42,38.27,39.38,56553180
2022-03-28 04:00:00+00:00,38.57,38.58,38.15,38.41,71021740
2022-03-29 04:00:00+00:00,37.54,38.32,37.1,38.3,75510076
2022-03-30 04:00:00+00:00,38.67,39.02,38.43,38.74,50750028
2022-03-31 04:00:00+00:00,38.38,39.1,38.22,38.22,66531750
2022-04-01 04:00:00+00:00,38.17,38.89,38.15,38.53,50126192
2022-04-04 04:00:00+00:00,38.78,38.91,38.17,38.58,46794224
2022-04-05 04:00:00+00:00,38.65,39.24,37.93,37.98,55620790
2022-04-06 04:00:00+00:00,38.39,38.74,37.99,38.2,64564630
2022-04-07 04:00:00+00:00,38.38,38.83,37.67,38.7,54489164
2022-04-08 04:00:00+00:00,38.81,39.88,38.81,39.77,53938488
2022-04-11 04:00:00+00:00,39.34,39.35,38.48,38.57,53387720
2022-04-12 04:00:00+00:00,39.35,39.92,39.13,39.21,64492534
2022-04-13 04:00:00+00:00,39.69,39.91,39.03,39.8,49773888
2022-04-14 04:00:00+00:00,39.6,40.24,39.55,39.92,52714036
2022-04-18 04:00:00+00:00,40.26,40.75,40.01,40.51,69271190
2022-04-19 04:00:00+00:00,40.3,40.7,39.95,40.18,46651390
2022-04-20 04:00:00+00:00,40.28,40.55,39.9,40.34,52746520
2022-04-21 04:00:00+00:00,40.58,40.76,38.91,39.06,65965296
2022-04-22 04:00:00+00:00,38.9,39.46,38.08,38.1,71650216
2022-04-25 04:00:00+00:00,36.9,37.04,35.5,36.84,111840738
2022-04-26 04:00:00+00:00,37.12,37.9,36.8,36.89,89850612
2022-04-27 04:00:00+00:00,37.13,37.8,36.46,37.43,89791430
2022-04-28 04:00:00+00:00,37.68,38.88,36.94,38.57,92385134
2022-04-29 04:00:00+00:00,38.65,38.87,37.44,37.58,79452016
2022-05-02 04:00:00+00:00,37.35,38.19,37.23,38.17,105497768
2022-05-03 04:00:00+00:00,38.24,39.42,38.22,39.24,85188364
2022-05-04 04:00:00+00:00,40.0,40.96,39.49,40.88,92189726
2022-05-05 04:00:00+00:00,41.17,41.21,39.44,40.26,93193918
2022-05-06 04:00:00+00:00,40.78,41.46,39.96,41.46,95019202
2022-05-09 04:00:00+00:00,40.57,40.6,37.88,38.03,106384360
2022-05-10 04:00:00+00:00,38.62,39.35,37.57,38.38,114764518
2022-05-11 04:00:00+00:00,39.02,40.17,38.83,38.89,100480144
2022-05-12 04:00:00+00:00,38.88,39.08,37.84,39.06,90786132
2022-05-13 04:00:00+00:00,39.64,40.55,39.57,40.39,59593922
2022-05-16 04:00:00+00:00,40.53,41.88,40.51,41.46,57166374
2022-05-17 04:00:00+00:00,42.02,42.19,41.56,41.94,57073802
2022-05-18 04:00:00+00:00,42.24,42.29,40.37,40.86,67084138
2022-05-19 04:00:00+00:00,39.93,41.4,39.93,40.71,72113696
2022-05-20 04:00:00+00:00,41.21,41.7,40.07,40.89,65660384
2022-05-23 04:00:00+00:00,41.37,42.11,41.11,41.97,54341960
2022-05-24 04:00:00+00:00,41.5,42.3,41.18,42.13,53724440
2022-05-25 04:00:00+00:00,42.27,43.06,42.21,43.0,53254450
2022-05-26 04:00:00+00:00,43.26,43.79,43.23,43.47,43842386
2022-05-27 04:00:00+00:00,43.28,44.39,43.17,44.27,38040726
2022-05-31 04:00:00+00:00,45.0,45.23,43.37,43.6,79352302
2022-06-01 04:00:00+00:00,44.15,44.63,43.67,44.31,60772202
2022-06-02 04:00:00+00:00,44.0,44.48,43.73,44.17,53405832
2022-06-03 04:00:00+00:00,44.23,44.9,44.18,44.76,41172270
2022-06-06 04:00:00+00:00,44.97,45.0,44.47,44.71,34249946
2022-06-07 04:00:00+00:00,44.68,46.1,44.64,46.04,53313062
2022-06-08 04:00:00+00:00,46.27,46.66,45.86,46.14,57595178
2022-06-09 04:00:00+00:00,45.75,46.04,45.07,45.12,50656000
2022-06-10 04:00:00+00:00,44.6,45.27,43.84,44.36,63653942
2022-06-13 04:00:00+00:00,43.01,43.06,41.21,42.04,91045900
2022-06-14 04:00:00+00:00,42.89,43.44,41.57,42.12,70712142
2022-06-15 04:00:00+00:00,42.03,42.24,40.49,41.19,87583950
2022-06-16 04:00:00+00:00,40.1,40.31,38.53,38.87,117835804
2022-06-17 04:00:00+00:00,38.6,38.89,36.3,36.74,130792292
2022-06-21 04:00:00+00:00,37.31,38.48,37.24,38.22,71936728
2022-06-22 04:00:00+00:00,36.38,37.34,36.18,36.69,84296184
2022-06-23 04:00:00+00:00,36.87,37.13,34.74,35.33,116287632
2022-06-24 04:00:00+00:00,35.94,36.56,35.42,35.8,95190510
2022-06-27 04:00:00+00:00,36.21,37.1,36.17,36.85,68729184
2022-06-28 04:00:00+00:00,37.72,38.45,37.27,37.84,82021634
2022-06-29 04:00:00+00:00,38.37,38.49,36.42,36.53,72185160
2022-06-30 04:00:00+00:00,35.74,36.68,35.44,35.76,77242302
2022-07-01 04:00:00+00:00,36.19,36.45,35.07,36.29,70440266
2022-07-05 04:00:00+00:00,35.54,35.71,34.1,34.85,91010318
2022-07-06 04:00:00+00:00,34.48,35.1,33.23,34.26,97701028
2022-07-07 04:00:00+00:00,35.19,35.77,35.1,35.49,68734370
2022-07-08 04:00:00+00:00,35.92,36.07,34.98,35.48,44482852
2022-07-11 04:00:00+00:00,35.03,35.43,34.67,35.14,46457772
2022-07-12 04:00:00+00:00,34.22,34.65,33.83,34.45,65803210
2022-07-13 04:00:00+00:00,33.95,35.12,33.95,34.4,59613556
2022-07-14 04:00:00+00:00,33.19,33.78,32.74,33.74,74272168
2022-07-15 04:00:00+00:00,34.48,34.52,33.78,34.3,66715712
2022-07-18 04:00:00+00:00,35.21,35.66,34.92,35.08,52325550
2022-07-19 04:00:00+00:00,35.03,36.25,35.02,36.16,49375388
2022-07-20 04:00:00+00:00,35.76,36.67,35.61,36.51,42521004
2022-07-21 04:00:00+00:00,35.51,35.91,34.83,35.87,44031388
2022-07-22 04:00:00+00:00,36.01,36.37,35.37,35.58,41479562
2022-07-25 04:00:00+00:00,36.07,36.92,35.64,36.88,39683182
2022-07-26 04:00:00+00:00,37.32,37.48,36.3,36.55,37886010
2022-07-27 04:00:00+00:00,36.78,37.56,36.41,37.37,46429582
2022-07-28 04:00:00+00:00,37.71,37.96,36.89,37.55,51161344
2022-07-29 04:00:00+00:00,38.27,39.33,38.19,39.21,53254764
2022-08-01 04:00:00+00:00,38.54,38.64,37.89,38.4,53427044
2022-08-02 04:00:00+00:00,38.41,38.7,37.97,38.31,40438288
2022-08-03 04:00:00+00:00,38.47,38.59,36.98,37.21,57562598
2022-08-04 04:00:00+00:00,36.96,37.06,35.7,35.83,56823930
2022-08-05 04:00:00+00:00,35.35,36.85,35.35,36.54,45986432
2022-08-08 04:00:00+00:00,36.5,37.06,36.45,36.73,38510348
2022-08-09 04:00:00+00:00,37.25,37.85,37.19,37.38,35152392
2022-08-10 04:00:00+00:00,37.46,37.86,36.72,37.65,35189738
2022-08-11 04:00:00+00:00,38.35,39.27,38.24,38.94,61414942
2022-08-12 04:00:00+00:00,38.69,39.26,38.52,39.24,39317830
2022-08-15 04:00:00+00:00,37.82,38.68,37.47,38.47,42928254
2022-08-16 04:00:00+00:00,38.53,38.93,38.14,38.38,39860356
2022-08-17 04:00:00+00:00,38.21,39.1,38.1,38.7,46237820
2022-08-18 04:00:00+00:00,39.13,39.78,39.06,39.74,48046284
2022-08-19 04:00:00+00:00,39.64,40.0,39.41,39.73,40296818
2022-08-22 04:00:00+00:00,39.39,39.9,38.74,39.66,46337738
2022-08-23 04:00:00+00:00,40.31,41.4,40.28,41.09,55782312
2022-08-24 04:00:00+00:00,41.09,41.65,40.91,41.59,49727684
2022-08-25 04:00:00+00:00,41.83,42.12,41.51,41.91,41083558
2022-08-26 04:00:00+00:00,41.83,42.28,41.24,41.42,39520694
2022-08-29 04:00:00+00:00,41.4,42.59,41.3,42.05,53009332
2022-08-30 04:00:00+00:00,41.33,41.34,40.28,40.62,58892628
2022-08-31 04:00:00+00:00,39.62,40.92,39.47,40.25,59652758
2022-09-01 04:00:00+00:00,39.66,39.81,38.71,39.26,57725938
2022-09-02 04:00:00+00:00,40.23,40.51,39.77,39.98,61221638
2022-09-06 04:00:00+00:00,40.35,40.49,39.45,39.61,46473862
2022-09-07 04:00:00+00:00,38.74,39.32,38.39,39.15,61449002
2022-09-08 04:00:00+00:00,39.33,39.52,38.85,39.32,54165370
2022-09-09 04:00:00+00:00,40.03,40.49,39.73,40.3,39740436
2022-09-12 04:00:00+00:00,40.89,41.49,40.54,41.04,42449396
2022-09-13 04:00:00+00:00,40.4,41.09,39.83,40.01,62376256
2022-09-14 04:00:00+00:00,40.38,41.43,40.38,41.14,55272622
2022-09-15 04:00:00+00:00,40.41,40.58,39.88,40.08,56761682
2022-09-16 04:00:00+00:00,39.95,39.98,38.65,39.22,72003358
2022-09-19 04:00:00+00:00,37.73,38.85,37.64,38.82,38392732
2022-09-20 04:00:00+00:00,38.55,38.77,38.1,38.55,46057888
2022-09-21 04:00:00+00:00,39.28,39.33,37.97,37.99,69906596
2022-09-22 04:00:00+00:00,38.67,38.8,37.82,37.85,58796172
2022-09-23 04:00:00+00:00,36.38,36.45,34.97,35.24,105913224
2022-09-26 04:00:00+00:00,35.02,35.46,34.33,34.38,77165994
2022-09-27 04:00:00+00:00,34.97,35.41,34.57,34.76,68764900
2022-09-28 04:00:00+00:00,35.11,36.5,34.9,36.3,66336158
2022-09-29 04:00:00+00:00,36.03,36.38,35.4,36.3,49743930
2022-09-30 04:00:00+00:00,36.01,36.51,35.66,36.01,44391166
2022-10-03 04:00:00+00:00,37.31,38.24,37.24,38.05,72466900
2022-10-04 04:00:00+00:00,38.82,39.72,38.51,39.68,67770056
2022-10-05 04:00:00+00:00,39.67,40.82,39.33,40.5,62641898
2022-10-06 04:00:00+00:00,40.17,41.35,40.14,41.22,53371030
2022-10-07 04:00:00+00:00,41.31,41.77,40.6,40.9,57896712
2022-10-10 04:00:00+00:00,41.06,41.41,39.93,40.06,47094026
2022-10-11 04:00:00+00:00,39.31,40.42,39.15,39.74,54702766
2022-10-12 04:00:00+00:00,39.48,40.34,39.22,40.06,41882238
2022-10-13 04:00:00+00:00,39.53,41.86,39.53,41.7,71320608
2022-10-14 04:00:00+00:00,41.24,41.84,40.06,40.14,54724146
2022-10-17 04:00:00+00:00,40.77,41.31,40.53,40.64,38724036
2022-10-18 04:00:00+00:00,40.98,41.38,40.21,41.0,51177922
2022-10-19 04:00:00+00:00,41.12,42.36,41.1,42.21,63743856
2022-10-20 04:00:00+00:00,42.53,42.92,41.99,42.25,51536138
2022-10-21 04:00:00+00:00,42.48,43.55,42.37,43.47,51474852
2022-10-24 04:00:00+00:00,43.44,43.98,43.21,43.67,45967022
2022-10-25 04:00:00+00:00,43.5,43.92,43.27,43.72,38405676
2022-10-26 04:00:00+00:00,43.88,44.66,43.85,44.31,46266850
2022-10-27 04:00:00+00:00,44.92,45.22,44.34,44.47,50710774
2022-10-28 04:00:00+00:00,44.95,45.32,43.83,44.63,50007884
2022-10-31 04:00:00+00:00,44.19,45.59,44.14,45.0,60193366
2022-11-01 04:00:00+00:00,45.76,45.77,45.16,45.44,44347920
2022-11-02 04:00:00+00:00,45.29,45.53,44.24,44.34,57086474
2022-11-03 04:00:00+00:00,44.07,45.41,43.95,45.16,54156294
2022-11-04 04:00:00+00:00,46.17,46.51,45.07,45.71,61349964
2022-11-07 05:00:00+00:00,45.81,46.64,45.73,46.5,38775438
2022-11-08 05:00:00+00:00,46.41,46.74,45.97,46.54,43718506
2022-11-09 05:00:00+00:00,45.91,46.06,44.17,44.27,63027912
2022-11-10 05:00:00+00:00,45.18,45.3,44.25,45.25,58488214
2022-11-11 05:00:00+00:00,46.12,46.81,46.01,46.57,51057534
2022-11-14 05:00:00+00:00,46.43,47.36,46.43,46.55,46245280
2022-11-15 05:00:00+00:00,46.73,47.16,46.42,47.04,51542152
2022-11-16 05:00:00+00:00,46.62,46.91,45.84,46.08,47277206
2022-11-17 05:00:00+00:00,45.38,46.22,45.14,46.18,42859808
2022-11-18 05:00:00+00:00,45.33,45.94,44.76,45.82,47334960
2022-11-21 05:00:00+00:00,44.82,45.31,43.64,45.2,85153544
2022-11-22 05:00:00+00:00,45.76,46.72,45.55,46.61,53754914
2022-11-23 05:00:00+00:00,45.77,46.4,45.6,46.11,41197300
2022-11-25 05:00:00+00:00,46.14,46.46,45.86,45.94,15182622
2022-11-28 05:00:00+00:00,44.81,45.38,44.53,44.68,58300488
2022-11-29 05:00:00+00:00,45.17,45.62,45.01,45.35,38048386
2022-11-30 05:00:00+00:00,45.86,45.95,44.86,45.58,43830254
2022-12-01 05:00:00+00:00,45.9,46.13,45.27,45.43,38902038
2022-12-02 05:00:00+00:00,45.11,45.69,44.89,45.16,36750556
2022-12-05 05:00:00+00:00,45.6,45.78,43.44,43.82,51753838
2022-12-06 05:00:00+00:00,43.54,44.07,42.37,42.66,64930220
2022-12-07 05:00:00+00:00,42.65,43.21,42.19,42.56,48894176
2022-12-08 05:00:00+00:00,43.52,43.61,42.13,42.37,51280724
2022-12-09 05:00:00+00:00,42.24,42.7,41.33,41.34,48079032
2022-12-12 05:00:00+00:00,41.58,42.53,41.41,42.43,42184848
2022-12-13 05:00:00+00:00,43.25,43.59,42.89,43.23,54557376
2022-12-14 05:00:00+00:00,43.53,43.68,42.58,42.97,52675510
2022-12-15 05:00:00+00:00,42.59,42.81,41.98,42.71,40415090
2022-12-16 05:00:00+00:00,41.9,42.38,41.61,42.18,59091972
2022-12-19 05:00:00+00:00,42.19,42.33,41.44,41.75,36836610
2022-12-20 05:00:00+00:00,41.88,42.65,41.71,42.38,28593014
2022-12-21 05:00:00+00:00,43.24,43.38,42.61,43.18,34058226
2022-12-22 05:00:00+00:00,43.23,43.25,41.34,42.19,37359328
2022-12-23 05:00:00+00:00,42.75,43.54,42.53,43.53,29605886
2022-12-27 05:00:00+00:00,43.72,44.18,43.56,44.0,32749278
2022-12-28 05:00:00+00:00,43.94,43.94,42.88,43.01,31837948
2022-12-29 05:00:00+00:00,42.83,43.66,42.81,43.46,26915814
2022-12-30 05:00:00+00:00,43.23,43.82,43.23,43.74,22656752
2023-01-03 05:00:00+00:00,43.46,43.68,41.68,42.2,53082832
2023-01-04 05:00:00+00:00,41.58,42.44,41.42,42.2,45705150
2023-01-05 05:00:00+00:00,42.13,43.2,42.01,42.97,38723704
2023-01-06 05:00:00+00:00,43.52,44.32,43.41,43.78,44409964
2023-01-09 05:00:00+00:00,44.44,44.51,43.48,43.63,46003220
2023-01-10 05:00:00+00:00,43.91,44.03,43.25,43.94,31599002
2023-01-11 05:00:00+00:00,44.32,44.43,43.59,44.07,32902984
2023-01-12 05:00:00+00:00,44.34,45.2,44.25,44.91,36716070
2023-01-13 05:00:00+00:00,44.88,45.08,44.4,44.98,31803178
2023-01-17 05:00:00+00:00,45.08,45.54,44.89,45.07,33933198
2023-01-18 05:00:00+00:00,45.28,45.79,44.2,44.25,38075292
2023-01-19 05:00:00+00:00,43.99,44.98,43.9,44.8,34293724
2023-01-20 05:00:00+00:00,44.89,45.4,44.44,45.24,28047220
2023-01-23 05:00:00+00:00,45.57,45.8,45.16,45.3,29305088
2023-01-24 05:00:00+00:00,45.15,45.23,44.23,45.13,29772888
2023-01-25 05:00:00+00:00,44.91,45.13,44.19,45.13,26861234
2023-01-26 05:00:00+00:00,45.86,46.58,45.3,46.56,36663010
2023-01-27 05:00:00+00:00,46.31,46.54,45.54,45.62,34786600
2023-01-30 05:00:00+00:00,45.29,45.35,44.51,44.57,27524908
2023-01-31 05:00:00+00:00,44.42,45.03,43.97,44.97,27848274
2023-02-01 05:00:00+00:00,44.76,44.95,43.5,44.08,46967192
2023-02-02 05:00:00+00:00,43.91,44.0,42.6,43.08,49803012
2023-02-03 05:00:00+00:00,43.26,43.96,42.94,42.98,45450470
2023-02-06 05:00:00+00:00,43.02,43.35,42.26,42.79,31714340
2023-02-07 05:00:00+00:00,43.06,44.24,42.83,44.18,41014032
2023-02-08 05:00:00+00:00,44.14,44.37,43.53,43.78,26967160
2023-02-09 05:00:00+00:00,43.79,43.93,43.37,43.41,32150312
2023-02-10 05:00:00+00:00,44.13,45.2,44.09,45.11,39975820
2023-02-13 05:00:00+00:00,44.88,45.16,44.41,44.99,24744892
2023-02-14 05:00:00+00:00,44.64,45.33,44.51,45.01,27022610
2023-02-15 05:00:00+00:00,44.5,44.6,43.68,44.24,31944246
2023-02-16 05:00:00+00:00,44.0,44.38,43.76,43.81,25314174
2023-02-17 05:00:00+00:00,43.13,43.16,42.06,42.25,44638238
2023-02-21 05:00:00+00:00,42.06,42.52,41.96,42.04,33622558
2023-02-22 05:00:00+00:00,41.92,42.32,41.4,41.76,40270426
2023-02-23 05:00:00+00:00,42.39,42.63,41.85,42.39,35023348
2023-02-24 05:00:00+00:00,41.76,42.39,41.52,42.33,37491662
2023-02-27 05:00:00+00:00,42.42,42.64,42.11,42.46,30676382
2023-02-28 05:00:00+00:00,42.89,42.9,41.81,41.85,38007640
2023-03-01 05:00:00+00:00,41.88,42.89,41.73,42.67,37093936
2023-03-02 05:00:00+00:00,42.6,43.21,42.46,43.05,32804974
2023-03-03 05:00:00+00:00,42.53,43.85,42.5,43.63,50646962
2023-03-06 05:00:00+00:00,43.39,43.72,43.21,43.65,33898314
2023-03-07 05:00:00+00:00,43.39,43.5,42.78,42.89,37000358
2023-03-08 05:00:00+00:00,42.7,43.25,42.04,42.45,39399034
2023-03-09 05:00:00+00:00,42.7,43.3,41.84,41.85,37888112
2023-03-10 05:00:00+00:00,41.85,42.44,41.08,41.32,56615874
2023-03-13 04:00:00+00:00,40.26,41.2,39.56,40.48,83326626
2023-03-14 04:00:00+00:00,40.47,41.79,40.15,40.88,61066380
2023-03-15 04:00:00+00:00,39.38,39.67,38.12,38.68,115347020
2023-03-16 04:00:00+00:00,37.83,39.2,37.68,39.1,88803658
2023-03-17 04:00:00+00:00,38.88,39.2,38.17,38.49,67541390
2023-03-20 04:00:00+00:00,38.05,39.1,38.05,38.85,52288720
2023-03-21 04:00:00+00:00,39.65,40.32,39.53,40.2,59712458
2023-03-22 04:00:00+00:00,40.22,40.41,39.31,39.34,49209392
2023-03-23 04:00:00+00:00,39.56,39.9,38.42,38.8,49486222
2023-03-24 04:00:00+00:00,38.03,39.1,37.9,38.95,41298016
2023-03-27 04:00:00+00:00,39.35,40.0,39.04,39.78,40223852
2023-03-28 04:00:00+00:00,39.55,40.57,39.53,40.39,32596708
2023-03-29 04:00:00+00:00,40.79,40.99,40.53,40.95,36204548
2023-03-30 04:00:00+00:00,41.29,41.35,40.89,41.13,27460800
2023-03-31 04:00:00+00:00,41.24,41.48,41.08,41.42,32292148
2023-04-03 04:00:00+00:00,43.16,43.57,42.94,43.29,62452248
2023-04-04 04:00:00+00:00,43.42,43.48,42.13,42.51,49362974
2023-04-05 04:00:00+00:00,42.61,43.15,42.26,43.15,40552268
2023-04-06 04:00:00+00:00,43.08,43.12,42.4,42.49,33378540
2023-04-10 04:00:00+00:00,42.65,43.32,42.65,42.83,26977294
2023-04-11 04:00:00+00:00,43.07,43.51,42.82,43.24,25575160
2023-04-12 04:00:00+00:00,43.54,43.63,43.14,43.27,33334356
2023-04-13 04:00:00+00:00,43.2,43.65,43.1,43.54,31384524
2023-04-14 04:00:00+00:00,43.6,43.87,43.36,43.62,23551238
2023-04-17 04:00:00+00:00,43.47,43.65,42.95,43.1,23761986
2023-04-18 04:00:00+00:00,43.0,43.38,42.79,43.27,24493518
2023-04-19 04:00:00+00:00,42.88,43.16,42.65,43.12,34246140
2023-04-20 04:00:00+00:00,42.52,42.75,42.22,42.74,30396240
2023-04-21 04:00:00+00:00,42.9,42.92,42.3,42.49,33754024
2023-04-24 04:00:00+00:00,42.36,43.34,42.34,43.14,25251834
2023-04-25 04:00:00+00:00,42.72,42.8,42.08,42.33,30665212
2023-04-26 04:00:00+00:00,42.03,42.42,41.51,41.77,40070022
2023-04-27 04:00:00+00:00,41.74,42.02,41.35,41.92,34114686
2023-04-28 04:00:00+00:00,41.77,42.8,41.62,42.57,38221596
2023-05-01 04:00:00+00:00,42.03,42.54,41.86,42.09,27821372
2023-05-02 04:00:00+00:00,41.58,41.65,39.87,40.26,67647972
2023-05-03 04:00:00+00:00,39.74,40.21,39.48,39.49,59367546
2023-05-04 04:00:00+00:00,39.51,39.91,38.94,39.06,52860960
2023-05-05 04:00:00+00:00,40.14,40.43,39.9,40.12,39067260
2023-05-08 04:00:00+00:00,40.7,40.88,40.11,40.12,32711898
2023-05-09 04:00:00+00:00,39.8,40.51,39.71,40.13,41421242
2023-05-10 04:00:00+00:00,40.33,40.41,39.38,39.67,36052000
2023-05-11 04:00:00+00:00,39.12,39.41,38.9,39.2,38168274
2023-05-12 04:00:00+00:00,39.4,39.66,38.98,39.26,37905530
2023-05-15 04:00:00+00:00,39.41,39.69,39.1,39.46,32544556
2023-05-16 04:00:00+00:00,39.28,39.45,38.43,38.49,44521718
2023-05-17 04:00:00+00:00,38.89,39.44,38.6,39.23,46200666
2023-05-18 04:00:00+00:00,38.99,39.56,38.75,39.52,33154252
2023-05-19 04:00:00+00:00,39.88,40.13,39.6,39.82,36117298
2023-05-22 04:00:00+00:00,39.67,40.06,39.6,39.66,26943532
2023-05-23 04:00:00+00:00,40.03,40.53,39.93,40.08,42803744
2023-05-24 04:00:00+00:00,40.4,40.57,39.92,40.26,33474290
2023-05-25 04:00:00+00:00,39.67,39.76,39.17,39.54,38250904
2023-05-26 04:00:00+00:00,39.78,39.89,39.18,39.39,28783480
2023-05-30 04:00:00+00:00,38.7,39.03,38.55,38.98,40331610
2023-05-31 04:00:00+00:00,38.37,38.67,38.17,38.3,44797624
2023-06-01 04:00:00+00:00,38.39,39.21,38.13,38.77,51623680
2023-06-02 04:00:00+00:00,39.49,40.14,39.23,39.95,55278778
2023-06-05 04:00:00+00:00,40.53,40.56,39.62,39.69,43507354
2023-06-06 04:00:00+00:00,39.16,40.04,39.12,40.01,34750720
2023-06-07 04:00:00+00:00,40.2,41.12,40.17,41.07,60654274
2023-06-08 04:00:00+00:00,41.12,41.26,40.21,40.89,46162278
2023-06-09 04:00:00+00:00,40.87,41.07,40.56,40.67,38388122
2023-06-12 04:00:00+00:00,40.06,40.68,40.0,40.28,36392262
2023-06-13 04:00:00+00:00,40.72,41.26,40.45,40.47,40136426
2023-06-14 04:00:00+00:00,40.87,41.05,39.75,40.05,47605374
2023-06-15 04:00:00+00:00,40.12,40.8,40.11,40.49,46777078
2023-06-16 04:00:00+00:00,40.64,40.76,40.31,40.43,47461764
2023-06-20 04:00:00+00:00,39.81,39.85,38.89,39.18,42567322
2023-06-21 04:00:00+00:00,39.02,39.82,38.96,39.49,34473738
2023-06-22 04:00:00+00:00,39.13,39.17,38.82,38.96,33510764
2023-06-23 04:00:00+00:00,38.54,38.78,38.36,38.68,34905114
2023-06-26 04:00:00+00:00,38.75,39.6,38.66,39.38,32488608
2023-06-27 04:00:00+00:00,39.34,39.64,39.1,39.47,28388390
2023-06-28 04:00:00+00:00,39.42,39.92,39.08,39.87,32903262
2023-06-29 04:00:00+00:00,40.02,40.33,39.8,40.33,28435786
2023-06-30 04:00:00+00:00,40.6,40.79,40.3,40.59,34828684
2023-07-03 04:00:00+00:00,40.69,40.99,40.53,40.68,19403108
2023-07-05 04:00:00+00:00,40.85,40.86,40.23,40.46,32560686
2023-07-06 04:00:00+00:00,40.02,40.3,39.24,39.55,41967772
2023-07-07 04:00:00+00:00,39.35,40.77,39.32,40.4,48916054
2023-07-10 04:00:00+00:00,40.29,40.79,40.26,40.71,30925022
2023-07-11 04:00:00+00:00,40.9,41.67,40.82,41.61,39642048
2023-07-12 04:00:00+00:00,41.95,42.23,41.73,41.99,43077520
2023-07-13 04:00:00+00:00,41.99,42.25,41.44,41.83,53226474
2023-07-14 04:00:00+00:00,41.56,41.6,40.63,40.73,43988178
2023-07-17 04:00:00+00:00,40.58,40.82,40.46,40.65,32464620
2023-07-18 04:00:00+00:00,40.55,41.48,40.49,41.06,43214582
2023-07-19 04:00:00+00:00,41.06,41.58,40.97,41.3,37520966
2023-07-20 04:00:00+00:00,41.64,41.87,41.43,41.78,35449810
2023-07-21 04:00:00+00:00,41.94,42.17,41.67,42.15,31529010
2023-07-24 04:00:00+00:00,42.37,43.14,42.35,42.83,44539608
2023-07-25 04:00:00+00:00,42.81,43.31,42.55,43.06,33606526
2023-07-26 04:00:00+00:00,42.7,43.24,42.64,43.07,32788010
2023-07-27 04:00:00+00:00,43.31,43.48,42.68,42.8,35550608
2023-07-28 04:00:00+00:00,42.77,42.93,42.3,42.93,34636578
2023-07-31 04:00:00+00:00,43.3,43.87,43.18,43.74,36266478
2023-08-01 04:00:00+00:00,43.57,43.66,43.07,43.54,35809284
2023-08-02 04:00:00+00:00,43.24,43.46,42.6,42.97,45923036
2023-08-03 04:00:00+00:00,43.08,43.79,42.85,43.4,41633966
2023-08-04 04:00:00+00:00,43.71,44.12,43.41,43.46,43208302
2023-08-07 04:00:00+00:00,43.71,43.8,43.38,43.51,26821532
2023-08-08 04:00:00+00:00,42.81,43.74,42.48,43.73,37237118
2023-08-09 04:00:00+00:00,44.15,44.68,43.88,44.28,52085612
2023-08-10 04:00:00+00:00,44.34,44.85,43.97,44.27,39226504
2023-08-11 04:00:00+00:00,44.25,45.0,44.24,44.95,46689206
2023-08-14 04:00:00+00:00,44.83,44.95,44.46,44.76,30189468
2023-08-15 04:00:00+00:00,44.45,44.5,43.75,43.83,44982468
2023-08-16 04:00:00+00:00,43.88,44.35,43.42,43.45,37995460
2023-08-17 04:00:00+00:00,44.06,44.57,43.91,43.97,40464300
2023-08-18 04:00:00+00:00,43.72,44.46,43.58,44.41,35307298
2023-08-21 04:00:00+00:00,44.59,44.77,43.82,44.13,30488474
2023-08-22 04:00:00+00:00,44.18,44.34,43.76,43.79,25739474
2023-08-23 04:00:00+00:00,43.31,43.71,42.94,43.68,38798568
2023-08-24 04:00:00+00:00,43.28,43.84,43.25,43.38,33455030
2023-08-25 04:00:00+00:00,43.64,44.02,43.26,43.8,38036816
2023-08-28 04:00:00+00:00,43.91,44.42,43.83,44.09,25718196
2023-08-29 04:00:00+00:00,44.25,44.26,43.77,44.21,27019328
2023-08-30 04:00:00+00:00,44.41,44.51,44.24,44.43,27890126
2023-08-31 04:00:00+00:00,44.6,44.67,44.14,44.46,29617388
2023-09-01 04:00:00+00:00,44.95,45.42,44.94,45.37,35764164
2023-09-05 04:00:00+00:00,45.63,46.08,45.58,45.61,48737400
2023-09-06 04:00:00+00:00,45.52,45.88,45.3,45.63,40324290
2023-09-07 04:00:00+00:00,45.72,45.95,45.5,45.59,30729146
2023-09-08 04:00:00+00:00,45.8,46.36,45.78,46.03,34751724
2023-09-11 04:00:00+00:00,46.36,46.5,45.24,45.42,44094998
2023-09-12 04:00:00+00:00,45.91,46.54,45.83,46.49,53599348
2023-09-13 04:00:00+00:00,46.54,46.63,45.9,46.14,36315374
2023-09-14 04:00:00+00:00,46.62,46.84,46.48,46.68,37099810
2023-09-15 04:00:00+00:00,46.25,46.71,46.01,46.01,49612742
2023-09-18 04:00:00+00:00,46.14,46.28,45.72,46.06,33746652
2023-09-19 04:00:00+00:00,46.4,46.47,45.36,45.63,36271810
2023-09-20 04:00:00+00:00,45.4,45.92,45.17,45.2,35941992
2023-09-21 04:00:00+00:00,45.51,45.62,44.51,44.58,43446212
2023-09-22 04:00:00+00:00,44.92,45.22,44.61,44.66,42072052
2023-09-25 04:00:00+00:00,44.54,45.29,44.54,45.22,35073764
2023-09-26 04:00:00+00:00,44.83,45.23,44.76,44.96,33459964
2023-09-27 04:00:00+00:00,45.52,46.21,45.31,46.08,46290156
2023-09-28 04:00:00+00:00,45.88,46.39,45.77,46.13,48462750
2023-09-29 04:00:00+00:00,46.06,46.24,45.02,45.2,48369142
2023-10-02 04:00:00+00:00,45.14,45.26,43.99,44.3,50599808
2023-10-03 04:00:00+00:00,44.19,44.35,43.83,44.27,41466568
2023-10-04 04:00:00+00:00,43.61,43.68,42.46,42.88,59572320
2023-10-05 04:00:00+00:00,42.26,42.99,42.26,42.61,47036928
2023-10-06 04:00:00+00:00,42.61,43.26,42.13,42.87,51481096
2023-10-09 04:00:00+00:00,44.02,44.48,43.7,44.3,61489054
2023-10-10 04:00:00+00:00,44.34,44.64,44.09,44.35,41700510
2023-10-11 04:00:00+00:00,43.9,43.94,43.28,43.78,47145324
2023-10-12 04:00:00+00:00,44.25,44.29,43.63,43.83,39986450
2023-10-13 04:00:00+00:00,44.55,45.01,44.36,44.8,48532254
2023-10-16 04:00:00+00:00,45.09,45.23,44.67,45.1,38365274
2023-10-17 04:00:00+00:00,45.0,45.71,44.93,45.57,40423922
2023-10-18 04:00:00+00:00,45.75,46.17,45.65,45.98,47616772
2023-10-19 04:00:00+00:00,45.82,46.28,45.39,45.9,63297066
2023-10-20 04:00:00+00:00,45.82,45.99,44.97,45.13,46549556
2023-10-23 04:00:00+00:00,44.87,44.88,44.2,44.4,51888138
2023-10-24 04:00:00+00:00,44.51,44.55,43.76,43.78,44271598
2023-10-25 04:00:00+00:00,43.81,44.03,43.48,43.7,41412648
2023-10-26 04:00:00+00:00,43.3,43.56,42.92,43.36,44770334
2023-10-27 04:00:00+00:00,43.31,43.47,42.17,42.32,53809428
2023-10-30 04:00:00+00:00,42.47,42.77,42.05,42.46,45530674
2023-10-31 04:00:00+00:00,42.51,42.69,42.08,42.6,37205700
2023-11-01 04:00:00+00:00,42.87,43.1,42.44,42.5,46082506
2023-11-02 04:00:00+00:00,42.6,43.82,42.36,43.78,45322984
2023-11-03 04:00:00+00:00,43.7,43.84,43.08,43.34,47235006
2023-11-06 05:00:00+00:00,43.69,43.69,42.73,42.85,41035396
2023-11-07 05:00:00+00:00,42.29,42.37,41.71,41.9,47550300
2023-11-08 05:00:00+00:00,41.74,42.02,41.36,41.38,50742006
2023-11-09 05:00:00+00:00,41.68,41.78,41.23,41.25,38232250
2023-11-10 05:00:00+00:00,41.72,41.81,41.31,41.71,34583568
2023-11-13 05:00:00+00:00,41.77,42.09,41.64,42.01,28447370
2023-11-14 05:00:00+00:00,42.17,42.5,42.1,42.38,34723984
2023-11-15 05:00:00+00:00,42.32,42.83,42.24,42.3,33043528
2023-11-16 05:00:00+00:00,41.9,42.06,41.05,41.48,53165918
2023-11-17 05:00:00+00:00,41.83,42.63,41.73,42.35,48859342
2023-11-20 05:00:00+00:00,42.52,42.77,42.4,42.41,29098978
2023-11-21 05:00:00+00:00,42.21,42.39,41.91,42.31,26973778
2023-11-22 05:00:00+00:00,41.47,42.33,41.23,42.29,36550240
2023-11-24 05:00:00+00:00,42.28,42.78,42.25,42.47,19152598
2023-11-27 05:00:00+00:00,42.25,42.39,41.92,42.32,24501814
2023-11-28 05:00:00+00:00,42.4,42.72,42.25,42.33,28921798
2023-11-29 05:00:00+00:00,42.59,42.64,41.87,42.01,45267982
2023-11-30 05:00:00+00:00,42.37,42.9,41.79,42.29,58364582
2023-12-01 05:00:00+00:00,42.24,43.01,42.05,42.51,43047942
2023-12-04 05:00:00+00:00,42.2,42.58,42.01,42.32,37070282
2023-12-05 05:00:00+00:00,42.29,42.37,41.55,41.58,37747152
2023-12-06 05:00:00+00:00,41.31,41.6,40.8,40.96,62306596
2023-12-07 05:00:00+00:00,41.15,41.35,40.53,40.67,40908824
2023-12-08 05:00:00+00:00,40.95,41.24,40.86,41.12,34127256
2023-12-11 05:00:00+00:00,41.15,41.3,40.96,41.17,29344128
2023-12-12 05:00:00+00:00,40.78,40.83,40.37,40.6,45386686
2023-12-13 05:00:00+00:00,40.63,41.18,40.44,41.17,46445638
2023-12-14 05:00:00+00:00,41.58,42.43,41.58,42.38,60717378
2023-12-15 05:00:00+00:00,42.0,42.23,41.8,42.15,46366366
2023-12-18 05:00:00+00:00,42.49,42.71,42.05,42.09,42447132
2023-12-19 05:00:00+00:00,42.17,42.64,42.08,42.6,36862452
2023-12-20 05:00:00+00:00,42.75,43.0,42.15,42.2,39818174
2023-12-21 05:00:00+00:00,42.29,42.43,41.97,42.37,26062878
2023-12-22 05:00:00+00:00,42.67,42.86,42.42,42.49,25038908
2023-12-26 05:00:00+00:00,42.85,43.08,42.72,42.86,25983454
2023-12-27 05:00:00+00:00,42.86,43.0,42.51,42.67,20238192
2023-12-28 05:00:00+00:00,42.45,42.61,42.0,42.02,26198098
2023-12-29 05:00:00+00:00,42.16,42.2,41.8,41.92,24345460
2024-01-02 05:00:00+00:00,42.22,42.76,42.16,42.37,39301790
2024-01-03 05:00:00+00:00,42.44,43.21,42.22,43.06,37935998
2024-01-04 05:00:00+00:00,43.37,43.56,42.28,42.31,42049032
2024-01-05 05:00:00+00:00,42.71,42.73,42.14,42.34,34029298
2024-01-08 05:00:00+00:00,41.62,41.9,41.05,41.85,47218684
2024-01-09 05:00:00+00:00,41.91,41.95,41.09,41.18,33750456
2024-01-10 05:00:00+00:00,41.26,41.28,40.61,40.78,33159758
2024-01-11 05:00:00+00:00,41.0,41.1,40.72,40.88,38588570
2024-01-12 05:00:00+00:00,41.51,41.67,41.09,41.34,38769590
2024-01-16 05:00:00+00:00,41.25,41.31,40.33,40.35,36031252
2024-01-17 05:00:00+00:00,39.94,40.42,39.85,40.02,39284270
2024-01-18 05:00:00+00:00,40.03,40.07,39.49,39.96,35705594
2024-01-19 05:00:00+00:00,39.94,40.09,39.8,40.09,39940210
2024-01-22 05:00:00+00:00,40.0,40.32,39.74,40.24,30136726
2024-01-23 05:00:00+00:00,40.17,40.65,40.11,40.32,24709224
2024-01-24 05:00:00+00:00,40.53,40.92,40.34,40.9,33860970
2024-01-25 05:00:00+00:00,41.19,41.83,40.94,41.82,37609448
2024-01-26 05:00:00+00:00,41.77,42.14,41.46,42.13,36469526
2024-01-29 05:00:00+00:00,42.06,42.13,41.63,42.07,29680630
2024-01-30 05:00:00+00:00,41.65,42.51,41.49,42.5,35341118
2024-01-31 05:00:00+00:00,42.5,42.58,41.69,41.71,38580744
2024-02-01 05:00:00+00:00,41.96,42.15,41.32,41.7,51101376
2024-02-02 05:00:00+00:00,42.05,42.09,41.41,41.76,38075024
2024-02-05 05:00:00+00:00,41.51,41.9,41.2,41.66,31593614
2024-02-06 05:00:00+00:00,41.86,42.2,41.62,41.79,28056298
2024-02-07 05:00:00+00:00,41.91,42.09,41.54,41.88,26920456
2024-02-08 05:00:00+00:00,41.85,42.46,41.84,42.31,36201078
2024-02-09 05:00:00+00:00,42.39,42.57,41.61,41.66,38073338
2024-02-12 05:00:00+00:00,41.8,42.24,41.8,42.12,25893854
2024-02-13 05:00:00+00:00,42.16,42.3,41.42,41.69,41156814
2024-02-14 05:00:00+00:00,42.0,42.12,41.43,41.65,40894572
2024-02-15 05:00:00+00:00,41.64,42.93,41.61,42.81,43364426
2024-02-16 05:00:00+00:00,42.99,43.12,42.66,42.79,26960766
2024-02-20 05:00:00+00:00,42.83,42.86,42.34,42.4,28995576
2024-02-21 05:00:00+00:00,42.58,43.23,42.55,43.19,28756630
2024-02-22 05:00:00+00:00,42.92,43.45,42.71,43.27,35206832
2024-02-23 05:00:00+00:00,42.85,43.12,42.57,42.98,28952394
2024-02-26 05:00:00+00:00,42.93,43.41,42.72,43.13,23376344
2024-02-27 05:00:00+00:00,43.17,43.36,42.73,42.95,26336832
2024-02-28 05:00:00+00:00,43.0,43.33,42.69,42.86,26679624
2024-02-29 05:00:00+00:00,42.95,43.21,42.83,43.07,27335314
2024-03-01 05:00:00+00:00,43.38,43.77,43.31,43.57,32459688
2024-03-04 05:00:00+00:00,43.55,43.66,43.06,43.11,33198046
2024-03-05 05:00:00+00:00,43.04,43.71,42.99,43.43,32174252
2024-03-06 05:00:00+00:00,43.79,44.02,43.47,43.56,28008764
2024-03-07 05:00:00+00:00,43.62,44.18,43.59,43.93,24636396
2024-03-08 05:00:00+00:00,43.87,44.1,43.76,44.09,28251986
2024-03-11 04:00:00+00:00,44.1,44.56,43.77,44.54,24983720
2024-03-12 04:00:00+00:00,44.54,44.66,44.23,44.47,23780904
2024-03-13 04:00:00+00:00,44.94,45.43,44.86,45.18,42725190
2024-03-14 04:00:00+00:00,45.36,45.67,45.19,45.65,35946028
2024-03-15 04:00:00+00:00,45.61,46.11,45.51,45.78,37753366
2024-03-18 04:00:00+00:00,45.6,45.73,45.22,45.57,30496710
2024-03-19 04:00:00+00:00,45.57,46.12,45.54,46.09,28545786
2024-03-20 04:00:00+00:00,45.83,46.19,45.76,46.03,32659336
2024-03-21 04:00:00+00:00,46.11,46.4,45.96,46.3,23334194
2024-03-22 04:00:00+00:00,46.32,46.44,46.09,46.2,17948808
2024-03-25 04:00:00+00:00,46.36,46.94,46.35,46.63,35074380
2024-03-26 04:00:00+00:00,46.68,46.78,46.18,46.27,35373850
2024-03-27 04:00:00+00:00,46.17,46.71,46.09,46.7,33960082
2024-03-28 04:00:00+00:00,46.98,47.29,46.75,47.21,34615140
2024-04-01 04:00:00+00:00,47.35,47.7,46.88,47.56,42899028
2024-04-02 04:00:00+00:00,47.76,48.27,47.55,48.22,38671198
2024-04-03 04:00:00+00:00,48.4,48.62,48.24,48.55,29148862
2024-04-04 04:00:00+00:00,48.63,48.8,48.33,48.52,36941290
2024-04-05 04:00:00+00:00,48.72,49.23,48.43,49.04,31194538
2024-04-08 04:00:00+00:00,49.07,49.21,48.64,48.73,34034558
2024-04-09 04:00:00+00:00,48.94,49.07,48.39,48.75,35333104
2024-04-10 04:00:00+00:00,48.61,49.08,48.4,48.9,39199650
2024-04-11 04:00:00+00:00,49.05,49.07,48.17,48.86,39204692
2024-04-12 04:00:00+00:00,49.17,49.49,47.84,48.07,46566168
2024-04-15 04:00:00+00:00,48.3,48.53,47.56,47.62,48690726
2024-04-16 04:00:00+00:00,47.53,47.75,46.87,47.2,36497618
2024-04-17 04:00:00+00:00,47.1,47.57,46.73,47.07,27420914
2024-04-18 04:00:00+00:00,47.23,47.36,46.76,46.92,25555648
2024-04-19 04:00:00+00:00,47.01,47.81,46.94,47.49,35451440
2024-04-22 04:00:00+00:00,47.24,48.12,46.86,47.8,30246332
2024-04-23 04:00:00+00:00,47.58,48.06,47.35,48.06,28657490
2024-04-24 04:00:00+00:00,47.76,48.15,47.53,48.1,21303784
2024-04-25 04:00:00+00:00,48.04,48.46,47.63,48.32,26500194
2024-04-26 04:00:00+00:00,47.88,48.06,47.38,47.87,32366598
2024-04-29 04:00:00+00:00,47.73,48.3,47.7,48.2,22236328
2024-04-30 04:00:00+00:00,48.0,48.08,46.74,46.76,35398934
2024-05-01 04:00:00+00:00,46.7,46.85,45.77,46.02,50943700
2024-05-02 04:00:00+00:00,46.33,46.6,46.06,46.28,34616794
2024-05-03 04:00:00+00:00,46.32,46.37,45.67,46.29,38087736
2024-05-06 04:00:00+00:00,46.43,47.12,46.43,46.65,33445506
2024-05-07 04:00:00+00:00,46.72,46.95,46.59,46.61,20942292
2024-05-08 04:00:00+00:00,46.34,46.77,46.27,46.55,19811882
2024-05-09 04:00:00+00:00,46.6,47.18,46.6,47.18,22489492
2024-05-10 04:00:00+00:00,47.28,47.43,46.79,46.92,20568410
2024-05-13 04:00:00+00:00,47.03,47.2,46.59,46.79,20978056
2024-05-14 04:00:00+00:00,46.7,46.89,46.51,46.85,24353552
2024-05-15 04:00:00+00:00,46.75,47.04,46.06,46.96,38792236
2024-05-16 04:00:00+00:00,46.85,47.19,46.7,46.83,24580136
2024-05-17 04:00:00+00:00,46.91,47.55,46.9,47.48,29001582
2024-05-20 04:00:00+00:00,47.5,47.61,47.05,47.17,20134668
2024-05-21 04:00:00+00:00,47.05,47.43,46.91,46.94,22467678
2024-05-22 04:00:00+00:00,46.75,46.77,45.86,46.04,34867966
2024-05-23 04:00:00+00:00,46.27,46.43,45.54,45.62,26931380
2024-05-24 04:00:00+00:00,45.98,46.09,45.56,45.69,19041398
2024-05-28 04:00:00+00:00,45.85,46.28,45.73,46.16,28904122
2024-05-29 04:00:00+00:00,46.03,46.07,45.14,45.34,30053556
2024-05-30 04:00:00+00:00,45.24,45.64,45.23,45.47,22732776
2024-05-31 04:00:00+00:00,45.55,46.63,45.5,46.6,32503014
2024-06-03 04:00:00+00:00,46.45,46.46,45.05,45.38,40796588
2024-06-04 04:00:00+00:00,44.91,44.99,44.35,44.95,34721410
2024-06-05 04:00:00+00:00,45.0,45.07,44.67,44.94,21040150
2024-06-06 04:00:00+00:00,44.79,45.19,44.61,45.18,25506506
2024-06-07 04:00:00+00:00,45.09,45.52,44.78,45.0,20089778
2024-06-10 04:00:00+00:00,45.17,45.61,45.0,45.34,22548382
2024-06-11 04:00:00+00:00,45.14,45.3,44.72,45.25,18591126
2024-06-12 04:00:00+00:00,45.62,45.64,44.54,44.76,32560574
2024-06-13 04:00:00+00:00,44.64,44.77,44.12,44.35,28495640
2024-06-14 04:00:00+00:00,44.3,44.35,43.84,44.02,25811336
2024-06-17 04:00:00+00:00,43.96,44.33,43.8,44.14,29547720
2024-06-18 04:00:00+00:00,44.42,44.88,44.21,44.32,29285780
2024-06-20 04:00:00+00:00,44.45,45.37,44.31,45.14,34073852
2024-06-21 04:00:00+00:00,45.26,45.38,44.81,44.88,39986358
2024-06-24 04:00:00+00:00,44.77,45.81,44.69,45.64,31188222
2024-06-25 04:00:00+00:00,45.6,45.75,45.35,45.75,27670260
2024-06-26 04:00:00+00:00,45.8,45.8,45.08,45.3,23127398
2024-06-27 04:00:00+00:00,45.54,45.59,45.15,45.4,15631574
2024-06-28 04:00:00+00:00,45.75,45.91,45.41,45.58,25603144
2024-07-01 04:00:00+00:00,45.94,46.09,45.33,45.6,24563286
2024-07-02 04:00:00+00:00,46.04,46.05,45.28,45.57,25226770
2024-07-03 04:00:00+00:00,45.61,45.98,45.53,45.77,16280094
2024-07-05 04:00:00+00:00,45.68,45.71,44.85,45.05,23450492
2024-07-08 04:00:00+00:00,44.73,45.19,44.6,44.78,19595012
2024-07-09 04:00:00+00:00,44.33,44.87,44.2,44.38,19091194
2024-07-10 04:00:00+00:00,44.33,44.7,44.2,44.68,19320756
2024-07-11 04:00:00+00:00,44.57,45.24,44.41,45.15,22689674
2024-07-12 04:00:00+00:00,45.4,45.47,44.93,45.26,18117240
2024-07-15 04:00:00+00:00,45.58,46.36,45.41,45.95,30791946
2024-07-16 04:00:00+00:00,45.75,46.19,45.52,46.15,24129334
2024-07-17 04:00:00+00:00,46.26,46.91,46.25,46.61,29435350
2024-07-18 04:00:00+00:00,46.56,47.26,46.4,46.7,32867664
2024-07-19 04:00:00+00:00,46.62,46.94,46.07,46.19,26500272
2024-07-22 04:00:00+00:00,45.94,46.16,45.63,45.9,21527512
2024-07-23 04:00:00+00:00,45.77,45.81,45.11,45.17,33103796
2024-07-24 04:00:00+00:00,45.29,45.58,44.86,45.17,29328500
2024-07-25 04:00:00+00:00,45.2,46.1,44.99,45.95,36437404
2024-07-26 04:00:00+00:00,45.83,46.29,45.67,46.1,23730772
2024-07-29 04:00:00+00:00,46.1,46.14,45.27,45.7,27156520
2024-07-30 04:00:00+00:00,45.7,46.56,45.64,46.41,25673202
2024-07-31 04:00:00+00:00,47.04,47.07,46.57,46.61,36173750
2024-08-01 04:00:00+00:00,46.5,46.74,45.14,45.37,42558498
2024-08-02 04:00:00+00:00,44.85,45.1,43.76,44.2,45836208
2024-08-05 04:00:00+00:00,43.25,43.59,42.74,43.23,50039100
2024-08-06 04:00:00+00:00,43.39,43.98,43.22,43.49,31418598
2024-08-07 04:00:00+00:00,44.02,44.47,43.64,43.67,26125948
2024-08-08 04:00:00+00:00,43.79,44.67,43.79,44.61,21596840
2024-08-09 04:00:00+00:00,44.54,44.9,44.26,44.71,22345572
2024-08-12 04:00:00+00:00,44.97,45.21,43.75,44.93,28785872
2024-08-13 04:00:00+00:00,44.59,44.63,44.27,44.49,31386390
2024-08-14 04:00:00+00:00,44.58,44.95,44.4,44.75,21657604
2024-08-15 04:00:00+00:00,45.01,45.43,44.97,45.29,18335210
2024-08-16 04:00:00+00:00,45.01,45.35,44.97,45.24,17753042
2024-08-19 04:00:00+00:00,45.31,45.93,45.31,45.54,21762686
2024-08-20 04:00:00+00:00,45.44,45.48,44.32,44.34,33866474
2024-08-21 04:00:00+00:00,44.62,44.84,44.29,44.42,22737732
2024-08-22 04:00:00+00:00,44.45,44.73,44.36,44.53,19595436
2024-08-23 04:00:00+00:00,44.74,45.27,44.69,45.2,20734626
2024-08-26 04:00:00+00:00,45.7,46.0,45.27,45.6,19514760
2024-08-27 04:00:00+00:00,45.6,45.73,45.1,45.18,16627126
2024-08-28 04:00:00+00:00,44.9,45.16,44.69,44.89,17049002
2024-08-29 04:00:00+00:00,45.15,45.64,44.73,45.47,22499056
2024-08-30 04:00:00+00:00,45.01,45.66,44.91,45.64,28085268
2024-09-03 04:00:00+00:00,44.9,44.96,44.22,44.51,38194160
2024-09-04 04:00:00+00:00,44.55,44.84,43.8,43.89,30113984
2024-09-05 04:00:00+00:00,44.21,44.24,43.51,43.55,24991290
2024-09-06 04:00:00+00:00,43.65,43.91,42.83,43.01,35912028
2024-09-09 04:00:00+00:00,43.14,43.72,43.07,43.32,32824322
2024-09-10 04:00:00+00:00,43.38,43.44,42.21,42.57,49326820
2024-09-11 04:00:00+00:00,42.57,42.59,41.51,42.18,48125724
2024-09-12 04:00:00+00:00,42.34,42.72,42.03,42.56,31769226
2024-09-13 04:00:00+00:00,42.77,43.12,42.67,42.8,26195462
2024-09-16 04:00:00+00:00,43.16,43.56,42.96,43.29,26875438
2024-09-17 04:00:00+00:00,43.3,43.9,43.21,43.87,25034684
2024-09-18 04:00:00+00:00,43.81,44.5,43.75,43.96,28209578
2024-09-19 04:00:00+00:00,44.7,44.98,44.24,44.48,37806716
2024-09-20 04:00:00+00:00,44.3,44.49,43.89,44.38,27961604
2024-09-23 04:00:00+00:00,44.1,44.78,43.95,44.56,26630108
2024-09-24 04:00:00+00:00,45.07,45.07,44.39,44.45,34627308
2024-09-25 04:00:00+00:00,44.34,44.47,43.49,43.58,27633552
2024-09-26 04:00:00+00:00,42.72,43.29,42.59,42.73,46896314
2024-09-27 04:00:00+00:00,42.96,43.66,42.93,43.6,30489512
2024-09-30 04:00:00+00:00,43.52,43.98,43.26,43.9,22809424
2024-10-01 04:00:00+00:00,43.51,45.08,43.45,44.9,66114108
2024-10-02 04:00:00+00:00,45.53,45.65,44.86,45.36,41925142
2024-10-03 04:00:00+00:00,45.52,46.22,45.18,46.16,44726052
2024-10-04 04:00:00+00:00,46.55,46.73,46.13,46.59,35955784
2024-10-07 04:00:00+00:00,46.76,47.11,46.6,46.76,32519412
2024-10-08 04:00:00+00:00,46.15,46.2,45.32,45.54,39759882
2024-10-09 04:00:00+00:00,45.2,45.93,45.11,45.81,31519582
2024-10-10 04:00:00+00:00,46.07,46.38,45.73,46.12,26047398
2024-10-11 04:00:00+00:00,46.11,46.57,46.02,46.41,26414500
2024-10-14 04:00:00+00:00,46.08,46.46,46.01,46.39,22198514
2024-10-15 04:00:00+00:00,45.15,45.45,44.87,44.89,37839152
2024-10-16 04:00:00+00:00,45.15,45.25,44.98,45.11,19877098
2024-10-17 04:00:00+00:00,45.1,45.47,45.05,45.32,21433300
2024-10-18 04:00:00+00:00,45.24,45.37,44.85,45.17,24015182
2024-10-21 04:00:00+00:00,45.47,45.62,44.96,45.04,21162084
2024-10-22 04:00:00+00:00,45.2,45.35,44.98,45.14,17956470
2024-10-23 04:00:00+00:00,45.02,45.19,44.65,44.91,19813274
2024-10-24 04:00:00+00:00,45.0,45.14,44.6,44.9,17047212
2024-10-25 04:00:00+00:00,45.14,45.26,44.76,44.89,19104512
2024-10-28 04:00:00+00:00,43.93,44.63,43.89,44.6,24227926
2024-10-29 04:00:00+00:00,44.5,44.54,43.83,43.92,23791564
2024-10-30 04:00:00+00:00,44.08,44.37,43.91,44.02,19364152
2024-10-31 04:00:00+00:00,44.3,44.63,44.18,44.3,31623212
2024-11-01 04:00:00+00:00,44.9,45.06,43.93,44.02,26304584
2024-11-04 05:00:00+00:00,44.32,44.86,44.26,44.79,25811882
2024-11-05 05:00:00+00:00,45.01,45.2,44.81,45.09,20876666
2024-11-06 05:00:00+00:00,46.33,47.13,46.02,46.78,50053266
2024-11-07 05:00:00+00:00,46.75,46.75,46.21,46.57,26138004
2024-11-08 05:00:00+00:00,46.57,46.94,46.39,46.88,22336820
2024-11-11 05:00:00+00:00,46.89,47.3,46.67,47.14,20909486
2024-11-12 05:00:00+00:00,47.28,47.42,46.84,46.89,18500350
2024-11-13 05:00:00+00:00,47.03,47.45,46.47,47.26,23676238
2024-11-14 05:00:00+00:00,47.57,47.59,47.13,47.44,18011072
2024-11-15 05:00:00+00:00,47.39,47.85,47.2,47.37,28080492
2024-11-18 05:00:00+00:00,47.74,48.09,47.53,48.0,25235560
2024-11-19 05:00:00+00:00,47.61,47.98,47.46,47.69,23796418
2024-11-20 05:00:00+00:00,47.87,48.21,47.72,48.17,17913766
2024-11-21 05:00:00+00:00,48.39,48.93,48.27,48.56,33541028
2024-11-22 05:00:00+00:00,48.5,48.96,48.45,48.64,21555650
2024-11-25 05:00:00+00:00,48.63,48.87,47.56,47.68,32950682
2024-11-26 05:00:00+00:00,47.74,47.84,47.39,47.61,24932738
2024-11-27 05:00:00+00:00,47.57,47.97,47.5,47.56,15596444
2024-11-29 05:00:00+00:00,47.67,47.85,47.58,47.77,13636374
2024-12-02 05:00:00+00:00,47.75,47.83,46.84,47.26,22189956
2024-12-03 05:00:00+00:00,47.57,47.65,47.05,47.26,17886554
2024-12-04 05:00:00+00:00,47.24,47.24,45.84,46.12,32518052
2024-12-05 05:00:00+00:00,46.29,46.6,46.1,46.3,22662402
2024-12-06 05:00:00+00:00,46.2,46.21,45.42,45.51,26206628
2024-12-09 05:00:00+00:00,45.89,46.13,45.4,45.44,23627798
2024-12-10 05:00:00+00:00,45.7,45.76,45.06,45.13,23299828
2024-12-11 05:00:00+00:00,45.22,45.37,44.98,45.2,23147502
2024-12-12 05:00:00+00:00,45.12,45.2,44.79,44.84,21746294
2024-12-13 05:00:00+00:00,44.95,44.96,44.49,44.61,22346060
2024-12-16 05:00:00+00:00,44.49,44.49,43.6,43.63,25036152
2024-12-17 05:00:00+00:00,43.3,43.39,42.9,43.31,32011674
2024-12-18 05:00:00+00:00,43.19,43.39,42.03,42.03,39241224
2024-12-19 05:00:00+00:00,42.47,42.61,41.63,41.66,49988450
2024-12-20 05:00:00+00:00,41.66,42.22,41.55,42.07,35704810
2024-12-23 05:00:00+00:00,41.66,42.11,41.38,41.97,34445364
2024-12-24 05:00:00+00:00,42.09,42.4,41.81,42.32,15024184
2024-12-26 05:00:00+00:00,42.34,42.36,42.03,42.29,15386454
2024-12-27 05:00:00+00:00,42.25,42.74,42.07,42.28,20369700
2024-12-30 05:00:00+00:00,42.29,42.52,41.93,42.28,23545302
2024-12-31 05:00:00+00:00,42.38,42.95,42.29,42.83,21165070
2025-01-02 05:00:00+00:00,43.18,43.65,43.04,43.33,34887070
2025-01-03 05:00:00+00:00,43.59,43.88,43.41,43.74,22124068
2025-01-06 05:00:00+00:00,43.94,44.29,43.42,43.54,22835288
2025-01-07 05:00:00+00:00,43.86,44.31,43.59,43.97,25035776
2025-01-08 05:00:00+00:00,43.7,44.04,43.55,44.02,28483866
2025-01-10 05:00:00+00:00,44.59,45.1,43.96,44.2,34075792
2025-01-13 05:00:00+00:00,44.4,45.39,44.4,45.13,48896172
2025-01-14 05:00:00+00:00,45.05,45.65,44.98,45.61,31173006
2025-01-15 05:00:00+00:00,45.89,46.4,45.7,46.29,34657892
2025-01-16 05:00:00+00:00,46.13,46.66,46.08,46.62,25230602
2025-01-17 05:00:00+00:00,46.62,47.15,46.46,46.98,23899650
2025-01-21 05:00:00+00:00,46.86,47.0,46.5,46.74,49302056
2025-01-22 05:00:00+00:00,46.6,46.65,45.86,45.89,35880258
2025-01-23 05:00:00+00:00,46.24,46.41,45.77,46.1,29359132
2025-01-24 05:00:00+00:00,46.17,46.35,45.6,45.66,29156796
2025-01-27 05:00:00+00:00,45.5,45.58,44.87,45.18,31993400
2025-01-28 05:00:00+00:00,45.32,45.48,44.53,44.75,37401748
2025-01-29 05:00:00+00:00,44.64,45.08,44.58,44.85,20681758
2025-01-30 05:00:00+00:00,45.13,45.32,44.8,45.08,39092542
2025-01-31 05:00:00+00:00,44.96,45.06,43.72,43.82,44540036
2025-02-03 05:00:00+00:00,43.82,44.27,43.42,44.1,39660892
2025-02-04 05:00:00+00:00,43.89,45.12,43.82,45.02,39934410
2025-02-05 05:00:00+00:00,45.01,45.18,44.75,45.12,21771998
2025-02-06 05:00:00+00:00,45.32,45.43,44.05,44.29,41309624
2025-02-07 05:00:00+00:00,44.45,44.68,44.22,44.28,22010888
2025-02-10 05:00:00+00:00,44.68,45.33,44.68,45.26,25583126
2025-02-11 05:00:00+00:00,45.47,45.93,45.18,45.62,26226818
2025-02-12 05:00:00+00:00,45.25,45.56,44.44,44.52,38798774
2025-02-13 05:00:00+00:00,44.45,44.96,44.16,44.86,31550918
2025-02-14 05:00:00+00:00,45.03,45.66,45.03,45.04,25886492
2025-02-18 05:00:00+00:00,45.25,45.95,44.99,45.65,29574750
2025-02-19 05:00:00+00:00,45.84,46.43,45.81,46.01,24311698
2025-02-20 05:00:00+00:00,45.92,46.51,45.72,46.43,28332290
2025-02-21 05:00:00+00:00,46.15,46.28,45.44,45.47,31276604
2025-02-24 05:00:00+00:00,45.55,45.72,45.23,45.48,26295264
2025-02-25 05:00:00+00:00,45.47,45.68,44.45,44.82,26608672
2025-02-26 05:00:00+00:00,44.88,44.99,44.36,44.57,24305696
2025-02-27 05:00:00+00:00,44.88,45.35,44.49,44.81,30048002
2025-02-28 05:00:00+00:00,44.66,45.54,44.38,45.5,26627104
2025-03-03 05:00:00+00:00,45.68,45.94,43.51,43.91,49501752
2025-03-04 05:00:00+00:00,43.27,44.19,42.72,43.49,50677032
2025-03-05 05:00:00+00:00,42.86,43.07,42.01,42.85,56510824
2025-03-06 05:00:00+00:00,42.65,43.24,42.31,42.98,47104294
2025-03-07 05:00:00+00:00,43.18,44.03,43.18,43.72,44849130
2025-03-10 04:00:00+00:00,43.95,44.65,43.63,44.04,40045348
2025-03-11 04:00:00+00:00,44.22,44.41,43.46,43.69,30230208
2025-03-12 04:00:00+00:00,43.72,44.29,43.55,43.89,32240470
2025-03-13 04:00:00+00:00,43.74,44.37,43.33,43.59,30742034
2025-03-14 04:00:00+00:00,43.83,44.94,43.63,44.88,32023138
2025-03-17 04:00:00+00:00,44.85,45.81,44.85,45.6,29761584
2025-03-18 04:00:00+00:00,45.85,45.95,45.31,45.67,30806524
2025-03-19 04:00:00+00:00,45.73,46.62,45.72,46.42,31742590
2025-03-20 04:00:00+00:00,46.16,46.74,45.97,46.59,33163598
2025-03-21 04:00:00+00:00,46.43,46.54,45.97,46.26,36975532
2025-03-24 04:00:00+00:00,46.11,46.7,46.04,46.43,23824528
2025-03-25 04:00:00+00:00,46.63,47.02,46.48,46.62,22292004
2025-03-26 04:00:00+00:00,47.05,47.41,46.77,46.89,25571668
2025-03-27 04:00:00+00:00,46.75,46.93,46.25,46.44,19147728
2025-03-28 04:00:00+00:00,46.41,46.59,45.98,46.22,22248740
2025-03-31 04:00:00+00:00,46.12,47.0,46.05,46.73,28813130
2025-04-01 04:00:00+00:00,46.75,47.04,46.25,47.0,27121216
2025-04-02 04:00:00+00:00,46.6,47.11,46.49,47.07,33960598
2025-04-03 04:00:00+00:00,44.83,45.17,43.36,43.37,75657844
2025-04-04 04:00:00+00:00,41.83,42.3,39.38,39.38,100751524
2025-04-07 04:00:00+00:00,38.1,40.79,37.49,39.13,113906712
2025-04-08 04:00:00+00:00,40.33,40.54,37.61,38.22,90503606
2025-04-09 04:00:00+00:00,37.48,41.61,37.24,41.18,118924846
2025-04-10 04:00:00+00:00,40.11,40.11,37.74,38.49,79046518
2025-04-11 04:00:00+00:00,38.67,39.74,37.91,39.45,41916818
2025-04-14 04:00:00+00:00,40.38,40.38,39.19,39.59,32748178
2025-04-15 04:00:00+00:00,39.55,40.26,39.5,39.53,22166906
2025-04-16 04:00:00+00:00,39.77,40.52,39.67,39.85,27331426
2025-04-17 04:00:00+00:00,40.17,41.38,40.16,40.75,47908738
2025-04-21 04:00:00+00:00,40.1,40.21,39.24,39.69,31011920
2025-04-22 04:00:00+00:00,40.2,41.0,40.03,40.7,22095738
2025-04-23 04:00:00+00:00,41.05,41.49,40.37,40.62,43216130
2025-04-24 04:00:00+00:00,41.0,41.39,40.65,41.27,21218990
2025-04-25 04:00:00+00:00,40.9,41.23,40.74,41.2,17664780
2025-04-28 04:00:00+00:00,41.15,41.6,41.1,41.49,16436710
2025-04-29 04:00:00+00:00,41.02,41.52,40.94,41.37,19843316
2025-04-30 04:00:00+00:00,40.7,40.76,39.75,40.25,37814288
2025-05-01 04:00:00+00:00,39.92,40.93,39.92,40.4,36314420
2025-05-02 04:00:00+00:00,40.89,41.2,40.16,40.99,32038804
2025-05-05 04:00:00+00:00,40.48,40.53,40.03,40.25,29530210
2025-05-06 04:00:00+00:00,40.43,40.61,40.03,40.26,22995462
2025-05-07 04:00:00+00:00,40.35,40.48,39.97,40.28,22448240
2025-05-08 04:00:00+00:00,40.65,41.36,40.58,40.81,30565874
2025-05-09 04:00:00+00:00,41.3,41.42,40.88,41.22,19993148
2025-05-12 04:00:00+00:00,42.74,42.94,41.98,42.29,32610056
2025-05-13 04:00:00+00:00,42.5,43.22,42.33,42.89,29031568
2025-05-14 04:00:00+00:00,42.6,42.79,42.46,42.63,21332654
2025-05-15 04:00:00+00:00,42.09,42.83,41.98,42.81,29721532
2025-05-16 04:00:00+00:00,42.9,42.93,42.3,42.74,21725824
2025-05-19 04:00:00+00:00,42.39,42.43,41.87,42.19,24787066
2025-05-20 04:00:00+00:00,42.16,42.25,41.76,41.8,22782142
2025-05-21 04:00:00+00:00,41.55,41.63,41.02,41.03,25698320
2025-05-22 04:00:00+00:00,40.81,41.1,40.36,40.87,23732250
2025-05-23 04:00:00+00:00,40.51,41.1,40.49,41.0,23510912
2025-05-27 04:00:00+00:00,41.28,41.42,40.98,41.35,19028072
2025-05-28 04:00:00+00:00,41.55,41.68,40.72,40.83,29552608
2025-05-29 04:00:00+00:00,40.89,41.13,40.63,41.13,23793426
2025-05-30 04:00:00+00:00,40.82,40.98,40.44,40.77,31038616
2025-06-02 04:00:00+00:00,41.53,41.59,40.83,41.3,32030982
2025-06-03 04:00:00+00:00,41.33,42.05,40.94,41.79,30352648
2025-06-04 04:00:00+00:00,41.77,42.1,40.92,40.98,44939216
2025-06-05 04:00:00+00:00,41.28,41.3,40.83,40.94,27667328
2025-06-06 04:00:00+00:00,41.31,41.83,41.31,41.71,28556812
2025-06-09 04:00:00+00:00,41.87,42.22,41.54,41.79,28680330
2025-06-10 04:00:00+00:00,42.23,42.81,42.21,42.53,46092238
2025-06-11 04:00:00+00:00,42.82,43.22,42.4,43.15,48996600
2025-06-12 04:00:00+00:00,42.95,43.31,42.63,43.3,34028116
2025-06-13 04:00:00+00:00,44.11,44.29,43.48,44.05,84194742
2025-06-16 04:00:00+00:00,43.93,44.38,43.59,43.92,69406614
2025-06-17 04:00:00+00:00,44.29,44.66,44.01,44.33,67884132
2025-06-18 04:00:00+00:00,44.49,44.72,43.94,44.04,70472920
2025-06-20 04:00:00+00:00,44.22,44.61,44.09,44.49,56744750
2025-06-23 04:00:00+00:00,44.69,44.72,42.83,43.02,105688294
2025-06-24 04:00:00+00:00,42.39,42.9,42.29,42.46,65358708
2025-06-25 04:00:00+00:00,42.41,42.56,42.13,42.27,43723020
2025-06-26 04:00:00+00:00,42.37,42.96,42.26,42.88,33565614
2025-06-27 04:00:00+00:00,42.85,42.85,42.4,42.65,35411732
2025-06-30 04:00:00+00:00,42.49,42.67,42.28,42.41,26247518
2025-07-01 04:00:00+00:00,42.47,42.93,42.08,42.73,40772802
2025-07-02 04:00:00+00:00,43.09,43.54,42.62,43.47,42468858
2025-07-03 04:00:00+00:00,43.41,43.66,43.31,43.52,22266218
2025-07-07 04:00:00+00:00,43.25,43.48,42.65,43.1,35673204
2025-07-08 04:00:00+00:00,43.05,44.42,43.04,44.26,47472456
2025-07-09 04:00:00+00:00,44.15,44.32,43.9,44.03,28673156
2025-07-10 04:00:00+00:00,43.93,44.39,43.62,44.37,28824762
2025-07-11 04:00:00+00:00,44.29,44.72,44.16,44.57,30171552
2025-07-14 04:00:00+00:00,44.48,44.48,43.84,44.08,33441544
2025-07-15 04:00:00+00:00,43.99,44.18,43.39,43.44,33859576
2025-07-16 04:00:00+00:00,43.38,43.63,42.91,43.07,35482496
2025-07-17 04:00:00+00:00,42.85,43.39,42.74,43.33,36086420
2025-07-18 04:00:00+00:00,43.68,43.88,42.81,42.98,60973282
2025-07-21 04:00:00+00:00,43.01,43.09,42.45,42.54,30434458
2025-07-22 04:00:00+00:00,42.49,42.97,42.44,42.74,32444074
2025-07-23 04:00:00+00:00,42.91,43.43,42.8,43.41,28046082
2025-07-24 04:00:00+00:00,43.29,43.77,43.1,43.72,24022142
2025-07-25 04:00:00+00:00,43.76,43.84,43.32,43.55,20143134
2025-07-28 04:00:00+00:00,43.84,44.12,43.78,44.05,23705282
2025-07-29 04:00:00+00:00,44.12,44.49,43.97,44.48,24551960
2025-07-30 04:00:00+00:00,44.2,44.23,43.57,43.84,26551654
2025-07-31 04:00:00+00:00,43.38,44.11,43.38,43.61,24960798
2025-08-01 04:00:00+00:00,43.44,43.6,42.56,42.8,42329366
2025-08-04 04:00:00+00:00,42.72,43.04,42.48,42.7,26509642
2025-08-05 04:00:00+00:00,42.69,42.81,42.17,42.76,31413606
2025-08-06 04:00:00+00:00,43.03,43.28,42.24,42.36,38249454
2025-08-07 04:00:00+00:00,42.61,43.09,42.14,42.2,35042056
2025-08-08 04:00:00+00:00,42.4,42.85,42.18,42.47,40736226
2025-08-11 04:00:00+00:00,42.55,42.74,42.05,42.13,28828714
2025-08-12 04:00:00+00:00,42.21,42.7,42.09,42.33,34527022
2025-08-13 04:00:00+00:00,42.36,42.83,42.21,42.82,25601212
2025-08-14 04:00:00+00:00,42.79,42.84,42.33,42.78,24944596
2025-08-15 04:00:00+00:00,42.8,43.26,42.65,42.78,27297716
2025-08-18 04:00:00+00:00,42.56,42.73,42.28,42.53,26428444
2025-08-19 04:00:00+00:00,42.41,42.79,42.3,42.54,25693882
2025-08-20 04:00:00+00:00,42.61,43.07,42.57,42.9,27967210
2025-08-21 04:00:00+00:00,42.82,43.28,42.71,43.19,22088028
2025-08-22 04:00:00+00:00,43.34,44.18,43.27,44.07,30936332
2025-08-25 04:00:00+00:00,43.96,44.24,43.82,44.19,23412822
2025-08-26 04:00:00+00:00,44.01,44.16,43.7,44.12,22855500
2025-08-27 04:00:00+00:00,44.05,44.77,44.0,44.61,26877360
2025-08-28 04:00:00+00:00,44.63,45.02,44.33,44.95,24086284
2025-08-29 04:00:00+00:00,44.97,45.31,44.91,45.2,23723528
2025-09-02 04:00:00+00:00,45.08,45.34,44.74,45.26,25964440
2025-09-03 04:00:00+00:00,44.9,45.27,44.1,44.25,36018148
2025-09-04 04:00:00+00:00,44.25,44.73,44.06,44.54,25895486
2025-09-05 04:00:00+00:00,44.18,44.32,43.46,43.68,48168864
2025-09-08 04:00:00+00:00,43.83,44.02,43.19,43.58,34931864
2025-09-09 04:00:00+00:00,43.82,44.41,43.77,43.79,41193414
2025-09-10 04:00:00+00:00,43.89,44.58,43.79,44.56,29932822
2025-09-11 04:00:00+00:00,44.2,44.66,44.07,44.57,25162186
2025-09-12 04:00:00+00:00,44.75,44.95,44.29,44.3,22298266
2025-09-15 04:00:00+00:00,44.39,44.5,44.08,44.15,23288564
2025-09-16 04:00:00+00:00,44.35,45.03,44.34,44.89,41593456
2025-09-17 04:00:00+00:00,44.83,45.31,44.64,45.0,26044858
2025-09-18 04:00:00+00:00,45.04,45.13,44.52,44.86,28705334
2025-09-19 04:00:00+00:00,44.82,44.85,44.11,44.26,29979134
2025-09-22 04:00:00+00:00,43.73,44.05,43.56,43.84,22502342
2025-09-23 04:00:00+00:00,44.01,45.07,44.01,44.59,44214788
2025-09-24 04:00:00+00:00,44.91,45.59,44.86,45.17,35406134
2025-09-25 04:00:00+00:00,45.17,45.62,45.04,45.58,31887198
2025-09-26 04:00:00+00:00,45.65,46.46,45.64,46.0,40161680
2025-09-29 04:00:00+00:00,45.68,45.74,44.91,45.15,37674482
2025-09-30 04:00:00+00:00,44.76,44.85,44.32,44.67,47544756
2025-10-01 04:00:00+00:00,44.45,44.82,44.4,44.67,27661224
2025-10-02 04:00:00+00:00,44.57,44.97,44.17,44.22,31793606
2025-10-03 04:00:00+00:00,44.45,44.72,44.39,44.46,24047956
2025-10-06 04:00:00+00:00,44.74,44.93,44.5,44.68,21488472
2025-10-07 04:00:00+00:00,44.63,44.78,43.96,44.75,25324566
2025-10-08 04:00:00+00:00,44.75,44.75,44.15,44.49,20024210
2025-10-09 04:00:00+00:00,44.58,44.96,43.83,43.88,23397888
2025-10-10 04:00:00+00:00,43.56,43.78,42.6,42.61,44892248
2025-10-13 04:00:00+00:00,42.93,43.25,42.8,43.19,22889576
2025-10-14 04:00:00+00:00,42.58,43.43,42.52,43.19,25077370
2025-10-15 04:00:00+00:00,43.46,43.71,42.84,43.16,24256592
2025-10-16 04:00:00+00:00,43.24,43.37,42.35,42.64,29193052
2025-10-17 04:00:00+00:00,42.82,43.08,42.65,42.99,24069144
2025-10-20 04:00:00+00:00,43.07,43.54,43.07,43.45,25352354
2025-10-21 04:00:00+00:00,43.57,43.67,43.13,43.35,25879082
2025-10-22 04:00:00+00:00,43.64,44.09,43.27,43.9,32814074
2025-10-23 04:00:00+00:00,44.69,44.78,44.22,44.49,47295430
2025-10-24 04:00:00+00:00,44.69,44.7,44.01,44.04,21190900
2025-10-27 04:00:00+00:00,44.18,44.32,43.95,44.14,19597028
2025-10-28 04:00:00+00:00,43.98,44.12,43.66,43.68,22474300
2025-10-29 04:00:00+00:00,43.73,44.23,43.64,44.01,26799820
2025-10-30 04:00:00+00:00,43.99,44.31,43.68,43.75,20663428
2025-10-31 04:00:00+00:00,43.85,44.31,43.66,44.07,26985364
2025-11-03 05:00:00+00:00,44.08,44.19,43.57,44.07,22232654
2025-11-04 05:00:00+00:00,43.53,43.72,43.19,43.6,29477614
2025-11-05 05:00:00+00:00,43.6,44.2,43.54,43.71,23857158
2025-11-06 05:00:00+00:00,43.78,44.55,43.78,44.14,32155414
2025-11-07 05:00:00+00:00,44.29,44.87,44.17,44.77,35458420
2025-11-10 05:00:00+00:00,44.89,45.28,44.3,45.18,31264530
2025-11-11 05:00:00+00:00,45.45,46.09,45.41,45.77,38752756
2025-11-12 05:00:00+00:00,45.46,45.67,45.06,45.13,29863294
2025-11-13 05:00:00+00:00,45.27,45.65,45.04,45.24,32243820
2025-11-14 05:00:00+00:00,45.48,46.11,44.91,46.01,34179728
2025-11-17 05:00:00+00:00,45.96,45.97,44.99,45.17,37447338
2025-11-18 05:00:00+00:00,44.98,45.65,44.85,45.53,34839908
2025-11-19 05:00:00+00:00,44.73,45.08,44.41,44.94,41062738
2025-11-20 05:00:00+00:00,45.17,45.78,44.4,44.43,41630046
2025-11-21 05:00:00+00:00,44.51,44.91,44.04,44.71,39317220
2025-11-24 05:00:00+00:00,44.66,44.73,43.9,44.59,33681798
2025-11-25 05:00:00+00:00,44.24,44.48,43.94,44.31,29298924
2025-11-26 05:00:00+00:00,44.3,44.96,44.26,44.64,26611030
2025-11-28 05:00:00+00:00,44.67,45.42,44.6,45.23,16666626
2025-12-01 05:00:00+00:00,45.29,45.91,45.26,45.66,31150072
2025-12-02 05:00:00+00:00,45.59,45.59,44.84,45.07,33304920
2025-12-03 05:00:00+00:00,45.38,46.0,45.31,45.92,30173970
2025-12-04 05:00:00+00:00,45.89,46.18,45.76,46.11,23799698
2025-12-05 05:00:00+00:00,46.03,46.66,45.91,45.92,22164390
2025-12-08 05:00:00+00:00,45.66,45.92,45.27,45.42,27891927
2025-12-09 05:00:00+00:00,45.5,46.08,45.46,45.7,20917429
2025-12-10 05:00:00+00:00,45.84,46.265,45.625,46.18,26255067
2025-12-11 05:00:00+00:00,45.9,46.245,45.84,45.96,25827244
2025-12-12 05:00:00+00:00,46.045,46.235,45.39,45.51,33161151
2025-12-15 05:00:00+00:00,45.61,45.61,44.82,45.19,27521554
2025-12-16 05:00:00+00:00,44.83,44.85,43.77,43.81,49312410
2025-12-17 05:00:00+00:00,44.13,44.88,44.06,44.78,43375286
2025-12-18 05:00:00+00:00,44.65,44.71,43.98,44.13,29920197
2025-12-19 05:00:00+00:00,44.25,44.53,44.025,44.13,31959550
2025-12-22 05:00:00+00:00,44.14,44.485,44.09,44.21,23707420
2025-12-23 05:00:00+00:00,44.37,44.55,44.22,44.5,19137538
2025-12-24 05:00:00+00:00,44.415,44.555,44.31,44.37,11293864
2025-12-26 05:00:00+00:00,44.32,44.435,43.99,44.2,17884483
2025-12-29 05:00:00+00:00,44.51,44.74,44.29,44.62,31352054
2025-12-30 05:00:00+00:00,44.8,45.0884,44.8,44.96,18654743
2025-12-31 05:00:00+00:00,44.93,45.02,44.57,44.71,16965922
2026-01-02 05:00:00+00:00,44.72,45.7799,44.49,45.65,31935524
2026-01-05 05:00:00+00:00,47.16,47.32,45.75,46.89,94574640
2026-01-06 05:00:00+00:00,46.995,47.06,45.5313,45.64,69568225
2026-01-07 05:00:00+00:00,45.82,45.82,45.08,45.13,42739166
2026-01-08 05:00:00+00:00,45.32,46.85,45.22,46.55,51451021
2026-01-09 05:00:00+00:00,46.75,46.88,46.505,46.67,38839945
2026-01-12 05:00:00+00:00,46.75,46.805,46.1001,46.34,28264436
2026-01-13 05:00:00+00:00,46.73,47.39,46.68,47.0,50469235
2026-01-14 05:00:00+00:00,47.25,48.65,47.18,48.06,80750152
2026-01-15 05:00:00+00:00,47.63,48.07,47.27,47.61,49328793
2026-01-16 05:00:00+00:00,47.56,47.805,47.485,47.69,30796285
2026-01-20 05:00:00+00:00,48.09,48.31,47.5,47.6,50178699
2026-01-21 05:00:00+00:00,48.29,49.05,48.29,48.75,58996037
2026-01-22 05:00:00+00:00,48.62,49.0,48.42,48.91,50869509
2026-01-23 05:00:00+00:00,49.52,49.89,49.09,49.19,51431167
2026-01-26 05:00:00+00:00,49.865,49.89,48.95,49.22,40122625
2026-01-27 05:00:00+00:00,49.39,49.815,49.16,49.67,39840271
2026-01-28 05:00:00+00:00,49.97,50.14,49.56,50.05,41890386
2026-01-29 05:00:00+00:00,51.15,51.73,50.48,50.51,77520650
2026-01-30 05:00:00+00:00,50.36,51.085,49.875,51.05,74039404
2026-02-02 05:00:00+00:00,50.1,50.51,49.77,50.05,61479856
2026-02-03 05:00:00+00:00,50.24,51.78,50.02,51.67,83754106
2026-02-04 05:00:00+00:00,51.82,52.9599,51.82,52.83,78149891
2026-02-05 05:00:00+00:00,52.26,52.49,51.435,52.21,54235648
2026-02-06 05:00:00+00:00,52.5,53.415,52.36,53.25,41669571
2026-02-09 05:00:00+00:00,53.205,53.72,52.975,53.64,38798501
2026-02-10 05:00:00+00:00,53.77,53.79,53.24,53.58,32145991
2026-02-11 05:00:00+00:00,54.28,55.11,54.25,54.98,57349665
2026-02-12 05:00:00+00:00,54.94,55.24,53.76,53.98,67427841
2026-02-13 05:00:00+00:00,53.94,54.575,53.81,54.35,48392131
2026-02-17 05:00:00+00:00,54.56,54.905,53.18,53.75,50499593
2026-02-18 05:00:00+00:00,54.53,54.86,54.22,54.78,59196116
2026-02-19 05:00:00+00:00,55.46,55.88,54.925,55.18,62513522
2026-02-20 05:00:00+00:00,55.0,55.285,54.51,54.88,50833496
2026-02-23 05:00:00+00:00,55.035,55.93,54.865,55.15,44016018
2026-02-24 05:00:00+00:00,55.11,55.22,54.4,55.1,42923813
2026-02-25 05:00:00+00:00,55.3,55.37,54.185,54.87,36209965
2026-02-26 05:00:00+00:00,54.37,55.67,54.12,55.05,47035526
2026-02-27 05:00:00+00:00,55.64,56.15,54.925,55.92,59073720
2026-03-02 05:00:00+00:00,57.77,57.88,56.27,57.04,135639251
2026-03-03 05:00:00+00:00,57.385,57.72,56.05,56.52,154774584
2026-03-04 05:00:00+00:00,56.06,56.43,55.325,56.19,70736003
2026-03-05 05:00:00+00:00,56.53,57.06,56.08,56.48,85180647
2026-03-06 05:00:00+00:00,57.15,57.34,56.17,56.57,68217969
2026-03-09 04:00:00+00:00,56.84,57.15,55.94,56.32,88751877
2026-03-10 04:00:00+00:00,56.055,56.46,55.365,55.6,88821098
2026-03-11 04:00:00+00:00,55.63,57.04,55.54,56.98,48746480
2026-03-12 04:00:00+00:00,57.13,58.215,57.06,57.51,69362113
2026-03-13 04:00:00+00:00,57.5,57.93,57.1,57.7,43377555
2026-03-16 04:00:00+00:00,57.76,58.1,57.27,57.9,39477645
2026-03-17 04:00:00+00:00,58.23,59.05,57.98,58.51,40140713
2026-03-18 04:00:00+00:00,58.74,58.97,58.43,58.43,42910789
2026-03-19 04:00:00+00:00,58.87,59.72,58.52,59.36,69234807
2026-03-20 04:00:00+00:00,59.555,60.32,59.28,59.31,73007261
2026-03-23 04:00:00+00:00,57.89,59.84,57.66,59.63,71030873
2026-03-24 04:00:00+00:00,59.8,61.47,59.77,60.84,51210832
2026-03-25 04:00:00+00:00,60.32,61.0,60.26,60.57,42684378
2026-03-26 04:00:00+00:00,60.67,61.86,60.59,61.52,54971133
2026-03-27 04:00:00+00:00,61.53,62.79,61.26,62.56,59557445
2026-03-30 04:00:00+00:00,63.13,63.46,61.78,61.96,49755153
2026-03-31 04:00:00+00:00,62.04,62.83,60.035,61.26,94771810
2026-04-01 04:00:00+00:00,59.72,60.62,58.355,58.97,96659283
2026-04-02 04:00:00+00:00,60.53,61.01,58.98,59.25,60403950
2026-04-06 04:00:00+00:00,59.11,59.69,58.891,59.68,25478378
2026-04-07 04:00:00+00:00,59.81,60.77,59.79,60.16,38814825
2026-04-08 04:00:00+00:00,56.68,58.19,56.18,58.05,88029046
2026-04-09 04:00:00+00:00,58.2,59.02,57.11,57.33,55091873
2026-04-10 04:00:00+00:00,57.17,57.475,56.4,56.94,42565114
2026-04-13 04:00:00+00:00,57.615,57.72,56.645,57.11,43104453
2026-04-14 04:00:00+00:00,56.5,56.5,55.405,55.95,58834436
2026-04-15 04:00:00+00:00,55.6,56.21,55.27,55.76,39555298
2026-04-16 04:00:00+00:00,55.84,56.875,55.765,56.58,31285241
2026-04-17 04:00:00+00:00,54.41,55.16,53.41,55.02,90919184
2026-04-20 04:00:00+00:00,55.1,55.72,54.8,55.07,35152770
2026-04-21 04:00:00+00:00,55.32,55.96,54.92,55.87,41302565
2026-04-22 04:00:00+00:00,56.36,56.78,56.13,56.54,40567963
2026-04-23 04:00:00+00:00,56.89,57.19,56.465,56.98,34709564
2026-04-24 04:00:00+00:00,56.77,56.92,56.17,56.87,36429303
2026-04-27 04:00:00+00:00,57.1,57.68,56.63,56.77,33073135
2026-04-28 04:00:00+00:00,57.72,58.05,57.375,57.71,39153940
2026-04-29 04:00:00+00:00,58.28,59.11,58.06,59.03,40619238
2026-04-30 04:00:00+00:00,58.2,59.835,57.935,59.65,35899176
2026-05-01 04:00:00+00:00,59.06,59.6,58.26,58.85,35831621
2026-05-04 04:00:00+00:00,58.73,59.63,58.22,59.39,36820071
2026-05-05 04:00:00+00:00,59.23,59.76,58.89,59.45,27043956
2026-05-06 04:00:00+00:00,57.29,57.89,56.655,57.0,57911583
2026-05-07 04:00:00+00:00,55.87,56.15,55.13,55.95,52913468
2026-05-08 04:00:00+00:00,55.85,56.225,55.46,55.7,30576370
2026-05-11 04:00:00+00:00,56.26,57.22,56.24,57.17,31946560
2026-05-12 04:00:00+00:00,57.73,57.84,57.14,57.57,36817141
2026-05-13 04:00:00+00:00,57.47,57.71,56.96,57.63,22709793
2026-05-14 04:00:00+00:00,57.65,58.18,57.505,58.07,23489351
2026-05-15 04:00:00+00:00,58.7,59.47,58.475,59.44,33568291
2026-05-18 04:00:00+00:00,59.125,60.7,58.72,60.58,41519997
2026-05-19 04:00:00+00:00,60.81,61.49,60.295,61.29,31113841
2026-05-20 04:00:00+00:00,60.81,61.7,59.675,59.8,61779714
2026-05-21 04:00:00+00:00,60.48,60.59,58.715,59.13,45853720
2026-05-22 04:00:00+00:00,58.99,59.61,58.83,59.49,42431375
2026-05-26 04:00:00+00:00,58.87,59.57,57.835,57.85,38823918
2026-05-27 04:00:00+00:00,57.01,57.5,56.475,56.99,48332714
2026-05-28 04:00:00+00:00,57.55,57.68,56.68,56.95,46556675
2026-05-29 04:00:00+00:00,56.68,56.79,55.99,56.29,32392670
2026-06-01 04:00:00+00:00,57.025,57.81,56.85,57.3,55882499
2026-06-02 04:00:00+00:00,57.19,58.17,57.08,57.96,23844954
2026-06-03 04:00:00+00:00,58.24,59.375,58.01,58.71,46315280
2026-06-04 04:00:00+00:00,58.5,59.025,58.17,58.75,23918886
2026-06-05 04:00:00+00:00,58.665,58.78,57.63,57.67,28215614
2026-06-08 04:00:00+00:00,58.08,58.96,57.97,58.33,25720376
2026-06-09 04:00:00+00:00,58.08,58.21,56.81,57.39,45873585
2026-06-10 04:00:00+00:00,57.94,59.04,57.78,58.25,36517494
2026-06-11 04:00:00+00:00,58.775,58.99,57.055,57.12,40865540
2026-06-12 04:00:00+00:00,56.79,58.15,56.63,57.55,31967016
2026-06-15 04:00:00+00:00,55.2,56.05,55.02,55.55,44323404
2026-06-16 04:00:00+00:00,55.0,55.475,54.95,55.36,42011340
2026-06-17 04:00:00+00:00,55.26,55.36,54.54,54.67,38555633
2026-06-18 04:00:00+00:00,54.14,54.25,53.245,53.77,39648754
2026-06-22 04:00:00+00:00,53.53,54.13,53.165,54.06,30768633
2026-06-23 04:00:00+00:00,54.14,54.56,53.87,54.46,38692650
2026-06-24 04:00:00+00:00,53.5,53.765,52.94,53.57,43037246
2026-06-25 04:00:00+00:00,53.2,54.315,53.0,54.09,28241048
2026-06-26 04:00:00+00:00,54.0,54.15,53.675,53.84,19027442
2026-06-29 04:00:00+00:00,53.98,54.28,53.47,53.58,25145002
2026-06-30 04:00:00+00:00,53.62,54.115,53.08,53.11,28286385
2026-07-01 04:00:00+00:00,53.045,53.44,52.62,52.81,33665330
2026-07-02 04:00:00+00:00,53.24,53.65,52.91,53.22,28540343
2026-07-06 04:00:00+00:00,53.058,53.55,53.0,53.13,24738213
2026-07-07 04:00:00+00:00,53.61,54.82,53.6,54.64,41835975
2026-07-08 04:00:00+00:00,55.455,56.035,54.865,55.6,39743936
2026-07-09 04:00:00+00:00,55.28,55.48,54.73,54.82,21773683
2026-07-10 04:00:00+00:00,55.08,55.24,54.36,55.08,22976607
2026-07-13 04:00:00+00:00,55.86,56.97,55.86,56.74,41203133
2026-07-14 04:00:00+00:00,57.0,57.22,56.29,56.95,32581080
2026-07-15 04:00:00+00:00,56.94,57.04,55.76,56.5,33186512
2026-07-16 04:00:00+00:00,56.66,57.3,56.595,57.02,27479570
2026-07-17 04:00:00+00:00,57.95,58.115,57.28,57.68,31400162
2026-07-20 04:00:00+00:00,57.555,58.385,57.41,57.94,27324163
2026-07-21 04:00:00+00:00,58.16,58.53,57.83,58.5,20304885
2026-07-22 04:00:00+00:00,59.27,59.52,58.9,59.2,29542217
2026-07-23 04:00:00+00:00,60.244,60.3768,59.265,59.38,35829738
2026-07-24 04:00:00+00:00,59.4,60.45,59.4,59.62,34171657
2026-07-27 04:00:00+00:00,58.41,59.2799,58.23,58.36,33827437
2026-07-28 04:00:00+00:00,58.41,58.79,57.25,57.57,27802514
2026-07-29 04:00:00+00:00,59.08,59.3,58.42,58.65,34174818
2026-07-30 04:00:00+00:00,58.08,59.105,58.02,58.96,23047734
2026-07-31 04:00:00+00:00,58.93,59.685,58.32,59.55,23537721
2026-08-03 04:00:00+00:00,58.69,59.325,58.16,58.79,25971755
