timestamp,open,high,low,close,volume
2017-02-01 05:00:00+00:00,49.38,49.44,48.45,48.75,18776267
2017-02-02 05:00:00+00:00,48.83,49.11,48.44,49.03,13268131
2017-02-03 05:00:00+00:00,49.2,49.71,48.93,49.45,12203871
2017-02-06 05:00:00+00:00,49.53,49.62,48.89,49.03,11764863
2017-02-07 05:00:00+00:00,48.82,49.05,48.08,48.31,14655345
2017-02-08 05:00:00+00:00,48.12,48.56,47.6,48.45,17236370
2017-02-09 05:00:00+00:00,48.74,49.15,48.74,49.0,9865778
2017-02-10 05:00:00+00:00,49.39,49.65,49.22,49.38,10679934
2017-02-13 05:00:00+00:00,49.27,49.49,49.18,49.47,8198286
2017-02-14 05:00:00+00:00,49.61,49.65,49.01,49.64,10888889
2017-02-15 05:00:00+00:00,49.47,49.69,49.27,49.43,9420846
2017-02-16 05:00:00+00:00,49.48,49.55,48.68,48.72,11864119
2017-02-17 05:00:00+00:00,48.51,48.65,48.33,48.49,11938565
2017-02-21 05:00:00+00:00,48.95,49.08,48.74,48.83,12344823
2017-02-22 05:00:00+00:00,48.59,48.64,48.04,48.08,12223780
2017-02-23 05:00:00+00:00,48.62,48.7,47.98,48.28,18822637
2017-02-24 05:00:00+00:00,47.93,48.11,47.59,47.81,15848941
2017-02-27 05:00:00+00:00,47.88,48.45,47.79,48.24,25527221
2017-02-28 05:00:00+00:00,48.09,48.32,47.96,48.09,14507548
2017-03-01 05:00:00+00:00,48.54,49.28,48.5,49.05,19695640
2017-03-02 05:00:00+00:00,48.81,49.05,48.57,48.59,11331690
2017-03-03 05:00:00+00:00,48.67,48.85,48.39,48.5,11436327
2017-03-06 05:00:00+00:00,48.42,48.68,48.23,48.62,8602587
2017-03-07 05:00:00+00:00,48.78,48.8,48.12,48.18,11737711
2017-03-08 05:00:00+00:00,47.98,48.27,46.9,46.93,27185551
2017-03-09 05:00:00+00:00,46.72,47.26,46.41,47.24,28401964
2017-03-10 05:00:00+00:00,47.54,47.6,46.89,47.17,17778585
2017-03-13 04:00:00+00:00,47.12,47.4,47.01,47.17,13344481
2017-03-14 04:00:00+00:00,46.8,46.82,46.23,46.64,26897100
2017-03-15 04:00:00+00:00,47.03,47.79,46.81,47.67,24219627
2017-03-16 04:00:00+00:00,47.78,47.78,47.21,47.34,16697127
2017-03-17 04:00:00+00:00,47.54,47.64,47.31,47.34,14773384
2017-03-20 04:00:00+00:00,47.15,47.34,46.87,47.24,12197670
2017-03-21 04:00:00+00:00,47.46,47.5,46.73,46.91,17066583
2017-03-22 04:00:00+00:00,46.77,47.06,46.58,46.84,12534850
2017-03-23 04:00:00+00:00,46.71,47.05,46.6,46.65,12224843
2017-03-24 04:00:00+00:00,46.72,46.82,46.38,46.47,10650031
2017-03-27 04:00:00+00:00,46.03,46.38,45.99,46.25,12561457
2017-03-28 04:00:00+00:00,46.35,47.02,46.21,46.91,28283735
2017-03-29 04:00:00+00:00,46.9,47.63,46.77,47.55,19070506
2017-03-30 04:00:00+00:00,47.85,47.97,47.42,47.54,16441541
2017-03-31 04:00:00+00:00,47.38,47.67,47.16,47.38,20912661
2017-04-03 04:00:00+00:00,47.45,47.48,46.82,47.29,13377773
2017-04-04 04:00:00+00:00,47.4,47.68,46.94,47.64,13416476
2017-04-05 04:00:00+00:00,48.04,48.45,47.42,47.49,24646842
2017-04-06 04:00:00+00:00,47.68,48.01,47.55,47.88,13474558
2017-04-07 04:00:00+00:00,47.9,48.03,47.62,47.69,12702091
2017-04-10 04:00:00+00:00,47.95,48.26,47.85,48.06,11230651
2017-04-11 04:00:00+00:00,48.12,48.14,47.54,48.07,14144346
2017-04-12 04:00:00+00:00,48.1,48.4,47.7,47.85,11559028
2017-04-13 04:00:00+00:00,47.81,47.84,46.87,46.98,18226229
2017-04-17 04:00:00+00:00,46.96,47.13,46.85,47.08,8390951
2017-04-18 04:00:00+00:00,46.89,47.18,46.54,46.64,15078421
2017-04-19 04:00:00+00:00,46.75,46.84,45.83,45.95,19396127
2017-04-20 04:00:00+00:00,46.1,46.52,46.04,46.18,16526696
2017-04-21 04:00:00+00:00,45.98,46.18,45.72,45.95,14330466
2017-04-24 04:00:00+00:00,46.28,46.41,46.07,46.22,13699478
2017-04-25 04:00:00+00:00,46.33,46.72,46.19,46.61,16628299
2017-04-26 04:00:00+00:00,46.39,47.08,46.37,46.45,18969163
2017-04-27 04:00:00+00:00,46.12,46.14,45.49,45.95,21391225
2017-04-28 04:00:00+00:00,46.34,46.42,45.91,45.98,14671516
2017-05-01 04:00:00+00:00,45.97,46.09,45.75,45.87,9719433
2017-05-02 04:00:00+00:00,45.95,46.1,45.43,45.63,17023236
2017-05-03 04:00:00+00:00,45.52,45.97,45.39,45.76,17874652
2017-05-04 04:00:00+00:00,45.43,45.49,44.62,44.89,34632128
2017-05-05 04:00:00+00:00,44.94,45.7,44.91,45.62,19470258
2017-05-08 04:00:00+00:00,45.61,46.03,45.57,45.95,21509820
2017-05-09 04:00:00+00:00,46.04,46.04,45.43,45.57,10971417
2017-05-10 04:00:00+00:00,45.83,46.39,45.79,46.17,21729133
2017-05-11 04:00:00+00:00,46.33,46.41,46.01,46.07,12346047
2017-05-12 04:00:00+00:00,46.05,46.13,45.78,45.92,10897627
2017-05-15 04:00:00+00:00,46.6,46.68,46.13,46.28,13644788
2017-05-16 04:00:00+00:00,46.49,46.49,45.88,46.05,11948292
2017-05-17 04:00:00+00:00,45.78,46.17,45.57,45.59,15826569
2017-05-18 04:00:00+00:00,45.39,45.81,45.22,45.58,14430387
2017-05-19 04:00:00+00:00,45.8,46.24,45.7,46.13,15825597
2017-05-22 04:00:00+00:00,46.39,46.41,45.88,46.04,10456358
2017-05-23 04:00:00+00:00,46.17,46.21,45.91,46.11,9452428
2017-05-24 04:00:00+00:00,46.1,46.24,45.7,45.91,13903186
2017-05-25 04:00:00+00:00,45.79,46.24,44.91,45.07,24024145
2017-05-26 04:00:00+00:00,45.07,45.19,44.85,45.15,13595454
2017-05-30 04:00:00+00:00,44.91,44.91,44.52,44.53,14990028
2017-05-31 04:00:00+00:00,44.19,44.49,44.12,44.35,16515523
2017-06-01 04:00:00+00:00,44.37,44.79,44.23,44.63,18311356
2017-06-02 04:00:00+00:00,44.43,44.44,43.93,44.12,16963330
2017-06-05 04:00:00+00:00,43.99,44.36,43.97,44.2,13208337
2017-06-06 04:00:00+00:00,44.17,44.79,44.07,44.72,15163710
2017-06-07 04:00:00+00:00,44.54,44.75,43.78,44.08,23582979
2017-06-08 04:00:00+00:00,43.92,44.29,43.87,43.96,22624554
2017-06-09 04:00:00+00:00,44.1,45.17,44.06,45.02,23895629
2017-06-12 04:00:00+00:00,45.42,45.79,45.24,45.35,24257809
2017-06-13 04:00:00+00:00,45.47,45.74,45.25,45.67,16528245
2017-06-14 04:00:00+00:00,45.55,45.55,44.5,44.85,30938998
2017-06-15 04:00:00+00:00,44.63,44.87,44.31,44.54,19585524
2017-06-16 04:00:00+00:00,44.77,45.27,44.49,45.25,25379645
2017-06-19 04:00:00+00:00,45.14,45.24,44.84,44.96,16734913
2017-06-20 04:00:00+00:00,44.43,44.51,43.89,44.38,16481806
2017-06-21 04:00:00+00:00,44.25,44.51,43.43,43.67,28125715
2017-06-22 04:00:00+00:00,43.69,44.02,43.46,43.64,16323231
2017-06-23 04:00:00+00:00,43.65,43.98,43.53,43.94,14869278
2017-06-26 04:00:00+00:00,44.07,44.15,43.66,43.84,13680520
2017-06-27 04:00:00+00:00,44.0,44.19,43.76,43.76,14349312
2017-06-28 04:00:00+00:00,43.83,44.28,43.8,44.01,17027866
2017-06-29 04:00:00+00:00,44.16,44.59,44.01,44.11,19347476
2017-06-30 04:00:00+00:00,44.43,44.51,44.02,44.28,20851797
2017-07-03 04:00:00+00:00,44.46,45.37,44.41,45.16,19266069
2017-07-05 04:00:00+00:00,44.93,44.97,44.08,44.24,21592653
2017-07-06 04:00:00+00:00,44.32,44.45,43.66,43.75,21151918
2017-07-07 04:00:00+00:00,43.61,43.74,43.19,43.68,16793506
2017-07-10 04:00:00+00:00,43.62,43.93,43.53,43.81,17002514
2017-07-11 04:00:00+00:00,43.9,44.22,43.63,44.06,12741551
2017-07-12 04:00:00+00:00,44.5,44.61,44.0,44.19,15071523
2017-07-13 04:00:00+00:00,44.22,44.4,43.98,44.39,10294763
2017-07-14 04:00:00+00:00,44.39,44.71,44.35,44.63,10983553
2017-07-17 04:00:00+00:00,44.55,44.88,44.51,44.58,12316044
2017-07-18 04:00:00+00:00,44.8,44.82,44.18,44.37,15269721
2017-07-19 04:00:00+00:00,44.32,45.05,44.28,45.01,25813170
2017-07-20 04:00:00+00:00,45.27,45.43,44.75,44.87,17420815
2017-07-21 04:00:00+00:00,44.73,44.94,44.37,44.43,13585563
2017-07-24 04:00:00+00:00,44.53,44.6,44.25,44.35,10707696
2017-07-25 04:00:00+00:00,44.88,45.23,44.78,44.91,15963688
2017-07-26 04:00:00+00:00,45.16,45.48,44.84,44.96,21387759
2017-07-27 04:00:00+00:00,44.97,45.44,44.77,45.42,16075806
2017-07-28 04:00:00+00:00,45.27,45.81,45.19,45.36,14845341
2017-07-31 04:00:00+00:00,45.38,45.72,45.25,45.46,13838560
2017-08-01 04:00:00+00:00,45.49,45.72,45.26,45.46,12913822
2017-08-02 04:00:00+00:00,45.22,45.47,44.82,45.29,15482125
2017-08-03 04:00:00+00:00,45.21,45.29,44.45,44.65,15890597
2017-08-04 04:00:00+00:00,44.67,44.92,44.57,44.79,9577972
2017-08-07 04:00:00+00:00,44.6,44.69,44.32,44.45,12232137
2017-08-08 04:00:00+00:00,44.32,44.74,44.22,44.35,10829979
2017-08-09 04:00:00+00:00,44.42,44.67,44.23,44.39,10573972
2017-08-10 04:00:00+00:00,44.47,44.54,43.85,43.92,15674329
2017-08-11 04:00:00+00:00,43.78,44.03,43.59,43.63,16803506
2017-08-14 04:00:00+00:00,43.72,43.91,43.45,43.51,12299905
2017-08-15 04:00:00+00:00,43.57,43.57,43.09,43.34,12987891
2017-08-16 04:00:00+00:00,43.36,43.47,42.84,42.93,17496667
2017-08-17 04:00:00+00:00,42.75,42.92,42.3,42.32,15228978
2017-08-18 04:00:00+00:00,42.26,42.82,42.18,42.53,19288189
2017-08-21 04:00:00+00:00,42.47,42.48,42.17,42.31,10581209
2017-08-22 04:00:00+00:00,42.43,42.69,42.4,42.59,15467772
2017-08-23 04:00:00+00:00,42.5,42.99,42.46,42.77,11778816
2017-08-24 04:00:00+00:00,42.62,42.9,42.61,42.78,10544344
2017-08-25 04:00:00+00:00,42.88,43.16,42.87,42.99,8418844
2017-08-28 04:00:00+00:00,43.01,43.16,42.57,42.8,10352639
2017-08-29 04:00:00+00:00,42.6,42.8,42.43,42.75,8952501
2017-08-30 04:00:00+00:00,42.58,42.9,42.46,42.77,8743632
2017-08-31 04:00:00+00:00,42.95,43.08,42.81,42.97,10694959
2017-09-01 04:00:00+00:00,43.04,43.53,42.93,43.39,12065515
2017-09-05 04:00:00+00:00,43.57,43.84,43.32,43.63,18484286
2017-09-06 04:00:00+00:00,43.85,44.46,43.83,44.34,18558587
2017-09-07 04:00:00+00:00,44.36,44.53,44.13,44.42,8850054
2017-09-08 04:00:00+00:00,44.32,44.35,43.74,43.95,10785113
2017-09-11 04:00:00+00:00,44.12,44.43,44.02,44.37,14749178
2017-09-12 04:00:00+00:00,44.46,44.73,44.38,44.64,9729711
2017-09-13 04:00:00+00:00,44.73,45.22,44.69,45.2,16519571
2017-09-14 04:00:00+00:00,45.29,45.72,45.28,45.42,15162917
2017-09-15 04:00:00+00:00,45.51,45.52,45.22,45.52,13390697
2017-09-18 04:00:00+00:00,45.42,45.74,45.39,45.72,12825851
2017-09-19 04:00:00+00:00,45.81,45.97,45.72,45.9,10821672
2017-09-20 04:00:00+00:00,46.04,46.34,45.99,46.21,18655759
2017-09-21 04:00:00+00:00,46.15,46.34,46.02,46.23,9626436
2017-09-22 04:00:00+00:00,46.19,46.6,46.14,46.46,15044253
2017-09-25 04:00:00+00:00,46.68,47.27,46.63,47.13,15754310
2017-09-26 04:00:00+00:00,47.02,47.2,46.89,47.11,11004175
2017-09-27 04:00:00+00:00,47.16,47.33,46.89,47.31,11168172
2017-09-28 04:00:00+00:00,47.42,47.64,47.22,47.36,12064997
2017-09-29 04:00:00+00:00,47.19,47.36,47.04,47.34,15446464
2017-10-02 04:00:00+00:00,46.84,47.35,46.66,47.35,12783199
2017-10-03 04:00:00+00:00,47.27,47.45,47.18,47.29,7400923
2017-10-04 04:00:00+00:00,47.29,47.42,47.09,47.25,10461305
2017-10-05 04:00:00+00:00,47.29,47.54,47.26,47.47,10779564
2017-10-06 04:00:00+00:00,47.02,47.28,46.91,47.07,12528333
2017-10-09 04:00:00+00:00,47.12,47.3,47.07,47.17,5993721
2017-10-10 04:00:00+00:00,47.49,47.66,47.16,47.2,7941787
2017-10-11 04:00:00+00:00,47.15,47.34,46.95,47.31,10458697
2017-10-12 04:00:00+00:00,46.95,47.2,46.88,47.14,10418098
2017-10-13 04:00:00+00:00,47.42,47.56,47.09,47.11,9071274
2017-10-16 04:00:00+00:00,47.26,47.49,47.12,47.22,8478159
2017-10-17 04:00:00+00:00,47.2,47.35,46.99,47.25,8494749
2017-10-18 04:00:00+00:00,47.21,47.4,46.86,46.91,8112638
2017-10-19 04:00:00+00:00,46.59,46.96,46.57,46.77,7957060
2017-10-20 04:00:00+00:00,46.87,46.89,46.55,46.86,10437435
2017-10-23 04:00:00+00:00,46.89,47.04,46.57,46.62,9268675
2017-10-24 04:00:00+00:00,46.78,46.91,46.61,46.71,10055614
2017-10-25 04:00:00+00:00,46.62,46.76,46.24,46.38,14173415
2017-10-26 04:00:00+00:00,46.4,46.63,46.2,46.48,9619487
2017-10-27 04:00:00+00:00,46.24,46.81,45.87,46.56,16494639
2017-10-30 04:00:00+00:00,46.63,46.93,46.54,46.8,12116988
2017-10-31 04:00:00+00:00,46.82,47.13,46.62,46.95,10083026
2017-11-01 04:00:00+00:00,47.24,47.7,47.22,47.49,17955084
2017-11-02 04:00:00+00:00,47.49,47.62,47.06,47.34,11866158
2017-11-03 04:00:00+00:00,47.33,47.67,47.28,47.49,11776629
2017-11-06 05:00:00+00:00,47.7,48.63,47.62,48.57,20380773
2017-11-07 05:00:00+00:00,48.66,48.72,48.25,48.51,14034823
2017-11-08 05:00:00+00:00,48.39,48.52,48.01,48.28,14931562
2017-11-09 05:00:00+00:00,48.09,48.5,48.02,48.42,13415217
2017-11-10 05:00:00+00:00,48.34,48.38,47.8,48.16,11037232
2017-11-13 05:00:00+00:00,48.03,48.21,47.83,47.88,7935164
2017-11-14 05:00:00+00:00,47.71,47.71,47.06,47.11,17382827
2017-11-15 05:00:00+00:00,46.69,46.79,46.39,46.57,19463845
2017-11-16 05:00:00+00:00,46.44,46.6,46.26,46.38,12895659
2017-11-17 05:00:00+00:00,46.48,46.72,46.37,46.62,9601606
2017-11-20 05:00:00+00:00,46.57,46.61,46.31,46.51,8007093
2017-11-21 05:00:00+00:00,46.69,46.88,46.52,46.62,8692009
2017-11-22 05:00:00+00:00,46.89,46.99,46.77,46.8,9756794
2017-11-24 05:00:00+00:00,46.99,47.09,46.93,46.93,5147184
2017-11-27 05:00:00+00:00,46.73,46.79,46.36,46.46,11446585
2017-11-28 05:00:00+00:00,46.51,46.89,46.45,46.82,12649445
2017-11-29 05:00:00+00:00,46.8,47.16,46.7,47.07,13987404
2017-11-30 05:00:00+00:00,47.18,47.87,47.18,47.78,23592292
2017-12-01 05:00:00+00:00,48.12,48.51,47.67,48.18,21567276
2017-12-04 05:00:00+00:00,48.23,48.92,48.01,48.16,13854417
2017-12-05 05:00:00+00:00,48.16,48.33,47.9,47.95,11093280
2017-12-06 05:00:00+00:00,47.81,47.9,47.26,47.33,12936966
2017-12-07 05:00:00+00:00,47.28,47.55,47.24,47.47,8886850
2017-12-08 05:00:00+00:00,47.71,47.92,46.11,47.92,11292909
2017-12-11 05:00:00+00:00,47.99,48.49,47.96,48.25,12031801
2017-12-12 05:00:00+00:00,48.43,48.49,48.05,48.12,11968378
2017-12-13 05:00:00+00:00,48.12,48.23,47.91,48.05,9606793
2017-12-14 05:00:00+00:00,47.87,48.21,47.85,47.87,12441567
2017-12-15 05:00:00+00:00,48.21,48.21,47.77,47.83,10448592
2017-12-18 05:00:00+00:00,47.95,48.44,47.94,48.2,10399004
2017-12-19 05:00:00+00:00,48.42,48.55,48.16,48.27,7112141
2017-12-20 05:00:00+00:00,48.43,49.04,48.28,48.95,12918934
2017-12-21 05:00:00+00:00,48.97,50.14,48.92,50.0,17573933
2017-12-22 05:00:00+00:00,50.04,50.3,49.84,50.11,10854530
2017-12-26 05:00:00+00:00,50.27,50.62,50.17,50.53,9211493
2017-12-27 05:00:00+00:00,50.54,50.56,50.26,50.35,11040938
2017-12-28 05:00:00+00:00,50.36,50.44,50.27,50.42,8197502
2017-12-29 05:00:00+00:00,50.57,50.6,50.21,50.28,8056468
2018-01-02 05:00:00+00:00,50.55,51.18,50.39,51.12,15705705
2018-01-03 05:00:00+00:00,51.23,52.02,51.17,51.9,19887878
2018-01-04 05:00:00+00:00,51.85,52.24,51.67,52.2,14767494
2018-01-05 05:00:00+00:00,52.13,52.22,51.75,52.2,14498676
2018-01-08 05:00:00+00:00,52.16,52.52,52.02,52.49,10442463
2018-01-09 05:00:00+00:00,52.6,52.61,52.28,52.36,9414442
2018-01-10 05:00:00+00:00,52.52,52.55,52.26,52.3,10966998
2018-01-11 05:00:00+00:00,52.48,53.56,52.29,53.36,18728773
2018-01-12 05:00:00+00:00,53.39,54.03,53.39,53.89,20222111
2018-01-16 05:00:00+00:00,54.01,54.05,53.11,53.2,17893244
2018-01-17 05:00:00+00:00,53.36,53.9,53.01,53.67,14765649
2018-01-18 05:00:00+00:00,53.47,53.6,53.14,53.23,11848417
2018-01-19 05:00:00+00:00,53.11,53.18,52.81,53.16,14030806
2018-01-22 05:00:00+00:00,53.23,54.33,53.22,54.31,17812714
2018-01-23 05:00:00+00:00,54.42,54.47,53.96,54.23,10289066
2018-01-24 05:00:00+00:00,54.29,54.56,53.89,54.09,13329263
2018-01-25 05:00:00+00:00,54.35,54.35,53.56,53.64,11902821
2018-01-26 05:00:00+00:00,53.78,54.04,53.66,53.95,7871204
2018-01-29 05:00:00+00:00,53.72,53.92,53.05,53.14,13000800
2018-01-30 05:00:00+00:00,52.69,52.84,52.02,52.05,23352431
2018-01-31 05:00:00+00:00,52.2,52.3,51.74,52.09,16983921
2018-02-01 05:00:00+00:00,52.17,52.67,51.88,52.66,18450148
2018-02-02 05:00:00+00:00,51.67,51.79,50.16,50.47,32155121
2018-02-05 05:00:00+00:00,49.76,50.39,47.53,48.32,36231322
2018-02-06 05:00:00+00:00,47.49,49.05,47.26,48.7,33328280
2018-02-07 05:00:00+00:00,48.85,49.46,47.88,47.89,25090307
2018-02-08 05:00:00+00:00,47.94,48.13,46.42,46.44,28503223
2018-02-09 05:00:00+00:00,47.04,47.04,44.86,46.4,35602405
2018-02-12 05:00:00+00:00,47.0,47.69,46.78,47.19,25765593
2018-02-13 05:00:00+00:00,46.92,47.17,46.64,46.98,12496699
2018-02-14 05:00:00+00:00,46.51,47.79,46.4,47.65,20310108
2018-02-15 05:00:00+00:00,47.75,47.78,46.77,47.52,16737055
2018-02-16 05:00:00+00:00,47.33,47.86,47.13,47.41,13915845
2018-02-20 05:00:00+00:00,47.51,47.86,46.94,47.17,18272180
2018-02-21 05:00:00+00:00,47.02,47.46,46.36,46.36,12987894
2018-02-22 05:00:00+00:00,46.7,47.56,46.58,46.88,15624060
2018-02-23 05:00:00+00:00,47.1,47.92,47.02,47.89,17108404
2018-02-26 05:00:00+00:00,48.13,48.27,47.89,48.17,12588354
2018-02-27 05:00:00+00:00,48.27,48.65,47.54,47.55,13857273
2018-02-28 05:00:00+00:00,47.8,47.97,46.43,46.45,18276729
2018-03-01 05:00:00+00:00,46.4,47.11,46.05,46.38,23213982
2018-03-02 05:00:00+00:00,46.06,46.77,45.69,46.6,14984237
2018-03-05 05:00:00+00:00,46.38,47.24,46.3,47.11,13198634
2018-03-06 05:00:00+00:00,47.39,47.56,46.88,47.12,15890450
2018-03-07 05:00:00+00:00,46.61,47.11,46.33,46.75,12690263
2018-03-08 05:00:00+00:00,46.87,47.01,46.42,46.75,8185617
2018-03-09 05:00:00+00:00,47.11,47.69,47.07,47.63,12018127
2018-03-12 04:00:00+00:00,47.67,47.98,47.39,47.61,9595946
2018-03-13 04:00:00+00:00,47.78,47.99,47.09,47.29,11087621
2018-03-14 04:00:00+00:00,47.37,47.6,46.91,47.01,11620760
2018-03-15 04:00:00+00:00,47.18,47.39,46.41,46.77,12659201
2018-03-16 04:00:00+00:00,46.79,47.39,46.7,47.18,14753724
2018-03-19 04:00:00+00:00,47.04,47.1,46.19,46.45,15321957
2018-03-20 04:00:00+00:00,46.71,47.16,46.64,46.85,11690763
2018-03-21 04:00:00+00:00,47.13,48.38,46.98,48.07,17291007
2018-03-22 04:00:00+00:00,47.54,47.79,47.0,47.09,19355645
2018-03-23 04:00:00+00:00,47.33,47.88,46.7,46.8,19407833
2018-03-26 04:00:00+00:00,47.34,47.72,46.8,47.64,16391100
2018-03-27 04:00:00+00:00,47.85,48.05,46.92,47.2,14208037
2018-03-28 04:00:00+00:00,47.23,47.39,46.2,46.28,18799576
2018-03-29 04:00:00+00:00,46.48,47.44,46.48,47.25,14513792
2018-04-02 04:00:00+00:00,47.07,47.16,45.51,46.29,19495879
2018-04-03 04:00:00+00:00,46.5,47.34,46.04,47.3,14649597
2018-04-04 04:00:00+00:00,46.57,47.33,46.25,47.23,12933281
2018-04-05 04:00:00+00:00,47.35,48.38,47.35,48.08,14059761
2018-04-06 04:00:00+00:00,47.78,48.01,46.59,47.21,19633603
2018-04-09 04:00:00+00:00,47.44,48.04,47.25,47.44,11195172
2018-04-10 04:00:00+00:00,48.19,49.39,48.17,49.01,23526913
2018-04-11 04:00:00+00:00,48.93,49.63,48.87,49.52,21483175
2018-04-12 04:00:00+00:00,49.69,49.9,49.34,49.51,14395180
2018-04-13 04:00:00+00:00,49.78,50.26,49.71,50.06,13648496
2018-04-16 04:00:00+00:00,50.17,50.8,49.9,50.56,14318786
2018-04-17 04:00:00+00:00,50.7,51.0,50.41,50.78,16673027
2018-04-18 04:00:00+00:00,51.21,52.03,51.19,51.56,17953368
2018-04-19 04:00:00+00:00,51.61,52.01,51.31,51.63,18506451
2018-04-20 04:00:00+00:00,51.52,51.56,51.05,51.39,13966622
2018-04-23 04:00:00+00:00,51.22,51.7,50.94,51.68,15019498
2018-04-24 04:00:00+00:00,51.84,52.2,50.86,51.12,23124488
2018-04-25 04:00:00+00:00,50.98,51.62,50.66,51.55,13411274
2018-04-26 04:00:00+00:00,51.74,52.34,51.58,52.3,12568181
2018-04-27 04:00:00+00:00,51.77,52.01,51.54,51.75,10807729
2018-04-30 04:00:00+00:00,51.66,52.32,51.65,51.75,13247100
2018-05-01 04:00:00+00:00,51.48,51.52,50.77,51.42,14118984
2018-05-02 04:00:00+00:00,51.27,52.04,51.2,51.63,13719531
2018-05-03 04:00:00+00:00,51.4,51.6,50.82,51.5,15930235
2018-05-04 04:00:00+00:00,51.38,51.95,51.16,51.77,14750759
2018-05-07 04:00:00+00:00,52.17,52.97,51.73,51.84,18413456
2018-05-08 04:00:00+00:00,51.86,52.27,50.92,52.25,29317376
2018-05-09 04:00:00+00:00,52.88,53.9,52.88,53.31,25624622
2018-05-10 04:00:00+00:00,53.52,53.84,53.27,53.74,14110853
2018-05-11 04:00:00+00:00,53.83,54.15,53.67,53.79,12286809
2018-05-14 04:00:00+00:00,53.95,54.4,53.95,54.16,10594477
2018-05-15 04:00:00+00:00,54.07,54.26,53.76,54.12,10625548
2018-05-16 04:00:00+00:00,54.1,54.4,53.82,54.36,12091678
2018-05-17 04:00:00+00:00,54.54,55.26,54.51,55.18,16636208
2018-05-18 04:00:00+00:00,55.08,55.14,54.71,54.75,15245462
2018-05-21 04:00:00+00:00,55.06,55.31,54.79,55.31,12165845
2018-05-22 04:00:00+00:00,55.31,55.67,54.42,54.58,16972993
2018-05-23 04:00:00+00:00,54.26,54.61,53.81,54.57,16928985
2018-05-24 04:00:00+00:00,53.94,54.02,53.43,53.65,19490436
2018-05-25 04:00:00+00:00,52.73,52.8,51.76,52.28,33067613
2018-05-29 04:00:00+00:00,51.87,52.44,51.63,52.09,19647309
2018-05-30 04:00:00+00:00,52.57,53.93,52.55,53.74,24045862
2018-05-31 04:00:00+00:00,53.3,53.92,53.18,53.28,13576453
2018-06-01 04:00:00+00:00,53.47,53.9,53.25,53.54,14224934
2018-06-04 04:00:00+00:00,53.72,54.12,52.93,53.08,13936045
2018-06-05 04:00:00+00:00,52.82,53.36,52.7,52.96,13835947
2018-06-06 04:00:00+00:00,53.15,53.35,52.74,53.2,13667726
2018-06-07 04:00:00+00:00,53.49,54.32,53.47,54.01,15737303
2018-06-08 04:00:00+00:00,54.07,54.22,53.57,53.91,11413436
2018-06-11 04:00:00+00:00,53.89,54.43,53.78,54.17,11082426
2018-06-12 04:00:00+00:00,54.19,54.31,53.63,53.77,15965212
2018-06-13 04:00:00+00:00,53.6,53.88,53.35,53.57,12662969
2018-06-14 04:00:00+00:00,53.72,53.88,53.36,53.45,10571733
2018-06-15 04:00:00+00:00,53.18,53.29,52.23,52.34,16565631
2018-06-18 04:00:00+00:00,52.21,53.22,52.21,52.87,13615020
2018-06-19 04:00:00+00:00,52.23,52.94,52.08,52.75,13279581
2018-06-20 04:00:00+00:00,53.06,53.18,52.56,52.97,11816492
2018-06-21 04:00:00+00:00,52.6,52.63,51.75,51.98,15525377
2018-06-22 04:00:00+00:00,53.28,53.61,53.03,53.04,29235793
2018-06-25 04:00:00+00:00,52.88,52.95,51.62,51.93,18970662
2018-06-26 04:00:00+00:00,52.1,52.83,51.92,52.63,13819638
2018-06-27 04:00:00+00:00,53.06,54.0,53.04,53.33,20879463
2018-06-28 04:00:00+00:00,53.41,53.61,52.85,53.26,14375190
2018-06-29 04:00:00+00:00,53.41,54.16,53.41,53.59,13639665
2018-07-02 04:00:00+00:00,53.22,53.23,52.51,52.78,15680219
2018-07-03 04:00:00+00:00,53.35,53.96,53.01,53.01,9682632
2018-07-05 04:00:00+00:00,53.46,53.63,52.92,53.08,10194073
2018-07-06 04:00:00+00:00,52.92,53.57,52.67,53.4,9466116
2018-07-09 04:00:00+00:00,53.73,54.28,53.7,54.21,11326295
2018-07-10 04:00:00+00:00,54.53,55.05,54.47,54.6,11216436
2018-07-11 04:00:00+00:00,54.09,54.43,53.09,53.44,19780843
2018-07-12 04:00:00+00:00,53.59,53.88,53.16,53.54,12801791
2018-07-13 04:00:00+00:00,53.59,54.14,53.44,53.82,11590471
2018-07-16 04:00:00+00:00,53.29,53.55,52.74,53.2,11594596
2018-07-17 04:00:00+00:00,53.02,53.28,52.69,52.99,9887810
2018-07-18 04:00:00+00:00,52.73,53.1,52.21,53.01,16231105
2018-07-19 04:00:00+00:00,52.88,53.26,52.82,53.01,17008965
2018-07-20 04:00:00+00:00,53.13,53.16,52.68,52.84,11061876
2018-07-23 04:00:00+00:00,53.0,53.04,52.52,52.61,7753944
2018-07-24 04:00:00+00:00,52.85,53.59,52.78,53.28,10435537
2018-07-25 04:00:00+00:00,53.35,53.86,53.09,53.77,11246984
2018-07-26 04:00:00+00:00,53.84,54.41,53.73,54.31,12535303
2018-07-27 04:00:00+00:00,53.71,54.36,53.64,54.08,12816412
2018-07-30 04:00:00+00:00,54.51,54.74,54.33,54.52,11518329
2018-07-31 04:00:00+00:00,54.62,54.77,54.3,54.38,11573672
2018-08-01 04:00:00+00:00,53.95,53.97,53.38,53.67,11432476
2018-08-02 04:00:00+00:00,53.28,53.48,52.93,53.38,9858163
2018-08-03 04:00:00+00:00,53.28,53.37,52.83,53.1,7848065
2018-08-06 04:00:00+00:00,53.25,53.55,52.94,53.3,8450789
2018-08-07 04:00:00+00:00,53.84,53.99,53.52,53.68,12130460
2018-08-08 04:00:00+00:00,53.32,53.5,52.98,53.3,9551979
2018-08-09 04:00:00+00:00,53.35,53.44,52.72,52.81,15500706
2018-08-10 04:00:00+00:00,52.69,53.13,52.58,53.08,17910006
2018-08-13 04:00:00+00:00,53.04,53.22,52.43,52.46,10040921
2018-08-14 04:00:00+00:00,52.86,52.94,52.37,52.58,11614634
2018-08-15 04:00:00+00:00,52.08,52.17,50.6,50.72,27041607
2018-08-16 04:00:00+00:00,51.0,51.41,50.97,51.12,29325994
2018-08-17 04:00:00+00:00,51.25,51.38,51.06,51.27,11828717
2018-08-20 04:00:00+00:00,51.26,51.77,51.24,51.57,8552795
2018-08-21 04:00:00+00:00,52.02,52.27,51.79,51.85,9637665
2018-08-22 04:00:00+00:00,52.17,52.64,52.14,52.47,9569343
2018-08-23 04:00:00+00:00,52.22,52.32,52.03,52.22,6623806
2018-08-24 04:00:00+00:00,52.55,52.92,52.5,52.6,7934840
2018-08-27 04:00:00+00:00,52.78,53.06,52.7,52.98,7155160
2018-08-28 04:00:00+00:00,53.09,53.31,52.73,52.77,8550582
2018-08-29 04:00:00+00:00,52.94,53.31,52.77,53.09,7881715
2018-08-30 04:00:00+00:00,53.07,53.18,52.66,52.94,9375144
2018-08-31 04:00:00+00:00,52.78,52.8,52.32,52.53,9368489
2018-09-04 04:00:00+00:00,52.77,52.82,52.21,52.42,15256924
2018-09-05 04:00:00+00:00,52.18,52.38,51.65,52.35,9730868
2018-09-06 04:00:00+00:00,52.15,52.33,51.25,51.38,14966739
2018-09-07 04:00:00+00:00,51.19,51.47,50.66,51.38,10246800
2018-09-10 04:00:00+00:00,51.64,51.85,51.34,51.36,8981362
2018-09-11 04:00:00+00:00,51.31,52.14,51.17,51.84,14490342
2018-09-12 04:00:00+00:00,52.26,52.63,52.1,52.11,12909704
2018-09-13 04:00:00+00:00,52.03,52.23,51.68,52.13,11103092
2018-09-14 04:00:00+00:00,52.14,52.6,52.12,52.4,9641915
2018-09-17 04:00:00+00:00,52.54,52.84,52.37,52.48,18956817
2018-09-18 04:00:00+00:00,52.87,53.19,52.83,52.84,10363721
2018-09-19 04:00:00+00:00,52.85,53.22,52.8,53.01,11643843
2018-09-20 04:00:00+00:00,53.23,53.43,52.95,53.01,12680507
2018-09-21 04:00:00+00:00,53.3,53.54,52.94,53.36,13882038
2018-09-24 04:00:00+00:00,53.83,54.38,53.79,54.15,13049824
2018-09-25 04:00:00+00:00,54.49,54.72,54.42,54.47,13893399
2018-09-26 04:00:00+00:00,54.16,54.44,53.87,53.97,12857741
2018-09-27 04:00:00+00:00,54.18,54.25,53.82,53.95,10743390
2018-09-28 04:00:00+00:00,53.71,54.39,53.68,53.83,16275843
2018-10-01 04:00:00+00:00,54.02,54.79,54.02,54.57,12970534
2018-10-02 04:00:00+00:00,54.7,54.81,54.25,54.67,9659576
2018-10-03 04:00:00+00:00,54.86,55.23,54.7,55.1,14012552
2018-10-04 04:00:00+00:00,54.89,55.22,54.52,54.84,15346546
2018-10-05 04:00:00+00:00,54.78,55.01,54.49,54.83,12627273
2018-10-08 04:00:00+00:00,54.42,54.87,54.21,54.79,11693915
2018-10-09 04:00:00+00:00,54.98,55.68,54.74,55.32,17237757
2018-10-10 04:00:00+00:00,55.37,55.46,53.29,53.34,27151196
2018-10-11 04:00:00+00:00,53.02,53.06,51.34,51.72,36340349
2018-10-12 04:00:00+00:00,52.24,52.4,51.08,51.87,23778487
2018-10-15 04:00:00+00:00,51.87,52.08,51.42,51.44,11826193
2018-10-16 04:00:00+00:00,51.58,51.96,51.37,51.87,15935823
2018-10-17 04:00:00+00:00,51.77,51.92,51.09,51.54,16474775
2018-10-18 04:00:00+00:00,51.06,51.76,50.96,51.28,16779218
2018-10-19 04:00:00+00:00,51.03,51.57,50.79,50.83,14726947
2018-10-22 04:00:00+00:00,50.79,50.9,49.96,50.27,13171591
2018-10-23 04:00:00+00:00,49.53,49.54,48.26,48.94,27339746
2018-10-24 04:00:00+00:00,49.19,49.2,47.01,47.02,29698157
2018-10-25 04:00:00+00:00,47.59,48.09,47.28,47.59,26124886
2018-10-26 04:00:00+00:00,47.2,47.82,46.46,47.24,25825734
2018-10-29 04:00:00+00:00,47.59,47.65,45.74,46.36,25123232
2018-10-30 04:00:00+00:00,46.33,47.55,46.12,47.44,27292063
2018-10-31 04:00:00+00:00,47.89,48.53,47.66,47.7,17865696
2018-11-01 04:00:00+00:00,47.82,48.36,47.33,48.13,22099006
2018-11-02 04:00:00+00:00,48.66,49.02,47.52,48.02,21551450
2018-11-05 05:00:00+00:00,48.59,49.0,48.48,48.81,14069625
2018-11-06 05:00:00+00:00,48.93,49.14,48.45,49.04,13699530
2018-11-07 05:00:00+00:00,49.67,50.0,49.1,49.83,17360031
2018-11-08 05:00:00+00:00,49.61,50.0,48.58,48.76,15930825
2018-11-09 05:00:00+00:00,48.18,48.99,47.85,48.69,23121065
2018-11-12 05:00:00+00:00,49.01,49.21,47.57,47.67,18581623
2018-11-13 05:00:00+00:00,47.53,47.79,46.32,46.59,33389106
2018-11-14 05:00:00+00:00,47.3,47.47,46.07,46.49,23099022
2018-11-15 05:00:00+00:00,46.19,47.24,45.78,47.18,20431705
2018-11-16 05:00:00+00:00,47.47,47.9,47.23,47.74,21152310
2018-11-19 05:00:00+00:00,47.45,47.91,47.3,47.7,15695342
2018-11-20 05:00:00+00:00,47.15,47.21,45.8,46.16,27105349
2018-11-21 05:00:00+00:00,46.52,47.38,46.42,46.88,17677942
2018-11-23 05:00:00+00:00,45.72,45.88,45.08,45.41,15205359
2018-11-26 05:00:00+00:00,45.75,46.4,45.74,46.1,17157618
2018-11-27 05:00:00+00:00,45.86,46.3,45.7,46.0,24757181
2018-11-28 05:00:00+00:00,45.92,46.79,45.63,46.78,23162260
2018-11-29 05:00:00+00:00,46.79,47.44,46.72,47.06,14698586
2018-11-30 05:00:00+00:00,46.65,47.11,46.42,46.98,18958981
2018-12-03 05:00:00+00:00,48.05,48.31,47.46,48.02,22636507
2018-12-04 05:00:00+00:00,48.04,48.2,46.56,46.67,18943497
2018-12-06 05:00:00+00:00,45.62,45.85,44.82,45.78,36844690
2018-12-07 05:00:00+00:00,46.66,47.35,45.45,45.53,27636938
2018-12-10 05:00:00+00:00,45.21,45.43,43.79,44.82,23767681
2018-12-11 05:00:00+00:00,45.51,45.59,44.36,44.83,17570523
2018-12-12 05:00:00+00:00,45.56,45.87,44.98,44.98,19382871
2018-12-13 05:00:00+00:00,44.9,45.43,44.7,45.15,15389876
2018-12-14 05:00:00+00:00,44.87,45.06,43.91,44.1,25628168
2018-12-17 05:00:00+00:00,44.01,44.38,43.0,43.32,21187187
2018-12-18 05:00:00+00:00,43.24,43.39,42.06,42.29,27317482
2018-12-19 05:00:00+00:00,42.51,43.32,41.45,41.8,46276766
2018-12-20 05:00:00+00:00,41.28,41.92,40.39,40.64,39351549
2018-12-21 05:00:00+00:00,40.65,41.32,39.91,40.24,38183138
2018-12-24 05:00:00+00:00,39.77,39.96,38.58,38.62,16345491
2018-12-26 05:00:00+00:00,38.99,41.03,38.27,41.0,29782430
2018-12-27 05:00:00+00:00,40.19,41.28,39.65,41.23,26937180
2018-12-28 05:00:00+00:00,41.41,41.61,40.67,40.89,19802872
2018-12-31 05:00:00+00:00,41.28,41.43,40.65,41.13,19600589
2019-01-02 05:00:00+00:00,40.48,42.22,40.27,41.94,25427618
2019-01-03 05:00:00+00:00,42.07,42.22,41.05,41.53,18838943
2019-01-04 05:00:00+00:00,42.24,43.07,42.0,43.01,22132543
2019-01-07 05:00:00+00:00,43.26,43.89,42.69,43.59,18817047
2019-01-08 05:00:00+00:00,44.21,44.29,43.68,43.96,19137297
2019-01-09 05:00:00+00:00,44.5,44.76,44.05,44.61,20470600
2019-01-10 05:00:00+00:00,44.22,44.8,44.02,44.75,19314281
2019-01-11 05:00:00+00:00,44.51,44.76,44.08,44.48,14308624
2019-01-14 05:00:00+00:00,44.05,44.55,43.99,44.37,13851918
2019-01-15 05:00:00+00:00,44.61,44.95,44.3,44.53,9998300
2019-01-16 05:00:00+00:00,44.48,44.83,44.32,44.47,12664294
2019-01-17 05:00:00+00:00,44.13,45.07,44.03,44.87,10515204
2019-01-18 05:00:00+00:00,45.41,45.82,45.14,45.79,15192772
2019-01-22 05:00:00+00:00,45.29,45.39,44.67,44.79,20100924
2019-01-23 05:00:00+00:00,44.95,45.01,43.97,44.33,25640288
2019-01-24 05:00:00+00:00,44.24,44.97,44.06,44.57,13151416
2019-01-25 05:00:00+00:00,44.95,45.42,44.88,45.14,10401564
2019-01-28 05:00:00+00:00,44.54,44.7,44.2,44.66,13028412
2019-01-29 05:00:00+00:00,44.94,45.12,44.78,44.82,12128251
2019-01-30 05:00:00+00:00,45.1,45.59,44.86,45.43,12279638
2019-01-31 05:00:00+00:00,45.52,45.96,45.4,45.75,18701864
2019-02-01 05:00:00+00:00,46.24,46.81,46.09,46.54,15494644
2019-02-04 05:00:00+00:00,46.23,46.66,45.88,46.65,10750779
2019-02-05 05:00:00+00:00,46.6,46.8,46.46,46.72,8211084
2019-02-06 05:00:00+00:00,46.5,46.63,46.33,46.4,6903802
2019-02-07 05:00:00+00:00,46.09,46.25,44.93,45.37,14827367
2019-02-08 05:00:00+00:00,45.23,45.34,44.37,45.14,10767474
2019-02-11 05:00:00+00:00,44.93,45.43,44.8,45.36,14223770
2019-02-12 05:00:00+00:00,45.97,46.19,45.4,45.93,11161960
2019-02-13 05:00:00+00:00,46.12,46.87,46.07,46.51,13359445
2019-02-14 05:00:00+00:00,46.34,47.02,46.25,46.67,10449903
2019-02-15 05:00:00+00:00,47.12,47.46,47.05,47.42,10358352
2019-02-19 05:00:00+00:00,47.19,47.75,47.12,47.57,8858476
2019-02-20 05:00:00+00:00,47.49,48.0,47.49,47.77,10151581
2019-02-21 05:00:00+00:00,47.62,47.74,46.86,47.03,12029030
2019-02-22 05:00:00+00:00,47.38,47.52,46.93,47.17,10008596
2019-02-25 05:00:00+00:00,47.01,47.4,46.97,47.24,18178578
2019-02-26 05:00:00+00:00,47.2,47.52,47.08,47.09,10667005
2019-02-27 05:00:00+00:00,47.32,47.76,47.05,47.27,10683387
2019-02-28 05:00:00+00:00,47.28,47.34,46.51,46.8,11457694
2019-03-01 05:00:00+00:00,47.05,47.67,47.05,47.66,22822950
2019-03-04 05:00:00+00:00,47.83,47.95,47.03,47.75,21634754
2019-03-05 05:00:00+00:00,47.81,47.83,47.25,47.59,17591030
2019-03-06 05:00:00+00:00,47.2,47.3,46.75,46.99,24618919
2019-03-07 05:00:00+00:00,47.01,47.05,46.52,46.71,24387562
2019-03-08 05:00:00+00:00,45.95,46.05,45.4,45.83,15868277
2019-03-11 04:00:00+00:00,46.17,46.66,46.13,46.55,13969685
2019-03-12 04:00:00+00:00,46.63,47.09,46.61,46.85,11277536
2019-03-13 04:00:00+00:00,47.14,47.34,46.95,47.32,13557190
2019-03-14 04:00:00+00:00,47.37,47.61,47.31,47.37,12645787
2019-03-15 04:00:00+00:00,47.31,47.5,47.17,47.35,12897527
2019-03-18 04:00:00+00:00,47.41,48.09,47.39,48.01,10272184
2019-03-19 04:00:00+00:00,48.25,48.5,47.69,47.88,12712654
2019-03-20 04:00:00+00:00,47.84,48.73,47.69,48.3,13968397
2019-03-21 04:00:00+00:00,48.16,48.72,48.06,48.64,22203848
2019-03-22 04:00:00+00:00,48.2,48.28,47.14,47.33,20317762
2019-03-25 04:00:00+00:00,47.12,47.43,46.89,47.35,12445541
2019-03-26 04:00:00+00:00,47.9,48.35,47.77,48.03,11646265
2019-03-27 04:00:00+00:00,47.99,48.21,47.32,47.69,9808069
2019-03-28 04:00:00+00:00,47.48,47.92,47.39,47.87,9316897
2019-03-29 04:00:00+00:00,48.33,48.45,47.64,47.79,10243194
2019-04-01 04:00:00+00:00,48.11,48.52,48.05,48.44,12689722
2019-04-02 04:00:00+00:00,48.55,48.59,47.98,48.09,12210560
2019-04-03 04:00:00+00:00,48.23,48.32,47.46,47.63,12329070
2019-04-04 04:00:00+00:00,47.66,48.06,47.43,48.03,10739013
2019-04-05 04:00:00+00:00,48.16,48.93,48.13,48.87,17587252
2019-04-08 04:00:00+00:00,48.94,49.33,48.89,49.09,10710713
2019-04-09 04:00:00+00:00,48.94,48.94,48.34,48.49,16283281
2019-04-10 04:00:00+00:00,48.6,48.89,48.54,48.68,9718319
2019-04-11 04:00:00+00:00,48.63,49.04,48.33,48.71,11444386
2019-04-12 04:00:00+00:00,49.41,49.44,48.71,48.84,15584045
2019-04-15 04:00:00+00:00,48.78,48.89,48.47,48.55,8415036
2019-04-16 04:00:00+00:00,48.72,48.94,48.54,48.86,8282220
2019-04-17 04:00:00+00:00,49.16,49.27,48.73,48.8,11556434
2019-04-18 04:00:00+00:00,48.94,49.0,48.45,48.57,10065647
2019-04-22 04:00:00+00:00,49.02,49.63,48.88,49.59,15583869
2019-04-23 04:00:00+00:00,49.63,49.74,49.19,49.52,10621476
2019-04-24 04:00:00+00:00,49.56,49.59,48.63,48.65,11203948
2019-04-25 04:00:00+00:00,48.64,48.89,48.39,48.5,13083702
2019-04-26 04:00:00+00:00,48.14,48.16,47.45,47.87,17348156
2019-04-29 04:00:00+00:00,47.88,48.08,47.73,47.82,14432076
2019-04-30 04:00:00+00:00,48.29,48.32,47.73,47.79,14709028
2019-05-01 04:00:00+00:00,47.8,47.95,46.8,46.83,23911834
2019-05-02 04:00:00+00:00,46.54,46.82,45.99,46.02,30386780
2019-05-03 04:00:00+00:00,46.45,46.81,46.34,46.44,22063884
2019-05-06 04:00:00+00:00,46.09,46.63,46.05,46.49,23163941
2019-05-07 04:00:00+00:00,45.94,46.12,45.49,46.08,15249563
2019-05-08 04:00:00+00:00,46.06,46.46,45.96,46.08,10001770
2019-05-09 04:00:00+00:00,45.86,46.26,45.48,46.08,14532196
2019-05-10 04:00:00+00:00,46.08,46.41,45.43,46.3,13221779
2019-05-13 04:00:00+00:00,45.88,46.1,45.29,45.5,14405026
2019-05-14 04:00:00+00:00,45.75,46.45,45.71,46.06,9427808
2019-05-15 04:00:00+00:00,45.8,46.4,45.68,46.3,10256782
2019-05-16 04:00:00+00:00,46.41,46.73,46.41,46.55,9488320
2019-05-17 04:00:00+00:00,46.24,46.49,46.02,46.08,11234801
2019-05-20 04:00:00+00:00,46.09,46.32,46.01,46.1,8250305
2019-05-21 04:00:00+00:00,46.3,46.77,46.24,46.63,23179100
2019-05-22 04:00:00+00:00,46.36,46.46,45.76,45.92,9842700
2019-05-23 04:00:00+00:00,45.15,45.19,44.11,44.38,24827678
2019-05-24 04:00:00+00:00,44.73,44.9,44.16,44.54,10275020
2019-05-28 04:00:00+00:00,44.57,44.65,44.01,44.02,13297940
2019-05-29 04:00:00+00:00,43.47,43.82,43.21,43.8,18400999
2019-05-30 04:00:00+00:00,43.73,43.8,43.1,43.24,15635641
2019-05-31 04:00:00+00:00,42.65,43.04,42.48,42.48,22838676
2019-06-03 04:00:00+00:00,42.77,43.23,42.71,43.02,19309918
2019-06-04 04:00:00+00:00,43.43,43.87,43.31,43.77,15595251
2019-06-05 04:00:00+00:00,43.86,43.87,43.02,43.28,17535600
2019-06-06 04:00:00+00:00,43.37,44.25,43.37,44.09,33786365
2019-06-07 04:00:00+00:00,44.22,44.57,44.12,44.29,15941546
2019-06-10 04:00:00+00:00,44.53,44.82,44.35,44.42,9916243
2019-06-11 04:00:00+00:00,44.81,44.95,44.49,44.51,9649427
2019-06-12 04:00:00+00:00,44.22,44.32,43.74,43.88,14061522
2019-06-13 04:00:00+00:00,44.38,44.59,43.87,44.39,12437854
2019-06-14 04:00:00+00:00,44.5,44.51,44.0,44.1,8032816
2019-06-17 04:00:00+00:00,44.01,44.59,43.87,44.47,8944672
2019-06-18 04:00:00+00:00,44.76,45.35,44.68,45.08,17433609
2019-06-19 04:00:00+00:00,45.02,45.29,44.8,45.03,8969396
2019-06-20 04:00:00+00:00,45.76,46.1,45.71,46.0,26411457
2019-06-21 04:00:00+00:00,46.1,46.53,46.1,46.36,16643493
2019-06-24 04:00:00+00:00,46.35,46.48,45.88,45.95,10597511
2019-06-25 04:00:00+00:00,45.92,45.96,45.53,45.58,12378997
2019-06-26 04:00:00+00:00,46.04,46.63,45.93,46.28,14659198
2019-06-27 04:00:00+00:00,46.28,46.42,45.85,45.94,10846302
2019-06-28 04:00:00+00:00,46.05,46.52,46.05,46.47,17804896
2019-07-01 04:00:00+00:00,47.05,47.2,46.4,46.54,15259497
2019-07-02 04:00:00+00:00,46.38,46.47,45.57,45.77,12761483
2019-07-03 04:00:00+00:00,45.84,45.99,45.56,45.96,7842923
2019-07-05 04:00:00+00:00,45.79,46.07,45.69,46.02,7468932
2019-07-08 04:00:00+00:00,45.95,46.34,45.82,46.09,8830641
2019-07-09 04:00:00+00:00,46.01,46.15,45.71,46.11,7551506
2019-07-10 04:00:00+00:00,46.42,46.87,46.11,46.71,12021709
2019-07-11 04:00:00+00:00,46.85,46.86,46.52,46.81,15039542
2019-07-12 04:00:00+00:00,46.84,47.17,46.84,47.04,8253998
2019-07-15 04:00:00+00:00,47.09,47.12,46.48,46.58,9798044
2019-07-16 04:00:00+00:00,46.49,46.57,45.9,46.09,10801054
2019-07-17 04:00:00+00:00,46.05,46.2,45.53,45.56,13941862
2019-07-18 04:00:00+00:00,45.34,45.57,45.08,45.55,13012465
2019-07-19 04:00:00+00:00,45.61,45.93,45.4,45.8,10207634
2019-07-22 04:00:00+00:00,45.96,46.15,45.63,45.99,7979687
2019-07-23 04:00:00+00:00,45.99,46.24,45.85,46.12,7398410
2019-07-24 04:00:00+00:00,46.06,46.61,46.01,46.31,10084947
2019-07-25 04:00:00+00:00,46.49,46.55,45.65,45.79,11297320
2019-07-26 04:00:00+00:00,45.79,45.8,45.36,45.55,9779436
2019-07-29 04:00:00+00:00,45.52,45.55,45.04,45.37,8541422
2019-07-30 04:00:00+00:00,45.19,45.99,45.1,45.88,11030193
2019-07-31 04:00:00+00:00,45.88,46.27,45.36,45.76,15856473
2019-08-01 04:00:00+00:00,45.23,45.45,44.41,44.7,25702724
2019-08-02 04:00:00+00:00,44.88,45.15,43.61,44.06,22207314
2019-08-05 04:00:00+00:00,43.24,43.36,42.44,42.75,28941118
2019-08-06 04:00:00+00:00,42.86,43.1,42.24,42.7,17208935
2019-08-07 04:00:00+00:00,41.91,42.58,41.7,42.37,25278345
2019-08-08 04:00:00+00:00,42.66,43.61,42.46,43.59,25895308
2019-08-09 04:00:00+00:00,43.63,43.72,42.93,43.1,14870872
2019-08-12 04:00:00+00:00,43.01,43.07,42.41,42.56,14073411
2019-08-13 04:00:00+00:00,42.41,43.4,42.18,42.98,14651717
2019-08-14 04:00:00+00:00,42.08,42.18,41.24,41.26,24710781
2019-08-15 04:00:00+00:00,41.09,41.29,40.61,41.05,14571261
2019-08-16 04:00:00+00:00,41.27,41.72,41.13,41.59,21958068
2019-08-19 04:00:00+00:00,42.18,42.67,42.1,42.51,14338380
2019-08-20 04:00:00+00:00,42.31,42.36,41.99,42.13,9753057
2019-08-21 04:00:00+00:00,42.59,42.67,42.27,42.43,12446618
2019-08-22 04:00:00+00:00,42.57,42.74,42.21,42.24,9450010
2019-08-23 04:00:00+00:00,41.73,42.13,40.58,40.82,25123351
2019-08-26 04:00:00+00:00,41.18,41.4,40.82,41.0,10922340
2019-08-27 04:00:00+00:00,41.21,41.38,40.52,40.74,12010024
2019-08-28 04:00:00+00:00,40.94,41.53,40.74,41.33,16057012
2019-08-29 04:00:00+00:00,41.64,42.1,41.6,41.94,12630603
2019-08-30 04:00:00+00:00,42.09,42.45,41.68,41.93,13384838
2019-09-03 04:00:00+00:00,41.25,41.81,41.13,41.72,15409812
2019-09-04 04:00:00+00:00,42.32,42.49,42.18,42.31,11707647
2019-09-05 04:00:00+00:00,42.68,43.3,42.61,42.87,14919825
2019-09-06 04:00:00+00:00,42.75,43.11,42.51,43.06,12476268
2019-09-09 04:00:00+00:00,43.41,44.02,43.32,43.92,27417773
2019-09-10 04:00:00+00:00,44.19,45.08,44.1,44.44,26049858
2019-09-11 04:00:00+00:00,44.69,45.04,44.24,44.46,23221464
2019-09-12 04:00:00+00:00,43.92,44.53,43.56,44.21,19322498
2019-09-13 04:00:00+00:00,44.39,44.79,44.31,44.56,14376723
2019-09-16 04:00:00+00:00,46.42,46.43,45.52,46.05,31496325
2019-09-17 04:00:00+00:00,46.02,46.09,45.1,45.41,26947260
2019-09-18 04:00:00+00:00,45.08,45.38,44.88,45.19,11968043
2019-09-19 04:00:00+00:00,45.46,45.56,44.93,45.07,14899260
2019-09-20 04:00:00+00:00,45.1,45.28,44.89,45.07,20860121
2019-09-23 04:00:00+00:00,44.81,45.24,44.76,45.13,9519807
2019-09-24 04:00:00+00:00,44.99,45.03,44.14,44.41,20930217
2019-09-25 04:00:00+00:00,44.2,44.54,44.1,44.48,10349504
2019-09-26 04:00:00+00:00,44.29,44.39,43.68,43.9,14347001
2019-09-27 04:00:00+00:00,43.66,44.23,43.58,43.9,16004595
2019-09-30 04:00:00+00:00,43.69,43.87,43.54,43.58,20242085
2019-10-01 04:00:00+00:00,43.76,43.89,42.56,42.56,16874924
2019-10-02 04:00:00+00:00,42.32,42.42,41.4,41.53,19828045
2019-10-03 04:00:00+00:00,41.3,42.02,40.96,41.97,22194165
2019-10-04 04:00:00+00:00,42.15,42.29,41.72,42.24,11227961
2019-10-07 04:00:00+00:00,42.31,42.47,41.84,41.86,12613470
2019-10-08 04:00:00+00:00,41.44,41.76,41.09,41.15,21289007
2019-10-09 04:00:00+00:00,41.52,41.75,41.44,41.53,9196123
2019-10-10 04:00:00+00:00,41.67,42.16,41.6,42.05,10666016
2019-10-11 04:00:00+00:00,42.48,43.01,42.41,42.67,24741535
2019-10-14 04:00:00+00:00,42.31,42.74,42.14,42.59,12335179
2019-10-15 04:00:00+00:00,42.5,43.2,42.45,42.77,11478893
2019-10-16 04:00:00+00:00,42.62,42.92,42.16,42.17,12348320
2019-10-17 04:00:00+00:00,42.35,42.48,42.07,42.2,12439616
2019-10-18 04:00:00+00:00,42.09,42.43,41.97,41.98,10439858
2019-10-21 04:00:00+00:00,42.08,42.77,42.01,42.73,10913426
2019-10-22 04:00:00+00:00,42.87,43.78,42.74,43.28,21596131
2019-10-23 04:00:00+00:00,43.21,43.73,43.03,43.65,12578541
2019-10-24 04:00:00+00:00,43.9,43.93,43.23,43.46,14445396
2019-10-25 04:00:00+00:00,43.43,43.94,43.42,43.81,12076614
2019-10-28 04:00:00+00:00,43.96,44.21,43.49,43.56,12111393
2019-10-29 04:00:00+00:00,43.33,44.11,43.26,43.74,13900576
2019-10-30 04:00:00+00:00,43.84,43.87,42.68,42.84,16210469
2019-10-31 04:00:00+00:00,42.67,42.74,42.25,42.67,15369766
2019-11-01 04:00:00+00:00,42.88,43.72,42.84,43.64,14228489
2019-11-04 05:00:00+00:00,44.14,45.19,44.13,45.06,22208326
2019-11-05 05:00:00+00:00,45.23,45.52,44.97,45.22,18149468
2019-11-06 05:00:00+00:00,45.05,45.15,44.07,44.2,18415987
2019-11-07 05:00:00+00:00,44.65,45.0,44.53,44.86,13646919
2019-11-08 05:00:00+00:00,44.59,44.73,44.17,44.68,10683656
2019-11-11 05:00:00+00:00,44.26,44.63,44.09,44.43,14855585
2019-11-12 05:00:00+00:00,44.56,44.8,43.97,44.2,12720072
2019-11-13 05:00:00+00:00,43.97,44.16,43.82,44.01,10974949
2019-11-14 05:00:00+00:00,43.99,44.23,43.68,43.89,8270388
2019-11-15 05:00:00+00:00,44.07,44.4,44.02,44.23,9349964
2019-11-18 05:00:00+00:00,43.95,44.0,43.51,43.69,13260128
2019-11-19 05:00:00+00:00,43.55,43.59,42.99,43.04,16400642
2019-11-20 05:00:00+00:00,43.03,43.79,42.76,43.51,17457936
2019-11-21 05:00:00+00:00,43.62,44.23,43.48,44.19,16000797
2019-11-22 05:00:00+00:00,44.22,44.44,43.95,44.04,11778482
2019-11-25 05:00:00+00:00,43.99,44.16,43.82,44.13,13620425
2019-11-26 05:00:00+00:00,44.15,44.16,43.52,43.68,13966351
2019-11-27 05:00:00+00:00,43.73,43.88,43.43,43.79,9932587
2019-11-29 05:00:00+00:00,43.43,43.59,43.19,43.35,8091041
2019-12-02 05:00:00+00:00,43.5,43.78,43.3,43.35,15648954
2019-12-03 05:00:00+00:00,42.97,43.04,42.55,42.7,19084473
2019-12-04 05:00:00+00:00,43.08,43.48,42.94,43.34,17864244
2019-12-05 05:00:00+00:00,43.53,43.58,42.99,43.14,10998117
2019-12-06 05:00:00+00:00,43.32,44.09,43.31,43.96,17191043
2019-12-09 05:00:00+00:00,43.63,44.12,43.62,43.91,9003523
2019-12-10 05:00:00+00:00,44.06,44.16,43.81,44.0,8899261
2019-12-11 05:00:00+00:00,43.93,44.23,43.84,43.93,12722762
2019-12-12 05:00:00+00:00,43.99,44.89,43.94,44.81,23018893
2019-12-13 05:00:00+00:00,44.89,45.18,44.37,44.4,11554011
2019-12-16 05:00:00+00:00,44.71,45.17,44.69,44.99,11559470
2019-12-17 05:00:00+00:00,45.18,45.43,44.85,45.02,24791131
2019-12-18 05:00:00+00:00,44.97,45.47,44.91,45.19,13278279
2019-12-19 05:00:00+00:00,45.2,45.32,45.1,45.18,12975548
2019-12-20 05:00:00+00:00,45.34,45.66,45.23,45.57,17988028
2019-12-23 05:00:00+00:00,45.56,46.11,45.5,46.08,14550781
2019-12-24 05:00:00+00:00,46.16,46.25,45.97,46.06,5449845
2019-12-26 05:00:00+00:00,46.26,46.41,45.98,46.04,11371644
2019-12-27 05:00:00+00:00,46.26,46.26,45.82,45.85,11063340
2019-12-30 05:00:00+00:00,46.03,46.11,45.63,45.7,14944572
2019-12-31 05:00:00+00:00,45.47,46.01,45.34,45.96,11335107
2020-01-02 05:00:00+00:00,46.27,46.45,46.11,46.38,12238079
2020-01-03 05:00:00+00:00,46.79,46.94,46.01,46.24,35456379
2020-01-06 05:00:00+00:00,46.4,46.84,46.24,46.59,22888808
2020-01-07 05:00:00+00:00,46.47,46.52,45.93,46.48,11643071
2020-01-08 05:00:00+00:00,46.43,46.48,45.65,45.71,19557931
2020-01-09 05:00:00+00:00,45.69,46.09,45.15,46.05,15513256
2020-01-10 05:00:00+00:00,46.03,46.06,45.73,45.79,9322401
2020-01-13 05:00:00+00:00,45.72,45.94,45.48,45.8,8913334
2020-01-14 05:00:00+00:00,45.7,45.86,45.4,45.81,17445510
2020-01-15 05:00:00+00:00,45.61,45.75,45.34,45.47,11212524
2020-01-16 05:00:00+00:00,45.74,45.89,45.52,45.55,8334598
2020-01-17 05:00:00+00:00,45.67,45.7,45.18,45.21,12627262
2020-01-21 05:00:00+00:00,45.01,45.01,44.37,44.45,17868104
2020-01-22 05:00:00+00:00,44.36,44.39,43.9,44.0,14953534
2020-01-23 05:00:00+00:00,43.56,43.98,43.22,43.85,13419215
2020-01-24 05:00:00+00:00,43.65,43.85,43.01,43.35,20702247
2020-01-27 05:00:00+00:00,42.47,42.64,42.09,42.14,22290234
2020-01-28 05:00:00+00:00,42.38,42.6,42.17,42.34,14506307
2020-01-29 05:00:00+00:00,42.57,42.73,41.84,41.89,14490851
2020-01-30 05:00:00+00:00,41.45,42.27,41.35,42.23,24679192
2020-01-31 05:00:00+00:00,41.52,41.63,40.7,40.91,34283038
2020-02-03 05:00:00+00:00,40.86,40.92,40.23,40.38,22202576
2020-02-04 05:00:00+00:00,40.96,41.28,40.44,40.52,20012740
2020-02-05 05:00:00+00:00,41.19,42.19,41.17,42.04,38210623
2020-02-06 05:00:00+00:00,42.24,42.24,41.55,41.65,15911326
2020-02-07 05:00:00+00:00,41.3,41.5,41.11,41.32,13966111
2020-02-10 05:00:00+00:00,41.11,41.21,40.87,41.12,15068790
2020-02-11 05:00:00+00:00,41.68,41.74,41.39,41.58,14346480
2020-02-12 05:00:00+00:00,42.2,42.37,41.79,42.14,17663122
2020-02-13 05:00:00+00:00,42.02,42.24,41.76,42.01,12161567
2020-02-14 05:00:00+00:00,42.15,42.18,41.52,41.78,12883345
2020-02-18 05:00:00+00:00,41.42,41.78,41.05,41.43,18821706
2020-02-19 05:00:00+00:00,41.72,42.16,41.49,41.99,12887940
2020-02-20 05:00:00+00:00,42.1,42.41,41.84,41.98,13190725
2020-02-21 05:00:00+00:00,41.55,41.58,41.1,41.45,14400707
2020-02-24 05:00:00+00:00,40.02,40.12,39.41,39.53,34638215
2020-02-25 05:00:00+00:00,39.64,39.67,37.54,37.79,44333247
2020-02-26 05:00:00+00:00,37.93,38.11,36.63,36.65,50797384
2020-02-27 05:00:00+00:00,35.7,36.38,34.67,34.69,62819713
2020-02-28 05:00:00+00:00,33.59,35.09,33.31,34.66,70321623
2020-03-02 05:00:00+00:00,35.43,36.1,34.4,36.08,37228643
2020-03-03 05:00:00+00:00,36.26,36.74,34.56,34.97,52839662
2020-03-04 05:00:00+00:00,35.71,35.79,34.96,35.78,24870410
2020-03-05 05:00:00+00:00,34.72,34.92,33.89,34.47,30744353
2020-03-06 05:00:00+00:00,33.3,33.6,32.05,32.54,62562340
2020-03-09 04:00:00+00:00,26.85,27.89,25.82,25.97,69604269
2020-03-10 04:00:00+00:00,28.07,28.19,25.54,27.22,50182924
2020-03-11 04:00:00+00:00,26.37,26.83,25.36,25.78,44799579
2020-03-12 04:00:00+00:00,23.89,24.5,22.49,23.82,39731841
2020-03-13 04:00:00+00:00,24.47,24.67,22.05,24.64,34414122
2020-03-16 04:00:00+00:00,21.4,23.82,21.18,21.44,41767673
2020-03-17 04:00:00+00:00,21.5,22.34,20.63,21.44,45919393
2020-03-18 04:00:00+00:00,19.94,20.35,17.52,18.36,52504194
2020-03-19 04:00:00+00:00,18.58,19.68,17.59,19.5,53399396
2020-03-20 04:00:00+00:00,20.1,20.54,18.96,19.8,59849039
2020-03-23 04:00:00+00:00,19.67,19.79,18.12,18.38,49465021
2020-03-24 04:00:00+00:00,19.88,21.52,19.88,21.41,44882360
2020-03-25 04:00:00+00:00,21.88,23.48,20.93,22.24,52763736
2020-03-26 04:00:00+00:00,22.64,24.26,22.36,23.79,47129791
2020-03-27 04:00:00+00:00,22.79,22.86,22.04,22.17,37015627
2020-03-30 04:00:00+00:00,21.84,22.6,21.2,22.4,42676246
2020-03-31 04:00:00+00:00,23.03,23.48,22.29,22.74,35733150
2020-04-01 04:00:00+00:00,21.99,22.29,21.31,21.62,24001769
2020-04-02 04:00:00+00:00,22.67,24.86,22.12,23.6,73808336
2020-04-03 04:00:00+00:00,24.34,24.51,22.68,23.35,64411545
2020-04-06 04:00:00+00:00,23.87,24.75,23.55,24.58,38388792
2020-04-07 04:00:00+00:00,25.8,26.51,25.06,25.08,52780395
2020-04-08 04:00:00+00:00,25.64,26.87,25.43,26.78,44973879
2020-04-09 04:00:00+00:00,27.82,28.54,25.53,26.54,91831583
2020-04-13 04:00:00+00:00,27.46,27.57,26.03,26.45,34028216
2020-04-14 04:00:00+00:00,26.59,26.91,26.16,26.33,36514527
2020-04-15 04:00:00+00:00,25.23,25.34,24.31,25.09,37091941
2020-04-16 04:00:00+00:00,25.03,25.11,23.99,24.02,33339384
2020-04-17 04:00:00+00:00,24.52,26.6,24.51,26.53,49690039
2020-04-20 04:00:00+00:00,25.01,26.69,24.87,25.74,57026535
2020-04-21 04:00:00+00:00,25.0,25.75,24.57,25.24,60837902
2020-04-22 04:00:00+00:00,26.43,26.6,25.84,26.19,37101965
2020-04-23 04:00:00+00:00,26.99,27.66,26.72,27.03,42085243
2020-04-24 04:00:00+00:00,27.57,27.82,26.67,27.1,32897126
2020-04-27 04:00:00+00:00,26.89,27.88,26.28,27.67,23797231
2020-04-28 04:00:00+00:00,28.11,28.49,27.64,28.32,30211430
2020-04-29 04:00:00+00:00,29.25,30.52,29.23,30.44,36011276
2020-04-30 04:00:00+00:00,30.59,30.59,29.3,29.74,43141138
2020-05-01 04:00:00+00:00,29.13,29.35,27.71,28.06,29709762
2020-05-04 04:00:00+00:00,27.54,29.05,27.41,29.03,26611985
2020-05-05 04:00:00+00:00,30.22,30.46,28.95,29.05,35142834
2020-05-06 04:00:00+00:00,29.19,29.44,28.27,28.29,23861482
2020-05-07 04:00:00+00:00,29.09,29.58,28.83,29.03,26834412
2020-05-08 04:00:00+00:00,29.69,30.37,29.54,30.34,25814780
2020-05-11 04:00:00+00:00,30.15,30.23,29.68,29.82,23475078
2020-05-12 04:00:00+00:00,30.12,30.16,29.26,29.3,28744294
2020-05-13 04:00:00+00:00,29.1,29.14,27.76,28.01,34741602
2020-05-14 04:00:00+00:00,27.47,28.54,26.85,28.28,31232876
2020-05-15 04:00:00+00:00,28.29,28.87,27.92,28.17,27622947
2020-05-18 04:00:00+00:00,29.78,30.67,29.7,30.47,36848628
2020-05-19 04:00:00+00:00,30.51,30.6,29.59,29.61,27163050
2020-05-20 04:00:00+00:00,30.23,30.85,30.07,30.8,27926387
2020-05-21 04:00:00+00:00,30.89,31.01,30.06,30.31,28332203
2020-05-22 04:00:00+00:00,30.06,30.15,29.5,30.12,19431434
2020-05-26 04:00:00+00:00,31.08,31.28,30.87,30.95,37863387
2020-05-27 04:00:00+00:00,31.41,31.59,30.48,31.35,35872402
2020-05-28 04:00:00+00:00,31.43,31.43,30.33,30.48,27780335
2020-05-29 04:00:00+00:00,30.21,30.56,29.7,30.34,36275029
2020-06-01 04:00:00+00:00,30.29,31.04,29.88,30.87,24087315
2020-06-02 04:00:00+00:00,31.21,31.76,31.17,31.73,25396256
2020-06-03 04:00:00+00:00,32.27,32.81,32.17,32.66,27718928
2020-06-04 04:00:00+00:00,32.48,32.79,32.01,32.67,27675933
2020-06-05 04:00:00+00:00,34.3,35.41,34.27,35.1,51144587
2020-06-08 04:00:00+00:00,36.37,36.69,35.56,36.68,48590196
2020-06-09 04:00:00+00:00,35.5,35.6,34.81,35.3,43975011
2020-06-10 04:00:00+00:00,34.97,35.0,33.55,33.56,41905829
2020-06-11 04:00:00+00:00,31.22,32.12,30.3,30.46,48691428
2020-06-12 04:00:00+00:00,31.74,31.96,30.32,31.17,43011119
2020-06-15 04:00:00+00:00,29.84,31.58,29.51,31.26,32964408
2020-06-16 04:00:00+00:00,32.75,32.79,31.24,32.16,32367352
2020-06-17 04:00:00+00:00,32.03,32.04,31.06,31.06,23824196
2020-06-18 04:00:00+00:00,30.75,31.79,30.56,31.45,18661453
2020-06-19 04:00:00+00:00,32.43,32.43,30.94,30.97,27723877
2020-06-22 04:00:00+00:00,30.82,31.22,30.46,31.11,20632838
2020-06-23 04:00:00+00:00,31.58,31.66,31.05,31.11,14942168
2020-06-24 04:00:00+00:00,30.66,30.67,29.22,29.42,32918820
2020-06-25 04:00:00+00:00,29.14,30.09,28.99,29.98,24350239
2020-06-26 04:00:00+00:00,29.77,29.77,28.8,28.94,34238758
2020-06-29 04:00:00+00:00,29.01,29.58,28.88,29.33,19693825
2020-06-30 04:00:00+00:00,29.09,30.18,28.79,29.99,21341520
2020-07-01 04:00:00+00:00,30.12,30.53,29.24,29.27,24800819
2020-07-02 04:00:00+00:00,29.88,30.29,29.53,29.6,20953744
2020-07-06 04:00:00+00:00,30.12,30.34,29.31,29.69,22687205
2020-07-07 04:00:00+00:00,29.31,29.35,28.7,28.74,23390609
2020-07-08 04:00:00+00:00,28.74,29.19,28.48,28.72,21151132
2020-07-09 04:00:00+00:00,28.66,28.67,27.27,27.3,32011784
2020-07-10 04:00:00+00:00,27.14,28.2,27.14,28.17,26587224
2020-07-13 04:00:00+00:00,28.43,28.55,27.81,28.02,38927201
2020-07-14 04:00:00+00:00,27.85,29.06,27.75,29.01,34457487
2020-07-15 04:00:00+00:00,29.74,29.82,29.2,29.61,26128591
2020-07-16 04:00:00+00:00,29.43,29.87,29.06,29.5,18947876
2020-07-17 04:00:00+00:00,29.59,29.92,28.96,29.08,18277880
2020-07-20 04:00:00+00:00,28.98,29.31,28.58,28.6,20306589
2020-07-21 04:00:00+00:00,29.09,30.56,29.05,30.33,36732189
2020-07-22 04:00:00+00:00,30.0,30.0,29.52,29.96,19803047
2020-07-23 04:00:00+00:00,29.85,30.05,29.52,29.9,21146933
2020-07-24 04:00:00+00:00,29.9,30.35,29.62,29.73,20034552
2020-07-27 04:00:00+00:00,29.7,29.9,29.32,29.76,18394573
2020-07-28 04:00:00+00:00,29.59,29.87,29.18,29.24,18236737
2020-07-29 04:00:00+00:00,29.34,29.89,29.14,29.87,17499825
2020-07-30 04:00:00+00:00,29.24,29.26,28.44,28.7,33800336
2020-07-31 04:00:00+00:00,28.26,28.59,27.98,28.56,25073895
2020-08-03 04:00:00+00:00,28.55,28.82,28.32,28.66,21290697
2020-08-04 04:00:00+00:00,28.57,29.43,28.54,29.36,22821382
2020-08-05 04:00:00+00:00,29.93,30.04,29.4,29.67,33396120
2020-08-06 04:00:00+00:00,29.5,29.77,29.32,29.43,19376537
2020-08-07 04:00:00+00:00,29.17,29.54,28.83,29.47,18811011
2020-08-10 04:00:00+00:00,29.7,30.4,29.62,30.38,26559303
2020-08-11 04:00:00+00:00,30.98,31.34,30.14,30.28,26681576
2020-08-12 04:00:00+00:00,30.74,30.94,30.26,30.58,28049021
2020-08-13 04:00:00+00:00,30.31,30.59,29.92,29.99,16014685
2020-08-14 04:00:00+00:00,29.75,30.32,29.64,30.27,13395856
2020-08-17 04:00:00+00:00,30.28,30.3,29.93,30.12,14499046
2020-08-18 04:00:00+00:00,29.99,30.28,29.63,29.7,14533998
2020-08-19 04:00:00+00:00,29.7,29.83,29.28,29.38,14914159
2020-08-20 04:00:00+00:00,28.97,29.13,28.74,28.74,20127602
2020-08-21 04:00:00+00:00,28.63,28.69,28.29,28.56,17734705
2020-08-24 04:00:00+00:00,28.74,29.55,28.57,29.35,25068396
2020-08-25 04:00:00+00:00,29.5,29.54,28.79,28.93,20700782
2020-08-26 04:00:00+00:00,28.89,28.89,28.28,28.32,18274576
2020-08-27 04:00:00+00:00,28.33,28.57,28.03,28.38,22413545
2020-08-28 04:00:00+00:00,28.49,28.97,28.35,28.89,15035380
2020-08-31 04:00:00+00:00,28.93,28.97,28.26,28.26,19092861
2020-09-01 04:00:00+00:00,28.13,28.2,27.72,28.05,18534648
2020-09-02 04:00:00+00:00,28.06,28.23,27.76,27.94,23999881
2020-09-03 04:00:00+00:00,27.88,28.46,27.56,27.73,39622798
2020-09-04 04:00:00+00:00,28.01,28.2,27.3,27.64,34485045
2020-09-08 04:00:00+00:00,27.12,27.25,26.33,26.64,49605226
2020-09-09 04:00:00+00:00,26.94,27.09,26.72,26.82,25277847
2020-09-10 04:00:00+00:00,26.9,26.93,25.79,25.83,37473985
2020-09-11 04:00:00+00:00,25.89,26.02,25.64,25.86,25870135
2020-09-14 04:00:00+00:00,25.93,26.29,25.75,26.06,20409042
2020-09-15 04:00:00+00:00,26.23,26.47,25.79,25.87,28253561
2020-09-16 04:00:00+00:00,26.1,27.25,25.87,26.9,36632144
2020-09-17 04:00:00+00:00,26.48,26.97,26.22,26.94,22587128
2020-09-18 04:00:00+00:00,26.93,26.95,26.37,26.64,27046589
2020-09-21 04:00:00+00:00,25.99,26.06,25.32,25.76,31668076
2020-09-22 04:00:00+00:00,25.78,26.19,25.45,25.49,25355233
2020-09-23 04:00:00+00:00,25.59,25.69,24.31,24.34,26879456
2020-09-24 04:00:00+00:00,24.25,24.78,23.8,24.33,35618483
2020-09-25 04:00:00+00:00,24.08,24.5,23.93,24.32,27289813
2020-09-28 04:00:00+00:00,24.76,25.16,24.72,24.9,26643308
2020-09-29 04:00:00+00:00,24.82,24.87,23.96,24.2,24159792
2020-09-30 04:00:00+00:00,24.36,24.64,24.02,24.13,24945341
2020-10-01 04:00:00+00:00,23.87,23.97,23.25,23.39,28595045
2020-10-02 04:00:00+00:00,22.76,23.82,22.72,23.62,29467466
2020-10-05 04:00:00+00:00,23.83,24.34,23.77,24.33,33085186
2020-10-06 04:00:00+00:00,24.68,24.82,23.9,23.96,31344757
2020-10-07 04:00:00+00:00,24.1,24.37,23.82,24.29,21344601
2020-10-08 04:00:00+00:00,24.5,25.23,24.39,25.21,31023082
2020-10-09 04:00:00+00:00,25.44,25.5,24.76,24.81,25682649
2020-10-12 04:00:00+00:00,24.73,24.96,24.47,24.87,17148578
2020-10-13 04:00:00+00:00,24.87,25.02,24.41,24.51,27677511
2020-10-14 04:00:00+00:00,24.54,25.16,24.49,24.59,27481189
2020-10-15 04:00:00+00:00,24.2,24.9,23.95,24.89,20494099
2020-10-16 04:00:00+00:00,24.84,24.87,24.29,24.33,20672579
2020-10-19 04:00:00+00:00,24.41,24.53,23.79,23.81,25410261
2020-10-20 04:00:00+00:00,23.95,24.3,23.79,24.08,23135377
2020-10-21 04:00:00+00:00,23.95,24.09,23.62,23.63,24988057
2020-10-22 04:00:00+00:00,23.67,24.64,23.52,24.61,35698122
2020-10-23 04:00:00+00:00,24.74,24.88,24.18,24.49,25915796
2020-10-26 04:00:00+00:00,24.07,24.1,23.37,23.61,30632091
2020-10-27 04:00:00+00:00,23.58,23.59,23.25,23.29,22087929
2020-10-28 04:00:00+00:00,22.73,22.88,22.2,22.33,40768281
2020-10-29 04:00:00+00:00,22.04,23.08,21.74,23.01,37455882
2020-10-30 04:00:00+00:00,22.85,23.16,22.59,23.14,38288847
2020-11-02 05:00:00+00:00,23.46,24.24,23.02,23.93,42503448
2020-11-03 05:00:00+00:00,24.33,24.35,23.58,23.79,35097756
2020-11-04 05:00:00+00:00,23.83,24.4,23.18,23.83,47986627
2020-11-05 05:00:00+00:00,23.86,24.3,23.78,23.82,33393534
2020-11-06 05:00:00+00:00,23.83,24.18,23.21,23.31,33506241
2020-11-09 05:00:00+00:00,26.11,27.23,23.3,26.64,100027864
2020-11-10 05:00:00+00:00,27.14,27.5,26.57,27.5,75677503
2020-11-11 05:00:00+00:00,27.8,27.85,26.96,27.22,46808262
2020-11-12 05:00:00+00:00,26.74,27.12,26.06,26.34,39832510
2020-11-13 05:00:00+00:00,26.54,27.43,26.51,27.3,42333015
2020-11-16 05:00:00+00:00,28.46,29.16,28.11,29.11,50646064
2020-11-17 05:00:00+00:00,28.68,29.41,28.34,29.39,41383707
2020-11-18 05:00:00+00:00,29.64,29.76,28.54,28.54,41635201
2020-11-19 05:00:00+00:00,28.34,29.06,28.05,29.01,33488774
2020-11-20 05:00:00+00:00,28.93,29.06,28.65,28.85,20059391
2020-11-23 05:00:00+00:00,29.3,30.93,29.27,30.89,38887414
2020-11-24 05:00:00+00:00,31.93,32.57,31.65,32.48,54082679
2020-11-25 05:00:00+00:00,32.27,32.27,31.54,31.72,36039433
2020-11-27 05:00:00+00:00,31.54,31.8,31.1,31.35,19035686
2020-11-30 05:00:00+00:00,31.01,31.05,29.57,29.63,42898051
2020-12-01 05:00:00+00:00,30.44,30.61,29.7,29.76,34812243
2020-12-02 05:00:00+00:00,29.66,31.19,29.56,30.72,38152225
2020-12-03 05:00:00+00:00,30.85,31.42,30.55,31.05,37040737
2020-12-04 05:00:00+00:00,31.63,32.76,31.61,32.74,52633598
2020-12-07 05:00:00+00:00,32.35,32.42,31.67,31.96,35037384
2020-12-08 05:00:00+00:00,31.57,32.77,31.57,32.45,29106592
2020-12-09 05:00:00+00:00,32.78,33.31,32.13,32.5,43989755
2020-12-10 05:00:00+00:00,32.56,33.91,32.47,33.52,39148925
2020-12-11 05:00:00+00:00,33.29,33.3,32.66,33.12,28574372
2020-12-14 05:00:00+00:00,33.64,33.65,31.86,31.98,44458001
2020-12-15 05:00:00+00:00,32.15,32.76,31.85,32.6,29730938
2020-12-16 05:00:00+00:00,32.7,32.8,32.21,32.44,24058282
2020-12-17 05:00:00+00:00,32.73,32.74,32.09,32.29,23922011
2020-12-18 05:00:00+00:00,32.22,32.4,31.5,31.75,37426351
2020-12-21 05:00:00+00:00,30.55,31.41,30.22,31.14,40452678
2020-12-22 05:00:00+00:00,31.04,31.17,30.58,30.61,25500724
2020-12-23 05:00:00+00:00,30.87,31.72,30.86,31.29,27318439
2020-12-24 05:00:00+00:00,31.33,31.33,30.82,31.1,11719572
2020-12-28 05:00:00+00:00,31.24,31.63,30.84,30.93,19232168
2020-12-29 05:00:00+00:00,31.11,31.21,30.58,30.68,19178936
2020-12-30 05:00:00+00:00,30.77,31.5,30.68,31.21,36029150
2020-12-31 05:00:00+00:00,31.07,31.2,30.81,30.95,18435631
2021-01-04 05:00:00+00:00,31.31,31.57,30.63,31.0,33997227
2021-01-05 05:00:00+00:00,31.33,33.23,31.3,32.38,48498552
2021-01-06 05:00:00+00:00,33.02,33.68,32.6,33.37,43826680
2021-01-07 05:00:00+00:00,33.66,34.2,33.31,33.86,26114311
2021-01-08 05:00:00+00:00,34.29,34.29,33.55,33.82,32004633
2021-01-11 05:00:00+00:00,33.09,34.49,32.9,34.35,23993918
2021-01-12 05:00:00+00:00,34.77,35.74,34.51,35.55,44935200
2021-01-13 05:00:00+00:00,35.67,35.69,35.0,35.27,27693580
2021-01-14 05:00:00+00:00,35.49,36.74,35.46,36.32,42180889
2021-01-15 05:00:00+00:00,35.67,35.68,34.56,34.91,51589962
2021-01-19 05:00:00+00:00,35.33,35.85,35.22,35.61,28265402
2021-01-20 05:00:00+00:00,35.91,36.0,35.39,35.74,25657999
2021-01-21 05:00:00+00:00,35.54,35.72,34.21,34.57,30483033
2021-01-22 05:00:00+00:00,33.77,34.45,33.49,34.35,25637763
2021-01-25 05:00:00+00:00,33.98,34.11,33.38,34.0,41101911
2021-01-26 05:00:00+00:00,34.3,34.82,33.26,33.27,27816616
2021-01-27 05:00:00+00:00,32.74,33.74,32.26,32.86,50389410
2021-01-28 05:00:00+00:00,33.09,33.61,32.79,33.21,29056109
2021-01-29 05:00:00+00:00,32.74,33.17,31.99,32.11,32168407
2021-02-01 05:00:00+00:00,32.5,32.66,31.8,32.33,31273569
2021-02-02 05:00:00+00:00,33.09,33.47,32.68,32.69,32209444
2021-02-03 05:00:00+00:00,32.86,34.17,32.73,34.11,37607903
2021-02-04 05:00:00+00:00,34.33,34.47,33.73,34.46,24420850
2021-02-05 05:00:00+00:00,35.0,35.11,34.65,34.74,24296867
2021-02-08 05:00:00+00:00,35.26,36.37,35.22,36.2,31675433
2021-02-09 05:00:00+00:00,35.92,36.03,35.34,35.82,35156587
2021-02-10 05:00:00+00:00,35.94,36.54,35.71,36.51,30396703
2021-02-11 05:00:00+00:00,36.39,36.4,35.18,35.94,25241754
2021-02-12 05:00:00+00:00,35.69,36.51,35.62,36.47,24381033
2021-02-16 05:00:00+00:00,37.32,37.82,37.12,37.39,38639295
2021-02-17 05:00:00+00:00,37.77,38.18,37.23,37.94,35951930
2021-02-18 05:00:00+00:00,37.78,37.85,36.97,37.08,31137623
2021-02-19 05:00:00+00:00,37.14,37.85,37.09,37.71,27277693
2021-02-22 05:00:00+00:00,37.94,39.57,37.89,39.14,38389758
2021-02-23 05:00:00+00:00,39.48,39.77,37.98,39.66,49567873
2021-02-24 05:00:00+00:00,39.92,41.3,39.59,41.06,39521754
2021-02-25 05:00:00+00:00,41.49,41.49,39.99,40.27,38299748
2021-02-26 05:00:00+00:00,39.73,39.85,38.16,39.29,46026491
2021-03-01 05:00:00+00:00,40.35,40.89,40.06,40.34,34941340
2021-03-02 05:00:00+00:00,40.48,40.81,40.09,40.12,37739379
2021-03-03 05:00:00+00:00,40.41,41.63,40.4,40.7,41567423
2021-03-04 05:00:00+00:00,41.07,42.43,40.69,41.68,54126920
2021-03-05 05:00:00+00:00,42.86,43.33,41.79,43.23,56900618
2021-03-08 05:00:00+00:00,43.66,43.89,42.69,43.32,50561972
2021-03-09 05:00:00+00:00,43.07,43.69,42.25,42.56,63592151
2021-03-10 05:00:00+00:00,42.62,43.78,42.42,43.64,40460024
2021-03-11 05:00:00+00:00,43.72,44.39,43.55,43.65,25705898
2021-03-12 05:00:00+00:00,43.73,44.13,43.41,43.74,30120028
2021-03-15 04:00:00+00:00,43.6,43.77,42.72,43.24,34759675
2021-03-16 04:00:00+00:00,42.52,42.57,41.75,42.01,41220586
2021-03-17 04:00:00+00:00,41.89,42.54,41.53,42.37,33994065
2021-03-18 04:00:00+00:00,41.96,42.15,40.26,40.43,44183138
2021-03-19 04:00:00+00:00,40.39,41.11,39.9,40.37,40780315
2021-03-22 04:00:00+00:00,40.35,40.51,39.97,40.06,30160226
2021-03-23 04:00:00+00:00,39.25,40.35,39.0,39.44,51864785
2021-03-24 04:00:00+00:00,40.07,41.0,40.07,40.53,41262412
2021-03-25 04:00:00+00:00,39.78,40.72,39.14,40.61,40983506
2021-03-26 04:00:00+00:00,41.34,41.67,40.87,41.61,36451745
2021-03-29 04:00:00+00:00,41.26,41.47,40.62,41.12,24296738
2021-03-30 04:00:00+00:00,40.72,41.2,40.46,40.77,29754247
2021-03-31 04:00:00+00:00,40.68,40.86,40.32,40.48,24540054
2021-04-01 04:00:00+00:00,40.67,41.53,40.45,41.52,32750895
2021-04-05 04:00:00+00:00,41.43,41.44,40.29,40.53,26973996
2021-04-06 04:00:00+00:00,40.72,41.26,40.35,40.42,27006554
2021-04-07 04:00:00+00:00,40.43,40.77,40.29,40.56,25240856
2021-04-08 04:00:00+00:00,40.27,40.28,39.57,40.03,32121273
2021-04-09 04:00:00+00:00,40.02,40.37,39.58,39.77,22176929
2021-04-12 04:00:00+00:00,40.11,40.4,39.31,39.45,19598134
2021-04-13 04:00:00+00:00,39.39,39.71,39.1,39.49,22412666
2021-04-14 04:00:00+00:00,39.84,41.12,39.8,40.59,33383929
2021-04-15 04:00:00+00:00,40.64,40.64,40.1,40.26,24843124
2021-04-16 04:00:00+00:00,40.56,40.66,39.77,39.94,28587456
2021-04-19 04:00:00+00:00,40.02,40.32,39.51,39.9,20413942
2021-04-20 04:00:00+00:00,39.76,39.82,38.45,38.84,36286963
2021-04-21 04:00:00+00:00,38.35,39.48,38.17,39.34,31464247
2021-04-22 04:00:00+00:00,39.53,39.54,38.74,38.88,25986016
2021-04-23 04:00:00+00:00,38.91,39.4,38.68,39.23,17467994
2021-04-26 04:00:00+00:00,39.08,39.79,39.08,39.49,17945890
2021-04-27 04:00:00+00:00,39.64,40.11,39.46,39.97,21398672
2021-04-28 04:00:00+00:00,40.27,41.51,40.24,41.35,34544155
2021-04-29 04:00:00+00:00,41.95,42.32,41.3,41.81,33021248
2021-04-30 04:00:00+00:00,41.22,41.79,40.67,40.76,31618517
2021-05-03 04:00:00+00:00,41.23,41.99,41.1,41.88,23139161
2021-05-04 04:00:00+00:00,41.96,42.28,41.43,41.9,27291295
2021-05-05 04:00:00+00:00,42.42,43.39,42.07,43.26,40057865
2021-05-06 04:00:00+00:00,43.25,43.48,42.44,43.48,29355230
2021-05-07 04:00:00+00:00,43.03,44.33,42.88,44.26,31822859
2021-05-10 04:00:00+00:00,44.81,45.5,44.24,44.27,34541706
2021-05-11 04:00:00+00:00,43.35,43.97,42.75,43.13,57088397
2021-05-12 04:00:00+00:00,43.36,44.62,43.14,43.34,41404272
2021-05-13 04:00:00+00:00,42.82,43.61,42.23,42.81,39849065
2021-05-14 04:00:00+00:00,43.28,44.31,43.28,44.14,28851687
2021-05-17 04:00:00+00:00,43.98,45.18,43.92,45.16,35576510
2021-05-18 04:00:00+00:00,45.1,45.26,44.03,44.12,35684454
2021-05-19 04:00:00+00:00,43.08,43.5,42.42,42.96,44622116
2021-05-20 04:00:00+00:00,43.0,43.15,42.34,42.95,28940532
2021-05-21 04:00:00+00:00,43.38,43.68,43.01,43.09,25987788
2021-05-24 04:00:00+00:00,43.34,43.57,42.85,43.47,24665484
2021-05-25 04:00:00+00:00,43.36,43.48,42.52,42.59,24846269
2021-05-26 04:00:00+00:00,42.63,43.12,42.43,42.97,20334206
2021-05-27 04:00:00+00:00,43.14,43.53,42.76,43.0,19987847
2021-05-28 04:00:00+00:00,43.24,43.3,42.85,43.08,19000168
2021-06-01 04:00:00+00:00,43.93,44.84,43.91,44.76,36999407
2021-06-02 04:00:00+00:00,45.01,45.79,44.49,45.58,34461597
2021-06-03 04:00:00+00:00,45.39,45.96,45.1,45.7,29771064
2021-06-04 04:00:00+00:00,46.0,46.19,45.32,46.01,26946798
2021-06-07 04:00:00+00:00,46.0,46.28,45.74,45.81,20436260
2021-06-08 04:00:00+00:00,45.65,46.29,45.11,46.2,29878974
2021-06-09 04:00:00+00:00,46.34,46.53,45.89,45.92,28591365
2021-06-10 04:00:00+00:00,46.53,46.75,45.37,45.86,28943430
2021-06-11 04:00:00+00:00,46.02,46.28,45.64,45.7,19514370
2021-06-14 04:00:00+00:00,45.86,46.15,45.13,45.5,19616557
2021-06-15 04:00:00+00:00,45.79,46.49,45.67,46.37,38151945
2021-06-16 04:00:00+00:00,46.29,46.66,45.72,46.12,30777539
2021-06-17 04:00:00+00:00,46.01,46.39,43.95,44.55,53539167
2021-06-18 04:00:00+00:00,43.62,44.17,43.2,43.23,60844795
2021-06-21 04:00:00+00:00,43.59,45.15,43.59,45.07,47187916
2021-06-22 04:00:00+00:00,44.97,45.55,44.47,45.38,24731905
2021-06-23 04:00:00+00:00,45.79,46.31,45.42,45.5,20411911
2021-06-24 04:00:00+00:00,45.71,45.93,45.27,45.89,21378202
2021-06-25 04:00:00+00:00,46.02,46.16,45.75,46.13,19235111
2021-06-28 04:00:00+00:00,45.93,45.96,44.39,44.57,33051448
2021-06-29 04:00:00+00:00,44.84,45.09,44.3,44.36,16038112
2021-06-30 04:00:00+00:00,44.49,45.04,44.45,44.91,25804923
2021-07-01 04:00:00+00:00,45.93,46.08,45.27,45.69,24101078
2021-07-02 04:00:00+00:00,45.5,45.74,45.11,45.59,15504225
2021-07-06 04:00:00+00:00,45.44,45.53,43.92,44.11,34839519
2021-07-07 04:00:00+00:00,44.04,44.45,42.91,43.39,30874451
2021-07-08 04:00:00+00:00,42.62,43.55,42.47,43.14,25028504
2021-07-09 04:00:00+00:00,43.69,44.09,43.18,44.06,26332162
2021-07-12 04:00:00+00:00,43.56,44.25,43.25,43.99,21024638
2021-07-13 04:00:00+00:00,43.77,44.05,43.4,43.66,25282800
2021-07-14 04:00:00+00:00,43.79,44.3,42.19,42.36,33897633
2021-07-15 04:00:00+00:00,41.9,42.41,41.57,41.77,30405003
2021-07-16 04:00:00+00:00,42.08,42.1,40.5,40.58,38607535
2021-07-19 04:00:00+00:00,39.2,39.71,38.6,39.15,58373065
2021-07-20 04:00:00+00:00,39.16,40.09,38.83,39.67,42142510
2021-07-21 04:00:00+00:00,40.46,41.39,40.36,41.06,41021322
2021-07-22 04:00:00+00:00,41.02,41.02,40.25,40.6,23798352
2021-07-23 04:00:00+00:00,40.73,40.75,40.04,40.45,23771707
2021-07-26 04:00:00+00:00,40.55,41.62,40.47,41.45,23865072
2021-07-27 04:00:00+00:00,41.12,41.19,40.58,41.07,23937091
2021-07-28 04:00:00+00:00,41.17,41.78,40.8,41.44,20803494
2021-07-29 04:00:00+00:00,41.97,42.16,41.59,41.84,22260858
2021-07-30 04:00:00+00:00,41.76,41.93,40.92,41.17,25412734
2021-08-02 04:00:00+00:00,41.2,42.2,40.8,40.87,29351831
2021-08-03 04:00:00+00:00,40.73,41.65,40.35,41.57,32696451
2021-08-04 04:00:00+00:00,40.82,41.32,40.38,40.44,34460947
2021-08-05 04:00:00+00:00,40.69,41.4,40.51,40.9,22899994
2021-08-06 04:00:00+00:00,41.25,41.6,41.05,41.27,18378908
2021-08-09 04:00:00+00:00,40.72,41.02,40.41,40.69,21347041
2021-08-10 04:00:00+00:00,40.91,41.52,40.86,41.41,26903181
2021-08-11 04:00:00+00:00,41.3,41.8,41.04,41.73,24022460
2021-08-12 04:00:00+00:00,41.7,41.92,41.18,41.69,18822102
2021-08-13 04:00:00+00:00,41.72,41.72,41.1,41.2,17203104
2021-08-16 04:00:00+00:00,40.64,40.66,40.08,40.44,24571561
2021-08-17 04:00:00+00:00,40.05,40.67,39.66,40.02,25919325
2021-08-18 04:00:00+00:00,40.01,40.33,39.14,39.19,28439619
2021-08-19 04:00:00+00:00,38.51,38.76,37.63,38.17,49628129
2021-08-20 04:00:00+00:00,37.82,38.49,37.66,38.26,31199487
2021-08-23 04:00:00+00:00,39.18,39.8,39.1,39.69,28879722
2021-08-24 04:00:00+00:00,40.02,40.55,39.96,40.35,23297210
2021-08-25 04:00:00+00:00,40.26,40.88,40.0,40.66,20183314
2021-08-26 04:00:00+00:00,40.42,40.65,39.97,40.04,20732666
2021-08-27 04:00:00+00:00,40.54,41.38,40.45,41.11,23097296
2021-08-30 04:00:00+00:00,41.27,41.42,40.61,40.62,15908886
2021-08-31 04:00:00+00:00,40.42,40.79,40.25,40.35,29734819
2021-09-01 04:00:00+00:00,40.31,40.54,39.61,39.76,33047233
2021-09-02 04:00:00+00:00,40.12,41.09,40.12,40.77,31315464
2021-09-03 04:00:00+00:00,40.68,40.98,40.34,40.53,20328066
2021-09-07 04:00:00+00:00,40.34,40.84,40.14,40.29,23711822
2021-09-08 04:00:00+00:00,40.51,40.78,39.75,39.77,21899152
2021-09-09 04:00:00+00:00,39.51,40.48,39.29,39.86,25264757
2021-09-10 04:00:00+00:00,40.47,40.56,39.71,39.84,19173397
2021-09-13 04:00:00+00:00,40.36,41.26,40.36,40.98,34731204
2021-09-14 04:00:00+00:00,41.35,41.42,40.21,40.39,30758734
2021-09-15 04:00:00+00:00,40.97,41.93,40.9,41.9,40262032
2021-09-16 04:00:00+00:00,41.86,41.87,41.19,41.42,30619107
2021-09-17 04:00:00+00:00,41.22,41.87,41.01,41.12,32270977
2021-09-20 04:00:00+00:00,40.12,40.34,39.21,39.86,46005035
2021-09-21 04:00:00+00:00,40.33,40.54,39.53,39.95,25661747
2021-09-22 04:00:00+00:00,40.63,41.67,40.63,41.18,40113903
2021-09-23 04:00:00+00:00,41.41,42.75,41.22,42.63,25172007
2021-09-24 04:00:00+00:00,42.4,43.17,42.31,42.95,27748865
2021-09-27 04:00:00+00:00,43.89,44.65,43.83,44.47,41514337
2021-09-28 04:00:00+00:00,44.9,45.42,44.53,44.63,66487649
2021-09-29 04:00:00+00:00,44.58,44.91,44.04,44.63,35672049
2021-09-30 04:00:00+00:00,44.5,44.74,43.95,43.95,44599425
2021-10-01 04:00:00+00:00,44.27,45.47,44.27,45.43,42162150
2021-10-04 04:00:00+00:00,45.91,46.67,45.7,46.17,57953436
2021-10-05 04:00:00+00:00,46.83,47.29,45.96,46.44,49464335
2021-10-06 04:00:00+00:00,45.67,46.2,45.14,45.95,50388760
2021-10-07 04:00:00+00:00,46.07,46.56,45.84,46.31,38988438
2021-10-08 04:00:00+00:00,46.8,47.84,46.69,47.73,43083034
2021-10-11 04:00:00+00:00,48.45,48.59,47.51,47.55,43467301
2021-10-12 04:00:00+00:00,47.46,48.05,47.27,47.6,35937003
2021-10-13 04:00:00+00:00,47.25,47.8,46.72,47.55,29400430
2021-10-14 04:00:00+00:00,48.09,48.34,47.66,48.14,23396112
2021-10-15 04:00:00+00:00,48.68,48.86,48.35,48.37,22672838
2021-10-18 04:00:00+00:00,48.85,49.12,48.14,48.41,32628772
2021-10-19 04:00:00+00:00,48.61,49.12,48.34,48.96,22404732
2021-10-20 04:00:00+00:00,48.58,49.36,48.39,49.35,25230846
2021-10-21 04:00:00+00:00,48.97,49.15,48.04,48.44,32228604
2021-10-22 04:00:00+00:00,48.62,48.93,48.16,48.9,21948459
2021-10-25 04:00:00+00:00,49.5,49.88,49.23,49.61,25280069
2021-10-26 04:00:00+00:00,49.78,50.13,49.6,49.9,23466815
2021-10-27 04:00:00+00:00,49.36,49.63,48.36,48.47,34221281
2021-10-28 04:00:00+00:00,48.2,48.85,48.2,48.81,25484381
2021-10-29 04:00:00+00:00,49.06,49.17,48.29,48.49,22309376
2021-11-01 04:00:00+00:00,48.97,49.46,48.84,49.33,24933140
2021-11-02 04:00:00+00:00,49.04,49.42,48.7,48.86,17450725
2021-11-03 04:00:00+00:00,48.27,48.96,48.07,48.46,23910959
2021-11-04 04:00:00+00:00,49.17,49.3,48.09,48.53,39403226
2021-11-05 04:00:00+00:00,49.19,49.38,48.75,49.16,23221618
2021-11-08 05:00:00+00:00,49.57,50.12,49.33,49.61,20472317
2021-11-09 05:00:00+00:00,49.66,49.82,48.96,49.81,20142247
2021-11-10 05:00:00+00:00,49.6,49.76,48.2,48.49,36082766
2021-11-11 05:00:00+00:00,48.53,49.01,48.53,48.68,24869812
2021-11-12 05:00:00+00:00,48.47,48.75,48.26,48.56,17664061
2021-11-15 05:00:00+00:00,48.52,49.25,48.1,48.96,23117353
2021-11-16 05:00:00+00:00,49.11,49.44,48.8,49.04,21118688
2021-11-17 05:00:00+00:00,48.56,49.26,48.12,48.29,24363445
2021-11-18 05:00:00+00:00,48.18,48.55,47.42,48.0,29458735
2021-11-19 05:00:00+00:00,46.96,47.09,46.03,46.13,46823265
2021-11-22 05:00:00+00:00,46.06,47.66,46.05,46.95,34472994
2021-11-23 05:00:00+00:00,47.56,48.55,47.52,48.39,34547905
2021-11-24 05:00:00+00:00,48.14,49.14,48.07,48.86,22010438
2021-11-26 05:00:00+00:00,46.44,47.05,45.68,46.9,45746674
2021-11-29 05:00:00+00:00,47.92,48.4,47.01,47.17,37458163
2021-11-30 05:00:00+00:00,46.28,46.98,45.83,46.06,47188192
2021-12-01 05:00:00+00:00,47.14,47.57,45.55,45.57,45268841
2021-12-02 05:00:00+00:00,45.6,47.07,45.06,46.9,51183314
2021-12-03 05:00:00+00:00,47.53,47.74,46.08,46.53,38697029
2021-12-06 05:00:00+00:00,47.24,47.77,46.66,47.22,32689872
2021-12-07 05:00:00+00:00,47.88,48.78,47.82,48.32,40080609
2021-12-08 05:00:00+00:00,48.59,48.83,48.21,48.31,23650169
2021-12-09 05:00:00+00:00,48.01,48.14,47.65,47.94,23900415
2021-12-10 05:00:00+00:00,48.46,48.49,47.44,48.3,19585597
2021-12-13 05:00:00+00:00,47.87,48.01,46.73,46.96,29211619
2021-12-14 05:00:00+00:00,46.67,47.48,46.6,46.76,29499136
2021-12-15 05:00:00+00:00,46.69,46.81,45.5,46.53,34312044
2021-12-16 05:00:00+00:00,46.94,47.79,46.75,46.83,27010963
2021-12-17 05:00:00+00:00,46.49,46.7,45.46,45.88,35343777
2021-12-20 05:00:00+00:00,44.64,45.34,44.15,45.31,40104757
2021-12-21 05:00:00+00:00,45.77,46.76,45.75,46.6,26235907
2021-12-22 05:00:00+00:00,46.65,47.21,46.09,46.9,22203897
2021-12-23 05:00:00+00:00,47.1,47.57,46.91,46.92,17192717
2021-12-27 05:00:00+00:00,46.77,47.99,46.38,47.95,23238113
2021-12-28 05:00:00+00:00,48.07,48.38,47.65,47.91,18261789
2021-12-29 05:00:00+00:00,47.84,48.07,47.38,47.61,15354706
2021-12-30 05:00:00+00:00,47.62,48.0,47.27,47.32,13875305
2021-12-31 05:00:00+00:00,47.2,47.68,47.12,47.44,13491225
2022-01-03 05:00:00+00:00,47.5,48.98,47.48,48.91,34322437
2022-01-04 05:00:00+00:00,49.57,50.79,49.41,50.6,40619637
2022-01-05 05:00:00+00:00,51.09,51.66,50.51,50.59,45609470
2022-01-06 05:00:00+00:00,51.78,52.0,50.99,51.72,38042824
2022-01-07 05:00:00+00:00,51.91,52.56,51.56,52.43,36231189
2022-01-10 05:00:00+00:00,52.55,52.65,51.58,52.26,33862786
2022-01-11 05:00:00+00:00,52.72,54.14,52.27,54.04,39150228
2022-01-12 05:00:00+00:00,54.33,54.47,53.75,54.14,30490465
2022-01-13 05:00:00+00:00,54.14,54.58,53.65,53.87,30125037
2022-01-14 05:00:00+00:00,53.92,55.23,53.89,55.14,32979178
2022-01-18 05:00:00+00:00,55.73,56.01,54.51,55.36,41500913
2022-01-19 05:00:00+00:00,55.79,55.85,54.52,54.96,33157076
2022-01-20 05:00:00+00:00,54.6,55.91,54.34,54.45,42326699
2022-01-21 05:00:00+00:00,53.84,54.18,52.81,53.38,59066985
2022-01-24 05:00:00+00:00,52.11,53.92,51.14,53.73,63049817
2022-01-25 05:00:00+00:00,53.53,56.03,52.54,55.82,59811072
2022-01-26 05:00:00+00:00,56.41,56.86,55.12,55.73,65648665
2022-01-27 05:00:00+00:00,56.71,57.32,55.4,56.33,56608015
2022-01-28 05:00:00+00:00,55.96,56.64,54.92,56.09,53059362
2022-01-31 05:00:00+00:00,55.97,56.7,55.08,56.34,32452117
2022-02-01 05:00:00+00:00,56.01,58.49,55.88,58.35,46218586
2022-02-02 05:00:00+00:00,58.05,58.65,57.33,58.54,33311177
2022-02-03 05:00:00+00:00,58.3,58.42,57.35,57.98,31113639
2022-02-04 05:00:00+00:00,58.72,59.83,58.58,58.89,41018864
2022-02-07 05:00:00+00:00,58.61,60.2,58.16,59.64,33229558
2022-02-08 05:00:00+00:00,59.46,59.58,57.95,58.36,38392338
2022-02-09 05:00:00+00:00,58.5,59.3,58.35,58.85,35584941
2022-02-10 05:00:00+00:00,58.56,59.61,58.09,58.48,37932662
2022-02-11 05:00:00+00:00,58.87,60.26,58.5,60.18,46582929
2022-02-14 05:00:00+00:00,59.81,59.88,58.06,58.76,50146710
2022-02-15 05:00:00+00:00,57.32,58.28,56.99,58.14,44072160
2022-02-16 05:00:00+00:00,58.61,59.63,58.26,58.61,36869646
2022-02-17 05:00:00+00:00,58.56,59.13,58.07,58.52,33918324
2022-02-18 05:00:00+00:00,57.69,58.62,57.6,58.16,31789201
2022-02-22 05:00:00+00:00,59.92,59.92,56.36,57.22,46841519
2022-02-23 05:00:00+00:00,57.56,58.26,57.22,57.83,34223260
2022-02-24 05:00:00+00:00,59.04,59.11,55.86,57.36,64155375
2022-02-25 05:00:00+00:00,57.49,58.93,57.49,58.87,39381371
2022-02-28 05:00:00+00:00,58.45,60.39,58.13,60.32,48420696
2022-03-01 05:00:00+00:00,60.86,61.96,60.08,60.93,62339088
2022-03-02 05:00:00+00:00,61.86,62.82,61.56,62.32,45632746
2022-03-03 05:00:00+00:00,61.72,62.92,61.59,62.5,44772292
2022-03-04 05:00:00+00:00,62.49,64.33,62.32,64.3,53104392
2022-03-07 05:00:00+00:00,64.97,66.29,63.79,65.25,66166763
2022-03-08 05:00:00+00:00,66.73,68.56,64.38,66.27,98476817
2022-03-09 05:00:00+00:00,63.85,65.76,62.82,64.25,87388116
2022-03-10 05:00:00+00:00,65.01,66.38,64.55,66.21,69158285
2022-03-11 05:00:00+00:00,65.15,66.5,65.05,65.68,46082647
2022-03-14 04:00:00+00:00,64.28,64.73,62.86,63.72,50949034
2022-03-15 04:00:00+00:00,61.25,62.09,60.2,61.38,62862514
2022-03-16 04:00:00+00:00,61.61,62.15,60.46,61.1,53948518
2022-03-17 04:00:00+00:00,62.19,63.36,61.8,63.2,38653241
2022-03-18 04:00:00+00:00,63.09,63.57,62.67,63.14,29354882
2022-03-21 04:00:00+00:00,64.42,65.9,64.39,65.69,34550418
2022-03-22 04:00:00+00:00,65.41,65.78,64.46,65.21,34479984
2022-03-23 04:00:00+00:00,66.43,66.94,66.11,66.33,29448498
2022-03-24 04:00:00+00:00,66.58,67.15,66.05,66.49,26915099
2022-03-25 04:00:00+00:00,66.1,68.04,66.04,67.95,28276590
2022-03-28 04:00:00+00:00,66.55,66.58,65.84,66.29,35510870
2022-03-29 04:00:00+00:00,64.78,66.13,64.02,66.1,37755038
2022-03-30 04:00:00+00:00,66.73,67.34,66.32,66.86,25375014
2022-03-31 04:00:00+00:00,66.23,67.48,65.95,65.96,33265875
2022-04-01 04:00:00+00:00,65.87,67.11,65.83,66.49,25063096
2022-04-04 04:00:00+00:00,66.92,67.14,65.87,66.58,23397112
2022-04-05 04:00:00+00:00,66.7,67.73,65.46,65.53,27810395
2022-04-06 04:00:00+00:00,66.25,66.85,65.56,65.92,32282315
2022-04-07 04:00:00+00:00,66.23,67.01,65.01,66.79,27244582
2022-04-08 04:00:00+00:00,66.97,68.81,66.97,68.62,26969244
2022-04-11 04:00:00+00:00,67.89,67.91,66.41,66.56,26693860
2022-04-12 04:00:00+00:00,67.91,68.9,67.53,67.67,32246267
2022-04-13 04:00:00+00:00,68.49,68.87,67.36,68.68,24886944
2022-04-14 04:00:00+00:00,68.35,69.44,68.24,68.9,26357018
2022-04-18 04:00:00+00:00,69.47,70.32,69.04,69.91,34635595
2022-04-19 04:00:00+00:00,69.55,70.23,68.93,69.34,23325695
2022-04-20 04:00:00+00:00,69.52,69.98,68.85,69.61,26373260
2022-04-21 04:00:00+00:00,70.02,70.33,67.14,67.4,32982648
2022-04-22 04:00:00+00:00,67.13,68.09,65.72,65.75,35825108
2022-04-25 04:00:00+00:00,63.68,63.92,61.26,63.58,55920369
2022-04-26 04:00:00+00:00,64.05,65.41,63.5,63.66,44925306
2022-04-27 04:00:00+00:00,64.07,65.22,62.92,64.59,44895715
2022-04-28 04:00:00+00:00,65.03,67.1,63.75,66.55,46192567
2022-04-29 04:00:00+00:00,66.7,67.08,64.61,64.84,39726008
2022-05-02 04:00:00+00:00,64.45,65.91,64.25,65.88,52748884
2022-05-03 04:00:00+00:00,66.0,68.04,65.96,67.73,42594182
2022-05-04 04:00:00+00:00,69.03,70.68,68.15,70.54,46094863
2022-05-05 04:00:00+00:00,71.04,71.11,68.06,69.48,46596959
2022-05-06 04:00:00+00:00,70.38,71.56,68.96,71.55,47509601
2022-05-09 04:00:00+00:00,70.01,70.07,65.36,65.63,53192180
2022-05-10 04:00:00+00:00,66.64,67.9,64.83,66.23,57382259
2022-05-11 04:00:00+00:00,67.33,69.31,67.0,67.11,50240072
2022-05-12 04:00:00+00:00,67.09,67.43,65.3,67.4,45393066
2022-05-13 04:00:00+00:00,68.4,69.98,68.28,69.7,29796961
2022-05-16 04:00:00+00:00,69.95,72.27,69.91,71.54,28583187
2022-05-17 04:00:00+00:00,72.51,72.81,71.72,72.37,28536901
2022-05-18 04:00:00+00:00,72.89,72.97,69.66,70.51,33542069
2022-05-19 04:00:00+00:00,68.91,71.44,68.91,70.25,36056848
2022-05-20 04:00:00+00:00,71.12,71.96,69.14,70.56,32830192
2022-05-23 04:00:00+00:00,71.39,72.67,70.95,72.42,27170980
2022-05-24 04:00:00+00:00,71.62,73.0,71.07,72.7,26862220
2022-05-25 04:00:00+00:00,72.95,74.3,72.84,74.2,26627225
2022-05-26 04:00:00+00:00,74.65,75.57,74.6,75.02,21921193
2022-05-27 04:00:00+00:00,74.68,76.6,74.5,76.39,19020363
2022-05-31 04:00:00+00:00,77.65,78.06,74.84,75.24,39676151
2022-06-01 04:00:00+00:00,76.19,77.02,75.35,76.47,30386101
2022-06-02 04:00:00+00:00,75.93,76.76,75.47,76.23,26702916
2022-06-03 04:00:00+00:00,76.32,77.48,76.23,77.24,20586135
2022-06-06 04:00:00+00:00,77.61,77.66,76.73,77.15,17124973
2022-06-07 04:00:00+00:00,77.1,79.56,77.04,79.45,26656531
2022-06-08 04:00:00+00:00,79.84,80.51,79.13,79.63,28797589
2022-06-09 04:00:00+00:00,78.94,79.44,77.78,77.87,25328000
2022-06-10 04:00:00+00:00,76.97,78.12,75.66,76.55,31826971
2022-06-13 04:00:00+00:00,74.22,74.3,71.11,72.55,45522950
2022-06-14 04:00:00+00:00,74.01,74.96,71.74,72.69,35356071
2022-06-15 04:00:00+00:00,72.52,72.89,69.88,71.08,43791975
2022-06-16 04:00:00+00:00,69.19,69.57,66.5,67.08,58917902
2022-06-17 04:00:00+00:00,66.61,67.11,62.64,63.41,65396146
2022-06-21 04:00:00+00:00,65.1,67.15,64.99,66.7,35968364
2022-06-22 04:00:00+00:00,63.49,65.15,63.13,64.03,42148092
2022-06-23 04:00:00+00:00,64.33,64.8,60.62,61.65,58143816
2022-06-24 04:00:00+00:00,62.71,63.79,61.8,62.47,47595255
2022-06-27 04:00:00+00:00,63.19,64.74,63.11,64.3,34364592
2022-06-28 04:00:00+00:00,65.82,67.1,65.04,66.03,41010817
2022-06-29 04:00:00+00:00,66.95,67.18,63.56,63.74,36092580
2022-06-30 04:00:00+00:00,62.37,64.01,61.84,62.4,38621151
2022-07-01 04:00:00+00:00,63.15,63.6,61.19,63.33,35220133
2022-07-05 04:00:00+00:00,62.02,62.31,59.5,60.82,45505159
2022-07-06 04:00:00+00:00,60.16,61.24,57.98,59.78,48850514
2022-07-07 04:00:00+00:00,61.4,62.42,61.25,61.93,34367185
2022-07-08 04:00:00+00:00,62.68,62.95,61.04,61.91,22241426
2022-07-11 04:00:00+00:00,61.13,61.83,60.49,61.31,23228886
2022-07-12 04:00:00+00:00,59.71,60.47,59.04,60.12,32901605
2022-07-13 04:00:00+00:00,59.25,61.28,59.25,60.02,29806778
2022-07-14 04:00:00+00:00,57.92,58.96,57.13,58.89,37136084
2022-07-15 04:00:00+00:00,60.17,60.23,58.96,59.85,33357856
2022-07-18 04:00:00+00:00,61.44,62.23,60.93,61.22,26162775
2022-07-19 04:00:00+00:00,61.13,63.26,61.11,63.1,24687694
2022-07-20 04:00:00+00:00,62.4,64.0,62.14,63.71,21260502
2022-07-21 04:00:00+00:00,61.97,62.66,60.78,62.6,22015694
2022-07-22 04:00:00+00:00,62.84,63.46,61.72,62.08,20739781
2022-07-25 04:00:00+00:00,62.94,64.42,62.19,64.36,19841591
2022-07-26 04:00:00+00:00,65.13,65.41,63.34,63.77,18943005
2022-07-27 04:00:00+00:00,64.18,65.54,63.53,65.21,23214791
2022-07-28 04:00:00+00:00,65.8,66.25,64.37,65.52,25580672
2022-07-29 04:00:00+00:00,66.78,68.63,66.64,68.42,26627382
2022-08-01 04:00:00+00:00,67.26,67.43,66.11,67.01,26713522
2022-08-02 04:00:00+00:00,67.02,67.53,66.26,66.85,20219144
2022-08-03 04:00:00+00:00,67.14,67.33,64.53,64.93,28781299
2022-08-04 04:00:00+00:00,64.49,64.67,62.29,62.53,28411965
2022-08-05 04:00:00+00:00,61.68,64.32,61.68,63.77,22993216
2022-08-08 04:00:00+00:00,63.7,64.67,63.6,64.1,19255174
2022-08-09 04:00:00+00:00,65.0,66.05,64.89,65.22,17576196
2022-08-10 04:00:00+00:00,65.37,66.06,64.08,65.69,17594869
2022-08-11 04:00:00+00:00,66.92,68.53,66.72,67.95,30707471
2022-08-12 04:00:00+00:00,67.51,68.5,67.22,68.47,19658915
2022-08-15 04:00:00+00:00,65.99,67.5,65.39,67.13,21464127
2022-08-16 04:00:00+00:00,67.23,67.94,66.55,66.98,19930178
2022-08-17 04:00:00+00:00,66.67,68.23,66.5,67.53,23118910
2022-08-18 04:00:00+00:00,68.29,69.42,68.16,69.35,24023142
2022-08-19 04:00:00+00:00,69.18,69.81,68.77,69.33,20148409
2022-08-22 04:00:00+00:00,68.74,69.63,67.6,69.2,23168869
2022-08-23 04:00:00+00:00,70.34,72.24,70.28,71.7,27891156
2022-08-24 04:00:00+00:00,71.71,72.68,71.38,72.58,24863842
2022-08-25 04:00:00+00:00,73.0,73.5,72.43,73.14,20541779
2022-08-26 04:00:00+00:00,72.99,73.78,71.96,72.28,19760347
2022-08-29 04:00:00+00:00,72.25,74.32,72.06,73.37,26504666
2022-08-30 04:00:00+00:00,72.12,72.13,70.3,70.89,29446314
2022-08-31 04:00:00+00:00,69.13,71.41,68.88,70.24,29826379
2022-09-01 04:00:00+00:00,69.2,69.46,67.55,68.51,28862969
2022-09-02 04:00:00+00:00,70.2,70.69,69.39,69.77,30610819
2022-09-06 04:00:00+00:00,70.42,70.66,68.84,69.12,23236931
2022-09-07 04:00:00+00:00,67.61,68.62,66.99,68.32,30724501
2022-09-08 04:00:00+00:00,68.63,68.96,67.79,68.62,27082685
2022-09-09 04:00:00+00:00,69.85,70.67,69.33,70.33,19870218
2022-09-12 04:00:00+00:00,71.36,72.4,70.75,71.62,21224698
2022-09-13 04:00:00+00:00,70.5,71.71,69.5,69.81,31188128
2022-09-14 04:00:00+00:00,70.47,72.29,70.47,71.78,27636311
2022-09-15 04:00:00+00:00,70.51,70.81,69.59,69.93,28380841
2022-09-16 04:00:00+00:00,69.72,69.77,67.45,68.44,36001679
2022-09-19 04:00:00+00:00,66.56,68.53,66.4,68.48,19196366
2022-09-20 04:00:00+00:00,68.01,68.4,67.2,68.01,23028944
2022-09-21 04:00:00+00:00,69.29,69.38,66.98,67.01,34953298
2022-09-22 04:00:00+00:00,68.23,68.45,66.72,66.77,29398086
2022-09-23 04:00:00+00:00,64.18,64.3,61.69,62.17,52956612
2022-09-26 04:00:00+00:00,61.78,62.56,60.56,60.64,38582997
2022-09-27 04:00:00+00:00,61.69,62.46,60.98,61.32,34382450
2022-09-28 04:00:00+00:00,61.94,64.39,61.57,64.04,33168079
2022-09-29 04:00:00+00:00,63.57,64.17,62.45,64.04,24871965
2022-09-30 04:00:00+00:00,63.53,64.41,62.91,63.53,22195583
2022-10-03 04:00:00+00:00,65.81,67.47,65.7,67.12,36233450
2022-10-04 04:00:00+00:00,68.47,70.06,67.94,70.0,33885028
2022-10-05 04:00:00+00:00,69.97,72.0,69.37,71.45,31320949
2022-10-06 04:00:00+00:00,70.86,72.94,70.81,72.72,26685515
2022-10-07 04:00:00+00:00,72.87,73.69,71.63,72.15,28948356
2022-10-10 04:00:00+00:00,72.43,73.05,70.44,70.67,23547013
2022-10-11 04:00:00+00:00,69.35,71.31,69.06,70.11,27351383
2022-10-12 04:00:00+00:00,69.65,71.16,69.19,70.67,20941119
2022-10-13 04:00:00+00:00,69.74,73.84,69.73,73.56,35660304
2022-10-14 04:00:00+00:00,72.75,73.8,70.67,70.81,27362073
2022-10-17 04:00:00+00:00,71.92,72.88,71.49,71.69,19362018
2022-10-18 04:00:00+00:00,72.28,72.99,70.93,72.32,25588961
2022-10-19 04:00:00+00:00,72.53,74.73,72.51,74.45,31871928
2022-10-20 04:00:00+00:00,75.02,75.71,74.08,74.53,25768069
2022-10-21 04:00:00+00:00,74.94,76.83,74.75,76.68,25737426
2022-10-24 04:00:00+00:00,76.63,77.58,76.22,77.04,22983511
2022-10-25 04:00:00+00:00,76.74,77.47,76.32,77.12,19202838
2022-10-26 04:00:00+00:00,77.41,78.79,77.36,78.17,23133425
2022-10-27 04:00:00+00:00,79.24,79.77,78.21,78.45,25355387
2022-10-28 04:00:00+00:00,79.3,79.94,77.31,78.72,25003942
2022-10-31 04:00:00+00:00,77.95,80.43,77.86,79.39,30096683
2022-11-01 04:00:00+00:00,80.72,80.75,79.67,80.15,22173960
2022-11-02 04:00:00+00:00,79.9,80.31,78.04,78.22,28543237
2022-11-03 04:00:00+00:00,77.74,80.11,77.52,79.67,27078147
2022-11-04 04:00:00+00:00,81.44,82.05,79.51,80.64,30674982
2022-11-07 05:00:00+00:00,80.81,82.28,80.66,82.02,19387719
2022-11-08 05:00:00+00:00,81.86,82.46,81.09,82.1,21859253
2022-11-09 05:00:00+00:00,80.99,81.25,77.91,78.09,31513956
2022-11-10 05:00:00+00:00,79.7,79.91,78.06,79.83,29244107
2022-11-11 05:00:00+00:00,81.35,82.57,81.16,82.15,25528767
2022-11-14 05:00:00+00:00,81.91,83.54,81.9,82.12,23122640
2022-11-15 05:00:00+00:00,82.43,83.2,81.89,82.98,25771076
2022-11-16 05:00:00+00:00,82.24,82.75,80.87,81.29,23638603
2022-11-17 05:00:00+00:00,80.05,81.54,79.63,81.47,21429904
2022-11-18 05:00:00+00:00,79.96,81.04,78.95,80.82,23667480
2022-11-21 05:00:00+00:00,79.07,79.94,76.99,79.73,42576772
2022-11-22 05:00:00+00:00,80.73,82.41,80.36,82.23,26877457
2022-11-23 05:00:00+00:00,80.74,81.85,80.44,81.33,20598650
2022-11-25 05:00:00+00:00,81.39,81.96,80.89,81.03,7591311
2022-11-28 05:00:00+00:00,79.05,80.05,78.55,78.81,29150244
2022-11-29 05:00:00+00:00,79.69,80.47,79.39,80.0,19024193
2022-11-30 05:00:00+00:00,80.89,81.05,79.13,80.4,21915127
2022-12-01 05:00:00+00:00,80.96,81.37,79.86,80.14,19451019
2022-12-02 05:00:00+00:00,79.58,80.6,79.19,79.66,18375278
2022-12-05 05:00:00+00:00,80.44,80.76,76.63,77.3,25876919
2022-12-06 05:00:00+00:00,76.81,77.74,74.74,75.26,32465110
2022-12-07 05:00:00+00:00,75.24,76.23,74.42,75.08,24447088
2022-12-08 05:00:00+00:00,76.77,76.93,74.33,74.75,25640362
2022-12-09 05:00:00+00:00,74.51,75.33,72.9,72.93,24039516
2022-12-12 05:00:00+00:00,73.34,75.02,73.06,74.84,21092424
2022-12-13 05:00:00+00:00,76.3,76.9,75.66,76.26,27278688
2022-12-14 05:00:00+00:00,76.78,77.06,75.12,75.8,26337755
2022-12-15 05:00:00+00:00,75.13,75.51,74.06,75.34,20207545
2022-12-16 05:00:00+00:00,73.92,74.76,73.4,74.41,29545986
2022-12-19 05:00:00+00:00,75.19,75.44,73.86,74.4,18418305
2022-12-20 05:00:00+00:00,74.63,76.01,74.34,75.52,14296507
2022-12-21 05:00:00+00:00,77.07,77.31,75.93,76.96,17029113
2022-12-22 05:00:00+00:00,77.04,77.08,73.68,75.19,18679664
2022-12-23 05:00:00+00:00,76.18,77.6,75.79,77.58,14802943
2022-12-27 05:00:00+00:00,77.92,78.74,77.64,78.41,16374639
2022-12-28 05:00:00+00:00,78.3,78.3,76.42,76.66,15918974
2022-12-29 05:00:00+00:00,76.34,77.81,76.3,77.46,13457907
2022-12-30 05:00:00+00:00,77.05,78.1,77.04,77.95,11328376
2023-01-03 05:00:00+00:00,77.46,77.85,74.28,75.21,26541416
2023-01-04 05:00:00+00:00,74.1,75.64,73.81,75.2,22852575
2023-01-05 05:00:00+00:00,75.08,76.99,74.86,76.58,19361852
2023-01-06 05:00:00+00:00,77.56,78.98,77.37,78.03,22204982
2023-01-09 05:00:00+00:00,79.2,79.33,77.5,77.75,23001610
2023-01-10 05:00:00+00:00,78.26,78.47,77.07,78.3,15799501
2023-01-11 05:00:00+00:00,78.99,79.19,77.69,78.55,16451492
2023-01-12 05:00:00+00:00,79.02,80.56,78.87,80.04,18358035
2023-01-13 05:00:00+00:00,79.98,80.35,79.13,80.16,15901589
2023-01-17 05:00:00+00:00,80.35,81.17,80.0,80.33,16966599
2023-01-18 05:00:00+00:00,80.7,81.6,78.78,78.86,19037646
2023-01-19 05:00:00+00:00,78.4,80.16,78.23,79.84,17146862
2023-01-20 05:00:00+00:00,80.01,80.91,79.2,80.63,14023610
2023-01-23 05:00:00+00:00,81.22,81.62,80.48,80.74,14652544
2023-01-24 05:00:00+00:00,80.47,80.61,78.83,80.43,14886444
2023-01-25 05:00:00+00:00,80.03,80.43,78.76,80.43,13430617
2023-01-26 05:00:00+00:00,81.74,83.01,80.74,82.97,18331505
2023-01-27 05:00:00+00:00,82.53,82.94,81.17,81.3,17393300
2023-01-30 05:00:00+00:00,80.71,80.83,79.32,79.44,13762454
2023-01-31 05:00:00+00:00,79.17,80.26,78.36,80.14,13924137
2023-02-01 05:00:00+00:00,79.77,80.1,77.53,78.56,23483596
2023-02-02 05:00:00+00:00,78.26,78.41,75.93,76.77,24901506
2023-02-03 05:00:00+00:00,77.09,78.34,76.52,76.6,22725235
2023-02-06 05:00:00+00:00,76.67,77.25,75.31,76.26,15857170
2023-02-07 05:00:00+00:00,76.74,78.85,76.34,78.73,20507016
2023-02-08 05:00:00+00:00,78.67,79.07,77.58,78.03,13483580
2023-02-09 05:00:00+00:00,78.04,78.29,77.3,77.36,16075156
2023-02-10 05:00:00+00:00,78.64,80.55,78.57,80.39,19987910
2023-02-13 05:00:00+00:00,79.98,80.49,79.15,80.18,12372446
2023-02-14 05:00:00+00:00,79.55,80.8,79.33,80.21,13511305
2023-02-15 05:00:00+00:00,79.31,79.48,77.84,78.85,15972123
2023-02-16 05:00:00+00:00,78.42,79.09,77.99,78.07,12657087
2023-02-17 05:00:00+00:00,76.86,76.91,74.96,75.29,22319119
2023-02-21 05:00:00+00:00,74.96,75.78,74.78,74.92,16811279
2023-02-22 05:00:00+00:00,74.71,75.42,73.78,74.42,20135213
2023-02-23 05:00:00+00:00,75.54,75.98,74.58,75.54,17511674
2023-02-24 05:00:00+00:00,74.43,75.55,74.0,75.44,18745831
2023-02-27 05:00:00+00:00,75.6,75.99,75.04,75.67,15338191
2023-02-28 05:00:00+00:00,76.43,76.46,74.52,74.58,19003820
2023-03-01 05:00:00+00:00,74.64,76.43,74.37,76.05,18546968
2023-03-02 05:00:00+00:00,75.92,77.0,75.68,76.72,16402487
2023-03-03 05:00:00+00:00,75.8,78.14,75.75,77.76,25323481
2023-03-06 05:00:00+00:00,77.33,77.92,77.02,77.8,16949157
2023-03-07 05:00:00+00:00,77.33,77.53,76.24,76.44,18500179
2023-03-08 05:00:00+00:00,76.1,77.07,74.93,75.66,19699517
2023-03-09 05:00:00+00:00,76.09,77.16,74.57,74.59,18944056
2023-03-10 05:00:00+00:00,74.59,75.64,73.21,73.64,28307937
2023-03-13 04:00:00+00:00,71.75,73.43,70.5,72.14,41663313
2023-03-14 04:00:00+00:00,72.13,74.47,71.56,72.85,30533190
2023-03-15 04:00:00+00:00,70.18,70.71,67.94,68.94,57673510
2023-03-16 04:00:00+00:00,67.42,69.87,67.15,69.69,44401829
2023-03-17 04:00:00+00:00,69.29,69.86,68.03,68.59,33770695
2023-03-20 04:00:00+00:00,68.52,70.41,68.52,69.96,26144360
2023-03-21 04:00:00+00:00,71.41,72.61,71.19,72.39,29856229
2023-03-22 04:00:00+00:00,72.43,72.77,70.79,70.85,24604696
2023-03-23 04:00:00+00:00,71.23,71.85,69.19,69.87,24743111
2023-03-24 04:00:00+00:00,68.48,70.41,68.26,70.14,20649008
2023-03-27 04:00:00+00:00,70.87,72.04,70.31,71.63,20111926
2023-03-28 04:00:00+00:00,71.23,73.05,71.2,72.74,16298354
2023-03-29 04:00:00+00:00,73.46,73.82,72.98,73.75,18102274
2023-03-30 04:00:00+00:00,74.36,74.47,73.64,74.07,13730400
2023-03-31 04:00:00+00:00,74.26,74.71,73.99,74.58,16146074
2023-04-03 04:00:00+00:00,77.73,78.46,77.32,77.96,31226124
2023-04-04 04:00:00+00:00,78.19,78.29,75.86,76.55,24681487
2023-04-05 04:00:00+00:00,76.74,77.7,76.1,77.7,20276134
2023-04-06 04:00:00+00:00,77.58,77.66,76.36,76.52,16689270
2023-04-10 04:00:00+00:00,76.81,78.01,76.81,77.13,13488647
2023-04-11 04:00:00+00:00,77.56,78.35,77.12,77.86,12787580
2023-04-12 04:00:00+00:00,78.4,78.56,77.68,77.92,16667178
2023-04-13 04:00:00+00:00,77.8,78.6,77.61,78.4,15692262
2023-04-14 04:00:00+00:00,78.51,79.0,78.09,78.55,11775619
2023-04-17 04:00:00+00:00,78.28,78.61,77.35,77.62,11880993
2023-04-18 04:00:00+00:00,77.44,78.12,77.05,77.92,12246759
2023-04-19 04:00:00+00:00,77.22,77.72,76.8,77.65,17123070
2023-04-20 04:00:00+00:00,76.57,76.99,76.03,76.97,15198120
2023-04-21 04:00:00+00:00,77.25,77.29,76.18,76.52,16877012
2023-04-24 04:00:00+00:00,76.28,78.05,76.25,77.69,12625917
2023-04-25 04:00:00+00:00,76.93,77.07,75.78,76.23,15332606
2023-04-26 04:00:00+00:00,75.69,76.39,74.76,75.21,20035011
2023-04-27 04:00:00+00:00,75.17,75.67,74.46,75.48,17057343
2023-04-28 04:00:00+00:00,75.21,77.07,74.95,76.66,19110798
2023-05-01 04:00:00+00:00,75.69,76.61,75.39,75.79,13910686
2023-05-02 04:00:00+00:00,74.88,75.0,71.8,72.49,33823986
2023-05-03 04:00:00+00:00,71.57,72.4,71.1,71.13,29683773
2023-05-04 04:00:00+00:00,71.15,71.87,70.12,70.33,26430480
2023-05-05 04:00:00+00:00,72.28,72.81,71.85,72.24,19533630
2023-05-08 04:00:00+00:00,73.3,73.61,72.23,72.24,16355949
2023-05-09 04:00:00+00:00,71.68,72.95,71.52,72.27,20710621
2023-05-10 04:00:00+00:00,72.63,72.77,70.91,71.45,18026000
2023-05-11 04:00:00+00:00,70.44,70.96,70.05,70.59,19084137
2023-05-12 04:00:00+00:00,70.95,71.42,70.19,70.7,18952765
2023-05-15 04:00:00+00:00,70.96,71.47,70.41,71.06,16272278
2023-05-16 04:00:00+00:00,70.73,71.04,69.21,69.32,22260859
2023-05-17 04:00:00+00:00,70.03,71.03,69.51,70.65,23100333
2023-05-18 04:00:00+00:00,70.23,71.25,69.78,71.16,16577126
2023-05-19 04:00:00+00:00,71.82,72.27,71.31,71.71,18058649
2023-05-22 04:00:00+00:00,71.44,72.14,71.31,71.41,13471766
2023-05-23 04:00:00+00:00,72.1,73.0,71.91,72.18,21401872
2023-05-24 04:00:00+00:00,72.75,73.05,71.88,72.49,16737145
2023-05-25 04:00:00+00:00,71.45,71.6,70.54,71.21,19125452
2023-05-26 04:00:00+00:00,71.64,71.84,70.56,70.93,14391740
2023-05-30 04:00:00+00:00,69.69,70.28,69.42,70.2,20165805
2023-05-31 04:00:00+00:00,69.1,69.63,68.73,68.97,22398812
2023-06-01 04:00:00+00:00,69.13,70.6,68.66,69.82,25811840
2023-06-02 04:00:00+00:00,71.13,72.29,70.64,71.95,27639389
2023-06-05 04:00:00+00:00,72.99,73.04,71.34,71.47,21753677
2023-06-06 04:00:00+00:00,70.52,72.11,70.45,72.04,17375360
2023-06-07 04:00:00+00:00,72.4,74.04,72.35,73.95,30327137
2023-06-08 04:00:00+00:00,74.05,74.3,72.41,73.64,23081139
2023-06-09 04:00:00+00:00,73.6,73.96,73.04,73.23,19194061
2023-06-12 04:00:00+00:00,72.13,73.26,72.04,72.53,18196131
2023-06-13 04:00:00+00:00,73.33,74.3,72.84,72.87,20068213
2023-06-14 04:00:00+00:00,73.59,73.92,71.59,72.13,23802687
2023-06-15 04:00:00+00:00,72.25,73.47,72.23,72.92,23388539
2023-06-16 04:00:00+00:00,73.19,73.4,72.6,72.81,23730882
2023-06-20 04:00:00+00:00,72.32,72.4,70.64,71.18,21283661
2023-06-21 04:00:00+00:00,70.89,72.35,70.78,71.74,17236869
2023-06-22 04:00:00+00:00,71.09,71.17,70.52,70.78,16755382
2023-06-23 04:00:00+00:00,70.02,70.46,69.69,70.27,17452557
2023-06-26 04:00:00+00:00,70.4,71.93,70.24,71.53,16244304
2023-06-27 04:00:00+00:00,71.46,72.01,71.04,71.7,14194195
2023-06-28 04:00:00+00:00,71.63,72.52,70.99,72.42,16451631
2023-06-29 04:00:00+00:00,72.7,73.26,72.31,73.26,14217893
2023-06-30 04:00:00+00:00,73.76,74.11,73.22,73.73,17414342
2023-07-03 04:00:00+00:00,73.91,74.46,73.63,73.91,9701554
2023-07-05 04:00:00+00:00,74.21,74.23,73.08,73.5,16280343
2023-07-06 04:00:00+00:00,72.7,73.21,71.29,71.84,20983886
2023-07-07 04:00:00+00:00,71.49,74.06,71.43,73.39,24458027
2023-07-10 04:00:00+00:00,73.2,74.11,73.14,73.96,15462511
2023-07-11 04:00:00+00:00,74.3,75.7,74.15,75.59,19821024
2023-07-12 04:00:00+00:00,76.2,76.71,75.81,76.29,21538760
2023-07-13 04:00:00+00:00,76.29,76.75,75.29,75.99,26613237
2023-07-14 04:00:00+00:00,75.5,75.58,73.81,73.99,21994089
2023-07-17 04:00:00+00:00,73.72,74.16,73.51,73.84,16232310
2023-07-18 04:00:00+00:00,73.67,75.35,73.55,74.59,21607291
2023-07-19 04:00:00+00:00,74.59,75.53,74.42,75.02,18760483
2023-07-20 04:00:00+00:00,75.64,76.06,75.27,75.9,17724905
2023-07-21 04:00:00+00:00,76.19,76.61,75.69,76.58,15764505
2023-07-24 04:00:00+00:00,76.97,78.37,76.94,77.81,22269804
2023-07-25 04:00:00+00:00,77.78,78.67,77.3,78.22,16803263
2023-07-26 04:00:00+00:00,77.58,78.56,77.47,78.25,16394005
2023-07-27 04:00:00+00:00,78.67,78.99,77.53,77.75,17775304
2023-07-28 04:00:00+00:00,77.69,78.0,76.85,77.98,17318289
2023-07-31 04:00:00+00:00,78.67,79.69,78.44,79.46,18133239
2023-08-01 04:00:00+00:00,79.15,79.32,78.24,79.09,17904642
2023-08-02 04:00:00+00:00,78.56,78.96,77.39,78.06,22961518
2023-08-03 04:00:00+00:00,78.27,79.56,77.84,78.85,20816983
2023-08-04 04:00:00+00:00,79.41,80.16,78.87,78.96,21604151
2023-08-07 04:00:00+00:00,79.4,79.56,78.81,79.05,13410766
2023-08-08 04:00:00+00:00,77.77,79.47,77.18,79.44,18618559
2023-08-09 04:00:00+00:00,80.21,81.17,79.71,80.44,26042806
2023-08-10 04:00:00+00:00,80.55,81.47,79.88,80.43,19613252
2023-08-11 04:00:00+00:00,80.39,81.75,80.37,81.66,23344603
2023-08-14 04:00:00+00:00,81.44,81.65,80.77,81.32,15094734
2023-08-15 04:00:00+00:00,80.75,80.85,79.48,79.63,22491234
2023-08-16 04:00:00+00:00,79.71,80.57,78.88,78.94,18997730
2023-08-17 04:00:00+00:00,80.05,80.97,79.76,79.88,20232150
2023-08-18 04:00:00+00:00,79.42,80.77,79.16,80.67,17653649
2023-08-21 04:00:00+00:00,81.0,81.33,79.61,80.16,15244237
2023-08-22 04:00:00+00:00,80.26,80.55,79.5,79.55,12869737
2023-08-23 04:00:00+00:00,78.68,79.42,78.0,79.35,19399284
2023-08-24 04:00:00+00:00,78.63,79.64,78.57,78.8,16727515
2023-08-25 04:00:00+00:00,79.27,79.96,78.58,79.56,19018408
2023-08-28 04:00:00+00:00,79.77,80.7,79.64,80.1,12859098
2023-08-29 04:00:00+00:00,80.39,80.4,79.52,80.32,13509664
2023-08-30 04:00:00+00:00,80.68,80.86,80.36,80.72,13945063
2023-08-31 04:00:00+00:00,81.02,81.15,80.19,80.77,14808694
2023-09-01 04:00:00+00:00,81.66,82.51,81.64,82.43,17882082
2023-09-05 04:00:00+00:00,82.89,83.71,82.81,82.86,24368700
2023-09-06 04:00:00+00:00,82.7,83.34,82.29,82.9,20162145
2023-09-07 04:00:00+00:00,83.06,83.48,82.67,82.82,15364573
2023-09-08 04:00:00+00:00,83.21,84.22,83.16,83.62,17375862
2023-09-11 04:00:00+00:00,84.22,84.48,82.18,82.52,22047499
2023-09-12 04:00:00+00:00,83.41,84.55,83.25,84.46,26799674
2023-09-13 04:00:00+00:00,84.54,84.72,83.39,83.82,18157687
2023-09-14 04:00:00+00:00,84.7,85.1,84.44,84.81,18549905
2023-09-15 04:00:00+00:00,84.02,84.85,83.58,83.58,24806371
2023-09-18 04:00:00+00:00,84.44,84.69,83.67,84.29,16873326
2023-09-19 04:00:00+00:00,84.92,85.04,83.01,83.5,18135905
2023-09-20 04:00:00+00:00,83.09,84.03,82.67,82.72,17970996
2023-09-21 04:00:00+00:00,83.29,83.48,81.45,81.59,21723106
2023-09-22 04:00:00+00:00,82.2,82.75,81.65,81.73,21036026
2023-09-25 04:00:00+00:00,81.51,82.88,81.51,82.75,17536882
2023-09-26 04:00:00+00:00,82.04,82.77,81.91,82.27,16729982
2023-09-27 04:00:00+00:00,83.3,84.56,82.93,84.32,23145078
2023-09-28 04:00:00+00:00,83.96,84.91,83.77,84.42,24231375
2023-09-29 04:00:00+00:00,84.29,84.62,82.4,82.71,24184571
2023-10-02 04:00:00+00:00,82.6,82.82,80.51,81.07,25299904
2023-10-03 04:00:00+00:00,80.87,81.17,80.22,81.01,20733284
2023-10-04 04:00:00+00:00,79.8,79.94,77.7,78.47,29786160
2023-10-05 04:00:00+00:00,77.34,78.67,77.34,77.98,23518464
2023-10-06 04:00:00+00:00,77.98,79.16,77.1,78.45,25740548
2023-10-09 04:00:00+00:00,80.55,81.41,79.98,81.07,30744527
2023-10-10 04:00:00+00:00,81.14,81.7,80.68,81.17,20850255
2023-10-11 04:00:00+00:00,80.33,80.42,79.2,80.12,23572662
2023-10-12 04:00:00+00:00,80.97,81.05,79.84,80.22,19993225
2023-10-13 04:00:00+00:00,81.52,82.38,81.18,81.98,24266127
2023-10-16 04:00:00+00:00,82.51,82.77,81.74,82.53,19182637
2023-10-17 04:00:00+00:00,82.35,83.65,82.22,83.39,20211961
2023-10-18 04:00:00+00:00,83.73,84.5,83.54,84.15,23808386
2023-10-19 04:00:00+00:00,83.86,84.7,83.06,84.0,31648533
2023-10-20 04:00:00+00:00,83.86,84.17,82.31,82.59,23274778
2023-10-23 04:00:00+00:00,82.12,82.13,80.88,81.26,25944069
2023-10-24 04:00:00+00:00,81.46,81.52,80.09,80.11,22135799
2023-10-25 04:00:00+00:00,80.17,80.58,79.57,79.97,20706324
2023-10-26 04:00:00+00:00,79.24,79.71,78.55,79.35,22385167
2023-10-27 04:00:00+00:00,79.26,79.56,77.18,77.44,26904714
2023-10-30 04:00:00+00:00,77.72,78.28,76.95,77.7,22765337
2023-10-31 04:00:00+00:00,77.79,78.12,77.01,77.96,18602850
2023-11-01 04:00:00+00:00,78.45,78.87,77.66,77.77,23041253
2023-11-02 04:00:00+00:00,77.96,80.2,77.52,80.12,22661492
2023-11-03 04:00:00+00:00,79.98,80.23,78.83,79.32,23617503
2023-11-06 05:00:00+00:00,79.95,79.95,78.19,78.42,20517698
2023-11-07 05:00:00+00:00,77.4,77.53,76.34,76.68,23775150
2023-11-08 05:00:00+00:00,76.39,76.89,75.69,75.72,25371003
2023-11-09 05:00:00+00:00,76.28,76.45,75.45,75.49,19116125
2023-11-10 05:00:00+00:00,76.34,76.51,75.6,76.33,17291784
2023-11-13 05:00:00+00:00,76.45,77.03,76.21,76.88,14223685
2023-11-14 05:00:00+00:00,77.17,77.78,77.04,77.56,17361992
2023-11-15 05:00:00+00:00,77.44,78.39,77.31,77.42,16521764
2023-11-16 05:00:00+00:00,76.68,76.98,75.13,75.91,26582959
2023-11-17 05:00:00+00:00,76.56,78.01,76.37,77.5,24429671
2023-11-20 05:00:00+00:00,77.82,78.28,77.59,77.61,14549489
2023-11-21 05:00:00+00:00,77.24,77.57,76.7,77.43,13486889
2023-11-22 05:00:00+00:00,75.89,77.46,75.46,77.4,18275120
2023-11-24 05:00:00+00:00,77.37,78.29,77.32,77.72,9576299
2023-11-27 05:00:00+00:00,77.31,77.58,76.72,77.44,12250907
2023-11-28 05:00:00+00:00,77.6,78.17,77.31,77.46,14460899
2023-11-29 05:00:00+00:00,77.95,78.04,76.63,76.88,22633991
2023-11-30 05:00:00+00:00,77.54,78.5,76.47,77.4,29182291
2023-12-01 05:00:00+00:00,77.31,78.72,76.96,77.8,21523971
2023-12-04 05:00:00+00:00,77.23,77.93,76.88,77.44,18535141
2023-12-05 05:00:00+00:00,77.4,77.54,76.04,76.09,18873576
2023-12-06 05:00:00+00:00,75.59,76.13,74.66,74.95,31153298
2023-12-07 05:00:00+00:00,75.3,75.67,74.17,74.44,20454412
2023-12-08 05:00:00+00:00,74.94,75.48,74.78,75.25,17063628
2023-12-11 05:00:00+00:00,75.31,75.59,74.96,75.34,14672064
2023-12-12 05:00:00+00:00,74.64,74.73,73.88,74.3,22693343
2023-12-13 05:00:00+00:00,74.35,75.36,74.0,75.34,23222819
2023-12-14 05:00:00+00:00,76.1,77.65,76.1,77.55,30358689
2023-12-15 05:00:00+00:00,76.86,77.29,76.5,77.14,23183183
2023-12-18 05:00:00+00:00,78.51,78.91,77.7,77.77,21223566
2023-12-19 05:00:00+00:00,77.92,78.79,77.74,78.7,18431226
2023-12-20 05:00:00+00:00,78.98,79.44,77.88,77.97,19909087
2023-12-21 05:00:00+00:00,78.13,78.4,77.54,78.28,13031439
2023-12-22 05:00:00+00:00,78.84,79.19,78.39,78.51,12519454
2023-12-26 05:00:00+00:00,79.18,79.6,78.94,79.18,12991727
2023-12-27 05:00:00+00:00,79.18,79.45,78.55,78.83,10119096
2023-12-28 05:00:00+00:00,78.43,78.73,77.6,77.63,13099049
2023-12-29 05:00:00+00:00,77.9,77.97,77.23,77.46,12172730
2024-01-02 05:00:00+00:00,78.0,79.01,77.89,78.29,19650895
2024-01-03 05:00:00+00:00,78.41,79.85,78.01,79.56,18967999
2024-01-04 05:00:00+00:00,80.14,80.48,78.12,78.17,21024516
2024-01-05 05:00:00+00:00,78.92,78.95,77.87,78.23,17014649
2024-01-08 05:00:00+00:00,76.9,77.42,75.85,77.33,23609342
2024-01-09 05:00:00+00:00,77.43,77.51,75.92,76.09,16875228
2024-01-10 05:00:00+00:00,76.24,76.27,75.04,75.34,16579879
2024-01-11 05:00:00+00:00,75.75,75.94,75.23,75.54,19294285
2024-01-12 05:00:00+00:00,76.7,77.0,75.92,76.39,19384795
2024-01-16 05:00:00+00:00,76.22,76.32,74.52,74.57,18015626
2024-01-17 05:00:00+00:00,73.8,74.69,73.63,73.95,19642135
2024-01-18 05:00:00+00:00,73.96,74.03,72.97,73.83,17852797
2024-01-19 05:00:00+00:00,73.79,74.08,73.53,74.07,19970105
2024-01-22 05:00:00+00:00,73.91,74.51,73.43,74.34,15068363
2024-01-23 05:00:00+00:00,74.22,75.1,74.11,74.5,12354612
2024-01-24 05:00:00+00:00,74.89,75.6,74.54,75.56,16930485
2024-01-25 05:00:00+00:00,76.1,77.29,75.65,77.26,18804724
2024-01-26 05:00:00+00:00,77.18,77.86,76.61,77.84,18234763
2024-01-29 05:00:00+00:00,77.72,77.84,76.91,77.72,14840315
2024-01-30 05:00:00+00:00,76.96,78.55,76.66,78.53,17670559
2024-01-31 05:00:00+00:00,78.53,78.68,77.02,77.06,19290372
2024-02-01 05:00:00+00:00,77.52,77.88,76.34,77.05,25550688
2024-02-02 05:00:00+00:00,77.7,77.77,76.51,77.16,19037512
2024-02-05 05:00:00+00:00,76.69,77.42,76.13,76.97,15796807
2024-02-06 05:00:00+00:00,77.35,77.97,76.89,77.22,14028149
2024-02-07 05:00:00+00:00,77.44,77.77,76.75,77.37,13460228
2024-02-08 05:00:00+00:00,77.33,78.45,77.31,78.17,18100539
2024-02-09 05:00:00+00:00,78.32,78.65,76.88,76.97,19036669
2024-02-12 05:00:00+00:00,77.24,78.04,77.24,77.82,12946927
2024-02-13 05:00:00+00:00,77.89,78.16,76.53,77.03,20578407
2024-02-14 05:00:00+00:00,77.6,77.83,76.55,76.96,20447286
2024-02-15 05:00:00+00:00,76.94,79.32,76.87,79.1,21682213
2024-02-16 05:00:00+00:00,79.42,79.68,78.82,79.06,13480383
2024-02-20 05:00:00+00:00,79.14,79.18,78.23,78.33,14497788
2024-02-21 05:00:00+00:00,78.67,79.88,78.61,79.8,14378315
2024-02-22 05:00:00+00:00,79.3,80.27,78.92,79.94,17603416
2024-02-23 05:00:00+00:00,79.17,79.67,78.66,79.42,14476197
2024-02-26 05:00:00+00:00,79.32,80.21,78.93,79.69,11688172
2024-02-27 05:00:00+00:00,79.77,80.11,78.94,79.35,13168416
2024-02-28 05:00:00+00:00,79.45,80.05,78.88,79.19,13339812
2024-02-29 05:00:00+00:00,79.36,79.84,79.13,79.58,13667657
2024-03-01 05:00:00+00:00,80.15,80.88,80.02,80.51,16229844
2024-03-04 05:00:00+00:00,80.46,80.67,79.57,79.65,16599023
2024-03-05 05:00:00+00:00,79.53,80.76,79.42,80.24,16087126
2024-03-06 05:00:00+00:00,80.91,81.34,80.31,80.49,14004382
2024-03-07 05:00:00+00:00,80.6,81.62,80.53,81.17,12318198
2024-03-08 05:00:00+00:00,81.06,81.48,80.86,81.46,14125993
2024-03-11 04:00:00+00:00,81.48,82.33,80.87,82.3,12491860
2024-03-12 04:00:00+00:00,82.29,82.52,81.73,82.17,11890452
2024-03-13 04:00:00+00:00,83.03,83.93,82.89,83.48,21362595
2024-03-14 04:00:00+00:00,83.81,84.38,83.49,84.34,17973014
2024-03-15 04:00:00+00:00,84.28,85.2,84.08,84.59,18876683
2024-03-18 04:00:00+00:00,84.93,85.18,84.22,84.88,15248355
2024-03-19 04:00:00+00:00,84.87,85.91,84.82,85.85,14272893
2024-03-20 04:00:00+00:00,85.36,86.04,85.23,85.73,16329668
2024-03-21 04:00:00+00:00,85.88,86.42,85.61,86.24,11667097
2024-03-22 04:00:00+00:00,86.28,86.49,85.84,86.06,8974404
2024-03-25 04:00:00+00:00,86.35,87.43,86.33,86.86,17537190
2024-03-26 04:00:00+00:00,86.94,87.14,86.02,86.19,17686925
2024-03-27 04:00:00+00:00,86.0,87.0,85.85,86.99,16980041
2024-03-28 04:00:00+00:00,87.5,88.09,87.08,87.93,17307570
2024-04-01 04:00:00+00:00,88.19,88.84,87.32,88.58,21449514
2024-04-02 04:00:00+00:00,88.96,89.91,88.57,89.82,19335599
2024-04-03 04:00:00+00:00,90.15,90.55,89.86,90.43,14574431
2024-04-04 04:00:00+00:00,90.57,90.89,90.02,90.38,18470645
2024-04-05 04:00:00+00:00,90.75,91.71,90.2,91.34,15597269
2024-04-08 04:00:00+00:00,91.39,91.65,90.6,90.77,17017279
2024-04-09 04:00:00+00:00,91.16,91.4,90.13,90.8,17666552
2024-04-10 04:00:00+00:00,90.54,91.41,90.15,91.07,19599825
2024-04-11 04:00:00+00:00,91.36,91.4,89.72,91.01,19602346
2024-04-12 04:00:00+00:00,91.59,92.17,89.1,89.53,23283084
2024-04-15 04:00:00+00:00,89.96,90.39,88.58,88.69,24345363
2024-04-16 04:00:00+00:00,88.52,88.93,87.29,87.92,18248809
2024-04-17 04:00:00+00:00,87.73,88.61,87.04,87.67,13710457
2024-04-18 04:00:00+00:00,87.96,88.22,87.09,87.4,12777824
2024-04-19 04:00:00+00:00,87.56,89.04,87.43,88.45,17725720
2024-04-22 04:00:00+00:00,87.98,89.63,87.28,89.03,15123166
2024-04-23 04:00:00+00:00,88.62,89.52,88.19,89.52,14328745
2024-04-24 04:00:00+00:00,88.96,89.69,88.53,89.58,10651892
2024-04-25 04:00:00+00:00,89.48,90.26,88.71,89.99,13250097
2024-04-26 04:00:00+00:00,89.18,89.51,88.25,89.17,16183299
2024-04-29 04:00:00+00:00,88.9,89.97,88.85,89.77,11118164
2024-04-30 04:00:00+00:00,89.41,89.56,87.06,87.1,17699467
2024-05-01 04:00:00+00:00,86.98,87.26,85.24,85.71,25471850
2024-05-02 04:00:00+00:00,86.29,86.79,85.79,86.2,17308397
2024-05-03 04:00:00+00:00,86.28,86.37,85.07,86.21,19043868
2024-05-06 04:00:00+00:00,86.48,87.76,86.48,86.89,16722753
2024-05-07 04:00:00+00:00,87.01,87.45,86.78,86.81,10471146
2024-05-08 04:00:00+00:00,86.31,87.12,86.18,86.71,9905941
2024-05-09 04:00:00+00:00,86.8,87.87,86.8,87.87,11244746
2024-05-10 04:00:00+00:00,88.06,88.35,87.15,87.39,10284205
2024-05-13 04:00:00+00:00,87.59,87.92,86.78,87.15,10489028
2024-05-14 04:00:00+00:00,86.99,87.33,86.63,87.27,12176776
2024-05-15 04:00:00+00:00,87.08,87.62,85.79,87.46,19396118
2024-05-16 04:00:00+00:00,87.27,87.9,86.99,87.22,12290068
2024-05-17 04:00:00+00:00,87.38,88.57,87.35,88.44,14500791
2024-05-20 04:00:00+00:00,88.48,88.67,87.64,87.86,10067334
2024-05-21 04:00:00+00:00,87.64,88.35,87.37,87.43,11233839
2024-05-22 04:00:00+00:00,87.08,87.12,85.41,85.76,17433983
2024-05-23 04:00:00+00:00,86.19,86.48,84.83,84.97,13465690
2024-05-24 04:00:00+00:00,85.64,85.86,84.85,85.1,9520699
2024-05-28 04:00:00+00:00,85.39,86.19,85.17,85.97,14452061
2024-05-29 04:00:00+00:00,85.73,85.8,84.07,84.45,15026778
2024-05-30 04:00:00+00:00,84.27,85.0,84.24,84.7,11366388
2024-05-31 04:00:00+00:00,84.84,86.86,84.76,86.8,16251507
2024-06-03 04:00:00+00:00,86.51,86.54,83.9,84.53,20398294
2024-06-04 04:00:00+00:00,83.65,83.79,82.61,83.72,17360705
2024-06-05 04:00:00+00:00,83.82,83.95,83.2,83.71,10520075
2024-06-06 04:00:00+00:00,83.42,84.17,83.1,84.15,12753253
2024-06-07 04:00:00+00:00,83.99,84.78,83.4,83.81,10044889
2024-06-10 04:00:00+00:00,84.13,84.95,83.81,84.44,11274191
2024-06-11 04:00:00+00:00,84.07,84.37,83.3,84.28,9295563
2024-06-12 04:00:00+00:00,84.97,85.0,82.95,83.37,16280287
2024-06-13 04:00:00+00:00,83.15,83.38,82.19,82.61,14247820
2024-06-14 04:00:00+00:00,82.52,82.61,81.65,81.99,12905668
2024-06-17 04:00:00+00:00,81.88,82.58,81.58,82.21,14773860
2024-06-18 04:00:00+00:00,82.74,83.6,82.35,82.55,14642890
2024-06-20 04:00:00+00:00,82.8,84.5,82.53,84.07,17036926
2024-06-21 04:00:00+00:00,84.29,84.53,83.47,83.59,19993179
2024-06-24 04:00:00+00:00,84.05,86.02,83.91,85.69,15594111
2024-06-25 04:00:00+00:00,85.62,85.9,85.15,85.89,13835130
2024-06-26 04:00:00+00:00,85.99,85.99,84.64,85.05,11563699
2024-06-27 04:00:00+00:00,85.5,85.59,84.77,85.24,7815787
2024-06-28 04:00:00+00:00,85.9,86.2,85.26,85.57,12801572
2024-07-01 04:00:00+00:00,86.26,86.54,85.11,85.62,12281643
2024-07-02 04:00:00+00:00,86.45,86.46,85.01,85.55,12613385
2024-07-03 04:00:00+00:00,85.63,86.32,85.48,85.93,8140047
2024-07-05 04:00:00+00:00,85.76,85.83,84.21,84.59,11725246
2024-07-08 04:00:00+00:00,83.98,84.85,83.74,84.07,9797506
2024-07-09 04:00:00+00:00,83.23,84.25,82.99,83.33,9545597
2024-07-10 04:00:00+00:00,83.23,83.92,82.98,83.89,9660378
2024-07-11 04:00:00+00:00,83.68,84.94,83.38,84.77,11344837
2024-07-12 04:00:00+00:00,85.24,85.37,84.35,84.98,9058620
2024-07-15 04:00:00+00:00,85.58,87.05,85.25,86.27,15395973
2024-07-16 04:00:00+00:00,85.9,86.73,85.46,86.65,12064667
2024-07-17 04:00:00+00:00,86.85,88.08,86.83,87.52,14717675
2024-07-18 04:00:00+00:00,87.42,88.73,87.11,87.68,16433832
2024-07-19 04:00:00+00:00,87.53,88.14,86.49,86.72,13250136
2024-07-22 04:00:00+00:00,86.26,86.67,85.68,86.17,10763756
2024-07-23 04:00:00+00:00,85.93,86.0,84.69,84.8,16551898
2024-07-24 04:00:00+00:00,85.03,85.57,84.23,84.81,14664250
2024-07-25 04:00:00+00:00,84.87,86.55,84.46,86.28,18218702
2024-07-26 04:00:00+00:00,86.05,86.91,85.74,86.55,11865386
2024-07-29 04:00:00+00:00,86.56,86.62,85.0,85.81,13578260
2024-07-30 04:00:00+00:00,85.8,87.41,85.7,87.14,12836601
2024-07-31 04:00:00+00:00,88.32,88.38,87.44,87.51,18086875
2024-08-01 04:00:00+00:00,87.31,87.75,84.75,85.19,21279249
2024-08-02 04:00:00+00:00,84.21,84.67,82.16,82.99,22918104
2024-08-05 04:00:00+00:00,81.21,81.85,80.24,81.16,25019550
2024-08-06 04:00:00+00:00,81.46,82.58,81.14,81.66,15709299
2024-08-07 04:00:00+00:00,82.65,83.5,81.94,81.99,13062974
2024-08-08 04:00:00+00:00,82.22,83.86,82.22,83.75,10798420
2024-08-09 04:00:00+00:00,83.63,84.3,83.09,83.94,11172786
2024-08-12 04:00:00+00:00,84.43,84.89,82.15,84.35,14392936
2024-08-13 04:00:00+00:00,83.71,83.79,83.12,83.54,15693195
2024-08-14 04:00:00+00:00,83.69,84.39,83.37,84.02,10828802
2024-08-15 04:00:00+00:00,84.5,85.3,84.43,85.03,9167605
2024-08-16 04:00:00+00:00,84.5,85.14,84.44,84.93,8876521
2024-08-19 04:00:00+00:00,85.07,86.23,85.07,85.51,10881343
2024-08-20 04:00:00+00:00,85.32,85.39,83.22,83.25,16933237
2024-08-21 04:00:00+00:00,83.78,84.2,83.15,83.39,11368866
2024-08-22 04:00:00+00:00,83.45,83.99,83.28,83.61,9797718
2024-08-23 04:00:00+00:00,84.0,85.0,83.9,84.86,10367313
2024-08-26 04:00:00+00:00,85.8,86.37,84.99,85.62,9757380
2024-08-27 04:00:00+00:00,85.62,85.85,84.67,84.82,8313563
2024-08-28 04:00:00+00:00,84.31,84.8,83.9,84.28,8524501
2024-08-29 04:00:00+00:00,84.77,85.69,83.98,85.38,11249528
2024-08-30 04:00:00+00:00,84.51,85.72,84.31,85.69,14042634
2024-09-03 04:00:00+00:00,84.3,84.42,83.03,83.56,19097080
2024-09-04 04:00:00+00:00,83.65,84.18,82.24,82.41,15056992
2024-09-05 04:00:00+00:00,83.0,83.07,81.7,81.77,12495645
2024-09-06 04:00:00+00:00,81.95,82.45,80.42,80.75,17956014
2024-09-09 04:00:00+00:00,80.99,82.08,80.87,81.33,16412161
2024-09-10 04:00:00+00:00,81.45,81.55,79.24,79.93,24663410
2024-09-11 04:00:00+00:00,79.92,79.96,77.94,79.19,24062862
2024-09-12 04:00:00+00:00,79.5,80.21,78.91,79.9,15884613
2024-09-13 04:00:00+00:00,80.31,80.95,80.12,80.35,13097731
2024-09-16 04:00:00+00:00,81.03,81.78,80.66,81.27,13437719
2024-09-17 04:00:00+00:00,81.3,82.43,81.12,82.37,12517342
2024-09-18 04:00:00+00:00,82.25,83.54,82.14,82.53,14104789
2024-09-19 04:00:00+00:00,83.93,84.45,83.06,83.52,18903358
2024-09-20 04:00:00+00:00,83.17,83.53,82.4,83.33,13980802
2024-09-23 04:00:00+00:00,83.49,84.77,83.2,84.36,13315054
2024-09-24 04:00:00+00:00,85.32,85.32,84.03,84.15,17313654
2024-09-25 04:00:00+00:00,83.93,84.19,82.33,82.5,13816776
2024-09-26 04:00:00+00:00,80.87,81.95,80.62,80.88,23448157
2024-09-27 04:00:00+00:00,81.32,82.65,81.27,82.53,15244756
2024-09-30 04:00:00+00:00,82.38,83.26,81.9,83.11,11404712
2024-10-01 04:00:00+00:00,82.36,85.34,82.26,85.0,33057054
2024-10-02 04:00:00+00:00,86.19,86.41,84.92,85.87,20962571
2024-10-03 04:00:00+00:00,86.18,87.5,85.52,87.39,22363026
2024-10-04 04:00:00+00:00,88.13,88.47,87.32,88.2,17977892
2024-10-07 04:00:00+00:00,88.51,89.18,88.22,88.51,16259706
2024-10-08 04:00:00+00:00,87.37,87.46,85.79,86.2,19879941
2024-10-09 04:00:00+00:00,85.56,86.95,85.39,86.72,15759791
2024-10-10 04:00:00+00:00,87.21,87.79,86.57,87.31,13023699
2024-10-11 04:00:00+00:00,87.28,88.16,87.11,87.85,13207250
2024-10-14 04:00:00+00:00,87.24,87.96,87.1,87.81,11099257
2024-10-15 04:00:00+00:00,85.48,86.04,84.94,84.98,18919576
2024-10-16 04:00:00+00:00,85.47,85.67,85.16,85.39,9938549
2024-10-17 04:00:00+00:00,85.38,86.08,85.29,85.8,10716650
2024-10-18 04:00:00+00:00,85.64,85.88,84.91,85.51,12007591
2024-10-21 04:00:00+00:00,86.08,86.36,85.11,85.26,10581042
2024-10-22 04:00:00+00:00,85.57,85.85,85.14,85.46,8978235
2024-10-23 04:00:00+00:00,85.22,85.55,84.52,85.01,9906637
2024-10-24 04:00:00+00:00,85.19,85.45,84.43,85.0,8523606
2024-10-25 04:00:00+00:00,85.46,85.68,84.73,84.97,9552256
2024-10-28 04:00:00+00:00,83.17,84.49,83.09,84.43,12113963
2024-10-29 04:00:00+00:00,84.24,84.31,82.97,83.15,11895782
2024-10-30 04:00:00+00:00,83.44,83.99,83.12,83.34,9682076
2024-10-31 04:00:00+00:00,83.87,84.49,83.63,83.86,15811606
2024-11-01 04:00:00+00:00,84.99,85.3,83.16,83.33,13152292
2024-11-04 05:00:00+00:00,83.89,84.92,83.78,84.78,12905941
2024-11-05 05:00:00+00:00,85.2,85.56,84.82,85.35,10438333
2024-11-06 05:00:00+00:00,87.7,89.23,87.13,88.56,25026633
2024-11-07 05:00:00+00:00,88.5,88.5,87.48,88.15,13069002
2024-11-08 05:00:00+00:00,88.16,88.87,87.81,88.74,11168410
2024-11-11 05:00:00+00:00,88.76,89.54,88.34,89.24,10454743
2024-11-12 05:00:00+00:00,89.5,89.78,88.67,88.77,9250175
2024-11-13 05:00:00+00:00,89.03,89.82,87.96,89.46,11838119
2024-11-14 05:00:00+00:00,90.06,90.09,89.23,89.8,9005536
2024-11-15 05:00:00+00:00,89.72,90.58,89.35,89.67,14040246
2024-11-18 05:00:00+00:00,90.38,91.04,89.98,90.86,12617780
2024-11-19 05:00:00+00:00,90.13,90.82,89.85,90.28,11898209
2024-11-20 05:00:00+00:00,90.61,91.26,90.33,91.19,8956883
2024-11-21 05:00:00+00:00,91.61,92.62,91.38,91.93,16770514
2024-11-22 05:00:00+00:00,91.81,92.69,91.72,92.07,10777825
2024-11-25 05:00:00+00:00,92.05,92.52,90.03,90.26,16475341
2024-11-26 05:00:00+00:00,90.38,90.57,89.72,90.13,12466369
2024-11-27 05:00:00+00:00,90.05,90.8,89.92,90.04,7798222
2024-11-29 05:00:00+00:00,90.24,90.58,90.08,90.43,6818187
2024-12-02 05:00:00+00:00,90.4,90.55,88.66,89.47,11094978
2024-12-03 05:00:00+00:00,90.05,90.21,89.07,89.46,8943277
2024-12-04 05:00:00+00:00,89.42,89.42,86.78,87.3,16259026
2024-12-05 05:00:00+00:00,87.62,88.22,87.28,87.64,11331201
2024-12-06 05:00:00+00:00,87.46,87.47,85.99,86.16,13103314
2024-12-09 05:00:00+00:00,86.88,87.34,85.94,86.01,11813899
2024-12-10 05:00:00+00:00,86.51,86.63,85.3,85.43,11649914
2024-12-11 05:00:00+00:00,85.61,85.89,85.15,85.57,11573751
2024-12-12 05:00:00+00:00,85.42,85.57,84.79,84.88,10873147
2024-12-13 05:00:00+00:00,85.09,85.12,84.22,84.45,11173030
2024-12-16 05:00:00+00:00,84.22,84.22,82.53,82.6,12518076
2024-12-17 05:00:00+00:00,81.97,82.13,81.22,81.98,16005837
2024-12-18 05:00:00+00:00,81.75,82.14,79.56,79.56,19620612
2024-12-19 05:00:00+00:00,80.4,80.66,78.81,78.87,24994225
2024-12-20 05:00:00+00:00,78.86,79.92,78.65,79.64,17852405
2024-12-23 05:00:00+00:00,79.52,80.38,78.99,80.11,17222682
2024-12-24 05:00:00+00:00,80.34,80.94,79.82,80.79,7512092
2024-12-26 05:00:00+00:00,80.82,80.86,80.23,80.72,7693227
2024-12-27 05:00:00+00:00,80.66,81.59,80.31,80.71,10184850
2024-12-30 05:00:00+00:00,80.72,81.16,80.04,80.7,11772651
2024-12-31 05:00:00+00:00,80.89,81.99,80.73,81.76,10582535
2025-01-02 05:00:00+00:00,82.43,83.32,82.16,82.72,17443535
2025-01-03 05:00:00+00:00,83.2,83.77,82.87,83.49,11062034
2025-01-06 05:00:00+00:00,83.87,84.54,82.89,83.11,11417644
2025-01-07 05:00:00+00:00,83.72,84.58,83.21,83.94,12517888
2025-01-08 05:00:00+00:00,83.42,84.06,83.13,84.03,14241933
2025-01-10 05:00:00+00:00,85.11,86.1,83.92,84.37,17037896
2025-01-13 05:00:00+00:00,84.75,86.65,84.75,86.14,24448086
2025-01-14 05:00:00+00:00,85.99,87.15,85.86,87.07,15586503
2025-01-15 05:00:00+00:00,87.6,88.58,87.24,88.36,17328946
2025-01-16 05:00:00+00:00,88.06,89.08,87.96,89.0,12615301
2025-01-17 05:00:00+00:00,89.0,90.0,88.68,89.69,11949825
2025-01-21 05:00:00+00:00,89.46,89.72,88.76,89.23,24651028
2025-01-22 05:00:00+00:00,88.95,89.06,87.55,87.6,17940129
2025-01-23 05:00:00+00:00,88.27,88.6,87.38,88.01,14679566
2025-01-24 05:00:00+00:00,88.13,88.49,87.05,87.16,14578398
2025-01-27 05:00:00+00:00,86.86,87.01,85.65,86.25,15996700
2025-01-28 05:00:00+00:00,86.51,86.81,85.0,85.43,18700874
2025-01-29 05:00:00+00:00,85.22,86.05,85.09,85.62,10340879
2025-01-30 05:00:00+00:00,86.14,86.51,85.52,86.06,19546271
2025-01-31 05:00:00+00:00,85.82,86.01,83.45,83.65,22270018
2025-02-03 05:00:00+00:00,83.64,84.52,82.88,84.18,19830446
2025-02-04 05:00:00+00:00,83.79,86.13,83.64,85.94,19967205
2025-02-05 05:00:00+00:00,85.92,86.24,85.43,86.13,10885999
2025-02-06 05:00:00+00:00,86.52,86.73,84.08,84.54,20654812
2025-02-07 05:00:00+00:00,84.86,85.3,84.42,84.53,11005444
2025-02-10 05:00:00+00:00,85.29,86.54,85.29,86.39,12791563
2025-02-11 05:00:00+00:00,86.8,87.67,86.25,87.09,13113409
2025-02-12 05:00:00+00:00,86.37,86.97,84.83,84.99,19399387
2025-02-13 05:00:00+00:00,84.86,85.82,84.3,85.63,15775459
2025-02-14 05:00:00+00:00,85.95,87.17,85.95,85.97,12943246
2025-02-18 05:00:00+00:00,86.38,87.72,85.89,87.15,14787375
2025-02-19 05:00:00+00:00,87.51,88.64,87.46,87.83,12155849
2025-02-20 05:00:00+00:00,87.65,88.78,87.28,88.64,14166145
2025-02-21 05:00:00+00:00,88.1,88.34,86.74,86.79,15638302
2025-02-24 05:00:00+00:00,86.95,87.28,86.35,86.81,13147632
2025-02-25 05:00:00+00:00,86.79,87.19,84.86,85.56,13304336
2025-02-26 05:00:00+00:00,85.67,85.89,84.68,85.08,12152848
2025-02-27 05:00:00+00:00,85.67,86.58,84.93,85.53,15024001
2025-02-28 05:00:00+00:00,85.26,86.93,84.72,86.86,13313552
2025-03-03 05:00:00+00:00,87.19,87.69,83.05,83.82,24750876
2025-03-04 05:00:00+00:00,82.59,84.36,81.54,83.01,25338516
2025-03-05 05:00:00+00:00,81.81,82.23,80.2,81.8,28255412
2025-03-06 05:00:00+00:00,81.41,82.55,80.77,82.05,23552147
2025-03-07 05:00:00+00:00,82.42,84.05,82.42,83.45,22424565
2025-03-10 04:00:00+00:00,83.91,85.23,83.29,84.07,20022674
2025-03-11 04:00:00+00:00,84.42,84.78,82.96,83.4,15115104
2025-03-12 04:00:00+00:00,83.46,84.56,83.14,83.79,16120235
2025-03-13 04:00:00+00:00,83.49,84.69,82.71,83.21,15371017
2025-03-14 04:00:00+00:00,83.67,85.79,83.29,85.68,16011569
2025-03-17 04:00:00+00:00,85.61,87.44,85.61,87.04,14880792
2025-03-18 04:00:00+00:00,87.53,87.72,86.5,87.18,15403262
2025-03-19 04:00:00+00:00,87.3,89.0,87.28,88.61,15871295
2025-03-20 04:00:00+00:00,88.12,89.23,87.75,88.93,16581799
2025-03-21 04:00:00+00:00,88.64,88.85,87.75,88.31,18487766
2025-03-24 04:00:00+00:00,88.71,89.84,88.57,89.32,11912264
2025-03-25 04:00:00+00:00,89.71,90.46,89.41,89.68,11146002
2025-03-26 04:00:00+00:00,90.52,91.21,89.99,90.21,12785834
2025-03-27 04:00:00+00:00,89.94,90.28,88.98,89.34,9573864
2025-03-28 04:00:00+00:00,89.29,89.63,88.47,88.91,11124370
2025-03-31 04:00:00+00:00,88.72,90.42,88.6,89.89,14406565
2025-04-01 04:00:00+00:00,89.94,90.51,88.97,90.42,13560608
2025-04-02 04:00:00+00:00,89.65,90.63,89.44,90.55,16980299
2025-04-03 04:00:00+00:00,86.24,86.9,83.41,83.44,37828922
2025-04-04 04:00:00+00:00,80.47,81.37,75.76,75.76,50375762
2025-04-07 04:00:00+00:00,73.31,78.48,72.13,75.27,56953356
2025-04-08 04:00:00+00:00,77.59,77.99,72.36,73.53,45251803
2025-04-09 04:00:00+00:00,72.1,80.04,71.66,79.23,59462423
2025-04-10 04:00:00+00:00,77.17,77.17,72.61,74.05,39523259
2025-04-11 04:00:00+00:00,74.4,76.46,72.94,75.89,20958409
2025-04-14 04:00:00+00:00,77.69,77.69,75.4,76.16,16374089
2025-04-15 04:00:00+00:00,76.09,77.46,76.0,76.04,11083453
2025-04-16 04:00:00+00:00,76.51,77.96,76.32,76.67,13665713
2025-04-17 04:00:00+00:00,77.29,79.61,77.25,78.4,23954369
2025-04-21 04:00:00+00:00,77.16,77.35,75.5,76.35,15505960
2025-04-22 04:00:00+00:00,77.34,78.87,77.0,78.29,11047869
2025-04-23 04:00:00+00:00,78.98,79.82,77.67,78.15,21608065
2025-04-24 04:00:00+00:00,78.88,79.63,78.2,79.4,10609495
2025-04-25 04:00:00+00:00,78.69,79.32,78.38,79.26,8832390
2025-04-28 04:00:00+00:00,79.17,80.03,79.06,79.81,8218355
2025-04-29 04:00:00+00:00,78.92,79.87,78.76,79.58,9921658
2025-04-30 04:00:00+00:00,78.3,78.41,76.48,77.44,18907144
2025-05-01 04:00:00+00:00,76.8,78.75,76.8,77.73,18157210
2025-05-02 04:00:00+00:00,78.67,79.26,77.26,78.86,16019402
2025-05-05 04:00:00+00:00,77.87,77.98,77.0,77.44,14765105
2025-05-06 04:00:00+00:00,77.78,78.13,77.02,77.46,11497731
2025-05-07 04:00:00+00:00,77.63,77.88,76.9,77.49,11224120
2025-05-08 04:00:00+00:00,78.2,79.57,78.07,78.51,15282937
2025-05-09 04:00:00+00:00,79.46,79.68,78.65,79.29,9996574
2025-05-12 04:00:00+00:00,82.23,82.6,80.77,81.36,16305028
2025-05-13 04:00:00+00:00,81.77,83.16,81.44,82.51,14515784
2025-05-14 04:00:00+00:00,81.95,82.32,81.69,82.01,10666327
2025-05-15 04:00:00+00:00,80.97,82.4,80.77,82.35,14860766
2025-05-16 04:00:00+00:00,82.54,82.58,81.39,82.23,10862912
2025-05-19 04:00:00+00:00,81.54,81.63,80.56,81.16,12393533
2025-05-20 04:00:00+00:00,81.1,81.29,80.33,80.41,11391071
2025-05-21 04:00:00+00:00,79.93,80.08,78.92,78.93,12849160
2025-05-22 04:00:00+00:00,78.51,79.07,77.65,78.62,11866125
2025-05-23 04:00:00+00:00,77.93,79.07,77.9,78.87,11755456
2025-05-27 04:00:00+00:00,79.42,79.68,78.83,79.55,9514036
2025-05-28 04:00:00+00:00,79.94,80.18,78.34,78.54,14776304
2025-05-29 04:00:00+00:00,78.67,79.13,78.17,79.13,11896713
2025-05-30 04:00:00+00:00,78.52,78.84,77.8,78.43,15519308
2025-06-02 04:00:00+00:00,79.9,80.01,78.54,79.46,16015491
2025-06-03 04:00:00+00:00,79.52,80.9,78.76,80.4,15176324
2025-06-04 04:00:00+00:00,80.36,80.99,78.74,78.83,22469608
2025-06-05 04:00:00+00:00,79.42,79.46,78.55,78.76,13833664
2025-06-06 04:00:00+00:00,79.47,80.48,79.47,80.24,14278406
2025-06-09 04:00:00+00:00,80.55,81.23,79.91,80.39,14340165
2025-06-10 04:00:00+00:00,81.25,82.35,81.21,81.82,23046119
2025-06-11 04:00:00+00:00,82.38,83.14,81.57,83.01,24498300
2025-06-12 04:00:00+00:00,82.62,83.32,82.02,83.3,17014058
2025-06-13 04:00:00+00:00,84.85,85.2,83.64,84.75,42097371
2025-06-16 04:00:00+00:00,84.52,85.37,83.86,84.5,34703307
2025-06-17 04:00:00+00:00,85.2,85.92,84.67,85.29,33942066
2025-06-18 04:00:00+00:00,85.59,86.03,84.54,84.73,35236460
2025-06-20 04:00:00+00:00,85.07,85.83,84.82,85.59,28372375
2025-06-23 04:00:00+00:00,86.67,86.73,83.07,83.43,52844147
2025-06-24 04:00:00+00:00,82.21,83.21,82.03,82.34,32679354
2025-06-25 04:00:00+00:00,82.25,82.54,81.71,81.99,21861510
2025-06-26 04:00:00+00:00,82.17,83.32,81.97,83.16,16782807
2025-06-27 04:00:00+00:00,83.11,83.11,82.23,82.72,17705866
2025-06-30 04:00:00+00:00,82.4,82.76,82.0,82.25,13123759
2025-07-01 04:00:00+00:00,82.37,83.26,81.61,82.88,20386401
2025-07-02 04:00:00+00:00,83.58,84.44,82.65,84.3,21234429
2025-07-03 04:00:00+00:00,84.19,84.67,83.99,84.4,11133109
2025-07-07 04:00:00+00:00,83.89,84.33,82.72,83.59,17836602
2025-07-08 04:00:00+00:00,83.49,86.15,83.47,85.84,23736228
2025-07-09 04:00:00+00:00,85.62,85.96,85.15,85.4,14336578
2025-07-10 04:00:00+00:00,85.21,86.1,84.59,86.05,14412381
2025-07-11 04:00:00+00:00,85.9,86.74,85.64,86.44,15085776
2025-07-14 04:00:00+00:00,86.27,86.27,85.03,85.49,16720772
2025-07-15 04:00:00+00:00,85.32,85.69,84.15,84.25,16929788
2025-07-16 04:00:00+00:00,84.14,84.62,83.22,83.53,17741248
2025-07-17 04:00:00+00:00,83.1,84.16,82.9,84.04,18043210
2025-07-18 04:00:00+00:00,84.71,85.1,83.03,83.36,30486641
2025-07-21 04:00:00+00:00,83.42,83.57,82.33,82.5,15217229
2025-07-22 04:00:00+00:00,82.4,83.34,82.32,82.89,16222037
2025-07-23 04:00:00+00:00,83.23,84.24,83.01,84.19,14023041
2025-07-24 04:00:00+00:00,83.96,84.89,83.59,84.79,12011071
2025-07-25 04:00:00+00:00,84.88,85.02,84.03,84.47,10071567
2025-07-28 04:00:00+00:00,85.03,85.57,84.9,85.43,11852641
2025-07-29 04:00:00+00:00,85.56,86.29,85.28,86.26,12275980
2025-07-30 04:00:00+00:00,85.73,85.78,84.5,85.03,13275827
2025-07-31 04:00:00+00:00,84.14,85.55,84.14,84.57,12480399
2025-08-01 04:00:00+00:00,84.25,84.56,82.55,83.0,21164683
2025-08-04 04:00:00+00:00,82.86,83.48,82.39,82.82,13254821
2025-08-05 04:00:00+00:00,82.8,83.04,81.8,82.93,15706803
2025-08-06 04:00:00+00:00,83.45,83.93,81.92,82.16,19124727
2025-08-07 04:00:00+00:00,82.64,83.57,81.73,81.84,17521028
2025-08-08 04:00:00+00:00,82.23,83.12,81.81,82.36,20368113
2025-08-11 04:00:00+00:00,82.53,82.89,81.56,81.7,14414357
2025-08-12 04:00:00+00:00,81.87,82.82,81.63,82.1,17263511
2025-08-13 04:00:00+00:00,82.16,83.06,81.87,83.05,12800606
2025-08-14 04:00:00+00:00,82.99,83.1,82.09,82.97,12472298
2025-08-15 04:00:00+00:00,83.01,83.91,82.71,82.97,13648858
2025-08-18 04:00:00+00:00,82.54,82.87,82.0,82.48,13214222
2025-08-19 04:00:00+00:00,82.25,82.99,82.03,82.51,12846941
2025-08-20 04:00:00+00:00,82.64,83.54,82.57,83.2,13983605
2025-08-21 04:00:00+00:00,83.05,83.95,82.83,83.77,11044014
2025-08-22 04:00:00+00:00,84.05,85.68,83.92,85.48,15468166
2025-08-25 04:00:00+00:00,85.26,85.81,84.98,85.7,11706411
2025-08-26 04:00:00+00:00,85.36,85.64,84.76,85.56,11427750
2025-08-27 04:00:00+00:00,85.44,86.83,85.34,86.52,13438680
2025-08-28 04:00:00+00:00,86.55,87.31,85.98,87.18,12043142
2025-08-29 04:00:00+00:00,87.22,87.88,87.11,87.66,11861764
2025-09-02 04:00:00+00:00,87.43,87.94,86.77,87.78,12982220
2025-09-03 04:00:00+00:00,87.09,87.81,85.53,85.82,18009074
2025-09-04 04:00:00+00:00,85.83,86.75,85.46,86.39,12947743
2025-09-05 04:00:00+00:00,85.68,85.96,84.29,84.72,24084432
2025-09-08 04:00:00+00:00,85.0,85.37,83.77,84.53,17465932
2025-09-09 04:00:00+00:00,84.98,86.13,84.89,84.93,20596707
2025-09-10 04:00:00+00:00,85.13,86.46,84.93,86.42,14966411
2025-09-11 04:00:00+00:00,85.73,86.62,85.47,86.44,12581093
2025-09-12 04:00:00+00:00,86.8,87.18,85.9,85.92,11149133
2025-09-15 04:00:00+00:00,86.09,86.31,85.49,85.63,11644282
2025-09-16 04:00:00+00:00,86.01,87.33,85.99,87.07,20796728
2025-09-17 04:00:00+00:00,86.95,87.88,86.57,87.27,13022429
2025-09-18 04:00:00+00:00,87.35,87.52,86.34,87.0,14352667
2025-09-19 04:00:00+00:00,86.92,86.98,85.54,85.85,14989567
2025-09-22 04:00:00+00:00,85.54,86.17,85.2,85.75,11251171
2025-09-23 04:00:00+00:00,86.09,88.16,86.09,87.22,22107394
2025-09-24 04:00:00+00:00,87.84,89.18,87.74,88.36,17703067
2025-09-25 04:00:00+00:00,88.35,89.23,88.1,89.15,15943599
2025-09-26 04:00:00+00:00,89.3,90.87,89.28,89.97,20080840
2025-09-29 04:00:00+00:00,89.35,89.47,87.85,88.32,18837241
2025-09-30 04:00:00+00:00,87.55,87.73,86.69,87.38,23772378
2025-10-01 04:00:00+00:00,86.95,87.67,86.85,87.38,13830612
2025-10-02 04:00:00+00:00,87.18,87.96,86.41,86.5,15896803
2025-10-03 04:00:00+00:00,86.94,87.47,86.83,86.96,12023978
2025-10-06 04:00:00+00:00,87.51,87.89,87.04,87.39,10744236
2025-10-07 04:00:00+00:00,87.31,87.59,85.98,87.53,12662283
2025-10-08 04:00:00+00:00,87.53,87.53,86.36,87.02,10012105
2025-10-09 04:00:00+00:00,87.2,87.95,85.74,85.83,11698944
2025-10-10 04:00:00+00:00,85.2,85.63,83.32,83.35,22446124
2025-10-13 04:00:00+00:00,83.98,84.59,83.71,84.48,11444788
2025-10-14 04:00:00+00:00,83.28,84.95,83.17,84.47,12538685
2025-10-15 04:00:00+00:00,85.01,85.49,83.8,84.43,12128296
2025-10-16 04:00:00+00:00,84.57,84.83,82.84,83.41,14596526
2025-10-17 04:00:00+00:00,83.76,84.27,83.42,84.09,12034572
2025-10-20 04:00:00+00:00,84.24,85.17,84.24,84.98,12676177
2025-10-21 04:00:00+00:00,85.22,85.41,84.36,84.79,12939541
2025-10-22 04:00:00+00:00,85.36,86.25,84.64,85.87,16407037
2025-10-23 04:00:00+00:00,87.41,87.59,86.49,87.02,23647715
2025-10-24 04:00:00+00:00,87.41,87.44,86.08,86.14,10595450
2025-10-27 04:00:00+00:00,86.41,86.69,85.96,86.34,9798514
2025-10-28 04:00:00+00:00,86.02,86.29,85.39,85.44,11237150
2025-10-29 04:00:00+00:00,85.54,86.52,85.36,86.08,13399910
2025-10-30 04:00:00+00:00,86.05,86.68,85.45,85.57,10331714
2025-10-31 04:00:00+00:00,85.78,86.68,85.4,86.2,13492682
2025-11-03 05:00:00+00:00,86.22,86.44,85.22,86.21,11116327
2025-11-04 05:00:00+00:00,85.15,85.51,84.47,85.28,14738807
2025-11-05 05:00:00+00:00,85.29,86.45,85.17,85.5,11928579
2025-11-06 05:00:00+00:00,85.63,87.14,85.63,86.33,16077707
2025-11-07 05:00:00+00:00,86.64,87.78,86.4,87.58,17729210
2025-11-10 05:00:00+00:00,87.8,88.57,86.66,88.37,15632265
2025-11-11 05:00:00+00:00,88.9,90.15,88.83,89.52,19376378
2025-11-12 05:00:00+00:00,88.92,89.33,88.14,88.27,14931647
2025-11-13 05:00:00+00:00,88.55,89.3,88.1,88.49,16121910
2025-11-14 05:00:00+00:00,88.96,90.2,87.84,90.0,17089864
2025-11-17 05:00:00+00:00,89.89,89.92,88.01,88.36,18723669
2025-11-18 05:00:00+00:00,87.98,89.3,87.73,89.06,17419954
2025-11-19 05:00:00+00:00,87.49,88.19,86.87,87.91,20531369
2025-11-20 05:00:00+00:00,88.36,89.56,86.84,86.91,20815023
2025-11-21 05:00:00+00:00,87.06,87.84,86.14,87.46,19658610
2025-11-24 05:00:00+00:00,87.36,87.49,85.86,87.21,16840899
2025-11-25 05:00:00+00:00,86.53,87.01,85.95,86.67,14649462
2025-11-26 05:00:00+00:00,86.65,87.94,86.57,87.32,13305515
2025-11-28 05:00:00+00:00,87.37,88.84,87.24,88.47,8333313
2025-12-01 05:00:00+00:00,88.59,89.81,88.52,89.32,15575036
2025-12-02 05:00:00+00:00,89.18,89.18,87.72,88.16,16652460
2025-12-03 05:00:00+00:00,88.76,89.97,88.63,89.81,15086985
2025-12-04 05:00:00+00:00,89.77,90.34,89.5,90.2,11899849
2025-12-05 05:00:00+00:00,45.02,45.64,44.9,44.91,22164390
2025-12-08 05:00:00+00:00,44.66,44.91,44.28,44.42,27891927
2025-12-09 05:00:00+00:00,44.5,45.07,44.46,44.7,20917429
2025-12-10 05:00:00+00:00,44.83,45.25,44.62,45.17,26255067
2025-12-11 05:00:00+00:00,44.89,45.23,44.83,44.95,25827244
2025-12-12 05:00:00+00:00,45.03,45.22,44.39,44.51,33161151
2025-12-15 05:00:00+00:00,44.61,44.61,43.84,44.2,27521554
2025-12-16 05:00:00+00:00,43.85,43.87,42.81,42.85,49312410
2025-12-17 05:00:00+00:00,43.16,43.9,43.09,43.8,43375286
2025-12-18 05:00:00+00:00,43.67,43.73,43.01,43.16,29920197
2025-12-19 05:00:00+00:00,43.28,43.55,43.06,43.16,31959550
2025-12-22 05:00:00+00:00,43.54,43.88,43.49,43.61,23707420
2025-12-23 05:00:00+00:00,43.77,43.94,43.62,43.89,19137538
2025-12-24 05:00:00+00:00,43.81,43.95,43.71,43.77,11293864
2025-12-26 05:00:00+00:00,43.72,43.83,43.39,43.6,17884483
2025-12-29 05:00:00+00:00,43.9,44.13,43.69,44.01,31352054
2025-12-30 05:00:00+00:00,44.19,44.47,44.19,44.35,18654743
2025-12-31 05:00:00+00:00,44.32,44.41,43.96,44.1,16965922
2026-01-02 05:00:00+00:00,44.11,45.16,43.88,45.03,31935524
2026-01-05 05:00:00+00:00,46.52,46.68,45.13,46.25,94574640
2026-01-06 05:00:00+00:00,46.36,46.42,44.91,45.02,69568225
2026-01-07 05:00:00+00:00,45.2,45.2,44.47,44.52,42739166
2026-01-08 05:00:00+00:00,44.7,46.21,44.6,45.92,51451021
2026-01-09 05:00:00+00:00,46.11,46.24,45.87,46.04,38839945
2026-01-12 05:00:00+00:00,46.11,46.17,45.47,45.71,28264436
2026-01-13 05:00:00+00:00,46.09,46.75,46.04,46.36,50469235
2026-01-14 05:00:00+00:00,46.61,47.99,46.54,47.41,80750152
2026-01-15 05:00:00+00:00,46.98,47.42,46.63,46.96,49328793
2026-01-16 05:00:00+00:00,46.91,47.15,46.84,47.04,30796285
2026-01-20 05:00:00+00:00,47.44,47.65,46.85,46.95,50178699
2026-01-21 05:00:00+00:00,47.63,48.38,47.63,48.09,58996037
2026-01-22 05:00:00+00:00,47.96,48.33,47.76,48.24,50869509
2026-01-23 05:00:00+00:00,48.85,49.21,48.42,48.52,51431167
2026-01-26 05:00:00+00:00,49.19,49.21,48.28,48.55,40122625
2026-01-27 05:00:00+00:00,48.72,49.14,48.49,48.99,39840271
2026-01-28 05:00:00+00:00,49.29,49.46,48.89,49.37,41890386
2026-01-29 05:00:00+00:00,50.45,51.03,49.79,49.82,77520650
2026-01-30 05:00:00+00:00,49.67,50.39,49.2,50.36,74039404
2026-02-02 05:00:00+00:00,49.42,49.82,49.09,49.37,61479856
2026-02-03 05:00:00+00:00,49.56,51.08,49.34,50.97,83754106
2026-02-04 05:00:00+00:00,51.11,52.24,51.11,52.11,78149891
2026-02-05 05:00:00+00:00,51.55,51.78,50.74,51.5,54235648
2026-02-06 05:00:00+00:00,51.79,52.69,51.65,52.53,41669571
2026-02-09 05:00:00+00:00,52.48,52.99,52.25,52.91,38798501
2026-02-10 05:00:00+00:00,53.04,53.06,52.52,52.85,32145991
2026-02-11 05:00:00+00:00,53.54,54.36,53.51,54.23,57349665
2026-02-12 05:00:00+00:00,54.19,54.49,53.03,53.25,67427841
2026-02-13 05:00:00+00:00,53.21,53.83,53.08,53.61,48392131
2026-02-17 05:00:00+00:00,53.82,54.16,52.46,53.02,50499593
2026-02-18 05:00:00+00:00,53.79,54.11,53.48,54.03,59196116
2026-02-19 05:00:00+00:00,54.71,55.12,54.18,54.43,62513522
2026-02-20 05:00:00+00:00,54.25,54.53,53.77,54.13,50833496
2026-02-23 05:00:00+00:00,54.29,55.17,54.12,54.4,44016018
2026-02-24 05:00:00+00:00,54.36,54.47,53.66,54.35,42923813
2026-02-25 05:00:00+00:00,54.55,54.62,53.45,54.12,36209965
2026-02-26 05:00:00+00:00,53.63,54.91,53.38,54.3,47035526
2026-02-27 05:00:00+00:00,54.88,55.39,54.18,55.16,59073720
2026-03-02 05:00:00+00:00,56.98,57.09,55.5,56.26,135639251
2026-03-03 05:00:00+00:00,56.6,56.93,55.29,55.75,154774584
2026-03-04 05:00:00+00:00,55.3,55.66,54.57,55.43,70736003
2026-03-05 05:00:00+00:00,55.76,56.28,55.32,55.71,85180647
2026-03-06 05:00:00+00:00,56.37,56.56,55.41,55.8,68217969
2026-03-09 04:00:00+00:00,56.07,56.37,55.18,55.55,88751877
2026-03-10 04:00:00+00:00,55.29,55.69,54.61,54.84,88821098
2026-03-11 04:00:00+00:00,54.87,56.26,54.78,56.2,48746480
2026-03-12 04:00:00+00:00,56.35,57.42,56.28,56.73,69362113
2026-03-13 04:00:00+00:00,56.72,57.14,56.32,56.91,43377555
2026-03-16 04:00:00+00:00,56.97,57.31,56.49,57.11,39477645
2026-03-17 04:00:00+00:00,57.44,58.25,57.19,57.71,40140713
2026-03-18 04:00:00+00:00,57.94,58.17,57.64,57.64,42910789
2026-03-19 04:00:00+00:00,58.07,58.91,57.72,58.55,69234807
2026-03-20 04:00:00+00:00,58.74,59.5,58.47,58.5,73007261
2026-03-23 04:00:00+00:00,57.48,59.41,57.25,59.2,71030873
2026-03-24 04:00:00+00:00,59.37,61.03,59.34,60.4,51210832
2026-03-25 04:00:00+00:00,59.89,60.56,59.83,60.14,42684378
2026-03-26 04:00:00+00:00,60.24,61.42,60.16,61.08,54971133
2026-03-27 04:00:00+00:00,61.09,62.34,60.82,62.11,59557445
2026-03-30 04:00:00+00:00,62.68,63.01,61.34,61.52,49755153
2026-03-31 04:00:00+00:00,61.6,62.38,59.61,60.82,94771810
2026-04-01 04:00:00+00:00,59.29,60.19,57.94,58.55,96659283
2026-04-02 04:00:00+00:00,60.1,60.57,58.56,58.83,60403950
2026-04-06 04:00:00+00:00,58.69,59.26,58.47,59.25,25478378
2026-04-07 04:00:00+00:00,59.38,60.34,59.36,59.73,38814825
2026-04-08 04:00:00+00:00,56.27,57.77,55.78,57.63,88029046
2026-04-09 04:00:00+00:00,57.78,58.6,56.7,56.92,55091873
2026-04-10 04:00:00+00:00,56.76,57.06,56.0,56.53,42565114
2026-04-13 04:00:00+00:00,57.2,57.31,56.24,56.7,43104453
2026-04-14 04:00:00+00:00,56.1,56.1,55.01,55.55,58834436
2026-04-15 04:00:00+00:00,55.2,55.81,54.87,55.36,39555298
2026-04-16 04:00:00+00:00,55.44,56.47,55.37,56.18,31285241
2026-04-17 04:00:00+00:00,54.02,54.77,53.03,54.63,90919184
2026-04-20 04:00:00+00:00,54.71,55.32,54.41,54.68,35152770
2026-04-21 04:00:00+00:00,54.92,55.56,54.53,55.47,41302565
2026-04-22 04:00:00+00:00,55.96,56.37,55.73,56.14,40567963
2026-04-23 04:00:00+00:00,56.48,56.78,56.06,56.57,34709564
2026-04-24 04:00:00+00:00,56.36,56.51,55.77,56.46,36429303
2026-04-27 04:00:00+00:00,56.69,57.27,56.22,56.36,33073135
2026-04-28 04:00:00+00:00,57.31,57.63,56.96,57.3,39153940
2026-04-29 04:00:00+00:00,57.86,58.69,57.64,58.61,40619238
2026-04-30 04:00:00+00:00,57.78,59.41,57.52,59.22,35899176
2026-05-01 04:00:00+00:00,58.64,59.17,57.84,58.43,35831621
2026-05-04 04:00:00+00:00,58.31,59.2,57.8,58.96,36820071
2026-05-05 04:00:00+00:00,58.81,59.33,58.47,59.02,27043956
2026-05-06 04:00:00+00:00,56.88,57.48,56.25,56.59,57911583
2026-05-07 04:00:00+00:00,55.47,55.75,54.74,55.55,52913468
2026-05-08 04:00:00+00:00,55.45,55.82,55.06,55.3,30576370
2026-05-11 04:00:00+00:00,55.86,56.81,55.84,56.76,31946560
2026-05-12 04:00:00+00:00,57.32,57.43,56.73,57.16,36817141
2026-05-13 04:00:00+00:00,57.06,57.3,56.55,57.22,22709793
2026-05-14 04:00:00+00:00,57.24,57.76,57.09,57.65,23489351
2026-05-15 04:00:00+00:00,58.28,59.04,58.06,59.01,33568291
2026-05-18 04:00:00+00:00,58.7,60.27,58.3,60.15,41519997
2026-05-19 04:00:00+00:00,60.37,61.05,59.86,60.85,31113841
2026-05-20 04:00:00+00:00,60.37,61.26,59.25,59.37,61779714
2026-05-21 04:00:00+00:00,60.05,60.16,58.29,58.71,45853720
2026-05-22 04:00:00+00:00,58.57,59.18,58.41,59.06,42431375
2026-05-26 04:00:00+00:00,58.45,59.14,57.42,57.44,38823918
2026-05-27 04:00:00+00:00,56.6,57.09,56.07,56.58,48332714
2026-05-28 04:00:00+00:00,57.14,57.27,56.27,56.54,46556675
2026-05-29 04:00:00+00:00,56.27,56.38,55.59,55.89,32392670
2026-06-01 04:00:00+00:00,56.62,57.4,56.44,56.89,55882499
2026-06-02 04:00:00+00:00,56.78,57.75,56.67,57.55,23844954
2026-06-03 04:00:00+00:00,57.82,58.95,57.59,58.29,46315280
2026-06-04 04:00:00+00:00,58.08,58.6,57.75,58.33,23918886
2026-06-05 04:00:00+00:00,58.25,58.36,57.22,57.26,28215614
2026-06-08 04:00:00+00:00,57.66,58.54,57.56,57.91,25720376
2026-06-09 04:00:00+00:00,57.66,57.79,56.4,56.98,45873585
2026-06-10 04:00:00+00:00,57.53,58.62,57.37,57.83,36517494
2026-06-11 04:00:00+00:00,58.35,58.57,56.65,56.71,40865540
2026-06-12 04:00:00+00:00,56.38,57.73,56.22,57.14,31967016
2026-06-15 04:00:00+00:00,54.8,55.65,54.63,55.15,44323404
2026-06-16 04:00:00+00:00,54.61,55.08,54.56,54.96,42011340
2026-06-17 04:00:00+00:00,54.86,54.96,54.15,54.28,38555633
2026-06-18 04:00:00+00:00,53.75,53.86,52.86,53.39,39648754
2026-06-22 04:00:00+00:00,53.53,54.13,53.165,54.06,30768633
2026-06-23 04:00:00+00:00,54.14,54.56,53.87,54.46,38692650
2026-06-24 04:00:00+00:00,53.5,53.765,52.94,53.57,43037246
2026-06-25 04:00:00+00:00,53.2,54.315,53.0,54.09,28241048
2026-06-26 04:00:00+00:00,54.0,54.15,53.675,53.84,19027442
2026-06-29 04:00:00+00:00,53.98,54.28,53.47,53.58,25145002
2026-06-30 04:00:00+00:00,53.62,54.115,53.08,53.11,28286385
2026-07-01 04:00:00+00:00,53.045,53.44,52.62,52.81,33665330
2026-07-02 04:00:00+00:00,53.24,53.65,52.91,53.22,28540343
2026-07-06 04:00:00+00:00,53.058,53.55,53.0,53.13,24738213
2026-07-07 04:00:00+00:00,53.61,54.82,53.6,54.64,41835975
2026-07-08 04:00:00+00:00,55.455,56.035,54.865,55.6,39743936
2026-07-09 04:00:00+00:00,55.28,55.48,54.73,54.82,21773683
2026-07-10 04:00:00+00:00,55.08,55.24,54.36,55.08,22976607
2026-07-13 04:00:00+00:00,55.86,56.97,55.86,56.74,41203133
2026-07-14 04:00:00+00:00,57.0,57.22,56.29,56.95,32581080
2026-07-15 04:00:00+00:00,56.94,57.04,55.76,56.5,33186512
2026-07-16 04:00:00+00:00,56.66,57.3,56.595,57.02,27479570
2026-07-17 04:00:00+00:00,57.95,58.115,57.28,57.68,31400162
2026-07-20 04:00:00+00:00,57.555,58.385,57.41,57.94,27324163
2026-07-21 04:00:00+00:00,58.16,58.53,57.83,58.5,20304885
2026-07-22 04:00:00+00:00,59.27,59.52,58.9,59.2,29542217
2026-07-23 04:00:00+00:00,60.244,60.3768,59.265,59.38,35829738
2026-07-24 04:00:00+00:00,59.4,60.45,59.4,59.62,34171657
2026-07-27 04:00:00+00:00,58.41,59.2799,58.23,58.36,33827437
2026-07-28 04:00:00+00:00,58.41,58.79,57.25,57.57,27802514
2026-07-29 04:00:00+00:00,59.08,59.3,58.42,58.65,34174818
2026-07-30 04:00:00+00:00,58.08,59.105,58.02,58.96,23047734
2026-07-31 04:00:00+00:00,58.93,59.685,58.32,59.55,23537721
2026-08-03 04:00:00+00:00,58.69,59.325,58.16,58.79,25971755
