timestamp,open,high,low,close,volume
2017-02-01 05:00:00+00:00,50.54,50.62,50.18,50.46,12340404
2017-02-02 05:00:00+00:00,50.31,50.445,50.1,50.36,9146543
2017-02-03 05:00:00+00:00,50.55,50.755,50.54,50.69,7120505
2017-02-06 05:00:00+00:00,50.62,50.725,50.49,50.72,6826876
2017-02-07 05:00:00+00:00,50.82,50.98,50.78,50.92,11753312
2017-02-08 05:00:00+00:00,50.91,51.09,50.775,51.01,6488122
2017-02-09 05:00:00+00:00,51.04,51.3,51.01,51.17,4976557
2017-02-10 05:00:00+00:00,51.29,51.4,51.155,51.32,4402208
2017-02-13 05:00:00+00:00,51.41,51.61,51.34,51.55,6871321
2017-02-14 05:00:00+00:00,51.49,51.72,51.34,51.72,7180786
2017-02-15 05:00:00+00:00,51.68,51.93,51.63,51.89,6765567
2017-02-16 05:00:00+00:00,51.96,52.15,51.885,52.01,7412168
2017-02-17 05:00:00+00:00,51.95,52.19,51.87,52.19,7378608
2017-02-21 05:00:00+00:00,52.3,52.48,52.22,52.46,7900414
2017-02-22 05:00:00+00:00,52.41,52.56,52.3,52.52,7211992
2017-02-23 05:00:00+00:00,52.59,52.63,52.28,52.51,6860686
2017-02-24 05:00:00+00:00,52.2,52.65,52.17,52.63,7956081
2017-02-27 05:00:00+00:00,52.62,52.62,52.48,52.6,8256869
2017-02-28 05:00:00+00:00,52.51,52.56,52.27,52.35,8337579
2017-03-01 05:00:00+00:00,52.67,53.16,52.55,53.09,9743609
2017-03-02 05:00:00+00:00,53.04,53.05,52.71,52.74,7873482
2017-03-03 05:00:00+00:00,52.7,52.86,52.59,52.86,8115864
2017-03-06 05:00:00+00:00,52.66,52.87,52.55,52.78,6830458
2017-03-07 05:00:00+00:00,52.74,53.0,52.7,52.78,7080348
2017-03-08 05:00:00+00:00,52.84,53.0,52.765,52.84,5853566
2017-03-09 05:00:00+00:00,52.85,52.91,52.57,52.83,8305650
2017-03-10 05:00:00+00:00,53.08,53.22,52.89,53.11,7459800
2017-03-13 04:00:00+00:00,53.11,53.22,53.06,53.16,8099283
2017-03-14 04:00:00+00:00,53.12,53.12,52.835,53.04,7700492
2017-03-15 04:00:00+00:00,53.12,53.49,52.96,53.4,9780437
2017-03-16 04:00:00+00:00,53.6,53.6151,53.3713,53.43,12807596
2017-03-17 04:00:00+00:00,53.43,53.51,53.32,53.34,7186366
2017-03-20 04:00:00+00:00,53.35,53.5087,53.24,53.39,4541941
2017-03-21 04:00:00+00:00,53.53,53.66,52.59,52.61,15354853
2017-03-22 04:00:00+00:00,52.62,53.02,52.55,52.94,12221437
2017-03-23 04:00:00+00:00,52.86,53.02,52.715,52.8,11886579
2017-03-24 04:00:00+00:00,52.98,53.16,52.655,52.84,13305556
2017-03-27 04:00:00+00:00,52.4,52.95,52.33,52.84,7006394
2017-03-28 04:00:00+00:00,52.79,53.34,52.7,53.22,8912093
2017-03-29 04:00:00+00:00,53.2,53.34,53.08,53.31,5907758
2017-03-30 04:00:00+00:00,53.27,53.4752,53.23,53.41,9608902
2017-03-31 04:00:00+00:00,53.36,53.49,53.2543,53.31,6260268
2017-04-03 04:00:00+00:00,53.36,53.44,52.935,53.26,13190263
2017-04-04 04:00:00+00:00,53.04,53.3,53.02,53.3,7754913
2017-04-05 04:00:00+00:00,53.35,53.71,53.03,53.08,11566534
2017-04-06 04:00:00+00:00,53.14,53.25,52.96,53.09,7301150
2017-04-07 04:00:00+00:00,53.01,53.2,52.87,53.06,6719959
2017-04-10 04:00:00+00:00,53.09,53.215,52.8549,52.96,5032253
2017-04-11 04:00:00+00:00,52.87,52.945,52.33,52.76,8627420
2017-04-12 04:00:00+00:00,52.71,52.765,52.475,52.58,8894043
2017-04-13 04:00:00+00:00,52.52,52.87,52.37,52.37,10697521
2017-04-17 04:00:00+00:00,52.53,52.87,52.53,52.85,7381545
2017-04-18 04:00:00+00:00,52.71,52.9411,52.63,52.84,6385401
2017-04-19 04:00:00+00:00,52.92,53.11,52.7,52.8,7474823
2017-04-20 04:00:00+00:00,52.94,53.365,52.86,53.28,8046981
2017-04-21 04:00:00+00:00,53.3,53.31,53.07,53.17,7796950
2017-04-24 04:00:00+00:00,53.75,53.8399,53.63,53.8,8609534
2017-04-25 04:00:00+00:00,54.02,54.1872,53.925,54.08,11028405
2017-04-26 04:00:00+00:00,54.12,54.21,53.97,54.02,9342479
2017-04-27 04:00:00+00:00,54.16,54.28,54.105,54.24,9269372
2017-04-28 04:00:00+00:00,54.41,54.49,54.25,54.38,12804677
2017-05-01 04:00:00+00:00,54.58,54.855,54.48,54.79,8038689
2017-05-02 04:00:00+00:00,54.9,54.99,54.71,54.91,7966730
2017-05-03 04:00:00+00:00,54.73,54.8499,54.5601,54.81,7677601
2017-05-04 04:00:00+00:00,54.83,54.86,54.59,54.77,7749296
2017-05-05 04:00:00+00:00,54.86,54.985,54.725,54.97,7229189
2017-05-08 04:00:00+00:00,55.01,55.2396,54.91,55.21,7660193
2017-05-09 04:00:00+00:00,55.27,55.425,55.17,55.28,8442122
2017-05-10 04:00:00+00:00,55.34,55.53,55.215,55.49,5408033
2017-05-11 04:00:00+00:00,55.32,55.45,55.1,55.42,10270144
2017-05-12 04:00:00+00:00,55.47,55.59,55.41,55.56,4934168
2017-05-15 04:00:00+00:00,55.63,55.87,55.6,55.87,11433790
2017-05-16 04:00:00+00:00,56.0,56.13,55.81,56.13,9464890
2017-05-17 04:00:00+00:00,55.69,55.74,54.57,54.6,22259748
2017-05-18 04:00:00+00:00,54.46,55.13,54.37,54.92,18361059
2017-05-19 04:00:00+00:00,55.22,55.41,55.16,55.24,11369754
2017-05-22 04:00:00+00:00,55.37,55.75,55.36,55.68,15125243
2017-05-23 04:00:00+00:00,55.97,55.97,55.63,55.78,7189929
2017-05-24 04:00:00+00:00,55.93,56.02,55.795,56.01,10940155
2017-05-25 04:00:00+00:00,56.19,56.528,56.0757,56.41,6405468
2017-05-26 04:00:00+00:00,56.36,56.45,56.235,56.38,48297378
2017-05-30 04:00:00+00:00,56.4,56.6799,56.33,56.62,6426067
2017-05-31 04:00:00+00:00,56.83,56.85,56.34,56.53,15757133
2017-06-01 04:00:00+00:00,56.65,56.67,56.315,56.67,8700597
2017-06-02 04:00:00+00:00,56.88,57.2,56.695,57.19,8582392
2017-06-05 04:00:00+00:00,57.19,57.39,57.12,57.24,10916979
2017-06-06 04:00:00+00:00,57.17,57.42,57.06,57.13,8302847
2017-06-07 04:00:00+00:00,57.26,57.41,57.01,57.31,9364569
2017-06-08 04:00:00+00:00,57.41,57.48,57.12,57.44,7663938
2017-06-09 04:00:00+00:00,57.52,57.62,55.22,56.02,36933251
2017-06-12 04:00:00+00:00,55.44,55.78,54.77,55.69,36274296
2017-06-13 04:00:00+00:00,55.96,56.27,55.68,56.03,18890868
2017-06-14 04:00:00+00:00,56.31,56.32,55.355,55.82,16886558
2017-06-15 04:00:00+00:00,55.19,55.65,54.95,55.57,15840042
2017-06-16 04:00:00+00:00,55.35,55.3691,55.02,55.245,23789103
2017-06-19 04:00:00+00:00,55.67,56.11,55.64,56.07,10396467
2017-06-20 04:00:00+00:00,56.05,56.08,55.62,55.62,11136164
2017-06-21 04:00:00+00:00,55.81,55.96,55.64,55.93,12491531
2017-06-22 04:00:00+00:00,56.1,56.14,55.77,55.95,9299985
2017-06-23 04:00:00+00:00,55.9,56.4392,55.81,56.29,17414114
2017-06-26 04:00:00+00:00,56.6,56.72,55.94,56.0,9892981
2017-06-27 04:00:00+00:00,55.7,55.8,55.08,55.08,13198982
2017-06-28 04:00:00+00:00,55.29,55.82,54.92,55.77,13325500
2017-06-29 04:00:00+00:00,55.51,55.51,54.33,54.77,21481701
2017-06-30 04:00:00+00:00,55.0,55.09,54.67,54.77,16950222
2017-07-03 04:00:00+00:00,54.95,55.05,54.28,54.33,17381438
2017-07-05 04:00:00+00:00,54.54,54.985,54.36,54.85,15073192
2017-07-06 04:00:00+00:00,54.4,54.68,54.25,54.38,13071773
2017-07-07 04:00:00+00:00,54.58,55.19,54.54,55.01,9095250
2017-07-10 04:00:00+00:00,55.02,55.535,54.94,55.41,5769502
2017-07-11 04:00:00+00:00,55.35,55.62,55.14,55.54,7344039
2017-07-12 04:00:00+00:00,55.91,56.3,55.875,56.26,17287265
2017-07-13 04:00:00+00:00,56.33,56.555,56.23,56.38,8821608
2017-07-14 04:00:00+00:00,56.6,56.92,56.52,56.86,6940041
2017-07-17 04:00:00+00:00,56.91,57.03,56.76,56.87,11493507
2017-07-18 04:00:00+00:00,56.76,57.13,56.62,57.13,11105156
2017-07-19 04:00:00+00:00,57.22,57.47,57.17,57.42,6912062
2017-07-20 04:00:00+00:00,57.58,57.6,57.21,57.55,11073267
2017-07-21 04:00:00+00:00,57.34,57.48,57.23,57.47,6112207
2017-07-24 04:00:00+00:00,57.44,57.66,57.32,57.61,5500598
2017-07-25 04:00:00+00:00,57.4222,57.615,57.25,57.5,7029069
2017-07-26 04:00:00+00:00,57.81,57.82,57.53,57.72,11055475
2017-07-27 04:00:00+00:00,58.13,58.2,56.79,57.5,24760782
2017-07-28 04:00:00+00:00,57.21,57.55,57.16,57.44,11494622
2017-07-31 04:00:00+00:00,57.53,57.66,57.1,57.18,12659680
2017-08-01 04:00:00+00:00,57.45,57.5,57.24,57.44,9560406
2017-08-02 04:00:00+00:00,58.05,58.05,57.25,57.61,14015743
2017-08-03 04:00:00+00:00,57.69,57.69,57.305,57.45,11869036
2017-08-04 04:00:00+00:00,57.6,57.785,57.48,57.62,5064100
2017-08-07 04:00:00+00:00,57.69,57.96,57.665,57.96,8919806
2017-08-08 04:00:00+00:00,57.88,58.33,57.72,57.88,11491994
2017-08-09 04:00:00+00:00,57.51,57.89,57.48,57.85,7170604
2017-08-10 04:00:00+00:00,57.54,57.6,56.675,56.71,15344737
2017-08-11 04:00:00+00:00,56.8,57.285,56.73,57.115,17001708
2017-08-14 04:00:00+00:00,57.62,58.09,57.5,58.01,10217207
2017-08-15 04:00:00+00:00,58.13,58.225,57.92,58.1,7632067
2017-08-16 04:00:00+00:00,58.19,58.48,58.08,58.27,9653019
2017-08-17 04:00:00+00:00,58.05,58.14,57.13,57.13,13396464
2017-08-18 04:00:00+00:00,57.13,57.47,56.85,57.07,18269483
2017-08-21 04:00:00+00:00,57.11,57.17,56.67,57.05,8147406
2017-08-22 04:00:00+00:00,57.35,57.94,57.31,57.9,8878058
2017-08-23 04:00:00+00:00,57.58,57.915,57.56,57.76,10585789
2017-08-24 04:00:00+00:00,57.9,57.9562,57.42,57.71,8533527
2017-08-25 04:00:00+00:00,57.9,58.07,57.58,57.7,8960359
2017-08-28 04:00:00+00:00,57.84,57.915,57.65,57.81,6202857
2017-08-29 04:00:00+00:00,57.34,58.135,57.27,58.06,8917891
2017-08-30 04:00:00+00:00,58.12,58.52,57.985,58.48,7774386
2017-08-31 04:00:00+00:00,58.62,58.93,58.55,58.83,9838783
2017-09-01 04:00:00+00:00,58.98,59.03,58.705,58.78,6343204
2017-09-05 04:00:00+00:00,58.61,58.715,57.87,58.26,12259660
2017-09-06 04:00:00+00:00,58.44,58.52,58.06,58.31,9406284
2017-09-07 04:00:00+00:00,58.5,58.63,58.29,58.51,8108526
2017-09-08 04:00:00+00:00,58.42,58.5,57.985,58.03,6422175
2017-09-11 04:00:00+00:00,58.49,58.91,58.49,58.85,7417019
2017-09-12 04:00:00+00:00,59.02,59.1,58.72,58.99,7967567
2017-09-13 04:00:00+00:00,58.92,58.93,58.68,58.91,8363123
2017-09-14 04:00:00+00:00,58.69,58.975,58.58,58.71,8182695
2017-09-15 04:00:00+00:00,58.45,58.79,58.35,58.74,13518251
2017-09-18 04:00:00+00:00,58.83,59.005,58.57,58.79,11334154
2017-09-19 04:00:00+00:00,58.88,59.17,58.73,59.05,5918224
2017-09-20 04:00:00+00:00,59.04,59.06,58.4,58.81,9239240
2017-09-21 04:00:00+00:00,58.79,58.79,58.3,58.49,8927041
2017-09-22 04:00:00+00:00,58.3,58.6,58.27,58.52,5693847
2017-09-25 04:00:00+00:00,58.33,58.33,57.57,57.83,14541779
2017-09-26 04:00:00+00:00,58.14,58.28,57.86,58.04,9654625
2017-09-27 04:00:00+00:00,58.3,58.81,58.21,58.63,7933614
2017-09-28 04:00:00+00:00,58.48,58.725,58.36,58.705,5827704
2017-09-29 04:00:00+00:00,58.8,59.15,58.73,59.1,14148045
2017-10-02 04:00:00+00:00,59.25,59.3773,58.901,59.19,7831568
2017-10-03 04:00:00+00:00,59.24,59.355,59.17,59.33,6639477
2017-10-04 04:00:00+00:00,59.23,59.3799,59.03,59.29,6771924
2017-10-05 04:00:00+00:00,59.47,59.87,59.44,59.86,7038685
2017-10-06 04:00:00+00:00,59.66,59.98,59.64,59.95,6067594
2017-10-09 04:00:00+00:00,60.04,60.23,60.0,60.1,7950580
2017-10-10 04:00:00+00:00,60.29,60.34,59.85,60.16,5725585
2017-10-11 04:00:00+00:00,60.08,60.38,60.08,60.36,5150448
2017-10-12 04:00:00+00:00,60.16,60.5,60.14,60.21,6386460
2017-10-13 04:00:00+00:00,60.43,60.605,60.43,60.5,6211567
2017-10-16 04:00:00+00:00,60.65,60.73,60.51,60.72,9306079
2017-10-17 04:00:00+00:00,60.7,60.72,60.52,60.72,5397349
2017-10-18 04:00:00+00:00,60.9,60.95,60.68,60.87,6241488
2017-10-19 04:00:00+00:00,60.61,60.76,60.29,60.69,7306859
2017-10-20 04:00:00+00:00,61.06,61.17,60.96,61.1,8010832
2017-10-23 04:00:00+00:00,61.2,61.25,60.74,60.81,8305963
2017-10-24 04:00:00+00:00,60.93,61.08,60.731,60.98,8187901
2017-10-25 04:00:00+00:00,60.84,61.02,60.25,60.65,9561344
2017-10-26 04:00:00+00:00,61.0,61.16,60.855,60.9,9769583
2017-10-27 04:00:00+00:00,61.88,62.71,61.88,62.54,15851850
2017-10-30 04:00:00+00:00,62.56,62.92,62.4434,62.68,8873338
2017-10-31 04:00:00+00:00,62.92,63.0756,62.67,62.95,10348942
2017-11-01 04:00:00+00:00,63.25,63.33,62.63,62.96,9878276
2017-11-02 04:00:00+00:00,62.96,63.05,62.51,62.99,10770984
2017-11-03 04:00:00+00:00,63.41,63.55,62.95,63.49,8189324
2017-11-06 05:00:00+00:00,63.45,63.65,63.41,63.63,6094662
2017-11-07 05:00:00+00:00,63.7,63.72,63.395,63.66,5909073
2017-11-08 05:00:00+00:00,63.66,64.02,63.485,64.01,10864999
2017-11-09 05:00:00+00:00,63.52,63.61,62.86,63.5,10621479
2017-11-10 05:00:00+00:00,63.42,63.55,63.265,63.5,6071920
2017-11-13 05:00:00+00:00,63.26,63.56,63.25,63.48,4453677
2017-11-14 05:00:00+00:00,63.29,63.42,62.995,63.35,7580070
2017-11-15 05:00:00+00:00,63.04,63.1266,62.705,62.88,8727526
2017-11-16 05:00:00+00:00,63.34,63.89,63.34,63.76,8079538
2017-11-17 05:00:00+00:00,63.67,63.72,63.305,63.35,9552782
2017-11-20 05:00:00+00:00,63.5,63.64,63.41,63.59,7303404
2017-11-21 05:00:00+00:00,63.84,64.3,63.79,64.26,8592726
2017-11-22 05:00:00+00:00,64.26,64.28,64.03,64.14,13934868
2017-11-24 05:00:00+00:00,64.24,64.53,64.22,64.5,5611317
2017-11-27 05:00:00+00:00,64.39,64.585,64.28,64.5,7028228
2017-11-28 05:00:00+00:00,64.6,64.77,64.34,64.71,12651409
2017-11-29 05:00:00+00:00,64.6,64.61,62.84,63.28,34093935
2017-11-30 05:00:00+00:00,63.56,64.01,63.33,63.84,22587984
2017-12-01 05:00:00+00:00,63.45,63.83,62.59,63.51,20572676
2017-12-04 05:00:00+00:00,63.91,63.94,62.43,62.49,17383135
2017-12-05 05:00:00+00:00,62.38,63.23,62.11,62.51,14213574
2017-12-06 05:00:00+00:00,62.26,63.045,62.105,62.91,13554580
2017-12-07 05:00:00+00:00,62.95,63.4199,62.91,63.3,11800064
2017-12-08 05:00:00+00:00,63.72,63.91,63.445,63.6,11810414
2017-12-11 05:00:00+00:00,63.57,64.15,63.53,64.15,13359521
2017-12-12 05:00:00+00:00,64.11,64.36,63.869,64.13,8466813
2017-12-13 05:00:00+00:00,64.35,64.46,64.07,64.15,10760798
2017-12-14 05:00:00+00:00,64.23,64.425,64.04,64.07,11242686
2017-12-15 05:00:00+00:00,64.03,64.65,63.87,64.56,23076741
2017-12-18 05:00:00+00:00,65.02,65.2,64.91,65.13,11107712
2017-12-19 05:00:00+00:00,65.0,65.0399,64.57,64.735,12393363
2017-12-20 05:00:00+00:00,65.01,65.01,64.4,64.71,9167610
2017-12-21 05:00:00+00:00,64.82,64.93,64.516,64.58,17716567
2017-12-22 05:00:00+00:00,64.47,64.595,64.37,64.54,5664930
2017-12-26 05:00:00+00:00,64.14,64.18,63.875,64.11,6311788
2017-12-27 05:00:00+00:00,64.12,64.3,64.07,64.18,5873724
2017-12-28 05:00:00+00:00,64.37,64.41,64.18,64.29,11133955
2017-12-29 05:00:00+00:00,64.33,64.35,63.9,63.95,6900549
2018-01-02 05:00:00+00:00,64.21,64.74,64.05,64.74,15299707
2018-01-03 05:00:00+00:00,64.86,65.32,64.79,65.27,12459324
2018-01-04 05:00:00+00:00,65.54,65.78,65.39,65.61,10934228
2018-01-05 05:00:00+00:00,65.95,66.36,65.82,66.3,10147739
2018-01-08 05:00:00+00:00,66.27,66.67,66.23,66.55,6876348
2018-01-09 05:00:00+00:00,66.68,66.7,66.27,66.38,10820562
2018-01-10 05:00:00+00:00,66.02,66.17,65.83,66.16,11140418
2018-01-11 05:00:00+00:00,66.3,66.45,66.14,66.42,8130234
2018-01-12 05:00:00+00:00,66.34,66.9,66.25,66.81,8497935
2018-01-16 05:00:00+00:00,67.22,67.455,66.375,66.55,19741780
2018-01-17 05:00:00+00:00,66.93,67.61,66.71,67.55,18568569
2018-01-18 05:00:00+00:00,67.55,67.845,67.49,67.67,16745713
2018-01-19 05:00:00+00:00,67.8,67.91,67.45,67.8,12452603
2018-01-22 05:00:00+00:00,67.75,68.47,67.611,68.47,9380392
2018-01-23 05:00:00+00:00,68.68,68.9,68.54,68.76,10364278
2018-01-24 05:00:00+00:00,68.94,69.06,68.0,68.23,18684980
2018-01-25 05:00:00+00:00,68.66,68.72,67.94,68.11,13182457
2018-01-26 05:00:00+00:00,68.58,69.19,68.43,69.19,10389763
2018-01-29 05:00:00+00:00,68.99,68.99,68.47,68.56,37026120
2018-01-30 05:00:00+00:00,68.0,68.34,67.7608,67.91,15174994
2018-01-31 05:00:00+00:00,68.34,68.555,68.0,68.45,17163960
2018-02-01 05:00:00+00:00,68.2,68.985,68.19,68.525,16519589
2018-02-02 05:00:00+00:00,67.74,67.8,66.47,66.495,22552100
2018-02-05 05:00:00+00:00,65.77,67.015,63.67,63.68,52215193
2018-02-06 05:00:00+00:00,62.84,65.635,62.48,65.495,47355806
2018-02-07 05:00:00+00:00,65.37,66.04,64.69,64.69,23911008
2018-02-08 05:00:00+00:00,64.87,64.99,61.99,62.01,28531843
2018-02-09 05:00:00+00:00,63.01,63.99,60.971,63.53,37700480
2018-02-12 05:00:00+00:00,64.21,65.07,63.74,64.67,18290343
2018-02-13 05:00:00+00:00,64.3,64.99,64.115,64.83,9661716
2018-02-14 05:00:00+00:00,64.47,66.125,64.43,66.02,17147813
2018-02-15 05:00:00+00:00,66.65,67.28,65.87,67.28,12822099
2018-02-16 05:00:00+00:00,67.08,67.899,67.01,67.18,10315841
2018-02-20 05:00:00+00:00,66.84,67.77,66.77,67.24,20789128
2018-02-21 05:00:00+00:00,67.5,68.065,66.8,66.81,16492843
2018-02-22 05:00:00+00:00,67.04,67.495,66.7,66.89,12261400
2018-02-23 05:00:00+00:00,67.44,68.29,67.28,68.29,10623193
2018-02-26 05:00:00+00:00,68.58,69.36,68.58,69.36,11241796
2018-02-27 05:00:00+00:00,69.39,69.705,68.66,68.66,13571901
2018-02-28 05:00:00+00:00,69.05,69.34,68.16,68.17,16788361
2018-03-01 05:00:00+00:00,68.33,68.59,66.53,67.04,21797060
2018-03-02 05:00:00+00:00,66.28,67.815,66.1,67.68,19397176
2018-03-05 05:00:00+00:00,67.36,68.6,67.21,68.37,11282898
2018-03-06 05:00:00+00:00,68.76,68.85,68.2175,68.52,10475742
2018-03-07 05:00:00+00:00,68.01,68.97,68.01,68.9,11446063
2018-03-08 05:00:00+00:00,69.11,69.26,68.77,69.2,7977014
2018-03-09 05:00:00+00:00,69.69,70.51,69.6,70.51,12626349
2018-03-12 04:00:00+00:00,70.72,71.01,70.53,70.73,13905162
2018-03-13 04:00:00+00:00,71.09,71.34,69.68,69.92,14333489
2018-03-14 04:00:00+00:00,70.27,70.33,69.51,69.86,14022036
2018-03-15 04:00:00+00:00,69.88,70.31,69.56,69.9,13882705
2018-03-16 04:00:00+00:00,69.8,70.05,69.52,69.61,12615864
2018-03-19 04:00:00+00:00,68.96,69.07,67.67,68.23,21717424
2018-03-20 04:00:00+00:00,68.06,68.4575,67.82,68.2,9742885
2018-03-21 04:00:00+00:00,68.05,68.69,67.605,67.79,11439507
2018-03-22 04:00:00+00:00,66.97,67.36,65.99,66.04,22920447
2018-03-23 04:00:00+00:00,66.0,66.29,64.25,64.28,21294084
2018-03-26 04:00:00+00:00,65.59,66.81,64.68,66.72,27812700
2018-03-27 04:00:00+00:00,67.13,67.17,64.08,64.58,32396160
2018-03-28 04:00:00+00:00,64.43,65.205,63.77,64.15,27151860
2018-03-29 04:00:00+00:00,64.61,66.07,64.16,65.42,18371976
2018-04-02 04:00:00+00:00,65.16,65.45,63.15,63.86,26634102
2018-04-03 04:00:00+00:00,64.34,64.64,63.41,64.49,18270879
2018-04-04 04:00:00+00:00,63.31,65.57,63.17,65.39,18491564
2018-04-05 04:00:00+00:00,65.99,66.09,65.22,65.66,19206826
2018-04-06 04:00:00+00:00,64.98,65.58,63.77,64.05,21043837
2018-04-09 04:00:00+00:00,64.52,65.81,64.465,64.55,11157388
2018-04-10 04:00:00+00:00,65.57,66.41,65.21,66.14,16488646
2018-04-11 04:00:00+00:00,65.73,66.34,65.64,65.75,8828743
2018-04-12 04:00:00+00:00,66.16,66.83,66.0748,66.54,10934574
2018-04-13 04:00:00+00:00,67.0,67.03,66.0,66.32,11373546
2018-04-16 04:00:00+00:00,66.78,67.08,66.39,66.83,9921964
2018-04-17 04:00:00+00:00,67.42,68.29,67.3,68.07,16159206
2018-04-18 04:00:00+00:00,68.0,68.15,67.48,67.89,10091356
2018-04-19 04:00:00+00:00,67.46,67.53,66.895,67.14,13118136
2018-04-20 04:00:00+00:00,66.94,66.99,65.925,66.21,20290686
2018-04-23 04:00:00+00:00,66.46,66.65,65.66,65.97,20124574
2018-04-24 04:00:00+00:00,66.35,66.46,64.35,64.82,17749571
2018-04-25 04:00:00+00:00,64.92,65.05,64.0,64.83,16301271
2018-04-26 04:00:00+00:00,65.64,66.27,65.37,66.01,19140089
2018-04-27 04:00:00+00:00,66.67,66.72,65.54,65.89,13227191
2018-04-30 04:00:00+00:00,66.06,66.465,65.375,65.46,8912290
2018-05-01 04:00:00+00:00,65.37,66.32,65.21,66.28,9514175
2018-05-02 04:00:00+00:00,66.7,66.95,66.09,66.21,14123137
2018-05-03 04:00:00+00:00,65.91,66.615,65.325,66.36,17222361
2018-05-04 04:00:00+00:00,66.11,67.74,66.03,67.62,11139160
2018-05-07 04:00:00+00:00,67.94,68.405,67.83,68.11,15403480
2018-05-08 04:00:00+00:00,67.98,68.3,67.67,68.24,15594221
2018-05-09 04:00:00+00:00,68.41,69.08,68.19,69.08,16041890
2018-05-10 04:00:00+00:00,69.4,70.03,69.33,69.98,11946561
2018-05-11 04:00:00+00:00,69.91,70.15,69.65,69.88,9227595
2018-05-14 04:00:00+00:00,70.11,70.42,69.795,69.87,10542675
2018-05-15 04:00:00+00:00,69.38,69.444,68.85,69.21,14500634
2018-05-16 04:00:00+00:00,69.32,69.68,69.16,69.52,6836985
2018-05-17 04:00:00+00:00,69.27,69.7401,68.875,69.16,11852533
2018-05-18 04:00:00+00:00,68.93,69.24,68.81,68.87,8358070
2018-05-21 04:00:00+00:00,69.5,69.805,69.12,69.47,15275508
2018-05-22 04:00:00+00:00,69.81,69.91,69.22,69.37,7499054
2018-05-23 04:00:00+00:00,68.8,69.88,68.79,69.88,16261684
2018-05-24 04:00:00+00:00,69.86,69.94,69.098,69.8,11804487
2018-05-25 04:00:00+00:00,69.85,70.0,69.58,69.75,9889673
2018-05-29 04:00:00+00:00,69.4,69.76,68.91,69.37,39679499
2018-05-30 04:00:00+00:00,69.72,69.97,69.519,69.87,10420151
2018-05-31 04:00:00+00:00,69.88,70.36,69.74,69.9,15824526
2018-06-01 04:00:00+00:00,70.37,71.1,70.25,71.09,13597329
2018-06-04 04:00:00+00:00,71.27,71.73,71.2,71.66,11400726
2018-06-05 04:00:00+00:00,71.84,72.04,71.64,71.91,19197027
2018-06-06 04:00:00+00:00,72.03,72.38,71.66,72.38,18657958
2018-06-07 04:00:00+00:00,72.34,72.34,71.28,71.8,20761262
2018-06-08 04:00:00+00:00,71.26,71.805,71.11,71.68,10019793
2018-06-11 04:00:00+00:00,71.72,71.99,71.56,71.76,7471189
2018-06-12 04:00:00+00:00,71.89,72.165,71.77,72.11,8039451
2018-06-13 04:00:00+00:00,72.11,72.43,71.71,71.74,16559574
2018-06-14 04:00:00+00:00,72.02,72.425,71.91,72.25,13248866
2018-06-15 04:00:00+00:00,71.74,71.83,71.29,71.72,17463705
2018-06-18 04:00:00+00:00,71.22,71.85,71.0,71.8,8354279
2018-06-19 04:00:00+00:00,70.92,71.46,70.52,71.43,13713527
2018-06-20 04:00:00+00:00,71.6,71.92,71.5,71.58,11562955
2018-06-21 04:00:00+00:00,71.86,71.9,70.865,71.0,14991368
2018-06-22 04:00:00+00:00,71.21,71.23,70.511,70.8,16516466
2018-06-25 04:00:00+00:00,70.23,70.3,68.725,69.33,18551176
2018-06-26 04:00:00+00:00,69.55,70.065,69.38,69.61,14027477
2018-06-27 04:00:00+00:00,69.83,70.15,68.64,68.66,23916726
2018-06-28 04:00:00+00:00,68.57,69.73,68.57,69.5,19510763
2018-06-29 04:00:00+00:00,69.77,70.065,69.43,69.47,10316961
2018-07-02 04:00:00+00:00,68.87,70.11,68.77,70.09,12717711
2018-07-03 04:00:00+00:00,70.3,70.35,69.21,69.26,6675656
2018-07-05 04:00:00+00:00,69.69,70.28,69.49,70.24,15131406
2018-07-06 04:00:00+00:00,70.28,71.17,70.11,71.06,13050514
2018-07-09 04:00:00+00:00,71.44,71.62,71.07,71.6,9009932
2018-07-10 04:00:00+00:00,71.61,71.97,71.61,71.77,12923041
2018-07-11 04:00:00+00:00,71.26,71.77,71.15,71.49,14786962
2018-07-12 04:00:00+00:00,71.8,72.66,71.72,72.62,12700297
2018-07-13 04:00:00+00:00,72.63,72.72,72.3032,72.54,10464027
2018-07-16 04:00:00+00:00,72.56,72.71,72.23,72.37,7906632
2018-07-17 04:00:00+00:00,71.85,73.03,71.81,72.89,7581631
2018-07-18 04:00:00+00:00,72.89,72.9,72.53,72.79,7203849
2018-07-19 04:00:00+00:00,72.61,72.89,72.4,72.53,7622297
2018-07-20 04:00:00+00:00,72.81,72.95,72.46,72.55,7369225
2018-07-23 04:00:00+00:00,72.4,72.96,72.115,72.92,12694296
2018-07-24 04:00:00+00:00,73.65,73.936,73.015,73.32,11235267
2018-07-25 04:00:00+00:00,73.34,74.24,73.23,74.24,16821056
2018-07-26 04:00:00+00:00,72.97,73.34,72.84,73.1,12754945
2018-07-27 04:00:00+00:00,73.19,73.24,71.4,71.85,37677231
2018-07-30 04:00:00+00:00,71.81,71.92,70.32,70.73,18176240
2018-07-31 04:00:00+00:00,70.95,71.38,70.525,70.92,15179206
2018-08-01 04:00:00+00:00,71.43,71.79,71.17,71.54,16207185
2018-08-02 04:00:00+00:00,70.9,72.55,70.9,72.46,13385000
2018-08-03 04:00:00+00:00,72.48,72.72,72.15,72.72,7433076
2018-08-06 04:00:00+00:00,72.69,73.15,72.515,73.13,7782038
2018-08-07 04:00:00+00:00,73.37,73.645,73.26,73.39,10390731
2018-08-08 04:00:00+00:00,73.35,73.73,73.16,73.59,7321686
2018-08-09 04:00:00+00:00,73.66,73.9,73.56,73.62,13912634
2018-08-10 04:00:00+00:00,73.07,73.38,72.82,73.03,11864609
2018-08-13 04:00:00+00:00,73.14,73.7,72.91,72.93,13071680
2018-08-14 04:00:00+00:00,73.18,73.4662,72.77,73.38,9620957
2018-08-15 04:00:00+00:00,72.92,73.19,72.15,72.72,18152886
2018-08-16 04:00:00+00:00,73.28,73.48,72.88,73.04,9411745
2018-08-17 04:00:00+00:00,72.82,73.35,72.58,73.15,9143989
2018-08-20 04:00:00+00:00,73.32,73.34,72.75,73.04,10706728
2018-08-21 04:00:00+00:00,73.24,73.62,73.07,73.16,8214475
2018-08-22 04:00:00+00:00,72.94,73.49,72.83,73.38,6517853
2018-08-23 04:00:00+00:00,73.25,73.94,73.25,73.54,10513952
2018-08-24 04:00:00+00:00,73.74,74.3,73.73,74.28,6822753
2018-08-27 04:00:00+00:00,74.68,75.0,74.48,74.96,8516247
2018-08-28 04:00:00+00:00,75.11,75.255,74.88,75.09,7914950
2018-08-29 04:00:00+00:00,75.18,75.82,75.17,75.77,12545406
2018-08-30 04:00:00+00:00,75.56,76.03,75.31,75.54,10703692
2018-08-31 04:00:00+00:00,75.47,75.8,75.34,75.6,10583694
2018-09-04 04:00:00+00:00,75.25,75.42,74.8,75.32,11637594
2018-09-05 04:00:00+00:00,75.21,75.27,73.99,74.37,17842175
2018-09-06 04:00:00+00:00,74.26,74.42,73.25,73.83,14233818
2018-09-07 04:00:00+00:00,73.35,74.17,73.27,73.58,14538852
2018-09-10 04:00:00+00:00,73.85,73.95,73.405,73.81,18907808
2018-09-11 04:00:00+00:00,73.6,74.6,73.42,74.44,13782169
2018-09-12 04:00:00+00:00,74.28,74.29,73.53,74.13,16660084
2018-09-13 04:00:00+00:00,74.59,75.19,74.57,75.0,14175667
2018-09-14 04:00:00+00:00,75.07,75.265,74.6,74.94,9524333
2018-09-17 04:00:00+00:00,74.83,74.96,73.92,74.0,16713397
2018-09-18 04:00:00+00:00,73.91,74.83,73.91,74.47,9965556
2018-09-19 04:00:00+00:00,74.46,74.71,73.86,74.28,10647923
2018-09-20 04:00:00+00:00,74.72,75.235,74.49,75.16,14213278
2018-09-21 04:00:00+00:00,75.19,75.31,74.58,74.61,24761772
2018-09-24 04:00:00+00:00,74.25,74.99,73.96,74.98,18055623
2018-09-25 04:00:00+00:00,74.89,75.042,74.58,74.89,10715099
2018-09-26 04:00:00+00:00,74.97,75.3,74.48,74.61,13607547
2018-09-27 04:00:00+00:00,74.88,75.255,74.88,75.05,15762567
2018-09-28 04:00:00+00:00,74.84,75.4,74.8,75.33,11920984
2018-10-01 04:00:00+00:00,75.81,75.995,75.46,75.69,10708092
2018-10-02 04:00:00+00:00,75.6,76.13,75.36,75.7,15335304
2018-10-03 04:00:00+00:00,75.96,76.265,75.785,75.93,13572424
2018-10-04 04:00:00+00:00,75.56,75.62,74.07,74.55,24267887
2018-10-05 04:00:00+00:00,74.53,74.76,72.9045,73.62,23874304
2018-10-08 04:00:00+00:00,73.27,73.495,71.955,72.79,20446606
2018-10-09 04:00:00+00:00,72.76,73.48,72.605,73.05,15244388
2018-10-10 04:00:00+00:00,72.61,72.62,69.46,69.51,46022171
2018-10-11 04:00:00+00:00,69.31,70.49,68.07,68.63,70243954
2018-10-12 04:00:00+00:00,70.57,71.055,69.45,70.83,36451709
2018-10-15 04:00:00+00:00,70.57,70.63,69.63,69.67,19477438
2018-10-16 04:00:00+00:00,70.55,72.0,70.38,71.77,21643689
2018-10-17 04:00:00+00:00,71.86,71.91,70.8,71.44,25997643
2018-10-18 04:00:00+00:00,71.12,71.17,69.62,70.04,23315811
2018-10-19 04:00:00+00:00,70.45,71.21,69.75,70.01,22295178
2018-10-22 04:00:00+00:00,70.34,71.05,69.92,70.59,16251665
2018-10-23 04:00:00+00:00,69.12,70.69,68.42,70.32,24286134
2018-10-24 04:00:00+00:00,70.14,70.31,67.09,67.17,35531726
2018-10-25 04:00:00+00:00,68.13,69.84,68.02,69.4,24081893
2018-10-26 04:00:00+00:00,67.75,69.33,67.11,68.09,44301732
2018-10-29 04:00:00+00:00,69.03,69.52,65.59,66.94,35879259
2018-10-30 04:00:00+00:00,66.88,67.925,66.31,67.69,30754856
2018-10-31 04:00:00+00:00,68.7,69.85,68.67,69.3,21675155
2018-11-01 04:00:00+00:00,69.4,70.16,68.81,70.11,15993167
2018-11-02 04:00:00+00:00,69.57,69.98,68.16,68.74,20552280
2018-11-05 05:00:00+00:00,68.7,68.81,67.68,68.69,14535459
2018-11-06 05:00:00+00:00,68.61,69.43,68.55,69.1,9332079
2018-11-07 05:00:00+00:00,69.9,71.13,69.81,71.13,17668710
2018-11-08 05:00:00+00:00,70.86,71.16,70.62,71.07,10747981
2018-11-09 05:00:00+00:00,70.46,70.52,69.25,69.84,13323108
2018-11-12 05:00:00+00:00,69.2,69.32,67.3,67.38,16995022
2018-11-13 05:00:00+00:00,67.54,68.62,67.26,67.46,15817712
2018-11-14 05:00:00+00:00,68.21,68.35,66.3065,66.63,19756394
2018-11-15 05:00:00+00:00,66.76,68.48,66.37,68.32,26540817
2018-11-16 05:00:00+00:00,67.52,68.62,67.38,68.21,18262023
2018-11-19 05:00:00+00:00,67.89,67.96,65.43,65.61,20316230
2018-11-20 05:00:00+00:00,63.78,65.07,63.38,64.2,29143401
2018-11-21 05:00:00+00:00,65.07,65.33,64.4,64.67,16704816
2018-11-23 05:00:00+00:00,63.98,64.79,63.9465,64.08,5520115
2018-11-26 05:00:00+00:00,64.92,65.53,64.575,65.53,12813951
2018-11-27 05:00:00+00:00,65.08,65.76,64.7,65.66,11649310
2018-11-28 05:00:00+00:00,66.32,67.96,66.07,67.96,17398103
2018-11-29 05:00:00+00:00,67.75,67.85,66.94,67.3,14311120
2018-11-30 05:00:00+00:00,67.34,67.99,67.01,67.94,16887894
2018-12-03 05:00:00+00:00,69.64,69.71,68.69,69.44,16643715
2018-12-04 05:00:00+00:00,68.95,69.1,66.65,66.81,21941923
2018-12-06 05:00:00+00:00,65.24,66.96,64.91,66.96,22182806
2018-12-07 05:00:00+00:00,66.64,66.945,64.3,64.6,20536172
2018-12-10 05:00:00+00:00,64.24,65.74,63.87,65.49,20709990
2018-12-11 05:00:00+00:00,66.51,66.6362,65.04,65.57,15996484
2018-12-12 05:00:00+00:00,66.63,67.12,66.05,66.08,17094941
2018-12-13 05:00:00+00:00,66.4,66.89,65.81,66.19,12951001
2018-12-14 05:00:00+00:00,65.4,65.76,64.51,64.57,15767700
2018-12-17 05:00:00+00:00,64.33,64.77,62.69,63.2,24029548
2018-12-18 05:00:00+00:00,63.69,64.25,63.19,63.7,19802036
2018-12-19 05:00:00+00:00,63.61,64.74,61.76,62.44,34631988
2018-12-20 05:00:00+00:00,62.17,62.8,60.43,61.32,39692898
2018-12-21 05:00:00+00:00,61.07,61.82,58.94,59.2,41271097
2018-12-24 05:00:00+00:00,58.64,59.36,57.57,57.62,21436085
2018-12-26 05:00:00+00:00,58.02,61.1,57.69,61.05,29369184
2018-12-27 05:00:00+00:00,60.25,61.56,59.0838,61.54,23628651
2018-12-28 05:00:00+00:00,61.99,62.4218,60.87,61.4,19979155
2018-12-31 05:00:00+00:00,61.93,62.21,61.46,61.98,17215838
2019-01-02 05:00:00+00:00,60.71,62.39,60.63,62.02,15572477
2019-01-03 05:00:00+00:00,60.44,60.48,58.81,58.89,25834752
2019-01-04 05:00:00+00:00,59.97,61.7579,59.78,61.5,21205424
2019-01-07 05:00:00+00:00,61.5,62.47,61.36,62.05,12107847
2019-01-08 05:00:00+00:00,62.65,62.87,61.83,62.57,13115968
2019-01-09 05:00:00+00:00,62.91,63.71,62.84,63.38,14226278
2019-01-10 05:00:00+00:00,62.88,63.69,62.59,63.66,11152671
2019-01-11 05:00:00+00:00,63.29,63.575,63.15,63.54,7811831
2019-01-14 05:00:00+00:00,62.98,63.17,62.73,62.95,7363618
2019-01-15 05:00:00+00:00,63.15,64.03,63.04,63.9,14490804
2019-01-16 05:00:00+00:00,63.97,64.35,63.84,63.96,9588633
2019-01-17 05:00:00+00:00,63.73,64.74,63.56,64.37,10191414
2019-01-18 05:00:00+00:00,65.01,65.48,64.59,65.35,14229436
2019-01-22 05:00:00+00:00,64.82,64.93,63.74,64.25,15250192
2019-01-23 05:00:00+00:00,64.52,64.995,63.75,64.47,9741816
2019-01-24 05:00:00+00:00,64.7,65.24,64.67,65.01,15500739
2019-01-25 05:00:00+00:00,65.5,66.125,65.26,65.93,10794834
2019-01-28 05:00:00+00:00,64.95,65.07,64.51,65.05,9860667
2019-01-29 05:00:00+00:00,65.18,65.19,64.25,64.39,9187143
2019-01-30 05:00:00+00:00,65.42,66.54,65.13,66.32,17992758
2019-01-31 05:00:00+00:00,66.01,66.64,65.8,66.28,18526062
2019-02-01 05:00:00+00:00,66.31,67.03,66.21,66.67,9934891
2019-02-04 05:00:00+00:00,66.76,67.75,66.71,67.74,7786588
2019-02-05 05:00:00+00:00,67.97,68.48,67.89,68.32,13327341
2019-02-06 05:00:00+00:00,68.39,68.73,68.125,68.54,10958801
2019-02-07 05:00:00+00:00,67.91,68.2,67.14,67.6,15021081
2019-02-08 05:00:00+00:00,66.99,67.99,66.95,67.99,8683307
2019-02-11 05:00:00+00:00,68.2,68.41,67.8,67.96,7591432
2019-02-12 05:00:00+00:00,68.43,68.9472,68.33,68.86,10292704
2019-02-13 05:00:00+00:00,69.2,69.45,68.91,68.95,9672205
2019-02-14 05:00:00+00:00,68.69,69.315,68.64,69.07,9876390
2019-02-15 05:00:00+00:00,69.59,69.69,69.23,69.62,7534154
2019-02-19 05:00:00+00:00,69.34,69.85,69.27,69.64,8464306
2019-02-20 05:00:00+00:00,69.7,70.005,69.35,69.72,9988158
2019-02-21 05:00:00+00:00,69.55,70.025,69.32,69.75,9851319
2019-02-22 05:00:00+00:00,70.07,70.68,70.05,70.64,13444719
2019-02-25 05:00:00+00:00,71.17,71.47,70.93,70.98,21530065
2019-02-26 05:00:00+00:00,70.73,71.33,70.67,71.13,15817191
2019-02-27 05:00:00+00:00,70.86,71.15,70.33,71.06,9884065
2019-02-28 05:00:00+00:00,70.8,71.13,70.68,70.86,9682672
2019-03-01 05:00:00+00:00,71.42,71.53,70.77,71.34,12519109
2019-03-04 05:00:00+00:00,71.64,71.815,70.28,71.07,16091323
2019-03-05 05:00:00+00:00,71.03,71.12,70.64,70.86,9158524
2019-03-06 05:00:00+00:00,70.81,70.89,70.4,70.49,14329026
2019-03-07 05:00:00+00:00,70.29,70.35,69.59,69.82,18975559
2019-03-08 05:00:00+00:00,68.98,69.87,68.84,69.81,13088130
2019-03-11 04:00:00+00:00,70.06,71.375,70.06,71.31,15340535
2019-03-12 04:00:00+00:00,71.51,71.975,71.29,71.73,18257689
2019-03-13 04:00:00+00:00,72.04,72.625,72.0,72.2,18468746
2019-03-14 04:00:00+00:00,72.32,72.57,72.1452,72.35,10861132
2019-03-15 04:00:00+00:00,72.37,73.32,72.32,72.99,21628297
2019-03-18 04:00:00+00:00,73.04,73.49,72.845,73.3,14989898
2019-03-19 04:00:00+00:00,73.6,73.8,73.16,73.45,16324450
2019-03-20 04:00:00+00:00,73.37,73.85,72.81,73.25,13917484
2019-03-21 04:00:00+00:00,73.26,75.25,73.245,75.07,31491245
2019-03-22 04:00:00+00:00,74.7,75.01,73.285,73.33,27076342
2019-03-25 04:00:00+00:00,73.08,73.49,72.53,73.0,22406030
2019-03-26 04:00:00+00:00,73.64,74.11,72.975,73.4,14073929
2019-03-27 04:00:00+00:00,73.51,73.79,72.34,73.0,16004033
2019-03-28 04:00:00+00:00,73.2,73.58,72.83,73.28,10750769
2019-03-29 04:00:00+00:00,73.89,74.03,73.53,73.99,14842391
2019-04-01 04:00:00+00:00,74.72,75.1,74.3,75.03,13021582
2019-04-02 04:00:00+00:00,75.07,75.37,74.84,75.27,12795314
2019-04-03 04:00:00+00:00,75.72,76.26,75.58,75.88,14189953
2019-04-04 04:00:00+00:00,75.85,76.05,75.11,75.56,11700043
2019-04-05 04:00:00+00:00,75.81,76.0,75.6843,75.92,6881171
2019-04-08 04:00:00+00:00,75.74,76.25,75.42,76.21,7427633
2019-04-09 04:00:00+00:00,75.88,76.155,75.68,75.85,15662935
2019-04-10 04:00:00+00:00,75.92,76.4,75.88,76.38,8899519
2019-04-11 04:00:00+00:00,76.54,76.56,76.12,76.28,7768139
2019-04-12 04:00:00+00:00,76.71,76.81,76.28,76.81,8814567
2019-04-15 04:00:00+00:00,76.81,77.0,76.37,76.78,10034679
2019-04-16 04:00:00+00:00,77.02,77.25,76.8,77.17,9752861
2019-04-17 04:00:00+00:00,77.66,77.7,77.22,77.6,12444843
2019-04-18 04:00:00+00:00,77.77,77.84,77.24,77.82,11797143
2019-04-22 04:00:00+00:00,77.46,78.03,77.39,78.0,8574564
2019-04-23 04:00:00+00:00,78.12,78.9499,78.04,78.85,17499097
2019-04-24 04:00:00+00:00,78.91,79.24,78.76,78.88,11073620
2019-04-25 04:00:00+00:00,79.24,79.46,78.44,78.86,11963348
2019-04-26 04:00:00+00:00,78.38,78.58,77.725,78.56,11213238
2019-04-29 04:00:00+00:00,78.57,78.8299,78.49,78.6,10759928
2019-04-30 04:00:00+00:00,78.54,78.82,78.1035,78.71,19061142
2019-05-01 04:00:00+00:00,79.5,79.7,78.5,78.51,15717586
2019-05-02 04:00:00+00:00,78.49,79.055,77.68,78.1,25777751
2019-05-03 04:00:00+00:00,78.38,78.91,78.27,78.84,13863044
2019-05-06 04:00:00+00:00,76.96,78.36,76.66,78.23,13365454
2019-05-07 04:00:00+00:00,77.35,77.65,75.85,76.55,21433964
2019-05-08 04:00:00+00:00,76.3,77.12,76.17,76.46,13962397
2019-05-09 04:00:00+00:00,75.51,76.19,74.66,75.94,20144708
2019-05-10 04:00:00+00:00,75.45,76.52,74.3647,76.18,19775808
2019-05-13 04:00:00+00:00,74.03,74.47,73.1,73.31,27088620
2019-05-14 04:00:00+00:00,73.68,74.95,73.62,74.49,20004863
2019-05-15 04:00:00+00:00,73.97,75.53,73.85,75.3,15345591
2019-05-16 04:00:00+00:00,75.35,76.54,75.25,75.99,16200139
2019-05-17 04:00:00+00:00,75.21,76.4,75.2,75.38,13788882
2019-05-20 04:00:00+00:00,74.11,74.69,73.705,74.07,15045424
2019-05-21 04:00:00+00:00,74.85,75.22,74.6801,74.98,16871609
2019-05-22 04:00:00+00:00,74.49,75.04,74.45,74.59,11998004
2019-05-23 04:00:00+00:00,73.58,73.62,72.7404,73.28,16655495
2019-05-24 04:00:00+00:00,73.68,74.06,73.22,73.3,12781512
2019-05-28 04:00:00+00:00,73.53,74.0,73.05,73.06,27164130
2019-05-29 04:00:00+00:00,72.55,73.01,72.17,72.66,15163762
2019-05-30 04:00:00+00:00,72.83,73.255,72.61,73.11,11751605
2019-05-31 04:00:00+00:00,72.23,72.57,71.86,71.89,12450268
2019-06-03 04:00:00+00:00,72.0,72.4,70.145,70.63,20142661
2019-06-04 04:00:00+00:00,71.53,72.99,71.165,72.99,15898994
2019-06-05 04:00:00+00:00,73.96,74.11,73.1,73.96,15989321
2019-06-06 04:00:00+00:00,74.14,74.95,73.795,74.8,12250562
2019-06-07 04:00:00+00:00,75.19,76.6352,75.04,76.195,12487945
2019-06-10 04:00:00+00:00,76.74,77.69,76.74,76.97,13690364
2019-06-11 04:00:00+00:00,77.75,77.83,76.53,76.97,11657977
2019-06-12 04:00:00+00:00,76.6,76.805,76.36,76.54,7943583
2019-06-13 04:00:00+00:00,76.81,77.04,76.49,76.77,10887490
2019-06-14 04:00:00+00:00,76.07,76.35,75.77,76.1,8645037
2019-06-17 04:00:00+00:00,76.15,76.535,75.99,76.16,9567429
2019-06-18 04:00:00+00:00,76.97,77.92,76.73,77.54,16522323
2019-06-19 04:00:00+00:00,77.74,78.02,77.21,77.82,12552542
2019-06-20 04:00:00+00:00,78.96,79.22,78.2987,78.96,14176127
2019-06-21 04:00:00+00:00,78.39,78.99,78.28,78.31,23341313
2019-06-24 04:00:00+00:00,78.45,78.715,78.34,78.46,8357727
2019-06-25 04:00:00+00:00,78.42,78.49,76.925,77.02,13953598
2019-06-26 04:00:00+00:00,77.77,78.395,77.75,77.85,9254978
2019-06-27 04:00:00+00:00,78.11,78.32,77.88,78.05,7085601
2019-06-28 04:00:00+00:00,78.29,78.38,77.8,78.12,18245911
2019-07-01 04:00:00+00:00,79.83,79.93,78.95,79.28,15002859
2019-07-02 04:00:00+00:00,79.24,79.54,79.06,79.49,8161327
2019-07-03 04:00:00+00:00,79.69,80.1,79.53,80.1,5618062
2019-07-05 04:00:00+00:00,79.45,80.09,79.16,79.95,6141645
2019-07-08 04:00:00+00:00,79.34,79.435,78.9701,79.34,8054516
2019-07-09 04:00:00+00:00,78.93,79.68,78.81,79.62,9378474
2019-07-10 04:00:00+00:00,80.06,80.73,79.995,80.25,10639301
2019-07-11 04:00:00+00:00,80.45,80.855,80.28,80.53,12793345
2019-07-12 04:00:00+00:00,80.81,81.19,80.66,81.14,8368597
2019-07-15 04:00:00+00:00,81.36,81.51,81.18,81.41,6421530
2019-07-16 04:00:00+00:00,81.32,81.32,80.51,80.65,8139505
2019-07-17 04:00:00+00:00,80.8,80.98,80.43,80.44,6834842
2019-07-18 04:00:00+00:00,80.26,81.16,80.2,81.07,8171811
2019-07-19 04:00:00+00:00,81.85,81.88,80.59,80.69,12861458
2019-07-22 04:00:00+00:00,81.0,81.817,80.99,81.62,7156434
2019-07-23 04:00:00+00:00,82.14,82.15,81.46,82.07,5651461
2019-07-24 04:00:00+00:00,81.96,82.78,81.96,82.75,9449155
2019-07-25 04:00:00+00:00,82.57,82.57,81.9708,82.41,10449493
2019-07-26 04:00:00+00:00,82.45,82.75,82.37,82.59,12789369
2019-07-29 04:00:00+00:00,82.63,82.68,81.9,82.54,8567205
2019-07-30 04:00:00+00:00,81.97,82.3649,81.79,82.01,7481872
2019-07-31 04:00:00+00:00,82.45,82.54,79.9201,80.73,17469105
2019-08-01 04:00:00+00:00,80.91,82.62,79.96,80.36,29408560
2019-08-02 04:00:00+00:00,79.71,79.74,78.33,79.05,23359203
2019-08-05 04:00:00+00:00,76.94,77.05,75.14,75.75,28857118
2019-08-06 04:00:00+00:00,76.77,77.29,76.13,77.01,20926260
2019-08-07 04:00:00+00:00,76.2,77.7,75.71,77.49,21255940
2019-08-08 04:00:00+00:00,78.06,79.41,77.91,79.39,16494512
2019-08-09 04:00:00+00:00,78.92,79.139,77.89,78.49,16552615
2019-08-12 04:00:00+00:00,77.95,78.24,77.1,77.37,10348174
2019-08-13 04:00:00+00:00,77.39,79.6999,77.22,79.4,29599795
2019-08-14 04:00:00+00:00,77.94,78.29,76.76,76.97,24154035
2019-08-15 04:00:00+00:00,77.03,77.22,76.17,76.82,16718532
2019-08-16 04:00:00+00:00,77.61,78.4428,77.5,78.28,11235268
2019-08-19 04:00:00+00:00,79.51,79.7099,79.055,79.47,8159803
2019-08-20 04:00:00+00:00,79.37,79.77,79.025,79.07,8547476
2019-08-21 04:00:00+00:00,79.86,80.2,79.64,79.98,8712317
2019-08-22 04:00:00+00:00,80.21,80.39,79.1,79.81,7715218
2019-08-23 04:00:00+00:00,79.37,80.1,76.85,77.17,20804438
2019-08-26 04:00:00+00:00,78.12,78.27,77.59,78.24,10586158
2019-08-27 04:00:00+00:00,78.75,78.89,77.67,78.12,10391887
2019-08-28 04:00:00+00:00,77.7,78.32,77.14,78.19,7240303
2019-08-29 04:00:00+00:00,79.25,79.79,78.97,79.55,8281521
2019-08-30 04:00:00+00:00,80.07,80.17,78.96,79.53,10243707
2019-09-03 04:00:00+00:00,78.87,79.5685,78.28,78.56,12075682
2019-09-04 04:00:00+00:00,79.41,79.94,79.33,79.9,8137916
2019-09-05 04:00:00+00:00,80.95,81.9,80.91,81.57,10371672
2019-09-06 04:00:00+00:00,81.75,81.79,81.28,81.5,9387729
2019-09-09 04:00:00+00:00,81.88,81.92,80.46,80.89,13681621
2019-09-10 04:00:00+00:00,80.52,80.52,79.57,80.48,10113391
2019-09-11 04:00:00+00:00,80.73,81.34,80.56,81.32,9692588
2019-09-12 04:00:00+00:00,81.82,82.42,81.415,81.76,12985672
2019-09-13 04:00:00+00:00,81.63,81.63,81.07,81.16,19406145
2019-09-16 04:00:00+00:00,80.49,81.135,80.41,80.96,7828385
2019-09-17 04:00:00+00:00,81.05,81.29,80.835,81.29,8418798
2019-09-18 04:00:00+00:00,81.16,81.34,80.18,81.28,8954082
2019-09-19 04:00:00+00:00,81.53,82.18,81.35,81.46,8343359
2019-09-20 04:00:00+00:00,81.47,81.51,80.05,80.27,16056645
2019-09-23 04:00:00+00:00,80.27,80.75,80.1,80.51,8249552
2019-09-24 04:00:00+00:00,81.04,81.35,79.39,79.73,17905163
2019-09-25 04:00:00+00:00,79.62,80.9,78.89,80.68,12146297
2019-09-26 04:00:00+00:00,80.65,81.05,80.14,80.74,9657574
2019-09-27 04:00:00+00:00,80.77,80.94,79.09,79.69,12984858
2019-09-30 04:00:00+00:00,80.03,80.72,79.92,80.53,11139777
2019-10-01 04:00:00+00:00,80.89,81.43,79.75,79.78,11258553
2019-10-02 04:00:00+00:00,79.25,79.27,77.695,78.28,20726139
2019-10-03 04:00:00+00:00,78.25,79.27,77.28,79.24,19244700
2019-10-04 04:00:00+00:00,79.8,80.65,79.72,80.55,11389003
2019-10-07 04:00:00+00:00,80.25,80.88,80.15,80.21,10792355
2019-10-08 04:00:00+00:00,79.69,79.9345,78.73,78.74,14708614
2019-10-09 04:00:00+00:00,79.56,80.205,79.44,79.89,10624477
2019-10-10 04:00:00+00:00,79.83,80.78,79.77,80.46,9649018
2019-10-11 04:00:00+00:00,81.45,82.29,81.32,81.47,16295003
2019-10-14 04:00:00+00:00,81.49,81.86,81.48,81.52,5799353
2019-10-15 04:00:00+00:00,81.85,82.62,81.77,82.42,8352511
2019-10-16 04:00:00+00:00,81.97,82.0063,81.5452,81.85,10376060
2019-10-17 04:00:00+00:00,82.13,82.36,81.26,81.69,6977593
2019-10-18 04:00:00+00:00,81.57,81.695,80.38,80.91,9050242
2019-10-21 04:00:00+00:00,81.39,81.82,81.1,81.78,6639986
2019-10-22 04:00:00+00:00,81.94,82.23,80.62,80.68,9389159
2019-10-23 04:00:00+00:00,80.43,80.76,80.26,80.75,9150339
2019-10-24 04:00:00+00:00,81.61,82.0,81.305,81.93,7483394
2019-10-25 04:00:00+00:00,81.93,83.02,81.88,82.92,8925986
2019-10-28 04:00:00+00:00,83.65,84.01,83.61,83.97,7404627
2019-10-29 04:00:00+00:00,83.9,84.05,83.18,83.21,7927223
2019-10-30 04:00:00+00:00,83.46,83.82,82.9,83.72,13875117
2019-10-31 04:00:00+00:00,83.85,83.94,83.13,83.67,12051475
2019-11-01 04:00:00+00:00,83.95,84.67,83.82,84.67,10431114
2019-11-04 05:00:00+00:00,85.32,85.37,84.93,85.11,11430423
2019-11-05 05:00:00+00:00,85.35,85.38,84.72,85.01,8268095
2019-11-06 05:00:00+00:00,85.0,85.045,84.54,84.97,8672396
2019-11-07 05:00:00+00:00,85.54,86.12,85.4,85.65,15044300
2019-11-08 05:00:00+00:00,85.4,86.12,85.08,86.12,6345073
2019-11-11 05:00:00+00:00,85.63,86.28,85.52,86.16,4332404
2019-11-12 05:00:00+00:00,86.28,86.77,86.07,86.45,8363531
2019-11-13 05:00:00+00:00,86.11,86.72,86.09,86.63,7756412
2019-11-14 05:00:00+00:00,86.3,86.61,86.06,86.54,6135683
2019-11-15 05:00:00+00:00,87.15,87.24,86.88,87.24,7218660
2019-11-18 05:00:00+00:00,87.21,87.6286,86.88,87.5,6746406
2019-11-19 05:00:00+00:00,87.85,87.9268,87.35,87.67,7292422
2019-11-20 05:00:00+00:00,87.47,87.725,86.4826,87.12,12576646
2019-11-21 05:00:00+00:00,87.02,87.07,86.52,86.7,9519759
2019-11-22 05:00:00+00:00,86.95,87.09,86.245,86.59,6164623
2019-11-25 05:00:00+00:00,86.98,87.85,86.9501,87.85,7579193
2019-11-26 05:00:00+00:00,87.9,88.15,87.76,87.93,9998358
2019-11-27 05:00:00+00:00,88.2,88.42,87.935,88.42,10907287
2019-11-29 05:00:00+00:00,88.19,88.328,88.01,88.12,6517156
2019-12-02 05:00:00+00:00,88.2,88.2,86.52,86.9,11950522
2019-12-03 05:00:00+00:00,85.53,86.19,85.16,86.13,11680877
2019-12-04 05:00:00+00:00,86.69,86.76,86.35,86.48,7252277
2019-12-05 05:00:00+00:00,86.79,86.87,86.3901,86.8,8235756
2019-12-06 05:00:00+00:00,87.46,87.84,87.39,87.76,10825524
2019-12-09 05:00:00+00:00,87.61,87.89,87.3,87.3,6394067
2019-12-10 05:00:00+00:00,87.44,87.83,87.15,87.37,6564333
2019-12-11 05:00:00+00:00,87.6,88.035,87.42,87.96,5249692
2019-12-12 05:00:00+00:00,87.71,89.03,87.5,88.9,12396536
2019-12-13 05:00:00+00:00,88.81,89.69,88.64,89.49,13573356
2019-12-16 05:00:00+00:00,90.17,90.6,90.15,90.29,10730327
2019-12-17 05:00:00+00:00,90.45,90.49,89.96,90.09,7576593
2019-12-18 05:00:00+00:00,90.19,90.42,90.04,90.07,6687299
2019-12-19 05:00:00+00:00,90.13,90.73,90.1,90.72,7032644
2019-12-20 05:00:00+00:00,90.96,91.06,90.72,90.93,12028067
2019-12-23 05:00:00+00:00,91.23,91.44,91.1,91.21,8053844
2019-12-24 05:00:00+00:00,91.35,91.37,91.03,91.24,2669153
2019-12-26 05:00:00+00:00,91.43,91.94,91.37,91.92,4401176
2019-12-27 05:00:00+00:00,92.29,92.29,91.68,91.91,9730027
2019-12-30 05:00:00+00:00,91.89,91.9,90.675,91.435,8846507
2019-12-31 05:00:00+00:00,91.07,91.77,90.95,91.67,6126908
2020-01-02 05:00:00+00:00,92.5,93.39,92.32,93.39,14554329
2020-01-03 05:00:00+00:00,92.03,92.98,92.02,92.38,17635568
2020-01-06 05:00:00+00:00,91.42,92.66,91.25,92.56,8413696
2020-01-07 05:00:00+00:00,92.72,92.975,92.38,92.52,8206914
2020-01-08 05:00:00+00:00,92.62,93.92,92.45,93.51,12497781
2020-01-09 05:00:00+00:00,94.37,94.63,93.89,94.57,8196856
2020-01-10 05:00:00+00:00,94.98,95.105,94.19,94.35,8211287
2020-01-13 05:00:00+00:00,94.78,95.64,94.73,95.53,8533672
2020-01-14 05:00:00+00:00,95.65,95.74,94.925,95.1,8385171
2020-01-15 05:00:00+00:00,95.14,95.65,94.865,95.19,7505186
2020-01-16 05:00:00+00:00,95.8,96.49,95.665,96.47,6055220
2020-01-17 05:00:00+00:00,96.92,97.21,96.4,97.12,11129797
2020-01-21 05:00:00+00:00,96.82,97.64,96.8,97.08,10669308
2020-01-22 05:00:00+00:00,97.69,98.11,97.35,97.43,8225709
2020-01-23 05:00:00+00:00,97.53,97.97,97.1125,97.89,7724331
2020-01-24 05:00:00+00:00,98.61,98.83,97.09,97.43,12748403
2020-01-27 05:00:00+00:00,95.16,95.86,94.71,95.11,19697269
2020-01-28 05:00:00+00:00,95.94,97.19,95.74,96.93,17107161
2020-01-29 05:00:00+00:00,97.73,97.87,96.785,97.18,10966960
2020-01-30 05:00:00+00:00,97.14,98.11,96.55,98.04,10088761
2020-01-31 05:00:00+00:00,97.45,97.5,94.99,95.33,13821994
2020-02-03 05:00:00+00:00,95.44,96.825,95.33,96.59,13935199
2020-02-04 05:00:00+00:00,98.27,99.33,98.025,99.12,9851214
2020-02-05 05:00:00+00:00,100.75,100.8,98.98,99.7,18573905
2020-02-06 05:00:00+00:00,100.11,100.64,99.66,100.61,6886442
2020-02-07 05:00:00+00:00,100.14,100.53,99.485,99.69,8518802
2020-02-10 05:00:00+00:00,99.11,101.06,99.09,101.04,9128274
2020-02-11 05:00:00+00:00,101.81,101.9,100.395,100.7,7649045
2020-02-12 05:00:00+00:00,101.39,101.83,100.82,101.79,6421310
2020-02-13 05:00:00+00:00,100.99,102.05,100.84,101.52,7834042
2020-02-14 05:00:00+00:00,101.72,102.13,101.395,101.96,6406600
2020-02-18 05:00:00+00:00,101.14,101.8,101.03,101.58,11842369
2020-02-19 05:00:00+00:00,102.24,102.94,102.17,102.79,8549028
2020-02-20 05:00:00+00:00,102.57,102.815,100.33,101.72,13685390
2020-02-21 05:00:00+00:00,101.2,101.29,98.82,99.44,15109288
2020-02-24 05:00:00+00:00,94.67,96.71,93.8,95.33,21578399
2020-02-25 05:00:00+00:00,96.19,96.54,91.94,92.28,33352009
2020-02-26 05:00:00+00:00,92.63,94.7086,92.001,92.7,28391479
2020-02-27 05:00:00+00:00,89.66,91.56,87.64,87.7,34294431
2020-02-28 05:00:00+00:00,84.21,89.205,84.06,88.37,57464632
2020-03-02 05:00:00+00:00,89.96,93.5,88.38,93.48,35465269
2020-03-03 05:00:00+00:00,94.01,94.66,88.98,89.93,47680334
2020-03-04 05:00:00+00:00,91.87,93.82,90.6,93.79,22551064
2020-03-05 05:00:00+00:00,91.29,93.0301,90.24,90.83,24746239
2020-03-06 05:00:00+00:00,87.79,89.44,86.49,88.91,29919526
2020-03-09 04:00:00+00:00,81.58,86.0,81.5006,82.16,29923734
2020-03-10 04:00:00+00:00,85.68,87.65,82.62,87.64,35786092
2020-03-11 04:00:00+00:00,85.29,85.82,82.31,83.5,32059133
2020-03-12 04:00:00+00:00,77.44,81.9,75.0,75.35,33208347
2020-03-13 04:00:00+00:00,80.09,84.38,76.295,84.19,33002018
2020-03-16 04:00:00+00:00,71.72,79.21,71.19,72.4059,42487495
2020-03-17 04:00:00+00:00,74.27,78.44,71.94,77.5,50630792
2020-03-18 04:00:00+00:00,72.35,75.8216,70.27,72.45,53963789
2020-03-19 04:00:00+00:00,73.89,77.39,72.12,74.85,61942191
2020-03-20 04:00:00+00:00,76.26,77.04,71.18,71.42,45495994
2020-03-23 04:00:00+00:00,70.69,72.22,68.1,70.45,43214060
2020-03-24 04:00:00+00:00,74.6199,77.67,74.36,77.57,37892801
2020-03-25 04:00:00+00:00,78.2,81.09,76.02,77.51,28932060
2020-03-26 04:00:00+00:00,78.31,82.51,78.3,82.31,28439114
2020-03-27 04:00:00+00:00,79.76,81.26,78.25,78.65,29778249
2020-03-30 04:00:00+00:00,79.57,82.09,79.39,81.9,23916529
2020-03-31 04:00:00+00:00,81.71,83.18,79.95,80.37,20220970
2020-04-01 04:00:00+00:00,77.59,79.25,75.965,76.54,27582138
2020-04-02 04:00:00+00:00,76.27,78.43,75.96,78.33,22170371
2020-04-03 04:00:00+00:00,77.99,78.83,76.15,77.12,16011483
2020-04-06 04:00:00+00:00,80.51,84.245,80.0,83.7,18120898
2020-04-07 04:00:00+00:00,86.65,86.68,82.86,82.95,22238300
2020-04-08 04:00:00+00:00,84.01,85.5257,83.25,85.18,13781277
2020-04-09 04:00:00+00:00,86.19,86.625,84.595,85.27,19733166
2020-04-13 04:00:00+00:00,84.86,85.51,83.65,85.39,12730888
2020-04-14 04:00:00+00:00,87.29,89.13,86.94,88.97,16006185
2020-04-15 04:00:00+00:00,87.2,87.74,86.38,87.03,13026679
2020-04-16 04:00:00+00:00,88.17,88.31,86.65,88.09,11940062
2020-04-17 04:00:00+00:00,89.65,89.67,87.97,89.26,14285737
2020-04-20 04:00:00+00:00,88.05,89.2199,87.71,87.77,10280969
2020-04-21 04:00:00+00:00,86.59,86.8,83.64,84.13,16483992
2020-04-22 04:00:00+00:00,86.19,87.87,85.88,87.39,12114554
2020-04-23 04:00:00+00:00,87.59,88.58,86.72,86.79,10626635
2020-04-24 04:00:00+00:00,87.15,88.6459,86.591,88.63,8504402
2020-04-27 04:00:00+00:00,89.43,89.69,88.85,89.39,7871238
2020-04-28 04:00:00+00:00,90.5,90.56,88.08,88.2,12699706
2020-04-29 04:00:00+00:00,90.08,92.135,89.76,91.82,11610289
2020-04-30 04:00:00+00:00,92.01,92.01,90.73,91.41,15657989
2020-05-01 04:00:00+00:00,89.39,90.65,88.56,88.9,12213803
2020-05-04 04:00:00+00:00,88.49,90.17,88.08,90.08,10976475
2020-05-05 04:00:00+00:00,91.11,92.48,90.95,91.32,8863420
2020-05-06 04:00:00+00:00,92.2,92.92,91.62,92.03,8528684
2020-05-07 04:00:00+00:00,93.28,93.935,93.14,93.41,10744783
2020-05-08 04:00:00+00:00,94.3,94.91,93.75,94.78,7672694
2020-05-11 04:00:00+00:00,94.13,95.969,93.94,95.41,10492214
2020-05-12 04:00:00+00:00,95.8,96.07,93.37,93.44,13757387
2020-05-13 04:00:00+00:00,93.49,94.209,90.62,91.87,17118277
2020-05-14 04:00:00+00:00,91.19,93.06,90.19,93.0,15472688
2020-05-15 04:00:00+00:00,91.53,93.49,91.27,93.47,14411752
2020-05-18 04:00:00+00:00,95.31,96.3,94.98,95.76,10105656
2020-05-19 04:00:00+00:00,95.74,96.89,95.37,95.41,10134371
2020-05-20 04:00:00+00:00,96.73,97.68,96.68,97.46,9214032
2020-05-21 04:00:00+00:00,97.4,97.69,96.085,96.14,10365709
2020-05-22 04:00:00+00:00,96.0,96.61,95.61,96.49,11140341
2020-05-26 04:00:00+00:00,98.42,98.49,96.305,96.39,13139668
2020-05-27 04:00:00+00:00,96.38,96.98,94.33,96.94,20298976
2020-05-28 04:00:00+00:00,96.58,98.52,96.51,96.75,10707029
2020-05-29 04:00:00+00:00,97.04,98.2,96.23,97.97,18413085
2020-06-01 04:00:00+00:00,97.51,98.145,97.08,97.94,15220683
2020-06-02 04:00:00+00:00,98.14,98.86,97.21,98.86,11342669
2020-06-03 04:00:00+00:00,99.26,99.95,98.83,99.63,11146258
2020-06-04 04:00:00+00:00,99.24,99.93,98.26,98.81,7671117
2020-06-05 04:00:00+00:00,99.51,101.7,99.34,101.41,10462522
2020-06-08 04:00:00+00:00,101.2,101.96,100.3,101.92,8146862
2020-06-09 04:00:00+00:00,101.41,102.9,101.32,102.4,7396223
2020-06-10 04:00:00+00:00,103.14,104.89,102.95,104.11,12291472
2020-06-11 04:00:00+00:00,102.3,102.45,98.11,98.14,20070743
2020-06-12 04:00:00+00:00,100.77,101.27,97.68,99.41,21803779
2020-06-15 04:00:00+00:00,97.6,100.82,97.28,100.37,15027717
2020-06-16 04:00:00+00:00,102.77,103.39,100.92,102.51,14083166
2020-06-17 04:00:00+00:00,103.09,103.46,102.32,102.55,8779074
2020-06-18 04:00:00+00:00,102.3,103.06,102.08,102.95,6954987
2020-06-19 04:00:00+00:00,104.19,104.31,101.75,102.24,15995364
2020-06-22 04:00:00+00:00,102.09,103.97,101.93,103.88,7436893
2020-06-23 04:00:00+00:00,104.81,105.83,104.48,104.63,9594251
2020-06-24 04:00:00+00:00,104.2,104.78,101.71,102.27,12823505
2020-06-25 04:00:00+00:00,102.42,103.69,101.31,103.58,10494028
2020-06-26 04:00:00+00:00,103.38,103.53,101.23,101.53,23098189
2020-06-29 04:00:00+00:00,101.53,102.66,100.31,102.65,9371780
2020-06-30 04:00:00+00:00,102.66,104.91,102.52,104.49,8444861
2020-07-01 04:00:00+00:00,104.56,105.27,104.08,104.67,12752230
2020-07-02 04:00:00+00:00,105.65,106.22,105.05,105.27,10289718
2020-07-06 04:00:00+00:00,106.63,107.61,106.57,107.11,8621671
2020-07-07 04:00:00+00:00,106.99,108.07,105.88,105.99,8619362
2020-07-08 04:00:00+00:00,106.83,107.73,106.26,107.7,6960243
2020-07-09 04:00:00+00:00,108.6,108.62,106.56,108.11,8922893
2020-07-10 04:00:00+00:00,107.86,108.13,106.8,108.08,7409598
2020-07-13 04:00:00+00:00,109.0,109.72,105.57,105.85,14754459
2020-07-14 04:00:00+00:00,105.0,107.21,103.88,107.06,15083350
2020-07-15 04:00:00+00:00,108.04,108.565,106.38,107.64,12060479
2020-07-16 04:00:00+00:00,106.49,106.79,105.4906,106.31,8656544
2020-07-17 04:00:00+00:00,106.94,107.13,105.85,106.83,6556405
2020-07-20 04:00:00+00:00,107.13,109.82,106.53,109.52,9118402
2020-07-21 04:00:00+00:00,110.34,110.38,108.06,108.46,9468587
2020-07-22 04:00:00+00:00,108.56,109.6706,108.47,109.36,7582809
2020-07-23 04:00:00+00:00,108.75,109.47,106.005,106.49,11764097
2020-07-24 04:00:00+00:00,104.71,105.89,103.47,105.25,11561672
2020-07-27 04:00:00+00:00,105.84,106.97,105.63,106.86,8573380
2020-07-28 04:00:00+00:00,106.53,106.86,105.53,105.61,8989464
2020-07-29 04:00:00+00:00,106.01,107.43,106.01,107.14,6666527
2020-07-30 04:00:00+00:00,106.17,107.81,105.6,107.74,10958808
2020-07-31 04:00:00+00:00,109.44,110.47,107.661,110.43,12943815
2020-08-03 04:00:00+00:00,111.93,113.51,111.88,113.15,12754874
2020-08-04 04:00:00+00:00,112.91,113.45,112.42,113.44,9948849
2020-08-05 04:00:00+00:00,113.8,114.12,113.29,113.86,7262814
2020-08-06 04:00:00+00:00,113.77,115.57,113.515,115.46,9171242
2020-08-07 04:00:00+00:00,115.0,115.005,112.84,113.76,17002583
2020-08-10 04:00:00+00:00,113.96,114.15,111.885,113.42,9216572
2020-08-11 04:00:00+00:00,113.05,113.53,111.15,111.38,9575797
2020-08-12 04:00:00+00:00,112.28,114.206,112.14,113.91,7209190
2020-08-13 04:00:00+00:00,114.07,114.91,113.55,113.96,5806775
2020-08-14 04:00:00+00:00,114.01,114.21,113.25,113.87,4244855
2020-08-17 04:00:00+00:00,114.57,114.9,114.43,114.66,4212581
2020-08-18 04:00:00+00:00,114.86,115.38,114.1,115.07,4500413
2020-08-19 04:00:00+00:00,115.36,115.87,114.735,115.02,7548828
2020-08-20 04:00:00+00:00,114.5,116.69,114.38,116.46,6537916
2020-08-21 04:00:00+00:00,116.57,118.0699,116.51,117.91,7758691
2020-08-24 04:00:00+00:00,119.64,119.68,117.97,118.96,8949898
2020-08-25 04:00:00+00:00,118.69,119.61,118.51,119.56,10182779
2020-08-26 04:00:00+00:00,120.81,122.31,120.54,121.99,8407129
2020-08-27 04:00:00+00:00,122.5,123.06,120.99,122.09,9172624
2020-08-28 04:00:00+00:00,122.57,123.56,122.41,123.16,6725827
2020-08-31 04:00:00+00:00,123.65,124.35,122.88,123.47,9806559
2020-09-01 04:00:00+00:00,124.66,126.07,123.88,125.94,14277184
2020-09-02 04:00:00+00:00,127.71,127.72,124.8101,127.17,21410390
2020-09-03 04:00:00+00:00,125.0,125.1,118.8,119.79,28630041
2020-09-04 04:00:00+00:00,119.12,120.82,113.05,118.1,32704237
2020-09-08 04:00:00+00:00,113.63,116.33,112.58,112.78,24232454
2020-09-09 04:00:00+00:00,115.53,117.6001,114.27,116.46,18678439
2020-09-10 04:00:00+00:00,118.03,118.24,113.14,113.83,16165208
2020-09-11 04:00:00+00:00,114.9,115.34,111.52,112.97,20756565
2020-09-14 04:00:00+00:00,114.84,115.95,114.3,115.33,13352476
2020-09-15 04:00:00+00:00,117.09,117.3,115.685,116.47,9214810
2020-09-16 04:00:00+00:00,116.99,117.15,114.56,114.67,9900317
2020-09-17 04:00:00+00:00,111.99,114.51,111.81,113.725,15308131
2020-09-18 04:00:00+00:00,113.91,114.11,110.3821,111.76,21139516
2020-09-21 04:00:00+00:00,109.5,112.49,109.11,112.47,19282097
2020-09-22 04:00:00+00:00,113.71,114.51,111.78,114.22,12979105
2020-09-23 04:00:00+00:00,114.28,114.39,110.32,110.66,11950983
2020-09-24 04:00:00+00:00,109.63,112.66,109.49,111.28,17864428
2020-09-25 04:00:00+00:00,111.34,114.28,110.64,113.94,9753731
2020-09-28 04:00:00+00:00,115.83,116.13,114.87,116.12,8838009
2020-09-29 04:00:00+00:00,115.97,116.46,115.48,115.73,14465004
2020-09-30 04:00:00+00:00,115.67,117.89,115.62,116.62,11272924
2020-10-01 04:00:00+00:00,118.32,118.48,117.18,117.93,15619865
2020-10-02 04:00:00+00:00,115.18,116.94,114.48,114.83,20819344
2020-10-05 04:00:00+00:00,115.76,117.53,115.69,117.46,6240376
2020-10-06 04:00:00+00:00,117.18,118.29,115.23,115.64,15420638
2020-10-07 04:00:00+00:00,116.85,117.99,116.755,117.76,6558145
2020-10-08 04:00:00+00:00,118.79,118.79,117.97,118.37,5123836
2020-10-09 04:00:00+00:00,118.93,120.21,118.9,120.18,7293472
2020-10-12 04:00:00+00:00,121.95,124.27,121.34,123.46,9681411
2020-10-13 04:00:00+00:00,123.86,124.08,122.2,122.65,8878029
2020-10-14 04:00:00+00:00,122.97,123.62,121.1088,122.02,7357470
2020-10-15 04:00:00+00:00,120.0,121.71,119.68,121.47,6670879
2020-10-16 04:00:00+00:00,122.14,122.63,121.01,121.01,5844388
2020-10-19 04:00:00+00:00,121.73,122.19,118.53,118.9,8471129
2020-10-20 04:00:00+00:00,119.35,120.57,118.58,119.31,7389293
2020-10-21 04:00:00+00:00,119.02,120.27,118.86,119.13,6131288
2020-10-22 04:00:00+00:00,119.18,119.57,117.21,118.57,6803706
2020-10-23 04:00:00+00:00,118.74,118.76,117.45,118.44,5213477
2020-10-26 04:00:00+00:00,117.13,118.065,114.43,115.87,9207261
2020-10-27 04:00:00+00:00,116.43,116.935,115.79,116.45,9603269
2020-10-28 04:00:00+00:00,114.24,114.31,111.32,111.51,16564910
2020-10-29 04:00:00+00:00,111.94,114.68,111.87,113.37,9931529
2020-10-30 04:00:00+00:00,111.78,112.48,109.57,110.97,13030438
2020-11-02 05:00:00+00:00,111.71,112.62,110.08,111.14,12093270
2020-11-03 05:00:00+00:00,112.01,114.1,111.55,113.1,11954418
2020-11-04 05:00:00+00:00,116.54,118.38,115.37,117.5,15962958
2020-11-05 05:00:00+00:00,120.59,121.5,120.09,121.29,11316242
2020-11-06 05:00:00+00:00,120.86,121.97,119.21,121.58,9806160
2020-11-09 05:00:00+00:00,124.27,125.36,120.59,120.7,21000272
2020-11-10 05:00:00+00:00,119.65,120.49,117.49,118.4,11862507
2020-11-11 05:00:00+00:00,119.65,121.59,119.41,121.26,7325276
2020-11-12 05:00:00+00:00,121.26,121.86,119.615,120.18,7319087
2020-11-13 05:00:00+00:00,121.09,121.45,119.95,121.2,6064763
2020-11-16 05:00:00+00:00,121.21,122.59,120.96,122.37,7531712
2020-11-17 05:00:00+00:00,121.76,122.35,121.172,121.64,5052644
2020-11-18 05:00:00+00:00,121.48,122.06,120.34,120.39,4845926
2020-11-19 05:00:00+00:00,120.15,121.58,119.62,121.36,6145493
2020-11-20 05:00:00+00:00,121.47,121.5,120.07,120.11,5045996
2020-11-23 05:00:00+00:00,120.48,121.27,119.04,120.08,4968516
2020-11-24 05:00:00+00:00,120.54,121.985,119.67,121.75,6939790
2020-11-25 05:00:00+00:00,122.17,122.52,121.55,122.01,6228632
2020-11-27 05:00:00+00:00,122.66,123.18,122.43,122.66,3545799
2020-11-30 05:00:00+00:00,122.62,123.66,121.23,123.48,18544880
2020-12-01 05:00:00+00:00,124.5,125.75,123.98,125.12,13554297
2020-12-02 05:00:00+00:00,124.53,125.01,123.59,124.87,8195043
2020-12-03 05:00:00+00:00,125.01,125.63,124.455,124.79,6970683
2020-12-04 05:00:00+00:00,124.97,126.06,124.7,126.04,5253584
2020-12-07 05:00:00+00:00,126.11,126.77,125.89,126.4,4508127
2020-12-08 05:00:00+00:00,126.28,127.21,125.739,126.81,4001004
2020-12-09 05:00:00+00:00,126.73,127.105,123.95,124.38,8796182
2020-12-10 05:00:00+00:00,123.62,125.15,123.33,124.56,5059641
2020-12-11 05:00:00+00:00,123.81,124.3,122.9,124.3,6664117
2020-12-14 05:00:00+00:00,124.68,125.87,124.6,124.75,5639366
2020-12-15 05:00:00+00:00,126.1,126.83,125.29,126.83,4658110
2020-12-16 05:00:00+00:00,126.96,128.14,126.58,127.69,5242141
2020-12-17 05:00:00+00:00,128.62,128.98,128.09,128.7,5963563
2020-12-18 05:00:00+00:00,128.89,128.91,127.43,128.31,9140784
2020-12-21 05:00:00+00:00,126.33,128.14,125.2,128.1,7675097
2020-12-22 05:00:00+00:00,128.79,129.77,128.2,129.19,7411168
2020-12-23 05:00:00+00:00,129.34,129.4345,128.02,128.21,7166115
2020-12-24 05:00:00+00:00,128.43,129.38,128.34,129.06,2328080
2020-12-28 05:00:00+00:00,130.34,130.78,129.73,130.52,4174735
2020-12-29 05:00:00+00:00,131.23,131.4,129.67,129.9,4460124
2020-12-30 05:00:00+00:00,130.35,130.62,129.64,129.83,4105241
2020-12-31 05:00:00+00:00,129.89,130.39,128.97,130.03,5625122
2021-01-04 05:00:00+00:00,130.68,130.71,126.24,127.9,10595746
2021-01-05 05:00:00+00:00,127.61,128.94,127.53,128.73,6314755
2021-01-06 05:00:00+00:00,126.89,128.98,126.12,126.51,15633225
2021-01-07 05:00:00+00:00,127.73,130.17,127.68,129.92,11282502
2021-01-08 05:00:00+00:00,130.56,131.11,129.28,130.76,6243538
2021-01-11 05:00:00+00:00,129.49,130.6,129.14,129.68,11271920
2021-01-12 05:00:00+00:00,129.57,129.69,127.83,129.06,8621884
2021-01-13 05:00:00+00:00,129.23,130.28,128.98,129.88,8164681
2021-01-14 05:00:00+00:00,130.23,130.47,128.55,128.74,9230099
2021-01-15 05:00:00+00:00,128.55,129.12,127.16,127.42,6712444
2021-01-19 05:00:00+00:00,128.3,129.3,127.85,129.08,5840286
2021-01-20 05:00:00+00:00,130.0701,132.1,129.89,131.64,5977580
2021-01-21 05:00:00+00:00,132.35,133.78,131.64,133.34,4554582
2021-01-22 05:00:00+00:00,132.78,133.5,132.51,132.83,7719740
2021-01-25 05:00:00+00:00,134.33,134.79,130.7,134.01,10409420
2021-01-26 05:00:00+00:00,134.41,134.62,133.52,134.03,4358818
2021-01-27 05:00:00+00:00,133.39,133.82,130.31,131.5,12514081
2021-01-28 05:00:00+00:00,132.17,134.24,131.72,132.04,8226261
2021-01-29 05:00:00+00:00,131.38,131.9,128.2294,128.93,9637762
2021-02-01 05:00:00+00:00,130.46,132.8,129.5,132.16,5730387
2021-02-02 05:00:00+00:00,133.44,134.34,133.25,133.95,4373150
2021-02-03 05:00:00+00:00,134.22,134.5,133.09,133.49,7115585
2021-02-04 05:00:00+00:00,134.21,135.62,133.825,135.62,4141164
2021-02-05 05:00:00+00:00,136.03,136.05,134.93,135.32,5753488
2021-02-08 05:00:00+00:00,135.87,136.8,135.68,136.74,7016799
2021-02-09 05:00:00+00:00,136.38,137.23,136.3392,136.58,5345135
2021-02-10 05:00:00+00:00,137.13,137.3,135.22,136.38,4781102
2021-02-11 05:00:00+00:00,137.19,137.97,136.77,137.88,3884174
2021-02-12 05:00:00+00:00,137.52,138.68,137.14,138.59,3432975
2021-02-16 05:00:00+00:00,139.14,139.24,137.78,138.14,4956110
2021-02-17 05:00:00+00:00,136.87,137.22,135.54,136.92,8707900
2021-02-18 05:00:00+00:00,135.5,136.48,134.53,136.25,5566822
2021-02-19 05:00:00+00:00,136.95,137.07,135.44,136.05,5699965
2021-02-22 05:00:00+00:00,134.38,134.82,132.97,133.05,7214082
2021-02-23 05:00:00+00:00,130.84,133.5,128.61,132.68,12149116
2021-02-24 05:00:00+00:00,131.69,134.83,130.68,134.71,8364269
2021-02-25 05:00:00+00:00,133.51,134.4,129.42,129.98,18414366
2021-02-26 05:00:00+00:00,131.29,132.7,129.53,130.58,18088536
2021-03-01 05:00:00+00:00,132.91,134.98,132.0701,134.88,13552606
2021-03-02 05:00:00+00:00,135.09,135.18,132.565,132.76,12272307
2021-03-03 05:00:00+00:00,132.12,132.5,129.28,129.37,15942746
2021-03-04 05:00:00+00:00,129.0126,129.96,124.96,126.56,39502047
2021-03-05 05:00:00+00:00,128.14,129.31,124.71,128.95,23244395
2021-03-08 05:00:00+00:00,128.83,129.45,125.7,125.83,17833538
2021-03-09 05:00:00+00:00,128.77,130.91,128.6,130.11,11749521
2021-03-10 05:00:00+00:00,131.51,131.53,129.49,129.59,9338383
2021-03-11 05:00:00+00:00,131.54,133.1793,131.26,132.4,6790014
2021-03-12 05:00:00+00:00,130.78,131.45,129.94,131.41,6320879
2021-03-15 04:00:00+00:00,131.51,132.89,130.985,132.81,10713280
2021-03-16 04:00:00+00:00,133.83,135.09,133.24,133.81,6857754
2021-03-17 04:00:00+00:00,132.73,134.5,131.7201,133.7,10805456
2021-03-18 04:00:00+00:00,131.87,132.095,129.83,129.99,8923625
2021-03-19 04:00:00+00:00,130.02,130.59,128.98,129.6,14047346
2021-03-22 04:00:00+00:00,130.02,132.51,129.81,131.87,8115304
2021-03-23 04:00:00+00:00,132.23,132.81,130.7,131.05,6615833
2021-03-24 04:00:00+00:00,131.84,131.8638,129.44,129.46,7218170
2021-03-25 04:00:00+00:00,128.69,129.96,127.72,129.49,12247173
2021-03-26 04:00:00+00:00,129.31,132.81,129.26,132.67,7751453
2021-03-29 04:00:00+00:00,132.27,132.64,130.98,131.98,8770643
2021-03-30 04:00:00+00:00,131.05,131.19,129.94,130.73,6692853
2021-03-31 04:00:00+00:00,131.73,133.62,131.62,132.81,7922404
2021-04-01 04:00:00+00:00,134.26,135.49,134.13,135.48,7451467
2021-04-05 04:00:00+00:00,136.27,138.52,136.09,138.28,6632448
2021-04-06 04:00:00+00:00,138.06,138.51,137.23,137.69,5777190
2021-04-07 04:00:00+00:00,137.58,138.665,137.08,138.42,5112070
2021-04-08 04:00:00+00:00,139.72,140.45,139.48,140.42,7072277
2021-04-09 04:00:00+00:00,139.91,141.81,139.66,141.77,4792632
2021-04-12 04:00:00+00:00,141.19,141.54,140.395,141.09,7953528
2021-04-13 04:00:00+00:00,141.63,142.53,141.37,142.42,5658115
2021-04-14 04:00:00+00:00,142.4,142.47,140.64,140.91,5608105
2021-04-15 04:00:00+00:00,142.2,143.44,142.18,143.33,5514431
2021-04-16 04:00:00+00:00,143.44,143.57,142.7,143.3,5847789
2021-04-19 04:00:00+00:00,142.66,143.32,141.26,142.11,5127325
2021-04-20 04:00:00+00:00,141.81,142.425,140.06,140.85,4936743
2021-04-21 04:00:00+00:00,140.6,142.32,140.21,142.27,4701461
2021-04-22 04:00:00+00:00,142.02,142.63,139.98,140.6,5910342
2021-04-23 04:00:00+00:00,140.86,143.15,140.83,142.7,4700148
2021-04-26 04:00:00+00:00,142.75,143.58,142.65,143.43,3933383
2021-04-27 04:00:00+00:00,143.66,143.77,142.57,143.08,5471662
2021-04-28 04:00:00+00:00,142.245,142.44,141.405,141.75,5407524
2021-04-29 04:00:00+00:00,142.91,143.09,140.19,141.63,6708280
2021-04-30 04:00:00+00:00,140.19,140.95,139.37,139.7,5360048
2021-05-03 04:00:00+00:00,140.45,140.73,138.955,139.31,5402870
2021-05-04 04:00:00+00:00,138.27,138.31,135.29,136.81,11046181
2021-05-05 04:00:00+00:00,137.93,138.13,136.22,136.48,5622132
2021-05-06 04:00:00+00:00,136.42,137.93,135.44,137.85,7169589
2021-05-07 04:00:00+00:00,139.23,139.85,138.43,139.03,9771364
2021-05-10 04:00:00+00:00,138.36,138.43,135.47,135.52,10142274
2021-05-11 04:00:00+00:00,132.93,135.39,132.61,135.11,14391928
2021-05-12 04:00:00+00:00,133.12,133.85,130.958,131.31,14707256
2021-05-13 04:00:00+00:00,132.75,134.245,132.16,133.05,11307520
2021-05-14 04:00:00+00:00,134.54,136.445,134.28,135.98,8410122
2021-05-17 04:00:00+00:00,135.18,135.22,133.75,134.98,8253201
2021-05-18 04:00:00+00:00,135.37,135.65,133.81,133.9,6078910
2021-05-19 04:00:00+00:00,131.82,134.47,131.5,134.38,15487281
2021-05-20 04:00:00+00:00,134.91,137.395,134.89,136.94,8608427
2021-05-21 04:00:00+00:00,137.64,137.77,136.065,136.19,7180829
2021-05-24 04:00:00+00:00,137.32,139.0899,137.25,138.61,6797259
2021-05-25 04:00:00+00:00,139.17,139.49,138.34,138.65,5766096
2021-05-26 04:00:00+00:00,138.85,139.25,138.19,138.64,6792390
2021-05-27 04:00:00+00:00,138.52,139.09,137.88,137.91,5801848
2021-05-28 04:00:00+00:00,138.61,139.2,138.33,138.4,4681251
2021-06-01 04:00:00+00:00,139.02,139.17,137.47,137.72,6687067
2021-06-02 04:00:00+00:00,138.0,139.23,137.74,138.67,5168043
2021-06-03 04:00:00+00:00,137.55,138.1,136.54,137.38,6480356
2021-06-04 04:00:00+00:00,138.22,140.1793,138.22,140.02,5738804
2021-06-07 04:00:00+00:00,139.9,140.15,139.305,139.99,5964533
2021-06-08 04:00:00+00:00,140.66,141.25,139.61,140.0,4497670
2021-06-09 04:00:00+00:00,140.68,140.92,140.02,140.09,4940775
2021-06-10 04:00:00+00:00,140.39,141.48,139.89,141.13,5654783
2021-06-11 04:00:00+00:00,141.31,141.97,141.18,141.97,6962972
2021-06-14 04:00:00+00:00,142.11,143.42,141.53,143.41,6950695
2021-06-15 04:00:00+00:00,143.3,143.3,142.27,142.53,7650697
2021-06-16 04:00:00+00:00,142.8,143.07,140.365,141.76,9764311
2021-06-17 04:00:00+00:00,141.35,143.9885,141.35,143.4,7952458
2021-06-18 04:00:00+00:00,142.71,143.27,141.92,142.09,10770042
2021-06-21 04:00:00+00:00,141.89,143.43,140.97,143.35,6164233
2021-06-22 04:00:00+00:00,143.26,144.73,143.1,144.65,4725171
2021-06-23 04:00:00+00:00,144.67,144.995,144.17,144.49,4193954
2021-06-24 04:00:00+00:00,145.42,145.8425,145.11,145.4,6174372
2021-06-25 04:00:00+00:00,145.53,145.64,144.99,145.23,7331918
2021-06-28 04:00:00+00:00,145.83,146.92,145.8,146.75,6298425
2021-06-29 04:00:00+00:00,146.83,147.89,146.49,147.82,4989492
2021-06-30 04:00:00+00:00,147.59,148.02,147.2,147.66,5587745
2021-07-01 04:00:00+00:00,147.46,147.91,146.91,147.91,5982256
2021-07-02 04:00:00+00:00,148.62,150.015,148.58,149.86,6572093
2021-07-06 04:00:00+00:00,150.18,151.14,148.99,150.43,6356429
2021-07-07 04:00:00+00:00,151.39,151.56,150.04,151.25,7694119
2021-07-08 04:00:00+00:00,148.87,150.235,148.2,149.82,8788817
2021-07-09 04:00:00+00:00,149.64,151.34,149.42,151.2,5048274
2021-07-12 04:00:00+00:00,151.8,151.87,150.83,151.32,4968856
2021-07-13 04:00:00+00:00,151.06,153.04,150.93,151.94,7862307
2021-07-14 04:00:00+00:00,153.16,153.84,152.39,153.06,6489852
2021-07-15 04:00:00+00:00,152.88,153.0,150.99,151.8,6361306
2021-07-16 04:00:00+00:00,152.1,152.82,150.15,150.3,7647516
2021-07-19 04:00:00+00:00,148.51,148.919,147.37,148.23,12126987
2021-07-20 04:00:00+00:00,148.97,151.26,148.11,150.43,7357765
2021-07-21 04:00:00+00:00,150.37,151.91,150.09,151.88,6220007
2021-07-22 04:00:00+00:00,152.2,153.118,152.2,153.0,4789080
2021-07-23 04:00:00+00:00,153.68,154.595,153.13,154.52,6451582
2021-07-26 04:00:00+00:00,154.13,154.715,153.55,154.44,4547050
2021-07-27 04:00:00+00:00,154.25,154.3,151.05,152.98,9185593
2021-07-28 04:00:00+00:00,153.03,153.595,151.33,152.79,6970581
2021-07-29 04:00:00+00:00,152.63,154.02,152.61,153.5,6015348
2021-07-30 04:00:00+00:00,152.52,153.56,152.48,153.4,5167369
2021-08-02 04:00:00+00:00,154.09,154.3,152.64,152.85,6226996
2021-08-03 04:00:00+00:00,153.13,153.91,151.89,153.83,5453945
2021-08-04 04:00:00+00:00,153.71,154.52,153.22,154.14,5747069
2021-08-05 04:00:00+00:00,154.42,155.04,153.96,154.99,3404404
2021-08-06 04:00:00+00:00,154.45,155.04,154.41,154.86,3903389
2021-08-09 04:00:00+00:00,155.04,155.32,154.21,154.36,3653951
2021-08-10 04:00:00+00:00,154.64,154.78,152.805,153.25,5264198
2021-08-11 04:00:00+00:00,153.78,154.06,152.49,153.27,5474826
2021-08-12 04:00:00+00:00,153.11,154.24,152.48,154.15,3580360
2021-08-13 04:00:00+00:00,154.25,155.03,154.08,154.99,2898709
2021-08-16 04:00:00+00:00,154.62,155.71,153.31,155.69,4809473
2021-08-17 04:00:00+00:00,154.74,154.99,153.4431,154.4,10428846
2021-08-18 04:00:00+00:00,154.04,154.73,152.1,152.27,6862902
2021-08-19 04:00:00+00:00,151.43,154.33,151.21,153.76,9808840
2021-08-20 04:00:00+00:00,154.34,155.88,153.97,155.74,7540047
2021-08-23 04:00:00+00:00,156.15,157.973,156.14,157.75,5528966
2021-08-24 04:00:00+00:00,157.95,158.13,157.43,157.57,4768512
2021-08-25 04:00:00+00:00,157.94,158.36,157.22,157.48,4814584
2021-08-26 04:00:00+00:00,157.29,157.61,156.36,156.49,6098876
2021-08-27 04:00:00+00:00,156.63,158.11,156.36,158.0,7043133
2021-08-30 04:00:00+00:00,158.47,159.885,158.47,159.7,5078442
2021-08-31 04:00:00+00:00,159.8,159.85,158.56,158.86,11087097
2021-09-01 04:00:00+00:00,159.41,160.13,158.77,158.9,11041061
2021-09-02 04:00:00+00:00,159.49,159.7,158.09,158.73,11713901
2021-09-03 04:00:00+00:00,158.54,159.78,158.49,159.36,11457767
2021-09-07 04:00:00+00:00,159.55,159.74,158.645,159.4,10711279
2021-09-08 04:00:00+00:00,159.38,159.43,157.66,158.79,5791373
2021-09-09 04:00:00+00:00,158.9,159.45,158.06,158.19,5659839
2021-09-10 04:00:00+00:00,159.07,159.46,156.4741,156.63,8611181
2021-09-13 04:00:00+00:00,157.82,158.23,155.65,156.68,11376365
2021-09-14 04:00:00+00:00,157.35,157.67,156.06,156.48,9301254
2021-09-15 04:00:00+00:00,157.01,157.975,156.13,157.85,8242103
2021-09-16 04:00:00+00:00,157.29,158.1,156.315,157.94,8117838
2021-09-17 04:00:00+00:00,157.53,157.54,155.25,155.48,11480614
2021-09-20 04:00:00+00:00,152.93,153.71,150.345,152.38,18961599
2021-09-21 04:00:00+00:00,153.31,153.685,151.85,152.44,9326010
2021-09-22 04:00:00+00:00,153.27,155.13,152.59,154.53,14163773
2021-09-23 04:00:00+00:00,155.33,156.97,154.85,156.6,9850654
2021-09-24 04:00:00+00:00,155.65,156.97,155.58,156.71,5826227
2021-09-27 04:00:00+00:00,155.39,155.75,154.2,155.19,7576505
2021-09-28 04:00:00+00:00,153.2,153.55,150.47,150.59,19240023
2021-09-29 04:00:00+00:00,151.21,152.0,150.14,150.4,12505979
2021-09-30 04:00:00+00:00,151.28,151.93,149.24,149.32,16819393
2021-10-01 04:00:00+00:00,149.86,151.9,148.34,151.57,24201280
2021-10-04 04:00:00+00:00,150.7,150.875,146.88,148.06,26443587
2021-10-05 04:00:00+00:00,148.36,151.025,148.22,150.17,17912971
2021-10-06 04:00:00+00:00,148.44,151.26,147.945,151.15,21477872
2021-10-07 04:00:00+00:00,152.46,153.71,152.25,152.53,9947806
2021-10-08 04:00:00+00:00,153.12,153.23,151.71,151.96,9277045
2021-10-11 04:00:00+00:00,151.28,153.15,151.015,151.12,7578181
2021-10-12 04:00:00+00:00,151.71,151.9,150.09,150.34,8989379
2021-10-13 04:00:00+00:00,150.99,151.59,150.01,151.26,9833842
2021-10-14 04:00:00+00:00,152.8,154.74,152.58,154.67,7600209
2021-10-15 04:00:00+00:00,155.21,155.94,154.74,155.91,6388972
2021-10-18 04:00:00+00:00,155.04,157.31,154.61,157.23,5951271
2021-10-19 04:00:00+00:00,157.65,158.79,157.33,158.79,6721994
2021-10-20 04:00:00+00:00,158.94,159.17,157.66,158.35,6082272
2021-10-21 04:00:00+00:00,157.87,159.045,157.545,158.96,5100507
2021-10-22 04:00:00+00:00,158.9,159.56,157.75,158.41,6270356
2021-10-25 04:00:00+00:00,159.01,159.5001,158.31,158.93,5188631
2021-10-26 04:00:00+00:00,160.0,160.67,159.3,159.38,6630713
2021-10-27 04:00:00+00:00,159.65,160.46,159.08,159.24,9602036
2021-10-28 04:00:00+00:00,160.21,160.96,159.91,160.84,6510193
2021-10-29 04:00:00+00:00,159.26,161.63,159.07,161.53,10151185
2021-11-01 04:00:00+00:00,161.53,161.61,160.47,161.29,13529479
2021-11-02 04:00:00+00:00,161.51,163.11,161.51,162.71,14873244
2021-11-03 04:00:00+00:00,162.99,164.0,162.04,163.66,14392928
2021-11-04 04:00:00+00:00,164.28,166.62,163.99,166.22,15885893
2021-11-05 04:00:00+00:00,167.44,168.02,166.0409,167.08,14590696
2021-11-08 05:00:00+00:00,167.62,168.27,167.23,167.98,6422163
2021-11-09 05:00:00+00:00,168.23,168.41,166.435,167.29,8488164
2021-11-10 05:00:00+00:00,166.0,166.83,164.03,164.53,14608242
2021-11-11 05:00:00+00:00,165.71,165.78,165.03,165.3,5159185
2021-11-12 05:00:00+00:00,165.85,167.585,165.57,167.31,6219413
2021-11-15 05:00:00+00:00,167.98,168.22,166.19,167.14,6347056
2021-11-16 05:00:00+00:00,166.94,169.13,166.84,168.9,6877832
2021-11-17 05:00:00+00:00,168.57,169.45,167.86,168.39,7804062
2021-11-18 05:00:00+00:00,169.36,170.31,168.14,170.07,10946629
2021-11-19 05:00:00+00:00,170.68,171.96,170.1105,171.31,8930750
2021-11-22 05:00:00+00:00,171.98,174.25,169.3,169.4,14364039
2021-11-23 05:00:00+00:00,168.75,169.55,166.87,169.01,14811101
2021-11-24 05:00:00+00:00,168.0,170.28,167.18,170.24,9210580
2021-11-26 05:00:00+00:00,167.81,169.11,165.33,165.99,12553059
2021-11-29 05:00:00+00:00,168.46,170.595,167.93,170.14,12646674
2021-11-30 05:00:00+00:00,169.5,171.05,167.28,168.72,27284508
2021-12-01 05:00:00+00:00,170.5,171.79,166.26,166.41,19728003
2021-12-02 05:00:00+00:00,164.87,168.71,164.51,167.94,23540990
2021-12-03 05:00:00+00:00,168.42,168.94,163.05,165.13,24360417
2021-12-06 05:00:00+00:00,165.61,167.2,163.89,166.7,21282932
2021-12-07 05:00:00+00:00,170.02,172.73,169.9956,172.52,15645458
2021-12-08 05:00:00+00:00,172.58,173.43,171.39,173.31,13111869
2021-12-09 05:00:00+00:00,172.88,174.01,171.3,171.44,8711956
2021-12-10 05:00:00+00:00,173.24,175.1,172.73,174.88,14152450
2021-12-13 05:00:00+00:00,175.24,175.58,172.03,172.23,10721766
2021-12-14 05:00:00+00:00,170.2,171.29,167.41,169.45,13693672
2021-12-15 05:00:00+00:00,169.59,174.11,167.98,173.94,14338073
2021-12-16 05:00:00+00:00,174.59,174.87,168.01,169.01,15683571
2021-12-17 05:00:00+00:00,167.15,169.52,166.28,167.88,22708702
2021-12-20 05:00:00+00:00,165.0,166.09,164.36,165.57,16789899
2021-12-21 05:00:00+00:00,167.34,169.9,165.79,169.76,8526969
2021-12-22 05:00:00+00:00,169.53,172.1,169.08,171.98,6762427
2021-12-23 05:00:00+00:00,172.21,173.6299,172.19,172.94,4932328
2021-12-27 05:00:00+00:00,173.63,176.69,173.59,176.65,6764533
2021-12-28 05:00:00+00:00,176.98,177.04,175.29,175.73,5744114
2021-12-29 05:00:00+00:00,175.79,176.59,174.97,175.88,4943027
2021-12-30 05:00:00+00:00,175.95,176.54,174.51,174.72,5341125
2021-12-31 05:00:00+00:00,174.55,174.97,173.79,173.87,5128308
2022-01-03 05:00:00+00:00,174.1,175.68,173.34,175.52,10222178
2022-01-04 05:00:00+00:00,175.82,176.0,172.35,173.66,8415010
2022-01-05 05:00:00+00:00,172.65,172.78,168.26,168.32,11845534
2022-01-06 05:00:00+00:00,166.98,169.2,166.47,167.47,12008681
2022-01-07 05:00:00+00:00,167.36,168.16,164.84,165.93,16767115
2022-01-10 05:00:00+00:00,163.46,166.17,161.29,165.96,16383918
2022-01-11 05:00:00+00:00,165.53,168.19,164.3,167.96,9806202
2022-01-12 05:00:00+00:00,169.2,170.36,167.9,168.74,9110937
2022-01-13 05:00:00+00:00,169.61,170.1,163.9516,164.37,10501367
2022-01-14 05:00:00+00:00,163.25,165.86,163.25,165.76,11289787
2022-01-18 05:00:00+00:00,163.35,164.32,161.33,161.78,12426630
2022-01-19 05:00:00+00:00,162.29,164.29,159.36,159.52,12717524
2022-01-20 05:00:00+00:00,160.94,162.745,157.25,157.46,19059218
2022-01-21 05:00:00+00:00,157.08,158.8899,154.29,154.33,24271026
2022-01-24 05:00:00+00:00,151.76,155.24,146.24,155.13,33796822
2022-01-25 05:00:00+00:00,152.09,154.42,149.8,151.54,24724802
2022-01-26 05:00:00+00:00,155.66,157.475,150.62,152.43,26870159
2022-01-27 05:00:00+00:00,154.9,155.72,150.83,151.38,19745476
2022-01-28 05:00:00+00:00,153.26,158.04,150.98,158.0,22163742
2022-01-31 05:00:00+00:00,158.04,162.18,157.27,161.97,14911418
2022-02-01 05:00:00+00:00,162.19,162.661,160.04,162.39,11823306
2022-02-02 05:00:00+00:00,162.74,163.98,161.64,163.71,12860354
2022-02-03 05:00:00+00:00,161.39,162.49,158.37,158.96,13973436
2022-02-04 05:00:00+00:00,158.11,161.0,157.44,159.6,14952211
2022-02-07 05:00:00+00:00,159.72,160.67,157.93,158.54,7500168
2022-02-08 05:00:00+00:00,158.04,160.93,157.67,160.5,10629850
2022-02-09 05:00:00+00:00,162.57,164.11,161.9,164.06,8928354
2022-02-10 05:00:00+00:00,160.8,163.53,158.93,159.77,15881842
2022-02-11 05:00:00+00:00,159.93,160.63,154.3,154.89,17461155
2022-02-14 05:00:00+00:00,154.48,156.085,153.04,154.84,20557498
2022-02-15 05:00:00+00:00,157.17,159.02,156.62,158.91,12243290
2022-02-16 05:00:00+00:00,157.83,159.3,156.11,158.75,10185723
2022-02-17 05:00:00+00:00,157.27,157.43,153.705,154.0,12475987
2022-02-18 05:00:00+00:00,154.53,154.75,151.27,152.44,12673884
2022-02-22 05:00:00+00:00,150.84,153.45,149.38,151.03,13503385
2022-02-23 05:00:00+00:00,152.6,153.01,147.09,147.25,18961647
2022-02-24 05:00:00+00:00,142.19,152.39,141.72,152.23,26141969
2022-02-25 05:00:00+00:00,152.51,154.4,150.64,154.35,14237191
2022-02-28 05:00:00+00:00,152.71,154.72,151.43,154.07,18282377
2022-03-01 05:00:00+00:00,153.49,154.28,149.81,150.99,14979765
2022-03-02 05:00:00+00:00,152.1,154.9,150.92,154.26,12872301
2022-03-03 05:00:00+00:00,155.56,155.57,151.64,152.42,11825307
2022-03-04 05:00:00+00:00,151.23,151.86,148.56,149.75,13396794
2022-03-07 05:00:00+00:00,149.62,150.31,144.19,144.27,16464292
2022-03-08 05:00:00+00:00,143.88,148.03,141.45,143.57,18482068
2022-03-09 05:00:00+00:00,147.47,149.93,146.29,149.25,18063099
2022-03-10 05:00:00+00:00,146.61,147.05,144.42,146.64,13743576
2022-03-11 05:00:00+00:00,147.94,148.31,143.84,144.06,10742806
2022-03-14 04:00:00+00:00,143.4,145.03,140.98,141.39,14190064
2022-03-15 04:00:00+00:00,142.51,146.43,142.035,146.14,11529849
2022-03-16 04:00:00+00:00,147.99,150.945,145.642,150.89,13620033
2022-03-17 04:00:00+00:00,150.08,152.06,149.27,151.96,9286078
2022-03-18 04:00:00+00:00,151.42,155.35,150.68,155.07,13973962
2022-03-21 04:00:00+00:00,153.95,155.31,152.46,154.49,11197648
2022-03-22 04:00:00+00:00,154.6,157.52,154.39,156.71,8753520
2022-03-23 04:00:00+00:00,155.25,156.68,154.15,154.3,6330976
2022-03-24 04:00:00+00:00,155.16,158.35,154.64,158.31,7154530
2022-03-25 04:00:00+00:00,158.56,158.78,156.2402,158.22,7509735
2022-03-28 04:00:00+00:00,157.49,160.17,157.09,160.1,11830220
2022-03-29 04:00:00+00:00,161.97,163.65,160.81,163.5,9748887
2022-03-30 04:00:00+00:00,162.66,163.12,160.47,161.33,9654356
2022-03-31 04:00:00+00:00,161.3,161.6,158.69,158.93,9951070
2022-04-01 04:00:00+00:00,159.09,159.46,156.69,158.46,15335560
2022-04-04 04:00:00+00:00,158.87,161.55,158.81,161.47,11542791
2022-04-05 04:00:00+00:00,160.77,161.14,157.52,158.07,12775986
2022-04-06 04:00:00+00:00,155.44,155.8,152.96,154.33,17170719
2022-04-07 04:00:00+00:00,153.51,155.61,152.46,154.57,11670602
2022-04-08 04:00:00+00:00,153.88,154.24,152.08,152.41,13191608
2022-04-11 04:00:00+00:00,150.5,150.69,148.37,148.57,10838653
2022-04-12 04:00:00+00:00,150.41,151.55,147.35,147.91,11206254
2022-04-13 04:00:00+00:00,148.0,150.75,147.45,150.29,7408436
2022-04-14 04:00:00+00:00,150.45,150.72,146.565,146.64,8794521
2022-04-18 04:00:00+00:00,145.92,148.07,145.88,147.12,7076813
2022-04-19 04:00:00+00:00,146.75,150.14,146.21,149.88,7010869
2022-04-20 04:00:00+00:00,151.33,151.73,149.3,149.74,7928492
2022-04-21 04:00:00+00:00,151.2,152.62,146.75,147.2,9593727
2022-04-22 04:00:00+00:00,147.04,147.9,142.8801,143.08,11303492
2022-04-25 04:00:00+00:00,142.45,145.33,141.56,145.23,14551584
2022-04-26 04:00:00+00:00,143.91,144.13,139.75,139.82,13294804
2022-04-27 04:00:00+00:00,141.38,144.62,141.07,141.89,20234219
2022-04-28 04:00:00+00:00,144.12,148.41,143.35,147.57,14217333
2022-04-29 04:00:00+00:00,145.96,147.66,141.15,141.42,15235018
2022-05-02 04:00:00+00:00,141.26,143.76,139.66,143.57,19276452
2022-05-03 04:00:00+00:00,143.55,144.7,142.49,143.82,13913749
2022-05-04 04:00:00+00:00,144.38,149.14,141.99,148.87,14473538
2022-05-05 04:00:00+00:00,146.68,146.86,140.02,141.71,18728968
2022-05-06 04:00:00+00:00,140.42,142.82,138.46,140.57,17948907
2022-05-09 04:00:00+00:00,138.03,138.92,134.51,135.13,20620478
2022-05-10 04:00:00+00:00,138.35,139.13,135.15,137.19,18307482
2022-05-11 04:00:00+00:00,135.95,138.53,132.45,132.86,17534929
2022-05-12 04:00:00+00:00,130.89,133.4,128.43,131.49,18407243
2022-05-13 04:00:00+00:00,133.28,136.53,132.42,135.86,12278284
2022-05-16 04:00:00+00:00,134.73,136.47,133.51,134.66,9255936
2022-05-17 04:00:00+00:00,137.56,138.77,136.0,138.56,9400326
2022-05-18 04:00:00+00:00,136.73,137.13,131.72,132.22,12102884
2022-05-19 04:00:00+00:00,131.23,133.02,130.15,130.77,10584888
2022-05-20 04:00:00+00:00,132.59,132.95,127.0355,131.06,10284533
2022-05-23 04:00:00+00:00,131.47,134.24,131.06,134.07,8791470
2022-05-24 04:00:00+00:00,132.2,132.87,129.77,132.08,8826853
2022-05-25 04:00:00+00:00,131.21,134.61,131.11,133.62,6916587
2022-05-26 04:00:00+00:00,132.84,137.42,132.56,136.83,7992049
2022-05-27 04:00:00+00:00,138.36,141.49,138.1,141.46,8274832
2022-05-31 04:00:00+00:00,140.91,141.83,139.08,140.45,9736443
2022-06-01 04:00:00+00:00,141.96,142.915,138.99,140.03,6797531
2022-06-02 04:00:00+00:00,139.04,143.43,138.39,143.42,7033606
2022-06-03 04:00:00+00:00,140.7,141.6701,139.34,139.99,5683132
2022-06-06 04:00:00+00:00,141.75,142.63,139.305,140.0,6410343
2022-06-07 04:00:00+00:00,138.51,141.94,138.23,141.67,5625819
2022-06-08 04:00:00+00:00,141.25,141.93,139.68,140.07,4514592
2022-06-09 04:00:00+00:00,139.05,140.41,136.3,136.33,4995081
2022-06-10 04:00:00+00:00,133.98,134.4,131.05,131.09,10691606
2022-06-13 04:00:00+00:00,126.96,128.17,124.82,125.28,18517657
2022-06-14 04:00:00+00:00,126.22,126.91,124.9,126.07,9335558
2022-06-15 04:00:00+00:00,127.64,130.63,125.91,128.73,12736082
2022-06-16 04:00:00+00:00,125.46,125.57,122.465,123.49,16716790
2022-06-17 04:00:00+00:00,123.47,125.8,122.6,124.62,14258713
2022-06-21 04:00:00+00:00,126.11,128.36,126.11,127.46,8907341
2022-06-22 04:00:00+00:00,126.07,128.679,125.72,126.92,7753466
2022-06-23 04:00:00+00:00,128.01,129.065,126.84,128.82,8143078
2022-06-24 04:00:00+00:00,130.3,133.48,130.3,133.45,12774178
2022-06-27 04:00:00+00:00,133.88,134.275,131.95,132.55,7098650
2022-06-28 04:00:00+00:00,132.67,133.99,128.52,128.58,7775144
2022-06-29 04:00:00+00:00,128.42,129.61,127.38,128.84,6904217
2022-06-30 04:00:00+00:00,127.13,128.72,125.11,127.12,8056414
2022-07-01 04:00:00+00:00,126.32,127.73,125.23,127.41,7106414
2022-07-05 04:00:00+00:00,125.68,129.04,124.96,129.01,7378901
2022-07-06 04:00:00+00:00,129.29,131.16,128.65,130.12,8389564
2022-07-07 04:00:00+00:00,130.69,133.11,130.69,132.81,7773781
2022-07-08 04:00:00+00:00,131.39,133.298,130.98,132.87,6402453
2022-07-11 04:00:00+00:00,131.71,132.28,130.14,131.04,5848039
2022-07-12 04:00:00+00:00,131.52,132.26,128.49,129.25,8378572
2022-07-13 04:00:00+00:00,126.82,129.74,126.26,128.91,7880463
2022-07-14 04:00:00+00:00,127.88,130.55,126.23,130.09,7027112
2022-07-15 04:00:00+00:00,131.34,132.44,130.79,132.38,6901831
2022-07-18 04:00:00+00:00,133.68,134.16,130.6,131.1,5057649
2022-07-19 04:00:00+00:00,132.56,135.24,131.76,135.1,6473249
2022-07-20 04:00:00+00:00,135.12,137.78,134.76,137.21,6395305
2022-07-21 04:00:00+00:00,137.38,139.17,135.95,139.14,6668867
2022-07-22 04:00:00+00:00,139.08,139.65,136.425,137.22,5402422
2022-07-25 04:00:00+00:00,137.16,137.31,135.32,136.35,7361892
2022-07-26 04:00:00+00:00,136.24,136.28,133.64,134.14,5223453
2022-07-27 04:00:00+00:00,136.35,140.64,136.15,139.91,8724382
2022-07-28 04:00:00+00:00,140.07,142.36,138.82,142.04,6294147
2022-07-29 04:00:00+00:00,142.48,144.67,141.88,144.22,5200437
2022-08-01 04:00:00+00:00,142.92,145.35,142.57,143.91,6457428
2022-08-02 04:00:00+00:00,142.67,144.54,141.66,142.89,8128926
2022-08-03 04:00:00+00:00,143.59,147.1,143.56,146.69,7294314
2022-08-04 04:00:00+00:00,146.64,147.43,145.7,147.36,5939437
2022-08-05 04:00:00+00:00,145.0,147.43,144.88,147.02,3977937
2022-08-08 04:00:00+00:00,146.89,148.03,144.98,145.77,5744956
2022-08-09 04:00:00+00:00,144.59,144.88,143.53,144.31,4363542
2022-08-10 04:00:00+00:00,147.74,148.37,146.56,148.25,9902696
2022-08-11 04:00:00+00:00,149.18,150.05,147.4,147.67,6021698
2022-08-12 04:00:00+00:00,148.64,150.62,148.18,150.61,4191537
2022-08-15 04:00:00+00:00,150.01,151.78,149.84,151.56,3762742
2022-08-16 04:00:00+00:00,150.87,151.86,149.74,151.15,5907977
2022-08-17 04:00:00+00:00,149.77,151.22,148.99,150.07,6699127
2022-08-18 04:00:00+00:00,150.22,151.45,149.64,150.85,5096541
2022-08-19 04:00:00+00:00,149.61,149.79,147.7783,148.11,5234049
2022-08-22 04:00:00+00:00,146.09,146.14,143.62,143.98,5594766
2022-08-23 04:00:00+00:00,143.7,145.12,143.405,143.6,7495090
2022-08-24 04:00:00+00:00,143.5,144.3,142.9,143.69,4579917
2022-08-25 04:00:00+00:00,144.06,146.13,143.87,146.12,3667513
2022-08-26 04:00:00+00:00,146.06,146.41,139.78,139.88,7606166
2022-08-29 04:00:00+00:00,138.37,139.38,137.5,138.03,6743770
2022-08-30 04:00:00+00:00,138.81,139.049,135.35,136.59,6877895
2022-08-31 04:00:00+00:00,137.41,137.85,135.19,135.26,7234580
2022-09-01 04:00:00+00:00,133.94,134.77,131.78,134.6,8141076
2022-09-02 04:00:00+00:00,135.99,136.76,132.15,132.85,8637152
2022-09-06 04:00:00+00:00,133.03,133.6,131.1,131.97,7594959
2022-09-07 04:00:00+00:00,132.23,134.62,131.78,134.08,6060985
2022-09-08 04:00:00+00:00,133.09,135.24,132.49,134.54,5743577
2022-09-09 04:00:00+00:00,135.66,137.57,135.4,137.2,6052786
2022-09-12 04:00:00+00:00,138.05,139.46,138.03,139.4,5230474
2022-09-13 04:00:00+00:00,135.42,136.18,131.64,132.0,10516972
2022-09-14 04:00:00+00:00,132.62,133.45,131.21,132.48,7078955
2022-09-15 04:00:00+00:00,131.42,132.22,128.65,129.43,7661380
2022-09-16 04:00:00+00:00,128.3,128.975,126.88,128.71,10640501
2022-09-19 04:00:00+00:00,127.11,129.56,127.03,129.44,8032438
2022-09-20 04:00:00+00:00,128.23,129.49,127.5602,128.68,6286726
2022-09-21 04:00:00+00:00,129.35,131.25,126.65,126.67,8600693
2022-09-22 04:00:00+00:00,125.96,126.76,124.67,125.38,8236677
2022-09-23 04:00:00+00:00,124.24,124.43,122.11,123.74,9987500
2022-09-26 04:00:00+00:00,123.36,125.43,122.53,122.88,8893079
2022-09-27 04:00:00+00:00,124.51,125.68,121.9,123.04,9919569
2022-09-28 04:00:00+00:00,122.22,124.94,121.28,124.34,9693370
2022-09-29 04:00:00+00:00,122.56,122.84,119.67,121.1,15796797
2022-09-30 04:00:00+00:00,120.61,122.4,118.56,118.78,10084266
2022-10-03 04:00:00+00:00,119.72,123.19,119.26,122.46,8885759
2022-10-04 04:00:00+00:00,124.94,126.71,124.85,126.57,9044115
2022-10-05 04:00:00+00:00,124.86,127.91,124.13,126.99,7916283
2022-10-06 04:00:00+00:00,126.66,128.05,125.8,125.95,7309137
2022-10-07 04:00:00+00:00,123.38,123.39,120.12,120.77,8159767
2022-10-10 04:00:00+00:00,120.77,120.94,117.55,118.74,8484808
2022-10-11 04:00:00+00:00,118.06,118.875,116.05,116.92,10651221
2022-10-12 04:00:00+00:00,117.01,117.81,116.36,116.56,7467176
2022-10-13 04:00:00+00:00,113.41,120.805,112.97,120.18,19315378
2022-10-14 04:00:00+00:00,121.16,121.42,116.61,116.8,11863605
2022-10-17 04:00:00+00:00,119.66,120.96,119.34,120.36,7498126
2022-10-18 04:00:00+00:00,123.48,123.92,119.85,121.38,7242383
2022-10-19 04:00:00+00:00,120.32,122.23,119.81,121.03,5754636
2022-10-20 04:00:00+00:00,121.07,123.73,120.5,121.1,6376456
2022-10-21 04:00:00+00:00,120.8,124.6,120.39,124.34,8591396
2022-10-24 04:00:00+00:00,124.87,126.52,123.35,126.06,7025036
2022-10-25 04:00:00+00:00,126.37,128.56,126.37,128.47,5243398
2022-10-26 04:00:00+00:00,125.23,128.26,125.03,125.61,7736252
2022-10-27 04:00:00+00:00,126.08,126.85,123.89,124.18,6091411
2022-10-28 04:00:00+00:00,124.87,129.85,124.87,129.58,7671032
2022-10-31 04:00:00+00:00,128.29,128.64,127.11,127.87,6767802
2022-11-01 04:00:00+00:00,129.46,129.69,126.25,126.8,4819215
2022-11-02 04:00:00+00:00,126.71,128.34,122.38,122.42,9160136
2022-11-03 04:00:00+00:00,120.71,120.93,118.73,118.82,8386801
2022-11-04 04:00:00+00:00,121.29,121.62,118.22,120.99,9122713
2022-11-07 05:00:00+00:00,121.2,123.21,120.34,123.01,5213814
2022-11-08 05:00:00+00:00,124.03,125.69,122.36,124.19,6360973
2022-11-09 05:00:00+00:00,123.04,123.09,120.7801,120.96,5981274
2022-11-10 05:00:00+00:00,126.93,131.04,126.29,130.9,13966058
2022-11-11 05:00:00+00:00,130.78,133.58,130.14,133.14,7986609
2022-11-14 05:00:00+00:00,132.09,133.6512,131.3691,132.0,7263280
2022-11-15 05:00:00+00:00,135.0,135.55,132.26,133.6,6358058
2022-11-16 05:00:00+00:00,132.57,132.96,131.22,131.77,5047993
2022-11-17 05:00:00+00:00,129.67,132.55,129.62,131.94,4080155
2022-11-18 05:00:00+00:00,133.43,133.47,130.98,132.09,5956157
2022-11-21 05:00:00+00:00,131.34,131.88,130.41,130.67,4181923
2022-11-22 05:00:00+00:00,131.24,133.27,130.3,133.2,4509597
2022-11-23 05:00:00+00:00,132.91,134.78,132.82,134.38,4740303
2022-11-25 05:00:00+00:00,133.47,134.01,133.21,133.6,1631466
2022-11-28 05:00:00+00:00,132.09,132.94,130.21,130.74,6520125
2022-11-29 05:00:00+00:00,130.57,130.96,128.93,129.46,5785113
2022-11-30 05:00:00+00:00,129.4,135.98,129.27,135.96,11667227
2022-12-01 05:00:00+00:00,136.09,136.8,134.47,136.15,7582905
2022-12-02 05:00:00+00:00,133.87,135.81,133.35,135.36,4466569
2022-12-05 05:00:00+00:00,134.32,135.075,132.23,133.11,5763284
2022-12-06 05:00:00+00:00,132.97,133.17,129.42,130.26,5899848
2022-12-07 05:00:00+00:00,129.79,130.6,128.67,129.6,5206945
2022-12-08 05:00:00+00:00,130.32,132.1,129.54,131.72,4482893
2022-12-09 05:00:00+00:00,131.13,132.75,130.42,130.91,5201423
2022-12-12 05:00:00+00:00,131.12,133.77,131.08,133.77,7403098
2022-12-13 05:00:00+00:00,138.64,139.3325,133.98,135.35,9303753
2022-12-14 05:00:00+00:00,135.22,136.8,132.64,134.21,9770478
2022-12-15 05:00:00+00:00,132.01,132.5,128.7,129.19,9613088
2022-12-16 05:00:00+00:00,128.75,129.51,126.83,127.48,11998504
2022-12-19 05:00:00+00:00,127.13,127.33,124.59,125.42,7138284
2022-12-20 05:00:00+00:00,124.76,126.25,124.155,125.61,6311037
2022-12-21 05:00:00+00:00,126.19,128.285,125.88,127.69,7335276
2022-12-22 05:00:00+00:00,126.09,126.225,122.355,124.47,7662453
2022-12-23 05:00:00+00:00,123.58,124.72,122.6676,124.6,4115658
2022-12-27 05:00:00+00:00,124.17,124.39,122.69,123.42,4765105
2022-12-28 05:00:00+00:00,123.12,124.27,121.29,121.43,5181482
2022-12-29 05:00:00+00:00,122.62,125.03,122.605,124.61,5477143
2022-12-30 05:00:00+00:00,123.32,124.51,122.55,124.44,4448545
2023-01-03 05:00:00+00:00,125.77,126.6,122.38,123.26,7598070
2023-01-04 05:00:00+00:00,123.9,124.37,122.22,123.58,5906502
2023-01-05 05:00:00+00:00,122.96,123.28,120.97,121.18,5670515
2023-01-06 05:00:00+00:00,122.25,125.29,120.81,124.73,6911623
2023-01-09 05:00:00+00:00,125.85,128.475,125.81,126.18,10713633
2023-01-10 05:00:00+00:00,125.87,127.1599,125.2,126.96,8604527
2023-01-11 05:00:00+00:00,127.36,129.16,126.97,129.16,6878986
2023-01-12 05:00:00+00:00,129.36,130.71,127.78,130.12,7679335
2023-01-13 05:00:00+00:00,128.89,130.6798,128.59,130.49,5074724
2023-01-17 05:00:00+00:00,130.31,131.85,130.15,131.08,5212859
2023-01-18 05:00:00+00:00,131.82,132.52,129.31,129.39,6967961
2023-01-19 05:00:00+00:00,128.38,129.1,127.41,127.88,7322513
2023-01-20 05:00:00+00:00,128.52,131.435,128.06,131.34,7063182
2023-01-23 05:00:00+00:00,131.87,135.1,131.57,134.33,11736438
2023-01-24 05:00:00+00:00,133.57,134.78,133.37,134.27,6287839
2023-01-25 05:00:00+00:00,132.0,134.33,130.77,133.99,7171147
2023-01-26 05:00:00+00:00,135.3,136.19,133.9,136.13,5580870
2023-01-27 05:00:00+00:00,135.27,137.66,135.21,136.7,6773553
2023-01-30 05:00:00+00:00,135.13,135.72,133.975,134.09,4852957
2023-01-31 05:00:00+00:00,134.09,136.02,134.0,135.96,4435803
2023-02-01 05:00:00+00:00,135.86,140.27,135.21,139.16,9426375
2023-02-02 05:00:00+00:00,141.54,143.76,140.89,142.96,9412026
2023-02-03 05:00:00+00:00,140.5,144.09,140.29,141.77,8072005
2023-02-06 05:00:00+00:00,140.2,141.3,139.51,140.04,6488729
2023-02-07 05:00:00+00:00,140.25,144.08,140.19,143.54,7854072
2023-02-08 05:00:00+00:00,143.82,144.59,141.52,141.81,6288539
2023-02-09 05:00:00+00:00,144.0,144.24,140.47,141.03,6312014
2023-02-10 05:00:00+00:00,139.98,140.86,139.05,140.38,4929486
2023-02-13 05:00:00+00:00,140.93,143.121,140.84,142.81,4205914
2023-02-14 05:00:00+00:00,142.14,144.23,141.25,143.42,6310973
2023-02-15 05:00:00+00:00,142.55,144.1,142.21,144.09,5246227
2023-02-16 05:00:00+00:00,142.0,143.61,141.48,141.59,6500646
2023-02-17 05:00:00+00:00,140.58,140.74,138.6,139.82,5301840
2023-02-21 05:00:00+00:00,137.95,138.78,136.375,136.5,6138857
2023-02-22 05:00:00+00:00,136.78,137.4,135.65,136.3,7169194
2023-02-23 05:00:00+00:00,138.84,139.08,136.61,138.56,6560208
2023-02-24 05:00:00+00:00,136.1,136.68,135.3,136.09,7173615
2023-02-27 05:00:00+00:00,137.46,138.16,136.57,136.82,4694488
2023-02-28 05:00:00+00:00,136.38,137.84,136.14,136.52,5243149
2023-03-01 05:00:00+00:00,136.58,136.8,135.1,135.52,7534677
2023-03-02 05:00:00+00:00,135.15,137.62,134.92,137.19,5485632
2023-03-03 05:00:00+00:00,138.07,140.145,137.94,140.14,7218951
2023-03-06 05:00:00+00:00,141.04,142.72,140.695,140.81,7999615
2023-03-07 05:00:00+00:00,140.7,141.24,138.71,139.06,7060055
2023-03-08 05:00:00+00:00,139.55,140.38,138.73,140.21,6623474
2023-03-09 05:00:00+00:00,140.43,142.01,137.93,138.2,7812295
2023-03-10 05:00:00+00:00,138.0,138.345,135.23,135.77,15277830
2023-03-13 04:00:00+00:00,134.92,138.4,134.08,136.51,17219730
2023-03-14 04:00:00+00:00,138.27,140.15,137.7,139.66,10601051
2023-03-15 04:00:00+00:00,138.13,139.9099,137.455,139.74,11530017
2023-03-16 04:00:00+00:00,139.25,143.86,138.79,143.66,13044548
2023-03-17 04:00:00+00:00,143.94,145.18,142.62,143.46,11539264
2023-03-20 04:00:00+00:00,142.89,143.71,141.82,143.53,5990808
2023-03-21 04:00:00+00:00,144.31,144.95,142.805,144.69,6533200
2023-03-22 04:00:00+00:00,144.69,147.57,143.17,143.25,7112246
2023-03-23 04:00:00+00:00,145.08,147.55,144.21,145.58,8797909
2023-03-24 04:00:00+00:00,145.12,146.03,144.16,145.96,5936392
2023-03-27 04:00:00+00:00,146.18,146.68,144.49,144.83,5405293
2023-03-28 04:00:00+00:00,144.58,144.63,142.845,144.15,4984008
2023-03-29 04:00:00+00:00,145.96,147.5,145.75,147.17,7128293
2023-03-30 04:00:00+00:00,148.53,149.09,147.88,148.88,5601209
2023-03-31 04:00:00+00:00,148.7,151.145,148.51,151.01,7534455
2023-04-03 04:00:00+00:00,150.09,150.98,149.37,150.77,10571060
2023-04-04 04:00:00+00:00,150.99,151.51,149.38,149.94,7912365
2023-04-05 04:00:00+00:00,149.23,149.37,147.16,148.23,7868780
2023-04-06 04:00:00+00:00,147.15,149.26,146.51,149.07,7848007
2023-04-10 04:00:00+00:00,147.59,149.02,146.78,148.99,4758588
2023-04-11 04:00:00+00:00,148.73,148.75,147.34,147.59,6375397
2023-04-12 04:00:00+00:00,148.59,148.99,146.505,146.75,6617886
2023-04-13 04:00:00+00:00,147.32,149.71,147.08,149.48,6820898
2023-04-14 04:00:00+00:00,148.64,149.8686,147.35,148.65,6500331
2023-04-17 04:00:00+00:00,148.84,149.52,148.03,149.19,4153188
2023-04-18 04:00:00+00:00,150.33,150.73,149.0,149.65,4606530
2023-04-19 04:00:00+00:00,148.3,149.5,148.1,149.22,4311606
2023-04-20 04:00:00+00:00,147.85,149.71,147.58,148.24,5708126
2023-04-21 04:00:00+00:00,147.59,148.025,146.8,147.76,6118774
2023-04-24 04:00:00+00:00,147.17,147.89,146.01,147.11,4539968
2023-04-25 04:00:00+00:00,146.39,146.67,143.92,143.97,5511323
2023-04-26 04:00:00+00:00,146.5,147.62,145.76,146.11,6801698
2023-04-27 04:00:00+00:00,146.8,149.315,146.44,149.21,6042384
2023-04-28 04:00:00+00:00,149.21,150.86,149.05,150.83,5893039
2023-05-01 04:00:00+00:00,150.71,151.6475,150.47,150.92,4097189
2023-05-02 04:00:00+00:00,151.1,151.27,148.73,149.51,6029435
2023-05-03 04:00:00+00:00,149.69,150.66,148.18,148.25,5815099
2023-05-04 04:00:00+00:00,147.66,148.54,146.93,147.54,5430455
2023-05-05 04:00:00+00:00,148.97,151.75,148.76,151.24,6114186
2023-05-08 04:00:00+00:00,150.95,151.29,150.23,151.16,3397843
2023-05-09 04:00:00+00:00,150.33,150.61,149.84,150.0,6236700
2023-05-10 04:00:00+00:00,151.31,152.18,150.36,151.83,5275910
2023-05-11 04:00:00+00:00,151.58,151.58,150.1,151.15,4478546
2023-05-12 04:00:00+00:00,151.41,151.63,149.78,150.95,3953321
2023-05-15 04:00:00+00:00,151.1,152.23,150.555,152.2,3398461
2023-05-16 04:00:00+00:00,151.99,153.19,151.94,152.36,4699238
2023-05-17 04:00:00+00:00,153.0,154.65,152.295,154.39,5958306
2023-05-18 04:00:00+00:00,154.58,157.78,154.58,157.55,7745604
2023-05-19 04:00:00+00:00,157.59,157.86,156.94,157.48,4902505
2023-05-22 04:00:00+00:00,157.01,158.19,156.75,157.78,5397089
2023-05-23 04:00:00+00:00,156.99,157.64,155.39,155.45,5845476
2023-05-24 04:00:00+00:00,154.22,154.93,153.47,154.31,5462752
2023-05-25 04:00:00+00:00,158.41,160.86,157.58,160.23,9038999
2023-05-26 04:00:00+00:00,160.64,165.07,160.62,164.78,7578032
2023-05-30 04:00:00+00:00,167.2,168.04,165.31,165.66,9061845
2023-05-31 04:00:00+00:00,164.71,166.26,164.19,164.28,9650510
2023-06-01 04:00:00+00:00,163.76,166.65,163.23,165.95,8709728
2023-06-02 04:00:00+00:00,166.93,167.67,165.72,166.9,7135271
2023-06-05 04:00:00+00:00,166.8,167.9083,165.6467,165.94,6045319
2023-06-06 04:00:00+00:00,165.54,166.26,164.71,165.9,4987833
2023-06-07 04:00:00+00:00,165.58,166.87,163.0799,163.42,6851881
2023-06-08 04:00:00+00:00,163.66,165.445,163.545,165.19,5333723
2023-06-09 04:00:00+00:00,165.99,167.71,165.45,166.01,7207783
2023-06-12 04:00:00+00:00,167.15,169.685,166.81,169.62,6896021
2023-06-13 04:00:00+00:00,171.13,171.46,169.27,170.65,8297942
2023-06-14 04:00:00+00:00,170.45,172.47,169.86,172.41,8384519
2023-06-15 04:00:00+00:00,171.71,175.41,171.67,174.63,8866337
2023-06-16 04:00:00+00:00,176.29,176.3,173.02,173.19,8683334
2023-06-20 04:00:00+00:00,171.84,172.9,170.74,171.66,7069583
2023-06-21 04:00:00+00:00,171.0,171.33,168.62,169.12,6028964
2023-06-22 04:00:00+00:00,168.36,170.57,168.33,170.5,7612586
2023-06-23 04:00:00+00:00,168.4,169.645,167.94,168.65,7364458
2023-06-26 04:00:00+00:00,168.8,170.28,167.32,167.44,5445132
2023-06-27 04:00:00+00:00,168.11,171.13,167.95,170.74,6916452
2023-06-28 04:00:00+00:00,169.79,171.76,169.66,170.84,5685843
2023-06-29 04:00:00+00:00,171.02,171.45,170.11,171.14,4564147
2023-06-30 04:00:00+00:00,172.84,174.2998,172.71,173.86,5399328
2023-07-03 04:00:00+00:00,173.83,173.91,172.61,173.49,3042695
2023-07-05 04:00:00+00:00,172.28,173.71,172.13,172.42,4698200
2023-07-06 04:00:00+00:00,170.72,172.12,170.195,171.96,6058211
2023-07-07 04:00:00+00:00,171.68,173.28,171.11,171.21,5811257
2023-07-10 04:00:00+00:00,170.59,171.67,169.94,171.66,8438551
2023-07-11 04:00:00+00:00,172.02,172.22,170.35,172.03,4998680
2023-07-12 04:00:00+00:00,173.75,174.795,172.8,173.98,8052283
2023-07-13 04:00:00+00:00,175.17,176.63,174.82,176.25,4674612
2023-07-14 04:00:00+00:00,176.69,178.07,175.48,175.99,5771913
2023-07-17 04:00:00+00:00,176.32,178.755,176.12,178.24,5930280
2023-07-18 04:00:00+00:00,177.83,181.13,176.9,180.26,8203385
2023-07-19 04:00:00+00:00,180.71,181.46,179.12,179.81,10494966
2023-07-20 04:00:00+00:00,178.66,179.415,175.6657,176.22,12178023
2023-07-21 04:00:00+00:00,177.34,178.23,175.92,176.13,7435708
2023-07-24 04:00:00+00:00,176.91,177.34,175.76,176.44,5654131
2023-07-25 04:00:00+00:00,177.01,179.05,176.98,178.46,5401103
2023-07-26 04:00:00+00:00,176.59,177.02,174.82,176.06,7750765
2023-07-27 04:00:00+00:00,178.44,178.98,174.75,175.55,6928476
2023-07-28 04:00:00+00:00,177.18,178.47,176.81,177.94,5643875
2023-07-31 04:00:00+00:00,178.1,178.57,177.33,178.35,5069853
2023-08-01 04:00:00+00:00,177.77,179.03,177.3,178.65,4424308
2023-08-02 04:00:00+00:00,177.08,177.19,173.6,174.23,7913425
2023-08-03 04:00:00+00:00,172.81,174.54,172.7,173.52,5660933
2023-08-04 04:00:00+00:00,172.93,173.965,170.89,171.16,7215853
2023-08-07 04:00:00+00:00,171.88,172.47,170.4,171.64,4767999
2023-08-08 04:00:00+00:00,170.44,170.54,168.61,170.32,5730987
2023-08-09 04:00:00+00:00,170.55,170.55,167.54,168.12,7150892
2023-08-10 04:00:00+00:00,169.4,170.87,167.31,168.14,6365657
2023-08-11 04:00:00+00:00,166.8,167.88,166.32,166.9,5385957
2023-08-14 04:00:00+00:00,166.73,169.58,166.33,169.56,5166252
2023-08-15 04:00:00+00:00,169.06,169.66,167.5,167.89,4683174
2023-08-16 04:00:00+00:00,167.53,168.49,166.28,166.29,4889733
2023-08-17 04:00:00+00:00,167.03,167.335,164.46,164.71,6307368
2023-08-18 04:00:00+00:00,163.04,165.63,162.94,164.96,6829335
2023-08-21 04:00:00+00:00,165.81,168.45,165.65,168.11,6566423
2023-08-22 04:00:00+00:00,169.62,169.72,167.55,167.92,5682781
2023-08-23 04:00:00+00:00,168.33,171.45,168.32,170.95,5056622
2023-08-24 04:00:00+00:00,173.1,173.11,166.88,167.01,6964454
2023-08-25 04:00:00+00:00,167.68,169.64,166.19,168.71,7843291
2023-08-28 04:00:00+00:00,169.99,170.45,168.78,170.09,4482150
2023-08-29 04:00:00+00:00,169.6,173.67,169.42,173.5,6856940
2023-08-30 04:00:00+00:00,173.53,174.985,172.93,174.81,6133331
2023-08-31 04:00:00+00:00,175.21,176.33,175.02,175.66,5981747
2023-09-01 04:00:00+00:00,176.76,176.99,175.3,176.2,4622331
2023-09-05 04:00:00+00:00,175.76,177.38,175.19,176.83,5030687
2023-09-06 04:00:00+00:00,176.14,176.58,173.88,174.96,9071614
2023-09-07 04:00:00+00:00,171.71,172.81,171.08,172.43,6256924
2023-09-08 04:00:00+00:00,172.42,173.9,172.34,172.79,4292482
2023-09-11 04:00:00+00:00,174.31,174.47,172.17,173.69,4136385
2023-09-12 04:00:00+00:00,172.24,172.85,170.23,170.54,6121708
2023-09-13 04:00:00+00:00,170.47,171.885,169.99,170.97,5004381
2023-09-14 04:00:00+00:00,172.02,172.635,170.94,172.21,4736632
2023-09-15 04:00:00+00:00,171.59,171.64,168.45,168.9,6558409
2023-09-18 04:00:00+00:00,168.05,169.91,168.0,169.35,4971904
2023-09-19 04:00:00+00:00,168.63,169.69,167.71,169.26,4118668
2023-09-20 04:00:00+00:00,169.72,169.94,166.53,166.6,5383067
2023-09-21 04:00:00+00:00,164.85,166.02,163.98,164.06,7371413
2023-09-22 04:00:00+00:00,164.78,165.92,164.04,164.41,6268934
2023-09-25 04:00:00+00:00,163.99,165.19,163.57,164.94,5288670
2023-09-26 04:00:00+00:00,163.86,163.95,161.41,161.97,7462979
2023-09-27 04:00:00+00:00,162.75,163.07,160.6122,162.22,5832683
2023-09-28 04:00:00+00:00,161.45,164.41,160.69,163.37,6414660
2023-09-29 04:00:00+00:00,164.98,166.51,163.37,163.93,7941909
2023-10-02 04:00:00+00:00,164.01,166.17,163.76,165.69,6828078
2023-10-03 04:00:00+00:00,164.75,165.88,162.0398,162.88,7419359
2023-10-04 04:00:00+00:00,163.01,165.35,163.01,164.91,7597113
2023-10-05 04:00:00+00:00,164.9,165.4,163.15,165.13,6011478
2023-10-06 04:00:00+00:00,164.0,168.9406,163.52,168.22,8312767
2023-10-09 04:00:00+00:00,167.19,169.35,166.42,169.09,6569581
2023-10-10 04:00:00+00:00,169.21,170.71,168.74,169.35,10201603
2023-10-11 04:00:00+00:00,169.87,171.0,169.33,170.92,5194637
2023-10-12 04:00:00+00:00,171.07,172.83,169.78,171.08,7702919
2023-10-13 04:00:00+00:00,171.42,171.71,168.04,168.63,7595970
2023-10-16 04:00:00+00:00,168.91,171.02,168.88,170.25,7272091
2023-10-17 04:00:00+00:00,168.11,170.335,166.9,169.46,7659137
2023-10-18 04:00:00+00:00,168.27,169.64,167.03,167.72,6431452
2023-10-19 04:00:00+00:00,168.39,169.52,166.47,166.76,9995866
2023-10-20 04:00:00+00:00,166.68,166.8,163.77,163.94,7675227
2023-10-23 04:00:00+00:00,162.92,165.8,162.01,164.13,7579468
2023-10-24 04:00:00+00:00,164.78,165.51,163.48,165.26,5590176
2023-10-25 04:00:00+00:00,166.05,166.25,162.825,163.31,7764808
2023-10-26 04:00:00+00:00,163.6,164.32,159.5,160.19,10323241
2023-10-27 04:00:00+00:00,161.17,162.75,160.41,161.12,8115781
2023-10-30 04:00:00+00:00,161.97,163.425,161.48,162.85,7090477
2023-10-31 04:00:00+00:00,162.93,164.15,161.66,164.01,5446761
2023-11-01 04:00:00+00:00,164.3,167.4,164.3,167.18,10472885
2023-11-02 04:00:00+00:00,168.69,170.16,168.46,170.01,8096335
2023-11-03 04:00:00+00:00,169.84,172.45,169.47,171.76,7830865
2023-11-06 05:00:00+00:00,171.99,172.95,171.45,172.89,5549572
2023-11-07 05:00:00+00:00,173.35,175.29,173.09,174.78,6514894
2023-11-08 05:00:00+00:00,175.38,176.06,174.58,175.77,5361331
2023-11-09 05:00:00+00:00,176.03,177.315,174.72,174.95,7187339
2023-11-10 05:00:00+00:00,176.01,179.635,175.81,179.52,6675180
2023-11-13 05:00:00+00:00,178.77,178.92,177.72,178.47,5862519
2023-11-14 05:00:00+00:00,181.2,182.495,180.64,182.04,8254218
2023-11-15 05:00:00+00:00,182.85,183.13,181.57,182.27,6573855
2023-11-16 05:00:00+00:00,181.91,183.38,181.58,183.18,5777039
2023-11-17 05:00:00+00:00,182.77,183.5,182.01,182.8,6639211
2023-11-20 05:00:00+00:00,183.03,185.93,183.01,185.45,5559833
2023-11-21 05:00:00+00:00,184.61,184.9,183.275,183.95,6675393
2023-11-22 05:00:00+00:00,185.11,186.35,184.27,184.77,5606835
2023-11-24 05:00:00+00:00,184.46,184.62,183.71,184.41,2096927
2023-11-27 05:00:00+00:00,184.15,185.465,183.82,184.4,4210095
2023-11-28 05:00:00+00:00,183.78,185.24,183.78,184.75,5506170
2023-11-29 05:00:00+00:00,186.1,186.9,184.775,184.89,5382714
2023-11-30 05:00:00+00:00,185.66,185.91,183.61,185.16,6872005
2023-12-01 05:00:00+00:00,184.68,185.91,183.79,185.58,6996056
2023-12-04 05:00:00+00:00,183.73,183.73,181.32,183.32,9110927
2023-12-05 05:00:00+00:00,182.34,184.63,182.34,184.42,5420665
2023-12-06 05:00:00+00:00,185.57,185.84,182.72,182.86,7365673
2023-12-07 05:00:00+00:00,183.73,185.39,183.34,185.08,6964403
2023-12-08 05:00:00+00:00,184.68,186.81,184.45,186.66,6404425
2023-12-11 05:00:00+00:00,186.11,188.33,185.68,188.29,18897692
2023-12-12 05:00:00+00:00,187.6,189.6,187.44,189.54,7527695
2023-12-13 05:00:00+00:00,189.99,191.67,189.54,191.21,14697497
2023-12-14 05:00:00+00:00,191.36,192.08,189.33,190.74,7713721
2023-12-15 05:00:00+00:00,190.54,192.8,190.54,191.7,9065696
2023-12-18 05:00:00+00:00,191.24,192.28,190.43,191.85,5069188
2023-12-19 05:00:00+00:00,191.81,192.6,191.7,192.58,4501836
2023-12-20 05:00:00+00:00,192.36,193.04,189.64,189.67,6867447
2023-12-21 05:00:00+00:00,191.6,192.23,190.19,191.8,5667974
2023-12-22 05:00:00+00:00,192.35,192.61,191.1,192.05,5107708
2023-12-26 05:00:00+00:00,192.17,193.245,192.17,192.85,3103779
2023-12-27 05:00:00+00:00,192.95,193.24,192.02,192.84,5882284
2023-12-28 05:00:00+00:00,193.52,193.72,192.975,193.07,4807676
2023-12-29 05:00:00+00:00,193.17,193.5599,191.52,192.48,6095325
2024-01-02 05:00:00+00:00,189.86,190.16,186.25,187.44,11772734
2024-01-03 05:00:00+00:00,185.73,186.75,185.2,185.53,9095023
2024-01-04 05:00:00+00:00,184.39,185.665,183.99,184.17,6063648
2024-01-05 05:00:00+00:00,184.38,185.71,183.42,184.12,8175261
2024-01-08 05:00:00+00:00,185.05,188.87,184.86,188.74,8217331
2024-01-09 05:00:00+00:00,187.29,189.58,186.89,189.04,5316949
2024-01-10 05:00:00+00:00,189.13,191.06,188.73,190.65,4892717
2024-01-11 05:00:00+00:00,191.59,192.55,188.93,191.62,6648510
2024-01-12 05:00:00+00:00,191.93,192.68,191.28,192.24,4417318
2024-01-16 05:00:00+00:00,192.0,193.525,190.89,192.72,5887802
2024-01-17 05:00:00+00:00,191.29,192.0,189.69,191.77,7054480
2024-01-18 05:00:00+00:00,194.33,195.835,193.6,195.66,9459365
2024-01-19 05:00:00+00:00,196.94,200.21,196.51,200.17,9166572
2024-01-22 05:00:00+00:00,201.15,202.28,200.29,201.05,7484461
2024-01-23 05:00:00+00:00,201.24,201.99,200.07,201.86,6631913
2024-01-24 05:00:00+00:00,203.25,205.29,202.67,203.25,8825613
2024-01-25 05:00:00+00:00,205.12,206.145,203.155,204.1,8535747
2024-01-26 05:00:00+00:00,202.67,203.565,201.29,201.75,5276594
2024-01-29 05:00:00+00:00,202.0,203.64,201.6,203.6,3819797
2024-01-30 05:00:00+00:00,203.53,203.84,201.3,201.92,6125754
2024-01-31 05:00:00+00:00,200.0,200.82,197.58,197.68,8147604
2024-02-01 05:00:00+00:00,198.47,200.445,198.34,200.17,7151744
2024-02-02 05:00:00+00:00,198.81,202.88,198.745,202.24,6436276
2024-02-05 05:00:00+00:00,203.06,203.28,200.8,202.7,5043254
2024-02-06 05:00:00+00:00,202.92,203.27,200.47,201.77,6338558
2024-02-07 05:00:00+00:00,203.19,204.49,202.38,204.44,5682944
2024-02-08 05:00:00+00:00,204.79,205.63,204.54,205.08,4974094
2024-02-09 05:00:00+00:00,205.94,208.11,205.7,207.84,5806126
2024-02-12 05:00:00+00:00,207.83,208.47,205.96,206.26,5376616
2024-02-13 05:00:00+00:00,201.79,204.12,201.175,202.76,9729671
2024-02-14 05:00:00+00:00,204.27,205.04,202.83,204.88,5895840
2024-02-15 05:00:00+00:00,205.15,205.35,203.31,204.45,5398195
2024-02-16 05:00:00+00:00,205.0,205.41,202.295,202.57,5545209
2024-02-20 05:00:00+00:00,201.38,202.1,198.5,200.51,8723793
2024-02-21 05:00:00+00:00,198.57,199.25,197.07,199.25,7983179
2024-02-22 05:00:00+00:00,204.4,206.325,203.93,205.77,9275849
2024-02-23 05:00:00+00:00,207.4,207.66,204.64,205.29,6161970
2024-02-26 05:00:00+00:00,206.19,206.7,205.28,205.49,9124442
2024-02-27 05:00:00+00:00,206.05,206.05,204.14,205.67,4992760
2024-02-28 05:00:00+00:00,204.99,205.26,203.9599,204.7,4164540
2024-02-29 05:00:00+00:00,205.79,207.465,204.64,206.98,5993373
2024-03-01 05:00:00+00:00,207.51,211.06,207.41,210.76,6568359
2024-03-04 05:00:00+00:00,210.46,211.965,209.99,210.76,10221914
2024-03-05 05:00:00+00:00,208.68,208.78,204.25,205.58,9021443
2024-03-06 05:00:00+00:00,207.73,208.7684,205.82,207.21,7151594
2024-03-07 05:00:00+00:00,208.98,211.12,207.94,210.48,6060406
2024-03-08 05:00:00+00:00,210.86,212.35,207.22,207.35,7456050
2024-03-11 04:00:00+00:00,206.4,207.24,205.29,206.78,7824189
2024-03-12 04:00:00+00:00,208.77,211.04,206.79,211.02,8691440
2024-03-13 04:00:00+00:00,210.38,210.5,207.87,208.74,6407744
2024-03-14 04:00:00+00:00,209.62,210.36,207.505,208.78,8011622
2024-03-15 04:00:00+00:00,205.78,206.72,204.79,205.63,9816680
2024-03-18 04:00:00+00:00,207.09,208.42,206.14,206.3,7088283
2024-03-19 04:00:00+00:00,205.29,207.4,204.26,207.37,6695140
2024-03-20 04:00:00+00:00,207.53,209.76,206.7979,209.69,6678708
2024-03-21 04:00:00+00:00,211.93,211.93,209.66,209.84,6156017
2024-03-22 04:00:00+00:00,209.85,210.68,209.1,209.91,5753478
2024-03-25 04:00:00+00:00,207.92,209.405,207.32,208.52,4388939
2024-03-26 04:00:00+00:00,209.27,209.61,207.49,207.66,4269180
2024-03-27 04:00:00+00:00,208.97,209.08,207.12,208.72,6247528
2024-03-28 04:00:00+00:00,208.23,208.87,207.85,208.27,4427155
2024-04-01 04:00:00+00:00,208.71,210.07,208.09,208.85,5827395
2024-04-02 04:00:00+00:00,206.53,207.137,205.16,206.84,5709189
2024-04-03 04:00:00+00:00,205.8,208.46,205.75,207.39,5334982
2024-04-04 04:00:00+00:00,209.37,210.1,204.0,204.11,8232362
2024-04-05 04:00:00+00:00,205.0,207.5,204.43,206.45,6404391
2024-04-08 04:00:00+00:00,206.58,207.26,205.45,206.21,4063068
2024-04-09 04:00:00+00:00,207.27,207.7,204.66,207.25,4700578
2024-04-10 04:00:00+00:00,204.89,205.471,203.83,204.71,6918377
2024-04-11 04:00:00+00:00,205.62,209.14,204.625,208.8,5281803
2024-04-12 04:00:00+00:00,206.31,207.28,204.66,205.42,8093062
2024-04-15 04:00:00+00:00,206.68,206.81,201.21,201.52,8594536
2024-04-16 04:00:00+00:00,201.96,203.01,200.96,201.76,7457011
2024-04-17 04:00:00+00:00,202.5,202.84,198.7,198.85,6545189
2024-04-18 04:00:00+00:00,198.79,199.3,196.37,196.58,7640363
2024-04-19 04:00:00+00:00,195.83,196.47,192.04,192.53,10939988
2024-04-22 04:00:00+00:00,194.01,195.42,192.08,194.25,6646721
2024-04-23 04:00:00+00:00,195.06,197.42,194.77,197.13,6075819
2024-04-24 04:00:00+00:00,198.59,199.405,196.94,198.03,4580082
2024-04-25 04:00:00+00:00,195.56,197.97,194.69,197.6,5783992
2024-04-26 04:00:00+00:00,199.16,201.29,198.38,199.83,5052084
2024-04-29 04:00:00+00:00,200.86,201.16,199.515,200.69,3747423
2024-04-30 04:00:00+00:00,200.0,200.81,196.21,196.27,7464527
2024-05-01 04:00:00+00:00,195.22,198.5,194.22,194.26,10226794
2024-05-02 04:00:00+00:00,196.74,197.33,194.26,197.06,6669995
2024-05-03 04:00:00+00:00,202.39,203.23,201.67,202.55,6658247
2024-05-06 04:00:00+00:00,203.32,204.93,203.01,204.93,4010467
2024-05-07 04:00:00+00:00,205.53,205.63,204.24,204.26,5010510
2024-05-08 04:00:00+00:00,203.53,205.06,203.48,204.84,3587971
2024-05-09 04:00:00+00:00,204.51,204.94,203.76,204.78,4794843
2024-05-10 04:00:00+00:00,205.85,206.77,204.89,205.54,4377007
2024-05-13 04:00:00+00:00,207.05,207.22,205.86,206.51,3290994
2024-05-14 04:00:00+00:00,206.44,208.625,206.32,208.34,4912582
2024-05-15 04:00:00+00:00,209.65,213.0981,209.5,213.03,7154320
2024-05-16 04:00:00+00:00,213.155,213.815,212.2,212.29,6033253
2024-05-17 04:00:00+00:00,212.78,212.91,210.66,211.82,3808017
2024-05-20 04:00:00+00:00,212.03,214.71,211.84,214.31,3138634
2024-05-21 04:00:00+00:00,213.49,215.01,213.11,214.66,3070241
2024-05-22 04:00:00+00:00,215.27,215.925,213.87,215.14,5891457
2024-05-23 04:00:00+00:00,217.6,217.62,212.71,213.39,4700216
2024-05-24 04:00:00+00:00,213.93,215.65,213.22,215.19,2953206
2024-05-28 04:00:00+00:00,216.41,216.58,214.745,216.1,4393214
2024-05-29 04:00:00+00:00,213.82,215.76,213.82,214.73,4284538
2024-05-30 04:00:00+00:00,212.34,212.66,209.18,209.83,5229852
2024-05-31 04:00:00+00:00,210.45,210.49,205.53,210.16,6040506
2024-06-03 04:00:00+00:00,211.77,211.96,208.17,210.69,4814031
2024-06-04 04:00:00+00:00,210.58,211.465,209.5,211.13,3202665
2024-06-05 04:00:00+00:00,212.8,215.82,212.46,215.82,4394432
2024-06-06 04:00:00+00:00,215.94,216.0863,214.53,215.1,3528836
2024-06-07 04:00:00+00:00,215.33,216.52,214.54,215.6,3199312
2024-06-10 04:00:00+00:00,214.87,216.73,214.73,216.15,3367696
2024-06-11 04:00:00+00:00,215.6,220.23,215.5,220.17,6359602
2024-06-12 04:00:00+00:00,222.355,227.31,221.95,225.04,8910628
2024-06-13 04:00:00+00:00,227.13,227.76,225.44,226.82,6346797
2024-06-14 04:00:00+00:00,226.5,227.8,226.35,227.67,3932277
2024-06-17 04:00:00+00:00,228.23,231.925,227.45,231.12,5801349
2024-06-18 04:00:00+00:00,231.35,232.17,230.49,231.41,4338861
2024-06-20 04:00:00+00:00,232.45,232.59,228.04,228.81,6621463
2024-06-21 04:00:00+00:00,228.86,229.755,227.37,228.41,6780393
2024-06-24 04:00:00+00:00,225.64,226.66,222.36,222.42,6874280
2024-06-25 04:00:00+00:00,224.05,226.62,222.79,226.5,4564541
2024-06-26 04:00:00+00:00,226.16,227.31,224.48,226.24,4729798
2024-06-27 04:00:00+00:00,225.8,227.47,225.53,226.35,3961767
2024-06-28 04:00:00+00:00,227.14,230.39,225.92,226.23,6186338
2024-07-01 04:00:00+00:00,226.57,228.32,223.28,227.94,4640834
2024-07-02 04:00:00+00:00,225.96,229.1,225.96,229.08,3538260
2024-07-03 04:00:00+00:00,228.75,232.28,228.56,232.17,3124564
2024-07-05 04:00:00+00:00,232.43,233.91,231.47,232.88,3335919
2024-07-08 04:00:00+00:00,233.63,235.15,233.23,234.47,3835519
2024-07-09 04:00:00+00:00,235.665,236.23,232.94,234.28,4342332
2024-07-10 04:00:00+00:00,235.89,237.845,234.57,237.68,4374692
2024-07-11 04:00:00+00:00,238.04,238.14,231.055,231.73,7055193
2024-07-12 04:00:00+00:00,232.37,236.28,231.56,233.8,4883776
2024-07-15 04:00:00+00:00,234.99,236.53,232.89,234.22,4313995
2024-07-16 04:00:00+00:00,234.77,234.8878,231.77,233.44,3826107
2024-07-17 04:00:00+00:00,228.1,228.33,224.25,224.36,6220241
2024-07-18 04:00:00+00:00,226.82,226.86,221.55,224.38,5418587
2024-07-19 04:00:00+00:00,223.19,224.56,220.38,220.87,4236413
2024-07-22 04:00:00+00:00,223.79,226.36,222.84,226.1,5300750
2024-07-23 04:00:00+00:00,225.16,227.23,224.9,225.2,2765373
2024-07-24 04:00:00+00:00,222.26,222.959,215.36,215.88,7150360
2024-07-25 04:00:00+00:00,215.65,218.865,210.46,213.57,10578963
2024-07-26 04:00:00+00:00,216.45,218.0,214.45,216.28,5848931
2024-07-29 04:00:00+00:00,218.0,218.94,214.69,215.32,3671907
2024-07-30 04:00:00+00:00,216.12,216.33,208.3,209.91,5347259
2024-07-31 04:00:00+00:00,216.39,219.5899,214.87,218.8,7307043
2024-08-01 04:00:00+00:00,218.2,220.73,208.4,210.64,8495715
2024-08-02 04:00:00+00:00,205.04,206.73,201.25,204.72,9310849
2024-08-05 04:00:00+00:00,191.905,201.72,190.745,197.9,15714953
2024-08-06 04:00:00+00:00,200.43,204.645,198.3,200.59,12287855
2024-08-07 04:00:00+00:00,205.45,206.45,197.07,197.34,8826750
2024-08-08 04:00:00+00:00,200.91,205.22,198.0,204.71,7221370
2024-08-09 04:00:00+00:00,204.59,206.81,203.35,205.63,4767753
2024-08-12 04:00:00+00:00,206.27,208.91,205.31,207.31,4290100
2024-08-13 04:00:00+00:00,209.88,213.745,209.62,213.68,4999769
2024-08-14 04:00:00+00:00,215.0,215.94,211.96,214.85,4461232
2024-08-15 04:00:00+00:00,217.63,221.25,217.16,221.03,4740085
2024-08-16 04:00:00+00:00,219.86,221.825,219.26,221.4,3353151
2024-08-19 04:00:00+00:00,220.88,225.06,219.98,225.05,6502106
2024-08-20 04:00:00+00:00,224.46,225.81,222.94,224.26,3610789
2024-08-21 04:00:00+00:00,224.4,226.36,223.69,225.58,3769364
2024-08-22 04:00:00+00:00,226.84,227.37,219.93,220.39,4541819
2024-08-23 04:00:00+00:00,222.58,224.935,221.1,223.96,5340482
2024-08-26 04:00:00+00:00,223.76,224.6025,220.02,221.15,3134436
2024-08-27 04:00:00+00:00,219.78,222.96,218.7,222.49,3828001
2024-08-28 04:00:00+00:00,222.2,222.63,217.58,219.42,4501130
2024-08-29 04:00:00+00:00,219.48,222.57,216.88,217.44,6641827
2024-08-30 04:00:00+00:00,219.81,221.18,217.44,220.33,5024223
2024-09-03 04:00:00+00:00,218.0,218.16,209.01,210.21,7382879
2024-09-04 04:00:00+00:00,208.08,212.06,207.42,209.67,6165000
2024-09-05 04:00:00+00:00,208.16,211.95,207.97,209.35,4437616
2024-09-06 04:00:00+00:00,209.18,209.68,202.98,203.92,6220540
2024-09-09 04:00:00+00:00,206.45,207.49,204.54,207.26,5460988
2024-09-10 04:00:00+00:00,208.69,210.81,206.7,210.36,5061453
2024-09-11 04:00:00+00:00,211.08,217.87,207.74,217.54,6384366
2024-09-12 04:00:00+00:00,217.38,220.27,215.85,219.34,5303055
2024-09-13 04:00:00+00:00,219.61,220.99,218.72,220.44,4023662
2024-09-16 04:00:00+00:00,218.85,220.3,217.57,219.6,3448891
2024-09-17 04:00:00+00:00,221.8,222.14,218.06,219.17,3494960
2024-09-18 04:00:00+00:00,219.72,221.26,216.96,217.17,6370843
2024-09-19 04:00:00+00:00,223.27,225.005,222.05,223.62,6967039
2024-09-20 04:00:00+00:00,222.74,223.53,220.54,222.53,7246354
2024-09-23 04:00:00+00:00,222.33,222.62,221.41,222.09,3745263
2024-09-24 04:00:00+00:00,223.02,224.06,220.62,223.61,3512903
2024-09-25 04:00:00+00:00,223.17,225.23,223.07,224.25,3055768
2024-09-26 04:00:00+00:00,228.63,228.8788,224.83,227.22,4622373
2024-09-27 04:00:00+00:00,227.54,227.61,224.26,225.1,3046880
2024-09-30 04:00:00+00:00,224.12,225.9,223.0,225.76,2750944
2024-10-01 04:00:00+00:00,225.09,225.22,218.95,220.26,5647652
2024-10-02 04:00:00+00:00,220.31,222.895,219.06,221.89,2266152
2024-10-03 04:00:00+00:00,221.24,224.44,221.21,222.81,2892440
2024-10-04 04:00:00+00:00,225.69,225.85,222.92,225.29,2507672
2024-10-07 04:00:00+00:00,224.28,225.77,223.18,223.74,2215206
2024-10-08 04:00:00+00:00,225.35,228.3,224.835,227.92,3932395
2024-10-09 04:00:00+00:00,228.1,230.79,227.39,230.47,3789891
2024-10-10 04:00:00+00:00,228.93,231.005,228.29,230.41,2846118
2024-10-11 04:00:00+00:00,229.86,231.33,229.52,230.81,4424457
2024-10-14 04:00:00+00:00,232.28,234.3,232.171,233.82,4905062
2024-10-15 04:00:00+00:00,234.0,234.565,227.83,228.68,7089654
2024-10-16 04:00:00+00:00,229.4,229.74,226.9238,229.39,2879422
2024-10-17 04:00:00+00:00,232.59,232.72,230.09,230.09,3025591
2024-10-18 04:00:00+00:00,231.29,231.76,230.42,230.91,2268528
2024-10-21 04:00:00+00:00,230.19,232.02,229.77,231.99,3161192
2024-10-22 04:00:00+00:00,230.76,232.54,230.1,231.75,3084585
2024-10-23 04:00:00+00:00,230.89,231.24,226.4817,228.43,3041820
2024-10-24 04:00:00+00:00,229.36,229.6672,227.74,229.1,2416361
2024-10-25 04:00:00+00:00,230.4,232.875,229.96,230.29,4157391
2024-10-28 04:00:00+00:00,231.94,231.94,230.17,230.22,2949570
2024-10-29 04:00:00+00:00,230.66,233.99,229.8,233.32,3725832
2024-10-30 04:00:00+00:00,231.19,231.81,229.46,229.61,4170567
2024-10-31 04:00:00+00:00,227.09,227.09,222.16,222.24,6055103
2024-11-01 04:00:00+00:00,222.48,225.58,222.18,223.91,5782895
2024-11-04 05:00:00+00:00,224.12,225.3499,222.79,223.74,3155985
2024-11-05 05:00:00+00:00,224.43,227.07,224.43,226.89,3636483
2024-11-06 05:00:00+00:00,231.27,233.78,230.58,233.35,5483910
2024-11-07 05:00:00+00:00,234.97,237.69,234.86,237.42,5231461
2024-11-08 05:00:00+00:00,237.12,237.94,236.3,237.16,3618188
2024-11-11 05:00:00+00:00,237.13,237.28,234.44,235.85,3633605
2024-11-12 05:00:00+00:00,235.69,236.45,234.29,236.15,3765392
2024-11-13 05:00:00+00:00,235.65,237.07,234.6,235.33,3164919
2024-11-14 05:00:00+00:00,235.71,236.12,234.15,234.53,3300992
2024-11-15 05:00:00+00:00,231.63,231.93,227.95,228.71,5614916
2024-11-18 05:00:00+00:00,228.71,230.42,227.72,229.45,3086060
2024-11-19 05:00:00+00:00,228.01,231.52,228.01,231.33,3453400
2024-11-20 05:00:00+00:00,231.53,231.61,228.05,231.13,4437308
2024-11-21 05:00:00+00:00,233.37,234.57,229.8003,233.48,5295868
2024-11-22 05:00:00+00:00,233.06,234.1399,232.22,233.6,3545419
2024-11-25 05:00:00+00:00,235.36,235.77,232.53,233.59,5568644
2024-11-26 05:00:00+00:00,234.65,235.49,233.76,234.76,3114958
2024-11-27 05:00:00+00:00,233.17,233.31,229.53,231.58,3184662
2024-11-29 05:00:00+00:00,232.12,234.22,231.89,233.73,2084171
2024-12-02 05:00:00+00:00,233.9,236.83,233.84,235.95,4699113
2024-12-03 05:00:00+00:00,234.95,236.86,234.49,236.8,2787954
2024-12-04 05:00:00+00:00,239.76,241.25,239.06,241.13,5420289
2024-12-05 05:00:00+00:00,240.75,241.03,239.5794,239.91,2818968
2024-12-06 05:00:00+00:00,240.33,241.88,240.07,240.84,3327417
2024-12-09 05:00:00+00:00,239.94,240.7979,238.66,239.27,4016243
2024-12-10 05:00:00+00:00,238.46,239.11,235.2,235.95,5617497
2024-12-11 05:00:00+00:00,237.82,240.1299,237.0,239.37,4344770
2024-12-12 05:00:00+00:00,237.84,238.905,237.26,238.03,3609195
2024-12-13 05:00:00+00:00,240.18,241.12,237.15,239.05,4338455
2024-12-16 05:00:00+00:00,239.36,241.65,238.85,241.44,4721635
2024-12-17 05:00:00+00:00,239.73,240.92,238.81,239.98,4072452
2024-12-18 05:00:00+00:00,240.79,241.45,231.7,232.24,8463578
2024-12-19 05:00:00+00:00,234.6,235.36,232.19,232.49,6692897
2024-12-20 05:00:00+00:00,230.91,237.86,230.19,235.96,7462446
2024-12-23 05:00:00+00:00,236.25,238.17,234.99,238.07,3986660
2024-12-24 05:00:00+00:00,238.92,240.54,238.56,240.53,2326657
2024-12-26 05:00:00+00:00,239.76,241.57,238.99,240.69,3575488
2024-12-27 05:00:00+00:00,239.07,239.38,235.154,237.49,4363256
2024-12-30 05:00:00+00:00,234.03,236.34,232.58,234.47,3975160
2024-12-31 05:00:00+00:00,235.11,235.27,231.76,232.52,4690615
2025-01-02 05:00:00+00:00,234.36,235.02,229.7801,231.97,6385156
2025-01-03 05:00:00+00:00,233.39,235.9999,232.93,235.75,4560565
2025-01-06 05:00:00+00:00,238.44,241.062,237.81,238.75,4487661
2025-01-07 05:00:00+00:00,240.0,240.0,233.14,233.96,5003649
2025-01-08 05:00:00+00:00,234.5,234.54,231.63,233.88,5011895
2025-01-10 05:00:00+00:00,231.42,231.46,227.43,228.78,5832896
2025-01-13 05:00:00+00:00,225.1,227.32,224.45,227.16,5327974
2025-01-14 05:00:00+00:00,228.92,229.545,225.95,227.76,3610218
2025-01-15 05:00:00+00:00,230.87,232.97,230.11,232.29,5232653
2025-01-16 05:00:00+00:00,234.18,234.33,230.45,230.5,2684261
2025-01-17 05:00:00+00:00,234.66,234.94,233.08,234.11,3371692
2025-01-21 05:00:00+00:00,234.89,236.64,233.2601,236.06,3372076
2025-01-22 05:00:00+00:00,239.25,241.95,238.91,241.39,5121877
2025-01-23 05:00:00+00:00,239.53,241.87,239.3,241.82,3802235
2025-01-24 05:00:00+00:00,242.58,242.58,238.525,239.3,3303802
2025-01-27 05:00:00+00:00,228.58,230.975,225.47,227.57,10352755
2025-01-28 05:00:00+00:00,229.11,234.16,226.69,233.64,5630339
2025-01-29 05:00:00+00:00,233.18,233.29,229.49,231.74,4525003
2025-01-30 05:00:00+00:00,231.33,232.97,229.74,232.17,4420135
2025-01-31 05:00:00+00:00,234.33,235.73,230.19,230.81,5372314
2025-02-03 05:00:00+00:00,225.7,229.0899,224.495,227.7,6865469
2025-02-04 05:00:00+00:00,228.48,231.34,228.4,230.98,4042943
2025-02-05 05:00:00+00:00,231.19,234.24,230.46,234.19,2699042
2025-02-06 05:00:00+00:00,234.19,235.31,233.15,234.83,3404037
2025-02-07 05:00:00+00:00,235.78,236.91,232.04,232.82,4160023
2025-02-10 05:00:00+00:00,234.66,236.81,234.59,236.22,3014144
2025-02-11 05:00:00+00:00,234.91,237.28,234.75,236.33,3228283
2025-02-12 05:00:00+00:00,233.0,236.0985,232.74,235.82,4277830
2025-02-13 05:00:00+00:00,236.24,239.31,235.91,239.16,3914785
2025-02-14 05:00:00+00:00,238.96,240.165,238.52,239.97,2278612
2025-02-18 05:00:00+00:00,241.21,242.19,240.09,242.16,3011983
2025-02-19 05:00:00+00:00,241.89,243.14,240.2,242.18,2790321
2025-02-20 05:00:00+00:00,241.95,242.27,238.86,241.41,2993874
2025-02-21 05:00:00+00:00,241.48,241.58,234.75,234.87,4528792
2025-02-24 05:00:00+00:00,235.78,236.44,231.22,231.51,3723778
2025-02-25 05:00:00+00:00,231.02,231.23,226.95,228.51,5217146
2025-02-26 05:00:00+00:00,230.75,233.18,229.23,231.0,3815335
2025-02-27 05:00:00+00:00,232.26,232.5,222.49,222.59,5050005
2025-02-28 05:00:00+00:00,221.59,225.76,219.7,225.53,7086079
2025-03-03 05:00:00+00:00,226.69,227.15,217.05,218.67,6258091
2025-03-04 05:00:00+00:00,217.05,222.36,214.26,218.5,8860491
2025-03-05 05:00:00+00:00,219.18,222.29,216.24,221.57,5965543
2025-03-06 05:00:00+00:00,217.02,220.45,214.375,215.42,8215989
2025-03-07 05:00:00+00:00,215.17,219.09,212.63,218.54,5631995
2025-03-10 04:00:00+00:00,214.22,214.62,207.08,209.25,10780903
2025-03-11 04:00:00+00:00,208.61,211.91,206.29,208.4,7416354
2025-03-12 04:00:00+00:00,212.12,213.52,209.15,211.68,5497100
2025-03-13 04:00:00+00:00,211.07,211.54,206.8475,207.66,6191533
2025-03-14 04:00:00+00:00,210.38,214.16,210.31,213.94,5020766
2025-03-17 04:00:00+00:00,213.77,216.96,213.15,215.43,5074390
2025-03-18 04:00:00+00:00,213.9,214.12,211.37,212.15,5743690
2025-03-19 04:00:00+00:00,213.24,217.43,212.35,214.91,4419325
2025-03-20 04:00:00+00:00,212.47,215.73,212.15,213.38,3572637
2025-03-21 04:00:00+00:00,210.715,214.25,209.94,213.96,5212846
2025-03-24 04:00:00+00:00,217.14,218.145,216.57,217.63,4100067
2025-03-25 04:00:00+00:00,217.49,218.64,217.38,218.35,3740852
2025-03-26 04:00:00+00:00,217.68,218.2,212.64,213.48,3944331
2025-03-27 04:00:00+00:00,212.02,213.22,210.39,211.51,3288875
2025-03-28 04:00:00+00:00,210.41,211.26,205.68,206.38,5333790
2025-03-31 04:00:00+00:00,202.78,206.95,200.73,206.48,7109441
2025-04-01 04:00:00+00:00,205.66,208.17,203.98,207.99,4740057
2025-04-02 04:00:00+00:00,205.02,211.26,204.86,209.53,4645979
2025-04-03 04:00:00+00:00,199.49,200.7,195.07,195.23,9725165
2025-04-04 04:00:00+00:00,189.14,190.64,182.3,182.37,16902110
2025-04-07 04:00:00+00:00,174.93,191.81,172.45,183.46,22278932
2025-04-08 04:00:00+00:00,190.29,192.84,176.44,179.73,12901715
2025-04-09 04:00:00+00:00,180.1,204.98,179.87,203.86,18491227
2025-04-10 04:00:00+00:00,196.85,198.2,187.73,194.37,9873778
2025-04-11 04:00:00+00:00,193.4,199.2,191.95,198.35,7211599
2025-04-14 04:00:00+00:00,204.5,204.63,198.0,200.16,5952249
2025-04-15 04:00:00+00:00,200.47,202.41,199.95,200.89,3600030
2025-04-16 04:00:00+00:00,195.5,197.58,190.54,193.91,6611242
2025-04-17 04:00:00+00:00,195.3,195.3,192.04,192.86,3740378
2025-04-21 04:00:00+00:00,189.81,190.29,185.185,187.88,4486681
2025-04-22 04:00:00+00:00,190.38,193.57,189.27,192.46,4656422
2025-04-23 04:00:00+00:00,199.84,201.95,197.23,198.04,6706855
2025-04-24 04:00:00+00:00,199.99,205.71,199.6701,205.43,4658477
2025-04-25 04:00:00+00:00,204.81,208.855,204.61,208.47,3259230
2025-04-28 04:00:00+00:00,208.2,209.225,205.02,208.13,2787206
2025-04-29 04:00:00+00:00,207.13,209.97,207.13,209.1,4572223
2025-04-30 04:00:00+00:00,204.99,210.75,203.8,209.97,5101865
2025-05-01 04:00:00+00:00,214.56,216.55,212.86,213.05,5766384
2025-05-02 04:00:00+00:00,215.485,217.62,214.91,216.61,4062707
2025-05-05 04:00:00+00:00,214.75,217.0,214.64,215.46,3378638
2025-05-06 04:00:00+00:00,212.26,215.24,211.61,213.67,3979076
2025-05-07 04:00:00+00:00,213.67,216.75,212.2,215.81,4085689
2025-05-08 04:00:00+00:00,217.95,219.935,216.01,217.87,4352172
2025-05-09 04:00:00+00:00,218.84,219.24,216.48,217.6,3665223
2025-05-12 04:00:00+00:00,226.83,227.78,224.542,227.7,6739103
2025-05-13 04:00:00+00:00,228.52,233.38,228.26,232.62,6378675
2025-05-14 04:00:00+00:00,233.71,235.045,232.76,234.13,5123951
2025-05-15 04:00:00+00:00,232.86,235.77,232.58,234.45,4768176
2025-05-16 04:00:00+00:00,235.21,235.21,232.86,234.89,4055830
2025-05-19 04:00:00+00:00,231.42,235.075,231.34,234.55,5931524
2025-05-20 04:00:00+00:00,233.09,233.71,231.9,233.67,5136823
2025-05-21 04:00:00+00:00,231.48,234.71,228.35,229.28,9321786
2025-05-22 04:00:00+00:00,229.39,231.4,228.83,229.34,5686022
2025-05-23 04:00:00+00:00,225.35,228.29,225.102,226.81,6001960
2025-05-27 04:00:00+00:00,230.34,232.52,229.57,232.2,7104154
2025-05-28 04:00:00+00:00,232.48,233.405,230.9,231.24,5394562
2025-05-29 04:00:00+00:00,234.74,234.98,230.44,231.63,7006575
2025-05-30 04:00:00+00:00,231.52,231.63,227.42,230.91,6747059
2025-06-02 04:00:00+00:00,230.3,233.09,230.02,232.95,6439383
2025-06-03 04:00:00+00:00,233.26,236.63,233.09,236.45,7156171
2025-06-04 04:00:00+00:00,236.75,237.535,235.63,236.8,5449600
2025-06-05 04:00:00+00:00,237.5,239.57,235.11,236.13,7943505
2025-06-06 04:00:00+00:00,238.41,239.46,237.68,238.36,4513011
2025-06-09 04:00:00+00:00,239.29,241.01,239.11,239.53,5550469
2025-06-10 04:00:00+00:00,239.49,241.23,238.59,240.87,4916218
2025-06-11 04:00:00+00:00,241.45,242.425,239.1,240.34,4800019
2025-06-12 04:00:00+00:00,240.29,243.13,240.25,242.57,5605187
2025-06-13 04:00:00+00:00,239.76,241.585,238.29,239.17,6596854
2025-06-16 04:00:00+00:00,240.61,243.76,240.61,243.04,6933126
2025-06-17 04:00:00+00:00,242.02,243.73,240.75,241.32,5262678
2025-06-18 04:00:00+00:00,241.91,243.13,240.38,241.61,5532980
2025-06-20 04:00:00+00:00,242.47,243.29,239.4096,240.54,5745327
2025-06-23 04:00:00+00:00,240.38,243.09,238.75,242.88,6138515
2025-06-24 04:00:00+00:00,245.35,247.54,245.06,247.24,5664741
2025-06-25 04:00:00+00:00,248.52,249.72,248.3,249.35,4614340
2025-06-26 04:00:00+00:00,250.47,251.47,249.48,251.07,5644647
2025-06-27 04:00:00+00:00,251.75,252.7099,249.63,250.77,6098257
2025-06-30 04:00:00+00:00,252.97,253.92,251.75,253.23,6682560
2025-07-01 04:00:00+00:00,252.42,252.95,249.25,250.97,7572377
2025-07-02 04:00:00+00:00,250.34,253.79,250.155,253.62,5975097
2025-07-03 04:00:00+00:00,255.0,257.73,254.9,256.96,3556409
2025-07-07 04:00:00+00:00,255.97,256.64,253.78,254.92,5780415
2025-07-08 04:00:00+00:00,256.26,256.78,255.23,256.29,7857582
2025-07-09 04:00:00+00:00,257.2,258.8,255.915,257.83,6466755
2025-07-10 04:00:00+00:00,258.47,258.7,255.63,256.98,4997101
2025-07-11 04:00:00+00:00,255.76,257.35,255.44,255.85,4619487
2025-07-14 04:00:00+00:00,255.22,256.27,253.2,255.64,4062624
2025-07-15 04:00:00+00:00,258.62,259.23,257.82,257.91,7828527
2025-07-16 04:00:00+00:00,258.0,258.855,254.81,258.71,8887645
2025-07-17 04:00:00+00:00,259.02,261.47,258.51,261.06,5977216
2025-07-18 04:00:00+00:00,262.06,262.15,260.19,260.89,5139094
2025-07-21 04:00:00+00:00,261.18,263.01,260.875,261.23,4623309
2025-07-22 04:00:00+00:00,261.03,261.2145,256.95,258.81,6724447
2025-07-23 04:00:00+00:00,259.48,260.63,257.94,260.29,5045896
2025-07-24 04:00:00+00:00,260.925,261.9,259.92,261.39,6079813
2025-07-25 04:00:00+00:00,261.31,262.65,260.7651,261.99,4000685
2025-07-28 04:00:00+00:00,262.99,264.15,262.445,264.08,5758766
2025-07-29 04:00:00+00:00,265.8,267.27,263.64,264.09,6869524
2025-07-30 04:00:00+00:00,264.37,265.58,262.6,264.68,6964611
2025-07-31 04:00:00+00:00,268.01,268.01,261.46,262.74,8207180
2025-08-01 04:00:00+00:00,259.88,259.97,255.78,257.07,9719008
2025-08-04 04:00:00+00:00,259.49,262.34,259.49,262.29,6188452
2025-08-05 04:00:00+00:00,263.26,263.49,259.515,260.12,5588026
2025-08-06 04:00:00+00:00,260.37,263.39,260.2,263.05,5083544
2025-08-07 04:00:00+00:00,265.98,266.41,261.1,263.29,5159049
2025-08-08 04:00:00+00:00,264.28,266.22,263.59,265.92,5508236
2025-08-11 04:00:00+00:00,265.75,266.95,263.51,264.12,4712711
2025-08-12 04:00:00+00:00,265.44,268.28,263.97,268.21,5577478
2025-08-13 04:00:00+00:00,269.76,270.0499,267.325,268.31,6995087
2025-08-14 04:00:00+00:00,266.95,268.65,266.335,267.73,7742167
2025-08-15 04:00:00+00:00,267.37,267.37,264.64,265.7,6686563
2025-08-18 04:00:00+00:00,265.365,266.505,265.11,266.27,6116883
2025-08-19 04:00:00+00:00,266.17,266.23,261.13,261.62,8683453
2025-08-20 04:00:00+00:00,260.96,260.96,255.84,259.85,11532146
2025-08-21 04:00:00+00:00,259.22,260.26,257.79,258.91,7574279
2025-08-22 04:00:00+00:00,258.63,264.13,257.91,262.42,6878007
2025-08-25 04:00:00+00:00,262.41,263.47,261.11,261.83,5345887
2025-08-26 04:00:00+00:00,262.05,263.38,261.67,263.03,5540501
2025-08-27 04:00:00+00:00,263.29,264.75,262.08,264.45,5769319
2025-08-28 04:00:00+00:00,264.77,267.11,263.45,266.54,6190284
2025-08-29 04:00:00+00:00,265.37,265.42,261.49,262.45,8740467
2025-09-02 04:00:00+00:00,257.81,260.04,256.28,259.8,9113015
2025-09-03 04:00:00+00:00,261.13,261.87,259.4,261.35,7818314
2025-09-04 04:00:00+00:00,260.28,262.745,259.22,262.64,12198698
2025-09-05 04:00:00+00:00,265.13,265.23,260.19,262.86,19277333
2025-09-08 04:00:00+00:00,264.24,265.79,264.18,264.83,10278246
2025-09-09 04:00:00+00:00,265.42,265.62,263.46,265.34,9677453
2025-09-10 04:00:00+00:00,270.71,271.97,268.86,270.15,12978573
2025-09-11 04:00:00+00:00,271.85,272.23,270.62,271.06,11709811
2025-09-12 04:00:00+00:00,271.6,271.86,270.3,270.88,7806114
2025-09-15 04:00:00+00:00,271.31,273.38,270.98,273.32,8134011
2025-09-16 04:00:00+00:00,273.95,274.135,272.04,272.37,8040731
2025-09-17 04:00:00+00:00,272.19,272.52,268.62,271.43,9474263
2025-09-18 04:00:00+00:00,274.95,276.93,273.62,276.12,10441565
2025-09-19 04:00:00+00:00,277.23,279.18,276.33,278.92,7835381
2025-09-22 04:00:00+00:00,278.15,282.89,278.04,282.66,7885581
2025-09-23 04:00:00+00:00,282.275,282.73,278.9751,280.22,8228561
2025-09-24 04:00:00+00:00,280.97,280.97,276.63,278.49,6735506
2025-09-25 04:00:00+00:00,275.96,278.69,274.25,278.0,10674849
2025-09-26 04:00:00+00:00,278.3,279.09,276.38,278.84,8267024
2025-09-29 04:00:00+00:00,280.44,281.92,279.68,280.33,8053739
2025-09-30 04:00:00+00:00,280.33,282.14,279.74,281.86,9107570
2025-10-01 04:00:00+00:00,280.42,284.82,280.34,284.62,8705622
2025-10-02 04:00:00+00:00,287.27,287.33,284.87,286.16,8803914
2025-10-03 04:00:00+00:00,286.42,287.88,283.74,284.72,8728957
2025-10-06 04:00:00+00:00,288.56,289.44,287.45,287.6,8972822
2025-10-07 04:00:00+00:00,289.08,289.5,284.17,285.68,7794189
2025-10-08 04:00:00+00:00,286.34,290.7,286.185,290.69,7019342
2025-10-09 04:00:00+00:00,290.56,290.82,288.69,290.2,5994716
2025-10-10 04:00:00+00:00,290.805,291.34,278.28,278.39,22287291
2025-10-13 04:00:00+00:00,284.73,286.12,283.11,285.17,11015162
2025-10-14 04:00:00+00:00,281.43,284.38,278.24,281.51,13478388
2025-10-15 04:00:00+00:00,285.46,286.58,280.795,284.3,10468784
2025-10-16 04:00:00+00:00,286.35,287.6193,282.57,284.51,11583102
2025-10-17 04:00:00+00:00,282.82,285.86,281.02,285.01,12755769
2025-10-20 04:00:00+00:00,286.64,289.42,286.47,288.19,6902570
2025-10-21 04:00:00+00:00,288.01,289.365,286.95,288.34,6251939
2025-10-22 04:00:00+00:00,288.21,288.842,281.9,285.49,10361631
2025-10-23 04:00:00+00:00,284.37,289.55,284.37,289.09,5961749
2025-10-24 04:00:00+00:00,292.5,294.565,292.07,293.58,7179779
2025-10-27 04:00:00+00:00,297.7,299.26,297.22,299.0,7583495
2025-10-28 04:00:00+00:00,300.45,303.14,299.42,301.96,7527575
2025-10-29 04:00:00+00:00,304.695,305.99,301.87,304.13,10743334
2025-10-30 04:00:00+00:00,302.4,303.96,300.29,300.39,9609271
2025-10-31 04:00:00+00:00,303.42,303.64,298.94,300.68,8151914
2025-11-03 05:00:00+00:00,303.56,304.22,300.26,301.91,6991820
2025-11-04 05:00:00+00:00,296.445,298.4,293.45,293.94,8361254
2025-11-05 05:00:00+00:00,293.415,297.48,292.97,295.09,7223521
2025-11-06 05:00:00+00:00,294.62,294.94,287.67,289.16,12398686
2025-11-07 05:00:00+00:00,286.69,288.23,281.598,288.16,12773484
2025-11-10 05:00:00+00:00,293.31,296.09,291.79,295.53,9143174
2025-11-11 05:00:00+00:00,293.58,294.11,291.06,293.01,7435793
2025-11-12 05:00:00+00:00,295.46,295.46,292.15,293.92,6589608
2025-11-13 05:00:00+00:00,292.28,292.68,285.03,286.59,11192908
2025-11-14 05:00:00+00:00,281.3,290.76,280.29,288.15,13714771
2025-11-17 05:00:00+00:00,285.45,288.57,281.35,283.64,12337677
2025-11-18 05:00:00+00:00,281.19,282.64,276.47,279.03,18373779
2025-11-19 05:00:00+00:00,279.05,284.12,278.33,280.97,13834448
2025-11-20 05:00:00+00:00,287.44,288.5145,271.52,272.15,28275886
2025-11-21 05:00:00+00:00,272.6,276.84,267.48,273.2,22479454
2025-11-24 05:00:00+00:00,275.04,280.695,274.87,279.71,10062441
2025-11-25 05:00:00+00:00,277.25,281.18,273.31,280.46,10651665
2025-11-26 05:00:00+00:00,283.77,284.99,281.58,283.78,6679697
2025-11-28 05:00:00+00:00,284.38,286.27,283.61,286.22,3396091
2025-12-01 05:00:00+00:00,283.44,287.205,282.57,286.35,6423270
2025-12-02 05:00:00+00:00,288.13,291.03,287.29,289.3,7859528
2025-12-03 05:00:00+00:00,287.9,290.19,286.455,289.99,5811616
2025-12-04 05:00:00+00:00,290.38,291.59,288.99,291.07,4997634
2025-12-05 05:00:00+00:00,146.21,147.31,145.69,146.6,6627969
2025-12-08 05:00:00+00:00,147.43,148.38,146.92,147.63,8272771
2025-12-09 05:00:00+00:00,147.335,148.25,146.96,148.02,6978176
2025-12-10 05:00:00+00:00,147.69,149.22,146.82,148.73,8961059
2025-12-11 05:00:00+00:00,147.06,148.13,145.11,147.97,9769253
2025-12-12 05:00:00+00:00,146.94,147.08,143.26,143.69,14873172
2025-12-15 05:00:00+00:00,144.42,144.63,142.02,142.3,10790253
2025-12-16 05:00:00+00:00,141.91,142.97,141.3,142.56,10790905
2025-12-17 05:00:00+00:00,142.72,142.84,139.32,139.39,18178746
2025-12-18 05:00:00+00:00,141.86,142.42,140.79,141.54,12319524
2025-12-19 05:00:00+00:00,142.59,144.62,142.57,144.6,14265937
2025-12-22 05:00:00+00:00,146.01,146.01,144.645,145.16,8864472
2025-12-23 05:00:00+00:00,144.74,145.98,144.36,145.95,7546050
2025-12-24 05:00:00+00:00,145.79,146.5,145.68,146.3,3676257
2025-12-26 05:00:00+00:00,146.61,146.98,146.24,146.53,5052923
2025-12-29 05:00:00+00:00,145.35,146.38,145.04,145.87,9822319
2025-12-30 05:00:00+00:00,145.85,146.26,145.375,145.41,6387446
2025-12-31 05:00:00+00:00,145.71,145.8,143.9,143.97,9528387
2026-01-02 05:00:00+00:00,145.63,146.52,143.405,144.3,15299454
2026-01-05 05:00:00+00:00,146.01,146.39,144.245,144.62,17438807
2026-01-06 05:00:00+00:00,145.21,146.765,144.63,146.65,14985672
2026-01-07 05:00:00+00:00,146.53,147.3799,146.04,146.53,13957071
2026-01-08 05:00:00+00:00,145.93,145.93,143.5,144.24,16870541
2026-01-09 05:00:00+00:00,144.57,146.58,144.025,146.15,15652618
2026-01-12 05:00:00+00:00,145.19,147.285,145.05,146.79,12867188
2026-01-13 05:00:00+00:00,146.85,147.52,145.845,146.48,16552152
2026-01-14 05:00:00+00:00,145.5,145.93,143.32,144.7,22104224
2026-01-15 05:00:00+00:00,146.93,147.57,145.31,145.46,17370878
2026-01-16 05:00:00+00:00,146.72,146.95,145.02,145.62,14156676
2026-01-20 05:00:00+00:00,143.09,144.1,141.61,141.84,20029177
2026-01-21 05:00:00+00:00,142.78,145.04,141.96,143.81,27892847
2026-01-22 05:00:00+00:00,145.61,145.7,144.16,144.88,12971563
2026-01-23 05:00:00+00:00,144.53,145.825,143.75,145.09,14654456
2026-01-26 05:00:00+00:00,145.27,146.71,144.89,146.08,10195625
2026-01-27 05:00:00+00:00,147.42,148.62,147.03,148.05,12436175
2026-01-28 05:00:00+00:00,149.0,149.9,148.61,149.23,19497406
2026-01-29 05:00:00+00:00,147.84,147.93,143.27,146.87,25580964
2026-01-30 05:00:00+00:00,146.04,146.75,142.99,143.88,18342641
2026-02-02 05:00:00+00:00,143.53,146.145,143.39,145.26,16337576
2026-02-03 05:00:00+00:00,145.875,145.97,140.17,142.08,30464494
2026-02-04 05:00:00+00:00,140.83,141.0101,136.1051,138.12,45649454
2026-02-05 05:00:00+00:00,137.22,138.48,135.075,135.63,42950873
2026-02-06 05:00:00+00:00,138.01,141.47,137.42,141.13,37131922
2026-02-09 05:00:00+00:00,140.595,144.025,139.91,143.35,24629514
2026-02-10 05:00:00+00:00,143.82,144.15,142.385,142.55,22564318
2026-02-11 05:00:00+00:00,144.51,144.755,141.32,142.97,18905713
2026-02-12 05:00:00+00:00,143.31,143.77,138.915,139.21,32154746
2026-02-13 05:00:00+00:00,139.56,140.91,137.93,139.56,26637122
2026-02-17 05:00:00+00:00,138.64,140.45,137.02,139.48,25743800
2026-02-18 05:00:00+00:00,140.055,142.115,139.27,140.91,13705785
2026-02-19 05:00:00+00:00,140.09,140.71,139.275,140.21,13483972
2026-02-20 05:00:00+00:00,139.2,141.75,138.97,140.88,14942420
2026-02-23 05:00:00+00:00,140.18,140.65,137.89,138.52,22024224
2026-02-24 05:00:00+00:00,139.24,140.94,138.19,140.32,13032004
2026-02-25 05:00:00+00:00,141.36,143.34,141.21,143.01,13297536
2026-02-26 05:00:00+00:00,142.94,143.01,139.26,141.01,19366539
2026-02-27 05:00:00+00:00,138.31,139.765,137.94,138.76,15330599
2026-03-02 05:00:00+00:00,137.03,139.96,136.56,139.54,20158535
2026-03-03 05:00:00+00:00,136.355,138.33,134.99,137.5,34155001
2026-03-04 05:00:00+00:00,138.53,140.63,138.04,139.84,15202893
2026-03-05 05:00:00+00:00,139.16,141.26,138.09,140.18,19425941
2026-03-06 05:00:00+00:00,137.82,139.83,136.79,137.29,19678870
2026-03-09 04:00:00+00:00,135.97,140.21,135.46,139.76,22762865
2026-03-10 04:00:00+00:00,139.84,141.39,139.02,139.76,24339893
2026-03-11 04:00:00+00:00,140.58,141.59,139.52,140.43,14019441
2026-03-12 04:00:00+00:00,139.27,139.745,137.65,137.84,32374327
2026-03-13 04:00:00+00:00,138.45,139.705,136.515,136.8,15703489
2026-03-16 04:00:00+00:00,138.72,140.08,138.52,138.78,16628131
2026-03-17 04:00:00+00:00,139.39,140.27,138.93,139.54,12035975
2026-03-18 04:00:00+00:00,139.31,140.07,137.93,137.96,12635962
2026-03-19 04:00:00+00:00,136.0,139.17,135.44,138.43,18089435
2026-03-20 04:00:00+00:00,137.98,137.98,134.3224,135.29,27254052
2026-03-23 04:00:00+00:00,137.5,139.2,136.22,136.95,21820248
2026-03-24 04:00:00+00:00,136.05,136.92,134.87,136.15,16845357
2026-03-25 04:00:00+00:00,137.29,137.995,136.28,136.76,13873962
2026-03-26 04:00:00+00:00,135.18,135.52,132.42,132.5,15436919
2026-03-27 04:00:00+00:00,131.53,132.045,129.575,129.92,15897872
2026-03-30 04:00:00+00:00,131.27,131.55,126.68,127.5,18833164
2026-03-31 04:00:00+00:00,129.15,133.215,128.98,132.9,19407605
2026-04-01 04:00:00+00:00,134.115,136.045,133.76,134.91,17052116
2026-04-02 04:00:00+00:00,131.905,136.04,131.3546,135.99,12267833
2026-04-06 04:00:00+00:00,136.48,137.25,135.71,136.78,10149777
2026-04-07 04:00:00+00:00,136.17,137.49,134.11,137.43,8587057
2026-04-08 04:00:00+00:00,143.13,143.56,140.735,141.69,13360636
2026-04-09 04:00:00+00:00,141.76,142.185,140.35,142.07,8236560
2026-04-10 04:00:00+00:00,142.5,143.56,141.9201,142.62,9311678
2026-04-13 04:00:00+00:00,142.33,145.67,142.1307,145.61,10409433
2026-04-14 04:00:00+00:00,146.9,147.94,146.08,147.94,10184969
2026-04-15 04:00:00+00:00,148.27,150.37,147.96,150.3,10624320
2026-04-16 04:00:00+00:00,150.99,152.1798,149.745,152.02,11779667
2026-04-17 04:00:00+00:00,154.06,154.805,153.51,154.35,10632424
2026-04-20 04:00:00+00:00,154.3,154.75,153.035,154.56,8133294
2026-04-21 04:00:00+00:00,155.0,156.07,154.15,154.69,12658817
2026-04-22 04:00:00+00:00,156.22,158.16,155.52,158.09,13832000
2026-04-23 04:00:00+00:00,156.77,157.795,153.95,155.84,12153140
2026-04-24 04:00:00+00:00,158.43,160.4,157.6,160.22,11061844
2026-04-27 04:00:00+00:00,160.02,160.62,158.81,160.57,8965869
2026-04-28 04:00:00+00:00,157.11,158.64,156.16,157.85,9254850
2026-04-29 04:00:00+00:00,158.83,159.15,157.75,159.11,7508523
2026-04-30 04:00:00+00:00,159.65,159.8,156.88,159.5,9278037
2026-05-01 04:00:00+00:00,160.39,162.285,160.14,161.87,10164126
2026-05-04 04:00:00+00:00,162.705,163.24,160.88,162.05,10734269
2026-05-05 04:00:00+00:00,163.87,166.02,163.52,165.63,9815622
2026-05-06 04:00:00+00:00,167.88,170.08,166.84,170.03,11306813
2026-05-07 04:00:00+00:00,170.26,171.95,168.7,169.69,11033422
2026-05-08 04:00:00+00:00,171.59,175.6,171.3,175.52,11224440
2026-05-11 04:00:00+00:00,176.15,178.3,175.87,177.88,10464539
2026-05-12 04:00:00+00:00,176.15,176.99,171.195,175.2,15953621
2026-05-13 04:00:00+00:00,177.27,177.74,174.26,176.85,9819827
2026-05-14 04:00:00+00:00,177.36,180.215,176.865,179.5,11426986
2026-05-15 04:00:00+00:00,176.21,178.7,174.63,176.26,14521356
2026-05-18 04:00:00+00:00,177.62,177.85,171.91,174.36,19165301
2026-05-19 04:00:00+00:00,172.68,175.18,170.831,173.24,15753433
2026-05-20 04:00:00+00:00,174.66,177.25,173.95,177.14,12631984
2026-05-21 04:00:00+00:00,175.83,178.98,175.83,178.6,10875124
2026-05-22 04:00:00+00:00,180.03,181.73,179.56,180.39,10744457
2026-05-26 04:00:00+00:00,183.2,186.0,182.585,185.14,12503470
2026-05-27 04:00:00+00:00,186.18,186.265,182.54,184.43,12302668
2026-05-28 04:00:00+00:00,184.83,187.58,183.79,186.85,11169731
2026-05-29 04:00:00+00:00,189.33,191.63,189.195,191.02,15043026
2026-06-01 04:00:00+00:00,192.32,196.4999,191.15,195.76,18972370
2026-06-02 04:00:00+00:00,196.45,198.38,195.75,198.21,10178032
2026-06-03 04:00:00+00:00,198.37,198.73,194.525,196.23,11584888
2026-06-04 04:00:00+00:00,191.52,194.74,189.69,193.17,13145503
2026-06-05 04:00:00+00:00,188.885,189.22,179.8,180.3,26820432
2026-06-08 04:00:00+00:00,185.22,186.71,183.1701,184.18,14688051
2026-06-09 04:00:00+00:00,185.91,187.08,172.88,180.77,29824308
2026-06-10 04:00:00+00:00,178.16,182.41,176.15,176.63,20062316
2026-06-11 04:00:00+00:00,177.79,183.66,176.495,183.21,18240687
2026-06-12 04:00:00+00:00,183.24,185.84,181.6443,184.8,15016699
2026-06-15 04:00:00+00:00,190.371,192.08,189.75,191.79,13100914
2026-06-16 04:00:00+00:00,191.227,192.25,186.43,186.44,10079976
2026-06-17 04:00:00+00:00,189.005,189.99,185.3,185.8,14415242
2026-06-18 04:00:00+00:00,190.42,191.995,189.38,191.44,12104277
2026-06-22 04:00:00+00:00,192.95,194.3,190.86,192.15,11316509
2026-06-23 04:00:00+00:00,184.68,187.25,183.7,184.19,14636656
2026-06-24 04:00:00+00:00,184.065,185.66,180.79,183.05,12326390
2026-06-25 04:00:00+00:00,188.145,188.41,180.375,184.57,13232829
2026-06-26 04:00:00+00:00,181.0,183.11,179.76,181.11,13437021
2026-06-29 04:00:00+00:00,183.12,185.66,178.67,185.41,11860194
2026-06-30 04:00:00+00:00,185.76,190.94,185.6,190.52,10732393
2026-07-01 04:00:00+00:00,186.83,187.98,185.38,185.62,9963593
2026-07-02 04:00:00+00:00,185.49,187.38,178.72,180.59,14196136
2026-07-06 04:00:00+00:00,182.66,185.71,182.04,183.57,8926598
2026-07-07 04:00:00+00:00,179.84,180.72,176.36,179.18,12258144
2026-07-08 04:00:00+00:00,177.48,181.63,177.15,181.4,10530677
2026-07-09 04:00:00+00:00,184.76,186.4,183.56,185.35,7758712
2026-07-10 04:00:00+00:00,184.005,186.23,183.09,185.78,6164126
2026-07-13 04:00:00+00:00,183.1,183.9,180.54,181.28,8598203
2026-07-14 04:00:00+00:00,183.71,184.43,181.33,183.62,6401496
2026-07-15 04:00:00+00:00,185.11,185.29,178.22,181.58,9259482
2026-07-16 04:00:00+00:00,179.0,179.4796,176.41,177.52,8669473
2026-07-17 04:00:00+00:00,172.85,177.92,171.34,175.59,12040957
2026-07-20 04:00:00+00:00,177.19,178.7,175.52,175.71,7639806
2026-07-21 04:00:00+00:00,179.56,181.015,178.17,180.78,7496918
2026-07-22 04:00:00+00:00,178.155,181.43,178.15,180.27,5359467
2026-07-23 04:00:00+00:00,178.8,180.39,177.2,178.45,7179104
2026-07-24 04:00:00+00:00,177.82,179.01,175.05,175.88,7741527
2026-07-27 04:00:00+00:00,177.83,178.3,171.73,174.3,8379034
2026-07-28 04:00:00+00:00,171.21,172.17,167.54,171.09,10052298
2026-07-29 04:00:00+00:00,171.12,172.51,166.462,166.57,14376330
2026-07-30 04:00:00+00:00,172.81,176.09,172.16,175.73,15100693
2026-07-31 04:00:00+00:00,177.46,178.62,172.7,175.35,9148420
2026-08-03 04:00:00+00:00,174.01,178.92,173.04,178.04,9343742
