timestamp,open,high,low,close,volume
2017-02-01 05:00:00+00:00,45.89,45.96,45.56,45.81,12340404
2017-02-02 05:00:00+00:00,45.68,45.8,45.49,45.72,9146543
2017-02-03 05:00:00+00:00,45.89,46.08,45.89,46.02,7120505
2017-02-06 05:00:00+00:00,45.96,46.05,45.84,46.05,6826876
2017-02-07 05:00:00+00:00,46.14,46.28,46.1,46.23,11753312
2017-02-08 05:00:00+00:00,46.22,46.38,46.1,46.31,6488122
2017-02-09 05:00:00+00:00,46.34,46.58,46.31,46.46,4976557
2017-02-10 05:00:00+00:00,46.57,46.67,46.44,46.59,4402208
2017-02-13 05:00:00+00:00,46.67,46.86,46.61,46.8,6871321
2017-02-14 05:00:00+00:00,46.75,46.96,46.61,46.96,7180786
2017-02-15 05:00:00+00:00,46.92,47.15,46.87,47.11,6765567
2017-02-16 05:00:00+00:00,47.17,47.35,47.11,47.22,7412168
2017-02-17 05:00:00+00:00,47.17,47.38,47.09,47.38,7378608
2017-02-21 05:00:00+00:00,47.48,47.65,47.41,47.63,7900414
2017-02-22 05:00:00+00:00,47.58,47.72,47.48,47.68,7211992
2017-02-23 05:00:00+00:00,47.75,47.78,47.46,47.67,6860686
2017-02-24 05:00:00+00:00,47.39,47.8,47.36,47.78,7956081
2017-02-27 05:00:00+00:00,47.77,47.77,47.65,47.76,8256869
2017-02-28 05:00:00+00:00,47.67,47.72,47.46,47.53,8337579
2017-03-01 05:00:00+00:00,47.82,48.26,47.71,48.2,9743609
2017-03-02 05:00:00+00:00,48.15,48.16,47.86,47.88,7873482
2017-03-03 05:00:00+00:00,47.85,47.99,47.75,47.99,8115864
2017-03-06 05:00:00+00:00,47.81,48.0,47.71,47.92,6830458
2017-03-07 05:00:00+00:00,47.88,48.12,47.85,47.92,7080348
2017-03-08 05:00:00+00:00,47.97,48.12,47.91,47.97,5853566
2017-03-09 05:00:00+00:00,47.98,48.04,47.73,47.96,8305650
2017-03-10 05:00:00+00:00,48.19,48.32,48.02,48.22,7459800
2017-03-13 04:00:00+00:00,48.22,48.32,48.17,48.26,8099283
2017-03-14 04:00:00+00:00,48.23,48.23,47.97,48.15,7700492
2017-03-15 04:00:00+00:00,48.23,48.56,48.08,48.48,9780437
2017-03-16 04:00:00+00:00,48.66,48.68,48.46,48.51,12807596
2017-03-17 04:00:00+00:00,48.7,48.77,48.6,48.61,7186366
2017-03-20 04:00:00+00:00,48.62,48.77,48.52,48.66,4541941
2017-03-21 04:00:00+00:00,48.79,48.91,47.93,47.95,15354853
2017-03-22 04:00:00+00:00,47.96,48.32,47.89,48.25,12221437
2017-03-23 04:00:00+00:00,48.18,48.32,48.04,48.12,11886579
2017-03-24 04:00:00+00:00,48.29,48.45,47.99,48.16,13305556
2017-03-27 04:00:00+00:00,47.76,48.26,47.69,48.16,7006394
2017-03-28 04:00:00+00:00,48.11,48.61,48.03,48.5,8912093
2017-03-29 04:00:00+00:00,48.49,48.61,48.38,48.59,5907758
2017-03-30 04:00:00+00:00,48.55,48.74,48.51,48.68,9608902
2017-03-31 04:00:00+00:00,48.63,48.75,48.54,48.59,6260268
2017-04-03 04:00:00+00:00,48.63,48.71,48.24,48.54,13190263
2017-04-04 04:00:00+00:00,48.34,48.58,48.32,48.58,7754913
2017-04-05 04:00:00+00:00,48.62,48.95,48.33,48.38,11566534
2017-04-06 04:00:00+00:00,48.43,48.53,48.27,48.39,7301150
2017-04-07 04:00:00+00:00,48.31,48.49,48.19,48.36,6719959
2017-04-10 04:00:00+00:00,48.39,48.5,48.17,48.27,5032253
2017-04-11 04:00:00+00:00,48.19,48.25,47.69,48.09,8627420
2017-04-12 04:00:00+00:00,48.04,48.09,47.83,47.92,8894043
2017-04-13 04:00:00+00:00,47.87,48.19,47.73,47.73,10697521
2017-04-17 04:00:00+00:00,47.88,48.19,47.88,48.17,7381545
2017-04-18 04:00:00+00:00,48.04,48.25,47.97,48.16,6385401
2017-04-19 04:00:00+00:00,48.23,48.4,48.03,48.12,7474823
2017-04-20 04:00:00+00:00,48.25,48.64,48.18,48.56,8046981
2017-04-21 04:00:00+00:00,48.58,48.59,48.37,48.46,7796950
2017-04-24 04:00:00+00:00,48.99,49.07,48.88,49.03,8609534
2017-04-25 04:00:00+00:00,49.23,49.39,49.15,49.29,11028405
2017-04-26 04:00:00+00:00,49.32,49.41,49.19,49.23,9342479
2017-04-27 04:00:00+00:00,49.36,49.47,49.31,49.43,9269372
2017-04-28 04:00:00+00:00,49.59,49.66,49.44,49.56,12804677
2017-05-01 04:00:00+00:00,49.74,49.99,49.65,49.94,8038689
2017-05-02 04:00:00+00:00,50.04,50.12,49.86,50.04,7966730
2017-05-03 04:00:00+00:00,49.88,49.99,49.73,49.95,7677601
2017-05-04 04:00:00+00:00,49.97,50.0,49.75,49.92,7749296
2017-05-05 04:00:00+00:00,50.0,50.11,49.88,50.1,7229189
2017-05-08 04:00:00+00:00,50.14,50.35,50.04,50.32,7660193
2017-05-09 04:00:00+00:00,50.37,50.51,50.28,50.38,8442122
2017-05-10 04:00:00+00:00,50.44,50.61,50.32,50.57,5408033
2017-05-11 04:00:00+00:00,50.42,50.54,50.22,50.51,10270144
2017-05-12 04:00:00+00:00,50.56,50.66,50.5,50.64,4934168
2017-05-15 04:00:00+00:00,50.7,50.92,50.67,50.92,11433790
2017-05-16 04:00:00+00:00,51.04,51.16,50.87,51.16,9464890
2017-05-17 04:00:00+00:00,50.76,50.8,49.73,49.76,22259748
2017-05-18 04:00:00+00:00,49.63,50.25,49.55,50.05,18361059
2017-05-19 04:00:00+00:00,50.33,50.5,50.27,50.35,11369754
2017-05-22 04:00:00+00:00,50.46,50.81,50.45,50.75,15125243
2017-05-23 04:00:00+00:00,51.01,51.01,50.7,50.84,7189929
2017-05-24 04:00:00+00:00,50.97,51.06,50.85,51.05,10940155
2017-05-25 04:00:00+00:00,51.21,51.52,51.11,51.41,6405468
2017-05-26 04:00:00+00:00,51.37,51.45,51.25,51.38,48297378
2017-05-30 04:00:00+00:00,51.4,51.66,51.34,51.6,6426067
2017-05-31 04:00:00+00:00,51.79,51.81,51.35,51.52,15757133
2017-06-01 04:00:00+00:00,51.63,51.65,51.33,51.65,8700597
2017-06-02 04:00:00+00:00,51.84,52.13,51.67,52.12,8582392
2017-06-05 04:00:00+00:00,52.12,52.31,52.06,52.17,10916979
2017-06-06 04:00:00+00:00,52.1,52.33,52.0,52.07,8302847
2017-06-07 04:00:00+00:00,52.19,52.32,51.96,52.23,9364569
2017-06-08 04:00:00+00:00,52.32,52.39,52.06,52.35,7663938
2017-06-09 04:00:00+00:00,52.42,52.51,50.33,51.06,36933251
2017-06-12 04:00:00+00:00,50.53,50.84,49.92,50.76,36274296
2017-06-13 04:00:00+00:00,51.0,51.28,50.75,51.07,18890868
2017-06-14 04:00:00+00:00,51.32,51.33,50.45,50.87,16886558
2017-06-15 04:00:00+00:00,50.3,50.72,50.08,50.65,15840042
2017-06-16 04:00:00+00:00,50.65,50.67,50.35,50.55,23789103
2017-06-19 04:00:00+00:00,50.94,51.34,50.91,51.31,10396467
2017-06-20 04:00:00+00:00,51.29,51.32,50.9,50.9,11136164
2017-06-21 04:00:00+00:00,51.07,51.21,50.91,51.18,12491531
2017-06-22 04:00:00+00:00,51.34,51.37,51.03,51.2,9299985
2017-06-23 04:00:00+00:00,51.15,51.65,51.07,51.51,17414114
2017-06-26 04:00:00+00:00,51.79,51.9,51.19,51.24,9892981
2017-06-27 04:00:00+00:00,50.97,51.06,50.4,50.4,13198982
2017-06-28 04:00:00+00:00,50.59,51.08,50.26,51.03,13325500
2017-06-29 04:00:00+00:00,50.8,50.8,49.72,50.12,21481701
2017-06-30 04:00:00+00:00,50.33,50.41,50.03,50.12,16950222
2017-07-03 04:00:00+00:00,50.28,50.37,49.67,49.72,17381438
2017-07-05 04:00:00+00:00,49.91,50.32,49.74,50.19,15073192
2017-07-06 04:00:00+00:00,49.78,50.04,49.64,49.76,13071773
2017-07-07 04:00:00+00:00,49.94,50.5,49.91,50.34,9095250
2017-07-10 04:00:00+00:00,50.35,50.82,50.27,50.7,5769502
2017-07-11 04:00:00+00:00,50.65,50.9,50.46,50.82,7344039
2017-07-12 04:00:00+00:00,51.16,51.52,51.13,51.48,17287265
2017-07-13 04:00:00+00:00,51.55,51.75,51.45,51.59,8821608
2017-07-14 04:00:00+00:00,51.79,52.09,51.72,52.03,6940041
2017-07-17 04:00:00+00:00,52.08,52.19,51.94,52.04,11493507
2017-07-18 04:00:00+00:00,51.94,52.28,51.81,52.28,11105156
2017-07-19 04:00:00+00:00,52.36,52.59,52.31,52.54,6912062
2017-07-20 04:00:00+00:00,52.69,52.71,52.35,52.66,11073267
2017-07-21 04:00:00+00:00,52.47,52.6,52.37,52.59,6112207
2017-07-24 04:00:00+00:00,52.56,52.76,52.45,52.72,5500598
2017-07-25 04:00:00+00:00,52.55,52.72,52.39,52.62,7029069
2017-07-26 04:00:00+00:00,52.9,52.91,52.64,52.82,11055475
2017-07-27 04:00:00+00:00,53.19,53.26,51.97,52.62,24760782
2017-07-28 04:00:00+00:00,52.35,52.66,52.31,52.56,11494622
2017-07-31 04:00:00+00:00,52.64,52.76,52.25,52.32,12659680
2017-08-01 04:00:00+00:00,52.57,52.62,52.38,52.56,9560406
2017-08-02 04:00:00+00:00,53.12,53.12,52.39,52.72,14015743
2017-08-03 04:00:00+00:00,52.79,52.79,52.44,52.57,11869036
2017-08-04 04:00:00+00:00,52.71,52.88,52.6,52.73,5064100
2017-08-07 04:00:00+00:00,52.79,53.04,52.77,53.04,8919806
2017-08-08 04:00:00+00:00,52.96,53.38,52.82,52.96,11491994
2017-08-09 04:00:00+00:00,52.63,52.97,52.6,52.94,7170604
2017-08-10 04:00:00+00:00,52.65,52.71,51.86,51.89,15344737
2017-08-11 04:00:00+00:00,51.98,52.42,51.91,52.26,17001708
2017-08-14 04:00:00+00:00,52.73,53.16,52.62,53.08,10217207
2017-08-15 04:00:00+00:00,53.19,53.28,53.0,53.17,7632067
2017-08-16 04:00:00+00:00,53.25,53.51,53.15,53.32,9653019
2017-08-17 04:00:00+00:00,53.12,53.2,52.28,52.28,13396464
2017-08-18 04:00:00+00:00,52.28,52.59,52.02,52.22,18269483
2017-08-21 04:00:00+00:00,52.26,52.31,51.86,52.21,8147406
2017-08-22 04:00:00+00:00,52.48,53.02,52.44,52.98,8878058
2017-08-23 04:00:00+00:00,52.69,53.0,52.67,52.85,10585789
2017-08-24 04:00:00+00:00,52.98,53.03,52.54,52.81,8533527
2017-08-25 04:00:00+00:00,52.98,53.14,52.69,52.8,8960359
2017-08-28 04:00:00+00:00,52.93,53.0,52.75,52.9,6202857
2017-08-29 04:00:00+00:00,52.47,53.2,52.41,53.13,8917891
2017-08-30 04:00:00+00:00,53.18,53.55,53.06,53.51,7774386
2017-08-31 04:00:00+00:00,53.64,53.93,53.58,53.83,9838783
2017-09-01 04:00:00+00:00,53.97,54.02,53.72,53.79,6343204
2017-09-05 04:00:00+00:00,53.63,53.73,52.96,53.31,12259660
2017-09-06 04:00:00+00:00,53.48,53.55,53.13,53.36,9406284
2017-09-07 04:00:00+00:00,53.53,53.65,53.34,53.54,8108526
2017-09-08 04:00:00+00:00,53.46,53.53,53.06,53.1,6422175
2017-09-11 04:00:00+00:00,53.52,53.91,53.52,53.85,7417019
2017-09-12 04:00:00+00:00,54.01,54.08,53.73,53.98,7967567
2017-09-13 04:00:00+00:00,53.92,53.93,53.7,53.91,8363123
2017-09-14 04:00:00+00:00,53.71,53.97,53.61,53.72,8182695
2017-09-15 04:00:00+00:00,53.68,53.99,53.59,53.94,13518251
2017-09-18 04:00:00+00:00,54.03,54.19,53.79,53.99,11334154
2017-09-19 04:00:00+00:00,54.07,54.34,53.93,54.23,5918224
2017-09-20 04:00:00+00:00,54.22,54.24,53.63,54.01,9239240
2017-09-21 04:00:00+00:00,53.99,53.99,53.54,53.71,8927041
2017-09-22 04:00:00+00:00,53.54,53.82,53.51,53.74,5693847
2017-09-25 04:00:00+00:00,53.57,53.57,52.87,53.11,14541779
2017-09-26 04:00:00+00:00,53.39,53.52,53.14,53.3,9654625
2017-09-27 04:00:00+00:00,53.54,54.01,53.46,53.84,7933614
2017-09-28 04:00:00+00:00,53.71,53.93,53.59,53.91,5827704
2017-09-29 04:00:00+00:00,54.0,54.32,53.93,54.27,14148045
2017-10-02 04:00:00+00:00,54.41,54.53,54.09,54.36,7831568
2017-10-03 04:00:00+00:00,54.4,54.51,54.34,54.49,6639477
2017-10-04 04:00:00+00:00,54.39,54.53,54.21,54.45,6771924
2017-10-05 04:00:00+00:00,54.61,54.98,54.59,54.97,7038685
2017-10-06 04:00:00+00:00,54.79,55.08,54.77,55.06,6067594
2017-10-09 04:00:00+00:00,55.14,55.31,55.1,55.19,7950580
2017-10-10 04:00:00+00:00,55.37,55.41,54.96,55.25,5725585
2017-10-11 04:00:00+00:00,55.17,55.45,55.17,55.43,5150448
2017-10-12 04:00:00+00:00,55.25,55.56,55.23,55.29,6386460
2017-10-13 04:00:00+00:00,55.5,55.66,55.5,55.56,6211567
2017-10-16 04:00:00+00:00,55.7,55.77,55.57,55.76,9306079
2017-10-17 04:00:00+00:00,55.74,55.76,55.58,55.76,5397349
2017-10-18 04:00:00+00:00,55.93,55.97,55.73,55.9,6241488
2017-10-19 04:00:00+00:00,55.66,55.8,55.37,55.73,7306859
2017-10-20 04:00:00+00:00,56.07,56.18,55.98,56.11,8010832
2017-10-23 04:00:00+00:00,56.2,56.25,55.78,55.84,8305963
2017-10-24 04:00:00+00:00,55.95,56.09,55.77,56.0,8187901
2017-10-25 04:00:00+00:00,55.87,56.04,55.33,55.7,9561344
2017-10-26 04:00:00+00:00,56.02,56.17,55.89,55.93,9769583
2017-10-27 04:00:00+00:00,56.83,57.59,56.83,57.43,15851850
2017-10-30 04:00:00+00:00,57.45,57.78,57.34,57.56,8873338
2017-10-31 04:00:00+00:00,57.78,57.93,57.55,57.81,10348942
2017-11-01 04:00:00+00:00,58.09,58.16,57.52,57.82,9878276
2017-11-02 04:00:00+00:00,57.82,57.9,57.41,57.85,10770984
2017-11-03 04:00:00+00:00,58.23,58.36,57.81,58.31,8189324
2017-11-06 05:00:00+00:00,58.27,58.45,58.23,58.43,6094662
2017-11-07 05:00:00+00:00,58.5,58.52,58.22,58.46,5909073
2017-11-08 05:00:00+00:00,58.46,58.79,58.3,58.78,10864999
2017-11-09 05:00:00+00:00,58.33,58.42,57.73,58.32,10621479
2017-11-10 05:00:00+00:00,58.24,58.36,58.1,58.32,6071920
2017-11-13 05:00:00+00:00,58.09,58.37,58.09,58.3,4453677
2017-11-14 05:00:00+00:00,58.12,58.24,57.85,58.18,7580070
2017-11-15 05:00:00+00:00,57.89,57.97,57.59,57.75,8727526
2017-11-16 05:00:00+00:00,58.17,58.67,58.17,58.55,8079538
2017-11-17 05:00:00+00:00,58.47,58.52,58.14,58.18,9552782
2017-11-20 05:00:00+00:00,58.32,58.44,58.23,58.4,7303404
2017-11-21 05:00:00+00:00,58.63,59.05,58.58,59.01,8592726
2017-11-22 05:00:00+00:00,59.01,59.03,58.8,58.9,13934868
2017-11-24 05:00:00+00:00,58.99,59.26,58.98,59.23,5611317
2017-11-27 05:00:00+00:00,59.13,59.31,59.03,59.23,7028228
2017-11-28 05:00:00+00:00,59.33,59.48,59.09,59.43,12651409
2017-11-29 05:00:00+00:00,59.33,59.33,57.71,58.11,34093935
2017-11-30 05:00:00+00:00,58.37,58.78,58.16,58.63,22587984
2017-12-01 05:00:00+00:00,58.27,58.62,57.48,58.32,20572676
2017-12-04 05:00:00+00:00,58.69,58.72,57.33,57.39,17383135
2017-12-05 05:00:00+00:00,57.29,58.07,57.04,57.41,14213574
2017-12-06 05:00:00+00:00,57.18,57.9,57.03,57.77,13554580
2017-12-07 05:00:00+00:00,57.81,58.24,57.77,58.13,11800064
2017-12-08 05:00:00+00:00,58.52,58.69,58.26,58.41,11810414
2017-12-11 05:00:00+00:00,58.38,58.91,58.34,58.91,13359521
2017-12-12 05:00:00+00:00,58.88,59.1,58.65,58.89,8466813
2017-12-13 05:00:00+00:00,59.1,59.2,58.84,58.91,10760798
2017-12-14 05:00:00+00:00,58.99,59.16,58.81,58.84,11242686
2017-12-15 05:00:00+00:00,59.02,59.59,58.87,59.51,23076741
2017-12-18 05:00:00+00:00,59.93,60.1,59.83,60.04,11107712
2017-12-19 05:00:00+00:00,59.92,59.95,59.52,59.67,12393363
2017-12-20 05:00:00+00:00,59.92,59.92,59.36,59.65,9167610
2017-12-21 05:00:00+00:00,59.75,59.85,59.47,59.53,17716567
2017-12-22 05:00:00+00:00,59.43,59.54,59.33,59.49,5664930
2017-12-26 05:00:00+00:00,59.12,59.16,58.88,59.1,6311788
2017-12-27 05:00:00+00:00,59.1,59.27,59.06,59.16,5873724
2017-12-28 05:00:00+00:00,59.33,59.37,59.16,59.26,11133955
2017-12-29 05:00:00+00:00,59.3,59.32,58.9,58.95,6900549
2018-01-02 05:00:00+00:00,59.19,59.68,59.04,59.68,15299707
2018-01-03 05:00:00+00:00,59.79,60.21,59.72,60.16,12459324
2018-01-04 05:00:00+00:00,60.41,60.63,60.27,60.48,10934228
2018-01-05 05:00:00+00:00,60.79,61.17,60.67,61.11,10147739
2018-01-08 05:00:00+00:00,61.09,61.45,61.05,61.34,6876348
2018-01-09 05:00:00+00:00,61.46,61.48,61.09,61.19,10820562
2018-01-10 05:00:00+00:00,60.86,60.99,60.68,60.98,11140418
2018-01-11 05:00:00+00:00,61.11,61.25,60.97,61.22,8130234
2018-01-12 05:00:00+00:00,61.15,61.67,61.07,61.58,8497935
2018-01-16 05:00:00+00:00,61.96,62.18,61.18,61.34,19741780
2018-01-17 05:00:00+00:00,61.69,62.32,61.49,62.27,18568569
2018-01-18 05:00:00+00:00,62.27,62.54,62.21,62.38,16745713
2018-01-19 05:00:00+00:00,62.5,62.6,62.17,62.5,12452603
2018-01-22 05:00:00+00:00,62.45,63.11,62.32,63.11,9380392
2018-01-23 05:00:00+00:00,63.31,63.51,63.18,63.38,10364278
2018-01-24 05:00:00+00:00,63.55,63.66,62.68,62.89,18684980
2018-01-25 05:00:00+00:00,63.29,63.34,62.63,62.78,13182457
2018-01-26 05:00:00+00:00,63.22,63.78,63.08,63.78,10389763
2018-01-29 05:00:00+00:00,63.59,63.59,63.11,63.2,37026120
2018-01-30 05:00:00+00:00,62.68,62.99,62.46,62.6,15174994
2018-01-31 05:00:00+00:00,62.99,63.19,62.68,63.1,17163960
2018-02-01 05:00:00+00:00,62.87,63.59,62.86,63.16,16519589
2018-02-02 05:00:00+00:00,62.44,62.5,61.27,61.29,22552100
2018-02-05 05:00:00+00:00,60.63,61.77,58.69,58.7,52215193
2018-02-06 05:00:00+00:00,57.92,60.5,57.59,60.37,47355806
2018-02-07 05:00:00+00:00,60.26,60.87,59.63,59.63,23911008
2018-02-08 05:00:00+00:00,59.8,59.91,57.14,57.16,28531843
2018-02-09 05:00:00+00:00,58.08,58.98,56.2,58.56,37700480
2018-02-12 05:00:00+00:00,59.19,59.98,58.75,59.61,18290343
2018-02-13 05:00:00+00:00,59.27,59.91,59.1,59.76,9661716
2018-02-14 05:00:00+00:00,59.43,60.95,59.39,60.86,17147813
2018-02-15 05:00:00+00:00,61.44,62.02,60.72,62.02,12822099
2018-02-16 05:00:00+00:00,61.83,62.59,61.77,61.92,10315841
2018-02-20 05:00:00+00:00,61.61,62.47,61.55,61.98,20789128
2018-02-21 05:00:00+00:00,62.22,62.74,61.57,61.58,16492843
2018-02-22 05:00:00+00:00,61.8,62.22,61.48,61.66,12261400
2018-02-23 05:00:00+00:00,62.16,62.95,62.02,62.95,10623193
2018-02-26 05:00:00+00:00,63.22,63.93,63.22,63.93,11241796
2018-02-27 05:00:00+00:00,63.96,64.25,63.29,63.29,13571901
2018-02-28 05:00:00+00:00,63.65,63.92,62.83,62.84,16788361
2018-03-01 05:00:00+00:00,62.98,63.22,61.33,61.8,21797060
2018-03-02 05:00:00+00:00,61.1,62.51,60.93,62.39,19397176
2018-03-05 05:00:00+00:00,62.09,63.23,61.95,63.02,11282898
2018-03-06 05:00:00+00:00,63.38,63.46,62.88,63.16,10475742
2018-03-07 05:00:00+00:00,62.69,63.57,62.69,63.51,11446063
2018-03-08 05:00:00+00:00,63.7,63.84,63.39,63.79,7977014
2018-03-09 05:00:00+00:00,64.24,64.99,64.16,64.99,12626349
2018-03-12 04:00:00+00:00,65.19,65.46,65.01,65.2,13905162
2018-03-13 04:00:00+00:00,65.53,65.76,64.23,64.45,14333489
2018-03-14 04:00:00+00:00,64.77,64.83,64.07,64.4,14022036
2018-03-15 04:00:00+00:00,64.41,64.81,64.12,64.43,13882705
2018-03-16 04:00:00+00:00,64.54,64.77,64.28,64.37,12615864
2018-03-19 04:00:00+00:00,63.76,63.87,62.57,63.09,21717424
2018-03-20 04:00:00+00:00,62.93,63.3,62.71,63.06,9742885
2018-03-21 04:00:00+00:00,62.92,63.51,62.51,62.68,11439507
2018-03-22 04:00:00+00:00,61.92,62.28,61.02,61.06,22920447
2018-03-23 04:00:00+00:00,61.03,61.3,59.41,59.44,21294084
2018-03-26 04:00:00+00:00,60.65,61.78,59.81,61.69,27812700
2018-03-27 04:00:00+00:00,62.07,62.11,59.25,59.71,32396160
2018-03-28 04:00:00+00:00,59.58,60.29,58.97,59.32,27151860
2018-03-29 04:00:00+00:00,59.74,61.09,59.33,60.49,18371976
2018-04-02 04:00:00+00:00,60.25,60.52,58.39,59.05,26634102
2018-04-03 04:00:00+00:00,59.49,59.77,58.63,59.63,18270879
2018-04-04 04:00:00+00:00,58.54,60.63,58.41,60.46,18491564
2018-04-05 04:00:00+00:00,61.02,61.11,60.31,60.71,19206826
2018-04-06 04:00:00+00:00,60.08,60.64,58.97,59.22,21043837
2018-04-09 04:00:00+00:00,59.66,60.85,59.61,59.69,11157388
2018-04-10 04:00:00+00:00,60.63,61.41,60.3,61.16,16488646
2018-04-11 04:00:00+00:00,60.78,61.34,60.69,60.8,8828743
2018-04-12 04:00:00+00:00,61.18,61.79,61.1,61.53,10934574
2018-04-13 04:00:00+00:00,61.95,61.98,61.03,61.32,11373546
2018-04-16 04:00:00+00:00,61.75,62.03,61.39,61.79,9921964
2018-04-17 04:00:00+00:00,62.34,63.14,62.23,62.94,16159206
2018-04-18 04:00:00+00:00,62.88,63.02,62.4,62.77,10091356
2018-04-19 04:00:00+00:00,62.38,62.44,61.85,62.08,13118136
2018-04-20 04:00:00+00:00,61.9,61.94,60.96,61.22,20290686
2018-04-23 04:00:00+00:00,61.45,61.63,60.71,61.0,20124574
2018-04-24 04:00:00+00:00,61.35,61.45,59.5,59.94,17749571
2018-04-25 04:00:00+00:00,60.03,60.15,59.18,59.95,16301271
2018-04-26 04:00:00+00:00,60.69,61.28,60.44,61.04,19140089
2018-04-27 04:00:00+00:00,61.65,61.69,60.6,60.93,13227191
2018-04-30 04:00:00+00:00,61.08,61.46,60.45,60.53,8912290
2018-05-01 04:00:00+00:00,60.44,61.32,60.3,61.29,9514175
2018-05-02 04:00:00+00:00,61.67,61.91,61.11,61.22,14123137
2018-05-03 04:00:00+00:00,60.94,61.6,60.4,61.36,17222361
2018-05-04 04:00:00+00:00,61.13,62.64,61.06,62.53,11139160
2018-05-07 04:00:00+00:00,62.82,63.25,62.72,62.98,15403480
2018-05-08 04:00:00+00:00,62.86,63.15,62.57,63.1,15594221
2018-05-09 04:00:00+00:00,63.26,63.88,63.05,63.88,16041890
2018-05-10 04:00:00+00:00,64.17,64.75,64.11,64.71,11946561
2018-05-11 04:00:00+00:00,64.64,64.86,64.4,64.62,9227595
2018-05-14 04:00:00+00:00,64.83,65.11,64.54,64.61,10542675
2018-05-15 04:00:00+00:00,64.15,64.21,63.66,64.0,14500634
2018-05-16 04:00:00+00:00,64.1,64.43,63.95,64.28,6836985
2018-05-17 04:00:00+00:00,64.05,64.49,63.69,63.95,11852533
2018-05-18 04:00:00+00:00,63.74,64.02,63.63,63.68,8358070
2018-05-21 04:00:00+00:00,64.26,64.55,63.91,64.24,15275508
2018-05-22 04:00:00+00:00,64.55,64.64,64.0,64.14,7499054
2018-05-23 04:00:00+00:00,63.62,64.62,63.61,64.62,16261684
2018-05-24 04:00:00+00:00,64.6,64.67,63.89,64.54,11804487
2018-05-25 04:00:00+00:00,64.59,64.73,64.34,64.49,9889673
2018-05-29 04:00:00+00:00,64.17,64.5,63.72,64.14,39679499
2018-05-30 04:00:00+00:00,64.47,64.7,64.28,64.61,10420151
2018-05-31 04:00:00+00:00,64.62,65.06,64.49,64.63,15824526
2018-06-01 04:00:00+00:00,65.07,65.74,64.96,65.73,13597329
2018-06-04 04:00:00+00:00,65.9,66.33,65.84,66.26,11400726
2018-06-05 04:00:00+00:00,66.43,66.61,66.24,66.49,19197027
2018-06-06 04:00:00+00:00,66.6,66.93,66.26,66.93,18657958
2018-06-07 04:00:00+00:00,66.89,66.89,65.91,66.39,20761262
2018-06-08 04:00:00+00:00,65.89,66.39,65.75,66.28,10019793
2018-06-11 04:00:00+00:00,66.32,66.57,66.17,66.35,7471189
2018-06-12 04:00:00+00:00,66.47,66.73,66.36,66.68,8039451
2018-06-13 04:00:00+00:00,66.68,66.97,66.31,66.33,16559574
2018-06-14 04:00:00+00:00,66.59,66.97,66.49,66.81,13248866
2018-06-15 04:00:00+00:00,66.57,66.65,66.15,66.55,17463705
2018-06-18 04:00:00+00:00,66.09,66.67,65.88,66.63,8354279
2018-06-19 04:00:00+00:00,65.81,66.31,65.44,66.28,13713527
2018-06-20 04:00:00+00:00,66.44,66.74,66.35,66.42,11562955
2018-06-21 04:00:00+00:00,66.68,66.72,65.76,65.88,14991368
2018-06-22 04:00:00+00:00,66.08,66.1,65.43,65.7,16516466
2018-06-25 04:00:00+00:00,65.17,65.23,63.77,64.33,18551176
2018-06-26 04:00:00+00:00,64.54,65.02,64.38,64.59,14027477
2018-06-27 04:00:00+00:00,64.8,65.09,63.69,63.71,23916726
2018-06-28 04:00:00+00:00,63.63,64.7,63.63,64.49,19510763
2018-06-29 04:00:00+00:00,64.74,65.02,64.43,64.46,10316961
2018-07-02 04:00:00+00:00,63.91,65.06,63.81,65.04,12717711
2018-07-03 04:00:00+00:00,65.23,65.28,64.22,64.27,6675656
2018-07-05 04:00:00+00:00,64.67,65.22,64.48,65.18,15131406
2018-07-06 04:00:00+00:00,65.22,66.04,65.06,65.94,13050514
2018-07-09 04:00:00+00:00,66.29,66.46,65.95,66.44,9009932
2018-07-10 04:00:00+00:00,66.45,66.78,66.45,66.6,12923041
2018-07-11 04:00:00+00:00,66.12,66.6,66.02,66.34,14786962
2018-07-12 04:00:00+00:00,66.63,67.42,66.55,67.39,12700297
2018-07-13 04:00:00+00:00,67.4,67.48,67.09,67.31,10464027
2018-07-16 04:00:00+00:00,67.33,67.47,67.02,67.15,7906632
2018-07-17 04:00:00+00:00,66.67,67.77,66.64,67.64,7581631
2018-07-18 04:00:00+00:00,67.64,67.65,67.3,67.54,7203849
2018-07-19 04:00:00+00:00,67.38,67.64,67.18,67.3,7622297
2018-07-20 04:00:00+00:00,67.56,67.69,67.24,67.32,7369225
2018-07-23 04:00:00+00:00,67.18,67.7,66.92,67.67,12694296
2018-07-24 04:00:00+00:00,68.34,68.61,67.75,68.04,11235267
2018-07-25 04:00:00+00:00,68.05,68.89,67.95,68.89,16821056
2018-07-26 04:00:00+00:00,67.71,68.05,67.59,67.83,12754945
2018-07-27 04:00:00+00:00,67.92,67.96,66.25,66.67,37677231
2018-07-30 04:00:00+00:00,66.64,66.74,65.25,65.63,18176240
2018-07-31 04:00:00+00:00,65.84,66.24,65.44,65.81,15179206
2018-08-01 04:00:00+00:00,66.28,66.62,66.04,66.38,16207185
2018-08-02 04:00:00+00:00,65.79,67.32,65.79,67.24,13385000
2018-08-03 04:00:00+00:00,67.26,67.48,66.95,67.48,7433076
2018-08-06 04:00:00+00:00,67.45,67.88,67.29,67.86,7782038
2018-08-07 04:00:00+00:00,68.08,68.34,67.98,68.1,10390731
2018-08-08 04:00:00+00:00,68.06,68.42,67.89,68.29,7321686
2018-08-09 04:00:00+00:00,68.35,68.57,68.26,68.31,13912634
2018-08-10 04:00:00+00:00,67.8,68.09,67.57,67.77,11864609
2018-08-13 04:00:00+00:00,67.87,68.39,67.66,67.67,13071680
2018-08-14 04:00:00+00:00,67.91,68.17,67.53,68.09,9620957
2018-08-15 04:00:00+00:00,67.67,67.92,66.95,67.48,18152886
2018-08-16 04:00:00+00:00,68.0,68.18,67.63,67.78,9411745
2018-08-17 04:00:00+00:00,67.57,68.06,67.35,67.88,9143989
2018-08-20 04:00:00+00:00,68.04,68.05,67.51,67.78,10706728
2018-08-21 04:00:00+00:00,67.96,68.31,67.8,67.89,8214475
2018-08-22 04:00:00+00:00,67.68,68.19,67.58,68.09,6517853
2018-08-23 04:00:00+00:00,67.97,68.61,67.97,68.24,10513952
2018-08-24 04:00:00+00:00,68.43,68.95,68.42,68.93,6822753
2018-08-27 04:00:00+00:00,69.3,69.6,69.11,69.56,8516247
2018-08-28 04:00:00+00:00,69.7,69.83,69.48,69.68,7914950
2018-08-29 04:00:00+00:00,69.76,70.36,69.75,70.31,12545406
2018-08-30 04:00:00+00:00,70.11,70.55,69.88,70.1,10703692
2018-08-31 04:00:00+00:00,70.03,70.34,69.91,70.15,10583694
2018-09-04 04:00:00+00:00,69.83,69.98,69.41,69.89,11637594
2018-09-05 04:00:00+00:00,69.79,69.85,68.66,69.01,17842175
2018-09-06 04:00:00+00:00,68.91,69.06,67.97,68.51,14233818
2018-09-07 04:00:00+00:00,68.06,68.82,67.99,68.28,14538852
2018-09-10 04:00:00+00:00,68.53,68.62,68.12,68.49,18907808
2018-09-11 04:00:00+00:00,68.3,69.22,68.13,69.08,13782169
2018-09-12 04:00:00+00:00,68.93,68.94,68.23,68.79,16660084
2018-09-13 04:00:00+00:00,69.21,69.77,69.2,69.6,14175667
2018-09-14 04:00:00+00:00,69.66,69.84,69.22,69.54,9524333
2018-09-17 04:00:00+00:00,69.44,69.56,68.59,68.67,16713397
2018-09-18 04:00:00+00:00,68.58,69.44,68.58,69.1,9965556
2018-09-19 04:00:00+00:00,69.09,69.33,68.54,68.93,10647923
2018-09-20 04:00:00+00:00,69.34,69.81,69.12,69.74,14213278
2018-09-21 04:00:00+00:00,70.01,70.12,69.44,69.47,24761772
2018-09-24 04:00:00+00:00,69.13,69.82,68.86,69.81,18055623
2018-09-25 04:00:00+00:00,69.73,69.87,69.44,69.73,10715099
2018-09-26 04:00:00+00:00,69.8,70.11,69.35,69.47,13607547
2018-09-27 04:00:00+00:00,69.72,70.07,69.72,69.88,15762567
2018-09-28 04:00:00+00:00,69.68,70.2,69.65,70.14,11920984
2018-10-01 04:00:00+00:00,70.59,70.76,70.26,70.47,10708092
2018-10-02 04:00:00+00:00,70.39,70.88,70.17,70.48,15335304
2018-10-03 04:00:00+00:00,70.73,71.01,70.56,70.7,13572424
2018-10-04 04:00:00+00:00,70.35,70.41,68.97,69.41,24267887
2018-10-05 04:00:00+00:00,69.39,69.61,67.88,68.55,23874304
2018-10-08 04:00:00+00:00,68.22,68.43,67.0,67.77,20446606
2018-10-09 04:00:00+00:00,67.75,68.42,67.6,68.02,15244388
2018-10-10 04:00:00+00:00,67.61,67.62,64.67,64.72,46022171
2018-10-11 04:00:00+00:00,64.53,65.63,63.38,63.9,70243954
2018-10-12 04:00:00+00:00,65.71,66.16,64.66,65.95,36451709
2018-10-15 04:00:00+00:00,65.71,65.76,64.83,64.87,19477438
2018-10-16 04:00:00+00:00,65.69,67.04,65.53,66.82,21643689
2018-10-17 04:00:00+00:00,66.91,66.95,65.92,66.52,25997643
2018-10-18 04:00:00+00:00,66.22,66.27,64.82,65.21,23315811
2018-10-19 04:00:00+00:00,65.6,66.3,64.94,65.19,22295178
2018-10-22 04:00:00+00:00,65.49,66.15,65.1,65.73,16251665
2018-10-23 04:00:00+00:00,64.36,65.82,63.7,65.47,24286134
2018-10-24 04:00:00+00:00,65.31,65.46,62.47,62.54,35531726
2018-10-25 04:00:00+00:00,63.43,65.03,63.33,64.62,24081893
2018-10-26 04:00:00+00:00,63.08,64.55,62.49,63.4,44301732
2018-10-29 04:00:00+00:00,64.27,64.73,61.07,62.33,35879259
2018-10-30 04:00:00+00:00,62.27,63.24,61.74,63.03,30754856
2018-10-31 04:00:00+00:00,63.97,65.04,63.94,64.52,21675155
2018-11-01 04:00:00+00:00,64.62,65.33,64.07,65.28,15993167
2018-11-02 04:00:00+00:00,64.78,65.16,63.46,64.0,20552280
2018-11-05 05:00:00+00:00,63.97,64.07,63.02,63.96,14535459
2018-11-06 05:00:00+00:00,63.88,64.65,63.83,64.34,9332079
2018-11-07 05:00:00+00:00,65.08,66.23,65.0,66.23,17668710
2018-11-08 05:00:00+00:00,65.98,66.26,65.75,66.17,10747981
2018-11-09 05:00:00+00:00,65.6,65.66,64.48,65.03,13323108
2018-11-12 05:00:00+00:00,64.43,64.54,62.66,62.74,16995022
2018-11-13 05:00:00+00:00,62.89,63.89,62.62,62.81,15817712
2018-11-14 05:00:00+00:00,63.51,63.64,61.74,62.04,19756394
2018-11-15 05:00:00+00:00,62.16,63.76,61.8,63.61,26540817
2018-11-16 05:00:00+00:00,62.87,63.89,62.74,63.51,18262023
2018-11-19 05:00:00+00:00,63.21,63.28,60.92,61.09,20316230
2018-11-20 05:00:00+00:00,59.38,60.59,59.01,59.78,29143401
2018-11-21 05:00:00+00:00,60.59,60.83,59.96,60.21,16704816
2018-11-23 05:00:00+00:00,59.57,60.33,59.54,59.66,5520115
2018-11-26 05:00:00+00:00,60.45,61.01,60.12,61.01,12813951
2018-11-27 05:00:00+00:00,60.6,61.23,60.24,61.14,11649310
2018-11-28 05:00:00+00:00,61.75,63.28,61.52,63.28,17398103
2018-11-29 05:00:00+00:00,63.08,63.17,62.33,62.66,14311120
2018-11-30 05:00:00+00:00,62.7,63.3,62.39,63.26,16887894
2018-12-03 05:00:00+00:00,64.84,64.91,63.96,64.65,16643715
2018-12-04 05:00:00+00:00,64.2,64.34,62.06,62.21,21941923
2018-12-06 05:00:00+00:00,60.74,62.35,60.44,62.35,22182806
2018-12-07 05:00:00+00:00,62.05,62.33,59.87,60.15,20536172
2018-12-10 05:00:00+00:00,59.81,61.21,59.47,60.98,20709990
2018-12-11 05:00:00+00:00,61.93,62.04,60.56,61.05,15996484
2018-12-12 05:00:00+00:00,62.04,62.49,61.5,61.53,17094941
2018-12-13 05:00:00+00:00,61.82,62.28,61.27,61.63,12951001
2018-12-14 05:00:00+00:00,60.89,61.23,60.06,60.12,15767700
2018-12-17 05:00:00+00:00,59.9,60.31,58.37,58.84,24029548
2018-12-18 05:00:00+00:00,59.3,59.82,58.84,59.31,19802036
2018-12-19 05:00:00+00:00,59.23,60.28,57.5,58.14,34631988
2018-12-20 05:00:00+00:00,57.89,58.47,56.27,57.09,39692898
2018-12-21 05:00:00+00:00,57.11,57.81,55.12,55.36,41271097
2018-12-24 05:00:00+00:00,54.84,55.51,53.84,53.88,21436085
2018-12-26 05:00:00+00:00,54.26,57.14,53.95,57.09,29369184
2018-12-27 05:00:00+00:00,56.34,57.57,55.25,57.55,23628651
2018-12-28 05:00:00+00:00,57.97,58.37,56.92,57.42,19979155
2018-12-31 05:00:00+00:00,57.91,58.17,57.47,57.96,17215838
2019-01-02 05:00:00+00:00,56.77,58.34,56.7,58.0,15572477
2019-01-03 05:00:00+00:00,56.52,56.56,54.99,55.07,25834752
2019-01-04 05:00:00+00:00,56.08,57.75,55.9,57.51,21205424
2019-01-07 05:00:00+00:00,57.51,58.42,57.38,58.02,12107847
2019-01-08 05:00:00+00:00,58.59,58.79,57.82,58.51,13115968
2019-01-09 05:00:00+00:00,58.83,59.58,58.76,59.27,14226278
2019-01-10 05:00:00+00:00,58.8,59.56,58.53,59.53,11152671
2019-01-11 05:00:00+00:00,59.18,59.45,59.05,59.42,7811831
2019-01-14 05:00:00+00:00,58.89,59.07,58.66,58.87,7363618
2019-01-15 05:00:00+00:00,59.05,59.88,58.95,59.75,14490804
2019-01-16 05:00:00+00:00,59.82,60.18,59.7,59.81,9588633
2019-01-17 05:00:00+00:00,59.6,60.54,59.44,60.19,10191414
2019-01-18 05:00:00+00:00,60.79,61.23,60.4,61.11,14229436
2019-01-22 05:00:00+00:00,60.62,60.72,59.61,60.08,15250192
2019-01-23 05:00:00+00:00,60.33,60.78,59.61,60.29,9741816
2019-01-24 05:00:00+00:00,60.5,61.01,60.47,60.79,15500739
2019-01-25 05:00:00+00:00,61.25,61.84,61.03,61.65,10794834
2019-01-28 05:00:00+00:00,60.74,60.85,60.33,60.83,9860667
2019-01-29 05:00:00+00:00,60.95,60.96,60.08,60.21,9187143
2019-01-30 05:00:00+00:00,61.18,62.22,60.9,62.02,17992758
2019-01-31 05:00:00+00:00,61.73,62.32,61.53,61.98,18526062
2019-02-01 05:00:00+00:00,62.01,62.68,61.91,62.35,9934891
2019-02-04 05:00:00+00:00,62.43,63.36,62.38,63.35,7786588
2019-02-05 05:00:00+00:00,63.56,64.04,63.49,63.89,13327341
2019-02-06 05:00:00+00:00,63.95,64.27,63.71,64.09,10958801
2019-02-07 05:00:00+00:00,63.5,63.78,62.78,63.21,15021081
2019-02-08 05:00:00+00:00,62.64,63.58,62.61,63.58,8683307
2019-02-11 05:00:00+00:00,63.78,63.97,63.4,63.55,7591432
2019-02-12 05:00:00+00:00,63.99,64.47,63.9,64.39,10292704
2019-02-13 05:00:00+00:00,64.71,64.94,64.44,64.48,9672205
2019-02-14 05:00:00+00:00,64.23,64.82,64.19,64.59,9876390
2019-02-15 05:00:00+00:00,65.08,65.17,64.74,65.1,7534154
2019-02-19 05:00:00+00:00,64.84,65.32,64.78,65.12,8464306
2019-02-20 05:00:00+00:00,65.18,65.46,64.85,65.2,9988158
2019-02-21 05:00:00+00:00,65.04,65.48,64.82,65.23,9851319
2019-02-22 05:00:00+00:00,65.52,66.09,65.51,66.06,13444719
2019-02-25 05:00:00+00:00,66.55,66.83,66.33,66.38,21530065
2019-02-26 05:00:00+00:00,66.14,66.7,66.09,66.52,15817191
2019-02-27 05:00:00+00:00,66.26,66.53,65.77,66.45,9884065
2019-02-28 05:00:00+00:00,66.21,66.52,66.09,66.26,9682672
2019-03-01 05:00:00+00:00,66.79,66.89,66.18,66.71,12519109
2019-03-04 05:00:00+00:00,66.99,67.16,65.72,66.46,16091323
2019-03-05 05:00:00+00:00,66.42,66.51,66.06,66.26,9158524
2019-03-06 05:00:00+00:00,66.22,66.29,65.83,65.92,14329026
2019-03-07 05:00:00+00:00,65.73,65.79,65.08,65.29,18975559
2019-03-08 05:00:00+00:00,64.51,65.34,64.37,65.28,13088130
2019-03-11 04:00:00+00:00,65.52,66.74,65.52,66.68,15340535
2019-03-12 04:00:00+00:00,66.87,67.31,66.67,67.08,18257689
2019-03-13 04:00:00+00:00,67.37,67.91,67.33,67.52,18468746
2019-03-14 04:00:00+00:00,67.63,67.86,67.47,67.66,10861132
2019-03-15 04:00:00+00:00,67.89,68.79,67.85,68.48,21628297
2019-03-18 04:00:00+00:00,68.52,68.95,68.34,68.77,14989898
2019-03-19 04:00:00+00:00,69.05,69.24,68.64,68.91,16324450
2019-03-20 04:00:00+00:00,68.83,69.28,68.31,68.72,13917484
2019-03-21 04:00:00+00:00,68.73,70.6,68.72,70.43,31491245
2019-03-22 04:00:00+00:00,70.08,70.37,68.75,68.79,27076342
2019-03-25 04:00:00+00:00,68.56,68.95,68.04,68.49,22406030
2019-03-26 04:00:00+00:00,69.09,69.53,68.46,68.86,14073929
2019-03-27 04:00:00+00:00,68.96,69.23,67.87,68.49,16004033
2019-03-28 04:00:00+00:00,68.67,69.03,68.33,68.75,10750769
2019-03-29 04:00:00+00:00,69.32,69.45,68.98,69.41,14842391
2019-04-01 04:00:00+00:00,70.1,70.46,69.7,70.39,13021582
2019-04-02 04:00:00+00:00,70.43,70.71,70.21,70.61,12795314
2019-04-03 04:00:00+00:00,71.04,71.54,70.91,71.19,14189953
2019-04-04 04:00:00+00:00,71.16,71.35,70.46,70.89,11700043
2019-04-05 04:00:00+00:00,71.12,71.3,71.0,71.22,6881171
2019-04-08 04:00:00+00:00,71.06,71.53,70.76,71.5,7427633
2019-04-09 04:00:00+00:00,71.19,71.45,71.0,71.16,15662935
2019-04-10 04:00:00+00:00,71.22,71.68,71.19,71.66,8899519
2019-04-11 04:00:00+00:00,71.81,71.83,71.41,71.56,7768139
2019-04-12 04:00:00+00:00,71.97,72.06,71.56,72.06,8814567
2019-04-15 04:00:00+00:00,72.06,72.24,71.65,72.03,10034679
2019-04-16 04:00:00+00:00,72.26,72.47,72.05,72.4,9752861
2019-04-17 04:00:00+00:00,72.86,72.89,72.44,72.8,12444843
2019-04-18 04:00:00+00:00,72.96,73.03,72.46,73.01,11797143
2019-04-22 04:00:00+00:00,72.67,73.2,72.6,73.18,8574564
2019-04-23 04:00:00+00:00,73.29,74.07,73.21,73.97,17499097
2019-04-24 04:00:00+00:00,74.03,74.34,73.89,74.0,11073620
2019-04-25 04:00:00+00:00,74.34,74.55,73.59,73.98,11963348
2019-04-26 04:00:00+00:00,73.53,73.72,72.92,73.7,11213238
2019-04-29 04:00:00+00:00,73.71,73.95,73.64,73.74,10759928
2019-04-30 04:00:00+00:00,73.68,73.95,73.27,73.84,19061142
2019-05-01 04:00:00+00:00,74.58,74.77,73.65,73.65,15717586
2019-05-02 04:00:00+00:00,73.64,74.17,72.88,73.27,25777751
2019-05-03 04:00:00+00:00,73.53,74.03,73.43,73.96,13863044
2019-05-06 04:00:00+00:00,72.2,73.51,71.92,73.39,13365454
2019-05-07 04:00:00+00:00,72.57,72.85,71.16,71.82,21433964
2019-05-08 04:00:00+00:00,71.58,72.35,71.46,71.73,13962397
2019-05-09 04:00:00+00:00,70.84,71.48,70.04,71.24,20144708
2019-05-10 04:00:00+00:00,70.78,71.79,69.77,71.47,19775808
2019-05-13 04:00:00+00:00,69.45,69.86,68.58,68.78,27088620
2019-05-14 04:00:00+00:00,69.12,70.31,69.07,69.88,20004863
2019-05-15 04:00:00+00:00,69.4,70.86,69.28,70.64,15345591
2019-05-16 04:00:00+00:00,70.69,71.81,70.6,71.29,16200139
2019-05-17 04:00:00+00:00,70.56,71.68,70.55,70.72,13788882
2019-05-20 04:00:00+00:00,69.53,70.07,69.15,69.49,15045424
2019-05-21 04:00:00+00:00,70.22,70.57,70.06,70.34,16871609
2019-05-22 04:00:00+00:00,69.88,70.4,69.85,69.98,11998004
2019-05-23 04:00:00+00:00,69.03,69.07,68.24,68.75,16655495
2019-05-24 04:00:00+00:00,69.12,69.48,68.69,68.77,12781512
2019-05-28 04:00:00+00:00,68.98,69.42,68.53,68.54,27164130
2019-05-29 04:00:00+00:00,68.06,68.49,67.71,68.17,15163762
2019-05-30 04:00:00+00:00,68.33,68.72,68.12,68.59,11751605
2019-05-31 04:00:00+00:00,67.76,68.08,67.42,67.44,12450268
2019-06-03 04:00:00+00:00,67.55,67.92,65.81,66.26,20142661
2019-06-04 04:00:00+00:00,67.11,68.48,66.76,68.48,15898994
2019-06-05 04:00:00+00:00,69.39,69.53,68.58,69.39,15989321
2019-06-06 04:00:00+00:00,69.55,70.31,69.23,70.17,12250562
2019-06-07 04:00:00+00:00,70.54,71.9,70.4,71.48,12487945
2019-06-10 04:00:00+00:00,71.99,72.89,71.99,72.21,13690364
2019-06-11 04:00:00+00:00,72.94,73.02,71.8,72.21,11657977
2019-06-12 04:00:00+00:00,71.86,72.06,71.64,71.81,7943583
2019-06-13 04:00:00+00:00,72.06,72.28,71.76,72.02,10887490
2019-06-14 04:00:00+00:00,71.37,71.63,71.08,71.39,8645037
2019-06-17 04:00:00+00:00,71.44,71.8,71.29,71.45,9567429
2019-06-18 04:00:00+00:00,72.21,73.1,71.98,72.74,16522323
2019-06-19 04:00:00+00:00,72.93,73.19,72.43,73.01,12552542
2019-06-20 04:00:00+00:00,74.08,74.32,73.46,74.08,14176127
2019-06-21 04:00:00+00:00,73.8,74.37,73.7,73.73,23341313
2019-06-24 04:00:00+00:00,73.86,74.11,73.76,73.87,8357727
2019-06-25 04:00:00+00:00,73.83,73.9,72.42,72.51,13953598
2019-06-26 04:00:00+00:00,73.22,73.81,73.2,73.29,9254978
2019-06-27 04:00:00+00:00,73.54,73.74,73.32,73.48,7085601
2019-06-28 04:00:00+00:00,73.71,73.79,73.25,73.55,18245911
2019-07-01 04:00:00+00:00,75.16,75.25,74.33,74.64,15002859
2019-07-02 04:00:00+00:00,74.6,74.88,74.43,74.84,8161327
2019-07-03 04:00:00+00:00,75.03,75.41,74.88,75.41,5618062
2019-07-05 04:00:00+00:00,74.8,75.4,74.53,75.27,6141645
2019-07-08 04:00:00+00:00,74.7,74.79,74.35,74.7,8054516
2019-07-09 04:00:00+00:00,74.31,75.02,74.2,74.96,9378474
2019-07-10 04:00:00+00:00,75.37,76.01,75.31,75.55,10639301
2019-07-11 04:00:00+00:00,75.74,76.12,75.58,75.82,12793345
2019-07-12 04:00:00+00:00,76.08,76.44,75.94,76.39,8368597
2019-07-15 04:00:00+00:00,76.6,76.74,76.43,76.65,6421530
2019-07-16 04:00:00+00:00,76.56,76.56,75.8,75.93,8139505
2019-07-17 04:00:00+00:00,76.07,76.24,75.72,75.73,6834842
2019-07-18 04:00:00+00:00,75.56,76.41,75.51,76.33,8171811
2019-07-19 04:00:00+00:00,77.06,77.09,75.87,75.97,12861458
2019-07-22 04:00:00+00:00,76.26,77.03,76.25,76.84,7156434
2019-07-23 04:00:00+00:00,77.33,77.34,76.69,77.27,5651461
2019-07-24 04:00:00+00:00,77.16,77.94,77.16,77.91,9449155
2019-07-25 04:00:00+00:00,77.74,77.74,77.17,77.59,10449493
2019-07-26 04:00:00+00:00,77.62,77.91,77.55,77.76,12789369
2019-07-29 04:00:00+00:00,77.79,77.84,77.11,77.71,8567205
2019-07-30 04:00:00+00:00,77.17,77.54,77.0,77.21,7481872
2019-07-31 04:00:00+00:00,77.62,77.71,75.24,76.01,17469105
2019-08-01 04:00:00+00:00,76.17,77.78,75.28,75.66,29408560
2019-08-02 04:00:00+00:00,75.04,75.07,73.75,74.42,23359203
2019-08-05 04:00:00+00:00,72.44,72.54,70.74,71.32,28857118
2019-08-06 04:00:00+00:00,72.28,72.77,71.67,72.5,20926260
2019-08-07 04:00:00+00:00,71.74,73.15,71.28,72.95,21255940
2019-08-08 04:00:00+00:00,73.49,74.76,73.35,74.74,16494512
2019-08-09 04:00:00+00:00,74.3,74.51,73.33,73.9,16552615
2019-08-12 04:00:00+00:00,73.39,73.66,72.59,72.84,10348174
2019-08-13 04:00:00+00:00,72.86,75.04,72.7,74.75,29599795
2019-08-14 04:00:00+00:00,73.38,73.71,72.27,72.47,24154035
2019-08-15 04:00:00+00:00,72.52,72.7,71.71,72.32,16718532
2019-08-16 04:00:00+00:00,73.07,73.85,72.96,73.7,11235268
2019-08-19 04:00:00+00:00,74.86,75.04,74.43,74.82,8159803
2019-08-20 04:00:00+00:00,74.72,75.1,74.4,74.44,8547476
2019-08-21 04:00:00+00:00,75.19,75.51,74.98,75.3,8712317
2019-08-22 04:00:00+00:00,75.52,75.69,74.47,75.14,7715218
2019-08-23 04:00:00+00:00,74.72,75.41,72.35,72.65,20804438
2019-08-26 04:00:00+00:00,73.55,73.69,73.05,73.66,10586158
2019-08-27 04:00:00+00:00,74.14,74.27,73.12,73.55,10391887
2019-08-28 04:00:00+00:00,73.15,73.74,72.63,73.61,7240303
2019-08-29 04:00:00+00:00,74.61,75.12,74.35,74.89,8281521
2019-08-30 04:00:00+00:00,75.38,75.48,74.34,74.88,10243707
2019-09-03 04:00:00+00:00,74.25,74.91,73.7,73.96,12075682
2019-09-04 04:00:00+00:00,74.76,75.26,74.69,75.22,8137916
2019-09-05 04:00:00+00:00,76.21,77.11,76.17,76.8,10371672
2019-09-06 04:00:00+00:00,76.97,77.0,76.52,76.73,9387729
2019-09-09 04:00:00+00:00,77.09,77.13,75.75,76.16,13681621
2019-09-10 04:00:00+00:00,75.81,75.81,74.91,75.77,10113391
2019-09-11 04:00:00+00:00,76.01,76.58,75.85,76.56,9692588
2019-09-12 04:00:00+00:00,77.03,77.6,76.65,76.97,12985672
2019-09-13 04:00:00+00:00,76.85,76.85,76.33,76.41,19406145
2019-09-16 04:00:00+00:00,75.78,76.39,75.7,76.22,7828385
2019-09-17 04:00:00+00:00,76.31,76.53,76.1,76.53,8418798
2019-09-18 04:00:00+00:00,76.41,76.58,75.49,76.52,8954082
2019-09-19 04:00:00+00:00,76.76,77.37,76.59,76.69,8343359
2019-09-20 04:00:00+00:00,76.94,76.98,75.6,75.81,16056645
2019-09-23 04:00:00+00:00,75.81,76.26,75.65,76.03,8249552
2019-09-24 04:00:00+00:00,76.53,76.83,74.98,75.3,17905163
2019-09-25 04:00:00+00:00,75.19,76.4,74.5,76.19,12146297
2019-09-26 04:00:00+00:00,76.17,76.54,75.68,76.25,9657574
2019-09-27 04:00:00+00:00,76.28,76.44,74.69,75.26,12984858
2019-09-30 04:00:00+00:00,75.58,76.23,75.48,76.05,11139777
2019-10-01 04:00:00+00:00,76.39,76.9,75.32,75.34,11258553
2019-10-02 04:00:00+00:00,74.84,74.86,73.38,73.93,20726139
2019-10-03 04:00:00+00:00,73.9,74.86,72.98,74.83,19244700
2019-10-04 04:00:00+00:00,75.36,76.17,75.29,76.07,11389003
2019-10-07 04:00:00+00:00,75.79,76.38,75.69,75.75,10792355
2019-10-08 04:00:00+00:00,75.26,75.49,74.35,74.36,14708614
2019-10-09 04:00:00+00:00,75.14,75.75,75.02,75.45,10624477
2019-10-10 04:00:00+00:00,75.39,76.29,75.34,75.99,9649018
2019-10-11 04:00:00+00:00,76.92,77.71,76.8,76.94,16295003
2019-10-14 04:00:00+00:00,76.96,77.31,76.95,76.99,5799353
2019-10-15 04:00:00+00:00,77.3,78.03,77.22,77.84,8352511
2019-10-16 04:00:00+00:00,77.41,77.45,77.01,77.3,10376060
2019-10-17 04:00:00+00:00,77.56,77.78,76.74,77.15,6977593
2019-10-18 04:00:00+00:00,77.04,77.15,75.91,76.41,9050242
2019-10-21 04:00:00+00:00,76.87,77.27,76.59,77.23,6639986
2019-10-22 04:00:00+00:00,77.38,77.66,76.14,76.19,9389159
2019-10-23 04:00:00+00:00,75.96,76.27,75.8,76.26,9150339
2019-10-24 04:00:00+00:00,77.07,77.44,76.78,77.37,7483394
2019-10-25 04:00:00+00:00,77.37,78.4,77.33,78.31,8925986
2019-10-28 04:00:00+00:00,79.0,79.34,78.96,79.3,7404627
2019-10-29 04:00:00+00:00,79.24,79.38,78.56,78.58,7927223
2019-10-30 04:00:00+00:00,78.82,79.16,78.29,79.07,13875117
2019-10-31 04:00:00+00:00,79.19,79.27,78.51,79.02,12051475
2019-11-01 04:00:00+00:00,79.28,79.96,79.16,79.96,10431114
2019-11-04 05:00:00+00:00,80.58,80.62,80.21,80.38,11430423
2019-11-05 05:00:00+00:00,80.6,80.63,80.01,80.28,8268095
2019-11-06 05:00:00+00:00,80.27,80.32,79.84,80.25,8672396
2019-11-07 05:00:00+00:00,80.78,81.33,80.65,80.89,15044300
2019-11-08 05:00:00+00:00,80.65,81.33,80.35,81.33,6345073
2019-11-11 05:00:00+00:00,80.87,81.48,80.77,81.37,4332404
2019-11-12 05:00:00+00:00,81.48,81.95,81.28,81.64,8363531
2019-11-13 05:00:00+00:00,81.32,81.9,81.3,81.81,7756412
2019-11-14 05:00:00+00:00,81.5,81.79,81.28,81.73,6135683
2019-11-15 05:00:00+00:00,82.3,82.39,82.05,82.39,7218660
2019-11-18 05:00:00+00:00,82.36,82.76,82.05,82.64,6746406
2019-11-19 05:00:00+00:00,82.97,83.04,82.49,82.8,7292422
2019-11-20 05:00:00+00:00,82.61,82.85,81.67,82.28,12576646
2019-11-21 05:00:00+00:00,82.18,82.23,81.71,81.88,9519759
2019-11-22 05:00:00+00:00,82.12,82.25,81.45,81.78,6164623
2019-11-25 05:00:00+00:00,82.14,82.97,82.12,82.97,7579193
2019-11-26 05:00:00+00:00,83.01,83.25,82.88,83.04,9998358
2019-11-27 05:00:00+00:00,83.3,83.5,83.05,83.5,10907287
2019-11-29 05:00:00+00:00,83.29,83.42,83.12,83.22,6517156
2019-12-02 05:00:00+00:00,83.3,83.3,81.71,82.07,11950522
2019-12-03 05:00:00+00:00,80.77,81.4,80.43,81.34,11680877
2019-12-04 05:00:00+00:00,81.87,81.94,81.55,81.67,7252277
2019-12-05 05:00:00+00:00,81.96,82.04,81.59,81.97,8235756
2019-12-06 05:00:00+00:00,82.6,82.96,82.53,82.88,10825524
2019-12-09 05:00:00+00:00,82.74,83.0,82.45,82.45,6394067
2019-12-10 05:00:00+00:00,82.58,82.95,82.3,82.51,6564333
2019-12-11 05:00:00+00:00,82.73,83.14,82.56,83.07,5249692
2019-12-12 05:00:00+00:00,82.83,84.08,82.64,83.96,12396536
2019-12-13 05:00:00+00:00,83.87,84.7,83.71,84.51,13573356
2019-12-16 05:00:00+00:00,85.16,85.56,85.14,85.27,10730327
2019-12-17 05:00:00+00:00,85.42,85.46,84.96,85.08,7576593
2019-12-18 05:00:00+00:00,85.18,85.39,85.03,85.06,6687299
2019-12-19 05:00:00+00:00,85.12,85.69,85.09,85.68,7032644
2019-12-20 05:00:00+00:00,86.18,86.28,85.96,86.15,12028067
2019-12-23 05:00:00+00:00,86.44,86.64,86.32,86.42,8053844
2019-12-24 05:00:00+00:00,86.55,86.57,86.25,86.45,2669153
2019-12-26 05:00:00+00:00,86.63,87.11,86.57,87.09,4401176
2019-12-27 05:00:00+00:00,87.44,87.44,86.87,87.08,9730027
2019-12-30 05:00:00+00:00,87.06,87.07,85.91,86.63,8846507
2019-12-31 05:00:00+00:00,86.29,86.95,86.17,86.86,6126908
2020-01-02 05:00:00+00:00,87.64,88.49,87.47,88.49,14554329
2020-01-03 05:00:00+00:00,87.2,88.1,87.19,87.53,17635568
2020-01-06 05:00:00+00:00,86.62,87.79,86.46,87.7,8413696
2020-01-07 05:00:00+00:00,87.85,88.09,87.53,87.66,8206914
2020-01-08 05:00:00+00:00,87.76,88.99,87.59,88.6,12497781
2020-01-09 05:00:00+00:00,89.41,89.66,88.96,89.6,8196856
2020-01-10 05:00:00+00:00,89.99,90.11,89.24,89.39,8211287
2020-01-13 05:00:00+00:00,89.8,90.62,89.75,90.51,8533672
2020-01-14 05:00:00+00:00,90.63,90.71,89.94,90.11,8385171
2020-01-15 05:00:00+00:00,90.14,90.63,89.88,90.19,7505186
2020-01-16 05:00:00+00:00,90.77,91.42,90.64,91.4,6055220
2020-01-17 05:00:00+00:00,91.83,92.1,91.34,92.02,11129797
2020-01-21 05:00:00+00:00,91.74,92.51,91.72,91.98,10669308
2020-01-22 05:00:00+00:00,92.56,92.96,92.24,92.31,8225709
2020-01-23 05:00:00+00:00,92.41,92.82,92.01,92.75,7724331
2020-01-24 05:00:00+00:00,93.43,93.64,91.99,92.31,12748403
2020-01-27 05:00:00+00:00,90.16,90.83,89.74,90.11,19697269
2020-01-28 05:00:00+00:00,90.9,92.09,90.71,91.84,17107161
2020-01-29 05:00:00+00:00,92.6,92.73,91.7,92.08,10966960
2020-01-30 05:00:00+00:00,92.04,92.96,91.48,92.89,10088761
2020-01-31 05:00:00+00:00,92.33,92.38,90.0,90.32,13821994
2020-02-03 05:00:00+00:00,90.43,91.74,90.32,91.52,13935199
2020-02-04 05:00:00+00:00,93.11,94.11,92.88,93.91,9851214
2020-02-05 05:00:00+00:00,95.46,95.51,93.78,94.46,18573905
2020-02-06 05:00:00+00:00,94.85,95.35,94.43,95.33,6886442
2020-02-07 05:00:00+00:00,94.88,95.25,94.26,94.45,8518802
2020-02-10 05:00:00+00:00,93.9,95.75,93.89,95.73,9128274
2020-02-11 05:00:00+00:00,96.46,96.55,95.12,95.41,7649045
2020-02-12 05:00:00+00:00,96.07,96.48,95.53,96.44,6421310
2020-02-13 05:00:00+00:00,95.69,96.69,95.54,96.19,7834042
2020-02-14 05:00:00+00:00,96.38,96.77,96.07,96.61,6406600
2020-02-18 05:00:00+00:00,95.83,96.45,95.72,96.25,11842369
2020-02-19 05:00:00+00:00,96.87,97.53,96.8,97.39,8549028
2020-02-20 05:00:00+00:00,97.18,97.42,95.06,96.38,13685390
2020-02-21 05:00:00+00:00,95.89,95.97,93.63,94.22,15109288
2020-02-24 05:00:00+00:00,89.7,91.63,88.87,90.32,21578399
2020-02-25 05:00:00+00:00,91.14,91.47,87.11,87.43,33352009
2020-02-26 05:00:00+00:00,87.77,89.73,87.17,87.83,28391479
2020-02-27 05:00:00+00:00,84.95,86.75,83.04,83.09,34294431
2020-02-28 05:00:00+00:00,79.79,84.52,79.65,83.73,57464632
2020-03-02 05:00:00+00:00,85.24,88.59,83.74,88.57,35465269
2020-03-03 05:00:00+00:00,89.07,89.69,84.31,85.21,47680334
2020-03-04 05:00:00+00:00,87.05,88.89,85.84,88.86,22551064
2020-03-05 05:00:00+00:00,86.5,88.14,85.5,86.06,24746239
2020-03-06 05:00:00+00:00,83.18,84.74,81.95,84.24,29919526
2020-03-09 04:00:00+00:00,77.3,81.48,77.22,77.85,29923734
2020-03-10 04:00:00+00:00,81.18,83.05,78.28,83.04,35786092
2020-03-11 04:00:00+00:00,80.81,81.31,77.99,79.11,32059133
2020-03-12 04:00:00+00:00,73.37,77.6,71.06,71.39,33208347
2020-03-13 04:00:00+00:00,75.88,79.95,72.29,79.77,33002018
2020-03-16 04:00:00+00:00,67.95,75.05,67.45,68.6,42487495
2020-03-17 04:00:00+00:00,70.37,74.32,68.16,73.43,50630792
2020-03-18 04:00:00+00:00,68.55,71.84,66.58,68.65,53963789
2020-03-19 04:00:00+00:00,70.01,73.33,68.33,70.92,61942191
2020-03-20 04:00:00+00:00,72.25,72.99,67.44,67.67,45495994
2020-03-23 04:00:00+00:00,67.33,68.78,64.86,67.1,43214060
2020-03-24 04:00:00+00:00,71.07,73.98,70.82,73.88,37892801
2020-03-25 04:00:00+00:00,74.48,77.23,72.4,73.82,28932060
2020-03-26 04:00:00+00:00,74.59,78.59,74.58,78.39,28439114
2020-03-27 04:00:00+00:00,75.97,77.39,74.53,74.91,29778249
2020-03-30 04:00:00+00:00,75.79,78.19,75.61,78.0,23916529
2020-03-31 04:00:00+00:00,77.82,79.22,76.15,76.55,20220970
2020-04-01 04:00:00+00:00,73.9,75.48,72.35,72.9,27582138
2020-04-02 04:00:00+00:00,72.64,74.7,72.35,74.6,22170371
2020-04-03 04:00:00+00:00,74.28,75.08,72.53,73.45,16011483
2020-04-06 04:00:00+00:00,76.68,80.24,76.19,79.72,18120898
2020-04-07 04:00:00+00:00,82.53,82.56,78.92,79.0,22238300
2020-04-08 04:00:00+00:00,80.01,81.46,79.29,81.13,13781277
2020-04-09 04:00:00+00:00,82.09,82.5,80.57,81.21,19733166
2020-04-13 04:00:00+00:00,80.82,81.44,79.67,81.33,12730888
2020-04-14 04:00:00+00:00,83.14,84.89,82.8,84.74,16006185
2020-04-15 04:00:00+00:00,83.05,83.57,82.27,82.89,13026679
2020-04-16 04:00:00+00:00,83.98,84.11,82.53,83.9,11940062
2020-04-17 04:00:00+00:00,85.39,85.4,83.79,85.01,14285737
2020-04-20 04:00:00+00:00,83.86,84.98,83.54,83.6,10280969
2020-04-21 04:00:00+00:00,82.47,82.67,79.66,80.13,16483992
2020-04-22 04:00:00+00:00,82.09,83.69,81.8,83.23,12114554
2020-04-23 04:00:00+00:00,83.42,84.37,82.6,82.66,10626635
2020-04-24 04:00:00+00:00,83.0,84.43,82.47,84.41,8504402
2020-04-27 04:00:00+00:00,85.18,85.42,84.62,85.14,7871238
2020-04-28 04:00:00+00:00,86.2,86.25,83.89,84.0,12699706
2020-04-29 04:00:00+00:00,85.8,87.75,85.49,87.45,11610289
2020-04-30 04:00:00+00:00,87.63,87.63,86.41,87.06,15657989
2020-05-01 04:00:00+00:00,85.14,86.34,84.35,84.67,12213803
2020-05-04 04:00:00+00:00,84.28,85.88,83.89,85.8,10976475
2020-05-05 04:00:00+00:00,86.78,88.08,86.62,86.98,8863420
2020-05-06 04:00:00+00:00,87.81,88.5,87.26,87.65,8528684
2020-05-07 04:00:00+00:00,88.84,89.47,88.71,88.97,10744783
2020-05-08 04:00:00+00:00,89.81,90.4,89.29,90.27,7672694
2020-05-11 04:00:00+00:00,89.65,91.4,89.47,90.87,10492214
2020-05-12 04:00:00+00:00,91.24,91.5,88.93,89.0,13757387
2020-05-13 04:00:00+00:00,89.04,89.73,86.31,87.5,17118277
2020-05-14 04:00:00+00:00,86.85,88.63,85.9,88.58,15472688
2020-05-15 04:00:00+00:00,87.18,89.04,86.93,89.02,14411752
2020-05-18 04:00:00+00:00,90.78,91.72,90.46,91.21,10105656
2020-05-19 04:00:00+00:00,91.19,92.28,90.83,90.87,10134371
2020-05-20 04:00:00+00:00,92.13,93.03,92.08,92.82,9214032
2020-05-21 04:00:00+00:00,92.77,93.04,91.51,91.57,10365709
2020-05-22 04:00:00+00:00,91.43,92.01,91.06,91.9,11140341
2020-05-26 04:00:00+00:00,93.74,93.81,91.72,91.81,13139668
2020-05-27 04:00:00+00:00,91.8,92.37,89.84,92.33,20298976
2020-05-28 04:00:00+00:00,91.99,93.83,91.92,92.15,10707029
2020-05-29 04:00:00+00:00,92.42,93.53,91.65,93.31,18413085
2020-06-01 04:00:00+00:00,92.87,93.48,92.46,93.28,15220683
2020-06-02 04:00:00+00:00,93.47,94.16,92.59,94.16,11342669
2020-06-03 04:00:00+00:00,94.54,95.2,94.13,94.89,11146258
2020-06-04 04:00:00+00:00,94.52,95.18,93.59,94.11,7671117
2020-06-05 04:00:00+00:00,94.78,96.86,94.61,96.59,10462522
2020-06-08 04:00:00+00:00,96.39,97.11,95.53,97.07,8146862
2020-06-09 04:00:00+00:00,96.59,98.01,96.5,97.53,7396223
2020-06-10 04:00:00+00:00,98.23,99.9,98.05,99.16,12291472
2020-06-11 04:00:00+00:00,97.43,97.58,93.44,93.47,20070743
2020-06-12 04:00:00+00:00,95.98,96.45,93.03,94.68,21803779
2020-06-15 04:00:00+00:00,92.96,96.02,92.65,95.6,15027717
2020-06-16 04:00:00+00:00,97.88,98.47,96.12,97.63,14083166
2020-06-17 04:00:00+00:00,98.19,98.54,97.45,97.67,8779074
2020-06-18 04:00:00+00:00,97.43,98.16,97.22,98.05,6954987
2020-06-19 04:00:00+00:00,99.23,99.35,96.91,97.38,15995364
2020-06-22 04:00:00+00:00,97.5,99.3,97.35,99.21,7436893
2020-06-23 04:00:00+00:00,100.1,101.07,99.78,99.93,9594251
2020-06-24 04:00:00+00:00,99.52,100.07,97.14,97.67,12823505
2020-06-25 04:00:00+00:00,97.82,99.03,96.76,98.92,10494028
2020-06-26 04:00:00+00:00,98.73,98.88,96.68,96.97,23098189
2020-06-29 04:00:00+00:00,96.97,98.05,95.8,98.04,9371780
2020-06-30 04:00:00+00:00,98.05,100.19,97.91,99.79,8444861
2020-07-01 04:00:00+00:00,99.86,100.54,99.4,99.97,12752230
2020-07-02 04:00:00+00:00,100.9,101.45,100.33,100.54,10289718
2020-07-06 04:00:00+00:00,101.84,102.77,101.78,102.3,8621671
2020-07-07 04:00:00+00:00,102.18,103.21,101.12,101.23,8619362
2020-07-08 04:00:00+00:00,102.03,102.89,101.48,102.86,6960243
2020-07-09 04:00:00+00:00,103.72,103.74,101.77,103.25,8922893
2020-07-10 04:00:00+00:00,103.01,103.27,102.0,103.22,7409598
2020-07-13 04:00:00+00:00,104.1,104.79,100.83,101.09,14754459
2020-07-14 04:00:00+00:00,100.28,102.39,99.21,102.25,15083350
2020-07-15 04:00:00+00:00,103.18,103.69,101.6,102.8,12060479
2020-07-16 04:00:00+00:00,101.7,101.99,100.75,101.53,8656544
2020-07-17 04:00:00+00:00,102.13,102.32,101.09,102.03,6556405
2020-07-20 04:00:00+00:00,102.32,104.88,101.74,104.6,9118402
2020-07-21 04:00:00+00:00,105.38,105.42,103.2,103.59,9468587
2020-07-22 04:00:00+00:00,103.68,104.74,103.59,104.44,7582809
2020-07-23 04:00:00+00:00,103.86,104.55,101.24,101.7,11764097
2020-07-24 04:00:00+00:00,100.0,101.13,98.82,100.52,11561672
2020-07-27 04:00:00+00:00,101.08,102.16,100.88,102.06,8573380
2020-07-28 04:00:00+00:00,101.74,102.06,100.79,100.86,8989464
2020-07-29 04:00:00+00:00,101.25,102.6,101.25,102.32,6666527
2020-07-30 04:00:00+00:00,101.4,102.96,100.85,102.9,10958808
2020-07-31 04:00:00+00:00,104.52,105.5,102.82,105.47,12943815
2020-08-03 04:00:00+00:00,106.9,108.41,106.85,108.06,12754874
2020-08-04 04:00:00+00:00,107.84,108.35,107.37,108.34,9948849
2020-08-05 04:00:00+00:00,108.69,108.99,108.2,108.74,7262814
2020-08-06 04:00:00+00:00,108.66,110.38,108.41,110.27,9171242
2020-08-07 04:00:00+00:00,109.83,109.84,107.77,108.65,17002583
2020-08-10 04:00:00+00:00,108.84,109.02,106.86,108.32,9216572
2020-08-11 04:00:00+00:00,107.97,108.43,106.15,106.37,9575797
2020-08-12 04:00:00+00:00,107.23,109.07,107.1,108.79,7209190
2020-08-13 04:00:00+00:00,108.94,109.75,108.45,108.84,5806775
2020-08-14 04:00:00+00:00,108.89,109.08,108.16,108.75,4244855
2020-08-17 04:00:00+00:00,109.42,109.74,109.29,109.51,4212581
2020-08-18 04:00:00+00:00,109.7,110.19,108.97,109.9,4500413
2020-08-19 04:00:00+00:00,110.18,110.66,109.58,109.85,7548828
2020-08-20 04:00:00+00:00,109.35,111.45,109.24,111.23,6537916
2020-08-21 04:00:00+00:00,111.33,112.76,111.27,112.61,7758691
2020-08-24 04:00:00+00:00,114.26,114.3,112.67,113.61,8949898
2020-08-25 04:00:00+00:00,113.36,114.23,113.18,114.19,10182779
2020-08-26 04:00:00+00:00,115.38,116.81,115.12,116.51,8407129
2020-08-27 04:00:00+00:00,116.99,117.53,115.55,116.6,9172624
2020-08-28 04:00:00+00:00,117.06,118.01,116.91,117.62,6725827
2020-08-31 04:00:00+00:00,118.09,118.76,117.36,117.92,9806559
2020-09-01 04:00:00+00:00,119.06,120.4,118.31,120.28,14277184
2020-09-02 04:00:00+00:00,121.97,121.98,119.2,121.45,21410390
2020-09-03 04:00:00+00:00,119.38,119.48,113.46,114.41,28630041
2020-09-04 04:00:00+00:00,113.77,115.39,107.97,112.79,32704237
2020-09-08 04:00:00+00:00,108.52,111.1,107.52,107.71,24232454
2020-09-09 04:00:00+00:00,110.34,112.31,109.13,111.23,18678439
2020-09-10 04:00:00+00:00,112.73,112.93,108.05,108.71,16165208
2020-09-11 04:00:00+00:00,109.74,110.16,106.51,107.89,20756565
2020-09-14 04:00:00+00:00,109.68,110.74,109.16,110.15,13352476
2020-09-15 04:00:00+00:00,111.83,112.03,110.49,111.24,9214810
2020-09-16 04:00:00+00:00,111.73,111.88,109.41,109.52,9900317
2020-09-17 04:00:00+00:00,106.96,109.36,106.78,108.61,15308131
2020-09-18 04:00:00+00:00,108.79,108.98,105.42,106.74,21139516
2020-09-21 04:00:00+00:00,104.81,107.67,104.44,107.65,19282097
2020-09-22 04:00:00+00:00,108.84,109.61,106.99,109.33,12979105
2020-09-23 04:00:00+00:00,109.39,109.49,105.59,105.92,11950983
2020-09-24 04:00:00+00:00,104.93,107.83,104.8,106.51,17864428
2020-09-25 04:00:00+00:00,106.57,109.39,105.9,109.06,9753731
2020-09-28 04:00:00+00:00,110.87,111.16,109.95,111.15,8838009
2020-09-29 04:00:00+00:00,111.0,111.47,110.53,110.77,14465004
2020-09-30 04:00:00+00:00,110.72,112.84,110.67,111.62,11272924
2020-10-01 04:00:00+00:00,113.25,113.41,112.16,112.88,15619865
2020-10-02 04:00:00+00:00,110.25,111.93,109.58,109.91,20819344
2020-10-05 04:00:00+00:00,110.8,112.5,110.73,112.43,6240376
2020-10-06 04:00:00+00:00,112.16,113.22,110.29,110.69,15420638
2020-10-07 04:00:00+00:00,111.84,112.94,111.75,112.72,6558145
2020-10-08 04:00:00+00:00,113.7,113.7,112.92,113.3,5123836
2020-10-09 04:00:00+00:00,113.84,115.06,113.81,115.03,7293472
2020-10-12 04:00:00+00:00,116.73,118.95,116.14,118.17,9681411
2020-10-13 04:00:00+00:00,118.55,118.77,116.97,117.4,8878029
2020-10-14 04:00:00+00:00,117.7,118.32,115.92,116.79,7357470
2020-10-15 04:00:00+00:00,114.86,116.5,114.55,116.27,6670879
2020-10-16 04:00:00+00:00,116.91,117.38,115.83,115.83,5844388
2020-10-19 04:00:00+00:00,116.52,116.96,113.45,113.81,8471129
2020-10-20 04:00:00+00:00,114.24,115.41,113.5,114.2,7389293
2020-10-21 04:00:00+00:00,113.92,115.12,113.77,114.03,6131288
2020-10-22 04:00:00+00:00,114.08,114.45,112.19,113.49,6803706
2020-10-23 04:00:00+00:00,113.65,113.67,112.42,113.37,5213477
2020-10-26 04:00:00+00:00,112.11,113.01,109.53,110.91,9207261
2020-10-27 04:00:00+00:00,111.44,111.93,110.83,111.46,9603269
2020-10-28 04:00:00+00:00,109.35,109.41,106.55,106.73,16564910
2020-10-29 04:00:00+00:00,107.15,109.77,107.08,108.51,9931529
2020-10-30 04:00:00+00:00,106.99,107.66,104.88,106.22,13030438
2020-11-02 05:00:00+00:00,106.93,107.8,105.36,106.38,12093270
2020-11-03 05:00:00+00:00,107.21,109.21,106.77,108.26,11954418
2020-11-04 05:00:00+00:00,111.55,113.31,110.43,112.47,15962958
2020-11-05 05:00:00+00:00,115.42,116.3,114.95,116.09,11316242
2020-11-06 05:00:00+00:00,115.68,116.75,114.1,116.37,9806160
2020-11-09 05:00:00+00:00,118.95,119.99,115.42,115.53,21000272
2020-11-10 05:00:00+00:00,114.53,115.33,112.46,113.33,11862507
2020-11-11 05:00:00+00:00,114.53,116.38,114.3,116.07,7325276
2020-11-12 05:00:00+00:00,116.07,116.64,114.49,115.03,7319087
2020-11-13 05:00:00+00:00,115.9,116.25,114.81,116.01,6064763
2020-11-16 05:00:00+00:00,116.02,117.34,115.78,117.13,7531712
2020-11-17 05:00:00+00:00,116.54,117.11,115.98,116.43,5052644
2020-11-18 05:00:00+00:00,116.28,116.83,115.19,115.23,4845926
2020-11-19 05:00:00+00:00,115.0,116.37,114.5,116.16,6145493
2020-11-20 05:00:00+00:00,116.27,116.3,114.93,114.97,5045996
2020-11-23 05:00:00+00:00,115.32,116.08,113.94,114.94,4968516
2020-11-24 05:00:00+00:00,115.38,116.76,114.54,116.54,6939790
2020-11-25 05:00:00+00:00,116.94,117.27,116.34,116.78,6228632
2020-11-27 05:00:00+00:00,117.41,117.9,117.19,117.41,3545799
2020-11-30 05:00:00+00:00,117.37,118.36,116.04,118.19,18544880
2020-12-01 05:00:00+00:00,119.17,120.36,118.67,119.76,13554297
2020-12-02 05:00:00+00:00,119.2,119.66,118.3,119.52,8195043
2020-12-03 05:00:00+00:00,119.66,120.25,119.12,119.44,6970683
2020-12-04 05:00:00+00:00,119.62,120.66,119.36,120.64,5253584
2020-12-07 05:00:00+00:00,120.71,121.34,120.5,120.99,4508127
2020-12-08 05:00:00+00:00,120.87,121.76,120.35,121.38,4001004
2020-12-09 05:00:00+00:00,121.3,121.66,118.64,119.05,8796182
2020-12-10 05:00:00+00:00,118.32,119.79,118.05,119.22,5059641
2020-12-11 05:00:00+00:00,118.51,118.98,117.64,118.98,6664117
2020-12-14 05:00:00+00:00,119.34,120.48,119.26,119.41,5639366
2020-12-15 05:00:00+00:00,120.7,121.4,119.92,121.4,4658110
2020-12-16 05:00:00+00:00,121.52,122.65,121.16,122.22,5242141
2020-12-17 05:00:00+00:00,123.11,123.46,122.6,123.19,5963563
2020-12-18 05:00:00+00:00,123.37,123.39,121.97,122.81,9140784
2020-12-21 05:00:00+00:00,121.2,122.94,120.12,122.9,7675097
2020-12-22 05:00:00+00:00,123.56,124.5,122.99,123.94,7411168
2020-12-23 05:00:00+00:00,124.09,124.18,122.82,123.0,7166115
2020-12-24 05:00:00+00:00,123.21,124.13,123.13,123.82,2328080
2020-12-28 05:00:00+00:00,125.05,125.47,124.46,125.22,4174735
2020-12-29 05:00:00+00:00,125.9,126.06,124.4,124.63,4460124
2020-12-30 05:00:00+00:00,125.06,125.32,124.38,124.56,4105241
2020-12-31 05:00:00+00:00,124.62,125.1,123.73,124.75,5625122
2021-01-04 05:00:00+00:00,125.37,125.4,121.11,122.71,10595746
2021-01-05 05:00:00+00:00,122.43,123.7,122.35,123.5,6314755
2021-01-06 05:00:00+00:00,121.74,123.74,121.0,121.37,15633225
2021-01-07 05:00:00+00:00,122.54,124.88,122.5,124.64,11282502
2021-01-08 05:00:00+00:00,125.26,125.79,124.03,125.45,6243538
2021-01-11 05:00:00+00:00,124.23,125.3,123.9,124.41,11271920
2021-01-12 05:00:00+00:00,124.31,124.42,122.64,123.82,8621884
2021-01-13 05:00:00+00:00,123.98,124.99,123.74,124.61,8164681
2021-01-14 05:00:00+00:00,124.94,125.17,123.33,123.51,9230099
2021-01-15 05:00:00+00:00,123.33,123.88,122.0,122.25,6712444
2021-01-19 05:00:00+00:00,123.09,124.05,122.66,123.84,5840286
2021-01-20 05:00:00+00:00,124.79,126.74,124.62,126.29,5977580
2021-01-21 05:00:00+00:00,126.98,128.35,126.29,127.93,4554582
2021-01-22 05:00:00+00:00,127.39,128.08,127.13,127.44,7719740
2021-01-25 05:00:00+00:00,128.88,129.32,125.39,128.57,10409420
2021-01-26 05:00:00+00:00,128.95,129.15,128.1,128.59,4358818
2021-01-27 05:00:00+00:00,127.97,128.39,125.02,126.16,12514081
2021-01-28 05:00:00+00:00,126.8,128.79,126.37,126.68,8226261
2021-01-29 05:00:00+00:00,126.04,126.54,123.02,123.69,9637762
2021-02-01 05:00:00+00:00,125.16,127.41,124.24,126.79,5730387
2021-02-02 05:00:00+00:00,128.02,128.88,127.84,128.51,4373150
2021-02-03 05:00:00+00:00,128.77,129.04,127.69,128.07,7115585
2021-02-04 05:00:00+00:00,128.76,130.11,128.39,130.11,4141164
2021-02-05 05:00:00+00:00,130.51,130.53,129.45,129.82,5753488
2021-02-08 05:00:00+00:00,130.35,131.24,130.17,131.19,7016799
2021-02-09 05:00:00+00:00,130.84,131.66,130.8,131.03,5345135
2021-02-10 05:00:00+00:00,131.56,131.72,129.73,130.84,4781102
2021-02-11 05:00:00+00:00,131.62,132.37,131.22,132.28,3884174
2021-02-12 05:00:00+00:00,131.94,133.05,131.57,132.96,3432975
2021-02-16 05:00:00+00:00,133.49,133.59,132.19,132.53,4956110
2021-02-17 05:00:00+00:00,131.31,131.65,130.04,131.36,8707900
2021-02-18 05:00:00+00:00,130.0,130.94,129.07,130.72,5566822
2021-02-19 05:00:00+00:00,131.39,131.5,129.94,130.53,5699965
2021-02-22 05:00:00+00:00,128.92,129.35,127.57,127.65,7214082
2021-02-23 05:00:00+00:00,125.53,128.08,123.39,127.29,12149116
2021-02-24 05:00:00+00:00,126.34,129.35,125.37,129.24,8364269
2021-02-25 05:00:00+00:00,128.09,128.94,124.16,124.7,18414366
2021-02-26 05:00:00+00:00,125.96,127.31,124.27,125.28,18088536
2021-03-01 05:00:00+00:00,127.51,129.5,126.71,129.4,13552606
2021-03-02 05:00:00+00:00,129.6,129.69,127.18,127.37,12272307
2021-03-03 05:00:00+00:00,126.75,127.12,124.03,124.12,15942746
2021-03-04 05:00:00+00:00,123.77,124.68,119.89,121.42,39502047
2021-03-05 05:00:00+00:00,122.94,124.06,119.65,123.71,23244395
2021-03-08 05:00:00+00:00,123.6,124.19,120.6,120.72,17833538
2021-03-09 05:00:00+00:00,123.54,125.59,123.38,124.83,11749521
2021-03-10 05:00:00+00:00,126.17,126.19,124.23,124.33,9338383
2021-03-11 05:00:00+00:00,126.2,127.77,125.93,127.02,6790014
2021-03-12 05:00:00+00:00,125.47,126.11,124.66,126.07,6320879
2021-03-15 04:00:00+00:00,126.17,127.49,125.67,127.42,10713280
2021-03-16 04:00:00+00:00,128.4,129.6,127.83,128.38,6857754
2021-03-17 04:00:00+00:00,127.34,129.04,126.37,128.27,10805456
2021-03-18 04:00:00+00:00,126.52,126.73,124.56,124.71,8923625
2021-03-19 04:00:00+00:00,124.74,125.29,123.74,124.34,14047346
2021-03-22 04:00:00+00:00,125.0,127.4,124.8,126.78,8115304
2021-03-23 04:00:00+00:00,127.13,127.69,125.66,125.99,6615833
2021-03-24 04:00:00+00:00,126.75,126.78,124.45,124.47,7218170
2021-03-25 04:00:00+00:00,123.72,124.95,122.79,124.49,12247173
2021-03-26 04:00:00+00:00,124.32,127.69,124.27,127.55,7751453
2021-03-29 04:00:00+00:00,127.17,127.52,125.93,126.89,8770643
2021-03-30 04:00:00+00:00,125.99,126.13,124.93,125.69,6692853
2021-03-31 04:00:00+00:00,126.65,128.46,126.54,127.69,7922404
2021-04-01 04:00:00+00:00,129.08,130.26,128.96,130.25,7451467
2021-04-05 04:00:00+00:00,131.01,133.18,130.84,132.94,6632448
2021-04-06 04:00:00+00:00,132.73,133.17,131.94,132.38,5777190
2021-04-07 04:00:00+00:00,132.27,133.32,131.79,133.08,5112070
2021-04-08 04:00:00+00:00,134.33,135.03,134.1,135.0,7072277
2021-04-09 04:00:00+00:00,134.51,136.34,134.27,136.3,4792632
2021-04-12 04:00:00+00:00,135.74,136.08,134.98,135.65,7953528
2021-04-13 04:00:00+00:00,136.17,137.03,135.92,136.93,5658115
2021-04-14 04:00:00+00:00,136.91,136.97,135.21,135.47,5608105
2021-04-15 04:00:00+00:00,136.71,137.91,136.69,137.8,5514431
2021-04-16 04:00:00+00:00,137.91,138.03,137.19,137.77,5847789
2021-04-19 04:00:00+00:00,137.16,137.79,135.81,136.63,5127325
2021-04-20 04:00:00+00:00,136.34,136.93,134.66,135.42,4936743
2021-04-21 04:00:00+00:00,135.18,136.83,134.8,136.78,4701461
2021-04-22 04:00:00+00:00,136.54,137.13,134.58,135.18,5910342
2021-04-23 04:00:00+00:00,135.43,137.63,135.4,137.19,4700148
2021-04-26 04:00:00+00:00,137.24,138.04,137.15,137.9,3933383
2021-04-27 04:00:00+00:00,138.12,138.22,137.07,137.56,5471662
2021-04-28 04:00:00+00:00,136.76,136.94,135.95,136.28,5407524
2021-04-29 04:00:00+00:00,137.4,137.57,134.78,136.17,6708280
2021-04-30 04:00:00+00:00,134.78,135.51,133.99,134.31,5360048
2021-05-03 04:00:00+00:00,135.03,135.3,133.59,133.94,5402870
2021-05-04 04:00:00+00:00,132.94,132.97,130.07,131.53,11046181
2021-05-05 04:00:00+00:00,132.61,132.8,130.96,131.21,5622132
2021-05-06 04:00:00+00:00,131.16,132.61,130.21,132.53,7169589
2021-05-07 04:00:00+00:00,133.86,134.45,133.09,133.67,9771364
2021-05-10 04:00:00+00:00,133.02,133.09,130.24,130.29,10142274
2021-05-11 04:00:00+00:00,127.8,130.17,127.49,129.9,14391928
2021-05-12 04:00:00+00:00,127.98,128.69,125.91,126.24,14707256
2021-05-13 04:00:00+00:00,127.63,129.07,127.06,127.92,11307520
2021-05-14 04:00:00+00:00,129.35,131.18,129.1,130.73,8410122
2021-05-17 04:00:00+00:00,129.96,130.0,128.59,129.77,8253201
2021-05-18 04:00:00+00:00,130.15,130.42,128.65,128.73,6078910
2021-05-19 04:00:00+00:00,126.73,129.28,126.43,129.2,15487281
2021-05-20 04:00:00+00:00,129.71,132.09,129.69,131.66,8608427
2021-05-21 04:00:00+00:00,132.33,132.45,130.82,130.94,7180829
2021-05-24 04:00:00+00:00,132.02,133.72,131.95,133.26,6797259
2021-05-25 04:00:00+00:00,133.8,134.11,133.0,133.3,5766096
2021-05-26 04:00:00+00:00,133.49,133.88,132.86,133.29,6792390
2021-05-27 04:00:00+00:00,133.18,133.72,132.56,132.59,5801848
2021-05-28 04:00:00+00:00,133.26,133.83,132.99,133.06,4681251
2021-06-01 04:00:00+00:00,133.66,133.8,132.17,132.41,6687067
2021-06-02 04:00:00+00:00,132.68,133.86,132.43,133.32,5168043
2021-06-03 04:00:00+00:00,132.24,132.77,131.27,132.08,6480356
2021-06-04 04:00:00+00:00,132.89,134.77,132.89,134.62,5738804
2021-06-07 04:00:00+00:00,134.5,134.74,133.93,134.59,5964533
2021-06-08 04:00:00+00:00,135.23,135.8,134.22,134.6,4497670
2021-06-09 04:00:00+00:00,135.25,135.48,134.62,134.69,4940775
2021-06-10 04:00:00+00:00,134.97,136.02,134.49,135.69,5654783
2021-06-11 04:00:00+00:00,135.86,136.49,135.73,136.49,6962972
2021-06-14 04:00:00+00:00,136.63,137.89,136.07,137.88,6950695
2021-06-15 04:00:00+00:00,137.77,137.77,136.78,137.03,7650697
2021-06-16 04:00:00+00:00,137.29,137.55,134.95,136.29,9764311
2021-06-17 04:00:00+00:00,135.9,138.43,135.9,137.87,7952458
2021-06-18 04:00:00+00:00,137.2,137.74,136.44,136.61,10770042
2021-06-21 04:00:00+00:00,136.67,138.15,135.78,138.07,6164233
2021-06-22 04:00:00+00:00,137.98,139.4,137.83,139.32,4725171
2021-06-23 04:00:00+00:00,139.34,139.66,138.86,139.17,4193954
2021-06-24 04:00:00+00:00,140.07,140.47,139.77,140.05,6174372
2021-06-25 04:00:00+00:00,140.17,140.28,139.65,139.88,7331918
2021-06-28 04:00:00+00:00,140.46,141.51,140.43,141.35,6298425
2021-06-29 04:00:00+00:00,141.42,142.44,141.1,142.38,4989492
2021-06-30 04:00:00+00:00,142.16,142.57,141.78,142.22,5587745
2021-07-01 04:00:00+00:00,142.03,142.46,141.5,142.46,5982256
2021-07-02 04:00:00+00:00,143.15,144.49,143.11,144.34,6572093
2021-07-06 04:00:00+00:00,144.65,145.57,143.5,144.89,6356429
2021-07-07 04:00:00+00:00,145.82,145.98,144.52,145.68,7694119
2021-07-08 04:00:00+00:00,143.39,144.7,142.74,144.3,8788817
2021-07-09 04:00:00+00:00,144.13,145.77,143.92,145.63,5048274
2021-07-12 04:00:00+00:00,146.21,146.28,145.28,145.75,4968856
2021-07-13 04:00:00+00:00,145.5,147.4,145.37,146.35,7862307
2021-07-14 04:00:00+00:00,147.52,148.18,146.78,147.42,6489852
2021-07-15 04:00:00+00:00,147.25,147.37,145.43,146.21,6361306
2021-07-16 04:00:00+00:00,146.5,147.19,144.62,144.77,7647516
2021-07-19 04:00:00+00:00,143.04,143.44,141.94,142.77,12126987
2021-07-20 04:00:00+00:00,143.48,145.69,142.66,144.89,7357765
2021-07-21 04:00:00+00:00,144.83,146.32,144.56,146.29,6220007
2021-07-22 04:00:00+00:00,146.6,147.48,146.6,147.37,4789080
2021-07-23 04:00:00+00:00,148.02,148.9,147.49,148.83,6451582
2021-07-26 04:00:00+00:00,148.45,149.02,147.9,148.75,4547050
2021-07-27 04:00:00+00:00,148.57,148.62,145.49,147.35,9185593
2021-07-28 04:00:00+00:00,147.4,147.94,145.76,147.16,6970581
2021-07-29 04:00:00+00:00,147.01,148.35,146.99,147.85,6015348
2021-07-30 04:00:00+00:00,146.9,147.91,146.87,147.75,5167369
2021-08-02 04:00:00+00:00,148.42,148.62,147.02,147.22,6226996
2021-08-03 04:00:00+00:00,147.49,148.24,146.3,148.17,5453945
2021-08-04 04:00:00+00:00,148.05,148.83,147.58,148.46,5747069
2021-08-05 04:00:00+00:00,148.73,149.33,148.29,149.28,3404404
2021-08-06 04:00:00+00:00,148.76,149.33,148.72,149.16,3903389
2021-08-09 04:00:00+00:00,149.33,149.6,148.53,148.68,3653951
2021-08-10 04:00:00+00:00,148.95,149.08,147.18,147.61,5264198
2021-08-11 04:00:00+00:00,148.12,148.39,146.87,147.63,5474826
2021-08-12 04:00:00+00:00,147.47,148.56,146.87,148.47,3580360
2021-08-13 04:00:00+00:00,148.57,149.32,148.41,149.28,2898709
2021-08-16 04:00:00+00:00,148.93,149.98,147.66,149.96,4809473
2021-08-17 04:00:00+00:00,149.04,149.28,147.79,148.71,10428846
2021-08-18 04:00:00+00:00,148.37,149.03,146.5,146.66,6862902
2021-08-19 04:00:00+00:00,145.85,148.65,145.64,148.1,9808840
2021-08-20 04:00:00+00:00,148.66,150.14,148.3,150.01,7540047
2021-08-23 04:00:00+00:00,150.4,152.16,150.39,151.94,5528966
2021-08-24 04:00:00+00:00,152.13,152.31,151.63,151.77,4768512
2021-08-25 04:00:00+00:00,152.12,152.53,151.43,151.68,4814584
2021-08-26 04:00:00+00:00,151.5,151.81,150.6,150.73,6098876
2021-08-27 04:00:00+00:00,150.86,152.29,150.6,152.18,7043133
2021-08-30 04:00:00+00:00,152.63,154.0,152.63,153.82,5078442
2021-08-31 04:00:00+00:00,153.92,153.96,152.72,153.01,11087097
2021-09-01 04:00:00+00:00,153.54,154.23,152.92,153.05,11041061
2021-09-02 04:00:00+00:00,153.62,153.82,152.27,152.89,11713901
2021-09-03 04:00:00+00:00,152.7,153.9,152.65,153.49,11457767
2021-09-07 04:00:00+00:00,153.68,153.86,152.8,153.53,10711279
2021-09-08 04:00:00+00:00,153.51,153.56,151.85,152.94,5791373
2021-09-09 04:00:00+00:00,153.05,153.58,152.24,152.37,5659839
2021-09-10 04:00:00+00:00,153.21,153.59,150.71,150.86,8611181
2021-09-13 04:00:00+00:00,152.01,152.4,149.92,150.91,11376365
2021-09-14 04:00:00+00:00,151.56,151.86,150.31,150.72,9301254
2021-09-15 04:00:00+00:00,151.23,152.16,150.38,152.04,8242103
2021-09-16 04:00:00+00:00,151.5,152.28,150.56,152.12,8117838
2021-09-17 04:00:00+00:00,151.73,151.74,149.53,149.75,11480614
2021-09-20 04:00:00+00:00,147.56,148.31,145.06,147.03,18961599
2021-09-21 04:00:00+00:00,147.92,148.29,146.52,147.08,9326010
2021-09-22 04:00:00+00:00,147.89,149.68,147.23,149.1,14163773
2021-09-23 04:00:00+00:00,149.87,151.46,149.41,151.1,9850654
2021-09-24 04:00:00+00:00,150.18,151.46,150.11,151.2,5826227
2021-09-27 04:00:00+00:00,149.93,150.28,148.78,149.74,7576505
2021-09-28 04:00:00+00:00,147.82,148.16,145.18,145.3,19240023
2021-09-29 04:00:00+00:00,145.9,146.66,144.87,145.12,12505979
2021-09-30 04:00:00+00:00,145.97,146.59,144.0,144.07,16819393
2021-10-01 04:00:00+00:00,144.6,146.56,143.13,146.25,24201280
2021-10-04 04:00:00+00:00,145.41,145.57,141.72,142.86,26443587
2021-10-05 04:00:00+00:00,143.15,145.72,143.01,144.89,17912971
2021-10-06 04:00:00+00:00,143.23,145.95,142.75,145.84,21477872
2021-10-07 04:00:00+00:00,147.1,148.31,146.9,147.17,9947806
2021-10-08 04:00:00+00:00,147.74,147.85,146.38,146.62,9277045
2021-10-11 04:00:00+00:00,145.97,147.77,145.71,145.81,7578181
2021-10-12 04:00:00+00:00,146.38,146.56,144.82,145.06,8989379
2021-10-13 04:00:00+00:00,145.69,146.26,144.74,145.95,9833842
2021-10-14 04:00:00+00:00,147.43,149.3,147.22,149.24,7600209
2021-10-15 04:00:00+00:00,149.76,150.46,149.3,150.43,6388972
2021-10-18 04:00:00+00:00,149.59,151.78,149.18,151.71,5951271
2021-10-19 04:00:00+00:00,152.11,153.21,151.8,153.21,6721994
2021-10-20 04:00:00+00:00,153.36,153.58,152.12,152.79,6082272
2021-10-21 04:00:00+00:00,152.32,153.46,152.01,153.38,5100507
2021-10-22 04:00:00+00:00,153.32,153.95,152.21,152.85,6270356
2021-10-25 04:00:00+00:00,153.42,153.9,152.75,153.35,5188631
2021-10-26 04:00:00+00:00,154.38,155.03,153.7,153.78,6630713
2021-10-27 04:00:00+00:00,154.04,154.82,153.49,153.65,9602036
2021-10-28 04:00:00+00:00,154.58,155.31,154.29,155.19,6510193
2021-10-29 04:00:00+00:00,153.67,155.95,153.48,155.86,10151185
2021-11-01 04:00:00+00:00,155.86,155.93,154.83,155.62,13529479
2021-11-02 04:00:00+00:00,155.84,157.38,155.84,156.99,14873244
2021-11-03 04:00:00+00:00,157.26,158.24,156.35,157.91,14392928
2021-11-04 04:00:00+00:00,158.51,160.77,158.23,160.38,15885893
2021-11-05 04:00:00+00:00,161.56,162.12,160.21,161.21,14590696
2021-11-08 05:00:00+00:00,161.73,162.36,161.36,162.08,6422163
2021-11-09 05:00:00+00:00,162.32,162.49,160.59,161.41,8488164
2021-11-10 05:00:00+00:00,160.17,160.97,158.27,158.75,14608242
2021-11-11 05:00:00+00:00,159.89,159.96,159.23,159.49,5159185
2021-11-12 05:00:00+00:00,160.02,161.7,159.75,161.43,6219413
2021-11-15 05:00:00+00:00,162.08,162.31,160.35,161.27,6347056
2021-11-16 05:00:00+00:00,161.08,163.19,160.98,162.97,6877832
2021-11-17 05:00:00+00:00,162.65,163.5,161.96,162.47,7804062
2021-11-18 05:00:00+00:00,163.41,164.33,162.23,164.1,10946629
2021-11-19 05:00:00+00:00,164.68,165.92,164.13,165.29,8930750
2021-11-22 05:00:00+00:00,165.94,168.13,163.35,163.45,14364039
2021-11-23 05:00:00+00:00,162.82,163.59,161.01,163.07,14811101
2021-11-24 05:00:00+00:00,162.1,164.3,161.31,164.26,9210580
2021-11-26 05:00:00+00:00,161.92,163.17,159.52,160.16,12553059
2021-11-29 05:00:00+00:00,162.54,164.6,162.03,164.16,12646674
2021-11-30 05:00:00+00:00,163.55,165.04,161.4,162.79,27284508
2021-12-01 05:00:00+00:00,164.51,165.76,160.42,160.56,19728003
2021-12-02 05:00:00+00:00,159.08,162.78,158.73,162.04,23540990
2021-12-03 05:00:00+00:00,162.5,163.01,157.32,159.33,24360417
2021-12-06 05:00:00+00:00,159.79,161.33,158.13,160.84,21282932
2021-12-07 05:00:00+00:00,164.05,166.66,164.02,166.46,15645458
2021-12-08 05:00:00+00:00,166.52,167.34,165.37,167.22,13111869
2021-12-09 05:00:00+00:00,166.81,167.9,165.28,165.42,8711956
2021-12-10 05:00:00+00:00,167.15,168.95,166.66,168.74,14152450
2021-12-13 05:00:00+00:00,169.08,169.41,165.99,166.18,10721766
2021-12-14 05:00:00+00:00,164.22,165.27,161.53,163.5,13693672
2021-12-15 05:00:00+00:00,163.63,167.99,162.08,167.83,14338073
2021-12-16 05:00:00+00:00,168.46,168.73,162.11,163.07,15683571
2021-12-17 05:00:00+00:00,161.28,163.56,160.44,161.98,22708702
2021-12-20 05:00:00+00:00,159.5,160.56,158.89,160.06,16789899
2021-12-21 05:00:00+00:00,161.77,164.24,160.27,164.11,8526969
2021-12-22 05:00:00+00:00,163.88,166.37,163.45,166.25,6762427
2021-12-23 05:00:00+00:00,166.47,167.85,166.46,167.18,4932328
2021-12-27 05:00:00+00:00,167.85,170.81,167.81,170.77,6764533
2021-12-28 05:00:00+00:00,171.09,171.14,169.45,169.88,5744114
2021-12-29 05:00:00+00:00,169.94,170.71,169.14,170.02,4943027
2021-12-30 05:00:00+00:00,170.09,170.66,168.7,168.9,5341125
2021-12-31 05:00:00+00:00,168.74,169.14,168.0,168.08,5128308
2022-01-03 05:00:00+00:00,168.3,169.83,167.57,169.67,10222178
2022-01-04 05:00:00+00:00,169.96,170.14,166.61,167.88,8415010
2022-01-05 05:00:00+00:00,166.9,167.03,162.66,162.71,11845534
2022-01-06 05:00:00+00:00,161.42,163.56,160.93,161.89,12008681
2022-01-07 05:00:00+00:00,161.79,162.56,159.35,160.4,16767115
2022-01-10 05:00:00+00:00,158.02,160.64,155.92,160.43,16383918
2022-01-11 05:00:00+00:00,160.02,162.59,158.83,162.37,9806202
2022-01-12 05:00:00+00:00,163.56,164.69,162.31,163.12,9110937
2022-01-13 05:00:00+00:00,163.96,164.43,158.49,158.9,10501367
2022-01-14 05:00:00+00:00,157.81,160.34,157.81,160.24,11289787
2022-01-18 05:00:00+00:00,157.91,158.85,155.96,156.39,12426630
2022-01-19 05:00:00+00:00,156.88,158.82,154.05,154.21,12717524
2022-01-20 05:00:00+00:00,155.58,157.32,152.01,152.22,19059218
2022-01-21 05:00:00+00:00,151.85,153.6,149.15,149.19,24271026
2022-01-24 05:00:00+00:00,146.71,150.07,141.37,149.96,33796822
2022-01-25 05:00:00+00:00,147.02,149.28,144.81,146.49,24724802
2022-01-26 05:00:00+00:00,150.48,152.23,145.6,147.35,26870159
2022-01-27 05:00:00+00:00,149.74,150.53,145.81,146.34,19745476
2022-01-28 05:00:00+00:00,148.16,152.78,145.95,152.74,22163742
2022-01-31 05:00:00+00:00,152.78,156.78,152.03,156.58,14911418
2022-02-01 05:00:00+00:00,156.79,157.24,154.71,156.98,11823306
2022-02-02 05:00:00+00:00,157.32,158.52,156.26,158.26,12860354
2022-02-03 05:00:00+00:00,156.01,157.08,153.1,153.67,13973436
2022-02-04 05:00:00+00:00,152.84,155.64,152.2,154.28,14952211
2022-02-07 05:00:00+00:00,154.4,155.32,152.67,153.26,7500168
2022-02-08 05:00:00+00:00,152.78,155.57,152.42,155.15,10629850
2022-02-09 05:00:00+00:00,157.16,158.64,156.51,158.6,8928354
2022-02-10 05:00:00+00:00,155.44,158.08,153.64,154.45,15881842
2022-02-11 05:00:00+00:00,154.6,155.28,149.16,149.73,17461155
2022-02-14 05:00:00+00:00,149.33,150.89,147.94,149.68,20557498
2022-02-15 05:00:00+00:00,151.94,153.72,151.4,153.62,12243290
2022-02-16 05:00:00+00:00,152.57,153.99,150.91,153.46,10185723
2022-02-17 05:00:00+00:00,152.03,152.19,148.59,148.87,12475987
2022-02-18 05:00:00+00:00,149.38,149.6,146.23,147.36,12673884
2022-02-22 05:00:00+00:00,145.82,148.34,144.4,146.0,13503385
2022-02-23 05:00:00+00:00,147.52,147.91,142.19,142.35,18961647
2022-02-24 05:00:00+00:00,137.45,147.31,137.0,147.16,26141969
2022-02-25 05:00:00+00:00,147.43,149.26,145.62,149.21,14237191
2022-02-28 05:00:00+00:00,147.62,149.57,146.39,148.94,18282377
2022-03-01 05:00:00+00:00,148.38,149.14,144.82,145.96,14979765
2022-03-02 05:00:00+00:00,147.03,149.74,145.89,149.12,12872301
2022-03-03 05:00:00+00:00,150.38,150.39,146.59,147.34,11825307
2022-03-04 05:00:00+00:00,146.19,146.8,143.61,144.76,13396794
2022-03-07 05:00:00+00:00,144.64,145.3,139.39,139.46,16464292
2022-03-08 05:00:00+00:00,139.09,143.1,136.74,138.79,18482068
2022-03-09 05:00:00+00:00,142.56,144.94,141.42,144.28,18063099
2022-03-10 05:00:00+00:00,141.73,142.15,139.61,141.76,13743576
2022-03-11 05:00:00+00:00,143.01,143.37,139.05,139.26,10742806
2022-03-14 04:00:00+00:00,138.62,140.2,136.28,136.68,14190064
2022-03-15 04:00:00+00:00,137.76,141.55,137.3,141.27,11529849
2022-03-16 04:00:00+00:00,143.06,145.92,140.79,145.86,13620033
2022-03-17 04:00:00+00:00,145.08,147.0,144.3,146.9,9286078
2022-03-18 04:00:00+00:00,146.38,150.18,145.66,149.91,13973962
2022-03-21 04:00:00+00:00,149.1,150.41,147.65,149.62,11197648
2022-03-22 04:00:00+00:00,149.73,152.55,149.52,151.77,8753520
2022-03-23 04:00:00+00:00,150.36,151.74,149.29,149.44,6330976
2022-03-24 04:00:00+00:00,150.27,153.36,149.77,153.32,7154530
2022-03-25 04:00:00+00:00,153.56,153.77,151.32,153.23,7509735
2022-03-28 04:00:00+00:00,152.53,155.12,152.14,155.05,11830220
2022-03-29 04:00:00+00:00,156.86,158.49,155.74,158.35,9748887
2022-03-30 04:00:00+00:00,157.53,157.98,155.41,156.24,9654356
2022-03-31 04:00:00+00:00,156.22,156.51,153.69,153.92,9951070
2022-04-01 04:00:00+00:00,154.08,154.43,151.75,153.46,15335560
2022-04-04 04:00:00+00:00,153.86,156.46,153.8,156.38,11542791
2022-04-05 04:00:00+00:00,155.7,156.06,152.55,153.09,12775986
2022-04-06 04:00:00+00:00,150.54,150.89,148.14,149.47,17170719
2022-04-07 04:00:00+00:00,148.67,150.7,147.65,149.7,11670602
2022-04-08 04:00:00+00:00,149.03,149.38,147.29,147.61,13191608
2022-04-11 04:00:00+00:00,145.76,145.94,143.69,143.89,10838653
2022-04-12 04:00:00+00:00,145.67,146.77,142.71,143.25,11206254
2022-04-13 04:00:00+00:00,143.33,146.0,142.8,145.55,7408436
2022-04-14 04:00:00+00:00,145.71,145.97,141.94,142.02,8794521
2022-04-18 04:00:00+00:00,141.32,143.4,141.28,142.48,7076813
2022-04-19 04:00:00+00:00,142.12,145.41,141.6,145.16,7010869
2022-04-20 04:00:00+00:00,146.56,146.95,144.59,145.02,7928492
2022-04-21 04:00:00+00:00,146.43,147.81,142.12,142.56,9593727
2022-04-22 04:00:00+00:00,142.4,143.24,138.38,138.57,11303492
2022-04-25 04:00:00+00:00,137.96,140.75,137.1,140.65,14551584
2022-04-26 04:00:00+00:00,139.37,139.59,135.34,135.41,13294804
2022-04-27 04:00:00+00:00,136.92,140.06,136.62,137.42,20234219
2022-04-28 04:00:00+00:00,139.58,143.73,138.83,142.92,14217333
2022-04-29 04:00:00+00:00,141.36,143.01,136.7,136.96,15235018
2022-05-02 04:00:00+00:00,136.81,139.23,135.26,139.04,19276452
2022-05-03 04:00:00+00:00,139.02,140.14,138.0,139.29,13913749
2022-05-04 04:00:00+00:00,139.83,144.44,137.51,144.18,14473538
2022-05-05 04:00:00+00:00,142.06,142.23,135.61,137.24,18728968
2022-05-06 04:00:00+00:00,135.99,138.32,134.1,136.14,17948907
2022-05-09 04:00:00+00:00,133.68,134.54,130.27,130.87,20620478
2022-05-10 04:00:00+00:00,133.99,134.74,130.89,132.87,18307482
2022-05-11 04:00:00+00:00,131.66,134.16,128.27,128.67,17534929
2022-05-12 04:00:00+00:00,126.76,129.19,124.38,127.35,18407243
2022-05-13 04:00:00+00:00,129.08,132.23,128.25,131.58,12278284
2022-05-16 04:00:00+00:00,130.48,132.17,129.3,130.42,9255936
2022-05-17 04:00:00+00:00,133.22,134.4,131.71,134.19,9400326
2022-05-18 04:00:00+00:00,132.42,132.81,127.57,128.05,12102884
2022-05-19 04:00:00+00:00,127.09,128.83,126.05,126.65,10584888
2022-05-20 04:00:00+00:00,128.41,128.76,123.03,126.93,10284533
2022-05-23 04:00:00+00:00,127.33,130.01,126.93,129.84,8791470
2022-05-24 04:00:00+00:00,128.03,128.68,125.68,127.92,8826853
2022-05-25 04:00:00+00:00,127.07,130.37,126.98,129.41,6916587
2022-05-26 04:00:00+00:00,128.65,133.09,128.38,132.52,7992049
2022-05-27 04:00:00+00:00,134.0,137.03,133.75,137.0,8274832
2022-05-31 04:00:00+00:00,136.47,137.36,134.7,136.02,9736443
2022-06-01 04:00:00+00:00,137.49,138.41,134.61,135.62,6797531
2022-06-02 04:00:00+00:00,134.66,138.91,134.03,138.9,7033606
2022-06-03 04:00:00+00:00,136.26,137.2,134.95,135.58,5683132
2022-06-06 04:00:00+00:00,137.28,138.13,134.91,135.59,6410343
2022-06-07 04:00:00+00:00,134.14,137.47,133.87,137.2,5625819
2022-06-08 04:00:00+00:00,136.8,137.46,135.28,135.65,4514592
2022-06-09 04:00:00+00:00,134.67,135.98,132.0,132.03,4995081
2022-06-10 04:00:00+00:00,129.76,130.16,126.92,126.96,10691606
2022-06-13 04:00:00+00:00,122.96,124.13,120.89,121.33,18517657
2022-06-14 04:00:00+00:00,122.24,122.91,120.96,122.1,9335558
2022-06-15 04:00:00+00:00,123.62,126.51,121.94,124.67,12736082
2022-06-16 04:00:00+00:00,121.51,121.61,118.6,119.6,16716790
2022-06-17 04:00:00+00:00,119.58,121.83,118.74,120.69,14258713
2022-06-21 04:00:00+00:00,122.45,124.64,122.45,123.76,8907341
2022-06-22 04:00:00+00:00,122.41,124.95,122.07,123.24,7753466
2022-06-23 04:00:00+00:00,124.3,125.32,123.16,125.08,8143078
2022-06-24 04:00:00+00:00,126.52,129.61,126.52,129.58,12774178
2022-06-27 04:00:00+00:00,130.0,130.38,128.12,128.71,7098650
2022-06-28 04:00:00+00:00,128.82,130.1,124.79,124.85,7775144
2022-06-29 04:00:00+00:00,124.7,125.85,123.69,125.1,6904217
2022-06-30 04:00:00+00:00,123.44,124.99,121.48,123.43,8056414
2022-07-01 04:00:00+00:00,122.66,124.03,121.6,123.71,7106414
2022-07-05 04:00:00+00:00,122.03,125.3,121.34,125.27,7378901
2022-07-06 04:00:00+00:00,125.54,127.36,124.92,126.35,8389564
2022-07-07 04:00:00+00:00,126.9,129.25,126.9,128.96,7773781
2022-07-08 04:00:00+00:00,127.58,129.43,127.18,129.02,6402453
2022-07-11 04:00:00+00:00,127.89,128.44,126.37,127.24,5848039
2022-07-12 04:00:00+00:00,127.71,128.42,124.76,125.5,8378572
2022-07-13 04:00:00+00:00,123.14,125.98,122.6,125.17,7880463
2022-07-14 04:00:00+00:00,124.17,126.76,122.57,126.32,7027112
2022-07-15 04:00:00+00:00,127.53,128.6,127.0,128.54,6901831
2022-07-18 04:00:00+00:00,129.8,130.27,126.81,127.3,5057649
2022-07-19 04:00:00+00:00,128.72,131.32,127.94,131.18,6473249
2022-07-20 04:00:00+00:00,131.2,133.78,130.85,133.23,6395305
2022-07-21 04:00:00+00:00,133.4,135.13,132.01,135.1,6668867
2022-07-22 04:00:00+00:00,135.05,135.6,132.47,133.24,5402422
2022-07-25 04:00:00+00:00,133.18,133.33,131.4,132.4,7361892
2022-07-26 04:00:00+00:00,132.29,132.33,129.76,130.25,5223453
2022-07-27 04:00:00+00:00,132.4,136.56,132.2,135.85,8724382
2022-07-28 04:00:00+00:00,136.01,138.23,134.79,137.92,6294147
2022-07-29 04:00:00+00:00,138.35,140.47,137.76,140.04,5200437
2022-08-01 04:00:00+00:00,138.77,141.13,138.43,139.74,6457428
2022-08-02 04:00:00+00:00,138.53,140.35,137.55,138.75,8128926
2022-08-03 04:00:00+00:00,139.43,142.83,139.4,142.44,7294314
2022-08-04 04:00:00+00:00,142.39,143.15,141.47,143.09,5939437
2022-08-05 04:00:00+00:00,140.79,143.15,140.68,142.76,3977937
2022-08-08 04:00:00+00:00,142.63,143.74,140.77,141.54,5744956
2022-08-09 04:00:00+00:00,140.4,140.68,139.37,140.12,4363542
2022-08-10 04:00:00+00:00,143.45,144.07,142.31,143.95,9902696
2022-08-11 04:00:00+00:00,144.85,145.7,143.12,143.39,6021698
2022-08-12 04:00:00+00:00,144.33,146.25,143.88,146.24,4191537
2022-08-15 04:00:00+00:00,145.66,147.38,145.49,147.16,3762742
2022-08-16 04:00:00+00:00,146.49,147.46,145.4,146.77,5907977
2022-08-17 04:00:00+00:00,145.43,146.83,144.67,145.72,6699127
2022-08-18 04:00:00+00:00,145.86,147.06,145.3,146.47,5096541
2022-08-19 04:00:00+00:00,145.27,145.45,143.49,143.81,5234049
2022-08-22 04:00:00+00:00,141.85,141.9,139.45,139.8,5594766
2022-08-23 04:00:00+00:00,139.53,140.91,139.25,139.43,7495090
2022-08-24 04:00:00+00:00,139.34,140.11,138.76,139.52,4579917
2022-08-25 04:00:00+00:00,139.88,141.89,139.7,141.88,3667513
2022-08-26 04:00:00+00:00,141.82,142.16,135.73,135.82,7606166
2022-08-29 04:00:00+00:00,134.36,135.34,133.51,134.03,6743770
2022-08-30 04:00:00+00:00,134.78,135.02,131.42,132.63,6877895
2022-08-31 04:00:00+00:00,133.42,133.85,131.27,131.34,7234580
2022-09-01 04:00:00+00:00,130.06,130.86,127.96,130.7,8141076
2022-09-02 04:00:00+00:00,132.05,132.79,128.32,129.0,8637152
2022-09-06 04:00:00+00:00,129.17,129.73,127.3,128.14,7594959
2022-09-07 04:00:00+00:00,128.39,130.72,127.96,130.19,6060985
2022-09-08 04:00:00+00:00,129.23,131.32,128.65,130.64,5743577
2022-09-09 04:00:00+00:00,131.73,133.58,131.47,133.22,6052786
2022-09-12 04:00:00+00:00,134.05,135.42,134.03,135.36,5230474
2022-09-13 04:00:00+00:00,131.49,132.23,127.82,128.17,10516972
2022-09-14 04:00:00+00:00,128.77,129.58,127.4,128.64,7078955
2022-09-15 04:00:00+00:00,127.61,128.39,124.92,125.68,7661380
2022-09-16 04:00:00+00:00,124.58,125.23,123.2,124.98,10640501
2022-09-19 04:00:00+00:00,123.73,126.11,123.65,126.0,8032438
2022-09-20 04:00:00+00:00,124.82,126.04,124.17,125.26,6286726
2022-09-21 04:00:00+00:00,125.91,127.76,123.28,123.3,8600693
2022-09-22 04:00:00+00:00,122.61,123.39,121.35,122.04,8236677
2022-09-23 04:00:00+00:00,120.93,121.12,118.86,120.45,9987500
2022-09-26 04:00:00+00:00,120.08,122.09,119.27,119.61,8893079
2022-09-27 04:00:00+00:00,121.2,122.34,118.66,119.77,9919569
2022-09-28 04:00:00+00:00,118.97,121.62,118.05,121.03,9693370
2022-09-29 04:00:00+00:00,119.3,119.57,116.49,117.88,15796797
2022-09-30 04:00:00+00:00,117.4,119.14,115.41,115.62,10084266
2022-10-03 04:00:00+00:00,116.53,119.91,116.09,119.2,8885759
2022-10-04 04:00:00+00:00,121.62,123.34,121.53,123.2,9044115
2022-10-05 04:00:00+00:00,121.54,124.51,120.83,123.61,7916283
2022-10-06 04:00:00+00:00,123.29,124.64,122.45,122.6,7309137
2022-10-07 04:00:00+00:00,120.1,120.11,116.92,117.56,8159767
2022-10-10 04:00:00+00:00,117.56,117.72,114.42,115.58,8484808
2022-10-11 04:00:00+00:00,114.92,115.71,112.96,113.81,10651221
2022-10-12 04:00:00+00:00,113.9,114.68,113.26,113.46,7467176
2022-10-13 04:00:00+00:00,110.39,117.59,109.96,116.98,19315378
2022-10-14 04:00:00+00:00,117.94,118.19,113.51,113.69,11863605
2022-10-17 04:00:00+00:00,116.48,117.74,116.16,117.16,7498126
2022-10-18 04:00:00+00:00,120.19,120.62,116.66,118.15,7242383
2022-10-19 04:00:00+00:00,117.12,118.98,116.62,117.81,5754636
2022-10-20 04:00:00+00:00,117.85,120.44,117.29,117.88,6376456
2022-10-21 04:00:00+00:00,117.59,121.28,117.19,121.03,8591396
2022-10-24 04:00:00+00:00,121.55,123.15,120.07,122.71,7025036
2022-10-25 04:00:00+00:00,123.01,125.14,123.01,125.05,5243398
2022-10-26 04:00:00+00:00,121.9,124.85,121.7,122.27,7736252
2022-10-27 04:00:00+00:00,122.73,123.47,120.59,120.88,6091411
2022-10-28 04:00:00+00:00,121.55,126.39,121.55,126.13,7671032
2022-10-31 04:00:00+00:00,124.88,125.22,123.73,124.47,6767802
2022-11-01 04:00:00+00:00,126.02,126.24,122.89,123.43,4819215
2022-11-02 04:00:00+00:00,123.34,124.92,119.12,119.16,9160136
2022-11-03 04:00:00+00:00,117.5,117.71,115.57,115.66,8386801
2022-11-04 04:00:00+00:00,118.06,118.38,115.07,117.77,9122713
2022-11-07 05:00:00+00:00,117.97,119.93,117.14,119.74,5213814
2022-11-08 05:00:00+00:00,120.73,122.35,119.1,120.89,6360973
2022-11-09 05:00:00+00:00,119.77,119.81,117.57,117.74,5981274
2022-11-10 05:00:00+00:00,123.55,127.55,122.93,127.42,13966058
2022-11-11 05:00:00+00:00,127.3,130.03,126.68,129.6,7986609
2022-11-14 05:00:00+00:00,128.58,130.09,127.87,128.49,7263280
2022-11-15 05:00:00+00:00,131.41,131.94,128.74,130.04,6358058
2022-11-16 05:00:00+00:00,129.04,129.42,127.73,128.26,5047993
2022-11-17 05:00:00+00:00,126.22,129.02,126.17,128.43,4080155
2022-11-18 05:00:00+00:00,129.88,129.92,127.49,128.58,5956157
2022-11-21 05:00:00+00:00,127.85,128.37,126.94,127.19,4181923
2022-11-22 05:00:00+00:00,127.75,129.72,126.83,129.66,4509597
2022-11-23 05:00:00+00:00,129.37,131.19,129.29,130.8,4740303
2022-11-25 05:00:00+00:00,129.92,130.44,129.67,130.04,1631466
2022-11-28 05:00:00+00:00,128.58,129.4,126.75,127.26,6520125
2022-11-29 05:00:00+00:00,127.1,127.48,125.5,126.02,5785113
2022-11-30 05:00:00+00:00,125.96,132.36,125.83,132.34,11667227
2022-12-01 05:00:00+00:00,132.47,133.16,130.89,132.53,7582905
2022-12-02 05:00:00+00:00,130.31,132.2,129.8,131.76,4466569
2022-12-05 05:00:00+00:00,130.75,131.48,128.71,129.57,5763284
2022-12-06 05:00:00+00:00,129.43,129.63,125.98,126.79,5899848
2022-12-07 05:00:00+00:00,126.34,127.12,125.25,126.15,5206945
2022-12-08 05:00:00+00:00,126.85,128.58,126.09,128.21,4482893
2022-12-09 05:00:00+00:00,127.64,129.22,126.95,127.43,5201423
2022-12-12 05:00:00+00:00,127.63,130.21,127.59,130.21,7403098
2022-12-13 05:00:00+00:00,134.95,135.62,130.41,131.75,9303753
2022-12-14 05:00:00+00:00,131.62,133.16,129.11,130.64,9770478
2022-12-15 05:00:00+00:00,128.5,128.97,125.28,125.75,9613088
2022-12-16 05:00:00+00:00,125.32,126.06,123.46,124.09,11998504
2022-12-19 05:00:00+00:00,124.1,124.3,121.62,122.43,7138284
2022-12-20 05:00:00+00:00,121.79,123.24,121.2,122.62,6311037
2022-12-21 05:00:00+00:00,123.19,125.23,122.88,124.65,7335276
2022-12-22 05:00:00+00:00,123.09,123.22,119.44,121.51,7662453
2022-12-23 05:00:00+00:00,120.64,121.75,119.75,121.63,4115658
2022-12-27 05:00:00+00:00,121.21,121.43,119.77,120.48,4765105
2022-12-28 05:00:00+00:00,120.19,121.31,118.4,118.54,5181482
2022-12-29 05:00:00+00:00,119.7,122.05,119.69,121.64,5477143
2022-12-30 05:00:00+00:00,120.38,121.55,119.63,121.48,4448545
2023-01-03 05:00:00+00:00,122.78,123.59,119.47,120.32,7598070
2023-01-04 05:00:00+00:00,120.95,121.41,119.31,120.64,5906502
2023-01-05 05:00:00+00:00,120.03,120.34,118.09,118.29,5670515
2023-01-06 05:00:00+00:00,119.34,122.31,117.93,121.76,6911623
2023-01-09 05:00:00+00:00,122.85,125.42,122.81,123.18,10713633
2023-01-10 05:00:00+00:00,122.87,124.13,122.22,123.94,8604527
2023-01-11 05:00:00+00:00,124.33,126.08,123.95,126.08,6878986
2023-01-12 05:00:00+00:00,126.28,127.6,124.74,127.02,7679335
2023-01-13 05:00:00+00:00,125.82,127.57,125.53,127.38,5074724
2023-01-17 05:00:00+00:00,127.21,128.71,127.05,127.96,5212859
2023-01-18 05:00:00+00:00,128.68,129.36,126.23,126.31,6967961
2023-01-19 05:00:00+00:00,125.32,126.03,124.38,124.83,7322513
2023-01-20 05:00:00+00:00,125.46,128.31,125.01,128.21,7063182
2023-01-23 05:00:00+00:00,128.73,131.88,128.44,131.13,11736438
2023-01-24 05:00:00+00:00,130.39,131.57,130.19,131.07,6287839
2023-01-25 05:00:00+00:00,128.86,131.13,127.66,130.8,7171147
2023-01-26 05:00:00+00:00,132.08,132.95,130.71,132.89,5580870
2023-01-27 05:00:00+00:00,132.05,134.38,131.99,133.44,6773553
2023-01-30 05:00:00+00:00,131.91,132.49,130.78,130.9,4852957
2023-01-31 05:00:00+00:00,130.9,132.78,130.81,132.72,4435803
2023-02-01 05:00:00+00:00,132.62,136.93,131.99,135.85,9426375
2023-02-02 05:00:00+00:00,138.17,140.34,137.54,139.56,9412026
2023-02-03 05:00:00+00:00,137.15,140.66,136.95,138.39,8072005
2023-02-06 05:00:00+00:00,136.86,137.94,136.19,136.71,6488729
2023-02-07 05:00:00+00:00,136.91,140.65,136.85,140.12,7854072
2023-02-08 05:00:00+00:00,140.4,141.15,138.15,138.43,6288539
2023-02-09 05:00:00+00:00,140.57,140.81,137.13,137.67,6312014
2023-02-10 05:00:00+00:00,136.65,137.51,135.74,137.04,4929486
2023-02-13 05:00:00+00:00,137.57,139.71,137.49,139.41,4205914
2023-02-14 05:00:00+00:00,138.76,140.8,137.89,140.0,6310973
2023-02-15 05:00:00+00:00,139.16,140.67,138.82,140.66,5246227
2023-02-16 05:00:00+00:00,138.62,140.19,138.11,138.22,6500646
2023-02-17 05:00:00+00:00,137.23,137.39,135.3,136.49,5301840
2023-02-21 05:00:00+00:00,134.67,135.48,133.13,133.25,6138857
2023-02-22 05:00:00+00:00,133.52,134.13,132.42,133.05,7169194
2023-02-23 05:00:00+00:00,135.53,135.77,133.36,135.26,6560208
2023-02-24 05:00:00+00:00,132.86,133.43,132.08,132.85,7173615
2023-02-27 05:00:00+00:00,134.19,134.87,133.32,133.56,4694488
2023-02-28 05:00:00+00:00,133.13,134.56,132.9,133.27,5243149
2023-03-01 05:00:00+00:00,133.33,133.54,131.88,132.29,7534677
2023-03-02 05:00:00+00:00,131.93,134.34,131.71,133.92,5485632
2023-03-03 05:00:00+00:00,134.78,136.81,134.66,136.8,7218951
2023-03-06 05:00:00+00:00,137.68,139.32,137.34,137.46,7999615
2023-03-07 05:00:00+00:00,137.35,137.88,135.41,135.75,7060055
2023-03-08 05:00:00+00:00,136.23,137.04,135.43,136.87,6623474
2023-03-09 05:00:00+00:00,137.09,138.63,134.65,134.91,7812295
2023-03-10 05:00:00+00:00,134.71,135.05,132.01,132.54,15277830
2023-03-13 04:00:00+00:00,131.71,135.1,130.89,133.26,17219730
2023-03-14 04:00:00+00:00,134.98,136.81,134.42,136.33,10601051
2023-03-15 04:00:00+00:00,134.84,136.58,134.18,136.41,11530017
2023-03-16 04:00:00+00:00,135.93,140.43,135.49,140.24,13044548
2023-03-17 04:00:00+00:00,140.51,141.72,139.22,140.04,11539264
2023-03-20 04:00:00+00:00,139.79,140.6,138.75,140.42,5990808
2023-03-21 04:00:00+00:00,141.18,141.81,139.71,141.56,6533200
2023-03-22 04:00:00+00:00,141.56,144.37,140.07,140.15,7112246
2023-03-23 04:00:00+00:00,141.94,144.35,141.09,142.43,8797909
2023-03-24 04:00:00+00:00,141.98,142.87,141.04,142.8,5936392
2023-03-27 04:00:00+00:00,143.01,143.5,141.36,141.69,5405293
2023-03-28 04:00:00+00:00,141.45,141.5,139.75,141.03,4984008
2023-03-29 04:00:00+00:00,142.8,144.31,142.59,143.98,7128293
2023-03-30 04:00:00+00:00,145.31,145.86,144.68,145.66,5601209
2023-03-31 04:00:00+00:00,145.48,147.87,145.29,147.74,7534455
2023-04-03 04:00:00+00:00,146.84,147.71,146.13,147.5,10571060
2023-04-04 04:00:00+00:00,147.72,148.23,146.14,146.69,7912365
2023-04-05 04:00:00+00:00,146.0,146.13,143.97,145.02,7868780
2023-04-06 04:00:00+00:00,143.96,146.03,143.34,145.84,7848007
2023-04-10 04:00:00+00:00,144.39,145.79,143.6,145.76,4758588
2023-04-11 04:00:00+00:00,145.51,145.53,144.15,144.39,6375397
2023-04-12 04:00:00+00:00,145.37,145.76,143.33,143.57,6617886
2023-04-13 04:00:00+00:00,144.13,146.47,143.89,146.24,6820898
2023-04-14 04:00:00+00:00,145.42,146.62,144.16,145.43,6500331
2023-04-17 04:00:00+00:00,145.62,146.28,144.82,145.96,4153188
2023-04-18 04:00:00+00:00,147.07,147.47,145.77,146.41,4606530
2023-04-19 04:00:00+00:00,145.09,146.26,144.89,145.99,4311606
2023-04-20 04:00:00+00:00,144.65,146.47,144.38,145.03,5708126
2023-04-21 04:00:00+00:00,144.39,144.82,143.62,144.56,6118774
2023-04-24 04:00:00+00:00,143.98,144.69,142.85,143.92,4539968
2023-04-25 04:00:00+00:00,143.22,143.49,140.8,140.85,5511323
2023-04-26 04:00:00+00:00,143.33,144.42,142.6,142.95,6801698
2023-04-27 04:00:00+00:00,143.62,146.08,143.27,145.98,6042384
2023-04-28 04:00:00+00:00,145.98,147.59,145.82,147.56,5893039
2023-05-01 04:00:00+00:00,147.45,148.36,147.21,147.65,4097189
2023-05-02 04:00:00+00:00,147.83,147.99,145.51,146.27,6029435
2023-05-03 04:00:00+00:00,146.45,147.4,144.97,145.04,5815099
2023-05-04 04:00:00+00:00,144.46,145.32,143.75,144.34,5430455
2023-05-05 04:00:00+00:00,145.74,148.46,145.54,147.96,6114186
2023-05-08 04:00:00+00:00,147.68,148.01,146.98,147.89,3397843
2023-05-09 04:00:00+00:00,147.07,147.35,146.59,146.75,6236700
2023-05-10 04:00:00+00:00,148.03,148.88,147.1,148.54,5275910
2023-05-11 04:00:00+00:00,148.3,148.3,146.85,147.88,4478546
2023-05-12 04:00:00+00:00,148.13,148.35,146.54,147.68,3953321
2023-05-15 04:00:00+00:00,147.83,148.93,147.29,148.9,3398461
2023-05-16 04:00:00+00:00,148.7,149.87,148.65,149.06,4699238
2023-05-17 04:00:00+00:00,149.69,151.3,149.0,151.05,5958306
2023-05-18 04:00:00+00:00,151.23,154.36,151.23,154.14,7745604
2023-05-19 04:00:00+00:00,154.18,154.44,153.54,154.07,4902505
2023-05-22 04:00:00+00:00,153.61,154.76,153.35,154.36,5397089
2023-05-23 04:00:00+00:00,153.59,154.23,152.02,152.08,5845476
2023-05-24 04:00:00+00:00,150.88,151.57,150.15,150.97,5462752
2023-05-25 04:00:00+00:00,154.98,157.38,154.17,156.76,9038999
2023-05-26 04:00:00+00:00,157.16,161.49,157.14,161.21,7578032
2023-05-30 04:00:00+00:00,163.58,164.4,161.73,162.07,9061845
2023-05-31 04:00:00+00:00,161.14,162.66,160.63,160.72,9650510
2023-06-01 04:00:00+00:00,160.21,163.04,159.69,162.36,8709728
2023-06-02 04:00:00+00:00,163.31,164.04,162.13,163.28,7135271
2023-06-05 04:00:00+00:00,163.19,164.27,162.06,162.35,6045319
2023-06-06 04:00:00+00:00,161.95,162.66,161.14,162.31,4987833
2023-06-07 04:00:00+00:00,161.99,163.26,159.55,159.88,6851881
2023-06-08 04:00:00+00:00,160.12,161.86,160.0,161.61,5333723
2023-06-09 04:00:00+00:00,162.39,164.08,161.87,162.41,7207783
2023-06-12 04:00:00+00:00,163.53,166.01,163.2,165.95,6896021
2023-06-13 04:00:00+00:00,167.42,167.75,165.6,166.95,8297942
2023-06-14 04:00:00+00:00,166.76,168.73,166.18,168.68,8384519
2023-06-15 04:00:00+00:00,167.99,171.61,167.95,170.85,8866337
2023-06-16 04:00:00+00:00,172.47,172.48,169.27,169.44,8683334
2023-06-20 04:00:00+00:00,168.47,169.51,167.39,168.29,7069583
2023-06-21 04:00:00+00:00,167.65,167.97,165.31,165.8,6028964
2023-06-22 04:00:00+00:00,165.06,167.22,165.03,167.16,7612586
2023-06-23 04:00:00+00:00,165.1,166.32,164.65,165.34,7364458
2023-06-26 04:00:00+00:00,165.49,166.94,164.04,164.16,5445132
2023-06-27 04:00:00+00:00,164.81,167.77,164.66,167.39,6916452
2023-06-28 04:00:00+00:00,166.46,168.39,166.33,167.49,5685843
2023-06-29 04:00:00+00:00,167.67,168.09,166.77,167.78,4564147
2023-06-30 04:00:00+00:00,169.45,170.88,169.32,170.45,5399328
2023-07-03 04:00:00+00:00,170.42,170.5,169.22,170.09,3042695
2023-07-05 04:00:00+00:00,168.9,170.3,168.75,169.04,4698200
2023-07-06 04:00:00+00:00,167.37,168.74,166.86,168.59,6058211
2023-07-07 04:00:00+00:00,168.31,169.88,167.75,167.85,5811257
2023-07-10 04:00:00+00:00,167.24,168.3,166.61,168.29,8438551
2023-07-11 04:00:00+00:00,168.65,168.84,167.01,168.66,4998680
2023-07-12 04:00:00+00:00,170.34,171.37,169.41,170.57,8052283
2023-07-13 04:00:00+00:00,171.73,173.17,171.39,172.79,4674612
2023-07-14 04:00:00+00:00,173.22,174.58,172.04,172.54,5771913
2023-07-17 04:00:00+00:00,172.86,175.25,172.67,174.74,5930280
2023-07-18 04:00:00+00:00,174.34,177.58,173.43,176.72,8203385
2023-07-19 04:00:00+00:00,177.17,177.9,175.61,176.28,10494966
2023-07-20 04:00:00+00:00,175.16,175.9,172.22,172.76,12178023
2023-07-21 04:00:00+00:00,173.86,174.73,172.47,172.68,7435708
2023-07-24 04:00:00+00:00,173.44,173.86,172.31,172.98,5654131
2023-07-25 04:00:00+00:00,173.54,175.54,173.51,174.96,5401103
2023-07-26 04:00:00+00:00,173.13,173.55,171.39,172.61,7750765
2023-07-27 04:00:00+00:00,174.94,175.47,171.32,172.11,6928476
2023-07-28 04:00:00+00:00,173.7,174.97,173.34,174.45,5643875
2023-07-31 04:00:00+00:00,174.61,175.07,173.85,174.85,5069853
2023-08-01 04:00:00+00:00,174.28,175.52,173.82,175.15,4424308
2023-08-02 04:00:00+00:00,173.61,173.71,170.2,170.81,7913425
2023-08-03 04:00:00+00:00,169.42,171.12,169.31,170.12,5660933
2023-08-04 04:00:00+00:00,169.54,170.55,167.54,167.8,7215853
2023-08-07 04:00:00+00:00,168.51,169.09,167.06,168.27,4767999
2023-08-08 04:00:00+00:00,167.1,167.2,165.3,166.98,5730987
2023-08-09 04:00:00+00:00,167.2,167.2,164.25,164.82,7150892
2023-08-10 04:00:00+00:00,166.08,167.52,164.03,164.84,6365657
2023-08-11 04:00:00+00:00,163.53,164.59,163.06,163.63,5385957
2023-08-14 04:00:00+00:00,163.46,166.25,163.07,166.23,5166252
2023-08-15 04:00:00+00:00,165.74,166.33,164.21,164.6,4683174
2023-08-16 04:00:00+00:00,164.24,165.19,163.02,163.03,4889733
2023-08-17 04:00:00+00:00,163.75,164.05,161.23,161.48,6307368
2023-08-18 04:00:00+00:00,159.84,162.38,159.74,161.72,6829335
2023-08-21 04:00:00+00:00,162.56,165.15,162.4,164.81,6566423
2023-08-22 04:00:00+00:00,166.29,166.39,164.26,164.63,5682781
2023-08-23 04:00:00+00:00,165.03,168.09,165.02,167.6,5056622
2023-08-24 04:00:00+00:00,169.7,169.71,163.61,163.73,6964454
2023-08-25 04:00:00+00:00,164.39,166.31,162.93,165.4,7843291
2023-08-28 04:00:00+00:00,166.66,167.11,165.47,166.75,4482150
2023-08-29 04:00:00+00:00,166.27,170.26,166.1,170.1,6856940
2023-08-30 04:00:00+00:00,170.13,171.55,169.54,171.38,6133331
2023-08-31 04:00:00+00:00,171.77,172.87,171.59,172.21,5981747
2023-09-01 04:00:00+00:00,173.29,173.52,171.86,172.74,4622331
2023-09-05 04:00:00+00:00,172.31,173.9,171.75,173.36,5030687
2023-09-06 04:00:00+00:00,172.69,173.12,170.47,171.53,9071614
2023-09-07 04:00:00+00:00,168.34,169.42,167.72,169.05,6256924
2023-09-08 04:00:00+00:00,169.04,170.49,168.96,169.4,4292482
2023-09-11 04:00:00+00:00,170.89,171.05,168.79,170.28,4136385
2023-09-12 04:00:00+00:00,168.86,169.46,166.89,167.2,6121708
2023-09-13 04:00:00+00:00,167.13,168.51,166.66,167.62,5004381
2023-09-14 04:00:00+00:00,168.65,169.25,167.59,168.83,4736632
2023-09-15 04:00:00+00:00,168.22,168.27,165.15,165.59,6558409
2023-09-18 04:00:00+00:00,165.11,166.93,165.06,166.38,4971904
2023-09-19 04:00:00+00:00,165.68,166.72,164.77,166.29,4118668
2023-09-20 04:00:00+00:00,166.75,166.96,163.61,163.68,5383067
2023-09-21 04:00:00+00:00,161.96,163.11,161.11,161.19,7371413
2023-09-22 04:00:00+00:00,161.89,163.01,161.17,161.53,6268934
2023-09-25 04:00:00+00:00,161.12,162.3,160.7,162.05,5288670
2023-09-26 04:00:00+00:00,160.99,161.08,158.58,159.13,7462979
2023-09-27 04:00:00+00:00,159.9,160.21,157.8,159.38,5832683
2023-09-28 04:00:00+00:00,158.62,161.53,157.88,160.51,6414660
2023-09-29 04:00:00+00:00,162.09,163.59,160.51,161.06,7941909
2023-10-02 04:00:00+00:00,161.14,163.26,160.89,162.79,6828078
2023-10-03 04:00:00+00:00,161.86,162.97,159.2,160.03,7419359
2023-10-04 04:00:00+00:00,160.15,162.45,160.15,162.02,7597113
2023-10-05 04:00:00+00:00,162.01,162.5,160.29,162.24,6011478
2023-10-06 04:00:00+00:00,161.13,165.98,160.66,165.27,8312767
2023-10-09 04:00:00+00:00,164.26,166.38,163.5,166.13,6569581
2023-10-10 04:00:00+00:00,166.25,167.72,165.78,166.38,10201603
2023-10-11 04:00:00+00:00,166.89,168.0,166.36,167.93,5194637
2023-10-12 04:00:00+00:00,168.07,169.8,166.81,168.08,7702919
2023-10-13 04:00:00+00:00,168.42,168.7,165.1,165.68,7595970
2023-10-16 04:00:00+00:00,165.95,168.02,165.92,167.27,7272091
2023-10-17 04:00:00+00:00,165.17,167.35,163.98,166.49,7659137
2023-10-18 04:00:00+00:00,165.32,166.67,164.1,164.78,6431452
2023-10-19 04:00:00+00:00,165.44,166.55,163.55,163.84,9995866
2023-10-20 04:00:00+00:00,163.76,163.88,160.9,161.07,7675227
2023-10-23 04:00:00+00:00,160.07,162.9,159.17,161.25,7579468
2023-10-24 04:00:00+00:00,161.89,162.61,160.62,162.36,5590176
2023-10-25 04:00:00+00:00,163.14,163.34,159.97,160.45,7764808
2023-10-26 04:00:00+00:00,160.73,161.44,156.71,157.38,10323241
2023-10-27 04:00:00+00:00,158.35,159.9,157.6,158.3,8115781
2023-10-30 04:00:00+00:00,159.13,160.56,158.65,160.0,7090477
2023-10-31 04:00:00+00:00,160.08,161.27,158.83,161.14,5446761
2023-11-01 04:00:00+00:00,161.42,164.47,161.42,164.25,10472885
2023-11-02 04:00:00+00:00,165.73,167.18,165.51,167.03,8096335
2023-11-03 04:00:00+00:00,166.86,169.43,166.5,168.75,7830865
2023-11-06 05:00:00+00:00,168.98,169.92,168.45,169.86,5549572
2023-11-07 05:00:00+00:00,170.31,172.22,170.06,171.72,6514894
2023-11-08 05:00:00+00:00,172.31,172.98,171.52,172.69,5361331
2023-11-09 05:00:00+00:00,172.95,174.21,171.66,171.89,7187339
2023-11-10 05:00:00+00:00,172.93,176.49,172.73,176.38,6675180
2023-11-13 05:00:00+00:00,175.64,175.79,174.61,175.34,5862519
2023-11-14 05:00:00+00:00,178.03,179.3,177.48,178.85,8254218
2023-11-15 05:00:00+00:00,179.65,179.92,178.39,179.08,6573855
2023-11-16 05:00:00+00:00,178.72,180.17,178.4,179.97,5777039
2023-11-17 05:00:00+00:00,179.57,180.29,178.82,179.6,6639211
2023-11-20 05:00:00+00:00,179.82,182.67,179.8,182.2,5559833
2023-11-21 05:00:00+00:00,181.38,181.66,180.06,180.73,6675393
2023-11-22 05:00:00+00:00,181.87,183.09,181.04,181.53,5606835
2023-11-24 05:00:00+00:00,181.23,181.39,180.49,181.18,2096927
2023-11-27 05:00:00+00:00,180.92,182.22,180.6,181.17,4210095
2023-11-28 05:00:00+00:00,180.56,181.99,180.56,181.51,5506170
2023-11-29 05:00:00+00:00,182.84,183.63,181.54,181.65,5382714
2023-11-30 05:00:00+00:00,182.41,182.65,180.39,181.92,6872005
2023-12-01 05:00:00+00:00,181.44,182.65,180.57,182.33,6996056
2023-12-04 05:00:00+00:00,180.51,180.51,178.14,180.11,9110927
2023-12-05 05:00:00+00:00,179.15,181.4,179.15,181.19,5420665
2023-12-06 05:00:00+00:00,182.32,182.58,179.52,179.66,7365673
2023-12-07 05:00:00+00:00,180.51,182.14,180.13,181.84,6964403
2023-12-08 05:00:00+00:00,181.44,183.54,181.22,183.39,6404425
2023-12-11 05:00:00+00:00,182.85,185.03,182.43,184.99,18897692
2023-12-12 05:00:00+00:00,184.31,186.28,184.16,186.22,7527695
2023-12-13 05:00:00+00:00,186.66,188.31,186.22,187.86,14697497
2023-12-14 05:00:00+00:00,188.01,188.72,186.01,187.4,7713721
2023-12-15 05:00:00+00:00,187.2,189.42,187.2,188.34,9065696
2023-12-18 05:00:00+00:00,188.3,189.33,187.51,188.91,5069188
2023-12-19 05:00:00+00:00,188.87,189.64,188.76,189.62,4501836
2023-12-20 05:00:00+00:00,189.41,190.08,186.73,186.76,6867447
2023-12-21 05:00:00+00:00,188.66,189.28,187.27,188.86,5667974
2023-12-22 05:00:00+00:00,189.4,189.65,188.17,189.1,5107708
2023-12-26 05:00:00+00:00,189.22,190.28,189.22,189.89,3103779
2023-12-27 05:00:00+00:00,189.99,190.27,189.07,189.88,5882284
2023-12-28 05:00:00+00:00,190.55,190.75,190.01,190.11,4807676
2023-12-29 05:00:00+00:00,190.2,190.59,188.58,189.53,6095325
2024-01-02 05:00:00+00:00,186.95,187.24,183.39,184.56,11772734
2024-01-03 05:00:00+00:00,182.88,183.88,182.36,182.68,9095023
2024-01-04 05:00:00+00:00,181.56,182.81,181.17,181.34,6063648
2024-01-05 05:00:00+00:00,181.55,182.86,180.6,181.29,8175261
2024-01-08 05:00:00+00:00,182.21,185.97,182.02,185.84,8217331
2024-01-09 05:00:00+00:00,184.42,186.67,184.02,186.14,5316949
2024-01-10 05:00:00+00:00,186.23,188.13,185.83,187.72,4892717
2024-01-11 05:00:00+00:00,188.65,189.59,186.03,188.68,6648510
2024-01-12 05:00:00+00:00,188.98,189.72,188.34,189.29,4417318
2024-01-16 05:00:00+00:00,189.05,190.55,187.96,189.76,5887802
2024-01-17 05:00:00+00:00,188.35,189.05,186.78,188.83,7054480
2024-01-18 05:00:00+00:00,191.35,192.83,190.63,192.66,9459365
2024-01-19 05:00:00+00:00,193.92,197.14,193.49,197.1,9166572
2024-01-22 05:00:00+00:00,198.06,199.17,197.22,197.96,7484461
2024-01-23 05:00:00+00:00,198.15,198.89,197.0,198.76,6631913
2024-01-24 05:00:00+00:00,200.13,202.14,199.56,200.13,8825613
2024-01-25 05:00:00+00:00,201.97,202.98,200.04,200.97,8535747
2024-01-26 05:00:00+00:00,199.56,200.44,198.2,198.65,5276594
2024-01-29 05:00:00+00:00,198.9,200.51,198.51,200.47,3819797
2024-01-30 05:00:00+00:00,200.41,200.71,198.21,198.82,6125754
2024-01-31 05:00:00+00:00,196.93,197.74,194.55,194.65,8147604
2024-02-01 05:00:00+00:00,195.42,197.37,195.3,197.1,7151744
2024-02-02 05:00:00+00:00,195.76,199.77,195.69,199.14,6436276
2024-02-05 05:00:00+00:00,199.94,200.16,197.72,199.59,5043254
2024-02-06 05:00:00+00:00,199.81,200.15,197.39,198.67,6338558
2024-02-07 05:00:00+00:00,200.07,201.35,199.27,201.3,5682944
2024-02-08 05:00:00+00:00,201.65,202.47,201.4,201.93,4974094
2024-02-09 05:00:00+00:00,202.78,204.92,202.54,204.65,5806126
2024-02-12 05:00:00+00:00,204.64,205.27,202.8,203.09,5376616
2024-02-13 05:00:00+00:00,198.69,200.99,198.09,199.65,9729671
2024-02-14 05:00:00+00:00,201.13,201.89,199.72,201.74,5895840
2024-02-15 05:00:00+00:00,202.0,202.2,200.19,201.31,5398195
2024-02-16 05:00:00+00:00,201.85,202.26,199.19,199.46,5545209
2024-02-20 05:00:00+00:00,198.29,199.0,195.45,197.43,8723793
2024-02-21 05:00:00+00:00,195.52,196.19,194.04,196.19,7983179
2024-02-22 05:00:00+00:00,201.26,203.16,200.8,202.61,9275849
2024-02-23 05:00:00+00:00,204.22,204.47,201.5,202.14,6161970
2024-02-26 05:00:00+00:00,203.02,203.53,202.13,202.34,9124442
2024-02-27 05:00:00+00:00,202.89,202.89,201.01,202.51,4992760
2024-02-28 05:00:00+00:00,201.84,202.11,200.83,201.56,4164540
2024-02-29 05:00:00+00:00,202.63,204.28,201.5,203.8,5993373
2024-03-01 05:00:00+00:00,204.32,207.82,204.23,207.52,6568359
2024-03-04 05:00:00+00:00,207.23,208.71,206.77,207.52,10221914
2024-03-05 05:00:00+00:00,205.48,205.58,201.11,202.42,9021443
2024-03-06 05:00:00+00:00,204.54,205.56,202.66,204.03,7151594
2024-03-07 05:00:00+00:00,205.77,207.88,204.75,207.25,6060406
2024-03-08 05:00:00+00:00,207.62,209.09,204.04,204.17,7456050
2024-03-11 04:00:00+00:00,203.23,204.06,202.14,203.61,7824189
2024-03-12 04:00:00+00:00,205.57,207.8,203.62,207.78,8691440
2024-03-13 04:00:00+00:00,207.15,207.27,204.68,205.54,6407744
2024-03-14 04:00:00+00:00,206.4,207.13,204.32,205.58,8011622
2024-03-15 04:00:00+00:00,202.62,203.55,201.65,202.47,9816680
2024-03-18 04:00:00+00:00,204.25,205.56,203.31,203.47,7088283
2024-03-19 04:00:00+00:00,202.47,204.55,201.46,204.52,6695140
2024-03-20 04:00:00+00:00,204.68,206.88,203.96,206.81,6678708
2024-03-21 04:00:00+00:00,209.02,209.02,206.78,206.96,6156017
2024-03-22 04:00:00+00:00,206.97,207.79,206.23,207.03,5753478
2024-03-25 04:00:00+00:00,205.07,206.53,204.47,205.66,4388939
2024-03-26 04:00:00+00:00,206.4,206.73,204.64,204.81,4269180
2024-03-27 04:00:00+00:00,206.1,206.21,204.28,205.86,6247528
2024-03-28 04:00:00+00:00,205.37,206.0,205.0,205.41,4427155
2024-04-01 04:00:00+00:00,205.85,207.19,205.23,205.98,5827395
2024-04-02 04:00:00+00:00,203.7,204.29,202.34,204.0,5709189
2024-04-03 04:00:00+00:00,202.98,205.6,202.93,204.54,5334982
2024-04-04 04:00:00+00:00,206.5,207.22,201.2,201.31,8232362
2024-04-05 04:00:00+00:00,202.19,204.65,201.62,203.62,6404391
2024-04-08 04:00:00+00:00,203.75,204.42,202.63,203.38,4063068
2024-04-09 04:00:00+00:00,204.43,204.85,201.85,204.41,4700578
2024-04-10 04:00:00+00:00,202.08,202.65,201.03,201.9,6918377
2024-04-11 04:00:00+00:00,202.8,206.27,201.82,205.93,5281803
2024-04-12 04:00:00+00:00,203.48,204.44,201.85,202.6,8093062
2024-04-15 04:00:00+00:00,203.84,203.97,198.45,198.75,8594536
2024-04-16 04:00:00+00:00,199.19,200.22,198.2,198.99,7457011
2024-04-17 04:00:00+00:00,199.72,200.06,195.97,196.12,6545189
2024-04-18 04:00:00+00:00,196.06,196.56,193.68,193.88,7640363
2024-04-19 04:00:00+00:00,193.14,193.77,189.4,189.89,10939988
2024-04-22 04:00:00+00:00,191.35,192.74,189.44,191.58,6646721
2024-04-23 04:00:00+00:00,192.38,194.71,192.1,194.42,6075819
2024-04-24 04:00:00+00:00,195.86,196.67,194.24,195.31,4580082
2024-04-25 04:00:00+00:00,192.88,195.25,192.02,194.89,5783992
2024-04-26 04:00:00+00:00,196.43,198.53,195.66,197.09,5052084
2024-04-29 04:00:00+00:00,198.1,198.4,196.78,197.94,3747423
2024-04-30 04:00:00+00:00,197.26,198.05,193.52,193.58,7464527
2024-05-01 04:00:00+00:00,192.54,195.78,191.55,191.59,10226794
2024-05-02 04:00:00+00:00,194.04,194.62,191.59,194.36,6669995
2024-05-03 04:00:00+00:00,199.61,200.44,198.9,199.77,6658247
2024-05-06 04:00:00+00:00,200.53,202.12,200.22,202.12,4010467
2024-05-07 04:00:00+00:00,202.71,202.81,201.44,201.46,5010510
2024-05-08 04:00:00+00:00,200.74,202.25,200.69,202.03,3587971
2024-05-09 04:00:00+00:00,201.7,202.13,200.96,201.97,4794843
2024-05-10 04:00:00+00:00,203.03,203.93,202.08,202.72,4377007
2024-05-13 04:00:00+00:00,204.21,204.38,203.03,203.68,3290994
2024-05-14 04:00:00+00:00,203.61,205.76,203.49,205.48,4912582
2024-05-15 04:00:00+00:00,206.77,210.17,206.62,210.11,7154320
2024-05-16 04:00:00+00:00,210.23,210.88,209.29,209.38,6033253
2024-05-17 04:00:00+00:00,209.86,209.99,207.77,208.91,3808017
2024-05-20 04:00:00+00:00,209.12,211.76,208.93,211.37,3138634
2024-05-21 04:00:00+00:00,210.56,212.06,210.19,211.71,3070241
2024-05-22 04:00:00+00:00,212.32,212.96,210.93,212.19,5891457
2024-05-23 04:00:00+00:00,214.61,214.63,209.79,210.46,4700216
2024-05-24 04:00:00+00:00,210.99,212.69,210.29,212.24,2953206
2024-05-28 04:00:00+00:00,213.44,213.61,211.8,213.13,4393214
2024-05-29 04:00:00+00:00,210.89,212.8,210.89,211.78,4284538
2024-05-30 04:00:00+00:00,209.43,209.74,206.31,206.95,5229852
2024-05-31 04:00:00+00:00,207.56,207.6,202.71,207.28,6040506
2024-06-03 04:00:00+00:00,208.86,209.05,205.31,207.8,4814031
2024-06-04 04:00:00+00:00,207.69,208.56,206.62,208.23,3202665
2024-06-05 04:00:00+00:00,209.88,212.86,209.54,212.86,4394432
2024-06-06 04:00:00+00:00,212.98,213.12,211.59,212.15,3528836
2024-06-07 04:00:00+00:00,212.37,213.55,211.6,212.64,3199312
2024-06-10 04:00:00+00:00,211.92,213.76,211.78,213.18,3367696
2024-06-11 04:00:00+00:00,212.64,217.21,212.54,217.15,6359602
2024-06-12 04:00:00+00:00,219.3,224.19,218.9,221.95,8910628
2024-06-13 04:00:00+00:00,224.01,224.63,222.35,223.71,6346797
2024-06-14 04:00:00+00:00,223.39,224.67,223.24,224.55,3932277
2024-06-17 04:00:00+00:00,225.1,228.74,224.33,227.95,5801349
2024-06-18 04:00:00+00:00,228.18,228.98,227.33,228.23,4338861
2024-06-20 04:00:00+00:00,229.26,229.4,224.91,225.67,6621463
2024-06-21 04:00:00+00:00,225.72,226.6,224.25,225.28,6780393
2024-06-24 04:00:00+00:00,222.93,223.94,219.69,219.75,6874280
2024-06-25 04:00:00+00:00,221.36,223.9,220.12,223.78,4564541
2024-06-26 04:00:00+00:00,223.45,224.58,221.79,223.53,4729798
2024-06-27 04:00:00+00:00,223.09,224.74,222.83,223.64,3961767
2024-06-28 04:00:00+00:00,224.42,227.63,223.21,223.52,6186338
2024-07-01 04:00:00+00:00,223.85,225.58,220.6,225.21,4640834
2024-07-02 04:00:00+00:00,223.25,226.35,223.25,226.33,3538260
2024-07-03 04:00:00+00:00,226.01,229.49,225.82,229.39,3124564
2024-07-05 04:00:00+00:00,229.64,231.1,228.69,230.09,3335919
2024-07-08 04:00:00+00:00,230.83,232.33,230.43,231.66,3835519
2024-07-09 04:00:00+00:00,232.84,233.4,230.15,231.47,4342332
2024-07-10 04:00:00+00:00,233.06,234.99,231.76,234.83,4374692
2024-07-11 04:00:00+00:00,235.19,235.28,228.28,228.95,7055193
2024-07-12 04:00:00+00:00,229.58,233.45,228.78,231.0,4883776
2024-07-15 04:00:00+00:00,232.17,233.69,230.1,231.41,4313995
2024-07-16 04:00:00+00:00,231.95,232.07,228.99,230.64,3826107
2024-07-17 04:00:00+00:00,225.36,225.59,221.56,221.67,6220241
2024-07-18 04:00:00+00:00,224.1,224.14,218.89,221.69,5418587
2024-07-19 04:00:00+00:00,220.51,221.87,217.74,218.22,4236413
2024-07-22 04:00:00+00:00,221.11,223.65,220.17,223.39,5300750
2024-07-23 04:00:00+00:00,222.46,224.5,222.2,222.5,2765373
2024-07-24 04:00:00+00:00,219.59,220.29,212.78,213.29,7150360
2024-07-25 04:00:00+00:00,213.06,216.24,207.94,211.01,10578963
2024-07-26 04:00:00+00:00,213.85,215.39,211.88,213.69,5848931
2024-07-29 04:00:00+00:00,215.39,216.31,212.12,212.74,3671907
2024-07-30 04:00:00+00:00,213.53,213.74,205.8,207.39,5347259
2024-07-31 04:00:00+00:00,213.79,216.96,212.29,216.18,7307043
2024-08-01 04:00:00+00:00,215.58,218.08,205.9,208.11,8495715
2024-08-02 04:00:00+00:00,202.58,204.25,198.84,202.26,9310849
2024-08-05 04:00:00+00:00,189.6,199.3,188.46,195.53,15714953
2024-08-06 04:00:00+00:00,198.03,202.19,195.92,198.18,12287855
2024-08-07 04:00:00+00:00,202.99,203.97,194.71,194.97,8826750
2024-08-08 04:00:00+00:00,198.5,202.76,195.63,202.25,7221370
2024-08-09 04:00:00+00:00,202.14,204.33,200.91,203.16,4767753
2024-08-12 04:00:00+00:00,203.8,206.4,202.85,204.82,4290100
2024-08-13 04:00:00+00:00,207.36,211.18,207.11,211.12,4999769
2024-08-14 04:00:00+00:00,212.42,213.35,209.42,212.27,4461232
2024-08-15 04:00:00+00:00,215.02,218.6,214.56,218.38,4740085
2024-08-16 04:00:00+00:00,217.22,219.16,216.63,218.74,3353151
2024-08-19 04:00:00+00:00,218.23,222.36,217.34,222.35,6502106
2024-08-20 04:00:00+00:00,221.77,223.1,220.27,221.57,3610789
2024-08-21 04:00:00+00:00,221.71,223.65,221.01,222.87,3769364
2024-08-22 04:00:00+00:00,224.12,224.64,217.29,217.75,4541819
2024-08-23 04:00:00+00:00,219.91,222.24,218.45,221.27,5340482
2024-08-26 04:00:00+00:00,221.08,221.91,217.38,218.5,3134436
2024-08-27 04:00:00+00:00,217.14,220.29,216.08,219.82,3828001
2024-08-28 04:00:00+00:00,219.54,219.96,214.97,216.79,4501130
2024-08-29 04:00:00+00:00,216.85,219.9,214.28,214.83,6641827
2024-08-30 04:00:00+00:00,217.17,218.53,214.83,217.69,5024223
2024-09-03 04:00:00+00:00,215.39,215.54,206.5,207.69,7382879
2024-09-04 04:00:00+00:00,205.58,209.52,204.93,207.16,6165000
2024-09-05 04:00:00+00:00,205.66,209.41,205.48,206.84,4437616
2024-09-06 04:00:00+00:00,206.67,207.17,200.55,201.47,6220540
2024-09-09 04:00:00+00:00,203.97,205.0,202.09,204.77,5460988
2024-09-10 04:00:00+00:00,206.19,208.28,204.22,207.84,5061453
2024-09-11 04:00:00+00:00,208.55,215.26,205.25,214.93,6384366
2024-09-12 04:00:00+00:00,214.77,217.63,213.26,216.71,5303055
2024-09-13 04:00:00+00:00,216.98,218.34,216.1,217.8,4023662
2024-09-16 04:00:00+00:00,216.23,217.66,214.96,216.97,3448891
2024-09-17 04:00:00+00:00,219.14,219.48,215.44,216.54,3494960
2024-09-18 04:00:00+00:00,217.08,218.61,214.36,214.57,6370843
2024-09-19 04:00:00+00:00,220.59,222.31,219.39,220.94,6967039
2024-09-20 04:00:00+00:00,220.07,220.85,217.9,219.86,7246354
2024-09-23 04:00:00+00:00,220.06,220.34,219.15,219.82,3745263
2024-09-24 04:00:00+00:00,220.74,221.77,218.37,221.32,3512903
2024-09-25 04:00:00+00:00,220.89,222.93,220.79,221.96,3055768
2024-09-26 04:00:00+00:00,226.29,226.54,222.53,224.9,4622373
2024-09-27 04:00:00+00:00,225.21,225.28,221.97,222.8,3046880
2024-09-30 04:00:00+00:00,221.83,223.59,220.72,223.45,2750944
2024-10-01 04:00:00+00:00,222.79,222.92,216.71,218.01,5647652
2024-10-02 04:00:00+00:00,218.06,220.62,216.82,219.62,2266152
2024-10-03 04:00:00+00:00,218.98,222.15,218.95,220.53,2892440
2024-10-04 04:00:00+00:00,223.38,223.54,220.64,222.99,2507672
2024-10-07 04:00:00+00:00,221.99,223.46,220.9,221.45,2215206
2024-10-08 04:00:00+00:00,223.05,225.97,222.54,225.59,3932395
2024-10-09 04:00:00+00:00,225.77,228.43,225.07,228.11,3789891
2024-10-10 04:00:00+00:00,226.59,228.64,225.96,228.06,2846118
2024-10-11 04:00:00+00:00,227.51,228.97,227.17,228.45,4424457
2024-10-14 04:00:00+00:00,229.91,231.91,229.8,231.43,4905062
2024-10-15 04:00:00+00:00,231.61,232.17,225.5,226.34,7089654
2024-10-16 04:00:00+00:00,227.06,227.39,224.6,227.05,2879422
2024-10-17 04:00:00+00:00,230.21,230.34,227.74,227.74,3025591
2024-10-18 04:00:00+00:00,228.93,229.39,228.06,228.55,2268528
2024-10-21 04:00:00+00:00,227.84,229.65,227.42,229.62,3161192
2024-10-22 04:00:00+00:00,228.4,230.16,227.75,229.38,3084585
2024-10-23 04:00:00+00:00,228.53,228.88,224.17,226.1,3041820
2024-10-24 04:00:00+00:00,227.02,227.32,225.41,226.76,2416361
2024-10-25 04:00:00+00:00,228.05,230.49,227.61,227.94,4157391
2024-10-28 04:00:00+00:00,229.57,229.57,227.82,227.87,2949570
2024-10-29 04:00:00+00:00,228.3,231.6,227.45,230.94,3725832
2024-10-30 04:00:00+00:00,228.83,229.44,227.11,227.26,4170567
2024-10-31 04:00:00+00:00,224.77,224.77,219.89,219.97,6055103
2024-11-01 04:00:00+00:00,220.21,223.27,219.91,221.62,5782895
2024-11-04 05:00:00+00:00,221.83,223.05,220.51,221.45,3155985
2024-11-05 05:00:00+00:00,222.14,224.75,222.14,224.57,3636483
2024-11-06 05:00:00+00:00,228.91,231.39,228.22,230.97,5483910
2024-11-07 05:00:00+00:00,232.57,235.26,232.46,234.99,5231461
2024-11-08 05:00:00+00:00,234.7,235.51,233.88,234.74,3618188
2024-11-11 05:00:00+00:00,234.71,234.85,232.04,233.44,3633605
2024-11-12 05:00:00+00:00,233.28,234.03,231.9,233.74,3765392
2024-11-13 05:00:00+00:00,233.24,234.65,232.2,232.92,3164919
2024-11-14 05:00:00+00:00,233.3,233.71,231.76,232.13,3300992
2024-11-15 05:00:00+00:00,229.26,229.56,225.62,226.37,5614916
2024-11-18 05:00:00+00:00,226.37,228.06,225.39,227.1,3086060
2024-11-19 05:00:00+00:00,225.68,229.15,225.68,228.97,3453400
2024-11-20 05:00:00+00:00,229.16,229.24,225.72,228.77,4437308
2024-11-21 05:00:00+00:00,230.98,232.17,227.45,231.09,5295868
2024-11-22 05:00:00+00:00,230.68,231.75,229.85,231.21,3545419
2024-11-25 05:00:00+00:00,232.95,233.36,230.15,231.2,5568644
2024-11-26 05:00:00+00:00,232.25,233.08,231.37,232.36,3114958
2024-11-27 05:00:00+00:00,230.79,230.93,227.18,229.21,3184662
2024-11-29 05:00:00+00:00,229.75,231.83,229.52,231.34,2084171
2024-12-02 05:00:00+00:00,231.51,234.41,231.45,233.54,4699113
2024-12-03 05:00:00+00:00,232.55,234.44,232.09,234.38,2787954
2024-12-04 05:00:00+00:00,237.31,238.78,236.62,238.67,5420289
2024-12-05 05:00:00+00:00,238.29,238.57,237.13,237.46,2818968
2024-12-06 05:00:00+00:00,237.87,239.41,237.62,238.38,3327417
2024-12-09 05:00:00+00:00,237.49,238.34,236.22,236.82,4016243
2024-12-10 05:00:00+00:00,236.02,236.67,232.8,233.54,5617497
2024-12-11 05:00:00+00:00,235.39,237.68,234.58,236.92,4344770
2024-12-12 05:00:00+00:00,235.41,236.46,234.84,235.6,3609195
2024-12-13 05:00:00+00:00,237.73,238.66,234.73,236.61,4338455
2024-12-16 05:00:00+00:00,236.91,239.18,236.41,238.97,4721635
2024-12-17 05:00:00+00:00,237.28,238.46,236.37,237.53,4072452
2024-12-18 05:00:00+00:00,238.33,238.98,229.33,229.87,8463578
2024-12-19 05:00:00+00:00,232.2,232.95,229.82,230.11,6692897
2024-12-20 05:00:00+00:00,228.55,235.43,227.84,233.55,7462446
2024-12-23 05:00:00+00:00,234.22,236.12,232.97,236.02,3986660
2024-12-24 05:00:00+00:00,236.87,238.47,236.51,238.46,2326657
2024-12-26 05:00:00+00:00,237.7,239.49,236.93,238.62,3575488
2024-12-27 05:00:00+00:00,237.01,237.32,233.13,235.45,4363256
2024-12-30 05:00:00+00:00,232.02,234.31,230.58,232.45,3975160
2024-12-31 05:00:00+00:00,233.09,233.25,229.77,230.52,4690615
2025-01-02 05:00:00+00:00,232.34,233.0,227.8,229.98,6385156
2025-01-03 05:00:00+00:00,231.38,233.97,230.93,233.72,4560565
2025-01-06 05:00:00+00:00,236.39,238.99,235.77,236.7,4487661
2025-01-07 05:00:00+00:00,237.94,237.94,231.14,231.95,5003649
2025-01-08 05:00:00+00:00,232.48,232.52,229.64,231.87,5011895
2025-01-10 05:00:00+00:00,229.43,229.47,225.47,226.81,5832896
2025-01-13 05:00:00+00:00,223.16,225.37,222.52,225.21,5327974
2025-01-14 05:00:00+00:00,226.95,227.57,224.01,225.8,3610218
2025-01-15 05:00:00+00:00,228.88,230.97,228.13,230.29,5232653
2025-01-16 05:00:00+00:00,232.17,232.32,228.47,228.52,2684261
2025-01-17 05:00:00+00:00,232.64,232.92,231.08,232.1,3371692
2025-01-21 05:00:00+00:00,232.87,234.61,231.25,234.03,3372076
2025-01-22 05:00:00+00:00,237.19,239.87,236.86,239.31,5121877
2025-01-23 05:00:00+00:00,237.47,239.79,237.24,239.74,3802235
2025-01-24 05:00:00+00:00,240.49,240.49,236.47,237.24,3303802
2025-01-27 05:00:00+00:00,226.61,228.99,223.53,225.61,10352755
2025-01-28 05:00:00+00:00,227.14,232.15,224.74,231.63,5630339
2025-01-29 05:00:00+00:00,231.17,231.28,227.52,229.75,4525003
2025-01-30 05:00:00+00:00,229.34,230.97,227.76,230.17,4420135
2025-01-31 05:00:00+00:00,232.32,233.7,228.21,228.83,5372314
2025-02-03 05:00:00+00:00,223.76,227.12,222.56,225.74,6865469
2025-02-04 05:00:00+00:00,226.52,229.35,226.44,228.99,4042943
2025-02-05 05:00:00+00:00,229.2,232.23,228.48,232.18,2699042
2025-02-06 05:00:00+00:00,232.18,233.29,231.15,232.81,3404037
2025-02-07 05:00:00+00:00,233.75,234.87,230.04,230.82,4160023
2025-02-10 05:00:00+00:00,232.64,234.77,232.57,234.19,3014144
2025-02-11 05:00:00+00:00,232.89,235.24,232.73,234.3,3228283
2025-02-12 05:00:00+00:00,231.0,234.07,230.74,233.79,4277830
2025-02-13 05:00:00+00:00,234.21,237.25,233.88,237.1,3914785
2025-02-14 05:00:00+00:00,236.91,238.1,236.47,237.91,2278612
2025-02-18 05:00:00+00:00,239.14,240.11,238.03,240.08,3011983
2025-02-19 05:00:00+00:00,239.81,241.05,238.13,240.1,2790321
2025-02-20 05:00:00+00:00,239.87,240.19,236.81,239.33,2993874
2025-02-21 05:00:00+00:00,239.4,239.5,232.73,232.85,4528792
2025-02-24 05:00:00+00:00,233.75,234.41,229.23,229.52,3723778
2025-02-25 05:00:00+00:00,229.03,229.24,225.0,226.55,5217146
2025-02-26 05:00:00+00:00,228.77,231.17,227.26,229.01,3815335
2025-02-27 05:00:00+00:00,230.26,230.5,220.58,220.68,5050005
2025-02-28 05:00:00+00:00,219.68,223.82,217.81,223.59,7086079
2025-03-03 05:00:00+00:00,224.74,225.2,215.18,216.79,6258091
2025-03-04 05:00:00+00:00,215.18,220.45,212.42,216.62,8860491
2025-03-05 05:00:00+00:00,217.3,220.38,214.38,219.66,5965543
2025-03-06 05:00:00+00:00,215.15,218.55,212.53,213.57,8215989
2025-03-07 05:00:00+00:00,213.32,217.21,210.8,216.66,5631995
2025-03-10 04:00:00+00:00,212.38,212.77,205.3,207.45,10780903
2025-03-11 04:00:00+00:00,206.82,210.09,204.52,206.61,7416354
2025-03-12 04:00:00+00:00,210.3,211.68,207.35,209.86,5497100
2025-03-13 04:00:00+00:00,209.26,209.72,205.07,205.87,6191533
2025-03-14 04:00:00+00:00,208.57,212.32,208.5,212.1,5020766
2025-03-17 04:00:00+00:00,211.93,215.09,211.32,213.58,5074390
2025-03-18 04:00:00+00:00,212.06,212.28,209.55,210.33,5743690
2025-03-19 04:00:00+00:00,211.41,215.56,210.52,213.06,4419325
2025-03-20 04:00:00+00:00,210.64,213.87,210.33,211.55,3572637
2025-03-21 04:00:00+00:00,208.9,212.41,208.13,212.12,5212846
2025-03-24 04:00:00+00:00,215.65,216.65,215.08,216.14,4100067
2025-03-25 04:00:00+00:00,216.0,217.14,215.89,216.85,3740852
2025-03-26 04:00:00+00:00,216.19,216.7,211.18,212.02,3944331
2025-03-27 04:00:00+00:00,210.57,211.76,208.95,210.06,3288875
2025-03-28 04:00:00+00:00,208.97,209.81,204.27,204.96,5333790
2025-03-31 04:00:00+00:00,201.39,205.53,199.35,205.06,7109441
2025-04-01 04:00:00+00:00,204.25,206.74,202.58,206.56,4740057
2025-04-02 04:00:00+00:00,203.61,209.81,203.45,208.09,4645979
2025-04-03 04:00:00+00:00,198.12,199.32,193.73,193.89,9725165
2025-04-04 04:00:00+00:00,187.84,189.33,181.05,181.12,16902110
2025-04-07 04:00:00+00:00,173.73,190.49,171.27,182.2,22278932
2025-04-08 04:00:00+00:00,188.98,191.52,175.23,178.5,12901715
2025-04-09 04:00:00+00:00,178.86,203.57,178.64,202.46,18491227
2025-04-10 04:00:00+00:00,195.5,196.84,186.44,193.04,9873778
2025-04-11 04:00:00+00:00,192.07,197.83,190.63,196.99,7211599
2025-04-14 04:00:00+00:00,203.1,203.23,196.64,198.79,5952249
2025-04-15 04:00:00+00:00,199.1,201.02,198.58,199.51,3600030
2025-04-16 04:00:00+00:00,194.16,196.22,189.23,192.58,6611242
2025-04-17 04:00:00+00:00,193.96,193.96,190.72,191.54,3740378
2025-04-21 04:00:00+00:00,188.51,188.98,183.91,186.59,4486681
2025-04-22 04:00:00+00:00,189.07,192.24,187.97,191.14,4656422
2025-04-23 04:00:00+00:00,198.47,200.56,195.88,196.68,6706855
2025-04-24 04:00:00+00:00,198.62,204.3,198.3,204.02,4658477
2025-04-25 04:00:00+00:00,203.41,207.42,203.21,207.04,3259230
2025-04-28 04:00:00+00:00,206.77,207.79,203.61,206.7,2787206
2025-04-29 04:00:00+00:00,205.71,208.53,205.71,207.67,4572223
2025-04-30 04:00:00+00:00,203.58,209.3,202.4,208.53,5101865
2025-05-01 04:00:00+00:00,213.09,215.06,211.4,211.59,5766384
2025-05-02 04:00:00+00:00,214.01,216.13,213.44,215.12,4062707
2025-05-05 04:00:00+00:00,213.28,215.51,213.17,213.98,3378638
2025-05-06 04:00:00+00:00,210.8,213.76,210.16,212.2,3979076
2025-05-07 04:00:00+00:00,212.2,215.26,210.74,214.33,4085689
2025-05-08 04:00:00+00:00,216.46,218.43,214.53,216.38,4352172
2025-05-09 04:00:00+00:00,217.34,217.74,215.0,216.11,3665223
2025-05-12 04:00:00+00:00,225.27,226.22,223.0,226.14,6739103
2025-05-13 04:00:00+00:00,226.95,231.78,226.69,231.02,6378675
2025-05-14 04:00:00+00:00,232.11,233.43,231.16,232.52,5123951
2025-05-15 04:00:00+00:00,231.26,234.15,230.98,232.84,4768176
2025-05-16 04:00:00+00:00,233.6,233.6,231.26,233.28,4055830
2025-05-19 04:00:00+00:00,229.83,233.46,229.75,232.94,5931524
2025-05-20 04:00:00+00:00,231.49,232.11,230.31,232.07,5136823
2025-05-21 04:00:00+00:00,229.89,233.1,226.78,227.71,9321786
2025-05-22 04:00:00+00:00,227.82,229.81,227.26,227.77,5686022
2025-05-23 04:00:00+00:00,223.8,226.72,223.56,225.25,6001960
2025-05-27 04:00:00+00:00,228.76,230.93,228.0,230.61,7104154
2025-05-28 04:00:00+00:00,230.89,231.8,229.32,229.65,5394562
2025-05-29 04:00:00+00:00,233.13,233.37,228.86,230.04,7006575
2025-05-30 04:00:00+00:00,229.93,230.04,225.86,229.33,6747059
2025-06-02 04:00:00+00:00,228.72,231.49,228.44,231.35,6439383
2025-06-03 04:00:00+00:00,231.66,235.01,231.49,234.83,7156171
2025-06-04 04:00:00+00:00,235.13,235.91,234.01,235.18,5449600
2025-06-05 04:00:00+00:00,235.87,237.93,233.5,234.51,7943505
2025-06-06 04:00:00+00:00,236.77,237.82,236.05,236.73,4513011
2025-06-09 04:00:00+00:00,237.65,239.36,237.47,237.89,5550469
2025-06-10 04:00:00+00:00,237.85,239.58,236.95,239.22,4916218
2025-06-11 04:00:00+00:00,239.79,240.76,237.46,238.69,4800019
2025-06-12 04:00:00+00:00,238.64,241.46,238.6,240.91,5605187
2025-06-13 04:00:00+00:00,238.12,239.93,236.66,237.53,6596854
2025-06-16 04:00:00+00:00,238.96,242.09,238.96,241.37,6933126
2025-06-17 04:00:00+00:00,240.36,242.06,239.1,239.66,5262678
2025-06-18 04:00:00+00:00,240.25,241.46,238.73,239.95,5532980
2025-06-20 04:00:00+00:00,240.81,241.62,237.77,238.89,5745327
2025-06-23 04:00:00+00:00,239.13,241.82,237.5,241.61,6138515
2025-06-24 04:00:00+00:00,244.07,246.25,243.78,245.95,5664741
2025-06-25 04:00:00+00:00,247.22,248.42,247.01,248.05,4614340
2025-06-26 04:00:00+00:00,249.16,250.16,248.18,249.76,5644647
2025-06-27 04:00:00+00:00,250.44,251.39,248.33,249.46,6098257
2025-06-30 04:00:00+00:00,251.65,252.6,250.44,251.91,6682560
2025-07-01 04:00:00+00:00,251.1,251.63,247.95,249.66,7572377
2025-07-02 04:00:00+00:00,249.03,252.47,248.85,252.3,5975097
2025-07-03 04:00:00+00:00,253.67,256.39,253.57,255.62,3556409
2025-07-07 04:00:00+00:00,254.64,255.3,252.46,253.59,5780415
2025-07-08 04:00:00+00:00,254.92,255.44,253.9,254.95,7857582
2025-07-09 04:00:00+00:00,255.86,257.45,254.58,256.49,6466755
2025-07-10 04:00:00+00:00,257.12,257.35,254.3,255.64,4997101
2025-07-11 04:00:00+00:00,254.43,256.01,254.11,254.52,4619487
2025-07-14 04:00:00+00:00,253.89,254.93,251.88,254.31,4062624
2025-07-15 04:00:00+00:00,257.27,257.88,256.48,256.57,7828527
2025-07-16 04:00:00+00:00,256.65,257.51,253.48,257.36,8887645
2025-07-17 04:00:00+00:00,257.67,260.11,257.16,259.7,5977216
2025-07-18 04:00:00+00:00,260.69,260.78,258.83,259.53,5139094
2025-07-21 04:00:00+00:00,259.82,261.64,259.51,259.87,4623309
2025-07-22 04:00:00+00:00,259.67,259.85,255.61,257.46,6724447
2025-07-23 04:00:00+00:00,258.13,259.27,256.59,258.93,5045896
2025-07-24 04:00:00+00:00,259.56,260.53,258.56,260.03,6079813
2025-07-25 04:00:00+00:00,259.95,261.28,259.41,260.62,4000685
2025-07-28 04:00:00+00:00,261.62,262.77,261.08,262.7,5758766
2025-07-29 04:00:00+00:00,264.41,265.88,262.27,262.71,6869524
2025-07-30 04:00:00+00:00,262.99,264.2,261.23,263.3,6964611
2025-07-31 04:00:00+00:00,266.61,266.61,260.1,261.37,8207180
2025-08-01 04:00:00+00:00,258.52,258.61,254.45,255.73,9719008
2025-08-04 04:00:00+00:00,258.14,260.97,258.14,260.92,6188452
2025-08-05 04:00:00+00:00,261.89,262.12,258.16,258.76,5588026
2025-08-06 04:00:00+00:00,259.01,262.02,258.84,261.68,5083544
2025-08-07 04:00:00+00:00,264.59,265.02,259.74,261.92,5159049
2025-08-08 04:00:00+00:00,262.9,264.83,262.22,264.53,5508236
2025-08-11 04:00:00+00:00,264.36,265.56,262.14,262.74,4712711
2025-08-12 04:00:00+00:00,264.06,266.88,262.59,266.81,5577478
2025-08-13 04:00:00+00:00,268.35,268.64,265.93,266.91,6995087
2025-08-14 04:00:00+00:00,265.56,267.25,264.95,266.33,7742167
2025-08-15 04:00:00+00:00,265.98,265.98,263.26,264.31,6686563
2025-08-18 04:00:00+00:00,263.98,265.12,263.73,264.88,6116883
2025-08-19 04:00:00+00:00,264.78,264.84,259.77,260.26,8683453
2025-08-20 04:00:00+00:00,259.6,259.6,254.51,258.49,11532146
2025-08-21 04:00:00+00:00,257.87,258.9,256.45,257.56,7574279
2025-08-22 04:00:00+00:00,257.28,262.75,256.57,261.05,6878007
2025-08-25 04:00:00+00:00,261.04,262.1,259.75,260.46,5345887
2025-08-26 04:00:00+00:00,260.68,262.01,260.31,261.66,5540501
2025-08-27 04:00:00+00:00,261.92,263.37,260.71,263.07,5769319
2025-08-28 04:00:00+00:00,263.39,265.72,262.08,265.15,6190284
2025-08-29 04:00:00+00:00,263.99,264.04,260.13,261.08,8740467
2025-09-02 04:00:00+00:00,256.47,258.68,254.94,258.45,9113015
2025-09-03 04:00:00+00:00,259.77,260.5,258.05,259.99,7818314
2025-09-04 04:00:00+00:00,258.92,261.37,257.87,261.27,12198698
2025-09-05 04:00:00+00:00,263.75,263.85,258.83,261.49,19277333
2025-09-08 04:00:00+00:00,262.86,264.4,262.8,263.45,10278246
2025-09-09 04:00:00+00:00,264.04,264.23,262.09,263.96,9677453
2025-09-10 04:00:00+00:00,269.3,270.55,267.46,268.74,12978573
2025-09-11 04:00:00+00:00,270.43,270.81,269.21,269.65,11709811
2025-09-12 04:00:00+00:00,270.18,270.44,268.89,269.47,7806114
2025-09-15 04:00:00+00:00,269.9,271.95,269.57,271.89,8134011
2025-09-16 04:00:00+00:00,272.52,272.71,270.62,270.95,8040731
2025-09-17 04:00:00+00:00,270.77,271.1,267.22,270.01,9474263
2025-09-18 04:00:00+00:00,273.52,275.49,272.19,274.68,10441565
2025-09-19 04:00:00+00:00,275.78,277.72,274.89,277.47,7835381
2025-09-22 04:00:00+00:00,277.05,281.78,276.95,281.55,7885581
2025-09-23 04:00:00+00:00,281.16,281.62,277.88,279.12,8228561
2025-09-24 04:00:00+00:00,279.86,279.86,275.54,277.39,6735506
2025-09-25 04:00:00+00:00,274.87,277.59,273.17,276.91,10674849
2025-09-26 04:00:00+00:00,277.2,277.99,275.29,277.74,8267024
2025-09-29 04:00:00+00:00,279.34,280.81,278.58,279.23,8053739
2025-09-30 04:00:00+00:00,279.23,281.03,278.64,280.75,9107570
2025-10-01 04:00:00+00:00,279.32,283.7,279.24,283.5,8705622
2025-10-02 04:00:00+00:00,286.14,286.2,283.75,285.03,8803914
2025-10-03 04:00:00+00:00,285.29,286.75,282.62,283.6,8728957
2025-10-06 04:00:00+00:00,287.42,288.3,286.32,286.47,8972822
2025-10-07 04:00:00+00:00,287.94,288.36,283.05,284.56,7794189
2025-10-08 04:00:00+00:00,285.21,289.56,285.06,289.55,7019342
2025-10-09 04:00:00+00:00,289.42,289.68,287.55,289.06,5994716
2025-10-10 04:00:00+00:00,289.66,290.19,277.18,277.29,22287291
2025-10-13 04:00:00+00:00,283.61,284.99,282.0,284.05,11015162
2025-10-14 04:00:00+00:00,280.32,283.26,277.14,280.4,13478388
2025-10-15 04:00:00+00:00,284.34,285.45,279.69,283.18,10468784
2025-10-16 04:00:00+00:00,285.22,286.49,281.46,283.39,11583102
2025-10-17 04:00:00+00:00,281.71,284.73,279.91,283.89,12755769
2025-10-20 04:00:00+00:00,285.51,288.28,285.34,287.06,6902570
2025-10-21 04:00:00+00:00,286.88,288.23,285.82,287.2,6251939
2025-10-22 04:00:00+00:00,287.08,287.7,280.79,284.37,10361631
2025-10-23 04:00:00+00:00,283.25,288.41,283.25,287.95,5961749
2025-10-24 04:00:00+00:00,291.35,293.41,290.92,292.42,7179779
2025-10-27 04:00:00+00:00,296.53,298.08,296.05,297.82,7583495
2025-10-28 04:00:00+00:00,299.27,301.95,298.24,300.77,7527575
2025-10-29 04:00:00+00:00,303.5,304.79,300.68,302.93,10743334
2025-10-30 04:00:00+00:00,301.21,302.76,299.11,299.21,9609271
2025-10-31 04:00:00+00:00,302.23,302.44,297.76,299.5,8151914
2025-11-03 05:00:00+00:00,302.36,303.02,299.08,300.72,6991820
2025-11-04 05:00:00+00:00,295.28,297.23,292.29,292.78,8361254
2025-11-05 05:00:00+00:00,292.26,296.31,291.82,293.93,7223521
2025-11-06 05:00:00+00:00,293.46,293.78,286.54,288.02,12398686
2025-11-07 05:00:00+00:00,285.56,287.1,280.49,287.03,12773484
2025-11-10 05:00:00+00:00,292.16,294.92,290.64,294.37,9143174
2025-11-11 05:00:00+00:00,292.42,292.95,289.91,291.86,7435793
2025-11-12 05:00:00+00:00,294.3,294.3,291.0,292.76,6589608
2025-11-13 05:00:00+00:00,291.13,291.53,283.91,285.46,11192908
2025-11-14 05:00:00+00:00,280.19,289.62,279.19,287.02,13714771
2025-11-17 05:00:00+00:00,284.33,287.43,280.24,282.52,12337677
2025-11-18 05:00:00+00:00,280.08,281.53,275.38,277.93,18373779
2025-11-19 05:00:00+00:00,277.95,283.0,277.23,279.86,13834448
2025-11-20 05:00:00+00:00,286.31,287.38,270.45,271.08,28275886
2025-11-21 05:00:00+00:00,271.53,275.75,266.43,272.12,22479454
2025-11-24 05:00:00+00:00,273.96,279.59,273.79,278.61,10062441
2025-11-25 05:00:00+00:00,276.16,280.07,272.23,279.36,10651665
2025-11-26 05:00:00+00:00,282.65,283.87,280.47,282.66,6679697
2025-11-28 05:00:00+00:00,283.26,285.14,282.49,285.09,3396091
2025-12-01 05:00:00+00:00,282.32,286.07,281.46,285.22,6423270
2025-12-02 05:00:00+00:00,287.0,289.88,286.16,288.16,7859528
2025-12-03 05:00:00+00:00,286.77,289.05,285.33,288.85,5811616
2025-12-04 05:00:00+00:00,289.24,290.44,287.85,289.92,4997634
2025-12-05 05:00:00+00:00,145.63,146.73,145.12,146.02,6627969
2025-12-08 05:00:00+00:00,146.85,147.8,146.34,147.05,8272771
2025-12-09 05:00:00+00:00,146.75,147.67,146.38,147.44,6978176
2025-12-10 05:00:00+00:00,147.11,148.63,146.24,148.14,8961059
2025-12-11 05:00:00+00:00,146.48,147.55,144.54,147.39,9769253
2025-12-12 05:00:00+00:00,146.36,146.5,142.7,143.12,14873172
2025-12-15 05:00:00+00:00,143.85,144.06,141.46,141.74,10790253
2025-12-16 05:00:00+00:00,141.35,142.41,140.74,142.0,10790905
2025-12-17 05:00:00+00:00,142.16,142.28,138.77,138.84,18178746
2025-12-18 05:00:00+00:00,141.3,141.86,140.24,140.98,12319524
2025-12-19 05:00:00+00:00,142.03,144.05,142.01,144.03,14265937
2025-12-22 05:00:00+00:00,145.66,145.66,144.29,144.81,8864472
2025-12-23 05:00:00+00:00,144.39,145.63,144.01,145.6,7546050
2025-12-24 05:00:00+00:00,145.44,146.14,145.33,145.94,3676257
2025-12-26 05:00:00+00:00,146.25,146.62,145.89,146.17,5052923
2025-12-29 05:00:00+00:00,145.0,146.02,144.69,145.52,9822319
2025-12-30 05:00:00+00:00,145.5,145.9,145.02,145.06,6387446
2025-12-31 05:00:00+00:00,145.36,145.45,143.55,143.62,9528387
2026-01-02 05:00:00+00:00,145.28,146.16,143.06,143.95,15299454
2026-01-05 05:00:00+00:00,145.66,146.03,143.89,144.27,17438807
2026-01-06 05:00:00+00:00,144.86,146.41,144.28,146.29,14985672
2026-01-07 05:00:00+00:00,146.17,147.02,145.69,146.17,13957071
2026-01-08 05:00:00+00:00,145.58,145.58,143.15,143.89,16870541
2026-01-09 05:00:00+00:00,144.22,146.22,143.68,145.8,15652618
2026-01-12 05:00:00+00:00,144.84,146.93,144.7,146.43,12867188
2026-01-13 05:00:00+00:00,146.49,147.16,145.49,146.12,16552152
2026-01-14 05:00:00+00:00,145.15,145.58,142.97,144.35,22104224
2026-01-15 05:00:00+00:00,146.57,147.21,144.96,145.11,17370878
2026-01-16 05:00:00+00:00,146.36,146.59,144.67,145.27,14156676
2026-01-20 05:00:00+00:00,142.74,143.75,141.27,141.5,20029177
2026-01-21 05:00:00+00:00,142.43,144.69,141.62,143.46,27892847
2026-01-22 05:00:00+00:00,145.26,145.35,143.81,144.53,12971563
2026-01-23 05:00:00+00:00,144.18,145.47,143.4,144.74,14654456
2026-01-26 05:00:00+00:00,144.92,146.35,144.54,145.73,10195625
2026-01-27 05:00:00+00:00,147.06,148.26,146.67,147.69,12436175
2026-01-28 05:00:00+00:00,148.64,149.54,148.25,148.87,19497406
2026-01-29 05:00:00+00:00,147.48,147.57,142.92,146.51,25580964
2026-01-30 05:00:00+00:00,145.69,146.39,142.64,143.53,18342641
2026-02-02 05:00:00+00:00,143.18,145.79,143.04,144.91,16337576
2026-02-03 05:00:00+00:00,145.52,145.62,139.83,141.74,30464494
2026-02-04 05:00:00+00:00,140.49,140.67,135.77,137.78,45649454
2026-02-05 05:00:00+00:00,136.89,138.14,134.75,135.3,42950873
2026-02-06 05:00:00+00:00,137.68,141.13,137.09,140.79,37131922
2026-02-09 05:00:00+00:00,140.25,143.68,139.57,143.0,24629514
2026-02-10 05:00:00+00:00,143.47,143.8,142.04,142.2,22564318
2026-02-11 05:00:00+00:00,144.16,144.4,140.98,142.62,18905713
2026-02-12 05:00:00+00:00,142.96,143.42,138.58,138.87,32154746
2026-02-13 05:00:00+00:00,139.22,140.57,137.6,139.22,26637122
2026-02-17 05:00:00+00:00,138.3,140.11,136.69,139.14,25743800
2026-02-18 05:00:00+00:00,139.72,141.77,138.93,140.57,13705785
2026-02-19 05:00:00+00:00,139.75,140.37,138.94,139.87,13483972
2026-02-20 05:00:00+00:00,138.86,141.41,138.63,140.54,14942420
2026-02-23 05:00:00+00:00,139.84,140.31,137.56,138.18,22024224
2026-02-24 05:00:00+00:00,138.9,140.6,137.85,139.98,13032004
2026-02-25 05:00:00+00:00,141.02,142.99,140.87,142.66,13297536
2026-02-26 05:00:00+00:00,142.59,142.66,138.92,140.67,19366539
2026-02-27 05:00:00+00:00,137.97,139.43,137.61,138.42,15330599
2026-03-02 05:00:00+00:00,136.7,139.62,136.23,139.2,20158535
2026-03-03 05:00:00+00:00,136.02,137.99,134.66,137.17,34155001
2026-03-04 05:00:00+00:00,138.19,140.29,137.7,139.5,15202893
2026-03-05 05:00:00+00:00,138.82,140.92,137.75,139.84,19425941
2026-03-06 05:00:00+00:00,137.49,139.49,136.46,136.96,19678870
2026-03-09 04:00:00+00:00,135.64,139.87,135.13,139.42,22762865
2026-03-10 04:00:00+00:00,139.5,141.05,138.68,139.42,24339893
2026-03-11 04:00:00+00:00,140.24,141.25,139.18,140.09,14019441
2026-03-12 04:00:00+00:00,138.93,139.41,137.32,137.51,32374327
2026-03-13 04:00:00+00:00,138.11,139.37,136.18,136.47,15703489
2026-03-16 04:00:00+00:00,138.38,139.74,138.18,138.44,16628131
2026-03-17 04:00:00+00:00,139.05,139.93,138.59,139.2,12035975
2026-03-18 04:00:00+00:00,138.97,139.73,137.6,137.63,12635962
2026-03-19 04:00:00+00:00,135.67,138.83,135.11,138.09,18089435
2026-03-20 04:00:00+00:00,137.65,137.65,134.0,134.96,27254052
2026-03-23 04:00:00+00:00,137.34,139.03,136.06,136.79,21820248
2026-03-24 04:00:00+00:00,135.89,136.76,134.71,135.99,16845357
2026-03-25 04:00:00+00:00,137.13,137.83,136.12,136.6,13873962
2026-03-26 04:00:00+00:00,135.02,135.36,132.26,132.34,15436919
2026-03-27 04:00:00+00:00,131.37,131.89,129.42,129.77,15897872
2026-03-30 04:00:00+00:00,131.11,131.39,126.53,127.35,18833164
2026-03-31 04:00:00+00:00,129.0,133.06,128.83,132.74,19407605
2026-04-01 04:00:00+00:00,133.96,135.88,133.6,134.75,17052116
2026-04-02 04:00:00+00:00,131.75,135.88,131.2,135.83,12267833
2026-04-06 04:00:00+00:00,136.32,137.09,135.55,136.62,10149777
2026-04-07 04:00:00+00:00,136.01,137.33,133.95,137.27,8587057
2026-04-08 04:00:00+00:00,142.96,143.39,140.57,141.52,13360636
2026-04-09 04:00:00+00:00,141.59,142.02,140.18,141.9,8236560
2026-04-10 04:00:00+00:00,142.33,143.39,141.75,142.45,9311678
2026-04-13 04:00:00+00:00,142.16,145.5,141.96,145.44,10409433
2026-04-14 04:00:00+00:00,146.73,147.76,145.91,147.76,10184969
2026-04-15 04:00:00+00:00,148.09,150.19,147.78,150.12,10624320
2026-04-16 04:00:00+00:00,150.81,152.0,149.57,151.84,11779667
2026-04-17 04:00:00+00:00,153.88,154.62,153.33,154.17,10632424
2026-04-20 04:00:00+00:00,154.12,154.57,152.85,154.38,8133294
2026-04-21 04:00:00+00:00,154.82,155.88,153.97,154.51,12658817
2026-04-22 04:00:00+00:00,156.03,157.97,155.33,157.9,13832000
2026-04-23 04:00:00+00:00,156.58,157.61,153.77,155.65,12153140
2026-04-24 04:00:00+00:00,158.24,160.21,157.41,160.03,11061844
2026-04-27 04:00:00+00:00,159.83,160.43,158.62,160.38,8965869
2026-04-28 04:00:00+00:00,156.92,158.45,155.97,157.66,9254850
2026-04-29 04:00:00+00:00,158.64,158.96,157.56,158.92,7508523
2026-04-30 04:00:00+00:00,159.46,159.61,156.69,159.31,9278037
2026-05-01 04:00:00+00:00,160.2,162.09,159.95,161.68,10164126
2026-05-04 04:00:00+00:00,162.51,163.05,160.69,161.86,10734269
2026-05-05 04:00:00+00:00,163.67,165.82,163.33,165.43,9815622
2026-05-06 04:00:00+00:00,167.68,169.88,166.64,169.83,11306813
2026-05-07 04:00:00+00:00,170.06,171.75,168.5,169.49,11033422
2026-05-08 04:00:00+00:00,171.39,175.39,171.1,175.31,11224440
2026-05-11 04:00:00+00:00,175.94,178.09,175.66,177.67,10464539
2026-05-12 04:00:00+00:00,175.94,176.78,170.99,174.99,15953621
2026-05-13 04:00:00+00:00,177.06,177.53,174.05,176.64,9819827
2026-05-14 04:00:00+00:00,177.15,180.0,176.65,179.29,11426986
2026-05-15 04:00:00+00:00,176.0,178.49,174.42,176.05,14521356
2026-05-18 04:00:00+00:00,177.41,177.64,171.71,174.15,19165301
2026-05-19 04:00:00+00:00,172.47,174.97,170.63,173.03,15753433
2026-05-20 04:00:00+00:00,174.45,177.04,173.74,176.93,12631984
2026-05-21 04:00:00+00:00,175.62,178.77,175.62,178.39,10875124
2026-05-22 04:00:00+00:00,179.82,181.51,179.35,180.18,10744457
2026-05-26 04:00:00+00:00,182.98,185.78,182.37,184.92,12503470
2026-05-27 04:00:00+00:00,185.96,186.04,182.32,184.21,12302668
2026-05-28 04:00:00+00:00,184.61,187.36,183.57,186.63,11169731
2026-05-29 04:00:00+00:00,189.1,191.4,188.97,190.79,15043026
2026-06-01 04:00:00+00:00,192.09,196.27,190.92,195.53,18972370
2026-06-02 04:00:00+00:00,196.22,198.14,195.52,197.97,10178032
2026-06-03 04:00:00+00:00,198.13,198.49,194.29,196.0,11584888
2026-06-04 04:00:00+00:00,191.29,194.51,189.46,192.94,13145503
2026-06-05 04:00:00+00:00,188.66,188.99,179.59,180.09,26820432
2026-06-08 04:00:00+00:00,185.0,186.49,182.95,183.96,14688051
2026-06-09 04:00:00+00:00,185.69,186.86,172.67,180.55,29824308
2026-06-10 04:00:00+00:00,177.95,182.19,175.94,176.42,20062316
2026-06-11 04:00:00+00:00,177.58,183.44,176.28,182.99,18240687
2026-06-12 04:00:00+00:00,183.02,185.62,181.43,184.58,15016699
2026-06-15 04:00:00+00:00,190.14,191.85,189.52,191.56,13100914
2026-06-16 04:00:00+00:00,191.0,192.02,186.21,186.22,10079976
2026-06-17 04:00:00+00:00,188.78,189.76,185.08,185.58,14415242
2026-06-18 04:00:00+00:00,190.19,191.77,189.15,191.21,12104277
2026-06-22 04:00:00+00:00,192.95,194.3,190.86,192.15,11316509
2026-06-23 04:00:00+00:00,184.68,187.25,183.7,184.19,14636656
2026-06-24 04:00:00+00:00,184.065,185.66,180.79,183.05,12326390
2026-06-25 04:00:00+00:00,188.145,188.41,180.375,184.57,13232829
2026-06-26 04:00:00+00:00,181.0,183.11,179.76,181.11,13437021
2026-06-29 04:00:00+00:00,183.12,185.66,178.67,185.41,11860194
2026-06-30 04:00:00+00:00,185.76,190.94,185.6,190.52,10732393
2026-07-01 04:00:00+00:00,186.83,187.98,185.38,185.62,9963593
2026-07-02 04:00:00+00:00,185.49,187.38,178.72,180.59,14196136
2026-07-06 04:00:00+00:00,182.66,185.71,182.04,183.57,8926598
2026-07-07 04:00:00+00:00,179.84,180.72,176.36,179.18,12258144
2026-07-08 04:00:00+00:00,177.48,181.63,177.15,181.4,10530677
2026-07-09 04:00:00+00:00,184.76,186.4,183.56,185.35,7758712
2026-07-10 04:00:00+00:00,184.005,186.23,183.09,185.78,6164126
2026-07-13 04:00:00+00:00,183.1,183.9,180.54,181.28,8598203
2026-07-14 04:00:00+00:00,183.71,184.43,181.33,183.62,6401496
2026-07-15 04:00:00+00:00,185.11,185.29,178.22,181.58,9259482
2026-07-16 04:00:00+00:00,179.0,179.4796,176.41,177.52,8669473
2026-07-17 04:00:00+00:00,172.85,177.92,171.34,175.59,12040957
2026-07-20 04:00:00+00:00,177.19,178.7,175.52,175.71,7639806
2026-07-21 04:00:00+00:00,179.56,181.015,178.17,180.78,7496918
2026-07-22 04:00:00+00:00,178.155,181.43,178.15,180.27,5359467
2026-07-23 04:00:00+00:00,178.8,180.39,177.2,178.45,7179104
2026-07-24 04:00:00+00:00,177.82,179.01,175.05,175.88,7741527
2026-07-27 04:00:00+00:00,177.83,178.3,171.73,174.3,8379034
2026-07-28 04:00:00+00:00,171.21,172.17,167.54,171.09,10052298
2026-07-29 04:00:00+00:00,171.12,172.51,166.462,166.57,14376330
2026-07-30 04:00:00+00:00,172.81,176.09,172.16,175.73,15100693
2026-07-31 04:00:00+00:00,177.46,178.62,172.7,175.35,9148420
2026-08-03 04:00:00+00:00,174.01,178.92,173.04,178.04,9343742
