timestamp,open,high,low,close,volume
2017-02-01 05:00:00+00:00,22.94,22.98,22.78,22.91,24680808
2017-02-02 05:00:00+00:00,22.84,22.9,22.74,22.86,18293086
2017-02-03 05:00:00+00:00,22.95,23.04,22.94,23.01,14241010
2017-02-06 05:00:00+00:00,22.98,23.03,22.92,23.02,13653752
2017-02-07 05:00:00+00:00,23.07,23.14,23.05,23.12,23506624
2017-02-08 05:00:00+00:00,23.11,23.19,23.05,23.16,12976244
2017-02-09 05:00:00+00:00,23.17,23.29,23.16,23.23,9953114
2017-02-10 05:00:00+00:00,23.28,23.33,23.22,23.3,8804416
2017-02-13 05:00:00+00:00,23.34,23.43,23.31,23.4,13742642
2017-02-14 05:00:00+00:00,23.37,23.48,23.31,23.48,14361572
2017-02-15 05:00:00+00:00,23.46,23.57,23.44,23.56,13531134
2017-02-16 05:00:00+00:00,23.59,23.67,23.55,23.61,14824336
2017-02-17 05:00:00+00:00,23.58,23.69,23.55,23.69,14757216
2017-02-21 05:00:00+00:00,23.74,23.82,23.71,23.81,15800828
2017-02-22 05:00:00+00:00,23.79,23.86,23.74,23.84,14423984
2017-02-23 05:00:00+00:00,23.87,23.89,23.73,23.84,13721372
2017-02-24 05:00:00+00:00,23.7,23.9,23.68,23.89,15912162
2017-02-27 05:00:00+00:00,23.89,23.89,23.82,23.88,16513738
2017-02-28 05:00:00+00:00,23.84,23.86,23.73,23.76,16675158
2017-03-01 05:00:00+00:00,23.91,24.13,23.85,24.1,19487218
2017-03-02 05:00:00+00:00,24.08,24.08,23.93,23.94,15746964
2017-03-03 05:00:00+00:00,23.92,24.0,23.87,24.0,16231728
2017-03-06 05:00:00+00:00,23.9,24.0,23.85,23.96,13660916
2017-03-07 05:00:00+00:00,23.94,24.06,23.92,23.96,14160696
2017-03-08 05:00:00+00:00,23.99,24.06,23.95,23.99,11707132
2017-03-09 05:00:00+00:00,23.99,24.02,23.86,23.98,16611300
2017-03-10 05:00:00+00:00,24.1,24.16,24.01,24.11,14919600
2017-03-13 04:00:00+00:00,24.11,24.16,24.09,24.13,16198566
2017-03-14 04:00:00+00:00,24.11,24.11,23.98,24.08,15400984
2017-03-15 04:00:00+00:00,24.11,24.28,24.04,24.24,19560874
2017-03-16 04:00:00+00:00,24.33,24.34,24.23,24.25,25615192
2017-03-17 04:00:00+00:00,24.35,24.38,24.3,24.31,14372732
2017-03-20 04:00:00+00:00,24.31,24.38,24.26,24.33,9083882
2017-03-21 04:00:00+00:00,24.39,24.45,23.97,23.97,30709706
2017-03-22 04:00:00+00:00,23.98,24.16,23.95,24.12,24442874
2017-03-23 04:00:00+00:00,24.09,24.16,24.02,24.06,23773158
2017-03-24 04:00:00+00:00,24.14,24.22,23.99,24.08,26611112
2017-03-27 04:00:00+00:00,23.88,24.13,23.85,24.08,14012788
2017-03-28 04:00:00+00:00,24.06,24.31,24.02,24.25,17824186
2017-03-29 04:00:00+00:00,24.24,24.31,24.19,24.29,11815516
2017-03-30 04:00:00+00:00,24.28,24.37,24.26,24.34,19217804
2017-03-31 04:00:00+00:00,24.32,24.38,24.27,24.29,12520536
2017-04-03 04:00:00+00:00,24.32,24.35,24.12,24.27,26380526
2017-04-04 04:00:00+00:00,24.17,24.29,24.16,24.29,15509826
2017-04-05 04:00:00+00:00,24.31,24.48,24.17,24.19,23133068
2017-04-06 04:00:00+00:00,24.22,24.27,24.13,24.19,14602300
2017-04-07 04:00:00+00:00,24.16,24.24,24.09,24.18,13439918
2017-04-10 04:00:00+00:00,24.19,24.25,24.09,24.13,10064506
2017-04-11 04:00:00+00:00,24.09,24.13,23.85,24.04,17254840
2017-04-12 04:00:00+00:00,24.02,24.04,23.91,23.96,17788086
2017-04-13 04:00:00+00:00,23.93,24.09,23.86,23.86,21395042
2017-04-17 04:00:00+00:00,23.94,24.09,23.94,24.08,14763090
2017-04-18 04:00:00+00:00,24.02,24.13,23.98,24.08,12770802
2017-04-19 04:00:00+00:00,24.12,24.2,24.02,24.06,14949646
2017-04-20 04:00:00+00:00,24.12,24.32,24.09,24.28,16093962
2017-04-21 04:00:00+00:00,24.29,24.29,24.18,24.23,15593900
2017-04-24 04:00:00+00:00,24.49,24.53,24.44,24.52,17219068
2017-04-25 04:00:00+00:00,24.62,24.69,24.57,24.64,22056810
2017-04-26 04:00:00+00:00,24.66,24.7,24.59,24.62,18684958
2017-04-27 04:00:00+00:00,24.68,24.74,24.66,24.72,18538744
2017-04-28 04:00:00+00:00,24.79,24.83,24.72,24.78,25609354
2017-05-01 04:00:00+00:00,24.87,25.0,24.83,24.97,16077378
2017-05-02 04:00:00+00:00,25.02,25.06,24.93,25.02,15933460
2017-05-03 04:00:00+00:00,24.94,25.0,24.86,24.98,15355202
2017-05-04 04:00:00+00:00,24.99,25.0,24.88,24.96,15498592
2017-05-05 04:00:00+00:00,25.0,25.06,24.94,25.05,14458378
2017-05-08 04:00:00+00:00,25.07,25.17,25.02,25.16,15320386
2017-05-09 04:00:00+00:00,25.19,25.26,25.14,25.19,16884244
2017-05-10 04:00:00+00:00,25.22,25.3,25.16,25.29,10816066
2017-05-11 04:00:00+00:00,25.21,25.27,25.11,25.25,20540288
2017-05-12 04:00:00+00:00,25.28,25.33,25.25,25.32,9868336
2017-05-15 04:00:00+00:00,25.35,25.46,25.34,25.46,22867580
2017-05-16 04:00:00+00:00,25.52,25.58,25.43,25.58,18929780
2017-05-17 04:00:00+00:00,25.38,25.4,24.87,24.88,44519496
2017-05-18 04:00:00+00:00,24.82,25.12,24.78,25.03,36722118
2017-05-19 04:00:00+00:00,25.16,25.25,25.14,25.17,22739508
2017-05-22 04:00:00+00:00,25.23,25.41,25.23,25.37,30250486
2017-05-23 04:00:00+00:00,25.51,25.51,25.35,25.42,14379858
2017-05-24 04:00:00+00:00,25.49,25.53,25.43,25.52,21880310
2017-05-25 04:00:00+00:00,25.61,25.76,25.55,25.71,12810936
2017-05-26 04:00:00+00:00,25.68,25.72,25.63,25.69,96594756
2017-05-30 04:00:00+00:00,25.7,25.83,25.67,25.8,12852134
2017-05-31 04:00:00+00:00,25.9,25.91,25.67,25.76,31514266
2017-06-01 04:00:00+00:00,25.82,25.82,25.66,25.82,17401194
2017-06-02 04:00:00+00:00,25.92,26.07,25.84,26.06,17164784
2017-06-05 04:00:00+00:00,26.06,26.15,26.03,26.08,21833958
2017-06-06 04:00:00+00:00,26.05,26.17,26.0,26.03,16605694
2017-06-07 04:00:00+00:00,26.09,26.16,25.98,26.12,18729138
2017-06-08 04:00:00+00:00,26.16,26.19,26.03,26.18,15327876
2017-06-09 04:00:00+00:00,26.21,26.26,25.16,25.53,73866502
2017-06-12 04:00:00+00:00,25.26,25.42,24.96,25.38,72548592
2017-06-13 04:00:00+00:00,25.5,25.64,25.37,25.53,37781736
2017-06-14 04:00:00+00:00,25.66,25.66,25.23,25.44,33773116
2017-06-15 04:00:00+00:00,25.15,25.36,25.04,25.32,31680084
2017-06-16 04:00:00+00:00,25.32,25.33,25.17,25.28,47578206
2017-06-19 04:00:00+00:00,25.47,25.67,25.46,25.65,20792934
2017-06-20 04:00:00+00:00,25.65,25.66,25.45,25.45,22272328
2017-06-21 04:00:00+00:00,25.54,25.6,25.46,25.59,24983062
2017-06-22 04:00:00+00:00,25.67,25.69,25.52,25.6,18599970
2017-06-23 04:00:00+00:00,25.58,25.82,25.54,25.75,34828228
2017-06-26 04:00:00+00:00,25.9,25.95,25.59,25.62,19785962
2017-06-27 04:00:00+00:00,25.48,25.53,25.2,25.2,26397964
2017-06-28 04:00:00+00:00,25.3,25.54,25.13,25.52,26651000
2017-06-29 04:00:00+00:00,25.4,25.4,24.86,25.06,42963402
2017-06-30 04:00:00+00:00,25.16,25.21,25.01,25.06,33900444
2017-07-03 04:00:00+00:00,25.14,25.19,24.84,24.86,34762876
2017-07-05 04:00:00+00:00,24.95,25.16,24.87,25.1,30146384
2017-07-06 04:00:00+00:00,24.89,25.02,24.82,24.88,26143546
2017-07-07 04:00:00+00:00,24.97,25.25,24.95,25.17,18190500
2017-07-10 04:00:00+00:00,25.17,25.41,25.14,25.35,11539004
2017-07-11 04:00:00+00:00,25.32,25.45,25.23,25.41,14688078
2017-07-12 04:00:00+00:00,25.58,25.76,25.56,25.74,34574530
2017-07-13 04:00:00+00:00,25.77,25.88,25.73,25.8,17643216
2017-07-14 04:00:00+00:00,25.9,26.04,25.86,26.02,13880082
2017-07-17 04:00:00+00:00,26.04,26.09,25.97,26.02,22987014
2017-07-18 04:00:00+00:00,25.97,26.14,25.91,26.14,22210312
2017-07-19 04:00:00+00:00,26.18,26.29,26.16,26.27,13824124
2017-07-20 04:00:00+00:00,26.35,26.35,26.18,26.33,22146534
2017-07-21 04:00:00+00:00,26.24,26.3,26.18,26.29,12224414
2017-07-24 04:00:00+00:00,26.28,26.38,26.23,26.36,11001196
2017-07-25 04:00:00+00:00,26.27,26.36,26.19,26.31,14058138
2017-07-26 04:00:00+00:00,26.45,26.45,26.32,26.41,22110950
2017-07-27 04:00:00+00:00,26.6,26.63,25.98,26.31,49521564
2017-07-28 04:00:00+00:00,26.18,26.33,26.15,26.28,22989244
2017-07-31 04:00:00+00:00,26.32,26.38,26.13,26.16,25319360
2017-08-01 04:00:00+00:00,26.29,26.31,26.19,26.28,19120812
2017-08-02 04:00:00+00:00,26.56,26.56,26.19,26.36,28031486
2017-08-03 04:00:00+00:00,26.4,26.4,26.22,26.29,23738072
2017-08-04 04:00:00+00:00,26.35,26.44,26.3,26.36,10128200
2017-08-07 04:00:00+00:00,26.4,26.52,26.38,26.52,17839612
2017-08-08 04:00:00+00:00,26.48,26.69,26.41,26.48,22983988
2017-08-09 04:00:00+00:00,26.31,26.49,26.3,26.47,14341208
2017-08-10 04:00:00+00:00,26.33,26.35,25.93,25.95,30689474
2017-08-11 04:00:00+00:00,25.99,26.21,25.96,26.13,34003416
2017-08-14 04:00:00+00:00,26.36,26.58,26.31,26.54,20434414
2017-08-15 04:00:00+00:00,26.6,26.64,26.5,26.58,15264134
2017-08-16 04:00:00+00:00,26.62,26.76,26.57,26.66,19306038
2017-08-17 04:00:00+00:00,26.56,26.6,26.14,26.14,26792928
2017-08-18 04:00:00+00:00,26.14,26.29,26.01,26.11,36538966
2017-08-21 04:00:00+00:00,26.13,26.16,25.93,26.1,16294812
2017-08-22 04:00:00+00:00,26.24,26.51,26.22,26.49,17756116
2017-08-23 04:00:00+00:00,26.35,26.5,26.34,26.43,21171578
2017-08-24 04:00:00+00:00,26.49,26.52,26.27,26.4,17067054
2017-08-25 04:00:00+00:00,26.49,26.57,26.35,26.4,17920718
2017-08-28 04:00:00+00:00,26.46,26.5,26.38,26.45,12405714
2017-08-29 04:00:00+00:00,26.24,26.6,26.2,26.56,17835782
2017-08-30 04:00:00+00:00,26.59,26.78,26.53,26.76,15548772
2017-08-31 04:00:00+00:00,26.82,26.96,26.79,26.92,19677566
2017-09-01 04:00:00+00:00,26.99,27.01,26.86,26.89,12686408
2017-09-05 04:00:00+00:00,26.82,26.86,26.48,26.66,24519320
2017-09-06 04:00:00+00:00,26.74,26.78,26.56,26.68,18812568
2017-09-07 04:00:00+00:00,26.77,26.83,26.67,26.77,16217052
2017-09-08 04:00:00+00:00,26.73,26.77,26.53,26.55,12844350
2017-09-11 04:00:00+00:00,26.76,26.95,26.76,26.93,14834038
2017-09-12 04:00:00+00:00,27.0,27.04,26.87,26.99,15935134
2017-09-13 04:00:00+00:00,26.96,26.96,26.85,26.95,16726246
2017-09-14 04:00:00+00:00,26.85,26.98,26.8,26.86,16365390
2017-09-15 04:00:00+00:00,26.84,26.99,26.79,26.97,27036502
2017-09-18 04:00:00+00:00,27.01,27.09,26.89,26.99,22668308
2017-09-19 04:00:00+00:00,27.04,27.17,26.97,27.11,11836448
2017-09-20 04:00:00+00:00,27.11,27.12,26.82,27.0,18478480
2017-09-21 04:00:00+00:00,26.99,26.99,26.77,26.86,17854082
2017-09-22 04:00:00+00:00,26.77,26.91,26.76,26.87,11387694
2017-09-25 04:00:00+00:00,26.78,26.78,26.43,26.55,29083558
2017-09-26 04:00:00+00:00,26.7,26.76,26.57,26.65,19309250
2017-09-27 04:00:00+00:00,26.77,27.0,26.73,26.92,15867228
2017-09-28 04:00:00+00:00,26.85,26.97,26.8,26.96,11655408
2017-09-29 04:00:00+00:00,27.0,27.16,26.97,27.14,28296090
2017-10-02 04:00:00+00:00,27.21,27.26,27.05,27.18,15663136
2017-10-03 04:00:00+00:00,27.2,27.25,27.17,27.24,13278954
2017-10-04 04:00:00+00:00,27.2,27.27,27.11,27.22,13543848
2017-10-05 04:00:00+00:00,27.31,27.49,27.29,27.49,14077370
2017-10-06 04:00:00+00:00,27.39,27.54,27.39,27.53,12135188
2017-10-09 04:00:00+00:00,27.57,27.66,27.55,27.6,15901160
2017-10-10 04:00:00+00:00,27.68,27.71,27.48,27.62,11451170
2017-10-11 04:00:00+00:00,27.59,27.72,27.59,27.72,10300896
2017-10-12 04:00:00+00:00,27.62,27.78,27.61,27.65,12772920
2017-10-13 04:00:00+00:00,27.75,27.83,27.75,27.78,12423134
2017-10-16 04:00:00+00:00,27.85,27.89,27.78,27.88,18612158
2017-10-17 04:00:00+00:00,27.87,27.88,27.79,27.88,10794698
2017-10-18 04:00:00+00:00,27.96,27.99,27.86,27.95,12482976
2017-10-19 04:00:00+00:00,27.83,27.9,27.68,27.87,14613718
2017-10-20 04:00:00+00:00,28.04,28.09,27.99,28.06,16021664
2017-10-23 04:00:00+00:00,28.1,28.12,27.89,27.92,16611926
2017-10-24 04:00:00+00:00,27.98,28.05,27.89,28.0,16375802
2017-10-25 04:00:00+00:00,27.94,28.02,27.67,27.85,19122688
2017-10-26 04:00:00+00:00,28.01,28.08,27.94,27.96,19539166
2017-10-27 04:00:00+00:00,28.41,28.79,28.41,28.72,31703700
2017-10-30 04:00:00+00:00,28.73,28.89,28.67,28.78,17746676
2017-10-31 04:00:00+00:00,28.89,28.96,28.78,28.91,20697884
2017-11-01 04:00:00+00:00,29.04,29.08,28.76,28.91,19756552
2017-11-02 04:00:00+00:00,28.91,28.95,28.7,28.92,21541968
2017-11-03 04:00:00+00:00,29.12,29.18,28.91,29.15,16378648
2017-11-06 05:00:00+00:00,29.13,29.23,29.12,29.22,12189324
2017-11-07 05:00:00+00:00,29.25,29.26,29.11,29.23,11818146
2017-11-08 05:00:00+00:00,29.23,29.4,29.15,29.39,21729998
2017-11-09 05:00:00+00:00,29.17,29.21,28.86,29.16,21242958
2017-11-10 05:00:00+00:00,29.12,29.18,29.05,29.16,12143840
2017-11-13 05:00:00+00:00,29.05,29.19,29.04,29.15,8907354
2017-11-14 05:00:00+00:00,29.06,29.12,28.93,29.09,15160140
2017-11-15 05:00:00+00:00,28.95,28.99,28.79,28.87,17455052
2017-11-16 05:00:00+00:00,29.08,29.34,29.08,29.28,16159076
2017-11-17 05:00:00+00:00,29.24,29.26,29.07,29.09,19105564
2017-11-20 05:00:00+00:00,29.16,29.22,29.12,29.2,14606808
2017-11-21 05:00:00+00:00,29.31,29.52,29.29,29.51,17185452
2017-11-22 05:00:00+00:00,29.51,29.52,29.4,29.45,27869736
2017-11-24 05:00:00+00:00,29.5,29.63,29.49,29.62,11222634
2017-11-27 05:00:00+00:00,29.57,29.66,29.52,29.62,14056456
2017-11-28 05:00:00+00:00,29.66,29.74,29.54,29.71,25302818
2017-11-29 05:00:00+00:00,29.66,29.67,28.85,29.06,68187870
2017-11-30 05:00:00+00:00,29.19,29.39,29.08,29.31,45175968
2017-12-01 05:00:00+00:00,29.13,29.31,28.74,29.16,41145352
2017-12-04 05:00:00+00:00,29.35,29.36,28.67,28.69,34766270
2017-12-05 05:00:00+00:00,28.64,29.03,28.52,28.7,28427148
2017-12-06 05:00:00+00:00,28.59,28.95,28.52,28.89,27109160
2017-12-07 05:00:00+00:00,28.91,29.12,28.89,29.07,23600128
2017-12-08 05:00:00+00:00,29.26,29.35,29.13,29.2,23620828
2017-12-11 05:00:00+00:00,29.19,29.46,29.17,29.46,26719042
2017-12-12 05:00:00+00:00,29.44,29.55,29.33,29.45,16933626
2017-12-13 05:00:00+00:00,29.55,29.6,29.42,29.46,21521596
2017-12-14 05:00:00+00:00,29.49,29.58,29.41,29.42,22485372
2017-12-15 05:00:00+00:00,29.51,29.8,29.44,29.75,46153482
2017-12-18 05:00:00+00:00,29.97,30.05,29.92,30.02,22215424
2017-12-19 05:00:00+00:00,29.96,29.98,29.76,29.84,24786726
2017-12-20 05:00:00+00:00,29.96,29.96,29.68,29.82,18335220
2017-12-21 05:00:00+00:00,29.87,29.93,29.73,29.76,35433134
2017-12-22 05:00:00+00:00,29.71,29.77,29.67,29.75,11329860
2017-12-26 05:00:00+00:00,29.56,29.58,29.44,29.55,12623576
2017-12-27 05:00:00+00:00,29.55,29.64,29.53,29.58,11747448
2017-12-28 05:00:00+00:00,29.67,29.69,29.58,29.63,22267910
2017-12-29 05:00:00+00:00,29.65,29.66,29.45,29.47,13801098
2018-01-02 05:00:00+00:00,29.59,29.84,29.52,29.84,30599414
2018-01-03 05:00:00+00:00,29.89,30.11,29.86,30.08,24918648
2018-01-04 05:00:00+00:00,30.21,30.32,30.14,30.24,21868456
2018-01-05 05:00:00+00:00,30.4,30.58,30.34,30.56,20295478
2018-01-08 05:00:00+00:00,30.54,30.73,30.52,30.67,13752696
2018-01-09 05:00:00+00:00,30.73,30.74,30.54,30.59,21641124
2018-01-10 05:00:00+00:00,30.43,30.5,30.34,30.49,22280836
2018-01-11 05:00:00+00:00,30.56,30.63,30.48,30.61,16260468
2018-01-12 05:00:00+00:00,30.58,30.83,30.53,30.79,16995870
2018-01-16 05:00:00+00:00,30.98,31.09,30.59,30.67,39483560
2018-01-17 05:00:00+00:00,30.85,31.16,30.75,31.13,37137138
2018-01-18 05:00:00+00:00,31.13,31.27,31.11,31.19,33491426
2018-01-19 05:00:00+00:00,31.25,31.3,31.09,31.25,24905206
2018-01-22 05:00:00+00:00,31.23,31.56,31.16,31.56,18760784
2018-01-23 05:00:00+00:00,31.65,31.76,31.59,31.69,20728556
2018-01-24 05:00:00+00:00,31.77,31.83,31.34,31.45,37369960
2018-01-25 05:00:00+00:00,31.64,31.67,31.31,31.39,26364914
2018-01-26 05:00:00+00:00,31.61,31.89,31.54,31.89,20779526
2018-01-29 05:00:00+00:00,31.8,31.8,31.56,31.6,74052240
2018-01-30 05:00:00+00:00,31.34,31.5,31.23,31.3,30349988
2018-01-31 05:00:00+00:00,31.5,31.6,31.34,31.55,34327920
2018-02-01 05:00:00+00:00,31.43,31.79,31.43,31.58,33039178
2018-02-02 05:00:00+00:00,31.22,31.25,30.64,30.65,45104200
2018-02-05 05:00:00+00:00,30.31,30.89,29.34,29.35,104430386
2018-02-06 05:00:00+00:00,28.96,30.25,28.8,30.19,94711612
2018-02-07 05:00:00+00:00,30.13,30.44,29.81,29.81,47822016
2018-02-08 05:00:00+00:00,29.9,29.95,28.57,28.58,57063686
2018-02-09 05:00:00+00:00,29.04,29.49,28.1,29.28,75400960
2018-02-12 05:00:00+00:00,29.59,29.99,29.38,29.81,36580686
2018-02-13 05:00:00+00:00,29.64,29.95,29.55,29.88,19323432
2018-02-14 05:00:00+00:00,29.71,30.48,29.7,30.43,34295626
2018-02-15 05:00:00+00:00,30.72,31.01,30.36,31.01,25644198
2018-02-16 05:00:00+00:00,30.92,31.29,30.88,30.96,20631682
2018-02-20 05:00:00+00:00,30.81,31.23,30.77,30.99,41578256
2018-02-21 05:00:00+00:00,31.11,31.37,30.79,30.79,32985686
2018-02-22 05:00:00+00:00,30.9,31.11,30.74,30.83,24522800
2018-02-23 05:00:00+00:00,31.08,31.47,31.01,31.47,21246386
2018-02-26 05:00:00+00:00,31.61,31.97,31.61,31.97,22483592
2018-02-27 05:00:00+00:00,31.98,32.13,31.64,31.64,27143802
2018-02-28 05:00:00+00:00,31.82,31.96,31.41,31.42,33576722
2018-03-01 05:00:00+00:00,31.49,31.61,30.66,30.9,43594120
2018-03-02 05:00:00+00:00,30.55,31.26,30.46,31.19,38794352
2018-03-05 05:00:00+00:00,31.05,31.62,30.98,31.51,22565796
2018-03-06 05:00:00+00:00,31.69,31.73,31.44,31.58,20951484
2018-03-07 05:00:00+00:00,31.35,31.79,31.35,31.76,22892126
2018-03-08 05:00:00+00:00,31.85,31.92,31.7,31.89,15954028
2018-03-09 05:00:00+00:00,32.12,32.5,32.08,32.5,25252698
2018-03-12 04:00:00+00:00,32.59,32.73,32.51,32.6,27810324
2018-03-13 04:00:00+00:00,32.76,32.88,32.11,32.23,28666978
2018-03-14 04:00:00+00:00,32.39,32.41,32.04,32.2,28044072
2018-03-15 04:00:00+00:00,32.21,32.41,32.06,32.22,27765410
2018-03-16 04:00:00+00:00,32.27,32.39,32.14,32.18,25231728
2018-03-19 04:00:00+00:00,31.88,31.93,31.29,31.54,43434848
2018-03-20 04:00:00+00:00,31.47,31.65,31.36,31.53,19485770
2018-03-21 04:00:00+00:00,31.46,31.76,31.26,31.34,22879014
2018-03-22 04:00:00+00:00,30.96,31.14,30.51,30.53,45840894
2018-03-23 04:00:00+00:00,30.51,30.65,29.7,29.72,42588168
2018-03-26 04:00:00+00:00,30.32,30.89,29.9,30.85,55625400
2018-03-27 04:00:00+00:00,31.04,31.05,29.63,29.86,64792320
2018-03-28 04:00:00+00:00,29.79,30.15,29.48,29.66,54303720
2018-03-29 04:00:00+00:00,29.87,30.55,29.66,30.25,36743952
2018-04-02 04:00:00+00:00,30.13,30.26,29.2,29.52,53268204
2018-04-03 04:00:00+00:00,29.75,29.88,29.32,29.82,36541758
2018-04-04 04:00:00+00:00,29.27,30.31,29.21,30.23,36983128
2018-04-05 04:00:00+00:00,30.51,30.56,30.15,30.36,38413652
2018-04-06 04:00:00+00:00,30.04,30.32,29.48,29.61,42087674
2018-04-09 04:00:00+00:00,29.83,30.43,29.8,29.84,22314776
2018-04-10 04:00:00+00:00,30.31,30.7,30.15,30.58,32977292
2018-04-11 04:00:00+00:00,30.39,30.67,30.35,30.4,17657486
2018-04-12 04:00:00+00:00,30.59,30.9,30.55,30.76,21869148
2018-04-13 04:00:00+00:00,30.98,30.99,30.51,30.66,22747092
2018-04-16 04:00:00+00:00,30.87,31.01,30.69,30.9,19843928
2018-04-17 04:00:00+00:00,31.17,31.57,31.11,31.47,32318412
2018-04-18 04:00:00+00:00,31.44,31.51,31.2,31.39,20182712
2018-04-19 04:00:00+00:00,31.19,31.22,30.93,31.04,26236272
2018-04-20 04:00:00+00:00,30.95,30.97,30.48,30.61,40581372
2018-04-23 04:00:00+00:00,30.73,30.81,30.36,30.5,40249148
2018-04-24 04:00:00+00:00,30.68,30.73,29.75,29.97,35499142
2018-04-25 04:00:00+00:00,30.01,30.07,29.59,29.97,32602542
2018-04-26 04:00:00+00:00,30.35,30.64,30.22,30.52,38280178
2018-04-27 04:00:00+00:00,30.82,30.85,30.3,30.46,26454382
2018-04-30 04:00:00+00:00,30.54,30.73,30.22,30.26,17824580
2018-05-01 04:00:00+00:00,30.22,30.66,30.15,30.64,19028350
2018-05-02 04:00:00+00:00,30.84,30.95,30.56,30.61,28246274
2018-05-03 04:00:00+00:00,30.47,30.8,30.2,30.68,34444722
2018-05-04 04:00:00+00:00,30.56,31.32,30.53,31.26,22278320
2018-05-07 04:00:00+00:00,31.41,31.63,31.36,31.49,30806960
2018-05-08 04:00:00+00:00,31.43,31.58,31.29,31.55,31188442
2018-05-09 04:00:00+00:00,31.63,31.94,31.53,31.94,32083780
2018-05-10 04:00:00+00:00,32.09,32.38,32.05,32.35,23893122
2018-05-11 04:00:00+00:00,32.32,32.43,32.2,32.31,18455190
2018-05-14 04:00:00+00:00,32.41,32.56,32.27,32.3,21085350
2018-05-15 04:00:00+00:00,32.08,32.11,31.83,32.0,29001268
2018-05-16 04:00:00+00:00,32.05,32.22,31.97,32.14,13673970
2018-05-17 04:00:00+00:00,32.03,32.24,31.84,31.97,23705066
2018-05-18 04:00:00+00:00,31.87,32.01,31.81,31.84,16716140
2018-05-21 04:00:00+00:00,32.13,32.27,31.96,32.12,30551016
2018-05-22 04:00:00+00:00,32.28,32.32,32.0,32.07,14998108
2018-05-23 04:00:00+00:00,31.81,32.31,31.8,32.31,32523368
2018-05-24 04:00:00+00:00,32.3,32.34,31.95,32.27,23608974
2018-05-25 04:00:00+00:00,32.29,32.36,32.17,32.25,19779346
2018-05-29 04:00:00+00:00,32.09,32.25,31.86,32.07,79358998
2018-05-30 04:00:00+00:00,32.23,32.35,32.14,32.3,20840302
2018-05-31 04:00:00+00:00,32.31,32.53,32.24,32.32,31649052
2018-06-01 04:00:00+00:00,32.53,32.87,32.48,32.87,27194658
2018-06-04 04:00:00+00:00,32.95,33.16,32.92,33.13,22801452
2018-06-05 04:00:00+00:00,33.21,33.31,33.12,33.25,38394054
2018-06-06 04:00:00+00:00,33.3,33.46,33.13,33.46,37315916
2018-06-07 04:00:00+00:00,33.44,33.44,32.95,33.2,41522524
2018-06-08 04:00:00+00:00,32.95,33.2,32.88,33.14,20039586
2018-06-11 04:00:00+00:00,33.16,33.28,33.08,33.18,14942378
2018-06-12 04:00:00+00:00,33.24,33.36,33.18,33.34,16078902
2018-06-13 04:00:00+00:00,33.34,33.49,33.15,33.17,33119148
2018-06-14 04:00:00+00:00,33.3,33.48,33.25,33.4,26497732
2018-06-15 04:00:00+00:00,33.29,33.33,33.08,33.28,34927410
2018-06-18 04:00:00+00:00,33.04,33.34,32.94,33.31,16708558
2018-06-19 04:00:00+00:00,32.9,33.16,32.72,33.14,27427054
2018-06-20 04:00:00+00:00,33.22,33.37,33.17,33.21,23125910
2018-06-21 04:00:00+00:00,33.34,33.36,32.88,32.94,29982736
2018-06-22 04:00:00+00:00,33.04,33.05,32.71,32.85,33032932
2018-06-25 04:00:00+00:00,32.58,32.62,31.89,32.17,37102352
2018-06-26 04:00:00+00:00,32.27,32.51,32.19,32.3,28054954
2018-06-27 04:00:00+00:00,32.4,32.55,31.85,31.86,47833452
2018-06-28 04:00:00+00:00,31.81,32.35,31.81,32.25,39021526
2018-06-29 04:00:00+00:00,32.37,32.51,32.21,32.23,20633922
2018-07-02 04:00:00+00:00,31.95,32.53,31.91,32.52,25435422
2018-07-03 04:00:00+00:00,32.62,32.64,32.11,32.13,13351312
2018-07-05 04:00:00+00:00,32.33,32.61,32.24,32.59,30262812
2018-07-06 04:00:00+00:00,32.61,33.02,32.53,32.97,26101028
2018-07-09 04:00:00+00:00,33.15,33.23,32.97,33.22,18019864
2018-07-10 04:00:00+00:00,33.22,33.39,33.22,33.3,25846082
2018-07-11 04:00:00+00:00,33.06,33.3,33.01,33.17,29573924
2018-07-12 04:00:00+00:00,33.31,33.71,33.28,33.69,25400594
2018-07-13 04:00:00+00:00,33.7,33.74,33.55,33.66,20928054
2018-07-16 04:00:00+00:00,33.67,33.74,33.51,33.58,15813264
2018-07-17 04:00:00+00:00,33.34,33.88,33.32,33.82,15163262
2018-07-18 04:00:00+00:00,33.82,33.82,33.65,33.77,14407698
2018-07-19 04:00:00+00:00,33.69,33.82,33.59,33.65,15244594
2018-07-20 04:00:00+00:00,33.78,33.85,33.62,33.66,14738450
2018-07-23 04:00:00+00:00,33.59,33.85,33.46,33.83,25388592
2018-07-24 04:00:00+00:00,34.17,34.3,33.88,34.02,22470534
2018-07-25 04:00:00+00:00,34.03,34.44,33.98,34.44,33642112
2018-07-26 04:00:00+00:00,33.86,34.03,33.8,33.92,25509890
2018-07-27 04:00:00+00:00,33.96,33.98,33.13,33.34,75354462
2018-07-30 04:00:00+00:00,33.32,33.37,32.63,32.82,36352480
2018-07-31 04:00:00+00:00,32.92,33.12,32.72,32.9,30358412
2018-08-01 04:00:00+00:00,33.14,33.31,33.02,33.19,32414370
2018-08-02 04:00:00+00:00,32.9,33.66,32.9,33.62,26770000
2018-08-03 04:00:00+00:00,33.63,33.74,33.48,33.74,14866152
2018-08-06 04:00:00+00:00,33.73,33.94,33.64,33.93,15564076
2018-08-07 04:00:00+00:00,34.04,34.17,33.99,34.05,20781462
2018-08-08 04:00:00+00:00,34.03,34.21,33.94,34.14,14643372
2018-08-09 04:00:00+00:00,34.18,34.29,34.13,34.16,27825268
2018-08-10 04:00:00+00:00,33.9,34.05,33.79,33.88,23729218
2018-08-13 04:00:00+00:00,33.93,34.19,33.83,33.84,26143360
2018-08-14 04:00:00+00:00,33.95,34.09,33.76,34.05,19241914
2018-08-15 04:00:00+00:00,33.83,33.96,33.48,33.74,36305772
2018-08-16 04:00:00+00:00,34.0,34.09,33.81,33.89,18823490
2018-08-17 04:00:00+00:00,33.79,34.03,33.67,33.94,18287978
2018-08-20 04:00:00+00:00,34.02,34.03,33.75,33.89,21413456
2018-08-21 04:00:00+00:00,33.98,34.16,33.9,33.94,16428950
2018-08-22 04:00:00+00:00,33.84,34.1,33.79,34.05,13035706
2018-08-23 04:00:00+00:00,33.99,34.31,33.99,34.12,21027904
2018-08-24 04:00:00+00:00,34.21,34.47,34.21,34.46,13645506
2018-08-27 04:00:00+00:00,34.65,34.8,34.56,34.78,17032494
2018-08-28 04:00:00+00:00,34.85,34.92,34.74,34.84,15829900
2018-08-29 04:00:00+00:00,34.88,35.18,34.88,35.15,25090812
2018-08-30 04:00:00+00:00,35.06,35.28,34.94,35.05,21407384
2018-08-31 04:00:00+00:00,35.02,35.17,34.96,35.08,21167388
2018-09-04 04:00:00+00:00,34.91,34.99,34.7,34.95,23275188
2018-09-05 04:00:00+00:00,34.9,34.92,34.33,34.51,35684350
2018-09-06 04:00:00+00:00,34.45,34.53,33.99,34.25,28467636
2018-09-07 04:00:00+00:00,34.03,34.41,33.99,34.14,29077704
2018-09-10 04:00:00+00:00,34.26,34.31,34.06,34.25,37815616
2018-09-11 04:00:00+00:00,34.15,34.61,34.06,34.54,27564338
2018-09-12 04:00:00+00:00,34.46,34.47,34.12,34.39,33320168
2018-09-13 04:00:00+00:00,34.61,34.89,34.6,34.8,28351334
2018-09-14 04:00:00+00:00,34.83,34.92,34.61,34.77,19048666
2018-09-17 04:00:00+00:00,34.72,34.78,34.3,34.33,33426794
2018-09-18 04:00:00+00:00,34.29,34.72,34.29,34.55,19931112
2018-09-19 04:00:00+00:00,34.55,34.66,34.27,34.46,21295846
2018-09-20 04:00:00+00:00,34.67,34.91,34.56,34.87,28426556
2018-09-21 04:00:00+00:00,35.0,35.06,34.72,34.73,49523544
2018-09-24 04:00:00+00:00,34.57,34.91,34.43,34.91,36111246
2018-09-25 04:00:00+00:00,34.86,34.94,34.72,34.86,21430198
2018-09-26 04:00:00+00:00,34.9,35.06,34.67,34.73,27215094
2018-09-27 04:00:00+00:00,34.86,35.03,34.86,34.94,31525134
2018-09-28 04:00:00+00:00,34.84,35.1,34.82,35.07,23841968
2018-10-01 04:00:00+00:00,35.29,35.38,35.13,35.24,21416184
2018-10-02 04:00:00+00:00,35.2,35.44,35.08,35.24,30670608
2018-10-03 04:00:00+00:00,35.36,35.5,35.28,35.35,27144848
2018-10-04 04:00:00+00:00,35.18,35.2,34.48,34.71,48535774
2018-10-05 04:00:00+00:00,34.7,34.8,33.94,34.27,47748608
2018-10-08 04:00:00+00:00,34.11,34.22,33.5,33.89,40893212
2018-10-09 04:00:00+00:00,33.87,34.21,33.8,34.01,30488776
2018-10-10 04:00:00+00:00,33.8,33.81,32.34,32.36,92044342
2018-10-11 04:00:00+00:00,32.27,32.82,31.69,31.95,140487908
2018-10-12 04:00:00+00:00,32.85,33.08,32.33,32.97,72903418
2018-10-15 04:00:00+00:00,32.85,32.88,32.42,32.43,38954876
2018-10-16 04:00:00+00:00,32.84,33.52,32.76,33.41,43287378
2018-10-17 04:00:00+00:00,33.45,33.48,32.96,33.26,51995286
2018-10-18 04:00:00+00:00,33.11,33.13,32.41,32.61,46631622
2018-10-19 04:00:00+00:00,32.8,33.15,32.47,32.59,44590356
2018-10-22 04:00:00+00:00,32.75,33.08,32.55,32.86,32503330
2018-10-23 04:00:00+00:00,32.18,32.91,31.85,32.74,48572268
2018-10-24 04:00:00+00:00,32.65,32.73,31.23,31.27,71063452
2018-10-25 04:00:00+00:00,31.72,32.51,31.67,32.31,48163786
2018-10-26 04:00:00+00:00,31.54,32.28,31.24,31.7,88603464
2018-10-29 04:00:00+00:00,32.14,32.36,30.53,31.16,71758518
2018-10-30 04:00:00+00:00,31.14,31.62,30.87,31.51,61509712
2018-10-31 04:00:00+00:00,31.98,32.52,31.97,32.26,43350310
2018-11-01 04:00:00+00:00,32.31,32.66,32.03,32.64,31986334
2018-11-02 04:00:00+00:00,32.39,32.58,31.73,32.0,41104560
2018-11-05 05:00:00+00:00,31.98,32.03,31.51,31.98,29070918
2018-11-06 05:00:00+00:00,31.94,32.32,31.91,32.17,18664158
2018-11-07 05:00:00+00:00,32.54,33.11,32.5,33.11,35337420
2018-11-08 05:00:00+00:00,32.99,33.13,32.88,33.09,21495962
2018-11-09 05:00:00+00:00,32.8,32.83,32.24,32.51,26646216
2018-11-12 05:00:00+00:00,32.22,32.27,31.33,31.37,33990044
2018-11-13 05:00:00+00:00,31.44,31.95,31.31,31.41,31635424
2018-11-14 05:00:00+00:00,31.75,31.82,30.87,31.02,39512788
2018-11-15 05:00:00+00:00,31.08,31.88,30.9,31.81,53081634
2018-11-16 05:00:00+00:00,31.43,31.95,31.37,31.75,36524046
2018-11-19 05:00:00+00:00,31.61,31.64,30.46,30.54,40632460
2018-11-20 05:00:00+00:00,29.69,30.29,29.51,29.89,58286802
2018-11-21 05:00:00+00:00,30.29,30.41,29.98,30.11,33409632
2018-11-23 05:00:00+00:00,29.79,30.16,29.77,29.83,11040230
2018-11-26 05:00:00+00:00,30.22,30.51,30.06,30.51,25627902
2018-11-27 05:00:00+00:00,30.3,30.61,30.12,30.57,23298620
2018-11-28 05:00:00+00:00,30.87,31.64,30.76,31.64,34796206
2018-11-29 05:00:00+00:00,31.54,31.59,31.16,31.33,28622240
2018-11-30 05:00:00+00:00,31.35,31.65,31.2,31.63,33775788
2018-12-03 05:00:00+00:00,32.42,32.45,31.98,32.33,33287430
2018-12-04 05:00:00+00:00,32.1,32.17,31.03,31.1,43883846
2018-12-06 05:00:00+00:00,30.37,31.17,30.22,31.17,44365612
2018-12-07 05:00:00+00:00,31.02,31.17,29.93,30.07,41072344
2018-12-10 05:00:00+00:00,29.91,30.6,29.73,30.49,41419980
2018-12-11 05:00:00+00:00,30.96,31.02,30.28,30.53,31992968
2018-12-12 05:00:00+00:00,31.02,31.25,30.75,30.76,34189882
2018-12-13 05:00:00+00:00,30.91,31.14,30.64,30.81,25902002
2018-12-14 05:00:00+00:00,30.45,30.61,30.03,30.06,31535400
2018-12-17 05:00:00+00:00,29.95,30.15,29.18,29.42,48059096
2018-12-18 05:00:00+00:00,29.65,29.91,29.42,29.66,39604072
2018-12-19 05:00:00+00:00,29.61,30.14,28.75,29.07,69263976
2018-12-20 05:00:00+00:00,28.94,29.24,28.13,28.55,79385796
2018-12-21 05:00:00+00:00,28.55,28.9,27.56,27.68,82542194
2018-12-24 05:00:00+00:00,27.42,27.75,26.92,26.94,42872170
2018-12-26 05:00:00+00:00,27.13,28.57,26.97,28.54,58738368
2018-12-27 05:00:00+00:00,28.17,28.78,27.63,28.77,47257302
2018-12-28 05:00:00+00:00,28.98,29.19,28.46,28.71,39958310
2018-12-31 05:00:00+00:00,28.96,29.09,28.74,28.98,34431676
2019-01-02 05:00:00+00:00,28.39,29.17,28.35,29.0,31144954
2019-01-03 05:00:00+00:00,28.26,28.28,27.5,27.53,51669504
2019-01-04 05:00:00+00:00,28.04,28.88,27.95,28.76,42410848
2019-01-07 05:00:00+00:00,28.76,29.21,28.69,29.01,24215694
2019-01-08 05:00:00+00:00,29.29,29.4,28.91,29.26,26231936
2019-01-09 05:00:00+00:00,29.41,29.79,29.38,29.63,28452556
2019-01-10 05:00:00+00:00,29.4,29.78,29.26,29.77,22305342
2019-01-11 05:00:00+00:00,29.59,29.73,29.53,29.71,15623662
2019-01-14 05:00:00+00:00,29.45,29.54,29.33,29.43,14727236
2019-01-15 05:00:00+00:00,29.53,29.94,29.48,29.88,28981608
2019-01-16 05:00:00+00:00,29.91,30.09,29.85,29.91,19177266
2019-01-17 05:00:00+00:00,29.8,30.27,29.72,30.1,20382828
2019-01-18 05:00:00+00:00,30.4,30.62,30.2,30.56,28458872
2019-01-22 05:00:00+00:00,30.31,30.36,29.8,30.04,30500384
2019-01-23 05:00:00+00:00,30.17,30.39,29.81,30.14,19483632
2019-01-24 05:00:00+00:00,30.25,30.5,30.24,30.4,31001478
2019-01-25 05:00:00+00:00,30.63,30.92,30.51,30.83,21589668
2019-01-28 05:00:00+00:00,30.37,30.42,30.16,30.42,19721334
2019-01-29 05:00:00+00:00,30.48,30.48,30.04,30.11,18374286
2019-01-30 05:00:00+00:00,30.59,31.11,30.45,31.01,35985516
2019-01-31 05:00:00+00:00,30.86,31.16,30.77,30.99,37052124
2019-02-01 05:00:00+00:00,31.0,31.34,30.96,31.17,19869782
2019-02-04 05:00:00+00:00,31.21,31.68,31.19,31.67,15573176
2019-02-05 05:00:00+00:00,31.78,32.02,31.74,31.94,26654682
2019-02-06 05:00:00+00:00,31.98,32.14,31.85,32.05,21917602
2019-02-07 05:00:00+00:00,31.75,31.89,31.39,31.61,30042162
2019-02-08 05:00:00+00:00,31.32,31.79,31.3,31.79,17366614
2019-02-11 05:00:00+00:00,31.89,31.99,31.7,31.78,15182864
2019-02-12 05:00:00+00:00,32.0,32.24,31.95,32.2,20585408
2019-02-13 05:00:00+00:00,32.36,32.47,32.22,32.24,19344410
2019-02-14 05:00:00+00:00,32.12,32.41,32.09,32.29,19752780
2019-02-15 05:00:00+00:00,32.54,32.58,32.37,32.55,15068308
2019-02-19 05:00:00+00:00,32.42,32.66,32.39,32.56,16928612
2019-02-20 05:00:00+00:00,32.59,32.73,32.43,32.6,19976316
2019-02-21 05:00:00+00:00,32.52,32.74,32.41,32.61,19702638
2019-02-22 05:00:00+00:00,32.76,33.05,32.75,33.03,26889438
2019-02-25 05:00:00+00:00,33.28,33.42,33.16,33.19,43060130
2019-02-26 05:00:00+00:00,33.07,33.35,33.04,33.26,31634382
2019-02-27 05:00:00+00:00,33.13,33.27,32.88,33.23,19768130
2019-02-28 05:00:00+00:00,33.1,33.26,33.05,33.13,19365344
2019-03-01 05:00:00+00:00,33.39,33.44,33.09,33.36,25038218
2019-03-04 05:00:00+00:00,33.5,33.58,32.86,33.23,32182646
2019-03-05 05:00:00+00:00,33.21,33.25,33.03,33.13,18317048
2019-03-06 05:00:00+00:00,33.11,33.15,32.92,32.96,28658052
2019-03-07 05:00:00+00:00,32.87,32.89,32.54,32.65,37951118
2019-03-08 05:00:00+00:00,32.25,32.67,32.19,32.64,26176260
2019-03-11 04:00:00+00:00,32.76,33.37,32.76,33.34,30681070
2019-03-12 04:00:00+00:00,33.44,33.65,33.33,33.54,36515378
2019-03-13 04:00:00+00:00,33.68,33.96,33.66,33.76,36937492
2019-03-14 04:00:00+00:00,33.81,33.93,33.73,33.83,21722264
2019-03-15 04:00:00+00:00,33.95,34.39,33.92,34.24,43256594
2019-03-18 04:00:00+00:00,34.26,34.47,34.17,34.38,29979796
2019-03-19 04:00:00+00:00,34.52,34.62,34.32,34.45,32648900
2019-03-20 04:00:00+00:00,34.42,34.64,34.15,34.36,27834968
2019-03-21 04:00:00+00:00,34.36,35.3,34.36,35.21,62982490
2019-03-22 04:00:00+00:00,35.04,35.19,34.38,34.4,54152684
2019-03-25 04:00:00+00:00,34.28,34.47,34.02,34.24,44812060
2019-03-26 04:00:00+00:00,34.54,34.76,34.23,34.43,28147858
2019-03-27 04:00:00+00:00,34.48,34.61,33.93,34.24,32008066
2019-03-28 04:00:00+00:00,34.34,34.51,34.16,34.37,21501538
2019-03-29 04:00:00+00:00,34.66,34.73,34.49,34.71,29684782
2019-04-01 04:00:00+00:00,35.05,35.23,34.85,35.19,26043164
2019-04-02 04:00:00+00:00,35.21,35.35,35.11,35.31,25590628
2019-04-03 04:00:00+00:00,35.52,35.77,35.45,35.59,28379906
2019-04-04 04:00:00+00:00,35.58,35.67,35.23,35.44,23400086
2019-04-05 04:00:00+00:00,35.56,35.65,35.5,35.61,13762342
2019-04-08 04:00:00+00:00,35.53,35.77,35.38,35.75,14855266
2019-04-09 04:00:00+00:00,35.59,35.72,35.5,35.58,31325870
2019-04-10 04:00:00+00:00,35.61,35.84,35.59,35.83,17799038
2019-04-11 04:00:00+00:00,35.9,35.91,35.71,35.78,15536278
2019-04-12 04:00:00+00:00,35.98,36.03,35.78,36.03,17629134
2019-04-15 04:00:00+00:00,36.03,36.12,35.82,36.02,20069358
2019-04-16 04:00:00+00:00,36.13,36.24,36.03,36.2,19505722
2019-04-17 04:00:00+00:00,36.43,36.45,36.22,36.4,24889686
2019-04-18 04:00:00+00:00,36.48,36.51,36.23,36.5,23594286
2019-04-22 04:00:00+00:00,36.33,36.6,36.3,36.59,17149128
2019-04-23 04:00:00+00:00,36.64,37.03,36.61,36.99,34998194
2019-04-24 04:00:00+00:00,37.01,37.17,36.94,37.0,22147240
2019-04-25 04:00:00+00:00,37.17,37.27,36.79,36.99,23926696
2019-04-26 04:00:00+00:00,36.77,36.86,36.46,36.85,22426476
2019-04-29 04:00:00+00:00,36.86,36.98,36.82,36.87,21519856
2019-04-30 04:00:00+00:00,36.84,36.97,36.64,36.92,38122284
2019-05-01 04:00:00+00:00,37.29,37.39,36.82,36.83,31435172
2019-05-02 04:00:00+00:00,36.82,37.08,36.44,36.63,51555502
2019-05-03 04:00:00+00:00,36.77,37.01,36.71,36.98,27726088
2019-05-06 04:00:00+00:00,36.1,36.76,35.96,36.7,26730908
2019-05-07 04:00:00+00:00,36.28,36.42,35.58,35.91,42867928
2019-05-08 04:00:00+00:00,35.79,36.18,35.73,35.87,27924794
2019-05-09 04:00:00+00:00,35.42,35.74,35.02,35.62,40289416
2019-05-10 04:00:00+00:00,35.39,35.89,34.88,35.73,39551616
2019-05-13 04:00:00+00:00,34.73,34.93,34.29,34.39,54177240
2019-05-14 04:00:00+00:00,34.56,35.16,34.53,34.94,40009726
2019-05-15 04:00:00+00:00,34.7,35.43,34.64,35.32,30691182
2019-05-16 04:00:00+00:00,35.35,35.9,35.3,35.65,32400278
2019-05-17 04:00:00+00:00,35.28,35.84,35.27,35.36,27577764
2019-05-20 04:00:00+00:00,34.76,35.04,34.57,34.74,30090848
2019-05-21 04:00:00+00:00,35.11,35.28,35.03,35.17,33743218
2019-05-22 04:00:00+00:00,34.94,35.2,34.92,34.99,23996008
2019-05-23 04:00:00+00:00,34.51,34.53,34.12,34.37,33310990
2019-05-24 04:00:00+00:00,34.56,34.74,34.35,34.38,25563024
2019-05-28 04:00:00+00:00,34.49,34.71,34.27,34.27,54328260
2019-05-29 04:00:00+00:00,34.03,34.25,33.85,34.08,30327524
2019-05-30 04:00:00+00:00,34.16,34.36,34.06,34.29,23503210
2019-05-31 04:00:00+00:00,33.88,34.04,33.71,33.72,24900536
2019-06-03 04:00:00+00:00,33.77,33.96,32.9,33.13,40285322
2019-06-04 04:00:00+00:00,33.55,34.24,33.38,34.24,31797988
2019-06-05 04:00:00+00:00,34.69,34.76,34.29,34.69,31978642
2019-06-06 04:00:00+00:00,34.78,35.16,34.62,35.09,24501124
2019-06-07 04:00:00+00:00,35.27,35.95,35.2,35.74,24975890
2019-06-10 04:00:00+00:00,36.0,36.44,36.0,36.1,27380728
2019-06-11 04:00:00+00:00,36.47,36.51,35.9,36.1,23315954
2019-06-12 04:00:00+00:00,35.93,36.03,35.82,35.9,15887166
2019-06-13 04:00:00+00:00,36.03,36.14,35.88,36.01,21774980
2019-06-14 04:00:00+00:00,35.68,35.81,35.54,35.7,17290074
2019-06-17 04:00:00+00:00,35.72,35.9,35.65,35.72,19134858
2019-06-18 04:00:00+00:00,36.1,36.55,35.99,36.37,33044646
2019-06-19 04:00:00+00:00,36.47,36.6,36.22,36.5,25105084
2019-06-20 04:00:00+00:00,37.04,37.16,36.73,37.04,28352254
2019-06-21 04:00:00+00:00,36.9,37.18,36.85,36.86,46682626
2019-06-24 04:00:00+00:00,36.93,37.05,36.88,36.93,16715454
2019-06-25 04:00:00+00:00,36.92,36.95,36.21,36.26,27907196
2019-06-26 04:00:00+00:00,36.61,36.9,36.6,36.65,18509956
2019-06-27 04:00:00+00:00,36.77,36.87,36.66,36.74,14171202
2019-06-28 04:00:00+00:00,36.85,36.9,36.62,36.77,36491822
2019-07-01 04:00:00+00:00,37.58,37.63,37.16,37.32,30005718
2019-07-02 04:00:00+00:00,37.3,37.44,37.22,37.42,16322654
2019-07-03 04:00:00+00:00,37.51,37.71,37.44,37.71,11236124
2019-07-05 04:00:00+00:00,37.4,37.7,37.26,37.64,12283290
2019-07-08 04:00:00+00:00,37.35,37.39,37.17,37.35,16109032
2019-07-09 04:00:00+00:00,37.16,37.51,37.1,37.48,18756948
2019-07-10 04:00:00+00:00,37.69,38.0,37.66,37.78,21278602
2019-07-11 04:00:00+00:00,37.87,38.06,37.79,37.91,25586690
2019-07-12 04:00:00+00:00,38.04,38.22,37.97,38.2,16737194
2019-07-15 04:00:00+00:00,38.3,38.37,38.21,38.32,12843060
2019-07-16 04:00:00+00:00,38.28,38.28,37.9,37.96,16279010
2019-07-17 04:00:00+00:00,38.04,38.12,37.86,37.87,13669684
2019-07-18 04:00:00+00:00,37.78,38.21,37.75,38.16,16343622
2019-07-19 04:00:00+00:00,38.53,38.54,37.94,37.98,25722916
2019-07-22 04:00:00+00:00,38.13,38.51,38.12,38.42,14312868
2019-07-23 04:00:00+00:00,38.67,38.67,38.35,38.63,11302922
2019-07-24 04:00:00+00:00,38.58,38.97,38.58,38.95,18898310
2019-07-25 04:00:00+00:00,38.87,38.87,38.59,38.79,20898986
2019-07-26 04:00:00+00:00,38.81,38.95,38.77,38.88,25578738
2019-07-29 04:00:00+00:00,38.9,38.92,38.55,38.85,17134410
2019-07-30 04:00:00+00:00,38.59,38.77,38.5,38.61,14963744
2019-07-31 04:00:00+00:00,38.81,38.85,37.62,38.0,34938210
2019-08-01 04:00:00+00:00,38.09,38.89,37.64,37.83,58817120
2019-08-02 04:00:00+00:00,37.52,37.54,36.87,37.21,46718406
2019-08-05 04:00:00+00:00,36.22,36.27,35.37,35.66,57714236
2019-08-06 04:00:00+00:00,36.14,36.38,35.84,36.25,41852520
2019-08-07 04:00:00+00:00,35.87,36.58,35.64,36.48,42511880
2019-08-08 04:00:00+00:00,36.75,37.38,36.68,37.37,32989024
2019-08-09 04:00:00+00:00,37.15,37.25,36.67,36.95,33105230
2019-08-12 04:00:00+00:00,36.69,36.83,36.29,36.42,20696348
2019-08-13 04:00:00+00:00,36.43,37.52,36.35,37.38,59199590
2019-08-14 04:00:00+00:00,36.69,36.85,36.13,36.23,48308070
2019-08-15 04:00:00+00:00,36.26,36.35,35.86,36.16,33437064
2019-08-16 04:00:00+00:00,36.53,36.93,36.48,36.85,22470536
2019-08-19 04:00:00+00:00,37.43,37.52,37.21,37.41,16319606
2019-08-20 04:00:00+00:00,37.36,37.55,37.2,37.22,17094952
2019-08-21 04:00:00+00:00,37.59,37.75,37.49,37.65,17424634
2019-08-22 04:00:00+00:00,37.76,37.84,37.24,37.57,15430436
2019-08-23 04:00:00+00:00,37.36,37.71,36.18,36.33,41608876
2019-08-26 04:00:00+00:00,36.77,36.84,36.52,36.83,21172316
2019-08-27 04:00:00+00:00,37.07,37.14,36.56,36.77,20783774
2019-08-28 04:00:00+00:00,36.58,36.87,36.31,36.81,14480606
2019-08-29 04:00:00+00:00,37.31,37.56,37.17,37.45,16563042
2019-08-30 04:00:00+00:00,37.69,37.74,37.17,37.44,20487414
2019-09-03 04:00:00+00:00,37.13,37.46,36.85,36.98,24151364
2019-09-04 04:00:00+00:00,37.38,37.63,37.34,37.61,16275832
2019-09-05 04:00:00+00:00,38.11,38.55,38.09,38.4,20743344
2019-09-06 04:00:00+00:00,38.48,38.5,38.26,38.37,18775458
2019-09-09 04:00:00+00:00,38.54,38.56,37.88,38.08,27363242
2019-09-10 04:00:00+00:00,37.9,37.9,37.46,37.88,20226782
2019-09-11 04:00:00+00:00,38.0,38.29,37.92,38.28,19385176
2019-09-12 04:00:00+00:00,38.52,38.8,38.33,38.49,25971344
2019-09-13 04:00:00+00:00,38.43,38.43,38.16,38.21,38812290
2019-09-16 04:00:00+00:00,37.89,38.19,37.85,38.11,15656770
2019-09-17 04:00:00+00:00,38.15,38.27,38.05,38.27,16837596
2019-09-18 04:00:00+00:00,38.21,38.29,37.74,38.26,17908164
2019-09-19 04:00:00+00:00,38.38,38.69,38.29,38.35,16686718
2019-09-20 04:00:00+00:00,38.47,38.49,37.8,37.9,32113290
2019-09-23 04:00:00+00:00,37.9,38.13,37.82,38.02,16499104
2019-09-24 04:00:00+00:00,38.27,38.41,37.49,37.65,35810326
2019-09-25 04:00:00+00:00,37.6,38.2,37.25,38.1,24292594
2019-09-26 04:00:00+00:00,38.08,38.27,37.84,38.13,19315148
2019-09-27 04:00:00+00:00,38.14,38.22,37.35,37.63,25969716
2019-09-30 04:00:00+00:00,37.79,38.12,37.74,38.03,22279554
2019-10-01 04:00:00+00:00,38.2,38.45,37.66,37.67,22517106
2019-10-02 04:00:00+00:00,37.42,37.43,36.69,36.96,41452278
2019-10-03 04:00:00+00:00,36.95,37.43,36.49,37.42,38489400
2019-10-04 04:00:00+00:00,37.68,38.08,37.64,38.04,22778006
2019-10-07 04:00:00+00:00,37.89,38.19,37.85,37.88,21584710
2019-10-08 04:00:00+00:00,37.63,37.75,37.18,37.18,29417228
2019-10-09 04:00:00+00:00,37.57,37.87,37.51,37.72,21248954
2019-10-10 04:00:00+00:00,37.7,38.14,37.67,37.99,19298036
2019-10-11 04:00:00+00:00,38.46,38.86,38.4,38.47,32590006
2019-10-14 04:00:00+00:00,38.48,38.65,38.48,38.49,11598706
2019-10-15 04:00:00+00:00,38.65,39.01,38.61,38.92,16705022
2019-10-16 04:00:00+00:00,38.71,38.72,38.51,38.65,20752120
2019-10-17 04:00:00+00:00,38.78,38.89,38.37,38.57,13955186
2019-10-18 04:00:00+00:00,38.52,38.58,37.96,38.21,18100484
2019-10-21 04:00:00+00:00,38.43,38.64,38.3,38.62,13279972
2019-10-22 04:00:00+00:00,38.69,38.83,38.07,38.1,18778318
2019-10-23 04:00:00+00:00,37.98,38.14,37.9,38.13,18300678
2019-10-24 04:00:00+00:00,38.54,38.72,38.39,38.69,14966788
2019-10-25 04:00:00+00:00,38.69,39.2,38.66,39.15,17851972
2019-10-28 04:00:00+00:00,39.5,39.67,39.48,39.65,14809254
2019-10-29 04:00:00+00:00,39.62,39.69,39.28,39.29,15854446
2019-10-30 04:00:00+00:00,39.41,39.58,39.15,39.53,27750234
2019-10-31 04:00:00+00:00,39.59,39.64,39.25,39.51,24102950
2019-11-01 04:00:00+00:00,39.64,39.98,39.58,39.98,20862228
2019-11-04 05:00:00+00:00,40.29,40.31,40.1,40.19,22860846
2019-11-05 05:00:00+00:00,40.3,40.32,40.0,40.14,16536190
2019-11-06 05:00:00+00:00,40.14,40.16,39.92,40.12,17344792
2019-11-07 05:00:00+00:00,40.39,40.67,40.33,40.44,30088600
2019-11-08 05:00:00+00:00,40.33,40.67,40.17,40.67,12690146
2019-11-11 05:00:00+00:00,40.43,40.74,40.38,40.68,8664808
2019-11-12 05:00:00+00:00,40.74,40.97,40.64,40.82,16727062
2019-11-13 05:00:00+00:00,40.66,40.95,40.65,40.91,15512824
2019-11-14 05:00:00+00:00,40.75,40.9,40.64,40.86,12271366
2019-11-15 05:00:00+00:00,41.15,41.19,41.02,41.19,14437320
2019-11-18 05:00:00+00:00,41.18,41.38,41.02,41.32,13492812
2019-11-19 05:00:00+00:00,41.48,41.52,41.25,41.4,14584844
2019-11-20 05:00:00+00:00,41.3,41.42,40.84,41.14,25153292
2019-11-21 05:00:00+00:00,41.09,41.11,40.85,40.94,19039518
2019-11-22 05:00:00+00:00,41.06,41.12,40.73,40.89,12329246
2019-11-25 05:00:00+00:00,41.07,41.48,41.06,41.48,15158386
2019-11-26 05:00:00+00:00,41.51,41.62,41.44,41.52,19996716
2019-11-27 05:00:00+00:00,41.65,41.75,41.52,41.75,21814574
2019-11-29 05:00:00+00:00,41.64,41.71,41.56,41.61,13034312
2019-12-02 05:00:00+00:00,41.65,41.65,40.85,41.03,23901044
2019-12-03 05:00:00+00:00,40.39,40.7,40.21,40.67,23361754
2019-12-04 05:00:00+00:00,40.94,40.97,40.77,40.84,14504554
2019-12-05 05:00:00+00:00,40.98,41.02,40.79,40.99,16471512
2019-12-06 05:00:00+00:00,41.3,41.48,41.27,41.44,21651048
2019-12-09 05:00:00+00:00,41.37,41.5,41.22,41.22,12788134
2019-12-10 05:00:00+00:00,41.29,41.47,41.15,41.26,13128666
2019-12-11 05:00:00+00:00,41.36,41.57,41.28,41.53,10499384
2019-12-12 05:00:00+00:00,41.42,42.04,41.32,41.98,24793072
2019-12-13 05:00:00+00:00,41.94,42.35,41.86,42.26,27146712
2019-12-16 05:00:00+00:00,42.58,42.78,42.57,42.64,21460654
2019-12-17 05:00:00+00:00,42.71,42.73,42.48,42.54,15153186
2019-12-18 05:00:00+00:00,42.59,42.7,42.52,42.53,13374598
2019-12-19 05:00:00+00:00,42.56,42.84,42.55,42.84,14065288
2019-12-20 05:00:00+00:00,43.09,43.14,42.98,43.08,24056134
2019-12-23 05:00:00+00:00,43.22,43.32,43.16,43.21,16107688
2019-12-24 05:00:00+00:00,43.28,43.29,43.12,43.22,5338306
2019-12-26 05:00:00+00:00,43.31,43.56,43.29,43.55,8802352
2019-12-27 05:00:00+00:00,43.72,43.72,43.43,43.54,19460054
2019-12-30 05:00:00+00:00,43.53,43.54,42.96,43.32,17693014
2019-12-31 05:00:00+00:00,43.14,43.48,43.09,43.43,12253816
2020-01-02 05:00:00+00:00,43.82,44.24,43.74,44.24,29108658
2020-01-03 05:00:00+00:00,43.6,44.05,43.59,43.76,35271136
2020-01-06 05:00:00+00:00,43.31,43.9,43.23,43.85,16827392
2020-01-07 05:00:00+00:00,43.93,44.05,43.76,43.83,16413828
2020-01-08 05:00:00+00:00,43.88,44.49,43.8,44.3,24995562
2020-01-09 05:00:00+00:00,44.71,44.83,44.48,44.8,16393712
2020-01-10 05:00:00+00:00,45.0,45.06,44.62,44.7,16422574
2020-01-13 05:00:00+00:00,44.9,45.31,44.88,45.26,17067344
2020-01-14 05:00:00+00:00,45.31,45.36,44.97,45.05,16770342
2020-01-15 05:00:00+00:00,45.07,45.31,44.94,45.1,15010372
2020-01-16 05:00:00+00:00,45.38,45.71,45.32,45.7,12110440
2020-01-17 05:00:00+00:00,45.91,46.05,45.67,46.01,22259594
2020-01-21 05:00:00+00:00,45.87,46.26,45.86,45.99,21338616
2020-01-22 05:00:00+00:00,46.28,46.48,46.12,46.16,16451418
2020-01-23 05:00:00+00:00,46.2,46.41,46.01,46.37,15448662
2020-01-24 05:00:00+00:00,46.72,46.82,46.0,46.16,25496806
2020-01-27 05:00:00+00:00,45.08,45.41,44.87,45.06,39394538
2020-01-28 05:00:00+00:00,45.45,46.04,45.36,45.92,34214322
2020-01-29 05:00:00+00:00,46.3,46.36,45.85,46.04,21933920
2020-01-30 05:00:00+00:00,46.02,46.48,45.74,46.45,20177522
2020-01-31 05:00:00+00:00,46.17,46.19,45.0,45.16,27643988
2020-02-03 05:00:00+00:00,45.21,45.87,45.16,45.76,27870398
2020-02-04 05:00:00+00:00,46.55,47.06,46.44,46.96,19702428
2020-02-05 05:00:00+00:00,47.73,47.75,46.89,47.23,37147810
2020-02-06 05:00:00+00:00,47.43,47.68,47.21,47.66,13772884
2020-02-07 05:00:00+00:00,47.44,47.63,47.13,47.23,17037604
2020-02-10 05:00:00+00:00,46.95,47.88,46.94,47.87,18256548
2020-02-11 05:00:00+00:00,48.23,48.27,47.56,47.71,15298090
2020-02-12 05:00:00+00:00,48.03,48.24,47.76,48.22,12842620
2020-02-13 05:00:00+00:00,47.84,48.35,47.77,48.09,15668084
2020-02-14 05:00:00+00:00,48.19,48.38,48.03,48.3,12813200
2020-02-18 05:00:00+00:00,47.91,48.23,47.86,48.12,23684738
2020-02-19 05:00:00+00:00,48.44,48.77,48.4,48.7,17098056
2020-02-20 05:00:00+00:00,48.59,48.71,47.53,48.19,27370780
2020-02-21 05:00:00+00:00,47.94,47.99,46.82,47.11,30218576
2020-02-24 05:00:00+00:00,44.85,45.82,44.44,45.16,43156798
2020-02-25 05:00:00+00:00,45.57,45.73,43.56,43.72,66704018
2020-02-26 05:00:00+00:00,43.88,44.87,43.58,43.92,56782958
2020-02-27 05:00:00+00:00,42.48,43.38,41.52,41.55,68588862
2020-02-28 05:00:00+00:00,39.89,42.26,39.82,41.86,114929264
2020-03-02 05:00:00+00:00,42.62,44.29,41.87,44.29,70930538
2020-03-03 05:00:00+00:00,44.54,44.84,42.15,42.6,95360668
2020-03-04 05:00:00+00:00,43.52,44.45,42.92,44.43,45102128
2020-03-05 05:00:00+00:00,43.25,44.07,42.75,43.03,49492478
2020-03-06 05:00:00+00:00,41.59,42.37,40.97,42.12,59839052
2020-03-09 04:00:00+00:00,38.65,40.74,38.61,38.92,59847468
2020-03-10 04:00:00+00:00,40.59,41.52,39.14,41.52,71572184
2020-03-11 04:00:00+00:00,40.41,40.66,38.99,39.56,64118266
2020-03-12 04:00:00+00:00,36.69,38.8,35.53,35.7,66416694
2020-03-13 04:00:00+00:00,37.94,39.97,36.14,39.88,66004036
2020-03-16 04:00:00+00:00,33.98,37.52,33.73,34.3,84974990
2020-03-17 04:00:00+00:00,35.18,37.16,34.08,36.71,101261584
2020-03-18 04:00:00+00:00,34.28,35.92,33.29,34.32,107927578
2020-03-19 04:00:00+00:00,35.0,36.66,34.17,35.46,123884382
2020-03-20 04:00:00+00:00,36.13,36.5,33.72,33.83,90991988
2020-03-23 04:00:00+00:00,33.66,34.39,32.43,33.55,86428120
2020-03-24 04:00:00+00:00,35.54,36.99,35.41,36.94,75785602
2020-03-25 04:00:00+00:00,37.24,38.62,36.2,36.91,57864120
2020-03-26 04:00:00+00:00,37.29,39.29,37.29,39.2,56878228
2020-03-27 04:00:00+00:00,37.98,38.7,37.26,37.45,59556498
2020-03-30 04:00:00+00:00,37.89,39.09,37.81,39.0,47833058
2020-03-31 04:00:00+00:00,38.91,39.61,38.07,38.27,40441940
2020-04-01 04:00:00+00:00,36.95,37.74,36.18,36.45,55164276
2020-04-02 04:00:00+00:00,36.32,37.35,36.17,37.3,44340742
2020-04-03 04:00:00+00:00,37.14,37.54,36.26,36.73,32022966
2020-04-06 04:00:00+00:00,38.34,40.12,38.1,39.86,36241796
2020-04-07 04:00:00+00:00,41.26,41.28,39.46,39.5,44476600
2020-04-08 04:00:00+00:00,40.01,40.73,39.65,40.56,27562554
2020-04-09 04:00:00+00:00,41.05,41.25,40.29,40.61,39466332
2020-04-13 04:00:00+00:00,40.41,40.72,39.84,40.66,25461776
2020-04-14 04:00:00+00:00,41.57,42.45,41.4,42.37,32012370
2020-04-15 04:00:00+00:00,41.53,41.78,41.14,41.45,26053358
2020-04-16 04:00:00+00:00,41.99,42.05,41.26,41.95,23880124
2020-04-17 04:00:00+00:00,42.69,42.7,41.89,42.51,28571474
2020-04-20 04:00:00+00:00,41.93,42.49,41.77,41.8,20561938
2020-04-21 04:00:00+00:00,41.24,41.34,39.83,40.06,32967984
2020-04-22 04:00:00+00:00,41.05,41.85,40.9,41.62,24229108
2020-04-23 04:00:00+00:00,41.71,42.18,41.3,41.33,21253270
2020-04-24 04:00:00+00:00,41.5,42.21,41.24,42.21,17008804
2020-04-27 04:00:00+00:00,42.59,42.71,42.31,42.57,15742476
2020-04-28 04:00:00+00:00,43.1,43.13,41.95,42.0,25399412
2020-04-29 04:00:00+00:00,42.9,43.88,42.75,43.73,23220578
2020-04-30 04:00:00+00:00,43.82,43.82,43.21,43.53,31315978
2020-05-01 04:00:00+00:00,42.57,43.17,42.17,42.34,24427606
2020-05-04 04:00:00+00:00,42.14,42.94,41.95,42.9,21952950
2020-05-05 04:00:00+00:00,43.39,44.04,43.31,43.49,17726840
2020-05-06 04:00:00+00:00,43.91,44.25,43.63,43.83,17057368
2020-05-07 04:00:00+00:00,44.42,44.73,44.35,44.48,21489566
2020-05-08 04:00:00+00:00,44.91,45.2,44.65,45.14,15345388
2020-05-11 04:00:00+00:00,44.83,45.7,44.74,45.44,20984428
2020-05-12 04:00:00+00:00,45.62,45.75,44.46,44.5,27514774
2020-05-13 04:00:00+00:00,44.52,44.86,43.15,43.75,34236554
2020-05-14 04:00:00+00:00,43.43,44.32,42.95,44.29,30945376
2020-05-15 04:00:00+00:00,43.59,44.52,43.46,44.51,28823504
2020-05-18 04:00:00+00:00,45.39,45.86,45.23,45.6,20211312
2020-05-19 04:00:00+00:00,45.59,46.14,45.42,45.44,20268742
2020-05-20 04:00:00+00:00,46.06,46.52,46.04,46.41,18428064
2020-05-21 04:00:00+00:00,46.38,46.52,45.76,45.78,20731418
2020-05-22 04:00:00+00:00,45.72,46.01,45.53,45.95,22280682
2020-05-26 04:00:00+00:00,46.87,46.9,45.86,45.9,26279336
2020-05-27 04:00:00+00:00,45.9,46.18,44.92,46.16,40597952
2020-05-28 04:00:00+00:00,45.99,46.92,45.96,46.07,21414058
2020-05-29 04:00:00+00:00,46.21,46.76,45.83,46.66,36826170
2020-06-01 04:00:00+00:00,46.44,46.74,46.23,46.64,30441366
2020-06-02 04:00:00+00:00,46.74,47.08,46.29,47.08,22685338
2020-06-03 04:00:00+00:00,47.27,47.6,47.06,47.45,22292516
2020-06-04 04:00:00+00:00,47.26,47.59,46.79,47.06,15342234
2020-06-05 04:00:00+00:00,47.39,48.43,47.31,48.29,20925044
2020-06-08 04:00:00+00:00,48.19,48.56,47.76,48.54,16293724
2020-06-09 04:00:00+00:00,48.29,49.0,48.25,48.76,14792446
2020-06-10 04:00:00+00:00,49.12,49.95,49.03,49.58,24582944
2020-06-11 04:00:00+00:00,48.72,48.79,46.72,46.74,40141486
2020-06-12 04:00:00+00:00,47.99,48.23,46.52,47.34,43607558
2020-06-15 04:00:00+00:00,46.48,48.01,46.33,47.8,30055434
2020-06-16 04:00:00+00:00,48.94,49.24,48.06,48.82,28166332
2020-06-17 04:00:00+00:00,49.09,49.27,48.73,48.84,17558148
2020-06-18 04:00:00+00:00,48.72,49.08,48.61,49.03,13909974
2020-06-19 04:00:00+00:00,49.62,49.67,48.46,48.69,31990728
2020-06-22 04:00:00+00:00,48.75,49.65,48.67,49.61,14873786
2020-06-23 04:00:00+00:00,50.05,50.54,49.89,49.96,19188502
2020-06-24 04:00:00+00:00,49.76,50.04,48.57,48.84,25647010
2020-06-25 04:00:00+00:00,48.91,49.51,48.38,49.46,20988056
2020-06-26 04:00:00+00:00,49.37,49.44,48.34,48.48,46196378
2020-06-29 04:00:00+00:00,48.48,49.02,47.9,49.02,18743560
2020-06-30 04:00:00+00:00,49.02,50.1,48.96,49.9,16889722
2020-07-01 04:00:00+00:00,49.93,50.27,49.7,49.98,25504460
2020-07-02 04:00:00+00:00,50.45,50.72,50.16,50.27,20579436
2020-07-06 04:00:00+00:00,50.92,51.39,50.89,51.15,17243342
2020-07-07 04:00:00+00:00,51.09,51.61,50.56,50.61,17238724
2020-07-08 04:00:00+00:00,51.01,51.44,50.74,51.43,13920486
2020-07-09 04:00:00+00:00,51.86,51.87,50.89,51.63,17845786
2020-07-10 04:00:00+00:00,51.51,51.64,51.0,51.61,14819196
2020-07-13 04:00:00+00:00,52.05,52.39,50.41,50.55,29508918
2020-07-14 04:00:00+00:00,50.14,51.2,49.61,51.12,30166700
2020-07-15 04:00:00+00:00,51.59,51.84,50.8,51.4,24120958
2020-07-16 04:00:00+00:00,50.85,51.0,50.37,50.77,17313088
2020-07-17 04:00:00+00:00,51.07,51.16,50.55,51.01,13112810
2020-07-20 04:00:00+00:00,51.16,52.44,50.87,52.3,18236804
2020-07-21 04:00:00+00:00,52.69,52.71,51.6,51.79,18937174
2020-07-22 04:00:00+00:00,51.84,52.37,51.8,52.22,15165618
2020-07-23 04:00:00+00:00,51.93,52.27,50.62,50.85,23528194
2020-07-24 04:00:00+00:00,50.0,50.57,49.41,50.26,23123344
2020-07-27 04:00:00+00:00,50.54,51.08,50.44,51.03,17146760
2020-07-28 04:00:00+00:00,50.87,51.03,50.39,50.43,17978928
2020-07-29 04:00:00+00:00,50.62,51.3,50.62,51.16,13333054
2020-07-30 04:00:00+00:00,50.7,51.48,50.43,51.45,21917616
2020-07-31 04:00:00+00:00,52.26,52.75,51.41,52.73,25887630
2020-08-03 04:00:00+00:00,53.45,54.2,53.43,54.03,25509748
2020-08-04 04:00:00+00:00,53.92,54.18,53.68,54.17,19897698
2020-08-05 04:00:00+00:00,54.34,54.5,54.1,54.37,14525628
2020-08-06 04:00:00+00:00,54.33,55.19,54.21,55.14,18342484
2020-08-07 04:00:00+00:00,54.92,54.92,53.88,54.32,34005166
2020-08-10 04:00:00+00:00,54.42,54.51,53.43,54.16,18433144
2020-08-11 04:00:00+00:00,53.98,54.21,53.08,53.19,19151594
2020-08-12 04:00:00+00:00,53.62,54.54,53.55,54.4,14418380
2020-08-13 04:00:00+00:00,54.47,54.87,54.22,54.42,11613550
2020-08-14 04:00:00+00:00,54.44,54.54,54.08,54.38,8489710
2020-08-17 04:00:00+00:00,54.71,54.87,54.64,54.75,8425162
2020-08-18 04:00:00+00:00,54.85,55.1,54.49,54.95,9000826
2020-08-19 04:00:00+00:00,55.09,55.33,54.79,54.93,15097656
2020-08-20 04:00:00+00:00,54.68,55.72,54.62,55.61,13075832
2020-08-21 04:00:00+00:00,55.67,56.38,55.64,56.31,15517382
2020-08-24 04:00:00+00:00,57.13,57.15,56.33,56.81,17899796
2020-08-25 04:00:00+00:00,56.68,57.12,56.59,57.09,20365558
2020-08-26 04:00:00+00:00,57.69,58.41,57.56,58.25,16814258
2020-08-27 04:00:00+00:00,58.5,58.76,57.78,58.3,18345248
2020-08-28 04:00:00+00:00,58.53,59.0,58.45,58.81,13451654
2020-08-31 04:00:00+00:00,59.05,59.38,58.68,58.96,19613118
2020-09-01 04:00:00+00:00,59.53,60.2,59.16,60.14,28554368
2020-09-02 04:00:00+00:00,60.99,60.99,59.6,60.73,42820780
2020-09-03 04:00:00+00:00,59.69,59.74,56.73,57.2,57260082
2020-09-04 04:00:00+00:00,56.88,57.69,53.98,56.4,65408474
2020-09-08 04:00:00+00:00,54.26,55.55,53.76,53.86,48464908
2020-09-09 04:00:00+00:00,55.17,56.16,54.57,55.61,37356878
2020-09-10 04:00:00+00:00,56.36,56.46,54.03,54.36,32330416
2020-09-11 04:00:00+00:00,54.87,55.08,53.25,53.95,41513130
2020-09-14 04:00:00+00:00,54.84,55.37,54.58,55.07,26704952
2020-09-15 04:00:00+00:00,55.91,56.01,55.24,55.62,18429620
2020-09-16 04:00:00+00:00,55.87,55.94,54.71,54.76,19800634
2020-09-17 04:00:00+00:00,53.48,54.68,53.39,54.31,30616262
2020-09-18 04:00:00+00:00,54.4,54.49,52.71,53.37,42279032
2020-09-21 04:00:00+00:00,52.4,53.84,52.22,53.83,38564194
2020-09-22 04:00:00+00:00,54.42,54.8,53.5,54.66,25958210
2020-09-23 04:00:00+00:00,54.69,54.75,52.8,52.96,23901966
2020-09-24 04:00:00+00:00,52.47,53.92,52.4,53.26,35728856
2020-09-25 04:00:00+00:00,53.29,54.69,52.95,54.53,19507462
2020-09-28 04:00:00+00:00,55.43,55.58,54.97,55.57,17676018
2020-09-29 04:00:00+00:00,55.5,55.74,55.27,55.39,28930008
2020-09-30 04:00:00+00:00,55.36,56.42,55.33,55.81,22545848
2020-10-01 04:00:00+00:00,56.63,56.7,56.08,56.44,31239730
2020-10-02 04:00:00+00:00,55.12,55.97,54.79,54.96,41638688
2020-10-05 04:00:00+00:00,55.4,56.25,55.37,56.21,12480752
2020-10-06 04:00:00+00:00,56.08,56.61,55.15,55.34,30841276
2020-10-07 04:00:00+00:00,55.92,56.47,55.88,56.36,13116290
2020-10-08 04:00:00+00:00,56.85,56.85,56.46,56.65,10247672
2020-10-09 04:00:00+00:00,56.92,57.53,56.9,57.52,14586944
2020-10-12 04:00:00+00:00,58.36,59.47,58.07,59.09,19362822
2020-10-13 04:00:00+00:00,59.28,59.38,58.48,58.7,17756058
2020-10-14 04:00:00+00:00,58.85,59.16,57.96,58.4,14714940
2020-10-15 04:00:00+00:00,57.43,58.25,57.28,58.13,13341758
2020-10-16 04:00:00+00:00,58.45,58.69,57.91,57.91,11688776
2020-10-19 04:00:00+00:00,58.26,58.48,56.73,56.9,16942258
2020-10-20 04:00:00+00:00,57.12,57.7,56.75,57.1,14778586
2020-10-21 04:00:00+00:00,56.96,57.56,56.88,57.01,12262576
2020-10-22 04:00:00+00:00,57.04,57.22,56.09,56.75,13607412
2020-10-23 04:00:00+00:00,56.83,56.84,56.21,56.68,10426954
2020-10-26 04:00:00+00:00,56.06,56.5,54.76,55.45,18414522
2020-10-27 04:00:00+00:00,55.72,55.96,55.42,55.73,19206538
2020-10-28 04:00:00+00:00,54.67,54.71,53.28,53.37,33129820
2020-10-29 04:00:00+00:00,53.57,54.88,53.54,54.26,19863058
2020-10-30 04:00:00+00:00,53.5,53.83,52.44,53.11,26060876
2020-11-02 05:00:00+00:00,53.46,53.9,52.68,53.19,24186540
2020-11-03 05:00:00+00:00,53.61,54.61,53.39,54.13,23908836
2020-11-04 05:00:00+00:00,55.77,56.65,55.21,56.23,31925916
2020-11-05 05:00:00+00:00,57.71,58.15,57.47,58.05,22632484
2020-11-06 05:00:00+00:00,57.84,58.37,57.05,58.19,19612320
2020-11-09 05:00:00+00:00,59.47,60.0,57.71,57.77,42000544
2020-11-10 05:00:00+00:00,57.26,57.66,56.23,56.66,23725014
2020-11-11 05:00:00+00:00,57.26,58.19,57.15,58.03,14650552
2020-11-12 05:00:00+00:00,58.03,58.32,57.25,57.52,14638174
2020-11-13 05:00:00+00:00,57.95,58.12,57.41,58.0,12129526
2020-11-16 05:00:00+00:00,58.01,58.67,57.89,58.56,15063424
2020-11-17 05:00:00+00:00,58.27,58.55,57.99,58.21,10105288
2020-11-18 05:00:00+00:00,58.14,58.42,57.59,57.62,9691852
2020-11-19 05:00:00+00:00,57.5,58.19,57.25,58.08,12290986
2020-11-20 05:00:00+00:00,58.13,58.15,57.46,57.48,10091992
2020-11-23 05:00:00+00:00,57.66,58.04,56.97,57.47,9937032
2020-11-24 05:00:00+00:00,57.69,58.38,57.27,58.27,13879580
2020-11-25 05:00:00+00:00,58.47,58.64,58.17,58.39,12457264
2020-11-27 05:00:00+00:00,58.7,58.95,58.59,58.7,7091598
2020-11-30 05:00:00+00:00,58.68,59.18,58.02,59.1,37089760
2020-12-01 05:00:00+00:00,59.58,60.18,59.33,59.88,27108594
2020-12-02 05:00:00+00:00,59.6,59.83,59.15,59.76,16390086
2020-12-03 05:00:00+00:00,59.83,60.12,59.56,59.72,13941366
2020-12-04 05:00:00+00:00,59.81,60.33,59.68,60.32,10507168
2020-12-07 05:00:00+00:00,60.35,60.67,60.25,60.49,9016254
2020-12-08 05:00:00+00:00,60.44,60.88,60.18,60.69,8002008
2020-12-09 05:00:00+00:00,60.65,60.83,59.32,59.53,17592364
2020-12-10 05:00:00+00:00,59.16,59.89,59.02,59.61,10119282
2020-12-11 05:00:00+00:00,59.25,59.49,58.82,59.49,13328234
2020-12-14 05:00:00+00:00,59.67,60.24,59.63,59.7,11278732
2020-12-15 05:00:00+00:00,60.35,60.7,59.96,60.7,9316220
2020-12-16 05:00:00+00:00,60.76,61.33,60.58,61.11,10484282
2020-12-17 05:00:00+00:00,61.56,61.73,61.3,61.59,11927126
2020-12-18 05:00:00+00:00,61.68,61.69,60.99,61.41,18281568
2020-12-21 05:00:00+00:00,60.6,61.47,60.06,61.45,15350194
2020-12-22 05:00:00+00:00,61.78,62.25,61.5,61.97,14822336
2020-12-23 05:00:00+00:00,62.04,62.09,61.41,61.5,14332230
2020-12-24 05:00:00+00:00,61.61,62.06,61.56,61.91,4656160
2020-12-28 05:00:00+00:00,62.52,62.73,62.23,62.61,8349470
2020-12-29 05:00:00+00:00,62.95,63.03,62.2,62.31,8920248
2020-12-30 05:00:00+00:00,62.53,62.66,62.19,62.28,8210482
2020-12-31 05:00:00+00:00,62.31,62.55,61.87,62.37,11250244
2021-01-04 05:00:00+00:00,62.69,62.7,60.56,61.35,21191492
2021-01-05 05:00:00+00:00,61.21,61.85,61.18,61.75,12629510
2021-01-06 05:00:00+00:00,60.87,61.87,60.5,60.69,31266450
2021-01-07 05:00:00+00:00,61.27,62.44,61.25,62.32,22565004
2021-01-08 05:00:00+00:00,62.63,62.89,62.02,62.73,12487076
2021-01-11 05:00:00+00:00,62.12,62.65,61.95,62.21,22543840
2021-01-12 05:00:00+00:00,62.15,62.21,61.32,61.91,17243768
2021-01-13 05:00:00+00:00,61.99,62.49,61.87,62.3,16329362
2021-01-14 05:00:00+00:00,62.47,62.59,61.66,61.76,18460198
2021-01-15 05:00:00+00:00,61.66,61.94,61.0,61.12,13424888
2021-01-19 05:00:00+00:00,61.55,62.02,61.33,61.92,11680572
2021-01-20 05:00:00+00:00,62.39,63.37,62.31,63.15,11955160
2021-01-21 05:00:00+00:00,63.49,64.17,63.15,63.96,9109164
2021-01-22 05:00:00+00:00,63.69,64.04,63.56,63.72,15439480
2021-01-25 05:00:00+00:00,64.44,64.66,62.7,64.28,20818840
2021-01-26 05:00:00+00:00,64.48,64.58,64.05,64.29,8717636
2021-01-27 05:00:00+00:00,63.99,64.19,62.51,63.08,25028162
2021-01-28 05:00:00+00:00,63.4,64.39,63.19,63.34,16452522
2021-01-29 05:00:00+00:00,63.02,63.27,61.51,61.85,19275524
2021-02-01 05:00:00+00:00,62.58,63.7,62.12,63.4,11460774
2021-02-02 05:00:00+00:00,64.01,64.44,63.92,64.26,8746300
2021-02-03 05:00:00+00:00,64.38,64.52,63.84,64.03,14231170
2021-02-04 05:00:00+00:00,64.38,65.06,64.2,65.06,8282328
2021-02-05 05:00:00+00:00,65.25,65.26,64.73,64.91,11506976
2021-02-08 05:00:00+00:00,65.18,65.62,65.09,65.59,14033598
2021-02-09 05:00:00+00:00,65.42,65.83,65.4,65.52,10690270
2021-02-10 05:00:00+00:00,65.78,65.86,64.86,65.42,9562204
2021-02-11 05:00:00+00:00,65.81,66.18,65.61,66.14,7768348
2021-02-12 05:00:00+00:00,65.97,66.52,65.79,66.48,6865950
2021-02-16 05:00:00+00:00,66.74,66.79,66.09,66.27,9912220
2021-02-17 05:00:00+00:00,65.66,65.82,65.02,65.68,17415800
2021-02-18 05:00:00+00:00,65.0,65.47,64.53,65.36,11133644
2021-02-19 05:00:00+00:00,65.69,65.75,64.97,65.26,11399930
2021-02-22 05:00:00+00:00,64.46,64.67,63.79,63.82,14428164
2021-02-23 05:00:00+00:00,62.76,64.04,61.69,63.65,24298232
2021-02-24 05:00:00+00:00,63.17,64.68,62.69,64.62,16728538
2021-02-25 05:00:00+00:00,64.04,64.47,62.08,62.35,36828732
2021-02-26 05:00:00+00:00,62.98,63.66,62.14,62.64,36177072
2021-03-01 05:00:00+00:00,63.76,64.75,63.35,64.7,27105212
2021-03-02 05:00:00+00:00,64.8,64.85,63.59,63.68,24544614
2021-03-03 05:00:00+00:00,63.38,63.56,62.02,62.06,31885492
2021-03-04 05:00:00+00:00,61.89,62.34,59.94,60.71,79004094
2021-03-05 05:00:00+00:00,61.47,62.03,59.82,61.86,46488790
2021-03-08 05:00:00+00:00,61.8,62.1,60.3,60.36,35667076
2021-03-09 05:00:00+00:00,61.77,62.8,61.69,62.41,23499042
2021-03-10 05:00:00+00:00,63.08,63.09,62.12,62.16,18676766
2021-03-11 05:00:00+00:00,63.1,63.89,62.96,63.51,13580028
2021-03-12 05:00:00+00:00,62.73,63.06,62.33,63.04,12641758
2021-03-15 04:00:00+00:00,63.08,63.75,62.83,63.71,21426560
2021-03-16 04:00:00+00:00,64.2,64.8,63.91,64.19,13715508
2021-03-17 04:00:00+00:00,63.67,64.52,63.19,64.14,21610912
2021-03-18 04:00:00+00:00,63.26,63.37,62.28,62.36,17847250
2021-03-19 04:00:00+00:00,62.37,62.64,61.87,62.17,28094692
2021-03-22 04:00:00+00:00,62.5,63.7,62.4,63.39,16230608
2021-03-23 04:00:00+00:00,63.56,63.84,62.83,63.0,13231666
2021-03-24 04:00:00+00:00,63.38,63.39,62.22,62.23,14436340
2021-03-25 04:00:00+00:00,61.86,62.47,61.4,62.25,24494346
2021-03-26 04:00:00+00:00,62.16,63.84,62.14,63.78,15502906
2021-03-29 04:00:00+00:00,63.58,63.76,62.96,63.44,17541286
2021-03-30 04:00:00+00:00,63.0,63.06,62.46,62.84,13385706
2021-03-31 04:00:00+00:00,63.32,64.23,63.27,63.84,15844808
2021-04-01 04:00:00+00:00,64.54,65.13,64.48,65.13,14902934
2021-04-05 04:00:00+00:00,65.51,66.59,65.42,66.47,13264896
2021-04-06 04:00:00+00:00,66.37,66.58,65.97,66.19,11554380
2021-04-07 04:00:00+00:00,66.14,66.66,65.9,66.54,10224140
2021-04-08 04:00:00+00:00,67.16,67.52,67.05,67.5,14144554
2021-04-09 04:00:00+00:00,67.26,68.17,67.14,68.15,9585264
2021-04-12 04:00:00+00:00,67.87,68.04,67.49,67.82,15907056
2021-04-13 04:00:00+00:00,68.08,68.52,67.96,68.46,11316230
2021-04-14 04:00:00+00:00,68.45,68.49,67.61,67.74,11216210
2021-04-15 04:00:00+00:00,68.36,68.95,68.35,68.9,11028862
2021-04-16 04:00:00+00:00,68.95,69.02,68.6,68.89,11695578
2021-04-19 04:00:00+00:00,68.58,68.9,67.91,68.31,10254650
2021-04-20 04:00:00+00:00,68.17,68.47,67.33,67.71,9873486
2021-04-21 04:00:00+00:00,67.59,68.41,67.4,68.39,9402922
2021-04-22 04:00:00+00:00,68.27,68.56,67.29,67.59,11820684
2021-04-23 04:00:00+00:00,67.71,68.81,67.7,68.6,9400296
2021-04-26 04:00:00+00:00,68.62,69.02,68.57,68.95,7866766
2021-04-27 04:00:00+00:00,69.06,69.11,68.53,68.78,10943324
2021-04-28 04:00:00+00:00,68.38,68.47,67.97,68.14,10815048
2021-04-29 04:00:00+00:00,68.7,68.78,67.39,68.08,13416560
2021-04-30 04:00:00+00:00,67.39,67.76,67.0,67.16,10720096
2021-05-03 04:00:00+00:00,67.52,67.65,66.8,66.97,10805740
2021-05-04 04:00:00+00:00,66.47,66.49,65.04,65.77,22092362
2021-05-05 04:00:00+00:00,66.3,66.4,65.48,65.61,11244264
2021-05-06 04:00:00+00:00,65.58,66.3,65.11,66.27,14339178
2021-05-07 04:00:00+00:00,66.93,67.23,66.54,66.83,19542728
2021-05-10 04:00:00+00:00,66.51,66.54,65.12,65.15,20284548
2021-05-11 04:00:00+00:00,63.9,65.08,63.75,64.95,28783856
2021-05-12 04:00:00+00:00,63.99,64.34,62.95,63.12,29414512
2021-05-13 04:00:00+00:00,63.81,64.53,63.53,63.96,22615040
2021-05-14 04:00:00+00:00,64.67,65.59,64.55,65.37,16820244
2021-05-17 04:00:00+00:00,64.98,65.0,64.29,64.89,16506402
2021-05-18 04:00:00+00:00,65.07,65.21,64.32,64.37,12157820
2021-05-19 04:00:00+00:00,63.37,64.64,63.21,64.6,30974562
2021-05-20 04:00:00+00:00,64.85,66.05,64.84,65.83,17216854
2021-05-21 04:00:00+00:00,66.16,66.23,65.41,65.47,14361658
2021-05-24 04:00:00+00:00,66.01,66.86,65.98,66.63,13594518
2021-05-25 04:00:00+00:00,66.9,67.05,66.5,66.65,11532192
2021-05-26 04:00:00+00:00,66.75,66.94,66.43,66.65,13584780
2021-05-27 04:00:00+00:00,66.59,66.86,66.28,66.29,11603696
2021-05-28 04:00:00+00:00,66.63,66.91,66.5,66.53,9362502
2021-06-01 04:00:00+00:00,66.83,66.9,66.08,66.2,13374134
2021-06-02 04:00:00+00:00,66.34,66.93,66.21,66.66,10336086
2021-06-03 04:00:00+00:00,66.12,66.39,65.64,66.04,12960712
2021-06-04 04:00:00+00:00,66.44,67.39,66.44,67.31,11477608
2021-06-07 04:00:00+00:00,67.25,67.37,66.97,67.29,11929066
2021-06-08 04:00:00+00:00,67.62,67.9,67.11,67.3,8995340
2021-06-09 04:00:00+00:00,67.63,67.74,67.31,67.34,9881550
2021-06-10 04:00:00+00:00,67.49,68.01,67.25,67.84,11309566
2021-06-11 04:00:00+00:00,67.93,68.25,67.87,68.25,13925944
2021-06-14 04:00:00+00:00,68.31,68.94,68.03,68.94,13901390
2021-06-15 04:00:00+00:00,68.89,68.89,68.39,68.52,15301394
2021-06-16 04:00:00+00:00,68.65,68.78,67.47,68.15,19528622
2021-06-17 04:00:00+00:00,67.95,69.22,67.95,68.93,15904916
2021-06-18 04:00:00+00:00,68.6,68.87,68.22,68.3,21540084
2021-06-21 04:00:00+00:00,68.33,69.07,67.89,69.04,12328466
2021-06-22 04:00:00+00:00,68.99,69.7,68.92,69.66,9450342
2021-06-23 04:00:00+00:00,69.67,69.83,69.43,69.58,8387908
2021-06-24 04:00:00+00:00,70.03,70.24,69.88,70.02,12348744
2021-06-25 04:00:00+00:00,70.09,70.14,69.83,69.94,14663836
2021-06-28 04:00:00+00:00,70.23,70.76,70.22,70.67,12596850
2021-06-29 04:00:00+00:00,70.71,71.22,70.55,71.19,9978984
2021-06-30 04:00:00+00:00,71.08,71.28,70.89,71.11,11175490
2021-07-01 04:00:00+00:00,71.02,71.23,70.75,71.23,11964512
2021-07-02 04:00:00+00:00,71.57,72.25,71.55,72.17,13144186
2021-07-06 04:00:00+00:00,72.33,72.79,71.75,72.45,12712858
2021-07-07 04:00:00+00:00,72.91,72.99,72.26,72.84,15388238
2021-07-08 04:00:00+00:00,71.69,72.35,71.37,72.15,17577634
2021-07-09 04:00:00+00:00,72.06,72.88,71.96,72.82,10096548
2021-07-12 04:00:00+00:00,73.11,73.14,72.64,72.87,9937712
2021-07-13 04:00:00+00:00,72.75,73.7,72.69,73.17,15724614
2021-07-14 04:00:00+00:00,73.76,74.09,73.39,73.71,12979704
2021-07-15 04:00:00+00:00,73.63,73.68,72.72,73.11,12722612
2021-07-16 04:00:00+00:00,73.25,73.6,72.31,72.38,15295032
2021-07-19 04:00:00+00:00,71.52,71.72,70.97,71.39,24253974
2021-07-20 04:00:00+00:00,71.74,72.85,71.33,72.45,14715530
2021-07-21 04:00:00+00:00,72.42,73.16,72.28,73.14,12440014
2021-07-22 04:00:00+00:00,73.3,73.74,73.3,73.68,9578160
2021-07-23 04:00:00+00:00,74.01,74.45,73.75,74.42,12903164
2021-07-26 04:00:00+00:00,74.23,74.51,73.95,74.38,9094100
2021-07-27 04:00:00+00:00,74.29,74.31,72.74,73.67,18371186
2021-07-28 04:00:00+00:00,73.7,73.97,72.88,73.58,13941162
2021-07-29 04:00:00+00:00,73.5,74.17,73.5,73.92,12030696
2021-07-30 04:00:00+00:00,73.45,73.95,73.43,73.88,10334738
2021-08-02 04:00:00+00:00,74.21,74.31,73.51,73.61,12453992
2021-08-03 04:00:00+00:00,73.75,74.12,73.15,74.08,10907890
2021-08-04 04:00:00+00:00,74.03,74.42,73.79,74.23,11494138
2021-08-05 04:00:00+00:00,74.37,74.67,74.15,74.64,6808808
2021-08-06 04:00:00+00:00,74.38,74.67,74.36,74.58,7806778
2021-08-09 04:00:00+00:00,74.67,74.8,74.27,74.34,7307902
2021-08-10 04:00:00+00:00,74.47,74.54,73.59,73.8,10528396
2021-08-11 04:00:00+00:00,74.06,74.19,73.44,73.81,10949652
2021-08-12 04:00:00+00:00,73.74,74.28,73.43,74.24,7160720
2021-08-13 04:00:00+00:00,74.29,74.66,74.2,74.64,5797418
2021-08-16 04:00:00+00:00,74.46,74.99,73.83,74.98,9618946
2021-08-17 04:00:00+00:00,74.52,74.64,73.9,74.36,20857692
2021-08-18 04:00:00+00:00,74.18,74.52,73.25,73.33,13725804
2021-08-19 04:00:00+00:00,72.93,74.32,72.82,74.05,19617680
2021-08-20 04:00:00+00:00,74.33,75.07,74.15,75.0,15080094
2021-08-23 04:00:00+00:00,75.2,76.08,75.2,75.97,11057932
2021-08-24 04:00:00+00:00,76.07,76.15,75.82,75.88,9537024
2021-08-25 04:00:00+00:00,76.06,76.26,75.72,75.84,9629168
2021-08-26 04:00:00+00:00,75.75,75.9,75.3,75.36,12197752
2021-08-27 04:00:00+00:00,75.43,76.14,75.3,76.09,14086266
2021-08-30 04:00:00+00:00,76.32,77.0,76.32,76.91,10156884
2021-08-31 04:00:00+00:00,76.96,76.98,76.36,76.51,22174194
2021-09-01 04:00:00+00:00,76.77,77.12,76.46,76.52,22082122
2021-09-02 04:00:00+00:00,76.81,76.91,76.13,76.44,23427802
2021-09-03 04:00:00+00:00,76.35,76.95,76.33,76.75,22915534
2021-09-07 04:00:00+00:00,76.84,76.93,76.4,76.77,21422558
2021-09-08 04:00:00+00:00,76.76,76.78,75.93,76.47,11582746
2021-09-09 04:00:00+00:00,76.52,76.79,76.12,76.18,11319678
2021-09-10 04:00:00+00:00,76.61,76.79,75.36,75.43,17222362
2021-09-13 04:00:00+00:00,76.0,76.2,74.96,75.46,22752730
2021-09-14 04:00:00+00:00,75.78,75.93,75.16,75.36,18602508
2021-09-15 04:00:00+00:00,75.61,76.08,75.19,76.02,16484206
2021-09-16 04:00:00+00:00,75.75,76.14,75.28,76.06,16235676
2021-09-17 04:00:00+00:00,75.86,75.87,74.77,74.88,22961228
2021-09-20 04:00:00+00:00,73.78,74.16,72.53,73.51,37923198
2021-09-21 04:00:00+00:00,73.96,74.14,73.26,73.54,18652020
2021-09-22 04:00:00+00:00,73.94,74.84,73.61,74.55,28327546
2021-09-23 04:00:00+00:00,74.94,75.73,74.71,75.55,19701308
2021-09-24 04:00:00+00:00,75.09,75.73,75.06,75.6,11652454
2021-09-27 04:00:00+00:00,74.97,75.14,74.39,74.87,15153010
2021-09-28 04:00:00+00:00,73.91,74.08,72.59,72.65,38480046
2021-09-29 04:00:00+00:00,72.95,73.33,72.43,72.56,25011958
2021-09-30 04:00:00+00:00,72.98,73.3,72.0,72.04,33638786
2021-10-01 04:00:00+00:00,72.3,73.28,71.56,73.12,48402560
2021-10-04 04:00:00+00:00,72.7,72.79,70.86,71.43,52887174
2021-10-05 04:00:00+00:00,71.57,72.86,71.51,72.45,35825942
2021-10-06 04:00:00+00:00,71.61,72.97,71.37,72.92,42955744
2021-10-07 04:00:00+00:00,73.55,74.16,73.45,73.59,19895612
2021-10-08 04:00:00+00:00,73.87,73.92,73.19,73.31,18554090
2021-10-11 04:00:00+00:00,72.98,73.89,72.86,72.91,15156362
2021-10-12 04:00:00+00:00,73.19,73.28,72.41,72.53,17978758
2021-10-13 04:00:00+00:00,72.84,73.13,72.37,72.97,19667684
2021-10-14 04:00:00+00:00,73.72,74.65,73.61,74.62,15200418
2021-10-15 04:00:00+00:00,74.88,75.23,74.65,75.22,12777944
2021-10-18 04:00:00+00:00,74.8,75.89,74.59,75.85,11902542
2021-10-19 04:00:00+00:00,76.06,76.61,75.9,76.61,13443988
2021-10-20 04:00:00+00:00,76.68,76.79,76.06,76.39,12164544
2021-10-21 04:00:00+00:00,76.16,76.73,76.01,76.69,10201014
2021-10-22 04:00:00+00:00,76.66,76.98,76.1,76.42,12540712
2021-10-25 04:00:00+00:00,76.71,76.95,76.37,76.67,10377262
2021-10-26 04:00:00+00:00,77.19,77.51,76.85,76.89,13261426
2021-10-27 04:00:00+00:00,77.02,77.41,76.75,76.82,19204072
2021-10-28 04:00:00+00:00,77.29,77.65,77.15,77.59,13020386
2021-10-29 04:00:00+00:00,76.83,77.98,76.74,77.93,20302370
2021-11-01 04:00:00+00:00,77.93,77.97,77.42,77.81,27058958
2021-11-02 04:00:00+00:00,77.92,78.69,77.92,78.5,29746488
2021-11-03 04:00:00+00:00,78.63,79.12,78.17,78.96,28785856
2021-11-04 04:00:00+00:00,79.25,80.38,79.11,80.19,31771786
2021-11-05 04:00:00+00:00,80.78,81.06,80.1,80.61,29181392
2021-11-08 05:00:00+00:00,80.87,81.18,80.68,81.04,12844326
2021-11-09 05:00:00+00:00,81.16,81.25,80.29,80.71,16976328
2021-11-10 05:00:00+00:00,80.08,80.48,79.13,79.38,29216484
2021-11-11 05:00:00+00:00,79.94,79.98,79.62,79.75,10318370
2021-11-12 05:00:00+00:00,80.01,80.85,79.88,80.72,12438826
2021-11-15 05:00:00+00:00,81.04,81.16,80.18,80.63,12694112
2021-11-16 05:00:00+00:00,80.54,81.59,80.49,81.48,13755664
2021-11-17 05:00:00+00:00,81.32,81.75,80.98,81.24,15608124
2021-11-18 05:00:00+00:00,81.71,82.16,81.12,82.05,21893258
2021-11-19 05:00:00+00:00,82.34,82.96,82.07,82.65,17861500
2021-11-22 05:00:00+00:00,82.97,84.06,81.68,81.72,28728078
2021-11-23 05:00:00+00:00,81.41,81.8,80.5,81.54,29622202
2021-11-24 05:00:00+00:00,81.05,82.15,80.65,82.13,18421160
2021-11-26 05:00:00+00:00,80.96,81.58,79.76,80.08,25106118
2021-11-29 05:00:00+00:00,81.27,82.3,81.02,82.08,25293348
2021-11-30 05:00:00+00:00,81.77,82.52,80.7,81.4,54569016
2021-12-01 05:00:00+00:00,82.26,82.88,80.21,80.28,39456006
2021-12-02 05:00:00+00:00,79.54,81.39,79.37,81.02,47081980
2021-12-03 05:00:00+00:00,81.25,81.5,78.66,79.66,48720834
2021-12-06 05:00:00+00:00,79.9,80.66,79.07,80.42,42565864
2021-12-07 05:00:00+00:00,82.02,83.33,82.01,83.23,31290916
2021-12-08 05:00:00+00:00,83.26,83.67,82.68,83.61,26223738
2021-12-09 05:00:00+00:00,83.4,83.95,82.64,82.71,17423912
2021-12-10 05:00:00+00:00,83.58,84.47,83.33,84.37,28304900
2021-12-13 05:00:00+00:00,84.54,84.71,82.99,83.09,21443532
2021-12-14 05:00:00+00:00,82.11,82.64,80.76,81.75,27387344
2021-12-15 05:00:00+00:00,81.82,84.0,81.04,83.91,28676146
2021-12-16 05:00:00+00:00,84.23,84.36,81.05,81.54,31367142
2021-12-17 05:00:00+00:00,80.64,81.78,80.22,80.99,45417404
2021-12-20 05:00:00+00:00,79.75,80.28,79.44,80.03,33579798
2021-12-21 05:00:00+00:00,80.88,82.12,80.13,82.05,17053938
2021-12-22 05:00:00+00:00,81.94,83.18,81.72,83.13,13524854
2021-12-23 05:00:00+00:00,83.24,83.92,83.23,83.59,9864656
2021-12-27 05:00:00+00:00,83.92,85.4,83.9,85.38,13529066
2021-12-28 05:00:00+00:00,85.54,85.57,84.73,84.94,11488228
2021-12-29 05:00:00+00:00,84.97,85.35,84.57,85.01,9886054
2021-12-30 05:00:00+00:00,85.04,85.33,84.35,84.45,10682250
2021-12-31 05:00:00+00:00,84.37,84.57,84.0,84.04,10256616
2022-01-03 05:00:00+00:00,84.15,84.91,83.78,84.84,20444356
2022-01-04 05:00:00+00:00,84.98,85.07,83.3,83.94,16830020
2022-01-05 05:00:00+00:00,83.45,83.51,81.33,81.36,23691068
2022-01-06 05:00:00+00:00,80.71,81.78,80.46,80.95,24017362
2022-01-07 05:00:00+00:00,80.89,81.28,79.67,80.2,33534230
2022-01-10 05:00:00+00:00,79.01,80.32,77.96,80.22,32767836
2022-01-11 05:00:00+00:00,80.01,81.29,79.41,81.18,19612404
2022-01-12 05:00:00+00:00,81.78,82.34,81.15,81.56,18221874
2022-01-13 05:00:00+00:00,81.98,82.22,79.25,79.45,21002734
2022-01-14 05:00:00+00:00,78.91,80.17,78.91,80.12,22579574
2022-01-18 05:00:00+00:00,78.95,79.42,77.98,78.2,24853260
2022-01-19 05:00:00+00:00,78.44,79.41,77.03,77.1,25435048
2022-01-20 05:00:00+00:00,77.79,78.66,76.01,76.11,38118436
2022-01-21 05:00:00+00:00,75.92,76.8,74.58,74.59,48542052
2022-01-24 05:00:00+00:00,73.35,75.03,70.68,74.98,67593644
2022-01-25 05:00:00+00:00,73.51,74.64,72.41,73.25,49449604
2022-01-26 05:00:00+00:00,75.24,76.12,72.8,73.68,53740318
2022-01-27 05:00:00+00:00,74.87,75.27,72.9,73.17,39490952
2022-01-28 05:00:00+00:00,74.08,76.39,72.98,76.37,44327484
2022-01-31 05:00:00+00:00,76.39,78.39,76.02,78.29,29822836
2022-02-01 05:00:00+00:00,78.39,78.62,77.35,78.49,23646612
2022-02-02 05:00:00+00:00,78.66,79.26,78.13,79.13,25720708
2022-02-03 05:00:00+00:00,78.01,78.54,76.55,76.83,27946872
2022-02-04 05:00:00+00:00,76.42,77.82,76.1,77.14,29904422
2022-02-07 05:00:00+00:00,77.2,77.66,76.33,76.63,15000336
2022-02-08 05:00:00+00:00,76.39,77.79,76.21,77.58,21259700
2022-02-09 05:00:00+00:00,78.58,79.32,78.25,79.3,17856708
2022-02-10 05:00:00+00:00,77.72,79.04,76.82,77.22,31763684
2022-02-11 05:00:00+00:00,77.3,77.64,74.58,74.87,34922310
2022-02-14 05:00:00+00:00,74.67,75.44,73.97,74.84,41114996
2022-02-15 05:00:00+00:00,75.97,76.86,75.7,76.81,24486580
2022-02-16 05:00:00+00:00,76.29,77.0,75.46,76.73,20371446
2022-02-17 05:00:00+00:00,76.02,76.09,74.29,74.44,24951974
2022-02-18 05:00:00+00:00,74.69,74.8,73.12,73.68,25347768
2022-02-22 05:00:00+00:00,72.91,74.17,72.2,73.0,27006770
2022-02-23 05:00:00+00:00,73.76,73.96,71.1,71.17,37923294
2022-02-24 05:00:00+00:00,68.73,73.66,68.5,73.58,52283938
2022-02-25 05:00:00+00:00,73.72,74.63,72.81,74.6,28474382
2022-02-28 05:00:00+00:00,73.81,74.78,73.19,74.47,36564754
2022-03-01 05:00:00+00:00,74.19,74.57,72.41,72.98,29959530
2022-03-02 05:00:00+00:00,73.52,74.87,72.95,74.56,25744602
2022-03-03 05:00:00+00:00,75.19,75.19,73.29,73.67,23650614
2022-03-04 05:00:00+00:00,73.1,73.4,71.81,72.38,26793588
2022-03-07 05:00:00+00:00,72.32,72.65,69.69,69.73,32928584
2022-03-08 05:00:00+00:00,69.54,71.55,68.37,69.39,36964136
2022-03-09 05:00:00+00:00,71.28,72.47,70.71,72.14,36126198
2022-03-10 05:00:00+00:00,70.86,71.08,69.8,70.88,27487152
2022-03-11 05:00:00+00:00,71.51,71.69,69.52,69.63,21485612
2022-03-14 04:00:00+00:00,69.31,70.1,68.14,68.34,28380128
2022-03-15 04:00:00+00:00,68.88,70.78,68.65,70.64,23059698
2022-03-16 04:00:00+00:00,71.53,72.96,70.4,72.93,27240066
2022-03-17 04:00:00+00:00,72.54,73.5,72.15,73.45,18572156
2022-03-18 04:00:00+00:00,73.19,75.09,72.83,74.95,27947924
2022-03-21 04:00:00+00:00,74.55,75.21,73.83,74.81,22395296
2022-03-22 04:00:00+00:00,74.86,76.28,74.76,75.89,17507040
2022-03-23 04:00:00+00:00,75.18,75.87,74.65,74.72,12661952
2022-03-24 04:00:00+00:00,75.13,76.68,74.88,76.66,14309060
2022-03-25 04:00:00+00:00,76.78,76.89,75.66,76.62,15019470
2022-03-28 04:00:00+00:00,76.26,77.56,76.07,77.53,23660440
2022-03-29 04:00:00+00:00,78.43,79.25,77.87,79.17,19497774
2022-03-30 04:00:00+00:00,78.77,78.99,77.71,78.12,19308712
2022-03-31 04:00:00+00:00,78.11,78.25,76.84,76.96,19902140
2022-04-01 04:00:00+00:00,77.04,77.22,75.88,76.73,30671120
2022-04-04 04:00:00+00:00,76.93,78.23,76.9,78.19,23085582
2022-04-05 04:00:00+00:00,77.85,78.03,76.28,76.54,25551972
2022-04-06 04:00:00+00:00,75.27,75.44,74.07,74.73,34341438
2022-04-07 04:00:00+00:00,74.34,75.35,73.83,74.85,23341204
2022-04-08 04:00:00+00:00,74.51,74.69,73.64,73.8,26383216
2022-04-11 04:00:00+00:00,72.88,72.97,71.85,71.94,21677306
2022-04-12 04:00:00+00:00,72.83,73.39,71.35,71.62,22412508
2022-04-13 04:00:00+00:00,71.67,73.0,71.4,72.78,14816872
2022-04-14 04:00:00+00:00,72.85,72.98,70.97,71.01,17589042
2022-04-18 04:00:00+00:00,70.66,71.7,70.64,71.24,14153626
2022-04-19 04:00:00+00:00,71.06,72.7,70.8,72.58,14021738
2022-04-20 04:00:00+00:00,73.28,73.47,72.3,72.51,15856984
2022-04-21 04:00:00+00:00,73.22,73.9,71.06,71.28,19187454
2022-04-22 04:00:00+00:00,71.2,71.62,69.19,69.28,22606984
2022-04-25 04:00:00+00:00,68.98,70.37,68.55,70.33,29103168
2022-04-26 04:00:00+00:00,69.69,69.79,67.67,67.71,26589608
2022-04-27 04:00:00+00:00,68.46,70.03,68.31,68.71,40468438
2022-04-28 04:00:00+00:00,69.79,71.87,69.42,71.46,28434666
2022-04-29 04:00:00+00:00,70.68,71.5,68.35,68.48,30470036
2022-05-02 04:00:00+00:00,68.4,69.61,67.63,69.52,38552904
2022-05-03 04:00:00+00:00,69.51,70.07,69.0,69.64,27827498
2022-05-04 04:00:00+00:00,69.91,72.22,68.76,72.09,28947076
2022-05-05 04:00:00+00:00,71.03,71.12,67.8,68.62,37457936
2022-05-06 04:00:00+00:00,68.0,69.16,67.05,68.07,35897814
2022-05-09 04:00:00+00:00,66.84,67.27,65.13,65.44,41240956
2022-05-10 04:00:00+00:00,66.99,67.37,65.44,66.43,36614964
2022-05-11 04:00:00+00:00,65.83,67.08,64.14,64.34,35069858
2022-05-12 04:00:00+00:00,63.38,64.6,62.19,63.67,36814486
2022-05-13 04:00:00+00:00,64.54,66.11,64.12,65.79,24556568
2022-05-16 04:00:00+00:00,65.24,66.08,64.65,65.21,18511872
2022-05-17 04:00:00+00:00,66.61,67.2,65.86,67.1,18800652
2022-05-18 04:00:00+00:00,66.21,66.4,63.78,64.03,24205768
2022-05-19 04:00:00+00:00,63.55,64.41,63.02,63.32,21169776
2022-05-20 04:00:00+00:00,64.21,64.38,61.52,63.46,20569066
2022-05-23 04:00:00+00:00,63.66,65.0,63.46,64.92,17582940
2022-05-24 04:00:00+00:00,64.02,64.34,62.84,63.96,17653706
2022-05-25 04:00:00+00:00,63.54,65.18,63.49,64.7,13833174
2022-05-26 04:00:00+00:00,64.33,66.54,64.19,66.26,15984098
2022-05-27 04:00:00+00:00,67.0,68.51,66.87,68.5,16549664
2022-05-31 04:00:00+00:00,68.23,68.68,67.35,68.01,19472886
2022-06-01 04:00:00+00:00,68.74,69.2,67.3,67.81,13595062
2022-06-02 04:00:00+00:00,67.33,69.45,67.01,69.45,14067212
2022-06-03 04:00:00+00:00,68.13,68.6,67.47,67.79,11366264
2022-06-06 04:00:00+00:00,68.64,69.07,67.46,67.79,12820686
2022-06-07 04:00:00+00:00,67.07,68.73,66.94,68.6,11251638
2022-06-08 04:00:00+00:00,68.4,68.73,67.64,67.83,9029184
2022-06-09 04:00:00+00:00,67.33,67.99,66.0,66.02,9990162
2022-06-10 04:00:00+00:00,64.88,65.08,63.46,63.48,21383212
2022-06-13 04:00:00+00:00,61.48,62.06,60.44,60.67,37035314
2022-06-14 04:00:00+00:00,61.12,61.45,60.48,61.05,18671116
2022-06-15 04:00:00+00:00,61.81,63.26,60.97,62.34,25472164
2022-06-16 04:00:00+00:00,60.75,60.81,59.3,59.8,33433580
2022-06-17 04:00:00+00:00,59.79,60.92,59.37,60.35,28517426
2022-06-21 04:00:00+00:00,61.23,62.32,61.23,61.88,17814682
2022-06-22 04:00:00+00:00,61.21,62.47,61.04,61.62,15506932
2022-06-23 04:00:00+00:00,62.15,62.66,61.58,62.54,16286156
2022-06-24 04:00:00+00:00,63.26,64.8,63.26,64.79,25548356
2022-06-27 04:00:00+00:00,65.0,65.19,64.06,64.35,14197300
2022-06-28 04:00:00+00:00,64.41,65.05,62.4,62.43,15550288
2022-06-29 04:00:00+00:00,62.35,62.93,61.84,62.55,13808434
2022-06-30 04:00:00+00:00,61.72,62.49,60.74,61.72,16112828
2022-07-01 04:00:00+00:00,61.33,62.01,60.8,61.86,14212828
2022-07-05 04:00:00+00:00,61.02,62.65,60.67,62.63,14757802
2022-07-06 04:00:00+00:00,62.77,63.68,62.46,63.17,16779128
2022-07-07 04:00:00+00:00,63.45,64.62,63.45,64.48,15547562
2022-07-08 04:00:00+00:00,63.79,64.72,63.59,64.51,12804906
2022-07-11 04:00:00+00:00,63.94,64.22,63.18,63.62,11696078
2022-07-12 04:00:00+00:00,63.85,64.21,62.38,62.75,16757144
2022-07-13 04:00:00+00:00,61.57,62.99,61.3,62.59,15760926
2022-07-14 04:00:00+00:00,62.09,63.38,61.28,63.16,14054224
2022-07-15 04:00:00+00:00,63.77,64.3,63.5,64.27,13803662
2022-07-18 04:00:00+00:00,64.9,65.13,63.41,63.65,10115298
2022-07-19 04:00:00+00:00,64.36,65.66,63.97,65.59,12946498
2022-07-20 04:00:00+00:00,65.6,66.89,65.43,66.62,12790610
2022-07-21 04:00:00+00:00,66.7,67.57,66.0,67.55,13337734
2022-07-22 04:00:00+00:00,67.52,67.8,66.23,66.62,10804844
2022-07-25 04:00:00+00:00,66.59,66.66,65.7,66.2,14723784
2022-07-26 04:00:00+00:00,66.14,66.16,64.88,65.12,10446906
2022-07-27 04:00:00+00:00,66.2,68.28,66.1,67.93,17448764
2022-07-28 04:00:00+00:00,68.0,69.12,67.4,68.96,12588294
2022-07-29 04:00:00+00:00,69.17,70.24,68.88,70.02,10400874
2022-08-01 04:00:00+00:00,69.39,70.57,69.22,69.87,12914856
2022-08-02 04:00:00+00:00,69.27,70.17,68.78,69.37,16257852
2022-08-03 04:00:00+00:00,69.71,71.42,69.7,71.22,14588628
2022-08-04 04:00:00+00:00,71.19,71.58,70.74,71.54,11878874
2022-08-05 04:00:00+00:00,70.4,71.58,70.34,71.38,7955874
2022-08-08 04:00:00+00:00,71.31,71.87,70.39,70.77,11489912
2022-08-09 04:00:00+00:00,70.2,70.34,69.68,70.06,8727084
2022-08-10 04:00:00+00:00,71.73,72.03,71.15,71.98,19805392
2022-08-11 04:00:00+00:00,72.43,72.85,71.56,71.69,12043396
2022-08-12 04:00:00+00:00,72.16,73.13,71.94,73.12,8383074
2022-08-15 04:00:00+00:00,72.83,73.69,72.75,73.58,7525484
2022-08-16 04:00:00+00:00,73.25,73.73,72.7,73.38,11815954
2022-08-17 04:00:00+00:00,72.71,73.42,72.33,72.86,13398254
2022-08-18 04:00:00+00:00,72.93,73.53,72.65,73.24,10193082
2022-08-19 04:00:00+00:00,72.64,72.72,71.75,71.91,10468098
2022-08-22 04:00:00+00:00,70.93,70.95,69.73,69.9,11189532
2022-08-23 04:00:00+00:00,69.77,70.46,69.62,69.72,14990180
2022-08-24 04:00:00+00:00,69.67,70.06,69.38,69.76,9159834
2022-08-25 04:00:00+00:00,69.94,70.95,69.85,70.94,7335026
2022-08-26 04:00:00+00:00,70.91,71.08,67.86,67.91,15212332
2022-08-29 04:00:00+00:00,67.18,67.67,66.76,67.01,13487540
2022-08-30 04:00:00+00:00,67.39,67.51,65.71,66.31,13755790
2022-08-31 04:00:00+00:00,66.71,66.93,65.63,65.67,14469160
2022-09-01 04:00:00+00:00,65.03,65.43,63.98,65.35,16282152
2022-09-02 04:00:00+00:00,66.02,66.4,64.16,64.5,17274304
2022-09-06 04:00:00+00:00,64.59,64.86,63.65,64.07,15189918
2022-09-07 04:00:00+00:00,64.2,65.36,63.98,65.1,12121970
2022-09-08 04:00:00+00:00,64.61,65.66,64.32,65.32,11487154
2022-09-09 04:00:00+00:00,65.86,66.79,65.74,66.61,12105572
2022-09-12 04:00:00+00:00,67.02,67.71,67.01,67.68,10460948
2022-09-13 04:00:00+00:00,65.75,66.12,63.91,64.09,21033944
2022-09-14 04:00:00+00:00,64.39,64.79,63.7,64.32,14157910
2022-09-15 04:00:00+00:00,63.8,64.19,62.46,62.84,15322760
2022-09-16 04:00:00+00:00,62.29,62.62,61.6,62.49,21281002
2022-09-19 04:00:00+00:00,61.86,63.06,61.82,63.0,16064876
2022-09-20 04:00:00+00:00,62.41,63.02,62.08,62.63,12573452
2022-09-21 04:00:00+00:00,62.95,63.88,61.64,61.65,17201386
2022-09-22 04:00:00+00:00,61.3,61.69,60.68,61.02,16473354
2022-09-23 04:00:00+00:00,60.47,60.56,59.43,60.22,19975000
2022-09-26 04:00:00+00:00,60.04,61.05,59.63,59.81,17786158
2022-09-27 04:00:00+00:00,60.6,61.17,59.33,59.88,19839138
2022-09-28 04:00:00+00:00,59.48,60.81,59.03,60.52,19386740
2022-09-29 04:00:00+00:00,59.65,59.79,58.24,58.94,31593594
2022-09-30 04:00:00+00:00,58.7,59.57,57.7,57.81,20168532
2022-10-03 04:00:00+00:00,58.27,59.96,58.04,59.6,17771518
2022-10-04 04:00:00+00:00,60.81,61.67,60.76,61.6,18088230
2022-10-05 04:00:00+00:00,60.77,62.25,60.41,61.81,15832566
2022-10-06 04:00:00+00:00,61.64,62.32,61.23,61.3,14618274
2022-10-07 04:00:00+00:00,60.05,60.05,58.46,58.78,16319534
2022-10-10 04:00:00+00:00,58.78,58.86,57.21,57.79,16969616
2022-10-11 04:00:00+00:00,57.46,57.86,56.48,56.9,21302442
2022-10-12 04:00:00+00:00,56.95,57.34,56.63,56.73,14934352
2022-10-13 04:00:00+00:00,55.2,58.8,54.98,58.49,38630756
2022-10-14 04:00:00+00:00,58.97,59.09,56.75,56.85,23727210
2022-10-17 04:00:00+00:00,58.24,58.87,58.08,58.58,14996252
2022-10-18 04:00:00+00:00,60.1,60.31,58.33,59.08,14484766
2022-10-19 04:00:00+00:00,58.56,59.49,58.31,58.9,11509272
2022-10-20 04:00:00+00:00,58.92,60.22,58.65,58.94,12752912
2022-10-21 04:00:00+00:00,58.79,60.64,58.59,60.52,17182792
2022-10-24 04:00:00+00:00,60.77,61.58,60.03,61.35,14050072
2022-10-25 04:00:00+00:00,61.5,62.57,61.5,62.53,10486796
2022-10-26 04:00:00+00:00,60.95,62.42,60.85,61.13,15472504
2022-10-27 04:00:00+00:00,61.36,61.74,60.3,60.44,12182822
2022-10-28 04:00:00+00:00,60.77,63.2,60.77,63.07,15342064
2022-10-31 04:00:00+00:00,62.44,62.61,61.86,62.23,13535604
2022-11-01 04:00:00+00:00,63.01,63.12,61.45,61.71,9638430
2022-11-02 04:00:00+00:00,61.67,62.46,59.56,59.58,18320272
2022-11-03 04:00:00+00:00,58.75,58.86,57.79,57.83,16773602
2022-11-04 04:00:00+00:00,59.03,59.19,57.54,58.89,18245426
2022-11-07 05:00:00+00:00,58.99,59.97,58.57,59.87,10427628
2022-11-08 05:00:00+00:00,60.36,61.17,59.55,60.44,12721946
2022-11-09 05:00:00+00:00,59.88,59.91,58.78,58.87,11962548
2022-11-10 05:00:00+00:00,61.78,63.78,61.46,63.71,27932116
2022-11-11 05:00:00+00:00,63.65,65.01,63.34,64.8,15973218
2022-11-14 05:00:00+00:00,64.29,65.05,63.94,64.24,14526560
2022-11-15 05:00:00+00:00,65.7,65.97,64.37,65.02,12716116
2022-11-16 05:00:00+00:00,64.52,64.71,63.86,64.13,10095986
2022-11-17 05:00:00+00:00,63.11,64.51,63.09,64.21,8160310
2022-11-18 05:00:00+00:00,64.94,64.96,63.75,64.29,11912314
2022-11-21 05:00:00+00:00,63.92,64.19,63.47,63.6,8363846
2022-11-22 05:00:00+00:00,63.87,64.86,63.42,64.83,9019194
2022-11-23 05:00:00+00:00,64.69,65.6,64.64,65.4,9480606
2022-11-25 05:00:00+00:00,64.96,65.22,64.83,65.02,3262932
2022-11-28 05:00:00+00:00,64.29,64.7,63.37,63.63,13040250
2022-11-29 05:00:00+00:00,63.55,63.74,62.75,63.01,11570226
2022-11-30 05:00:00+00:00,62.98,66.18,62.92,66.17,23334454
2022-12-01 05:00:00+00:00,66.23,66.58,65.45,66.26,15165810
2022-12-02 05:00:00+00:00,65.15,66.1,64.9,65.88,8933138
2022-12-05 05:00:00+00:00,65.37,65.74,64.36,64.78,11526568
2022-12-06 05:00:00+00:00,64.72,64.81,62.99,63.4,11799696
2022-12-07 05:00:00+00:00,63.17,63.56,62.62,63.08,10413890
2022-12-08 05:00:00+00:00,63.43,64.29,63.05,64.11,8965786
2022-12-09 05:00:00+00:00,63.82,64.61,63.47,63.71,10402846
2022-12-12 05:00:00+00:00,63.82,65.11,63.8,65.11,14806196
2022-12-13 05:00:00+00:00,67.48,67.81,65.21,65.87,18607506
2022-12-14 05:00:00+00:00,65.81,66.58,64.56,65.32,19540956
2022-12-15 05:00:00+00:00,64.25,64.49,62.64,62.88,19226176
2022-12-16 05:00:00+00:00,62.66,63.03,61.73,62.04,23997008
2022-12-19 05:00:00+00:00,62.05,62.15,60.81,61.22,14276568
2022-12-20 05:00:00+00:00,60.89,61.62,60.6,61.31,12622074
2022-12-21 05:00:00+00:00,61.59,62.62,61.44,62.32,14670552
2022-12-22 05:00:00+00:00,61.54,61.61,59.72,60.75,15324906
2022-12-23 05:00:00+00:00,60.32,60.88,59.87,60.82,8231316
2022-12-27 05:00:00+00:00,60.61,60.71,59.88,60.24,9530210
2022-12-28 05:00:00+00:00,60.09,60.66,59.2,59.27,10362964
2022-12-29 05:00:00+00:00,59.85,61.03,59.84,60.82,10954286
2022-12-30 05:00:00+00:00,60.19,60.77,59.82,60.74,8897090
2023-01-03 05:00:00+00:00,61.39,61.79,59.73,60.16,15196140
2023-01-04 05:00:00+00:00,60.47,60.7,59.65,60.32,11813004
2023-01-05 05:00:00+00:00,60.02,60.17,59.04,59.15,11341030
2023-01-06 05:00:00+00:00,59.67,61.15,58.97,60.88,13823246
2023-01-09 05:00:00+00:00,61.43,62.71,61.41,61.59,21427266
2023-01-10 05:00:00+00:00,61.44,62.07,61.11,61.97,17209054
2023-01-11 05:00:00+00:00,62.16,63.04,61.97,63.04,13757972
2023-01-12 05:00:00+00:00,63.14,63.8,62.37,63.51,15358670
2023-01-13 05:00:00+00:00,62.91,63.78,62.76,63.69,10149448
2023-01-17 05:00:00+00:00,63.6,64.36,63.53,63.98,10425718
2023-01-18 05:00:00+00:00,64.34,64.68,63.12,63.15,13935922
2023-01-19 05:00:00+00:00,62.66,63.01,62.19,62.42,14645026
2023-01-20 05:00:00+00:00,62.73,64.15,62.51,64.11,14126364
2023-01-23 05:00:00+00:00,64.36,65.94,64.22,65.57,23472876
2023-01-24 05:00:00+00:00,65.19,65.79,65.1,65.54,12575678
2023-01-25 05:00:00+00:00,64.43,65.57,63.83,65.4,14342294
2023-01-26 05:00:00+00:00,66.04,66.47,65.36,66.44,11161740
2023-01-27 05:00:00+00:00,66.02,67.19,66.0,66.72,13547106
2023-01-30 05:00:00+00:00,65.96,66.24,65.39,65.45,9705914
2023-01-31 05:00:00+00:00,65.45,66.39,65.4,66.36,8871606
2023-02-01 05:00:00+00:00,66.31,68.46,66.0,67.92,18852750
2023-02-02 05:00:00+00:00,69.08,70.17,68.77,69.78,18824052
2023-02-03 05:00:00+00:00,68.58,70.33,68.47,69.2,16144010
2023-02-06 05:00:00+00:00,68.43,68.97,68.09,68.35,12977458
2023-02-07 05:00:00+00:00,68.46,70.32,68.43,70.06,15708144
2023-02-08 05:00:00+00:00,70.2,70.57,69.08,69.22,12577078
2023-02-09 05:00:00+00:00,70.29,70.4,68.56,68.84,12624028
2023-02-10 05:00:00+00:00,68.32,68.75,67.87,68.52,9858972
2023-02-13 05:00:00+00:00,68.79,69.86,68.74,69.7,8411828
2023-02-14 05:00:00+00:00,69.38,70.4,68.94,70.0,12621946
2023-02-15 05:00:00+00:00,69.58,70.33,69.41,70.33,10492454
2023-02-16 05:00:00+00:00,69.31,70.1,69.06,69.11,13001292
2023-02-17 05:00:00+00:00,68.62,68.69,67.65,68.25,10603680
2023-02-21 05:00:00+00:00,67.33,67.74,66.56,66.62,12277714
2023-02-22 05:00:00+00:00,66.76,67.06,66.21,66.53,14338388
2023-02-23 05:00:00+00:00,67.77,67.88,66.68,67.63,13120416
2023-02-24 05:00:00+00:00,66.43,66.71,66.04,66.42,14347230
2023-02-27 05:00:00+00:00,67.09,67.44,66.66,66.78,9388976
2023-02-28 05:00:00+00:00,66.57,67.28,66.45,66.63,10486298
2023-03-01 05:00:00+00:00,66.66,66.77,65.94,66.15,15069354
2023-03-02 05:00:00+00:00,65.97,67.17,65.85,66.96,10971264
2023-03-03 05:00:00+00:00,67.39,68.4,67.33,68.4,14437902
2023-03-06 05:00:00+00:00,68.84,69.66,68.67,68.73,15999230
2023-03-07 05:00:00+00:00,68.67,68.94,67.7,67.87,14120110
2023-03-08 05:00:00+00:00,68.11,68.52,67.71,68.44,13246948
2023-03-09 05:00:00+00:00,68.54,69.31,67.32,67.45,15624590
2023-03-10 05:00:00+00:00,67.36,67.53,66.0,66.27,30555660
2023-03-13 04:00:00+00:00,65.85,67.55,65.44,66.63,34439460
2023-03-14 04:00:00+00:00,67.49,68.41,67.21,68.17,21202102
2023-03-15 04:00:00+00:00,67.42,68.29,67.09,68.21,23060034
2023-03-16 04:00:00+00:00,67.97,70.22,67.74,70.12,26089096
2023-03-17 04:00:00+00:00,70.26,70.86,69.61,70.02,23078528
2023-03-20 04:00:00+00:00,69.9,70.3,69.37,70.21,11981616
2023-03-21 04:00:00+00:00,70.59,70.91,69.86,70.78,13066400
2023-03-22 04:00:00+00:00,70.78,72.19,70.03,70.07,14224492
2023-03-23 04:00:00+00:00,70.97,72.18,70.54,71.21,17595818
2023-03-24 04:00:00+00:00,70.99,71.43,70.52,71.4,11872784
2023-03-27 04:00:00+00:00,71.51,71.75,70.68,70.85,10810586
2023-03-28 04:00:00+00:00,70.72,70.75,69.88,70.51,9968016
2023-03-29 04:00:00+00:00,71.4,72.15,71.3,71.99,14256586
2023-03-30 04:00:00+00:00,72.66,72.93,72.34,72.83,11202418
2023-03-31 04:00:00+00:00,72.74,73.94,72.65,73.87,15068910
2023-04-03 04:00:00+00:00,73.42,73.85,73.07,73.75,21142120
2023-04-04 04:00:00+00:00,73.86,74.11,73.07,73.35,15824730
2023-04-05 04:00:00+00:00,73.0,73.07,71.99,72.51,15737560
2023-04-06 04:00:00+00:00,71.98,73.01,71.67,72.92,15696014
2023-04-10 04:00:00+00:00,72.2,72.9,71.8,72.88,9517176
2023-04-11 04:00:00+00:00,72.75,72.76,72.07,72.2,12750794
2023-04-12 04:00:00+00:00,72.69,72.88,71.67,71.79,13235772
2023-04-13 04:00:00+00:00,72.06,73.23,71.95,73.12,13641796
2023-04-14 04:00:00+00:00,72.71,73.31,72.08,72.72,13000662
2023-04-17 04:00:00+00:00,72.81,73.14,72.41,72.98,8306376
2023-04-18 04:00:00+00:00,73.54,73.73,72.89,73.2,9213060
2023-04-19 04:00:00+00:00,72.54,73.13,72.45,72.99,8623212
2023-04-20 04:00:00+00:00,72.32,73.23,72.19,72.51,11416252
2023-04-21 04:00:00+00:00,72.2,72.41,71.81,72.28,12237548
2023-04-24 04:00:00+00:00,71.99,72.34,71.42,71.96,9079936
2023-04-25 04:00:00+00:00,71.61,71.75,70.4,70.43,11022646
2023-04-26 04:00:00+00:00,71.66,72.21,71.3,71.47,13603396
2023-04-27 04:00:00+00:00,71.81,73.04,71.63,72.99,12084768
2023-04-28 04:00:00+00:00,72.99,73.8,72.91,73.78,11786078
2023-05-01 04:00:00+00:00,73.72,74.18,73.61,73.83,8194378
2023-05-02 04:00:00+00:00,73.91,74.0,72.75,73.14,12058870
2023-05-03 04:00:00+00:00,73.22,73.7,72.49,72.52,11630198
2023-05-04 04:00:00+00:00,72.23,72.66,71.87,72.17,10860910
2023-05-05 04:00:00+00:00,72.87,74.23,72.77,73.98,12228372
2023-05-08 04:00:00+00:00,73.84,74.01,73.49,73.94,6795686
2023-05-09 04:00:00+00:00,73.54,73.67,73.3,73.38,12473400
2023-05-10 04:00:00+00:00,74.02,74.44,73.55,74.27,10551820
2023-05-11 04:00:00+00:00,74.15,74.15,73.42,73.94,8957092
2023-05-12 04:00:00+00:00,74.07,74.17,73.27,73.84,7906642
2023-05-15 04:00:00+00:00,73.91,74.47,73.65,74.45,6796922
2023-05-16 04:00:00+00:00,74.35,74.94,74.32,74.53,9398476
2023-05-17 04:00:00+00:00,74.84,75.65,74.5,75.52,11916612
2023-05-18 04:00:00+00:00,75.62,77.18,75.62,77.07,15491208
2023-05-19 04:00:00+00:00,77.09,77.22,76.77,77.03,9805010
2023-05-22 04:00:00+00:00,76.8,77.38,76.68,77.18,10794178
2023-05-23 04:00:00+00:00,76.79,77.11,76.01,76.04,11690952
2023-05-24 04:00:00+00:00,75.44,75.79,75.07,75.48,10925504
2023-05-25 04:00:00+00:00,77.49,78.69,77.08,78.38,18077998
2023-05-26 04:00:00+00:00,78.58,80.75,78.57,80.61,15156064
2023-05-30 04:00:00+00:00,81.79,82.2,80.86,81.04,18123690
2023-05-31 04:00:00+00:00,80.57,81.33,80.32,80.36,19301020
2023-06-01 04:00:00+00:00,80.11,81.52,79.85,81.18,17419456
2023-06-02 04:00:00+00:00,81.66,82.02,81.07,81.64,14270542
2023-06-05 04:00:00+00:00,81.59,82.14,81.03,81.17,12090638
2023-06-06 04:00:00+00:00,80.98,81.33,80.57,81.15,9975666
2023-06-07 04:00:00+00:00,81.0,81.63,79.77,79.94,13703762
2023-06-08 04:00:00+00:00,80.06,80.93,80.0,80.81,10667446
2023-06-09 04:00:00+00:00,81.2,82.04,80.93,81.21,14415566
2023-06-12 04:00:00+00:00,81.76,83.0,81.6,82.97,13792042
2023-06-13 04:00:00+00:00,83.71,83.87,82.8,83.48,16595884
2023-06-14 04:00:00+00:00,83.38,84.37,83.09,84.34,16769038
2023-06-15 04:00:00+00:00,84.0,85.81,83.98,85.42,17732674
2023-06-16 04:00:00+00:00,86.24,86.24,84.64,84.72,17366668
2023-06-20 04:00:00+00:00,84.23,84.75,83.7,84.15,14139166
2023-06-21 04:00:00+00:00,83.82,83.98,82.66,82.9,12057928
2023-06-22 04:00:00+00:00,82.53,83.61,82.51,83.58,15225172
2023-06-23 04:00:00+00:00,82.55,83.16,82.32,82.67,14728916
2023-06-26 04:00:00+00:00,82.74,83.47,82.02,82.08,10890264
2023-06-27 04:00:00+00:00,82.41,83.89,82.33,83.7,13832904
2023-06-28 04:00:00+00:00,83.23,84.2,83.17,83.74,11371686
2023-06-29 04:00:00+00:00,83.83,84.04,83.39,83.89,9128294
2023-06-30 04:00:00+00:00,84.72,85.44,84.66,85.22,10798656
2023-07-03 04:00:00+00:00,85.21,85.25,84.61,85.04,6085390
2023-07-05 04:00:00+00:00,84.45,85.15,84.38,84.52,9396400
2023-07-06 04:00:00+00:00,83.69,84.37,83.43,84.29,12116422
2023-07-07 04:00:00+00:00,84.16,84.94,83.88,83.93,11622514
2023-07-10 04:00:00+00:00,83.62,84.15,83.3,84.15,16877102
2023-07-11 04:00:00+00:00,84.32,84.42,83.5,84.33,9997360
2023-07-12 04:00:00+00:00,85.17,85.68,84.71,85.28,16104566
2023-07-13 04:00:00+00:00,85.87,86.58,85.7,86.4,9349224
2023-07-14 04:00:00+00:00,86.61,87.29,86.02,86.27,11543826
2023-07-17 04:00:00+00:00,86.43,87.62,86.33,87.37,11860560
2023-07-18 04:00:00+00:00,87.17,88.79,86.72,88.36,16406770
2023-07-19 04:00:00+00:00,88.58,88.95,87.8,88.14,20989932
2023-07-20 04:00:00+00:00,87.58,87.95,86.11,86.38,24356046
2023-07-21 04:00:00+00:00,86.93,87.37,86.23,86.34,14871416
2023-07-24 04:00:00+00:00,86.72,86.93,86.16,86.49,11308262
2023-07-25 04:00:00+00:00,86.77,87.77,86.75,87.48,10802206
2023-07-26 04:00:00+00:00,86.56,86.77,85.7,86.3,15501530
2023-07-27 04:00:00+00:00,87.47,87.73,85.66,86.05,13856952
2023-07-28 04:00:00+00:00,86.85,87.48,86.67,87.22,11287750
2023-07-31 04:00:00+00:00,87.3,87.53,86.93,87.43,10139706
2023-08-01 04:00:00+00:00,87.14,87.76,86.91,87.57,8848616
2023-08-02 04:00:00+00:00,86.8,86.86,85.1,85.41,15826850
2023-08-03 04:00:00+00:00,84.71,85.56,84.66,85.06,11321866
2023-08-04 04:00:00+00:00,84.77,85.28,83.77,83.9,14431706
2023-08-07 04:00:00+00:00,84.25,84.54,83.53,84.14,9535998
2023-08-08 04:00:00+00:00,83.55,83.6,82.65,83.49,11461974
2023-08-09 04:00:00+00:00,83.6,83.6,82.13,82.41,14301784
2023-08-10 04:00:00+00:00,83.04,83.76,82.01,82.42,12731314
2023-08-11 04:00:00+00:00,81.76,82.29,81.53,81.81,10771914
2023-08-14 04:00:00+00:00,81.73,83.13,81.53,83.12,10332504
2023-08-15 04:00:00+00:00,82.87,83.17,82.11,82.3,9366348
2023-08-16 04:00:00+00:00,82.12,82.59,81.51,81.51,9779466
2023-08-17 04:00:00+00:00,81.88,82.03,80.62,80.74,12614736
2023-08-18 04:00:00+00:00,79.92,81.19,79.87,80.86,13658670
2023-08-21 04:00:00+00:00,81.28,82.57,81.2,82.41,13132846
2023-08-22 04:00:00+00:00,83.15,83.2,82.13,82.31,11365562
2023-08-23 04:00:00+00:00,82.51,84.04,82.51,83.8,10113244
2023-08-24 04:00:00+00:00,84.85,84.86,81.8,81.87,13928908
2023-08-25 04:00:00+00:00,82.2,83.16,81.47,82.7,15686582
2023-08-28 04:00:00+00:00,83.33,83.55,82.73,83.38,8964300
2023-08-29 04:00:00+00:00,83.14,85.13,83.05,85.05,13713880
2023-08-30 04:00:00+00:00,85.06,85.78,84.77,85.69,12266662
2023-08-31 04:00:00+00:00,85.89,86.44,85.79,86.11,11963494
2023-09-01 04:00:00+00:00,86.65,86.76,85.93,86.37,9244662
2023-09-05 04:00:00+00:00,86.16,86.95,85.88,86.68,10061374
2023-09-06 04:00:00+00:00,86.34,86.56,85.23,85.76,18143228
2023-09-07 04:00:00+00:00,84.17,84.71,83.86,84.52,12513848
2023-09-08 04:00:00+00:00,84.52,85.24,84.48,84.7,8584964
2023-09-11 04:00:00+00:00,85.45,85.52,84.4,85.14,8272770
2023-09-12 04:00:00+00:00,84.43,84.73,83.45,83.6,12243416
2023-09-13 04:00:00+00:00,83.56,84.26,83.33,83.81,10008762
2023-09-14 04:00:00+00:00,84.32,84.62,83.79,84.42,9473264
2023-09-15 04:00:00+00:00,84.11,84.14,82.57,82.79,13116818
2023-09-18 04:00:00+00:00,82.55,83.47,82.53,83.19,9943808
2023-09-19 04:00:00+00:00,82.84,83.36,82.39,83.15,8237336
2023-09-20 04:00:00+00:00,83.37,83.48,81.81,81.84,10766134
2023-09-21 04:00:00+00:00,80.98,81.56,80.55,80.59,14742826
2023-09-22 04:00:00+00:00,80.95,81.51,80.58,80.76,12537868
2023-09-25 04:00:00+00:00,80.56,81.15,80.35,81.03,10577340
2023-09-26 04:00:00+00:00,80.49,80.54,79.29,79.57,14925958
2023-09-27 04:00:00+00:00,79.95,80.11,78.9,79.69,11665366
2023-09-28 04:00:00+00:00,79.31,80.76,78.94,80.25,12829320
2023-09-29 04:00:00+00:00,81.04,81.8,80.25,80.53,15883818
2023-10-02 04:00:00+00:00,80.57,81.63,80.45,81.39,13656156
2023-10-03 04:00:00+00:00,80.93,81.49,79.6,80.01,14838718
2023-10-04 04:00:00+00:00,80.08,81.23,80.08,81.01,15194226
2023-10-05 04:00:00+00:00,81.01,81.25,80.15,81.12,12022956
2023-10-06 04:00:00+00:00,80.56,82.99,80.33,82.64,16625534
2023-10-09 04:00:00+00:00,82.13,83.19,81.75,83.06,13139162
2023-10-10 04:00:00+00:00,83.12,83.86,82.89,83.19,20403206
2023-10-11 04:00:00+00:00,83.45,84.0,83.18,83.96,10389274
2023-10-12 04:00:00+00:00,84.04,84.9,83.4,84.04,15405838
2023-10-13 04:00:00+00:00,84.21,84.35,82.55,82.84,15191940
2023-10-16 04:00:00+00:00,82.98,84.01,82.96,83.63,14544182
2023-10-17 04:00:00+00:00,82.58,83.68,81.99,83.25,15318274
2023-10-18 04:00:00+00:00,82.66,83.33,82.05,82.39,12862904
2023-10-19 04:00:00+00:00,82.72,83.28,81.78,81.92,19991732
2023-10-20 04:00:00+00:00,81.88,81.94,80.45,80.53,15350454
2023-10-23 04:00:00+00:00,80.03,81.45,79.59,80.63,15158936
2023-10-24 04:00:00+00:00,80.95,81.31,80.31,81.18,11180352
2023-10-25 04:00:00+00:00,81.57,81.67,79.99,80.22,15529616
2023-10-26 04:00:00+00:00,80.37,80.72,78.35,78.69,20646482
2023-10-27 04:00:00+00:00,79.17,79.95,78.8,79.15,16231562
2023-10-30 04:00:00+00:00,79.57,80.28,79.33,80.0,14180954
2023-10-31 04:00:00+00:00,80.04,80.64,79.41,80.57,10893522
2023-11-01 04:00:00+00:00,80.71,82.23,80.71,82.13,20945770
2023-11-02 04:00:00+00:00,82.87,83.59,82.75,83.52,16192670
2023-11-03 04:00:00+00:00,83.43,84.71,83.25,84.38,15661730
2023-11-06 05:00:00+00:00,84.49,84.96,84.22,84.93,11099144
2023-11-07 05:00:00+00:00,85.16,86.11,85.03,85.86,13029788
2023-11-08 05:00:00+00:00,86.15,86.49,85.76,86.35,10722662
2023-11-09 05:00:00+00:00,86.47,87.1,85.83,85.94,14374678
2023-11-10 05:00:00+00:00,86.46,88.24,86.37,88.19,13350360
2023-11-13 05:00:00+00:00,87.82,87.89,87.3,87.67,11725038
2023-11-14 05:00:00+00:00,89.01,89.65,88.74,89.43,16508436
2023-11-15 05:00:00+00:00,89.82,89.96,89.19,89.54,13147710
2023-11-16 05:00:00+00:00,89.36,90.08,89.2,89.99,11554078
2023-11-17 05:00:00+00:00,89.78,90.14,89.41,89.8,13278422
2023-11-20 05:00:00+00:00,89.91,91.34,89.9,91.1,11119666
2023-11-21 05:00:00+00:00,90.69,90.83,90.03,90.36,13350786
2023-11-22 05:00:00+00:00,90.93,91.54,90.52,90.77,11213670
2023-11-24 05:00:00+00:00,90.61,90.69,90.25,90.59,4193854
2023-11-27 05:00:00+00:00,90.46,91.11,90.3,90.58,8420190
2023-11-28 05:00:00+00:00,90.28,91.0,90.28,90.76,11012340
2023-11-29 05:00:00+00:00,91.42,91.81,90.77,90.83,10765428
2023-11-30 05:00:00+00:00,91.2,91.33,90.2,90.96,13744010
2023-12-01 05:00:00+00:00,90.72,91.33,90.29,91.16,13992112
2023-12-04 05:00:00+00:00,90.26,90.26,89.07,90.05,18221854
2023-12-05 05:00:00+00:00,89.57,90.7,89.57,90.59,10841330
2023-12-06 05:00:00+00:00,91.16,91.29,89.76,89.83,14731346
2023-12-07 05:00:00+00:00,90.26,91.07,90.06,90.92,13928806
2023-12-08 05:00:00+00:00,90.72,91.77,90.61,91.7,12808850
2023-12-11 05:00:00+00:00,91.42,92.52,91.21,92.5,37795384
2023-12-12 05:00:00+00:00,92.16,93.14,92.08,93.11,15055390
2023-12-13 05:00:00+00:00,93.33,94.16,93.11,93.93,29394994
2023-12-14 05:00:00+00:00,94.0,94.36,93.01,93.7,15427442
2023-12-15 05:00:00+00:00,93.6,94.71,93.6,94.17,18131392
2023-12-18 05:00:00+00:00,94.15,94.66,93.75,94.45,10138376
2023-12-19 05:00:00+00:00,94.43,94.82,94.38,94.81,9003672
2023-12-20 05:00:00+00:00,94.7,95.04,93.36,93.38,13734894
2023-12-21 05:00:00+00:00,94.33,94.64,93.64,94.43,11335948
2023-12-22 05:00:00+00:00,94.7,94.83,94.08,94.55,10215416
2023-12-26 05:00:00+00:00,94.61,95.14,94.61,94.94,6207558
2023-12-27 05:00:00+00:00,94.99,95.14,94.54,94.94,11764568
2023-12-28 05:00:00+00:00,95.27,95.37,95.01,95.05,9615352
2023-12-29 05:00:00+00:00,95.1,95.29,94.29,94.76,12190650
2024-01-02 05:00:00+00:00,93.47,93.62,91.7,92.28,23545468
2024-01-03 05:00:00+00:00,91.44,91.94,91.18,91.34,18190046
2024-01-04 05:00:00+00:00,90.78,91.41,90.58,90.67,12127296
2024-01-05 05:00:00+00:00,90.77,91.43,90.3,90.65,16350522
2024-01-08 05:00:00+00:00,91.1,92.99,91.01,92.92,16434662
2024-01-09 05:00:00+00:00,92.21,93.33,92.01,93.07,10633898
2024-01-10 05:00:00+00:00,93.11,94.06,92.92,93.86,9785434
2024-01-11 05:00:00+00:00,94.32,94.8,93.01,94.34,13297020
2024-01-12 05:00:00+00:00,94.49,94.86,94.17,94.64,8834636
2024-01-16 05:00:00+00:00,94.53,95.28,93.98,94.88,11775604
2024-01-17 05:00:00+00:00,94.18,94.53,93.39,94.41,14108960
2024-01-18 05:00:00+00:00,95.67,96.41,95.31,96.33,18918730
2024-01-19 05:00:00+00:00,96.96,98.57,96.75,98.55,18333144
2024-01-22 05:00:00+00:00,99.03,99.59,98.61,98.98,14968922
2024-01-23 05:00:00+00:00,99.08,99.44,98.5,99.38,13263826
2024-01-24 05:00:00+00:00,100.07,101.07,99.78,100.07,17651226
2024-01-25 05:00:00+00:00,100.99,101.49,100.02,100.48,17071494
2024-01-26 05:00:00+00:00,99.78,100.22,99.1,99.33,10553188
2024-01-29 05:00:00+00:00,99.45,100.26,99.25,100.24,7639594
2024-01-30 05:00:00+00:00,100.2,100.36,99.1,99.41,12251508
2024-01-31 05:00:00+00:00,98.46,98.87,97.27,97.32,16295208
2024-02-01 05:00:00+00:00,97.71,98.68,97.65,98.55,14303488
2024-02-02 05:00:00+00:00,97.88,99.88,97.85,99.57,12872552
2024-02-05 05:00:00+00:00,99.97,100.08,98.86,99.79,10086508
2024-02-06 05:00:00+00:00,99.9,100.07,98.7,99.34,12677116
2024-02-07 05:00:00+00:00,100.04,100.68,99.64,100.65,11365888
2024-02-08 05:00:00+00:00,100.82,101.24,100.7,100.97,9948188
2024-02-09 05:00:00+00:00,101.39,102.46,101.27,102.32,11612252
2024-02-12 05:00:00+00:00,102.32,102.63,101.4,101.55,10753232
2024-02-13 05:00:00+00:00,99.35,100.49,99.04,99.82,19459342
2024-02-14 05:00:00+00:00,100.57,100.95,99.86,100.87,11791680
2024-02-15 05:00:00+00:00,101.0,101.1,100.09,100.66,10796390
2024-02-16 05:00:00+00:00,100.93,101.13,99.59,99.73,11090418
2024-02-20 05:00:00+00:00,99.14,99.5,97.73,98.72,17447586
2024-02-21 05:00:00+00:00,97.76,98.1,97.02,98.1,15966358
2024-02-22 05:00:00+00:00,100.63,101.58,100.4,101.31,18551698
2024-02-23 05:00:00+00:00,102.11,102.24,100.75,101.07,12323940
2024-02-26 05:00:00+00:00,101.51,101.76,101.06,101.17,18248884
2024-02-27 05:00:00+00:00,101.44,101.44,100.5,101.26,9985520
2024-02-28 05:00:00+00:00,100.92,101.05,100.41,100.78,8329080
2024-02-29 05:00:00+00:00,101.32,102.14,100.75,101.9,11986746
2024-03-01 05:00:00+00:00,102.16,103.91,102.11,103.76,13136718
2024-03-04 05:00:00+00:00,103.61,104.36,103.38,103.76,20443828
2024-03-05 05:00:00+00:00,102.74,102.79,100.56,101.21,18042886
2024-03-06 05:00:00+00:00,102.27,102.78,101.33,102.01,14303188
2024-03-07 05:00:00+00:00,102.89,103.94,102.37,103.62,12120812
2024-03-08 05:00:00+00:00,103.81,104.55,102.02,102.08,14912100
2024-03-11 04:00:00+00:00,101.62,102.03,101.07,101.8,15648378
2024-03-12 04:00:00+00:00,102.78,103.9,101.81,103.89,17382880
2024-03-13 04:00:00+00:00,103.58,103.63,102.34,102.77,12815488
2024-03-14 04:00:00+00:00,103.2,103.57,102.16,102.79,16023244
2024-03-15 04:00:00+00:00,101.31,101.77,100.82,101.24,19633360
2024-03-18 04:00:00+00:00,102.12,102.78,101.66,101.73,14176566
2024-03-19 04:00:00+00:00,101.24,102.28,100.73,102.26,13390280
2024-03-20 04:00:00+00:00,102.34,103.44,101.98,103.41,13357416
2024-03-21 04:00:00+00:00,104.51,104.51,103.39,103.48,12312034
2024-03-22 04:00:00+00:00,103.49,103.89,103.12,103.51,11506956
2024-03-25 04:00:00+00:00,102.53,103.27,102.24,102.83,8777878
2024-03-26 04:00:00+00:00,103.2,103.37,102.32,102.41,8538360
2024-03-27 04:00:00+00:00,103.05,103.11,102.14,102.93,12495056
2024-03-28 04:00:00+00:00,102.69,103.0,102.5,102.71,8854310
2024-04-01 04:00:00+00:00,102.92,103.59,102.62,102.99,11654790
2024-04-02 04:00:00+00:00,101.85,102.15,101.17,102.0,11418378
2024-04-03 04:00:00+00:00,101.49,102.8,101.46,102.27,10669964
2024-04-04 04:00:00+00:00,103.25,103.61,100.6,100.65,16464724
2024-04-05 04:00:00+00:00,101.09,102.33,100.81,101.81,12808782
2024-04-08 04:00:00+00:00,101.87,102.21,101.32,101.69,8126136
2024-04-09 04:00:00+00:00,102.21,102.42,100.93,102.2,9401156
2024-04-10 04:00:00+00:00,101.04,101.33,100.52,100.95,13836754
2024-04-11 04:00:00+00:00,101.4,103.13,100.91,102.97,10563606
2024-04-12 04:00:00+00:00,101.74,102.22,100.93,101.3,16186124
2024-04-15 04:00:00+00:00,101.92,101.99,99.22,99.38,17189072
2024-04-16 04:00:00+00:00,99.59,100.11,99.1,99.5,14914022
2024-04-17 04:00:00+00:00,99.86,100.03,97.99,98.06,13090378
2024-04-18 04:00:00+00:00,98.03,98.28,96.84,96.94,15280726
2024-04-19 04:00:00+00:00,96.57,96.89,94.7,94.94,21879976
2024-04-22 04:00:00+00:00,95.67,96.37,94.72,95.79,13293442
2024-04-23 04:00:00+00:00,96.19,97.36,96.05,97.21,12151638
2024-04-24 04:00:00+00:00,97.93,98.33,97.12,97.66,9160164
2024-04-25 04:00:00+00:00,96.44,97.63,96.01,97.44,11567984
2024-04-26 04:00:00+00:00,98.21,99.26,97.83,98.54,10104168
2024-04-29 04:00:00+00:00,99.05,99.2,98.39,98.97,7494846
2024-04-30 04:00:00+00:00,98.63,99.03,96.76,96.79,14929054
2024-05-01 04:00:00+00:00,96.27,97.89,95.78,95.8,20453588
2024-05-02 04:00:00+00:00,97.02,97.31,95.8,97.18,13339990
2024-05-03 04:00:00+00:00,99.81,100.22,99.45,99.89,13316494
2024-05-06 04:00:00+00:00,100.26,101.06,100.11,101.06,8020934
2024-05-07 04:00:00+00:00,101.35,101.4,100.72,100.73,10021020
2024-05-08 04:00:00+00:00,100.37,101.12,100.34,101.01,7175942
2024-05-09 04:00:00+00:00,100.85,101.06,100.48,100.98,9589686
2024-05-10 04:00:00+00:00,101.51,101.97,101.04,101.36,8754014
2024-05-13 04:00:00+00:00,102.1,102.19,101.52,101.84,6581988
2024-05-14 04:00:00+00:00,101.8,102.88,101.74,102.74,9825164
2024-05-15 04:00:00+00:00,103.39,105.09,103.31,105.05,14308640
2024-05-16 04:00:00+00:00,105.11,105.44,104.64,104.69,12066506
2024-05-17 04:00:00+00:00,104.93,104.99,103.88,104.46,7616034
2024-05-20 04:00:00+00:00,104.56,105.88,104.47,105.68,6277268
2024-05-21 04:00:00+00:00,105.28,106.03,105.09,105.86,6140482
2024-05-22 04:00:00+00:00,106.16,106.48,105.47,106.09,11782914
2024-05-23 04:00:00+00:00,107.31,107.32,104.9,105.23,9400432
2024-05-24 04:00:00+00:00,105.5,106.35,105.15,106.12,5906412
2024-05-28 04:00:00+00:00,106.72,106.8,105.9,106.57,8786428
2024-05-29 04:00:00+00:00,105.44,106.4,105.44,105.89,8569076
2024-05-30 04:00:00+00:00,104.71,104.87,103.15,103.48,10459704
2024-05-31 04:00:00+00:00,103.78,103.8,101.35,103.64,12081012
2024-06-03 04:00:00+00:00,104.43,104.53,102.66,103.9,9628062
2024-06-04 04:00:00+00:00,103.85,104.28,103.31,104.12,6405330
2024-06-05 04:00:00+00:00,104.94,106.43,104.77,106.43,8788864
2024-06-06 04:00:00+00:00,106.49,106.56,105.79,106.07,7057672
2024-06-07 04:00:00+00:00,106.19,106.77,105.8,106.32,6398624
2024-06-10 04:00:00+00:00,105.96,106.88,105.89,106.59,6735392
2024-06-11 04:00:00+00:00,106.32,108.6,106.27,108.57,12719204
2024-06-12 04:00:00+00:00,109.65,112.1,109.45,110.98,17821256
2024-06-13 04:00:00+00:00,112.01,112.32,111.17,111.85,12693594
2024-06-14 04:00:00+00:00,111.7,112.34,111.62,112.27,7864554
2024-06-17 04:00:00+00:00,112.55,114.37,112.16,113.97,11602698
2024-06-18 04:00:00+00:00,114.09,114.49,113.66,114.12,8677722
2024-06-20 04:00:00+00:00,114.63,114.7,112.46,112.83,13242926
2024-06-21 04:00:00+00:00,112.86,113.3,112.12,112.64,13560786
2024-06-24 04:00:00+00:00,111.47,111.97,109.85,109.88,13748560
2024-06-25 04:00:00+00:00,110.68,111.95,110.06,111.89,9129082
2024-06-26 04:00:00+00:00,111.72,112.29,110.89,111.76,9459596
2024-06-27 04:00:00+00:00,111.55,112.37,111.41,111.82,7923534
2024-06-28 04:00:00+00:00,112.21,113.81,111.61,111.76,12372676
2024-07-01 04:00:00+00:00,111.93,112.79,110.3,112.6,9281668
2024-07-02 04:00:00+00:00,111.63,113.18,111.63,113.17,7076520
2024-07-03 04:00:00+00:00,113.0,114.75,112.91,114.69,6249128
2024-07-05 04:00:00+00:00,114.82,115.55,114.35,115.04,6671838
2024-07-08 04:00:00+00:00,115.41,116.16,115.22,115.83,7671038
2024-07-09 04:00:00+00:00,116.42,116.7,115.07,115.74,8684664
2024-07-10 04:00:00+00:00,116.53,117.5,115.88,117.41,8749384
2024-07-11 04:00:00+00:00,117.59,117.64,114.14,114.48,14110386
2024-07-12 04:00:00+00:00,114.79,116.72,114.39,115.5,9767552
2024-07-15 04:00:00+00:00,116.09,116.85,115.05,115.71,8627990
2024-07-16 04:00:00+00:00,115.98,116.04,114.5,115.32,7652214
2024-07-17 04:00:00+00:00,112.68,112.8,110.78,110.83,12440482
2024-07-18 04:00:00+00:00,112.05,112.07,109.45,110.84,10837174
2024-07-19 04:00:00+00:00,110.26,110.93,108.87,109.11,8472826
2024-07-22 04:00:00+00:00,110.55,111.82,110.08,111.69,10601500
2024-07-23 04:00:00+00:00,111.23,112.25,111.1,111.25,5530746
2024-07-24 04:00:00+00:00,109.8,110.14,106.39,106.65,14300720
2024-07-25 04:00:00+00:00,106.53,108.12,103.97,105.5,21157926
2024-07-26 04:00:00+00:00,106.93,107.69,105.94,106.84,11697862
2024-07-29 04:00:00+00:00,107.69,108.16,106.06,106.37,7343814
2024-07-30 04:00:00+00:00,106.76,106.87,102.9,103.7,10694518
2024-07-31 04:00:00+00:00,106.9,108.48,106.15,108.09,14614086
2024-08-01 04:00:00+00:00,107.79,109.04,102.95,104.06,16991430
2024-08-02 04:00:00+00:00,101.29,102.13,99.42,101.13,18621698
2024-08-05 04:00:00+00:00,94.8,99.65,94.23,97.76,31429906
2024-08-06 04:00:00+00:00,99.01,101.1,97.96,99.09,24575710
2024-08-07 04:00:00+00:00,101.49,101.99,97.35,97.49,17653500
2024-08-08 04:00:00+00:00,99.25,101.38,97.81,101.13,14442740
2024-08-09 04:00:00+00:00,101.07,102.16,100.46,101.58,9535506
2024-08-12 04:00:00+00:00,101.9,103.2,101.42,102.41,8580200
2024-08-13 04:00:00+00:00,103.68,105.59,103.55,105.56,9999538
2024-08-14 04:00:00+00:00,106.21,106.68,104.71,106.14,8922464
2024-08-15 04:00:00+00:00,107.51,109.3,107.28,109.19,9480170
2024-08-16 04:00:00+00:00,108.61,109.58,108.32,109.37,6706302
2024-08-19 04:00:00+00:00,109.12,111.18,108.67,111.18,13004212
2024-08-20 04:00:00+00:00,110.88,111.55,110.13,110.79,7221578
2024-08-21 04:00:00+00:00,110.85,111.82,110.5,111.44,7538728
2024-08-22 04:00:00+00:00,112.06,112.32,108.65,108.87,9083638
2024-08-23 04:00:00+00:00,109.96,111.12,109.22,110.64,10680964
2024-08-26 04:00:00+00:00,110.54,110.95,108.69,109.25,6268872
2024-08-27 04:00:00+00:00,108.57,110.14,108.04,109.91,7656002
2024-08-28 04:00:00+00:00,109.77,109.98,107.49,108.39,9002260
2024-08-29 04:00:00+00:00,108.42,109.95,107.14,107.42,13283654
2024-08-30 04:00:00+00:00,108.59,109.26,107.42,108.84,10048446
2024-09-03 04:00:00+00:00,107.69,107.77,103.25,103.84,14765758
2024-09-04 04:00:00+00:00,102.79,104.76,102.47,103.58,12330000
2024-09-05 04:00:00+00:00,102.83,104.7,102.74,103.42,8875232
2024-09-06 04:00:00+00:00,103.34,103.58,100.27,100.74,12441080
2024-09-09 04:00:00+00:00,101.99,102.5,101.04,102.39,10921976
2024-09-10 04:00:00+00:00,103.09,104.14,102.11,103.92,10122906
2024-09-11 04:00:00+00:00,104.27,107.63,102.62,107.47,12768732
2024-09-12 04:00:00+00:00,107.39,108.81,106.63,108.35,10606110
2024-09-13 04:00:00+00:00,108.49,109.17,108.05,108.9,8047324
2024-09-16 04:00:00+00:00,108.11,108.83,107.48,108.48,6897782
2024-09-17 04:00:00+00:00,109.57,109.74,107.72,108.27,6989920
2024-09-18 04:00:00+00:00,108.54,109.3,107.18,107.28,12741686
2024-09-19 04:00:00+00:00,110.3,111.15,109.69,110.47,13934078
2024-09-20 04:00:00+00:00,110.03,110.42,108.95,109.93,14492708
2024-09-23 04:00:00+00:00,110.03,110.17,109.57,109.91,7490526
2024-09-24 04:00:00+00:00,110.37,110.88,109.18,110.66,7025806
2024-09-25 04:00:00+00:00,110.44,111.46,110.4,110.98,6111536
2024-09-26 04:00:00+00:00,113.15,113.27,111.27,112.45,9244746
2024-09-27 04:00:00+00:00,112.61,112.64,110.98,111.4,6093760
2024-09-30 04:00:00+00:00,110.91,111.8,110.36,111.73,5501888
2024-10-01 04:00:00+00:00,111.39,111.46,108.36,109.0,11295304
2024-10-02 04:00:00+00:00,109.03,110.31,108.41,109.81,4532304
2024-10-03 04:00:00+00:00,109.49,111.07,109.47,110.27,5784880
2024-10-04 04:00:00+00:00,111.69,111.77,110.32,111.49,5015344
2024-10-07 04:00:00+00:00,110.99,111.73,110.45,110.73,4430412
2024-10-08 04:00:00+00:00,111.52,112.98,111.27,112.8,7864790
2024-10-09 04:00:00+00:00,112.88,114.22,112.53,114.06,7579782
2024-10-10 04:00:00+00:00,113.3,114.32,112.98,114.03,5692236
2024-10-11 04:00:00+00:00,113.76,114.48,113.59,114.23,8848914
2024-10-14 04:00:00+00:00,114.95,115.95,114.9,115.72,9810124
2024-10-15 04:00:00+00:00,115.8,116.08,112.75,113.17,14179308
2024-10-16 04:00:00+00:00,113.53,113.7,112.3,113.52,5758844
2024-10-17 04:00:00+00:00,115.11,115.17,113.87,113.87,6051182
2024-10-18 04:00:00+00:00,114.46,114.7,114.03,114.27,4537056
2024-10-21 04:00:00+00:00,113.92,114.82,113.71,114.81,6322384
2024-10-22 04:00:00+00:00,114.2,115.08,113.87,114.69,6169170
2024-10-23 04:00:00+00:00,114.27,114.44,112.08,113.05,6083640
2024-10-24 04:00:00+00:00,113.51,113.66,112.71,113.38,4832722
2024-10-25 04:00:00+00:00,114.02,115.25,113.8,113.97,8314782
2024-10-28 04:00:00+00:00,114.78,114.78,113.91,113.93,5899140
2024-10-29 04:00:00+00:00,114.15,115.8,113.73,115.47,7451664
2024-10-30 04:00:00+00:00,114.41,114.72,113.56,113.63,8341134
2024-10-31 04:00:00+00:00,112.38,112.38,109.94,109.98,12110206
2024-11-01 04:00:00+00:00,110.1,111.64,109.95,110.81,11565790
2024-11-04 05:00:00+00:00,110.91,111.52,110.26,110.73,6311970
2024-11-05 05:00:00+00:00,111.07,112.37,111.07,112.29,7272966
2024-11-06 05:00:00+00:00,114.45,115.7,114.11,115.48,10967820
2024-11-07 05:00:00+00:00,116.28,117.63,116.23,117.5,10462922
2024-11-08 05:00:00+00:00,117.35,117.75,116.94,117.37,7236376
2024-11-11 05:00:00+00:00,117.35,117.43,116.02,116.72,7267210
2024-11-12 05:00:00+00:00,116.64,117.02,115.95,116.87,7530784
2024-11-13 05:00:00+00:00,116.62,117.32,116.1,116.46,6329838
2024-11-14 05:00:00+00:00,116.65,116.85,115.88,116.07,6601984
2024-11-15 05:00:00+00:00,114.63,114.78,112.81,113.19,11229832
2024-11-18 05:00:00+00:00,113.19,114.03,112.7,113.55,6172120
2024-11-19 05:00:00+00:00,112.84,114.58,112.84,114.48,6906800
2024-11-20 05:00:00+00:00,114.58,114.62,112.86,114.38,8874616
2024-11-21 05:00:00+00:00,115.49,116.09,113.73,115.55,10591736
2024-11-22 05:00:00+00:00,115.34,115.87,114.92,115.61,7090838
2024-11-25 05:00:00+00:00,116.48,116.68,115.08,115.6,11137288
2024-11-26 05:00:00+00:00,116.13,116.54,115.69,116.18,6229916
2024-11-27 05:00:00+00:00,115.39,115.46,113.59,114.61,6369324
2024-11-29 05:00:00+00:00,114.87,115.91,114.76,115.67,4168342
2024-12-02 05:00:00+00:00,115.75,117.2,115.73,116.77,9398226
2024-12-03 05:00:00+00:00,116.27,117.22,116.05,117.19,5575908
2024-12-04 05:00:00+00:00,118.65,119.39,118.31,119.33,10840578
2024-12-05 05:00:00+00:00,119.14,119.28,118.57,118.73,5637936
2024-12-06 05:00:00+00:00,118.94,119.7,118.81,119.19,6654834
2024-12-09 05:00:00+00:00,118.74,119.17,118.11,118.41,8032486
2024-12-10 05:00:00+00:00,118.01,118.33,116.4,116.77,11234994
2024-12-11 05:00:00+00:00,117.69,118.84,117.29,118.46,8689540
2024-12-12 05:00:00+00:00,117.7,118.23,117.42,117.8,7218390
2024-12-13 05:00:00+00:00,118.86,119.33,117.36,118.3,8676910
2024-12-16 05:00:00+00:00,118.46,119.59,118.2,119.49,9443270
2024-12-17 05:00:00+00:00,118.64,119.23,118.18,118.76,8144904
2024-12-18 05:00:00+00:00,119.16,119.49,114.67,114.93,16927156
2024-12-19 05:00:00+00:00,116.1,116.48,114.91,115.06,13385794
2024-12-20 05:00:00+00:00,114.27,117.71,113.92,116.77,14924892
2024-12-23 05:00:00+00:00,117.11,118.06,116.48,118.01,7973320
2024-12-24 05:00:00+00:00,118.43,119.24,118.25,119.23,4653314
2024-12-26 05:00:00+00:00,118.85,119.75,118.47,119.31,7150976
2024-12-27 05:00:00+00:00,118.51,118.66,116.57,117.72,8726512
2024-12-30 05:00:00+00:00,116.01,117.15,115.29,116.23,7950320
2024-12-31 05:00:00+00:00,116.54,116.62,114.88,115.26,9381230
2025-01-02 05:00:00+00:00,116.17,116.5,113.9,114.99,12770312
2025-01-03 05:00:00+00:00,115.69,116.99,115.46,116.86,9121130
2025-01-06 05:00:00+00:00,118.19,119.49,117.88,118.35,8975322
2025-01-07 05:00:00+00:00,118.97,118.97,115.57,115.97,10007298
2025-01-08 05:00:00+00:00,116.24,116.26,114.82,115.93,10023790
2025-01-10 05:00:00+00:00,114.72,114.73,112.74,113.41,11665792
2025-01-13 05:00:00+00:00,111.58,112.68,111.26,112.6,10655948
2025-01-14 05:00:00+00:00,113.48,113.79,112.0,112.9,7220436
2025-01-15 05:00:00+00:00,114.44,115.48,114.07,115.15,10465306
2025-01-16 05:00:00+00:00,116.08,116.16,114.23,114.26,5368522
2025-01-17 05:00:00+00:00,116.32,116.46,115.54,116.05,6743384
2025-01-21 05:00:00+00:00,116.44,117.3,115.63,117.02,6744152
2025-01-22 05:00:00+00:00,118.6,119.93,118.43,119.66,10243754
2025-01-23 05:00:00+00:00,118.74,119.9,118.62,119.87,7604470
2025-01-24 05:00:00+00:00,120.25,120.25,118.24,118.62,6607604
2025-01-27 05:00:00+00:00,113.31,114.49,111.77,112.81,20705510
2025-01-28 05:00:00+00:00,113.57,116.07,112.37,115.82,11260678
2025-01-29 05:00:00+00:00,115.59,115.64,113.76,114.87,9050006
2025-01-30 05:00:00+00:00,114.67,115.48,113.88,115.09,8840270
2025-01-31 05:00:00+00:00,116.16,116.85,114.11,114.41,10744628
2025-02-03 05:00:00+00:00,111.88,113.56,111.28,112.87,13730938
2025-02-04 05:00:00+00:00,113.26,114.68,113.22,114.5,8085886
2025-02-05 05:00:00+00:00,114.6,116.11,114.24,116.09,5398084
2025-02-06 05:00:00+00:00,116.09,116.64,115.57,116.41,6808074
2025-02-07 05:00:00+00:00,116.88,117.44,115.02,115.41,8320046
2025-02-10 05:00:00+00:00,116.32,117.39,116.29,117.09,6028288
2025-02-11 05:00:00+00:00,116.45,117.62,116.37,117.15,6456566
2025-02-12 05:00:00+00:00,115.5,117.03,115.37,116.9,8555660
2025-02-13 05:00:00+00:00,117.1,118.63,116.94,118.55,7829570
2025-02-14 05:00:00+00:00,118.45,119.05,118.23,118.95,4557224
2025-02-18 05:00:00+00:00,119.57,120.05,119.01,120.04,6023966
2025-02-19 05:00:00+00:00,119.91,120.52,119.07,120.05,5580642
2025-02-20 05:00:00+00:00,119.93,120.09,118.4,119.67,5987748
2025-02-21 05:00:00+00:00,119.7,119.75,116.37,116.43,9057584
2025-02-24 05:00:00+00:00,116.88,117.2,114.62,114.76,7447556
2025-02-25 05:00:00+00:00,114.52,114.62,112.5,113.27,10434292
2025-02-26 05:00:00+00:00,114.38,115.59,113.63,114.51,7630670
2025-02-27 05:00:00+00:00,115.13,115.25,110.29,110.34,10100010
2025-02-28 05:00:00+00:00,109.84,111.91,108.91,111.8,14172158
2025-03-03 05:00:00+00:00,112.37,112.6,107.59,108.39,12516182
2025-03-04 05:00:00+00:00,107.59,110.22,106.21,108.31,17720982
2025-03-05 05:00:00+00:00,108.65,110.19,107.19,109.83,11931086
2025-03-06 05:00:00+00:00,107.58,109.28,106.27,106.78,16431978
2025-03-07 05:00:00+00:00,106.66,108.6,105.4,108.33,11263990
2025-03-10 04:00:00+00:00,106.19,106.39,102.65,103.73,21561806
2025-03-11 04:00:00+00:00,103.41,105.04,102.26,103.3,14832708
2025-03-12 04:00:00+00:00,105.15,105.84,103.68,104.93,10994200
2025-03-13 04:00:00+00:00,104.63,104.86,102.53,102.94,12383066
2025-03-14 04:00:00+00:00,104.29,106.16,104.25,106.05,10041532
2025-03-17 04:00:00+00:00,105.97,107.55,105.66,106.79,10148780
2025-03-18 04:00:00+00:00,106.03,106.14,104.78,105.16,11487380
2025-03-19 04:00:00+00:00,105.7,107.78,105.26,106.53,8838650
2025-03-20 04:00:00+00:00,105.32,106.94,105.16,105.77,7145274
2025-03-21 04:00:00+00:00,104.45,106.2,104.07,106.06,10425692
2025-03-24 04:00:00+00:00,107.83,108.32,107.54,108.07,8200134
2025-03-25 04:00:00+00:00,108.0,108.57,107.94,108.43,7481704
2025-03-26 04:00:00+00:00,108.09,108.35,105.59,106.01,7888662
2025-03-27 04:00:00+00:00,105.28,105.88,104.47,105.03,6577750
2025-03-28 04:00:00+00:00,104.48,104.91,102.13,102.48,10667580
2025-03-31 04:00:00+00:00,100.69,102.77,99.68,102.53,14218882
2025-04-01 04:00:00+00:00,102.12,103.37,101.29,103.28,9480114
2025-04-02 04:00:00+00:00,101.81,104.91,101.73,104.05,9291958
2025-04-03 04:00:00+00:00,99.06,99.66,96.87,96.95,19450330
2025-04-04 04:00:00+00:00,93.92,94.67,90.52,90.56,33804220
2025-04-07 04:00:00+00:00,86.87,95.25,85.63,91.1,44557864
2025-04-08 04:00:00+00:00,94.49,95.76,87.61,89.25,25803430
2025-04-09 04:00:00+00:00,89.43,101.79,89.32,101.23,36982454
2025-04-10 04:00:00+00:00,97.75,98.42,93.22,96.52,19747556
2025-04-11 04:00:00+00:00,96.04,98.92,95.32,98.49,14423198
2025-04-14 04:00:00+00:00,101.55,101.61,98.32,99.39,11904498
2025-04-15 04:00:00+00:00,99.55,100.51,99.29,99.76,7200060
2025-04-16 04:00:00+00:00,97.08,98.11,94.62,96.29,13222484
2025-04-17 04:00:00+00:00,96.98,96.98,95.36,95.77,7480756
2025-04-21 04:00:00+00:00,94.25,94.49,91.96,93.3,8973362
2025-04-22 04:00:00+00:00,94.54,96.12,93.99,95.57,9312844
2025-04-23 04:00:00+00:00,99.23,100.28,97.94,98.34,13413710
2025-04-24 04:00:00+00:00,99.31,102.15,99.15,102.01,9316954
2025-04-25 04:00:00+00:00,101.7,103.71,101.6,103.52,6518460
2025-04-28 04:00:00+00:00,103.39,103.89,101.81,103.35,5574412
2025-04-29 04:00:00+00:00,102.85,104.26,102.85,103.83,9144446
2025-04-30 04:00:00+00:00,101.79,104.65,101.2,104.26,10203730
2025-05-01 04:00:00+00:00,106.54,107.53,105.7,105.79,11532768
2025-05-02 04:00:00+00:00,107.0,108.06,106.72,107.56,8125414
2025-05-05 04:00:00+00:00,106.64,107.76,106.58,106.99,6757276
2025-05-06 04:00:00+00:00,105.4,106.88,105.08,106.1,7958152
2025-05-07 04:00:00+00:00,106.1,107.63,105.37,107.16,8171378
2025-05-08 04:00:00+00:00,108.23,109.21,107.26,108.19,8704344
2025-05-09 04:00:00+00:00,108.67,108.87,107.5,108.05,7330446
2025-05-12 04:00:00+00:00,112.64,113.11,111.5,113.07,13478206
2025-05-13 04:00:00+00:00,113.48,115.89,113.35,115.51,12757350
2025-05-14 04:00:00+00:00,116.05,116.72,115.58,116.26,10247902
2025-05-15 04:00:00+00:00,115.63,117.08,115.49,116.42,9536352
2025-05-16 04:00:00+00:00,116.8,116.8,115.63,116.64,8111660
2025-05-19 04:00:00+00:00,114.92,116.73,114.88,116.47,11863048
2025-05-20 04:00:00+00:00,115.75,116.05,115.15,116.03,10273646
2025-05-21 04:00:00+00:00,114.95,116.55,113.39,113.85,18643572
2025-05-22 04:00:00+00:00,113.91,114.91,113.63,113.88,11372044
2025-05-23 04:00:00+00:00,111.9,113.36,111.78,112.63,12003920
2025-05-27 04:00:00+00:00,114.38,115.46,114.0,115.3,14208308
2025-05-28 04:00:00+00:00,115.44,115.9,114.66,114.83,10789124
2025-05-29 04:00:00+00:00,116.56,116.68,114.43,115.02,14013150
2025-05-30 04:00:00+00:00,114.97,115.02,112.93,114.66,13494118
2025-06-02 04:00:00+00:00,114.36,115.75,114.22,115.68,12878766
2025-06-03 04:00:00+00:00,115.83,117.5,115.75,117.41,14312342
2025-06-04 04:00:00+00:00,117.56,117.95,117.01,117.59,10899200
2025-06-05 04:00:00+00:00,117.94,118.96,116.75,117.26,15887010
2025-06-06 04:00:00+00:00,118.39,118.91,118.02,118.36,9026022
2025-06-09 04:00:00+00:00,118.82,119.68,118.73,118.94,11100938
2025-06-10 04:00:00+00:00,118.92,119.79,118.48,119.61,9832436
2025-06-11 04:00:00+00:00,119.9,120.38,118.73,119.35,9600038
2025-06-12 04:00:00+00:00,119.32,120.73,119.3,120.45,11210374
2025-06-13 04:00:00+00:00,119.06,119.96,118.33,118.76,13193708
2025-06-16 04:00:00+00:00,119.48,121.04,119.48,120.69,13866252
2025-06-17 04:00:00+00:00,120.18,121.03,119.55,119.83,10525356
2025-06-18 04:00:00+00:00,120.13,120.73,119.37,119.98,11065960
2025-06-20 04:00:00+00:00,120.4,120.81,118.88,119.45,11490654
2025-06-23 04:00:00+00:00,119.56,120.91,118.75,120.81,12277030
2025-06-24 04:00:00+00:00,122.04,123.12,121.89,122.98,11329482
2025-06-25 04:00:00+00:00,123.61,124.21,123.5,124.02,9228680
2025-06-26 04:00:00+00:00,124.58,125.08,124.09,124.88,11289294
2025-06-27 04:00:00+00:00,125.22,125.7,124.16,124.73,12196514
2025-06-30 04:00:00+00:00,125.83,126.3,125.22,125.95,13365120
2025-07-01 04:00:00+00:00,125.55,125.82,123.98,124.83,15144754
2025-07-02 04:00:00+00:00,124.52,126.23,124.43,126.15,11950194
2025-07-03 04:00:00+00:00,126.84,128.19,126.79,127.81,7112818
2025-07-07 04:00:00+00:00,127.32,127.65,126.23,126.8,11560830
2025-07-08 04:00:00+00:00,127.46,127.72,126.95,127.48,15715164
2025-07-09 04:00:00+00:00,127.93,128.73,127.29,128.24,12933510
2025-07-10 04:00:00+00:00,128.56,128.68,127.15,127.82,9994202
2025-07-11 04:00:00+00:00,127.21,128.0,127.05,127.26,9238974
2025-07-14 04:00:00+00:00,126.94,127.47,125.94,127.15,8125248
2025-07-15 04:00:00+00:00,128.64,128.94,128.24,128.28,15657054
2025-07-16 04:00:00+00:00,128.33,128.75,126.74,128.68,17775290
2025-07-17 04:00:00+00:00,128.83,130.05,128.58,129.85,11954432
2025-07-18 04:00:00+00:00,130.35,130.39,129.42,129.76,10278188
2025-07-21 04:00:00+00:00,129.91,130.82,129.76,129.93,9246618
2025-07-22 04:00:00+00:00,129.83,129.93,127.81,128.73,13448894
2025-07-23 04:00:00+00:00,129.06,129.64,128.3,129.47,10091792
2025-07-24 04:00:00+00:00,129.78,130.27,129.28,130.01,12159626
2025-07-25 04:00:00+00:00,129.97,130.64,129.7,130.31,8001370
2025-07-28 04:00:00+00:00,130.81,131.39,130.54,131.35,11517532
2025-07-29 04:00:00+00:00,132.21,132.94,131.13,131.36,13739048
2025-07-30 04:00:00+00:00,131.5,132.1,130.62,131.65,13929222
2025-07-31 04:00:00+00:00,133.31,133.31,130.05,130.68,16414360
2025-08-01 04:00:00+00:00,129.26,129.31,127.22,127.86,19438016
2025-08-04 04:00:00+00:00,129.07,130.49,129.07,130.46,12376904
2025-08-05 04:00:00+00:00,130.94,131.06,129.08,129.38,11176052
2025-08-06 04:00:00+00:00,129.51,131.01,129.42,130.84,10167088
2025-08-07 04:00:00+00:00,132.3,132.51,129.87,130.96,10318098
2025-08-08 04:00:00+00:00,131.45,132.42,131.11,132.27,11016472
2025-08-11 04:00:00+00:00,132.18,132.78,131.07,131.37,9425422
2025-08-12 04:00:00+00:00,132.03,133.44,131.3,133.41,11154956
2025-08-13 04:00:00+00:00,134.18,134.32,132.97,133.46,13990174
2025-08-14 04:00:00+00:00,132.78,133.62,132.47,133.17,15484334
2025-08-15 04:00:00+00:00,132.99,132.99,131.63,132.16,13373126
2025-08-18 04:00:00+00:00,131.99,132.56,131.86,132.44,12233766
2025-08-19 04:00:00+00:00,132.39,132.42,129.88,130.13,17366906
2025-08-20 04:00:00+00:00,129.8,129.8,127.25,129.25,23064292
2025-08-21 04:00:00+00:00,128.93,129.45,128.22,128.78,15148558
2025-08-22 04:00:00+00:00,128.64,131.38,128.28,130.53,13756014
2025-08-25 04:00:00+00:00,130.52,131.05,129.87,130.23,10691774
2025-08-26 04:00:00+00:00,130.34,131.0,130.15,130.83,11081002
2025-08-27 04:00:00+00:00,130.96,131.68,130.36,131.54,11538638
2025-08-28 04:00:00+00:00,131.69,132.86,131.04,132.58,12380568
2025-08-29 04:00:00+00:00,131.99,132.02,130.06,130.54,17480934
2025-09-02 04:00:00+00:00,128.23,129.34,127.47,129.22,18226030
2025-09-03 04:00:00+00:00,129.88,130.25,129.02,129.99,15636628
2025-09-04 04:00:00+00:00,129.46,130.69,128.93,130.64,24397396
2025-09-05 04:00:00+00:00,131.87,131.92,129.42,130.74,38554666
2025-09-08 04:00:00+00:00,131.43,132.2,131.4,131.72,20556492
2025-09-09 04:00:00+00:00,132.02,132.12,131.04,131.98,19354906
2025-09-10 04:00:00+00:00,134.65,135.28,133.73,134.37,25957146
2025-09-11 04:00:00+00:00,135.22,135.41,134.6,134.82,23419622
2025-09-12 04:00:00+00:00,135.09,135.22,134.45,134.73,15612228
2025-09-15 04:00:00+00:00,134.95,135.98,134.78,135.95,16268022
2025-09-16 04:00:00+00:00,136.26,136.35,135.31,135.47,16081462
2025-09-17 04:00:00+00:00,135.39,135.55,133.61,135.01,18948526
2025-09-18 04:00:00+00:00,136.76,137.74,136.1,137.34,20883130
2025-09-19 04:00:00+00:00,137.89,138.86,137.44,138.73,15670762
2025-09-22 04:00:00+00:00,138.53,140.89,138.47,140.77,15771162
2025-09-23 04:00:00+00:00,140.58,140.81,138.94,139.56,16457122
2025-09-24 04:00:00+00:00,139.93,139.93,137.77,138.7,13471012
2025-09-25 04:00:00+00:00,137.44,138.8,136.59,138.45,21349698
2025-09-26 04:00:00+00:00,138.6,139.0,137.65,138.87,16534048
2025-09-29 04:00:00+00:00,139.67,140.41,139.29,139.61,16107478
2025-09-30 04:00:00+00:00,139.61,140.51,139.32,140.38,18215140
2025-10-01 04:00:00+00:00,139.66,141.85,139.62,141.75,17411244
2025-10-02 04:00:00+00:00,143.07,143.1,141.87,142.52,17607828
2025-10-03 04:00:00+00:00,142.65,143.37,141.31,141.8,17457914
2025-10-06 04:00:00+00:00,143.71,144.15,143.16,143.23,17945644
2025-10-07 04:00:00+00:00,143.97,144.18,141.53,142.28,15588378
2025-10-08 04:00:00+00:00,142.61,144.78,142.53,144.77,14038684
2025-10-09 04:00:00+00:00,144.71,144.84,143.78,144.53,11989432
2025-10-10 04:00:00+00:00,144.83,145.1,138.59,138.65,44574582
2025-10-13 04:00:00+00:00,141.8,142.5,141.0,142.02,22030324
2025-10-14 04:00:00+00:00,140.16,141.63,138.57,140.2,26956776
2025-10-15 04:00:00+00:00,142.17,142.73,139.84,141.59,20937568
2025-10-16 04:00:00+00:00,142.61,143.24,140.73,141.69,23166204
2025-10-17 04:00:00+00:00,140.85,142.37,139.96,141.94,25511538
2025-10-20 04:00:00+00:00,142.76,144.14,142.67,143.53,13805140
2025-10-21 04:00:00+00:00,143.44,144.11,142.91,143.6,12503878
2025-10-22 04:00:00+00:00,143.54,143.85,140.4,142.18,20723262
2025-10-23 04:00:00+00:00,141.63,144.21,141.63,143.98,11923498
2025-10-24 04:00:00+00:00,145.67,146.7,145.46,146.21,14359558
2025-10-27 04:00:00+00:00,148.26,149.04,148.02,148.91,15166990
2025-10-28 04:00:00+00:00,149.63,150.97,149.12,150.39,15055150
2025-10-29 04:00:00+00:00,151.75,152.39,150.34,151.47,21486668
2025-10-30 04:00:00+00:00,150.6,151.38,149.55,149.6,19218542
2025-10-31 04:00:00+00:00,151.11,151.22,148.88,149.75,16303828
2025-11-03 05:00:00+00:00,151.18,151.51,149.54,150.36,13983640
2025-11-04 05:00:00+00:00,147.64,148.61,146.15,146.39,16722508
2025-11-05 05:00:00+00:00,146.13,148.15,145.91,146.96,14447042
2025-11-06 05:00:00+00:00,146.73,146.89,143.27,144.01,24797372
2025-11-07 05:00:00+00:00,142.78,143.55,140.24,143.51,25546968
2025-11-10 05:00:00+00:00,146.08,147.46,145.32,147.18,18286348
2025-11-11 05:00:00+00:00,146.21,146.48,144.96,145.93,14871586
2025-11-12 05:00:00+00:00,147.15,147.15,145.5,146.38,13179216
2025-11-13 05:00:00+00:00,145.56,145.76,141.95,142.73,22385816
2025-11-14 05:00:00+00:00,140.1,144.81,139.59,143.51,27429542
2025-11-17 05:00:00+00:00,142.16,143.72,140.12,141.26,24675354
2025-11-18 05:00:00+00:00,140.04,140.76,137.69,138.97,36747558
2025-11-19 05:00:00+00:00,138.98,141.5,138.62,139.93,27668896
2025-11-20 05:00:00+00:00,143.15,143.69,135.23,135.54,56551772
2025-11-21 05:00:00+00:00,135.76,137.88,133.21,136.06,44958908
2025-11-24 05:00:00+00:00,136.98,139.79,136.89,139.3,20124882
2025-11-25 05:00:00+00:00,138.08,140.04,136.12,139.68,21303330
2025-11-26 05:00:00+00:00,141.33,141.93,140.24,141.33,13359394
2025-11-28 05:00:00+00:00,141.63,142.57,141.25,142.55,6792182
2025-12-01 05:00:00+00:00,141.16,143.04,140.73,142.61,12846540
2025-12-02 05:00:00+00:00,143.5,144.94,143.08,144.08,15719056
2025-12-03 05:00:00+00:00,143.38,144.52,142.66,144.42,11623232
2025-12-04 05:00:00+00:00,144.62,145.22,143.93,144.96,9995268
2025-12-05 05:00:00+00:00,145.63,146.73,145.12,146.02,6627969
2025-12-08 05:00:00+00:00,146.85,147.8,146.34,147.05,8272771
2025-12-09 05:00:00+00:00,146.75,147.67,146.38,147.44,6978176
2025-12-10 05:00:00+00:00,147.11,148.63,146.24,148.14,8961059
2025-12-11 05:00:00+00:00,146.48,147.55,144.54,147.39,9769253
2025-12-12 05:00:00+00:00,146.36,146.5,142.7,143.12,14873172
2025-12-15 05:00:00+00:00,143.85,144.06,141.46,141.74,10790253
2025-12-16 05:00:00+00:00,141.35,142.41,140.74,142.0,10790905
2025-12-17 05:00:00+00:00,142.16,142.28,138.77,138.84,18178746
2025-12-18 05:00:00+00:00,141.3,141.86,140.24,140.98,12319524
2025-12-19 05:00:00+00:00,142.03,144.05,142.01,144.03,14265937
2025-12-22 05:00:00+00:00,145.66,145.66,144.29,144.81,8864472
2025-12-23 05:00:00+00:00,144.39,145.63,144.01,145.6,7546050
2025-12-24 05:00:00+00:00,145.44,146.14,145.33,145.94,3676257
2025-12-26 05:00:00+00:00,146.25,146.62,145.89,146.17,5052923
2025-12-29 05:00:00+00:00,145.0,146.02,144.69,145.52,9822319
2025-12-30 05:00:00+00:00,145.5,145.9,145.02,145.06,6387446
2025-12-31 05:00:00+00:00,145.36,145.45,143.55,143.62,9528387
2026-01-02 05:00:00+00:00,145.28,146.16,143.06,143.95,15299454
2026-01-05 05:00:00+00:00,145.66,146.03,143.89,144.27,17438807
2026-01-06 05:00:00+00:00,144.86,146.41,144.28,146.29,14985672
2026-01-07 05:00:00+00:00,146.17,147.02,145.69,146.17,13957071
2026-01-08 05:00:00+00:00,145.58,145.58,143.15,143.89,16870541
2026-01-09 05:00:00+00:00,144.22,146.22,143.68,145.8,15652618
2026-01-12 05:00:00+00:00,144.84,146.93,144.7,146.43,12867188
2026-01-13 05:00:00+00:00,146.49,147.16,145.49,146.12,16552152
2026-01-14 05:00:00+00:00,145.15,145.58,142.97,144.35,22104224
2026-01-15 05:00:00+00:00,146.57,147.21,144.96,145.11,17370878
2026-01-16 05:00:00+00:00,146.36,146.59,144.67,145.27,14156676
2026-01-20 05:00:00+00:00,142.74,143.75,141.27,141.5,20029177
2026-01-21 05:00:00+00:00,142.43,144.69,141.62,143.46,27892847
2026-01-22 05:00:00+00:00,145.26,145.35,143.81,144.53,12971563
2026-01-23 05:00:00+00:00,144.18,145.47,143.4,144.74,14654456
2026-01-26 05:00:00+00:00,144.92,146.35,144.54,145.73,10195625
2026-01-27 05:00:00+00:00,147.06,148.26,146.67,147.69,12436175
2026-01-28 05:00:00+00:00,148.64,149.54,148.25,148.87,19497406
2026-01-29 05:00:00+00:00,147.48,147.57,142.92,146.51,25580964
2026-01-30 05:00:00+00:00,145.69,146.39,142.64,143.53,18342641
2026-02-02 05:00:00+00:00,143.18,145.79,143.04,144.91,16337576
2026-02-03 05:00:00+00:00,145.52,145.62,139.83,141.74,30464494
2026-02-04 05:00:00+00:00,140.49,140.67,135.77,137.78,45649454
2026-02-05 05:00:00+00:00,136.89,138.14,134.75,135.3,42950873
2026-02-06 05:00:00+00:00,137.68,141.13,137.09,140.79,37131922
2026-02-09 05:00:00+00:00,140.25,143.68,139.57,143.0,24629514
2026-02-10 05:00:00+00:00,143.47,143.8,142.04,142.2,22564318
2026-02-11 05:00:00+00:00,144.16,144.4,140.98,142.62,18905713
2026-02-12 05:00:00+00:00,142.96,143.42,138.58,138.87,32154746
2026-02-13 05:00:00+00:00,139.22,140.57,137.6,139.22,26637122
2026-02-17 05:00:00+00:00,138.3,140.11,136.69,139.14,25743800
2026-02-18 05:00:00+00:00,139.72,141.77,138.93,140.57,13705785
2026-02-19 05:00:00+00:00,139.75,140.37,138.94,139.87,13483972
2026-02-20 05:00:00+00:00,138.86,141.41,138.63,140.54,14942420
2026-02-23 05:00:00+00:00,139.84,140.31,137.56,138.18,22024224
2026-02-24 05:00:00+00:00,138.9,140.6,137.85,139.98,13032004
2026-02-25 05:00:00+00:00,141.02,142.99,140.87,142.66,13297536
2026-02-26 05:00:00+00:00,142.59,142.66,138.92,140.67,19366539
2026-02-27 05:00:00+00:00,137.97,139.43,137.61,138.42,15330599
2026-03-02 05:00:00+00:00,136.7,139.62,136.23,139.2,20158535
2026-03-03 05:00:00+00:00,136.02,137.99,134.66,137.17,34155001
2026-03-04 05:00:00+00:00,138.19,140.29,137.7,139.5,15202893
2026-03-05 05:00:00+00:00,138.82,140.92,137.75,139.84,19425941
2026-03-06 05:00:00+00:00,137.49,139.49,136.46,136.96,19678870
2026-03-09 04:00:00+00:00,135.64,139.87,135.13,139.42,22762865
2026-03-10 04:00:00+00:00,139.5,141.05,138.68,139.42,24339893
2026-03-11 04:00:00+00:00,140.24,141.25,139.18,140.09,14019441
2026-03-12 04:00:00+00:00,138.93,139.41,137.32,137.51,32374327
2026-03-13 04:00:00+00:00,138.11,139.37,136.18,136.47,15703489
2026-03-16 04:00:00+00:00,138.38,139.74,138.18,138.44,16628131
2026-03-17 04:00:00+00:00,139.05,139.93,138.59,139.2,12035975
2026-03-18 04:00:00+00:00,138.97,139.73,137.6,137.63,12635962
2026-03-19 04:00:00+00:00,135.67,138.83,135.11,138.09,18089435
2026-03-20 04:00:00+00:00,137.65,137.65,134.0,134.96,27254052
2026-03-23 04:00:00+00:00,137.34,139.03,136.06,136.79,21820248
2026-03-24 04:00:00+00:00,135.89,136.76,134.71,135.99,16845357
2026-03-25 04:00:00+00:00,137.13,137.83,136.12,136.6,13873962
2026-03-26 04:00:00+00:00,135.02,135.36,132.26,132.34,15436919
2026-03-27 04:00:00+00:00,131.37,131.89,129.42,129.77,15897872
2026-03-30 04:00:00+00:00,131.11,131.39,126.53,127.35,18833164
2026-03-31 04:00:00+00:00,129.0,133.06,128.83,132.74,19407605
2026-04-01 04:00:00+00:00,133.96,135.88,133.6,134.75,17052116
2026-04-02 04:00:00+00:00,131.75,135.88,131.2,135.83,12267833
2026-04-06 04:00:00+00:00,136.32,137.09,135.55,136.62,10149777
2026-04-07 04:00:00+00:00,136.01,137.33,133.95,137.27,8587057
2026-04-08 04:00:00+00:00,142.96,143.39,140.57,141.52,13360636
2026-04-09 04:00:00+00:00,141.59,142.02,140.18,141.9,8236560
2026-04-10 04:00:00+00:00,142.33,143.39,141.75,142.45,9311678
2026-04-13 04:00:00+00:00,142.16,145.5,141.96,145.44,10409433
2026-04-14 04:00:00+00:00,146.73,147.76,145.91,147.76,10184969
2026-04-15 04:00:00+00:00,148.09,150.19,147.78,150.12,10624320
2026-04-16 04:00:00+00:00,150.81,152.0,149.57,151.84,11779667
2026-04-17 04:00:00+00:00,153.88,154.62,153.33,154.17,10632424
2026-04-20 04:00:00+00:00,154.12,154.57,152.85,154.38,8133294
2026-04-21 04:00:00+00:00,154.82,155.88,153.97,154.51,12658817
2026-04-22 04:00:00+00:00,156.03,157.97,155.33,157.9,13832000
2026-04-23 04:00:00+00:00,156.58,157.61,153.77,155.65,12153140
2026-04-24 04:00:00+00:00,158.24,160.21,157.41,160.03,11061844
2026-04-27 04:00:00+00:00,159.83,160.43,158.62,160.38,8965869
2026-04-28 04:00:00+00:00,156.92,158.45,155.97,157.66,9254850
2026-04-29 04:00:00+00:00,158.64,158.96,157.56,158.92,7508523
2026-04-30 04:00:00+00:00,159.46,159.61,156.69,159.31,9278037
2026-05-01 04:00:00+00:00,160.2,162.09,159.95,161.68,10164126
2026-05-04 04:00:00+00:00,162.51,163.05,160.69,161.86,10734269
2026-05-05 04:00:00+00:00,163.67,165.82,163.33,165.43,9815622
2026-05-06 04:00:00+00:00,167.68,169.88,166.64,169.83,11306813
2026-05-07 04:00:00+00:00,170.06,171.75,168.5,169.49,11033422
2026-05-08 04:00:00+00:00,171.39,175.39,171.1,175.31,11224440
2026-05-11 04:00:00+00:00,175.94,178.09,175.66,177.67,10464539
2026-05-12 04:00:00+00:00,175.94,176.78,170.99,174.99,15953621
2026-05-13 04:00:00+00:00,177.06,177.53,174.05,176.64,9819827
2026-05-14 04:00:00+00:00,177.15,180.0,176.65,179.29,11426986
2026-05-15 04:00:00+00:00,176.0,178.49,174.42,176.05,14521356
2026-05-18 04:00:00+00:00,177.41,177.64,171.71,174.15,19165301
2026-05-19 04:00:00+00:00,172.47,174.97,170.63,173.03,15753433
2026-05-20 04:00:00+00:00,174.45,177.04,173.74,176.93,12631984
2026-05-21 04:00:00+00:00,175.62,178.77,175.62,178.39,10875124
2026-05-22 04:00:00+00:00,179.82,181.51,179.35,180.18,10744457
2026-05-26 04:00:00+00:00,182.98,185.78,182.37,184.92,12503470
2026-05-27 04:00:00+00:00,185.96,186.04,182.32,184.21,12302668
2026-05-28 04:00:00+00:00,184.61,187.36,183.57,186.63,11169731
2026-05-29 04:00:00+00:00,189.1,191.4,188.97,190.79,15043026
2026-06-01 04:00:00+00:00,192.09,196.27,190.92,195.53,18972370
2026-06-02 04:00:00+00:00,196.22,198.14,195.52,197.97,10178032
2026-06-03 04:00:00+00:00,198.13,198.49,194.29,196.0,11584888
2026-06-04 04:00:00+00:00,191.29,194.51,189.46,192.94,13145503
2026-06-05 04:00:00+00:00,188.66,188.99,179.59,180.09,26820432
2026-06-08 04:00:00+00:00,185.0,186.49,182.95,183.96,14688051
2026-06-09 04:00:00+00:00,185.69,186.86,172.67,180.55,29824308
2026-06-10 04:00:00+00:00,177.95,182.19,175.94,176.42,20062316
2026-06-11 04:00:00+00:00,177.58,183.44,176.28,182.99,18240687
2026-06-12 04:00:00+00:00,183.02,185.62,181.43,184.58,15016699
2026-06-15 04:00:00+00:00,190.14,191.85,189.52,191.56,13100914
2026-06-16 04:00:00+00:00,191.0,192.02,186.21,186.22,10079976
2026-06-17 04:00:00+00:00,188.78,189.76,185.08,185.58,14415242
2026-06-18 04:00:00+00:00,190.19,191.77,189.15,191.21,12104277
2026-06-22 04:00:00+00:00,192.95,194.3,190.86,192.15,11316509
2026-06-23 04:00:00+00:00,184.68,187.25,183.7,184.19,14636656
2026-06-24 04:00:00+00:00,184.065,185.66,180.79,183.05,12326390
2026-06-25 04:00:00+00:00,188.145,188.41,180.375,184.57,13232829
2026-06-26 04:00:00+00:00,181.0,183.11,179.76,181.11,13437021
2026-06-29 04:00:00+00:00,183.12,185.66,178.67,185.41,11860194
2026-06-30 04:00:00+00:00,185.76,190.94,185.6,190.52,10732393
2026-07-01 04:00:00+00:00,186.83,187.98,185.38,185.62,9963593
2026-07-02 04:00:00+00:00,185.49,187.38,178.72,180.59,14196136
2026-07-06 04:00:00+00:00,182.66,185.71,182.04,183.57,8926598
2026-07-07 04:00:00+00:00,179.84,180.72,176.36,179.18,12258144
2026-07-08 04:00:00+00:00,177.48,181.63,177.15,181.4,10530677
2026-07-09 04:00:00+00:00,184.76,186.4,183.56,185.35,7758712
2026-07-10 04:00:00+00:00,184.005,186.23,183.09,185.78,6164126
2026-07-13 04:00:00+00:00,183.1,183.9,180.54,181.28,8598203
2026-07-14 04:00:00+00:00,183.71,184.43,181.33,183.62,6401496
2026-07-15 04:00:00+00:00,185.11,185.29,178.22,181.58,9259482
2026-07-16 04:00:00+00:00,179.0,179.4796,176.41,177.52,8669473
2026-07-17 04:00:00+00:00,172.85,177.92,171.34,175.59,12040957
2026-07-20 04:00:00+00:00,177.19,178.7,175.52,175.71,7639806
2026-07-21 04:00:00+00:00,179.56,181.015,178.17,180.78,7496918
2026-07-22 04:00:00+00:00,178.155,181.43,178.15,180.27,5359467
2026-07-23 04:00:00+00:00,178.8,180.39,177.2,178.45,7179104
2026-07-24 04:00:00+00:00,177.82,179.01,175.05,175.88,7741527
2026-07-27 04:00:00+00:00,177.83,178.3,171.73,174.3,8379034
2026-07-28 04:00:00+00:00,171.21,172.17,167.54,171.09,10052298
2026-07-29 04:00:00+00:00,171.12,172.51,166.462,166.57,14376330
2026-07-30 04:00:00+00:00,172.81,176.09,172.16,175.73,15100693
2026-07-31 04:00:00+00:00,177.46,178.62,172.7,175.35,9148420
2026-08-03 04:00:00+00:00,174.01,178.92,173.04,178.04,9343742
