timestamp,open,high,low,close,volume
2017-02-01 05:00:00+00:00,25.27,25.31,25.09,25.23,24680808
2017-02-02 05:00:00+00:00,25.16,25.22,25.05,25.18,18293086
2017-02-03 05:00:00+00:00,25.28,25.38,25.27,25.35,14241010
2017-02-06 05:00:00+00:00,25.31,25.36,25.25,25.36,13653752
2017-02-07 05:00:00+00:00,25.41,25.49,25.39,25.46,23506624
2017-02-08 05:00:00+00:00,25.46,25.55,25.39,25.51,12976244
2017-02-09 05:00:00+00:00,25.52,25.65,25.51,25.59,9953114
2017-02-10 05:00:00+00:00,25.65,25.7,25.58,25.66,8804416
2017-02-13 05:00:00+00:00,25.71,25.81,25.67,25.78,13742642
2017-02-14 05:00:00+00:00,25.75,25.86,25.67,25.86,14361572
2017-02-15 05:00:00+00:00,25.84,25.97,25.82,25.95,13531134
2017-02-16 05:00:00+00:00,25.98,26.08,25.94,26.01,14824336
2017-02-17 05:00:00+00:00,25.98,26.1,25.94,26.1,14757216
2017-02-21 05:00:00+00:00,26.15,26.24,26.11,26.23,15800828
2017-02-22 05:00:00+00:00,26.21,26.28,26.15,26.26,14423984
2017-02-23 05:00:00+00:00,26.3,26.32,26.14,26.26,13721372
2017-02-24 05:00:00+00:00,26.1,26.33,26.09,26.32,15912162
2017-02-27 05:00:00+00:00,26.31,26.31,26.24,26.3,16513738
2017-02-28 05:00:00+00:00,26.26,26.28,26.14,26.18,16675158
2017-03-01 05:00:00+00:00,26.34,26.58,26.28,26.55,19487218
2017-03-02 05:00:00+00:00,26.52,26.53,26.36,26.37,15746964
2017-03-03 05:00:00+00:00,26.35,26.43,26.3,26.43,16231728
2017-03-06 05:00:00+00:00,26.33,26.44,26.28,26.39,13660916
2017-03-07 05:00:00+00:00,26.37,26.5,26.35,26.39,14160696
2017-03-08 05:00:00+00:00,26.42,26.5,26.38,26.42,11707132
2017-03-09 05:00:00+00:00,26.43,26.46,26.29,26.42,16611300
2017-03-10 05:00:00+00:00,26.54,26.61,26.45,26.56,14919600
2017-03-13 04:00:00+00:00,26.56,26.61,26.53,26.58,16198566
2017-03-14 04:00:00+00:00,26.56,26.56,26.42,26.52,15400984
2017-03-15 04:00:00+00:00,26.56,26.75,26.48,26.7,19560874
2017-03-16 04:00:00+00:00,26.8,26.81,26.69,26.72,25615192
2017-03-17 04:00:00+00:00,26.72,26.76,26.66,26.67,14372732
2017-03-20 04:00:00+00:00,26.68,26.75,26.62,26.7,9083882
2017-03-21 04:00:00+00:00,26.77,26.83,26.3,26.31,30709706
2017-03-22 04:00:00+00:00,26.31,26.51,26.28,26.47,24442874
2017-03-23 04:00:00+00:00,26.43,26.51,26.36,26.4,23773158
2017-03-24 04:00:00+00:00,26.49,26.58,26.33,26.42,26611112
2017-03-27 04:00:00+00:00,26.2,26.48,26.17,26.42,14012788
2017-03-28 04:00:00+00:00,26.4,26.67,26.35,26.61,17824186
2017-03-29 04:00:00+00:00,26.6,26.67,26.54,26.66,11815516
2017-03-30 04:00:00+00:00,26.64,26.74,26.62,26.71,19217804
2017-03-31 04:00:00+00:00,26.68,26.75,26.63,26.66,12520536
2017-04-03 04:00:00+00:00,26.68,26.72,26.47,26.63,26380526
2017-04-04 04:00:00+00:00,26.52,26.65,26.51,26.65,15509826
2017-04-05 04:00:00+00:00,26.68,26.86,26.52,26.54,23133068
2017-04-06 04:00:00+00:00,26.57,26.63,26.48,26.55,14602300
2017-04-07 04:00:00+00:00,26.51,26.6,26.44,26.53,13439918
2017-04-10 04:00:00+00:00,26.55,26.61,26.43,26.48,10064506
2017-04-11 04:00:00+00:00,26.44,26.47,26.17,26.38,17254840
2017-04-12 04:00:00+00:00,26.36,26.38,26.24,26.29,17788086
2017-04-13 04:00:00+00:00,26.26,26.44,26.19,26.19,21395042
2017-04-17 04:00:00+00:00,26.27,26.44,26.27,26.43,14763090
2017-04-18 04:00:00+00:00,26.36,26.47,26.32,26.42,12770802
2017-04-19 04:00:00+00:00,26.46,26.56,26.35,26.4,14949646
2017-04-20 04:00:00+00:00,26.47,26.68,26.43,26.64,16093962
2017-04-21 04:00:00+00:00,26.65,26.66,26.54,26.59,15593900
2017-04-24 04:00:00+00:00,26.88,26.92,26.82,26.9,17219068
2017-04-25 04:00:00+00:00,27.01,27.09,26.96,27.04,22056810
2017-04-26 04:00:00+00:00,27.06,27.11,26.99,27.01,18684958
2017-04-27 04:00:00+00:00,27.08,27.14,27.05,27.12,18538744
2017-04-28 04:00:00+00:00,27.21,27.25,27.13,27.19,25609354
2017-05-01 04:00:00+00:00,27.29,27.43,27.24,27.4,16077378
2017-05-02 04:00:00+00:00,27.45,27.5,27.36,27.46,15933460
2017-05-03 04:00:00+00:00,27.37,27.42,27.28,27.41,15355202
2017-05-04 04:00:00+00:00,27.42,27.43,27.3,27.39,15498592
2017-05-05 04:00:00+00:00,27.43,27.49,27.36,27.49,14458378
2017-05-08 04:00:00+00:00,27.51,27.62,27.46,27.61,15320386
2017-05-09 04:00:00+00:00,27.64,27.71,27.59,27.64,16884244
2017-05-10 04:00:00+00:00,27.67,27.77,27.61,27.75,10816066
2017-05-11 04:00:00+00:00,27.66,27.73,27.55,27.71,20540288
2017-05-12 04:00:00+00:00,27.74,27.8,27.71,27.78,9868336
2017-05-15 04:00:00+00:00,27.82,27.94,27.8,27.94,22867580
2017-05-16 04:00:00+00:00,28.0,28.07,27.91,28.07,18929780
2017-05-17 04:00:00+00:00,27.85,27.87,27.29,27.3,44519496
2017-05-18 04:00:00+00:00,27.23,27.57,27.19,27.46,36722118
2017-05-19 04:00:00+00:00,27.61,27.71,27.58,27.62,22739508
2017-05-22 04:00:00+00:00,27.69,27.88,27.68,27.84,30250486
2017-05-23 04:00:00+00:00,27.99,27.99,27.82,27.89,14379858
2017-05-24 04:00:00+00:00,27.97,28.01,27.9,28.01,21880310
2017-05-25 04:00:00+00:00,28.1,28.26,28.04,28.21,12810936
2017-05-26 04:00:00+00:00,28.18,28.23,28.12,28.19,96594756
2017-05-30 04:00:00+00:00,28.2,28.34,28.17,28.31,12852134
2017-05-31 04:00:00+00:00,28.42,28.43,28.17,28.27,31514266
2017-06-01 04:00:00+00:00,28.33,28.34,28.16,28.34,17401194
2017-06-02 04:00:00+00:00,28.44,28.6,28.35,28.6,17164784
2017-06-05 04:00:00+00:00,28.6,28.7,28.56,28.62,21833958
2017-06-06 04:00:00+00:00,28.59,28.71,28.53,28.57,16605694
2017-06-07 04:00:00+00:00,28.63,28.71,28.51,28.66,18729138
2017-06-08 04:00:00+00:00,28.71,28.74,28.56,28.72,15327876
2017-06-09 04:00:00+00:00,28.76,28.81,27.61,28.01,73866502
2017-06-12 04:00:00+00:00,27.72,27.89,27.39,27.85,72548592
2017-06-13 04:00:00+00:00,27.98,28.14,27.84,28.02,37781736
2017-06-14 04:00:00+00:00,28.16,28.16,27.68,27.91,33773116
2017-06-15 04:00:00+00:00,27.6,27.83,27.48,27.79,31680084
2017-06-16 04:00:00+00:00,27.68,27.68,27.51,27.62,47578206
2017-06-19 04:00:00+00:00,27.84,28.06,27.82,28.04,20792934
2017-06-20 04:00:00+00:00,28.03,28.04,27.81,27.81,22272328
2017-06-21 04:00:00+00:00,27.91,27.98,27.82,27.97,24983062
2017-06-22 04:00:00+00:00,28.05,28.07,27.89,27.98,18599970
2017-06-23 04:00:00+00:00,27.95,28.22,27.91,28.15,34828228
2017-06-26 04:00:00+00:00,28.3,28.36,27.97,28.0,19785962
2017-06-27 04:00:00+00:00,27.85,27.9,27.54,27.54,26397964
2017-06-28 04:00:00+00:00,27.65,27.91,27.46,27.89,26651000
2017-06-29 04:00:00+00:00,27.76,27.76,27.17,27.39,42963402
2017-06-30 04:00:00+00:00,27.5,27.55,27.34,27.39,33900444
2017-07-03 04:00:00+00:00,27.48,27.53,27.14,27.17,34762876
2017-07-05 04:00:00+00:00,27.27,27.49,27.18,27.43,30146384
2017-07-06 04:00:00+00:00,27.2,27.34,27.13,27.19,26143546
2017-07-07 04:00:00+00:00,27.29,27.6,27.27,27.51,18190500
2017-07-10 04:00:00+00:00,27.51,27.77,27.47,27.71,11539004
2017-07-11 04:00:00+00:00,27.68,27.81,27.57,27.77,14688078
2017-07-12 04:00:00+00:00,27.96,28.15,27.94,28.13,34574530
2017-07-13 04:00:00+00:00,28.17,28.28,28.12,28.19,17643216
2017-07-14 04:00:00+00:00,28.3,28.46,28.26,28.43,13880082
2017-07-17 04:00:00+00:00,28.46,28.52,28.38,28.44,22987014
2017-07-18 04:00:00+00:00,28.38,28.57,28.31,28.57,22210312
2017-07-19 04:00:00+00:00,28.61,28.74,28.59,28.71,13824124
2017-07-20 04:00:00+00:00,28.79,28.8,28.61,28.78,22146534
2017-07-21 04:00:00+00:00,28.67,28.74,28.62,28.74,12224414
2017-07-24 04:00:00+00:00,28.72,28.83,28.66,28.81,11001196
2017-07-25 04:00:00+00:00,28.71,28.81,28.63,28.75,14058138
2017-07-26 04:00:00+00:00,28.91,28.91,28.77,28.86,22110950
2017-07-27 04:00:00+00:00,29.07,29.1,28.4,28.75,49521564
2017-07-28 04:00:00+00:00,28.61,28.78,28.58,28.72,22989244
2017-07-31 04:00:00+00:00,28.77,28.83,28.55,28.59,25319360
2017-08-01 04:00:00+00:00,28.73,28.75,28.62,28.72,19120812
2017-08-02 04:00:00+00:00,29.03,29.03,28.63,28.81,28031486
2017-08-03 04:00:00+00:00,28.85,28.85,28.65,28.73,23738072
2017-08-04 04:00:00+00:00,28.8,28.89,28.74,28.81,10128200
2017-08-07 04:00:00+00:00,28.85,28.98,28.83,28.98,17839612
2017-08-08 04:00:00+00:00,28.94,29.17,28.86,28.94,22983988
2017-08-09 04:00:00+00:00,28.76,28.95,28.74,28.93,14341208
2017-08-10 04:00:00+00:00,28.77,28.8,28.34,28.36,30689474
2017-08-11 04:00:00+00:00,28.4,28.64,28.37,28.56,34003416
2017-08-14 04:00:00+00:00,28.81,29.05,28.75,29.01,20434414
2017-08-15 04:00:00+00:00,29.07,29.11,28.96,29.05,15264134
2017-08-16 04:00:00+00:00,29.1,29.24,29.04,29.14,19306038
2017-08-17 04:00:00+00:00,29.03,29.07,28.57,28.57,26792928
2017-08-18 04:00:00+00:00,28.57,28.74,28.43,28.54,36538966
2017-08-21 04:00:00+00:00,28.56,28.59,28.34,28.53,16294812
2017-08-22 04:00:00+00:00,28.68,28.97,28.66,28.95,17756116
2017-08-23 04:00:00+00:00,28.79,28.96,28.78,28.88,21171578
2017-08-24 04:00:00+00:00,28.95,28.98,28.71,28.86,17067054
2017-08-25 04:00:00+00:00,28.95,29.04,28.79,28.85,17920718
2017-08-28 04:00:00+00:00,28.92,28.96,28.83,28.91,12405714
2017-08-29 04:00:00+00:00,28.67,29.07,28.64,29.03,17835782
2017-08-30 04:00:00+00:00,29.06,29.26,28.99,29.24,15548772
2017-08-31 04:00:00+00:00,29.31,29.47,29.28,29.42,19677566
2017-09-01 04:00:00+00:00,29.49,29.52,29.35,29.39,12686408
2017-09-05 04:00:00+00:00,29.31,29.36,28.94,29.13,24519320
2017-09-06 04:00:00+00:00,29.22,29.26,29.03,29.16,18812568
2017-09-07 04:00:00+00:00,29.25,29.32,29.15,29.26,16217052
2017-09-08 04:00:00+00:00,29.21,29.25,28.99,29.02,12844350
2017-09-11 04:00:00+00:00,29.25,29.46,29.25,29.43,14834038
2017-09-12 04:00:00+00:00,29.51,29.55,29.36,29.5,15935134
2017-09-13 04:00:00+00:00,29.46,29.47,29.34,29.46,16726246
2017-09-14 04:00:00+00:00,29.35,29.49,29.29,29.36,16365390
2017-09-15 04:00:00+00:00,29.23,29.4,29.18,29.37,27036502
2017-09-18 04:00:00+00:00,29.42,29.5,29.29,29.4,22668308
2017-09-19 04:00:00+00:00,29.44,29.59,29.37,29.53,11836448
2017-09-20 04:00:00+00:00,29.52,29.53,29.2,29.41,18478480
2017-09-21 04:00:00+00:00,29.4,29.4,29.15,29.25,17854082
2017-09-22 04:00:00+00:00,29.15,29.3,29.14,29.26,11387694
2017-09-25 04:00:00+00:00,29.17,29.17,28.79,28.92,29083558
2017-09-26 04:00:00+00:00,29.07,29.14,28.93,29.02,19309250
2017-09-27 04:00:00+00:00,29.15,29.41,29.11,29.32,15867228
2017-09-28 04:00:00+00:00,29.24,29.36,29.18,29.35,11655408
2017-09-29 04:00:00+00:00,29.4,29.58,29.37,29.55,28296090
2017-10-02 04:00:00+00:00,29.63,29.69,29.45,29.6,15663136
2017-10-03 04:00:00+00:00,29.62,29.68,29.59,29.67,13278954
2017-10-04 04:00:00+00:00,29.62,29.69,29.52,29.65,13543848
2017-10-05 04:00:00+00:00,29.74,29.94,29.72,29.93,14077370
2017-10-06 04:00:00+00:00,29.83,29.99,29.82,29.98,12135188
2017-10-09 04:00:00+00:00,30.02,30.12,30.0,30.05,15901160
2017-10-10 04:00:00+00:00,30.15,30.17,29.93,30.08,11451170
2017-10-11 04:00:00+00:00,30.04,30.19,30.04,30.18,10300896
2017-10-12 04:00:00+00:00,30.08,30.25,30.07,30.11,12772920
2017-10-13 04:00:00+00:00,30.22,30.3,30.22,30.25,12423134
2017-10-16 04:00:00+00:00,30.33,30.37,30.26,30.36,18612158
2017-10-17 04:00:00+00:00,30.35,30.36,30.26,30.36,10794698
2017-10-18 04:00:00+00:00,30.45,30.48,30.34,30.44,12482976
2017-10-19 04:00:00+00:00,30.31,30.38,30.15,30.35,14613718
2017-10-20 04:00:00+00:00,30.53,30.59,30.48,30.55,16021664
2017-10-23 04:00:00+00:00,30.6,30.63,30.37,30.41,16611926
2017-10-24 04:00:00+00:00,30.47,30.54,30.37,30.49,16375802
2017-10-25 04:00:00+00:00,30.42,30.51,30.13,30.33,19122688
2017-10-26 04:00:00+00:00,30.5,30.58,30.43,30.45,19539166
2017-10-27 04:00:00+00:00,30.94,31.36,30.94,31.27,31703700
2017-10-30 04:00:00+00:00,31.28,31.46,31.22,31.34,17746676
2017-10-31 04:00:00+00:00,31.46,31.54,31.34,31.48,20697884
2017-11-01 04:00:00+00:00,31.63,31.67,31.32,31.48,19756552
2017-11-02 04:00:00+00:00,31.48,31.53,31.26,31.5,21541968
2017-11-03 04:00:00+00:00,31.71,31.78,31.48,31.75,16378648
2017-11-06 05:00:00+00:00,31.73,31.83,31.71,31.82,12189324
2017-11-07 05:00:00+00:00,31.85,31.86,31.7,31.83,11818146
2017-11-08 05:00:00+00:00,31.83,32.01,31.74,32.01,21729998
2017-11-09 05:00:00+00:00,31.76,31.81,31.43,31.75,21242958
2017-11-10 05:00:00+00:00,31.71,31.78,31.63,31.75,12143840
2017-11-13 05:00:00+00:00,31.63,31.78,31.63,31.74,8907354
2017-11-14 05:00:00+00:00,31.65,31.71,31.5,31.68,15160140
2017-11-15 05:00:00+00:00,31.52,31.56,31.35,31.44,17455052
2017-11-16 05:00:00+00:00,31.67,31.95,31.67,31.88,16159076
2017-11-17 05:00:00+00:00,31.84,31.86,31.65,31.68,19105564
2017-11-20 05:00:00+00:00,31.75,31.82,31.71,31.8,14606808
2017-11-21 05:00:00+00:00,31.92,32.15,31.9,32.13,17185452
2017-11-22 05:00:00+00:00,32.13,32.14,32.02,32.07,27869736
2017-11-24 05:00:00+00:00,32.12,32.27,32.11,32.25,11222634
2017-11-27 05:00:00+00:00,32.2,32.29,32.14,32.25,14056456
2017-11-28 05:00:00+00:00,32.3,32.39,32.17,32.35,25302818
2017-11-29 05:00:00+00:00,32.3,32.31,31.42,31.64,68187870
2017-11-30 05:00:00+00:00,31.78,32.01,31.67,31.92,45175968
2017-12-01 05:00:00+00:00,31.73,31.92,31.3,31.76,41145352
2017-12-04 05:00:00+00:00,31.96,31.97,31.22,31.25,34766270
2017-12-05 05:00:00+00:00,31.19,31.62,31.06,31.26,28427148
2017-12-06 05:00:00+00:00,31.13,31.52,31.05,31.46,27109160
2017-12-07 05:00:00+00:00,31.48,31.71,31.46,31.65,23600128
2017-12-08 05:00:00+00:00,31.86,31.96,31.72,31.8,23620828
2017-12-11 05:00:00+00:00,31.79,32.08,31.77,32.08,26719042
2017-12-12 05:00:00+00:00,32.06,32.18,31.93,32.07,16933626
2017-12-13 05:00:00+00:00,32.17,32.23,32.03,32.08,21521596
2017-12-14 05:00:00+00:00,32.12,32.21,32.02,32.03,22485372
2017-12-15 05:00:00+00:00,32.02,32.33,31.94,32.28,46153482
2017-12-18 05:00:00+00:00,32.51,32.6,32.46,32.57,22215424
2017-12-19 05:00:00+00:00,32.5,32.52,32.28,32.37,24786726
2017-12-20 05:00:00+00:00,32.51,32.51,32.2,32.35,18335220
2017-12-21 05:00:00+00:00,32.41,32.47,32.26,32.29,35433134
2017-12-22 05:00:00+00:00,32.24,32.3,32.19,32.27,11329860
2017-12-26 05:00:00+00:00,32.07,32.09,31.94,32.06,12623576
2017-12-27 05:00:00+00:00,32.06,32.15,32.03,32.09,11747448
2017-12-28 05:00:00+00:00,32.19,32.21,32.09,32.15,22267910
2017-12-29 05:00:00+00:00,32.17,32.17,31.95,31.98,13801098
2018-01-02 05:00:00+00:00,32.1,32.37,32.03,32.37,30599414
2018-01-03 05:00:00+00:00,32.43,32.66,32.4,32.64,24918648
2018-01-04 05:00:00+00:00,32.77,32.89,32.7,32.81,21868456
2018-01-05 05:00:00+00:00,32.98,33.18,32.91,33.15,20295478
2018-01-08 05:00:00+00:00,33.14,33.34,33.12,33.28,13752696
2018-01-09 05:00:00+00:00,33.34,33.35,33.14,33.19,21641124
2018-01-10 05:00:00+00:00,33.01,33.09,32.92,33.08,22280836
2018-01-11 05:00:00+00:00,33.15,33.23,33.07,33.21,16260468
2018-01-12 05:00:00+00:00,33.17,33.45,33.13,33.41,16995870
2018-01-16 05:00:00+00:00,33.61,33.73,33.19,33.28,39483560
2018-01-17 05:00:00+00:00,33.47,33.81,33.35,33.78,37137138
2018-01-18 05:00:00+00:00,33.78,33.92,33.74,33.84,33491426
2018-01-19 05:00:00+00:00,33.9,33.96,33.73,33.9,24905206
2018-01-22 05:00:00+00:00,33.88,34.24,33.81,34.24,18760784
2018-01-23 05:00:00+00:00,34.34,34.45,34.27,34.38,20728556
2018-01-24 05:00:00+00:00,34.47,34.53,34.0,34.12,37369960
2018-01-25 05:00:00+00:00,34.33,34.36,33.97,34.06,26364914
2018-01-26 05:00:00+00:00,34.29,34.6,34.22,34.6,20779526
2018-01-29 05:00:00+00:00,34.49,34.49,34.24,34.28,74052240
2018-01-30 05:00:00+00:00,34.0,34.17,33.88,33.96,30349988
2018-01-31 05:00:00+00:00,34.17,34.28,34.0,34.23,34327920
2018-02-01 05:00:00+00:00,34.1,34.49,34.1,34.26,33039178
2018-02-02 05:00:00+00:00,33.87,33.9,33.24,33.25,45104200
2018-02-05 05:00:00+00:00,32.89,33.51,31.84,31.84,104430386
2018-02-06 05:00:00+00:00,31.42,32.82,31.24,32.75,94711612
2018-02-07 05:00:00+00:00,32.69,33.02,32.35,32.35,47822016
2018-02-08 05:00:00+00:00,32.44,32.49,31.0,31.01,57063686
2018-02-09 05:00:00+00:00,31.51,32.0,30.49,31.77,75400960
2018-02-12 05:00:00+00:00,32.1,32.53,31.87,32.34,36580686
2018-02-13 05:00:00+00:00,32.15,32.49,32.06,32.42,19323432
2018-02-14 05:00:00+00:00,32.24,33.06,32.22,33.01,34295626
2018-02-15 05:00:00+00:00,33.33,33.64,32.94,33.64,25644198
2018-02-16 05:00:00+00:00,33.54,33.95,33.51,33.59,20631682
2018-02-20 05:00:00+00:00,33.42,33.89,33.39,33.62,41578256
2018-02-21 05:00:00+00:00,33.75,34.03,33.4,33.41,32985686
2018-02-22 05:00:00+00:00,33.52,33.75,33.35,33.45,24522800
2018-02-23 05:00:00+00:00,33.72,34.15,33.64,34.15,21246386
2018-02-26 05:00:00+00:00,34.29,34.68,34.29,34.68,22483592
2018-02-27 05:00:00+00:00,34.7,34.85,34.33,34.33,27143802
2018-02-28 05:00:00+00:00,34.53,34.67,34.08,34.09,33576722
2018-03-01 05:00:00+00:00,34.17,34.3,33.27,33.52,43594120
2018-03-02 05:00:00+00:00,33.14,33.91,33.05,33.84,38794352
2018-03-05 05:00:00+00:00,33.68,34.3,33.6,34.19,22565796
2018-03-06 05:00:00+00:00,34.38,34.42,34.11,34.26,20951484
2018-03-07 05:00:00+00:00,34.01,34.49,34.01,34.45,22892126
2018-03-08 05:00:00+00:00,34.56,34.63,34.39,34.6,15954028
2018-03-09 05:00:00+00:00,34.85,35.26,34.8,35.26,25252698
2018-03-12 04:00:00+00:00,35.36,35.51,35.27,35.37,27810324
2018-03-13 04:00:00+00:00,35.55,35.67,34.84,34.96,28666978
2018-03-14 04:00:00+00:00,35.14,35.17,34.76,34.93,28044072
2018-03-15 04:00:00+00:00,34.94,35.16,34.78,34.95,27765410
2018-03-16 04:00:00+00:00,34.9,35.03,34.76,34.81,25231728
2018-03-19 04:00:00+00:00,34.48,34.53,33.84,34.12,43434848
2018-03-20 04:00:00+00:00,34.03,34.23,33.91,34.1,19485770
2018-03-21 04:00:00+00:00,34.03,34.35,33.8,33.9,22879014
2018-03-22 04:00:00+00:00,33.49,33.68,32.99,33.02,45840894
2018-03-23 04:00:00+00:00,33.0,33.15,32.13,32.14,42588168
2018-03-26 04:00:00+00:00,32.8,33.41,32.34,33.36,55625400
2018-03-27 04:00:00+00:00,33.57,33.59,32.04,32.29,64792320
2018-03-28 04:00:00+00:00,32.22,32.6,31.89,32.08,54303720
2018-03-29 04:00:00+00:00,32.31,33.03,32.08,32.71,36743952
2018-04-02 04:00:00+00:00,32.58,32.73,31.58,31.93,53268204
2018-04-03 04:00:00+00:00,32.17,32.32,31.71,32.24,36541758
2018-04-04 04:00:00+00:00,31.66,32.78,31.59,32.7,36983128
2018-04-05 04:00:00+00:00,32.99,33.05,32.61,32.83,38413652
2018-04-06 04:00:00+00:00,32.49,32.79,31.89,32.03,42087674
2018-04-09 04:00:00+00:00,32.26,32.91,32.23,32.28,22314776
2018-04-10 04:00:00+00:00,32.78,33.21,32.6,33.07,32977292
2018-04-11 04:00:00+00:00,32.87,33.17,32.82,32.88,17657486
2018-04-12 04:00:00+00:00,33.08,33.42,33.04,33.27,21869148
2018-04-13 04:00:00+00:00,33.5,33.52,33.0,33.16,22747092
2018-04-16 04:00:00+00:00,33.39,33.54,33.2,33.42,19843928
2018-04-17 04:00:00+00:00,33.71,34.15,33.65,34.03,32318412
2018-04-18 04:00:00+00:00,34.0,34.08,33.74,33.95,20182712
2018-04-19 04:00:00+00:00,33.73,33.77,33.45,33.57,26236272
2018-04-20 04:00:00+00:00,33.47,33.49,32.96,33.1,40581372
2018-04-23 04:00:00+00:00,33.23,33.33,32.83,32.99,40249148
2018-04-24 04:00:00+00:00,33.17,33.23,32.17,32.41,35499142
2018-04-25 04:00:00+00:00,32.46,32.53,32.0,32.42,32602542
2018-04-26 04:00:00+00:00,32.82,33.14,32.69,33.01,38280178
2018-04-27 04:00:00+00:00,33.34,33.36,32.77,32.95,26454382
2018-04-30 04:00:00+00:00,33.03,33.23,32.69,32.73,17824580
2018-05-01 04:00:00+00:00,32.69,33.16,32.6,33.14,19028350
2018-05-02 04:00:00+00:00,33.35,33.48,33.05,33.1,28246274
2018-05-03 04:00:00+00:00,32.96,33.31,32.66,33.18,34444722
2018-05-04 04:00:00+00:00,33.06,33.87,33.02,33.81,22278320
2018-05-07 04:00:00+00:00,33.97,34.2,33.92,34.06,30806960
2018-05-08 04:00:00+00:00,33.99,34.15,33.84,34.12,31188442
2018-05-09 04:00:00+00:00,34.21,34.54,34.1,34.54,32083780
2018-05-10 04:00:00+00:00,34.7,35.02,34.67,34.99,23893122
2018-05-11 04:00:00+00:00,34.96,35.08,34.83,34.94,18455190
2018-05-14 04:00:00+00:00,35.06,35.21,34.9,34.94,21085350
2018-05-15 04:00:00+00:00,34.69,34.72,34.42,34.6,29001268
2018-05-16 04:00:00+00:00,34.66,34.84,34.58,34.76,13673970
2018-05-17 04:00:00+00:00,34.64,34.87,34.44,34.58,23705066
2018-05-18 04:00:00+00:00,34.47,34.62,34.41,34.44,16716140
2018-05-21 04:00:00+00:00,34.75,34.9,34.56,34.74,30551016
2018-05-22 04:00:00+00:00,34.91,34.96,34.61,34.69,14998108
2018-05-23 04:00:00+00:00,34.4,34.94,34.4,34.94,32523368
2018-05-24 04:00:00+00:00,34.93,34.97,34.55,34.9,23608974
2018-05-25 04:00:00+00:00,34.92,35.0,34.79,34.88,19779346
2018-05-29 04:00:00+00:00,34.7,34.88,34.46,34.69,79358998
2018-05-30 04:00:00+00:00,34.86,34.99,34.76,34.94,20840302
2018-05-31 04:00:00+00:00,34.94,35.18,34.87,34.95,31649052
2018-06-01 04:00:00+00:00,35.19,35.55,35.13,35.55,27194658
2018-06-04 04:00:00+00:00,35.64,35.87,35.6,35.83,22801452
2018-06-05 04:00:00+00:00,35.92,36.02,35.82,35.96,38394054
2018-06-06 04:00:00+00:00,36.02,36.19,35.83,36.19,37315916
2018-06-07 04:00:00+00:00,36.17,36.17,35.64,35.9,41522524
2018-06-08 04:00:00+00:00,35.63,35.9,35.56,35.84,20039586
2018-06-11 04:00:00+00:00,35.86,35.99,35.78,35.88,14942378
2018-06-12 04:00:00+00:00,35.95,36.08,35.89,36.06,16078902
2018-06-13 04:00:00+00:00,36.06,36.22,35.85,35.87,33119148
2018-06-14 04:00:00+00:00,36.01,36.21,35.96,36.13,26497732
2018-06-15 04:00:00+00:00,35.87,35.92,35.65,35.86,34927410
2018-06-18 04:00:00+00:00,35.61,35.92,35.5,35.9,16708558
2018-06-19 04:00:00+00:00,35.46,35.73,35.26,35.72,27427054
2018-06-20 04:00:00+00:00,35.8,35.96,35.75,35.79,23125910
2018-06-21 04:00:00+00:00,35.93,35.95,35.43,35.5,29982736
2018-06-22 04:00:00+00:00,35.6,35.62,35.26,35.4,33032932
2018-06-25 04:00:00+00:00,35.12,35.15,34.36,34.67,37102352
2018-06-26 04:00:00+00:00,34.78,35.03,34.69,34.81,28054954
2018-06-27 04:00:00+00:00,34.92,35.08,34.32,34.33,47833452
2018-06-28 04:00:00+00:00,34.28,34.87,34.28,34.75,39021526
2018-06-29 04:00:00+00:00,34.89,35.03,34.72,34.74,20633922
2018-07-02 04:00:00+00:00,34.44,35.06,34.39,35.05,25435422
2018-07-03 04:00:00+00:00,35.15,35.17,34.6,34.63,13351312
2018-07-05 04:00:00+00:00,34.85,35.14,34.74,35.12,30262812
2018-07-06 04:00:00+00:00,35.14,35.59,35.06,35.53,26101028
2018-07-09 04:00:00+00:00,35.72,35.81,35.53,35.8,18019864
2018-07-10 04:00:00+00:00,35.81,35.99,35.81,35.89,25846082
2018-07-11 04:00:00+00:00,35.63,35.89,35.58,35.74,29573924
2018-07-12 04:00:00+00:00,35.9,36.33,35.86,36.31,25400594
2018-07-13 04:00:00+00:00,36.32,36.36,36.15,36.27,20928054
2018-07-16 04:00:00+00:00,36.28,36.35,36.12,36.19,15813264
2018-07-17 04:00:00+00:00,35.92,36.52,35.91,36.45,15163262
2018-07-18 04:00:00+00:00,36.45,36.45,36.27,36.4,14407698
2018-07-19 04:00:00+00:00,36.31,36.45,36.2,36.27,15244594
2018-07-20 04:00:00+00:00,36.41,36.48,36.23,36.28,14738450
2018-07-23 04:00:00+00:00,36.2,36.48,36.06,36.46,25388592
2018-07-24 04:00:00+00:00,36.83,36.97,36.51,36.66,22470534
2018-07-25 04:00:00+00:00,36.67,37.12,36.62,37.12,33642112
2018-07-26 04:00:00+00:00,36.49,36.67,36.42,36.55,25509890
2018-07-27 04:00:00+00:00,36.6,36.62,35.7,35.92,75354462
2018-07-30 04:00:00+00:00,35.91,35.96,35.16,35.37,36352480
2018-07-31 04:00:00+00:00,35.48,35.69,35.26,35.46,30358412
2018-08-01 04:00:00+00:00,35.72,35.9,35.59,35.77,32414370
2018-08-02 04:00:00+00:00,35.45,36.28,35.45,36.23,26770000
2018-08-03 04:00:00+00:00,36.24,36.36,36.08,36.36,14866152
2018-08-06 04:00:00+00:00,36.35,36.58,36.26,36.57,15564076
2018-08-07 04:00:00+00:00,36.69,36.82,36.63,36.7,20781462
2018-08-08 04:00:00+00:00,36.67,36.87,36.58,36.8,14643372
2018-08-09 04:00:00+00:00,36.83,36.95,36.78,36.81,27825268
2018-08-10 04:00:00+00:00,36.53,36.69,36.41,36.52,23729218
2018-08-13 04:00:00+00:00,36.57,36.85,36.46,36.47,26143360
2018-08-14 04:00:00+00:00,36.59,36.73,36.39,36.69,19241914
2018-08-15 04:00:00+00:00,36.46,36.6,36.08,36.36,36305772
2018-08-16 04:00:00+00:00,36.64,36.74,36.44,36.52,18823490
2018-08-17 04:00:00+00:00,36.41,36.67,36.29,36.58,18287978
2018-08-20 04:00:00+00:00,36.66,36.67,36.38,36.52,21413456
2018-08-21 04:00:00+00:00,36.62,36.81,36.53,36.58,16428950
2018-08-22 04:00:00+00:00,36.47,36.74,36.42,36.69,13035706
2018-08-23 04:00:00+00:00,36.63,36.97,36.63,36.77,21027904
2018-08-24 04:00:00+00:00,36.87,37.15,36.87,37.14,13645506
2018-08-27 04:00:00+00:00,37.34,37.5,37.24,37.48,17032494
2018-08-28 04:00:00+00:00,37.56,37.63,37.44,37.55,15829900
2018-08-29 04:00:00+00:00,37.59,37.91,37.59,37.89,25090812
2018-08-30 04:00:00+00:00,37.78,38.02,37.66,37.77,21407384
2018-08-31 04:00:00+00:00,37.74,37.9,37.67,37.8,21167388
2018-09-04 04:00:00+00:00,37.63,37.71,37.4,37.66,23275188
2018-09-05 04:00:00+00:00,37.6,37.64,36.99,37.19,35684350
2018-09-06 04:00:00+00:00,37.13,37.21,36.63,36.92,28467636
2018-09-07 04:00:00+00:00,36.67,37.09,36.64,36.79,29077704
2018-09-10 04:00:00+00:00,36.92,36.98,36.7,36.91,37815616
2018-09-11 04:00:00+00:00,36.8,37.3,36.71,37.22,27564338
2018-09-12 04:00:00+00:00,37.14,37.15,36.77,37.07,33320168
2018-09-13 04:00:00+00:00,37.3,37.6,37.28,37.5,28351334
2018-09-14 04:00:00+00:00,37.53,37.63,37.3,37.47,19048666
2018-09-17 04:00:00+00:00,37.42,37.48,36.96,37.0,33426794
2018-09-18 04:00:00+00:00,36.96,37.42,36.96,37.24,19931112
2018-09-19 04:00:00+00:00,37.23,37.35,36.93,37.14,21295846
2018-09-20 04:00:00+00:00,37.36,37.62,37.24,37.58,28426556
2018-09-21 04:00:00+00:00,37.6,37.66,37.29,37.31,49523544
2018-09-24 04:00:00+00:00,37.13,37.49,36.98,37.49,36111246
2018-09-25 04:00:00+00:00,37.45,37.52,37.29,37.45,21430198
2018-09-26 04:00:00+00:00,37.49,37.65,37.24,37.31,27215094
2018-09-27 04:00:00+00:00,37.44,37.63,37.44,37.53,31525134
2018-09-28 04:00:00+00:00,37.42,37.7,37.4,37.67,23841968
2018-10-01 04:00:00+00:00,37.91,38.0,37.73,37.85,21416184
2018-10-02 04:00:00+00:00,37.8,38.07,37.68,37.85,30670608
2018-10-03 04:00:00+00:00,37.98,38.13,37.89,37.97,27144848
2018-10-04 04:00:00+00:00,37.78,37.81,37.03,37.28,48535774
2018-10-05 04:00:00+00:00,37.27,37.38,36.45,36.81,47748608
2018-10-08 04:00:00+00:00,36.64,36.75,35.98,36.4,40893212
2018-10-09 04:00:00+00:00,36.38,36.74,36.3,36.53,30488776
2018-10-10 04:00:00+00:00,36.31,36.31,34.73,34.76,92044342
2018-10-11 04:00:00+00:00,34.66,35.24,34.03,34.32,140487908
2018-10-12 04:00:00+00:00,35.28,35.53,34.73,35.42,72903418
2018-10-15 04:00:00+00:00,35.28,35.32,34.82,34.84,38954876
2018-10-16 04:00:00+00:00,35.28,36.0,35.19,35.89,43287378
2018-10-17 04:00:00+00:00,35.93,35.96,35.4,35.72,51995286
2018-10-18 04:00:00+00:00,35.56,35.59,34.81,35.02,46631622
2018-10-19 04:00:00+00:00,35.23,35.6,34.88,35.01,44590356
2018-10-22 04:00:00+00:00,35.17,35.53,34.96,35.3,32503330
2018-10-23 04:00:00+00:00,34.56,35.35,34.21,35.16,48572268
2018-10-24 04:00:00+00:00,35.07,35.16,33.55,33.59,71063452
2018-10-25 04:00:00+00:00,34.07,34.92,34.01,34.7,48163786
2018-10-26 04:00:00+00:00,33.88,34.67,33.56,34.05,88603464
2018-10-29 04:00:00+00:00,34.52,34.76,32.8,33.47,71758518
2018-10-30 04:00:00+00:00,33.44,33.96,33.16,33.85,61509712
2018-10-31 04:00:00+00:00,34.35,34.92,34.34,34.65,43350310
2018-11-01 04:00:00+00:00,34.7,35.08,34.41,35.06,31986334
2018-11-02 04:00:00+00:00,34.78,34.99,34.08,34.37,41104560
2018-11-05 05:00:00+00:00,34.35,34.41,33.84,34.35,29070918
2018-11-06 05:00:00+00:00,34.31,34.72,34.28,34.55,18664158
2018-11-07 05:00:00+00:00,34.95,35.57,34.91,35.57,35337420
2018-11-08 05:00:00+00:00,35.43,35.58,35.31,35.53,21495962
2018-11-09 05:00:00+00:00,35.23,35.26,34.63,34.92,26646216
2018-11-12 05:00:00+00:00,34.6,34.66,33.65,33.69,33990044
2018-11-13 05:00:00+00:00,33.77,34.31,33.63,33.73,31635424
2018-11-14 05:00:00+00:00,34.1,34.17,33.15,33.32,39512788
2018-11-15 05:00:00+00:00,33.38,34.24,33.19,34.16,53081634
2018-11-16 05:00:00+00:00,33.76,34.31,33.69,34.1,36524046
2018-11-19 05:00:00+00:00,33.95,33.98,32.72,32.81,40632460
2018-11-20 05:00:00+00:00,31.89,32.53,31.69,32.1,58286802
2018-11-21 05:00:00+00:00,32.53,32.67,32.2,32.34,33409632
2018-11-23 05:00:00+00:00,31.99,32.4,31.97,32.04,11040230
2018-11-26 05:00:00+00:00,32.46,32.77,32.29,32.77,25627902
2018-11-27 05:00:00+00:00,32.54,32.88,32.35,32.83,23298620
2018-11-28 05:00:00+00:00,33.16,33.98,33.03,33.98,34796206
2018-11-29 05:00:00+00:00,33.88,33.92,33.47,33.65,28622240
2018-11-30 05:00:00+00:00,33.67,33.99,33.51,33.97,33775788
2018-12-03 05:00:00+00:00,34.82,34.85,34.35,34.72,33287430
2018-12-04 05:00:00+00:00,34.48,34.55,33.33,33.41,43883846
2018-12-06 05:00:00+00:00,32.62,33.48,32.46,33.48,44365612
2018-12-07 05:00:00+00:00,33.32,33.47,32.15,32.3,41072344
2018-12-10 05:00:00+00:00,32.12,32.87,31.94,32.74,41419980
2018-12-11 05:00:00+00:00,33.26,33.32,32.52,32.78,31992968
2018-12-12 05:00:00+00:00,33.32,33.56,33.03,33.04,34189882
2018-12-13 05:00:00+00:00,33.2,33.45,32.91,33.1,25902002
2018-12-14 05:00:00+00:00,32.7,32.88,32.26,32.28,31535400
2018-12-17 05:00:00+00:00,32.17,32.39,31.35,31.6,48059096
2018-12-18 05:00:00+00:00,31.85,32.13,31.6,31.85,39604072
2018-12-19 05:00:00+00:00,31.81,32.37,30.88,31.22,69263976
2018-12-20 05:00:00+00:00,31.09,31.4,30.22,30.66,79385796
2018-12-21 05:00:00+00:00,30.54,30.91,29.47,29.6,82542194
2018-12-24 05:00:00+00:00,29.32,29.68,28.79,28.81,42872170
2018-12-26 05:00:00+00:00,29.01,30.55,28.85,30.53,58738368
2018-12-27 05:00:00+00:00,30.13,30.78,29.54,30.77,47257302
2018-12-28 05:00:00+00:00,31.0,31.21,30.44,30.7,39958310
2018-12-31 05:00:00+00:00,30.97,31.11,30.73,30.99,34431676
2019-01-02 05:00:00+00:00,30.36,31.2,30.32,31.01,31144954
2019-01-03 05:00:00+00:00,30.22,30.24,29.41,29.45,51669504
2019-01-04 05:00:00+00:00,29.99,30.88,29.89,30.75,42410848
2019-01-07 05:00:00+00:00,30.75,31.24,30.68,31.03,24215694
2019-01-08 05:00:00+00:00,31.33,31.44,30.92,31.29,26231936
2019-01-09 05:00:00+00:00,31.46,31.86,31.42,31.69,28452556
2019-01-10 05:00:00+00:00,31.44,31.85,31.3,31.83,22305342
2019-01-11 05:00:00+00:00,31.65,31.79,31.58,31.77,15623662
2019-01-14 05:00:00+00:00,31.49,31.59,31.37,31.48,14727236
2019-01-15 05:00:00+00:00,31.58,32.02,31.52,31.95,28981608
2019-01-16 05:00:00+00:00,31.99,32.17,31.92,31.98,19177266
2019-01-17 05:00:00+00:00,31.87,32.37,31.78,32.19,20382828
2019-01-18 05:00:00+00:00,32.51,32.74,32.3,32.67,28458872
2019-01-22 05:00:00+00:00,32.41,32.47,31.87,32.13,30500384
2019-01-23 05:00:00+00:00,32.26,32.5,31.88,32.24,19483632
2019-01-24 05:00:00+00:00,32.35,32.62,32.34,32.51,31001478
2019-01-25 05:00:00+00:00,32.75,33.06,32.63,32.97,21589668
2019-01-28 05:00:00+00:00,32.48,32.53,32.26,32.53,19721334
2019-01-29 05:00:00+00:00,32.59,32.6,32.13,32.2,18374286
2019-01-30 05:00:00+00:00,32.71,33.27,32.57,33.16,35985516
2019-01-31 05:00:00+00:00,33.01,33.32,32.9,33.14,37052124
2019-02-01 05:00:00+00:00,33.16,33.52,33.1,33.34,19869782
2019-02-04 05:00:00+00:00,33.38,33.88,33.35,33.87,15573176
2019-02-05 05:00:00+00:00,33.99,34.24,33.95,34.16,26654682
2019-02-06 05:00:00+00:00,34.2,34.37,34.06,34.27,21917602
2019-02-07 05:00:00+00:00,33.96,34.1,33.57,33.8,30042162
2019-02-08 05:00:00+00:00,33.49,33.99,33.48,33.99,17366614
2019-02-11 05:00:00+00:00,34.1,34.21,33.9,33.98,15182864
2019-02-12 05:00:00+00:00,34.22,34.47,34.17,34.43,20585408
2019-02-13 05:00:00+00:00,34.6,34.73,34.46,34.48,19344410
2019-02-14 05:00:00+00:00,34.35,34.66,34.32,34.53,19752780
2019-02-15 05:00:00+00:00,34.8,34.85,34.62,34.81,15068308
2019-02-19 05:00:00+00:00,34.67,34.92,34.64,34.82,16928612
2019-02-20 05:00:00+00:00,34.85,35.0,34.67,34.86,19976316
2019-02-21 05:00:00+00:00,34.78,35.01,34.66,34.88,19702638
2019-02-22 05:00:00+00:00,35.03,35.34,35.03,35.32,26889438
2019-02-25 05:00:00+00:00,35.59,35.74,35.47,35.49,43060130
2019-02-26 05:00:00+00:00,35.37,35.67,35.34,35.57,31634382
2019-02-27 05:00:00+00:00,35.43,35.58,35.17,35.53,19768130
2019-02-28 05:00:00+00:00,35.4,35.57,35.34,35.43,19365344
2019-03-01 05:00:00+00:00,35.71,35.77,35.39,35.67,25038218
2019-03-04 05:00:00+00:00,35.82,35.91,35.14,35.53,32182646
2019-03-05 05:00:00+00:00,35.52,35.56,35.32,35.43,18317048
2019-03-06 05:00:00+00:00,35.41,35.45,35.2,35.24,28658052
2019-03-07 05:00:00+00:00,35.15,35.17,34.8,34.91,37951118
2019-03-08 05:00:00+00:00,34.49,34.94,34.42,34.91,26176260
2019-03-11 04:00:00+00:00,35.03,35.69,35.03,35.66,30681070
2019-03-12 04:00:00+00:00,35.76,35.99,35.65,35.87,36515378
2019-03-13 04:00:00+00:00,36.02,36.31,36.0,36.1,36937492
2019-03-14 04:00:00+00:00,36.16,36.28,36.07,36.17,21722264
2019-03-15 04:00:00+00:00,36.19,36.66,36.16,36.49,43256594
2019-03-18 04:00:00+00:00,36.52,36.74,36.42,36.65,29979796
2019-03-19 04:00:00+00:00,36.8,36.9,36.58,36.73,32648900
2019-03-20 04:00:00+00:00,36.69,36.92,36.41,36.63,27834968
2019-03-21 04:00:00+00:00,36.63,37.63,36.62,37.53,62982490
2019-03-22 04:00:00+00:00,37.35,37.51,36.64,36.67,54152684
2019-03-25 04:00:00+00:00,36.54,36.74,36.27,36.5,44812060
2019-03-26 04:00:00+00:00,36.82,37.06,36.49,36.7,28147858
2019-03-27 04:00:00+00:00,36.76,36.9,36.17,36.5,32008066
2019-03-28 04:00:00+00:00,36.6,36.79,36.42,36.64,21501538
2019-03-29 04:00:00+00:00,36.95,37.02,36.77,36.99,29684782
2019-04-01 04:00:00+00:00,37.36,37.55,37.15,37.52,26043164
2019-04-02 04:00:00+00:00,37.53,37.69,37.42,37.64,25590628
2019-04-03 04:00:00+00:00,37.86,38.13,37.79,37.94,28379906
2019-04-04 04:00:00+00:00,37.92,38.03,37.56,37.78,23400086
2019-04-05 04:00:00+00:00,37.91,38.0,37.84,37.96,13762342
2019-04-08 04:00:00+00:00,37.87,38.13,37.71,38.1,14855266
2019-04-09 04:00:00+00:00,37.94,38.08,37.84,37.92,31325870
2019-04-10 04:00:00+00:00,37.96,38.2,37.94,38.19,17799038
2019-04-11 04:00:00+00:00,38.27,38.28,38.06,38.14,15536278
2019-04-12 04:00:00+00:00,38.35,38.41,38.14,38.41,17629134
2019-04-15 04:00:00+00:00,38.41,38.5,38.19,38.39,20069358
2019-04-16 04:00:00+00:00,38.51,38.63,38.4,38.59,19505722
2019-04-17 04:00:00+00:00,38.83,38.85,38.61,38.8,24889686
2019-04-18 04:00:00+00:00,38.89,38.92,38.62,38.91,23594286
2019-04-22 04:00:00+00:00,38.73,39.02,38.7,39.0,17149128
2019-04-23 04:00:00+00:00,39.06,39.47,39.02,39.42,34998194
2019-04-24 04:00:00+00:00,39.46,39.62,39.38,39.44,22147240
2019-04-25 04:00:00+00:00,39.62,39.73,39.22,39.43,23926696
2019-04-26 04:00:00+00:00,39.19,39.29,38.86,39.28,22426476
2019-04-29 04:00:00+00:00,39.28,39.41,39.24,39.3,21519856
2019-04-30 04:00:00+00:00,39.27,39.41,39.05,39.35,38122284
2019-05-01 04:00:00+00:00,39.75,39.85,39.25,39.26,31435172
2019-05-02 04:00:00+00:00,39.24,39.53,38.84,39.05,51555502
2019-05-03 04:00:00+00:00,39.19,39.46,39.14,39.42,27726088
2019-05-06 04:00:00+00:00,38.48,39.18,38.33,39.12,26730908
2019-05-07 04:00:00+00:00,38.67,38.83,37.92,38.28,42867928
2019-05-08 04:00:00+00:00,38.15,38.56,38.09,38.23,27924794
2019-05-09 04:00:00+00:00,37.76,38.1,37.33,37.97,40289416
2019-05-10 04:00:00+00:00,37.73,38.26,37.18,38.09,39551616
2019-05-13 04:00:00+00:00,37.02,37.24,36.55,36.66,54177240
2019-05-14 04:00:00+00:00,36.84,37.48,36.81,37.24,40009726
2019-05-15 04:00:00+00:00,36.99,37.77,36.92,37.65,30691182
2019-05-16 04:00:00+00:00,37.67,38.27,37.63,37.99,32400278
2019-05-17 04:00:00+00:00,37.6,38.2,37.6,37.69,27577764
2019-05-20 04:00:00+00:00,37.06,37.35,36.85,37.03,30090848
2019-05-21 04:00:00+00:00,37.42,37.61,37.34,37.49,33743218
2019-05-22 04:00:00+00:00,37.24,37.52,37.23,37.3,23996008
2019-05-23 04:00:00+00:00,36.79,36.81,36.37,36.64,33310990
2019-05-24 04:00:00+00:00,36.84,37.03,36.61,36.65,25563024
2019-05-28 04:00:00+00:00,36.77,37.0,36.53,36.53,54328260
2019-05-29 04:00:00+00:00,36.28,36.51,36.09,36.33,30327524
2019-05-30 04:00:00+00:00,36.42,36.63,36.31,36.56,23503210
2019-05-31 04:00:00+00:00,36.12,36.28,35.93,35.95,24900536
2019-06-03 04:00:00+00:00,36.0,36.2,35.07,35.32,40285322
2019-06-04 04:00:00+00:00,35.77,36.49,35.58,36.49,31797988
2019-06-05 04:00:00+00:00,36.98,37.06,36.55,36.98,31978642
2019-06-06 04:00:00+00:00,37.07,37.48,36.9,37.4,24501124
2019-06-07 04:00:00+00:00,37.6,38.32,37.52,38.1,24975890
2019-06-10 04:00:00+00:00,38.37,38.85,38.37,38.49,27380728
2019-06-11 04:00:00+00:00,38.88,38.92,38.27,38.49,23315954
2019-06-12 04:00:00+00:00,38.3,38.4,38.18,38.27,15887166
2019-06-13 04:00:00+00:00,38.41,38.52,38.24,38.39,21774980
2019-06-14 04:00:00+00:00,38.03,38.17,37.89,38.05,17290074
2019-06-17 04:00:00+00:00,38.08,38.27,37.99,38.08,19134858
2019-06-18 04:00:00+00:00,38.49,38.96,38.37,38.77,33044646
2019-06-19 04:00:00+00:00,38.87,39.01,38.6,38.91,25105084
2019-06-20 04:00:00+00:00,39.48,39.61,39.15,39.48,28352254
2019-06-21 04:00:00+00:00,39.2,39.49,39.14,39.16,46682626
2019-06-24 04:00:00+00:00,39.23,39.36,39.17,39.23,16715454
2019-06-25 04:00:00+00:00,39.21,39.24,38.46,38.51,27907196
2019-06-26 04:00:00+00:00,38.89,39.2,38.88,38.92,18509956
2019-06-27 04:00:00+00:00,39.06,39.16,38.94,39.03,14171202
2019-06-28 04:00:00+00:00,39.15,39.19,38.9,39.06,36491822
2019-07-01 04:00:00+00:00,39.92,39.97,39.48,39.64,30005718
2019-07-02 04:00:00+00:00,39.62,39.77,39.53,39.74,16322654
2019-07-03 04:00:00+00:00,39.85,40.05,39.77,40.05,11236124
2019-07-05 04:00:00+00:00,39.73,40.05,39.58,39.98,12283290
2019-07-08 04:00:00+00:00,39.67,39.72,39.49,39.67,16109032
2019-07-09 04:00:00+00:00,39.47,39.84,39.41,39.81,18756948
2019-07-10 04:00:00+00:00,40.03,40.37,40.0,40.13,21278602
2019-07-11 04:00:00+00:00,40.23,40.43,40.14,40.27,25586690
2019-07-12 04:00:00+00:00,40.41,40.6,40.33,40.57,16737194
2019-07-15 04:00:00+00:00,40.68,40.76,40.59,40.71,12843060
2019-07-16 04:00:00+00:00,40.66,40.66,40.26,40.33,16279010
2019-07-17 04:00:00+00:00,40.4,40.49,40.22,40.22,13669684
2019-07-18 04:00:00+00:00,40.13,40.58,40.1,40.53,16343622
2019-07-19 04:00:00+00:00,40.92,40.94,40.3,40.35,25722916
2019-07-22 04:00:00+00:00,40.5,40.91,40.49,40.81,14312868
2019-07-23 04:00:00+00:00,41.07,41.08,40.73,41.04,11302922
2019-07-24 04:00:00+00:00,40.98,41.39,40.98,41.38,18898310
2019-07-25 04:00:00+00:00,41.29,41.29,40.99,41.21,20898986
2019-07-26 04:00:00+00:00,41.23,41.38,41.19,41.3,25578738
2019-07-29 04:00:00+00:00,41.32,41.34,40.95,41.27,17134410
2019-07-30 04:00:00+00:00,40.99,41.18,40.9,41.01,14963744
2019-07-31 04:00:00+00:00,41.23,41.27,39.96,40.37,34938210
2019-08-01 04:00:00+00:00,40.46,41.31,39.98,40.18,58817120
2019-08-02 04:00:00+00:00,39.85,39.87,39.17,39.53,46718406
2019-08-05 04:00:00+00:00,38.47,38.53,37.57,37.88,57714236
2019-08-06 04:00:00+00:00,38.39,38.65,38.07,38.51,41852520
2019-08-07 04:00:00+00:00,38.1,38.85,37.85,38.74,42511880
2019-08-08 04:00:00+00:00,39.03,39.71,38.96,39.7,32989024
2019-08-09 04:00:00+00:00,39.46,39.57,38.95,39.24,33105230
2019-08-12 04:00:00+00:00,38.98,39.12,38.55,38.69,20696348
2019-08-13 04:00:00+00:00,38.7,39.85,38.61,39.7,59199590
2019-08-14 04:00:00+00:00,38.97,39.15,38.38,38.49,48308070
2019-08-15 04:00:00+00:00,38.52,38.61,38.09,38.41,33437064
2019-08-16 04:00:00+00:00,38.81,39.22,38.75,39.14,22470536
2019-08-19 04:00:00+00:00,39.76,39.85,39.53,39.74,16319606
2019-08-20 04:00:00+00:00,39.69,39.89,39.51,39.53,17094952
2019-08-21 04:00:00+00:00,39.93,40.1,39.82,39.99,17424634
2019-08-22 04:00:00+00:00,40.1,40.2,39.55,39.91,15430436
2019-08-23 04:00:00+00:00,39.69,40.05,38.42,38.59,41608876
2019-08-26 04:00:00+00:00,39.06,39.14,38.8,39.12,21172316
2019-08-27 04:00:00+00:00,39.38,39.45,38.84,39.06,20783774
2019-08-28 04:00:00+00:00,38.85,39.16,38.57,39.1,14480606
2019-08-29 04:00:00+00:00,39.63,39.9,39.49,39.78,16563042
2019-08-30 04:00:00+00:00,40.03,40.09,39.48,39.77,20487414
2019-09-03 04:00:00+00:00,39.44,39.78,39.14,39.28,24151364
2019-09-04 04:00:00+00:00,39.71,39.97,39.67,39.95,16275832
2019-09-05 04:00:00+00:00,40.48,40.95,40.46,40.78,20743344
2019-09-06 04:00:00+00:00,40.88,40.9,40.64,40.75,18775458
2019-09-09 04:00:00+00:00,40.94,40.96,40.23,40.45,27363242
2019-09-10 04:00:00+00:00,40.26,40.26,39.78,40.24,20226782
2019-09-11 04:00:00+00:00,40.37,40.67,40.28,40.66,19385176
2019-09-12 04:00:00+00:00,40.91,41.21,40.71,40.88,25971344
2019-09-13 04:00:00+00:00,40.82,40.82,40.53,40.58,38812290
2019-09-16 04:00:00+00:00,40.24,40.57,40.21,40.48,15656770
2019-09-17 04:00:00+00:00,40.53,40.65,40.42,40.65,16837596
2019-09-18 04:00:00+00:00,40.58,40.67,40.09,40.64,17908164
2019-09-19 04:00:00+00:00,40.77,41.09,40.67,40.73,16686718
2019-09-20 04:00:00+00:00,40.74,40.76,40.03,40.14,32113290
2019-09-23 04:00:00+00:00,40.14,40.38,40.05,40.26,16499104
2019-09-24 04:00:00+00:00,40.52,40.67,39.7,39.87,35810326
2019-09-25 04:00:00+00:00,39.81,40.45,39.45,40.34,24292594
2019-09-26 04:00:00+00:00,40.33,40.53,40.07,40.37,19315148
2019-09-27 04:00:00+00:00,40.39,40.47,39.55,39.85,25969716
2019-09-30 04:00:00+00:00,40.02,40.36,39.96,40.27,22279554
2019-10-01 04:00:00+00:00,40.45,40.72,39.88,39.89,22517106
2019-10-02 04:00:00+00:00,39.63,39.64,38.85,39.14,41452278
2019-10-03 04:00:00+00:00,39.13,39.64,38.64,39.62,38489400
2019-10-04 04:00:00+00:00,39.9,40.33,39.86,40.28,22778006
2019-10-07 04:00:00+00:00,40.13,40.44,40.08,40.1,21584710
2019-10-08 04:00:00+00:00,39.85,39.97,39.37,39.37,29417228
2019-10-09 04:00:00+00:00,39.78,40.1,39.72,39.95,21248954
2019-10-10 04:00:00+00:00,39.92,40.39,39.89,40.23,19298036
2019-10-11 04:00:00+00:00,40.73,41.15,40.66,40.74,32590006
2019-10-14 04:00:00+00:00,40.74,40.93,40.74,40.76,11598706
2019-10-15 04:00:00+00:00,40.92,41.31,40.89,41.21,16705022
2019-10-16 04:00:00+00:00,40.99,41.0,40.77,40.92,20752120
2019-10-17 04:00:00+00:00,41.07,41.18,40.63,40.85,13955186
2019-10-18 04:00:00+00:00,40.78,40.85,40.19,40.46,18100484
2019-10-21 04:00:00+00:00,40.7,40.91,40.55,40.89,13279972
2019-10-22 04:00:00+00:00,40.97,41.12,40.31,40.34,18778318
2019-10-23 04:00:00+00:00,40.22,40.38,40.13,40.38,18300678
2019-10-24 04:00:00+00:00,40.81,41.0,40.65,40.97,14966788
2019-10-25 04:00:00+00:00,40.97,41.51,40.94,41.46,17851972
2019-10-28 04:00:00+00:00,41.83,42.01,41.81,41.99,14809254
2019-10-29 04:00:00+00:00,41.95,42.03,41.59,41.61,15854446
2019-10-30 04:00:00+00:00,41.73,41.91,41.45,41.86,27750234
2019-10-31 04:00:00+00:00,41.93,41.97,41.57,41.84,24102950
2019-11-01 04:00:00+00:00,41.98,42.34,41.91,42.34,20862228
2019-11-04 05:00:00+00:00,42.66,42.69,42.47,42.56,22860846
2019-11-05 05:00:00+00:00,42.68,42.69,42.36,42.51,16536190
2019-11-06 05:00:00+00:00,42.5,42.52,42.27,42.49,17344792
2019-11-07 05:00:00+00:00,42.77,43.06,42.7,42.83,30088600
2019-11-08 05:00:00+00:00,42.7,43.06,42.54,43.06,12690146
2019-11-11 05:00:00+00:00,42.82,43.14,42.76,43.08,8664808
2019-11-12 05:00:00+00:00,43.14,43.39,43.04,43.23,16727062
2019-11-13 05:00:00+00:00,43.06,43.36,43.05,43.32,15512824
2019-11-14 05:00:00+00:00,43.15,43.31,43.03,43.27,12271366
2019-11-15 05:00:00+00:00,43.58,43.62,43.44,43.62,14437320
2019-11-18 05:00:00+00:00,43.61,43.81,43.44,43.75,13492812
2019-11-19 05:00:00+00:00,43.93,43.96,43.68,43.84,14584844
2019-11-20 05:00:00+00:00,43.74,43.86,43.24,43.56,25153292
2019-11-21 05:00:00+00:00,43.51,43.54,43.26,43.35,19039518
2019-11-22 05:00:00+00:00,43.48,43.55,43.12,43.3,12329246
2019-11-25 05:00:00+00:00,43.49,43.93,43.48,43.93,15158386
2019-11-26 05:00:00+00:00,43.95,44.08,43.88,43.97,19996716
2019-11-27 05:00:00+00:00,44.1,44.21,43.97,44.21,21814574
2019-11-29 05:00:00+00:00,44.1,44.16,44.01,44.06,13034312
2019-12-02 05:00:00+00:00,44.1,44.1,43.26,43.45,23901044
2019-12-03 05:00:00+00:00,42.77,43.1,42.58,43.07,23361754
2019-12-04 05:00:00+00:00,43.35,43.38,43.18,43.24,14504554
2019-12-05 05:00:00+00:00,43.4,43.44,43.2,43.4,16471512
2019-12-06 05:00:00+00:00,43.73,43.92,43.7,43.88,21651048
2019-12-09 05:00:00+00:00,43.81,43.95,43.65,43.65,12788134
2019-12-10 05:00:00+00:00,43.72,43.92,43.58,43.69,13128666
2019-12-11 05:00:00+00:00,43.8,44.02,43.71,43.98,10499384
2019-12-12 05:00:00+00:00,43.86,44.52,43.75,44.45,24793072
2019-12-13 05:00:00+00:00,44.41,44.85,44.32,44.75,27146712
2019-12-16 05:00:00+00:00,45.09,45.3,45.08,45.15,21460654
2019-12-17 05:00:00+00:00,45.23,45.25,44.98,45.05,15153186
2019-12-18 05:00:00+00:00,45.1,45.21,45.02,45.04,13374598
2019-12-19 05:00:00+00:00,45.07,45.37,45.05,45.36,14065288
2019-12-20 05:00:00+00:00,45.48,45.53,45.36,45.47,24056134
2019-12-23 05:00:00+00:00,45.62,45.72,45.55,45.61,16107688
2019-12-24 05:00:00+00:00,45.68,45.69,45.52,45.62,5338306
2019-12-26 05:00:00+00:00,45.72,45.97,45.69,45.96,8802352
2019-12-27 05:00:00+00:00,46.15,46.15,45.84,45.96,19460054
2019-12-30 05:00:00+00:00,45.95,45.95,45.34,45.72,17693014
2019-12-31 05:00:00+00:00,45.54,45.89,45.48,45.84,12253816
2020-01-02 05:00:00+00:00,46.25,46.7,46.16,46.7,29108658
2020-01-03 05:00:00+00:00,46.02,46.49,46.01,46.19,35271136
2020-01-06 05:00:00+00:00,45.71,46.33,45.63,46.28,16827392
2020-01-07 05:00:00+00:00,46.36,46.49,46.19,46.26,16413828
2020-01-08 05:00:00+00:00,46.31,46.96,46.23,46.76,24995562
2020-01-09 05:00:00+00:00,47.19,47.32,46.95,47.29,16393712
2020-01-10 05:00:00+00:00,47.49,47.55,47.1,47.18,16422574
2020-01-13 05:00:00+00:00,47.39,47.82,47.37,47.77,17067344
2020-01-14 05:00:00+00:00,47.83,47.87,47.46,47.55,16770342
2020-01-15 05:00:00+00:00,47.57,47.83,47.43,47.6,15010372
2020-01-16 05:00:00+00:00,47.9,48.25,47.83,48.24,12110440
2020-01-17 05:00:00+00:00,48.46,48.61,48.2,48.56,22259594
2020-01-21 05:00:00+00:00,48.41,48.82,48.4,48.54,21338616
2020-01-22 05:00:00+00:00,48.85,49.06,48.68,48.72,16451418
2020-01-23 05:00:00+00:00,48.77,48.99,48.56,48.95,15448662
2020-01-24 05:00:00+00:00,49.31,49.42,48.55,48.72,25496806
2020-01-27 05:00:00+00:00,47.58,47.93,47.36,47.56,39394538
2020-01-28 05:00:00+00:00,47.97,48.6,47.87,48.47,34214322
2020-01-29 05:00:00+00:00,48.87,48.94,48.39,48.59,21933920
2020-01-30 05:00:00+00:00,48.57,49.06,48.28,49.02,20177522
2020-01-31 05:00:00+00:00,48.73,48.75,47.5,47.67,27643988
2020-02-03 05:00:00+00:00,47.72,48.41,47.67,48.3,27870398
2020-02-04 05:00:00+00:00,49.14,49.67,49.01,49.56,19702428
2020-02-05 05:00:00+00:00,50.38,50.4,49.49,49.85,37147810
2020-02-06 05:00:00+00:00,50.06,50.32,49.83,50.31,13772884
2020-02-07 05:00:00+00:00,50.07,50.27,49.74,49.85,17037604
2020-02-10 05:00:00+00:00,49.56,50.53,49.55,50.52,18256548
2020-02-11 05:00:00+00:00,50.91,50.95,50.2,50.35,15298090
2020-02-12 05:00:00+00:00,50.7,50.92,50.41,50.9,12842620
2020-02-13 05:00:00+00:00,50.5,51.03,50.42,50.76,15668084
2020-02-14 05:00:00+00:00,50.86,51.07,50.7,50.98,12813200
2020-02-18 05:00:00+00:00,50.57,50.9,50.52,50.79,23684738
2020-02-19 05:00:00+00:00,51.12,51.47,51.09,51.4,17098056
2020-02-20 05:00:00+00:00,51.29,51.41,50.17,50.86,27370780
2020-02-21 05:00:00+00:00,50.6,50.65,49.41,49.72,30218576
2020-02-24 05:00:00+00:00,47.34,48.36,46.9,47.67,43156798
2020-02-25 05:00:00+00:00,48.1,48.27,45.97,46.14,66704018
2020-02-26 05:00:00+00:00,46.32,47.35,46.0,46.35,56782958
2020-02-27 05:00:00+00:00,44.83,45.78,43.82,43.85,68588862
2020-02-28 05:00:00+00:00,42.11,44.6,42.03,44.19,114929264
2020-03-02 05:00:00+00:00,44.98,46.75,44.19,46.74,70930538
2020-03-03 05:00:00+00:00,47.01,47.33,44.49,44.97,95360668
2020-03-04 05:00:00+00:00,45.94,46.91,45.3,46.9,45102128
2020-03-05 05:00:00+00:00,45.65,46.52,45.12,45.42,49492478
2020-03-06 05:00:00+00:00,43.9,44.72,43.25,44.46,59839052
2020-03-09 04:00:00+00:00,40.79,43.0,40.75,41.08,59847468
2020-03-10 04:00:00+00:00,42.84,43.83,41.31,43.82,71572184
2020-03-11 04:00:00+00:00,42.65,42.91,41.16,41.75,64118266
2020-03-12 04:00:00+00:00,38.72,40.95,37.5,37.67,66416694
2020-03-13 04:00:00+00:00,40.05,42.19,38.15,42.1,66004036
2020-03-16 04:00:00+00:00,35.86,39.6,35.6,36.2,84974990
2020-03-17 04:00:00+00:00,37.14,39.22,35.97,38.75,101261584
2020-03-18 04:00:00+00:00,36.17,37.91,35.14,36.23,107927578
2020-03-19 04:00:00+00:00,36.95,38.7,36.06,37.42,123884382
2020-03-20 04:00:00+00:00,38.13,38.52,35.59,35.71,90991988
2020-03-23 04:00:00+00:00,35.35,36.11,34.05,35.23,86428120
2020-03-24 04:00:00+00:00,37.31,38.84,37.18,38.78,75785602
2020-03-25 04:00:00+00:00,39.1,40.55,38.01,38.76,57864120
2020-03-26 04:00:00+00:00,39.16,41.26,39.15,41.16,56878228
2020-03-27 04:00:00+00:00,39.88,40.63,39.13,39.33,59556498
2020-03-30 04:00:00+00:00,39.78,41.05,39.7,40.95,47833058
2020-03-31 04:00:00+00:00,40.85,41.59,39.98,40.19,40441940
2020-04-01 04:00:00+00:00,38.8,39.63,37.98,38.27,55164276
2020-04-02 04:00:00+00:00,38.14,39.22,37.98,39.17,44340742
2020-04-03 04:00:00+00:00,38.99,39.42,38.08,38.56,32022966
2020-04-06 04:00:00+00:00,40.26,42.12,40.0,41.85,36241796
2020-04-07 04:00:00+00:00,43.33,43.34,41.43,41.48,44476600
2020-04-08 04:00:00+00:00,42.01,42.76,41.63,42.59,27562554
2020-04-09 04:00:00+00:00,43.1,43.31,42.3,42.64,39466332
2020-04-13 04:00:00+00:00,42.43,42.76,41.83,42.7,25461776
2020-04-14 04:00:00+00:00,43.65,44.57,43.47,44.49,32012370
2020-04-15 04:00:00+00:00,43.6,43.87,43.19,43.52,26053358
2020-04-16 04:00:00+00:00,44.09,44.16,43.33,44.05,23880124
2020-04-17 04:00:00+00:00,44.83,44.84,43.99,44.63,28571474
2020-04-20 04:00:00+00:00,44.03,44.61,43.86,43.89,20561938
2020-04-21 04:00:00+00:00,43.3,43.4,41.82,42.07,32967984
2020-04-22 04:00:00+00:00,43.1,43.94,42.94,43.7,24229108
2020-04-23 04:00:00+00:00,43.8,44.29,43.36,43.4,21253270
2020-04-24 04:00:00+00:00,43.58,44.32,43.3,44.32,17008804
2020-04-27 04:00:00+00:00,44.72,44.85,44.43,44.7,15742476
2020-04-28 04:00:00+00:00,45.25,45.28,44.04,44.1,25399412
2020-04-29 04:00:00+00:00,45.04,46.07,44.88,45.91,23220578
2020-04-30 04:00:00+00:00,46.01,46.01,45.37,45.71,31315978
2020-05-01 04:00:00+00:00,44.7,45.33,44.28,44.45,24427606
2020-05-04 04:00:00+00:00,44.25,45.09,44.04,45.04,21952950
2020-05-05 04:00:00+00:00,45.56,46.24,45.48,45.66,17726840
2020-05-06 04:00:00+00:00,46.1,46.46,45.81,46.02,17057368
2020-05-07 04:00:00+00:00,46.64,46.97,46.57,46.71,21489566
2020-05-08 04:00:00+00:00,47.15,47.46,46.88,47.39,15345388
2020-05-11 04:00:00+00:00,47.07,47.98,46.97,47.71,20984428
2020-05-12 04:00:00+00:00,47.9,48.04,46.69,46.72,27514774
2020-05-13 04:00:00+00:00,46.75,47.1,45.31,45.94,34236554
2020-05-14 04:00:00+00:00,45.6,46.53,45.1,46.5,30945376
2020-05-15 04:00:00+00:00,45.77,46.75,45.64,46.74,28823504
2020-05-18 04:00:00+00:00,47.66,48.15,47.49,47.88,20211312
2020-05-19 04:00:00+00:00,47.87,48.45,47.69,47.71,20268742
2020-05-20 04:00:00+00:00,48.37,48.84,48.34,48.73,18428064
2020-05-21 04:00:00+00:00,48.7,48.85,48.04,48.07,20731418
2020-05-22 04:00:00+00:00,48.0,48.31,47.81,48.25,22280682
2020-05-26 04:00:00+00:00,49.21,49.25,48.15,48.2,26279336
2020-05-27 04:00:00+00:00,48.19,48.49,47.17,48.47,40597952
2020-05-28 04:00:00+00:00,48.29,49.26,48.26,48.38,21414058
2020-05-29 04:00:00+00:00,48.52,49.1,48.12,48.99,36826170
2020-06-01 04:00:00+00:00,48.76,49.07,48.54,48.97,30441366
2020-06-02 04:00:00+00:00,49.07,49.43,48.61,49.43,22685338
2020-06-03 04:00:00+00:00,49.63,49.98,49.42,49.82,22292516
2020-06-04 04:00:00+00:00,49.62,49.97,49.13,49.41,15342234
2020-06-05 04:00:00+00:00,49.76,50.85,49.67,50.71,20925044
2020-06-08 04:00:00+00:00,50.6,50.98,50.15,50.96,16293724
2020-06-09 04:00:00+00:00,50.71,51.45,50.66,51.2,14792446
2020-06-10 04:00:00+00:00,51.57,52.45,51.48,52.06,24582944
2020-06-11 04:00:00+00:00,51.15,51.23,49.06,49.07,40141486
2020-06-12 04:00:00+00:00,50.39,50.64,48.84,49.71,43607558
2020-06-15 04:00:00+00:00,48.8,50.41,48.64,50.19,30055434
2020-06-16 04:00:00+00:00,51.39,51.7,50.46,51.26,28166332
2020-06-17 04:00:00+00:00,51.55,51.73,51.16,51.28,17558148
2020-06-18 04:00:00+00:00,51.15,51.53,51.04,51.48,13909974
2020-06-19 04:00:00+00:00,52.1,52.16,50.88,51.12,31990728
2020-06-22 04:00:00+00:00,51.05,51.99,50.97,51.94,14873786
2020-06-23 04:00:00+00:00,52.41,52.92,52.24,52.32,19188502
2020-06-24 04:00:00+00:00,52.1,52.39,50.86,51.14,25647010
2020-06-25 04:00:00+00:00,51.21,51.85,50.66,51.79,20988056
2020-06-26 04:00:00+00:00,51.69,51.77,50.62,50.77,46196378
2020-06-29 04:00:00+00:00,50.77,51.33,50.16,51.33,18743560
2020-06-30 04:00:00+00:00,51.33,52.46,51.26,52.25,16889722
2020-07-01 04:00:00+00:00,52.28,52.64,52.04,52.34,25504460
2020-07-02 04:00:00+00:00,52.83,53.11,52.53,52.64,20579436
2020-07-06 04:00:00+00:00,53.32,53.81,53.29,53.56,17243342
2020-07-07 04:00:00+00:00,53.5,54.04,52.94,53.0,17238724
2020-07-08 04:00:00+00:00,53.42,53.87,53.13,53.85,13920486
2020-07-09 04:00:00+00:00,54.3,54.31,53.28,54.06,17845786
2020-07-10 04:00:00+00:00,53.93,54.07,53.4,54.04,14819196
2020-07-13 04:00:00+00:00,54.5,54.86,52.79,52.93,29508918
2020-07-14 04:00:00+00:00,52.5,53.61,51.94,53.53,30166700
2020-07-15 04:00:00+00:00,54.02,54.28,53.19,53.82,24120958
2020-07-16 04:00:00+00:00,53.25,53.4,52.75,53.16,17313088
2020-07-17 04:00:00+00:00,53.47,53.57,52.93,53.42,13112810
2020-07-20 04:00:00+00:00,53.57,54.91,53.27,54.76,18236804
2020-07-21 04:00:00+00:00,55.17,55.19,54.03,54.23,18937174
2020-07-22 04:00:00+00:00,54.28,54.84,54.24,54.68,15165618
2020-07-23 04:00:00+00:00,54.38,54.74,53.0,53.25,23528194
2020-07-24 04:00:00+00:00,52.36,52.95,51.74,52.63,23123344
2020-07-27 04:00:00+00:00,52.92,53.49,52.82,53.43,17146760
2020-07-28 04:00:00+00:00,53.27,53.43,52.77,52.81,17978928
2020-07-29 04:00:00+00:00,53.01,53.72,53.01,53.57,13333054
2020-07-30 04:00:00+00:00,53.09,53.91,52.8,53.87,21917616
2020-07-31 04:00:00+00:00,54.72,55.24,53.83,55.22,25887630
2020-08-03 04:00:00+00:00,55.97,56.76,55.94,56.58,25509748
2020-08-04 04:00:00+00:00,56.46,56.73,56.21,56.72,19897698
2020-08-05 04:00:00+00:00,56.9,57.06,56.65,56.93,14525628
2020-08-06 04:00:00+00:00,56.89,57.79,56.76,57.73,18342484
2020-08-07 04:00:00+00:00,57.5,57.5,56.42,56.88,34005166
2020-08-10 04:00:00+00:00,56.98,57.08,55.94,56.71,18433144
2020-08-11 04:00:00+00:00,56.53,56.77,55.58,55.69,19151594
2020-08-12 04:00:00+00:00,56.14,57.1,56.07,56.96,14418380
2020-08-13 04:00:00+00:00,57.04,57.46,56.78,56.98,11613550
2020-08-14 04:00:00+00:00,57.01,57.11,56.63,56.94,8489710
2020-08-17 04:00:00+00:00,57.29,57.45,57.22,57.33,8425162
2020-08-18 04:00:00+00:00,57.43,57.69,57.05,57.54,9000826
2020-08-19 04:00:00+00:00,57.68,57.94,57.37,57.51,15097656
2020-08-20 04:00:00+00:00,57.25,58.35,57.19,58.23,13075832
2020-08-21 04:00:00+00:00,58.29,59.03,58.26,58.96,15517382
2020-08-24 04:00:00+00:00,59.82,59.84,58.99,59.48,17899796
2020-08-25 04:00:00+00:00,59.35,59.81,59.26,59.78,20365558
2020-08-26 04:00:00+00:00,60.41,61.16,60.27,61.0,16814258
2020-08-27 04:00:00+00:00,61.25,61.53,60.5,61.05,18345248
2020-08-28 04:00:00+00:00,61.29,61.78,61.21,61.58,13451654
2020-08-31 04:00:00+00:00,61.83,62.18,61.44,61.74,19613118
2020-09-01 04:00:00+00:00,62.33,63.04,61.94,62.97,28554368
2020-09-02 04:00:00+00:00,63.86,63.86,62.41,63.59,42820780
2020-09-03 04:00:00+00:00,62.5,62.55,59.4,59.9,57260082
2020-09-04 04:00:00+00:00,59.56,60.41,56.53,59.05,65408474
2020-09-08 04:00:00+00:00,56.82,58.17,56.29,56.39,48464908
2020-09-09 04:00:00+00:00,57.77,58.8,57.14,58.23,37356878
2020-09-10 04:00:00+00:00,59.02,59.12,56.57,56.92,32330416
2020-09-11 04:00:00+00:00,57.45,57.67,55.76,56.49,41513130
2020-09-14 04:00:00+00:00,57.42,57.98,57.15,57.67,26704952
2020-09-15 04:00:00+00:00,58.55,58.65,57.84,58.24,18429620
2020-09-16 04:00:00+00:00,58.5,58.58,57.28,57.34,19800634
2020-09-17 04:00:00+00:00,56.0,57.26,55.91,56.86,30616262
2020-09-18 04:00:00+00:00,56.96,57.06,55.19,55.88,42279032
2020-09-21 04:00:00+00:00,54.75,56.25,54.56,56.24,38564194
2020-09-22 04:00:00+00:00,56.86,57.26,55.89,57.11,25958210
2020-09-23 04:00:00+00:00,57.14,57.2,55.16,55.33,23901966
2020-09-24 04:00:00+00:00,54.82,56.33,54.75,55.64,35728856
2020-09-25 04:00:00+00:00,55.67,57.14,55.32,56.97,19507462
2020-09-28 04:00:00+00:00,57.92,58.07,57.44,58.06,17676018
2020-09-29 04:00:00+00:00,57.99,58.23,57.74,57.87,28930008
2020-09-30 04:00:00+00:00,57.84,58.95,57.81,58.31,22545848
2020-10-01 04:00:00+00:00,59.16,59.24,58.59,58.97,31239730
2020-10-02 04:00:00+00:00,57.59,58.47,57.24,57.42,41638688
2020-10-05 04:00:00+00:00,57.88,58.77,57.85,58.73,12480752
2020-10-06 04:00:00+00:00,58.59,59.15,57.62,57.82,30841276
2020-10-07 04:00:00+00:00,58.43,59.0,58.38,58.88,13116290
2020-10-08 04:00:00+00:00,59.4,59.4,58.99,59.19,10247672
2020-10-09 04:00:00+00:00,59.47,60.11,59.45,60.09,14586944
2020-10-12 04:00:00+00:00,60.98,62.14,60.67,61.73,19362822
2020-10-13 04:00:00+00:00,61.93,62.04,61.1,61.33,17756058
2020-10-14 04:00:00+00:00,61.49,61.81,60.55,61.01,14714940
2020-10-15 04:00:00+00:00,60.0,60.86,59.84,60.74,13341758
2020-10-16 04:00:00+00:00,61.07,61.32,60.51,60.51,11688776
2020-10-19 04:00:00+00:00,60.87,61.1,59.27,59.45,16942258
2020-10-20 04:00:00+00:00,59.68,60.29,59.29,59.66,14778586
2020-10-21 04:00:00+00:00,59.51,60.14,59.43,59.57,12262576
2020-10-22 04:00:00+00:00,59.59,59.79,58.61,59.29,13607412
2020-10-23 04:00:00+00:00,59.37,59.38,58.73,59.22,10426954
2020-10-26 04:00:00+00:00,58.57,59.03,57.22,57.94,18414522
2020-10-27 04:00:00+00:00,58.22,58.47,57.9,58.23,19206538
2020-10-28 04:00:00+00:00,57.12,57.16,55.66,55.76,33129820
2020-10-29 04:00:00+00:00,55.97,57.34,55.94,56.69,19863058
2020-10-30 04:00:00+00:00,55.89,56.24,54.79,55.49,26060876
2020-11-02 05:00:00+00:00,55.86,56.31,55.04,55.57,24186540
2020-11-03 05:00:00+00:00,56.01,57.05,55.78,56.55,23908836
2020-11-04 05:00:00+00:00,58.27,59.19,57.69,58.75,31925916
2020-11-05 05:00:00+00:00,60.3,60.75,60.05,60.65,22632484
2020-11-06 05:00:00+00:00,60.43,60.99,59.61,60.79,19612320
2020-11-09 05:00:00+00:00,62.14,62.68,60.3,60.35,42000544
2020-11-10 05:00:00+00:00,59.83,60.25,58.75,59.2,23725014
2020-11-11 05:00:00+00:00,59.83,60.8,59.71,60.63,14650552
2020-11-12 05:00:00+00:00,60.63,60.93,59.81,60.09,14638174
2020-11-13 05:00:00+00:00,60.55,60.73,59.98,60.6,12129526
2020-11-16 05:00:00+00:00,60.61,61.3,60.48,61.19,15063424
2020-11-17 05:00:00+00:00,60.88,61.18,60.59,60.82,10105288
2020-11-18 05:00:00+00:00,60.74,61.03,60.17,60.2,9691852
2020-11-19 05:00:00+00:00,60.08,60.79,59.81,60.68,12290986
2020-11-20 05:00:00+00:00,60.74,60.75,60.04,60.06,10091992
2020-11-23 05:00:00+00:00,60.24,60.64,59.52,60.04,9937032
2020-11-24 05:00:00+00:00,60.27,60.99,59.84,60.88,13879580
2020-11-25 05:00:00+00:00,61.09,61.26,60.78,61.01,12457264
2020-11-27 05:00:00+00:00,61.33,61.59,61.22,61.33,7091598
2020-11-30 05:00:00+00:00,61.31,61.83,60.62,61.74,37089760
2020-12-01 05:00:00+00:00,62.25,62.88,61.99,62.56,27108594
2020-12-02 05:00:00+00:00,62.27,62.51,61.8,62.44,16390086
2020-12-03 05:00:00+00:00,62.51,62.82,62.23,62.4,13941366
2020-12-04 05:00:00+00:00,62.49,63.03,62.35,63.02,10507168
2020-12-07 05:00:00+00:00,63.06,63.39,62.95,63.2,9016254
2020-12-08 05:00:00+00:00,63.14,63.61,62.87,63.41,8002008
2020-12-09 05:00:00+00:00,63.37,63.55,61.98,62.19,17592364
2020-12-10 05:00:00+00:00,61.81,62.58,61.67,62.28,10119282
2020-12-11 05:00:00+00:00,61.91,62.15,61.45,62.15,13328234
2020-12-14 05:00:00+00:00,62.34,62.94,62.3,62.38,11278732
2020-12-15 05:00:00+00:00,63.05,63.42,62.65,63.42,9316220
2020-12-16 05:00:00+00:00,63.48,64.07,63.29,63.85,10484282
2020-12-17 05:00:00+00:00,64.31,64.49,64.05,64.35,11927126
2020-12-18 05:00:00+00:00,64.44,64.46,63.72,64.16,18281568
2020-12-21 05:00:00+00:00,63.17,64.07,62.6,64.05,15350194
2020-12-22 05:00:00+00:00,64.4,64.89,64.1,64.6,14822336
2020-12-23 05:00:00+00:00,64.67,64.72,64.01,64.11,14332230
2020-12-24 05:00:00+00:00,64.22,64.69,64.17,64.53,4656160
2020-12-28 05:00:00+00:00,65.17,65.39,64.86,65.26,8349470
2020-12-29 05:00:00+00:00,65.61,65.7,64.83,64.95,8920248
2020-12-30 05:00:00+00:00,65.18,65.31,64.82,64.92,8210482
2020-12-31 05:00:00+00:00,64.94,65.19,64.49,65.02,11250244
2021-01-04 05:00:00+00:00,65.34,65.36,63.12,63.95,21191492
2021-01-05 05:00:00+00:00,63.81,64.47,63.77,64.36,12629510
2021-01-06 05:00:00+00:00,63.45,64.49,63.06,63.26,31266450
2021-01-07 05:00:00+00:00,63.87,65.08,63.84,64.96,22565004
2021-01-08 05:00:00+00:00,65.28,65.56,64.64,65.38,12487076
2021-01-11 05:00:00+00:00,64.75,65.3,64.57,64.84,22543840
2021-01-12 05:00:00+00:00,64.79,64.85,63.92,64.53,17243768
2021-01-13 05:00:00+00:00,64.61,65.14,64.49,64.94,16329362
2021-01-14 05:00:00+00:00,65.11,65.24,64.28,64.37,18460198
2021-01-15 05:00:00+00:00,64.28,64.56,63.58,63.71,13424888
2021-01-19 05:00:00+00:00,64.15,64.65,63.93,64.54,11680572
2021-01-20 05:00:00+00:00,65.04,66.05,64.94,65.82,11955160
2021-01-21 05:00:00+00:00,66.18,66.89,65.82,66.67,9109164
2021-01-22 05:00:00+00:00,66.39,66.75,66.26,66.42,15439480
2021-01-25 05:00:00+00:00,67.17,67.4,65.35,67.01,20818840
2021-01-26 05:00:00+00:00,67.21,67.31,66.76,67.02,8717636
2021-01-27 05:00:00+00:00,66.69,66.91,65.16,65.75,25028162
2021-01-28 05:00:00+00:00,66.08,67.12,65.86,66.02,16452522
2021-01-29 05:00:00+00:00,65.69,65.95,64.11,64.47,19275524
2021-02-01 05:00:00+00:00,65.23,66.4,64.75,66.08,11460774
2021-02-02 05:00:00+00:00,66.72,67.17,66.63,66.97,8746300
2021-02-03 05:00:00+00:00,67.11,67.25,66.55,66.75,14231170
2021-02-04 05:00:00+00:00,67.11,67.81,66.91,67.81,8282328
2021-02-05 05:00:00+00:00,68.02,68.03,67.47,67.66,11506976
2021-02-08 05:00:00+00:00,67.94,68.4,67.84,68.37,14033598
2021-02-09 05:00:00+00:00,68.19,68.61,68.17,68.29,10690270
2021-02-10 05:00:00+00:00,68.57,68.65,67.61,68.19,9562204
2021-02-11 05:00:00+00:00,68.6,68.99,68.39,68.94,7768348
2021-02-12 05:00:00+00:00,68.76,69.34,68.57,69.3,6865950
2021-02-16 05:00:00+00:00,69.57,69.62,68.89,69.07,9912220
2021-02-17 05:00:00+00:00,68.44,68.61,67.77,68.46,17415800
2021-02-18 05:00:00+00:00,67.75,68.24,67.27,68.13,11133644
2021-02-19 05:00:00+00:00,68.47,68.54,67.72,68.03,11399930
2021-02-22 05:00:00+00:00,67.19,67.41,66.49,66.53,14428164
2021-02-23 05:00:00+00:00,65.42,66.75,64.31,66.34,24298232
2021-02-24 05:00:00+00:00,65.85,67.42,65.34,67.36,16728538
2021-02-25 05:00:00+00:00,66.76,67.2,64.71,64.99,36828732
2021-02-26 05:00:00+00:00,65.65,66.35,64.77,65.29,36177072
2021-03-01 05:00:00+00:00,66.46,67.49,66.04,67.44,27105212
2021-03-02 05:00:00+00:00,67.55,67.59,66.28,66.38,24544614
2021-03-03 05:00:00+00:00,66.06,66.25,64.64,64.69,31885492
2021-03-04 05:00:00+00:00,64.51,64.98,62.48,63.28,79004094
2021-03-05 05:00:00+00:00,64.07,64.66,62.36,64.47,46488790
2021-03-08 05:00:00+00:00,64.42,64.72,62.85,62.92,35667076
2021-03-09 05:00:00+00:00,64.39,65.46,64.3,65.06,23499042
2021-03-10 05:00:00+00:00,65.76,65.77,64.75,64.8,18676766
2021-03-11 05:00:00+00:00,65.77,66.59,65.63,66.2,13580028
2021-03-12 05:00:00+00:00,65.39,65.72,64.97,65.71,12641758
2021-03-15 04:00:00+00:00,65.76,66.44,65.49,66.41,21426560
2021-03-16 04:00:00+00:00,66.92,67.55,66.62,66.91,13715508
2021-03-17 04:00:00+00:00,66.36,67.25,65.86,66.85,21610912
2021-03-18 04:00:00+00:00,65.94,66.05,64.92,65.0,17847250
2021-03-19 04:00:00+00:00,65.01,65.3,64.49,64.8,28094692
2021-03-22 04:00:00+00:00,65.01,66.26,64.91,65.94,16230608
2021-03-23 04:00:00+00:00,66.11,66.41,65.35,65.53,13231666
2021-03-24 04:00:00+00:00,65.92,65.93,64.72,64.73,14436340
2021-03-25 04:00:00+00:00,64.35,64.98,63.86,64.75,24494346
2021-03-26 04:00:00+00:00,64.66,66.41,64.63,66.33,15502906
2021-03-29 04:00:00+00:00,66.14,66.32,65.49,65.99,17541286
2021-03-30 04:00:00+00:00,65.53,65.6,64.97,65.36,13385706
2021-03-31 04:00:00+00:00,65.86,66.81,65.81,66.41,15844808
2021-04-01 04:00:00+00:00,67.13,67.75,67.07,67.74,14902934
2021-04-05 04:00:00+00:00,68.14,69.26,68.05,69.14,13264896
2021-04-06 04:00:00+00:00,69.03,69.26,68.61,68.85,11554380
2021-04-07 04:00:00+00:00,68.79,69.33,68.54,69.21,10224140
2021-04-08 04:00:00+00:00,69.86,70.22,69.74,70.21,14144554
2021-04-09 04:00:00+00:00,69.96,70.91,69.83,70.89,9585264
2021-04-12 04:00:00+00:00,70.6,70.77,70.2,70.55,15907056
2021-04-13 04:00:00+00:00,70.82,71.27,70.69,71.21,11316230
2021-04-14 04:00:00+00:00,71.2,71.24,70.32,70.46,11216210
2021-04-15 04:00:00+00:00,71.1,71.72,71.09,71.67,11028862
2021-04-16 04:00:00+00:00,71.72,71.79,71.35,71.65,11695578
2021-04-19 04:00:00+00:00,71.33,71.66,70.63,71.06,10254650
2021-04-20 04:00:00+00:00,70.91,71.21,70.03,70.43,9873486
2021-04-21 04:00:00+00:00,70.3,71.16,70.11,71.14,9402922
2021-04-22 04:00:00+00:00,71.01,71.32,69.99,70.3,11820684
2021-04-23 04:00:00+00:00,70.43,71.58,70.42,71.35,9400296
2021-04-26 04:00:00+00:00,71.38,71.79,71.33,71.72,7866766
2021-04-27 04:00:00+00:00,71.83,71.89,71.29,71.54,10943324
2021-04-28 04:00:00+00:00,71.12,71.22,70.7,70.88,10815048
2021-04-29 04:00:00+00:00,71.46,71.55,70.1,70.82,13416560
2021-04-30 04:00:00+00:00,70.1,70.47,69.69,69.85,10720096
2021-05-03 04:00:00+00:00,70.22,70.36,69.48,69.66,10805740
2021-05-04 04:00:00+00:00,69.14,69.16,67.65,68.41,22092362
2021-05-05 04:00:00+00:00,68.97,69.07,68.11,68.24,11244264
2021-05-06 04:00:00+00:00,68.21,68.97,67.72,68.93,14339178
2021-05-07 04:00:00+00:00,69.61,69.93,69.22,69.52,19542728
2021-05-10 04:00:00+00:00,69.18,69.22,67.74,67.76,20284548
2021-05-11 04:00:00+00:00,66.47,67.69,66.31,67.56,28783856
2021-05-12 04:00:00+00:00,66.56,66.93,65.48,65.66,29414512
2021-05-13 04:00:00+00:00,66.38,67.12,66.08,66.53,22615040
2021-05-14 04:00:00+00:00,67.27,68.22,67.14,67.99,16820244
2021-05-17 04:00:00+00:00,67.59,67.61,66.88,67.49,16506402
2021-05-18 04:00:00+00:00,67.69,67.83,66.91,66.95,12157820
2021-05-19 04:00:00+00:00,65.91,67.24,65.75,67.19,30974562
2021-05-20 04:00:00+00:00,67.46,68.7,67.44,68.47,17216854
2021-05-21 04:00:00+00:00,68.82,68.89,68.03,68.1,14361658
2021-05-24 04:00:00+00:00,68.66,69.54,68.63,69.31,13594518
2021-05-25 04:00:00+00:00,69.58,69.75,69.17,69.33,11532192
2021-05-26 04:00:00+00:00,69.43,69.63,69.1,69.32,13584780
2021-05-27 04:00:00+00:00,69.26,69.55,68.94,68.96,11603696
2021-05-28 04:00:00+00:00,69.31,69.6,69.17,69.2,9362502
2021-06-01 04:00:00+00:00,69.51,69.58,68.74,68.86,13374134
2021-06-02 04:00:00+00:00,69.0,69.61,68.87,69.33,10336086
2021-06-03 04:00:00+00:00,68.78,69.05,68.27,68.69,12960712
2021-06-04 04:00:00+00:00,69.11,70.09,69.11,70.01,11477608
2021-06-07 04:00:00+00:00,69.95,70.08,69.65,70.0,11929066
2021-06-08 04:00:00+00:00,70.33,70.63,69.81,70.0,8995340
2021-06-09 04:00:00+00:00,70.34,70.46,70.01,70.05,9881550
2021-06-10 04:00:00+00:00,70.19,70.74,69.94,70.57,11309566
2021-06-11 04:00:00+00:00,70.66,70.99,70.59,70.99,13925944
2021-06-14 04:00:00+00:00,71.06,71.71,70.77,71.71,13901390
2021-06-15 04:00:00+00:00,71.65,71.65,71.14,71.27,15301394
2021-06-16 04:00:00+00:00,71.4,71.54,70.18,70.88,19528622
2021-06-17 04:00:00+00:00,70.68,71.99,70.68,71.7,15904916
2021-06-18 04:00:00+00:00,71.36,71.64,70.96,71.05,21540084
2021-06-21 04:00:00+00:00,70.94,71.72,70.49,71.68,12328466
2021-06-22 04:00:00+00:00,71.63,72.36,71.55,72.33,9450342
2021-06-23 04:00:00+00:00,72.33,72.5,72.08,72.25,8387908
2021-06-24 04:00:00+00:00,72.71,72.92,72.56,72.7,12348744
2021-06-25 04:00:00+00:00,72.77,72.82,72.5,72.61,14663836
2021-06-28 04:00:00+00:00,72.92,73.46,72.9,73.38,12596850
2021-06-29 04:00:00+00:00,73.42,73.94,73.25,73.91,9978984
2021-06-30 04:00:00+00:00,73.8,74.01,73.6,73.83,11175490
2021-07-01 04:00:00+00:00,73.73,73.96,73.46,73.96,11964512
2021-07-02 04:00:00+00:00,74.31,75.01,74.29,74.93,13144186
2021-07-06 04:00:00+00:00,75.09,75.57,74.5,75.22,12712858
2021-07-07 04:00:00+00:00,75.69,75.78,75.02,75.63,15388238
2021-07-08 04:00:00+00:00,74.44,75.12,74.1,74.91,17577634
2021-07-09 04:00:00+00:00,74.82,75.67,74.71,75.6,10096548
2021-07-12 04:00:00+00:00,75.9,75.94,75.42,75.66,9937712
2021-07-13 04:00:00+00:00,75.53,76.52,75.47,75.97,15724614
2021-07-14 04:00:00+00:00,76.58,76.92,76.19,76.53,12979704
2021-07-15 04:00:00+00:00,76.44,76.5,75.5,75.9,12722612
2021-07-16 04:00:00+00:00,76.05,76.41,75.08,75.15,15295032
2021-07-19 04:00:00+00:00,74.26,74.46,73.69,74.11,24253974
2021-07-20 04:00:00+00:00,74.49,75.63,74.06,75.22,14715530
2021-07-21 04:00:00+00:00,75.19,75.96,75.05,75.94,12440014
2021-07-22 04:00:00+00:00,76.1,76.56,76.1,76.5,9578160
2021-07-23 04:00:00+00:00,76.84,77.3,76.57,77.26,12903164
2021-07-26 04:00:00+00:00,77.07,77.36,76.78,77.22,9094100
2021-07-27 04:00:00+00:00,77.13,77.15,75.53,76.49,18371186
2021-07-28 04:00:00+00:00,76.52,76.8,75.67,76.4,13941162
2021-07-29 04:00:00+00:00,76.32,77.01,76.31,76.75,12030696
2021-07-30 04:00:00+00:00,76.26,76.78,76.24,76.7,10334738
2021-08-02 04:00:00+00:00,77.05,77.15,76.32,76.43,12453992
2021-08-03 04:00:00+00:00,76.57,76.96,75.94,76.92,10907890
2021-08-04 04:00:00+00:00,76.86,77.26,76.61,77.07,11494138
2021-08-05 04:00:00+00:00,77.21,77.52,76.98,77.5,6808808
2021-08-06 04:00:00+00:00,77.22,77.52,77.21,77.43,7806778
2021-08-09 04:00:00+00:00,77.52,77.66,77.11,77.18,7307902
2021-08-10 04:00:00+00:00,77.32,77.39,76.4,76.63,10528396
2021-08-11 04:00:00+00:00,76.89,77.03,76.25,76.64,10949652
2021-08-12 04:00:00+00:00,76.56,77.12,76.24,77.08,7160720
2021-08-13 04:00:00+00:00,77.13,77.52,77.04,77.5,5797418
2021-08-16 04:00:00+00:00,77.31,77.86,76.66,77.85,9618946
2021-08-17 04:00:00+00:00,77.37,77.5,76.72,77.2,20857692
2021-08-18 04:00:00+00:00,77.02,77.36,76.05,76.14,13725804
2021-08-19 04:00:00+00:00,75.72,77.17,75.61,76.88,19617680
2021-08-20 04:00:00+00:00,77.17,77.94,76.99,77.87,15080094
2021-08-23 04:00:00+00:00,78.08,78.99,78.07,78.88,11057932
2021-08-24 04:00:00+00:00,78.97,79.07,78.72,78.79,9537024
2021-08-25 04:00:00+00:00,78.97,79.18,78.61,78.74,9629168
2021-08-26 04:00:00+00:00,78.65,78.81,78.18,78.25,12197752
2021-08-27 04:00:00+00:00,78.32,79.06,78.18,79.0,14086266
2021-08-30 04:00:00+00:00,79.24,79.94,79.24,79.85,10156884
2021-08-31 04:00:00+00:00,79.9,79.93,79.28,79.43,22174194
2021-09-01 04:00:00+00:00,79.71,80.07,79.39,79.45,22082122
2021-09-02 04:00:00+00:00,79.75,79.85,79.05,79.36,23427802
2021-09-03 04:00:00+00:00,79.27,79.89,79.25,79.68,22915534
2021-09-07 04:00:00+00:00,79.78,79.87,79.32,79.7,21422558
2021-09-08 04:00:00+00:00,79.69,79.72,78.83,79.4,11582746
2021-09-09 04:00:00+00:00,79.45,79.72,79.03,79.1,11319678
2021-09-10 04:00:00+00:00,79.54,79.73,78.24,78.32,17222362
2021-09-13 04:00:00+00:00,78.91,79.11,77.83,78.34,22752730
2021-09-14 04:00:00+00:00,78.68,78.83,78.03,78.24,18602508
2021-09-15 04:00:00+00:00,78.51,78.99,78.07,78.93,16484206
2021-09-16 04:00:00+00:00,78.65,79.05,78.16,78.97,16235676
2021-09-17 04:00:00+00:00,78.77,78.77,77.63,77.74,22961228
2021-09-20 04:00:00+00:00,76.47,76.86,75.17,76.19,37923198
2021-09-21 04:00:00+00:00,76.66,76.84,75.93,76.22,18652020
2021-09-22 04:00:00+00:00,76.64,77.57,76.3,77.27,28327546
2021-09-23 04:00:00+00:00,77.67,78.49,77.43,78.3,19701308
2021-09-24 04:00:00+00:00,77.83,78.49,77.79,78.36,11652454
2021-09-27 04:00:00+00:00,77.69,77.88,77.1,77.6,15153010
2021-09-28 04:00:00+00:00,76.6,76.78,75.24,75.3,38480046
2021-09-29 04:00:00+00:00,75.61,76.0,75.07,75.2,25011958
2021-09-30 04:00:00+00:00,75.64,75.97,74.62,74.66,33638786
2021-10-01 04:00:00+00:00,74.93,75.95,74.17,75.79,48402560
2021-10-04 04:00:00+00:00,75.35,75.44,73.44,74.03,52887174
2021-10-05 04:00:00+00:00,74.18,75.51,74.11,75.08,35825942
2021-10-06 04:00:00+00:00,74.22,75.63,73.97,75.58,42955744
2021-10-07 04:00:00+00:00,76.23,76.86,76.13,76.27,19895612
2021-10-08 04:00:00+00:00,76.56,76.61,75.86,75.98,18554090
2021-10-11 04:00:00+00:00,75.64,76.58,75.51,75.56,15156362
2021-10-12 04:00:00+00:00,75.86,75.95,75.05,75.17,17978758
2021-10-13 04:00:00+00:00,75.5,75.8,75.01,75.63,19667684
2021-10-14 04:00:00+00:00,76.4,77.37,76.29,77.33,15200418
2021-10-15 04:00:00+00:00,77.61,77.97,77.37,77.96,12777944
2021-10-18 04:00:00+00:00,77.52,78.66,77.31,78.61,11902542
2021-10-19 04:00:00+00:00,78.83,79.4,78.67,79.4,13443988
2021-10-20 04:00:00+00:00,79.47,79.58,78.83,79.18,12164544
2021-10-21 04:00:00+00:00,78.94,79.52,78.77,79.48,10201014
2021-10-22 04:00:00+00:00,79.45,79.78,78.88,79.21,12540712
2021-10-25 04:00:00+00:00,79.51,79.75,79.16,79.47,10377262
2021-10-26 04:00:00+00:00,80.0,80.33,79.65,79.69,13261426
2021-10-27 04:00:00+00:00,79.83,80.23,79.54,79.62,19204072
2021-10-28 04:00:00+00:00,80.11,80.48,79.96,80.42,13020386
2021-10-29 04:00:00+00:00,79.63,80.82,79.54,80.77,20302370
2021-11-01 04:00:00+00:00,80.77,80.81,80.24,80.65,27058958
2021-11-02 04:00:00+00:00,80.76,81.56,80.76,81.36,29746488
2021-11-03 04:00:00+00:00,81.5,82.0,81.02,81.83,28785856
2021-11-04 04:00:00+00:00,82.14,83.31,82.0,83.11,31771786
2021-11-05 04:00:00+00:00,83.72,84.01,83.02,83.54,29181392
2021-11-08 05:00:00+00:00,83.81,84.14,83.62,83.99,12844326
2021-11-09 05:00:00+00:00,84.12,84.21,83.22,83.65,16976328
2021-11-10 05:00:00+00:00,83.0,83.42,82.02,82.27,29216484
2021-11-11 05:00:00+00:00,82.86,82.89,82.52,82.65,10318370
2021-11-12 05:00:00+00:00,82.93,83.79,82.79,83.66,12438826
2021-11-15 05:00:00+00:00,83.99,84.11,83.1,83.57,12694112
2021-11-16 05:00:00+00:00,83.47,84.57,83.42,84.45,13755664
2021-11-17 05:00:00+00:00,84.29,84.73,83.93,84.2,15608124
2021-11-18 05:00:00+00:00,84.68,85.16,84.07,85.04,21893258
2021-11-19 05:00:00+00:00,85.34,85.98,85.06,85.66,17861500
2021-11-22 05:00:00+00:00,85.99,87.13,84.65,84.7,28728078
2021-11-23 05:00:00+00:00,84.38,84.78,83.44,84.51,29622202
2021-11-24 05:00:00+00:00,84.0,85.14,83.59,85.12,18421160
2021-11-26 05:00:00+00:00,83.91,84.56,82.67,83.0,25106118
2021-11-29 05:00:00+00:00,84.23,85.3,83.97,85.07,25293348
2021-11-30 05:00:00+00:00,84.75,85.53,83.64,84.36,54569016
2021-12-01 05:00:00+00:00,85.25,85.9,83.13,83.21,39456006
2021-12-02 05:00:00+00:00,82.44,84.36,82.26,83.97,47081980
2021-12-03 05:00:00+00:00,84.21,84.47,81.53,82.57,48720834
2021-12-06 05:00:00+00:00,82.81,83.6,81.95,83.35,42565864
2021-12-07 05:00:00+00:00,85.01,86.37,85.0,86.26,31290916
2021-12-08 05:00:00+00:00,86.29,86.72,85.7,86.66,26223738
2021-12-09 05:00:00+00:00,86.44,87.01,85.65,85.72,17423912
2021-12-10 05:00:00+00:00,86.62,87.55,86.37,87.44,28304900
2021-12-13 05:00:00+00:00,87.62,87.79,86.02,86.12,21443532
2021-12-14 05:00:00+00:00,85.1,85.65,83.71,84.73,27387344
2021-12-15 05:00:00+00:00,84.8,87.06,83.99,86.97,28676146
2021-12-16 05:00:00+00:00,87.3,87.44,84.01,84.51,31367142
2021-12-17 05:00:00+00:00,83.58,84.76,83.14,83.94,45417404
2021-12-20 05:00:00+00:00,82.5,83.05,82.18,82.79,33579798
2021-12-21 05:00:00+00:00,83.67,84.95,82.9,84.88,17053938
2021-12-22 05:00:00+00:00,84.77,86.05,84.54,85.99,13524854
2021-12-23 05:00:00+00:00,86.11,86.81,86.1,86.47,9864656
2021-12-27 05:00:00+00:00,86.82,88.35,86.8,88.33,13529066
2021-12-28 05:00:00+00:00,88.49,88.52,87.65,87.87,11488228
2021-12-29 05:00:00+00:00,87.9,88.3,87.49,87.94,9886054
2021-12-30 05:00:00+00:00,87.98,88.27,87.26,87.36,10682250
2021-12-31 05:00:00+00:00,87.28,87.49,86.9,86.94,10256616
2022-01-03 05:00:00+00:00,87.05,87.84,86.67,87.76,20444356
2022-01-04 05:00:00+00:00,87.91,88.0,86.18,86.83,16830020
2022-01-05 05:00:00+00:00,86.33,86.39,84.13,84.16,23691068
2022-01-06 05:00:00+00:00,83.49,84.6,83.24,83.74,24017362
2022-01-07 05:00:00+00:00,83.68,84.08,82.42,82.97,33534230
2022-01-10 05:00:00+00:00,81.73,83.09,80.65,82.98,32767836
2022-01-11 05:00:00+00:00,82.77,84.1,82.15,83.98,19612404
2022-01-12 05:00:00+00:00,84.6,85.18,83.95,84.37,18221874
2022-01-13 05:00:00+00:00,84.81,85.05,81.98,82.19,21002734
2022-01-14 05:00:00+00:00,81.63,82.93,81.63,82.88,22579574
2022-01-18 05:00:00+00:00,81.68,82.16,80.67,80.89,24853260
2022-01-19 05:00:00+00:00,81.15,82.15,79.68,79.76,25435048
2022-01-20 05:00:00+00:00,80.47,81.37,78.63,78.73,38118436
2022-01-21 05:00:00+00:00,78.54,79.44,77.15,77.17,48542052
2022-01-24 05:00:00+00:00,75.88,77.62,73.12,77.57,67593644
2022-01-25 05:00:00+00:00,76.05,77.21,74.9,75.77,49449604
2022-01-26 05:00:00+00:00,77.83,78.74,75.31,76.22,53740318
2022-01-27 05:00:00+00:00,77.45,77.86,75.42,75.69,39490952
2022-01-28 05:00:00+00:00,76.63,79.02,75.49,79.0,44327484
2022-01-31 05:00:00+00:00,79.02,81.09,78.64,80.99,29822836
2022-02-01 05:00:00+00:00,81.1,81.33,80.02,81.19,23646612
2022-02-02 05:00:00+00:00,81.37,81.99,80.82,81.86,25720708
2022-02-03 05:00:00+00:00,80.69,81.25,79.19,79.48,27946872
2022-02-04 05:00:00+00:00,79.06,80.5,78.72,79.8,29904422
2022-02-07 05:00:00+00:00,79.86,80.33,78.97,79.27,15000336
2022-02-08 05:00:00+00:00,79.02,80.47,78.83,80.25,21259700
2022-02-09 05:00:00+00:00,81.29,82.06,80.95,82.03,17856708
2022-02-10 05:00:00+00:00,80.4,81.77,79.47,79.89,31763684
2022-02-11 05:00:00+00:00,79.97,80.32,77.15,77.44,34922310
2022-02-14 05:00:00+00:00,77.24,78.04,76.52,77.42,41114996
2022-02-15 05:00:00+00:00,78.58,79.51,78.31,79.46,24486580
2022-02-16 05:00:00+00:00,78.92,79.65,78.06,79.38,20371446
2022-02-17 05:00:00+00:00,78.64,78.72,76.85,77.0,24951974
2022-02-18 05:00:00+00:00,77.27,77.38,75.64,76.22,25347768
2022-02-22 05:00:00+00:00,75.42,76.72,74.69,75.52,27006770
2022-02-23 05:00:00+00:00,76.3,76.51,73.55,73.63,37923294
2022-02-24 05:00:00+00:00,71.1,76.19,70.86,76.11,52283938
2022-02-25 05:00:00+00:00,76.26,77.2,75.32,77.18,28474382
2022-02-28 05:00:00+00:00,76.36,77.36,75.72,77.04,36564754
2022-03-01 05:00:00+00:00,76.75,77.14,74.91,75.5,29959530
2022-03-02 05:00:00+00:00,76.05,77.45,75.46,77.13,25744602
2022-03-03 05:00:00+00:00,77.78,77.79,75.82,76.21,23650614
2022-03-04 05:00:00+00:00,75.61,75.93,74.28,74.88,26793588
2022-03-07 05:00:00+00:00,74.81,75.16,72.1,72.14,32928584
2022-03-08 05:00:00+00:00,71.94,74.02,70.72,71.79,36964136
2022-03-09 05:00:00+00:00,73.74,74.97,73.15,74.63,36126198
2022-03-10 05:00:00+00:00,73.31,73.53,72.21,73.32,27487152
2022-03-11 05:00:00+00:00,73.97,74.16,71.92,72.03,21485612
2022-03-14 04:00:00+00:00,71.7,72.52,70.49,70.69,28380128
2022-03-15 04:00:00+00:00,71.26,73.22,71.02,73.07,23059698
2022-03-16 04:00:00+00:00,74.0,75.47,72.82,75.44,27240066
2022-03-17 04:00:00+00:00,75.04,76.03,74.64,75.98,18572156
2022-03-18 04:00:00+00:00,75.71,77.68,75.34,77.54,27947924
2022-03-21 04:00:00+00:00,76.97,77.66,76.23,77.25,22395296
2022-03-22 04:00:00+00:00,77.3,78.76,77.19,78.36,17507040
2022-03-23 04:00:00+00:00,77.63,78.34,77.08,77.15,12661952
2022-03-24 04:00:00+00:00,77.58,79.18,77.32,79.16,14309060
2022-03-25 04:00:00+00:00,79.28,79.39,78.12,79.11,15019470
2022-03-28 04:00:00+00:00,78.75,80.08,78.55,80.05,23660440
2022-03-29 04:00:00+00:00,80.99,81.83,80.41,81.75,19497774
2022-03-30 04:00:00+00:00,81.33,81.56,80.24,80.67,19308712
2022-03-31 04:00:00+00:00,80.65,80.8,79.35,79.47,19902140
2022-04-01 04:00:00+00:00,79.55,79.73,78.35,79.23,30671120
2022-04-04 04:00:00+00:00,79.44,80.78,79.41,80.74,23085582
2022-04-05 04:00:00+00:00,80.39,80.57,78.76,79.04,25551972
2022-04-06 04:00:00+00:00,77.72,77.9,76.48,77.17,34341438
2022-04-07 04:00:00+00:00,76.76,77.81,76.23,77.29,23341204
2022-04-08 04:00:00+00:00,76.94,77.12,76.04,76.21,26383216
2022-04-11 04:00:00+00:00,75.25,75.35,74.19,74.29,21677306
2022-04-12 04:00:00+00:00,75.21,75.78,73.68,73.96,22412508
2022-04-13 04:00:00+00:00,74.0,75.38,73.72,75.15,14816872
2022-04-14 04:00:00+00:00,75.22,75.36,73.28,73.32,17589042
2022-04-18 04:00:00+00:00,72.96,74.04,72.94,73.56,14153626
2022-04-19 04:00:00+00:00,73.38,75.07,73.11,74.94,14021738
2022-04-20 04:00:00+00:00,75.67,75.86,74.65,74.87,15856984
2022-04-21 04:00:00+00:00,75.6,76.31,73.38,73.6,19187454
2022-04-22 04:00:00+00:00,73.52,73.95,71.44,71.54,22606984
2022-04-25 04:00:00+00:00,71.22,72.67,70.78,72.61,29103168
2022-04-26 04:00:00+00:00,71.96,72.07,69.88,69.91,26589608
2022-04-27 04:00:00+00:00,70.69,72.31,70.54,70.94,40468438
2022-04-28 04:00:00+00:00,72.06,74.21,71.68,73.79,28434666
2022-04-29 04:00:00+00:00,72.98,73.83,70.58,70.71,30470036
2022-05-02 04:00:00+00:00,70.63,71.88,69.83,71.79,38552904
2022-05-03 04:00:00+00:00,71.78,72.35,71.25,71.91,27827498
2022-05-04 04:00:00+00:00,72.19,74.57,71.0,74.44,28947076
2022-05-05 04:00:00+00:00,73.34,73.43,70.01,70.86,37457936
2022-05-06 04:00:00+00:00,70.21,71.41,69.23,70.29,35897814
2022-05-09 04:00:00+00:00,69.02,69.46,67.26,67.57,41240956
2022-05-10 04:00:00+00:00,69.18,69.57,67.58,68.6,36614964
2022-05-11 04:00:00+00:00,67.97,69.27,66.22,66.43,35069858
2022-05-12 04:00:00+00:00,65.44,66.7,64.22,65.75,36814486
2022-05-13 04:00:00+00:00,66.64,68.27,66.21,67.93,24556568
2022-05-16 04:00:00+00:00,67.36,68.24,66.76,67.33,18511872
2022-05-17 04:00:00+00:00,68.78,69.39,68.0,69.28,18800652
2022-05-18 04:00:00+00:00,68.36,68.57,65.86,66.11,24205768
2022-05-19 04:00:00+00:00,65.61,66.51,65.08,65.39,21169776
2022-05-20 04:00:00+00:00,66.3,66.47,63.52,65.53,20569066
2022-05-23 04:00:00+00:00,65.74,67.12,65.53,67.04,17582940
2022-05-24 04:00:00+00:00,66.1,66.44,64.89,66.04,17653706
2022-05-25 04:00:00+00:00,65.61,67.31,65.56,66.81,13833174
2022-05-26 04:00:00+00:00,66.42,68.71,66.28,68.42,15984098
2022-05-27 04:00:00+00:00,69.18,70.75,69.05,70.73,16549664
2022-05-31 04:00:00+00:00,70.46,70.92,69.54,70.22,19472886
2022-06-01 04:00:00+00:00,70.98,71.46,69.5,70.02,13595062
2022-06-02 04:00:00+00:00,69.52,71.72,69.19,71.71,14067212
2022-06-03 04:00:00+00:00,70.35,70.84,69.67,70.0,11366264
2022-06-06 04:00:00+00:00,70.88,71.32,69.65,70.0,12820686
2022-06-07 04:00:00+00:00,69.26,70.97,69.11,70.83,11251638
2022-06-08 04:00:00+00:00,70.63,70.97,69.84,70.04,9029184
2022-06-09 04:00:00+00:00,69.53,70.21,68.15,68.17,9990162
2022-06-10 04:00:00+00:00,66.99,67.2,65.53,65.55,21383212
2022-06-13 04:00:00+00:00,63.48,64.08,62.41,62.64,37035314
2022-06-14 04:00:00+00:00,63.11,63.46,62.45,63.04,18671116
2022-06-15 04:00:00+00:00,63.82,65.32,62.96,64.36,25472164
2022-06-16 04:00:00+00:00,62.73,62.79,61.23,61.75,33433580
2022-06-17 04:00:00+00:00,61.74,62.9,61.3,62.31,28517426
2022-06-21 04:00:00+00:00,63.06,64.18,63.06,63.73,17814682
2022-06-22 04:00:00+00:00,63.04,64.34,62.86,63.46,15506932
2022-06-23 04:00:00+00:00,64.01,64.53,63.42,64.41,16286156
2022-06-24 04:00:00+00:00,65.15,66.74,65.15,66.72,25548356
2022-06-27 04:00:00+00:00,66.94,67.14,65.97,66.28,14197300
2022-06-28 04:00:00+00:00,66.33,67.0,64.26,64.29,15550288
2022-06-29 04:00:00+00:00,64.21,64.81,63.69,64.42,13808434
2022-06-30 04:00:00+00:00,63.57,64.36,62.56,63.56,16112828
2022-07-01 04:00:00+00:00,63.16,63.87,62.62,63.71,14212828
2022-07-05 04:00:00+00:00,62.84,64.52,62.48,64.51,14757802
2022-07-06 04:00:00+00:00,64.65,65.58,64.33,65.06,16779128
2022-07-07 04:00:00+00:00,65.35,66.56,65.35,66.41,15547562
2022-07-08 04:00:00+00:00,65.69,66.65,65.49,66.44,12804906
2022-07-11 04:00:00+00:00,65.86,66.14,65.07,65.52,11696078
2022-07-12 04:00:00+00:00,65.76,66.13,64.25,64.63,16757144
2022-07-13 04:00:00+00:00,63.41,64.87,63.13,64.46,15760926
2022-07-14 04:00:00+00:00,63.94,65.28,63.12,65.05,14054224
2022-07-15 04:00:00+00:00,65.67,66.22,65.4,66.19,13803662
2022-07-18 04:00:00+00:00,66.84,67.08,65.3,65.55,10115298
2022-07-19 04:00:00+00:00,66.28,67.62,65.88,67.55,12946498
2022-07-20 04:00:00+00:00,67.56,68.89,67.38,68.61,12790610
2022-07-21 04:00:00+00:00,68.69,69.58,67.97,69.57,13337734
2022-07-22 04:00:00+00:00,69.54,69.83,68.21,68.61,10804844
2022-07-25 04:00:00+00:00,68.58,68.66,67.66,68.18,14723784
2022-07-26 04:00:00+00:00,68.12,68.14,66.82,67.07,10446906
2022-07-27 04:00:00+00:00,68.18,70.32,68.08,69.96,17448764
2022-07-28 04:00:00+00:00,70.04,71.18,69.41,71.02,12588294
2022-07-29 04:00:00+00:00,71.24,72.33,70.94,72.11,10400874
2022-08-01 04:00:00+00:00,71.46,72.68,71.29,71.96,12914856
2022-08-02 04:00:00+00:00,71.33,72.27,70.83,71.44,16257852
2022-08-03 04:00:00+00:00,71.8,73.55,71.78,73.35,14588628
2022-08-04 04:00:00+00:00,73.32,73.72,72.85,73.68,11878874
2022-08-05 04:00:00+00:00,72.5,73.72,72.44,73.51,7955874
2022-08-08 04:00:00+00:00,73.44,74.02,72.49,72.89,11489912
2022-08-09 04:00:00+00:00,72.3,72.44,71.77,72.16,8727084
2022-08-10 04:00:00+00:00,73.87,74.19,73.28,74.13,19805392
2022-08-11 04:00:00+00:00,74.59,75.03,73.7,73.83,12043396
2022-08-12 04:00:00+00:00,74.32,75.31,74.09,75.31,8383074
2022-08-15 04:00:00+00:00,75.01,75.89,74.92,75.78,7525484
2022-08-16 04:00:00+00:00,75.44,75.93,74.87,75.58,11815954
2022-08-17 04:00:00+00:00,74.89,75.61,74.5,75.04,13398254
2022-08-18 04:00:00+00:00,75.11,75.72,74.82,75.43,10193082
2022-08-19 04:00:00+00:00,74.81,74.9,73.89,74.06,10468098
2022-08-22 04:00:00+00:00,73.05,73.07,71.81,71.99,11189532
2022-08-23 04:00:00+00:00,71.85,72.56,71.7,71.8,14990180
2022-08-24 04:00:00+00:00,71.75,72.15,71.45,71.85,9159834
2022-08-25 04:00:00+00:00,72.03,73.07,71.94,73.06,7335026
2022-08-26 04:00:00+00:00,73.03,73.21,69.89,69.94,15212332
2022-08-29 04:00:00+00:00,69.19,69.69,68.75,69.02,13487540
2022-08-30 04:00:00+00:00,69.41,69.52,67.68,68.3,13755790
2022-08-31 04:00:00+00:00,68.71,68.93,67.6,67.63,14469160
2022-09-01 04:00:00+00:00,66.97,67.39,65.89,67.3,16282152
2022-09-02 04:00:00+00:00,68.0,68.38,66.08,66.43,17274304
2022-09-06 04:00:00+00:00,66.52,66.8,65.55,65.99,15189918
2022-09-07 04:00:00+00:00,66.11,67.31,65.89,67.04,12121970
2022-09-08 04:00:00+00:00,66.55,67.62,66.25,67.27,11487154
2022-09-09 04:00:00+00:00,67.83,68.79,67.7,68.6,12105572
2022-09-12 04:00:00+00:00,69.03,69.73,69.02,69.7,10460948
2022-09-13 04:00:00+00:00,67.71,68.09,65.82,66.0,21033944
2022-09-14 04:00:00+00:00,66.31,66.72,65.61,66.24,14157910
2022-09-15 04:00:00+00:00,65.71,66.11,64.33,64.72,15322760
2022-09-16 04:00:00+00:00,64.15,64.49,63.44,64.36,21281002
2022-09-19 04:00:00+00:00,63.56,64.78,63.52,64.72,16064876
2022-09-20 04:00:00+00:00,64.11,64.75,63.78,64.34,12573452
2022-09-21 04:00:00+00:00,64.68,65.63,63.33,63.34,17201386
2022-09-22 04:00:00+00:00,62.98,63.38,62.34,62.69,16473354
2022-09-23 04:00:00+00:00,62.12,62.22,61.06,61.87,19975000
2022-09-26 04:00:00+00:00,61.68,62.72,61.27,61.44,17786158
2022-09-27 04:00:00+00:00,62.26,62.84,60.95,61.52,19839138
2022-09-28 04:00:00+00:00,61.11,62.47,60.64,62.17,19386740
2022-09-29 04:00:00+00:00,61.28,61.42,59.84,60.55,31593594
2022-09-30 04:00:00+00:00,60.31,61.2,59.28,59.39,20168532
2022-10-03 04:00:00+00:00,59.86,61.6,59.63,61.23,17771518
2022-10-04 04:00:00+00:00,62.47,63.36,62.43,63.29,18088230
2022-10-05 04:00:00+00:00,62.43,63.96,62.07,63.5,15832566
2022-10-06 04:00:00+00:00,63.33,64.03,62.9,62.98,14618274
2022-10-07 04:00:00+00:00,61.69,61.7,60.06,60.39,16319534
2022-10-10 04:00:00+00:00,60.39,60.47,58.78,59.37,16969616
2022-10-11 04:00:00+00:00,59.03,59.44,58.03,58.46,21302442
2022-10-12 04:00:00+00:00,58.51,58.91,58.18,58.28,14934352
2022-10-13 04:00:00+00:00,56.71,60.4,56.49,60.09,38630756
2022-10-14 04:00:00+00:00,60.58,60.71,58.31,58.4,23727210
2022-10-17 04:00:00+00:00,59.83,60.48,59.67,60.18,14996252
2022-10-18 04:00:00+00:00,61.74,61.96,59.93,60.69,14484766
2022-10-19 04:00:00+00:00,60.16,61.12,59.91,60.52,11509272
2022-10-20 04:00:00+00:00,60.54,61.87,60.25,60.55,12752912
2022-10-21 04:00:00+00:00,60.4,62.3,60.2,62.17,17182792
2022-10-24 04:00:00+00:00,62.44,63.26,61.68,63.03,14050072
2022-10-25 04:00:00+00:00,63.19,64.28,63.19,64.24,10486796
2022-10-26 04:00:00+00:00,62.62,64.13,62.52,62.81,15472504
2022-10-27 04:00:00+00:00,63.04,63.43,61.95,62.09,12182822
2022-10-28 04:00:00+00:00,62.44,64.93,62.44,64.79,15342064
2022-10-31 04:00:00+00:00,64.15,64.32,63.56,63.94,13535604
2022-11-01 04:00:00+00:00,64.73,64.85,63.13,63.4,9638430
2022-11-02 04:00:00+00:00,63.36,64.17,61.19,61.21,18320272
2022-11-03 04:00:00+00:00,60.36,60.47,59.37,59.41,16773602
2022-11-04 04:00:00+00:00,60.65,60.81,59.11,60.5,18245426
2022-11-07 05:00:00+00:00,60.6,61.61,60.17,61.51,10427628
2022-11-08 05:00:00+00:00,62.02,62.85,61.18,62.1,12721946
2022-11-09 05:00:00+00:00,61.52,61.55,60.39,60.48,11962548
2022-11-10 05:00:00+00:00,63.47,65.52,63.15,65.45,27932116
2022-11-11 05:00:00+00:00,65.39,66.79,65.07,66.57,15973218
2022-11-14 05:00:00+00:00,66.05,66.83,65.68,66.0,14526560
2022-11-15 05:00:00+00:00,67.5,67.78,66.13,66.8,12716116
2022-11-16 05:00:00+00:00,66.29,66.48,65.61,65.89,10095986
2022-11-17 05:00:00+00:00,64.83,66.28,64.81,65.97,8160310
2022-11-18 05:00:00+00:00,66.72,66.74,65.49,66.05,11912314
2022-11-21 05:00:00+00:00,65.67,65.94,65.21,65.33,8363846
2022-11-22 05:00:00+00:00,65.62,66.64,65.15,66.6,9019194
2022-11-23 05:00:00+00:00,66.46,67.39,66.41,67.19,9480606
2022-11-25 05:00:00+00:00,66.74,67.01,66.61,66.8,3262932
2022-11-28 05:00:00+00:00,66.05,66.47,65.11,65.37,13040250
2022-11-29 05:00:00+00:00,65.29,65.48,64.47,64.73,11570226
2022-11-30 05:00:00+00:00,64.7,67.99,64.64,67.98,23334454
2022-12-01 05:00:00+00:00,68.05,68.4,67.24,68.08,15165810
2022-12-02 05:00:00+00:00,66.94,67.91,66.68,67.68,8933138
2022-12-05 05:00:00+00:00,67.16,67.54,66.11,66.56,11526568
2022-12-06 05:00:00+00:00,66.49,66.58,64.71,65.13,11799696
2022-12-07 05:00:00+00:00,64.9,65.3,64.33,64.8,10413890
2022-12-08 05:00:00+00:00,65.16,66.05,64.77,65.86,8965786
2022-12-09 05:00:00+00:00,65.57,66.38,65.21,65.46,10402846
2022-12-12 05:00:00+00:00,65.56,66.89,65.54,66.89,14806196
2022-12-13 05:00:00+00:00,69.32,69.67,66.99,67.68,18607506
2022-12-14 05:00:00+00:00,67.61,68.4,66.32,67.11,19540956
2022-12-15 05:00:00+00:00,66.01,66.25,64.35,64.6,19226176
2022-12-16 05:00:00+00:00,64.38,64.76,63.42,63.74,23997008
2022-12-19 05:00:00+00:00,63.57,63.67,62.3,62.71,14276568
2022-12-20 05:00:00+00:00,62.38,63.13,62.08,62.81,12622074
2022-12-21 05:00:00+00:00,63.1,64.14,62.94,63.85,14670552
2022-12-22 05:00:00+00:00,63.05,63.11,61.18,62.24,15324906
2022-12-23 05:00:00+00:00,61.79,62.36,61.33,62.3,8231316
2022-12-27 05:00:00+00:00,62.09,62.2,61.35,61.71,9530210
2022-12-28 05:00:00+00:00,61.56,62.14,60.65,60.72,10362964
2022-12-29 05:00:00+00:00,61.31,62.52,61.3,62.31,10954286
2022-12-30 05:00:00+00:00,61.66,62.26,61.28,62.22,8897090
2023-01-03 05:00:00+00:00,62.89,63.3,61.19,61.63,15196140
2023-01-04 05:00:00+00:00,61.95,62.19,61.11,61.79,11813004
2023-01-05 05:00:00+00:00,61.48,61.64,60.49,60.59,11341030
2023-01-06 05:00:00+00:00,61.13,62.65,60.41,62.37,13823246
2023-01-09 05:00:00+00:00,62.93,64.24,62.91,63.09,21427266
2023-01-10 05:00:00+00:00,62.94,63.58,62.6,63.48,17209054
2023-01-11 05:00:00+00:00,63.68,64.58,63.49,64.58,13757972
2023-01-12 05:00:00+00:00,64.68,65.36,63.89,65.06,15358670
2023-01-13 05:00:00+00:00,64.44,65.34,64.3,65.25,10149448
2023-01-17 05:00:00+00:00,65.16,65.93,65.08,65.54,10425718
2023-01-18 05:00:00+00:00,65.91,66.26,64.66,64.69,13935922
2023-01-19 05:00:00+00:00,64.19,64.55,63.71,63.94,14645026
2023-01-20 05:00:00+00:00,64.26,65.72,64.03,65.67,14126364
2023-01-23 05:00:00+00:00,65.94,67.55,65.79,67.17,23472876
2023-01-24 05:00:00+00:00,66.79,67.39,66.69,67.14,12575678
2023-01-25 05:00:00+00:00,66.0,67.17,65.39,67.0,14342294
2023-01-26 05:00:00+00:00,67.65,68.1,66.95,68.07,11161740
2023-01-27 05:00:00+00:00,67.64,68.83,67.61,68.35,13547106
2023-01-30 05:00:00+00:00,67.57,67.86,66.99,67.05,9705914
2023-01-31 05:00:00+00:00,67.05,68.01,67.0,67.98,8871606
2023-02-01 05:00:00+00:00,67.93,70.14,67.61,69.58,18852750
2023-02-02 05:00:00+00:00,70.77,71.88,70.44,71.48,18824052
2023-02-03 05:00:00+00:00,70.25,72.05,70.15,70.89,16144010
2023-02-06 05:00:00+00:00,70.1,70.65,69.76,70.02,12977458
2023-02-07 05:00:00+00:00,70.13,72.04,70.1,71.77,15708144
2023-02-08 05:00:00+00:00,71.91,72.3,70.76,70.91,12577078
2023-02-09 05:00:00+00:00,72.0,72.12,70.24,70.52,12624028
2023-02-10 05:00:00+00:00,69.99,70.43,69.53,70.19,9858972
2023-02-13 05:00:00+00:00,70.47,71.56,70.42,71.41,8411828
2023-02-14 05:00:00+00:00,71.07,72.11,70.63,71.71,12621946
2023-02-15 05:00:00+00:00,71.28,72.05,71.11,72.05,10492454
2023-02-16 05:00:00+00:00,71.0,71.81,70.74,70.8,13001292
2023-02-17 05:00:00+00:00,70.29,70.37,69.3,69.91,10603680
2023-02-21 05:00:00+00:00,68.97,69.39,68.19,68.25,12277714
2023-02-22 05:00:00+00:00,68.39,68.7,67.83,68.15,14338388
2023-02-23 05:00:00+00:00,69.42,69.54,68.31,69.28,13120416
2023-02-24 05:00:00+00:00,68.05,68.34,67.65,68.05,14347230
2023-02-27 05:00:00+00:00,68.73,69.08,68.29,68.41,9388976
2023-02-28 05:00:00+00:00,68.19,68.92,68.07,68.26,10486298
2023-03-01 05:00:00+00:00,68.29,68.4,67.55,67.76,15069354
2023-03-02 05:00:00+00:00,67.58,68.81,67.46,68.6,10971264
2023-03-03 05:00:00+00:00,69.04,70.07,68.97,70.07,14437902
2023-03-06 05:00:00+00:00,70.52,71.36,70.35,70.41,15999230
2023-03-07 05:00:00+00:00,70.35,70.62,69.36,69.53,14120110
2023-03-08 05:00:00+00:00,69.78,70.19,69.36,70.11,13246948
2023-03-09 05:00:00+00:00,70.22,71.01,68.97,69.1,15624590
2023-03-10 05:00:00+00:00,69.0,69.17,67.61,67.89,30555660
2023-03-13 04:00:00+00:00,67.46,69.2,67.04,68.26,34439460
2023-03-14 04:00:00+00:00,69.14,70.08,68.85,69.83,21202102
2023-03-15 04:00:00+00:00,69.07,69.95,68.73,69.87,23060034
2023-03-16 04:00:00+00:00,69.63,71.93,69.4,71.83,26089096
2023-03-17 04:00:00+00:00,71.97,72.59,71.31,71.73,23078528
2023-03-20 04:00:00+00:00,71.44,71.86,70.91,71.77,11981616
2023-03-21 04:00:00+00:00,72.16,72.47,71.4,72.35,13066400
2023-03-22 04:00:00+00:00,72.35,73.79,71.58,71.63,14224492
2023-03-23 04:00:00+00:00,72.54,73.78,72.11,72.79,17595818
2023-03-24 04:00:00+00:00,72.56,73.02,72.08,72.98,11872784
2023-03-27 04:00:00+00:00,73.09,73.34,72.25,72.42,10810586
2023-03-28 04:00:00+00:00,72.29,72.32,71.42,72.08,9968016
2023-03-29 04:00:00+00:00,72.98,73.75,72.88,73.58,14256586
2023-03-30 04:00:00+00:00,74.27,74.55,73.94,74.44,11202418
2023-03-31 04:00:00+00:00,74.35,75.57,74.26,75.51,15068910
2023-04-03 04:00:00+00:00,75.05,75.49,74.69,75.39,21142120
2023-04-04 04:00:00+00:00,75.5,75.76,74.69,74.97,15824730
2023-04-05 04:00:00+00:00,74.61,74.69,73.58,74.11,15737560
2023-04-06 04:00:00+00:00,73.58,74.63,73.26,74.54,15696014
2023-04-10 04:00:00+00:00,73.8,74.51,73.39,74.5,9517176
2023-04-11 04:00:00+00:00,74.36,74.38,73.67,73.8,12750794
2023-04-12 04:00:00+00:00,74.3,74.5,73.25,73.38,13235772
2023-04-13 04:00:00+00:00,73.66,74.86,73.54,74.74,13641796
2023-04-14 04:00:00+00:00,74.32,74.93,73.68,74.33,13000662
2023-04-17 04:00:00+00:00,74.42,74.76,74.02,74.6,8306376
2023-04-18 04:00:00+00:00,75.17,75.36,74.5,74.83,9213060
2023-04-19 04:00:00+00:00,74.15,74.75,74.05,74.61,8623212
2023-04-20 04:00:00+00:00,73.93,74.86,73.79,74.12,11416252
2023-04-21 04:00:00+00:00,73.8,74.01,73.4,73.88,12237548
2023-04-24 04:00:00+00:00,73.58,73.94,73.01,73.56,9079936
2023-04-25 04:00:00+00:00,73.19,73.33,71.96,71.99,11022646
2023-04-26 04:00:00+00:00,73.25,73.81,72.88,73.06,13603396
2023-04-27 04:00:00+00:00,73.4,74.66,73.22,74.61,12084768
2023-04-28 04:00:00+00:00,74.61,75.43,74.53,75.42,11786078
2023-05-01 04:00:00+00:00,75.36,75.82,75.24,75.46,8194378
2023-05-02 04:00:00+00:00,75.55,75.64,74.36,74.76,12058870
2023-05-03 04:00:00+00:00,74.85,75.33,74.09,74.13,11630198
2023-05-04 04:00:00+00:00,73.83,74.27,73.47,73.77,10860910
2023-05-05 04:00:00+00:00,74.49,75.88,74.38,75.62,12228372
2023-05-08 04:00:00+00:00,75.47,75.65,75.11,75.58,6795686
2023-05-09 04:00:00+00:00,75.17,75.31,74.92,75.0,12473400
2023-05-10 04:00:00+00:00,75.66,76.09,75.18,75.92,10551820
2023-05-11 04:00:00+00:00,75.79,75.79,75.05,75.58,8957092
2023-05-12 04:00:00+00:00,75.71,75.82,74.89,75.47,7906642
2023-05-15 04:00:00+00:00,75.55,76.11,75.28,76.1,6796922
2023-05-16 04:00:00+00:00,76.0,76.6,75.97,76.18,9398476
2023-05-17 04:00:00+00:00,76.5,77.33,76.15,77.19,11916612
2023-05-18 04:00:00+00:00,77.29,78.89,77.29,78.78,15491208
2023-05-19 04:00:00+00:00,78.8,78.93,78.47,78.74,9805010
2023-05-22 04:00:00+00:00,78.51,79.1,78.38,78.89,10794178
2023-05-23 04:00:00+00:00,78.5,78.82,77.69,77.72,11690952
2023-05-24 04:00:00+00:00,77.11,77.47,76.74,77.16,10925504
2023-05-25 04:00:00+00:00,79.21,80.43,78.79,80.11,18077998
2023-05-26 04:00:00+00:00,80.32,82.54,80.31,82.39,15156064
2023-05-30 04:00:00+00:00,83.6,84.02,82.66,82.83,18123690
2023-05-31 04:00:00+00:00,82.36,83.13,82.1,82.14,19301020
2023-06-01 04:00:00+00:00,81.88,83.33,81.61,82.98,17419456
2023-06-02 04:00:00+00:00,83.47,83.84,82.86,83.45,14270542
2023-06-05 04:00:00+00:00,83.4,83.95,82.82,82.97,12090638
2023-06-06 04:00:00+00:00,82.77,83.13,82.36,82.95,9975666
2023-06-07 04:00:00+00:00,82.79,83.44,81.54,81.71,13703762
2023-06-08 04:00:00+00:00,81.83,82.72,81.77,82.6,10667446
2023-06-09 04:00:00+00:00,83.0,83.86,82.73,83.01,14415566
2023-06-12 04:00:00+00:00,83.58,84.84,83.41,84.81,13792042
2023-06-13 04:00:00+00:00,85.57,85.73,84.64,85.33,16595884
2023-06-14 04:00:00+00:00,85.23,86.24,84.93,86.21,16769038
2023-06-15 04:00:00+00:00,85.86,87.71,85.84,87.32,17732674
2023-06-16 04:00:00+00:00,88.15,88.15,86.51,86.6,17366668
2023-06-20 04:00:00+00:00,85.92,86.45,85.37,85.83,14139166
2023-06-21 04:00:00+00:00,85.5,85.67,84.31,84.56,12057928
2023-06-22 04:00:00+00:00,84.18,85.29,84.17,85.25,15225172
2023-06-23 04:00:00+00:00,84.2,84.82,83.97,84.33,14728916
2023-06-26 04:00:00+00:00,84.4,85.14,83.66,83.72,10890264
2023-06-27 04:00:00+00:00,84.06,85.57,83.98,85.37,13832904
2023-06-28 04:00:00+00:00,84.9,85.88,84.83,85.42,11371686
2023-06-29 04:00:00+00:00,85.51,85.73,85.06,85.57,9128294
2023-06-30 04:00:00+00:00,86.42,87.15,86.36,86.93,10798656
2023-07-03 04:00:00+00:00,86.92,86.96,86.31,86.75,6085390
2023-07-05 04:00:00+00:00,86.14,86.86,86.07,86.21,9396400
2023-07-06 04:00:00+00:00,85.36,86.06,85.1,85.98,12116422
2023-07-07 04:00:00+00:00,85.84,86.64,85.56,85.61,11622514
2023-07-10 04:00:00+00:00,85.3,85.84,84.97,85.83,16877102
2023-07-11 04:00:00+00:00,86.01,86.11,85.18,86.02,9997360
2023-07-12 04:00:00+00:00,86.88,87.4,86.4,86.99,16104566
2023-07-13 04:00:00+00:00,87.59,88.32,87.41,88.13,9349224
2023-07-14 04:00:00+00:00,88.35,89.04,87.74,88.0,11543826
2023-07-17 04:00:00+00:00,88.16,89.38,88.06,89.12,11860560
2023-07-18 04:00:00+00:00,88.92,90.57,88.45,90.13,16406770
2023-07-19 04:00:00+00:00,90.36,90.73,89.56,89.91,20989932
2023-07-20 04:00:00+00:00,89.33,89.71,87.83,88.11,24356046
2023-07-21 04:00:00+00:00,88.67,89.12,87.96,88.07,14871416
2023-07-24 04:00:00+00:00,88.46,88.67,87.88,88.22,11308262
2023-07-25 04:00:00+00:00,88.51,89.53,88.49,89.23,10802206
2023-07-26 04:00:00+00:00,88.3,88.51,87.41,88.03,15501530
2023-07-27 04:00:00+00:00,89.22,89.49,87.38,87.78,13856952
2023-07-28 04:00:00+00:00,88.59,89.24,88.41,88.97,11287750
2023-07-31 04:00:00+00:00,89.05,89.29,88.67,89.18,10139706
2023-08-01 04:00:00+00:00,88.89,89.52,88.65,89.33,8848616
2023-08-02 04:00:00+00:00,88.54,88.6,86.8,87.12,15826850
2023-08-03 04:00:00+00:00,86.41,87.27,86.35,86.76,11321866
2023-08-04 04:00:00+00:00,86.47,86.98,85.45,85.58,14431706
2023-08-07 04:00:00+00:00,85.94,86.24,85.2,85.82,9535998
2023-08-08 04:00:00+00:00,85.22,85.27,84.31,85.16,11461974
2023-08-09 04:00:00+00:00,85.28,85.28,83.77,84.06,14301784
2023-08-10 04:00:00+00:00,84.7,85.44,83.66,84.07,12731314
2023-08-11 04:00:00+00:00,83.4,83.94,83.16,83.45,10771914
2023-08-14 04:00:00+00:00,83.37,84.79,83.17,84.78,10332504
2023-08-15 04:00:00+00:00,84.53,84.83,83.75,83.95,9366348
2023-08-16 04:00:00+00:00,83.77,84.25,83.14,83.15,9779466
2023-08-17 04:00:00+00:00,83.52,83.67,82.23,82.36,12614736
2023-08-18 04:00:00+00:00,81.52,82.82,81.47,82.48,13658670
2023-08-21 04:00:00+00:00,82.91,84.23,82.83,84.06,13132846
2023-08-22 04:00:00+00:00,84.81,84.86,83.78,83.96,11365562
2023-08-23 04:00:00+00:00,84.17,85.73,84.16,85.48,10113244
2023-08-24 04:00:00+00:00,86.55,86.56,83.44,83.51,13928908
2023-08-25 04:00:00+00:00,83.84,84.82,83.1,84.36,15686582
2023-08-28 04:00:00+00:00,85.0,85.23,84.39,85.05,8964300
2023-08-29 04:00:00+00:00,84.8,86.84,84.71,86.75,13713880
2023-08-30 04:00:00+00:00,86.77,87.49,86.47,87.41,12266662
2023-08-31 04:00:00+00:00,87.61,88.17,87.51,87.83,11963494
2023-09-01 04:00:00+00:00,88.38,88.5,87.65,88.1,9244662
2023-09-05 04:00:00+00:00,87.88,88.69,87.6,88.42,10061374
2023-09-06 04:00:00+00:00,88.07,88.29,86.94,87.48,18143228
2023-09-07 04:00:00+00:00,85.86,86.41,85.54,86.22,12513848
2023-09-08 04:00:00+00:00,86.21,86.95,86.17,86.4,8584964
2023-09-11 04:00:00+00:00,87.16,87.24,86.09,86.85,8272770
2023-09-12 04:00:00+00:00,86.12,86.43,85.12,85.27,12243416
2023-09-13 04:00:00+00:00,85.24,85.94,85.0,85.49,10008762
2023-09-14 04:00:00+00:00,86.01,86.32,85.47,86.11,9473264
2023-09-15 04:00:00+00:00,85.8,85.82,84.23,84.45,13116818
2023-09-18 04:00:00+00:00,84.03,84.96,84.0,84.68,9943808
2023-09-19 04:00:00+00:00,84.32,84.85,83.86,84.63,8237336
2023-09-20 04:00:00+00:00,84.86,84.97,83.27,83.3,10766134
2023-09-21 04:00:00+00:00,82.43,83.01,81.99,82.03,14742826
2023-09-22 04:00:00+00:00,82.39,82.96,82.02,82.21,12537868
2023-09-25 04:00:00+00:00,82.0,82.6,81.79,82.47,10577340
2023-09-26 04:00:00+00:00,81.93,81.98,80.71,80.99,14925958
2023-09-27 04:00:00+00:00,81.38,81.54,80.31,81.11,11665366
2023-09-28 04:00:00+00:00,80.72,82.21,80.35,81.69,12829320
2023-09-29 04:00:00+00:00,82.49,83.26,81.69,81.97,15883818
2023-10-02 04:00:00+00:00,82.01,83.09,81.88,82.85,13656156
2023-10-03 04:00:00+00:00,82.38,82.94,81.02,81.44,14838718
2023-10-04 04:00:00+00:00,81.51,82.68,81.51,82.46,15194226
2023-10-05 04:00:00+00:00,82.45,82.7,81.58,82.57,12022956
2023-10-06 04:00:00+00:00,82.0,84.47,81.76,84.11,16625534
2023-10-09 04:00:00+00:00,83.6,84.68,83.21,84.55,13139162
2023-10-10 04:00:00+00:00,84.61,85.36,84.37,84.68,20403206
2023-10-11 04:00:00+00:00,84.94,85.5,84.67,85.46,10389274
2023-10-12 04:00:00+00:00,85.54,86.42,84.89,85.54,15405838
2023-10-13 04:00:00+00:00,85.71,85.86,84.02,84.32,15191940
2023-10-16 04:00:00+00:00,84.46,85.51,84.44,85.13,14544182
2023-10-17 04:00:00+00:00,84.06,85.17,83.45,84.73,15318274
2023-10-18 04:00:00+00:00,84.14,84.82,83.52,83.86,12862904
2023-10-19 04:00:00+00:00,84.2,84.76,83.24,83.38,19991732
2023-10-20 04:00:00+00:00,83.34,83.4,81.89,81.97,15350454
2023-10-23 04:00:00+00:00,81.46,82.9,81.01,82.07,15158936
2023-10-24 04:00:00+00:00,82.39,82.76,81.74,82.63,11180352
2023-10-25 04:00:00+00:00,83.03,83.13,81.41,81.66,15529616
2023-10-26 04:00:00+00:00,81.8,82.16,79.75,80.1,20646482
2023-10-27 04:00:00+00:00,80.58,81.38,80.21,80.56,16231562
2023-10-30 04:00:00+00:00,80.99,81.71,80.74,81.43,14180954
2023-10-31 04:00:00+00:00,81.47,82.08,80.83,82.01,10893522
2023-11-01 04:00:00+00:00,82.15,83.7,82.15,83.59,20945770
2023-11-02 04:00:00+00:00,84.35,85.08,84.23,85.01,16192670
2023-11-03 04:00:00+00:00,84.92,86.23,84.74,85.88,15661730
2023-11-06 05:00:00+00:00,86.0,86.48,85.73,86.45,11099144
2023-11-07 05:00:00+00:00,86.68,87.65,86.55,87.39,13029788
2023-11-08 05:00:00+00:00,87.69,88.03,87.29,87.89,10722662
2023-11-09 05:00:00+00:00,88.02,88.66,87.36,87.48,14374678
2023-11-10 05:00:00+00:00,88.01,89.82,87.91,89.76,13350360
2023-11-13 05:00:00+00:00,89.39,89.46,88.86,89.24,11725038
2023-11-14 05:00:00+00:00,90.6,91.25,90.32,91.02,16508436
2023-11-15 05:00:00+00:00,91.43,91.57,90.79,91.14,13147710
2023-11-16 05:00:00+00:00,90.96,91.69,90.79,91.59,11554078
2023-11-17 05:00:00+00:00,91.39,91.75,91.01,91.4,13278422
2023-11-20 05:00:00+00:00,91.52,92.97,91.51,92.73,11119666
2023-11-21 05:00:00+00:00,92.31,92.45,91.64,91.98,13350786
2023-11-22 05:00:00+00:00,92.56,93.18,92.14,92.39,11213670
2023-11-24 05:00:00+00:00,92.23,92.31,91.86,92.21,4193854
2023-11-27 05:00:00+00:00,92.08,92.73,91.91,92.2,8420190
2023-11-28 05:00:00+00:00,91.89,92.62,91.89,92.38,11012340
2023-11-29 05:00:00+00:00,93.05,93.45,92.39,92.45,10765428
2023-11-30 05:00:00+00:00,92.83,92.96,91.81,92.58,13744010
2023-12-01 05:00:00+00:00,92.34,92.96,91.9,92.79,13992112
2023-12-04 05:00:00+00:00,91.87,91.87,90.66,91.66,18221854
2023-12-05 05:00:00+00:00,91.17,92.32,91.17,92.21,10841330
2023-12-06 05:00:00+00:00,92.79,92.92,91.36,91.43,14731346
2023-12-07 05:00:00+00:00,91.87,92.7,91.67,92.54,13928806
2023-12-08 05:00:00+00:00,92.34,93.41,92.23,93.33,12808850
2023-12-11 05:00:00+00:00,93.06,94.17,92.84,94.15,37795384
2023-12-12 05:00:00+00:00,93.8,94.8,93.72,94.77,15055390
2023-12-13 05:00:00+00:00,95.0,95.84,94.77,95.61,29394994
2023-12-14 05:00:00+00:00,95.68,96.04,94.67,95.37,15427442
2023-12-15 05:00:00+00:00,95.27,96.4,95.27,95.85,18131392
2023-12-18 05:00:00+00:00,95.62,96.14,95.22,95.93,10138376
2023-12-19 05:00:00+00:00,95.91,96.3,95.85,96.29,9003672
2023-12-20 05:00:00+00:00,96.18,96.52,94.82,94.84,13734894
2023-12-21 05:00:00+00:00,95.8,96.12,95.1,95.9,11335948
2023-12-22 05:00:00+00:00,96.18,96.31,95.55,96.03,10215416
2023-12-26 05:00:00+00:00,96.09,96.62,96.09,96.43,6207558
2023-12-27 05:00:00+00:00,96.48,96.62,96.01,96.42,11764568
2023-12-28 05:00:00+00:00,96.76,96.86,96.49,96.54,9615352
2023-12-29 05:00:00+00:00,96.59,96.78,95.76,96.24,12190650
2024-01-02 05:00:00+00:00,94.93,95.08,93.13,93.72,23545468
2024-01-03 05:00:00+00:00,92.87,93.38,92.6,92.77,18190046
2024-01-04 05:00:00+00:00,92.2,92.83,92.0,92.09,12127296
2024-01-05 05:00:00+00:00,92.19,92.86,91.71,92.06,16350522
2024-01-08 05:00:00+00:00,92.53,94.44,92.43,94.37,16434662
2024-01-09 05:00:00+00:00,93.65,94.79,93.45,94.52,10633898
2024-01-10 05:00:00+00:00,94.57,95.53,94.37,95.33,9785434
2024-01-11 05:00:00+00:00,95.8,96.28,94.47,95.81,13297020
2024-01-12 05:00:00+00:00,95.97,96.34,95.64,96.12,8834636
2024-01-16 05:00:00+00:00,96.0,96.76,95.45,96.36,11775604
2024-01-17 05:00:00+00:00,95.65,96.0,94.85,95.89,14108960
2024-01-18 05:00:00+00:00,97.17,97.92,96.8,97.83,18918730
2024-01-19 05:00:00+00:00,98.47,100.11,98.26,100.09,18333144
2024-01-22 05:00:00+00:00,100.58,101.14,100.15,100.53,14968922
2024-01-23 05:00:00+00:00,100.62,101.0,100.04,100.93,13263826
2024-01-24 05:00:00+00:00,101.63,102.65,101.34,101.63,17651226
2024-01-25 05:00:00+00:00,102.56,103.07,101.58,102.05,17071494
2024-01-26 05:00:00+00:00,101.34,101.78,100.65,100.88,10553188
2024-01-29 05:00:00+00:00,101.0,101.82,100.8,101.8,7639594
2024-01-30 05:00:00+00:00,101.77,101.92,100.65,100.96,12251508
2024-01-31 05:00:00+00:00,100.0,100.41,98.79,98.84,16295208
2024-02-01 05:00:00+00:00,99.24,100.22,99.17,100.09,14303488
2024-02-02 05:00:00+00:00,99.41,101.44,99.37,101.12,12872552
2024-02-05 05:00:00+00:00,101.53,101.64,100.4,101.35,10086508
2024-02-06 05:00:00+00:00,101.46,101.64,100.24,100.89,12677116
2024-02-07 05:00:00+00:00,101.6,102.25,101.19,102.22,11365888
2024-02-08 05:00:00+00:00,102.4,102.82,102.27,102.54,9948188
2024-02-09 05:00:00+00:00,102.97,104.06,102.85,103.92,11612252
2024-02-12 05:00:00+00:00,103.92,104.24,102.98,103.13,10753232
2024-02-13 05:00:00+00:00,100.9,102.06,100.59,101.38,19459342
2024-02-14 05:00:00+00:00,102.14,102.52,101.42,102.44,11791680
2024-02-15 05:00:00+00:00,102.58,102.68,101.66,102.23,10796390
2024-02-16 05:00:00+00:00,102.5,102.71,101.15,101.29,11090418
2024-02-20 05:00:00+00:00,100.69,101.05,99.25,100.26,17447586
2024-02-21 05:00:00+00:00,99.29,99.63,98.54,99.63,15966358
2024-02-22 05:00:00+00:00,102.2,103.16,101.97,102.89,18551698
2024-02-23 05:00:00+00:00,103.7,103.83,102.32,102.65,12323940
2024-02-26 05:00:00+00:00,103.1,103.35,102.64,102.75,18248884
2024-02-27 05:00:00+00:00,103.03,103.03,102.07,102.84,9985520
2024-02-28 05:00:00+00:00,102.5,102.63,101.98,102.35,8329080
2024-02-29 05:00:00+00:00,102.9,103.73,102.32,103.49,11986746
2024-03-01 05:00:00+00:00,103.76,105.53,103.71,105.38,13136718
2024-03-04 05:00:00+00:00,105.23,105.98,105.0,105.38,20443828
2024-03-05 05:00:00+00:00,104.34,104.39,102.13,102.79,18042886
2024-03-06 05:00:00+00:00,103.87,104.38,102.91,103.61,14303188
2024-03-07 05:00:00+00:00,104.49,105.56,103.97,105.24,12120812
2024-03-08 05:00:00+00:00,105.43,106.18,103.61,103.68,14912100
2024-03-11 04:00:00+00:00,103.2,103.62,102.65,103.39,15648378
2024-03-12 04:00:00+00:00,104.39,105.52,103.4,105.51,17382880
2024-03-13 04:00:00+00:00,105.19,105.25,103.94,104.37,12815488
2024-03-14 04:00:00+00:00,104.81,105.18,103.75,104.39,16023244
2024-03-15 04:00:00+00:00,102.89,103.36,102.4,102.82,19633360
2024-03-18 04:00:00+00:00,103.55,104.21,103.07,103.15,14176566
2024-03-19 04:00:00+00:00,102.65,103.7,102.13,103.69,13390280
2024-03-20 04:00:00+00:00,103.77,104.88,103.4,104.85,13357416
2024-03-21 04:00:00+00:00,105.97,105.97,104.83,104.92,12312034
2024-03-22 04:00:00+00:00,104.93,105.34,104.55,104.96,11506956
2024-03-25 04:00:00+00:00,103.96,104.7,103.66,104.26,8777878
2024-03-26 04:00:00+00:00,104.64,104.81,103.75,103.83,8538360
2024-03-27 04:00:00+00:00,104.49,104.54,103.56,104.36,12495056
2024-03-28 04:00:00+00:00,104.12,104.44,103.93,104.14,8854310
2024-04-01 04:00:00+00:00,104.36,105.04,104.05,104.43,11654790
2024-04-02 04:00:00+00:00,103.27,103.57,102.58,103.42,11418378
2024-04-03 04:00:00+00:00,102.9,104.23,102.88,103.7,10669964
2024-04-04 04:00:00+00:00,104.69,105.05,102.0,102.06,16464724
2024-04-05 04:00:00+00:00,102.5,103.75,102.22,103.23,12808782
2024-04-08 04:00:00+00:00,103.29,103.63,102.73,103.11,8126136
2024-04-09 04:00:00+00:00,103.64,103.85,102.33,103.63,9401156
2024-04-10 04:00:00+00:00,102.45,102.74,101.92,102.36,13836754
2024-04-11 04:00:00+00:00,102.81,104.57,102.31,104.4,10563606
2024-04-12 04:00:00+00:00,103.16,103.64,102.33,102.71,16186124
2024-04-15 04:00:00+00:00,103.34,103.41,100.61,100.76,17189072
2024-04-16 04:00:00+00:00,100.98,101.51,100.48,100.88,14914022
2024-04-17 04:00:00+00:00,101.25,101.42,99.35,99.43,13090378
2024-04-18 04:00:00+00:00,99.4,99.65,98.19,98.29,15280726
2024-04-19 04:00:00+00:00,97.92,98.24,96.02,96.27,21879976
2024-04-22 04:00:00+00:00,97.01,97.71,96.04,97.13,13293442
2024-04-23 04:00:00+00:00,97.53,98.71,97.39,98.57,12151638
2024-04-24 04:00:00+00:00,99.3,99.7,98.47,99.02,9160164
2024-04-25 04:00:00+00:00,97.78,98.99,97.35,98.8,11567984
2024-04-26 04:00:00+00:00,99.58,100.65,99.19,99.92,10104168
2024-04-29 04:00:00+00:00,100.43,100.58,99.76,100.35,7494846
2024-04-30 04:00:00+00:00,100.0,100.41,98.11,98.14,14929054
2024-05-01 04:00:00+00:00,97.61,99.25,97.11,97.13,20453588
2024-05-02 04:00:00+00:00,98.37,98.67,97.13,98.53,13339990
2024-05-03 04:00:00+00:00,101.2,101.62,100.84,101.28,13316494
2024-05-06 04:00:00+00:00,101.66,102.47,101.51,102.47,8020934
2024-05-07 04:00:00+00:00,102.77,102.82,102.12,102.13,10021020
2024-05-08 04:00:00+00:00,101.77,102.53,101.74,102.42,7175942
2024-05-09 04:00:00+00:00,102.26,102.47,101.88,102.39,9589686
2024-05-10 04:00:00+00:00,102.93,103.39,102.45,102.77,8754014
2024-05-13 04:00:00+00:00,103.53,103.61,102.93,103.26,6581988
2024-05-14 04:00:00+00:00,103.22,104.31,103.16,104.17,9825164
2024-05-15 04:00:00+00:00,104.83,106.55,104.75,106.52,14308640
2024-05-16 04:00:00+00:00,106.58,106.91,106.1,106.15,12066506
2024-05-17 04:00:00+00:00,106.39,106.46,105.33,105.91,7616034
2024-05-20 04:00:00+00:00,106.02,107.36,105.92,107.16,6277268
2024-05-21 04:00:00+00:00,106.75,107.51,106.56,107.33,6140482
2024-05-22 04:00:00+00:00,107.64,107.96,106.94,107.57,11782914
2024-05-23 04:00:00+00:00,108.8,108.81,106.36,106.7,9400432
2024-05-24 04:00:00+00:00,106.97,107.83,106.61,107.6,5906412
2024-05-28 04:00:00+00:00,108.21,108.29,107.37,108.05,8786428
2024-05-29 04:00:00+00:00,106.91,107.88,106.91,107.37,8569076
2024-05-30 04:00:00+00:00,106.17,106.33,104.59,104.92,10459704
2024-05-31 04:00:00+00:00,105.23,105.25,102.77,105.08,12081012
2024-06-03 04:00:00+00:00,105.89,105.98,104.09,105.35,9628062
2024-06-04 04:00:00+00:00,105.29,105.73,104.75,105.57,6405330
2024-06-05 04:00:00+00:00,106.4,107.91,106.23,107.91,8788864
2024-06-06 04:00:00+00:00,107.97,108.04,107.27,107.55,7057672
2024-06-07 04:00:00+00:00,107.67,108.26,107.27,107.8,6398624
2024-06-10 04:00:00+00:00,107.44,108.37,107.37,108.08,6735392
2024-06-11 04:00:00+00:00,107.8,110.12,107.75,110.09,12719204
2024-06-12 04:00:00+00:00,111.18,113.66,110.98,112.52,17821256
2024-06-13 04:00:00+00:00,113.57,113.88,112.72,113.41,12693594
2024-06-14 04:00:00+00:00,113.25,113.9,113.18,113.84,7864554
2024-06-17 04:00:00+00:00,114.12,115.96,113.73,115.56,11602698
2024-06-18 04:00:00+00:00,115.68,116.09,115.25,115.71,8677722
2024-06-20 04:00:00+00:00,116.23,116.3,114.02,114.41,13242926
2024-06-21 04:00:00+00:00,114.43,114.88,113.69,114.21,13560786
2024-06-24 04:00:00+00:00,112.82,113.33,111.18,111.21,13748560
2024-06-25 04:00:00+00:00,112.03,113.31,111.4,113.25,9129082
2024-06-26 04:00:00+00:00,113.08,113.66,112.24,113.12,9459596
2024-06-27 04:00:00+00:00,112.9,113.74,112.77,113.18,7923534
2024-06-28 04:00:00+00:00,113.57,115.2,112.96,113.12,12372676
2024-07-01 04:00:00+00:00,113.29,114.16,111.64,113.97,9281668
2024-07-02 04:00:00+00:00,112.98,114.55,112.98,114.54,7076520
2024-07-03 04:00:00+00:00,114.38,116.14,114.28,116.09,6249128
2024-07-05 04:00:00+00:00,116.22,116.96,115.74,116.44,6671838
2024-07-08 04:00:00+00:00,116.82,117.58,116.62,117.24,7671038
2024-07-09 04:00:00+00:00,117.83,118.12,116.47,117.14,8684664
2024-07-10 04:00:00+00:00,117.95,118.92,117.29,118.84,8749384
2024-07-11 04:00:00+00:00,119.02,119.07,115.53,115.87,14110386
2024-07-12 04:00:00+00:00,116.19,118.14,115.78,116.9,9767552
2024-07-15 04:00:00+00:00,117.5,118.27,116.45,117.11,8627990
2024-07-16 04:00:00+00:00,117.39,117.44,115.89,116.72,7652214
2024-07-17 04:00:00+00:00,114.05,114.17,112.13,112.18,12440482
2024-07-18 04:00:00+00:00,113.41,113.43,110.78,112.19,10837174
2024-07-19 04:00:00+00:00,111.6,112.28,110.19,110.44,8472826
2024-07-22 04:00:00+00:00,111.9,113.18,111.42,113.05,10601500
2024-07-23 04:00:00+00:00,112.58,113.62,112.45,112.6,5530746
2024-07-24 04:00:00+00:00,111.13,111.48,107.68,107.94,14300720
2024-07-25 04:00:00+00:00,107.83,109.43,105.23,106.79,21157926
2024-07-26 04:00:00+00:00,108.23,109.0,107.23,108.14,11697862
2024-07-29 04:00:00+00:00,109.0,109.47,107.35,107.66,7343814
2024-07-30 04:00:00+00:00,108.06,108.17,104.15,104.96,10694518
2024-07-31 04:00:00+00:00,108.2,109.79,107.44,109.4,14614086
2024-08-01 04:00:00+00:00,109.1,110.37,104.2,105.32,16991430
2024-08-02 04:00:00+00:00,102.52,103.37,100.63,102.36,18621698
2024-08-05 04:00:00+00:00,95.95,100.86,95.37,98.95,31429906
2024-08-06 04:00:00+00:00,100.22,102.32,99.15,100.3,24575710
2024-08-07 04:00:00+00:00,102.73,103.23,98.54,98.67,17653500
2024-08-08 04:00:00+00:00,100.46,102.61,99.0,102.36,14442740
2024-08-09 04:00:00+00:00,102.3,103.41,101.68,102.82,9535506
2024-08-12 04:00:00+00:00,103.14,104.46,102.66,103.66,8580200
2024-08-13 04:00:00+00:00,104.94,106.87,104.81,106.84,9999538
2024-08-14 04:00:00+00:00,107.5,107.97,105.98,107.43,8922464
2024-08-15 04:00:00+00:00,108.82,110.63,108.58,110.52,9480170
2024-08-16 04:00:00+00:00,109.93,110.91,109.63,110.7,6706302
2024-08-19 04:00:00+00:00,110.44,112.53,109.99,112.53,13004212
2024-08-20 04:00:00+00:00,112.23,112.91,111.47,112.13,7221578
2024-08-21 04:00:00+00:00,112.2,113.18,111.85,112.79,7538728
2024-08-22 04:00:00+00:00,113.42,113.69,109.97,110.2,9083638
2024-08-23 04:00:00+00:00,111.29,112.47,110.55,111.98,10680964
2024-08-26 04:00:00+00:00,111.88,112.3,110.01,110.58,6268872
2024-08-27 04:00:00+00:00,109.89,111.48,109.35,111.25,7656002
2024-08-28 04:00:00+00:00,111.1,111.32,108.79,109.71,9002260
2024-08-29 04:00:00+00:00,109.74,111.29,108.44,108.72,13283654
2024-08-30 04:00:00+00:00,109.91,110.59,108.72,110.17,10048446
2024-09-03 04:00:00+00:00,109.0,109.08,104.51,105.11,14765758
2024-09-04 04:00:00+00:00,104.04,106.03,103.71,104.84,12330000
2024-09-05 04:00:00+00:00,104.08,105.98,103.99,104.68,8875232
2024-09-06 04:00:00+00:00,104.59,104.84,101.49,101.96,12441080
2024-09-09 04:00:00+00:00,103.23,103.75,102.27,103.63,10921976
2024-09-10 04:00:00+00:00,104.35,105.41,103.35,105.18,10122906
2024-09-11 04:00:00+00:00,105.54,108.94,103.87,108.77,12768732
2024-09-12 04:00:00+00:00,108.69,110.14,107.93,109.67,10606110
2024-09-13 04:00:00+00:00,109.81,110.5,109.36,110.22,8047324
2024-09-16 04:00:00+00:00,109.43,110.15,108.79,109.8,6897782
2024-09-17 04:00:00+00:00,110.9,111.07,109.03,109.59,6989920
2024-09-18 04:00:00+00:00,109.86,110.63,108.48,108.59,12741686
2024-09-19 04:00:00+00:00,111.64,112.5,111.03,111.81,13934078
2024-09-20 04:00:00+00:00,111.37,111.77,110.27,111.27,14492708
2024-09-23 04:00:00+00:00,111.17,111.31,110.71,111.05,7490526
2024-09-24 04:00:00+00:00,111.51,112.03,110.31,111.81,7025806
2024-09-25 04:00:00+00:00,111.59,112.62,111.54,112.13,6111536
2024-09-26 04:00:00+00:00,114.32,114.44,112.42,113.61,9244746
2024-09-27 04:00:00+00:00,113.77,113.81,112.13,112.55,6093760
2024-09-30 04:00:00+00:00,112.06,112.95,111.5,112.88,5501888
2024-10-01 04:00:00+00:00,112.55,112.61,109.48,110.13,11295304
2024-10-02 04:00:00+00:00,110.16,111.45,109.53,110.95,4532304
2024-10-03 04:00:00+00:00,110.62,112.22,110.61,111.41,5784880
2024-10-04 04:00:00+00:00,112.85,112.93,111.46,112.65,5015344
2024-10-07 04:00:00+00:00,112.14,112.89,111.59,111.87,4430412
2024-10-08 04:00:00+00:00,112.68,114.15,112.42,113.96,7864790
2024-10-09 04:00:00+00:00,114.05,115.4,113.7,115.24,7579782
2024-10-10 04:00:00+00:00,114.47,115.5,114.15,115.21,5692236
2024-10-11 04:00:00+00:00,114.93,115.67,114.76,115.41,8848914
2024-10-14 04:00:00+00:00,116.14,117.15,116.09,116.91,9810124
2024-10-15 04:00:00+00:00,117.0,117.28,113.92,114.34,14179308
2024-10-16 04:00:00+00:00,114.7,114.87,113.46,114.7,5758844
2024-10-17 04:00:00+00:00,116.3,116.36,115.05,115.05,6051182
2024-10-18 04:00:00+00:00,115.65,115.88,115.21,115.46,4537056
2024-10-21 04:00:00+00:00,115.1,116.01,114.89,116.0,6322384
2024-10-22 04:00:00+00:00,115.38,116.27,115.05,115.88,6169170
2024-10-23 04:00:00+00:00,115.45,115.62,113.24,114.22,6083640
2024-10-24 04:00:00+00:00,114.68,114.83,113.87,114.55,4832722
2024-10-25 04:00:00+00:00,115.2,116.44,114.98,115.15,8314782
2024-10-28 04:00:00+00:00,115.97,115.97,115.09,115.11,5899140
2024-10-29 04:00:00+00:00,115.33,117.0,114.9,116.66,7451664
2024-10-30 04:00:00+00:00,115.6,115.91,114.73,114.81,8341134
2024-10-31 04:00:00+00:00,113.55,113.55,111.08,111.12,12110206
2024-11-01 04:00:00+00:00,111.24,112.79,111.09,111.96,11565790
2024-11-04 05:00:00+00:00,112.06,112.67,111.4,111.87,6311970
2024-11-05 05:00:00+00:00,112.22,113.54,112.22,113.45,7272966
2024-11-06 05:00:00+00:00,115.64,116.89,115.29,116.68,10967820
2024-11-07 05:00:00+00:00,117.49,118.85,117.43,118.71,10462922
2024-11-08 05:00:00+00:00,118.56,118.97,118.15,118.58,7236376
2024-11-11 05:00:00+00:00,118.57,118.64,117.22,117.93,7267210
2024-11-12 05:00:00+00:00,117.85,118.23,117.15,118.08,7530784
2024-11-13 05:00:00+00:00,117.83,118.54,117.3,117.67,6329838
2024-11-14 05:00:00+00:00,117.86,118.06,117.08,117.27,6601984
2024-11-15 05:00:00+00:00,115.82,115.97,113.98,114.36,11229832
2024-11-18 05:00:00+00:00,114.36,115.21,113.86,114.73,6172120
2024-11-19 05:00:00+00:00,114.01,115.76,114.01,115.67,6906800
2024-11-20 05:00:00+00:00,115.77,115.81,114.03,115.57,8874616
2024-11-21 05:00:00+00:00,116.69,117.29,114.9,116.74,10591736
2024-11-22 05:00:00+00:00,116.53,117.07,116.11,116.8,7090838
2024-11-25 05:00:00+00:00,117.68,117.89,116.27,116.8,11137288
2024-11-26 05:00:00+00:00,117.33,117.75,116.88,117.38,6229916
2024-11-27 05:00:00+00:00,116.59,116.66,114.77,115.79,6369324
2024-11-29 05:00:00+00:00,116.06,117.11,115.95,116.87,4168342
2024-12-02 05:00:00+00:00,116.95,118.42,116.92,117.98,9398226
2024-12-03 05:00:00+00:00,117.48,118.43,117.25,118.4,5575908
2024-12-04 05:00:00+00:00,119.88,120.63,119.53,120.57,10840578
2024-12-05 05:00:00+00:00,120.38,120.52,119.79,119.96,5637936
2024-12-06 05:00:00+00:00,120.17,120.94,120.04,120.42,6654834
2024-12-09 05:00:00+00:00,119.97,120.4,119.33,119.64,8032486
2024-12-10 05:00:00+00:00,119.23,119.56,117.6,117.98,11234994
2024-12-11 05:00:00+00:00,118.91,120.06,118.5,119.69,8689540
2024-12-12 05:00:00+00:00,118.92,119.45,118.63,119.02,7218390
2024-12-13 05:00:00+00:00,120.09,120.56,118.58,119.53,8676910
2024-12-16 05:00:00+00:00,119.68,120.83,119.43,120.72,9443270
2024-12-17 05:00:00+00:00,119.87,120.46,119.41,119.99,8144904
2024-12-18 05:00:00+00:00,120.4,120.73,115.85,116.12,16927156
2024-12-19 05:00:00+00:00,117.3,117.68,116.1,116.25,13385794
2024-12-20 05:00:00+00:00,115.46,118.93,115.1,117.98,14924892
2024-12-23 05:00:00+00:00,118.13,119.09,117.5,119.04,7973320
2024-12-24 05:00:00+00:00,119.46,120.27,119.28,120.27,4653314
2024-12-26 05:00:00+00:00,119.88,120.79,119.5,120.35,7150976
2024-12-27 05:00:00+00:00,119.54,119.69,117.58,118.75,8726512
2024-12-30 05:00:00+00:00,117.02,118.17,116.29,117.24,7950320
2024-12-31 05:00:00+00:00,117.56,117.64,115.88,116.26,9381230
2025-01-02 05:00:00+00:00,117.18,117.51,114.89,115.99,12770312
2025-01-03 05:00:00+00:00,116.7,118.0,116.47,117.88,9121130
2025-01-06 05:00:00+00:00,119.22,120.53,118.91,119.38,8975322
2025-01-07 05:00:00+00:00,120.0,120.0,116.57,116.98,10007298
2025-01-08 05:00:00+00:00,117.25,117.27,115.82,116.94,10023790
2025-01-10 05:00:00+00:00,115.71,115.73,113.72,114.39,11665792
2025-01-13 05:00:00+00:00,112.55,113.66,112.23,113.58,10655948
2025-01-14 05:00:00+00:00,114.46,114.77,112.98,113.88,7220436
2025-01-15 05:00:00+00:00,115.44,116.49,115.06,116.15,10465306
2025-01-16 05:00:00+00:00,117.09,117.17,115.23,115.25,5368522
2025-01-17 05:00:00+00:00,117.33,117.47,116.54,117.06,6743384
2025-01-21 05:00:00+00:00,117.45,118.32,116.63,118.03,6744152
2025-01-22 05:00:00+00:00,119.63,120.98,119.46,120.7,10243754
2025-01-23 05:00:00+00:00,119.77,120.94,119.65,120.91,7604470
2025-01-24 05:00:00+00:00,121.29,121.29,119.26,119.65,6607604
2025-01-27 05:00:00+00:00,114.29,115.49,112.74,113.79,20705510
2025-01-28 05:00:00+00:00,114.56,117.08,113.35,116.82,11260678
2025-01-29 05:00:00+00:00,116.59,116.65,114.75,115.87,9050006
2025-01-30 05:00:00+00:00,115.67,116.49,114.87,116.09,8840270
2025-01-31 05:00:00+00:00,117.17,117.87,115.1,115.41,10744628
2025-02-03 05:00:00+00:00,112.85,114.54,112.25,113.85,13730938
2025-02-04 05:00:00+00:00,114.24,115.67,114.2,115.49,8085886
2025-02-05 05:00:00+00:00,115.6,117.12,115.23,117.1,5398084
2025-02-06 05:00:00+00:00,117.1,117.66,116.58,117.42,6808074
2025-02-07 05:00:00+00:00,117.89,118.46,116.02,116.41,8320046
2025-02-10 05:00:00+00:00,117.33,118.41,117.3,118.11,6028288
2025-02-11 05:00:00+00:00,117.46,118.64,117.38,118.17,6456566
2025-02-12 05:00:00+00:00,116.5,118.05,116.37,117.91,8555660
2025-02-13 05:00:00+00:00,118.12,119.66,117.96,119.58,7829570
2025-02-14 05:00:00+00:00,119.48,120.08,119.26,119.99,4557224
2025-02-18 05:00:00+00:00,120.61,121.1,120.05,121.08,6023966
2025-02-19 05:00:00+00:00,120.95,121.57,120.1,121.09,5580642
2025-02-20 05:00:00+00:00,120.98,121.14,119.43,120.71,5987748
2025-02-21 05:00:00+00:00,120.74,120.79,117.38,117.44,9057584
2025-02-24 05:00:00+00:00,117.89,118.22,115.61,115.76,7447556
2025-02-25 05:00:00+00:00,115.51,115.62,113.48,114.26,10434292
2025-02-26 05:00:00+00:00,115.38,116.59,114.62,115.5,7630670
2025-02-27 05:00:00+00:00,116.13,116.25,111.25,111.3,10100010
2025-02-28 05:00:00+00:00,110.8,112.88,109.85,112.77,14172158
2025-03-03 05:00:00+00:00,113.35,113.58,108.53,109.34,12516182
2025-03-04 05:00:00+00:00,108.53,111.18,107.13,109.25,17720982
2025-03-05 05:00:00+00:00,109.59,111.15,108.12,110.79,11931086
2025-03-06 05:00:00+00:00,108.51,110.23,107.19,107.71,16431978
2025-03-07 05:00:00+00:00,107.59,109.55,106.32,109.27,11263990
2025-03-10 04:00:00+00:00,107.11,107.31,103.54,104.63,21561806
2025-03-11 04:00:00+00:00,104.31,105.96,103.15,104.2,14832708
2025-03-12 04:00:00+00:00,106.06,106.76,104.58,105.84,10994200
2025-03-13 04:00:00+00:00,105.54,105.77,103.42,103.83,12383066
2025-03-14 04:00:00+00:00,105.19,107.08,105.16,106.97,10041532
2025-03-17 04:00:00+00:00,106.89,108.48,106.58,107.72,10148780
2025-03-18 04:00:00+00:00,106.95,107.06,105.69,106.08,11487380
2025-03-19 04:00:00+00:00,106.62,108.72,106.18,107.46,8838650
2025-03-20 04:00:00+00:00,106.24,107.87,106.08,106.69,7145274
2025-03-21 04:00:00+00:00,105.36,107.13,104.97,106.98,10425692
2025-03-24 04:00:00+00:00,108.57,109.07,108.29,108.82,8200134
2025-03-25 04:00:00+00:00,108.75,109.32,108.69,109.18,7481704
2025-03-26 04:00:00+00:00,108.84,109.1,106.32,106.74,7888662
2025-03-27 04:00:00+00:00,106.01,106.61,105.2,105.76,6577750
2025-03-28 04:00:00+00:00,105.21,105.63,102.84,103.19,10667580
2025-03-31 04:00:00+00:00,101.39,103.48,100.37,103.24,14218882
2025-04-01 04:00:00+00:00,102.83,104.09,101.99,104.0,9480114
2025-04-02 04:00:00+00:00,102.51,105.63,102.43,104.77,9291958
2025-04-03 04:00:00+00:00,99.75,100.35,97.54,97.62,19450330
2025-04-04 04:00:00+00:00,94.57,95.32,91.15,91.19,33804220
2025-04-07 04:00:00+00:00,87.47,95.91,86.23,91.73,44557864
2025-04-08 04:00:00+00:00,95.15,96.42,88.22,89.87,25803430
2025-04-09 04:00:00+00:00,90.05,102.49,89.94,101.93,36982454
2025-04-10 04:00:00+00:00,98.43,99.1,93.87,97.19,19747556
2025-04-11 04:00:00+00:00,96.7,99.6,95.98,99.18,14423198
2025-04-14 04:00:00+00:00,102.25,102.32,99.0,100.08,11904498
2025-04-15 04:00:00+00:00,100.24,101.21,99.98,100.45,7200060
2025-04-16 04:00:00+00:00,97.75,98.79,95.27,96.96,13222484
2025-04-17 04:00:00+00:00,97.65,97.65,96.02,96.43,7480756
2025-04-21 04:00:00+00:00,94.91,95.15,92.59,93.94,8973362
2025-04-22 04:00:00+00:00,95.19,96.79,94.64,96.23,9312844
2025-04-23 04:00:00+00:00,99.92,100.98,98.62,99.02,13413710
2025-04-24 04:00:00+00:00,100.0,102.86,99.84,102.72,9316954
2025-04-25 04:00:00+00:00,102.41,104.43,102.31,104.24,6518460
2025-04-28 04:00:00+00:00,104.1,104.61,102.51,104.07,5574412
2025-04-29 04:00:00+00:00,103.57,104.99,103.57,104.55,9144446
2025-04-30 04:00:00+00:00,102.5,105.38,101.9,104.99,10203730
2025-05-01 04:00:00+00:00,107.28,108.28,106.43,106.53,11532768
2025-05-02 04:00:00+00:00,107.74,108.81,107.46,108.31,8125414
2025-05-05 04:00:00+00:00,107.38,108.5,107.32,107.73,6757276
2025-05-06 04:00:00+00:00,106.13,107.62,105.81,106.84,7958152
2025-05-07 04:00:00+00:00,106.84,108.38,106.1,107.91,8171378
2025-05-08 04:00:00+00:00,108.98,109.97,108.01,108.94,8704344
2025-05-09 04:00:00+00:00,109.42,109.62,108.24,108.8,7330446
2025-05-12 04:00:00+00:00,113.42,113.89,112.27,113.85,13478206
2025-05-13 04:00:00+00:00,114.26,116.69,114.13,116.31,12757350
2025-05-14 04:00:00+00:00,116.86,117.52,116.38,117.07,10247902
2025-05-15 04:00:00+00:00,116.43,117.89,116.29,117.23,9536352
2025-05-16 04:00:00+00:00,117.61,117.61,116.43,117.45,8111660
2025-05-19 04:00:00+00:00,115.71,117.54,115.67,117.28,11863048
2025-05-20 04:00:00+00:00,116.55,116.86,115.95,116.84,10273646
2025-05-21 04:00:00+00:00,115.74,117.36,114.18,114.64,18643572
2025-05-22 04:00:00+00:00,114.7,115.7,114.42,114.67,11372044
2025-05-23 04:00:00+00:00,112.68,114.15,112.55,113.41,12003920
2025-05-27 04:00:00+00:00,115.17,116.26,114.79,116.1,14208308
2025-05-28 04:00:00+00:00,116.24,116.7,115.45,115.62,10789124
2025-05-29 04:00:00+00:00,117.37,117.49,115.22,115.82,14013150
2025-05-30 04:00:00+00:00,115.76,115.82,113.71,115.46,13494118
2025-06-02 04:00:00+00:00,115.15,116.55,115.01,116.48,12878766
2025-06-03 04:00:00+00:00,116.63,118.32,116.55,118.23,14312342
2025-06-04 04:00:00+00:00,118.38,118.77,117.82,118.4,10899200
2025-06-05 04:00:00+00:00,118.75,119.79,117.56,118.07,15887010
2025-06-06 04:00:00+00:00,119.21,119.73,118.84,119.18,9026022
2025-06-09 04:00:00+00:00,119.65,120.51,119.56,119.77,11100938
2025-06-10 04:00:00+00:00,119.75,120.62,119.3,120.44,9832436
2025-06-11 04:00:00+00:00,120.73,121.21,119.55,120.17,9600038
2025-06-12 04:00:00+00:00,120.15,121.57,120.13,121.29,11210374
2025-06-13 04:00:00+00:00,119.88,120.79,119.15,119.59,13193708
2025-06-16 04:00:00+00:00,120.31,121.88,120.31,121.52,13866252
2025-06-17 04:00:00+00:00,121.01,121.87,120.38,120.66,10525356
2025-06-18 04:00:00+00:00,120.96,121.57,120.19,120.81,11065960
2025-06-20 04:00:00+00:00,121.24,121.65,119.7,120.27,11490654
2025-06-23 04:00:00+00:00,120.19,121.55,119.38,121.44,12277030
2025-06-24 04:00:00+00:00,122.68,123.77,122.53,123.62,11329482
2025-06-25 04:00:00+00:00,124.26,124.86,124.15,124.68,9228680
2025-06-26 04:00:00+00:00,125.24,125.74,124.74,125.54,11289294
2025-06-27 04:00:00+00:00,125.88,126.35,124.82,125.39,12196514
2025-06-30 04:00:00+00:00,126.49,126.96,125.88,126.62,13365120
2025-07-01 04:00:00+00:00,126.21,126.48,124.63,125.49,15144754
2025-07-02 04:00:00+00:00,125.17,126.9,125.08,126.81,11950194
2025-07-03 04:00:00+00:00,127.5,128.87,127.45,128.48,7112818
2025-07-07 04:00:00+00:00,127.99,128.32,126.89,127.46,11560830
2025-07-08 04:00:00+00:00,128.13,128.39,127.62,128.15,15715164
2025-07-09 04:00:00+00:00,128.6,129.4,127.96,128.92,12933510
2025-07-10 04:00:00+00:00,129.24,129.35,127.82,128.49,9994202
2025-07-11 04:00:00+00:00,127.88,128.68,127.72,127.93,9238974
2025-07-14 04:00:00+00:00,127.61,128.14,126.6,127.82,8125248
2025-07-15 04:00:00+00:00,129.31,129.62,128.91,128.96,15657054
2025-07-16 04:00:00+00:00,129.0,129.43,127.41,129.35,17775290
2025-07-17 04:00:00+00:00,129.51,130.74,129.26,130.53,11954432
2025-07-18 04:00:00+00:00,131.03,131.07,130.1,130.45,10278188
2025-07-21 04:00:00+00:00,130.59,131.51,130.44,130.62,9246618
2025-07-22 04:00:00+00:00,130.51,130.61,128.48,129.41,13448894
2025-07-23 04:00:00+00:00,129.74,130.32,128.97,130.15,10091792
2025-07-24 04:00:00+00:00,130.46,130.95,129.96,130.7,12159626
2025-07-25 04:00:00+00:00,130.66,131.32,130.38,131.0,8001370
2025-07-28 04:00:00+00:00,131.5,132.07,131.22,132.04,11517532
2025-07-29 04:00:00+00:00,132.9,133.64,131.82,132.04,13739048
2025-07-30 04:00:00+00:00,132.19,132.79,131.3,132.34,13929222
2025-07-31 04:00:00+00:00,134.01,134.01,130.73,131.37,16414360
2025-08-01 04:00:00+00:00,129.94,129.99,127.89,128.54,19438016
2025-08-04 04:00:00+00:00,129.75,131.17,129.75,131.15,12376904
2025-08-05 04:00:00+00:00,131.63,131.75,129.76,130.06,11176052
2025-08-06 04:00:00+00:00,130.19,131.7,130.1,131.53,10167088
2025-08-07 04:00:00+00:00,132.99,133.21,130.55,131.65,10318098
2025-08-08 04:00:00+00:00,132.14,133.11,131.79,132.96,11016472
2025-08-11 04:00:00+00:00,132.88,133.48,131.76,132.06,9425422
2025-08-12 04:00:00+00:00,132.72,134.14,131.99,134.1,11154956
2025-08-13 04:00:00+00:00,134.88,135.02,133.66,134.16,13990174
2025-08-14 04:00:00+00:00,133.48,134.32,133.17,133.87,15484334
2025-08-15 04:00:00+00:00,133.69,133.69,132.32,132.85,13373126
2025-08-18 04:00:00+00:00,132.68,133.25,132.56,133.14,12233766
2025-08-19 04:00:00+00:00,133.09,133.12,130.57,130.81,17366906
2025-08-20 04:00:00+00:00,130.48,130.48,127.92,129.93,23064292
2025-08-21 04:00:00+00:00,129.61,130.13,128.9,129.46,15148558
2025-08-22 04:00:00+00:00,129.32,132.07,128.96,131.21,13756014
2025-08-25 04:00:00+00:00,131.21,131.74,130.56,130.92,10691774
2025-08-26 04:00:00+00:00,131.03,131.69,130.84,131.51,11081002
2025-08-27 04:00:00+00:00,131.65,132.38,131.04,132.23,11538638
2025-08-28 04:00:00+00:00,132.39,133.56,131.73,133.27,12380568
2025-08-29 04:00:00+00:00,132.69,132.71,130.75,131.23,17480934
2025-09-02 04:00:00+00:00,128.91,130.02,128.14,129.9,18226030
2025-09-03 04:00:00+00:00,130.57,130.94,129.7,130.68,15636628
2025-09-04 04:00:00+00:00,130.14,131.37,129.61,131.32,24397396
2025-09-05 04:00:00+00:00,132.57,132.62,130.1,131.43,38554666
2025-09-08 04:00:00+00:00,132.12,132.9,132.09,132.42,20556492
2025-09-09 04:00:00+00:00,132.71,132.81,131.73,132.67,19354906
2025-09-10 04:00:00+00:00,135.35,135.99,134.43,135.07,25957146
2025-09-11 04:00:00+00:00,135.93,136.12,135.31,135.53,23419622
2025-09-12 04:00:00+00:00,135.8,135.93,135.15,135.44,15612228
2025-09-15 04:00:00+00:00,135.66,136.69,135.49,136.66,16268022
2025-09-16 04:00:00+00:00,136.98,137.07,136.02,136.19,16081462
2025-09-17 04:00:00+00:00,136.1,136.26,134.31,135.72,18948526
2025-09-18 04:00:00+00:00,137.48,138.47,136.81,138.06,20883130
2025-09-19 04:00:00+00:00,138.62,139.59,138.17,139.46,15670762
2025-09-22 04:00:00+00:00,139.07,141.45,139.02,141.33,15771162
2025-09-23 04:00:00+00:00,141.14,141.37,139.49,140.11,16457122
2025-09-24 04:00:00+00:00,140.49,140.49,138.32,139.25,13471012
2025-09-25 04:00:00+00:00,137.98,139.35,137.13,139.0,21349698
2025-09-26 04:00:00+00:00,139.15,139.54,138.19,139.42,16534048
2025-09-29 04:00:00+00:00,140.22,140.96,139.84,140.17,16107478
2025-09-30 04:00:00+00:00,140.17,141.07,139.87,140.93,18215140
2025-10-01 04:00:00+00:00,140.21,142.41,140.17,142.31,17411244
2025-10-02 04:00:00+00:00,143.64,143.67,142.44,143.08,17607828
2025-10-03 04:00:00+00:00,143.21,143.94,141.87,142.36,17457914
2025-10-06 04:00:00+00:00,144.28,144.72,143.73,143.8,17945644
2025-10-07 04:00:00+00:00,144.54,144.75,142.09,142.84,15588378
2025-10-08 04:00:00+00:00,143.17,145.35,143.09,145.35,14038684
2025-10-09 04:00:00+00:00,145.28,145.41,144.35,145.1,11989432
2025-10-10 04:00:00+00:00,145.4,145.67,139.14,139.2,44574582
2025-10-13 04:00:00+00:00,142.37,143.06,141.56,142.59,22030324
2025-10-14 04:00:00+00:00,140.72,142.19,139.12,140.76,26956776
2025-10-15 04:00:00+00:00,142.73,143.29,140.4,142.15,20937568
2025-10-16 04:00:00+00:00,143.18,143.81,141.29,142.26,23166204
2025-10-17 04:00:00+00:00,141.41,142.93,140.51,142.51,25511538
2025-10-20 04:00:00+00:00,143.32,144.71,143.24,144.1,13805140
2025-10-21 04:00:00+00:00,144.01,144.68,143.48,144.17,12503878
2025-10-22 04:00:00+00:00,144.1,144.42,140.95,142.75,20723262
2025-10-23 04:00:00+00:00,142.19,144.78,142.19,144.54,11923498
2025-10-24 04:00:00+00:00,146.25,147.28,146.04,146.79,14359558
2025-10-27 04:00:00+00:00,148.85,149.63,148.61,149.5,15166990
2025-10-28 04:00:00+00:00,150.23,151.57,149.71,150.98,15055150
2025-10-29 04:00:00+00:00,152.35,153.0,150.94,152.07,21486668
2025-10-30 04:00:00+00:00,151.2,151.98,150.15,150.2,19218542
2025-10-31 04:00:00+00:00,151.71,151.82,149.47,150.34,16303828
2025-11-03 05:00:00+00:00,151.78,152.11,150.13,150.96,13983640
2025-11-04 05:00:00+00:00,148.22,149.2,146.73,146.97,16722508
2025-11-05 05:00:00+00:00,146.71,148.74,146.49,147.54,14447042
2025-11-06 05:00:00+00:00,147.31,147.47,143.84,144.58,24797372
2025-11-07 05:00:00+00:00,143.35,144.12,140.8,144.08,25546968
2025-11-10 05:00:00+00:00,146.66,148.04,145.9,147.76,18286348
2025-11-11 05:00:00+00:00,146.79,147.06,145.53,146.51,14871586
2025-11-12 05:00:00+00:00,147.73,147.73,146.07,146.96,13179216
2025-11-13 05:00:00+00:00,146.14,146.34,142.51,143.29,22385816
2025-11-14 05:00:00+00:00,140.65,145.38,140.15,144.07,27429542
2025-11-17 05:00:00+00:00,142.73,144.29,140.68,141.82,24675354
2025-11-18 05:00:00+00:00,140.6,141.32,138.24,139.51,36747558
2025-11-19 05:00:00+00:00,139.53,142.06,139.17,140.49,27668896
2025-11-20 05:00:00+00:00,143.72,144.26,135.76,136.07,56551772
2025-11-21 05:00:00+00:00,136.3,138.42,133.74,136.6,44958908
2025-11-24 05:00:00+00:00,137.52,140.35,137.44,139.85,20124882
2025-11-25 05:00:00+00:00,138.63,140.59,136.66,140.23,21303330
2025-11-26 05:00:00+00:00,141.89,142.5,140.79,141.89,13359394
2025-11-28 05:00:00+00:00,142.19,143.14,141.81,143.11,6792182
2025-12-01 05:00:00+00:00,141.72,143.6,141.29,143.18,12846540
2025-12-02 05:00:00+00:00,144.07,145.51,143.65,144.65,15719056
2025-12-03 05:00:00+00:00,143.95,145.1,143.23,145.0,11623232
2025-12-04 05:00:00+00:00,145.19,145.79,144.5,145.54,9995268
2025-12-05 05:00:00+00:00,146.21,147.31,145.69,146.6,6627969
2025-12-08 05:00:00+00:00,147.43,148.38,146.92,147.63,8272771
2025-12-09 05:00:00+00:00,147.335,148.25,146.96,148.02,6978176
2025-12-10 05:00:00+00:00,147.69,149.22,146.82,148.73,8961059
2025-12-11 05:00:00+00:00,147.06,148.13,145.11,147.97,9769253
2025-12-12 05:00:00+00:00,146.94,147.08,143.26,143.69,14873172
2025-12-15 05:00:00+00:00,144.42,144.63,142.02,142.3,10790253
2025-12-16 05:00:00+00:00,141.91,142.97,141.3,142.56,10790905
2025-12-17 05:00:00+00:00,142.72,142.84,139.32,139.39,18178746
2025-12-18 05:00:00+00:00,141.86,142.42,140.79,141.54,12319524
2025-12-19 05:00:00+00:00,142.59,144.62,142.57,144.6,14265937
2025-12-22 05:00:00+00:00,146.01,146.01,144.645,145.16,8864472
2025-12-23 05:00:00+00:00,144.74,145.98,144.36,145.95,7546050
2025-12-24 05:00:00+00:00,145.79,146.5,145.68,146.3,3676257
2025-12-26 05:00:00+00:00,146.61,146.98,146.24,146.53,5052923
2025-12-29 05:00:00+00:00,145.35,146.38,145.04,145.87,9822319
2025-12-30 05:00:00+00:00,145.85,146.26,145.375,145.41,6387446
2025-12-31 05:00:00+00:00,145.71,145.8,143.9,143.97,9528387
2026-01-02 05:00:00+00:00,145.63,146.52,143.405,144.3,15299454
2026-01-05 05:00:00+00:00,146.01,146.39,144.245,144.62,17438807
2026-01-06 05:00:00+00:00,145.21,146.765,144.63,146.65,14985672
2026-01-07 05:00:00+00:00,146.53,147.3799,146.04,146.53,13957071
2026-01-08 05:00:00+00:00,145.93,145.93,143.5,144.24,16870541
2026-01-09 05:00:00+00:00,144.57,146.58,144.025,146.15,15652618
2026-01-12 05:00:00+00:00,145.19,147.285,145.05,146.79,12867188
2026-01-13 05:00:00+00:00,146.85,147.52,145.845,146.48,16552152
2026-01-14 05:00:00+00:00,145.5,145.93,143.32,144.7,22104224
2026-01-15 05:00:00+00:00,146.93,147.57,145.31,145.46,17370878
2026-01-16 05:00:00+00:00,146.72,146.95,145.02,145.62,14156676
2026-01-20 05:00:00+00:00,143.09,144.1,141.61,141.84,20029177
2026-01-21 05:00:00+00:00,142.78,145.04,141.96,143.81,27892847
2026-01-22 05:00:00+00:00,145.61,145.7,144.16,144.88,12971563
2026-01-23 05:00:00+00:00,144.53,145.825,143.75,145.09,14654456
2026-01-26 05:00:00+00:00,145.27,146.71,144.89,146.08,10195625
2026-01-27 05:00:00+00:00,147.42,148.62,147.03,148.05,12436175
2026-01-28 05:00:00+00:00,149.0,149.9,148.61,149.23,19497406
2026-01-29 05:00:00+00:00,147.84,147.93,143.27,146.87,25580964
2026-01-30 05:00:00+00:00,146.04,146.75,142.99,143.88,18342641
2026-02-02 05:00:00+00:00,143.53,146.145,143.39,145.26,16337576
2026-02-03 05:00:00+00:00,145.875,145.97,140.17,142.08,30464494
2026-02-04 05:00:00+00:00,140.83,141.0101,136.1051,138.12,45649454
2026-02-05 05:00:00+00:00,137.22,138.48,135.075,135.63,42950873
2026-02-06 05:00:00+00:00,138.01,141.47,137.42,141.13,37131922
2026-02-09 05:00:00+00:00,140.595,144.025,139.91,143.35,24629514
2026-02-10 05:00:00+00:00,143.82,144.15,142.385,142.55,22564318
2026-02-11 05:00:00+00:00,144.51,144.755,141.32,142.97,18905713
2026-02-12 05:00:00+00:00,143.31,143.77,138.915,139.21,32154746
2026-02-13 05:00:00+00:00,139.56,140.91,137.93,139.56,26637122
2026-02-17 05:00:00+00:00,138.64,140.45,137.02,139.48,25743800
2026-02-18 05:00:00+00:00,140.055,142.115,139.27,140.91,13705785
2026-02-19 05:00:00+00:00,140.09,140.71,139.275,140.21,13483972
2026-02-20 05:00:00+00:00,139.2,141.75,138.97,140.88,14942420
2026-02-23 05:00:00+00:00,140.18,140.65,137.89,138.52,22024224
2026-02-24 05:00:00+00:00,139.24,140.94,138.19,140.32,13032004
2026-02-25 05:00:00+00:00,141.36,143.34,141.21,143.01,13297536
2026-02-26 05:00:00+00:00,142.94,143.01,139.26,141.01,19366539
2026-02-27 05:00:00+00:00,138.31,139.765,137.94,138.76,15330599
2026-03-02 05:00:00+00:00,137.03,139.96,136.56,139.54,20158535
2026-03-03 05:00:00+00:00,136.355,138.33,134.99,137.5,34155001
2026-03-04 05:00:00+00:00,138.53,140.63,138.04,139.84,15202893
2026-03-05 05:00:00+00:00,139.16,141.26,138.09,140.18,19425941
2026-03-06 05:00:00+00:00,137.82,139.83,136.79,137.29,19678870
2026-03-09 04:00:00+00:00,135.97,140.21,135.46,139.76,22762865
2026-03-10 04:00:00+00:00,139.84,141.39,139.02,139.76,24339893
2026-03-11 04:00:00+00:00,140.58,141.59,139.52,140.43,14019441
2026-03-12 04:00:00+00:00,139.27,139.745,137.65,137.84,32374327
2026-03-13 04:00:00+00:00,138.45,139.705,136.515,136.8,15703489
2026-03-16 04:00:00+00:00,138.72,140.08,138.52,138.78,16628131
2026-03-17 04:00:00+00:00,139.39,140.27,138.93,139.54,12035975
2026-03-18 04:00:00+00:00,139.31,140.07,137.93,137.96,12635962
2026-03-19 04:00:00+00:00,136.0,139.17,135.44,138.43,18089435
2026-03-20 04:00:00+00:00,137.98,137.98,134.3224,135.29,27254052
2026-03-23 04:00:00+00:00,137.5,139.2,136.22,136.95,21820248
2026-03-24 04:00:00+00:00,136.05,136.92,134.87,136.15,16845357
2026-03-25 04:00:00+00:00,137.29,137.995,136.28,136.76,13873962
2026-03-26 04:00:00+00:00,135.18,135.52,132.42,132.5,15436919
2026-03-27 04:00:00+00:00,131.53,132.045,129.575,129.92,15897872
2026-03-30 04:00:00+00:00,131.27,131.55,126.68,127.5,18833164
2026-03-31 04:00:00+00:00,129.15,133.215,128.98,132.9,19407605
2026-04-01 04:00:00+00:00,134.115,136.045,133.76,134.91,17052116
2026-04-02 04:00:00+00:00,131.905,136.04,131.3546,135.99,12267833
2026-04-06 04:00:00+00:00,136.48,137.25,135.71,136.78,10149777
2026-04-07 04:00:00+00:00,136.17,137.49,134.11,137.43,8587057
2026-04-08 04:00:00+00:00,143.13,143.56,140.735,141.69,13360636
2026-04-09 04:00:00+00:00,141.76,142.185,140.35,142.07,8236560
2026-04-10 04:00:00+00:00,142.5,143.56,141.9201,142.62,9311678
2026-04-13 04:00:00+00:00,142.33,145.67,142.1307,145.61,10409433
2026-04-14 04:00:00+00:00,146.9,147.94,146.08,147.94,10184969
2026-04-15 04:00:00+00:00,148.27,150.37,147.96,150.3,10624320
2026-04-16 04:00:00+00:00,150.99,152.1798,149.745,152.02,11779667
2026-04-17 04:00:00+00:00,154.06,154.805,153.51,154.35,10632424
2026-04-20 04:00:00+00:00,154.3,154.75,153.035,154.56,8133294
2026-04-21 04:00:00+00:00,155.0,156.07,154.15,154.69,12658817
2026-04-22 04:00:00+00:00,156.22,158.16,155.52,158.09,13832000
2026-04-23 04:00:00+00:00,156.77,157.795,153.95,155.84,12153140
2026-04-24 04:00:00+00:00,158.43,160.4,157.6,160.22,11061844
2026-04-27 04:00:00+00:00,160.02,160.62,158.81,160.57,8965869
2026-04-28 04:00:00+00:00,157.11,158.64,156.16,157.85,9254850
2026-04-29 04:00:00+00:00,158.83,159.15,157.75,159.11,7508523
2026-04-30 04:00:00+00:00,159.65,159.8,156.88,159.5,9278037
2026-05-01 04:00:00+00:00,160.39,162.285,160.14,161.87,10164126
2026-05-04 04:00:00+00:00,162.705,163.24,160.88,162.05,10734269
2026-05-05 04:00:00+00:00,163.87,166.02,163.52,165.63,9815622
2026-05-06 04:00:00+00:00,167.88,170.08,166.84,170.03,11306813
2026-05-07 04:00:00+00:00,170.26,171.95,168.7,169.69,11033422
2026-05-08 04:00:00+00:00,171.59,175.6,171.3,175.52,11224440
2026-05-11 04:00:00+00:00,176.15,178.3,175.87,177.88,10464539
2026-05-12 04:00:00+00:00,176.15,176.99,171.195,175.2,15953621
2026-05-13 04:00:00+00:00,177.27,177.74,174.26,176.85,9819827
2026-05-14 04:00:00+00:00,177.36,180.215,176.865,179.5,11426986
2026-05-15 04:00:00+00:00,176.21,178.7,174.63,176.26,14521356
2026-05-18 04:00:00+00:00,177.62,177.85,171.91,174.36,19165301
2026-05-19 04:00:00+00:00,172.68,175.18,170.831,173.24,15753433
2026-05-20 04:00:00+00:00,174.66,177.25,173.95,177.14,12631984
2026-05-21 04:00:00+00:00,175.83,178.98,175.83,178.6,10875124
2026-05-22 04:00:00+00:00,180.03,181.73,179.56,180.39,10744457
2026-05-26 04:00:00+00:00,183.2,186.0,182.585,185.14,12503470
2026-05-27 04:00:00+00:00,186.18,186.265,182.54,184.43,12302668
2026-05-28 04:00:00+00:00,184.83,187.58,183.79,186.85,11169731
2026-05-29 04:00:00+00:00,189.33,191.63,189.195,191.02,15043026
2026-06-01 04:00:00+00:00,192.32,196.4999,191.15,195.76,18972370
2026-06-02 04:00:00+00:00,196.45,198.38,195.75,198.21,10178032
2026-06-03 04:00:00+00:00,198.37,198.73,194.525,196.23,11584888
2026-06-04 04:00:00+00:00,191.52,194.74,189.69,193.17,13145503
2026-06-05 04:00:00+00:00,188.885,189.22,179.8,180.3,26820432
2026-06-08 04:00:00+00:00,185.22,186.71,183.1701,184.18,14688051
2026-06-09 04:00:00+00:00,185.91,187.08,172.88,180.77,29824308
2026-06-10 04:00:00+00:00,178.16,182.41,176.15,176.63,20062316
2026-06-11 04:00:00+00:00,177.79,183.66,176.495,183.21,18240687
2026-06-12 04:00:00+00:00,183.24,185.84,181.6443,184.8,15016699
2026-06-15 04:00:00+00:00,190.371,192.08,189.75,191.79,13100914
2026-06-16 04:00:00+00:00,191.227,192.25,186.43,186.44,10079976
2026-06-17 04:00:00+00:00,189.005,189.99,185.3,185.8,14415242
2026-06-18 04:00:00+00:00,190.42,191.995,189.38,191.44,12104277
2026-06-22 04:00:00+00:00,192.95,194.3,190.86,192.15,11316509
2026-06-23 04:00:00+00:00,184.68,187.25,183.7,184.19,14636656
2026-06-24 04:00:00+00:00,184.065,185.66,180.79,183.05,12326390
2026-06-25 04:00:00+00:00,188.145,188.41,180.375,184.57,13232829
2026-06-26 04:00:00+00:00,181.0,183.11,179.76,181.11,13437021
2026-06-29 04:00:00+00:00,183.12,185.66,178.67,185.41,11860194
2026-06-30 04:00:00+00:00,185.76,190.94,185.6,190.52,10732393
2026-07-01 04:00:00+00:00,186.83,187.98,185.38,185.62,9963593
2026-07-02 04:00:00+00:00,185.49,187.38,178.72,180.59,14196136
2026-07-06 04:00:00+00:00,182.66,185.71,182.04,183.57,8926598
2026-07-07 04:00:00+00:00,179.84,180.72,176.36,179.18,12258144
2026-07-08 04:00:00+00:00,177.48,181.63,177.15,181.4,10530677
2026-07-09 04:00:00+00:00,184.76,186.4,183.56,185.35,7758712
2026-07-10 04:00:00+00:00,184.005,186.23,183.09,185.78,6164126
2026-07-13 04:00:00+00:00,183.1,183.9,180.54,181.28,8598203
2026-07-14 04:00:00+00:00,183.71,184.43,181.33,183.62,6401496
2026-07-15 04:00:00+00:00,185.11,185.29,178.22,181.58,9259482
2026-07-16 04:00:00+00:00,179.0,179.4796,176.41,177.52,8669473
2026-07-17 04:00:00+00:00,172.85,177.92,171.34,175.59,12040957
2026-07-20 04:00:00+00:00,177.19,178.7,175.52,175.71,7639806
2026-07-21 04:00:00+00:00,179.56,181.015,178.17,180.78,7496918
2026-07-22 04:00:00+00:00,178.155,181.43,178.15,180.27,5359467
2026-07-23 04:00:00+00:00,178.8,180.39,177.2,178.45,7179104
2026-07-24 04:00:00+00:00,177.82,179.01,175.05,175.88,7741527
2026-07-27 04:00:00+00:00,177.83,178.3,171.73,174.3,8379034
2026-07-28 04:00:00+00:00,171.21,172.17,167.54,171.09,10052298
2026-07-29 04:00:00+00:00,171.12,172.51,166.462,166.57,14376330
2026-07-30 04:00:00+00:00,172.81,176.09,172.16,175.73,15100693
2026-07-31 04:00:00+00:00,177.46,178.62,172.7,175.35,9148420
2026-08-03 04:00:00+00:00,174.01,178.92,173.04,178.04,9343742
