timestamp,open,high,low,close,volume
2017-02-01 05:00:00+00:00,40.57,40.69,40.44,40.44,23256816
2017-02-02 05:00:00+00:00,40.63,40.98,40.63,40.82,22428925
2017-02-03 05:00:00+00:00,41.02,41.2,40.92,41.08,20103465
2017-02-06 05:00:00+00:00,41.06,41.06,40.85,40.86,25152892
2017-02-07 05:00:00+00:00,40.93,41.26,40.93,41.19,8591971
2017-02-08 05:00:00+00:00,41.23,41.44,41.17,41.36,9542436
2017-02-09 05:00:00+00:00,41.31,41.59,41.24,41.53,9157430
2017-02-10 05:00:00+00:00,41.55,41.61,41.4,41.56,10571479
2017-02-13 05:00:00+00:00,41.62,41.68,41.44,41.56,20545046
2017-02-14 05:00:00+00:00,41.46,41.64,41.31,41.57,10604582
2017-02-15 05:00:00+00:00,41.66,41.98,41.57,41.95,13062402
2017-02-16 05:00:00+00:00,41.9,42.01,41.71,42.0,11957283
2017-02-17 05:00:00+00:00,41.88,42.26,41.8,42.21,18002166
2017-02-21 05:00:00+00:00,42.33,42.7,42.29,42.59,19913279
2017-02-22 05:00:00+00:00,42.55,42.65,42.49,42.6,8293196
2017-02-23 05:00:00+00:00,42.63,42.87,42.6,42.7,11028515
2017-02-24 05:00:00+00:00,42.65,42.86,42.62,42.85,7868580
2017-02-27 05:00:00+00:00,42.78,42.78,42.56,42.65,15925486
2017-02-28 05:00:00+00:00,42.58,42.8,42.54,42.71,19660164
2017-03-01 05:00:00+00:00,42.73,43.0,42.67,42.9,19315726
2017-03-02 05:00:00+00:00,42.86,42.99,42.78,42.9,11221968
2017-03-03 05:00:00+00:00,42.77,42.81,42.55,42.74,11068782
2017-03-06 05:00:00+00:00,42.59,42.61,42.48,42.55,7008817
2017-03-07 05:00:00+00:00,42.44,42.58,42.44,42.5,8114659
2017-03-08 05:00:00+00:00,42.39,42.47,42.35,42.4,10980157
2017-03-09 05:00:00+00:00,42.39,42.54,42.39,42.47,7339777
2017-03-10 05:00:00+00:00,42.65,42.72,42.55,42.67,6674116
2017-03-13 04:00:00+00:00,42.63,42.75,42.57,42.7,13314934
2017-03-14 04:00:00+00:00,42.64,42.74,42.55,42.57,8173380
2017-03-15 04:00:00+00:00,42.63,43.02,42.63,42.89,14561239
2017-03-16 04:00:00+00:00,42.9,42.95,42.81,42.95,9178942
2017-03-17 04:00:00+00:00,42.99,43.13,42.84,42.85,17046483
2017-03-20 04:00:00+00:00,42.88,42.98,42.85,42.92,6609339
2017-03-21 04:00:00+00:00,42.94,43.06,42.83,42.88,13403272
2017-03-22 04:00:00+00:00,42.95,43.02,42.7,42.8,7161446
2017-03-23 04:00:00+00:00,42.76,42.92,42.63,42.71,7559754
2017-03-24 04:00:00+00:00,42.71,42.77,42.48,42.62,8665310
2017-03-27 04:00:00+00:00,42.46,42.63,42.39,42.58,5970934
2017-03-28 04:00:00+00:00,42.42,42.77,42.42,42.66,9435274
2017-03-29 04:00:00+00:00,42.62,42.79,42.59,42.74,5690094
2017-03-30 04:00:00+00:00,42.7,42.78,42.61,42.65,5625970
2017-03-31 04:00:00+00:00,42.6,42.71,42.53,42.53,4942715
2017-04-03 04:00:00+00:00,42.59,42.63,42.39,42.46,12005159
2017-04-04 04:00:00+00:00,42.49,42.58,42.41,42.58,5439804
2017-04-05 04:00:00+00:00,42.59,42.78,42.45,42.5,7449729
2017-04-06 04:00:00+00:00,42.54,42.67,42.47,42.5,5382599
2017-04-07 04:00:00+00:00,42.54,42.74,42.53,42.62,7925892
2017-04-10 04:00:00+00:00,42.63,42.82,42.56,42.74,6095748
2017-04-11 04:00:00+00:00,42.75,42.79,42.61,42.76,6653948
2017-04-12 04:00:00+00:00,42.73,42.95,42.71,42.92,7627447
2017-04-13 04:00:00+00:00,42.89,42.93,42.71,42.73,7934538
2017-04-17 04:00:00+00:00,42.8,43.03,42.79,43.03,13015618
2017-04-18 04:00:00+00:00,42.98,43.35,42.9,43.24,11646893
2017-04-19 04:00:00+00:00,43.28,43.31,43.0,43.05,7486453
2017-04-20 04:00:00+00:00,42.92,43.05,42.83,42.98,10093341
2017-04-21 04:00:00+00:00,42.95,42.99,42.83,42.85,8335781
2017-04-24 04:00:00+00:00,42.98,43.31,42.98,43.24,10060918
2017-04-25 04:00:00+00:00,43.27,43.48,43.25,43.41,7622986
2017-04-26 04:00:00+00:00,43.43,43.43,43.04,43.06,8253032
2017-04-27 04:00:00+00:00,43.13,43.15,42.94,43.01,6005733
2017-04-28 04:00:00+00:00,42.88,43.01,42.77,42.99,7708985
2017-05-01 04:00:00+00:00,43.06,43.06,42.79,42.83,10023259
2017-05-02 04:00:00+00:00,42.74,42.82,42.5,42.53,7989594
2017-05-03 04:00:00+00:00,42.58,42.65,42.45,42.58,12011248
2017-05-04 04:00:00+00:00,42.69,43.13,42.65,42.91,12167074
2017-05-05 04:00:00+00:00,43.02,43.07,42.89,43.02,9945159
2017-05-08 04:00:00+00:00,43.06,43.06,42.92,43.01,5481331
2017-05-09 04:00:00+00:00,42.99,43.07,42.78,42.85,7543761
2017-05-10 04:00:00+00:00,42.88,42.94,42.82,42.88,5345153
2017-05-11 04:00:00+00:00,42.83,42.95,42.76,42.95,5130382
2017-05-12 04:00:00+00:00,42.91,42.93,42.8,42.82,5646272
2017-05-15 04:00:00+00:00,42.8,43.01,42.8,42.96,8283313
2017-05-16 04:00:00+00:00,43.15,43.15,42.89,42.92,4893904
2017-05-17 04:00:00+00:00,42.85,43.01,42.74,42.85,14786076
2017-05-18 04:00:00+00:00,42.88,42.99,42.75,42.89,8162791
2017-05-19 04:00:00+00:00,42.91,43.2,42.85,43.13,6614203
2017-05-22 04:00:00+00:00,43.13,43.43,43.13,43.37,7429527
2017-05-23 04:00:00+00:00,43.43,43.62,43.39,43.4,7740187
2017-05-24 04:00:00+00:00,43.45,43.62,43.39,43.59,5347254
2017-05-25 04:00:00+00:00,43.65,43.97,43.63,43.86,6295369
2017-05-26 04:00:00+00:00,43.89,44.03,43.88,44.02,4283875
2017-05-30 04:00:00+00:00,43.93,44.05,43.86,44.01,4452548
2017-05-31 04:00:00+00:00,44.05,44.26,44.05,44.12,10040671
2017-06-01 04:00:00+00:00,44.19,44.49,44.05,44.49,26673894
2017-06-02 04:00:00+00:00,44.61,44.64,44.4,44.63,19160262
2017-06-05 04:00:00+00:00,44.57,44.69,44.43,44.67,21522923
2017-06-06 04:00:00+00:00,44.63,44.67,44.47,44.56,16205931
2017-06-07 04:00:00+00:00,44.47,44.61,44.45,44.54,10299490
2017-06-08 04:00:00+00:00,44.52,44.53,44.08,44.21,11280180
2017-06-09 04:00:00+00:00,44.18,44.28,44.04,44.15,14627205
2017-06-12 04:00:00+00:00,44.17,44.35,44.05,44.15,11647671
2017-06-13 04:00:00+00:00,44.15,44.26,43.97,44.22,10013129
2017-06-14 04:00:00+00:00,44.4,44.59,44.34,44.5,16390837
2017-06-15 04:00:00+00:00,44.28,44.47,44.12,44.42,10670760
2017-06-16 04:00:00+00:00,44.01,44.02,43.53,43.93,28440592
2017-06-19 04:00:00+00:00,44.03,44.14,43.74,44.13,8163535
2017-06-20 04:00:00+00:00,44.18,44.2,43.96,43.97,7404301
2017-06-21 04:00:00+00:00,43.97,44.06,43.8,43.84,14499674
2017-06-22 04:00:00+00:00,43.78,43.8,43.54,43.55,7827367
2017-06-23 04:00:00+00:00,43.54,43.7,43.51,43.57,10500334
2017-06-26 04:00:00+00:00,43.7,43.88,43.66,43.74,6857568
2017-06-27 04:00:00+00:00,43.65,43.78,43.36,43.36,10948265
2017-06-28 04:00:00+00:00,43.62,43.71,43.51,43.54,12338835
2017-06-29 04:00:00+00:00,43.47,43.58,42.9,43.04,20426614
2017-06-30 04:00:00+00:00,43.22,43.3,43.12,43.13,13076698
2017-07-03 04:00:00+00:00,43.17,43.34,43.08,43.08,6183165
2017-07-05 04:00:00+00:00,43.09,43.18,43.02,43.05,19849108
2017-07-06 04:00:00+00:00,42.92,43.05,42.81,42.82,8108378
2017-07-07 04:00:00+00:00,42.86,42.95,42.68,42.8,10231300
2017-07-10 04:00:00+00:00,42.84,42.84,42.45,42.52,9349245
2017-07-11 04:00:00+00:00,42.54,42.56,42.29,42.39,11402714
2017-07-12 04:00:00+00:00,42.65,42.77,42.59,42.63,8414380
2017-07-13 04:00:00+00:00,42.67,42.72,42.59,42.65,13155626
2017-07-14 04:00:00+00:00,42.82,43.02,42.81,42.96,6654579
2017-07-17 04:00:00+00:00,43.04,43.06,42.88,43.01,8055548
2017-07-18 04:00:00+00:00,42.98,43.08,42.88,43.02,5442003
2017-07-19 04:00:00+00:00,42.99,43.17,42.94,43.17,5775774
2017-07-20 04:00:00+00:00,43.14,43.31,43.06,43.18,10611641
2017-07-21 04:00:00+00:00,43.03,43.26,42.99,43.25,7860816
2017-07-24 04:00:00+00:00,43.23,43.25,43.07,43.13,9475019
2017-07-25 04:00:00+00:00,43.25,43.43,43.21,43.4,14049661
2017-07-26 04:00:00+00:00,43.41,43.51,43.26,43.4,8825185
2017-07-27 04:00:00+00:00,43.43,43.83,43.4,43.82,14692119
2017-07-28 04:00:00+00:00,43.69,43.87,42.85,43.45,18620114
2017-07-31 04:00:00+00:00,43.34,43.53,43.33,43.42,7591446
2017-08-01 04:00:00+00:00,43.48,43.6,43.36,43.39,19971070
2017-08-02 04:00:00+00:00,43.3,43.43,43.16,43.36,18421556
2017-08-03 04:00:00+00:00,43.35,43.58,43.26,43.3,19842558
2017-08-04 04:00:00+00:00,43.29,43.43,43.14,43.2,18227574
2017-08-07 04:00:00+00:00,43.21,43.55,43.21,43.52,21900855
2017-08-08 04:00:00+00:00,43.41,43.53,43.33,43.36,12574579
2017-08-09 04:00:00+00:00,43.32,43.46,43.28,43.45,8384870
2017-08-10 04:00:00+00:00,43.32,43.45,43.23,43.24,6836597
2017-08-11 04:00:00+00:00,43.17,43.46,43.17,43.28,4980523
2017-08-14 04:00:00+00:00,43.37,43.59,43.37,43.49,13607102
2017-08-15 04:00:00+00:00,43.51,43.77,43.51,43.69,14617023
2017-08-16 04:00:00+00:00,43.73,43.92,43.73,43.85,5791470
2017-08-17 04:00:00+00:00,43.7,43.91,43.45,43.46,6914179
2017-08-18 04:00:00+00:00,43.46,43.49,43.27,43.34,6913488
2017-08-21 04:00:00+00:00,43.31,43.57,43.18,43.5,6992242
2017-08-22 04:00:00+00:00,43.52,43.63,43.44,43.51,7287060
2017-08-23 04:00:00+00:00,43.46,43.51,43.33,43.39,5460397
2017-08-24 04:00:00+00:00,43.34,43.46,42.74,42.78,12282506
2017-08-25 04:00:00+00:00,42.95,43.1,42.9,42.92,7443304
2017-08-28 04:00:00+00:00,42.88,42.94,42.67,42.8,6383676
2017-08-29 04:00:00+00:00,42.74,42.99,42.7,42.95,6427008
2017-08-30 04:00:00+00:00,42.87,43.02,42.86,42.96,7187936
2017-08-31 04:00:00+00:00,42.97,43.03,42.91,42.96,10246328
2017-09-01 04:00:00+00:00,43.04,43.17,42.99,43.16,19501844
2017-09-05 04:00:00+00:00,43.03,43.25,42.99,43.23,21789004
2017-09-06 04:00:00+00:00,43.3,43.44,43.19,43.38,18709389
2017-09-07 04:00:00+00:00,43.43,43.53,43.32,43.47,17964506
2017-09-08 04:00:00+00:00,43.32,43.39,43.09,43.25,9939283
2017-09-11 04:00:00+00:00,43.33,43.58,43.32,43.52,9891113
2017-09-12 04:00:00+00:00,43.52,43.62,43.5,43.62,9258355
2017-09-13 04:00:00+00:00,43.58,43.8,43.58,43.64,9258809
2017-09-14 04:00:00+00:00,43.57,43.66,43.41,43.57,6296038
2017-09-15 04:00:00+00:00,43.66,43.66,43.45,43.63,17498832
2017-09-18 04:00:00+00:00,43.67,43.76,43.56,43.68,8739615
2017-09-19 04:00:00+00:00,43.71,43.73,43.45,43.56,6499096
2017-09-20 04:00:00+00:00,43.44,43.49,42.92,43.14,11294935
2017-09-21 04:00:00+00:00,43.08,43.12,42.69,42.73,11196303
2017-09-22 04:00:00+00:00,42.8,42.8,42.57,42.6,11544220
2017-09-25 04:00:00+00:00,42.67,42.95,42.64,42.91,9893613
2017-09-26 04:00:00+00:00,42.96,43.07,42.86,43.01,20686416
2017-09-27 04:00:00+00:00,42.92,42.96,42.44,42.68,12104806
2017-09-28 04:00:00+00:00,42.62,42.8,42.59,42.68,7974203
2017-09-29 04:00:00+00:00,42.68,42.78,42.61,42.65,16476804
2017-10-02 04:00:00+00:00,42.65,42.82,42.54,42.57,19971375
2017-10-03 04:00:00+00:00,42.64,42.7,42.51,42.62,23100652
2017-10-04 04:00:00+00:00,42.55,42.92,42.43,42.75,22958991
2017-10-05 04:00:00+00:00,42.89,43.05,42.83,42.94,21251032
2017-10-06 04:00:00+00:00,42.73,42.8,42.46,42.51,7868355
2017-10-09 04:00:00+00:00,42.57,42.63,42.32,42.4,13925959
2017-10-10 04:00:00+00:00,42.57,42.88,42.52,42.77,11023268
2017-10-11 04:00:00+00:00,42.74,42.97,42.74,42.85,10553434
2017-10-12 04:00:00+00:00,42.82,43.07,42.78,43.04,9914858
2017-10-13 04:00:00+00:00,43.2,43.23,43.08,43.11,9535880
2017-10-16 04:00:00+00:00,43.07,43.15,43.05,43.11,4486126
2017-10-17 04:00:00+00:00,43.02,43.06,42.84,42.97,11780789
2017-10-18 04:00:00+00:00,42.92,42.98,42.79,42.9,4930108
2017-10-19 04:00:00+00:00,42.72,42.75,42.55,42.7,8849567
2017-10-20 04:00:00+00:00,42.61,42.63,42.45,42.59,12063274
2017-10-23 04:00:00+00:00,42.55,42.77,42.49,42.55,7481962
2017-10-24 04:00:00+00:00,42.52,42.58,42.35,42.4,10873264
2017-10-25 04:00:00+00:00,42.4,42.47,42.03,42.28,12340345
2017-10-26 04:00:00+00:00,42.43,42.62,42.3,42.32,15544841
2017-10-27 04:00:00+00:00,42.21,42.26,41.87,41.95,10741890
2017-10-30 04:00:00+00:00,41.86,41.9,41.57,41.6,9730367
2017-10-31 04:00:00+00:00,41.8,42.04,41.73,41.95,11167673
2017-11-01 04:00:00+00:00,42.06,42.19,41.95,42.08,7710941
2017-11-02 04:00:00+00:00,42.03,42.1,41.82,41.98,11823458
2017-11-03 04:00:00+00:00,42.0,42.11,41.94,41.98,5999312
2017-11-06 05:00:00+00:00,41.9,41.91,41.53,41.54,10898634
2017-11-07 05:00:00+00:00,41.56,42.0,41.42,41.99,9744935
2017-11-08 05:00:00+00:00,42.13,42.46,42.07,42.46,13169723
2017-11-09 05:00:00+00:00,42.27,42.59,42.24,42.45,12101823
2017-11-10 05:00:00+00:00,42.39,42.92,42.36,42.89,8279335
2017-11-13 05:00:00+00:00,42.91,43.3,42.89,43.13,8004583
2017-11-14 05:00:00+00:00,43.02,43.31,42.96,43.28,9282279
2017-11-15 05:00:00+00:00,43.15,43.19,42.79,42.82,11151139
2017-11-16 05:00:00+00:00,43.21,43.54,43.15,43.41,12086118
2017-11-17 05:00:00+00:00,43.3,43.41,43.18,43.26,7422444
2017-11-20 05:00:00+00:00,43.19,43.36,43.18,43.22,7076310
2017-11-21 05:00:00+00:00,43.3,43.54,43.24,43.36,10513527
2017-11-22 05:00:00+00:00,43.35,43.4,43.17,43.3,11876558
2017-11-24 05:00:00+00:00,43.38,43.42,43.26,43.27,2376422
2017-11-27 05:00:00+00:00,43.25,43.37,43.23,43.3,9808295
2017-11-28 05:00:00+00:00,43.37,43.65,43.27,43.65,7274859
2017-11-29 05:00:00+00:00,43.62,44.05,43.58,43.86,16707982
2017-11-30 05:00:00+00:00,44.05,44.4,43.93,44.28,14563350
2017-12-01 05:00:00+00:00,44.19,44.41,43.71,44.39,31042141
2017-12-04 05:00:00+00:00,44.44,44.85,44.31,44.81,25236464
2017-12-05 05:00:00+00:00,44.81,44.98,44.62,44.74,26240862
2017-12-06 05:00:00+00:00,44.73,45.03,44.73,45.03,19957027
2017-12-07 05:00:00+00:00,44.95,44.97,44.57,44.59,7839901
2017-12-08 05:00:00+00:00,44.6,44.71,44.4,44.71,9108472
2017-12-11 05:00:00+00:00,44.66,44.72,44.45,44.7,6924690
2017-12-12 05:00:00+00:00,44.73,44.88,44.56,44.71,6370004
2017-12-13 05:00:00+00:00,44.74,45.06,44.68,44.96,13377688
2017-12-14 05:00:00+00:00,45.03,45.03,44.76,44.76,9255031
2017-12-15 05:00:00+00:00,45.03,45.34,45.03,45.26,9531852
2017-12-18 05:00:00+00:00,45.37,45.62,45.23,45.25,9075720
2017-12-19 05:00:00+00:00,45.42,45.51,45.3,45.31,8166980
2017-12-20 05:00:00+00:00,45.34,45.38,44.95,45.2,15118226
2017-12-21 05:00:00+00:00,45.31,45.38,45.15,45.19,5772766
2017-12-22 05:00:00+00:00,45.26,45.33,45.21,45.27,4327168
2017-12-26 05:00:00+00:00,45.23,45.46,45.2,45.37,10363669
2017-12-27 05:00:00+00:00,45.43,45.53,45.3,45.36,6101634
2017-12-28 05:00:00+00:00,45.42,45.48,45.18,45.29,8888328
2017-12-29 05:00:00+00:00,45.29,45.52,45.27,45.28,5290734
2018-01-02 05:00:00+00:00,45.33,45.38,44.99,45.0,21836799
2018-01-03 05:00:00+00:00,45.07,45.15,44.95,44.99,19658052
2018-01-04 05:00:00+00:00,45.11,45.33,44.99,45.11,17502014
2018-01-05 05:00:00+00:00,45.19,45.34,45.08,45.31,17391179
2018-01-08 05:00:00+00:00,45.25,45.46,45.23,45.42,16082256
2018-01-09 05:00:00+00:00,45.48,45.58,45.35,45.36,8426706
2018-01-10 05:00:00+00:00,45.25,45.26,44.83,45.14,9807647
2018-01-11 05:00:00+00:00,45.23,45.23,44.99,45.07,12643182
2018-01-12 05:00:00+00:00,45.15,45.31,44.99,45.08,7411008
2018-01-16 05:00:00+00:00,45.18,45.46,45.15,45.29,13929969
2018-01-17 05:00:00+00:00,45.45,45.98,45.41,45.8,14113858
2018-01-18 05:00:00+00:00,45.81,45.89,45.6,45.68,12687324
2018-01-19 05:00:00+00:00,45.85,46.24,45.8,46.19,10240438
2018-01-22 05:00:00+00:00,46.16,46.54,46.14,46.54,8045565
2018-01-23 05:00:00+00:00,46.32,46.51,46.17,46.39,11007677
2018-01-24 05:00:00+00:00,46.51,46.54,46.26,46.47,18142150
2018-01-25 05:00:00+00:00,46.56,46.75,46.27,46.48,12324617
2018-01-26 05:00:00+00:00,46.42,46.75,46.36,46.73,6468291
2018-01-29 05:00:00+00:00,46.81,46.92,46.51,46.55,10895927
2018-01-30 05:00:00+00:00,46.23,46.63,46.12,46.2,11035808
2018-01-31 05:00:00+00:00,46.28,46.4,45.83,46.03,14914345
2018-02-01 05:00:00+00:00,45.85,46.09,45.71,45.82,14437415
2018-02-02 05:00:00+00:00,45.6,45.72,44.92,44.95,15801133
2018-02-05 05:00:00+00:00,44.76,45.03,43.29,43.33,41239429
2018-02-06 05:00:00+00:00,42.61,43.88,42.38,43.79,39152793
2018-02-07 05:00:00+00:00,43.7,44.41,43.55,43.6,17810884
2018-02-08 05:00:00+00:00,43.71,43.79,42.65,42.66,34641089
2018-02-09 05:00:00+00:00,42.99,43.06,41.91,42.75,35152029
2018-02-12 05:00:00+00:00,43.0,43.39,42.89,43.19,22443225
2018-02-13 05:00:00+00:00,43.03,43.5,43.02,43.39,12149261
2018-02-14 05:00:00+00:00,43.16,43.51,42.93,43.38,20543913
2018-02-15 05:00:00+00:00,43.52,44.08,43.34,44.05,14918920
2018-02-16 05:00:00+00:00,44.1,44.44,43.86,44.25,11741317
2018-02-20 05:00:00+00:00,43.78,43.78,43.2,43.26,17098475
2018-02-21 05:00:00+00:00,43.32,43.44,42.72,42.73,15382185
2018-02-22 05:00:00+00:00,42.82,43.16,42.77,42.85,10351474
2018-02-23 05:00:00+00:00,42.93,43.27,42.78,43.26,10484337
2018-02-26 05:00:00+00:00,43.33,43.56,43.21,43.53,10255738
2018-02-27 05:00:00+00:00,43.55,43.66,42.95,42.96,9959655
2018-02-28 05:00:00+00:00,43.21,43.24,42.51,42.51,15339754
2018-03-01 05:00:00+00:00,42.41,42.81,42.04,42.36,30465638
2018-03-02 05:00:00+00:00,42.26,42.85,42.16,42.77,28702922
2018-03-05 05:00:00+00:00,42.54,43.2,42.54,43.16,21668959
2018-03-06 05:00:00+00:00,43.16,43.22,42.84,43.16,23395785
2018-03-07 05:00:00+00:00,42.77,42.96,42.56,42.8,12998134
2018-03-08 05:00:00+00:00,42.81,43.2,42.74,43.17,11411576
2018-03-09 05:00:00+00:00,43.3,43.47,43.14,43.46,11619027
2018-03-12 04:00:00+00:00,43.47,43.71,43.3,43.38,11095780
2018-03-13 04:00:00+00:00,43.51,43.59,43.28,43.35,12828051
2018-03-14 04:00:00+00:00,43.45,43.46,42.82,42.91,13759746
2018-03-15 04:00:00+00:00,42.85,43.04,42.48,42.58,9578522
2018-03-16 04:00:00+00:00,42.61,42.87,42.58,42.62,10205550
2018-03-19 04:00:00+00:00,42.59,42.67,42.05,42.21,10879657
2018-03-20 04:00:00+00:00,42.27,42.44,41.95,42.09,10735341
2018-03-21 04:00:00+00:00,41.85,42.02,41.48,41.57,18632678
2018-03-22 04:00:00+00:00,41.45,41.77,41.19,41.22,15723464
2018-03-23 04:00:00+00:00,41.37,41.53,40.67,40.71,16164855
2018-03-26 04:00:00+00:00,41.01,41.33,40.88,41.29,12474738
2018-03-27 04:00:00+00:00,41.37,41.7,41.09,41.27,18030266
2018-03-28 04:00:00+00:00,41.41,42.05,41.39,41.84,34097151
2018-03-29 04:00:00+00:00,42.01,42.38,42.01,42.13,13598524
2018-04-02 04:00:00+00:00,42.0,42.08,40.91,41.09,32068104
2018-04-03 04:00:00+00:00,41.28,41.74,41.15,41.63,27712712
2018-04-04 04:00:00+00:00,41.37,42.44,41.33,42.29,32032984
2018-04-05 04:00:00+00:00,42.36,42.56,42.13,42.39,21070526
2018-04-06 04:00:00+00:00,42.26,42.6,41.75,41.96,13239873
2018-04-09 04:00:00+00:00,42.09,42.36,41.81,41.93,18344513
2018-04-10 04:00:00+00:00,42.17,42.25,41.81,42.03,13219114
2018-04-11 04:00:00+00:00,41.91,42.16,41.86,41.97,9741562
2018-04-12 04:00:00+00:00,42.13,42.25,41.86,41.89,9926207
2018-04-13 04:00:00+00:00,42.06,42.17,41.89,42.08,8860816
2018-04-16 04:00:00+00:00,42.21,42.79,42.15,42.53,7894146
2018-04-17 04:00:00+00:00,42.66,42.75,42.41,42.65,9133858
2018-04-18 04:00:00+00:00,42.61,42.71,42.25,42.33,16786667
2018-04-19 04:00:00+00:00,41.75,41.78,40.88,41.1,23859024
2018-04-20 04:00:00+00:00,41.01,41.14,40.29,40.41,18749759
2018-04-23 04:00:00+00:00,40.44,40.48,40.18,40.36,12408988
2018-04-24 04:00:00+00:00,40.44,40.48,39.83,40.11,18857120
2018-04-25 04:00:00+00:00,40.09,40.35,39.93,40.18,19103080
2018-04-26 04:00:00+00:00,40.27,40.58,40.14,40.42,11191402
2018-04-27 04:00:00+00:00,40.33,40.77,40.29,40.63,11248143
2018-04-30 04:00:00+00:00,40.71,40.89,40.31,40.38,14278103
2018-05-01 04:00:00+00:00,40.23,40.25,39.75,40.03,11362272
2018-05-02 04:00:00+00:00,39.92,39.96,39.16,39.24,19395339
2018-05-03 04:00:00+00:00,39.34,39.43,39.02,39.2,16858370
2018-05-04 04:00:00+00:00,39.17,39.97,39.13,39.77,13335423
2018-05-07 04:00:00+00:00,39.86,39.93,39.43,39.52,10013934
2018-05-08 04:00:00+00:00,39.44,39.48,39.19,39.36,8554500
2018-05-09 04:00:00+00:00,39.29,39.52,39.21,39.42,9876142
2018-05-10 04:00:00+00:00,39.6,39.85,39.55,39.65,10576991
2018-05-11 04:00:00+00:00,39.72,39.92,39.53,39.65,10167658
2018-05-14 04:00:00+00:00,39.71,39.78,39.57,39.64,7085846
2018-05-15 04:00:00+00:00,39.44,39.59,39.27,39.48,25578702
2018-05-16 04:00:00+00:00,39.6,39.86,39.55,39.76,13704031
2018-05-17 04:00:00+00:00,39.88,40.0,39.76,39.92,21962315
2018-05-18 04:00:00+00:00,39.8,39.87,39.5,39.65,15767278
2018-05-21 04:00:00+00:00,39.8,39.96,39.7,39.83,8001425
2018-05-22 04:00:00+00:00,39.89,40.09,39.68,39.75,9453168
2018-05-23 04:00:00+00:00,39.66,39.93,39.6,39.89,19225511
2018-05-24 04:00:00+00:00,39.89,39.96,39.66,39.86,9930358
2018-05-25 04:00:00+00:00,39.87,40.18,39.81,39.92,12999827
2018-05-29 04:00:00+00:00,39.78,40.01,39.66,39.84,15079231
2018-05-30 04:00:00+00:00,39.99,40.46,39.86,40.4,20252324
2018-05-31 04:00:00+00:00,40.32,40.36,39.6,39.75,18817007
2018-06-01 04:00:00+00:00,39.86,39.93,39.64,39.75,11030928
2018-06-04 04:00:00+00:00,39.83,40.12,39.83,40.08,11776102
2018-06-05 04:00:00+00:00,40.11,40.13,39.76,39.89,9077951
2018-06-06 04:00:00+00:00,39.91,39.94,39.66,39.94,13231764
2018-06-07 04:00:00+00:00,39.84,40.4,39.78,40.16,16796641
2018-06-08 04:00:00+00:00,40.2,40.71,40.2,40.68,17482556
2018-06-11 04:00:00+00:00,40.72,41.1,40.72,41.02,13383618
2018-06-12 04:00:00+00:00,41.05,41.13,40.83,41.1,11452027
2018-06-13 04:00:00+00:00,41.09,41.16,40.84,40.97,17994236
2018-06-14 04:00:00+00:00,41.02,41.08,40.87,41.04,9842366
2018-06-15 04:00:00+00:00,41.01,41.6,40.93,41.57,19576847
2018-06-18 04:00:00+00:00,41.44,41.45,40.78,40.98,23855101
2018-06-19 04:00:00+00:00,40.81,41.26,40.79,41.19,12709361
2018-06-20 04:00:00+00:00,41.31,41.31,41.04,41.23,9653355
2018-06-21 04:00:00+00:00,41.28,41.44,41.19,41.31,13403584
2018-06-22 04:00:00+00:00,41.4,41.72,41.4,41.63,10102166
2018-06-25 04:00:00+00:00,41.55,41.92,41.54,41.82,22260368
2018-06-26 04:00:00+00:00,41.86,41.94,41.48,41.68,14142462
2018-06-27 04:00:00+00:00,41.62,41.98,41.42,41.59,21664450
2018-06-28 04:00:00+00:00,41.49,41.69,41.43,41.59,13212341
2018-06-29 04:00:00+00:00,41.61,41.79,41.38,41.56,13349678
2018-07-02 04:00:00+00:00,41.38,41.56,41.06,41.34,13344417
2018-07-03 04:00:00+00:00,41.48,41.63,41.35,41.42,7848520
2018-07-05 04:00:00+00:00,41.6,42.02,41.52,42.0,12112103
2018-07-06 04:00:00+00:00,42.04,42.29,41.94,42.12,12319590
2018-07-09 04:00:00+00:00,42.15,42.21,41.91,41.96,16292412
2018-07-10 04:00:00+00:00,42.06,42.48,41.98,42.46,15403739
2018-07-11 04:00:00+00:00,42.41,42.45,42.18,42.32,11526460
2018-07-12 04:00:00+00:00,42.44,42.52,42.13,42.27,11104327
2018-07-13 04:00:00+00:00,42.29,42.58,42.27,42.54,16219392
2018-07-16 04:00:00+00:00,42.51,42.53,42.21,42.34,11794462
2018-07-17 04:00:00+00:00,42.31,42.75,42.31,42.69,15325609
2018-07-18 04:00:00+00:00,42.65,42.69,42.32,42.39,10821900
2018-07-19 04:00:00+00:00,42.08,42.56,42.0,42.38,15151466
2018-07-20 04:00:00+00:00,42.3,42.66,42.23,42.62,18265543
2018-07-23 04:00:00+00:00,42.56,42.66,42.24,42.4,13913683
2018-07-24 04:00:00+00:00,42.27,42.53,42.2,42.44,16304649
2018-07-25 04:00:00+00:00,42.51,42.81,42.42,42.77,16039057
2018-07-26 04:00:00+00:00,42.94,43.36,42.89,43.0,15717011
2018-07-27 04:00:00+00:00,42.98,43.26,42.9,43.04,13610500
2018-07-30 04:00:00+00:00,42.94,43.11,42.75,42.99,12201095
2018-07-31 04:00:00+00:00,43.15,43.36,42.89,43.21,18001892
2018-08-01 04:00:00+00:00,43.08,43.15,42.77,42.85,15055700
2018-08-02 04:00:00+00:00,42.77,43.34,42.75,43.28,15979655
2018-08-03 04:00:00+00:00,43.39,44.0,43.36,43.79,20571381
2018-08-06 04:00:00+00:00,43.81,43.97,43.73,43.83,13617165
2018-08-07 04:00:00+00:00,43.79,43.85,43.41,43.56,13999307
2018-08-08 04:00:00+00:00,43.54,43.57,43.22,43.23,12709623
2018-08-09 04:00:00+00:00,43.24,43.31,43.05,43.11,8387704
2018-08-10 04:00:00+00:00,42.98,43.12,42.86,42.94,13544890
2018-08-13 04:00:00+00:00,43.02,43.11,42.75,42.94,8749975
2018-08-14 04:00:00+00:00,43.0,43.28,42.98,43.24,8996783
2018-08-15 04:00:00+00:00,43.11,43.45,42.87,43.42,16496513
2018-08-16 04:00:00+00:00,43.86,44.17,43.79,44.04,16014382
2018-08-17 04:00:00+00:00,44.0,44.43,43.91,44.38,13714213
2018-08-20 04:00:00+00:00,44.44,44.61,44.31,44.36,10335460
2018-08-21 04:00:00+00:00,44.34,44.4,43.87,44.04,13868034
2018-08-22 04:00:00+00:00,44.0,44.09,43.71,43.77,13683391
2018-08-23 04:00:00+00:00,43.64,43.77,43.53,43.66,10815130
2018-08-24 04:00:00+00:00,43.64,43.73,43.47,43.6,9605181
2018-08-27 04:00:00+00:00,43.68,43.81,43.46,43.63,11285806
2018-08-28 04:00:00+00:00,43.62,43.75,43.42,43.5,13731225
2018-08-29 04:00:00+00:00,43.55,43.61,43.44,43.53,8713269
2018-08-30 04:00:00+00:00,43.47,43.61,43.31,43.4,11147737
2018-08-31 04:00:00+00:00,43.4,43.53,43.2,43.4,10615167
2018-09-04 04:00:00+00:00,43.32,43.51,43.2,43.32,9924723
2018-09-05 04:00:00+00:00,43.19,43.82,43.15,43.82,15340876
2018-09-06 04:00:00+00:00,43.81,43.97,43.66,43.94,12697858
2018-09-07 04:00:00+00:00,43.81,43.89,43.55,43.86,9338846
2018-09-10 04:00:00+00:00,43.96,44.27,43.96,44.01,8445632
2018-09-11 04:00:00+00:00,43.95,44.0,43.75,43.85,8191182
2018-09-12 04:00:00+00:00,43.85,44.45,43.82,44.36,15358083
2018-09-13 04:00:00+00:00,44.37,44.39,44.04,44.29,9860049
2018-09-14 04:00:00+00:00,44.25,44.26,43.94,44.17,9006116
2018-09-17 04:00:00+00:00,44.14,44.35,44.04,44.33,10988748
2018-09-18 04:00:00+00:00,44.29,44.31,43.97,44.15,16244283
2018-09-19 04:00:00+00:00,44.11,44.29,44.0,44.06,7853109
2018-09-20 04:00:00+00:00,44.19,44.63,44.19,44.61,12110871
2018-09-21 04:00:00+00:00,44.69,44.77,44.6,44.69,10795774
2018-09-24 04:00:00+00:00,44.54,44.64,43.97,44.01,10830223
2018-09-25 04:00:00+00:00,44.14,44.24,43.73,43.75,8789564
2018-09-26 04:00:00+00:00,43.88,44.13,43.74,43.8,10847377
2018-09-27 04:00:00+00:00,43.65,44.03,43.53,43.74,9224938
2018-09-28 04:00:00+00:00,43.69,43.86,43.65,43.79,9704347
2018-10-01 04:00:00+00:00,43.87,43.94,43.73,43.78,8858416
2018-10-02 04:00:00+00:00,43.75,44.12,43.65,44.03,9715563
2018-10-03 04:00:00+00:00,44.12,44.17,43.5,43.56,15344328
2018-10-04 04:00:00+00:00,43.43,43.51,43.13,43.45,20110745
2018-10-05 04:00:00+00:00,43.36,43.58,43.35,43.41,14107460
2018-10-08 04:00:00+00:00,43.37,44.06,43.37,44.01,15508792
2018-10-09 04:00:00+00:00,44.03,44.12,43.81,43.91,13800385
2018-10-10 04:00:00+00:00,43.77,44.1,43.31,43.39,27000597
2018-10-11 04:00:00+00:00,43.26,43.49,42.18,42.31,44738143
2018-10-12 04:00:00+00:00,42.49,42.69,42.18,42.55,27366424
2018-10-15 04:00:00+00:00,42.43,43.12,42.43,42.81,15980288
2018-10-16 04:00:00+00:00,42.91,43.35,42.76,43.29,15565717
2018-10-17 04:00:00+00:00,43.25,43.59,43.09,43.49,15928467
2018-10-18 04:00:00+00:00,43.54,43.93,43.3,43.43,19524019
2018-10-19 04:00:00+00:00,43.93,44.56,43.93,44.43,28527590
2018-10-22 04:00:00+00:00,44.51,44.56,43.97,44.09,16725110
2018-10-23 04:00:00+00:00,43.84,44.4,43.58,44.29,30902383
2018-10-24 04:00:00+00:00,44.32,45.1,44.19,44.47,38052306
2018-10-25 04:00:00+00:00,44.37,44.74,43.99,44.55,30588096
2018-10-26 04:00:00+00:00,44.27,44.39,43.53,43.73,39851423
2018-10-29 04:00:00+00:00,44.03,44.54,43.82,44.23,32922543
2018-10-30 04:00:00+00:00,44.53,45.15,44.42,45.11,33303498
2018-10-31 04:00:00+00:00,45.1,45.1,44.33,44.69,30423871
2018-11-01 04:00:00+00:00,44.78,45.14,44.55,44.99,24699895
2018-11-02 04:00:00+00:00,45.0,45.06,44.37,44.77,30674132
2018-11-05 05:00:00+00:00,44.84,45.45,44.77,45.33,21895384
2018-11-06 05:00:00+00:00,45.32,45.62,45.16,45.6,18194684
2018-11-07 05:00:00+00:00,45.79,45.88,45.38,45.86,15245060
2018-11-08 05:00:00+00:00,45.64,45.96,45.63,45.89,14058738
2018-11-09 05:00:00+00:00,45.87,46.3,45.87,46.16,18769649
2018-11-12 05:00:00+00:00,46.03,46.29,45.82,45.91,16070019
2018-11-13 05:00:00+00:00,45.94,46.11,45.58,45.81,24601587
2018-11-14 05:00:00+00:00,45.89,45.89,45.28,45.5,18023008
2018-11-15 05:00:00+00:00,45.34,45.42,44.99,45.42,26873595
2018-11-16 05:00:00+00:00,45.4,45.72,45.24,45.54,15770350
2018-11-19 05:00:00+00:00,45.55,45.8,45.28,45.47,17140054
2018-11-20 05:00:00+00:00,45.33,45.55,44.59,44.71,33454180
2018-11-21 05:00:00+00:00,44.69,44.79,44.25,44.35,17331416
2018-11-23 05:00:00+00:00,44.31,44.7,44.21,44.51,8797520
2018-11-26 05:00:00+00:00,44.57,44.79,44.34,44.56,14295728
2018-11-27 05:00:00+00:00,44.49,44.98,44.47,44.96,16557844
2018-11-28 05:00:00+00:00,44.89,45.34,44.75,45.34,24545357
2018-11-29 05:00:00+00:00,45.26,45.55,45.21,45.41,14313838
2018-11-30 05:00:00+00:00,45.4,45.81,45.29,45.7,16937167
2018-12-03 05:00:00+00:00,45.86,45.86,45.27,45.74,20993741
2018-12-04 05:00:00+00:00,45.82,45.99,44.95,44.99,28748676
2018-12-06 05:00:00+00:00,44.82,45.03,44.06,45.02,32994607
2018-12-07 05:00:00+00:00,44.98,45.14,44.25,44.45,23329183
2018-12-10 05:00:00+00:00,44.7,44.7,43.77,44.46,50954689
2018-12-11 05:00:00+00:00,44.76,45.14,44.57,44.82,27322863
2018-12-12 05:00:00+00:00,45.09,45.23,44.73,44.76,19906222
2018-12-13 05:00:00+00:00,44.82,45.18,44.76,45.03,17218030
2018-12-14 05:00:00+00:00,44.75,44.81,44.17,44.27,20445140
2018-12-17 05:00:00+00:00,44.17,44.27,42.99,43.24,27529005
2018-12-18 05:00:00+00:00,43.36,43.45,42.49,42.74,27523911
2018-12-19 05:00:00+00:00,42.94,43.28,42.13,42.32,50615086
2018-12-20 05:00:00+00:00,42.13,42.15,41.17,41.57,43620423
2018-12-21 05:00:00+00:00,41.58,42.49,41.13,41.13,38791309
2018-12-24 05:00:00+00:00,41.03,41.17,39.91,39.95,23344423
2018-12-26 05:00:00+00:00,40.03,41.06,39.62,41.06,26858209
2018-12-27 05:00:00+00:00,40.81,41.49,40.2,41.45,37831087
2018-12-28 05:00:00+00:00,41.76,41.93,41.29,41.45,24606394
2018-12-31 05:00:00+00:00,41.56,41.66,41.24,41.63,15135143
2019-01-02 05:00:00+00:00,41.18,41.51,40.95,41.38,21759707
2019-01-03 05:00:00+00:00,41.31,41.73,41.08,41.14,23064091
2019-01-04 05:00:00+00:00,41.41,42.02,41.32,42.0,19580661
2019-01-07 05:00:00+00:00,41.91,42.24,41.59,41.96,15351399
2019-01-08 05:00:00+00:00,42.21,42.45,42.0,42.36,29255734
2019-01-09 05:00:00+00:00,42.34,42.38,41.86,41.95,16019639
2019-01-10 05:00:00+00:00,41.87,42.27,41.76,42.2,39781436
2019-01-11 05:00:00+00:00,42.29,42.35,42.09,42.32,11857377
2019-01-14 05:00:00+00:00,42.22,42.31,42.05,42.12,7876421
2019-01-15 05:00:00+00:00,42.11,42.58,42.09,42.54,11584179
2019-01-16 05:00:00+00:00,42.52,42.52,42.15,42.31,13637183
2019-01-17 05:00:00+00:00,42.24,42.57,42.19,42.49,10286061
2019-01-18 05:00:00+00:00,42.73,43.13,42.68,43.0,12555566
2019-01-22 05:00:00+00:00,42.88,42.96,42.26,42.6,24451717
2019-01-23 05:00:00+00:00,42.93,43.23,42.73,43.11,26496103
2019-01-24 05:00:00+00:00,42.88,42.89,42.29,42.58,19359356
2019-01-25 05:00:00+00:00,42.71,42.88,42.35,42.42,13846194
2019-01-28 05:00:00+00:00,42.32,42.6,42.17,42.59,11558844
2019-01-29 05:00:00+00:00,42.67,42.77,42.5,42.68,12337333
2019-01-30 05:00:00+00:00,42.73,43.07,42.63,42.97,14102261
2019-01-31 05:00:00+00:00,42.98,43.88,42.88,43.77,19056744
2019-02-01 05:00:00+00:00,43.9,43.9,43.45,43.63,14725247
2019-02-04 05:00:00+00:00,43.62,43.91,43.54,43.91,13621038
2019-02-05 05:00:00+00:00,43.94,44.03,43.79,43.91,12931067
2019-02-06 05:00:00+00:00,43.79,44.0,43.79,43.92,22401782
2019-02-07 05:00:00+00:00,43.73,43.92,43.59,43.89,14656527
2019-02-08 05:00:00+00:00,43.8,44.09,43.64,44.09,11260687
2019-02-11 05:00:00+00:00,44.14,44.25,44.02,44.21,7092855
2019-02-12 05:00:00+00:00,44.3,44.68,44.23,44.55,11860093
2019-02-13 05:00:00+00:00,44.64,44.77,44.53,44.64,11464840
2019-02-14 05:00:00+00:00,44.17,44.33,43.9,44.13,11508825
2019-02-15 05:00:00+00:00,44.35,44.64,44.14,44.55,12860725
2019-02-19 05:00:00+00:00,44.66,44.95,44.56,44.78,23292622
2019-02-20 05:00:00+00:00,44.74,44.86,44.56,44.7,14669677
2019-02-21 05:00:00+00:00,44.63,44.93,44.5,44.83,12508165
2019-02-22 05:00:00+00:00,44.41,44.62,44.3,44.62,28198908
2019-02-25 05:00:00+00:00,44.71,44.84,44.32,44.37,17538155
2019-02-26 05:00:00+00:00,44.4,44.59,44.29,44.4,17030963
2019-02-27 05:00:00+00:00,44.3,44.39,44.15,44.33,10933488
2019-02-28 05:00:00+00:00,44.44,44.72,44.33,44.55,8611110
2019-03-01 05:00:00+00:00,44.68,44.69,44.14,44.46,11120690
2019-03-04 05:00:00+00:00,44.55,44.63,44.05,44.39,10247866
2019-03-05 05:00:00+00:00,44.38,44.5,44.27,44.36,10315963
2019-03-06 05:00:00+00:00,44.35,44.47,44.1,44.29,13396930
2019-03-07 05:00:00+00:00,44.22,44.29,43.91,44.0,14694200
2019-03-08 05:00:00+00:00,44.04,44.24,43.82,44.03,12148539
2019-03-11 04:00:00+00:00,44.1,44.64,44.1,44.6,11251596
2019-03-12 04:00:00+00:00,44.61,44.77,44.51,44.62,11067335
2019-03-13 04:00:00+00:00,44.65,45.05,44.62,44.87,11508830
2019-03-14 04:00:00+00:00,44.89,44.96,44.76,44.83,8623844
2019-03-15 04:00:00+00:00,44.99,45.21,44.9,45.09,22682810
2019-03-18 04:00:00+00:00,45.09,45.24,45.04,45.15,8253382
2019-03-19 04:00:00+00:00,45.25,45.35,44.95,45.12,13537043
2019-03-20 04:00:00+00:00,45.09,45.18,44.78,44.93,20108835
2019-03-21 04:00:00+00:00,44.85,45.52,44.85,45.46,13899899
2019-03-22 04:00:00+00:00,45.39,45.7,45.33,45.4,23770839
2019-03-25 04:00:00+00:00,45.32,45.6,45.21,45.49,12698108
2019-03-26 04:00:00+00:00,45.65,46.04,45.61,45.88,12967699
2019-03-27 04:00:00+00:00,45.88,46.01,45.49,45.72,13006569
2019-03-28 04:00:00+00:00,45.83,46.07,45.81,45.94,12622692
2019-03-29 04:00:00+00:00,46.03,46.29,45.9,46.25,14004008
2019-04-01 04:00:00+00:00,46.34,46.35,46.01,46.09,14105085
2019-04-02 04:00:00+00:00,45.95,45.95,45.71,45.71,15250574
2019-04-03 04:00:00+00:00,45.63,45.73,45.37,45.49,20872239
2019-04-04 04:00:00+00:00,45.52,45.73,45.48,45.66,10867741
2019-04-05 04:00:00+00:00,45.73,45.84,45.6,45.82,9213319
2019-04-08 04:00:00+00:00,45.79,46.02,45.74,46.0,6243448
2019-04-09 04:00:00+00:00,45.9,45.98,45.75,45.95,13552103
2019-04-10 04:00:00+00:00,45.99,46.14,45.95,46.08,7405387
2019-04-11 04:00:00+00:00,46.16,46.26,46.01,46.17,6721111
2019-04-12 04:00:00+00:00,46.21,46.35,46.06,46.32,7970876
2019-04-15 04:00:00+00:00,46.31,46.63,46.3,46.59,6632678
2019-04-16 04:00:00+00:00,46.68,46.76,46.42,46.6,9552003
2019-04-17 04:00:00+00:00,46.85,46.91,46.62,46.83,12836915
2019-04-18 04:00:00+00:00,47.02,47.1,46.67,46.87,12352198
2019-04-22 04:00:00+00:00,46.87,47.15,46.78,46.89,15181121
2019-04-23 04:00:00+00:00,46.87,46.92,46.65,46.74,23104092
2019-04-24 04:00:00+00:00,46.77,47.01,46.73,46.84,8381449
2019-04-25 04:00:00+00:00,46.59,46.62,46.38,46.54,10584999
2019-04-26 04:00:00+00:00,46.59,46.97,46.57,46.96,8657181
2019-04-29 04:00:00+00:00,46.94,47.05,46.87,47.02,7459983
2019-04-30 04:00:00+00:00,47.05,47.62,47.0,47.57,17560517
2019-05-01 04:00:00+00:00,47.62,47.66,46.98,46.98,12285364
2019-05-02 04:00:00+00:00,46.94,47.15,46.73,46.96,14681304
2019-05-03 04:00:00+00:00,47.19,47.43,47.11,47.32,16160423
2019-05-06 04:00:00+00:00,46.97,47.32,46.92,47.24,10753693
2019-05-07 04:00:00+00:00,47.03,47.12,46.53,46.78,22906847
2019-05-08 04:00:00+00:00,46.74,47.03,46.54,46.77,12166707
2019-05-09 04:00:00+00:00,46.57,46.8,46.31,46.67,26630686
2019-05-10 04:00:00+00:00,46.55,47.3,46.35,47.24,14313365
2019-05-13 04:00:00+00:00,46.75,46.91,46.62,46.79,13852995
2019-05-14 04:00:00+00:00,46.92,47.33,46.85,47.01,18492969
2019-05-15 04:00:00+00:00,46.95,47.48,46.86,47.39,9915398
2019-05-16 04:00:00+00:00,47.63,48.02,47.5,47.76,13069118
2019-05-17 04:00:00+00:00,47.49,47.87,47.48,47.6,17426307
2019-05-20 04:00:00+00:00,47.49,47.76,47.45,47.48,9776235
2019-05-21 04:00:00+00:00,47.66,47.67,47.31,47.39,8658562
2019-05-22 04:00:00+00:00,47.4,47.71,47.3,47.6,11660855
2019-05-23 04:00:00+00:00,47.42,47.6,47.32,47.58,19564468
2019-05-24 04:00:00+00:00,47.67,47.71,47.27,47.41,10883543
2019-05-28 04:00:00+00:00,47.42,47.53,46.6,46.64,14556927
2019-05-29 04:00:00+00:00,46.45,46.46,46.06,46.3,11951382
2019-05-30 04:00:00+00:00,46.39,46.59,46.28,46.48,10108844
2019-05-31 04:00:00+00:00,46.13,46.2,45.76,45.84,13796727
2019-06-03 04:00:00+00:00,45.9,46.5,45.89,46.41,17646174
2019-06-04 04:00:00+00:00,46.7,46.84,46.55,46.83,16959747
2019-06-05 04:00:00+00:00,47.05,47.46,46.87,47.41,17006903
2019-06-06 04:00:00+00:00,47.47,47.96,47.39,47.86,23138352
2019-06-07 04:00:00+00:00,48.03,48.51,48.03,48.32,21367256
2019-06-10 04:00:00+00:00,48.39,48.45,48.19,48.34,18234691
2019-06-11 04:00:00+00:00,48.48,48.62,48.37,48.5,18251457
2019-06-12 04:00:00+00:00,48.59,48.85,48.5,48.57,11092292
2019-06-13 04:00:00+00:00,48.69,48.83,48.4,48.68,12731029
2019-06-14 04:00:00+00:00,48.65,48.83,48.6,48.7,9784706
2019-06-17 04:00:00+00:00,48.72,48.77,48.34,48.56,8917156
2019-06-18 04:00:00+00:00,48.84,48.87,48.23,48.3,18523839
2019-06-19 04:00:00+00:00,48.27,48.6,48.03,48.5,13624109
2019-06-20 04:00:00+00:00,48.7,48.98,48.6,48.92,13886746
2019-06-21 04:00:00+00:00,48.87,49.01,48.69,48.77,17006663
2019-06-24 04:00:00+00:00,48.84,49.08,48.8,48.89,21157514
2019-06-25 04:00:00+00:00,48.9,48.97,48.73,48.87,12339804
2019-06-26 04:00:00+00:00,48.64,48.64,48.15,48.17,11898141
2019-06-27 04:00:00+00:00,48.24,48.3,47.98,48.26,12925291
2019-06-28 04:00:00+00:00,48.49,48.55,48.13,48.23,12808145
2019-07-01 04:00:00+00:00,48.5,48.63,48.24,48.49,13056940
2019-07-02 04:00:00+00:00,48.53,48.94,48.5,48.94,12806216
2019-07-03 04:00:00+00:00,49.01,49.59,48.97,49.55,12313942
2019-07-05 04:00:00+00:00,49.26,49.37,48.89,49.33,11261930
2019-07-08 04:00:00+00:00,49.33,49.49,49.25,49.4,10597325
2019-07-09 04:00:00+00:00,49.3,49.38,48.93,49.11,12690446
2019-07-10 04:00:00+00:00,49.28,49.55,49.24,49.42,17031017
2019-07-11 04:00:00+00:00,49.52,49.59,49.29,49.55,14841980
2019-07-12 04:00:00+00:00,49.53,49.8,49.53,49.69,8867017
2019-07-15 04:00:00+00:00,49.77,49.89,49.64,49.81,7404191
2019-07-16 04:00:00+00:00,49.81,50.02,49.64,49.82,14560232
2019-07-17 04:00:00+00:00,49.82,49.9,49.64,49.76,9302949
2019-07-18 04:00:00+00:00,49.82,50.25,49.64,50.1,9693867
2019-07-19 04:00:00+00:00,50.22,50.3,49.75,49.78,7876589
2019-07-22 04:00:00+00:00,49.86,49.87,49.44,49.49,7289969
2019-07-23 04:00:00+00:00,49.95,50.03,49.69,49.85,10265760
2019-07-24 04:00:00+00:00,49.77,49.81,49.45,49.51,8147401
2019-07-25 04:00:00+00:00,49.42,49.66,49.3,49.56,10797784
2019-07-26 04:00:00+00:00,49.66,50.15,49.52,50.14,16373173
2019-07-29 04:00:00+00:00,50.14,50.34,50.1,50.23,6270619
2019-07-30 04:00:00+00:00,50.43,50.68,50.26,50.38,15517712
2019-07-31 04:00:00+00:00,50.22,50.3,48.88,49.38,17203112
2019-08-01 04:00:00+00:00,49.5,50.08,49.15,49.18,32661953
2019-08-02 04:00:00+00:00,49.11,49.49,49.0,49.19,26301509
2019-08-05 04:00:00+00:00,48.88,49.08,47.65,47.91,28463912
2019-08-06 04:00:00+00:00,48.08,48.57,47.9,48.36,22992602
2019-08-07 04:00:00+00:00,48.14,49.09,47.63,48.91,17777526
2019-08-08 04:00:00+00:00,48.88,49.59,48.64,49.54,28485152
2019-08-09 04:00:00+00:00,49.51,49.64,48.92,49.27,10737004
2019-08-12 04:00:00+00:00,49.13,49.29,48.77,48.88,10595286
2019-08-13 04:00:00+00:00,48.9,49.71,48.82,49.49,13382259
2019-08-14 04:00:00+00:00,49.05,49.45,48.68,48.71,17468589
2019-08-15 04:00:00+00:00,49.24,49.61,49.0,49.44,14587604
2019-08-16 04:00:00+00:00,49.66,50.2,49.66,50.0,18661716
2019-08-19 04:00:00+00:00,50.42,50.6,50.29,50.5,13313787
2019-08-20 04:00:00+00:00,50.48,50.54,49.91,49.96,9159308
2019-08-21 04:00:00+00:00,50.29,50.33,49.96,50.09,9041430
2019-08-22 04:00:00+00:00,50.13,50.46,49.99,50.35,7300617
2019-08-23 04:00:00+00:00,50.21,50.42,49.23,49.51,25669186
2019-08-26 04:00:00+00:00,49.85,50.17,49.65,50.13,13938327
2019-08-27 04:00:00+00:00,50.34,50.47,49.83,49.99,13600800
2019-08-28 04:00:00+00:00,49.97,50.47,49.88,50.47,12691758
2019-08-29 04:00:00+00:00,50.76,50.78,50.19,50.49,9745397
2019-08-30 04:00:00+00:00,50.66,50.79,50.27,50.43,8675775
2019-09-03 04:00:00+00:00,50.21,50.73,50.12,50.72,17400632
2019-09-04 04:00:00+00:00,50.93,51.18,50.73,51.18,12540766
2019-09-05 04:00:00+00:00,51.31,51.42,50.79,50.86,16484665
2019-09-06 04:00:00+00:00,50.99,51.11,50.87,51.03,14182440
2019-09-09 04:00:00+00:00,51.0,51.05,50.77,50.91,30974797
2019-09-10 04:00:00+00:00,50.69,50.69,50.32,50.59,33672322
2019-09-11 04:00:00+00:00,50.58,50.82,50.31,50.78,17613826
2019-09-12 04:00:00+00:00,51.08,51.23,50.89,50.98,19439228
2019-09-13 04:00:00+00:00,50.75,51.04,50.59,50.69,18011913
2019-09-16 04:00:00+00:00,50.45,50.5,50.1,50.22,16870548
2019-09-17 04:00:00+00:00,50.18,50.75,50.18,50.48,11773574
2019-09-18 04:00:00+00:00,50.53,50.62,50.13,50.56,11213183
2019-09-19 04:00:00+00:00,50.52,50.64,50.45,50.55,11957295
2019-09-20 04:00:00+00:00,50.66,50.78,50.39,50.39,14314212
2019-09-23 04:00:00+00:00,50.43,50.8,50.39,50.59,8982651
2019-09-24 04:00:00+00:00,50.79,51.14,50.62,50.8,17382333
2019-09-25 04:00:00+00:00,51.02,51.09,50.68,50.84,17728536
2019-09-26 04:00:00+00:00,50.89,51.27,50.87,51.12,17207177
2019-09-27 04:00:00+00:00,51.24,51.26,50.76,51.06,14443651
2019-09-30 04:00:00+00:00,51.12,51.54,51.09,51.31,11259215
2019-10-01 04:00:00+00:00,51.34,51.48,50.97,51.18,18285703
2019-10-02 04:00:00+00:00,50.93,50.98,49.96,50.15,18919323
2019-10-03 04:00:00+00:00,50.37,50.68,49.95,50.5,23523013
2019-10-04 04:00:00+00:00,50.58,51.3,50.53,51.29,12337352
2019-10-07 04:00:00+00:00,51.18,51.24,50.83,50.88,9487245
2019-10-08 04:00:00+00:00,50.73,50.87,50.38,50.39,16478725
2019-10-09 04:00:00+00:00,50.64,50.9,50.53,50.78,8662464
2019-10-10 04:00:00+00:00,50.67,51.02,50.53,50.88,8753464
2019-10-11 04:00:00+00:00,51.07,51.14,50.73,50.83,18292597
2019-10-14 04:00:00+00:00,50.89,50.94,50.55,50.59,7766682
2019-10-15 04:00:00+00:00,50.7,50.73,50.28,50.36,12423481
2019-10-16 04:00:00+00:00,50.43,50.46,50.23,50.41,10474741
2019-10-17 04:00:00+00:00,50.58,50.79,50.5,50.64,14496713
2019-10-18 04:00:00+00:00,50.65,50.94,50.55,50.74,9368434
2019-10-21 04:00:00+00:00,50.75,50.93,50.68,50.91,10083009
2019-10-22 04:00:00+00:00,51.28,51.31,50.9,50.93,12584679
2019-10-23 04:00:00+00:00,50.9,51.19,50.89,51.16,7702713
2019-10-24 04:00:00+00:00,51.26,51.42,51.06,51.34,9280905
2019-10-25 04:00:00+00:00,51.29,51.29,50.99,51.04,7912106
2019-10-28 04:00:00+00:00,51.04,51.22,50.81,50.94,11200201
2019-10-29 04:00:00+00:00,50.84,51.18,50.75,50.94,10101916
2019-10-30 04:00:00+00:00,50.98,51.26,50.84,51.17,7324604
2019-10-31 04:00:00+00:00,51.19,51.37,50.77,51.09,14077317
2019-11-01 04:00:00+00:00,51.19,51.28,50.98,51.09,10423074
2019-11-04 05:00:00+00:00,51.14,51.17,50.43,50.59,18544338
2019-11-05 05:00:00+00:00,50.53,50.87,50.37,50.76,18625298
2019-11-06 05:00:00+00:00,50.84,51.09,50.7,50.97,8374612
2019-11-07 05:00:00+00:00,51.03,51.04,50.7,50.79,9873096
2019-11-08 05:00:00+00:00,50.77,50.92,50.59,50.76,7666053
2019-11-11 05:00:00+00:00,50.79,50.86,50.6,50.68,5686357
2019-11-12 05:00:00+00:00,50.76,50.85,50.62,50.85,7604990
2019-11-13 05:00:00+00:00,50.93,51.34,50.86,51.24,9636475
2019-11-14 05:00:00+00:00,51.46,51.48,51.01,51.22,8506973
2019-11-15 05:00:00+00:00,51.29,51.34,51.05,51.24,7310746
2019-11-18 05:00:00+00:00,51.19,51.79,51.19,51.5,8690126
2019-11-19 05:00:00+00:00,51.58,51.66,51.33,51.44,9838927
2019-11-20 05:00:00+00:00,51.44,51.68,51.33,51.55,12036788
2019-11-21 05:00:00+00:00,51.46,51.59,51.18,51.29,7851624
2019-11-22 05:00:00+00:00,51.34,51.37,51.01,51.21,5660505
2019-11-25 05:00:00+00:00,51.31,51.4,51.02,51.29,10590303
2019-11-26 05:00:00+00:00,51.34,51.74,51.24,51.69,7619349
2019-11-27 05:00:00+00:00,51.78,51.87,51.64,51.81,5584895
2019-11-29 05:00:00+00:00,51.83,51.91,51.7,51.8,3051014
2019-12-02 05:00:00+00:00,51.7,51.94,51.45,51.91,20075446
2019-12-03 05:00:00+00:00,51.81,51.87,51.48,51.83,23155550
2019-12-04 05:00:00+00:00,51.77,52.21,51.71,52.17,20277773
2019-12-05 05:00:00+00:00,52.19,52.2,51.85,52.16,15738530
2019-12-06 05:00:00+00:00,52.26,52.56,52.23,52.36,12616758
2019-12-09 05:00:00+00:00,52.32,52.53,52.31,52.4,7004628
2019-12-10 05:00:00+00:00,52.38,52.46,52.18,52.23,7404827
2019-12-11 05:00:00+00:00,52.35,52.43,52.15,52.31,6439645
2019-12-12 05:00:00+00:00,52.31,52.65,52.16,52.26,12173130
2019-12-13 05:00:00+00:00,52.13,52.53,52.04,52.45,10304150
2019-12-16 05:00:00+00:00,52.6,52.76,52.53,52.63,11727322
2019-12-17 05:00:00+00:00,52.56,52.66,52.48,52.55,8127919
2019-12-18 05:00:00+00:00,52.64,52.82,52.38,52.46,5622786
2019-12-19 05:00:00+00:00,52.54,52.87,52.53,52.75,9298757
2019-12-20 05:00:00+00:00,53.04,53.37,52.88,53.15,17706118
2019-12-23 05:00:00+00:00,53.25,53.25,52.9,52.92,6179624
2019-12-24 05:00:00+00:00,52.98,53.05,52.9,52.99,1751977
2019-12-26 05:00:00+00:00,53.05,53.14,52.89,53.04,8804367
2019-12-27 05:00:00+00:00,53.15,53.29,53.1,53.27,10417043
2019-12-30 05:00:00+00:00,53.18,53.26,52.92,52.99,6506307
2019-12-31 05:00:00+00:00,52.89,53.08,52.78,53.05,5077567
2020-01-02 05:00:00+00:00,53.14,53.15,52.48,52.62,16188531
2020-01-03 05:00:00+00:00,52.43,52.77,52.29,52.54,31025877
2020-01-06 05:00:00+00:00,52.46,52.72,52.37,52.65,24280459
2020-01-07 05:00:00+00:00,52.49,52.54,52.2,52.25,17339289
2020-01-08 05:00:00+00:00,52.29,52.66,52.19,52.44,11603079
2020-01-09 05:00:00+00:00,52.6,52.82,52.47,52.81,6954916
2020-01-10 05:00:00+00:00,52.86,52.93,52.71,52.78,7552546
2020-01-13 05:00:00+00:00,52.79,53.13,52.77,53.12,9726618
2020-01-14 05:00:00+00:00,53.05,53.16,52.99,53.14,7545861
2020-01-15 05:00:00+00:00,53.1,53.63,53.07,53.52,12791787
2020-01-16 05:00:00+00:00,53.58,53.7,53.53,53.66,9435241
2020-01-17 05:00:00+00:00,53.65,53.87,53.58,53.75,16330425
2020-01-21 05:00:00+00:00,53.68,53.96,53.49,53.94,12975075
2020-01-22 05:00:00+00:00,53.96,54.11,53.94,53.98,8173176
2020-01-23 05:00:00+00:00,53.8,54.07,53.6,53.93,14639318
2020-01-24 05:00:00+00:00,53.97,54.04,53.39,53.56,12028994
2020-01-27 05:00:00+00:00,53.1,53.64,53.07,53.39,8858902
2020-01-28 05:00:00+00:00,53.42,53.62,53.37,53.46,8032412
2020-01-29 05:00:00+00:00,53.5,53.54,53.19,53.19,8485640
2020-01-30 05:00:00+00:00,53.21,53.86,53.18,53.82,15230010
2020-01-31 05:00:00+00:00,53.85,54.08,53.06,53.21,15381696
2020-02-03 05:00:00+00:00,53.41,53.61,53.17,53.21,25275841
2020-02-04 05:00:00+00:00,53.58,53.9,53.42,53.53,16304080
2020-02-05 05:00:00+00:00,53.71,53.98,53.64,53.96,21615652
2020-02-06 05:00:00+00:00,54.02,54.34,53.91,54.06,9758036
2020-02-07 05:00:00+00:00,54.06,54.23,53.9,54.12,15032947
2020-02-10 05:00:00+00:00,54.14,54.45,54.13,54.35,7447185
2020-02-11 05:00:00+00:00,54.44,54.44,54.1,54.15,8589992
2020-02-12 05:00:00+00:00,54.22,54.23,54.01,54.15,8691447
2020-02-13 05:00:00+00:00,54.01,54.54,53.93,54.44,8057594
2020-02-14 05:00:00+00:00,54.5,54.59,54.39,54.57,5512109
2020-02-18 05:00:00+00:00,54.49,54.61,54.27,54.38,7588001
2020-02-19 05:00:00+00:00,54.38,54.53,54.29,54.32,5036161
2020-02-20 05:00:00+00:00,54.22,54.4,53.85,54.36,13472673
2020-02-21 05:00:00+00:00,54.21,54.57,54.19,54.45,10203788
2020-02-24 05:00:00+00:00,53.71,54.12,53.13,53.2,20148980
2020-02-25 05:00:00+00:00,53.23,53.49,52.06,52.24,25891617
2020-02-26 05:00:00+00:00,52.42,52.87,51.91,51.94,26310875
2020-02-27 05:00:00+00:00,51.48,51.94,49.82,49.83,40952558
2020-02-28 05:00:00+00:00,48.69,48.85,47.2,48.84,51324733
2020-03-02 05:00:00+00:00,48.94,51.49,48.94,51.45,27602563
2020-03-03 05:00:00+00:00,51.53,52.39,50.38,50.75,36889259
2020-03-04 05:00:00+00:00,51.47,53.27,51.4,53.25,26563468
2020-03-05 05:00:00+00:00,52.08,52.94,51.71,52.24,16772330
2020-03-06 05:00:00+00:00,50.7,52.13,50.49,51.83,25364845
2020-03-09 04:00:00+00:00,48.85,50.95,48.85,49.58,19415009
2020-03-10 04:00:00+00:00,50.62,51.08,48.76,51.0,28328491
2020-03-11 04:00:00+00:00,49.74,50.0,47.9,48.5,18068149
2020-03-12 04:00:00+00:00,45.53,47.76,43.72,43.94,27050415
2020-03-13 04:00:00+00:00,46.13,47.7,44.44,47.68,25262288
2020-03-16 04:00:00+00:00,43.25,46.8,42.77,43.35,27667757
2020-03-17 04:00:00+00:00,45.31,48.39,45.2,48.19,32452584
2020-03-18 04:00:00+00:00,46.11,48.01,44.89,46.25,36000656
2020-03-19 04:00:00+00:00,46.46,46.69,44.97,45.39,26997909
2020-03-20 04:00:00+00:00,45.52,45.53,42.08,42.45,27143864
2020-03-23 04:00:00+00:00,42.36,42.86,40.37,41.19,33090057
2020-03-24 04:00:00+00:00,42.99,43.54,42.19,43.29,28407006
2020-03-25 04:00:00+00:00,43.13,44.57,42.42,43.18,25773839
2020-03-26 04:00:00+00:00,43.7,45.84,43.52,45.54,26336231
2020-03-27 04:00:00+00:00,44.55,46.58,44.47,45.33,26133315
2020-03-30 04:00:00+00:00,45.77,47.23,45.77,47.1,16146399
2020-03-31 04:00:00+00:00,46.86,47.15,46.03,46.14,16215266
2020-04-01 04:00:00+00:00,44.89,46.06,44.78,45.36,12188744
2020-04-02 04:00:00+00:00,44.73,46.78,44.62,46.52,16603366
2020-04-03 04:00:00+00:00,46.34,47.03,46.14,46.89,18829825
2020-04-06 04:00:00+00:00,48.06,48.97,47.37,48.63,15166456
2020-04-07 04:00:00+00:00,49.39,49.77,48.06,48.07,24064002
2020-04-08 04:00:00+00:00,48.43,49.05,47.89,48.78,13933380
2020-04-09 04:00:00+00:00,48.92,50.0,48.8,49.23,20573491
2020-04-13 04:00:00+00:00,49.08,49.33,48.4,48.88,10760170
2020-04-14 04:00:00+00:00,49.72,51.01,49.52,50.95,19680381
2020-04-15 04:00:00+00:00,50.27,50.59,49.78,50.15,12822700
2020-04-16 04:00:00+00:00,50.41,50.66,49.77,50.48,14567311
2020-04-17 04:00:00+00:00,51.1,51.42,50.41,51.25,12157465
2020-04-20 04:00:00+00:00,50.74,51.1,50.2,50.24,9363776
2020-04-21 04:00:00+00:00,49.53,49.81,49.0,49.17,13267637
2020-04-22 04:00:00+00:00,49.77,49.93,49.25,49.65,15488787
2020-04-23 04:00:00+00:00,49.53,49.85,49.12,49.21,22289383
2020-04-24 04:00:00+00:00,49.5,49.89,49.33,49.73,9726182
2020-04-27 04:00:00+00:00,50.04,50.11,49.68,49.88,11212151
2020-04-28 04:00:00+00:00,50.45,50.52,49.94,50.16,15662489
2020-04-29 04:00:00+00:00,50.41,50.41,49.47,49.94,17298932
2020-04-30 04:00:00+00:00,49.8,49.83,49.06,49.35,16802935
2020-05-01 04:00:00+00:00,49.08,49.5,48.61,48.81,13382407
2020-05-04 04:00:00+00:00,48.72,48.89,48.3,48.78,11406588
2020-05-05 04:00:00+00:00,48.98,49.35,48.76,48.83,10012200
2020-05-06 04:00:00+00:00,48.91,49.05,48.25,48.29,11051795
2020-05-07 04:00:00+00:00,48.67,48.73,48.06,48.16,11268186
2020-05-08 04:00:00+00:00,48.64,49.33,48.61,49.23,13532031
2020-05-11 04:00:00+00:00,49.01,49.55,48.96,49.17,9052585
2020-05-12 04:00:00+00:00,49.33,49.6,48.75,48.75,20679913
2020-05-13 04:00:00+00:00,48.71,48.98,48.02,48.31,12278081
2020-05-14 04:00:00+00:00,48.07,48.31,47.42,48.19,11896976
2020-05-15 04:00:00+00:00,48.18,48.76,48.01,48.61,21529773
2020-05-18 04:00:00+00:00,49.39,49.64,49.03,49.39,15346933
2020-05-19 04:00:00+00:00,49.45,49.48,48.48,48.48,17423971
2020-05-20 04:00:00+00:00,48.89,49.08,48.59,49.05,8650225
2020-05-21 04:00:00+00:00,48.98,48.99,48.41,48.51,14902613
2020-05-22 04:00:00+00:00,48.53,48.72,48.42,48.68,7275914
2020-05-26 04:00:00+00:00,49.37,49.45,48.85,48.94,10590405
2020-05-27 04:00:00+00:00,49.33,49.72,49.05,49.68,11271879
2020-05-28 04:00:00+00:00,50.06,50.4,49.85,50.12,10534755
2020-05-29 04:00:00+00:00,49.97,50.33,49.52,50.17,13253436
2020-06-01 04:00:00+00:00,50.2,50.71,50.17,50.52,9220511
2020-06-02 04:00:00+00:00,50.61,50.68,50.27,50.66,9988172
2020-06-03 04:00:00+00:00,50.88,50.96,50.71,50.72,10263828
2020-06-04 04:00:00+00:00,50.62,50.88,50.21,50.48,9094896
2020-06-05 04:00:00+00:00,50.85,51.44,50.71,51.18,11693950
2020-06-08 04:00:00+00:00,51.19,51.76,51.01,51.73,13462391
2020-06-09 04:00:00+00:00,51.54,51.61,50.99,51.31,14192166
2020-06-10 04:00:00+00:00,51.43,51.57,51.06,51.16,9966178
2020-06-11 04:00:00+00:00,50.61,50.93,49.17,49.22,15058579
2020-06-12 04:00:00+00:00,49.9,49.91,48.81,49.23,17997747
2020-06-15 04:00:00+00:00,48.78,49.87,48.45,49.81,11444550
2020-06-16 04:00:00+00:00,50.78,50.84,49.93,50.58,11031650
2020-06-17 04:00:00+00:00,50.67,50.88,50.35,50.5,8520897
2020-06-18 04:00:00+00:00,50.28,50.82,50.21,50.77,6132100
2020-06-19 04:00:00+00:00,51.23,51.39,50.42,50.5,11434191
2020-06-22 04:00:00+00:00,50.45,50.56,50.18,50.36,9155206
2020-06-23 04:00:00+00:00,50.69,50.87,50.23,50.28,8113662
2020-06-24 04:00:00+00:00,50.03,50.03,49.26,49.44,14695473
2020-06-25 04:00:00+00:00,49.39,49.85,49.1,49.78,12317760
2020-06-26 04:00:00+00:00,49.77,49.91,48.73,48.77,14687710
2020-06-29 04:00:00+00:00,49.09,49.79,49.04,49.7,9882356
2020-06-30 04:00:00+00:00,49.7,50.24,49.62,50.06,7515981
2020-07-01 04:00:00+00:00,50.15,50.41,50.07,50.1,7371831
2020-07-02 04:00:00+00:00,50.52,50.85,50.26,50.36,7012899
2020-07-06 04:00:00+00:00,50.74,50.86,50.32,50.61,10151920
2020-07-07 04:00:00+00:00,50.33,51.35,50.3,51.07,8626664
2020-07-08 04:00:00+00:00,51.18,51.21,50.72,50.94,9719365
2020-07-09 04:00:00+00:00,50.87,51.01,50.25,50.54,7800069
2020-07-10 04:00:00+00:00,50.62,51.57,50.59,51.47,14389761
2020-07-13 04:00:00+00:00,51.72,52.07,51.2,51.39,10977362
2020-07-14 04:00:00+00:00,51.25,52.27,51.14,52.14,14868533
2020-07-15 04:00:00+00:00,52.41,52.81,52.02,52.19,15289704
2020-07-16 04:00:00+00:00,52.13,52.4,52.05,52.3,7824045
2020-07-17 04:00:00+00:00,52.54,52.66,52.35,52.58,6724438
2020-07-20 04:00:00+00:00,52.47,52.49,51.89,52.05,7194118
2020-07-21 04:00:00+00:00,52.42,53.06,52.36,52.53,8022070
2020-07-22 04:00:00+00:00,52.66,53.0,52.13,52.92,7154699
2020-07-23 04:00:00+00:00,53.1,53.32,52.93,53.11,9558730
2020-07-24 04:00:00+00:00,53.19,53.64,52.78,53.04,6885876
2020-07-27 04:00:00+00:00,52.99,53.31,52.88,53.3,7158992
2020-07-28 04:00:00+00:00,53.29,53.76,53.26,53.5,6914972
2020-07-29 04:00:00+00:00,53.48,53.75,53.35,53.58,7531425
2020-07-30 04:00:00+00:00,53.45,53.77,53.2,53.58,11009355
2020-07-31 04:00:00+00:00,53.36,53.53,52.86,53.53,10404061
2020-08-03 04:00:00+00:00,53.55,53.58,53.12,53.38,8780361
2020-08-04 04:00:00+00:00,53.3,54.06,53.21,54.05,7500934
2020-08-05 04:00:00+00:00,54.13,54.24,53.78,53.94,7384456
2020-08-06 04:00:00+00:00,53.81,54.03,53.71,53.93,15755851
2020-08-07 04:00:00+00:00,53.84,54.27,53.78,54.22,9269155
2020-08-10 04:00:00+00:00,54.28,54.61,54.16,54.5,4438377
2020-08-11 04:00:00+00:00,54.76,54.89,53.97,54.12,8737406
2020-08-12 04:00:00+00:00,54.35,55.06,54.35,54.82,8172971
2020-08-13 04:00:00+00:00,54.7,54.94,54.63,54.78,5949251
2020-08-14 04:00:00+00:00,54.72,54.95,54.57,54.77,3829682
2020-08-17 04:00:00+00:00,54.9,55.26,54.8,55.08,5289653
2020-08-18 04:00:00+00:00,55.17,55.46,54.92,55.3,5196387
2020-08-19 04:00:00+00:00,55.23,55.3,54.77,54.89,6302227
2020-08-20 04:00:00+00:00,54.55,54.82,54.45,54.76,11353686
2020-08-21 04:00:00+00:00,54.69,54.96,54.52,54.89,5894207
2020-08-24 04:00:00+00:00,54.99,55.36,54.82,55.32,7508620
2020-08-25 04:00:00+00:00,55.49,55.53,55.0,55.24,4579273
2020-08-26 04:00:00+00:00,55.13,55.39,54.88,55.31,5445839
2020-08-27 04:00:00+00:00,55.41,55.92,55.4,55.65,8780713
2020-08-28 04:00:00+00:00,55.92,56.18,55.39,56.15,6936281
2020-08-31 04:00:00+00:00,55.94,56.15,55.76,55.98,8001613
2020-09-01 04:00:00+00:00,55.98,56.07,55.6,56.04,9834900
2020-09-02 04:00:00+00:00,56.3,57.29,56.22,57.06,11357763
2020-09-03 04:00:00+00:00,57.2,57.72,55.66,56.08,26462320
2020-09-04 04:00:00+00:00,56.24,56.47,55.26,55.95,15946851
2020-09-08 04:00:00+00:00,55.81,55.93,54.54,54.77,16514650
2020-09-09 04:00:00+00:00,55.09,56.11,54.99,55.57,13811652
2020-09-10 04:00:00+00:00,55.57,55.72,54.76,54.88,11403607
2020-09-11 04:00:00+00:00,55.05,55.46,54.8,55.19,10291616
2020-09-14 04:00:00+00:00,55.46,55.81,55.3,55.55,6504281
2020-09-15 04:00:00+00:00,55.69,55.88,55.4,55.47,5739010
2020-09-16 04:00:00+00:00,55.71,55.86,55.17,55.23,7555624
2020-09-17 04:00:00+00:00,54.76,55.17,54.48,54.88,10475653
2020-09-18 04:00:00+00:00,54.96,55.04,54.0,54.37,10263192
2020-09-21 04:00:00+00:00,54.0,54.16,53.34,54.01,11438228
2020-09-22 04:00:00+00:00,53.99,54.54,53.93,54.27,7247090
2020-09-23 04:00:00+00:00,54.45,54.58,53.4,53.46,7336766
2020-09-24 04:00:00+00:00,53.46,54.14,53.1,53.85,9236844
2020-09-25 04:00:00+00:00,53.58,54.2,53.46,54.14,7510381
2020-09-28 04:00:00+00:00,54.58,55.06,54.56,54.75,6217319
2020-09-29 04:00:00+00:00,54.77,54.9,54.28,54.39,8247830
2020-09-30 04:00:00+00:00,54.61,55.39,54.58,55.05,8688889
2020-10-01 04:00:00+00:00,55.36,55.48,54.88,55.36,9301014
2020-10-02 04:00:00+00:00,54.81,55.3,54.62,55.03,7494998
2020-10-05 04:00:00+00:00,55.18,55.49,55.09,55.42,4789675
2020-10-06 04:00:00+00:00,55.55,55.76,54.89,55.06,6593680
2020-10-07 04:00:00+00:00,55.37,55.88,55.26,55.65,8157011
2020-10-08 04:00:00+00:00,55.91,56.07,55.67,56.03,6750724
2020-10-09 04:00:00+00:00,56.24,56.7,56.17,56.46,8255039
2020-10-12 04:00:00+00:00,56.7,57.4,56.66,57.11,8770769
2020-10-13 04:00:00+00:00,56.94,57.24,56.8,57.01,7563856
2020-10-14 04:00:00+00:00,57.06,57.29,56.54,56.77,6622486
2020-10-15 04:00:00+00:00,56.34,56.96,56.31,56.81,6718775
2020-10-16 04:00:00+00:00,56.98,57.29,56.81,56.82,7065391
2020-10-19 04:00:00+00:00,56.82,57.07,55.93,56.09,8005301
2020-10-20 04:00:00+00:00,56.64,56.75,55.91,56.03,7716373
2020-10-21 04:00:00+00:00,55.99,56.4,55.94,56.08,7072590
2020-10-22 04:00:00+00:00,56.09,56.24,55.79,56.05,7839738
2020-10-23 04:00:00+00:00,56.25,56.38,55.98,56.15,5133463
2020-10-26 04:00:00+00:00,55.73,55.84,54.95,55.43,9485486
2020-10-27 04:00:00+00:00,55.47,55.77,55.26,55.29,5416898
2020-10-28 04:00:00+00:00,54.5,54.78,53.61,53.67,11294231
2020-10-29 04:00:00+00:00,53.54,54.19,53.0,53.66,9110597
2020-10-30 04:00:00+00:00,53.45,53.71,52.81,53.47,10271893
2020-11-02 05:00:00+00:00,54.23,54.57,53.9,54.32,11094774
2020-11-03 05:00:00+00:00,54.87,55.71,54.8,55.21,21005151
2020-11-04 05:00:00+00:00,55.52,56.17,55.17,55.24,25878720
2020-11-05 05:00:00+00:00,55.88,56.16,55.48,55.56,15302511
2020-11-06 05:00:00+00:00,55.73,56.18,55.65,55.9,12859267
2020-11-09 05:00:00+00:00,57.32,57.78,55.69,55.77,15225035
2020-11-10 05:00:00+00:00,55.76,57.02,55.72,56.87,15279982
2020-11-11 05:00:00+00:00,57.19,57.6,56.81,57.36,10691067
2020-11-12 05:00:00+00:00,57.2,57.36,56.72,57.2,9021950
2020-11-13 05:00:00+00:00,57.42,58.07,57.25,57.99,6239227
2020-11-16 05:00:00+00:00,58.52,58.55,58.08,58.55,13036815
2020-11-17 05:00:00+00:00,58.09,58.45,57.94,58.1,8215423
2020-11-18 05:00:00+00:00,58.2,58.4,57.31,57.31,8001048
2020-11-19 05:00:00+00:00,57.16,57.55,57.02,57.47,9125452
2020-11-20 05:00:00+00:00,57.38,57.63,57.06,57.11,4878702
2020-11-23 05:00:00+00:00,57.21,57.3,56.78,57.13,5975908
2020-11-24 05:00:00+00:00,57.47,57.71,57.34,57.51,6151300
2020-11-25 05:00:00+00:00,57.49,57.71,57.4,57.48,5370495
2020-11-27 05:00:00+00:00,57.62,57.62,57.3,57.47,3280485
2020-11-30 05:00:00+00:00,57.32,57.52,56.88,57.46,12049666
2020-12-01 05:00:00+00:00,57.85,58.03,57.61,57.97,13568769
2020-12-02 05:00:00+00:00,57.77,58.04,57.3,57.49,12834603
2020-12-03 05:00:00+00:00,57.34,57.73,57.33,57.63,12578788
2020-12-04 05:00:00+00:00,57.68,58.09,57.61,58.08,12613370
2020-12-07 05:00:00+00:00,57.97,58.06,57.58,57.87,9538835
2020-12-08 05:00:00+00:00,57.65,58.29,57.52,58.16,7480398
2020-12-09 05:00:00+00:00,58.26,58.28,57.79,57.94,10650874
2020-12-10 05:00:00+00:00,57.92,58.07,57.54,57.68,5769714
2020-12-11 05:00:00+00:00,57.46,57.97,57.44,57.81,5034469
2020-12-14 05:00:00+00:00,58.1,58.31,57.57,57.59,6821419
2020-12-15 05:00:00+00:00,57.84,58.01,57.65,57.73,6562792
2020-12-16 05:00:00+00:00,57.77,58.11,57.63,57.79,11816206
2020-12-17 05:00:00+00:00,58.04,58.28,58.03,58.19,4859608
2020-12-18 05:00:00+00:00,58.29,58.46,57.89,58.34,7168287
2020-12-21 05:00:00+00:00,57.69,57.82,57.11,57.71,8324648
2020-12-22 05:00:00+00:00,57.68,57.68,57.21,57.3,9415176
2020-12-23 05:00:00+00:00,57.47,57.71,57.36,57.49,4370413
2020-12-24 05:00:00+00:00,57.53,57.81,57.4,57.78,2002994
2020-12-28 05:00:00+00:00,57.99,58.41,57.93,58.21,6965784
2020-12-29 05:00:00+00:00,58.38,58.54,57.92,58.06,5075426
2020-12-30 05:00:00+00:00,58.13,58.2,57.93,58.0,7643690
2020-12-31 05:00:00+00:00,58.06,58.5,57.77,58.4,6332431
2021-01-04 05:00:00+00:00,58.38,58.4,57.08,57.78,13240499
2021-01-05 05:00:00+00:00,57.69,57.9,57.24,57.78,11239430
2021-01-06 05:00:00+00:00,57.66,58.11,57.57,57.81,14469146
2021-01-07 05:00:00+00:00,57.86,58.0,57.41,57.65,14170082
2021-01-08 05:00:00+00:00,57.69,57.98,57.37,57.93,19744826
2021-01-11 05:00:00+00:00,57.61,57.99,57.34,57.47,9810068
2021-01-12 05:00:00+00:00,57.44,57.57,57.01,57.26,11201396
2021-01-13 05:00:00+00:00,57.19,57.55,57.16,57.34,8530361
2021-01-14 05:00:00+00:00,57.39,57.41,56.96,57.03,11742627
2021-01-15 05:00:00+00:00,56.78,57.08,56.6,56.83,15460511
2021-01-19 05:00:00+00:00,57.02,57.14,56.53,56.58,8267396
2021-01-20 05:00:00+00:00,56.56,56.82,56.18,56.69,10960495
2021-01-21 05:00:00+00:00,56.59,56.64,56.4,56.5,8626426
2021-01-22 05:00:00+00:00,56.45,56.7,56.22,56.33,8474772
2021-01-25 05:00:00+00:00,56.17,57.11,56.15,56.91,17590212
2021-01-26 05:00:00+00:00,56.98,57.53,56.72,57.42,9625323
2021-01-27 05:00:00+00:00,57.1,57.87,56.31,56.48,18452066
2021-01-28 05:00:00+00:00,56.56,57.3,56.4,56.67,22635516
2021-01-29 05:00:00+00:00,56.45,56.47,55.47,55.5,19925888
2021-02-01 05:00:00+00:00,55.73,55.85,55.37,55.55,13483490
2021-02-02 05:00:00+00:00,55.77,56.37,55.6,55.92,13632942
2021-02-03 05:00:00+00:00,55.79,56.14,55.63,56.01,9974851
2021-02-04 05:00:00+00:00,56.06,56.43,55.94,56.42,7514383
2021-02-05 05:00:00+00:00,56.76,57.12,56.74,56.95,9014154
2021-02-08 05:00:00+00:00,57.13,57.29,56.79,57.15,9562105
2021-02-09 05:00:00+00:00,57.17,57.31,56.95,57.11,12612335
2021-02-10 05:00:00+00:00,57.38,57.51,56.92,57.05,7035705
2021-02-11 05:00:00+00:00,57.11,57.13,56.71,56.82,9144084
2021-02-12 05:00:00+00:00,56.76,56.95,56.6,56.91,7869208
2021-02-16 05:00:00+00:00,56.99,57.03,56.58,56.78,9327577
2021-02-17 05:00:00+00:00,56.56,57.11,56.5,56.99,9252916
2021-02-18 05:00:00+00:00,56.48,57.1,56.43,56.95,7601077
2021-02-19 05:00:00+00:00,57.0,57.01,56.18,56.24,10509838
2021-02-22 05:00:00+00:00,56.09,56.43,55.98,56.3,8872330
2021-02-23 05:00:00+00:00,56.47,56.84,56.17,56.37,12898427
2021-02-24 05:00:00+00:00,56.22,56.51,56.05,56.33,9244847
2021-02-25 05:00:00+00:00,56.24,56.56,55.6,55.72,17903108
2021-02-26 05:00:00+00:00,55.83,55.83,54.8,54.8,18017118
2021-03-01 05:00:00+00:00,55.21,55.82,55.19,55.37,11555176
2021-03-02 05:00:00+00:00,55.33,55.7,55.25,55.27,14017284
2021-03-03 05:00:00+00:00,55.13,55.44,54.98,55.01,13552304
2021-03-04 05:00:00+00:00,55.13,55.79,54.55,54.82,26255581
2021-03-05 05:00:00+00:00,55.05,56.19,54.84,56.03,22144175
2021-03-08 05:00:00+00:00,56.08,56.87,55.95,56.27,19342965
2021-03-09 05:00:00+00:00,56.46,56.73,56.17,56.19,17501749
2021-03-10 05:00:00+00:00,56.26,57.2,56.08,56.95,16018045
2021-03-11 05:00:00+00:00,57.01,57.19,56.76,56.82,13394297
2021-03-12 05:00:00+00:00,57.02,57.36,56.98,57.28,10698868
2021-03-15 04:00:00+00:00,57.49,57.59,57.19,57.53,8492022
2021-03-16 04:00:00+00:00,57.47,57.79,57.47,57.6,13656222
2021-03-17 04:00:00+00:00,57.63,57.86,57.32,57.52,12484730
2021-03-18 04:00:00+00:00,57.37,57.6,57.01,57.3,14954501
2021-03-19 04:00:00+00:00,57.34,57.64,57.21,57.48,22093623
2021-03-22 04:00:00+00:00,57.38,58.12,57.34,58.09,16018632
2021-03-23 04:00:00+00:00,58.05,58.6,57.92,58.33,13350400
2021-03-24 04:00:00+00:00,58.19,58.48,57.97,58.11,17373803
2021-03-25 04:00:00+00:00,58.19,58.74,57.9,58.66,14956485
2021-03-26 04:00:00+00:00,58.74,59.74,58.57,59.73,15870193
2021-03-29 04:00:00+00:00,59.53,60.37,59.51,60.31,11962116
2021-03-30 04:00:00+00:00,60.2,60.26,59.55,59.69,14150965
2021-03-31 04:00:00+00:00,59.64,59.88,59.34,59.47,19807991
2021-04-01 04:00:00+00:00,59.24,59.49,58.79,59.19,23086863
2021-04-05 04:00:00+00:00,59.44,60.27,59.33,59.94,22072112
2021-04-06 04:00:00+00:00,59.84,60.42,59.8,60.2,21309049
2021-04-07 04:00:00+00:00,60.3,60.38,59.97,60.05,22816764
2021-04-08 04:00:00+00:00,60.02,60.23,59.95,60.11,10455666
2021-04-09 04:00:00+00:00,60.12,60.25,59.64,60.0,7020424
2021-04-12 04:00:00+00:00,60.08,60.34,60.0,60.33,10117926
2021-04-13 04:00:00+00:00,60.07,60.23,59.93,60.0,11982803
2021-04-14 04:00:00+00:00,59.97,60.04,59.7,59.95,12087520
2021-04-15 04:00:00+00:00,60.09,60.53,60.09,60.43,7714920
2021-04-16 04:00:00+00:00,60.68,60.9,60.45,60.78,7807822
2021-04-19 04:00:00+00:00,60.79,60.91,60.35,60.54,10867366
2021-04-20 04:00:00+00:00,60.12,61.07,60.03,60.88,13168950
2021-04-21 04:00:00+00:00,60.95,61.35,60.95,61.18,12607532
2021-04-22 04:00:00+00:00,61.08,61.11,60.6,60.73,12674371
2021-04-23 04:00:00+00:00,60.61,60.76,60.33,60.57,11622129
2021-04-26 04:00:00+00:00,60.54,60.54,59.8,59.89,8986156
2021-04-27 04:00:00+00:00,59.86,59.97,59.59,59.85,10078892
2021-04-28 04:00:00+00:00,60.09,60.23,59.82,59.89,7925308
2021-04-29 04:00:00+00:00,59.87,60.62,59.87,60.53,9373233
2021-04-30 04:00:00+00:00,60.53,60.61,60.28,60.58,11438384
2021-05-03 04:00:00+00:00,60.71,61.3,60.65,61.08,12871983
2021-05-04 04:00:00+00:00,60.95,61.18,60.57,60.76,11283781
2021-05-05 04:00:00+00:00,60.74,60.83,60.47,60.72,9077560
2021-05-06 04:00:00+00:00,60.83,61.52,60.83,61.5,10192046
2021-05-07 04:00:00+00:00,61.41,61.69,61.26,61.5,10755392
2021-05-10 04:00:00+00:00,61.76,62.37,61.71,61.97,10558652
2021-05-11 04:00:00+00:00,62.0,62.13,61.15,61.43,14823266
2021-05-12 04:00:00+00:00,61.29,61.36,60.61,60.61,13564993
2021-05-13 04:00:00+00:00,60.61,61.75,60.54,61.47,18714767
2021-05-14 04:00:00+00:00,61.7,62.11,61.67,61.74,9665476
2021-05-17 04:00:00+00:00,61.77,62.04,61.52,61.63,10944195
2021-05-18 04:00:00+00:00,61.72,61.96,61.42,61.46,11537044
2021-05-19 04:00:00+00:00,61.16,61.35,60.82,61.26,14008126
2021-05-20 04:00:00+00:00,61.27,62.04,61.23,61.82,11597103
2021-05-21 04:00:00+00:00,61.98,62.23,61.72,61.83,8003138
2021-05-24 04:00:00+00:00,61.91,62.23,61.79,61.99,6718837
2021-05-25 04:00:00+00:00,62.06,62.09,61.66,62.03,8398120
2021-05-26 04:00:00+00:00,62.07,62.13,61.79,61.9,10692585
2021-05-27 04:00:00+00:00,62.01,62.21,61.46,61.52,13111677
2021-05-28 04:00:00+00:00,61.62,61.91,61.61,61.65,8590954
2021-06-01 04:00:00+00:00,61.89,62.04,61.23,61.43,9177822
2021-06-02 04:00:00+00:00,61.53,61.78,61.38,61.67,6742153
2021-06-03 04:00:00+00:00,61.48,62.1,61.48,62.05,9619741
2021-06-04 04:00:00+00:00,62.23,62.41,62.07,62.27,6253460
2021-06-07 04:00:00+00:00,62.28,62.36,61.89,62.16,7675645
2021-06-08 04:00:00+00:00,62.18,62.26,61.63,61.64,8745206
2021-06-09 04:00:00+00:00,61.53,61.83,61.33,61.35,8504939
2021-06-10 04:00:00+00:00,61.46,61.88,61.43,61.73,8377206
2021-06-11 04:00:00+00:00,61.85,61.88,61.47,61.76,6259239
2021-06-14 04:00:00+00:00,61.71,61.75,61.35,61.73,13290780
2021-06-15 04:00:00+00:00,61.78,61.92,61.52,61.58,5353658
2021-06-16 04:00:00+00:00,61.6,61.67,60.74,60.76,10733266
2021-06-17 04:00:00+00:00,60.77,61.11,60.61,60.98,9415755
2021-06-18 04:00:00+00:00,60.56,60.64,59.88,59.9,17625719
2021-06-21 04:00:00+00:00,60.25,60.65,60.22,60.59,16231678
2021-06-22 04:00:00+00:00,60.6,60.93,60.5,60.67,9984700
2021-06-23 04:00:00+00:00,60.62,60.63,60.3,60.3,7193844
2021-06-24 04:00:00+00:00,60.32,60.67,60.26,60.6,6571827
2021-06-25 04:00:00+00:00,60.63,61.13,60.52,61.06,9504619
2021-06-28 04:00:00+00:00,61.1,61.28,60.98,61.11,7606975
2021-06-29 04:00:00+00:00,61.15,61.25,60.74,60.84,13152131
2021-06-30 04:00:00+00:00,60.97,61.39,60.95,61.31,8996601
2021-07-01 04:00:00+00:00,61.34,61.49,61.03,61.13,13200258
2021-07-02 04:00:00+00:00,61.27,61.46,61.19,61.28,22232785
2021-07-06 04:00:00+00:00,61.14,61.17,60.74,61.03,7771144
2021-07-07 04:00:00+00:00,61.01,61.58,61.0,61.35,8043748
2021-07-08 04:00:00+00:00,61.06,61.39,60.88,61.12,9376458
2021-07-09 04:00:00+00:00,61.36,61.58,61.24,61.47,6319931
2021-07-12 04:00:00+00:00,61.37,61.46,61.14,61.38,7397637
2021-07-13 04:00:00+00:00,61.36,61.73,61.23,61.36,14427917
2021-07-14 04:00:00+00:00,61.44,61.99,61.35,61.9,7764907
2021-07-15 04:00:00+00:00,61.8,62.16,61.63,62.16,8684465
2021-07-16 04:00:00+00:00,62.26,62.49,62.17,62.25,8652201
2021-07-19 04:00:00+00:00,62.04,62.45,61.52,62.07,21090712
2021-07-20 04:00:00+00:00,62.06,62.69,61.92,62.09,20829211
2021-07-21 04:00:00+00:00,62.37,62.42,61.91,61.93,9524456
2021-07-22 04:00:00+00:00,61.77,61.99,61.43,61.82,9632121
2021-07-23 04:00:00+00:00,61.84,62.65,61.75,62.57,9859338
2021-07-26 04:00:00+00:00,62.47,62.77,62.32,62.67,6045527
2021-07-27 04:00:00+00:00,62.65,63.08,62.45,62.8,14958972
2021-07-28 04:00:00+00:00,62.65,62.73,62.12,62.25,9114115
2021-07-29 04:00:00+00:00,62.48,62.73,62.42,62.56,8811096
2021-07-30 04:00:00+00:00,62.65,62.99,62.57,62.66,11273945
2021-08-02 04:00:00+00:00,62.66,62.73,62.33,62.4,12050103
2021-08-03 04:00:00+00:00,62.42,62.8,62.27,62.68,8760267
2021-08-04 04:00:00+00:00,62.46,62.62,61.82,61.87,8903760
2021-08-05 04:00:00+00:00,62.19,62.3,62.01,62.16,7145860
2021-08-06 04:00:00+00:00,62.3,62.42,62.05,62.16,13750973
2021-08-09 04:00:00+00:00,62.37,62.5,62.22,62.39,9194548
2021-08-10 04:00:00+00:00,62.51,62.87,62.41,62.84,11407924
2021-08-11 04:00:00+00:00,63.0,63.3,62.94,63.05,15204626
2021-08-12 04:00:00+00:00,63.08,63.13,62.9,63.01,6512288
2021-08-13 04:00:00+00:00,63.09,63.6,63.0,63.54,9646274
2021-08-16 04:00:00+00:00,63.54,63.93,63.43,63.91,8084623
2021-08-17 04:00:00+00:00,63.79,64.19,63.65,63.94,15666042
2021-08-18 04:00:00+00:00,63.82,63.92,63.1,63.15,11010978
2021-08-19 04:00:00+00:00,62.87,63.78,62.83,63.65,13142988
2021-08-20 04:00:00+00:00,63.65,64.01,63.41,63.76,10726579
2021-08-23 04:00:00+00:00,63.77,63.88,63.53,63.56,8946655
2021-08-24 04:00:00+00:00,63.52,63.54,62.99,63.08,8679099
2021-08-25 04:00:00+00:00,63.03,63.12,62.75,62.97,8156964
2021-08-26 04:00:00+00:00,62.88,62.93,62.47,62.68,13584509
2021-08-27 04:00:00+00:00,62.74,63.01,62.54,62.9,9381718
2021-08-30 04:00:00+00:00,62.92,63.24,62.86,63.18,5811479
2021-08-31 04:00:00+00:00,63.23,63.39,63.08,63.32,8037108
2021-09-01 04:00:00+00:00,63.37,63.72,63.26,63.65,8550324
2021-09-02 04:00:00+00:00,63.78,64.0,63.67,63.9,6798081
2021-09-03 04:00:00+00:00,63.71,63.91,63.52,63.82,6248025
2021-09-07 04:00:00+00:00,63.72,63.72,63.04,63.08,10212368
2021-09-08 04:00:00+00:00,63.01,63.7,62.97,63.63,10862544
2021-09-09 04:00:00+00:00,63.57,63.58,63.2,63.26,7987616
2021-09-10 04:00:00+00:00,63.38,63.41,62.87,62.99,10887865
2021-09-13 04:00:00+00:00,63.23,63.69,62.99,63.15,15880417
2021-09-14 04:00:00+00:00,63.3,63.35,62.75,62.86,10260892
2021-09-15 04:00:00+00:00,62.86,63.19,62.71,63.08,8824670
2021-09-16 04:00:00+00:00,63.01,63.2,62.35,62.87,9873860
2021-09-17 04:00:00+00:00,62.71,62.94,62.52,62.53,13147019
2021-09-20 04:00:00+00:00,62.1,62.46,61.43,61.91,18096503
2021-09-21 04:00:00+00:00,62.08,62.58,61.72,61.84,11140503
2021-09-22 04:00:00+00:00,62.24,62.4,61.89,62.01,10159969
2021-09-23 04:00:00+00:00,62.1,62.53,62.04,62.24,8548409
2021-09-24 04:00:00+00:00,62.15,62.54,62.15,62.27,6717268
2021-09-27 04:00:00+00:00,62.17,62.46,61.93,61.99,9001202
2021-09-28 04:00:00+00:00,61.82,61.89,61.04,61.26,15403014
2021-09-29 04:00:00+00:00,61.38,62.13,61.25,61.81,13790620
2021-09-30 04:00:00+00:00,61.96,62.01,60.67,60.7,16554933
2021-10-01 04:00:00+00:00,60.89,61.15,60.29,60.86,16128528
2021-10-04 04:00:00+00:00,60.84,61.27,60.24,60.66,21338045
2021-10-05 04:00:00+00:00,60.81,61.24,60.68,60.97,17755871
2021-10-06 04:00:00+00:00,60.66,61.63,60.59,61.56,15406061
2021-10-07 04:00:00+00:00,61.87,62.38,61.79,61.84,8396819
2021-10-08 04:00:00+00:00,61.88,62.02,61.65,61.77,7462121
2021-10-11 04:00:00+00:00,61.86,62.08,61.7,61.75,8540654
2021-10-12 04:00:00+00:00,61.8,62.25,61.64,61.78,12474210
2021-10-13 04:00:00+00:00,61.84,62.06,61.36,61.89,9628157
2021-10-14 04:00:00+00:00,62.12,62.68,62.08,62.59,9975213
2021-10-15 04:00:00+00:00,62.8,62.82,62.26,62.44,11854028
2021-10-18 04:00:00+00:00,62.16,62.36,61.74,62.07,10409996
2021-10-19 04:00:00+00:00,61.96,62.1,61.66,62.09,10223593
2021-10-20 04:00:00+00:00,62.15,62.67,62.1,62.45,9196112
2021-10-21 04:00:00+00:00,62.54,62.59,62.3,62.38,8308881
2021-10-22 04:00:00+00:00,62.5,62.96,62.45,62.86,9588702
2021-10-25 04:00:00+00:00,62.82,62.95,62.38,62.82,7025084
2021-10-26 04:00:00+00:00,62.83,63.2,62.78,63.04,8831529
2021-10-27 04:00:00+00:00,63.36,63.41,62.64,62.67,10635124
2021-10-28 04:00:00+00:00,62.68,62.91,62.58,62.89,8732628
2021-10-29 04:00:00+00:00,62.73,63.07,62.67,62.83,8454531
2021-11-01 04:00:00+00:00,62.96,63.06,62.7,62.92,7180838
2021-11-02 04:00:00+00:00,62.96,63.49,62.77,63.35,10201693
2021-11-03 04:00:00+00:00,63.35,63.94,63.31,63.94,10801122
2021-11-04 04:00:00+00:00,63.71,64.05,63.54,64.0,13678049
2021-11-05 04:00:00+00:00,64.24,64.47,64.12,64.37,10210383
2021-11-08 05:00:00+00:00,64.39,64.44,63.56,63.86,15839112
2021-11-09 05:00:00+00:00,63.87,64.14,63.66,64.08,13564978
2021-11-10 05:00:00+00:00,64.14,64.44,64.02,64.27,11630070
2021-11-11 05:00:00+00:00,64.32,64.35,64.08,64.23,6399687
2021-11-12 05:00:00+00:00,64.36,64.53,64.12,64.23,8614178
2021-11-15 05:00:00+00:00,64.34,64.6,64.22,64.54,7051642
2021-11-16 05:00:00+00:00,64.49,64.7,64.1,64.13,6984869
2021-11-17 05:00:00+00:00,64.07,64.19,63.88,63.99,13029550
2021-11-18 05:00:00+00:00,63.82,63.91,63.46,63.76,11566629
2021-11-19 05:00:00+00:00,63.9,63.92,63.5,63.53,12306966
2021-11-22 05:00:00+00:00,63.61,64.47,63.54,64.03,13445016
2021-11-23 05:00:00+00:00,64.04,64.56,63.94,64.46,13760562
2021-11-24 05:00:00+00:00,64.37,64.47,63.97,64.26,9940475
2021-11-26 05:00:00+00:00,63.83,64.12,63.22,63.45,12053962
2021-11-29 05:00:00+00:00,63.52,63.86,63.2,63.61,13867028
2021-11-30 05:00:00+00:00,63.21,63.27,61.85,61.98,24482851
2021-12-01 05:00:00+00:00,62.4,62.92,61.65,61.68,23086087
2021-12-02 05:00:00+00:00,61.89,62.73,61.89,62.33,18884854
2021-12-03 05:00:00+00:00,62.68,63.2,62.49,63.11,23795084
2021-12-06 05:00:00+00:00,63.56,64.46,63.55,64.22,20372374
2021-12-07 05:00:00+00:00,64.32,64.68,64.2,64.36,13456054
2021-12-08 05:00:00+00:00,64.25,64.54,63.61,64.16,17633587
2021-12-09 05:00:00+00:00,64.15,64.56,63.87,64.33,8960720
2021-12-10 05:00:00+00:00,64.71,65.46,64.59,65.42,11026482
2021-12-13 05:00:00+00:00,65.4,66.48,65.3,66.27,16740049
2021-12-14 05:00:00+00:00,66.14,66.42,65.88,66.32,16170835
2021-12-15 05:00:00+00:00,66.33,67.07,66.3,66.99,21473977
2021-12-16 05:00:00+00:00,66.93,67.7,66.92,67.46,14840949
2021-12-17 05:00:00+00:00,67.23,67.56,66.27,66.31,23767320
2021-12-20 05:00:00+00:00,65.8,66.36,65.72,66.33,14353044
2021-12-21 05:00:00+00:00,66.33,66.37,65.85,66.24,12103776
2021-12-22 05:00:00+00:00,66.21,66.68,65.95,66.66,7757079
2021-12-23 05:00:00+00:00,66.82,67.03,66.7,66.81,8220110
2021-12-27 05:00:00+00:00,66.85,67.52,66.85,67.52,7540014
2021-12-28 05:00:00+00:00,67.44,67.97,67.44,67.9,7375330
2021-12-29 05:00:00+00:00,67.97,68.37,67.85,68.21,8020206
2021-12-30 05:00:00+00:00,68.38,68.45,67.95,68.0,6900166
2021-12-31 05:00:00+00:00,67.95,68.56,67.92,68.46,11297887
2022-01-03 05:00:00+00:00,68.06,68.48,67.49,68.45,24906726
2022-01-04 05:00:00+00:00,68.43,69.13,68.4,68.91,23095379
2022-01-05 05:00:00+00:00,68.82,69.41,68.8,68.85,29779894
2022-01-06 05:00:00+00:00,68.8,69.23,68.56,68.66,26953445
2022-01-07 05:00:00+00:00,68.56,69.0,68.37,68.73,12757715
2022-01-10 05:00:00+00:00,68.63,68.77,67.97,68.19,18973440
2022-01-11 05:00:00+00:00,68.12,68.17,67.36,68.11,19917638
2022-01-12 05:00:00+00:00,68.07,68.19,67.82,68.14,11190269
2022-01-13 05:00:00+00:00,68.21,68.4,67.99,68.26,14432593
2022-01-14 05:00:00+00:00,68.09,68.48,67.78,68.39,22521378
2022-01-18 05:00:00+00:00,67.88,67.9,67.19,67.4,16747537
2022-01-19 05:00:00+00:00,67.53,68.29,67.51,67.83,18547071
2022-01-20 05:00:00+00:00,67.77,68.34,67.33,67.38,15877352
2022-01-21 05:00:00+00:00,67.72,68.3,67.33,67.44,25331845
2022-01-24 05:00:00+00:00,67.17,67.61,65.79,67.22,35578795
2022-01-25 05:00:00+00:00,66.63,66.86,65.67,66.47,28880976
2022-01-26 05:00:00+00:00,66.27,66.86,65.57,65.96,33267691
2022-01-27 05:00:00+00:00,66.49,67.45,66.15,66.41,23986402
2022-01-28 05:00:00+00:00,66.06,67.22,65.48,67.19,26159066
2022-01-31 05:00:00+00:00,66.78,67.51,66.63,67.45,15491597
2022-02-01 05:00:00+00:00,67.45,67.6,66.69,67.38,15656109
2022-02-02 05:00:00+00:00,67.45,68.29,67.39,68.19,13830207
2022-02-03 05:00:00+00:00,67.88,68.55,67.78,68.21,14469657
2022-02-04 05:00:00+00:00,67.75,68.07,66.99,67.37,17968996
2022-02-07 05:00:00+00:00,67.64,67.83,67.11,67.5,11140038
2022-02-08 05:00:00+00:00,67.66,67.94,67.39,67.76,11633018
2022-02-09 05:00:00+00:00,68.09,68.24,67.66,67.77,14923966
2022-02-10 05:00:00+00:00,67.4,67.71,66.8,67.05,19942390
2022-02-11 05:00:00+00:00,67.24,67.49,66.61,66.81,18519091
2022-02-14 05:00:00+00:00,66.81,67.06,65.73,66.62,23588872
2022-02-15 05:00:00+00:00,67.02,67.45,66.42,66.74,12331072
2022-02-16 05:00:00+00:00,66.7,67.1,66.22,66.86,13527716
2022-02-17 05:00:00+00:00,66.69,67.56,66.5,67.37,12894013
2022-02-18 05:00:00+00:00,67.32,67.76,67.1,67.5,16630993
2022-02-22 05:00:00+00:00,67.55,67.61,66.55,66.98,21625465
2022-02-23 05:00:00+00:00,67.2,67.23,66.35,66.43,15152087
2022-02-24 05:00:00+00:00,65.55,65.7,64.09,65.29,32847349
2022-02-25 05:00:00+00:00,65.67,67.49,65.64,67.39,21841157
2022-02-28 05:00:00+00:00,66.39,66.77,65.78,66.5,21017302
2022-03-01 05:00:00+00:00,66.32,66.86,65.75,66.11,19089722
2022-03-02 05:00:00+00:00,66.12,67.11,66.03,66.81,18958904
2022-03-03 05:00:00+00:00,67.1,67.75,67.04,67.35,19604270
2022-03-04 05:00:00+00:00,66.58,67.5,66.33,67.36,22105096
2022-03-07 05:00:00+00:00,66.99,67.29,66.05,66.13,20118578
2022-03-08 05:00:00+00:00,66.2,66.37,64.3,64.35,29744291
2022-03-09 05:00:00+00:00,65.35,65.36,64.5,64.78,18322644
2022-03-10 05:00:00+00:00,64.32,64.57,63.57,64.17,21934486
2022-03-11 05:00:00+00:00,64.4,64.76,63.34,63.42,14318790
2022-03-14 04:00:00+00:00,63.82,64.4,63.42,63.76,18482291
2022-03-15 04:00:00+00:00,64.34,65.27,64.19,65.19,17141416
2022-03-16 04:00:00+00:00,65.35,65.6,64.33,65.26,18813786
2022-03-17 04:00:00+00:00,65.22,65.83,65.06,65.71,14500877
2022-03-18 04:00:00+00:00,65.78,65.93,65.28,65.87,20295448
2022-03-21 04:00:00+00:00,66.03,66.54,65.58,65.95,17692215
2022-03-22 04:00:00+00:00,66.44,66.57,65.88,66.44,11690303
2022-03-23 04:00:00+00:00,66.52,66.69,65.84,65.91,14063351
2022-03-24 04:00:00+00:00,66.17,66.39,65.95,66.37,9501723
2022-03-25 04:00:00+00:00,66.53,67.05,66.47,66.92,14745782
2022-03-28 04:00:00+00:00,66.95,67.2,66.56,67.2,12022576
2022-03-29 04:00:00+00:00,67.73,67.92,67.19,67.8,16929494
2022-03-30 04:00:00+00:00,67.53,67.85,67.24,67.85,13579268
2022-03-31 04:00:00+00:00,67.76,68.09,67.56,67.68,13172954
2022-04-01 04:00:00+00:00,67.81,68.43,67.54,68.36,12861107
2022-04-04 04:00:00+00:00,68.24,68.24,67.37,68.14,9755695
2022-04-05 04:00:00+00:00,67.83,68.91,67.83,68.21,12874250
2022-04-06 04:00:00+00:00,68.21,69.16,67.91,69.07,23879922
2022-04-07 04:00:00+00:00,69.3,70.06,69.11,69.91,18353869
2022-04-08 04:00:00+00:00,70.1,70.42,69.78,70.2,13916403
2022-04-11 04:00:00+00:00,70.33,70.56,69.79,69.92,18507236
2022-04-12 04:00:00+00:00,69.93,70.42,69.68,69.94,20039693
2022-04-13 04:00:00+00:00,69.88,70.42,69.87,70.33,11981832
2022-04-14 04:00:00+00:00,70.45,70.8,70.27,70.31,12636290
2022-04-18 04:00:00+00:00,70.15,70.41,69.53,69.73,11662448
2022-04-19 04:00:00+00:00,69.76,70.89,69.7,70.79,13155936
2022-04-20 04:00:00+00:00,71.19,72.01,71.14,71.85,21956886
2022-04-21 04:00:00+00:00,72.0,72.54,71.74,71.79,18807272
2022-04-22 04:00:00+00:00,71.96,72.05,70.61,70.67,20270527
2022-04-25 04:00:00+00:00,70.89,71.19,69.72,70.98,31182587
2022-04-26 04:00:00+00:00,70.87,71.21,69.87,69.88,27257387
2022-04-27 04:00:00+00:00,70.03,70.87,69.85,70.14,29589142
2022-04-28 04:00:00+00:00,70.24,71.26,69.87,71.18,22732007
2022-04-29 04:00:00+00:00,70.82,70.93,69.15,69.24,28340230
2022-05-02 04:00:00+00:00,69.72,69.82,67.32,68.33,59285390
2022-05-03 04:00:00+00:00,68.22,68.78,67.69,68.14,49206089
2022-05-04 04:00:00+00:00,68.16,69.77,67.96,69.67,38684799
2022-05-05 04:00:00+00:00,69.29,69.46,67.84,68.35,34242820
2022-05-06 04:00:00+00:00,68.1,68.77,67.76,68.42,34234337
2022-05-09 04:00:00+00:00,67.89,69.0,67.57,68.39,33367989
2022-05-10 04:00:00+00:00,68.74,68.96,67.64,67.92,32878571
2022-05-11 04:00:00+00:00,68.0,68.77,67.57,67.63,30344350
2022-05-12 04:00:00+00:00,67.76,68.1,66.89,67.61,29317528
2022-05-13 04:00:00+00:00,67.95,68.68,67.54,68.63,15474438
2022-05-16 04:00:00+00:00,68.58,69.25,68.29,68.94,14814676
2022-05-17 04:00:00+00:00,68.7,68.88,67.77,68.47,20927958
2022-05-18 04:00:00+00:00,67.72,67.74,63.85,64.06,40497945
2022-05-19 04:00:00+00:00,63.7,63.72,62.5,62.92,39297119
2022-05-20 04:00:00+00:00,63.27,63.29,62.05,63.05,26813096
2022-05-23 04:00:00+00:00,63.75,64.59,63.56,64.35,18043182
2022-05-24 04:00:00+00:00,64.2,65.5,64.1,65.41,23847594
2022-05-25 04:00:00+00:00,65.28,65.61,64.87,65.42,18657974
2022-05-26 04:00:00+00:00,65.73,66.46,65.62,66.12,16882787
2022-05-27 04:00:00+00:00,66.22,66.89,66.1,66.89,17282480
2022-05-31 04:00:00+00:00,66.53,66.85,65.72,66.41,19256503
2022-06-01 04:00:00+00:00,66.5,66.56,65.11,65.55,17634634
2022-06-02 04:00:00+00:00,65.7,66.5,64.62,66.5,18305293
2022-06-03 04:00:00+00:00,66.23,66.49,65.66,65.83,9763681
2022-06-06 04:00:00+00:00,66.29,66.49,65.63,65.86,10955664
2022-06-07 04:00:00+00:00,65.0,66.3,65.0,66.21,9285226
2022-06-08 04:00:00+00:00,65.83,65.98,65.35,65.4,8089122
2022-06-09 04:00:00+00:00,65.33,65.97,64.39,64.42,9591770
2022-06-10 04:00:00+00:00,63.62,64.65,63.29,64.14,17951232
2022-06-13 04:00:00+00:00,63.19,63.62,62.5,62.76,23323799
2022-06-14 04:00:00+00:00,62.74,63.03,61.57,62.02,20123867
2022-06-15 04:00:00+00:00,62.45,62.95,61.38,62.08,20295700
2022-06-16 04:00:00+00:00,61.23,62.08,60.84,61.61,19363886
2022-06-17 04:00:00+00:00,61.71,62.05,61.11,61.38,25807176
2022-06-21 04:00:00+00:00,62.11,63.2,61.82,63.02,16532823
2022-06-22 04:00:00+00:00,62.71,63.41,62.46,62.98,15439901
2022-06-23 04:00:00+00:00,63.41,64.26,63.35,64.2,17070763
2022-06-24 04:00:00+00:00,64.77,65.48,64.53,65.46,13490612
2022-06-27 04:00:00+00:00,65.52,65.63,65.09,65.28,11509893
2022-06-28 04:00:00+00:00,65.47,65.88,64.35,64.41,11734578
2022-06-29 04:00:00+00:00,64.66,65.08,64.5,64.81,9434370
2022-06-30 04:00:00+00:00,64.48,65.14,64.09,64.86,12910771
2022-07-01 04:00:00+00:00,64.87,65.83,64.77,65.79,12486769
2022-07-05 04:00:00+00:00,65.35,65.57,64.32,65.37,13077469
2022-07-06 04:00:00+00:00,65.61,66.01,65.35,65.56,12114308
2022-07-07 04:00:00+00:00,65.5,65.73,65.23,65.62,8886927
2022-07-08 04:00:00+00:00,65.65,66.02,65.29,65.5,11028102
2022-07-11 04:00:00+00:00,65.42,65.86,65.19,65.41,7348739
2022-07-12 04:00:00+00:00,65.5,66.09,64.99,65.22,11247483
2022-07-13 04:00:00+00:00,64.85,65.85,64.68,65.27,14362582
2022-07-14 04:00:00+00:00,64.43,65.42,64.42,65.32,11037374
2022-07-15 04:00:00+00:00,65.75,65.96,65.27,65.54,9447649
2022-07-18 04:00:00+00:00,65.65,65.76,64.78,64.9,8648497
2022-07-19 04:00:00+00:00,65.44,65.7,65.25,65.58,8921034
2022-07-20 04:00:00+00:00,65.65,65.72,64.8,65.14,10456616
2022-07-21 04:00:00+00:00,65.02,65.49,64.83,65.34,12111786
2022-07-22 04:00:00+00:00,65.48,65.96,65.39,65.77,9711788
2022-07-25 04:00:00+00:00,65.85,66.25,65.72,66.09,8332006
2022-07-26 04:00:00+00:00,65.49,66.04,65.27,65.94,9870078
2022-07-27 04:00:00+00:00,65.82,66.58,65.32,66.39,11011824
2022-07-28 04:00:00+00:00,66.44,67.59,66.32,67.45,9575565
2022-07-29 04:00:00+00:00,66.68,67.04,66.5,66.93,13228221
2022-08-01 04:00:00+00:00,66.84,67.98,66.81,67.77,14401996
2022-08-02 04:00:00+00:00,67.72,67.85,67.13,67.23,11626054
2022-08-03 04:00:00+00:00,67.25,67.8,66.97,67.67,13966380
2022-08-04 04:00:00+00:00,67.51,67.7,66.94,67.22,13000306
2022-08-05 04:00:00+00:00,66.89,67.11,66.44,67.07,7319249
2022-08-08 04:00:00+00:00,67.33,67.53,66.87,67.03,7149299
2022-08-09 04:00:00+00:00,67.13,67.23,66.8,66.93,8262341
2022-08-10 04:00:00+00:00,67.57,67.63,67.19,67.42,11472079
2022-08-11 04:00:00+00:00,67.71,67.92,67.11,67.26,9852902
2022-08-12 04:00:00+00:00,67.47,67.85,67.21,67.85,12279587
2022-08-15 04:00:00+00:00,67.81,68.59,67.7,68.52,10333947
2022-08-16 04:00:00+00:00,68.77,69.55,68.72,69.29,13289536
2022-08-17 04:00:00+00:00,69.01,69.37,68.93,69.1,9899780
2022-08-18 04:00:00+00:00,68.99,69.43,68.91,69.33,6215111
2022-08-19 04:00:00+00:00,69.11,69.44,68.98,69.1,6625525
2022-08-22 04:00:00+00:00,68.9,68.92,68.29,68.4,7760967
2022-08-23 04:00:00+00:00,68.15,68.21,67.81,68.11,11340480
2022-08-24 04:00:00+00:00,68.22,68.42,67.99,68.28,8267821
2022-08-25 04:00:00+00:00,68.31,68.59,67.98,68.59,6450426
2022-08-26 04:00:00+00:00,68.63,68.71,66.81,66.89,11807678
2022-08-29 04:00:00+00:00,66.5,67.16,66.32,66.79,13383846
2022-08-30 04:00:00+00:00,66.91,66.91,65.92,66.09,10864253
2022-08-31 04:00:00+00:00,66.3,66.42,65.69,65.69,10677295
2022-09-01 04:00:00+00:00,65.47,66.2,65.22,66.06,17371448
2022-09-02 04:00:00+00:00,66.56,66.82,64.99,65.2,17417334
2022-09-06 04:00:00+00:00,65.23,65.75,64.74,64.83,23702935
2022-09-07 04:00:00+00:00,65.03,66.08,64.98,66.0,21205127
2022-09-08 04:00:00+00:00,65.67,66.08,65.05,65.83,14982380
2022-09-09 04:00:00+00:00,66.0,66.92,65.75,66.47,18587247
2022-09-12 04:00:00+00:00,66.53,66.95,66.44,66.73,8886495
2022-09-13 04:00:00+00:00,66.18,66.27,64.32,64.5,13548373
2022-09-14 04:00:00+00:00,64.7,64.78,64.1,64.48,12625095
2022-09-15 04:00:00+00:00,64.44,64.5,63.77,63.94,11536036
2022-09-16 04:00:00+00:00,63.71,64.16,63.7,64.09,13878678
2022-09-19 04:00:00+00:00,63.85,64.56,63.85,64.52,9740244
2022-09-20 04:00:00+00:00,64.09,64.31,63.67,64.16,9529346
2022-09-21 04:00:00+00:00,64.55,65.19,63.88,63.92,14514023
2022-09-22 04:00:00+00:00,63.97,64.26,63.71,63.83,10825320
2022-09-23 04:00:00+00:00,63.48,63.48,62.09,62.74,16745364
2022-09-26 04:00:00+00:00,62.61,63.33,62.49,62.79,11811516
2022-09-27 04:00:00+00:00,63.1,63.44,61.58,61.7,17733464
2022-09-28 04:00:00+00:00,61.98,62.75,61.44,62.45,14702557
2022-09-29 04:00:00+00:00,62.3,62.43,61.04,61.41,13809969
2022-09-30 04:00:00+00:00,61.57,61.67,60.3,60.35,13963259
2022-10-03 04:00:00+00:00,60.78,61.54,60.45,61.39,12879629
2022-10-04 04:00:00+00:00,61.76,62.64,61.74,62.32,13561754
2022-10-05 04:00:00+00:00,61.99,62.29,61.3,61.96,11077581
2022-10-06 04:00:00+00:00,61.94,62.05,60.92,61.05,10779410
2022-10-07 04:00:00+00:00,60.94,61.01,59.9,60.14,14033595
2022-10-10 04:00:00+00:00,60.25,60.61,59.85,60.36,11972688
2022-10-11 04:00:00+00:00,60.39,61.41,60.29,60.85,10897178
2022-10-12 04:00:00+00:00,61.45,61.88,61.17,61.18,11107859
2022-10-13 04:00:00+00:00,60.59,62.42,60.31,62.19,18493198
2022-10-14 04:00:00+00:00,62.56,62.64,60.97,61.07,11822591
2022-10-17 04:00:00+00:00,61.71,62.04,61.59,61.73,9255710
2022-10-18 04:00:00+00:00,62.65,62.96,62.17,62.54,11136018
2022-10-19 04:00:00+00:00,62.63,62.96,61.99,62.25,9159141
2022-10-20 04:00:00+00:00,62.27,62.41,61.32,61.38,10186060
2022-10-21 04:00:00+00:00,61.34,62.47,61.14,62.32,9755898
2022-10-24 04:00:00+00:00,62.76,63.57,62.63,63.44,11372532
2022-10-25 04:00:00+00:00,63.59,64.35,63.22,64.27,10724517
2022-10-26 04:00:00+00:00,64.42,65.16,64.22,64.7,9627023
2022-10-27 04:00:00+00:00,64.76,65.18,64.65,64.75,10126341
2022-10-28 04:00:00+00:00,64.87,66.29,64.84,66.17,9720759
2022-10-31 04:00:00+00:00,65.98,66.19,65.61,65.78,9460393
2022-11-01 04:00:00+00:00,65.95,66.26,65.34,65.57,9655308
2022-11-02 04:00:00+00:00,65.44,66.09,64.4,64.44,16437797
2022-11-03 04:00:00+00:00,63.89,64.51,63.74,64.22,10743333
2022-11-04 04:00:00+00:00,64.99,65.34,64.12,64.98,12544588
2022-11-07 05:00:00+00:00,65.11,65.67,64.99,65.56,7133604
2022-11-08 05:00:00+00:00,65.76,66.15,65.07,65.75,9091943
2022-11-09 05:00:00+00:00,65.58,65.99,64.98,65.03,9465239
2022-11-10 05:00:00+00:00,66.42,66.73,65.45,66.56,19286103
2022-11-11 05:00:00+00:00,66.74,66.81,65.45,66.49,14289251
2022-11-14 05:00:00+00:00,66.42,67.03,65.92,65.96,14760538
2022-11-15 05:00:00+00:00,66.8,67.01,65.97,66.52,15064305
2022-11-16 05:00:00+00:00,66.61,67.18,66.57,66.84,9748595
2022-11-17 05:00:00+00:00,66.25,66.86,66.25,66.82,7827227
2022-11-18 05:00:00+00:00,67.37,67.62,67.08,67.54,9070764
2022-11-21 05:00:00+00:00,67.66,68.28,67.52,68.18,8054931
2022-11-22 05:00:00+00:00,68.69,68.74,68.42,68.68,6307095
2022-11-23 05:00:00+00:00,68.73,69.05,68.64,68.91,6286419
2022-11-25 05:00:00+00:00,69.0,69.01,68.82,68.96,2978024
2022-11-28 05:00:00+00:00,68.7,69.07,68.6,68.69,8698808
2022-11-29 05:00:00+00:00,68.51,68.66,68.08,68.43,7755123
2022-11-30 05:00:00+00:00,68.39,69.83,68.03,69.81,11704238
2022-12-01 05:00:00+00:00,69.68,69.76,69.2,69.49,10215834
2022-12-02 05:00:00+00:00,68.98,69.9,68.9,69.81,6086752
2022-12-05 05:00:00+00:00,69.06,69.14,68.73,68.93,8633024
2022-12-06 05:00:00+00:00,69.0,69.26,68.17,68.51,8136329
2022-12-07 05:00:00+00:00,68.63,68.94,68.51,68.79,7298685
2022-12-08 05:00:00+00:00,68.69,69.17,68.6,69.17,7803383
2022-12-09 05:00:00+00:00,68.83,69.13,68.62,68.63,9761190
2022-12-12 05:00:00+00:00,68.76,69.36,68.54,69.36,6996833
2022-12-13 05:00:00+00:00,70.04,70.2,68.82,69.26,11349134
2022-12-14 05:00:00+00:00,69.36,69.88,68.8,69.21,13820240
2022-12-15 05:00:00+00:00,68.63,68.77,67.52,68.03,11281678
2022-12-16 05:00:00+00:00,67.68,67.92,67.11,67.7,14548942
2022-12-19 05:00:00+00:00,67.68,68.25,67.26,67.66,8093914
2022-12-20 05:00:00+00:00,67.54,67.87,67.23,67.6,7368975
2022-12-21 05:00:00+00:00,67.93,68.54,67.89,68.28,7953290
2022-12-22 05:00:00+00:00,68.03,68.15,67.37,68.12,6888351
2022-12-23 05:00:00+00:00,68.16,68.52,67.93,68.48,4874659
2022-12-27 05:00:00+00:00,68.57,68.94,68.42,68.8,4839729
2022-12-28 05:00:00+00:00,69.01,69.1,67.94,67.95,5028990
2022-12-29 05:00:00+00:00,68.22,68.49,68.11,68.24,5574893
2022-12-30 05:00:00+00:00,68.1,68.16,67.41,67.9,6238601
2023-01-03 05:00:00+00:00,67.94,67.97,66.97,67.65,14433360
2023-01-04 05:00:00+00:00,67.84,68.33,67.48,67.91,12197256
2023-01-05 05:00:00+00:00,67.78,67.84,67.09,67.23,9848196
2023-01-06 05:00:00+00:00,68.09,69.29,68.04,69.02,9982371
2023-01-09 05:00:00+00:00,68.98,69.45,68.35,68.35,11081840
2023-01-10 05:00:00+00:00,68.43,68.54,68.03,68.26,8427855
2023-01-11 05:00:00+00:00,68.49,68.68,67.7,68.29,9848317
2023-01-12 05:00:00+00:00,68.44,68.45,67.59,67.76,9841291
2023-01-13 05:00:00+00:00,67.58,68.09,67.53,68.08,9274196
2023-01-17 05:00:00+00:00,68.19,68.7,68.02,68.12,9007022
2023-01-18 05:00:00+00:00,67.96,68.0,66.16,66.26,16069923
2023-01-19 05:00:00+00:00,66.0,66.3,65.61,65.64,12421545
2023-01-20 05:00:00+00:00,65.68,66.17,65.22,66.15,12323636
2023-01-23 05:00:00+00:00,66.27,66.7,66.08,66.35,12000433
2023-01-24 05:00:00+00:00,66.34,66.81,65.94,66.63,13465588
2023-01-25 05:00:00+00:00,66.23,66.79,65.9,66.79,11606801
2023-01-26 05:00:00+00:00,66.72,66.77,66.34,66.56,8081676
2023-01-27 05:00:00+00:00,66.51,66.67,66.04,66.36,10341672
2023-01-30 05:00:00+00:00,66.23,66.94,66.23,66.45,10463129
2023-01-31 05:00:00+00:00,66.57,67.17,66.37,67.17,8002698
2023-02-01 05:00:00+00:00,67.11,68.0,66.82,67.7,15447622
2023-02-02 05:00:00+00:00,67.25,67.56,66.82,67.12,12238803
2023-02-03 05:00:00+00:00,67.32,67.34,66.36,66.86,12874118
2023-02-06 05:00:00+00:00,66.75,67.07,66.7,66.94,7209101
2023-02-07 05:00:00+00:00,66.46,66.78,65.99,66.66,9268430
2023-02-08 05:00:00+00:00,66.29,66.41,66.03,66.15,8933483
2023-02-09 05:00:00+00:00,66.49,66.73,65.77,65.85,8341482
2023-02-10 05:00:00+00:00,65.85,66.52,65.71,66.46,8196905
2023-02-13 05:00:00+00:00,66.66,67.25,66.63,67.22,7440544
2023-02-14 05:00:00+00:00,67.17,67.2,66.38,66.61,9344740
2023-02-15 05:00:00+00:00,66.47,66.76,66.2,66.74,9006025
2023-02-16 05:00:00+00:00,66.15,66.66,65.86,66.25,8355096
2023-02-17 05:00:00+00:00,66.06,67.14,66.06,67.11,11115967
2023-02-21 05:00:00+00:00,66.84,67.21,66.5,66.86,8974751
2023-02-22 05:00:00+00:00,66.95,67.41,66.59,66.76,8851001
2023-02-23 05:00:00+00:00,66.82,67.0,66.26,66.67,12700140
2023-02-24 05:00:00+00:00,66.18,66.33,65.83,66.23,11340172
2023-02-27 05:00:00+00:00,66.55,66.72,66.01,66.15,10162251
2023-02-28 05:00:00+00:00,65.88,66.0,65.58,65.61,9757334
2023-03-01 05:00:00+00:00,65.41,65.48,64.61,65.13,10475023
2023-03-02 05:00:00+00:00,65.13,66.15,65.07,66.02,9876126
2023-03-03 05:00:00+00:00,66.02,66.13,65.46,66.07,12383585
2023-03-06 05:00:00+00:00,65.89,66.35,65.86,66.25,8356010
2023-03-07 05:00:00+00:00,66.25,66.47,65.48,65.59,10059504
2023-03-08 05:00:00+00:00,65.53,65.77,65.3,65.7,11170813
2023-03-09 05:00:00+00:00,65.95,66.06,64.89,65.09,15612688
2023-03-10 05:00:00+00:00,65.22,65.47,64.53,64.77,19026307
2023-03-13 04:00:00+00:00,64.71,66.1,64.67,65.1,29830904
2023-03-14 04:00:00+00:00,65.29,65.73,65.06,65.69,19139214
2023-03-15 04:00:00+00:00,65.26,66.2,65.11,66.12,21438247
2023-03-16 04:00:00+00:00,66.07,66.23,65.69,66.16,15712521
2023-03-17 04:00:00+00:00,66.07,66.18,65.38,65.68,13283430
2023-03-20 04:00:00+00:00,65.93,66.66,65.9,66.59,14131040
2023-03-21 04:00:00+00:00,66.69,66.84,66.07,66.54,12499653
2023-03-22 04:00:00+00:00,66.66,66.94,65.91,65.92,11942225
2023-03-23 04:00:00+00:00,66.1,66.33,65.42,65.67,12160406
2023-03-24 04:00:00+00:00,65.84,66.84,65.77,66.78,12352546
2023-03-27 04:00:00+00:00,67.01,67.44,67.0,67.14,10865542
2023-03-28 04:00:00+00:00,67.24,67.63,67.17,67.26,11593405
2023-03-29 04:00:00+00:00,67.63,67.71,67.46,67.63,9483497
2023-03-30 04:00:00+00:00,67.81,68.0,67.62,67.83,10737853
2023-03-31 04:00:00+00:00,68.17,68.4,68.06,68.38,10338388
2023-04-03 04:00:00+00:00,68.42,68.88,68.17,68.73,9607702
2023-04-04 04:00:00+00:00,68.71,69.0,68.44,68.6,7272864
2023-04-05 04:00:00+00:00,68.79,69.22,68.79,68.92,12410027
2023-04-06 04:00:00+00:00,68.85,69.09,68.56,68.97,8616848
2023-04-10 04:00:00+00:00,68.73,68.99,68.31,68.97,9423434
2023-04-11 04:00:00+00:00,69.1,69.36,69.04,69.17,12944305
2023-04-12 04:00:00+00:00,69.16,69.39,68.77,68.86,10386357
2023-04-13 04:00:00+00:00,68.89,69.28,68.57,69.25,12918992
2023-04-14 04:00:00+00:00,69.06,69.36,68.62,68.81,8789738
2023-04-17 04:00:00+00:00,68.94,69.25,68.86,69.25,9683477
2023-04-18 04:00:00+00:00,69.24,69.52,69.01,69.46,7233258
2023-04-19 04:00:00+00:00,69.54,69.61,69.2,69.41,6283769
2023-04-20 04:00:00+00:00,69.16,69.79,69.13,69.57,7329495
2023-04-21 04:00:00+00:00,70.04,70.44,69.93,70.08,10431031
2023-04-24 04:00:00+00:00,70.08,70.4,70.08,70.36,8723122
2023-04-25 04:00:00+00:00,70.34,70.81,70.19,70.27,12179666
2023-04-26 04:00:00+00:00,69.94,70.21,69.68,69.72,8778847
2023-04-27 04:00:00+00:00,69.76,70.57,69.71,70.5,11287817
2023-04-28 04:00:00+00:00,70.68,71.01,70.51,70.87,9757570
2023-05-01 04:00:00+00:00,70.76,71.22,70.74,70.93,10860790
2023-05-02 04:00:00+00:00,70.87,70.9,70.02,70.74,19136005
2023-05-03 04:00:00+00:00,70.53,70.82,70.14,70.16,11656658
2023-05-04 04:00:00+00:00,70.23,70.34,69.76,69.99,11682633
2023-05-05 04:00:00+00:00,70.1,70.69,70.01,70.64,10479123
2023-05-08 04:00:00+00:00,70.39,70.52,70.19,70.43,8069277
2023-05-09 04:00:00+00:00,70.44,70.44,70.08,70.21,6939661
2023-05-10 04:00:00+00:00,70.22,70.53,69.61,70.1,12259129
2023-05-11 04:00:00+00:00,70.08,70.35,69.69,70.31,11790844
2023-05-12 04:00:00+00:00,70.38,70.6,70.23,70.58,7012026
2023-05-15 04:00:00+00:00,70.69,70.78,70.1,70.41,8652296
2023-05-16 04:00:00+00:00,70.31,70.31,69.71,69.81,11310742
2023-05-17 04:00:00+00:00,70.0,70.0,69.35,69.78,10891385
2023-05-18 04:00:00+00:00,69.52,69.61,69.02,69.44,10765464
2023-05-19 04:00:00+00:00,69.58,69.67,69.18,69.48,10457554
2023-05-22 04:00:00+00:00,69.3,69.42,68.39,68.43,14575843
2023-05-23 04:00:00+00:00,68.25,68.3,67.84,67.93,13700364
2023-05-24 04:00:00+00:00,67.95,68.0,67.43,67.49,11901922
2023-05-25 04:00:00+00:00,66.89,67.22,66.47,66.98,17725020
2023-05-26 04:00:00+00:00,66.91,67.31,66.68,67.2,15531020
2023-05-30 04:00:00+00:00,66.81,66.98,66.22,66.44,22766942
2023-05-31 04:00:00+00:00,66.52,66.87,66.18,66.51,22328561
2023-06-01 04:00:00+00:00,66.49,66.56,66.12,66.45,13836271
2023-06-02 04:00:00+00:00,66.48,67.41,66.46,67.37,14719938
2023-06-05 04:00:00+00:00,67.27,67.75,67.0,67.12,10829145
2023-06-06 04:00:00+00:00,67.19,67.31,66.4,66.78,10796879
2023-06-07 04:00:00+00:00,66.35,66.75,66.15,66.56,13595054
2023-06-08 04:00:00+00:00,66.64,67.04,66.48,67.02,8881494
2023-06-09 04:00:00+00:00,66.79,67.12,66.65,66.91,8756868
2023-06-12 04:00:00+00:00,66.99,67.05,66.55,66.89,11357590
2023-06-13 04:00:00+00:00,66.8,67.27,66.71,67.17,8401879
2023-06-14 04:00:00+00:00,67.48,67.81,67.28,67.58,13849870
2023-06-15 04:00:00+00:00,67.82,68.42,67.69,68.26,16251167
2023-06-16 04:00:00+00:00,68.47,68.69,68.28,68.34,12672971
2023-06-20 04:00:00+00:00,68.25,68.46,67.8,67.82,9734495
2023-06-21 04:00:00+00:00,67.78,68.28,67.52,68.06,13633482
2023-06-22 04:00:00+00:00,68.41,68.55,68.19,68.46,17247793
2023-06-23 04:00:00+00:00,68.57,68.57,67.97,68.0,9706949
2023-06-26 04:00:00+00:00,68.0,68.12,67.52,68.1,8955380
2023-06-27 04:00:00+00:00,67.91,68.36,67.89,68.3,8965424
2023-06-28 04:00:00+00:00,67.99,68.03,67.47,67.84,12800401
2023-06-29 04:00:00+00:00,67.51,67.88,67.28,67.77,10018071
2023-06-30 04:00:00+00:00,67.93,68.46,67.91,68.36,13531507
2023-07-03 04:00:00+00:00,68.26,68.9,68.08,68.9,12660829
2023-07-05 04:00:00+00:00,68.61,68.84,68.52,68.78,17579384
2023-07-06 04:00:00+00:00,68.46,68.64,68.25,68.6,14881309
2023-07-07 04:00:00+00:00,68.44,68.44,67.66,67.71,16405515
2023-07-10 04:00:00+00:00,67.81,68.35,67.61,67.69,11953674
2023-07-11 04:00:00+00:00,67.75,67.89,67.38,67.79,9812584
2023-07-12 04:00:00+00:00,67.91,68.13,67.8,67.95,12680948
2023-07-13 04:00:00+00:00,68.07,68.35,67.79,68.23,10581587
2023-07-14 04:00:00+00:00,68.25,68.58,68.05,68.46,12475687
2023-07-17 04:00:00+00:00,68.21,68.49,68.01,68.26,9496428
2023-07-18 04:00:00+00:00,68.2,68.77,67.98,68.19,10124925
2023-07-19 04:00:00+00:00,68.41,68.95,68.36,68.88,14718654
2023-07-20 04:00:00+00:00,68.94,69.57,68.8,69.47,16106338
2023-07-21 04:00:00+00:00,69.58,69.9,69.5,69.71,13836903
2023-07-24 04:00:00+00:00,69.69,70.08,69.63,69.98,10692495
2023-07-25 04:00:00+00:00,69.89,69.98,69.6,69.96,8576840
2023-07-26 04:00:00+00:00,69.77,70.24,69.66,70.04,10506501
2023-07-27 04:00:00+00:00,70.17,70.34,69.42,69.42,10008517
2023-07-28 04:00:00+00:00,70.03,70.41,69.85,70.14,9672417
2023-07-31 04:00:00+00:00,70.05,70.26,69.55,69.82,10057234
2023-08-01 04:00:00+00:00,69.73,70.02,69.39,69.44,9376682
2023-08-02 04:00:00+00:00,69.17,70.13,69.17,69.69,11509760
2023-08-03 04:00:00+00:00,69.65,69.83,69.46,69.5,8777116
2023-08-04 04:00:00+00:00,69.59,69.75,68.74,68.81,10022805
2023-08-07 04:00:00+00:00,68.93,69.44,68.92,69.37,8875663
2023-08-08 04:00:00+00:00,69.32,69.4,68.69,68.87,11413652
2023-08-09 04:00:00+00:00,68.91,69.33,68.8,68.97,11912195
2023-08-10 04:00:00+00:00,69.19,69.62,68.74,68.83,10357718
2023-08-11 04:00:00+00:00,68.86,69.11,68.7,68.94,7472600
2023-08-14 04:00:00+00:00,69.04,69.22,68.48,68.6,11484483
2023-08-15 04:00:00+00:00,68.41,68.52,67.84,67.87,13257657
2023-08-16 04:00:00+00:00,68.14,68.34,67.63,67.71,14815059
2023-08-17 04:00:00+00:00,67.73,67.9,66.95,67.05,11798097
2023-08-18 04:00:00+00:00,66.94,67.44,66.88,67.3,12334491
2023-08-21 04:00:00+00:00,67.13,67.26,66.57,66.85,12005412
2023-08-22 04:00:00+00:00,66.64,66.71,66.38,66.47,11496513
2023-08-23 04:00:00+00:00,66.7,66.92,66.59,66.92,10796751
2023-08-24 04:00:00+00:00,66.69,67.28,66.36,66.38,13797593
2023-08-25 04:00:00+00:00,66.66,66.92,66.34,66.75,13088467
2023-08-28 04:00:00+00:00,66.97,67.17,66.82,67.05,6914968
2023-08-29 04:00:00+00:00,67.09,67.33,66.71,67.29,9503003
2023-08-30 04:00:00+00:00,67.38,67.61,67.22,67.4,9679313
2023-08-31 04:00:00+00:00,67.16,67.4,67.05,67.06,7731347
2023-09-01 04:00:00+00:00,67.28,67.32,66.27,66.49,8346515
2023-09-05 04:00:00+00:00,66.37,66.62,65.92,65.92,8634399
2023-09-06 04:00:00+00:00,65.85,65.99,65.63,65.85,9050246
2023-09-07 04:00:00+00:00,65.97,66.24,65.74,66.0,10148977
2023-09-08 04:00:00+00:00,66.03,66.1,65.82,66.09,8322972
2023-09-11 04:00:00+00:00,66.18,66.71,66.18,66.66,8450873
2023-09-12 04:00:00+00:00,66.69,66.71,66.03,66.09,13300197
2023-09-13 04:00:00+00:00,66.2,66.46,66.05,66.29,7863662
2023-09-14 04:00:00+00:00,66.47,67.01,66.45,66.96,9356055
2023-09-15 04:00:00+00:00,66.82,67.06,66.35,66.41,10891654
2023-09-18 04:00:00+00:00,66.63,66.66,66.1,66.39,6841254
2023-09-19 04:00:00+00:00,66.27,66.34,65.89,66.23,7733480
2023-09-20 04:00:00+00:00,66.41,66.74,66.1,66.29,10845482
2023-09-21 04:00:00+00:00,66.24,66.31,65.43,65.44,11869914
2023-09-22 04:00:00+00:00,65.46,65.63,65.05,65.09,12242996
2023-09-25 04:00:00+00:00,64.88,65.02,64.55,64.86,9137579
2023-09-26 04:00:00+00:00,64.58,64.76,64.31,64.37,11541015
2023-09-27 04:00:00+00:00,64.28,64.48,63.51,63.84,14183580
2023-09-28 04:00:00+00:00,63.94,64.21,63.77,64.04,12094361
2023-09-29 04:00:00+00:00,64.24,64.34,63.51,63.85,11797510
2023-10-02 04:00:00+00:00,63.7,63.78,62.99,63.42,12642561
2023-10-03 04:00:00+00:00,63.23,63.56,62.91,62.96,15396438
2023-10-04 04:00:00+00:00,63.12,63.51,62.76,63.46,15125939
2023-10-05 04:00:00+00:00,63.34,63.42,62.18,62.21,15757298
2023-10-06 04:00:00+00:00,61.94,62.08,60.48,61.87,28723411
2023-10-09 04:00:00+00:00,61.64,61.95,61.2,61.92,15662900
2023-10-10 04:00:00+00:00,62.43,62.86,62.24,62.55,18809620
2023-10-11 04:00:00+00:00,62.83,62.94,61.84,62.13,18293162
2023-10-12 04:00:00+00:00,62.31,62.34,61.24,61.45,15185028
2023-10-13 04:00:00+00:00,61.56,62.08,61.45,61.99,15641463
2023-10-16 04:00:00+00:00,62.35,62.82,62.09,62.63,16172937
2023-10-17 04:00:00+00:00,62.38,63.02,62.38,62.9,13192154
2023-10-18 04:00:00+00:00,63.16,63.61,63.02,63.13,16617680
2023-10-19 04:00:00+00:00,63.08,63.33,62.65,62.67,18236962
2023-10-20 04:00:00+00:00,62.8,63.08,62.42,62.42,14730550
2023-10-23 04:00:00+00:00,62.35,62.76,62.13,62.3,13777344
2023-10-24 04:00:00+00:00,62.4,62.94,62.38,62.83,12055565
2023-10-25 04:00:00+00:00,62.73,63.32,62.56,63.05,11351131
2023-10-26 04:00:00+00:00,63.07,63.31,62.62,62.64,13662159
2023-10-27 04:00:00+00:00,62.53,62.78,61.59,61.78,17587653
2023-10-30 04:00:00+00:00,62.02,62.86,62.02,62.75,12223990
2023-10-31 04:00:00+00:00,62.8,63.04,62.49,62.97,8586466
2023-11-01 04:00:00+00:00,63.02,63.15,62.55,62.91,18709474
2023-11-02 04:00:00+00:00,63.13,63.81,62.89,63.72,21176103
2023-11-03 04:00:00+00:00,64.09,64.34,63.8,63.8,17201241
2023-11-06 05:00:00+00:00,63.82,64.18,63.77,63.9,14663190
2023-11-07 05:00:00+00:00,63.92,64.32,63.84,64.06,12567745
2023-11-08 05:00:00+00:00,64.18,64.27,63.63,63.81,10481755
2023-11-09 05:00:00+00:00,63.88,63.94,63.4,63.55,10337064
2023-11-10 05:00:00+00:00,63.7,64.05,63.35,63.99,9266279
2023-11-13 05:00:00+00:00,63.94,64.38,63.88,64.2,8540860
2023-11-14 05:00:00+00:00,64.52,65.07,64.49,64.86,13606155
2023-11-15 05:00:00+00:00,65.33,65.5,65.16,65.37,10619012
2023-11-16 05:00:00+00:00,64.7,64.98,64.44,64.57,16536428
2023-11-17 05:00:00+00:00,64.65,64.7,64.25,64.48,10761056
2023-11-20 05:00:00+00:00,64.21,64.55,64.17,64.44,11651295
2023-11-21 05:00:00+00:00,64.43,64.68,64.15,64.63,11681423
2023-11-22 05:00:00+00:00,64.77,65.13,64.77,65.1,8862114
2023-11-24 05:00:00+00:00,65.11,65.4,65.11,65.34,4500777
2023-11-27 05:00:00+00:00,65.27,65.4,65.11,65.15,11746836
2023-11-28 05:00:00+00:00,65.13,65.61,65.12,65.45,8562411
2023-11-29 05:00:00+00:00,65.51,65.51,64.84,64.92,9873842
2023-11-30 05:00:00+00:00,64.98,65.61,64.56,65.57,11803766
2023-12-01 05:00:00+00:00,65.52,65.87,65.33,65.84,13490312
2023-12-04 05:00:00+00:00,65.48,66.14,65.48,65.92,11386333
2023-12-05 05:00:00+00:00,65.82,65.98,65.31,65.4,11565996
2023-12-06 05:00:00+00:00,65.25,65.39,64.96,65.24,11008729
2023-12-07 05:00:00+00:00,65.42,65.73,65.18,65.51,8460050
2023-12-08 05:00:00+00:00,65.39,65.44,64.97,65.06,8191287
2023-12-11 05:00:00+00:00,65.42,65.71,65.31,65.68,16192836
2023-12-12 05:00:00+00:00,65.82,65.89,65.53,65.89,8764524
2023-12-13 05:00:00+00:00,65.89,67.11,65.71,67.09,14052931
2023-12-14 05:00:00+00:00,67.15,67.25,66.06,66.11,16056716
2023-12-15 05:00:00+00:00,66.01,66.3,65.85,66.11,17434602
2023-12-18 05:00:00+00:00,66.39,67.04,66.25,66.8,11816018
2023-12-19 05:00:00+00:00,66.67,67.0,66.65,66.93,8283181
2023-12-20 05:00:00+00:00,66.49,66.64,65.63,65.63,16705523
2023-12-21 05:00:00+00:00,65.98,66.15,65.56,66.09,10972002
2023-12-22 05:00:00+00:00,66.25,66.71,66.19,66.59,7831878
2023-12-26 05:00:00+00:00,66.45,67.04,66.45,66.87,6915801
2023-12-27 05:00:00+00:00,66.89,67.18,66.8,67.18,7566682
2023-12-28 05:00:00+00:00,67.09,67.29,66.99,67.21,6465983
2023-12-29 05:00:00+00:00,67.11,67.38,67.05,67.35,10412749
2024-01-02 05:00:00+00:00,67.1,68.21,67.1,68.11,12912028
2024-01-03 05:00:00+00:00,68.23,68.34,67.47,67.57,13979805
2024-01-04 05:00:00+00:00,67.53,67.94,67.34,67.48,10865096
2024-01-05 05:00:00+00:00,67.52,67.77,66.94,67.33,12802809
2024-01-08 05:00:00+00:00,67.34,67.85,67.3,67.82,9409101
2024-01-09 05:00:00+00:00,67.57,68.0,67.33,68.0,7838821
2024-01-10 05:00:00+00:00,67.95,68.25,67.66,67.86,11113276
2024-01-11 05:00:00+00:00,67.79,67.89,67.39,67.85,9507838
2024-01-12 05:00:00+00:00,68.09,68.24,67.83,68.07,7712891
2024-01-16 05:00:00+00:00,68.08,68.11,67.42,67.69,11566904
2024-01-17 05:00:00+00:00,67.54,67.88,67.39,67.65,9641426
2024-01-18 05:00:00+00:00,67.48,67.61,67.04,67.56,10548781
2024-01-19 05:00:00+00:00,67.62,67.64,67.02,67.37,11309667
2024-01-22 05:00:00+00:00,67.08,67.32,66.91,67.04,15078552
2024-01-23 05:00:00+00:00,67.39,67.87,67.38,67.77,13859643
2024-01-24 05:00:00+00:00,67.71,67.75,66.92,66.94,12290544
2024-01-25 05:00:00+00:00,67.22,67.58,66.94,67.58,12160938
2024-01-26 05:00:00+00:00,67.71,68.01,67.71,67.91,7432810
2024-01-29 05:00:00+00:00,68.1,68.33,67.85,68.3,9322030
2024-01-30 05:00:00+00:00,68.2,68.72,67.96,68.69,11059004
2024-01-31 05:00:00+00:00,68.67,68.86,68.1,68.18,17220615
2024-02-01 05:00:00+00:00,68.21,69.57,67.99,69.57,20588719
2024-02-02 05:00:00+00:00,69.37,69.64,69.01,69.35,23157966
2024-02-05 05:00:00+00:00,69.37,69.41,68.9,68.92,14564666
2024-02-06 05:00:00+00:00,68.92,69.12,68.69,69.08,11224301
2024-02-07 05:00:00+00:00,69.37,69.41,68.95,69.01,7544085
2024-02-08 05:00:00+00:00,68.9,69.26,68.7,68.99,16287718
2024-02-09 05:00:00+00:00,68.82,68.82,68.25,68.36,20698743
2024-02-12 05:00:00+00:00,68.43,68.85,68.07,68.84,13422892
2024-02-13 05:00:00+00:00,68.8,68.99,67.69,68.11,21640607
2024-02-14 05:00:00+00:00,68.05,68.09,67.65,67.97,15191383
2024-02-15 05:00:00+00:00,68.25,68.51,68.17,68.41,14235694
2024-02-16 05:00:00+00:00,68.35,68.83,68.06,68.52,15568267
2024-02-20 05:00:00+00:00,69.0,69.62,68.89,69.24,15388786
2024-02-21 05:00:00+00:00,69.37,69.61,69.16,69.49,13776798
2024-02-22 05:00:00+00:00,69.18,69.78,68.9,69.7,11744901
2024-02-23 05:00:00+00:00,69.74,70.27,69.62,69.92,12548307
2024-02-26 05:00:00+00:00,69.94,69.96,69.54,69.64,11805979
2024-02-27 05:00:00+00:00,69.57,69.69,69.45,69.65,8294304
2024-02-28 05:00:00+00:00,69.6,69.79,69.42,69.72,6768738
2024-02-29 05:00:00+00:00,69.94,70.04,69.48,69.61,14083443
2024-03-01 05:00:00+00:00,69.42,69.69,69.13,69.62,15512468
2024-03-04 05:00:00+00:00,69.35,69.74,69.33,69.68,15912730
2024-03-05 05:00:00+00:00,69.98,70.33,69.7,69.84,15708442
2024-03-06 05:00:00+00:00,70.17,70.56,70.11,70.43,11816384
2024-03-07 05:00:00+00:00,70.72,70.9,70.56,70.84,9174980
2024-03-08 05:00:00+00:00,70.36,70.49,70.02,70.27,13301651
2024-03-11 04:00:00+00:00,70.43,70.76,70.23,70.66,9316538
2024-03-12 04:00:00+00:00,70.82,71.24,70.72,71.02,10454851
2024-03-13 04:00:00+00:00,71.01,71.25,70.91,71.2,9739479
2024-03-14 04:00:00+00:00,71.15,71.32,70.41,70.65,14086278
2024-03-15 04:00:00+00:00,70.31,70.69,70.2,70.62,14248290
2024-03-18 04:00:00+00:00,70.54,71.28,70.54,71.07,10228999
2024-03-19 04:00:00+00:00,71.17,71.38,71.13,71.34,10245872
2024-03-20 04:00:00+00:00,71.44,71.58,71.18,71.56,10986128
2024-03-21 04:00:00+00:00,71.59,71.83,71.29,71.59,8936115
2024-03-22 04:00:00+00:00,71.59,71.71,71.23,71.24,10942362
2024-03-25 04:00:00+00:00,71.24,71.41,70.89,71.05,11003712
2024-03-26 04:00:00+00:00,71.13,71.29,71.03,71.08,7964415
2024-03-27 04:00:00+00:00,71.44,71.83,71.44,71.83,9848051
2024-03-28 04:00:00+00:00,72.04,72.15,71.83,71.92,9172770
2024-04-01 04:00:00+00:00,71.91,72.02,71.35,71.35,13205135
2024-04-02 04:00:00+00:00,71.35,71.45,70.86,70.98,16269181
2024-04-03 04:00:00+00:00,70.95,70.95,70.08,70.2,16094740
2024-04-04 04:00:00+00:00,70.51,70.63,69.81,69.9,18289526
2024-04-05 04:00:00+00:00,69.84,70.23,69.69,70.01,11149022
2024-04-08 04:00:00+00:00,69.89,70.16,69.84,69.91,10040772
2024-04-09 04:00:00+00:00,70.11,70.26,69.71,70.25,12633248
2024-04-10 04:00:00+00:00,69.7,70.1,69.48,69.99,15018494
2024-04-11 04:00:00+00:00,70.33,70.35,69.61,69.82,10551937
2024-04-12 04:00:00+00:00,69.54,69.72,69.04,69.12,14605749
2024-04-15 04:00:00+00:00,69.54,69.72,68.73,68.83,12119718
2024-04-16 04:00:00+00:00,68.97,69.06,68.69,68.86,12737598
2024-04-17 04:00:00+00:00,69.27,69.36,68.79,69.12,12731543
2024-04-18 04:00:00+00:00,69.34,69.6,69.2,69.44,11964189
2024-04-19 04:00:00+00:00,69.41,70.15,69.29,70.11,15843129
2024-04-22 04:00:00+00:00,70.26,70.97,69.94,70.78,12181834
2024-04-23 04:00:00+00:00,70.9,71.05,70.66,70.98,12821080
2024-04-24 04:00:00+00:00,70.49,71.6,70.16,71.52,15010955
2024-04-25 04:00:00+00:00,71.67,72.03,71.08,71.35,14352559
2024-04-26 04:00:00+00:00,71.09,71.58,71.05,71.2,13488244
2024-04-29 04:00:00+00:00,71.22,71.45,71.0,71.42,9243980
2024-04-30 04:00:00+00:00,71.35,71.37,70.94,71.11,12517395
2024-05-01 04:00:00+00:00,70.91,71.18,70.37,70.66,24867500
2024-05-02 04:00:00+00:00,70.9,71.5,70.62,71.25,22820413
2024-05-03 04:00:00+00:00,71.28,71.61,70.88,71.47,18088242
2024-05-06 04:00:00+00:00,71.63,71.72,71.05,71.51,12508636
2024-05-07 04:00:00+00:00,71.81,72.33,71.81,72.29,14641836
2024-05-08 04:00:00+00:00,72.28,72.42,71.98,72.07,12686111
2024-05-09 04:00:00+00:00,72.14,72.69,72.09,72.69,12851938
2024-05-10 04:00:00+00:00,72.69,73.19,72.62,73.11,10774922
2024-05-13 04:00:00+00:00,73.25,73.47,72.78,72.9,11755444
2024-05-14 04:00:00+00:00,72.97,73.09,72.4,72.76,10117640
2024-05-15 04:00:00+00:00,72.57,72.92,72.57,72.81,18142952
2024-05-16 04:00:00+00:00,73.47,74.04,73.3,73.84,17360383
2024-05-17 04:00:00+00:00,73.76,73.83,73.48,73.66,11265901
2024-05-20 04:00:00+00:00,73.65,73.65,73.07,73.16,9226472
2024-05-21 04:00:00+00:00,73.35,73.62,73.21,73.59,6595220
2024-05-22 04:00:00+00:00,73.09,73.54,72.96,73.3,9395169
2024-05-23 04:00:00+00:00,73.07,73.19,72.39,72.43,10751320
2024-05-24 04:00:00+00:00,72.69,72.9,72.58,72.62,6943370
2024-05-28 04:00:00+00:00,72.38,72.58,71.79,72.05,8840718
2024-05-29 04:00:00+00:00,71.67,71.93,71.51,71.54,10402410
2024-05-30 04:00:00+00:00,71.74,71.92,71.56,71.72,7404435
2024-05-31 04:00:00+00:00,71.66,72.88,71.33,72.85,11874117
2024-06-03 04:00:00+00:00,72.61,73.16,72.4,72.82,12223420
2024-06-04 04:00:00+00:00,72.83,73.57,72.7,73.45,9097458
2024-06-05 04:00:00+00:00,73.35,73.46,72.71,73.29,9095130
2024-06-06 04:00:00+00:00,73.24,73.78,73.09,73.51,9759491
2024-06-07 04:00:00+00:00,73.5,73.7,73.07,73.15,7490555
2024-06-10 04:00:00+00:00,73.26,73.28,72.62,73.09,10033882
2024-06-11 04:00:00+00:00,72.99,73.05,72.45,73.05,8583758
2024-06-12 04:00:00+00:00,73.19,73.23,72.07,72.25,14172779
2024-06-13 04:00:00+00:00,72.22,72.41,71.92,72.35,8723482
2024-06-14 04:00:00+00:00,72.14,72.48,71.95,72.48,7246417
2024-06-17 04:00:00+00:00,72.2,73.3,72.05,73.17,8762080
2024-06-18 04:00:00+00:00,73.05,73.35,72.95,73.26,6567100
2024-06-20 04:00:00+00:00,73.13,73.48,72.91,73.1,9316388
2024-06-21 04:00:00+00:00,73.25,73.63,73.1,73.16,11595433
2024-06-24 04:00:00+00:00,73.33,74.03,73.18,73.94,9722583
2024-06-25 04:00:00+00:00,73.66,73.77,73.17,73.46,10705815
2024-06-26 04:00:00+00:00,72.95,73.49,72.8,73.31,8405221
2024-06-27 04:00:00+00:00,73.29,73.35,72.7,73.0,4592368
2024-06-28 04:00:00+00:00,72.99,73.07,72.48,72.67,8358116
2024-07-01 04:00:00+00:00,73.05,73.32,72.1,72.16,9275425
2024-07-02 04:00:00+00:00,72.25,72.67,72.02,72.66,8233614
2024-07-03 04:00:00+00:00,72.54,72.8,72.35,72.54,5600604
2024-07-05 04:00:00+00:00,72.54,73.48,72.43,73.43,7202896
2024-07-08 04:00:00+00:00,73.49,73.58,73.12,73.32,4486755
2024-07-09 04:00:00+00:00,73.32,73.48,73.1,73.13,5635819
2024-07-10 04:00:00+00:00,73.26,73.48,73.08,73.45,7249075
2024-07-11 04:00:00+00:00,73.35,73.48,72.97,73.18,11414670
2024-07-12 04:00:00+00:00,73.57,73.89,73.25,73.5,10028191
2024-07-15 04:00:00+00:00,73.45,73.64,73.02,73.07,8481303
2024-07-16 04:00:00+00:00,73.1,73.78,72.99,73.77,7987333
2024-07-17 04:00:00+00:00,73.89,74.87,73.87,74.72,18297885
2024-07-18 04:00:00+00:00,74.45,75.11,74.34,74.35,14877213
2024-07-19 04:00:00+00:00,74.54,74.64,73.99,74.11,11816508
2024-07-22 04:00:00+00:00,74.28,74.34,73.8,74.15,9408432
2024-07-23 04:00:00+00:00,74.23,74.36,73.82,73.89,6937911
2024-07-24 04:00:00+00:00,73.62,73.96,73.34,73.82,10620372
2024-07-25 04:00:00+00:00,74.08,74.86,73.74,73.74,15686268
2024-07-26 04:00:00+00:00,74.03,74.58,73.85,74.49,10271976
2024-07-29 04:00:00+00:00,74.34,74.67,73.96,74.52,9115085
2024-07-30 04:00:00+00:00,73.62,74.14,73.3,74.01,11818449
2024-07-31 04:00:00+00:00,74.01,74.34,73.56,73.88,10474112
2024-08-01 04:00:00+00:00,74.02,74.72,73.79,74.56,16535033
2024-08-02 04:00:00+00:00,75.13,75.68,73.83,75.22,24087115
2024-08-05 04:00:00+00:00,75.08,75.3,73.49,73.74,29057460
2024-08-06 04:00:00+00:00,74.1,75.06,74.01,74.25,15801355
2024-08-07 04:00:00+00:00,74.56,75.35,74.28,74.33,14182346
2024-08-08 04:00:00+00:00,74.12,75.12,74.04,75.0,13889796
2024-08-09 04:00:00+00:00,74.85,75.25,74.52,75.11,10319938
2024-08-12 04:00:00+00:00,75.08,75.13,74.54,74.73,9735359
2024-08-13 04:00:00+00:00,74.73,75.09,74.35,75.08,7513894
2024-08-14 04:00:00+00:00,75.02,75.64,74.89,75.42,7263950
2024-08-15 04:00:00+00:00,76.48,76.69,75.97,76.19,7745248
2024-08-16 04:00:00+00:00,76.12,76.47,76.0,76.4,6976919
2024-08-19 04:00:00+00:00,76.49,76.84,76.46,76.66,7330018
2024-08-20 04:00:00+00:00,76.64,77.04,76.52,77.04,6931341
2024-08-21 04:00:00+00:00,77.68,78.09,77.34,77.56,7960727
2024-08-22 04:00:00+00:00,77.77,77.77,77.11,77.45,7632692
2024-08-23 04:00:00+00:00,77.58,77.68,77.18,77.67,6505074
2024-08-26 04:00:00+00:00,77.75,78.38,77.74,78.22,7270790
2024-08-27 04:00:00+00:00,78.33,78.54,78.11,78.41,5674632
2024-08-28 04:00:00+00:00,78.43,78.52,77.78,78.07,6666785
2024-08-29 04:00:00+00:00,77.98,77.98,77.52,77.68,6343811
2024-08-30 04:00:00+00:00,77.84,78.37,77.63,78.3,8884816
2024-09-03 04:00:00+00:00,78.32,79.11,78.23,78.85,15503706
2024-09-04 04:00:00+00:00,78.71,79.28,78.63,79.22,19276697
2024-09-05 04:00:00+00:00,79.24,79.36,78.52,78.92,12775784
2024-09-06 04:00:00+00:00,78.91,79.25,78.66,78.76,12616545
2024-09-09 04:00:00+00:00,78.77,79.52,78.63,79.36,10061056
2024-09-10 04:00:00+00:00,79.25,79.71,79.14,79.35,14002525
2024-09-11 04:00:00+00:00,79.06,79.11,77.89,78.61,14556518
2024-09-12 04:00:00+00:00,78.62,79.17,78.36,79.09,8659169
2024-09-13 04:00:00+00:00,79.15,79.71,78.98,79.65,5953911
2024-09-16 04:00:00+00:00,79.86,80.22,79.59,79.96,7794845
2024-09-17 04:00:00+00:00,79.69,79.91,79.11,79.2,8405136
2024-09-18 04:00:00+00:00,79.15,79.58,78.58,78.9,12935702
2024-09-19 04:00:00+00:00,79.11,79.12,78.31,78.43,14934224
2024-09-20 04:00:00+00:00,78.36,78.87,78.23,78.81,12719152
2024-09-23 04:00:00+00:00,78.65,79.52,78.59,79.27,11985864
2024-09-24 04:00:00+00:00,79.17,79.45,78.88,79.08,8985209
2024-09-25 04:00:00+00:00,79.36,79.43,78.77,78.88,6101052
2024-09-26 04:00:00+00:00,78.74,79.42,78.74,79.06,8565679
2024-09-27 04:00:00+00:00,79.17,79.66,79.07,79.2,6432719
2024-09-30 04:00:00+00:00,79.49,79.64,78.88,79.19,8469070
2024-10-01 04:00:00+00:00,79.21,79.32,78.67,78.92,15725753
2024-10-02 04:00:00+00:00,78.71,78.71,78.1,78.25,10788340
2024-10-03 04:00:00+00:00,77.94,78.05,77.33,77.47,11507911
2024-10-04 04:00:00+00:00,77.34,77.82,77.23,77.73,12463650
2024-10-07 04:00:00+00:00,77.75,77.75,76.86,76.95,9270847
2024-10-08 04:00:00+00:00,76.98,77.43,76.78,77.33,8218294
2024-10-09 04:00:00+00:00,77.4,77.91,77.28,77.8,9276307
2024-10-10 04:00:00+00:00,77.78,77.94,77.27,77.46,9122594
2024-10-11 04:00:00+00:00,77.73,77.96,77.38,77.89,8741496
2024-10-14 04:00:00+00:00,77.85,78.24,77.73,78.2,6263018
2024-10-15 04:00:00+00:00,78.31,79.37,78.31,78.7,11287728
2024-10-16 04:00:00+00:00,78.43,78.75,78.25,78.64,7720320
2024-10-17 04:00:00+00:00,78.75,78.85,78.08,78.29,7716454
2024-10-18 04:00:00+00:00,78.12,78.49,77.89,78.46,8314283
2024-10-21 04:00:00+00:00,78.43,78.6,77.73,77.8,8704757
2024-10-22 04:00:00+00:00,77.69,78.34,77.61,78.24,8912400
2024-10-23 04:00:00+00:00,77.85,78.2,77.7,78.09,6926484
2024-10-24 04:00:00+00:00,78.07,78.23,77.75,77.98,6211540
2024-10-25 04:00:00+00:00,77.98,78.11,77.27,77.33,6546951
2024-10-28 04:00:00+00:00,77.64,77.81,77.43,77.48,5714219
2024-10-29 04:00:00+00:00,77.11,77.32,76.67,76.71,9460034
2024-10-30 04:00:00+00:00,76.61,76.84,76.37,76.59,8504824
2024-10-31 04:00:00+00:00,76.4,76.89,76.28,76.44,10905343
2024-11-01 04:00:00+00:00,76.69,76.75,76.37,76.47,7916072
2024-11-04 05:00:00+00:00,76.58,76.9,76.47,76.68,6958887
2024-11-05 05:00:00+00:00,76.49,77.16,76.34,77.16,5304792
2024-11-06 05:00:00+00:00,77.36,77.48,75.71,75.9,18488140
2024-11-07 05:00:00+00:00,76.07,76.62,76.01,76.18,17598133
2024-11-08 05:00:00+00:00,76.19,77.29,76.18,77.11,11530460
2024-11-11 05:00:00+00:00,77.0,77.71,76.78,76.84,9273831
2024-11-12 05:00:00+00:00,77.12,77.23,76.79,76.92,13518013
2024-11-13 05:00:00+00:00,76.93,77.23,76.7,77.15,6781631
2024-11-14 05:00:00+00:00,76.96,77.41,76.9,76.96,7572248
2024-11-15 05:00:00+00:00,76.9,76.95,76.24,76.28,11370350
2024-11-18 05:00:00+00:00,76.46,76.96,76.37,76.82,8748018
2024-11-19 05:00:00+00:00,77.02,77.17,76.45,76.92,8021124
2024-11-20 05:00:00+00:00,76.23,76.53,75.87,76.53,7687350
2024-11-21 05:00:00+00:00,76.62,77.45,76.41,77.36,8185848
2024-11-22 05:00:00+00:00,77.79,78.15,77.7,78.08,7703875
2024-11-25 05:00:00+00:00,78.59,78.83,78.27,78.51,8243081
2024-11-26 05:00:00+00:00,78.46,78.91,78.36,78.83,6973969
2024-11-27 05:00:00+00:00,79.19,79.41,78.85,78.99,7067876
2024-11-29 05:00:00+00:00,78.98,79.47,78.87,79.4,4982582
2024-12-02 05:00:00+00:00,79.32,79.4,78.73,79.3,10750201
2024-12-03 05:00:00+00:00,79.23,79.29,78.75,78.89,11053327
2024-12-04 05:00:00+00:00,78.68,78.78,78.27,78.67,10100890
2024-12-05 05:00:00+00:00,78.76,79.13,78.54,78.98,12639028
2024-12-06 05:00:00+00:00,79.0,79.46,78.59,78.59,7180678
2024-12-09 05:00:00+00:00,78.71,79.07,78.26,78.47,11613987
2024-12-10 05:00:00+00:00,78.41,79.03,78.1,78.84,8497222
2024-12-11 05:00:00+00:00,78.97,79.29,78.2,78.24,9046123
2024-12-12 05:00:00+00:00,78.74,78.82,78.34,78.47,5410846
2024-12-13 05:00:00+00:00,78.32,78.73,77.88,78.27,8154345
2024-12-16 05:00:00+00:00,78.3,78.69,77.84,77.86,6495048
2024-12-17 05:00:00+00:00,77.7,78.13,77.6,77.73,8536085
2024-12-18 05:00:00+00:00,77.43,77.69,76.52,76.54,17222965
2024-12-19 05:00:00+00:00,76.48,76.86,76.0,76.0,15778368
2024-12-20 05:00:00+00:00,75.96,76.7,75.7,76.27,11035441
2024-12-23 05:00:00+00:00,75.99,76.16,75.13,75.86,11469082
2024-12-24 05:00:00+00:00,75.8,76.41,75.69,76.36,3932582
2024-12-26 05:00:00+00:00,76.22,76.65,76.15,76.6,4253678
2024-12-27 05:00:00+00:00,76.25,76.63,75.95,76.23,6601702
2024-12-30 05:00:00+00:00,75.9,75.95,75.1,75.34,7249346
2024-12-31 05:00:00+00:00,75.49,75.81,75.13,75.57,6125534
2025-01-02 05:00:00+00:00,75.73,76.08,75.09,75.34,9322777
2025-01-03 05:00:00+00:00,75.48,75.65,75.02,75.3,6991939
2025-01-06 05:00:00+00:00,75.38,75.4,74.42,74.51,9275738
2025-01-07 05:00:00+00:00,74.7,75.13,74.14,74.25,11113102
2025-01-08 05:00:00+00:00,74.17,74.46,73.7,74.38,9277400
2025-01-10 05:00:00+00:00,73.91,74.33,73.29,73.38,13943592
2025-01-13 05:00:00+00:00,73.44,73.69,73.11,73.51,9490917
2025-01-14 05:00:00+00:00,73.6,73.68,73.18,73.53,7763782
2025-01-15 05:00:00+00:00,73.93,74.16,73.16,73.28,11426997
2025-01-16 05:00:00+00:00,73.13,73.9,72.87,73.83,11223395
2025-01-17 05:00:00+00:00,73.96,74.4,73.87,74.25,10525009
2025-01-21 05:00:00+00:00,74.39,74.88,74.32,74.6,8849489
2025-01-22 05:00:00+00:00,74.93,74.93,74.16,74.23,8357873
2025-01-23 05:00:00+00:00,74.12,74.53,73.83,74.5,7562459
2025-01-24 05:00:00+00:00,74.47,74.91,74.43,74.88,6685652
2025-01-27 05:00:00+00:00,75.64,77.06,75.63,76.91,17519904
2025-01-28 05:00:00+00:00,76.67,77.0,75.56,75.71,11665182
2025-01-29 05:00:00+00:00,75.83,76.23,75.76,75.89,10195399
2025-01-30 05:00:00+00:00,76.27,76.81,76.11,76.64,8191980
2025-01-31 05:00:00+00:00,75.97,76.49,75.87,75.92,10269003
2025-02-03 05:00:00+00:00,75.37,76.37,75.2,76.22,13233835
2025-02-04 05:00:00+00:00,75.96,76.04,75.26,75.58,8944602
2025-02-05 05:00:00+00:00,75.57,76.07,75.17,76.05,8847897
2025-02-06 05:00:00+00:00,77.05,77.06,76.15,76.39,9846348
2025-02-07 05:00:00+00:00,76.41,76.59,76.06,76.28,7865610
2025-02-10 05:00:00+00:00,76.48,76.76,76.0,76.75,7903393
2025-02-11 05:00:00+00:00,76.86,77.51,76.59,77.49,9157217
2025-02-12 05:00:00+00:00,76.83,77.52,76.78,77.43,10564124
2025-02-13 05:00:00+00:00,77.63,78.33,77.42,78.27,10132272
2025-02-14 05:00:00+00:00,78.22,78.27,77.47,77.49,10470433
2025-02-18 05:00:00+00:00,77.24,77.78,76.81,77.77,10432772
2025-02-19 05:00:00+00:00,77.95,78.42,77.76,78.39,6385774
2025-02-20 05:00:00+00:00,77.44,78.08,77.32,78.08,14264248
2025-02-21 05:00:00+00:00,78.08,79.07,77.84,79.0,18203257
2025-02-24 05:00:00+00:00,78.68,79.6,78.64,79.24,14114232
2025-02-25 05:00:00+00:00,79.49,80.63,79.49,80.36,18197969
2025-02-26 05:00:00+00:00,80.06,80.13,78.68,78.83,19969521
2025-02-27 05:00:00+00:00,78.48,79.24,78.46,78.82,16614021
2025-02-28 05:00:00+00:00,79.49,79.91,78.95,79.86,15164207
2025-03-03 05:00:00+00:00,79.48,80.57,79.48,80.29,18918891
2025-03-04 05:00:00+00:00,80.13,80.88,78.87,78.92,21845907
2025-03-05 05:00:00+00:00,78.77,79.55,78.64,79.25,13772977
2025-03-06 05:00:00+00:00,78.95,79.59,78.77,79.39,13729686
2025-03-07 05:00:00+00:00,78.88,80.2,78.86,79.65,19631090
2025-03-10 04:00:00+00:00,79.78,81.08,79.17,79.48,27412666
2025-03-11 04:00:00+00:00,79.32,79.38,78.26,78.32,27913657
2025-03-12 04:00:00+00:00,77.55,77.84,76.54,76.61,22000866
2025-03-13 04:00:00+00:00,76.71,77.02,76.11,76.26,18077739
2025-03-14 04:00:00+00:00,76.09,76.5,75.83,76.43,10251385
2025-03-17 04:00:00+00:00,76.57,77.78,76.5,77.55,12470284
2025-03-18 04:00:00+00:00,77.49,77.59,76.61,76.66,9461101
2025-03-19 04:00:00+00:00,76.49,76.74,76.08,76.66,12042918
2025-03-20 04:00:00+00:00,76.55,76.82,76.17,76.29,10954528
2025-03-21 04:00:00+00:00,76.23,76.45,75.93,76.26,11926213
2025-03-24 04:00:00+00:00,76.37,76.81,76.31,76.73,9586592
2025-03-25 04:00:00+00:00,76.6,76.7,75.79,76.03,12703416
2025-03-26 04:00:00+00:00,76.2,77.39,76.2,77.21,11492431
2025-03-27 04:00:00+00:00,77.44,78.25,77.38,78.09,9253349
2025-03-28 04:00:00+00:00,78.2,78.37,77.42,77.71,12493234
2025-03-31 04:00:00+00:00,77.82,79.17,77.82,78.92,14299145
2025-04-01 04:00:00+00:00,79.11,79.25,78.59,79.04,11201251
2025-04-02 04:00:00+00:00,79.08,79.3,78.45,78.81,9218956
2025-04-03 04:00:00+00:00,79.0,80.04,78.61,79.26,20745913
2025-04-04 04:00:00+00:00,78.84,79.28,75.82,75.82,35619534
2025-04-07 04:00:00+00:00,74.02,76.71,73.6,74.94,45133946
2025-04-08 04:00:00+00:00,76.06,76.32,73.06,73.78,26835033
2025-04-09 04:00:00+00:00,73.41,77.25,73.29,76.64,39348831
2025-04-10 04:00:00+00:00,76.63,77.46,75.35,76.68,25967985
2025-04-11 04:00:00+00:00,76.97,78.14,76.25,77.65,19009838
2025-04-14 04:00:00+00:00,77.98,79.29,77.63,78.97,12388284
2025-04-15 04:00:00+00:00,79.09,79.18,78.26,78.31,8920479
2025-04-16 04:00:00+00:00,78.63,78.75,77.14,77.46,13657265
2025-04-17 04:00:00+00:00,77.8,79.49,77.69,79.12,13662804
2025-04-21 04:00:00+00:00,79.18,79.27,77.5,78.36,13804386
2025-04-22 04:00:00+00:00,78.66,79.93,78.53,79.47,11258678
2025-04-23 04:00:00+00:00,79.61,79.93,78.4,79.02,17717407
2025-04-24 04:00:00+00:00,78.48,78.6,77.97,78.32,12480733
2025-04-25 04:00:00+00:00,78.47,78.7,77.31,78.12,14377999
2025-04-28 04:00:00+00:00,78.19,78.49,77.45,77.86,12089076
2025-04-29 04:00:00+00:00,77.53,78.57,77.11,78.51,10065770
2025-04-30 04:00:00+00:00,78.94,79.39,77.96,79.08,10566124
2025-05-01 04:00:00+00:00,78.56,78.81,78.11,78.39,13203049
2025-05-02 04:00:00+00:00,78.84,79.1,78.47,78.82,14859726
2025-05-05 04:00:00+00:00,78.84,78.93,78.28,78.75,10236311
2025-05-06 04:00:00+00:00,78.6,78.89,78.25,78.61,10506349
2025-05-07 04:00:00+00:00,78.69,79.1,78.43,78.74,10474918
2025-05-08 04:00:00+00:00,78.83,79.19,78.34,78.64,11018573
2025-05-09 04:00:00+00:00,78.31,78.61,78.1,78.19,9231938
2025-05-12 04:00:00+00:00,78.25,78.5,77.63,78.31,18914832
2025-05-13 04:00:00+00:00,78.04,78.16,76.97,77.25,13148718
2025-05-14 04:00:00+00:00,77.11,77.22,76.69,76.84,10351984
2025-05-15 04:00:00+00:00,76.9,78.46,76.6,78.41,13370219
2025-05-16 04:00:00+00:00,78.49,79.31,78.37,79.31,11973279
2025-05-19 04:00:00+00:00,79.1,79.6,78.86,79.54,13601498
2025-05-20 04:00:00+00:00,79.5,80.05,79.5,79.82,12719341
2025-05-21 04:00:00+00:00,79.44,79.56,78.77,78.9,10989173
2025-05-22 04:00:00+00:00,78.83,78.99,78.25,78.57,11871595
2025-05-23 04:00:00+00:00,78.53,79.02,78.04,78.86,10693431
2025-05-27 04:00:00+00:00,79.15,79.62,78.97,79.57,14433855
2025-05-28 04:00:00+00:00,79.54,79.8,78.94,79.03,9963783
2025-05-29 04:00:00+00:00,79.06,79.4,78.66,79.35,13321550
2025-05-30 04:00:00+00:00,79.21,80.39,79.21,80.05,17778915
2025-06-02 04:00:00+00:00,79.81,80.1,79.3,80.09,15827853
2025-06-03 04:00:00+00:00,79.95,80.14,79.45,80.02,13265615
2025-06-04 04:00:00+00:00,80.04,80.05,79.38,79.46,10804140
2025-06-05 04:00:00+00:00,79.29,79.4,78.48,78.69,16474663
2025-06-06 04:00:00+00:00,79.06,79.19,78.69,78.94,10949080
2025-06-09 04:00:00+00:00,78.82,79.08,78.46,78.84,13027274
2025-06-10 04:00:00+00:00,78.85,79.19,78.71,79.01,12364877
2025-06-11 04:00:00+00:00,78.96,78.96,78.47,78.74,11204072
2025-06-12 04:00:00+00:00,78.71,79.22,78.36,79.2,10709893
2025-06-13 04:00:00+00:00,78.96,79.39,78.05,78.24,15635127
2025-06-16 04:00:00+00:00,78.43,79.1,78.25,78.49,12728292
2025-06-17 04:00:00+00:00,78.27,78.39,77.79,77.82,15059880
2025-06-18 04:00:00+00:00,78.03,78.12,77.68,77.73,11117670
2025-06-20 04:00:00+00:00,78.01,78.5,77.89,78.3,16771490
2025-06-23 04:00:00+00:00,78.36,79.27,78.29,79.2,17771427
2025-06-24 04:00:00+00:00,79.19,79.28,78.78,79.13,12580909
2025-06-25 04:00:00+00:00,78.97,78.97,77.97,78.07,12880584
2025-06-26 04:00:00+00:00,78.15,78.46,77.82,78.01,13783319
2025-06-27 04:00:00+00:00,78.08,78.62,78.0,78.38,15135260
2025-06-30 04:00:00+00:00,78.34,78.93,78.22,78.78,12080045
2025-07-01 04:00:00+00:00,78.87,80.25,78.87,79.77,23302243
2025-07-02 04:00:00+00:00,79.71,80.04,79.34,80.0,16429138
2025-07-03 04:00:00+00:00,80.05,80.11,79.57,79.96,10898436
2025-07-07 04:00:00+00:00,79.88,79.94,79.47,79.89,14365327
2025-07-08 04:00:00+00:00,79.58,79.7,79.08,79.15,15712843
2025-07-09 04:00:00+00:00,79.26,79.35,78.2,78.64,22179049
2025-07-10 04:00:00+00:00,78.68,79.22,78.4,78.92,16688358
2025-07-11 04:00:00+00:00,78.61,78.82,78.23,78.63,16936874
2025-07-14 04:00:00+00:00,78.65,78.75,78.11,78.7,13694057
2025-07-15 04:00:00+00:00,78.52,78.66,77.9,77.91,17681618
2025-07-16 04:00:00+00:00,77.95,78.25,77.53,78.18,15632837
2025-07-17 04:00:00+00:00,78.48,78.97,78.3,78.92,17078954
2025-07-18 04:00:00+00:00,78.96,79.29,78.6,78.71,12754977
2025-07-21 04:00:00+00:00,78.77,79.13,78.61,78.7,13431006
2025-07-22 04:00:00+00:00,78.31,79.55,78.25,79.42,20413838
2025-07-23 04:00:00+00:00,79.45,79.65,79.19,79.45,13808933
2025-07-24 04:00:00+00:00,79.51,79.6,79.1,79.16,11462589
2025-07-25 04:00:00+00:00,79.12,79.32,78.85,79.3,9284882
2025-07-28 04:00:00+00:00,78.88,79.01,78.37,78.48,12113637
2025-07-29 04:00:00+00:00,78.62,79.23,78.2,79.0,18873191
2025-07-30 04:00:00+00:00,79.04,79.29,78.08,78.3,16485424
2025-07-31 04:00:00+00:00,77.74,78.38,77.5,77.63,18339871
2025-08-01 04:00:00+00:00,78.05,78.48,77.89,78.0,28529253
2025-08-04 04:00:00+00:00,77.9,78.52,77.9,78.38,14441908
2025-08-05 04:00:00+00:00,78.34,78.73,78.18,78.3,15062926
2025-08-06 04:00:00+00:00,78.52,79.68,78.33,79.42,16043362
2025-08-07 04:00:00+00:00,79.55,80.13,79.29,80.02,15984204
2025-08-08 04:00:00+00:00,80.09,80.56,80.06,80.25,14135205
2025-08-11 04:00:00+00:00,80.29,80.39,79.7,80.19,12970544
2025-08-12 04:00:00+00:00,80.29,80.46,80.04,80.4,16449485
2025-08-13 04:00:00+00:00,79.97,80.56,79.72,80.4,17683928
2025-08-14 04:00:00+00:00,80.13,80.18,79.62,79.68,12826594
2025-08-15 04:00:00+00:00,79.82,80.04,79.45,79.81,12217688
2025-08-18 04:00:00+00:00,79.85,80.07,79.65,79.7,11892137
2025-08-19 04:00:00+00:00,79.85,80.64,79.83,80.52,13215642
2025-08-20 04:00:00+00:00,80.49,81.63,80.41,80.97,24836104
2025-08-21 04:00:00+00:00,80.42,80.45,79.96,80.24,18125238
2025-08-22 04:00:00+00:00,80.49,81.01,80.04,80.24,16491820
2025-08-25 04:00:00+00:00,79.87,80.01,78.79,78.87,20490602
2025-08-26 04:00:00+00:00,78.77,78.81,78.21,78.36,17723958
2025-08-27 04:00:00+00:00,78.27,78.62,78.18,78.59,11765119
2025-08-28 04:00:00+00:00,78.64,78.69,77.86,78.09,14505184
2025-08-29 04:00:00+00:00,78.27,78.65,78.11,78.6,15661763
2025-09-02 04:00:00+00:00,78.74,79.01,78.17,78.47,16662466
2025-09-03 04:00:00+00:00,78.08,78.45,77.75,78.41,14723063
2025-09-04 04:00:00+00:00,78.57,78.86,78.27,78.46,12717550
2025-09-05 04:00:00+00:00,78.44,79.09,78.24,78.69,20655457
2025-09-08 04:00:00+00:00,78.6,78.61,77.87,78.4,18019778
2025-09-09 04:00:00+00:00,78.24,78.66,78.15,78.55,13459559
2025-09-10 04:00:00+00:00,78.22,78.37,77.39,77.78,19041981
2025-09-11 04:00:00+00:00,77.99,78.64,77.87,78.41,16716437
2025-09-12 04:00:00+00:00,78.28,78.46,77.95,78.15,10261118
2025-09-15 04:00:00+00:00,78.12,78.31,77.22,77.26,14872158
2025-09-16 04:00:00+00:00,77.38,77.78,77.21,77.61,16171003
2025-09-17 04:00:00+00:00,77.72,78.56,77.72,78.07,14408743
2025-09-18 04:00:00+00:00,77.56,77.86,77.38,77.39,21046133
2025-09-19 04:00:00+00:00,77.58,77.6,77.17,77.24,13349336
2025-09-22 04:00:00+00:00,76.94,77.0,76.33,76.38,11993741
2025-09-23 04:00:00+00:00,76.45,76.78,76.15,76.76,9703661
2025-09-24 04:00:00+00:00,76.74,77.22,76.61,76.93,10634176
2025-09-25 04:00:00+00:00,77.26,77.33,76.19,76.19,12046315
2025-09-26 04:00:00+00:00,76.11,76.43,75.91,76.38,11548183
2025-09-29 04:00:00+00:00,76.5,76.54,76.0,76.52,11490635
2025-09-30 04:00:00+00:00,76.43,76.94,76.37,76.78,12306195
2025-10-01 04:00:00+00:00,76.68,76.9,76.22,76.66,10125356
2025-10-02 04:00:00+00:00,76.33,76.61,76.17,76.36,8422275
2025-10-03 04:00:00+00:00,76.33,76.76,76.22,76.45,8426602
2025-10-06 04:00:00+00:00,76.28,76.34,75.8,75.89,10739977
2025-10-07 04:00:00+00:00,75.98,76.7,75.59,76.59,12084218
2025-10-08 04:00:00+00:00,76.53,76.54,76.08,76.21,9503197
2025-10-09 04:00:00+00:00,76.46,76.57,76.11,76.46,9316010
2025-10-10 04:00:00+00:00,76.71,77.17,76.51,76.51,20763544
2025-10-13 04:00:00+00:00,76.15,76.54,75.87,76.26,12692054
2025-10-14 04:00:00+00:00,76.34,77.52,76.21,77.48,12884079
2025-10-15 04:00:00+00:00,77.47,78.1,77.36,77.62,9111212
2025-10-16 04:00:00+00:00,77.82,78.13,76.89,77.08,13599959
2025-10-17 04:00:00+00:00,77.45,78.16,77.42,78.11,13984288
2025-10-20 04:00:00+00:00,78.27,78.38,77.91,78.04,13002573
2025-10-21 04:00:00+00:00,78.18,78.23,77.46,77.68,17471383
2025-10-22 04:00:00+00:00,77.8,78.62,77.39,78.12,13283971
2025-10-23 04:00:00+00:00,78.21,78.24,77.41,77.74,10809866
2025-10-24 04:00:00+00:00,78.26,78.28,77.45,77.48,12735872
2025-10-27 04:00:00+00:00,77.69,77.72,77.26,77.61,13984710
2025-10-28 04:00:00+00:00,77.31,77.4,76.82,76.84,8927477
2025-10-29 04:00:00+00:00,76.31,76.31,74.93,75.02,19893872
2025-10-30 04:00:00+00:00,75.05,75.39,74.92,74.95,17364757
2025-10-31 04:00:00+00:00,74.64,74.94,74.27,74.73,14658320
2025-11-03 05:00:00+00:00,74.57,74.63,73.93,74.14,16185549
2025-11-04 05:00:00+00:00,74.46,74.65,74.01,74.45,18147048
2025-11-05 05:00:00+00:00,74.36,74.66,73.98,74.4,15782850
2025-11-06 05:00:00+00:00,74.16,74.38,73.63,74.06,15452191
2025-11-07 05:00:00+00:00,74.58,75.29,74.34,75.15,16959500
2025-11-10 05:00:00+00:00,74.93,75.05,74.38,74.88,16805857
2025-11-11 05:00:00+00:00,75.11,75.96,75.05,75.86,19801244
2025-11-12 05:00:00+00:00,75.92,76.15,75.73,75.75,10978191
2025-11-13 05:00:00+00:00,75.76,76.21,75.55,75.75,15370846
2025-11-14 05:00:00+00:00,75.78,76.03,75.23,75.69,13138247
2025-11-17 05:00:00+00:00,75.71,76.02,75.16,75.21,13887065
2025-11-18 05:00:00+00:00,75.42,75.81,75.08,75.53,16840253
2025-11-19 05:00:00+00:00,75.38,75.5,74.68,74.96,15122081
2025-11-20 05:00:00+00:00,75.19,75.81,75.14,75.49,21590433
2025-11-21 05:00:00+00:00,75.79,76.81,75.64,76.32,22215981
2025-11-24 05:00:00+00:00,76.22,76.35,75.33,75.44,17869356
2025-11-25 05:00:00+00:00,75.63,76.5,75.63,76.47,18586456
2025-11-26 05:00:00+00:00,76.47,77.5,76.47,77.31,13275355
2025-11-28 05:00:00+00:00,77.2,77.78,77.2,77.76,8914348
2025-12-01 05:00:00+00:00,77.65,77.91,77.43,77.68,16939933
2025-12-02 05:00:00+00:00,77.44,77.44,76.58,77.17,20550952
2025-12-03 05:00:00+00:00,77.33,77.93,77.14,77.23,16833228
2025-12-04 05:00:00+00:00,77.09,77.31,76.43,76.86,14269769
2025-12-05 05:00:00+00:00,76.81,77.39,76.64,76.87,13343343
2025-12-08 05:00:00+00:00,76.72,76.73,76.1,76.23,14602007
2025-12-09 05:00:00+00:00,76.4,76.63,76.07,76.41,14040458
2025-12-10 05:00:00+00:00,76.6,76.78,76.34,76.63,13945597
2025-12-11 05:00:00+00:00,76.82,77.46,76.81,77.2,13753779
2025-12-12 05:00:00+00:00,77.33,77.85,77.19,77.81,14506876
2025-12-15 05:00:00+00:00,78.01,78.28,77.71,78.02,14499582
2025-12-16 05:00:00+00:00,78.17,78.35,77.49,77.67,13055385
2025-12-17 05:00:00+00:00,77.78,78.25,77.74,78.03,14268442
2025-12-18 05:00:00+00:00,77.72,78.2,77.53,77.58,12117088
2025-12-19 05:00:00+00:00,77.51,77.55,77.16,77.18,13142419
2025-12-22 05:00:00+00:00,77.0,77.22,76.76,76.91,10983567
2025-12-23 05:00:00+00:00,76.84,76.85,76.42,76.54,7638467
2025-12-24 05:00:00+00:00,76.58,77.21,76.58,77.15,4697107
2025-12-26 05:00:00+00:00,77.07,77.43,77.0,77.26,8761343
2025-12-29 05:00:00+00:00,77.2,77.5,77.19,77.31,9242522
2025-12-30 05:00:00+00:00,77.13,77.35,77.07,77.18,5610878
2025-12-31 05:00:00+00:00,77.02,77.15,76.7,76.71,5872235
2026-01-02 05:00:00+00:00,76.74,77.0,76.34,76.72,15968651
2026-01-05 05:00:00+00:00,76.59,76.6,75.8,76.39,23343670
2026-01-06 05:00:00+00:00,76.38,76.72,76.17,76.51,17108360
2026-01-07 05:00:00+00:00,76.59,76.72,75.65,75.67,18977228
2026-01-08 05:00:00+00:00,75.66,77.75,75.56,77.46,26260242
2026-01-09 05:00:00+00:00,77.45,78.35,77.39,78.26,18233995
2026-01-12 05:00:00+00:00,78.54,79.27,78.27,79.18,26411167
2026-01-13 05:00:00+00:00,79.21,80.18,79.21,80.1,26284160
2026-01-14 05:00:00+00:00,80.07,81.32,80.04,81.21,32494174
2026-01-15 05:00:00+00:00,81.08,81.48,80.83,81.34,29123675
2026-01-16 05:00:00+00:00,81.13,81.26,80.7,81.09,23754641
2026-01-20 05:00:00+00:00,80.93,81.53,80.43,81.33,19888992
2026-01-21 05:00:00+00:00,81.15,81.54,80.64,81.41,23029190
2026-01-22 05:00:00+00:00,81.31,81.54,81.02,81.25,15777449
2026-01-23 05:00:00+00:00,81.35,81.91,81.29,81.88,20185704
2026-01-26 05:00:00+00:00,82.02,82.29,81.61,81.75,13187976
2026-01-27 05:00:00+00:00,81.73,82.2,81.42,82.12,13532593
2026-01-28 05:00:00+00:00,81.97,82.36,80.93,81.3,16303217
2026-01-29 05:00:00+00:00,81.33,81.82,80.98,81.11,18799491
2026-01-30 05:00:00+00:00,81.16,82.47,81.01,82.47,18175076
2026-02-02 05:00:00+00:00,82.72,83.61,82.25,83.45,26041721
2026-02-03 05:00:00+00:00,83.07,85.27,83.01,84.8,33052470
2026-02-04 05:00:00+00:00,85.25,86.26,85.14,85.91,33748064
2026-02-05 05:00:00+00:00,86.49,86.54,85.39,85.84,38772869
2026-02-06 05:00:00+00:00,85.77,86.99,85.62,86.85,29568629
2026-02-09 05:00:00+00:00,86.82,87.12,85.8,86.34,21853933
2026-02-10 05:00:00+00:00,86.24,86.74,85.74,86.06,20908492
2026-02-11 05:00:00+00:00,85.91,87.61,85.65,87.3,25588303
2026-02-12 05:00:00+00:00,87.39,88.93,87.38,88.1,35282832
2026-02-13 05:00:00+00:00,87.94,88.88,87.52,88.4,25649732
2026-02-17 05:00:00+00:00,88.51,89.02,86.56,87.1,29819265
2026-02-18 05:00:00+00:00,86.84,87.42,86.53,86.94,20422247
2026-02-19 05:00:00+00:00,86.9,87.59,86.28,86.58,18447522
2026-02-20 05:00:00+00:00,86.58,86.85,86.09,86.8,17909420
2026-02-23 05:00:00+00:00,86.59,88.06,86.59,87.86,22072133
2026-02-24 05:00:00+00:00,87.85,88.66,87.65,88.62,20364870
2026-02-25 05:00:00+00:00,88.23,88.35,87.22,87.9,15216749
2026-02-26 05:00:00+00:00,88.15,88.52,87.49,87.75,15926743
2026-02-27 05:00:00+00:00,87.87,88.94,87.85,88.89,17315215
2026-03-02 05:00:00+00:00,88.33,88.67,87.59,87.61,27607988
2026-03-03 05:00:00+00:00,87.25,87.41,86.07,86.65,36853901
2026-03-04 05:00:00+00:00,86.72,86.86,85.85,86.07,22737544
2026-03-05 05:00:00+00:00,85.27,85.36,84.0,84.35,33741768
2026-03-06 05:00:00+00:00,83.86,84.78,83.57,84.71,25860842
2026-03-09 04:00:00+00:00,84.21,85.09,83.74,84.9,20730521
2026-03-10 04:00:00+00:00,84.62,85.41,84.1,84.65,18865838
2026-03-11 04:00:00+00:00,84.48,84.54,83.16,83.54,18433479
2026-03-12 04:00:00+00:00,82.88,83.91,82.65,83.2,17863017
2026-03-13 04:00:00+00:00,83.66,84.05,83.51,83.68,13104793
2026-03-16 04:00:00+00:00,84.15,84.4,83.76,83.92,12883820
2026-03-17 04:00:00+00:00,84.34,84.61,83.59,83.65,12226005
2026-03-18 04:00:00+00:00,82.96,82.98,81.57,81.61,19413999
2026-03-19 04:00:00+00:00,81.59,81.97,80.81,80.95,18582391
2026-03-20 04:00:00+00:00,81.09,81.29,80.05,80.28,20896928
2026-03-23 04:00:00+00:00,81.22,81.27,80.42,80.62,21028420
2026-03-24 04:00:00+00:00,80.24,81.46,80.07,80.55,14831335
2026-03-25 04:00:00+00:00,80.86,81.07,79.96,80.95,17649195
2026-03-26 04:00:00+00:00,80.92,81.66,80.51,80.58,14149370
2026-03-27 04:00:00+00:00,80.71,81.75,80.43,81.22,25943556
2026-03-30 04:00:00+00:00,81.34,82.04,81.07,81.32,15856783
2026-03-31 04:00:00+00:00,81.43,81.7,80.59,81.41,19523606
2026-04-01 04:00:00+00:00,81.16,81.3,80.36,80.9,29644687
2026-04-02 04:00:00+00:00,81.15,81.41,80.6,81.33,20710636
2026-04-06 04:00:00+00:00,81.3,82.12,81.05,82.09,9797962
2026-04-07 04:00:00+00:00,81.89,81.97,80.54,80.7,13332231
2026-04-08 04:00:00+00:00,80.68,82.23,80.41,82.21,12646874
2026-04-09 04:00:00+00:00,81.67,83.06,81.49,82.87,11717055
2026-04-10 04:00:00+00:00,82.81,82.84,81.57,81.8,12097984
2026-04-13 04:00:00+00:00,81.57,81.7,80.51,80.99,9982524
2026-04-14 04:00:00+00:00,80.5,81.19,80.15,80.91,11578965
2026-04-15 04:00:00+00:00,80.67,80.76,79.9,80.5,10895010
2026-04-16 04:00:00+00:00,80.43,81.23,80.31,80.87,13279936
2026-04-17 04:00:00+00:00,80.76,81.97,80.59,81.89,12253238
2026-04-20 04:00:00+00:00,81.98,82.38,81.51,81.82,9431617
2026-04-21 04:00:00+00:00,81.77,81.88,81.17,81.28,8711495
2026-04-22 04:00:00+00:00,81.52,81.94,81.28,81.54,9139251
2026-04-23 04:00:00+00:00,81.79,83.08,81.79,82.9,12355383
2026-04-24 04:00:00+00:00,83.18,83.28,82.38,82.66,10853527
2026-04-27 04:00:00+00:00,82.52,82.77,81.7,81.77,11127020
2026-04-28 04:00:00+00:00,83.02,83.07,82.05,82.51,10171334
2026-04-29 04:00:00+00:00,82.19,82.66,81.9,82.35,12097859
2026-04-30 04:00:00+00:00,82.72,83.86,82.61,83.73,15361000
2026-05-01 04:00:00+00:00,84.14,84.47,83.16,83.59,13320921
2026-05-04 04:00:00+00:00,82.96,83.77,82.56,82.96,12590564
2026-05-05 04:00:00+00:00,82.9,83.88,82.7,83.48,10892403
2026-05-06 04:00:00+00:00,83.75,83.92,83.26,83.66,11531026
2026-05-07 04:00:00+00:00,83.35,83.71,82.57,83.4,10117820
2026-05-08 04:00:00+00:00,83.95,84.22,83.57,83.6,10324647
2026-05-11 04:00:00+00:00,83.5,83.71,82.25,82.8,11064067
2026-05-12 04:00:00+00:00,83.13,84.43,82.64,83.86,16105876
2026-05-13 04:00:00+00:00,83.62,84.67,83.56,84.14,10464065
2026-05-14 04:00:00+00:00,84.36,84.67,84.21,84.39,6628606
2026-05-15 04:00:00+00:00,84.94,85.0,83.92,84.06,12230764
2026-05-18 04:00:00+00:00,84.17,85.35,84.1,85.31,11635904
2026-05-19 04:00:00+00:00,85.23,86.1,84.57,85.5,12234048
2026-05-20 04:00:00+00:00,84.99,85.47,84.23,84.93,14035895
2026-05-21 04:00:00+00:00,83.98,84.19,82.86,84.08,13186584
2026-05-22 04:00:00+00:00,84.14,84.53,83.85,84.22,7891486
2026-05-26 04:00:00+00:00,84.21,84.3,82.95,83.05,9478579
2026-05-27 04:00:00+00:00,83.44,84.57,83.32,84.0,12225620
2026-05-28 04:00:00+00:00,84.28,84.36,83.78,83.85,6415513
2026-05-29 04:00:00+00:00,83.39,83.52,82.28,82.34,13012519
2026-06-01 04:00:00+00:00,81.94,82.07,81.12,81.46,20248196
2026-06-02 04:00:00+00:00,81.36,81.72,80.92,81.27,15724499
2026-06-03 04:00:00+00:00,81.23,82.15,81.09,81.59,14752889
2026-06-04 04:00:00+00:00,82.77,83.03,81.27,81.47,12186971
2026-06-05 04:00:00+00:00,82.02,83.81,81.87,82.86,17022594
2026-06-08 04:00:00+00:00,82.4,82.91,82.36,82.5,9545695
2026-06-09 04:00:00+00:00,82.61,84.01,82.47,83.52,12399621
2026-06-10 04:00:00+00:00,84.18,85.02,83.82,84.9,13135097
2026-06-11 04:00:00+00:00,85.08,85.37,84.61,84.68,18014308
2026-06-12 04:00:00+00:00,84.87,85.27,84.53,85.23,9363913
2026-06-15 04:00:00+00:00,84.88,85.18,84.54,84.89,10981438
2026-06-16 04:00:00+00:00,85.2,85.75,84.5,85.0,9365337
2026-06-17 04:00:00+00:00,84.6,84.8,82.78,83.1,18016145
2026-06-18 04:00:00+00:00,83.26,83.31,82.55,82.73,10448047
2026-06-22 04:00:00+00:00,82.66,83.14,82.15,82.18,11244898
2026-06-23 04:00:00+00:00,83.62,83.84,83.025,83.72,14964162
2026-06-24 04:00:00+00:00,84.035,84.81,83.82,84.44,11295844
2026-06-25 04:00:00+00:00,83.95,84.99,83.7,83.94,12078990
2026-06-26 04:00:00+00:00,84.65,85.2194,84.445,84.71,11373120
2026-06-29 04:00:00+00:00,84.905,85.075,84.045,84.37,10164830
2026-06-30 04:00:00+00:00,83.99,84.09,82.95,83.07,12753683
2026-07-01 04:00:00+00:00,83.095,83.33,82.77,83.3,12211357
2026-07-02 04:00:00+00:00,83.75,85.135,83.75,84.99,16708358
2026-07-06 04:00:00+00:00,84.8,85.1,83.315,84.1,13178043
2026-07-07 04:00:00+00:00,85.52,85.958,84.45,84.86,13236002
2026-07-08 04:00:00+00:00,85.17,85.3,84.35,84.39,10999446
2026-07-09 04:00:00+00:00,83.55,83.835,83.11,83.2,11323212
2026-07-10 04:00:00+00:00,83.24,84.19,83.17,84.12,8306317
2026-07-13 04:00:00+00:00,84.55,85.54,84.375,84.59,8119946
2026-07-14 04:00:00+00:00,84.51,84.735,83.345,83.42,7872398
2026-07-15 04:00:00+00:00,83.1,84.22,82.97,83.47,7388696
2026-07-16 04:00:00+00:00,84.14,85.815,84.04,85.81,12147477
2026-07-17 04:00:00+00:00,86.79,87.43,84.755,85.19,15693516
2026-07-20 04:00:00+00:00,85.135,85.399,84.56,84.86,8567297
2026-07-21 04:00:00+00:00,84.43,84.6,83.915,84.06,7386987
2026-07-22 04:00:00+00:00,84.578,85.015,84.07,84.38,6541900
2026-07-23 04:00:00+00:00,83.2,83.69,82.81,83.21,10347587
2026-07-24 04:00:00+00:00,83.37,84.28,83.16,84.13,9630870
2026-07-27 04:00:00+00:00,84.42,85.765,84.3768,85.36,12244761
2026-07-28 04:00:00+00:00,87.07,88.78,86.925,87.06,22248025
2026-07-29 04:00:00+00:00,86.34,87.875,86.34,87.36,14863728
2026-07-30 04:00:00+00:00,86.0,86.09,84.985,85.47,16609440
2026-07-31 04:00:00+00:00,84.85,85.43,84.325,85.05,11382838
2026-08-03 04:00:00+00:00,85.92,86.34,84.63,84.86,12593655
