timestamp,open,high,low,close,volume
2017-02-01 05:00:00+00:00,18.15,18.16,17.88,17.93,49494950
2017-02-02 05:00:00+00:00,17.99,18.12,17.88,18.12,31690174
2017-02-03 05:00:00+00:00,18.17,18.22,18.1,18.14,22788342
2017-02-06 05:00:00+00:00,18.21,18.23,18.09,18.11,14269366
2017-02-07 05:00:00+00:00,18.14,18.18,18.09,18.15,13195318
2017-02-08 05:00:00+00:00,18.2,18.36,18.16,18.33,34202390
2017-02-09 05:00:00+00:00,18.31,18.36,18.13,18.17,29131004
2017-02-10 05:00:00+00:00,18.13,18.31,18.12,18.29,19209192
2017-02-13 05:00:00+00:00,18.3,18.4,18.24,18.38,30773612
2017-02-14 05:00:00+00:00,18.35,18.36,18.15,18.24,37917280
2017-02-15 05:00:00+00:00,18.13,18.21,18.05,18.2,37968380
2017-02-16 05:00:00+00:00,18.2,18.39,18.2,18.38,31508782
2017-02-17 05:00:00+00:00,18.43,18.45,18.29,18.39,20340478
2017-02-21 05:00:00+00:00,18.37,18.63,18.3,18.59,23364510
2017-02-22 05:00:00+00:00,18.59,18.7,18.51,18.66,34219776
2017-02-23 05:00:00+00:00,18.74,18.92,18.7,18.86,30769358
2017-02-24 05:00:00+00:00,18.92,19.14,18.92,19.14,37838082
2017-02-27 05:00:00+00:00,19.1,19.12,19.01,19.03,28483362
2017-02-28 05:00:00+00:00,19.03,19.26,19.0,19.21,29406836
2017-03-01 05:00:00+00:00,18.94,19.18,18.92,19.04,58505482
2017-03-02 05:00:00+00:00,18.97,19.29,18.95,19.18,35387170
2017-03-03 05:00:00+00:00,19.18,19.18,18.96,19.12,35624786
2017-03-06 05:00:00+00:00,19.08,19.12,19.01,19.08,15484024
2017-03-07 05:00:00+00:00,19.06,19.14,19.04,19.07,47261036
2017-03-08 05:00:00+00:00,18.89,18.92,18.76,18.79,39583388
2017-03-09 05:00:00+00:00,18.84,18.9,18.74,18.75,25848546
2017-03-10 05:00:00+00:00,18.85,18.95,18.79,18.91,23377292
2017-03-13 04:00:00+00:00,18.89,18.97,18.87,18.96,34577326
2017-03-14 04:00:00+00:00,18.94,19.0,18.88,18.95,23532176
2017-03-15 04:00:00+00:00,19.01,19.35,18.97,19.25,46004566
2017-03-16 04:00:00+00:00,19.21,19.21,19.0,19.04,39258082
2017-03-17 04:00:00+00:00,19.1,19.26,19.08,19.15,30861234
2017-03-20 04:00:00+00:00,19.2,19.23,18.97,19.03,14296048
2017-03-21 04:00:00+00:00,19.04,19.37,19.03,19.29,54203358
2017-03-22 04:00:00+00:00,19.37,19.53,19.31,19.39,54516574
2017-03-23 04:00:00+00:00,19.38,19.5,19.28,19.33,45386824
2017-03-24 04:00:00+00:00,19.34,19.47,19.29,19.4,25004228
2017-03-27 04:00:00+00:00,19.48,19.52,19.25,19.32,23877822
2017-03-28 04:00:00+00:00,19.32,19.34,19.22,19.31,17332426
2017-03-29 04:00:00+00:00,19.3,19.32,19.18,19.26,14321714
2017-03-30 04:00:00+00:00,19.23,19.23,19.06,19.11,41926400
2017-03-31 04:00:00+00:00,19.13,19.28,19.12,19.18,20807982
2017-04-03 04:00:00+00:00,19.18,19.18,19.0,19.18,31613704
2017-04-04 04:00:00+00:00,19.16,19.31,19.12,19.24,20743248
2017-04-05 04:00:00+00:00,19.22,19.37,19.18,19.35,26103594
2017-04-06 04:00:00+00:00,19.32,19.33,19.22,19.31,18796188
2017-04-07 04:00:00+00:00,19.37,19.4,19.2,19.22,47599946
2017-04-10 04:00:00+00:00,19.23,19.27,19.12,19.25,19084856
2017-04-11 04:00:00+00:00,19.26,19.28,19.12,19.24,19807684
2017-04-12 04:00:00+00:00,19.22,19.4,19.16,19.38,21231844
2017-04-13 04:00:00+00:00,19.41,19.41,19.23,19.32,21932360
2017-04-17 04:00:00+00:00,19.37,19.41,19.31,19.41,14752588
2017-04-18 04:00:00+00:00,19.44,19.49,19.38,19.45,33355286
2017-04-19 04:00:00+00:00,19.43,19.44,19.25,19.32,26343986
2017-04-20 04:00:00+00:00,19.29,19.29,19.1,19.24,27308252
2017-04-21 04:00:00+00:00,19.22,19.42,19.22,19.34,26920150
2017-04-24 04:00:00+00:00,19.36,19.46,19.23,19.44,39842568
2017-04-25 04:00:00+00:00,19.38,19.44,19.31,19.41,22197042
2017-04-26 04:00:00+00:00,19.41,19.5,19.34,19.35,19422510
2017-04-27 04:00:00+00:00,19.35,19.52,19.33,19.42,19335426
2017-04-28 04:00:00+00:00,19.4,19.42,19.27,19.32,20539674
2017-05-01 04:00:00+00:00,19.37,19.37,19.16,19.21,21983094
2017-05-02 04:00:00+00:00,19.23,19.31,19.16,19.23,19568514
2017-05-03 04:00:00+00:00,19.26,19.28,19.16,19.17,21453002
2017-05-04 04:00:00+00:00,19.12,19.26,19.11,19.23,28247464
2017-05-05 04:00:00+00:00,19.29,19.41,19.27,19.34,21942630
2017-05-08 04:00:00+00:00,19.35,19.38,19.23,19.33,19523720
2017-05-09 04:00:00+00:00,19.32,19.33,19.16,19.19,16013636
2017-05-10 04:00:00+00:00,19.21,19.26,19.12,19.22,17012912
2017-05-11 04:00:00+00:00,19.17,19.25,19.09,19.25,15701952
2017-05-12 04:00:00+00:00,19.29,19.38,19.26,19.34,15275188
2017-05-15 04:00:00+00:00,19.34,19.46,19.32,19.42,12971912
2017-05-16 04:00:00+00:00,19.39,19.45,19.26,19.28,15595316
2017-05-17 04:00:00+00:00,19.33,19.42,19.24,19.33,30521518
2017-05-18 04:00:00+00:00,19.37,19.49,19.23,19.4,37521280
2017-05-19 04:00:00+00:00,19.39,19.47,19.28,19.47,20000436
2017-05-22 04:00:00+00:00,19.44,19.67,19.43,19.64,15892680
2017-05-23 04:00:00+00:00,19.67,19.81,19.64,19.69,30907050
2017-05-24 04:00:00+00:00,19.71,19.84,19.69,19.8,15545812
2017-05-25 04:00:00+00:00,19.84,20.0,19.79,19.96,43098934
2017-05-26 04:00:00+00:00,19.98,20.01,19.93,19.96,18085448
2017-05-30 04:00:00+00:00,19.98,20.08,19.92,20.03,12741634
2017-05-31 04:00:00+00:00,20.05,20.2,20.03,20.13,25936532
2017-06-01 04:00:00+00:00,20.08,20.27,20.05,20.27,22551818
2017-06-02 04:00:00+00:00,20.42,20.42,20.23,20.29,20158124
2017-06-05 04:00:00+00:00,20.29,20.31,20.2,20.23,15613100
2017-06-06 04:00:00+00:00,20.27,20.27,20.16,20.18,15314836
2017-06-07 04:00:00+00:00,20.18,20.3,20.15,20.25,16687904
2017-06-08 04:00:00+00:00,20.21,20.23,19.96,20.08,28620404
2017-06-09 04:00:00+00:00,20.02,20.08,19.92,20.06,28136274
2017-06-12 04:00:00+00:00,20.09,20.17,19.92,20.03,25922810
2017-06-13 04:00:00+00:00,20.01,20.09,19.96,20.08,20640210
2017-06-14 04:00:00+00:00,20.2,20.29,20.12,20.18,32155154
2017-06-15 04:00:00+00:00,20.13,20.32,20.13,20.31,31457048
2017-06-16 04:00:00+00:00,20.36,20.43,20.32,20.4,39485682
2017-06-19 04:00:00+00:00,20.41,20.42,20.25,20.33,39920740
2017-06-20 04:00:00+00:00,20.35,20.36,20.3,20.34,15401744
2017-06-21 04:00:00+00:00,20.33,20.37,20.11,20.22,21144108
2017-06-22 04:00:00+00:00,20.19,20.26,20.11,20.12,17732036
2017-06-23 04:00:00+00:00,20.13,20.2,20.01,20.05,18241920
2017-06-26 04:00:00+00:00,20.1,20.3,20.03,20.19,21274418
2017-06-27 04:00:00+00:00,20.1,20.16,19.91,19.95,21378232
2017-06-28 04:00:00+00:00,20.02,20.07,19.75,19.77,19217538
2017-06-29 04:00:00+00:00,19.65,19.68,19.54,19.61,41404604
2017-06-30 04:00:00+00:00,19.64,19.74,19.58,19.58,31602398
2017-07-03 04:00:00+00:00,19.61,19.67,19.47,19.49,25818456
2017-07-05 04:00:00+00:00,19.56,19.56,19.35,19.4,28605684
2017-07-06 04:00:00+00:00,19.32,19.41,19.32,19.39,28489234
2017-07-07 04:00:00+00:00,19.39,19.5,19.37,19.41,27381102
2017-07-10 04:00:00+00:00,19.46,19.51,19.38,19.39,37296934
2017-07-11 04:00:00+00:00,19.42,19.42,19.29,19.38,18327530
2017-07-12 04:00:00+00:00,19.55,19.6,19.51,19.55,26127488
2017-07-13 04:00:00+00:00,19.53,19.58,19.46,19.48,14271212
2017-07-14 04:00:00+00:00,19.61,19.66,19.55,19.57,25623852
2017-07-17 04:00:00+00:00,19.58,19.66,19.54,19.66,15660550
2017-07-18 04:00:00+00:00,19.7,19.74,19.65,19.72,16188884
2017-07-19 04:00:00+00:00,19.75,19.81,19.69,19.8,22668442
2017-07-20 04:00:00+00:00,19.85,19.94,19.8,19.94,17601866
2017-07-21 04:00:00+00:00,19.94,20.08,19.88,20.08,19093628
2017-07-24 04:00:00+00:00,20.1,20.1,19.87,19.9,22879158
2017-07-25 04:00:00+00:00,19.85,19.91,19.76,19.78,21912372
2017-07-26 04:00:00+00:00,19.78,19.97,19.75,19.97,18143476
2017-07-27 04:00:00+00:00,19.91,20.02,19.89,20.02,19480266
2017-07-28 04:00:00+00:00,19.99,20.05,19.9,19.99,19759632
2017-07-31 04:00:00+00:00,19.97,20.1,19.94,20.06,24344648
2017-08-01 04:00:00+00:00,20.08,20.21,20.07,20.17,22443028
2017-08-02 04:00:00+00:00,20.13,20.26,20.01,20.26,16270316
2017-08-03 04:00:00+00:00,20.28,20.36,20.19,20.36,21644346
2017-08-04 04:00:00+00:00,20.25,20.31,20.16,20.27,36015602
2017-08-07 04:00:00+00:00,20.29,20.34,20.24,20.33,11066132
2017-08-08 04:00:00+00:00,20.31,20.42,20.29,20.42,16636128
2017-08-09 04:00:00+00:00,20.45,20.5,20.3,20.31,17998936
2017-08-10 04:00:00+00:00,20.28,20.41,20.24,20.37,19693820
2017-08-11 04:00:00+00:00,20.33,20.37,20.18,20.25,19214378
2017-08-14 04:00:00+00:00,20.26,20.38,20.25,20.37,24895342
2017-08-15 04:00:00+00:00,20.23,20.5,20.22,20.48,19799256
2017-08-16 04:00:00+00:00,20.45,20.58,20.45,20.57,14772976
2017-08-17 04:00:00+00:00,20.52,20.59,20.4,20.42,18338856
2017-08-18 04:00:00+00:00,20.35,20.64,20.35,20.54,30091542
2017-08-21 04:00:00+00:00,20.6,20.65,20.52,20.62,11513018
2017-08-22 04:00:00+00:00,20.63,20.66,20.56,20.66,17686086
2017-08-23 04:00:00+00:00,20.65,20.74,20.59,20.73,14535344
2017-08-24 04:00:00+00:00,20.72,20.76,20.68,20.71,14340048
2017-08-25 04:00:00+00:00,20.76,20.86,20.71,20.78,16055494
2017-08-28 04:00:00+00:00,20.85,20.85,20.72,20.82,16149124
2017-08-29 04:00:00+00:00,20.85,20.89,20.77,20.77,16048674
2017-08-30 04:00:00+00:00,20.76,20.78,20.68,20.71,11921782
2017-08-31 04:00:00+00:00,20.71,20.77,20.7,20.72,21249276
2017-09-01 04:00:00+00:00,20.75,20.78,20.59,20.65,22903222
2017-09-05 04:00:00+00:00,20.69,20.72,20.59,20.71,18471418
2017-09-06 04:00:00+00:00,20.73,20.76,20.57,20.61,23367050
2017-09-07 04:00:00+00:00,20.63,20.79,20.61,20.77,25028012
2017-09-08 04:00:00+00:00,20.74,20.88,20.7,20.86,20620088
2017-09-11 04:00:00+00:00,20.83,21.07,20.82,21.04,20812328
2017-09-12 04:00:00+00:00,21.03,21.03,20.58,20.69,38477656
2017-09-13 04:00:00+00:00,20.67,20.69,20.57,20.59,21836678
2017-09-14 04:00:00+00:00,20.58,20.77,20.52,20.76,20732122
2017-09-15 04:00:00+00:00,20.82,20.85,20.7,20.79,17526210
2017-09-18 04:00:00+00:00,20.78,20.79,20.44,20.58,32014790
2017-09-19 04:00:00+00:00,20.61,20.63,20.51,20.54,32811382
2017-09-20 04:00:00+00:00,20.57,20.62,20.31,20.39,39805666
2017-09-21 04:00:00+00:00,20.4,20.51,20.36,20.38,21789928
2017-09-22 04:00:00+00:00,20.44,20.47,20.21,20.21,22947568
2017-09-25 04:00:00+00:00,20.25,20.42,20.21,20.4,25205312
2017-09-26 04:00:00+00:00,20.39,20.43,20.32,20.36,20089488
2017-09-27 04:00:00+00:00,20.22,20.3,19.99,20.09,25459878
2017-09-28 04:00:00+00:00,20.02,20.21,19.96,20.16,28544594
2017-09-29 04:00:00+00:00,20.17,20.23,20.07,20.15,24569964
2017-10-02 04:00:00+00:00,20.14,20.27,20.11,20.18,33550724
2017-10-03 04:00:00+00:00,20.19,20.2,20.0,20.12,19467030
2017-10-04 04:00:00+00:00,20.14,20.33,20.07,20.32,24873442
2017-10-05 04:00:00+00:00,20.32,20.35,20.21,20.31,25424950
2017-10-06 04:00:00+00:00,20.21,20.3,20.14,20.29,21025668
2017-10-09 04:00:00+00:00,20.33,20.37,20.29,20.32,16654248
2017-10-10 04:00:00+00:00,20.37,20.52,20.3,20.51,16980068
2017-10-11 04:00:00+00:00,20.49,20.7,20.49,20.6,31214356
2017-10-12 04:00:00+00:00,20.6,20.76,20.59,20.71,31308408
2017-10-13 04:00:00+00:00,20.77,20.8,20.5,20.56,26114616
2017-10-16 04:00:00+00:00,20.56,20.6,20.35,20.52,22703776
2017-10-17 04:00:00+00:00,20.51,20.68,20.45,20.64,19569178
2017-10-18 04:00:00+00:00,20.55,20.64,20.52,20.6,17694450
2017-10-19 04:00:00+00:00,20.64,20.82,20.62,20.82,21213816
2017-10-20 04:00:00+00:00,20.74,20.88,20.73,20.83,22836822
2017-10-23 04:00:00+00:00,20.83,20.89,20.76,20.85,22326906
2017-10-24 04:00:00+00:00,20.81,20.89,20.76,20.86,24109774
2017-10-25 04:00:00+00:00,20.78,20.81,20.53,20.77,36868446
2017-10-26 04:00:00+00:00,20.87,20.98,20.77,20.78,34791030
2017-10-27 04:00:00+00:00,20.75,20.96,20.72,20.91,20889074
2017-10-30 04:00:00+00:00,20.9,20.95,20.84,20.91,20554772
2017-10-31 04:00:00+00:00,20.89,20.97,20.84,20.93,19440926
2017-11-01 04:00:00+00:00,20.97,20.97,20.78,20.81,22124066
2017-11-02 04:00:00+00:00,20.81,20.98,20.76,20.89,29949814
2017-11-03 04:00:00+00:00,20.86,21.07,20.82,20.97,24520972
2017-11-06 05:00:00+00:00,20.99,21.0,20.88,20.89,24381384
2017-11-07 05:00:00+00:00,20.92,21.17,20.85,21.14,23240532
2017-11-08 05:00:00+00:00,21.13,21.21,21.0,21.15,19497516
2017-11-09 05:00:00+00:00,21.09,21.22,21.04,21.18,21726480
2017-11-10 05:00:00+00:00,21.07,21.13,21.01,21.08,22387240
2017-11-13 05:00:00+00:00,21.1,21.35,21.1,21.33,19874438
2017-11-14 05:00:00+00:00,21.27,21.61,21.26,21.6,25136718
2017-11-15 05:00:00+00:00,21.68,21.73,21.39,21.41,24397734
2017-11-16 05:00:00+00:00,21.36,21.41,21.28,21.34,23203990
2017-11-17 05:00:00+00:00,21.3,21.35,21.18,21.19,38837382
2017-11-20 05:00:00+00:00,21.21,21.23,21.1,21.13,20254028
2017-11-21 05:00:00+00:00,21.19,21.25,21.13,21.19,17391672
2017-11-22 05:00:00+00:00,21.17,21.23,21.11,21.19,11281344
2017-11-24 05:00:00+00:00,21.2,21.3,21.19,21.22,10101982
2017-11-27 05:00:00+00:00,21.25,21.35,21.19,21.31,14877294
2017-11-28 05:00:00+00:00,21.37,21.45,21.32,21.41,18697686
2017-11-29 05:00:00+00:00,21.34,21.51,21.26,21.42,32389498
2017-11-30 05:00:00+00:00,21.45,21.54,21.41,21.49,32395778
2017-12-01 05:00:00+00:00,21.57,21.61,21.3,21.42,48301730
2017-12-04 05:00:00+00:00,21.43,21.52,21.26,21.3,26521974
2017-12-05 05:00:00+00:00,21.34,21.34,20.93,21.03,40809650
2017-12-06 05:00:00+00:00,21.07,21.15,21.0,21.11,19111060
2017-12-07 05:00:00+00:00,21.07,21.15,20.98,21.15,23136106
2017-12-08 05:00:00+00:00,21.12,21.22,21.04,21.22,21173768
2017-12-11 05:00:00+00:00,21.2,21.36,21.14,21.35,37032728
2017-12-12 05:00:00+00:00,21.27,21.29,20.97,20.98,51227426
2017-12-13 05:00:00+00:00,21.04,21.16,20.98,21.04,35446024
2017-12-14 05:00:00+00:00,21.02,21.11,20.85,21.01,26548230
2017-12-15 05:00:00+00:00,21.08,21.17,21.02,21.09,27561160
2017-12-18 05:00:00+00:00,21.11,21.17,20.83,20.85,39442160
2017-12-19 05:00:00+00:00,20.86,20.88,20.46,20.48,30839942
2017-12-20 05:00:00+00:00,20.46,20.53,20.3,20.32,32668458
2017-12-21 05:00:00+00:00,20.17,20.18,19.99,20.07,40763800
2017-12-22 05:00:00+00:00,20.1,20.18,20.09,20.1,23267616
2017-12-26 05:00:00+00:00,20.13,20.19,19.98,19.99,17808480
2017-12-27 05:00:00+00:00,20.06,20.11,20.02,20.07,21478036
2017-12-28 05:00:00+00:00,20.11,20.19,20.07,20.18,10138858
2017-12-29 05:00:00+00:00,20.24,20.28,20.15,20.18,14371872
2018-01-02 05:00:00+00:00,20.19,20.22,19.94,20.0,25004842
2018-01-03 05:00:00+00:00,19.93,20.08,19.78,19.85,42203552
2018-01-04 05:00:00+00:00,19.79,19.92,19.64,19.68,30671796
2018-01-05 05:00:00+00:00,19.75,19.78,19.58,19.68,47146752
2018-01-08 05:00:00+00:00,19.71,19.87,19.67,19.86,29012140
2018-01-09 05:00:00+00:00,19.86,19.86,19.63,19.66,33994326
2018-01-10 05:00:00+00:00,19.55,19.58,19.41,19.45,31485762
2018-01-11 05:00:00+00:00,19.43,19.52,19.31,19.38,36707490
2018-01-12 05:00:00+00:00,19.32,19.42,19.21,19.26,41617136
2018-01-16 05:00:00+00:00,19.34,19.4,19.11,19.22,55020888
2018-01-17 05:00:00+00:00,19.25,19.4,19.23,19.34,52997616
2018-01-18 05:00:00+00:00,19.34,19.35,19.12,19.22,43963508
2018-01-19 05:00:00+00:00,19.3,19.34,19.14,19.17,37632634
2018-01-22 05:00:00+00:00,19.25,19.38,19.16,19.19,49343182
2018-01-23 05:00:00+00:00,19.26,19.51,19.2,19.37,53695836
2018-01-24 05:00:00+00:00,19.34,19.36,19.22,19.26,41076164
2018-01-25 05:00:00+00:00,19.26,19.57,19.25,19.55,55867402
2018-01-26 05:00:00+00:00,19.61,19.66,19.37,19.56,48033814
2018-01-29 05:00:00+00:00,19.47,19.51,19.29,19.31,36483548
2018-01-30 05:00:00+00:00,19.3,19.43,19.29,19.35,26444592
2018-01-31 05:00:00+00:00,19.37,19.58,19.27,19.56,57583948
2018-02-01 05:00:00+00:00,19.54,19.62,19.2,19.26,57857188
2018-02-02 05:00:00+00:00,19.16,19.3,19.09,19.12,44156922
2018-02-05 05:00:00+00:00,19.09,19.29,18.77,18.8,68386592
2018-02-06 05:00:00+00:00,18.58,18.68,18.16,18.52,83963324
2018-02-07 05:00:00+00:00,18.51,18.73,18.43,18.44,57957400
2018-02-08 05:00:00+00:00,18.38,18.63,18.21,18.23,52511200
2018-02-09 05:00:00+00:00,18.28,18.75,18.23,18.61,75493554
2018-02-12 05:00:00+00:00,18.65,18.86,18.48,18.76,60082292
2018-02-13 05:00:00+00:00,18.75,18.91,18.55,18.84,50452982
2018-02-14 05:00:00+00:00,18.68,18.8,18.58,18.63,42181832
2018-02-15 05:00:00+00:00,18.67,19.05,18.65,19.04,33500230
2018-02-16 05:00:00+00:00,19.05,19.26,18.98,19.21,40740744
2018-02-20 05:00:00+00:00,19.15,19.22,18.87,18.96,36571906
2018-02-21 05:00:00+00:00,18.97,19.1,18.71,18.71,48718502
2018-02-22 05:00:00+00:00,18.77,18.95,18.71,18.81,46569194
2018-02-23 05:00:00+00:00,18.86,19.32,18.84,19.3,42569128
2018-02-26 05:00:00+00:00,19.38,19.41,19.2,19.24,27813204
2018-02-27 05:00:00+00:00,19.26,19.37,18.93,18.94,36815150
2018-02-28 05:00:00+00:00,19.0,19.05,18.8,18.8,25385812
2018-03-01 05:00:00+00:00,18.84,19.11,18.72,18.8,43596464
2018-03-02 05:00:00+00:00,18.8,18.99,18.6,18.76,34201074
2018-03-05 05:00:00+00:00,18.71,19.18,18.67,19.14,31764948
2018-03-06 05:00:00+00:00,19.12,19.16,18.84,18.89,42009902
2018-03-07 05:00:00+00:00,18.83,18.91,18.67,18.74,33858540
2018-03-08 05:00:00+00:00,18.79,18.92,18.76,18.88,24875682
2018-03-09 05:00:00+00:00,18.84,18.94,18.79,18.93,26477042
2018-03-12 04:00:00+00:00,18.94,19.04,18.92,19.02,32755870
2018-03-13 04:00:00+00:00,19.08,19.17,18.91,19.06,38075922
2018-03-14 04:00:00+00:00,19.12,19.32,19.1,19.25,38812998
2018-03-15 04:00:00+00:00,19.24,19.42,19.13,19.24,42375016
2018-03-16 04:00:00+00:00,19.24,19.46,19.23,19.42,42736574
2018-03-19 04:00:00+00:00,19.4,19.46,19.18,19.29,47410936
2018-03-20 04:00:00+00:00,19.29,19.38,19.16,19.2,31685854
2018-03-21 04:00:00+00:00,19.22,19.4,19.07,19.14,41497550
2018-03-22 04:00:00+00:00,19.16,19.53,19.1,19.22,53307518
2018-03-23 04:00:00+00:00,19.22,19.4,18.91,18.95,35073294
2018-03-26 04:00:00+00:00,19.01,19.17,18.97,19.15,28208818
2018-03-27 04:00:00+00:00,19.17,19.62,19.11,19.42,44018812
2018-03-28 04:00:00+00:00,19.45,19.52,19.29,19.41,48758084
2018-03-29 04:00:00+00:00,19.47,19.61,19.44,19.51,31443682
2018-04-02 04:00:00+00:00,19.55,19.65,19.23,19.37,36287036
2018-04-03 04:00:00+00:00,19.33,19.52,19.28,19.43,28178740
2018-04-04 04:00:00+00:00,19.43,19.53,19.27,19.48,35582162
2018-04-05 04:00:00+00:00,19.47,19.69,19.26,19.63,30331302
2018-04-06 04:00:00+00:00,19.66,19.7,19.43,19.48,29459566
2018-04-09 04:00:00+00:00,19.49,19.65,19.43,19.51,24031916
2018-04-10 04:00:00+00:00,19.52,19.54,19.32,19.37,28824568
2018-04-11 04:00:00+00:00,19.36,19.43,19.27,19.34,16142338
2018-04-12 04:00:00+00:00,19.34,19.39,19.04,19.08,25031382
2018-04-13 04:00:00+00:00,19.12,19.32,19.12,19.23,21294502
2018-04-16 04:00:00+00:00,19.28,19.51,19.26,19.5,31614902
2018-04-17 04:00:00+00:00,19.54,19.76,19.46,19.69,30897164
2018-04-18 04:00:00+00:00,19.72,19.89,19.62,19.62,29915962
2018-04-19 04:00:00+00:00,19.55,19.65,19.45,19.6,30848866
2018-04-20 04:00:00+00:00,19.58,19.63,19.37,19.43,28508894
2018-04-23 04:00:00+00:00,19.46,19.55,19.37,19.44,24983068
2018-04-24 04:00:00+00:00,19.46,19.69,19.42,19.57,34078206
2018-04-25 04:00:00+00:00,19.5,19.65,19.43,19.57,26963722
2018-04-26 04:00:00+00:00,19.6,19.8,19.51,19.77,24589378
2018-04-27 04:00:00+00:00,19.75,20.05,19.71,19.97,36636348
2018-04-30 04:00:00+00:00,20.01,20.07,19.9,19.91,25699246
2018-05-01 04:00:00+00:00,19.92,19.95,19.82,19.85,22367444
2018-05-02 04:00:00+00:00,19.86,19.93,19.76,19.84,26173750
2018-05-03 04:00:00+00:00,19.8,19.9,19.58,19.81,33215838
2018-05-04 04:00:00+00:00,19.84,19.99,19.84,19.9,23644028
2018-05-07 04:00:00+00:00,19.89,19.93,19.77,19.79,17227636
2018-05-08 04:00:00+00:00,19.71,19.75,19.26,19.29,47204204
2018-05-09 04:00:00+00:00,19.3,19.34,19.09,19.16,49717560
2018-05-10 04:00:00+00:00,19.33,19.44,19.22,19.43,28231166
2018-05-11 04:00:00+00:00,19.45,19.51,19.38,19.46,13105250
2018-05-14 04:00:00+00:00,19.49,19.53,19.3,19.39,17780936
2018-05-15 04:00:00+00:00,19.27,19.36,19.13,19.23,22511238
2018-05-16 04:00:00+00:00,19.23,19.26,19.0,19.07,27441004
2018-05-17 04:00:00+00:00,19.08,19.13,18.88,18.92,24951830
2018-05-18 04:00:00+00:00,18.97,19.04,18.78,18.92,23942722
2018-05-21 04:00:00+00:00,18.95,19.07,18.86,19.02,21631760
2018-05-22 04:00:00+00:00,19.01,19.2,19.01,19.09,24002664
2018-05-23 04:00:00+00:00,19.16,19.31,19.11,19.26,27981806
2018-05-24 04:00:00+00:00,19.29,19.44,19.23,19.42,26484806
2018-05-25 04:00:00+00:00,19.45,19.56,19.41,19.51,30234298
2018-05-29 04:00:00+00:00,19.47,19.64,19.37,19.51,34801750
2018-05-30 04:00:00+00:00,19.45,19.7,19.4,19.67,28089096
2018-05-31 04:00:00+00:00,19.64,19.81,19.52,19.7,30549414
2018-06-01 04:00:00+00:00,19.65,19.65,19.3,19.4,34720964
2018-06-04 04:00:00+00:00,19.43,19.51,19.23,19.24,29079674
2018-06-05 04:00:00+00:00,19.28,19.3,19.07,19.12,30554708
2018-06-06 04:00:00+00:00,19.14,19.16,18.68,18.68,56346740
2018-06-07 04:00:00+00:00,18.72,19.0,18.67,18.82,43220152
2018-06-08 04:00:00+00:00,18.89,18.89,18.75,18.81,22684984
2018-06-11 04:00:00+00:00,18.85,18.92,18.72,18.77,35396544
2018-06-12 04:00:00+00:00,18.75,19.01,18.74,18.99,38700158
2018-06-13 04:00:00+00:00,19.01,19.12,18.88,18.94,35543096
2018-06-14 04:00:00+00:00,18.97,19.21,18.94,19.17,32822644
2018-06-15 04:00:00+00:00,19.15,19.32,19.0,19.31,43994462
2018-06-18 04:00:00+00:00,19.3,19.43,19.26,19.37,34787136
2018-06-19 04:00:00+00:00,19.41,19.63,19.37,19.56,33737402
2018-06-20 04:00:00+00:00,19.59,19.63,19.49,19.58,25764440
2018-06-21 04:00:00+00:00,19.6,19.74,19.53,19.64,25652712
2018-06-22 04:00:00+00:00,19.65,19.83,19.62,19.78,28315718
2018-06-25 04:00:00+00:00,19.78,20.15,19.78,20.11,45461176
2018-06-26 04:00:00+00:00,20.05,20.25,20.01,20.13,41359404
2018-06-27 04:00:00+00:00,20.11,20.27,20.05,20.23,43885858
2018-06-28 04:00:00+00:00,20.25,20.41,20.19,20.22,30216794
2018-06-29 04:00:00+00:00,20.18,20.33,20.07,20.25,29248400
2018-07-02 04:00:00+00:00,20.26,20.41,20.17,20.4,31655786
2018-07-03 04:00:00+00:00,20.4,20.57,20.31,20.45,21399968
2018-07-05 04:00:00+00:00,20.47,20.58,20.38,20.57,22388260
2018-07-06 04:00:00+00:00,20.61,20.77,20.57,20.72,25047296
2018-07-09 04:00:00+00:00,20.72,20.72,20.01,20.08,56705192
2018-07-10 04:00:00+00:00,19.89,20.38,19.83,20.27,54433730
2018-07-11 04:00:00+00:00,20.27,20.49,20.25,20.46,46281776
2018-07-12 04:00:00+00:00,20.46,20.51,20.36,20.47,35382212
2018-07-13 04:00:00+00:00,20.5,20.55,20.34,20.48,22045850
2018-07-16 04:00:00+00:00,20.46,20.51,20.35,20.46,21112186
2018-07-17 04:00:00+00:00,20.49,20.52,20.42,20.44,27994950
2018-07-18 04:00:00+00:00,20.42,20.45,20.25,20.34,22411162
2018-07-19 04:00:00+00:00,20.36,20.64,20.36,20.52,22530268
2018-07-20 04:00:00+00:00,20.46,20.52,20.24,20.38,27865910
2018-07-23 04:00:00+00:00,20.38,20.42,20.17,20.24,30533548
2018-07-24 04:00:00+00:00,20.18,20.37,19.95,20.31,32256532
2018-07-25 04:00:00+00:00,20.3,20.47,20.24,20.36,27140356
2018-07-26 04:00:00+00:00,20.46,20.64,20.43,20.58,38480040
2018-07-27 04:00:00+00:00,20.59,20.68,20.43,20.51,33174360
2018-07-30 04:00:00+00:00,20.49,20.49,20.32,20.39,19112932
2018-07-31 04:00:00+00:00,20.48,20.63,20.41,20.57,31173640
2018-08-01 04:00:00+00:00,20.46,20.5,20.27,20.44,40210690
2018-08-02 04:00:00+00:00,20.43,20.61,20.31,20.54,35407612
2018-08-03 04:00:00+00:00,20.55,20.83,20.48,20.77,31130322
2018-08-06 04:00:00+00:00,20.79,20.91,20.75,20.8,25593422
2018-08-07 04:00:00+00:00,20.75,20.79,20.59,20.76,26479326
2018-08-08 04:00:00+00:00,20.69,20.72,20.57,20.65,36194306
2018-08-09 04:00:00+00:00,20.64,20.75,20.57,20.74,17476878
2018-08-10 04:00:00+00:00,20.77,20.91,20.64,20.65,26732056
2018-08-13 04:00:00+00:00,20.69,20.72,20.58,20.68,34678946
2018-08-14 04:00:00+00:00,20.69,20.8,20.66,20.73,20037370
2018-08-15 04:00:00+00:00,20.79,21.04,20.75,20.91,40099332
2018-08-16 04:00:00+00:00,20.87,21.15,20.82,21.14,26752826
2018-08-17 04:00:00+00:00,21.13,21.34,21.09,21.24,28464760
2018-08-20 04:00:00+00:00,21.3,21.3,21.12,21.17,19311538
2018-08-21 04:00:00+00:00,21.14,21.16,20.96,21.02,24479200
2018-08-22 04:00:00+00:00,21.04,21.05,20.79,20.87,27341138
2018-08-23 04:00:00+00:00,20.86,21.0,20.81,20.84,22423802
2018-08-24 04:00:00+00:00,20.83,20.96,20.75,20.94,15849616
2018-08-27 04:00:00+00:00,20.96,21.01,20.71,20.81,27072836
2018-08-28 04:00:00+00:00,20.76,20.84,20.71,20.77,20274708
2018-08-29 04:00:00+00:00,20.82,20.92,20.79,20.92,25500940
2018-08-30 04:00:00+00:00,20.96,21.04,20.86,20.93,27132516
2018-08-31 04:00:00+00:00,20.96,21.05,20.76,20.86,24872596
2018-09-04 04:00:00+00:00,20.86,21.05,20.84,20.93,26365318
2018-09-05 04:00:00+00:00,20.91,21.24,20.91,21.23,32161004
2018-09-06 04:00:00+00:00,21.24,21.41,21.17,21.32,25730396
2018-09-07 04:00:00+00:00,21.14,21.24,21.04,21.08,32673972
2018-09-10 04:00:00+00:00,21.13,21.28,21.11,21.19,20421104
2018-09-11 04:00:00+00:00,21.18,21.27,21.09,21.14,18265482
2018-09-12 04:00:00+00:00,21.13,21.25,21.07,21.12,19799020
2018-09-13 04:00:00+00:00,21.11,21.28,21.01,21.28,17682948
2018-09-14 04:00:00+00:00,21.19,21.21,20.98,21.16,26298636
2018-09-17 04:00:00+00:00,21.12,21.26,21.1,21.23,28731902
2018-09-18 04:00:00+00:00,21.2,21.26,21.09,21.19,19717604
2018-09-19 04:00:00+00:00,21.19,21.19,20.64,20.73,51540640
2018-09-20 04:00:00+00:00,20.71,20.79,20.54,20.78,35819672
2018-09-21 04:00:00+00:00,20.74,20.94,20.65,20.87,41787018
2018-09-24 04:00:00+00:00,20.79,20.87,20.66,20.68,27339928
2018-09-25 04:00:00+00:00,20.62,20.63,20.36,20.4,41710656
2018-09-26 04:00:00+00:00,20.5,20.5,20.19,20.2,53125722
2018-09-27 04:00:00+00:00,20.25,20.52,20.2,20.41,34212574
2018-09-28 04:00:00+00:00,20.45,20.72,20.42,20.71,34710388
2018-10-01 04:00:00+00:00,20.64,20.68,20.55,20.65,25600994
2018-10-02 04:00:00+00:00,20.67,20.97,20.67,20.91,32106446
2018-10-03 04:00:00+00:00,20.88,20.99,20.48,20.66,50677778
2018-10-04 04:00:00+00:00,20.61,20.81,20.46,20.77,48513764
2018-10-05 04:00:00+00:00,20.74,21.16,20.72,21.09,63182000
2018-10-08 04:00:00+00:00,21.17,21.41,21.08,21.27,44492186
2018-10-09 04:00:00+00:00,21.25,21.45,21.22,21.35,36409090
2018-10-10 04:00:00+00:00,21.32,21.58,21.23,21.24,63507564
2018-10-11 04:00:00+00:00,21.29,21.35,20.74,20.85,88110804
2018-10-12 04:00:00+00:00,20.82,20.89,20.65,20.82,44118770
2018-10-15 04:00:00+00:00,20.82,21.05,20.79,20.92,36967108
2018-10-16 04:00:00+00:00,20.9,21.25,20.83,21.14,36470242
2018-10-17 04:00:00+00:00,21.11,21.2,20.98,21.1,28883642
2018-10-18 04:00:00+00:00,21.15,21.26,21.02,21.13,33386678
2018-10-19 04:00:00+00:00,21.13,21.57,21.07,21.46,60174878
2018-10-22 04:00:00+00:00,21.48,21.51,21.27,21.32,24914400
2018-10-23 04:00:00+00:00,21.36,21.5,21.12,21.2,38103996
2018-10-24 04:00:00+00:00,21.3,21.82,21.21,21.72,59039128
2018-10-25 04:00:00+00:00,21.58,21.58,21.27,21.38,63371856
2018-10-26 04:00:00+00:00,21.49,21.56,20.84,21.01,74980766
2018-10-29 04:00:00+00:00,21.03,21.37,21.03,21.28,53618862
2018-10-30 04:00:00+00:00,21.36,21.49,21.11,21.36,51951812
2018-10-31 04:00:00+00:00,21.19,21.32,20.99,21.11,51213336
2018-11-01 04:00:00+00:00,21.14,21.16,20.88,21.02,56683284
2018-11-02 04:00:00+00:00,21.08,21.13,20.76,20.9,48586400
2018-11-05 05:00:00+00:00,21.0,21.27,20.94,21.2,43743636
2018-11-06 05:00:00+00:00,21.18,21.38,21.15,21.34,27912432
2018-11-07 05:00:00+00:00,21.49,21.61,21.33,21.58,42292910
2018-11-08 05:00:00+00:00,21.6,21.67,21.36,21.55,43623538
2018-11-09 05:00:00+00:00,21.47,21.67,21.43,21.58,40235202
2018-11-12 05:00:00+00:00,21.42,21.79,21.26,21.57,55989452
2018-11-13 05:00:00+00:00,21.56,21.7,21.4,21.66,49507124
2018-11-14 05:00:00+00:00,21.47,21.61,21.36,21.43,56541892
2018-11-15 05:00:00+00:00,21.32,21.34,21.06,21.25,70836716
2018-11-16 05:00:00+00:00,21.58,21.68,21.42,21.58,44514618
2018-11-19 05:00:00+00:00,21.55,21.7,21.46,21.68,29307782
2018-11-20 05:00:00+00:00,21.74,21.89,21.46,21.57,52685408
2018-11-21 05:00:00+00:00,21.51,21.54,21.21,21.27,40247236
2018-11-23 05:00:00+00:00,21.29,21.33,21.14,21.28,16323094
2018-11-26 05:00:00+00:00,21.3,21.42,21.19,21.4,34988788
2018-11-27 05:00:00+00:00,21.39,21.59,21.3,21.57,26943916
2018-11-28 05:00:00+00:00,21.59,21.65,21.48,21.55,24332736
2018-11-29 05:00:00+00:00,21.58,21.58,21.32,21.53,37325110
2018-11-30 05:00:00+00:00,21.59,21.88,21.54,21.86,36905136
2018-12-03 05:00:00+00:00,21.79,22.08,21.66,22.08,37321972
2018-12-04 05:00:00+00:00,22.14,22.34,22.04,22.1,46171268
2018-12-06 05:00:00+00:00,22.19,22.19,21.67,22.12,51656170
2018-12-07 05:00:00+00:00,22.09,22.33,21.94,22.2,39919756
2018-12-10 05:00:00+00:00,22.2,22.32,21.82,22.25,42953876
2018-12-11 05:00:00+00:00,22.27,22.41,22.16,22.34,55910346
2018-12-12 05:00:00+00:00,22.31,22.46,22.18,22.19,36799722
2018-12-13 05:00:00+00:00,22.21,22.48,22.21,22.39,37836540
2018-12-14 05:00:00+00:00,22.41,22.46,22.21,22.34,50613336
2018-12-17 05:00:00+00:00,22.39,22.4,21.54,21.62,61209670
2018-12-18 05:00:00+00:00,21.75,21.9,21.42,21.48,50379052
2018-12-19 05:00:00+00:00,21.52,21.7,21.32,21.44,57381276
2018-12-20 05:00:00+00:00,21.46,21.74,21.19,21.46,80561166
2018-12-21 05:00:00+00:00,21.59,21.98,21.28,21.34,72420518
2018-12-24 05:00:00+00:00,21.3,21.46,20.36,20.45,46155058
2018-12-26 05:00:00+00:00,20.45,20.75,20.15,20.73,63107644
2018-12-27 05:00:00+00:00,20.73,20.93,20.38,20.9,64779828
2018-12-28 05:00:00+00:00,20.95,21.16,20.87,20.95,45659844
2018-12-31 05:00:00+00:00,20.96,21.05,20.77,20.99,33829542
2019-01-02 05:00:00+00:00,20.9,20.92,20.5,20.63,51504260
2019-01-03 05:00:00+00:00,20.63,20.8,20.53,20.62,45337208
2019-01-04 05:00:00+00:00,20.53,20.94,20.5,20.93,38587192
2019-01-07 05:00:00+00:00,20.8,20.89,20.67,20.78,32813384
2019-01-08 05:00:00+00:00,20.8,21.07,20.69,21.05,33718626
2019-01-09 05:00:00+00:00,21.03,21.12,20.86,20.92,36370352
2019-01-10 05:00:00+00:00,20.94,21.23,20.91,21.21,53255840
2019-01-11 05:00:00+00:00,21.16,21.21,20.98,21.11,50130058
2019-01-14 05:00:00+00:00,20.86,21.11,20.44,20.63,48943796
2019-01-15 05:00:00+00:00,20.55,21.0,20.53,20.89,56394862
2019-01-16 05:00:00+00:00,20.85,20.97,20.73,20.96,36990028
2019-01-17 05:00:00+00:00,20.95,21.1,20.92,21.05,49034092
2019-01-18 05:00:00+00:00,21.08,21.15,20.98,21.07,28717340
2019-01-22 05:00:00+00:00,21.07,21.23,20.91,21.11,37277328
2019-01-23 05:00:00+00:00,21.12,21.34,21.08,21.33,28655144
2019-01-24 05:00:00+00:00,21.31,21.46,21.15,21.44,44076948
2019-01-25 05:00:00+00:00,21.37,21.47,21.11,21.15,36637874
2019-01-28 05:00:00+00:00,21.15,21.23,20.95,21.05,29983350
2019-01-29 05:00:00+00:00,21.15,21.21,21.03,21.11,25341294
2019-01-30 05:00:00+00:00,21.05,21.36,21.02,21.27,37450398
2019-01-31 05:00:00+00:00,21.26,21.78,21.17,21.72,46894780
2019-02-01 05:00:00+00:00,21.63,21.72,21.45,21.63,31329888
2019-02-04 05:00:00+00:00,21.54,21.68,21.39,21.67,36296236
2019-02-05 05:00:00+00:00,21.67,21.75,21.55,21.71,26336962
2019-02-06 05:00:00+00:00,21.68,21.79,21.59,21.7,18501614
2019-02-07 05:00:00+00:00,21.67,21.99,21.6,21.99,33934166
2019-02-08 05:00:00+00:00,21.93,22.09,21.89,22.08,31902536
2019-02-11 05:00:00+00:00,22.08,22.19,22.0,22.07,33749668
2019-02-12 05:00:00+00:00,22.08,22.24,21.95,22.13,32453332
2019-02-13 05:00:00+00:00,22.06,22.12,21.97,22.06,27024824
2019-02-14 05:00:00+00:00,22.08,22.14,21.95,22.03,42463872
2019-02-15 05:00:00+00:00,22.1,22.18,22.01,22.09,18810638
2019-02-19 05:00:00+00:00,22.11,22.25,22.04,22.22,31019130
2019-02-20 05:00:00+00:00,22.22,22.36,22.1,22.32,30956850
2019-02-21 05:00:00+00:00,22.26,22.52,22.18,22.49,39903312
2019-02-22 05:00:00+00:00,22.53,22.63,22.42,22.62,30932172
2019-02-25 05:00:00+00:00,22.64,22.66,22.39,22.48,26903070
2019-02-26 05:00:00+00:00,22.53,22.56,22.34,22.45,27885768
2019-02-27 05:00:00+00:00,22.4,22.55,22.37,22.48,24446352
2019-02-28 05:00:00+00:00,22.49,22.66,22.37,22.61,26242552
2019-03-01 05:00:00+00:00,22.62,22.67,22.47,22.66,27042896
2019-03-04 05:00:00+00:00,22.68,22.74,22.47,22.7,24793598
2019-03-05 05:00:00+00:00,22.7,22.75,22.63,22.67,26452940
2019-03-06 05:00:00+00:00,22.69,22.75,22.59,22.67,22740904
2019-03-07 05:00:00+00:00,22.71,22.89,22.68,22.74,30415928
2019-03-08 05:00:00+00:00,22.77,22.84,22.61,22.84,38418150
2019-03-11 04:00:00+00:00,22.83,22.99,22.82,22.99,30067832
2019-03-12 04:00:00+00:00,23.03,23.17,22.98,23.14,35162762
2019-03-13 04:00:00+00:00,23.1,23.22,23.08,23.17,31960110
2019-03-14 04:00:00+00:00,23.16,23.3,23.08,23.16,30894326
2019-03-15 04:00:00+00:00,23.2,23.32,23.07,23.25,36339992
2019-03-18 04:00:00+00:00,23.26,23.29,23.06,23.16,36113824
2019-03-19 04:00:00+00:00,23.12,23.16,22.81,22.9,47719738
2019-03-20 04:00:00+00:00,22.94,23.14,22.84,22.96,39947670
2019-03-21 04:00:00+00:00,22.97,23.25,22.94,23.2,31036658
2019-03-22 04:00:00+00:00,23.29,23.53,23.2,23.37,41337154
2019-03-25 04:00:00+00:00,23.39,23.46,23.29,23.39,27692744
2019-03-26 04:00:00+00:00,23.4,23.57,23.37,23.56,32942716
2019-03-27 04:00:00+00:00,23.58,23.6,23.28,23.39,34993040
2019-03-28 04:00:00+00:00,23.39,23.47,23.04,23.11,51922924
2019-03-29 04:00:00+00:00,23.08,23.27,23.03,23.24,43980392
2019-04-01 04:00:00+00:00,23.24,23.24,22.94,23.08,53578232
2019-04-02 04:00:00+00:00,23.13,23.16,22.97,23.11,51756222
2019-04-03 04:00:00+00:00,23.06,23.17,22.9,23.08,32093584
2019-04-04 04:00:00+00:00,23.12,23.14,22.86,23.0,32647948
2019-04-05 04:00:00+00:00,23.0,23.22,22.92,23.21,31096276
2019-04-08 04:00:00+00:00,23.16,23.19,22.99,23.05,30791142
2019-04-09 04:00:00+00:00,23.07,23.13,23.0,23.1,26197004
2019-04-10 04:00:00+00:00,23.15,23.31,22.98,23.03,33991010
2019-04-11 04:00:00+00:00,23.03,23.16,23.0,23.15,39784106
2019-04-12 04:00:00+00:00,23.06,23.28,22.95,23.26,32048478
2019-04-15 04:00:00+00:00,23.28,23.35,23.19,23.25,32365444
2019-04-16 04:00:00+00:00,23.25,23.3,22.89,22.96,39954328
2019-04-17 04:00:00+00:00,22.94,23.0,22.86,22.88,31192734
2019-04-18 04:00:00+00:00,22.93,23.05,22.88,22.89,33545134
2019-04-22 04:00:00+00:00,22.88,22.96,22.82,22.87,21518386
2019-04-23 04:00:00+00:00,22.88,23.0,22.76,22.93,37385404
2019-04-24 04:00:00+00:00,22.99,23.16,22.95,23.08,33112284
2019-04-25 04:00:00+00:00,22.98,23.27,22.95,23.18,30671970
2019-04-26 04:00:00+00:00,23.3,23.44,23.19,23.21,29383380
2019-04-29 04:00:00+00:00,23.19,23.2,22.98,23.08,44970398
2019-04-30 04:00:00+00:00,23.08,23.47,23.04,23.46,46144132
2019-05-01 04:00:00+00:00,23.39,23.45,23.2,23.22,53100244
2019-05-02 04:00:00+00:00,23.17,23.3,22.99,23.16,49393538
2019-05-03 04:00:00+00:00,23.16,23.33,23.13,23.29,34541978
2019-05-06 04:00:00+00:00,23.29,23.35,23.11,23.16,26924976
2019-05-07 04:00:00+00:00,23.13,23.18,22.98,23.09,25287654
2019-05-08 04:00:00+00:00,23.06,23.09,22.76,22.78,57646656
2019-05-09 04:00:00+00:00,22.78,22.88,22.64,22.76,33653608
2019-05-10 04:00:00+00:00,22.74,23.17,22.7,23.16,50744046
2019-05-13 04:00:00+00:00,23.08,23.45,23.05,23.4,40840506
2019-05-14 04:00:00+00:00,23.41,23.43,23.2,23.25,37449664
2019-05-15 04:00:00+00:00,23.26,23.35,23.18,23.21,33749756
2019-05-16 04:00:00+00:00,23.18,23.44,23.12,23.36,30180004
2019-05-17 04:00:00+00:00,23.26,23.58,23.23,23.49,21148454
2019-05-20 04:00:00+00:00,23.54,23.66,23.46,23.52,18365486
2019-05-21 04:00:00+00:00,23.55,23.75,23.5,23.56,25472546
2019-05-22 04:00:00+00:00,23.6,23.76,23.52,23.74,18702344
2019-05-23 04:00:00+00:00,23.76,23.94,23.74,23.94,34742654
2019-05-24 04:00:00+00:00,23.96,24.08,23.88,23.9,17790370
2019-05-28 04:00:00+00:00,23.94,23.96,23.47,23.5,35201526
2019-05-29 04:00:00+00:00,23.57,23.59,23.14,23.2,43800770
2019-05-30 04:00:00+00:00,23.2,23.33,23.09,23.16,36470602
2019-05-31 04:00:00+00:00,23.17,23.34,23.07,23.27,36921682
2019-06-03 04:00:00+00:00,23.35,23.54,23.23,23.51,44035744
2019-06-04 04:00:00+00:00,23.53,23.55,23.09,23.52,37696852
2019-06-05 04:00:00+00:00,23.61,24.11,23.53,24.03,68867786
2019-06-06 04:00:00+00:00,24.06,24.22,23.99,24.18,53517234
2019-06-07 04:00:00+00:00,24.3,24.45,23.98,23.99,38348500
2019-06-10 04:00:00+00:00,23.92,23.97,23.71,23.83,27850996
2019-06-11 04:00:00+00:00,23.82,23.89,23.55,23.69,40607074
2019-06-12 04:00:00+00:00,23.81,24.03,23.78,24.0,25145418
2019-06-13 04:00:00+00:00,24.05,24.12,23.88,24.04,34826430
2019-06-14 04:00:00+00:00,24.07,24.34,24.06,24.29,28735436
2019-06-17 04:00:00+00:00,24.29,24.37,24.08,24.23,23507164
2019-06-18 04:00:00+00:00,24.33,24.37,23.96,24.13,49548224
2019-06-19 04:00:00+00:00,24.02,24.41,24.01,24.31,44181624
2019-06-20 04:00:00+00:00,24.44,24.52,24.19,24.47,39406284
2019-06-21 04:00:00+00:00,24.44,24.61,24.27,24.56,30601434
2019-06-24 04:00:00+00:00,24.61,24.64,24.48,24.57,21136318
2019-06-25 04:00:00+00:00,24.59,24.59,24.36,24.42,24439322
2019-06-26 04:00:00+00:00,24.36,24.41,23.88,23.89,34081384
2019-06-27 04:00:00+00:00,23.97,24.03,23.83,23.92,30850412
2019-06-28 04:00:00+00:00,23.93,24.15,23.88,24.01,32810166
2019-07-01 04:00:00+00:00,24.03,24.05,23.74,23.95,36393962
2019-07-02 04:00:00+00:00,24.04,24.32,24.04,24.28,44984946
2019-07-03 04:00:00+00:00,24.35,24.6,24.33,24.45,33005374
2019-07-05 04:00:00+00:00,24.3,24.47,24.06,24.44,32267530
2019-07-08 04:00:00+00:00,24.45,24.55,24.32,24.47,19045018
2019-07-09 04:00:00+00:00,24.43,24.51,24.3,24.51,40597966
2019-07-10 04:00:00+00:00,24.53,24.69,24.45,24.56,23157034
2019-07-11 04:00:00+00:00,24.53,24.66,24.36,24.57,43246952
2019-07-12 04:00:00+00:00,24.57,24.59,24.32,24.41,22649370
2019-07-15 04:00:00+00:00,24.41,24.54,24.32,24.51,18867212
2019-07-16 04:00:00+00:00,24.44,24.53,24.24,24.36,30306298
2019-07-17 04:00:00+00:00,24.45,24.6,24.36,24.46,28288884
2019-07-18 04:00:00+00:00,24.46,24.67,24.32,24.67,32232306
2019-07-19 04:00:00+00:00,24.61,24.68,24.3,24.32,30855572
2019-07-22 04:00:00+00:00,24.37,24.4,24.12,24.26,26511502
2019-07-23 04:00:00+00:00,24.29,24.3,24.06,24.11,36051688
2019-07-24 04:00:00+00:00,24.17,24.24,23.94,24.14,27463692
2019-07-25 04:00:00+00:00,24.05,24.22,23.95,24.07,30644510
2019-07-26 04:00:00+00:00,24.09,24.25,24.03,24.15,28006268
2019-07-29 04:00:00+00:00,24.22,24.31,24.09,24.28,36743652
2019-07-30 04:00:00+00:00,24.22,24.34,23.97,24.09,38564772
2019-07-31 04:00:00+00:00,24.1,24.22,23.84,23.98,50227352
2019-08-01 04:00:00+00:00,23.94,24.36,23.86,24.23,59582618
2019-08-02 04:00:00+00:00,24.26,24.42,24.17,24.22,30374820
2019-08-05 04:00:00+00:00,24.28,24.34,23.75,23.88,57848980
2019-08-06 04:00:00+00:00,23.9,24.27,23.64,24.17,58122258
2019-08-07 04:00:00+00:00,24.2,24.38,23.84,24.24,50585794
2019-08-08 04:00:00+00:00,24.22,24.55,24.09,24.49,35478616
2019-08-09 04:00:00+00:00,24.51,24.62,24.42,24.52,23786262
2019-08-12 04:00:00+00:00,24.52,24.58,24.34,24.39,19239776
2019-08-13 04:00:00+00:00,24.46,24.57,24.32,24.48,36239736
2019-08-14 04:00:00+00:00,24.51,24.64,24.21,24.28,41149150
2019-08-15 04:00:00+00:00,24.36,24.68,24.22,24.59,50851498
2019-08-16 04:00:00+00:00,24.61,24.8,24.57,24.72,33975056
2019-08-19 04:00:00+00:00,24.67,24.96,24.63,24.88,29421660
2019-08-20 04:00:00+00:00,24.93,24.94,24.73,24.84,34160116
2019-08-21 04:00:00+00:00,24.8,25.0,24.77,25.0,29812996
2019-08-22 04:00:00+00:00,24.98,25.06,24.81,25.02,31250704
2019-08-23 04:00:00+00:00,25.07,25.15,24.63,24.76,43223156
2019-08-26 04:00:00+00:00,24.82,25.05,24.76,25.04,26235008
2019-08-27 04:00:00+00:00,25.17,25.27,25.06,25.09,41650010
2019-08-28 04:00:00+00:00,25.12,25.21,24.93,25.02,32715318
2019-08-29 04:00:00+00:00,25.16,25.2,24.96,25.19,38725320
2019-08-30 04:00:00+00:00,25.27,25.29,25.13,25.2,24609448
2019-09-03 04:00:00+00:00,25.19,25.65,25.17,25.65,45896552
2019-09-04 04:00:00+00:00,25.72,25.79,25.51,25.67,33667134
2019-09-05 04:00:00+00:00,25.5,25.56,25.31,25.38,68851396
2019-09-06 04:00:00+00:00,25.46,25.52,25.22,25.27,25934990
2019-09-09 04:00:00+00:00,25.24,25.29,25.12,25.17,34100550
2019-09-10 04:00:00+00:00,25.13,25.2,24.99,25.2,41554280
2019-09-11 04:00:00+00:00,25.17,25.47,25.05,25.45,46243966
2019-09-12 04:00:00+00:00,25.6,25.68,25.39,25.51,48643570
2019-09-13 04:00:00+00:00,25.36,25.53,25.27,25.33,50259282
2019-09-16 04:00:00+00:00,25.39,25.41,25.23,25.37,24141860
2019-09-17 04:00:00+00:00,25.41,25.65,25.4,25.59,35003990
2019-09-18 04:00:00+00:00,25.69,25.78,25.52,25.7,44308480
2019-09-19 04:00:00+00:00,25.78,25.84,25.68,25.82,33739890
2019-09-20 04:00:00+00:00,25.85,25.95,25.72,25.89,37818588
2019-09-23 04:00:00+00:00,25.91,26.02,25.86,25.92,18276494
2019-09-24 04:00:00+00:00,26.02,26.32,26.0,26.23,57277426
2019-09-25 04:00:00+00:00,26.21,26.24,26.07,26.21,32752214
2019-09-26 04:00:00+00:00,26.28,26.42,26.23,26.35,28879298
2019-09-27 04:00:00+00:00,26.39,26.4,26.11,26.26,33735104
2019-09-30 04:00:00+00:00,26.28,26.41,26.2,26.27,22079048
2019-10-01 04:00:00+00:00,26.18,26.26,26.07,26.2,49503056
2019-10-02 04:00:00+00:00,26.16,26.2,25.8,25.86,40079672
2019-10-03 04:00:00+00:00,25.88,25.94,25.74,25.92,73211394
2019-10-04 04:00:00+00:00,25.96,26.34,25.92,26.29,38282924
2019-10-07 04:00:00+00:00,26.25,26.29,26.12,26.18,27914162
2019-10-08 04:00:00+00:00,26.17,26.19,25.93,25.94,45149558
2019-10-09 04:00:00+00:00,26.01,26.17,25.95,26.07,18325454
2019-10-10 04:00:00+00:00,25.98,26.09,25.81,26.04,37434538
2019-10-11 04:00:00+00:00,26.02,26.1,25.85,25.94,32387482
2019-10-14 04:00:00+00:00,26.01,26.03,25.7,25.77,20285932
2019-10-15 04:00:00+00:00,25.79,25.85,25.63,25.69,34395530
2019-10-16 04:00:00+00:00,25.68,25.76,25.56,25.75,32766280
2019-10-17 04:00:00+00:00,25.75,25.87,25.69,25.81,29941564
2019-10-18 04:00:00+00:00,25.75,25.96,25.69,25.9,30482312
2019-10-21 04:00:00+00:00,25.9,26.01,25.82,26.0,23143606
2019-10-22 04:00:00+00:00,26.06,26.23,25.99,26.11,31885810
2019-10-23 04:00:00+00:00,26.17,26.28,26.1,26.22,26405774
2019-10-24 04:00:00+00:00,26.23,26.35,26.19,26.31,23403512
2019-10-25 04:00:00+00:00,26.33,26.36,25.93,26.04,34437554
2019-10-28 04:00:00+00:00,25.9,25.97,25.65,25.68,50551288
2019-10-29 04:00:00+00:00,25.66,25.76,25.59,25.71,48980970
2019-10-30 04:00:00+00:00,25.73,26.0,25.72,25.93,39849396
2019-10-31 04:00:00+00:00,25.96,26.11,25.87,26.07,37094966
2019-11-01 04:00:00+00:00,26.09,26.17,25.96,26.01,31841410
2019-11-04 05:00:00+00:00,25.99,26.0,25.58,25.68,48964230
2019-11-05 05:00:00+00:00,25.55,25.63,25.35,25.41,47166772
2019-11-06 05:00:00+00:00,25.46,25.62,25.42,25.51,35907684
2019-11-07 05:00:00+00:00,25.38,25.51,25.0,25.17,47102510
2019-11-08 05:00:00+00:00,25.09,25.2,24.95,25.07,32222116
2019-11-11 05:00:00+00:00,25.07,25.1,24.88,24.91,18778054
2019-11-12 05:00:00+00:00,24.91,25.02,24.89,24.97,28148524
2019-11-13 05:00:00+00:00,25.06,25.39,25.02,25.34,34877562
2019-11-14 05:00:00+00:00,25.42,25.56,25.34,25.43,34776670
2019-11-15 05:00:00+00:00,25.44,25.52,25.36,25.51,20215432
2019-11-18 05:00:00+00:00,25.56,25.77,25.51,25.56,34507500
2019-11-19 05:00:00+00:00,25.49,25.63,25.36,25.49,37917946
2019-11-20 05:00:00+00:00,25.53,25.68,25.47,25.65,40173274
2019-11-21 05:00:00+00:00,25.64,25.67,25.47,25.56,31546920
2019-11-22 05:00:00+00:00,25.62,25.63,25.38,25.57,23243852
2019-11-25 05:00:00+00:00,25.59,25.66,25.43,25.45,41804714
2019-11-26 05:00:00+00:00,25.52,25.6,25.47,25.57,33683172
2019-11-27 05:00:00+00:00,25.51,25.64,25.49,25.61,26936740
2019-11-29 05:00:00+00:00,25.66,25.76,25.56,25.59,11067354
2019-12-02 05:00:00+00:00,25.47,25.53,25.37,25.42,38215624
2019-12-03 05:00:00+00:00,25.49,25.54,25.39,25.49,27170748
2019-12-04 05:00:00+00:00,25.48,25.73,25.46,25.68,40627474
2019-12-05 05:00:00+00:00,25.64,25.73,25.58,25.73,28148482
2019-12-06 05:00:00+00:00,25.63,25.8,25.63,25.66,19693620
2019-12-09 05:00:00+00:00,25.71,25.71,25.52,25.56,24309576
2019-12-10 05:00:00+00:00,25.56,25.61,25.49,25.56,28267208
2019-12-11 05:00:00+00:00,25.59,25.67,25.5,25.63,24207388
2019-12-12 05:00:00+00:00,25.6,25.7,25.41,25.52,50950312
2019-12-13 05:00:00+00:00,25.53,25.76,25.43,25.72,39314956
2019-12-16 05:00:00+00:00,25.72,26.05,25.72,26.04,42152230
2019-12-17 05:00:00+00:00,26.05,26.29,26.03,26.12,36033244
2019-12-18 05:00:00+00:00,26.14,26.27,26.01,26.23,26197244
2019-12-19 05:00:00+00:00,26.23,26.27,26.07,26.24,34622068
2019-12-20 05:00:00+00:00,26.23,26.56,26.23,26.42,50572686
2019-12-23 05:00:00+00:00,26.46,26.47,26.1,26.17,35836246
2019-12-24 05:00:00+00:00,26.2,26.22,26.07,26.21,9449758
2019-12-26 05:00:00+00:00,26.21,26.28,26.15,26.25,13868620
2019-12-27 05:00:00+00:00,26.27,26.33,26.2,26.33,22969726
2019-12-30 05:00:00+00:00,26.22,26.33,26.19,26.33,25895070
2019-12-31 05:00:00+00:00,26.32,26.46,26.29,26.43,22087116
2020-01-02 05:00:00+00:00,26.47,26.48,26.0,26.1,41346890
2020-01-03 05:00:00+00:00,26.12,26.25,26.06,26.15,37702466
2020-01-06 05:00:00+00:00,26.12,26.25,26.08,26.18,21141470
2020-01-07 05:00:00+00:00,26.11,26.15,25.99,26.14,29318970
2020-01-08 05:00:00+00:00,26.15,26.24,26.09,26.13,25909268
2020-01-09 05:00:00+00:00,26.09,26.3,26.09,26.27,25372434
2020-01-10 05:00:00+00:00,26.31,26.43,26.29,26.34,21413856
2020-01-13 05:00:00+00:00,26.33,26.58,26.33,26.5,25558314
2020-01-14 05:00:00+00:00,26.5,26.59,26.38,26.55,23595822
2020-01-15 05:00:00+00:00,26.63,26.99,26.63,26.95,32370030
2020-01-16 05:00:00+00:00,26.97,27.15,26.96,27.12,23531968
2020-01-17 05:00:00+00:00,27.11,27.34,27.03,27.3,28155432
2020-01-21 05:00:00+00:00,27.37,27.57,27.26,27.55,49563920
2020-01-22 05:00:00+00:00,27.61,27.72,27.57,27.64,21831728
2020-01-23 05:00:00+00:00,27.64,27.89,27.61,27.89,27724814
2020-01-24 05:00:00+00:00,27.81,28.06,27.77,27.96,29350600
2020-01-27 05:00:00+00:00,27.94,28.14,27.81,27.89,22858044
2020-01-28 05:00:00+00:00,27.92,28.12,27.85,28.0,38313286
2020-01-29 05:00:00+00:00,28.02,28.12,27.91,28.08,22324526
2020-01-30 05:00:00+00:00,28.06,28.36,27.99,28.34,32011292
2020-01-31 05:00:00+00:00,28.29,28.4,28.07,28.21,42382916
2020-02-03 05:00:00+00:00,28.26,28.33,28.19,28.3,27841162
2020-02-04 05:00:00+00:00,28.29,28.37,27.99,28.02,44233588
2020-02-05 05:00:00+00:00,27.98,28.2,27.9,28.14,33973376
2020-02-06 05:00:00+00:00,28.16,28.3,28.07,28.14,31857662
2020-02-07 05:00:00+00:00,28.21,28.25,28.05,28.05,21841640
2020-02-10 05:00:00+00:00,28.1,28.16,28.0,28.16,16539602
2020-02-11 05:00:00+00:00,28.21,28.35,28.19,28.26,20724872
2020-02-12 05:00:00+00:00,28.22,28.37,28.13,28.28,16260074
2020-02-13 05:00:00+00:00,28.31,28.61,28.26,28.6,30165470
2020-02-14 05:00:00+00:00,28.65,28.81,28.61,28.79,21761052
2020-02-18 05:00:00+00:00,28.9,29.08,28.82,29.03,33962470
2020-02-19 05:00:00+00:00,28.92,28.96,28.72,28.72,22852814
2020-02-20 05:00:00+00:00,28.72,28.83,28.59,28.81,31881660
2020-02-21 05:00:00+00:00,28.76,28.95,28.74,28.76,23640400
2020-02-24 05:00:00+00:00,28.64,28.8,28.42,28.43,41224930
2020-02-25 05:00:00+00:00,28.46,28.51,27.78,27.83,59817538
2020-02-26 05:00:00+00:00,27.83,28.08,27.55,27.55,55677790
2020-02-27 05:00:00+00:00,27.44,27.59,26.3,26.31,90755234
2020-02-28 05:00:00+00:00,25.71,25.74,24.82,25.43,182488030
2020-03-02 05:00:00+00:00,25.56,26.96,25.5,26.93,88202286
2020-03-03 05:00:00+00:00,26.94,27.5,26.49,26.6,130723106
2020-03-04 05:00:00+00:00,26.95,28.14,26.93,28.11,64377012
2020-03-05 05:00:00+00:00,27.64,28.05,27.35,27.68,70614566
2020-03-06 05:00:00+00:00,26.94,27.56,26.43,27.45,71527104
2020-03-09 04:00:00+00:00,25.99,26.69,25.54,26.16,76149532
2020-03-10 04:00:00+00:00,26.38,26.68,25.03,26.21,82377018
2020-03-11 04:00:00+00:00,25.61,25.63,24.53,24.88,65475558
2020-03-12 04:00:00+00:00,23.52,23.94,22.09,22.38,79353752
2020-03-13 04:00:00+00:00,23.6,23.63,21.94,23.59,54613514
2020-03-16 04:00:00+00:00,21.46,23.11,20.83,21.35,57496684
2020-03-17 04:00:00+00:00,21.52,23.78,21.28,23.63,80380776
2020-03-18 04:00:00+00:00,22.21,22.91,21.36,22.56,86835620
2020-03-19 04:00:00+00:00,22.39,22.45,21.18,21.24,68234438
2020-03-20 04:00:00+00:00,21.44,21.44,19.42,19.56,57900336
2020-03-23 04:00:00+00:00,19.49,19.49,17.94,18.56,65315582
2020-03-24 04:00:00+00:00,19.27,20.64,19.14,20.56,57178956
2020-03-25 04:00:00+00:00,20.56,21.96,19.96,21.08,66295126
2020-03-26 04:00:00+00:00,21.31,23.12,21.09,22.88,65789162
2020-03-27 04:00:00+00:00,22.19,23.83,22.08,23.0,50447448
2020-03-30 04:00:00+00:00,23.2,24.0,23.1,23.85,60126426
2020-03-31 04:00:00+00:00,23.67,23.67,22.82,22.89,71432358
2020-04-01 04:00:00+00:00,21.98,22.29,21.1,21.51,54165908
2020-04-02 04:00:00+00:00,21.28,22.34,21.16,22.19,58631432
2020-04-03 04:00:00+00:00,21.94,22.21,21.23,21.39,32772112
2020-04-06 04:00:00+00:00,22.18,23.28,22.18,23.05,42375356
2020-04-07 04:00:00+00:00,23.67,23.7,22.73,22.76,52330450
2020-04-08 04:00:00+00:00,22.89,24.19,22.7,24.0,65543442
2020-04-09 04:00:00+00:00,24.36,25.52,24.27,25.13,88381862
2020-04-13 04:00:00+00:00,25.0,25.0,24.09,24.33,28181098
2020-04-14 04:00:00+00:00,24.86,25.08,24.62,25.03,35892602
2020-04-15 04:00:00+00:00,24.42,24.65,24.08,24.25,25974194
2020-04-16 04:00:00+00:00,24.32,24.43,23.98,24.22,20960684
2020-04-17 04:00:00+00:00,24.74,25.14,24.4,25.0,22004426
2020-04-20 04:00:00+00:00,24.85,24.85,24.02,24.05,29364480
2020-04-21 04:00:00+00:00,23.62,23.95,23.4,23.66,45855472
2020-04-22 04:00:00+00:00,24.11,24.55,23.95,24.35,31562578
2020-04-23 04:00:00+00:00,24.43,24.49,23.81,23.94,25065906
2020-04-24 04:00:00+00:00,23.98,24.19,23.67,24.09,25734374
2020-04-27 04:00:00+00:00,24.23,24.52,24.21,24.34,30456208
2020-04-28 04:00:00+00:00,24.69,24.95,24.32,24.43,32002160
2020-04-29 04:00:00+00:00,24.83,24.84,24.11,24.21,24119762
2020-04-30 04:00:00+00:00,24.04,24.08,23.43,23.65,39383210
2020-05-01 04:00:00+00:00,23.39,23.39,22.95,23.08,27212592
2020-05-04 04:00:00+00:00,22.96,23.32,22.82,23.26,24606592
2020-05-05 04:00:00+00:00,23.34,23.73,23.31,23.46,24008662
2020-05-06 04:00:00+00:00,23.53,23.55,22.62,22.65,49523410
2020-05-07 04:00:00+00:00,22.91,23.11,22.7,22.74,45406716
2020-05-08 04:00:00+00:00,23.03,23.29,22.91,23.2,26716508
2020-05-11 04:00:00+00:00,23.02,23.19,22.69,23.1,31441372
2020-05-12 04:00:00+00:00,23.16,23.26,22.85,22.9,44110002
2020-05-13 04:00:00+00:00,22.85,22.85,22.44,22.69,40379020
2020-05-14 04:00:00+00:00,22.48,23.01,22.17,22.95,46741092
2020-05-15 04:00:00+00:00,22.79,22.79,22.29,22.64,73515104
2020-05-18 04:00:00+00:00,23.17,23.72,23.17,23.57,46420850
2020-05-19 04:00:00+00:00,23.47,23.54,23.18,23.18,35706472
2020-05-20 04:00:00+00:00,23.42,23.57,23.22,23.31,23710322
2020-05-21 04:00:00+00:00,23.25,23.41,23.03,23.08,35692886
2020-05-22 04:00:00+00:00,23.08,23.35,23.0,23.33,24337514
2020-05-26 04:00:00+00:00,23.75,23.94,23.46,23.48,38849248
2020-05-27 04:00:00+00:00,23.9,23.94,23.44,23.77,33651874
2020-05-28 04:00:00+00:00,24.07,24.57,24.05,24.47,45375068
2020-05-29 04:00:00+00:00,24.41,24.79,24.27,24.66,30084388
2020-06-01 04:00:00+00:00,24.65,25.1,24.51,24.95,29484968
2020-06-02 04:00:00+00:00,25.05,25.13,24.78,25.11,31317882
2020-06-03 04:00:00+00:00,25.25,25.59,25.23,25.41,26341156
2020-06-04 04:00:00+00:00,25.28,25.33,24.64,24.96,47724906
2020-06-05 04:00:00+00:00,25.19,25.76,25.16,25.28,46154486
2020-06-08 04:00:00+00:00,25.32,26.04,25.14,25.95,32705418
2020-06-09 04:00:00+00:00,25.72,25.73,25.15,25.43,39251154
2020-06-10 04:00:00+00:00,25.43,25.6,25.2,25.29,25217686
2020-06-11 04:00:00+00:00,24.85,24.92,24.12,24.29,73547118
2020-06-12 04:00:00+00:00,24.76,24.79,23.94,24.25,46966612
2020-06-15 04:00:00+00:00,23.81,24.58,23.6,24.41,33827028
2020-06-16 04:00:00+00:00,24.99,25.13,24.38,24.53,34588954
2020-06-17 04:00:00+00:00,24.62,24.62,24.2,24.44,25118700
2020-06-18 04:00:00+00:00,24.29,24.5,24.16,24.43,29897842
2020-06-19 04:00:00+00:00,24.65,24.73,23.71,23.75,61108686
2020-06-22 04:00:00+00:00,23.73,24.13,23.51,23.98,26083818
2020-06-23 04:00:00+00:00,24.23,24.26,23.67,23.74,25387174
2020-06-24 04:00:00+00:00,23.56,23.67,23.24,23.52,28879870
2020-06-25 04:00:00+00:00,23.47,23.48,22.96,23.23,44641608
2020-06-26 04:00:00+00:00,23.2,23.46,22.83,22.98,58528778
2020-06-29 04:00:00+00:00,23.17,23.43,22.92,23.42,30026254
2020-06-30 04:00:00+00:00,23.42,23.63,23.28,23.51,37086830
2020-07-01 04:00:00+00:00,23.53,24.16,23.48,24.06,43414750
2020-07-02 04:00:00+00:00,24.24,24.38,24.06,24.12,24508908
2020-07-06 04:00:00+00:00,24.21,24.36,23.63,23.82,31021172
2020-07-07 04:00:00+00:00,23.56,23.81,23.45,23.73,24283600
2020-07-08 04:00:00+00:00,23.69,24.02,23.64,23.94,24610086
2020-07-09 04:00:00+00:00,23.82,23.83,23.29,23.62,40882784
2020-07-10 04:00:00+00:00,23.62,24.13,23.61,24.06,27544374
2020-07-13 04:00:00+00:00,24.06,24.33,23.98,24.09,37990574
2020-07-14 04:00:00+00:00,24.09,24.46,24.06,24.31,72438462
2020-07-15 04:00:00+00:00,24.54,24.72,24.17,24.22,27121726
2020-07-16 04:00:00+00:00,24.24,24.59,24.18,24.53,32820284
2020-07-17 04:00:00+00:00,24.66,25.15,24.64,25.08,46407860
2020-07-20 04:00:00+00:00,24.99,25.06,24.71,24.75,24786460
2020-07-21 04:00:00+00:00,24.81,25.15,24.73,24.86,33580974
2020-07-22 04:00:00+00:00,24.75,25.34,24.51,25.25,30515072
2020-07-23 04:00:00+00:00,25.24,25.45,25.13,25.28,42298250
2020-07-24 04:00:00+00:00,25.33,25.58,24.97,25.11,35924738
2020-07-27 04:00:00+00:00,25.12,25.13,24.63,24.8,23311622
2020-07-28 04:00:00+00:00,24.74,25.39,24.72,25.18,38866610
2020-07-29 04:00:00+00:00,25.23,25.36,25.11,25.3,18746862
2020-07-30 04:00:00+00:00,25.11,25.3,24.99,25.3,28787810
2020-07-31 04:00:00+00:00,25.23,25.4,24.98,25.34,24638970
2020-08-03 04:00:00+00:00,25.32,25.33,24.93,25.06,20007818
2020-08-04 04:00:00+00:00,25.03,25.45,24.98,25.34,43327084
2020-08-05 04:00:00+00:00,25.39,25.41,24.91,25.01,24130262
2020-08-06 04:00:00+00:00,24.99,25.2,24.86,25.16,30985508
2020-08-07 04:00:00+00:00,25.06,25.71,25.05,25.61,31365410
2020-08-10 04:00:00+00:00,25.7,25.8,25.52,25.6,21456626
2020-08-11 04:00:00+00:00,25.63,25.68,24.98,25.05,54489934
2020-08-12 04:00:00+00:00,25.13,25.58,25.12,25.41,34899416
2020-08-13 04:00:00+00:00,25.31,25.42,25.18,25.37,33779126
2020-08-14 04:00:00+00:00,25.32,25.35,25.08,25.15,17557968
2020-08-17 04:00:00+00:00,25.17,25.34,25.02,25.12,19728420
2020-08-18 04:00:00+00:00,25.1,25.2,24.87,25.01,24593048
2020-08-19 04:00:00+00:00,25.07,25.08,24.88,24.93,18132044
2020-08-20 04:00:00+00:00,24.83,24.96,24.64,24.71,27945760
2020-08-21 04:00:00+00:00,24.73,24.8,24.5,24.75,19266294
2020-08-24 04:00:00+00:00,24.82,24.98,24.59,24.97,15319744
2020-08-25 04:00:00+00:00,25.01,25.02,24.65,24.73,26717106
2020-08-26 04:00:00+00:00,24.66,24.66,24.36,24.46,24378958
2020-08-27 04:00:00+00:00,24.53,24.71,24.38,24.53,39921008
2020-08-28 04:00:00+00:00,24.58,24.63,24.35,24.61,17135410
2020-08-31 04:00:00+00:00,24.57,24.83,24.56,24.68,20600348
2020-09-01 04:00:00+00:00,24.6,24.62,24.3,24.4,27127808
2020-09-02 04:00:00+00:00,24.45,25.27,24.35,25.15,38043870
2020-09-03 04:00:00+00:00,25.16,25.43,24.64,24.87,39913944
2020-09-04 04:00:00+00:00,24.92,25.06,24.41,24.73,36047122
2020-09-08 04:00:00+00:00,24.76,24.78,24.36,24.59,30077564
2020-09-09 04:00:00+00:00,24.78,25.24,24.75,24.92,34277892
2020-09-10 04:00:00+00:00,24.82,24.85,24.46,24.49,36936318
2020-09-11 04:00:00+00:00,24.54,24.63,24.36,24.55,25469844
2020-09-14 04:00:00+00:00,24.67,25.01,24.64,24.88,21134910
2020-09-15 04:00:00+00:00,25.14,25.42,24.92,25.05,23576240
2020-09-16 04:00:00+00:00,24.93,25.19,24.86,25.02,23850444
2020-09-17 04:00:00+00:00,24.84,24.95,24.62,24.81,23190558
2020-09-18 04:00:00+00:00,24.81,24.83,24.32,24.38,32671162
2020-09-21 04:00:00+00:00,24.2,24.34,23.91,24.22,32452138
2020-09-22 04:00:00+00:00,24.24,24.54,24.22,24.38,21529580
2020-09-23 04:00:00+00:00,24.4,24.45,23.98,24.0,21899730
2020-09-24 04:00:00+00:00,23.98,24.44,23.83,24.27,35539468
2020-09-25 04:00:00+00:00,24.17,24.69,24.08,24.67,23727172
2020-09-28 04:00:00+00:00,24.78,24.98,24.69,24.73,21047212
2020-09-29 04:00:00+00:00,24.81,24.98,24.61,24.72,18584590
2020-09-30 04:00:00+00:00,24.88,25.07,24.74,24.94,24624782
2020-10-01 04:00:00+00:00,25.01,25.26,24.96,25.2,27798818
2020-10-02 04:00:00+00:00,25.0,25.63,24.94,25.5,34251754
2020-10-05 04:00:00+00:00,25.56,25.89,25.39,25.82,23067228
2020-10-06 04:00:00+00:00,25.83,26.33,25.72,26.03,36165618
2020-10-07 04:00:00+00:00,26.17,26.3,26.0,26.19,25007776
2020-10-08 04:00:00+00:00,26.31,26.72,26.29,26.67,30722030
2020-10-09 04:00:00+00:00,26.82,26.83,26.49,26.67,17222166
2020-10-12 04:00:00+00:00,26.69,27.02,26.62,26.84,15299058
2020-10-13 04:00:00+00:00,26.65,26.72,26.36,26.65,20553390
2020-10-14 04:00:00+00:00,26.69,26.8,26.48,26.62,22428004
2020-10-15 04:00:00+00:00,26.37,26.75,26.3,26.6,19347802
2020-10-16 04:00:00+00:00,26.64,26.99,26.61,26.89,16364636
2020-10-19 04:00:00+00:00,26.88,27.02,26.59,26.66,30263760
2020-10-20 04:00:00+00:00,26.77,26.97,26.67,26.82,28316234
2020-10-21 04:00:00+00:00,26.75,26.93,26.67,26.75,14319892
2020-10-22 04:00:00+00:00,26.79,27.17,26.71,27.13,15558216
2020-10-23 04:00:00+00:00,27.26,27.31,27.05,27.2,14593992
2020-10-26 04:00:00+00:00,26.99,27.24,26.82,27.19,20924822
2020-10-27 04:00:00+00:00,27.24,27.45,27.04,27.17,19742806
2020-10-28 04:00:00+00:00,26.8,27.14,26.33,26.38,34939878
2020-10-29 04:00:00+00:00,26.29,26.78,25.95,26.46,31948686
2020-10-30 04:00:00+00:00,26.31,26.47,25.96,26.21,36615946
2020-11-02 05:00:00+00:00,26.56,26.82,26.3,26.78,30557552
2020-11-03 05:00:00+00:00,27.12,27.46,27.01,27.17,30418030
2020-11-04 05:00:00+00:00,27.01,27.43,26.73,26.76,38017972
2020-11-05 05:00:00+00:00,27.04,27.49,26.98,27.0,32462306
2020-11-06 05:00:00+00:00,27.02,27.26,26.87,26.94,19158956
2020-11-09 05:00:00+00:00,27.72,28.54,27.42,27.44,46722450
2020-11-10 05:00:00+00:00,27.59,27.92,27.48,27.84,31484984
2020-11-11 05:00:00+00:00,27.98,28.19,27.83,27.94,19584124
2020-11-12 05:00:00+00:00,27.78,27.84,27.28,27.49,62925206
2020-11-13 05:00:00+00:00,27.63,27.84,27.58,27.77,30273304
2020-11-16 05:00:00+00:00,28.11,28.13,27.72,28.05,30310050
2020-11-17 05:00:00+00:00,27.87,28.0,27.45,27.5,17533222
2020-11-18 05:00:00+00:00,27.64,27.67,26.95,26.96,26012234
2020-11-19 05:00:00+00:00,26.93,26.95,26.5,26.69,27315018
2020-11-20 05:00:00+00:00,26.64,26.88,26.56,26.69,18894000
2020-11-23 05:00:00+00:00,26.8,26.85,26.58,26.7,17151580
2020-11-24 05:00:00+00:00,26.91,27.05,26.78,26.98,22058210
2020-11-25 05:00:00+00:00,26.95,27.06,26.72,27.06,26127272
2020-11-27 05:00:00+00:00,27.07,27.07,26.68,26.79,12287554
2020-11-30 05:00:00+00:00,26.71,26.73,26.3,26.4,27290388
2020-12-01 05:00:00+00:00,26.6,26.96,26.57,26.59,30707578
2020-12-02 05:00:00+00:00,26.48,26.77,26.29,26.76,24766100
2020-12-03 05:00:00+00:00,26.72,26.74,26.41,26.48,19785236
2020-12-04 05:00:00+00:00,26.51,26.57,26.07,26.22,21891952
2020-12-07 05:00:00+00:00,26.13,26.49,26.13,26.37,17791182
2020-12-08 05:00:00+00:00,26.19,26.46,26.09,26.29,26500016
2020-12-09 05:00:00+00:00,26.31,26.35,26.06,26.24,23260268
2020-12-10 05:00:00+00:00,26.23,26.31,25.98,26.11,25190020
2020-12-11 05:00:00+00:00,25.98,26.18,25.97,26.11,13616362
2020-12-14 05:00:00+00:00,26.33,26.55,25.99,26.01,35809914
2020-12-15 05:00:00+00:00,26.14,26.59,26.01,26.53,22899958
2020-12-16 05:00:00+00:00,26.58,26.71,26.19,26.22,29689880
2020-12-17 05:00:00+00:00,26.31,26.59,26.31,26.4,30938550
2020-12-18 05:00:00+00:00,26.4,26.49,26.04,26.15,22139618
2020-12-21 05:00:00+00:00,25.96,25.96,25.56,25.85,30122646
2020-12-22 05:00:00+00:00,25.84,25.91,25.73,25.8,24972462
2020-12-23 05:00:00+00:00,25.92,26.13,25.75,25.75,11742778
2020-12-24 05:00:00+00:00,25.81,25.95,25.67,25.93,7470022
2020-12-28 05:00:00+00:00,26.07,26.21,25.95,26.05,12036152
2020-12-29 05:00:00+00:00,26.11,26.23,25.97,26.04,16825364
2020-12-30 05:00:00+00:00,26.06,26.26,26.02,26.17,13248578
2020-12-31 05:00:00+00:00,26.18,26.6,26.11,26.56,18539246
2021-01-04 05:00:00+00:00,26.61,26.61,25.75,25.89,25774700
2021-01-05 05:00:00+00:00,25.95,26.03,25.68,25.89,17079764
2021-01-06 05:00:00+00:00,26.06,26.71,25.98,26.53,36354032
2021-01-07 05:00:00+00:00,26.68,26.73,26.16,26.17,24989838
2021-01-08 05:00:00+00:00,26.22,26.46,26.17,26.41,35557224
2021-01-11 05:00:00+00:00,26.31,26.42,25.97,26.16,16992816
2021-01-12 05:00:00+00:00,26.12,26.21,25.71,26.02,25340252
2021-01-13 05:00:00+00:00,26.1,26.62,26.06,26.53,27478566
2021-01-14 05:00:00+00:00,26.54,26.56,26.27,26.43,29494358
2021-01-15 05:00:00+00:00,26.32,26.77,26.27,26.69,28813748
2021-01-19 05:00:00+00:00,26.83,26.86,26.55,26.59,21242532
2021-01-20 05:00:00+00:00,26.58,26.86,26.42,26.75,45066290
2021-01-21 05:00:00+00:00,26.68,26.73,26.54,26.59,14241864
2021-01-22 05:00:00+00:00,26.51,26.71,26.41,26.62,19416500
2021-01-25 05:00:00+00:00,26.53,27.2,26.5,27.16,38326642
2021-01-26 05:00:00+00:00,27.12,27.15,26.78,26.89,19722812
2021-01-27 05:00:00+00:00,26.67,26.87,26.04,26.16,39617304
2021-01-28 05:00:00+00:00,26.25,26.88,26.18,26.47,25686984
2021-01-29 05:00:00+00:00,26.34,26.6,26.17,26.33,28169288
2021-02-01 05:00:00+00:00,26.5,26.7,26.24,26.46,16303838
2021-02-02 05:00:00+00:00,26.54,27.08,26.44,26.67,29154570
2021-02-03 05:00:00+00:00,26.64,26.77,26.53,26.59,16476810
2021-02-04 05:00:00+00:00,26.58,26.84,26.5,26.8,25256846
2021-02-05 05:00:00+00:00,26.92,27.09,26.81,26.94,12230070
2021-02-08 05:00:00+00:00,27.0,27.01,26.63,26.73,21776042
2021-02-09 05:00:00+00:00,26.78,26.87,26.55,26.77,12585904
2021-02-10 05:00:00+00:00,26.93,26.99,26.7,26.88,19966452
2021-02-11 05:00:00+00:00,26.87,26.95,26.68,26.73,21308540
2021-02-12 05:00:00+00:00,26.64,26.77,26.39,26.53,21103264
2021-02-16 05:00:00+00:00,26.5,26.53,26.19,26.23,36745054
2021-02-17 05:00:00+00:00,26.26,26.3,26.08,26.25,23493516
2021-02-18 05:00:00+00:00,26.21,26.53,26.21,26.41,15660334
2021-02-19 05:00:00+00:00,26.42,26.43,26.0,26.02,20400050
2021-02-22 05:00:00+00:00,25.95,25.98,25.27,25.51,36025542
2021-02-23 05:00:00+00:00,25.64,25.81,25.48,25.72,27169598
2021-02-24 05:00:00+00:00,25.65,25.7,25.39,25.42,23963058
2021-02-25 05:00:00+00:00,25.37,25.49,25.07,25.19,31885156
2021-02-26 05:00:00+00:00,25.28,25.43,24.72,24.73,38690834
2021-03-01 05:00:00+00:00,25.04,25.55,25.03,25.27,34344084
2021-03-02 05:00:00+00:00,25.31,25.38,25.05,25.2,29509850
2021-03-03 05:00:00+00:00,25.16,25.16,24.69,24.91,50641130
2021-03-04 05:00:00+00:00,24.92,25.34,24.74,24.88,45596012
2021-03-05 05:00:00+00:00,24.98,25.4,24.76,25.29,33943482
2021-03-08 05:00:00+00:00,25.36,25.86,25.29,25.64,38773854
2021-03-09 05:00:00+00:00,25.78,26.06,25.74,25.98,22526812
2021-03-10 05:00:00+00:00,25.97,26.24,25.9,26.16,27766252
2021-03-11 05:00:00+00:00,26.11,26.42,26.08,26.09,17333884
2021-03-12 05:00:00+00:00,26.2,26.52,26.08,26.44,20363856
2021-03-15 04:00:00+00:00,26.48,26.85,26.48,26.78,25290758
2021-03-16 04:00:00+00:00,26.72,26.88,26.64,26.81,29964046
2021-03-17 04:00:00+00:00,26.79,26.8,26.35,26.38,39248170
2021-03-18 04:00:00+00:00,26.35,26.46,26.1,26.28,29940812
2021-03-19 04:00:00+00:00,26.28,26.58,26.01,26.35,41183326
2021-03-22 04:00:00+00:00,26.29,26.43,26.12,26.31,26021772
2021-03-23 04:00:00+00:00,26.31,26.81,26.25,26.72,26478234
2021-03-24 04:00:00+00:00,26.62,26.91,26.53,26.72,22549440
2021-03-25 04:00:00+00:00,26.8,27.09,26.68,27.0,28761392
2021-03-26 04:00:00+00:00,27.0,27.12,26.73,27.09,21084706
2021-03-29 04:00:00+00:00,27.04,27.51,27.02,27.38,33019984
2021-03-30 04:00:00+00:00,27.3,27.3,26.93,27.13,22509602
2021-03-31 04:00:00+00:00,27.15,27.39,27.09,27.33,23578464
2021-04-01 04:00:00+00:00,27.29,27.36,27.13,27.31,23448146
2021-04-05 04:00:00+00:00,27.41,27.78,27.38,27.61,34154406
2021-04-06 04:00:00+00:00,27.58,27.76,27.38,27.75,17807242
2021-04-07 04:00:00+00:00,27.73,27.87,27.58,27.72,15798458
2021-04-08 04:00:00+00:00,27.79,27.88,27.64,27.7,19909956
2021-04-09 04:00:00+00:00,27.72,27.84,27.61,27.67,16012708
2021-04-12 04:00:00+00:00,27.67,27.89,27.6,27.69,14201346
2021-04-13 04:00:00+00:00,27.58,28.07,27.53,28.02,18251256
2021-04-14 04:00:00+00:00,27.95,28.15,27.88,28.15,15125362
2021-04-15 04:00:00+00:00,28.15,28.47,28.13,28.46,23863384
2021-04-16 04:00:00+00:00,28.56,28.8,28.5,28.69,22368332
2021-04-19 04:00:00+00:00,28.7,28.75,28.47,28.54,21503824
2021-04-20 04:00:00+00:00,28.54,28.98,28.53,28.91,29548898
2021-04-21 04:00:00+00:00,28.94,29.05,28.56,28.66,19936584
2021-04-22 04:00:00+00:00,28.64,28.74,28.43,28.46,18202106
2021-04-23 04:00:00+00:00,28.47,28.56,28.35,28.42,16881504
2021-04-26 04:00:00+00:00,28.43,28.45,28.17,28.26,12725084
2021-04-27 04:00:00+00:00,28.21,28.23,27.99,28.04,21613000
2021-04-28 04:00:00+00:00,28.05,28.13,27.87,28.0,15343824
2021-04-29 04:00:00+00:00,28.0,28.27,28.0,28.26,19223516
2021-04-30 04:00:00+00:00,28.32,28.49,28.15,28.48,21114512
2021-05-03 04:00:00+00:00,28.54,28.74,28.43,28.47,21544634
2021-05-04 04:00:00+00:00,28.44,28.5,28.18,28.37,23611398
2021-05-05 04:00:00+00:00,28.37,28.37,27.73,27.89,23781494
2021-05-06 04:00:00+00:00,27.97,28.13,27.78,28.1,23305406
2021-05-07 04:00:00+00:00,28.09,28.4,28.08,28.19,18460992
2021-05-10 04:00:00+00:00,28.25,28.76,28.25,28.47,26442292
2021-05-11 04:00:00+00:00,28.44,28.48,27.93,28.12,28887656
2021-05-12 04:00:00+00:00,28.09,28.09,27.45,27.47,30427118
2021-05-13 04:00:00+00:00,27.5,28.16,27.48,28.0,28222738
2021-05-14 04:00:00+00:00,28.06,28.31,28.06,28.13,19793666
2021-05-17 04:00:00+00:00,28.12,28.28,27.86,27.9,28424414
2021-05-18 04:00:00+00:00,27.84,27.99,27.77,27.9,19947426
2021-05-19 04:00:00+00:00,27.77,27.87,27.53,27.85,26760014
2021-05-20 04:00:00+00:00,27.9,28.26,27.89,28.09,26613030
2021-05-21 04:00:00+00:00,28.16,28.34,28.04,28.24,21224284
2021-05-24 04:00:00+00:00,28.38,28.42,28.17,28.19,19967768
2021-05-25 04:00:00+00:00,28.22,28.22,27.78,27.85,21716560
2021-05-26 04:00:00+00:00,27.86,27.97,27.77,27.85,17452504
2021-05-27 04:00:00+00:00,27.95,27.95,27.65,27.66,17542944
2021-05-28 04:00:00+00:00,27.83,27.91,27.73,27.81,19956460
2021-06-01 04:00:00+00:00,27.88,27.94,27.58,27.64,22391792
2021-06-02 04:00:00+00:00,27.68,27.94,27.57,27.79,20724060
2021-06-03 04:00:00+00:00,27.66,28.04,27.57,27.95,24031924
2021-06-04 04:00:00+00:00,28.03,28.07,27.88,27.91,14821512
2021-06-07 04:00:00+00:00,27.94,28.0,27.89,27.96,14044432
2021-06-08 04:00:00+00:00,28.02,28.04,27.6,27.72,18680158
2021-06-09 04:00:00+00:00,27.79,28.02,27.73,27.97,19121146
2021-06-10 04:00:00+00:00,27.99,28.18,27.92,28.15,16658596
2021-06-11 04:00:00+00:00,28.15,28.24,28.02,28.22,21693176
2021-06-14 04:00:00+00:00,28.22,28.35,28.11,28.28,14214584
2021-06-15 04:00:00+00:00,28.31,28.52,28.23,28.36,33590714
2021-06-16 04:00:00+00:00,28.44,28.54,27.92,27.94,46786668
2021-06-17 04:00:00+00:00,27.91,28.24,27.83,28.09,25746960
2021-06-18 04:00:00+00:00,27.93,27.95,27.32,27.36,37175564
2021-06-21 04:00:00+00:00,27.45,27.78,27.29,27.71,28374560
2021-06-22 04:00:00+00:00,27.71,27.8,27.53,27.55,16628132
2021-06-23 04:00:00+00:00,27.53,27.53,27.17,27.25,25932908
2021-06-24 04:00:00+00:00,27.29,27.3,27.11,27.23,15329886
2021-06-25 04:00:00+00:00,27.24,27.54,27.21,27.52,18323132
2021-06-28 04:00:00+00:00,27.63,27.84,27.59,27.7,16777028
2021-06-29 04:00:00+00:00,27.61,27.77,27.17,27.25,26320542
2021-06-30 04:00:00+00:00,27.23,27.33,27.1,27.2,19442318
2021-07-01 04:00:00+00:00,27.25,27.59,27.14,27.5,23026576
2021-07-02 04:00:00+00:00,27.57,27.57,27.4,27.54,22228490
2021-07-06 04:00:00+00:00,27.53,27.67,27.22,27.65,19066568
2021-07-07 04:00:00+00:00,27.67,27.84,27.51,27.84,24816512
2021-07-08 04:00:00+00:00,27.68,27.92,27.64,27.75,20858716
2021-07-09 04:00:00+00:00,27.79,27.87,27.56,27.79,21518228
2021-07-12 04:00:00+00:00,27.76,27.9,27.62,27.88,17466858
2021-07-13 04:00:00+00:00,27.83,27.92,27.57,27.67,23330404
2021-07-14 04:00:00+00:00,27.68,28.03,27.55,27.91,20747586
2021-07-15 04:00:00+00:00,27.81,28.24,27.8,28.22,31820778
2021-07-16 04:00:00+00:00,28.25,28.65,28.22,28.51,33168044
2021-07-19 04:00:00+00:00,28.39,28.62,27.74,28.05,45585870
2021-07-20 04:00:00+00:00,28.08,28.46,28.08,28.17,34248940
2021-07-21 04:00:00+00:00,28.19,28.26,27.84,27.87,22456810
2021-07-22 04:00:00+00:00,27.9,28.03,27.82,27.91,23109164
2021-07-23 04:00:00+00:00,27.98,28.29,27.93,28.27,16359390
2021-07-26 04:00:00+00:00,28.21,28.36,28.08,28.27,18656228
2021-07-27 04:00:00+00:00,28.25,28.81,28.09,28.76,34886144
2021-07-28 04:00:00+00:00,28.75,28.8,28.33,28.54,25243840
2021-07-29 04:00:00+00:00,28.59,28.7,28.45,28.62,30247706
2021-07-30 04:00:00+00:00,28.6,28.84,28.31,28.38,25568860
2021-08-02 04:00:00+00:00,28.44,28.7,28.41,28.6,24104272
2021-08-03 04:00:00+00:00,28.64,28.89,28.51,28.76,25994546
2021-08-04 04:00:00+00:00,28.64,28.75,28.36,28.72,32942798
2021-08-05 04:00:00+00:00,28.76,29.07,28.68,29.03,31790792
2021-08-06 04:00:00+00:00,29.0,29.22,28.93,29.01,20665676
2021-08-09 04:00:00+00:00,29.04,29.11,28.85,29.01,17269820
2021-08-10 04:00:00+00:00,29.03,29.13,28.9,29.04,15986492
2021-08-11 04:00:00+00:00,29.1,29.44,29.1,29.31,18667216
2021-08-12 04:00:00+00:00,29.25,29.44,29.24,29.34,19841750
2021-08-13 04:00:00+00:00,29.4,29.58,29.34,29.54,25274622
2021-08-16 04:00:00+00:00,29.54,29.93,29.51,29.72,25796812
2021-08-17 04:00:00+00:00,29.64,29.74,29.44,29.74,23348638
2021-08-18 04:00:00+00:00,29.74,29.8,29.49,29.59,31411602
2021-08-19 04:00:00+00:00,29.6,29.95,29.57,29.71,28491530
2021-08-20 04:00:00+00:00,29.66,30.1,29.5,30.08,24547912
2021-08-23 04:00:00+00:00,30.06,30.07,29.64,29.69,22383980
2021-08-24 04:00:00+00:00,29.68,29.71,29.3,29.5,25927222
2021-08-25 04:00:00+00:00,29.5,29.65,29.33,29.56,16728358
2021-08-26 04:00:00+00:00,29.56,29.57,29.42,29.48,16813594
2021-08-27 04:00:00+00:00,29.51,29.61,29.42,29.47,21592260
2021-08-30 04:00:00+00:00,29.47,29.6,29.37,29.52,28734520
2021-08-31 04:00:00+00:00,29.5,29.65,29.36,29.48,23084350
2021-09-01 04:00:00+00:00,29.56,29.97,29.53,29.87,27211060
2021-09-02 04:00:00+00:00,29.93,30.14,29.9,30.14,21582936
2021-09-03 04:00:00+00:00,30.05,30.09,29.82,29.89,19679922
2021-09-07 04:00:00+00:00,29.87,29.87,29.44,29.5,27829838
2021-09-08 04:00:00+00:00,29.48,30.11,29.41,30.02,29730334
2021-09-09 04:00:00+00:00,29.93,30.04,29.84,29.86,16954622
2021-09-10 04:00:00+00:00,29.84,29.87,29.44,29.44,25364256
2021-09-13 04:00:00+00:00,29.69,29.73,29.31,29.39,27123886
2021-09-14 04:00:00+00:00,29.49,29.58,29.22,29.29,31185186
2021-09-15 04:00:00+00:00,29.25,29.45,29.09,29.25,20073602
2021-09-16 04:00:00+00:00,29.25,29.37,28.97,29.01,34934006
2021-09-17 04:00:00+00:00,28.95,29.1,28.54,28.56,25920720
2021-09-20 04:00:00+00:00,28.5,28.76,28.2,28.51,50727178
2021-09-21 04:00:00+00:00,28.59,28.79,28.41,28.43,26417564
2021-09-22 04:00:00+00:00,28.54,28.64,28.31,28.41,25427230
2021-09-23 04:00:00+00:00,28.41,28.63,28.24,28.26,19333176
2021-09-24 04:00:00+00:00,28.26,28.44,28.16,28.23,23660162
2021-09-27 04:00:00+00:00,28.18,28.47,27.86,27.9,22253984
2021-09-28 04:00:00+00:00,27.87,27.92,27.47,27.55,41406820
2021-09-29 04:00:00+00:00,27.63,28.1,27.56,27.91,31983360
2021-09-30 04:00:00+00:00,28.01,28.03,27.65,27.69,27440324
2021-10-01 04:00:00+00:00,27.86,27.91,27.59,27.69,30161118
2021-10-04 04:00:00+00:00,27.66,28.15,27.64,28.07,42391324
2021-10-05 04:00:00+00:00,28.1,28.2,27.96,28.0,26130440
2021-10-06 04:00:00+00:00,27.91,28.45,27.74,28.43,33152786
2021-10-07 04:00:00+00:00,28.48,28.71,28.25,28.28,28009280
2021-10-08 04:00:00+00:00,28.28,28.33,28.05,28.07,18073942
2021-10-11 04:00:00+00:00,27.95,28.01,27.65,27.69,25975806
2021-10-12 04:00:00+00:00,27.73,27.96,27.66,27.88,21370934
2021-10-13 04:00:00+00:00,27.89,28.22,27.74,28.2,26207358
2021-10-14 04:00:00+00:00,28.3,28.61,28.23,28.55,22712552
2021-10-15 04:00:00+00:00,28.59,28.69,28.42,28.47,29602304
2021-10-18 04:00:00+00:00,28.28,28.35,28.04,28.19,21372250
2021-10-19 04:00:00+00:00,28.41,28.59,28.33,28.55,21488756
2021-10-20 04:00:00+00:00,28.67,29.11,28.64,29.0,29091794
2021-10-21 04:00:00+00:00,29.02,29.12,28.96,29.0,17416976
2021-10-22 04:00:00+00:00,29.08,29.2,29.01,29.15,22252768
2021-10-25 04:00:00+00:00,29.1,29.2,28.95,29.02,15589782
2021-10-26 04:00:00+00:00,29.05,29.4,29.0,29.18,19886114
2021-10-27 04:00:00+00:00,29.25,29.32,28.95,28.98,22713016
2021-10-28 04:00:00+00:00,28.96,29.17,28.92,29.17,15470768
2021-10-29 04:00:00+00:00,29.16,29.29,28.86,29.0,31860590
2021-11-01 04:00:00+00:00,28.99,29.18,28.9,29.1,16489310
2021-11-02 04:00:00+00:00,29.21,29.27,28.92,29.13,20402644
2021-11-03 04:00:00+00:00,29.08,29.2,28.78,29.02,21369968
2021-11-04 04:00:00+00:00,28.98,29.04,28.56,28.86,32237816
2021-11-05 04:00:00+00:00,28.96,29.26,28.93,29.13,22212806
2021-11-08 05:00:00+00:00,29.17,29.17,28.56,28.7,20241084
2021-11-09 05:00:00+00:00,28.75,28.93,28.66,28.85,16850220
2021-11-10 05:00:00+00:00,28.87,29.11,28.85,29.08,26321256
2021-11-11 05:00:00+00:00,29.06,29.08,28.75,28.9,16031060
2021-11-12 05:00:00+00:00,28.9,28.96,28.76,28.89,18788910
2021-11-15 05:00:00+00:00,29.01,29.28,28.95,29.27,19037012
2021-11-16 05:00:00+00:00,29.28,29.34,29.11,29.13,13460094
2021-11-17 05:00:00+00:00,29.06,29.2,28.91,29.16,19224156
2021-11-18 05:00:00+00:00,29.11,29.16,28.91,29.0,15885826
2021-11-19 05:00:00+00:00,29.04,29.23,28.96,29.17,21256390
2021-11-22 05:00:00+00:00,29.15,29.5,29.07,29.35,23475180
2021-11-23 05:00:00+00:00,29.34,29.55,29.2,29.38,19316960
2021-11-24 05:00:00+00:00,29.36,29.45,29.21,29.39,15986146
2021-11-26 05:00:00+00:00,29.19,29.38,28.86,28.93,22225208
2021-11-29 05:00:00+00:00,29.16,29.44,28.93,29.36,23315286
2021-11-30 05:00:00+00:00,29.22,29.23,28.48,28.51,49359852
2021-12-01 05:00:00+00:00,28.7,29.25,28.54,28.56,46626878
2021-12-02 05:00:00+00:00,28.63,29.19,28.63,28.92,35483208
2021-12-03 05:00:00+00:00,29.06,29.22,28.64,29.21,43360584
2021-12-06 05:00:00+00:00,29.4,29.97,29.39,29.66,47633036
2021-12-07 05:00:00+00:00,29.66,29.95,29.58,29.88,22575118
2021-12-08 05:00:00+00:00,29.91,30.05,29.69,29.85,27598526
2021-12-09 05:00:00+00:00,29.92,29.98,29.61,29.81,24046896
2021-12-10 05:00:00+00:00,29.93,30.11,29.81,29.97,23960526
2021-12-13 05:00:00+00:00,29.94,30.49,29.94,30.34,28113258
2021-12-14 05:00:00+00:00,30.33,30.4,30.01,30.16,35615700
2021-12-15 05:00:00+00:00,30.12,30.68,30.12,30.65,50027802
2021-12-16 05:00:00+00:00,30.62,30.99,30.59,30.81,30489776
2021-12-17 05:00:00+00:00,30.69,30.84,30.28,30.34,43612284
2021-12-20 05:00:00+00:00,30.05,30.4,29.81,30.37,31025386
2021-12-21 05:00:00+00:00,30.47,30.67,30.17,30.33,32420120
2021-12-22 05:00:00+00:00,30.28,30.5,30.24,30.46,19011704
2021-12-23 05:00:00+00:00,30.48,30.61,30.42,30.45,15307034
2021-12-27 05:00:00+00:00,30.47,30.6,30.38,30.6,16344756
2021-12-28 05:00:00+00:00,30.65,30.89,30.63,30.88,16812418
2021-12-29 05:00:00+00:00,30.91,31.09,30.86,31.04,14374032
2021-12-30 05:00:00+00:00,31.13,31.19,30.93,31.16,19339328
2021-12-31 05:00:00+00:00,31.09,31.38,31.03,31.27,18810032
2022-01-03 05:00:00+00:00,31.25,31.26,30.6,30.96,47098940
2022-01-04 05:00:00+00:00,30.96,31.26,30.85,30.86,29387708
2022-01-05 05:00:00+00:00,30.84,31.19,30.81,30.84,44546370
2022-01-06 05:00:00+00:00,30.84,30.97,30.49,30.52,36326286
2022-01-07 05:00:00+00:00,30.46,30.9,30.27,30.76,42663488
2022-01-10 05:00:00+00:00,30.73,30.77,30.4,30.56,31689928
2022-01-11 05:00:00+00:00,30.53,30.64,30.08,30.28,34146560
2022-01-12 05:00:00+00:00,30.18,30.46,30.1,30.38,29505066
2022-01-13 05:00:00+00:00,30.36,30.64,30.35,30.52,34585530
2022-01-14 05:00:00+00:00,30.52,30.58,30.16,30.31,33212086
2022-01-18 05:00:00+00:00,30.09,30.14,29.72,29.95,36287682
2022-01-19 05:00:00+00:00,29.96,30.35,29.95,30.09,34108814
2022-01-20 05:00:00+00:00,30.18,30.56,30.09,30.13,29765920
2022-01-21 05:00:00+00:00,30.28,30.43,30.01,30.07,49458616
2022-01-24 05:00:00+00:00,30.04,30.13,29.02,29.78,58580552
2022-01-25 05:00:00+00:00,29.32,29.67,29.18,29.31,52724978
2022-01-26 05:00:00+00:00,29.37,29.69,28.91,29.07,49553544
2022-01-27 05:00:00+00:00,29.35,29.7,29.19,29.33,45045998
2022-01-28 05:00:00+00:00,29.25,29.71,29.03,29.69,50793814
2022-01-31 05:00:00+00:00,29.51,30.28,29.45,30.25,57224834
2022-02-01 05:00:00+00:00,30.17,30.33,29.57,29.85,41518502
2022-02-02 05:00:00+00:00,29.83,30.33,29.77,30.29,46864330
2022-02-03 05:00:00+00:00,30.2,30.34,30.07,30.15,35082944
2022-02-04 05:00:00+00:00,29.89,30.18,29.61,29.91,40707982
2022-02-07 05:00:00+00:00,29.86,29.99,29.69,29.87,31065192
2022-02-08 05:00:00+00:00,29.99,30.09,29.82,29.89,44424876
2022-02-09 05:00:00+00:00,30.11,30.18,29.93,30.02,35259136
2022-02-10 05:00:00+00:00,29.73,29.87,29.2,29.26,45094072
2022-02-11 05:00:00+00:00,29.39,29.61,29.15,29.28,36095884
2022-02-14 05:00:00+00:00,29.38,29.42,28.75,29.03,37163554
2022-02-15 05:00:00+00:00,29.21,29.32,28.76,28.9,34200672
2022-02-16 05:00:00+00:00,28.93,29.09,28.68,28.96,32222442
2022-02-17 05:00:00+00:00,28.83,29.12,28.62,28.98,29213362
2022-02-18 05:00:00+00:00,28.88,29.17,28.79,28.93,33723796
2022-02-22 05:00:00+00:00,29.03,29.1,28.7,28.9,34784190
2022-02-23 05:00:00+00:00,28.95,29.04,28.38,28.41,34603434
2022-02-24 05:00:00+00:00,28.22,28.69,28.08,28.63,59191310
2022-02-25 05:00:00+00:00,28.89,29.55,28.82,29.52,42568178
2022-02-28 05:00:00+00:00,29.34,29.72,29.31,29.67,36749778
2022-03-01 05:00:00+00:00,29.61,29.87,29.19,29.42,33521276
2022-03-02 05:00:00+00:00,29.43,29.88,29.41,29.77,29637692
2022-03-03 05:00:00+00:00,29.89,30.45,29.86,30.3,44503378
2022-03-04 05:00:00+00:00,30.22,30.99,30.16,30.97,49185458
2022-03-07 05:00:00+00:00,31.04,31.44,30.77,31.37,62018976
2022-03-08 05:00:00+00:00,31.45,31.61,30.87,30.88,53202662
2022-03-09 05:00:00+00:00,31.11,31.15,30.61,30.66,51004264
2022-03-10 05:00:00+00:00,30.43,30.93,30.41,30.87,34090424
2022-03-11 05:00:00+00:00,30.92,31.12,30.73,30.76,25033286
2022-03-14 04:00:00+00:00,30.96,31.12,30.57,30.73,41099572
2022-03-15 04:00:00+00:00,31.03,31.19,30.85,31.12,29046652
2022-03-16 04:00:00+00:00,31.08,31.22,30.63,31.07,40159184
2022-03-17 04:00:00+00:00,31.08,31.42,31.02,31.2,32147650
2022-03-18 04:00:00+00:00,31.2,31.34,30.86,30.93,37067832
2022-03-21 04:00:00+00:00,30.97,31.28,30.97,31.14,36343356
2022-03-22 04:00:00+00:00,31.26,31.26,30.93,31.18,30244524
2022-03-23 04:00:00+00:00,31.15,31.41,31.0,31.23,29470858
2022-03-24 04:00:00+00:00,31.29,31.59,31.23,31.55,26680714
2022-03-25 04:00:00+00:00,31.66,32.02,31.59,32.0,28955086
2022-03-28 04:00:00+00:00,32.03,32.21,31.84,32.21,31657066
2022-03-29 04:00:00+00:00,32.2,32.51,32.14,32.51,39573156
2022-03-30 04:00:00+00:00,32.54,32.79,32.44,32.78,36033076
2022-03-31 04:00:00+00:00,32.76,33.04,32.72,32.74,36302754
2022-04-01 04:00:00+00:00,32.72,33.22,32.52,33.2,38136598
2022-04-04 04:00:00+00:00,33.06,33.06,32.61,32.94,28636560
2022-04-05 04:00:00+00:00,32.96,33.53,32.95,33.15,38696204
2022-04-06 04:00:00+00:00,33.26,33.83,33.11,33.81,56656486
2022-04-07 04:00:00+00:00,33.8,33.81,33.42,33.73,42194934
2022-04-08 04:00:00+00:00,33.85,33.96,33.56,33.84,34433088
2022-04-11 04:00:00+00:00,33.86,33.91,33.33,33.38,48707626
2022-04-12 04:00:00+00:00,33.29,33.68,33.17,33.51,45884230
2022-04-13 04:00:00+00:00,33.51,33.6,33.22,33.44,35807676
2022-04-14 04:00:00+00:00,33.51,33.68,33.41,33.46,28999126
2022-04-18 04:00:00+00:00,33.5,33.69,33.12,33.28,30580796
2022-04-19 04:00:00+00:00,33.38,33.56,33.28,33.49,33090976
2022-04-20 04:00:00+00:00,33.85,33.93,33.67,33.77,37300776
2022-04-21 04:00:00+00:00,33.66,33.75,33.18,33.21,37633546
2022-04-22 04:00:00+00:00,33.16,33.2,32.63,32.65,54777144
2022-04-25 04:00:00+00:00,32.76,32.78,31.89,32.43,60298992
2022-04-26 04:00:00+00:00,32.31,32.71,32.09,32.1,41587348
2022-04-27 04:00:00+00:00,32.12,32.42,31.84,31.95,49507412
2022-04-28 04:00:00+00:00,32.1,32.42,31.93,32.3,40412268
2022-04-29 04:00:00+00:00,32.16,32.22,31.29,31.34,55588848
2022-05-02 04:00:00+00:00,31.48,31.63,30.62,31.01,67360228
2022-05-03 04:00:00+00:00,31.13,31.64,30.99,31.13,42732340
2022-05-04 04:00:00+00:00,31.33,31.88,31.19,31.83,57051734
2022-05-05 04:00:00+00:00,31.62,31.88,31.22,31.5,54979644
2022-05-06 04:00:00+00:00,31.32,31.85,31.31,31.75,55643358
2022-05-09 04:00:00+00:00,31.56,31.84,31.25,31.52,51532214
2022-05-10 04:00:00+00:00,31.56,31.99,30.76,31.13,66106888
2022-05-11 04:00:00+00:00,31.11,31.88,31.08,31.36,73339276
2022-05-12 04:00:00+00:00,31.32,31.4,30.71,31.04,50630062
2022-05-13 04:00:00+00:00,31.31,31.46,30.91,31.41,30273956
2022-05-16 04:00:00+00:00,31.42,31.64,31.29,31.51,23561062
2022-05-17 04:00:00+00:00,31.66,31.84,31.17,31.83,30197840
2022-05-18 04:00:00+00:00,31.88,31.95,31.44,31.52,37853610
2022-05-19 04:00:00+00:00,31.38,31.6,31.01,31.46,39807388
2022-05-20 04:00:00+00:00,31.54,31.64,31.11,31.55,31645774
2022-05-23 04:00:00+00:00,31.91,32.07,31.61,31.92,27438060
2022-05-24 04:00:00+00:00,31.99,32.62,31.74,32.56,32794808
2022-05-25 04:00:00+00:00,32.6,32.65,32.33,32.54,28056032
2022-05-26 04:00:00+00:00,32.74,32.87,32.61,32.63,23586992
2022-05-27 04:00:00+00:00,32.61,33.14,32.47,33.14,23495218
2022-05-31 04:00:00+00:00,32.83,32.96,32.54,32.69,31130732
2022-06-01 04:00:00+00:00,32.8,32.8,32.33,32.63,22473630
2022-06-02 04:00:00+00:00,32.79,32.88,32.13,32.85,25346064
2022-06-03 04:00:00+00:00,32.72,32.9,32.63,32.69,18134912
2022-06-06 04:00:00+00:00,32.99,33.09,32.8,32.84,21065094
2022-06-07 04:00:00+00:00,32.76,33.07,32.55,33.04,20114732
2022-06-08 04:00:00+00:00,32.89,32.89,32.34,32.39,20203454
2022-06-09 04:00:00+00:00,32.37,32.53,31.59,31.61,26730774
2022-06-10 04:00:00+00:00,31.3,31.65,31.11,31.37,34355366
2022-06-13 04:00:00+00:00,30.97,31.04,29.78,29.93,56461958
2022-06-14 04:00:00+00:00,29.96,30.07,28.84,29.17,52082710
2022-06-15 04:00:00+00:00,29.43,29.81,29.0,29.36,53130120
2022-06-16 04:00:00+00:00,29.0,29.0,28.56,28.79,48784954
2022-06-17 04:00:00+00:00,28.84,29.04,28.29,28.53,44247028
2022-06-21 04:00:00+00:00,28.63,29.23,28.55,29.07,39040088
2022-06-22 04:00:00+00:00,28.91,29.59,28.9,29.37,29314120
2022-06-23 04:00:00+00:00,29.55,30.12,29.51,30.07,42370904
2022-06-24 04:00:00+00:00,30.23,30.65,30.11,30.59,30177544
2022-06-27 04:00:00+00:00,30.52,30.91,30.4,30.84,23815290
2022-06-28 04:00:00+00:00,30.94,31.18,30.68,30.72,26721872
2022-06-29 04:00:00+00:00,30.77,30.86,30.55,30.74,30657072
2022-06-30 04:00:00+00:00,30.55,31.32,30.51,31.09,39697834
2022-07-01 04:00:00+00:00,31.24,31.9,31.12,31.85,34623708
2022-07-05 04:00:00+00:00,31.78,31.8,30.28,30.76,44876444
2022-07-06 04:00:00+00:00,30.91,31.36,30.67,31.08,28836320
2022-07-07 04:00:00+00:00,31.24,31.34,31.02,31.05,17024694
2022-07-08 04:00:00+00:00,31.02,31.09,30.85,30.95,12724338
2022-07-11 04:00:00+00:00,30.83,31.2,30.76,31.14,13566656
2022-07-12 04:00:00+00:00,30.96,31.39,30.86,30.99,19322594
2022-07-13 04:00:00+00:00,30.7,31.2,30.68,30.86,39079866
2022-07-14 04:00:00+00:00,30.37,30.91,30.3,30.86,19158654
2022-07-15 04:00:00+00:00,30.89,30.97,30.39,30.92,17758130
2022-07-18 04:00:00+00:00,30.85,30.89,30.48,30.49,15620160
2022-07-19 04:00:00+00:00,30.69,30.85,30.58,30.69,24392800
2022-07-20 04:00:00+00:00,30.74,30.75,30.24,30.28,34667364
2022-07-21 04:00:00+00:00,30.36,30.37,30.07,30.36,26505928
2022-07-22 04:00:00+00:00,30.6,30.89,30.53,30.77,19999964
2022-07-25 04:00:00+00:00,30.73,31.17,30.64,31.16,17538420
2022-07-26 04:00:00+00:00,31.13,31.44,31.1,31.35,18197474
2022-07-27 04:00:00+00:00,31.2,31.46,31.11,31.37,20951824
2022-07-28 04:00:00+00:00,31.93,32.57,31.9,32.5,30149494
2022-07-29 04:00:00+00:00,32.44,32.92,32.43,32.78,25223524
2022-08-01 04:00:00+00:00,32.68,32.84,32.47,32.81,23380172
2022-08-02 04:00:00+00:00,32.96,33.15,32.72,32.75,23396978
2022-08-03 04:00:00+00:00,32.7,33.03,32.19,32.95,22203988
2022-08-04 04:00:00+00:00,32.97,33.26,32.86,33.02,17713638
2022-08-05 04:00:00+00:00,32.93,33.08,32.59,32.9,22298672
2022-08-08 04:00:00+00:00,33.19,33.34,32.8,32.95,17257952
2022-08-09 04:00:00+00:00,33.05,33.38,33.03,33.32,16581238
2022-08-10 04:00:00+00:00,33.47,33.54,33.22,33.47,16007506
2022-08-11 04:00:00+00:00,33.51,33.8,33.36,33.46,16277384
2022-08-12 04:00:00+00:00,33.69,34.01,33.62,34.01,16049200
2022-08-15 04:00:00+00:00,33.94,34.33,33.88,34.29,17725304
2022-08-16 04:00:00+00:00,34.21,34.51,34.18,34.39,15684938
2022-08-17 04:00:00+00:00,34.25,34.48,34.22,34.33,22054000
2022-08-18 04:00:00+00:00,34.36,34.56,34.34,34.46,17083366
2022-08-19 04:00:00+00:00,34.41,34.6,34.29,34.44,17681316
2022-08-22 04:00:00+00:00,34.28,34.34,33.88,33.97,26845314
2022-08-23 04:00:00+00:00,33.91,33.98,33.63,33.77,15979332
2022-08-24 04:00:00+00:00,33.72,33.92,33.64,33.87,15196508
2022-08-25 04:00:00+00:00,33.95,34.08,33.7,34.08,14926528
2022-08-26 04:00:00+00:00,34.09,34.21,33.53,33.56,18200874
2022-08-29 04:00:00+00:00,33.39,33.91,33.19,33.66,22881878
2022-08-30 04:00:00+00:00,33.65,33.68,33.04,33.17,20932422
2022-08-31 04:00:00+00:00,33.19,33.39,32.94,32.95,22434578
2022-09-01 04:00:00+00:00,32.82,33.47,32.82,33.43,28531050
2022-09-02 04:00:00+00:00,33.51,33.82,32.97,33.07,25923386
2022-09-06 04:00:00+00:00,33.25,33.61,33.07,33.15,33454598
2022-09-07 04:00:00+00:00,33.31,34.24,33.27,34.19,31992154
2022-09-08 04:00:00+00:00,34.06,34.39,33.98,34.16,25480656
2022-09-09 04:00:00+00:00,34.37,34.49,34.06,34.3,21412118
2022-09-12 04:00:00+00:00,34.39,34.67,34.29,34.63,22948122
2022-09-13 04:00:00+00:00,34.28,34.42,33.54,33.7,35658058
2022-09-14 04:00:00+00:00,33.72,34.17,33.68,33.98,22532422
2022-09-15 04:00:00+00:00,33.71,33.71,33.05,33.13,37033452
2022-09-16 04:00:00+00:00,33.01,33.27,32.95,33.01,32933292
2022-09-19 04:00:00+00:00,32.91,33.46,32.82,33.45,23010260
2022-09-20 04:00:00+00:00,33.23,33.23,32.73,32.96,23766880
2022-09-21 04:00:00+00:00,33.18,33.4,32.5,32.51,30701598
2022-09-22 04:00:00+00:00,32.49,32.62,32.23,32.4,35372296
2022-09-23 04:00:00+00:00,32.08,32.13,31.61,32.02,32943400
2022-09-26 04:00:00+00:00,31.94,31.98,30.94,31.25,36259294
2022-09-27 04:00:00+00:00,31.46,31.51,30.57,30.72,38951952
2022-09-28 04:00:00+00:00,31.08,31.25,30.68,31.05,46472694
2022-09-29 04:00:00+00:00,30.89,30.97,29.75,29.81,41114458
2022-09-30 04:00:00+00:00,29.95,30.07,29.17,29.23,46588874
2022-10-03 04:00:00+00:00,29.71,30.25,29.51,30.09,52216806
2022-10-04 04:00:00+00:00,30.3,30.76,30.11,30.73,34086708
2022-10-05 04:00:00+00:00,30.34,30.34,29.71,30.05,34880532
2022-10-06 04:00:00+00:00,29.92,29.97,29.02,29.06,51676110
2022-10-07 04:00:00+00:00,28.97,29.08,28.26,28.45,42954978
2022-10-10 04:00:00+00:00,28.51,28.84,28.46,28.5,33489698
2022-10-11 04:00:00+00:00,28.4,28.77,28.25,28.4,34539930
2022-10-12 04:00:00+00:00,28.36,28.41,27.44,27.45,42437554
2022-10-13 04:00:00+00:00,27.04,28.25,26.93,28.14,62286738
2022-10-14 04:00:00+00:00,28.43,28.64,27.59,27.73,39738622
2022-10-17 04:00:00+00:00,28.11,28.58,28.11,28.31,28694886
2022-10-18 04:00:00+00:00,28.88,28.99,28.55,28.83,32590672
2022-10-19 04:00:00+00:00,28.46,28.65,28.21,28.46,25894764
2022-10-20 04:00:00+00:00,28.47,28.47,27.61,27.74,31351982
2022-10-21 04:00:00+00:00,27.84,28.46,27.65,28.25,31554656
2022-10-24 04:00:00+00:00,28.4,28.71,28.18,28.49,20543218
2022-10-25 04:00:00+00:00,28.58,29.13,28.52,29.06,29005470
2022-10-26 04:00:00+00:00,29.22,29.36,28.92,29.05,27918956
2022-10-27 04:00:00+00:00,29.26,29.61,29.19,29.28,24971264
2022-10-28 04:00:00+00:00,29.4,30.14,29.36,30.08,27697040
2022-10-31 04:00:00+00:00,30.01,30.13,29.62,29.8,22520822
2022-11-01 04:00:00+00:00,29.98,30.09,29.68,29.92,21666562
2022-11-02 04:00:00+00:00,29.82,30.44,29.62,29.63,43106050
2022-11-03 04:00:00+00:00,29.35,30.02,29.19,29.76,29042698
2022-11-04 04:00:00+00:00,29.82,30.06,29.42,29.94,24791390
2022-11-07 05:00:00+00:00,29.88,29.93,28.9,29.37,28592798
2022-11-08 05:00:00+00:00,29.41,29.76,29.31,29.57,24827888
2022-11-09 05:00:00+00:00,29.45,29.68,29.28,29.34,25781716
2022-11-10 05:00:00+00:00,30.22,30.78,29.78,30.72,35830376
2022-11-11 05:00:00+00:00,30.72,30.81,30.09,30.38,30624018
2022-11-14 05:00:00+00:00,30.4,30.56,30.01,30.02,20491052
2022-11-15 05:00:00+00:00,30.34,30.56,29.98,30.35,27241994
2022-11-16 05:00:00+00:00,30.36,30.78,30.36,30.62,26462638
2022-11-17 05:00:00+00:00,30.29,30.37,29.94,30.09,23247376
2022-11-18 05:00:00+00:00,30.37,30.76,30.35,30.72,23474920
2022-11-21 05:00:00+00:00,30.68,30.95,30.65,30.86,22877228
2022-11-22 05:00:00+00:00,31.01,31.32,30.93,31.13,14905586
2022-11-23 05:00:00+00:00,31.04,31.49,31.04,31.47,14333548
2022-11-25 05:00:00+00:00,31.59,31.76,31.57,31.66,8982966
2022-11-28 05:00:00+00:00,31.44,31.56,31.2,31.33,18263948
2022-11-29 05:00:00+00:00,31.14,31.17,30.92,31.1,19004810
2022-11-30 05:00:00+00:00,31.04,31.94,31.01,31.88,32946322
2022-12-01 05:00:00+00:00,32.19,32.36,31.77,31.85,30706262
2022-12-02 05:00:00+00:00,31.51,31.78,31.38,31.7,20708278
2022-12-05 05:00:00+00:00,31.46,31.64,31.4,31.52,22903052
2022-12-06 05:00:00+00:00,31.47,31.73,31.35,31.72,25649538
2022-12-07 05:00:00+00:00,31.74,31.96,31.45,31.57,28297926
2022-12-08 05:00:00+00:00,31.57,31.89,31.46,31.77,19920116
2022-12-09 05:00:00+00:00,31.66,31.88,31.58,31.61,23834996
2022-12-12 05:00:00+00:00,31.78,32.34,31.66,32.33,22763830
2022-12-13 05:00:00+00:00,32.79,32.93,32.07,32.43,27388420
2022-12-14 05:00:00+00:00,32.54,32.89,32.15,32.39,26637446
2022-12-15 05:00:00+00:00,32.26,32.32,31.84,32.0,26308586
2022-12-16 05:00:00+00:00,31.76,31.76,31.06,31.45,39262598
2022-12-19 05:00:00+00:00,31.29,31.63,31.12,31.33,19664570
2022-12-20 05:00:00+00:00,31.31,31.51,31.11,31.34,15964072
2022-12-21 05:00:00+00:00,31.53,31.78,31.42,31.77,16484728
2022-12-22 05:00:00+00:00,31.72,31.72,31.06,31.58,14103904
2022-12-23 05:00:00+00:00,31.52,31.92,31.52,31.9,11349286
2022-12-27 05:00:00+00:00,31.98,32.17,31.77,32.1,12211302
2022-12-28 05:00:00+00:00,32.17,32.31,31.74,31.8,14431324
2022-12-29 05:00:00+00:00,31.95,32.2,31.93,32.02,11555294
2022-12-30 05:00:00+00:00,31.99,32.05,31.42,31.72,14699384
2023-01-03 05:00:00+00:00,31.81,31.92,31.29,31.72,25774238
2023-01-04 05:00:00+00:00,31.86,32.29,31.81,32.01,20872698
2023-01-05 05:00:00+00:00,31.76,31.89,31.22,31.31,19572860
2023-01-06 05:00:00+00:00,31.67,32.1,31.62,31.94,19620498
2023-01-09 05:00:00+00:00,31.94,32.4,31.84,32.16,23438720
2023-01-10 05:00:00+00:00,32.07,32.19,31.79,32.17,17214952
2023-01-11 05:00:00+00:00,32.17,32.47,32.16,32.43,21371844
2023-01-12 05:00:00+00:00,32.47,32.51,32.18,32.21,25797756
2023-01-13 05:00:00+00:00,32.07,32.2,31.85,32.09,23793060
2023-01-17 05:00:00+00:00,32.11,32.34,31.99,32.05,19530468
2023-01-18 05:00:00+00:00,32.19,32.19,31.24,31.28,29020468
2023-01-19 05:00:00+00:00,31.26,31.3,30.89,30.96,28393950
2023-01-20 05:00:00+00:00,30.94,31.16,30.52,31.15,24718848
2023-01-23 05:00:00+00:00,31.04,31.46,30.9,31.16,19652876
2023-01-24 05:00:00+00:00,31.19,31.41,30.79,31.31,20658710
2023-01-25 05:00:00+00:00,30.85,30.96,30.58,30.89,25982970
2023-01-26 05:00:00+00:00,30.73,31.04,30.67,30.99,20360084
2023-01-27 05:00:00+00:00,30.93,31.13,30.81,30.99,15425744
2023-01-30 05:00:00+00:00,30.88,31.21,30.83,30.85,15561042
2023-01-31 05:00:00+00:00,30.94,31.09,30.58,31.08,19442306
2023-02-01 05:00:00+00:00,30.94,31.36,30.72,31.14,30944980
2023-02-02 05:00:00+00:00,31.16,31.55,30.91,31.21,24997080
2023-02-03 05:00:00+00:00,30.93,31.05,30.14,30.55,25358878
2023-02-06 05:00:00+00:00,30.44,30.84,30.39,30.81,31414134
2023-02-07 05:00:00+00:00,30.67,30.9,30.37,30.8,21124612
2023-02-08 05:00:00+00:00,30.62,30.63,30.13,30.28,22471696
2023-02-09 05:00:00+00:00,30.36,30.52,29.82,29.87,20715510
2023-02-10 05:00:00+00:00,29.9,30.49,29.86,30.46,30962896
2023-02-13 05:00:00+00:00,30.48,30.72,30.48,30.65,16183864
2023-02-14 05:00:00+00:00,30.62,30.83,30.36,30.52,14150444
2023-02-15 05:00:00+00:00,30.34,30.74,30.34,30.72,11020018
2023-02-16 05:00:00+00:00,30.41,30.62,30.16,30.48,18399566
2023-02-17 05:00:00+00:00,30.49,30.95,30.33,30.81,21873138
2023-02-21 05:00:00+00:00,30.58,30.67,30.21,30.23,16969068
2023-02-22 05:00:00+00:00,30.23,30.46,30.03,30.12,26750116
2023-02-23 05:00:00+00:00,30.25,30.25,29.83,29.96,21406690
2023-02-24 05:00:00+00:00,29.7,30.07,29.58,29.97,23149422
2023-02-27 05:00:00+00:00,30.12,30.4,29.7,29.77,21720642
2023-02-28 05:00:00+00:00,29.63,29.77,29.24,29.24,41151872
2023-03-01 05:00:00+00:00,29.09,29.12,28.63,28.76,47275902
2023-03-02 05:00:00+00:00,28.72,29.33,28.68,29.31,30694972
2023-03-03 05:00:00+00:00,29.42,29.82,29.14,29.81,30173916
2023-03-06 05:00:00+00:00,29.82,30.04,29.78,29.95,24243432
2023-03-07 05:00:00+00:00,29.98,30.05,29.31,29.46,24055288
2023-03-08 05:00:00+00:00,29.45,29.74,29.34,29.68,27407536
2023-03-09 05:00:00+00:00,29.77,30.04,29.35,29.45,34067114
2023-03-10 05:00:00+00:00,29.59,29.59,28.83,28.98,41666198
2023-03-13 04:00:00+00:00,28.95,30.08,28.91,29.43,67671460
2023-03-14 04:00:00+00:00,29.65,30.06,29.52,29.82,35118470
2023-03-15 04:00:00+00:00,29.73,30.41,29.59,30.22,48336760
2023-03-16 04:00:00+00:00,30.11,30.6,29.99,30.42,31649148
2023-03-17 04:00:00+00:00,30.35,30.41,29.91,30.13,35812906
2023-03-20 04:00:00+00:00,30.18,30.47,30.17,30.37,38838148
2023-03-21 04:00:00+00:00,30.42,30.45,29.36,29.75,51865074
2023-03-22 04:00:00+00:00,29.71,29.87,29.16,29.17,35793284
2023-03-23 04:00:00+00:00,29.18,29.46,28.73,28.87,33769010
2023-03-24 04:00:00+00:00,28.9,29.78,28.87,29.77,36111934
2023-03-27 04:00:00+00:00,29.86,30.08,29.73,29.81,28273880
2023-03-28 04:00:00+00:00,29.74,30.21,29.74,29.89,22038970
2023-03-29 04:00:00+00:00,30.05,30.37,30.05,30.33,19808036
2023-03-30 04:00:00+00:00,30.4,30.61,30.28,30.46,20585690
2023-03-31 04:00:00+00:00,30.56,30.69,30.38,30.68,23443436
2023-04-03 04:00:00+00:00,30.57,30.7,30.3,30.47,24071630
2023-04-04 04:00:00+00:00,30.45,30.68,30.37,30.62,21614010
2023-04-05 04:00:00+00:00,30.76,31.5,30.75,31.42,37674364
2023-04-06 04:00:00+00:00,31.67,31.71,31.32,31.64,33350456
2023-04-10 04:00:00+00:00,31.46,31.59,31.14,31.58,20462936
2023-04-11 04:00:00+00:00,31.53,31.69,31.45,31.6,17274078
2023-04-12 04:00:00+00:00,31.66,31.8,31.46,31.57,25109438
2023-04-13 04:00:00+00:00,31.43,31.66,30.98,31.58,32892422
2023-04-14 04:00:00+00:00,31.34,31.41,31.08,31.22,18128798
2023-04-17 04:00:00+00:00,31.28,31.45,31.08,31.39,15613690
2023-04-18 04:00:00+00:00,31.41,31.47,31.11,31.23,15566454
2023-04-19 04:00:00+00:00,31.31,31.57,31.26,31.47,20634576
2023-04-20 04:00:00+00:00,31.5,31.59,31.28,31.46,14737478
2023-04-21 04:00:00+00:00,31.67,31.78,31.37,31.55,14075580
2023-04-24 04:00:00+00:00,31.54,31.77,31.35,31.71,13578940
2023-04-25 04:00:00+00:00,31.59,31.85,31.59,31.68,20503510
2023-04-26 04:00:00+00:00,31.44,31.53,30.9,30.94,29513732
2023-04-27 04:00:00+00:00,31.03,31.34,31.0,31.31,24933354
2023-04-28 04:00:00+00:00,31.22,31.45,31.07,31.26,24246880
2023-05-01 04:00:00+00:00,31.19,31.62,31.16,31.32,21016126
2023-05-02 04:00:00+00:00,31.29,31.37,30.76,30.94,22931462
2023-05-03 04:00:00+00:00,31.11,31.3,30.81,30.85,23714386
2023-05-04 04:00:00+00:00,30.91,31.21,30.62,31.09,29262318
2023-05-05 04:00:00+00:00,30.98,31.36,30.98,31.29,22833240
2023-05-08 04:00:00+00:00,31.25,31.48,31.09,31.19,16573444
2023-05-09 04:00:00+00:00,31.12,31.23,30.93,31.15,20562438
2023-05-10 04:00:00+00:00,31.34,31.52,31.12,31.44,21416854
2023-05-11 04:00:00+00:00,31.45,31.46,30.97,31.11,29748158
2023-05-12 04:00:00+00:00,31.29,31.49,31.1,31.29,23748258
2023-05-15 04:00:00+00:00,31.4,31.45,30.76,30.89,26370274
2023-05-16 04:00:00+00:00,30.86,30.91,30.19,30.21,28008014
2023-05-17 04:00:00+00:00,30.3,30.31,29.97,30.1,34176638
2023-05-18 04:00:00+00:00,29.96,30.04,29.74,30.01,32335576
2023-05-19 04:00:00+00:00,30.15,30.32,29.94,29.96,24943924
2023-05-22 04:00:00+00:00,30.04,30.19,29.86,29.97,18989338
2023-05-23 04:00:00+00:00,29.86,30.16,29.79,29.87,24128032
2023-05-24 04:00:00+00:00,29.83,29.94,29.62,29.67,23127590
2023-05-25 04:00:00+00:00,29.62,29.63,29.07,29.27,32252144
2023-05-26 04:00:00+00:00,29.23,29.3,28.97,29.27,33187836
2023-05-30 04:00:00+00:00,29.32,29.47,29.12,29.16,31165740
2023-05-31 04:00:00+00:00,29.17,29.56,28.99,29.43,34266218
2023-06-01 04:00:00+00:00,29.48,29.52,29.03,29.21,37306372
2023-06-02 04:00:00+00:00,29.06,29.63,28.99,29.51,46091954
2023-06-05 04:00:00+00:00,29.58,29.98,29.51,29.65,26871588
2023-06-06 04:00:00+00:00,29.79,29.84,29.55,29.63,25723220
2023-06-07 04:00:00+00:00,29.65,30.21,29.47,30.13,38457672
2023-06-08 04:00:00+00:00,30.13,30.31,29.9,30.27,29319766
2023-06-09 04:00:00+00:00,30.28,30.3,30.07,30.09,26633388
2023-06-12 04:00:00+00:00,30.11,30.19,29.91,30.04,22967800
2023-06-13 04:00:00+00:00,29.85,30.13,29.8,30.03,23737394
2023-06-14 04:00:00+00:00,30.14,30.37,29.95,30.01,28047378
2023-06-15 04:00:00+00:00,30.13,30.41,30.06,30.34,27402330
2023-06-16 04:00:00+00:00,30.41,30.75,30.39,30.5,27370762
2023-06-20 04:00:00+00:00,30.41,30.48,30.11,30.14,25851308
2023-06-21 04:00:00+00:00,30.04,30.42,29.71,30.39,21445894
2023-06-22 04:00:00+00:00,30.5,30.56,30.07,30.15,20002164
2023-06-23 04:00:00+00:00,30.24,30.35,29.67,29.71,25439274
2023-06-26 04:00:00+00:00,29.76,30.09,29.64,30.0,20535150
2023-06-27 04:00:00+00:00,30.03,30.12,29.92,30.01,17020886
2023-06-28 04:00:00+00:00,30.0,30.0,29.49,29.57,29447652
2023-06-29 04:00:00+00:00,29.34,29.73,29.27,29.57,29307852
2023-06-30 04:00:00+00:00,29.61,29.93,29.6,29.9,27003022
2023-07-03 04:00:00+00:00,29.83,30.13,29.73,30.12,16192934
2023-07-05 04:00:00+00:00,30.02,30.69,29.97,30.46,38338642
2023-07-06 04:00:00+00:00,30.22,30.31,29.93,30.09,30846098
2023-07-07 04:00:00+00:00,29.9,30.09,29.8,29.87,25787532
2023-07-10 04:00:00+00:00,29.82,29.92,29.51,29.75,24820284
2023-07-11 04:00:00+00:00,29.81,30.13,29.7,30.12,22874408
2023-07-12 04:00:00+00:00,30.21,30.59,30.15,30.56,26655448
2023-07-13 04:00:00+00:00,30.56,30.67,30.44,30.66,19835442
2023-07-14 04:00:00+00:00,30.58,30.67,30.37,30.54,20285660
2023-07-17 04:00:00+00:00,30.44,30.51,30.17,30.19,21261702
2023-07-18 04:00:00+00:00,30.16,30.42,29.69,29.96,36265876
2023-07-19 04:00:00+00:00,29.98,30.44,29.98,30.26,27153970
2023-07-20 04:00:00+00:00,30.35,30.86,30.19,30.82,33328944
2023-07-21 04:00:00+00:00,30.94,31.4,30.88,31.28,36745956
2023-07-24 04:00:00+00:00,31.32,31.38,31.05,31.19,26484518
2023-07-25 04:00:00+00:00,31.16,31.35,31.06,31.25,16701670
2023-07-26 04:00:00+00:00,31.17,31.59,31.11,31.25,23158170
2023-07-27 04:00:00+00:00,31.13,31.26,30.63,30.7,32130100
2023-07-28 04:00:00+00:00,30.9,31.02,30.48,30.63,26432144
2023-07-31 04:00:00+00:00,30.75,30.87,30.5,30.64,25060588
2023-08-01 04:00:00+00:00,30.61,30.77,30.25,30.27,26919682
2023-08-02 04:00:00+00:00,30.14,30.41,30.1,30.27,30336562
2023-08-03 04:00:00+00:00,30.18,30.2,29.55,29.58,41269352
2023-08-04 04:00:00+00:00,29.66,29.85,29.1,29.23,36497842
2023-08-07 04:00:00+00:00,29.34,29.48,29.22,29.23,25131736
2023-08-08 04:00:00+00:00,29.23,29.38,28.96,29.37,30350200
2023-08-09 04:00:00+00:00,29.35,29.69,29.3,29.43,26387350
2023-08-10 04:00:00+00:00,29.55,29.73,29.25,29.34,27384646
2023-08-11 04:00:00+00:00,29.37,29.54,29.28,29.5,24336620
2023-08-14 04:00:00+00:00,29.48,29.5,29.14,29.27,21560464
2023-08-15 04:00:00+00:00,29.1,29.11,28.77,28.79,30379286
2023-08-16 04:00:00+00:00,28.92,29.05,28.81,28.92,25028314
2023-08-17 04:00:00+00:00,28.95,29.23,28.84,28.86,23753110
2023-08-18 04:00:00+00:00,28.85,29.07,28.82,29.01,25675582
2023-08-21 04:00:00+00:00,28.92,29.0,28.59,28.82,24162004
2023-08-22 04:00:00+00:00,28.81,28.99,28.7,28.91,27062212
2023-08-23 04:00:00+00:00,29.06,29.09,28.82,29.02,26772050
2023-08-24 04:00:00+00:00,28.97,29.37,28.82,28.85,25934276
2023-08-25 04:00:00+00:00,28.89,29.22,28.87,29.07,24981268
2023-08-28 04:00:00+00:00,29.12,29.28,29.01,29.07,17326488
2023-08-29 04:00:00+00:00,29.1,29.26,28.98,29.18,23746192
2023-08-30 04:00:00+00:00,29.08,29.27,28.93,29.04,22481260
2023-08-31 04:00:00+00:00,29.16,29.18,28.76,28.76,27542118
2023-09-01 04:00:00+00:00,28.92,29.01,28.39,28.62,28775590
2023-09-05 04:00:00+00:00,28.6,28.62,28.03,28.18,37650624
2023-09-06 04:00:00+00:00,28.22,28.28,28.06,28.24,38940124
2023-09-07 04:00:00+00:00,28.49,28.84,28.41,28.61,33748512
2023-09-08 04:00:00+00:00,28.66,28.92,28.57,28.86,32522242
2023-09-11 04:00:00+00:00,28.83,29.13,28.82,28.98,26796498
2023-09-12 04:00:00+00:00,28.98,29.1,28.79,29.02,22094962
2023-09-13 04:00:00+00:00,29.03,29.5,29.03,29.37,30120856
2023-09-14 04:00:00+00:00,29.55,29.82,29.51,29.8,26200986
2023-09-15 04:00:00+00:00,29.75,29.97,29.64,29.67,34801978
2023-09-18 04:00:00+00:00,29.69,29.74,29.44,29.65,19134956
2023-09-19 04:00:00+00:00,29.62,29.73,29.48,29.49,24889254
2023-09-20 04:00:00+00:00,29.61,29.82,29.43,29.51,18736186
2023-09-21 04:00:00+00:00,29.49,29.54,29.19,29.2,25629374
2023-09-22 04:00:00+00:00,29.08,29.34,28.96,29.15,24599578
2023-09-25 04:00:00+00:00,28.98,29.13,28.8,29.11,24729814
2023-09-26 04:00:00+00:00,28.99,29.02,28.16,28.24,46833314
2023-09-27 04:00:00+00:00,28.18,28.25,27.62,27.69,52033536
2023-09-28 04:00:00+00:00,27.8,27.85,27.05,27.1,77189718
2023-09-29 04:00:00+00:00,27.33,27.55,26.99,27.14,45737806
2023-10-02 04:00:00+00:00,26.98,26.98,25.57,25.88,111645438
2023-10-03 04:00:00+00:00,25.68,26.27,25.3,26.18,115236442
2023-10-04 04:00:00+00:00,26.31,26.36,25.74,26.15,58997270
2023-10-05 04:00:00+00:00,26.08,26.16,25.75,26.0,56290012
2023-10-06 04:00:00+00:00,25.68,26.43,25.23,26.37,68207394
2023-10-09 04:00:00+00:00,26.32,26.63,26.21,26.63,40487666
2023-10-10 04:00:00+00:00,26.63,27.01,26.63,26.99,61414438
2023-10-11 04:00:00+00:00,27.15,27.45,26.95,27.43,53347322
2023-10-12 04:00:00+00:00,27.29,27.45,26.76,27.01,55086616
2023-10-13 04:00:00+00:00,27.19,27.49,27.12,27.31,39574468
2023-10-16 04:00:00+00:00,27.37,27.69,27.15,27.59,39554802
2023-10-17 04:00:00+00:00,27.36,27.69,27.31,27.52,36960434
2023-10-18 04:00:00+00:00,27.49,27.65,27.1,27.28,46726986
2023-10-19 04:00:00+00:00,27.19,27.45,26.99,27.01,39363884
2023-10-20 04:00:00+00:00,26.94,27.21,26.72,26.73,40044816
2023-10-23 04:00:00+00:00,26.48,26.88,26.27,26.5,41041270
2023-10-24 04:00:00+00:00,26.9,27.29,26.82,27.18,47194426
2023-10-25 04:00:00+00:00,27.14,27.39,27.03,27.33,41309432
2023-10-26 04:00:00+00:00,27.41,27.81,27.4,27.57,47174642
2023-10-27 04:00:00+00:00,27.45,27.61,26.97,27.05,40502424
2023-10-30 04:00:00+00:00,27.16,27.44,26.96,27.26,28539638
2023-10-31 04:00:00+00:00,27.37,27.52,27.17,27.49,21364534
2023-11-01 04:00:00+00:00,27.53,27.97,27.26,27.8,46522990
2023-11-02 04:00:00+00:00,27.86,28.47,27.82,28.32,51100148
2023-11-03 04:00:00+00:00,28.82,28.85,28.48,28.49,45147352
2023-11-06 05:00:00+00:00,28.54,28.63,28.39,28.42,38240094
2023-11-07 05:00:00+00:00,28.43,28.47,28.16,28.21,37684558
2023-11-08 05:00:00+00:00,28.09,28.1,27.69,28.0,43295696
2023-11-09 05:00:00+00:00,28.05,28.14,27.62,27.63,32195650
2023-11-10 05:00:00+00:00,27.76,27.86,27.6,27.78,28031060
2023-11-13 05:00:00+00:00,27.72,27.79,27.41,27.45,31159620
2023-11-14 05:00:00+00:00,28.07,28.57,28.01,28.55,57318158
2023-11-15 05:00:00+00:00,28.47,28.87,28.39,28.46,49662750
2023-11-16 05:00:00+00:00,28.69,28.84,28.59,28.61,34650516
2023-11-17 05:00:00+00:00,28.77,28.8,28.53,28.69,23879206
2023-11-20 05:00:00+00:00,28.56,28.71,28.22,28.6,28316518
2023-11-21 05:00:00+00:00,28.58,28.72,28.39,28.66,20288504
2023-11-22 05:00:00+00:00,28.76,28.81,28.53,28.8,17919658
2023-11-24 05:00:00+00:00,28.79,28.88,28.68,28.87,9798534
2023-11-27 05:00:00+00:00,28.9,28.98,28.69,28.92,24833162
2023-11-28 05:00:00+00:00,28.92,29.22,28.81,29.01,29415116
2023-11-29 05:00:00+00:00,29.02,29.14,28.68,28.78,35806518
2023-11-30 05:00:00+00:00,28.86,28.94,28.67,28.91,30483516
2023-12-01 05:00:00+00:00,28.92,29.26,28.73,29.26,29342750
2023-12-04 05:00:00+00:00,29.12,29.39,29.0,29.14,30515812
2023-12-05 05:00:00+00:00,29.17,29.18,28.82,28.94,22540156
2023-12-06 05:00:00+00:00,29.07,29.33,29.02,29.32,26817766
2023-12-07 05:00:00+00:00,29.37,29.47,29.13,29.26,21876512
2023-12-08 05:00:00+00:00,29.21,29.34,28.99,29.2,24002916
2023-12-11 05:00:00+00:00,29.05,29.43,29.05,29.39,22448724
2023-12-12 05:00:00+00:00,29.43,29.45,29.05,29.27,21768254
2023-12-13 05:00:00+00:00,29.31,30.38,29.15,30.38,43451906
2023-12-14 05:00:00+00:00,30.56,30.72,29.92,29.98,64968178
2023-12-15 05:00:00+00:00,29.68,29.84,29.25,29.46,53128926
2023-12-18 05:00:00+00:00,29.54,29.71,29.33,29.4,32506912
2023-12-19 05:00:00+00:00,29.5,29.6,29.37,29.56,25377854
2023-12-20 05:00:00+00:00,29.53,29.61,28.96,28.96,36651856
2023-12-21 05:00:00+00:00,29.06,29.21,28.81,29.01,31753894
2023-12-22 05:00:00+00:00,29.12,29.4,29.06,29.11,26447642
2023-12-26 05:00:00+00:00,29.07,29.4,29.06,29.29,19075146
2023-12-27 05:00:00+00:00,29.23,29.33,29.12,29.27,18984524
2023-12-28 05:00:00+00:00,29.18,29.52,29.18,29.48,17346364
2023-12-29 05:00:00+00:00,29.41,29.5,29.25,29.44,22478184
2024-01-02 05:00:00+00:00,29.32,29.94,29.26,29.87,30758616
2024-01-03 05:00:00+00:00,29.86,30.04,29.66,29.98,32866350
2024-01-04 05:00:00+00:00,30.01,30.17,29.85,29.89,26622314
2024-01-05 05:00:00+00:00,29.85,30.14,29.71,30.0,27190380
2024-01-08 05:00:00+00:00,29.94,30.23,29.84,30.22,23434400
2024-01-09 05:00:00+00:00,30.06,30.11,29.91,29.97,28805746
2024-01-10 05:00:00+00:00,29.97,30.11,29.86,29.97,21854128
2024-01-11 05:00:00+00:00,29.87,29.87,29.18,29.27,44353638
2024-01-12 05:00:00+00:00,29.47,29.56,29.32,29.44,19537746
2024-01-16 05:00:00+00:00,29.29,29.37,29.05,29.12,30453986
2024-01-17 05:00:00+00:00,28.95,29.21,28.48,28.69,39169132
2024-01-18 05:00:00+00:00,28.55,28.58,28.22,28.39,39464038
2024-01-19 05:00:00+00:00,28.41,28.46,28.17,28.35,28257520
2024-01-22 05:00:00+00:00,28.34,28.55,28.08,28.21,41676656
2024-01-23 05:00:00+00:00,28.22,28.35,28.09,28.26,41100210
2024-01-24 05:00:00+00:00,28.45,28.5,27.83,27.87,50878118
2024-01-25 05:00:00+00:00,28.24,28.38,27.98,28.37,50516702
2024-01-26 05:00:00+00:00,28.45,28.56,28.36,28.46,36653602
2024-01-29 05:00:00+00:00,28.48,28.75,28.31,28.64,26054328
2024-01-30 05:00:00+00:00,28.57,28.8,28.38,28.63,36108970
2024-01-31 05:00:00+00:00,28.87,28.99,28.4,28.57,59642396
2024-02-01 05:00:00+00:00,28.45,29.11,28.32,29.11,51507548
2024-02-02 05:00:00+00:00,28.78,28.87,28.39,28.59,51839532
2024-02-05 05:00:00+00:00,28.31,28.32,27.98,27.99,39895040
2024-02-06 05:00:00+00:00,27.98,28.19,27.89,28.09,27557094
2024-02-07 05:00:00+00:00,28.21,28.27,27.96,28.11,23748598
2024-02-08 05:00:00+00:00,27.99,28.05,27.67,27.91,41755350
2024-02-09 05:00:00+00:00,27.83,28.05,27.78,28.02,29647872
2024-02-12 05:00:00+00:00,28.02,28.37,27.95,28.35,25219334
2024-02-13 05:00:00+00:00,28.19,28.33,27.49,27.88,45402152
2024-02-14 05:00:00+00:00,27.98,28.09,27.82,28.03,34871964
2024-02-15 05:00:00+00:00,28.12,28.52,28.12,28.5,34680868
2024-02-16 05:00:00+00:00,28.36,28.6,28.19,28.47,29914320
2024-02-20 05:00:00+00:00,28.41,28.77,28.39,28.45,22764268
2024-02-21 05:00:00+00:00,28.63,28.86,28.49,28.82,31570812
2024-02-22 05:00:00+00:00,28.6,28.72,28.38,28.6,31841586
2024-02-23 05:00:00+00:00,28.66,28.94,28.59,28.81,24572800
2024-02-26 05:00:00+00:00,28.67,28.68,28.18,28.24,25586900
2024-02-27 05:00:00+00:00,28.41,28.78,28.29,28.77,27494538
2024-02-28 05:00:00+00:00,28.74,28.9,28.68,28.86,22983666
2024-02-29 05:00:00+00:00,28.97,29.11,28.74,28.87,30675462
2024-03-01 05:00:00+00:00,28.78,28.79,28.34,28.69,42510928
2024-03-04 05:00:00+00:00,28.56,29.22,28.56,29.18,33020702
2024-03-05 05:00:00+00:00,29.27,29.74,28.97,29.09,49603062
2024-03-06 05:00:00+00:00,29.3,29.52,29.24,29.37,32652298
2024-03-07 05:00:00+00:00,29.61,29.69,29.51,29.56,21384118
2024-03-08 05:00:00+00:00,29.65,29.72,29.39,29.64,27511644
2024-03-11 04:00:00+00:00,29.6,29.85,29.48,29.79,20968216
2024-03-12 04:00:00+00:00,29.73,29.74,29.31,29.5,29488964
2024-03-13 04:00:00+00:00,29.73,29.96,29.63,29.7,25877700
2024-03-14 04:00:00+00:00,29.63,29.75,29.25,29.46,31869756
2024-03-15 04:00:00+00:00,29.37,29.66,29.34,29.5,35445090
2024-03-18 04:00:00+00:00,29.54,29.83,29.37,29.64,26843902
2024-03-19 04:00:00+00:00,29.71,29.93,29.62,29.9,19985466
2024-03-20 04:00:00+00:00,29.85,30.09,29.77,29.94,32620812
2024-03-21 04:00:00+00:00,30.02,30.22,29.88,29.89,40327800
2024-03-22 04:00:00+00:00,30.08,30.14,29.9,29.93,21059474
2024-03-25 04:00:00+00:00,30.02,30.09,29.89,30.07,23194116
2024-03-26 04:00:00+00:00,30.11,30.2,29.71,29.73,29830342
2024-03-27 04:00:00+00:00,29.95,30.56,29.92,30.56,34600490
2024-03-28 04:00:00+00:00,30.56,30.82,30.48,30.77,27492202
2024-04-01 04:00:00+00:00,30.78,30.81,30.39,30.59,22702892
2024-04-02 04:00:00+00:00,30.52,30.82,30.5,30.64,30212304
2024-04-03 04:00:00+00:00,30.63,30.71,30.4,30.52,26574166
2024-04-04 04:00:00+00:00,30.75,30.84,30.25,30.45,29356754
2024-04-05 04:00:00+00:00,30.26,30.63,30.11,30.54,32322364
2024-04-08 04:00:00+00:00,30.55,30.8,30.51,30.74,20142514
2024-04-09 04:00:00+00:00,30.81,30.97,30.72,30.91,24025162
2024-04-10 04:00:00+00:00,30.29,30.5,30.12,30.38,38281014
2024-04-11 04:00:00+00:00,30.56,30.59,30.12,30.32,25621570
2024-04-12 04:00:00+00:00,30.38,30.47,29.95,30.09,39844776
2024-04-15 04:00:00+00:00,30.3,30.43,29.7,29.82,29407812
2024-04-16 04:00:00+00:00,29.72,29.76,29.32,29.42,32907570
2024-04-17 04:00:00+00:00,29.62,30.11,29.56,30.04,28152758
2024-04-18 04:00:00+00:00,30.14,30.31,29.92,30.21,22288694
2024-04-19 04:00:00+00:00,30.29,30.73,30.25,30.67,37004506
2024-04-22 04:00:00+00:00,30.69,31.04,30.48,30.95,23458564
2024-04-23 04:00:00+00:00,30.94,31.29,30.86,31.1,22338032
2024-04-24 04:00:00+00:00,30.82,31.39,30.66,31.28,26127052
2024-04-25 04:00:00+00:00,31.21,31.49,30.93,31.37,31562398
2024-04-26 04:00:00+00:00,31.37,31.41,31.01,31.03,24547452
2024-04-29 04:00:00+00:00,31.24,31.5,31.21,31.45,29368294
2024-04-30 04:00:00+00:00,31.27,31.53,31.07,31.28,29724744
2024-05-01 04:00:00+00:00,31.28,31.93,31.16,31.64,42371730
2024-05-02 04:00:00+00:00,31.78,31.89,31.52,31.81,28609356
2024-05-03 04:00:00+00:00,32.06,32.17,31.78,32.07,29817024
2024-05-06 04:00:00+00:00,32.17,32.27,31.97,32.23,21221340
2024-05-07 04:00:00+00:00,32.37,32.62,32.3,32.6,28808208
2024-05-08 04:00:00+00:00,32.53,32.96,32.45,32.94,27708118
2024-05-09 04:00:00+00:00,32.92,33.47,32.84,33.44,48549170
2024-05-10 04:00:00+00:00,33.63,33.68,33.31,33.41,39129108
2024-05-13 04:00:00+00:00,33.52,33.69,33.34,33.41,21219174
2024-05-14 04:00:00+00:00,33.55,33.6,33.31,33.5,23566638
2024-05-15 04:00:00+00:00,33.84,34.09,33.79,34.0,29176584
2024-05-16 04:00:00+00:00,34.02,34.17,33.83,33.88,25322326
2024-05-17 04:00:00+00:00,33.84,33.99,33.72,33.91,21715648
2024-05-20 04:00:00+00:00,33.98,33.98,33.78,33.85,13830868
2024-05-21 04:00:00+00:00,33.83,34.17,33.82,34.16,16263310
2024-05-22 04:00:00+00:00,33.97,34.09,33.72,33.75,21128828
2024-05-23 04:00:00+00:00,33.7,33.7,33.16,33.18,28718564
2024-05-24 04:00:00+00:00,33.27,33.65,33.21,33.52,16366864
2024-05-28 04:00:00+00:00,33.55,33.68,33.41,33.48,17765334
2024-05-29 04:00:00+00:00,33.19,33.23,32.93,33.05,28118602
2024-05-30 04:00:00+00:00,33.16,33.52,33.1,33.5,18162108
2024-05-31 04:00:00+00:00,33.61,34.12,33.46,34.09,24777628
2024-06-03 04:00:00+00:00,34.03,34.06,33.58,33.7,36915718
2024-06-04 04:00:00+00:00,33.61,33.8,33.31,33.68,29419580
2024-06-05 04:00:00+00:00,33.65,33.67,33.43,33.49,17920300
2024-06-06 04:00:00+00:00,33.42,33.61,33.1,33.14,18184886
2024-06-07 04:00:00+00:00,32.86,33.12,32.77,32.78,16286816
2024-06-10 04:00:00+00:00,32.78,33.26,32.69,33.21,19591578
2024-06-11 04:00:00+00:00,32.92,33.05,32.72,33.0,22694806
2024-06-12 04:00:00+00:00,33.42,33.43,32.68,32.79,24912152
2024-06-13 04:00:00+00:00,32.84,32.99,32.52,32.86,22974042
2024-06-14 04:00:00+00:00,32.67,32.83,32.54,32.78,20280718
2024-06-17 04:00:00+00:00,32.61,32.69,32.39,32.42,21026424
2024-06-18 04:00:00+00:00,32.16,32.45,32.13,32.44,24573570
2024-06-20 04:00:00+00:00,32.54,32.79,32.43,32.72,27948084
2024-06-21 04:00:00+00:00,32.84,32.88,32.5,32.53,18991192
2024-06-24 04:00:00+00:00,32.52,33.06,32.5,32.95,17956736
2024-06-25 04:00:00+00:00,32.89,32.98,32.54,32.64,25099648
2024-06-26 04:00:00+00:00,32.52,32.57,32.31,32.5,13881966
2024-06-27 04:00:00+00:00,32.53,32.6,32.34,32.56,10899786
2024-06-28 04:00:00+00:00,32.56,32.6,32.05,32.2,22963748
2024-07-01 04:00:00+00:00,32.53,32.59,31.94,31.98,16757816
2024-07-02 04:00:00+00:00,32.05,32.2,32.0,32.14,16724136
2024-07-03 04:00:00+00:00,32.19,32.56,32.13,32.33,13241294
2024-07-05 04:00:00+00:00,32.39,32.53,32.24,32.39,13830534
2024-07-08 04:00:00+00:00,32.42,32.53,32.3,32.42,13634566
2024-07-09 04:00:00+00:00,32.42,32.79,32.39,32.52,21601408
2024-07-10 04:00:00+00:00,32.64,32.84,32.4,32.83,13799922
2024-07-11 04:00:00+00:00,32.99,33.52,32.98,33.43,29768116
2024-07-12 04:00:00+00:00,33.54,33.89,33.4,33.67,16524160
2024-07-15 04:00:00+00:00,33.29,33.4,32.8,32.85,29827690
2024-07-16 04:00:00+00:00,33.05,33.17,32.95,33.11,15009156
2024-07-17 04:00:00+00:00,33.08,33.55,32.99,33.13,27516050
2024-07-18 04:00:00+00:00,33.09,33.42,33.04,33.1,13542590
2024-07-19 04:00:00+00:00,33.16,33.24,32.94,33.14,12985454
2024-07-22 04:00:00+00:00,33.31,33.49,33.2,33.42,12965438
2024-07-23 04:00:00+00:00,33.35,33.41,33.19,33.21,12686678
2024-07-24 04:00:00+00:00,33.45,33.71,33.24,33.58,25284712
2024-07-25 04:00:00+00:00,33.74,33.92,33.16,33.3,26665958
2024-07-26 04:00:00+00:00,33.57,33.7,33.44,33.63,16706602
2024-07-29 04:00:00+00:00,33.76,33.89,33.48,33.78,15151200
2024-07-30 04:00:00+00:00,33.74,33.98,33.67,33.96,16696396
2024-07-31 04:00:00+00:00,34.43,34.47,34.06,34.39,21765348
2024-08-01 04:00:00+00:00,34.46,35.06,34.42,35.01,32567462
2024-08-02 04:00:00+00:00,35.46,35.7,34.59,35.07,48257190
2024-08-05 04:00:00+00:00,35.25,35.25,34.11,34.14,41099874
2024-08-06 04:00:00+00:00,34.28,34.83,34.25,34.43,29286462
2024-08-07 04:00:00+00:00,34.72,35.03,34.49,34.63,24758798
2024-08-08 04:00:00+00:00,34.49,34.87,34.39,34.66,23360318
2024-08-09 04:00:00+00:00,34.75,34.83,34.18,34.78,16708534
2024-08-12 04:00:00+00:00,34.79,34.86,34.58,34.84,15027126
2024-08-13 04:00:00+00:00,34.99,35.08,34.84,35.05,17074960
2024-08-14 04:00:00+00:00,34.97,35.23,34.76,35.02,16165948
2024-08-15 04:00:00+00:00,34.82,35.12,34.7,35.02,18807656
2024-08-16 04:00:00+00:00,35.06,35.3,34.91,35.17,13522770
2024-08-19 04:00:00+00:00,35.21,35.43,35.18,35.41,11505380
2024-08-20 04:00:00+00:00,35.41,35.52,35.29,35.33,15989996
2024-08-21 04:00:00+00:00,35.38,35.69,35.34,35.58,13451864
2024-08-22 04:00:00+00:00,35.62,35.69,35.39,35.54,14647934
2024-08-23 04:00:00+00:00,35.66,35.81,35.53,35.64,15050408
2024-08-26 04:00:00+00:00,35.76,36.01,35.75,35.87,13336306
2024-08-27 04:00:00+00:00,35.79,35.92,35.57,35.59,16666792
2024-08-28 04:00:00+00:00,35.69,35.89,35.56,35.59,10482740
2024-08-29 04:00:00+00:00,35.7,35.81,35.35,35.78,12758298
2024-08-30 04:00:00+00:00,35.85,36.1,35.71,36.05,17007754
2024-09-03 04:00:00+00:00,36.06,36.26,35.88,36.0,23626984
2024-09-04 04:00:00+00:00,36.17,36.58,36.12,36.3,27303182
2024-09-05 04:00:00+00:00,36.58,36.63,36.11,36.21,15545390
2024-09-06 04:00:00+00:00,36.29,36.37,35.86,35.87,19606144
2024-09-09 04:00:00+00:00,36.03,36.24,35.82,36.23,14366186
2024-09-10 04:00:00+00:00,36.3,36.56,36.18,36.4,23255452
2024-09-11 04:00:00+00:00,36.41,36.55,35.98,36.52,20766992
2024-09-12 04:00:00+00:00,36.6,36.66,36.37,36.6,19335738
2024-09-13 04:00:00+00:00,36.72,37.12,36.58,37.11,16238868
2024-09-16 04:00:00+00:00,37.23,37.5,37.13,37.4,19910506
2024-09-17 04:00:00+00:00,37.41,37.51,37.24,37.37,27962962
2024-09-18 04:00:00+00:00,37.3,37.4,36.92,37.08,47034774
2024-09-19 04:00:00+00:00,36.95,37.04,36.56,36.87,41536474
2024-09-20 04:00:00+00:00,37.33,37.92,37.28,37.84,44279276
2024-09-23 04:00:00+00:00,38.07,38.25,37.93,38.22,23340518
2024-09-24 04:00:00+00:00,38.0,38.42,37.86,37.94,28105106
2024-09-25 04:00:00+00:00,38.15,38.26,37.81,38.14,16359172
2024-09-26 04:00:00+00:00,38.07,38.24,37.78,37.88,19794522
2024-09-27 04:00:00+00:00,38.04,38.36,38.0,38.26,14803910
2024-09-30 04:00:00+00:00,38.33,38.45,37.99,38.43,19017348
2024-10-01 04:00:00+00:00,38.39,38.79,38.15,38.74,24362386
2024-10-02 04:00:00+00:00,38.49,38.83,38.42,38.76,16491532
2024-10-03 04:00:00+00:00,38.97,39.04,38.65,38.74,24205672
2024-10-04 04:00:00+00:00,38.41,38.72,38.29,38.68,25085156
2024-10-07 04:00:00+00:00,38.55,38.58,37.69,37.79,35283966
2024-10-08 04:00:00+00:00,37.96,38.07,37.81,37.81,26022110
2024-10-09 04:00:00+00:00,37.71,37.82,37.27,37.49,34287996
2024-10-10 04:00:00+00:00,37.53,37.82,37.35,37.37,26326616
2024-10-11 04:00:00+00:00,37.25,37.7,37.13,37.7,19332672
2024-10-14 04:00:00+00:00,37.76,38.21,37.69,38.18,18041762
2024-10-15 04:00:00+00:00,38.34,38.63,38.3,38.35,26427686
2024-10-16 04:00:00+00:00,38.54,39.19,38.37,39.11,19099584
2024-10-17 04:00:00+00:00,39.24,39.25,38.73,38.76,23527168
2024-10-18 04:00:00+00:00,38.73,39.0,38.56,38.99,14035178
2024-10-21 04:00:00+00:00,39.08,39.19,38.68,38.83,14811506
2024-10-22 04:00:00+00:00,38.57,38.78,38.39,38.7,17119264
2024-10-23 04:00:00+00:00,38.72,39.08,38.65,39.07,19645046
2024-10-24 04:00:00+00:00,39.07,39.15,38.68,38.81,13092266
2024-10-25 04:00:00+00:00,39.01,39.04,38.21,38.24,17518940
2024-10-28 04:00:00+00:00,38.44,38.73,38.35,38.54,14622864
2024-10-29 04:00:00+00:00,38.11,38.12,37.71,37.72,27733030
2024-10-30 04:00:00+00:00,37.86,37.93,37.56,37.63,20910600
2024-10-31 04:00:00+00:00,37.72,38.3,37.69,38.02,27515908
2024-11-01 04:00:00+00:00,38.01,38.12,37.14,37.17,30861088
2024-11-04 05:00:00+00:00,36.8,36.99,36.53,36.73,27956146
2024-11-05 05:00:00+00:00,36.71,37.28,36.6,37.28,19016142
2024-11-06 05:00:00+00:00,36.8,37.05,36.55,36.89,32958786
2024-11-07 05:00:00+00:00,37.08,37.33,36.76,36.96,37703136
2024-11-08 05:00:00+00:00,37.14,37.75,37.12,37.67,28857170
2024-11-11 05:00:00+00:00,37.67,37.99,37.59,37.77,26010926
2024-11-12 05:00:00+00:00,37.66,37.74,37.16,37.34,18703244
2024-11-13 05:00:00+00:00,37.58,37.6,37.12,37.27,16411796
2024-11-14 05:00:00+00:00,37.32,37.51,37.09,37.14,17707486
2024-11-15 05:00:00+00:00,37.17,37.75,37.1,37.7,23931596
2024-11-18 05:00:00+00:00,37.67,38.13,37.62,38.03,14662436
2024-11-19 05:00:00+00:00,37.89,38.28,37.71,38.27,11750410
2024-11-20 05:00:00+00:00,38.34,38.47,38.1,38.29,12191878
2024-11-21 05:00:00+00:00,38.35,39.0,38.17,38.96,21764068
2024-11-22 05:00:00+00:00,39.08,39.14,38.73,38.75,15761316
2024-11-25 05:00:00+00:00,39.06,39.13,38.53,38.82,14253846
2024-11-26 05:00:00+00:00,38.93,39.46,38.83,39.44,17374786
2024-11-27 05:00:00+00:00,39.56,39.68,39.4,39.44,17156502
2024-11-29 05:00:00+00:00,39.57,39.59,39.37,39.45,9234884
2024-12-02 05:00:00+00:00,39.45,39.46,38.59,38.61,22084252
2024-12-03 05:00:00+00:00,38.84,38.96,38.26,38.27,18853686
2024-12-04 05:00:00+00:00,38.39,38.49,38.12,38.27,24169928
2024-12-05 05:00:00+00:00,38.31,38.6,38.21,38.39,14226088
2024-12-06 05:00:00+00:00,38.41,38.5,37.84,37.91,14228654
2024-12-09 05:00:00+00:00,37.91,37.96,37.41,37.43,21053774
2024-12-10 05:00:00+00:00,37.37,37.37,36.86,37.16,20318978
2024-12-11 05:00:00+00:00,37.26,37.29,36.86,36.93,14759526
2024-12-12 05:00:00+00:00,37.11,37.22,36.88,36.91,15424912
2024-12-13 05:00:00+00:00,36.96,37.13,36.87,36.94,13808682
2024-12-16 05:00:00+00:00,36.97,37.06,36.63,36.64,16120928
2024-12-17 05:00:00+00:00,36.41,36.64,36.34,36.49,15877166
2024-12-18 05:00:00+00:00,36.46,36.52,35.6,35.63,29811768
2024-12-19 05:00:00+00:00,35.66,36.19,35.65,35.79,27079492
2024-12-20 05:00:00+00:00,35.58,36.44,35.54,36.36,25188684
2024-12-23 05:00:00+00:00,36.27,36.51,35.91,36.48,20114406
2024-12-24 05:00:00+00:00,36.48,36.69,36.37,36.69,9010266
2024-12-26 05:00:00+00:00,36.53,36.7,36.45,36.6,10114132
2024-12-27 05:00:00+00:00,36.41,36.6,36.26,36.49,13805310
2024-12-30 05:00:00+00:00,36.33,36.43,36.01,36.34,16870194
2024-12-31 05:00:00+00:00,36.41,36.52,36.13,36.31,12605486
2025-01-02 05:00:00+00:00,36.57,36.77,36.32,36.58,24104886
2025-01-03 05:00:00+00:00,36.8,37.17,36.64,36.97,17767856
2025-01-06 05:00:00+00:00,36.97,37.0,36.44,36.56,25623786
2025-01-07 05:00:00+00:00,36.69,36.84,36.38,36.47,22856466
2025-01-08 05:00:00+00:00,36.41,36.5,35.86,36.46,26845894
2025-01-10 05:00:00+00:00,36.57,36.86,36.08,36.25,31216950
2025-01-13 05:00:00+00:00,36.21,36.25,35.45,35.83,24891642
2025-01-14 05:00:00+00:00,35.97,36.41,35.88,36.3,19675184
2025-01-15 05:00:00+00:00,36.93,37.2,36.79,36.83,21360608
2025-01-16 05:00:00+00:00,36.81,37.78,36.8,37.76,30415066
2025-01-17 05:00:00+00:00,37.74,37.99,37.62,37.82,14669082
2025-01-21 05:00:00+00:00,38.24,38.59,38.15,38.4,21633362
2025-01-22 05:00:00+00:00,38.5,38.5,37.55,37.57,23644850
2025-01-23 05:00:00+00:00,37.71,38.02,37.64,37.75,21585194
2025-01-24 05:00:00+00:00,37.69,38.24,37.61,38.13,16770198
2025-01-27 05:00:00+00:00,37.36,37.45,36.37,37.25,42448156
2025-01-28 05:00:00+00:00,37.23,37.23,36.41,36.73,28540950
2025-01-29 05:00:00+00:00,36.72,37.23,36.69,36.81,19130914
2025-01-30 05:00:00+00:00,37.24,37.63,37.2,37.58,18712678
2025-01-31 05:00:00+00:00,37.61,37.64,37.27,37.36,19670752
2025-02-03 05:00:00+00:00,36.86,37.7,36.8,37.56,28039756
2025-02-04 05:00:00+00:00,37.34,37.4,36.85,37.23,20346042
2025-02-05 05:00:00+00:00,37.6,37.86,37.29,37.6,15992984
2025-02-06 05:00:00+00:00,37.76,37.76,37.29,37.56,12820896
2025-02-07 05:00:00+00:00,37.55,37.81,37.44,37.48,13773394
2025-02-10 05:00:00+00:00,37.59,37.9,37.38,37.89,10498836
2025-02-11 05:00:00+00:00,37.74,38.1,37.42,38.08,10836226
2025-02-12 05:00:00+00:00,37.59,38.1,37.42,38.01,14888930
2025-02-13 05:00:00+00:00,38.09,38.17,37.87,38.1,17020704
2025-02-14 05:00:00+00:00,38.08,38.39,37.92,37.94,13972294
2025-02-18 05:00:00+00:00,38.1,38.36,37.97,38.3,15509866
2025-02-19 05:00:00+00:00,38.25,38.61,38.22,38.5,12441846
2025-02-20 05:00:00+00:00,38.37,38.58,38.03,38.49,17391336
2025-02-21 05:00:00+00:00,38.5,38.63,38.32,38.5,15547486
2025-02-24 05:00:00+00:00,38.61,38.62,38.14,38.31,14973926
2025-02-25 05:00:00+00:00,38.09,38.2,37.57,38.12,21837908
2025-02-26 05:00:00+00:00,38.19,38.61,38.07,38.28,15421930
2025-02-27 05:00:00+00:00,38.17,38.26,37.39,37.43,25075284
2025-02-28 05:00:00+00:00,37.67,38.01,37.47,38.0,21769982
2025-03-03 05:00:00+00:00,37.96,38.17,37.8,38.05,19276310
2025-03-04 05:00:00+00:00,38.05,38.25,37.38,37.43,22561844
2025-03-05 05:00:00+00:00,37.18,37.43,36.86,37.17,20666706
2025-03-06 05:00:00+00:00,36.88,36.92,36.29,36.4,25405890
2025-03-07 05:00:00+00:00,36.48,37.24,36.37,37.07,23234438
2025-03-10 04:00:00+00:00,36.94,37.59,36.94,37.48,37365956
2025-03-11 04:00:00+00:00,37.46,37.61,36.93,37.13,32640370
2025-03-12 04:00:00+00:00,37.13,37.34,36.79,37.02,17432382
2025-03-13 04:00:00+00:00,37.14,37.26,36.87,37.11,16801792
2025-03-14 04:00:00+00:00,37.22,37.87,37.08,37.83,18269902
2025-03-17 04:00:00+00:00,37.82,38.21,37.63,37.99,19290432
2025-03-18 04:00:00+00:00,37.76,37.83,37.48,37.73,19285522
2025-03-19 04:00:00+00:00,37.75,37.92,37.61,37.87,16163534
2025-03-20 04:00:00+00:00,37.87,38.08,37.79,38.02,16415144
2025-03-21 04:00:00+00:00,37.87,38.05,37.54,37.77,15627768
2025-03-24 04:00:00+00:00,37.92,38.22,37.73,37.76,13996838
2025-03-25 04:00:00+00:00,37.72,37.73,36.98,37.16,22395960
2025-03-26 04:00:00+00:00,37.16,37.49,37.16,37.4,15164642
2025-03-27 04:00:00+00:00,37.37,37.7,37.28,37.39,13971850
2025-03-28 04:00:00+00:00,37.62,37.9,37.55,37.67,19078578
2025-03-31 04:00:00+00:00,37.73,38.24,37.72,38.09,21469932
2025-04-01 04:00:00+00:00,38.07,38.3,37.82,38.19,18084708
2025-04-02 04:00:00+00:00,38.16,38.45,37.96,38.37,12951172
2025-04-03 04:00:00+00:00,38.32,38.75,38.08,38.12,38649184
2025-04-04 04:00:00+00:00,38.3,38.3,35.77,36.0,66164980
2025-04-07 04:00:00+00:00,35.45,36.54,34.67,35.45,73162944
2025-04-08 04:00:00+00:00,36.09,36.34,34.9,35.31,39586298
2025-04-09 04:00:00+00:00,35.0,36.79,34.31,36.7,70036854
2025-04-10 04:00:00+00:00,36.42,36.85,35.67,36.42,44167756
2025-04-11 04:00:00+00:00,36.4,37.0,35.96,36.87,28840026
2025-04-14 04:00:00+00:00,37.16,37.65,36.94,37.53,19415564
2025-04-15 04:00:00+00:00,37.61,37.86,37.48,37.53,15257160
2025-04-16 04:00:00+00:00,37.62,37.76,37.06,37.19,17500758
2025-04-17 04:00:00+00:00,37.33,38.04,37.33,37.57,18928748
2025-04-21 04:00:00+00:00,37.4,37.44,36.24,36.68,20780030
2025-04-22 04:00:00+00:00,37.07,37.76,37.04,37.68,21692788
2025-04-23 04:00:00+00:00,38.05,38.26,37.5,37.84,27903838
2025-04-24 04:00:00+00:00,37.81,38.07,37.54,37.9,16828082
2025-04-25 04:00:00+00:00,37.93,37.96,37.61,37.78,14075354
2025-04-28 04:00:00+00:00,37.8,38.09,37.54,38.01,11084830
2025-04-29 04:00:00+00:00,37.96,38.37,37.8,38.31,13168072
2025-04-30 04:00:00+00:00,38.16,38.24,37.46,38.11,18077152
2025-05-01 04:00:00+00:00,38.35,38.71,38.1,38.23,17967074
2025-05-02 04:00:00+00:00,38.37,38.64,38.16,38.53,16074208
2025-05-05 04:00:00+00:00,38.4,38.54,38.05,38.43,14895984
2025-05-06 04:00:00+00:00,38.43,39.17,38.4,38.9,20634936
2025-05-07 04:00:00+00:00,38.83,39.24,38.69,39.01,19576698
2025-05-08 04:00:00+00:00,39.03,39.12,38.64,38.69,22438628
2025-05-09 04:00:00+00:00,38.8,38.81,38.51,38.76,17420360
2025-05-12 04:00:00+00:00,38.94,39.04,38.36,38.53,27460242
2025-05-13 04:00:00+00:00,38.47,38.78,38.26,38.48,24063642
2025-05-14 04:00:00+00:00,38.39,38.41,37.73,38.31,22912822
2025-05-15 04:00:00+00:00,38.46,39.23,38.44,39.12,26630022
2025-05-16 04:00:00+00:00,39.18,39.71,39.09,39.7,20077032
2025-05-19 04:00:00+00:00,39.37,39.88,39.36,39.87,16306454
2025-05-20 04:00:00+00:00,39.81,40.12,39.81,39.98,18075378
2025-05-21 04:00:00+00:00,39.85,39.93,39.18,39.25,22704846
2025-05-22 04:00:00+00:00,38.92,38.92,38.24,38.69,30637670
2025-05-23 04:00:00+00:00,38.96,39.19,38.5,39.16,21730802
2025-05-27 04:00:00+00:00,39.46,39.55,39.15,39.45,18494702
2025-05-28 04:00:00+00:00,39.43,39.45,38.73,38.9,20954596
2025-05-29 04:00:00+00:00,38.92,39.24,38.75,39.17,20868418
2025-05-30 04:00:00+00:00,39.1,39.64,39.02,39.57,20680498
2025-06-02 04:00:00+00:00,39.4,39.75,39.24,39.7,26799544
2025-06-03 04:00:00+00:00,40.18,40.18,39.49,39.81,28547978
2025-06-04 04:00:00+00:00,39.74,39.74,39.11,39.11,33002348
2025-06-05 04:00:00+00:00,39.22,39.22,38.97,39.05,21175068
2025-06-06 04:00:00+00:00,39.24,39.29,38.88,39.22,21267394
2025-06-09 04:00:00+00:00,39.15,39.3,38.9,38.97,24867264
2025-06-10 04:00:00+00:00,39.07,39.15,38.77,39.06,28052836
2025-06-11 04:00:00+00:00,39.18,39.23,38.96,39.09,21395032
2025-06-12 04:00:00+00:00,39.11,39.58,39.09,39.56,19569490
2025-06-13 04:00:00+00:00,39.5,39.57,39.22,39.33,25326116
2025-06-16 04:00:00+00:00,39.53,39.74,38.95,39.14,27266600
2025-06-17 04:00:00+00:00,39.08,39.18,38.54,38.81,28336170
2025-06-18 04:00:00+00:00,38.91,39.11,38.71,38.92,22323938
2025-06-20 04:00:00+00:00,39.0,39.34,38.97,39.02,31688624
2025-06-23 04:00:00+00:00,39.23,39.58,39.14,39.52,25573036
2025-06-24 04:00:00+00:00,39.56,39.8,39.49,39.69,20390222
2025-06-25 04:00:00+00:00,39.6,39.6,39.08,39.16,26771840
2025-06-26 04:00:00+00:00,39.23,39.5,39.16,39.48,18746760
2025-06-27 04:00:00+00:00,39.59,39.88,39.44,39.56,25307722
2025-06-30 04:00:00+00:00,39.37,39.76,39.25,39.72,22018092
2025-07-01 04:00:00+00:00,39.71,39.89,39.25,39.86,39690914
2025-07-02 04:00:00+00:00,39.71,39.89,39.32,39.51,21890994
2025-07-03 04:00:00+00:00,39.53,39.97,39.46,39.81,14900122
2025-07-07 04:00:00+00:00,39.72,39.92,39.64,39.89,20215646
2025-07-08 04:00:00+00:00,39.61,39.61,39.08,39.47,44290126
2025-07-09 04:00:00+00:00,39.62,39.92,39.34,39.84,40231034
2025-07-10 04:00:00+00:00,39.7,40.24,39.58,40.16,29077232
2025-07-11 04:00:00+00:00,39.84,40.26,39.73,40.11,22199816
2025-07-14 04:00:00+00:00,40.08,40.4,39.86,40.27,23883480
2025-07-15 04:00:00+00:00,40.26,40.26,39.68,39.88,26252992
2025-07-16 04:00:00+00:00,39.91,40.06,39.59,39.9,22623950
2025-07-17 04:00:00+00:00,39.88,40.19,39.81,40.07,19757382
2025-07-18 04:00:00+00:00,40.2,40.88,40.15,40.74,28626546
2025-07-21 04:00:00+00:00,40.84,41.12,40.71,40.87,19896072
2025-07-22 04:00:00+00:00,41.02,41.4,40.91,41.37,23518288
2025-07-23 04:00:00+00:00,41.74,41.84,40.89,41.06,40333028
2025-07-24 04:00:00+00:00,41.11,41.2,40.9,41.01,22138140
2025-07-25 04:00:00+00:00,41.07,41.15,40.91,41.11,16320480
2025-07-28 04:00:00+00:00,41.11,41.12,40.57,40.68,22413508
2025-07-29 04:00:00+00:00,40.83,41.17,40.74,41.14,18396130
2025-07-30 04:00:00+00:00,41.26,41.82,41.22,41.45,27424422
2025-07-31 04:00:00+00:00,41.32,41.74,41.29,41.67,30179516
2025-08-01 04:00:00+00:00,41.62,41.96,41.3,41.74,35852060
2025-08-04 04:00:00+00:00,41.94,42.59,41.85,42.48,25730766
2025-08-05 04:00:00+00:00,42.49,42.64,41.9,42.02,21454488
2025-08-06 04:00:00+00:00,42.09,42.1,41.61,41.65,23020612
2025-08-07 04:00:00+00:00,41.51,42.22,41.43,42.1,25702718
2025-08-08 04:00:00+00:00,42.22,42.29,41.82,41.92,18445194
2025-08-11 04:00:00+00:00,42.03,42.06,41.58,41.79,19548908
2025-08-12 04:00:00+00:00,41.93,41.98,41.6,41.97,20757026
2025-08-13 04:00:00+00:00,42.03,42.09,41.67,42.06,22425984
2025-08-14 04:00:00+00:00,41.91,42.03,41.73,41.77,18747826
2025-08-15 04:00:00+00:00,41.71,41.88,41.39,41.65,29577134
2025-08-18 04:00:00+00:00,41.71,41.87,41.41,41.47,16080328
2025-08-19 04:00:00+00:00,41.48,41.89,41.41,41.87,16436756
2025-08-20 04:00:00+00:00,41.94,42.18,41.76,41.92,20169306
2025-08-21 04:00:00+00:00,41.92,42.13,41.51,41.63,16230212
2025-08-22 04:00:00+00:00,41.92,42.1,41.73,41.85,19234768
2025-08-25 04:00:00+00:00,41.71,41.83,41.34,41.38,16982452
2025-08-26 04:00:00+00:00,41.42,41.56,41.23,41.47,17262924
2025-08-27 04:00:00+00:00,41.47,41.58,41.35,41.48,16821454
2025-08-28 04:00:00+00:00,41.51,41.53,41.1,41.17,16078810
2025-08-29 04:00:00+00:00,41.14,41.23,40.95,41.02,19467562
2025-09-02 04:00:00+00:00,40.86,40.93,40.62,40.88,20655824
2025-09-03 04:00:00+00:00,40.74,40.86,40.56,40.78,17267918
2025-09-04 04:00:00+00:00,41.06,41.17,40.51,40.73,22362112
2025-09-05 04:00:00+00:00,40.84,40.93,40.28,40.6,27000624
2025-09-08 04:00:00+00:00,40.63,40.65,40.03,40.19,28470228
2025-09-09 04:00:00+00:00,40.18,40.6,40.1,40.47,25741430
2025-09-10 04:00:00+00:00,40.61,41.23,40.61,41.16,32168800
2025-09-11 04:00:00+00:00,41.11,41.41,41.05,41.38,24253644
2025-09-12 04:00:00+00:00,41.26,41.71,41.19,41.59,18727096
2025-09-15 04:00:00+00:00,41.59,41.88,41.59,41.69,22819156
2025-09-16 04:00:00+00:00,41.61,41.63,40.91,40.93,21652710
2025-09-17 04:00:00+00:00,41.2,41.38,40.95,41.03,20168256
2025-09-18 04:00:00+00:00,40.96,41.32,40.77,41.06,25303244
2025-09-19 04:00:00+00:00,41.16,41.49,40.94,41.32,20974828
2025-09-22 04:00:00+00:00,41.34,41.81,41.24,41.72,19476938
2025-09-23 04:00:00+00:00,41.66,42.0,41.58,41.94,17900654
2025-09-24 04:00:00+00:00,42.02,42.31,41.89,42.24,17317612
2025-09-25 04:00:00+00:00,42.2,42.29,41.83,41.83,18689980
2025-09-26 04:00:00+00:00,41.97,42.52,41.93,42.51,16234438
2025-09-29 04:00:00+00:00,42.49,42.7,42.19,42.63,17130776
2025-09-30 04:00:00+00:00,42.68,42.87,42.4,42.71,21959950
2025-10-01 04:00:00+00:00,42.79,43.21,42.74,43.12,29195450
2025-10-02 04:00:00+00:00,43.01,43.05,42.72,43.04,22649202
2025-10-03 04:00:00+00:00,43.17,43.94,43.14,43.54,25133856
2025-10-06 04:00:00+00:00,43.79,44.01,43.5,43.96,20024224
2025-10-07 04:00:00+00:00,44.14,44.35,44.02,44.16,32901836
2025-10-08 04:00:00+00:00,44.47,44.53,44.13,44.47,19791128
2025-10-09 04:00:00+00:00,44.61,44.74,44.26,44.35,21557462
2025-10-10 04:00:00+00:00,44.5,44.74,44.12,44.17,23183820
2025-10-13 04:00:00+00:00,44.2,44.71,44.18,44.51,18760534
2025-10-14 04:00:00+00:00,44.43,45.05,44.36,44.91,17572126
2025-10-15 04:00:00+00:00,45.11,45.63,45.11,45.49,19087588
2025-10-16 04:00:00+00:00,45.63,45.92,44.99,45.0,29118914
2025-10-17 04:00:00+00:00,45.08,45.15,44.65,44.84,21825874
2025-10-20 04:00:00+00:00,45.18,45.29,44.66,44.83,25420818
2025-10-21 04:00:00+00:00,44.87,44.93,44.16,44.37,22107880
2025-10-22 04:00:00+00:00,44.47,44.49,44.06,44.27,19101214
2025-10-23 04:00:00+00:00,44.56,44.58,43.99,44.23,16132056
2025-10-24 04:00:00+00:00,44.49,44.97,44.45,44.75,21737114
2025-10-27 04:00:00+00:00,44.75,44.92,44.33,44.88,16042784
2025-10-28 04:00:00+00:00,45.04,45.04,44.08,44.14,20654238
2025-10-29 04:00:00+00:00,44.13,44.42,43.94,44.12,24271720
2025-10-30 04:00:00+00:00,44.07,44.49,43.92,43.94,18870878
2025-10-31 04:00:00+00:00,43.74,43.87,43.4,43.63,18430912
2025-11-03 05:00:00+00:00,43.6,43.78,43.15,43.66,22339692
2025-11-04 05:00:00+00:00,43.64,43.67,43.31,43.5,17156732
2025-11-05 05:00:00+00:00,43.49,43.72,43.31,43.51,16859086
2025-11-06 05:00:00+00:00,43.43,43.76,43.3,43.32,23668732
2025-11-07 05:00:00+00:00,43.14,43.93,43.14,43.92,24337616
2025-11-10 05:00:00+00:00,44.05,44.25,43.53,43.91,17947188
2025-11-11 05:00:00+00:00,43.93,44.1,43.68,43.93,14435302
2025-11-12 05:00:00+00:00,43.96,44.07,43.79,44.03,15018498
2025-11-13 05:00:00+00:00,43.92,43.92,43.39,43.43,20675364
2025-11-14 05:00:00+00:00,43.3,43.8,43.2,43.47,20168796
2025-11-17 05:00:00+00:00,43.55,44.0,43.51,43.86,24201418
2025-11-18 05:00:00+00:00,43.9,44.11,43.68,43.69,25158710
2025-11-19 05:00:00+00:00,43.73,43.85,43.23,43.32,25095528
2025-11-20 05:00:00+00:00,43.67,43.94,43.07,43.1,25543190
2025-11-21 05:00:00+00:00,43.28,43.34,42.86,43.17,28589342
2025-11-24 05:00:00+00:00,43.23,43.77,42.96,43.66,23572716
2025-11-25 05:00:00+00:00,43.77,43.84,43.31,43.49,22195594
2025-11-26 05:00:00+00:00,43.72,44.12,43.64,44.07,16759198
2025-11-28 05:00:00+00:00,44.14,44.42,44.1,44.38,7882586
2025-12-01 05:00:00+00:00,44.13,44.13,43.32,43.34,26338936
2025-12-02 05:00:00+00:00,43.54,43.54,42.98,43.04,17384114
2025-12-03 05:00:00+00:00,43.07,43.19,42.73,42.9,21727924
2025-12-04 05:00:00+00:00,42.87,43.15,42.66,42.81,15535178
2025-12-05 05:00:00+00:00,42.82,42.88,42.39,42.41,13474680
2025-12-08 05:00:00+00:00,42.49,42.52,41.78,41.84,21607859
2025-12-09 05:00:00+00:00,42.07,42.28,41.85,41.87,24347235
2025-12-10 05:00:00+00:00,41.92,41.94,41.54,41.85,25940248
2025-12-11 05:00:00+00:00,41.77,42.26,41.77,42.15,18703290
2025-12-12 05:00:00+00:00,42.28,42.49,41.89,41.95,17179816
2025-12-15 05:00:00+00:00,42.22,42.4,41.95,42.33,19176444
2025-12-16 05:00:00+00:00,42.31,42.42,41.9,42.15,19067874
2025-12-17 05:00:00+00:00,42.17,42.25,41.66,41.88,19444596
2025-12-18 05:00:00+00:00,42.14,42.52,42.09,42.29,21935758
2025-12-19 05:00:00+00:00,42.23,42.48,41.72,41.75,22611971
2025-12-22 05:00:00+00:00,41.73,41.97,41.48,41.91,17894921
2025-12-23 05:00:00+00:00,41.84,42.18,41.82,42.06,15097710
2025-12-24 05:00:00+00:00,42.05,42.29,41.99,42.24,5761034
2025-12-26 05:00:00+00:00,42.22,42.3,42.07,42.21,8436715
2025-12-29 05:00:00+00:00,42.24,42.54,42.2,42.29,12838729
2025-12-30 05:00:00+00:00,42.31,42.46,42.24,42.39,9255258
2025-12-31 05:00:00+00:00,42.4,42.44,42.11,42.12,10129006
2026-01-02 05:00:00+00:00,42.32,42.82,42.09,42.61,20495359
2026-01-05 05:00:00+00:00,42.62,42.72,41.51,42.13,27801739
2026-01-06 05:00:00+00:00,42.18,42.39,41.96,42.34,21861776
2026-01-07 05:00:00+00:00,42.38,42.4,41.19,41.32,27613333
2026-01-08 05:00:00+00:00,41.27,41.73,41.26,41.43,22853334
2026-01-09 05:00:00+00:00,41.96,42.32,41.93,41.95,21518262
2026-01-12 05:00:00+00:00,41.82,42.14,41.73,42.02,16810602
2026-01-13 05:00:00+00:00,42.06,42.39,41.85,42.28,22207350
2026-01-14 05:00:00+00:00,42.24,42.75,42.2,42.6,21403068
2026-01-15 05:00:00+00:00,42.75,43.24,42.75,43.03,21762739
2026-01-16 05:00:00+00:00,42.6,42.94,42.37,42.82,27803622
2026-01-20 05:00:00+00:00,42.55,42.78,42.26,42.39,25300852
2026-01-21 05:00:00+00:00,42.73,42.73,42.12,42.45,33736456
2026-01-22 05:00:00+00:00,42.63,42.7,42.04,42.14,26170688
2026-01-23 05:00:00+00:00,42.14,42.18,41.74,42.0,26527230
2026-01-26 05:00:00+00:00,42.13,42.61,42.09,42.3,19254039
2026-01-27 05:00:00+00:00,42.25,42.97,42.03,42.85,31070496
2026-01-28 05:00:00+00:00,42.92,43.09,42.56,42.76,25183571
2026-01-29 05:00:00+00:00,42.93,43.19,42.51,42.76,27417872
2026-01-30 05:00:00+00:00,42.66,42.8,42.2,42.68,27998373
2026-02-02 05:00:00+00:00,42.73,42.9,41.99,42.06,32847560
2026-02-03 05:00:00+00:00,42.09,42.84,42.09,42.67,35525495
2026-02-04 05:00:00+00:00,42.89,43.07,42.42,42.51,30994262
2026-02-05 05:00:00+00:00,42.65,42.79,42.3,42.53,31475405
2026-02-06 05:00:00+00:00,42.91,43.28,42.41,42.78,30530074
2026-02-09 05:00:00+00:00,42.8,42.97,42.48,42.9,21173948
2026-02-10 05:00:00+00:00,43.17,43.94,42.98,43.61,34683593
2026-02-11 05:00:00+00:00,43.77,44.03,43.55,44.0,25614773
2026-02-12 05:00:00+00:00,44.2,45.13,44.15,44.65,45623348
2026-02-13 05:00:00+00:00,44.6,45.98,44.6,45.88,42451799
2026-02-17 05:00:00+00:00,46.18,46.45,45.63,45.77,32423973
2026-02-18 05:00:00+00:00,45.99,45.99,44.91,45.01,32841512
2026-02-19 05:00:00+00:00,45.17,45.57,45.07,45.5,24172480
2026-02-20 05:00:00+00:00,45.69,45.87,45.27,45.72,22623158
2026-02-23 05:00:00+00:00,45.85,46.34,45.76,46.06,33132256
2026-02-24 05:00:00+00:00,46.02,46.6,45.68,46.57,29504396
2026-02-25 05:00:00+00:00,46.58,46.8,45.98,46.73,22357854
2026-02-26 05:00:00+00:00,46.64,46.76,46.29,46.55,30579762
2026-02-27 05:00:00+00:00,46.57,47.17,46.51,47.1,39760826
2026-03-02 05:00:00+00:00,46.78,47.11,46.73,46.74,33088814
2026-03-03 05:00:00+00:00,46.08,46.82,45.35,46.45,60947974
2026-03-04 05:00:00+00:00,46.47,46.79,46.14,46.64,24021928
2026-03-05 05:00:00+00:00,46.33,46.4,45.85,46.28,29798504
2026-03-06 05:00:00+00:00,46.01,46.34,45.73,46.12,25002985
2026-03-09 04:00:00+00:00,45.94,46.33,45.43,46.23,27760393
2026-03-10 04:00:00+00:00,46.02,46.41,45.85,45.94,24937457
2026-03-11 04:00:00+00:00,45.88,45.94,45.39,45.56,20027441
2026-03-12 04:00:00+00:00,45.39,46.42,45.35,45.88,27421294
2026-03-13 04:00:00+00:00,46.35,46.69,46.24,46.34,31522262
2026-03-16 04:00:00+00:00,46.82,46.87,46.33,46.63,19776757
2026-03-17 04:00:00+00:00,46.89,47.0,46.46,46.51,18503590
2026-03-18 04:00:00+00:00,46.33,46.53,46.11,46.11,31064737
2026-03-19 04:00:00+00:00,46.03,46.28,45.43,45.92,29545139
2026-03-20 04:00:00+00:00,45.84,46.04,43.84,44.06,47129763
2026-03-23 04:00:00+00:00,44.64,44.9,44.29,44.5,31575522
2026-03-24 04:00:00+00:00,44.28,45.25,44.2,44.8,24185042
2026-03-25 04:00:00+00:00,45.23,45.35,44.92,44.96,22298380
2026-03-26 04:00:00+00:00,44.95,45.19,44.73,45.04,19989189
2026-03-27 04:00:00+00:00,45.08,45.78,45.01,45.3,26174069
2026-03-30 04:00:00+00:00,45.88,46.04,45.46,45.63,28364948
2026-03-31 04:00:00+00:00,45.56,45.66,44.97,45.6,42854081
2026-04-01 04:00:00+00:00,45.49,45.99,45.4,45.82,31186324
2026-04-02 04:00:00+00:00,45.75,46.29,45.62,46.05,17332833
2026-04-06 04:00:00+00:00,45.85,46.2,45.8,45.88,12941016
2026-04-07 04:00:00+00:00,45.77,46.13,45.75,45.98,13658174
2026-04-08 04:00:00+00:00,46.0,46.48,45.69,46.48,18880907
2026-04-09 04:00:00+00:00,46.36,47.4,46.32,46.85,23275862
2026-04-10 04:00:00+00:00,46.76,47.15,46.57,46.66,15053181
2026-04-13 04:00:00+00:00,46.54,46.58,45.83,46.1,17797327
2026-04-14 04:00:00+00:00,46.11,46.26,45.61,46.17,25120397
2026-04-15 04:00:00+00:00,46.02,46.02,45.59,45.73,24845493
2026-04-16 04:00:00+00:00,45.71,46.08,45.54,46.06,26946500
2026-04-17 04:00:00+00:00,45.94,45.99,45.35,45.87,17603297
2026-04-20 04:00:00+00:00,45.83,46.04,45.36,45.46,14377209
2026-04-21 04:00:00+00:00,45.62,45.66,44.62,44.66,19598680
2026-04-22 04:00:00+00:00,45.05,45.33,44.43,44.58,21733532
2026-04-23 04:00:00+00:00,45.08,45.85,44.91,45.8,23865635
2026-04-24 04:00:00+00:00,45.74,46.01,45.45,45.89,24159930
2026-04-27 04:00:00+00:00,46.08,46.2,45.88,45.9,14544055
2026-04-28 04:00:00+00:00,46.14,46.22,45.75,45.96,13017171
2026-04-29 04:00:00+00:00,45.78,45.98,45.27,45.39,12656176
2026-04-30 04:00:00+00:00,45.56,46.59,45.56,46.55,22379591
2026-05-01 04:00:00+00:00,46.54,47.0,46.22,46.25,15508288
2026-05-04 04:00:00+00:00,45.97,46.55,45.8,46.08,18048363
2026-05-05 04:00:00+00:00,46.23,46.52,46.07,46.08,17501030
2026-05-06 04:00:00+00:00,45.99,46.09,45.35,45.42,26317009
2026-05-07 04:00:00+00:00,45.33,45.39,44.71,44.83,23501025
2026-05-08 04:00:00+00:00,45.07,45.22,44.41,44.44,18159669
2026-05-11 04:00:00+00:00,44.81,45.02,44.55,44.85,22670991
2026-05-12 04:00:00+00:00,44.77,45.09,44.52,44.9,28241761
2026-05-13 04:00:00+00:00,44.52,44.53,44.08,44.39,27269976
2026-05-14 04:00:00+00:00,44.35,44.63,44.26,44.61,18474119
2026-05-15 04:00:00+00:00,44.43,44.48,43.55,43.59,21859194
2026-05-18 04:00:00+00:00,43.79,43.93,43.25,43.66,31555846
2026-05-19 04:00:00+00:00,43.54,44.13,43.34,44.06,22308493
2026-05-20 04:00:00+00:00,44.38,44.57,44.13,44.23,17585856
2026-05-21 04:00:00+00:00,44.27,44.72,44.15,44.71,18782245
2026-05-22 04:00:00+00:00,44.77,45.15,44.63,45.06,15191235
2026-05-26 04:00:00+00:00,45.3,45.35,45.04,45.04,13742348
2026-05-27 04:00:00+00:00,44.96,45.08,44.66,44.85,16872617
2026-05-28 04:00:00+00:00,44.74,44.98,44.3,44.35,19386524
2026-05-29 04:00:00+00:00,44.39,44.43,43.97,44.14,23051266
2026-06-01 04:00:00+00:00,43.62,43.68,42.8,42.83,31208308
2026-06-02 04:00:00+00:00,42.94,43.68,42.9,43.62,27367689
2026-06-03 04:00:00+00:00,43.68,44.2,43.4,43.43,21949879
2026-06-04 04:00:00+00:00,43.59,43.83,43.06,43.66,18217711
2026-06-05 04:00:00+00:00,43.76,44.34,43.69,44.07,21352883
2026-06-08 04:00:00+00:00,44.04,44.09,43.19,43.24,20845099
2026-06-09 04:00:00+00:00,43.36,43.8,43.19,43.7,20392135
2026-06-10 04:00:00+00:00,43.94,44.0,43.51,43.72,17779059
2026-06-11 04:00:00+00:00,43.94,44.24,43.73,43.77,19147308
2026-06-12 04:00:00+00:00,43.91,44.33,43.91,44.25,17943761
2026-06-15 04:00:00+00:00,44.2,44.71,43.91,44.46,18439118
2026-06-16 04:00:00+00:00,44.56,45.21,44.48,44.77,16397805
2026-06-17 04:00:00+00:00,44.54,44.88,43.96,44.18,22211601
2026-06-18 04:00:00+00:00,44.32,45.05,44.25,44.48,36929536
2026-06-22 04:00:00+00:00,44.48,44.965,44.43,44.72,21870100
2026-06-23 04:00:00+00:00,44.75,45.2,44.46,45.07,22296719
2026-06-24 04:00:00+00:00,45.29,45.6,45.085,45.54,18885705
2026-06-25 04:00:00+00:00,45.66,46.185,45.495,45.85,19265009
2026-06-26 04:00:00+00:00,46.0,46.23,45.885,46.2,19480516
2026-06-29 04:00:00+00:00,46.2,46.31,45.77,46.02,17919291
2026-06-30 04:00:00+00:00,45.86,45.945,45.32,45.34,18908413
2026-07-01 04:00:00+00:00,45.24,45.36,44.64,44.77,29495725
2026-07-02 04:00:00+00:00,45.03,45.8,45.0,45.76,24336920
2026-07-06 04:00:00+00:00,45.71,45.825,45.1101,45.3,19178410
2026-07-07 04:00:00+00:00,45.63,46.32,45.53,45.7,18964092
2026-07-08 04:00:00+00:00,45.74,45.82,45.31,45.36,14864444
2026-07-09 04:00:00+00:00,45.555,45.66,45.04,45.13,19669152
2026-07-10 04:00:00+00:00,45.12,45.48,45.09,45.41,14051931
2026-07-13 04:00:00+00:00,45.45,45.8775,45.43,45.72,15733436
2026-07-14 04:00:00+00:00,45.93,46.28,45.56,45.69,17388285
2026-07-15 04:00:00+00:00,45.73,45.945,45.165,45.22,15910754
2026-07-16 04:00:00+00:00,45.24,45.62,45.12,45.47,15616792
2026-07-17 04:00:00+00:00,45.9,46.15,45.055,45.17,20925764
2026-07-20 04:00:00+00:00,45.325,45.66,44.81,44.94,17829930
2026-07-21 04:00:00+00:00,44.87,45.04,44.64,44.92,15890174
2026-07-22 04:00:00+00:00,45.27,45.985,45.21,45.93,18365948
2026-07-23 04:00:00+00:00,45.65,46.3279,45.6,46.19,13697071
2026-07-24 04:00:00+00:00,46.4,46.625,46.1,46.29,16106009
2026-07-27 04:00:00+00:00,46.125,46.28,45.56,45.68,16610940
2026-07-28 04:00:00+00:00,45.86,46.4251,45.5,45.52,16412736
2026-07-29 04:00:00+00:00,45.76,45.7997,44.73,44.91,23646868
2026-07-30 04:00:00+00:00,45.195,45.235,44.36,44.66,23430829
2026-07-31 04:00:00+00:00,44.61,44.74,44.305,44.35,20779555
2026-08-03 04:00:00+00:00,44.24,44.66,43.94,44.36,25873171
