timestamp,open,high,low,close,volume
2017-02-01 05:00:00+00:00,24.46,24.47,24.1,24.17,49494950
2017-02-02 05:00:00+00:00,24.24,24.42,24.1,24.42,31690174
2017-02-03 05:00:00+00:00,24.49,24.55,24.4,24.45,22788342
2017-02-06 05:00:00+00:00,24.55,24.56,24.38,24.4,14269366
2017-02-07 05:00:00+00:00,24.44,24.5,24.38,24.46,13195318
2017-02-08 05:00:00+00:00,24.52,24.75,24.48,24.7,34202390
2017-02-09 05:00:00+00:00,24.68,24.74,24.43,24.49,29131004
2017-02-10 05:00:00+00:00,24.43,24.68,24.42,24.65,19209192
2017-02-13 05:00:00+00:00,24.67,24.79,24.58,24.77,30773612
2017-02-14 05:00:00+00:00,24.73,24.74,24.46,24.59,37917280
2017-02-15 05:00:00+00:00,24.43,24.53,24.33,24.53,37968380
2017-02-16 05:00:00+00:00,24.53,24.78,24.53,24.77,31508782
2017-02-17 05:00:00+00:00,24.84,24.86,24.65,24.79,20340478
2017-02-21 05:00:00+00:00,24.75,25.1,24.67,25.05,23364510
2017-02-22 05:00:00+00:00,25.05,25.2,24.95,25.15,34219776
2017-02-23 05:00:00+00:00,25.26,25.5,25.21,25.41,30769358
2017-02-24 05:00:00+00:00,25.5,25.8,25.5,25.8,37838082
2017-02-27 05:00:00+00:00,25.75,25.76,25.62,25.65,28483362
2017-02-28 05:00:00+00:00,25.65,25.95,25.6,25.89,29406836
2017-03-01 05:00:00+00:00,25.52,25.84,25.49,25.66,58505482
2017-03-02 05:00:00+00:00,25.57,26.0,25.53,25.84,35387170
2017-03-03 05:00:00+00:00,25.84,25.85,25.55,25.76,35624786
2017-03-06 05:00:00+00:00,25.72,25.77,25.62,25.71,15484024
2017-03-07 05:00:00+00:00,25.68,25.79,25.66,25.7,47261036
2017-03-08 05:00:00+00:00,25.46,25.5,25.28,25.33,39583388
2017-03-09 05:00:00+00:00,25.39,25.48,25.25,25.27,25848546
2017-03-10 05:00:00+00:00,25.41,25.53,25.32,25.48,23377292
2017-03-13 04:00:00+00:00,25.46,25.57,25.43,25.56,34577326
2017-03-14 04:00:00+00:00,25.53,25.6,25.45,25.53,23532176
2017-03-15 04:00:00+00:00,25.62,26.07,25.57,25.94,46004566
2017-03-16 04:00:00+00:00,25.89,25.89,25.61,25.66,39258082
2017-03-17 04:00:00+00:00,25.55,25.76,25.52,25.62,30861234
2017-03-20 04:00:00+00:00,25.68,25.73,25.38,25.45,14296048
2017-03-21 04:00:00+00:00,25.46,25.9,25.45,25.81,54203358
2017-03-22 04:00:00+00:00,25.91,26.12,25.83,25.93,54516574
2017-03-23 04:00:00+00:00,25.93,26.09,25.78,25.85,45386824
2017-03-24 04:00:00+00:00,25.87,26.04,25.8,25.95,25004228
2017-03-27 04:00:00+00:00,26.05,26.11,25.75,25.85,23877822
2017-03-28 04:00:00+00:00,25.84,25.87,25.71,25.83,17332426
2017-03-29 04:00:00+00:00,25.82,25.84,25.65,25.76,14321714
2017-03-30 04:00:00+00:00,25.72,25.72,25.49,25.56,41926400
2017-03-31 04:00:00+00:00,25.59,25.78,25.57,25.66,20807982
2017-04-03 04:00:00+00:00,25.66,25.66,25.42,25.65,31613704
2017-04-04 04:00:00+00:00,25.63,25.83,25.58,25.73,20743248
2017-04-05 04:00:00+00:00,25.7,25.9,25.65,25.88,26103594
2017-04-06 04:00:00+00:00,25.85,25.86,25.71,25.83,18796188
2017-04-07 04:00:00+00:00,25.91,25.95,25.68,25.7,47599946
2017-04-10 04:00:00+00:00,25.72,25.78,25.57,25.75,19084856
2017-04-11 04:00:00+00:00,25.76,25.79,25.57,25.74,19807684
2017-04-12 04:00:00+00:00,25.7,25.94,25.62,25.93,21231844
2017-04-13 04:00:00+00:00,25.96,25.96,25.73,25.84,21932360
2017-04-17 04:00:00+00:00,25.9,25.97,25.83,25.96,14752588
2017-04-18 04:00:00+00:00,26.0,26.07,25.92,26.01,33355286
2017-04-19 04:00:00+00:00,25.99,26.0,25.74,25.84,26343986
2017-04-20 04:00:00+00:00,25.81,25.81,25.55,25.74,27308252
2017-04-21 04:00:00+00:00,25.7,25.98,25.7,25.87,26920150
2017-04-24 04:00:00+00:00,25.89,26.03,25.72,26.0,39842568
2017-04-25 04:00:00+00:00,25.93,26.01,25.82,25.97,22197042
2017-04-26 04:00:00+00:00,25.96,26.08,25.86,25.89,19422510
2017-04-27 04:00:00+00:00,25.88,26.1,25.86,25.98,19335426
2017-04-28 04:00:00+00:00,25.94,25.98,25.77,25.84,20539674
2017-05-01 04:00:00+00:00,25.91,25.91,25.63,25.7,21983094
2017-05-02 04:00:00+00:00,25.73,25.82,25.62,25.73,19568514
2017-05-03 04:00:00+00:00,25.76,25.79,25.62,25.64,21453002
2017-05-04 04:00:00+00:00,25.57,25.76,25.56,25.73,28247464
2017-05-05 04:00:00+00:00,25.8,25.96,25.78,25.87,21942630
2017-05-08 04:00:00+00:00,25.89,25.92,25.73,25.86,19523720
2017-05-09 04:00:00+00:00,25.84,25.86,25.62,25.67,16013636
2017-05-10 04:00:00+00:00,25.69,25.76,25.57,25.71,17012912
2017-05-11 04:00:00+00:00,25.64,25.74,25.54,25.74,15701952
2017-05-12 04:00:00+00:00,25.8,25.92,25.77,25.87,15275188
2017-05-15 04:00:00+00:00,25.87,26.02,25.84,25.98,12971912
2017-05-16 04:00:00+00:00,25.94,26.01,25.76,25.79,15595316
2017-05-17 04:00:00+00:00,25.85,25.97,25.74,25.85,30521518
2017-05-18 04:00:00+00:00,25.91,26.07,25.72,25.94,37521280
2017-05-19 04:00:00+00:00,25.94,26.04,25.79,26.04,20000436
2017-05-22 04:00:00+00:00,26.0,26.31,25.99,26.27,15892680
2017-05-23 04:00:00+00:00,26.31,26.49,26.27,26.34,30907050
2017-05-24 04:00:00+00:00,26.36,26.53,26.34,26.49,15545812
2017-05-25 04:00:00+00:00,26.54,26.75,26.47,26.7,43098934
2017-05-26 04:00:00+00:00,26.72,26.76,26.65,26.7,18085448
2017-05-30 04:00:00+00:00,26.72,26.85,26.65,26.79,12741634
2017-05-31 04:00:00+00:00,26.82,27.02,26.79,26.92,25936532
2017-06-01 04:00:00+00:00,26.85,27.12,26.82,27.11,22551818
2017-06-02 04:00:00+00:00,27.32,27.32,27.06,27.14,20158124
2017-06-05 04:00:00+00:00,27.14,27.17,27.02,27.06,15613100
2017-06-06 04:00:00+00:00,27.12,27.12,26.96,27.0,15314836
2017-06-07 04:00:00+00:00,27.0,27.15,26.95,27.09,16687904
2017-06-08 04:00:00+00:00,27.03,27.05,26.7,26.86,28620404
2017-06-09 04:00:00+00:00,26.78,26.86,26.64,26.84,28136274
2017-06-12 04:00:00+00:00,26.87,26.98,26.64,26.79,25922810
2017-06-13 04:00:00+00:00,26.76,26.87,26.69,26.85,20640210
2017-06-14 04:00:00+00:00,27.02,27.14,26.91,27.0,32155154
2017-06-15 04:00:00+00:00,26.92,27.18,26.92,27.16,31457048
2017-06-16 04:00:00+00:00,27.01,27.11,26.96,27.07,39485682
2017-06-19 04:00:00+00:00,27.08,27.1,26.87,26.97,39920740
2017-06-20 04:00:00+00:00,27.0,27.02,26.93,26.98,15401744
2017-06-21 04:00:00+00:00,26.98,27.02,26.68,26.82,21144108
2017-06-22 04:00:00+00:00,26.78,26.88,26.68,26.7,17732036
2017-06-23 04:00:00+00:00,26.7,26.8,26.55,26.61,18241920
2017-06-26 04:00:00+00:00,26.67,26.94,26.57,26.79,21274418
2017-06-27 04:00:00+00:00,26.67,26.74,26.41,26.47,21378232
2017-06-28 04:00:00+00:00,26.57,26.63,26.21,26.23,19217538
2017-06-29 04:00:00+00:00,26.08,26.11,25.92,26.02,41404604
2017-06-30 04:00:00+00:00,26.05,26.19,25.98,25.98,31602398
2017-07-03 04:00:00+00:00,26.02,26.09,25.83,25.86,25818456
2017-07-05 04:00:00+00:00,25.95,25.95,25.67,25.74,28605684
2017-07-06 04:00:00+00:00,25.63,25.76,25.63,25.72,28489234
2017-07-07 04:00:00+00:00,25.72,25.87,25.7,25.75,27381102
2017-07-10 04:00:00+00:00,25.82,25.88,25.71,25.73,37296934
2017-07-11 04:00:00+00:00,25.77,25.77,25.59,25.71,18327530
2017-07-12 04:00:00+00:00,25.94,26.01,25.89,25.93,26127488
2017-07-13 04:00:00+00:00,25.92,25.98,25.82,25.84,14271212
2017-07-14 04:00:00+00:00,26.01,26.08,25.93,25.96,25623852
2017-07-17 04:00:00+00:00,25.98,26.08,25.92,26.08,15660550
2017-07-18 04:00:00+00:00,26.14,26.18,26.07,26.16,16188884
2017-07-19 04:00:00+00:00,26.2,26.28,26.13,26.27,22668442
2017-07-20 04:00:00+00:00,26.34,26.46,26.27,26.46,17601866
2017-07-21 04:00:00+00:00,26.46,26.65,26.37,26.65,19093628
2017-07-24 04:00:00+00:00,26.66,26.66,26.36,26.4,22879158
2017-07-25 04:00:00+00:00,26.34,26.42,26.22,26.25,21912372
2017-07-26 04:00:00+00:00,26.24,26.5,26.2,26.5,18143476
2017-07-27 04:00:00+00:00,26.42,26.56,26.39,26.56,19480266
2017-07-28 04:00:00+00:00,26.52,26.6,26.4,26.52,19759632
2017-07-31 04:00:00+00:00,26.49,26.67,26.45,26.61,24344648
2017-08-01 04:00:00+00:00,26.64,26.81,26.63,26.76,22443028
2017-08-02 04:00:00+00:00,26.71,26.88,26.55,26.88,16270316
2017-08-03 04:00:00+00:00,26.91,27.01,26.79,27.01,21644346
2017-08-04 04:00:00+00:00,26.87,26.95,26.75,26.89,36015602
2017-08-07 04:00:00+00:00,26.92,26.99,26.85,26.98,11066132
2017-08-08 04:00:00+00:00,26.95,27.09,26.92,27.09,16636128
2017-08-09 04:00:00+00:00,27.13,27.2,26.93,26.95,17998936
2017-08-10 04:00:00+00:00,26.91,27.08,26.85,27.03,19693820
2017-08-11 04:00:00+00:00,26.97,27.03,26.78,26.87,19214378
2017-08-14 04:00:00+00:00,26.88,27.04,26.86,27.03,24895342
2017-08-15 04:00:00+00:00,26.84,27.19,26.83,27.18,19799256
2017-08-16 04:00:00+00:00,27.13,27.3,27.13,27.29,14772976
2017-08-17 04:00:00+00:00,27.23,27.32,27.07,27.09,18338856
2017-08-18 04:00:00+00:00,27.0,27.38,27.0,27.25,30091542
2017-08-21 04:00:00+00:00,27.33,27.4,27.22,27.35,11513018
2017-08-22 04:00:00+00:00,27.37,27.42,27.27,27.41,17686086
2017-08-23 04:00:00+00:00,27.4,27.51,27.31,27.5,14535344
2017-08-24 04:00:00+00:00,27.49,27.55,27.43,27.48,14340048
2017-08-25 04:00:00+00:00,27.55,27.67,27.48,27.57,16055494
2017-08-28 04:00:00+00:00,27.67,27.67,27.49,27.62,16149124
2017-08-29 04:00:00+00:00,27.67,27.71,27.56,27.56,16048674
2017-08-30 04:00:00+00:00,27.55,27.57,27.44,27.48,11921782
2017-08-31 04:00:00+00:00,27.47,27.56,27.47,27.49,21249276
2017-09-01 04:00:00+00:00,27.53,27.57,27.32,27.4,22903222
2017-09-05 04:00:00+00:00,27.45,27.49,27.32,27.47,18471418
2017-09-06 04:00:00+00:00,27.5,27.55,27.3,27.35,23367050
2017-09-07 04:00:00+00:00,27.37,27.58,27.34,27.55,25028012
2017-09-08 04:00:00+00:00,27.51,27.7,27.46,27.68,20620088
2017-09-11 04:00:00+00:00,27.63,27.95,27.63,27.92,20812328
2017-09-12 04:00:00+00:00,27.9,27.9,27.3,27.45,38477656
2017-09-13 04:00:00+00:00,27.43,27.45,27.29,27.32,21836678
2017-09-14 04:00:00+00:00,27.3,27.56,27.22,27.55,20732122
2017-09-15 04:00:00+00:00,27.42,27.46,27.25,27.38,17526210
2017-09-18 04:00:00+00:00,27.36,27.38,26.92,27.1,32014790
2017-09-19 04:00:00+00:00,27.14,27.16,27.0,27.04,32811382
2017-09-20 04:00:00+00:00,27.09,27.14,26.74,26.84,39805666
2017-09-21 04:00:00+00:00,26.87,27.01,26.8,26.84,21789928
2017-09-22 04:00:00+00:00,26.91,26.95,26.62,26.62,22947568
2017-09-25 04:00:00+00:00,26.66,26.89,26.61,26.86,25205312
2017-09-26 04:00:00+00:00,26.85,26.9,26.76,26.81,20089488
2017-09-27 04:00:00+00:00,26.63,26.73,26.32,26.45,25459878
2017-09-28 04:00:00+00:00,26.36,26.61,26.29,26.55,28544594
2017-09-29 04:00:00+00:00,26.56,26.63,26.43,26.53,24569964
2017-10-02 04:00:00+00:00,26.51,26.69,26.48,26.57,33550724
2017-10-03 04:00:00+00:00,26.59,26.59,26.33,26.5,19467030
2017-10-04 04:00:00+00:00,26.51,26.77,26.43,26.76,24873442
2017-10-05 04:00:00+00:00,26.75,26.79,26.62,26.74,25424950
2017-10-06 04:00:00+00:00,26.61,26.73,26.51,26.71,21025668
2017-10-09 04:00:00+00:00,26.77,26.82,26.72,26.75,16654248
2017-10-10 04:00:00+00:00,26.82,27.02,26.73,27.01,16980068
2017-10-11 04:00:00+00:00,26.98,27.26,26.98,27.13,31214356
2017-10-12 04:00:00+00:00,27.13,27.34,27.11,27.27,31308408
2017-10-13 04:00:00+00:00,27.34,27.39,27.0,27.08,26114616
2017-10-16 04:00:00+00:00,27.07,27.13,26.8,27.02,22703776
2017-10-17 04:00:00+00:00,27.0,27.23,26.92,27.18,19569178
2017-10-18 04:00:00+00:00,27.06,27.18,27.02,27.13,17694450
2017-10-19 04:00:00+00:00,27.18,27.41,27.15,27.41,21213816
2017-10-20 04:00:00+00:00,27.3,27.49,27.29,27.43,22836822
2017-10-23 04:00:00+00:00,27.43,27.5,27.33,27.45,22326906
2017-10-24 04:00:00+00:00,27.4,27.5,27.33,27.47,24109774
2017-10-25 04:00:00+00:00,27.36,27.41,27.03,27.35,36868446
2017-10-26 04:00:00+00:00,27.48,27.62,27.35,27.36,34791030
2017-10-27 04:00:00+00:00,27.33,27.59,27.28,27.53,20889074
2017-10-30 04:00:00+00:00,27.52,27.59,27.44,27.53,20554772
2017-10-31 04:00:00+00:00,27.51,27.62,27.44,27.56,19440926
2017-11-01 04:00:00+00:00,27.61,27.61,27.36,27.41,22124066
2017-11-02 04:00:00+00:00,27.41,27.62,27.34,27.51,29949814
2017-11-03 04:00:00+00:00,27.47,27.74,27.41,27.61,24520972
2017-11-06 05:00:00+00:00,27.64,27.66,27.49,27.5,24381384
2017-11-07 05:00:00+00:00,27.55,27.87,27.45,27.83,23240532
2017-11-08 05:00:00+00:00,27.82,27.92,27.66,27.85,19497516
2017-11-09 05:00:00+00:00,27.77,27.94,27.71,27.89,21726480
2017-11-10 05:00:00+00:00,27.74,27.82,27.66,27.76,22387240
2017-11-13 05:00:00+00:00,27.79,28.11,27.79,28.09,19874438
2017-11-14 05:00:00+00:00,28.01,28.46,28.0,28.44,25136718
2017-11-15 05:00:00+00:00,28.55,28.62,28.16,28.19,24397734
2017-11-16 05:00:00+00:00,28.12,28.19,28.02,28.1,23203990
2017-11-17 05:00:00+00:00,28.04,28.11,27.88,27.91,38837382
2017-11-20 05:00:00+00:00,27.92,27.95,27.78,27.82,20254028
2017-11-21 05:00:00+00:00,27.9,27.97,27.82,27.9,17391672
2017-11-22 05:00:00+00:00,27.88,27.95,27.79,27.9,11281344
2017-11-24 05:00:00+00:00,27.91,28.05,27.9,27.94,10101982
2017-11-27 05:00:00+00:00,27.98,28.11,27.91,28.06,14877294
2017-11-28 05:00:00+00:00,28.14,28.25,28.07,28.19,18697686
2017-11-29 05:00:00+00:00,28.1,28.33,28.0,28.21,32389498
2017-11-30 05:00:00+00:00,28.24,28.36,28.18,28.3,32395778
2017-12-01 05:00:00+00:00,28.4,28.45,28.05,28.21,48301730
2017-12-04 05:00:00+00:00,28.22,28.33,28.0,28.05,26521974
2017-12-05 05:00:00+00:00,28.09,28.09,27.56,27.69,40809650
2017-12-06 05:00:00+00:00,27.74,27.85,27.65,27.8,19111060
2017-12-07 05:00:00+00:00,27.75,27.85,27.63,27.85,23136106
2017-12-08 05:00:00+00:00,27.81,27.94,27.7,27.94,21173768
2017-12-11 05:00:00+00:00,27.91,28.12,27.83,28.11,37032728
2017-12-12 05:00:00+00:00,28.0,28.04,27.61,27.63,51227426
2017-12-13 05:00:00+00:00,27.7,27.86,27.62,27.7,35446024
2017-12-14 05:00:00+00:00,27.68,27.79,27.45,27.67,26548230
2017-12-15 05:00:00+00:00,27.5,27.61,27.42,27.51,27561160
2017-12-18 05:00:00+00:00,27.54,27.61,27.17,27.2,39442160
2017-12-19 05:00:00+00:00,27.21,27.24,26.7,26.71,30839942
2017-12-20 05:00:00+00:00,26.69,26.79,26.49,26.5,32668458
2017-12-21 05:00:00+00:00,26.32,26.32,26.08,26.19,40763800
2017-12-22 05:00:00+00:00,26.22,26.33,26.2,26.23,23267616
2017-12-26 05:00:00+00:00,26.26,26.34,26.07,26.07,17808480
2017-12-27 05:00:00+00:00,26.17,26.23,26.11,26.18,21478036
2017-12-28 05:00:00+00:00,26.23,26.34,26.19,26.33,10138858
2017-12-29 05:00:00+00:00,26.41,26.46,26.29,26.33,14371872
2018-01-02 05:00:00+00:00,26.34,26.37,26.02,26.1,25004842
2018-01-03 05:00:00+00:00,26.0,26.19,25.8,25.89,42203552
2018-01-04 05:00:00+00:00,25.81,25.98,25.63,25.68,30671796
2018-01-05 05:00:00+00:00,25.77,25.81,25.54,25.67,47146752
2018-01-08 05:00:00+00:00,25.71,25.93,25.66,25.91,29012140
2018-01-09 05:00:00+00:00,25.9,25.91,25.61,25.65,33994326
2018-01-10 05:00:00+00:00,25.5,25.54,25.32,25.37,31485762
2018-01-11 05:00:00+00:00,25.34,25.46,25.19,25.28,36707490
2018-01-12 05:00:00+00:00,25.2,25.34,25.06,25.13,41617136
2018-01-16 05:00:00+00:00,25.23,25.3,24.93,25.08,55020888
2018-01-17 05:00:00+00:00,25.12,25.3,25.08,25.23,52997616
2018-01-18 05:00:00+00:00,25.23,25.24,24.94,25.07,43963508
2018-01-19 05:00:00+00:00,25.17,25.23,24.97,25.01,37632634
2018-01-22 05:00:00+00:00,25.12,25.28,24.99,25.03,49343182
2018-01-23 05:00:00+00:00,25.13,25.45,25.05,25.27,53695836
2018-01-24 05:00:00+00:00,25.23,25.25,25.08,25.13,41076164
2018-01-25 05:00:00+00:00,25.13,25.53,25.11,25.5,55867402
2018-01-26 05:00:00+00:00,25.58,25.65,25.27,25.52,48033814
2018-01-29 05:00:00+00:00,25.4,25.45,25.16,25.2,36483548
2018-01-30 05:00:00+00:00,25.18,25.35,25.17,25.24,26444592
2018-01-31 05:00:00+00:00,25.27,25.55,25.13,25.52,57583948
2018-02-01 05:00:00+00:00,25.49,25.59,25.04,25.13,57857188
2018-02-02 05:00:00+00:00,25.0,25.18,24.91,24.94,44156922
2018-02-05 05:00:00+00:00,24.9,25.16,24.49,24.53,68386592
2018-02-06 05:00:00+00:00,24.24,24.37,23.69,24.16,83963324
2018-02-07 05:00:00+00:00,24.15,24.44,24.04,24.05,57957400
2018-02-08 05:00:00+00:00,23.98,24.31,23.76,23.78,52511200
2018-02-09 05:00:00+00:00,23.85,24.46,23.78,24.28,75493554
2018-02-12 05:00:00+00:00,24.33,24.6,24.11,24.47,60082292
2018-02-13 05:00:00+00:00,24.46,24.67,24.2,24.58,50452982
2018-02-14 05:00:00+00:00,24.37,24.53,24.23,24.3,42181832
2018-02-15 05:00:00+00:00,24.36,24.85,24.33,24.84,33500230
2018-02-16 05:00:00+00:00,24.86,25.12,24.76,25.06,40740744
2018-02-20 05:00:00+00:00,24.98,25.07,24.62,24.74,36571906
2018-02-21 05:00:00+00:00,24.75,24.92,24.41,24.41,48718502
2018-02-22 05:00:00+00:00,24.49,24.72,24.4,24.54,46569194
2018-02-23 05:00:00+00:00,24.61,25.21,24.58,25.18,42569128
2018-02-26 05:00:00+00:00,25.28,25.32,25.05,25.1,27813204
2018-02-27 05:00:00+00:00,25.12,25.27,24.69,24.7,36815150
2018-02-28 05:00:00+00:00,24.79,24.86,24.53,24.53,25385812
2018-03-01 05:00:00+00:00,24.58,24.93,24.42,24.53,43596464
2018-03-02 05:00:00+00:00,24.52,24.77,24.27,24.47,34201074
2018-03-05 05:00:00+00:00,24.41,25.03,24.36,24.97,31764948
2018-03-06 05:00:00+00:00,24.94,25.0,24.58,24.64,42009902
2018-03-07 05:00:00+00:00,24.56,24.67,24.36,24.45,33858540
2018-03-08 05:00:00+00:00,24.51,24.69,24.47,24.63,24875682
2018-03-09 05:00:00+00:00,24.58,24.71,24.51,24.7,26477042
2018-03-12 04:00:00+00:00,24.71,24.84,24.68,24.81,32755870
2018-03-13 04:00:00+00:00,24.9,25.01,24.67,24.86,38075922
2018-03-14 04:00:00+00:00,24.94,25.2,24.92,25.12,38812998
2018-03-15 04:00:00+00:00,25.1,25.33,24.95,25.1,42375016
2018-03-16 04:00:00+00:00,24.91,25.19,24.89,25.14,42736574
2018-03-19 04:00:00+00:00,25.11,25.2,24.82,24.97,47410936
2018-03-20 04:00:00+00:00,24.98,25.08,24.8,24.86,31685854
2018-03-21 04:00:00+00:00,24.88,25.11,24.69,24.77,41497550
2018-03-22 04:00:00+00:00,24.8,25.28,24.73,24.88,53307518
2018-03-23 04:00:00+00:00,24.88,25.11,24.48,24.53,35073294
2018-03-26 04:00:00+00:00,24.61,24.82,24.56,24.79,28208818
2018-03-27 04:00:00+00:00,24.82,25.4,24.74,25.14,44018812
2018-03-28 04:00:00+00:00,25.17,25.27,24.97,25.13,48758084
2018-03-29 04:00:00+00:00,25.21,25.39,25.16,25.26,31443682
2018-04-02 04:00:00+00:00,25.31,25.43,24.89,25.07,36287036
2018-04-03 04:00:00+00:00,25.03,25.27,24.96,25.15,28178740
2018-04-04 04:00:00+00:00,25.15,25.28,24.95,25.21,35582162
2018-04-05 04:00:00+00:00,25.21,25.49,24.93,25.41,30331302
2018-04-06 04:00:00+00:00,25.45,25.5,25.16,25.21,29459566
2018-04-09 04:00:00+00:00,25.23,25.44,25.15,25.26,24031916
2018-04-10 04:00:00+00:00,25.27,25.3,25.01,25.07,28824568
2018-04-11 04:00:00+00:00,25.06,25.15,24.95,25.03,16142338
2018-04-12 04:00:00+00:00,25.04,25.1,24.65,24.7,25031382
2018-04-13 04:00:00+00:00,24.75,25.0,24.75,24.9,21294502
2018-04-16 04:00:00+00:00,24.95,25.25,24.94,25.24,31614902
2018-04-17 04:00:00+00:00,25.3,25.58,25.19,25.49,30897164
2018-04-18 04:00:00+00:00,25.52,25.75,25.39,25.4,29915962
2018-04-19 04:00:00+00:00,25.31,25.44,25.18,25.37,30848866
2018-04-20 04:00:00+00:00,25.35,25.41,25.07,25.15,28508894
2018-04-23 04:00:00+00:00,25.19,25.31,25.07,25.17,24983068
2018-04-24 04:00:00+00:00,25.19,25.49,25.14,25.34,34078206
2018-04-25 04:00:00+00:00,25.25,25.43,25.15,25.34,26963722
2018-04-26 04:00:00+00:00,25.37,25.63,25.25,25.6,24589378
2018-04-27 04:00:00+00:00,25.57,25.95,25.52,25.86,36636348
2018-04-30 04:00:00+00:00,25.9,25.98,25.76,25.78,25699246
2018-05-01 04:00:00+00:00,25.78,25.83,25.66,25.7,22367444
2018-05-02 04:00:00+00:00,25.71,25.8,25.57,25.68,26173750
2018-05-03 04:00:00+00:00,25.63,25.76,25.35,25.64,33215838
2018-05-04 04:00:00+00:00,25.69,25.87,25.69,25.76,23644028
2018-05-07 04:00:00+00:00,25.74,25.79,25.59,25.62,17227636
2018-05-08 04:00:00+00:00,25.52,25.56,24.94,24.98,47204204
2018-05-09 04:00:00+00:00,24.99,25.03,24.71,24.81,49717560
2018-05-10 04:00:00+00:00,25.02,25.16,24.88,25.16,28231166
2018-05-11 04:00:00+00:00,25.18,25.26,25.09,25.2,13105250
2018-05-14 04:00:00+00:00,25.23,25.28,24.99,25.1,17780936
2018-05-15 04:00:00+00:00,24.95,25.06,24.77,24.89,22511238
2018-05-16 04:00:00+00:00,24.9,24.93,24.6,24.69,27441004
2018-05-17 04:00:00+00:00,24.7,24.77,24.44,24.49,24951830
2018-05-18 04:00:00+00:00,24.56,24.64,24.31,24.5,23942722
2018-05-21 04:00:00+00:00,24.53,24.69,24.42,24.62,21631760
2018-05-22 04:00:00+00:00,24.61,24.85,24.61,24.71,24002664
2018-05-23 04:00:00+00:00,24.8,24.99,24.73,24.94,27981806
2018-05-24 04:00:00+00:00,24.97,25.16,24.89,25.14,26484806
2018-05-25 04:00:00+00:00,25.18,25.32,25.12,25.25,30234298
2018-05-29 04:00:00+00:00,25.21,25.42,25.07,25.25,34801750
2018-05-30 04:00:00+00:00,25.18,25.5,25.12,25.46,28089096
2018-05-31 04:00:00+00:00,25.43,25.64,25.27,25.5,30549414
2018-06-01 04:00:00+00:00,25.43,25.44,24.99,25.11,34720964
2018-06-04 04:00:00+00:00,25.16,25.26,24.89,24.91,29079674
2018-06-05 04:00:00+00:00,24.95,24.98,24.68,24.76,30554708
2018-06-06 04:00:00+00:00,24.77,24.8,24.19,24.19,56346740
2018-06-07 04:00:00+00:00,24.23,24.59,24.17,24.36,43220152
2018-06-08 04:00:00+00:00,24.45,24.46,24.27,24.35,22684984
2018-06-11 04:00:00+00:00,24.4,24.49,24.23,24.3,35396544
2018-06-12 04:00:00+00:00,24.28,24.61,24.26,24.58,38700158
2018-06-13 04:00:00+00:00,24.61,24.75,24.44,24.51,35543096
2018-06-14 04:00:00+00:00,24.55,24.87,24.52,24.81,32822644
2018-06-15 04:00:00+00:00,24.57,24.78,24.37,24.77,43994462
2018-06-18 04:00:00+00:00,24.76,24.93,24.71,24.85,34787136
2018-06-19 04:00:00+00:00,24.9,25.19,24.85,25.1,33737402
2018-06-20 04:00:00+00:00,25.14,25.18,25.01,25.12,25764440
2018-06-21 04:00:00+00:00,25.14,25.33,25.06,25.2,25652712
2018-06-22 04:00:00+00:00,25.22,25.44,25.17,25.38,28315718
2018-06-25 04:00:00+00:00,25.38,25.85,25.38,25.8,45461176
2018-06-26 04:00:00+00:00,25.73,25.98,25.67,25.83,41359404
2018-06-27 04:00:00+00:00,25.8,26.0,25.73,25.95,43885858
2018-06-28 04:00:00+00:00,25.98,26.18,25.9,25.94,30216794
2018-06-29 04:00:00+00:00,25.9,26.09,25.75,25.98,29248400
2018-07-02 04:00:00+00:00,26.0,26.18,25.87,26.17,31655786
2018-07-03 04:00:00+00:00,26.18,26.4,26.06,26.24,21399968
2018-07-05 04:00:00+00:00,26.26,26.4,26.15,26.39,22388260
2018-07-06 04:00:00+00:00,26.44,26.65,26.39,26.59,25047296
2018-07-09 04:00:00+00:00,26.58,26.58,25.68,25.77,56705192
2018-07-10 04:00:00+00:00,25.52,26.15,25.45,26.01,54433730
2018-07-11 04:00:00+00:00,26.0,26.29,25.98,26.25,46281776
2018-07-12 04:00:00+00:00,26.25,26.32,26.13,26.27,35382212
2018-07-13 04:00:00+00:00,26.3,26.36,26.1,26.27,22045850
2018-07-16 04:00:00+00:00,26.25,26.32,26.11,26.25,21112186
2018-07-17 04:00:00+00:00,26.29,26.33,26.2,26.22,27994950
2018-07-18 04:00:00+00:00,26.2,26.24,25.98,26.09,22411162
2018-07-19 04:00:00+00:00,26.12,26.49,26.12,26.33,22530268
2018-07-20 04:00:00+00:00,26.25,26.32,25.97,26.14,27865910
2018-07-23 04:00:00+00:00,26.15,26.2,25.87,25.96,30533548
2018-07-24 04:00:00+00:00,25.89,26.13,25.59,26.05,32256532
2018-07-25 04:00:00+00:00,26.05,26.26,25.97,26.13,27140356
2018-07-26 04:00:00+00:00,26.25,26.48,26.21,26.41,38480040
2018-07-27 04:00:00+00:00,26.42,26.54,26.22,26.31,33174360
2018-07-30 04:00:00+00:00,26.29,26.29,26.08,26.16,19112932
2018-07-31 04:00:00+00:00,26.28,26.47,26.18,26.4,31173640
2018-08-01 04:00:00+00:00,26.25,26.3,26.0,26.23,40210690
2018-08-02 04:00:00+00:00,26.22,26.44,26.06,26.36,35407612
2018-08-03 04:00:00+00:00,26.37,26.72,26.28,26.65,31130322
2018-08-06 04:00:00+00:00,26.68,26.83,26.62,26.68,25593422
2018-08-07 04:00:00+00:00,26.62,26.67,26.42,26.63,26479326
2018-08-08 04:00:00+00:00,26.54,26.58,26.4,26.49,36194306
2018-08-09 04:00:00+00:00,26.49,26.63,26.39,26.61,17476878
2018-08-10 04:00:00+00:00,26.65,26.83,26.49,26.5,26732056
2018-08-13 04:00:00+00:00,26.54,26.58,26.41,26.53,34678946
2018-08-14 04:00:00+00:00,26.54,26.69,26.51,26.6,20037370
2018-08-15 04:00:00+00:00,26.67,26.99,26.62,26.83,40099332
2018-08-16 04:00:00+00:00,26.77,27.14,26.72,27.12,26752826
2018-08-17 04:00:00+00:00,27.11,27.38,27.06,27.25,28464760
2018-08-20 04:00:00+00:00,27.33,27.33,27.1,27.17,19311538
2018-08-21 04:00:00+00:00,27.13,27.14,26.89,26.97,24479200
2018-08-22 04:00:00+00:00,27.0,27.0,26.67,26.77,27341138
2018-08-23 04:00:00+00:00,26.76,26.94,26.7,26.74,22423802
2018-08-24 04:00:00+00:00,26.72,26.89,26.62,26.87,15849616
2018-08-27 04:00:00+00:00,26.89,26.96,26.57,26.7,27072836
2018-08-28 04:00:00+00:00,26.64,26.74,26.57,26.65,20274708
2018-08-29 04:00:00+00:00,26.71,26.84,26.67,26.84,25500940
2018-08-30 04:00:00+00:00,26.89,27.0,26.76,26.85,27132516
2018-08-31 04:00:00+00:00,26.89,27.0,26.63,26.76,24872596
2018-09-04 04:00:00+00:00,26.77,27.0,26.74,26.86,26365318
2018-09-05 04:00:00+00:00,26.83,27.25,26.83,27.23,32161004
2018-09-06 04:00:00+00:00,27.25,27.47,27.17,27.36,25730396
2018-09-07 04:00:00+00:00,27.12,27.25,26.99,27.05,32673972
2018-09-10 04:00:00+00:00,27.11,27.3,27.09,27.19,20421104
2018-09-11 04:00:00+00:00,27.18,27.29,27.06,27.12,18265482
2018-09-12 04:00:00+00:00,27.11,27.26,27.03,27.09,19799020
2018-09-13 04:00:00+00:00,27.08,27.31,26.95,27.3,17682948
2018-09-14 04:00:00+00:00,27.19,27.21,26.92,27.15,26298636
2018-09-17 04:00:00+00:00,27.1,27.28,27.07,27.24,28731902
2018-09-18 04:00:00+00:00,27.2,27.28,27.06,27.19,19717604
2018-09-19 04:00:00+00:00,27.18,27.18,26.48,26.6,51540640
2018-09-20 04:00:00+00:00,26.57,26.68,26.35,26.66,35819672
2018-09-21 04:00:00+00:00,26.38,26.63,26.26,26.53,41787018
2018-09-24 04:00:00+00:00,26.44,26.54,26.27,26.3,27339928
2018-09-25 04:00:00+00:00,26.22,26.24,25.89,25.94,41710656
2018-09-26 04:00:00+00:00,26.06,26.07,25.67,25.68,53125722
2018-09-27 04:00:00+00:00,25.75,26.09,25.69,25.95,34212574
2018-09-28 04:00:00+00:00,26.0,26.35,25.97,26.34,34710388
2018-10-01 04:00:00+00:00,26.25,26.3,26.14,26.25,25600994
2018-10-02 04:00:00+00:00,26.29,26.66,26.29,26.59,32106446
2018-10-03 04:00:00+00:00,26.55,26.69,26.05,26.27,50677778
2018-10-04 04:00:00+00:00,26.21,26.47,26.01,26.41,48513764
2018-10-05 04:00:00+00:00,26.37,26.9,26.35,26.82,63182000
2018-10-08 04:00:00+00:00,26.92,27.22,26.8,27.04,44492186
2018-10-09 04:00:00+00:00,27.02,27.27,26.98,27.15,36409090
2018-10-10 04:00:00+00:00,27.11,27.44,26.99,27.0,63507564
2018-10-11 04:00:00+00:00,27.08,27.14,26.37,26.51,88110804
2018-10-12 04:00:00+00:00,26.47,26.56,26.25,26.48,44118770
2018-10-15 04:00:00+00:00,26.47,26.77,26.44,26.6,36967108
2018-10-16 04:00:00+00:00,26.57,27.02,26.49,26.88,36470242
2018-10-17 04:00:00+00:00,26.84,26.96,26.68,26.83,28883642
2018-10-18 04:00:00+00:00,26.9,27.03,26.73,26.87,33386678
2018-10-19 04:00:00+00:00,26.87,27.43,26.79,27.29,60174878
2018-10-22 04:00:00+00:00,27.32,27.35,27.05,27.11,24914400
2018-10-23 04:00:00+00:00,27.16,27.34,26.85,26.96,38103996
2018-10-24 04:00:00+00:00,27.08,27.75,26.97,27.62,59039128
2018-10-25 04:00:00+00:00,27.44,27.44,27.05,27.19,63371856
2018-10-26 04:00:00+00:00,27.33,27.41,26.5,26.71,74980766
2018-10-29 04:00:00+00:00,26.75,27.18,26.75,27.06,53618862
2018-10-30 04:00:00+00:00,27.17,27.33,26.85,27.17,51951812
2018-10-31 04:00:00+00:00,26.94,27.11,26.69,26.85,51213336
2018-11-01 04:00:00+00:00,26.89,26.9,26.55,26.73,56683284
2018-11-02 04:00:00+00:00,26.8,26.87,26.4,26.58,48586400
2018-11-05 05:00:00+00:00,26.7,27.05,26.63,26.95,43743636
2018-11-06 05:00:00+00:00,26.93,27.19,26.89,27.13,27912432
2018-11-07 05:00:00+00:00,27.33,27.48,27.12,27.44,42292910
2018-11-08 05:00:00+00:00,27.47,27.56,27.17,27.4,43623538
2018-11-09 05:00:00+00:00,27.3,27.56,27.25,27.44,40235202
2018-11-12 05:00:00+00:00,27.24,27.7,27.04,27.42,55989452
2018-11-13 05:00:00+00:00,27.42,27.6,27.21,27.54,49507124
2018-11-14 05:00:00+00:00,27.3,27.48,27.16,27.25,56541892
2018-11-15 05:00:00+00:00,27.11,27.14,26.78,27.03,70836716
2018-11-16 05:00:00+00:00,27.44,27.57,27.24,27.44,44514618
2018-11-19 05:00:00+00:00,27.4,27.59,27.29,27.56,29307782
2018-11-20 05:00:00+00:00,27.64,27.84,27.28,27.43,52685408
2018-11-21 05:00:00+00:00,27.35,27.39,26.97,27.04,40247236
2018-11-23 05:00:00+00:00,27.08,27.12,26.88,27.06,16323094
2018-11-26 05:00:00+00:00,27.09,27.23,26.94,27.22,34988788
2018-11-27 05:00:00+00:00,27.2,27.45,27.09,27.42,26943916
2018-11-28 05:00:00+00:00,27.45,27.53,27.31,27.4,24332736
2018-11-29 05:00:00+00:00,27.44,27.44,27.11,27.38,37325110
2018-11-30 05:00:00+00:00,27.46,27.82,27.39,27.8,36905136
2018-12-03 05:00:00+00:00,27.71,28.08,27.55,28.08,37321972
2018-12-04 05:00:00+00:00,28.15,28.4,28.02,28.1,46171268
2018-12-06 05:00:00+00:00,28.21,28.22,27.55,28.13,51656170
2018-12-07 05:00:00+00:00,28.09,28.39,27.9,28.23,39919756
2018-12-10 05:00:00+00:00,28.23,28.38,27.74,28.29,42953876
2018-12-11 05:00:00+00:00,28.32,28.5,28.17,28.4,55910346
2018-12-12 05:00:00+00:00,28.37,28.56,28.21,28.22,36799722
2018-12-13 05:00:00+00:00,28.24,28.59,28.24,28.47,37836540
2018-12-14 05:00:00+00:00,28.49,28.56,28.25,28.41,50613336
2018-12-17 05:00:00+00:00,28.47,28.48,27.39,27.5,61209670
2018-12-18 05:00:00+00:00,27.65,27.85,27.23,27.31,50379052
2018-12-19 05:00:00+00:00,27.37,27.59,27.11,27.27,57381276
2018-12-20 05:00:00+00:00,27.29,27.64,26.94,27.29,80561166
2018-12-21 05:00:00+00:00,27.23,27.71,26.83,26.91,72420518
2018-12-24 05:00:00+00:00,26.86,27.06,25.68,25.78,46155058
2018-12-26 05:00:00+00:00,25.79,26.17,25.41,26.13,63107644
2018-12-27 05:00:00+00:00,26.14,26.39,25.7,26.35,64779828
2018-12-28 05:00:00+00:00,26.41,26.68,26.31,26.42,45659844
2018-12-31 05:00:00+00:00,26.43,26.54,26.19,26.46,33829542
2019-01-02 05:00:00+00:00,26.36,26.38,25.85,26.01,51504260
2019-01-03 05:00:00+00:00,26.01,26.22,25.88,26.0,45337208
2019-01-04 05:00:00+00:00,25.88,26.4,25.85,26.39,38587192
2019-01-07 05:00:00+00:00,26.22,26.34,26.06,26.21,32813384
2019-01-08 05:00:00+00:00,26.23,26.56,26.09,26.54,33718626
2019-01-09 05:00:00+00:00,26.52,26.63,26.3,26.37,36370352
2019-01-10 05:00:00+00:00,26.4,26.77,26.37,26.74,53255840
2019-01-11 05:00:00+00:00,26.68,26.74,26.45,26.62,50130058
2019-01-14 05:00:00+00:00,26.3,26.62,25.77,26.02,48943796
2019-01-15 05:00:00+00:00,25.91,26.48,25.88,26.34,56394862
2019-01-16 05:00:00+00:00,26.29,26.44,26.14,26.43,36990028
2019-01-17 05:00:00+00:00,26.41,26.6,26.37,26.54,49034092
2019-01-18 05:00:00+00:00,26.58,26.66,26.45,26.57,28717340
2019-01-22 05:00:00+00:00,26.57,26.77,26.36,26.62,37277328
2019-01-23 05:00:00+00:00,26.63,26.91,26.58,26.89,28655144
2019-01-24 05:00:00+00:00,26.87,27.06,26.67,27.03,44076948
2019-01-25 05:00:00+00:00,26.95,27.07,26.62,26.66,36637874
2019-01-28 05:00:00+00:00,26.67,26.77,26.42,26.54,29983350
2019-01-29 05:00:00+00:00,26.66,26.74,26.52,26.61,25341294
2019-01-30 05:00:00+00:00,26.54,26.93,26.5,26.82,37450398
2019-01-31 05:00:00+00:00,26.81,27.46,26.69,27.38,46894780
2019-02-01 05:00:00+00:00,27.27,27.38,27.04,27.28,31329888
2019-02-04 05:00:00+00:00,27.16,27.34,26.97,27.32,36296236
2019-02-05 05:00:00+00:00,27.32,27.43,27.17,27.38,26336962
2019-02-06 05:00:00+00:00,27.34,27.47,27.23,27.36,18501614
2019-02-07 05:00:00+00:00,27.32,27.72,27.24,27.72,33934166
2019-02-08 05:00:00+00:00,27.66,27.86,27.6,27.84,31902536
2019-02-11 05:00:00+00:00,27.84,27.98,27.74,27.83,33749668
2019-02-12 05:00:00+00:00,27.84,28.04,27.68,27.9,32453332
2019-02-13 05:00:00+00:00,27.81,27.89,27.7,27.82,27024824
2019-02-14 05:00:00+00:00,27.84,27.91,27.67,27.77,42463872
2019-02-15 05:00:00+00:00,27.86,27.96,27.76,27.86,18810638
2019-02-19 05:00:00+00:00,27.88,28.05,27.79,28.02,31019130
2019-02-20 05:00:00+00:00,28.01,28.2,27.86,28.15,30956850
2019-02-21 05:00:00+00:00,28.06,28.4,27.97,28.35,39903312
2019-02-22 05:00:00+00:00,28.4,28.53,28.27,28.53,30932172
2019-02-25 05:00:00+00:00,28.55,28.57,28.23,28.34,26903070
2019-02-26 05:00:00+00:00,28.4,28.44,28.16,28.31,27885768
2019-02-27 05:00:00+00:00,28.24,28.43,28.21,28.34,24446352
2019-02-28 05:00:00+00:00,28.36,28.58,28.21,28.51,26242552
2019-03-01 05:00:00+00:00,28.52,28.58,28.33,28.57,27042896
2019-03-04 05:00:00+00:00,28.6,28.68,28.33,28.62,24793598
2019-03-05 05:00:00+00:00,28.62,28.69,28.53,28.58,26452940
2019-03-06 05:00:00+00:00,28.61,28.69,28.48,28.58,22740904
2019-03-07 05:00:00+00:00,28.63,28.85,28.6,28.68,30415928
2019-03-08 05:00:00+00:00,28.71,28.8,28.51,28.8,38418150
2019-03-11 04:00:00+00:00,28.79,28.99,28.77,28.98,30067832
2019-03-12 04:00:00+00:00,29.03,29.21,28.98,29.18,35162762
2019-03-13 04:00:00+00:00,29.13,29.28,29.11,29.21,31960110
2019-03-14 04:00:00+00:00,29.2,29.37,29.1,29.21,30894326
2019-03-15 04:00:00+00:00,29.04,29.19,28.87,29.1,36339992
2019-03-18 04:00:00+00:00,29.11,29.15,28.86,28.99,36113824
2019-03-19 04:00:00+00:00,28.94,28.99,28.55,28.66,47719738
2019-03-20 04:00:00+00:00,28.71,28.96,28.59,28.73,39947670
2019-03-21 04:00:00+00:00,28.75,29.1,28.71,29.04,31036658
2019-03-22 04:00:00+00:00,29.15,29.45,29.04,29.25,41337154
2019-03-25 04:00:00+00:00,29.27,29.36,29.15,29.27,27692744
2019-03-26 04:00:00+00:00,29.29,29.5,29.25,29.48,32942716
2019-03-27 04:00:00+00:00,29.51,29.54,29.14,29.28,34993040
2019-03-28 04:00:00+00:00,29.27,29.37,28.83,28.93,51922924
2019-03-29 04:00:00+00:00,28.89,29.12,28.82,29.09,43980392
2019-04-01 04:00:00+00:00,29.09,29.09,28.71,28.89,53578232
2019-04-02 04:00:00+00:00,28.95,28.98,28.75,28.93,51756222
2019-04-03 04:00:00+00:00,28.87,29.0,28.67,28.88,32093584
2019-04-04 04:00:00+00:00,28.93,28.96,28.61,28.78,32647948
2019-04-05 04:00:00+00:00,28.78,29.07,28.69,29.05,31096276
2019-04-08 04:00:00+00:00,28.99,29.03,28.77,28.85,30791142
2019-04-09 04:00:00+00:00,28.87,28.94,28.78,28.92,26197004
2019-04-10 04:00:00+00:00,28.98,29.17,28.76,28.83,33991010
2019-04-11 04:00:00+00:00,28.82,28.98,28.79,28.97,39784106
2019-04-12 04:00:00+00:00,28.87,29.14,28.72,29.11,32048478
2019-04-15 04:00:00+00:00,29.13,29.23,29.03,29.1,32365444
2019-04-16 04:00:00+00:00,29.1,29.17,28.65,28.74,39954328
2019-04-17 04:00:00+00:00,28.71,28.79,28.61,28.63,31192734
2019-04-18 04:00:00+00:00,28.7,28.85,28.63,28.65,33545134
2019-04-22 04:00:00+00:00,28.64,28.73,28.56,28.62,21518386
2019-04-23 04:00:00+00:00,28.63,28.79,28.49,28.7,37385404
2019-04-24 04:00:00+00:00,28.77,28.98,28.73,28.89,33112284
2019-04-25 04:00:00+00:00,28.76,29.12,28.73,29.01,30671970
2019-04-26 04:00:00+00:00,29.17,29.34,29.02,29.05,29383380
2019-04-29 04:00:00+00:00,29.03,29.04,28.76,28.88,44970398
2019-04-30 04:00:00+00:00,28.89,29.38,28.84,29.36,46144132
2019-05-01 04:00:00+00:00,29.27,29.35,29.03,29.06,53100244
2019-05-02 04:00:00+00:00,29.0,29.16,28.78,28.99,49393538
2019-05-03 04:00:00+00:00,28.99,29.2,28.95,29.15,34541978
2019-05-06 04:00:00+00:00,29.15,29.23,28.93,28.99,26924976
2019-05-07 04:00:00+00:00,28.95,29.02,28.77,28.9,25287654
2019-05-08 04:00:00+00:00,28.87,28.9,28.48,28.51,57646656
2019-05-09 04:00:00+00:00,28.51,28.63,28.33,28.48,33653608
2019-05-10 04:00:00+00:00,28.47,29.0,28.41,28.98,50744046
2019-05-13 04:00:00+00:00,28.89,29.35,28.85,29.29,40840506
2019-05-14 04:00:00+00:00,29.3,29.32,29.04,29.1,37449664
2019-05-15 04:00:00+00:00,29.11,29.22,29.01,29.05,33749756
2019-05-16 04:00:00+00:00,29.02,29.33,28.94,29.24,30180004
2019-05-17 04:00:00+00:00,29.11,29.51,29.07,29.4,21148454
2019-05-20 04:00:00+00:00,29.46,29.62,29.36,29.43,18365486
2019-05-21 04:00:00+00:00,29.48,29.73,29.41,29.49,25472546
2019-05-22 04:00:00+00:00,29.53,29.74,29.44,29.71,18702344
2019-05-23 04:00:00+00:00,29.74,29.97,29.71,29.96,34742654
2019-05-24 04:00:00+00:00,29.98,30.14,29.88,29.92,17790370
2019-05-28 04:00:00+00:00,29.96,29.98,29.38,29.41,35201526
2019-05-29 04:00:00+00:00,29.5,29.52,28.97,29.04,43800770
2019-05-30 04:00:00+00:00,29.04,29.2,28.9,28.99,36470602
2019-05-31 04:00:00+00:00,29.0,29.21,28.87,29.13,36921682
2019-06-03 04:00:00+00:00,29.22,29.46,29.07,29.42,44035744
2019-06-04 04:00:00+00:00,29.45,29.48,28.89,29.44,37696852
2019-06-05 04:00:00+00:00,29.55,30.17,29.44,30.07,68867786
2019-06-06 04:00:00+00:00,30.11,30.31,30.02,30.26,53517234
2019-06-07 04:00:00+00:00,30.41,30.6,30.02,30.03,38348500
2019-06-10 04:00:00+00:00,29.94,30.0,29.68,29.83,27850996
2019-06-11 04:00:00+00:00,29.82,29.9,29.47,29.65,40607074
2019-06-12 04:00:00+00:00,29.8,30.08,29.76,30.03,25145418
2019-06-13 04:00:00+00:00,30.1,30.18,29.89,30.09,34826430
2019-06-14 04:00:00+00:00,30.13,30.46,30.12,30.41,28735436
2019-06-17 04:00:00+00:00,30.41,30.5,30.13,30.32,23507164
2019-06-18 04:00:00+00:00,30.46,30.51,29.99,30.2,49548224
2019-06-19 04:00:00+00:00,30.06,30.56,30.05,30.43,44181624
2019-06-20 04:00:00+00:00,30.59,30.69,30.27,30.62,39406284
2019-06-21 04:00:00+00:00,30.35,30.55,30.13,30.5,30601434
2019-06-24 04:00:00+00:00,30.55,30.6,30.39,30.51,21136318
2019-06-25 04:00:00+00:00,30.53,30.53,30.25,30.32,24439322
2019-06-26 04:00:00+00:00,30.25,30.31,29.65,29.67,34081384
2019-06-27 04:00:00+00:00,29.76,29.84,29.58,29.7,30850412
2019-06-28 04:00:00+00:00,29.71,29.98,29.65,29.82,32810166
2019-07-01 04:00:00+00:00,29.84,29.87,29.47,29.74,36393962
2019-07-02 04:00:00+00:00,29.85,30.2,29.85,30.15,44984946
2019-07-03 04:00:00+00:00,30.24,30.54,30.21,30.36,33005374
2019-07-05 04:00:00+00:00,30.17,30.39,29.88,30.34,32267530
2019-07-08 04:00:00+00:00,30.36,30.48,30.2,30.39,19045018
2019-07-09 04:00:00+00:00,30.34,30.44,30.17,30.43,40597966
2019-07-10 04:00:00+00:00,30.46,30.66,30.36,30.5,23157034
2019-07-11 04:00:00+00:00,30.46,30.62,30.25,30.51,43246952
2019-07-12 04:00:00+00:00,30.5,30.53,30.19,30.31,22649370
2019-07-15 04:00:00+00:00,30.31,30.47,30.2,30.43,18867212
2019-07-16 04:00:00+00:00,30.35,30.46,30.09,30.25,30306298
2019-07-17 04:00:00+00:00,30.36,30.54,30.25,30.37,28288884
2019-07-18 04:00:00+00:00,30.37,30.64,30.2,30.63,32232306
2019-07-19 04:00:00+00:00,30.56,30.65,30.17,30.2,30855572
2019-07-22 04:00:00+00:00,30.26,30.29,29.94,30.13,26511502
2019-07-23 04:00:00+00:00,30.16,30.18,29.88,29.93,36051688
2019-07-24 04:00:00+00:00,30.02,30.09,29.73,29.98,27463692
2019-07-25 04:00:00+00:00,29.86,30.07,29.73,29.89,30644510
2019-07-26 04:00:00+00:00,29.91,30.11,29.84,29.98,28006268
2019-07-29 04:00:00+00:00,30.08,30.19,29.91,30.15,36743652
2019-07-30 04:00:00+00:00,30.08,30.22,29.77,29.92,38564772
2019-07-31 04:00:00+00:00,29.93,30.07,29.6,29.78,50227352
2019-08-01 04:00:00+00:00,29.73,30.25,29.63,30.08,59582618
2019-08-02 04:00:00+00:00,30.13,30.33,30.01,30.08,30374820
2019-08-05 04:00:00+00:00,30.14,30.22,29.49,29.65,57848980
2019-08-06 04:00:00+00:00,29.68,30.13,29.35,30.02,58122258
2019-08-07 04:00:00+00:00,30.05,30.27,29.6,30.09,50585794
2019-08-08 04:00:00+00:00,30.08,30.48,29.91,30.4,35478616
2019-08-09 04:00:00+00:00,30.43,30.57,30.32,30.45,23786262
2019-08-12 04:00:00+00:00,30.44,30.52,30.22,30.29,19239776
2019-08-13 04:00:00+00:00,30.37,30.51,30.19,30.4,36239736
2019-08-14 04:00:00+00:00,30.44,30.59,30.06,30.15,41149150
2019-08-15 04:00:00+00:00,30.25,30.64,30.07,30.54,50851498
2019-08-16 04:00:00+00:00,30.55,30.79,30.51,30.7,33975056
2019-08-19 04:00:00+00:00,30.63,30.99,30.58,30.89,29421660
2019-08-20 04:00:00+00:00,30.96,30.96,30.71,30.84,34160116
2019-08-21 04:00:00+00:00,30.79,31.04,30.76,31.04,29812996
2019-08-22 04:00:00+00:00,31.02,31.11,30.81,31.07,31250704
2019-08-23 04:00:00+00:00,31.13,31.23,30.59,30.74,43223156
2019-08-26 04:00:00+00:00,30.82,31.11,30.74,31.1,26235008
2019-08-27 04:00:00+00:00,31.25,31.37,31.12,31.15,41650010
2019-08-28 04:00:00+00:00,31.19,31.3,30.96,31.07,32715318
2019-08-29 04:00:00+00:00,31.24,31.29,30.99,31.28,38725320
2019-08-30 04:00:00+00:00,31.38,31.4,31.2,31.29,24609448
2019-09-03 04:00:00+00:00,31.28,31.85,31.25,31.85,45896552
2019-09-04 04:00:00+00:00,31.94,32.02,31.68,31.88,33667134
2019-09-05 04:00:00+00:00,31.67,31.74,31.42,31.51,68851396
2019-09-06 04:00:00+00:00,31.61,31.68,31.31,31.38,25934990
2019-09-09 04:00:00+00:00,31.34,31.4,31.19,31.25,34100550
2019-09-10 04:00:00+00:00,31.2,31.29,31.02,31.29,41554280
2019-09-11 04:00:00+00:00,31.25,31.63,31.11,31.6,46243966
2019-09-12 04:00:00+00:00,31.79,31.89,31.53,31.67,48643570
2019-09-13 04:00:00+00:00,31.49,31.7,31.38,31.45,50259282
2019-09-16 04:00:00+00:00,31.52,31.55,31.32,31.5,24141860
2019-09-17 04:00:00+00:00,31.55,31.85,31.54,31.77,35003990
2019-09-18 04:00:00+00:00,31.89,32.01,31.69,31.91,44308480
2019-09-19 04:00:00+00:00,32.01,32.09,31.89,32.06,33739890
2019-09-20 04:00:00+00:00,31.85,31.97,31.69,31.9,37818588
2019-09-23 04:00:00+00:00,31.93,32.06,31.86,31.94,18276494
2019-09-24 04:00:00+00:00,32.06,32.42,32.03,32.32,57277426
2019-09-25 04:00:00+00:00,32.29,32.33,32.12,32.3,32752214
2019-09-26 04:00:00+00:00,32.38,32.56,32.31,32.47,28879298
2019-09-27 04:00:00+00:00,32.51,32.53,32.17,32.35,33735104
2019-09-30 04:00:00+00:00,32.38,32.53,32.28,32.37,22079048
2019-10-01 04:00:00+00:00,32.26,32.35,32.12,32.28,49503056
2019-10-02 04:00:00+00:00,32.23,32.28,31.79,31.87,40079672
2019-10-03 04:00:00+00:00,31.89,31.96,31.71,31.94,73211394
2019-10-04 04:00:00+00:00,31.98,32.46,31.94,32.39,38282924
2019-10-07 04:00:00+00:00,32.35,32.4,32.18,32.26,27914162
2019-10-08 04:00:00+00:00,32.24,32.27,31.95,31.96,45149558
2019-10-09 04:00:00+00:00,32.05,32.24,31.97,32.12,18325454
2019-10-10 04:00:00+00:00,32.01,32.15,31.8,32.08,37434538
2019-10-11 04:00:00+00:00,32.06,32.16,31.85,31.96,32387482
2019-10-14 04:00:00+00:00,32.05,32.07,31.66,31.76,20285932
2019-10-15 04:00:00+00:00,31.78,31.85,31.57,31.66,34395530
2019-10-16 04:00:00+00:00,31.64,31.74,31.49,31.73,32766280
2019-10-17 04:00:00+00:00,31.73,31.87,31.65,31.8,29941564
2019-10-18 04:00:00+00:00,31.73,31.98,31.65,31.91,30482312
2019-10-21 04:00:00+00:00,31.92,32.05,31.82,32.03,23143606
2019-10-22 04:00:00+00:00,32.11,32.32,32.02,32.17,31885810
2019-10-23 04:00:00+00:00,32.24,32.38,32.16,32.3,26405774
2019-10-24 04:00:00+00:00,32.32,32.47,32.27,32.41,23403512
2019-10-25 04:00:00+00:00,32.44,32.48,31.95,32.08,34437554
2019-10-28 04:00:00+00:00,31.92,32.0,31.6,31.64,50551288
2019-10-29 04:00:00+00:00,31.62,31.74,31.53,31.67,48980970
2019-10-30 04:00:00+00:00,31.7,32.03,31.69,31.95,39849396
2019-10-31 04:00:00+00:00,31.98,32.17,31.87,32.13,37094966
2019-11-01 04:00:00+00:00,32.15,32.24,31.99,32.05,31841410
2019-11-04 05:00:00+00:00,32.02,32.03,31.52,31.64,48964230
2019-11-05 05:00:00+00:00,31.48,31.58,31.23,31.31,47166772
2019-11-06 05:00:00+00:00,31.37,31.56,31.32,31.43,35907684
2019-11-07 05:00:00+00:00,31.27,31.42,30.8,31.01,47102510
2019-11-08 05:00:00+00:00,30.91,31.05,30.74,30.89,32222116
2019-11-11 05:00:00+00:00,30.89,30.92,30.66,30.69,18778054
2019-11-12 05:00:00+00:00,30.69,30.82,30.67,30.76,28148524
2019-11-13 05:00:00+00:00,30.87,31.29,30.83,31.22,34877562
2019-11-14 05:00:00+00:00,31.32,31.49,31.23,31.33,34776670
2019-11-15 05:00:00+00:00,31.34,31.44,31.25,31.43,20215432
2019-11-18 05:00:00+00:00,31.49,31.75,31.44,31.49,34507500
2019-11-19 05:00:00+00:00,31.4,31.58,31.25,31.41,37917946
2019-11-20 05:00:00+00:00,31.46,31.65,31.38,31.6,40173274
2019-11-21 05:00:00+00:00,31.6,31.63,31.39,31.49,31546920
2019-11-22 05:00:00+00:00,31.56,31.58,31.27,31.5,23243852
2019-11-25 05:00:00+00:00,31.53,31.62,31.33,31.36,41804714
2019-11-26 05:00:00+00:00,31.45,31.55,31.38,31.5,33683172
2019-11-27 05:00:00+00:00,31.43,31.59,31.4,31.56,26936740
2019-11-29 05:00:00+00:00,31.62,31.74,31.49,31.53,11067354
2019-12-02 05:00:00+00:00,31.38,31.46,31.26,31.32,38215624
2019-12-03 05:00:00+00:00,31.4,31.47,31.28,31.41,27170748
2019-12-04 05:00:00+00:00,31.4,31.7,31.37,31.65,40627474
2019-12-05 05:00:00+00:00,31.6,31.71,31.52,31.7,28148482
2019-12-06 05:00:00+00:00,31.58,31.79,31.58,31.62,19693620
2019-12-09 05:00:00+00:00,31.68,31.68,31.44,31.5,24309576
2019-12-10 05:00:00+00:00,31.5,31.56,31.41,31.49,28267208
2019-12-11 05:00:00+00:00,31.53,31.63,31.42,31.58,24207388
2019-12-12 05:00:00+00:00,31.54,31.66,31.31,31.44,50950312
2019-12-13 05:00:00+00:00,31.46,31.74,31.33,31.69,39314956
2019-12-16 05:00:00+00:00,31.69,32.1,31.69,32.08,42152230
2019-12-17 05:00:00+00:00,32.1,32.39,32.07,32.18,36033244
2019-12-18 05:00:00+00:00,32.21,32.36,32.04,32.32,26197244
2019-12-19 05:00:00+00:00,32.32,32.37,32.13,32.33,34622068
2019-12-20 05:00:00+00:00,32.07,32.47,32.07,32.3,50572686
2019-12-23 05:00:00+00:00,32.35,32.37,31.91,32.0,35836246
2019-12-24 05:00:00+00:00,32.03,32.06,31.87,32.04,9449758
2019-12-26 05:00:00+00:00,32.05,32.13,31.96,32.1,13868620
2019-12-27 05:00:00+00:00,32.11,32.19,32.03,32.19,22969726
2019-12-30 05:00:00+00:00,32.06,32.19,32.01,32.19,25895070
2019-12-31 05:00:00+00:00,32.18,32.35,32.14,32.31,22087116
2020-01-02 05:00:00+00:00,32.37,32.38,31.78,31.91,41346890
2020-01-03 05:00:00+00:00,31.93,32.09,31.86,31.97,37702466
2020-01-06 05:00:00+00:00,31.93,32.1,31.88,32.0,21141470
2020-01-07 05:00:00+00:00,31.92,31.97,31.78,31.96,29318970
2020-01-08 05:00:00+00:00,31.97,32.08,31.89,31.94,25909268
2020-01-09 05:00:00+00:00,31.9,32.15,31.9,32.12,25372434
2020-01-10 05:00:00+00:00,32.16,32.31,32.15,32.2,21413856
2020-01-13 05:00:00+00:00,32.19,32.49,32.19,32.4,25558314
2020-01-14 05:00:00+00:00,32.4,32.5,32.25,32.46,23595822
2020-01-15 05:00:00+00:00,32.56,33.0,32.56,32.95,32370030
2020-01-16 05:00:00+00:00,32.97,33.19,32.96,33.15,23531968
2020-01-17 05:00:00+00:00,33.14,33.42,33.05,33.38,28155432
2020-01-21 05:00:00+00:00,33.46,33.7,33.32,33.69,49563920
2020-01-22 05:00:00+00:00,33.75,33.88,33.7,33.79,21831728
2020-01-23 05:00:00+00:00,33.78,34.1,33.75,34.09,27724814
2020-01-24 05:00:00+00:00,34.0,34.31,33.95,34.18,29350600
2020-01-27 05:00:00+00:00,34.16,34.4,34.0,34.1,22858044
2020-01-28 05:00:00+00:00,34.13,34.38,34.05,34.24,38313286
2020-01-29 05:00:00+00:00,34.26,34.38,34.12,34.33,22324526
2020-01-30 05:00:00+00:00,34.31,34.67,34.22,34.65,32011292
2020-01-31 05:00:00+00:00,34.58,34.72,34.31,34.49,42382916
2020-02-03 05:00:00+00:00,34.55,34.64,34.46,34.6,27841162
2020-02-04 05:00:00+00:00,34.58,34.69,34.22,34.26,44233588
2020-02-05 05:00:00+00:00,34.2,34.48,34.1,34.4,33973376
2020-02-06 05:00:00+00:00,34.43,34.6,34.32,34.41,31857662
2020-02-07 05:00:00+00:00,34.49,34.53,34.28,34.3,21841640
2020-02-10 05:00:00+00:00,34.35,34.42,34.23,34.42,16539602
2020-02-11 05:00:00+00:00,34.49,34.66,34.47,34.55,20724872
2020-02-12 05:00:00+00:00,34.49,34.68,34.39,34.58,16260074
2020-02-13 05:00:00+00:00,34.6,34.98,34.55,34.96,30165470
2020-02-14 05:00:00+00:00,35.03,35.23,34.98,35.2,21761052
2020-02-18 05:00:00+00:00,35.33,35.55,35.23,35.49,33962470
2020-02-19 05:00:00+00:00,35.35,35.4,35.1,35.1,22852814
2020-02-20 05:00:00+00:00,35.12,35.25,34.95,35.23,31881660
2020-02-21 05:00:00+00:00,35.17,35.39,35.13,35.17,23640400
2020-02-24 05:00:00+00:00,35.02,35.21,34.74,34.76,41224930
2020-02-25 05:00:00+00:00,34.79,34.85,33.96,34.03,59817538
2020-02-26 05:00:00+00:00,34.03,34.33,33.67,33.69,55677790
2020-02-27 05:00:00+00:00,33.55,33.73,32.16,32.17,90755234
2020-02-28 05:00:00+00:00,31.43,31.47,30.35,31.09,182488030
2020-03-02 05:00:00+00:00,31.25,32.96,31.18,32.92,88202286
2020-03-03 05:00:00+00:00,32.94,33.62,32.39,32.52,130723106
2020-03-04 05:00:00+00:00,32.95,34.41,32.92,34.36,64377012
2020-03-05 05:00:00+00:00,33.8,34.29,33.43,33.84,70614566
2020-03-06 05:00:00+00:00,32.94,33.69,32.31,33.56,71527104
2020-03-09 04:00:00+00:00,31.78,32.62,31.23,31.98,76149532
2020-03-10 04:00:00+00:00,32.25,32.62,30.6,32.05,82377018
2020-03-11 04:00:00+00:00,31.31,31.33,29.99,30.42,65475558
2020-03-12 04:00:00+00:00,28.75,29.27,27.01,27.37,79353752
2020-03-13 04:00:00+00:00,28.85,28.89,26.83,28.84,54613514
2020-03-16 04:00:00+00:00,26.23,28.26,25.46,26.1,57496684
2020-03-17 04:00:00+00:00,26.31,29.08,26.02,28.89,80380776
2020-03-18 04:00:00+00:00,27.15,28.01,26.12,27.58,86835620
2020-03-19 04:00:00+00:00,27.37,27.44,25.89,25.97,68234438
2020-03-20 04:00:00+00:00,26.21,26.21,23.74,23.91,57900336
2020-03-23 04:00:00+00:00,23.6,23.6,21.72,22.47,65315582
2020-03-24 04:00:00+00:00,23.32,24.99,23.17,24.88,57178956
2020-03-25 04:00:00+00:00,24.88,26.59,24.17,25.52,66295126
2020-03-26 04:00:00+00:00,25.79,27.99,25.53,27.69,65789162
2020-03-27 04:00:00+00:00,26.86,28.84,26.72,27.84,50447448
2020-03-30 04:00:00+00:00,28.08,29.05,27.96,28.87,60126426
2020-03-31 04:00:00+00:00,28.65,28.65,27.62,27.71,71432358
2020-04-01 04:00:00+00:00,26.61,26.98,25.54,26.04,54165908
2020-04-02 04:00:00+00:00,25.76,27.04,25.62,26.86,58631432
2020-04-03 04:00:00+00:00,26.56,26.89,25.7,25.9,32772112
2020-04-06 04:00:00+00:00,26.85,28.18,26.85,27.9,42375356
2020-04-07 04:00:00+00:00,28.65,28.69,27.51,27.55,52330450
2020-04-08 04:00:00+00:00,27.71,29.29,27.48,29.05,65543442
2020-04-09 04:00:00+00:00,29.49,30.89,29.38,30.42,88381862
2020-04-13 04:00:00+00:00,30.26,30.26,29.15,29.45,28181098
2020-04-14 04:00:00+00:00,30.09,30.36,29.8,30.3,35892602
2020-04-15 04:00:00+00:00,29.56,29.84,29.15,29.36,25974194
2020-04-16 04:00:00+00:00,29.44,29.57,29.03,29.32,20960684
2020-04-17 04:00:00+00:00,29.95,30.43,29.54,30.27,22004426
2020-04-20 04:00:00+00:00,30.08,30.08,29.07,29.12,29364480
2020-04-21 04:00:00+00:00,28.6,28.99,28.32,28.64,45855472
2020-04-22 04:00:00+00:00,29.18,29.72,28.99,29.48,31562578
2020-04-23 04:00:00+00:00,29.57,29.65,28.82,28.98,25065906
2020-04-24 04:00:00+00:00,29.03,29.29,28.66,29.16,25734374
2020-04-27 04:00:00+00:00,29.33,29.68,29.3,29.47,30456208
2020-04-28 04:00:00+00:00,29.88,30.2,29.44,29.58,32002160
2020-04-29 04:00:00+00:00,30.06,30.07,29.19,29.31,24119762
2020-04-30 04:00:00+00:00,29.1,29.14,28.37,28.63,39383210
2020-05-01 04:00:00+00:00,28.31,28.32,27.78,27.94,27212592
2020-05-04 04:00:00+00:00,27.8,28.22,27.63,28.15,24606592
2020-05-05 04:00:00+00:00,28.25,28.72,28.22,28.4,24008662
2020-05-06 04:00:00+00:00,28.48,28.5,27.38,27.42,49523410
2020-05-07 04:00:00+00:00,27.73,27.98,27.48,27.53,45406716
2020-05-08 04:00:00+00:00,27.87,28.19,27.73,28.08,26716508
2020-05-11 04:00:00+00:00,27.86,28.07,27.46,27.96,31441372
2020-05-12 04:00:00+00:00,28.03,28.16,27.66,27.72,44110002
2020-05-13 04:00:00+00:00,27.66,27.66,27.17,27.47,40379020
2020-05-14 04:00:00+00:00,27.21,27.86,26.83,27.78,46741092
2020-05-15 04:00:00+00:00,27.58,27.59,26.99,27.41,73515104
2020-05-18 04:00:00+00:00,28.05,28.71,28.05,28.53,46420850
2020-05-19 04:00:00+00:00,28.41,28.49,28.06,28.06,35706472
2020-05-20 04:00:00+00:00,28.35,28.53,28.11,28.22,23710322
2020-05-21 04:00:00+00:00,28.14,28.34,27.87,27.93,35692886
2020-05-22 04:00:00+00:00,27.93,28.27,27.84,28.24,24337514
2020-05-26 04:00:00+00:00,28.75,28.98,28.4,28.43,38849248
2020-05-27 04:00:00+00:00,28.93,28.98,28.37,28.77,33651874
2020-05-28 04:00:00+00:00,29.14,29.74,29.11,29.62,45375068
2020-05-29 04:00:00+00:00,29.55,30.0,29.37,29.85,30084388
2020-06-01 04:00:00+00:00,29.84,30.38,29.67,30.2,29484968
2020-06-02 04:00:00+00:00,30.32,30.42,29.99,30.4,31317882
2020-06-03 04:00:00+00:00,30.56,30.98,30.54,30.76,26341156
2020-06-04 04:00:00+00:00,30.6,30.66,29.82,30.21,47724906
2020-06-05 04:00:00+00:00,30.49,31.18,30.46,30.6,46154486
2020-06-08 04:00:00+00:00,30.65,31.51,30.43,31.42,32705418
2020-06-09 04:00:00+00:00,31.13,31.14,30.45,30.79,39251154
2020-06-10 04:00:00+00:00,30.79,30.99,30.51,30.61,25217686
2020-06-11 04:00:00+00:00,30.08,30.17,29.2,29.41,73547118
2020-06-12 04:00:00+00:00,29.97,30.01,28.98,29.35,46966612
2020-06-15 04:00:00+00:00,28.82,29.75,28.56,29.54,33827028
2020-06-16 04:00:00+00:00,30.25,30.42,29.51,29.69,34588954
2020-06-17 04:00:00+00:00,29.8,29.8,29.3,29.58,25118700
2020-06-18 04:00:00+00:00,29.4,29.66,29.24,29.58,29897842
2020-06-19 04:00:00+00:00,29.84,29.94,28.7,28.75,61108686
2020-06-22 04:00:00+00:00,28.49,28.97,28.23,28.79,26083818
2020-06-23 04:00:00+00:00,29.08,29.12,28.42,28.5,25387174
2020-06-24 04:00:00+00:00,28.28,28.41,27.9,28.24,28879870
2020-06-25 04:00:00+00:00,28.18,28.19,27.56,27.89,44641608
2020-06-26 04:00:00+00:00,27.85,28.16,27.41,27.59,58528778
2020-06-29 04:00:00+00:00,27.81,28.13,27.52,28.11,30026254
2020-06-30 04:00:00+00:00,28.12,28.37,27.95,28.22,37086830
2020-07-01 04:00:00+00:00,28.24,29.0,28.19,28.88,43414750
2020-07-02 04:00:00+00:00,29.1,29.26,28.88,28.95,24508908
2020-07-06 04:00:00+00:00,29.06,29.25,28.36,28.6,31021172
2020-07-07 04:00:00+00:00,28.28,28.59,28.15,28.48,24283600
2020-07-08 04:00:00+00:00,28.44,28.83,28.38,28.74,24610086
2020-07-09 04:00:00+00:00,28.6,28.61,27.95,28.35,40882784
2020-07-10 04:00:00+00:00,28.35,28.97,28.34,28.89,27544374
2020-07-13 04:00:00+00:00,28.89,29.2,28.78,28.92,37990574
2020-07-14 04:00:00+00:00,28.92,29.36,28.89,29.19,72438462
2020-07-15 04:00:00+00:00,29.46,29.67,29.02,29.07,27121726
2020-07-16 04:00:00+00:00,29.1,29.52,29.02,29.44,32820284
2020-07-17 04:00:00+00:00,29.6,30.19,29.58,30.11,46407860
2020-07-20 04:00:00+00:00,30.0,30.09,29.66,29.71,24786460
2020-07-21 04:00:00+00:00,29.79,30.19,29.69,29.85,33580974
2020-07-22 04:00:00+00:00,29.71,30.42,29.42,30.31,30515072
2020-07-23 04:00:00+00:00,30.3,30.56,30.16,30.34,42298250
2020-07-24 04:00:00+00:00,30.4,30.71,29.97,30.14,35924738
2020-07-27 04:00:00+00:00,30.15,30.17,29.56,29.77,23311622
2020-07-28 04:00:00+00:00,29.7,30.48,29.68,30.22,38866610
2020-07-29 04:00:00+00:00,30.28,30.45,30.14,30.37,18746862
2020-07-30 04:00:00+00:00,30.15,30.37,30.0,30.37,28787810
2020-07-31 04:00:00+00:00,30.29,30.5,29.99,30.42,24638970
2020-08-03 04:00:00+00:00,30.4,30.4,29.93,30.09,20007818
2020-08-04 04:00:00+00:00,30.04,30.55,29.99,30.42,43327084
2020-08-05 04:00:00+00:00,30.48,30.5,29.91,30.03,24130262
2020-08-06 04:00:00+00:00,30.0,30.25,29.84,30.2,30985508
2020-08-07 04:00:00+00:00,30.08,30.86,30.08,30.75,31365410
2020-08-10 04:00:00+00:00,30.85,30.98,30.64,30.74,21456626
2020-08-11 04:00:00+00:00,30.77,30.83,29.99,30.07,54489934
2020-08-12 04:00:00+00:00,30.16,30.71,30.15,30.51,34899416
2020-08-13 04:00:00+00:00,30.38,30.52,30.22,30.46,33779126
2020-08-14 04:00:00+00:00,30.39,30.43,30.11,30.19,17557968
2020-08-17 04:00:00+00:00,30.22,30.41,30.04,30.15,19728420
2020-08-18 04:00:00+00:00,30.13,30.25,29.86,30.02,24593048
2020-08-19 04:00:00+00:00,30.09,30.11,29.87,29.93,18132044
2020-08-20 04:00:00+00:00,29.81,29.96,29.58,29.66,27945760
2020-08-21 04:00:00+00:00,29.69,29.77,29.41,29.71,19266294
2020-08-24 04:00:00+00:00,29.8,29.98,29.52,29.97,15319744
2020-08-25 04:00:00+00:00,30.03,30.03,29.59,29.69,26717106
2020-08-26 04:00:00+00:00,29.6,29.6,29.25,29.36,24378958
2020-08-27 04:00:00+00:00,29.44,29.66,29.27,29.45,39921008
2020-08-28 04:00:00+00:00,29.51,29.56,29.23,29.54,17135410
2020-08-31 04:00:00+00:00,29.49,29.81,29.49,29.63,20600348
2020-09-01 04:00:00+00:00,29.53,29.55,29.17,29.29,27127808
2020-09-02 04:00:00+00:00,29.35,30.33,29.23,30.2,38043870
2020-09-03 04:00:00+00:00,30.21,30.52,29.58,29.86,39913944
2020-09-04 04:00:00+00:00,29.92,30.09,29.3,29.69,36047122
2020-09-08 04:00:00+00:00,29.72,29.75,29.24,29.52,30077564
2020-09-09 04:00:00+00:00,29.74,30.29,29.71,29.91,34277892
2020-09-10 04:00:00+00:00,29.8,29.83,29.36,29.4,36936318
2020-09-11 04:00:00+00:00,29.46,29.56,29.24,29.47,25469844
2020-09-14 04:00:00+00:00,29.61,30.03,29.58,29.87,21134910
2020-09-15 04:00:00+00:00,30.18,30.52,29.91,30.07,23576240
2020-09-16 04:00:00+00:00,29.93,30.24,29.84,30.03,23850444
2020-09-17 04:00:00+00:00,29.82,29.95,29.55,29.79,23190558
2020-09-18 04:00:00+00:00,29.78,29.8,29.2,29.26,32671162
2020-09-21 04:00:00+00:00,28.8,28.97,28.45,28.83,32452138
2020-09-22 04:00:00+00:00,28.85,29.21,28.82,29.01,21529580
2020-09-23 04:00:00+00:00,29.05,29.1,28.54,28.57,21899730
2020-09-24 04:00:00+00:00,28.54,29.09,28.36,28.89,35539468
2020-09-25 04:00:00+00:00,28.76,29.39,28.66,29.36,23727172
2020-09-28 04:00:00+00:00,29.49,29.73,29.39,29.44,21047212
2020-09-29 04:00:00+00:00,29.53,29.73,29.29,29.43,18584590
2020-09-30 04:00:00+00:00,29.61,29.84,29.44,29.68,24624782
2020-10-01 04:00:00+00:00,29.77,30.07,29.71,30.0,27798818
2020-10-02 04:00:00+00:00,29.75,30.5,29.69,30.35,34251754
2020-10-05 04:00:00+00:00,30.43,30.81,30.22,30.73,23067228
2020-10-06 04:00:00+00:00,30.75,31.33,30.61,30.99,36165618
2020-10-07 04:00:00+00:00,31.15,31.31,30.94,31.18,25007776
2020-10-08 04:00:00+00:00,31.31,31.8,31.29,31.75,30722030
2020-10-09 04:00:00+00:00,31.92,31.94,31.53,31.74,17222166
2020-10-12 04:00:00+00:00,31.76,32.16,31.68,31.94,15299058
2020-10-13 04:00:00+00:00,31.72,31.8,31.37,31.72,20553390
2020-10-14 04:00:00+00:00,31.76,31.9,31.52,31.68,22428004
2020-10-15 04:00:00+00:00,31.38,31.84,31.3,31.66,19347802
2020-10-16 04:00:00+00:00,31.7,32.12,31.67,32.0,16364636
2020-10-19 04:00:00+00:00,31.99,32.16,31.64,31.73,30263760
2020-10-20 04:00:00+00:00,31.86,32.1,31.74,31.92,28316234
2020-10-21 04:00:00+00:00,31.84,32.05,31.74,31.84,14319892
2020-10-22 04:00:00+00:00,31.88,32.34,31.79,32.28,15558216
2020-10-23 04:00:00+00:00,32.45,32.5,32.2,32.38,14593992
2020-10-26 04:00:00+00:00,32.13,32.42,31.92,32.37,20924822
2020-10-27 04:00:00+00:00,32.42,32.67,32.19,32.34,19742806
2020-10-28 04:00:00+00:00,31.89,32.3,31.34,31.4,34939878
2020-10-29 04:00:00+00:00,31.29,31.87,30.88,31.49,31948686
2020-10-30 04:00:00+00:00,31.31,31.51,30.89,31.19,36615946
2020-11-02 05:00:00+00:00,31.62,31.92,31.3,31.88,30557552
2020-11-03 05:00:00+00:00,32.28,32.69,32.15,32.34,30418030
2020-11-04 05:00:00+00:00,32.15,32.65,31.82,31.85,38017972
2020-11-05 05:00:00+00:00,32.19,32.72,32.11,32.14,32462306
2020-11-06 05:00:00+00:00,32.16,32.44,31.98,32.07,19158956
2020-11-09 05:00:00+00:00,32.99,33.97,32.63,32.66,46722450
2020-11-10 05:00:00+00:00,32.84,33.23,32.7,33.13,31484984
2020-11-11 05:00:00+00:00,33.3,33.55,33.13,33.26,19584124
2020-11-12 05:00:00+00:00,33.06,33.14,32.46,32.72,62925206
2020-11-13 05:00:00+00:00,32.88,33.14,32.82,33.05,30273304
2020-11-16 05:00:00+00:00,33.46,33.48,32.99,33.38,30310050
2020-11-17 05:00:00+00:00,33.17,33.33,32.67,32.73,17533222
2020-11-18 05:00:00+00:00,32.9,32.94,32.08,32.09,26012234
2020-11-19 05:00:00+00:00,32.06,32.08,31.54,31.77,27315018
2020-11-20 05:00:00+00:00,31.71,31.99,31.61,31.77,18894000
2020-11-23 05:00:00+00:00,31.9,31.95,31.63,31.78,17151580
2020-11-24 05:00:00+00:00,32.03,32.2,31.87,32.12,22058210
2020-11-25 05:00:00+00:00,32.08,32.21,31.8,32.2,26127272
2020-11-27 05:00:00+00:00,32.22,32.22,31.75,31.88,12287554
2020-11-30 05:00:00+00:00,31.79,31.81,31.3,31.42,27290388
2020-12-01 05:00:00+00:00,31.66,32.09,31.62,31.64,30707578
2020-12-02 05:00:00+00:00,31.52,31.87,31.29,31.85,24766100
2020-12-03 05:00:00+00:00,31.8,31.83,31.44,31.52,19785236
2020-12-04 05:00:00+00:00,31.55,31.62,31.03,31.21,21891952
2020-12-07 05:00:00+00:00,31.1,31.53,31.1,31.38,17791182
2020-12-08 05:00:00+00:00,31.18,31.49,31.05,31.29,26500016
2020-12-09 05:00:00+00:00,31.31,31.36,31.02,31.23,23260268
2020-12-10 05:00:00+00:00,31.22,31.32,30.93,31.07,25190020
2020-12-11 05:00:00+00:00,30.93,31.16,30.91,31.08,13616362
2020-12-14 05:00:00+00:00,31.34,31.6,30.93,30.96,35809914
2020-12-15 05:00:00+00:00,31.11,31.65,30.95,31.57,22899958
2020-12-16 05:00:00+00:00,31.63,31.79,31.17,31.21,29689880
2020-12-17 05:00:00+00:00,31.32,31.64,31.31,31.42,30938550
2020-12-18 05:00:00+00:00,31.42,31.53,31.0,31.13,22139618
2020-12-21 05:00:00+00:00,30.64,30.64,30.16,30.51,30122646
2020-12-22 05:00:00+00:00,30.5,30.58,30.36,30.45,24972462
2020-12-23 05:00:00+00:00,30.6,30.84,30.39,30.39,11742778
2020-12-24 05:00:00+00:00,30.46,30.62,30.29,30.61,7470022
2020-12-28 05:00:00+00:00,30.77,30.94,30.63,30.74,12036152
2020-12-29 05:00:00+00:00,30.82,30.96,30.65,30.74,16825364
2020-12-30 05:00:00+00:00,30.76,30.99,30.71,30.89,13248578
2020-12-31 05:00:00+00:00,30.9,31.4,30.81,31.35,18539246
2021-01-04 05:00:00+00:00,31.41,31.41,30.39,30.56,25774700
2021-01-05 05:00:00+00:00,30.63,30.72,30.3,30.56,17079764
2021-01-06 05:00:00+00:00,30.75,31.52,30.66,31.32,36354032
2021-01-07 05:00:00+00:00,31.48,31.55,30.88,30.89,24989838
2021-01-08 05:00:00+00:00,30.95,31.23,30.89,31.17,35557224
2021-01-11 05:00:00+00:00,31.05,31.18,30.65,30.88,16992816
2021-01-12 05:00:00+00:00,30.83,30.93,30.34,30.71,25340252
2021-01-13 05:00:00+00:00,30.81,31.41,30.75,31.32,27478566
2021-01-14 05:00:00+00:00,31.32,31.35,31.01,31.19,29494358
2021-01-15 05:00:00+00:00,31.07,31.59,31.01,31.5,28813748
2021-01-19 05:00:00+00:00,31.67,31.7,31.33,31.38,21242532
2021-01-20 05:00:00+00:00,31.37,31.7,31.18,31.57,45066290
2021-01-21 05:00:00+00:00,31.49,31.55,31.32,31.38,14241864
2021-01-22 05:00:00+00:00,31.29,31.53,31.17,31.42,19416500
2021-01-25 05:00:00+00:00,31.31,32.1,31.28,32.05,38326642
2021-01-26 05:00:00+00:00,32.01,32.04,31.6,31.73,19722812
2021-01-27 05:00:00+00:00,31.48,31.71,30.74,30.88,39617304
2021-01-28 05:00:00+00:00,30.98,31.72,30.9,31.24,25686984
2021-01-29 05:00:00+00:00,31.09,31.39,30.88,31.08,28169288
2021-02-01 05:00:00+00:00,31.28,31.51,30.97,31.23,16303838
2021-02-02 05:00:00+00:00,31.33,31.96,31.2,31.48,29154570
2021-02-03 05:00:00+00:00,31.45,31.59,31.31,31.38,16476810
2021-02-04 05:00:00+00:00,31.37,31.67,31.28,31.63,25256846
2021-02-05 05:00:00+00:00,31.77,31.97,31.64,31.8,12230070
2021-02-08 05:00:00+00:00,31.87,31.88,31.43,31.55,21776042
2021-02-09 05:00:00+00:00,31.61,31.71,31.34,31.6,12585904
2021-02-10 05:00:00+00:00,31.78,31.85,31.51,31.72,19966452
2021-02-11 05:00:00+00:00,31.71,31.81,31.49,31.54,21308540
2021-02-12 05:00:00+00:00,31.45,31.59,31.15,31.31,21103264
2021-02-16 05:00:00+00:00,31.28,31.32,30.91,30.96,36745054
2021-02-17 05:00:00+00:00,31.0,31.04,30.78,30.99,23493516
2021-02-18 05:00:00+00:00,30.94,31.31,30.94,31.17,15660334
2021-02-19 05:00:00+00:00,31.18,31.19,30.68,30.71,20400050
2021-02-22 05:00:00+00:00,30.62,30.66,29.82,30.11,36025542
2021-02-23 05:00:00+00:00,30.26,30.46,30.07,30.35,27169598
2021-02-24 05:00:00+00:00,30.28,30.33,29.97,30.0,23963058
2021-02-25 05:00:00+00:00,29.94,30.09,29.59,29.73,31885156
2021-02-26 05:00:00+00:00,29.83,30.02,29.17,29.18,38690834
2021-03-01 05:00:00+00:00,29.55,30.16,29.55,29.83,34344084
2021-03-02 05:00:00+00:00,29.87,29.95,29.57,29.74,29509850
2021-03-03 05:00:00+00:00,29.69,29.69,29.14,29.4,50641130
2021-03-04 05:00:00+00:00,29.41,29.91,29.2,29.36,45596012
2021-03-05 05:00:00+00:00,29.49,29.98,29.23,29.85,33943482
2021-03-08 05:00:00+00:00,29.93,30.52,29.85,30.26,38773854
2021-03-09 05:00:00+00:00,30.43,30.76,30.38,30.66,22526812
2021-03-10 05:00:00+00:00,30.65,30.97,30.57,30.87,27766252
2021-03-11 05:00:00+00:00,30.82,31.18,30.78,30.79,17333884
2021-03-12 05:00:00+00:00,30.93,31.3,30.78,31.21,20363856
2021-03-15 04:00:00+00:00,31.25,31.69,31.25,31.61,25290758
2021-03-16 04:00:00+00:00,31.53,31.73,31.45,31.65,29964046
2021-03-17 04:00:00+00:00,31.62,31.63,31.1,31.13,39248170
2021-03-18 04:00:00+00:00,31.1,31.23,30.8,31.02,29940812
2021-03-19 04:00:00+00:00,31.02,31.37,30.7,31.1,41183326
2021-03-22 04:00:00+00:00,30.8,30.97,30.6,30.83,26021772
2021-03-23 04:00:00+00:00,30.82,31.4,30.75,31.3,26478234
2021-03-24 04:00:00+00:00,31.19,31.52,31.08,31.3,22549440
2021-03-25 04:00:00+00:00,31.4,31.74,31.26,31.63,28761392
2021-03-26 04:00:00+00:00,31.63,31.77,31.32,31.74,21084706
2021-03-29 04:00:00+00:00,31.67,32.23,31.65,32.08,33019984
2021-03-30 04:00:00+00:00,31.98,31.98,31.55,31.79,22509602
2021-03-31 04:00:00+00:00,31.8,32.08,31.74,32.02,23578464
2021-04-01 04:00:00+00:00,31.97,32.05,31.78,31.99,23448146
2021-04-05 04:00:00+00:00,32.1,32.55,32.08,32.34,34154406
2021-04-06 04:00:00+00:00,32.31,32.52,32.07,32.51,17807242
2021-04-07 04:00:00+00:00,32.49,32.64,32.3,32.47,15798458
2021-04-08 04:00:00+00:00,32.56,32.66,32.38,32.45,19909956
2021-04-09 04:00:00+00:00,32.48,32.61,32.35,32.41,16012708
2021-04-12 04:00:00+00:00,32.42,32.67,32.33,32.44,14201346
2021-04-13 04:00:00+00:00,32.31,32.88,32.25,32.83,18251256
2021-04-14 04:00:00+00:00,32.74,32.97,32.66,32.97,15125362
2021-04-15 04:00:00+00:00,32.98,33.35,32.96,33.34,23863384
2021-04-16 04:00:00+00:00,33.46,33.74,33.39,33.6,22368332
2021-04-19 04:00:00+00:00,33.63,33.68,33.35,33.44,21503824
2021-04-20 04:00:00+00:00,33.44,33.95,33.42,33.86,29548898
2021-04-21 04:00:00+00:00,33.9,34.03,33.45,33.58,19936584
2021-04-22 04:00:00+00:00,33.55,33.67,33.3,33.34,18202106
2021-04-23 04:00:00+00:00,33.35,33.46,33.21,33.29,16881504
2021-04-26 04:00:00+00:00,33.31,33.33,33.0,33.1,12725084
2021-04-27 04:00:00+00:00,33.05,33.07,32.79,32.85,21613000
2021-04-28 04:00:00+00:00,32.86,32.95,32.65,32.8,15343824
2021-04-29 04:00:00+00:00,32.8,33.12,32.8,33.1,19223516
2021-04-30 04:00:00+00:00,33.17,33.37,32.97,33.36,21114512
2021-05-03 04:00:00+00:00,33.44,33.67,33.3,33.35,21544634
2021-05-04 04:00:00+00:00,33.32,33.38,33.01,33.23,23611398
2021-05-05 04:00:00+00:00,33.23,33.23,32.49,32.67,23781494
2021-05-06 04:00:00+00:00,32.76,32.95,32.54,32.92,23305406
2021-05-07 04:00:00+00:00,32.9,33.27,32.89,33.02,18460992
2021-05-10 04:00:00+00:00,33.09,33.69,33.09,33.35,26442292
2021-05-11 04:00:00+00:00,33.32,33.37,32.72,32.95,28887656
2021-05-12 04:00:00+00:00,32.91,32.91,32.16,32.17,30427118
2021-05-13 04:00:00+00:00,32.21,32.99,32.19,32.8,28222738
2021-05-14 04:00:00+00:00,32.88,33.16,32.88,32.96,19793666
2021-05-17 04:00:00+00:00,32.94,33.13,32.64,32.69,28424414
2021-05-18 04:00:00+00:00,32.62,32.79,32.53,32.68,19947426
2021-05-19 04:00:00+00:00,32.53,32.65,32.24,32.63,26760014
2021-05-20 04:00:00+00:00,32.69,33.11,32.67,32.9,26613030
2021-05-21 04:00:00+00:00,32.99,33.2,32.85,33.08,21224284
2021-05-24 04:00:00+00:00,33.24,33.3,33.0,33.02,19967768
2021-05-25 04:00:00+00:00,33.06,33.06,32.55,32.62,21716560
2021-05-26 04:00:00+00:00,32.64,32.76,32.53,32.63,17452504
2021-05-27 04:00:00+00:00,32.74,32.74,32.4,32.41,17542944
2021-05-28 04:00:00+00:00,32.6,32.7,32.48,32.58,19956460
2021-06-01 04:00:00+00:00,32.66,32.73,32.31,32.38,22391792
2021-06-02 04:00:00+00:00,32.43,32.73,32.3,32.55,20724060
2021-06-03 04:00:00+00:00,32.4,32.85,32.29,32.74,24031924
2021-06-04 04:00:00+00:00,32.83,32.88,32.65,32.69,14821512
2021-06-07 04:00:00+00:00,32.73,32.81,32.67,32.76,14044432
2021-06-08 04:00:00+00:00,32.83,32.85,32.34,32.48,18680158
2021-06-09 04:00:00+00:00,32.56,32.83,32.49,32.77,19121146
2021-06-10 04:00:00+00:00,32.79,33.02,32.71,32.98,16658596
2021-06-11 04:00:00+00:00,32.98,33.08,32.83,33.06,21693176
2021-06-14 04:00:00+00:00,33.06,33.21,32.92,33.13,14214584
2021-06-15 04:00:00+00:00,33.17,33.41,33.07,33.23,33590714
2021-06-16 04:00:00+00:00,33.31,33.43,32.71,32.73,46786668
2021-06-17 04:00:00+00:00,32.7,33.09,32.6,32.91,25746960
2021-06-18 04:00:00+00:00,32.72,32.74,32.0,32.05,37175564
2021-06-21 04:00:00+00:00,31.91,32.3,31.73,32.22,28374560
2021-06-22 04:00:00+00:00,32.22,32.31,32.01,32.02,16628132
2021-06-23 04:00:00+00:00,32.0,32.0,31.59,31.68,25932908
2021-06-24 04:00:00+00:00,31.72,31.73,31.51,31.65,15329886
2021-06-25 04:00:00+00:00,31.67,32.02,31.63,31.99,18323132
2021-06-28 04:00:00+00:00,32.12,32.35,32.08,32.2,16777028
2021-06-29 04:00:00+00:00,32.1,32.28,31.58,31.68,26320542
2021-06-30 04:00:00+00:00,31.65,31.77,31.5,31.62,19442318
2021-07-01 04:00:00+00:00,31.68,32.07,31.55,31.96,23026576
2021-07-02 04:00:00+00:00,32.05,32.05,31.85,32.01,22228490
2021-07-06 04:00:00+00:00,32.01,32.17,31.64,32.15,19066568
2021-07-07 04:00:00+00:00,32.16,32.36,31.98,32.35,24816512
2021-07-08 04:00:00+00:00,32.17,32.46,32.13,32.26,20858716
2021-07-09 04:00:00+00:00,32.31,32.39,32.03,32.3,21518228
2021-07-12 04:00:00+00:00,32.27,32.43,32.11,32.41,17466858
2021-07-13 04:00:00+00:00,32.35,32.46,32.05,32.16,23330404
2021-07-14 04:00:00+00:00,32.17,32.58,32.02,32.44,20747586
2021-07-15 04:00:00+00:00,32.33,32.83,32.32,32.81,31820778
2021-07-16 04:00:00+00:00,32.84,33.31,32.81,33.14,33168044
2021-07-19 04:00:00+00:00,33.0,33.26,32.24,32.61,45585870
2021-07-20 04:00:00+00:00,32.64,33.08,32.64,32.75,34248940
2021-07-21 04:00:00+00:00,32.77,32.85,32.37,32.39,22456810
2021-07-22 04:00:00+00:00,32.42,32.59,32.33,32.44,23109164
2021-07-23 04:00:00+00:00,32.52,32.89,32.46,32.85,16359390
2021-07-26 04:00:00+00:00,32.79,32.97,32.64,32.87,18656228
2021-07-27 04:00:00+00:00,32.84,33.49,32.65,33.43,34886144
2021-07-28 04:00:00+00:00,33.42,33.48,32.93,33.17,25243840
2021-07-29 04:00:00+00:00,33.24,33.36,33.07,33.27,30247706
2021-07-30 04:00:00+00:00,33.24,33.52,32.91,32.99,25568860
2021-08-02 04:00:00+00:00,33.06,33.36,33.02,33.24,24104272
2021-08-03 04:00:00+00:00,33.29,33.59,33.14,33.43,25994546
2021-08-04 04:00:00+00:00,33.3,33.42,32.97,33.38,32942798
2021-08-05 04:00:00+00:00,33.42,33.79,33.34,33.74,31790792
2021-08-06 04:00:00+00:00,33.71,33.97,33.63,33.73,20665676
2021-08-09 04:00:00+00:00,33.75,33.84,33.53,33.72,17269820
2021-08-10 04:00:00+00:00,33.74,33.87,33.6,33.75,15986492
2021-08-11 04:00:00+00:00,33.83,34.22,33.83,34.07,18667216
2021-08-12 04:00:00+00:00,34.01,34.22,33.99,34.1,19841750
2021-08-13 04:00:00+00:00,34.17,34.38,34.1,34.34,25274622
2021-08-16 04:00:00+00:00,34.34,34.8,34.31,34.55,25796812
2021-08-17 04:00:00+00:00,34.46,34.58,34.23,34.57,23348638
2021-08-18 04:00:00+00:00,34.57,34.64,34.28,34.4,31411602
2021-08-19 04:00:00+00:00,34.41,34.82,34.37,34.53,28491530
2021-08-20 04:00:00+00:00,34.48,34.99,34.3,34.97,24547912
2021-08-23 04:00:00+00:00,34.94,34.95,34.45,34.52,22383980
2021-08-24 04:00:00+00:00,34.5,34.53,34.06,34.29,25927222
2021-08-25 04:00:00+00:00,34.28,34.47,34.09,34.35,16728358
2021-08-26 04:00:00+00:00,34.35,34.37,34.2,34.27,16813594
2021-08-27 04:00:00+00:00,34.31,34.42,34.2,34.26,21592260
2021-08-30 04:00:00+00:00,34.25,34.41,34.14,34.31,28734520
2021-08-31 04:00:00+00:00,34.3,34.46,34.13,34.27,23084350
2021-09-01 04:00:00+00:00,34.37,34.84,34.32,34.72,27211060
2021-09-02 04:00:00+00:00,34.8,35.03,34.76,35.03,21582936
2021-09-03 04:00:00+00:00,34.93,34.98,34.66,34.74,19679922
2021-09-07 04:00:00+00:00,34.72,34.72,34.23,34.28,27829838
2021-09-08 04:00:00+00:00,34.27,34.99,34.19,34.9,29730334
2021-09-09 04:00:00+00:00,34.79,34.91,34.68,34.71,16954622
2021-09-10 04:00:00+00:00,34.69,34.73,34.22,34.23,25364256
2021-09-13 04:00:00+00:00,34.52,34.56,34.07,34.17,27123886
2021-09-14 04:00:00+00:00,34.28,34.39,33.97,34.05,31185186
2021-09-15 04:00:00+00:00,34.0,34.23,33.82,34.01,20073602
2021-09-16 04:00:00+00:00,34.0,34.14,33.67,33.72,34934006
2021-09-17 04:00:00+00:00,33.65,33.83,33.17,33.2,25920720
2021-09-20 04:00:00+00:00,32.88,33.18,32.53,32.89,50727178
2021-09-21 04:00:00+00:00,32.99,33.21,32.78,32.8,26417564
2021-09-22 04:00:00+00:00,32.92,33.05,32.66,32.78,25427230
2021-09-23 04:00:00+00:00,32.78,33.03,32.58,32.6,19333176
2021-09-24 04:00:00+00:00,32.6,32.82,32.49,32.57,23660162
2021-09-27 04:00:00+00:00,32.52,32.85,32.14,32.19,22253984
2021-09-28 04:00:00+00:00,32.16,32.21,31.69,31.78,41406820
2021-09-29 04:00:00+00:00,31.88,32.42,31.79,32.2,31983360
2021-09-30 04:00:00+00:00,32.32,32.34,31.9,31.94,27440324
2021-10-01 04:00:00+00:00,32.14,32.2,31.83,31.94,30161118
2021-10-04 04:00:00+00:00,31.91,32.47,31.89,32.38,42391324
2021-10-05 04:00:00+00:00,32.42,32.53,32.26,32.3,26130440
2021-10-06 04:00:00+00:00,32.2,32.82,32.01,32.8,33152786
2021-10-07 04:00:00+00:00,32.86,33.12,32.59,32.63,28009280
2021-10-08 04:00:00+00:00,32.62,32.69,32.36,32.39,18073942
2021-10-11 04:00:00+00:00,32.25,32.32,31.9,31.95,25975806
2021-10-12 04:00:00+00:00,31.99,32.25,31.91,32.16,21370934
2021-10-13 04:00:00+00:00,32.17,32.56,32.0,32.53,26207358
2021-10-14 04:00:00+00:00,32.65,33.0,32.57,32.94,22712552
2021-10-15 04:00:00+00:00,32.99,33.1,32.78,32.84,29602304
2021-10-18 04:00:00+00:00,32.62,32.71,32.35,32.53,21372250
2021-10-19 04:00:00+00:00,32.78,32.98,32.69,32.94,21488756
2021-10-20 04:00:00+00:00,33.07,33.59,33.03,33.46,29091794
2021-10-21 04:00:00+00:00,33.48,33.59,33.41,33.46,17416976
2021-10-22 04:00:00+00:00,33.55,33.69,33.47,33.63,22252768
2021-10-25 04:00:00+00:00,33.58,33.69,33.4,33.48,15589782
2021-10-26 04:00:00+00:00,33.51,33.92,33.46,33.66,19886114
2021-10-27 04:00:00+00:00,33.74,33.83,33.4,33.44,22713016
2021-10-28 04:00:00+00:00,33.41,33.66,33.37,33.66,15470768
2021-10-29 04:00:00+00:00,33.65,33.78,33.29,33.46,31860590
2021-11-01 04:00:00+00:00,33.45,33.66,33.34,33.58,16489310
2021-11-02 04:00:00+00:00,33.7,33.77,33.37,33.6,20402644
2021-11-03 04:00:00+00:00,33.55,33.68,33.21,33.48,21369968
2021-11-04 04:00:00+00:00,33.43,33.5,32.95,33.3,32237816
2021-11-05 04:00:00+00:00,33.41,33.76,33.37,33.61,22212806
2021-11-08 05:00:00+00:00,33.65,33.66,32.95,33.11,20241084
2021-11-09 05:00:00+00:00,33.17,33.37,33.07,33.28,16850220
2021-11-10 05:00:00+00:00,33.31,33.58,33.28,33.55,26321256
2021-11-11 05:00:00+00:00,33.53,33.55,33.17,33.35,16031060
2021-11-12 05:00:00+00:00,33.34,33.42,33.18,33.33,18788910
2021-11-15 05:00:00+00:00,33.47,33.78,33.4,33.77,19037012
2021-11-16 05:00:00+00:00,33.78,33.85,33.58,33.6,13460094
2021-11-17 05:00:00+00:00,33.53,33.69,33.35,33.64,19224156
2021-11-18 05:00:00+00:00,33.58,33.65,33.35,33.46,15885826
2021-11-19 05:00:00+00:00,33.51,33.73,33.42,33.65,21256390
2021-11-22 05:00:00+00:00,33.63,34.03,33.53,33.85,23475180
2021-11-23 05:00:00+00:00,33.85,34.09,33.69,33.89,19316960
2021-11-24 05:00:00+00:00,33.88,33.98,33.7,33.91,15986146
2021-11-26 05:00:00+00:00,33.67,33.89,33.3,33.38,22225208
2021-11-29 05:00:00+00:00,33.64,33.97,33.37,33.88,23315286
2021-11-30 05:00:00+00:00,33.72,33.72,32.85,32.89,49359852
2021-12-01 05:00:00+00:00,33.1,33.74,32.92,32.95,46626878
2021-12-02 05:00:00+00:00,33.03,33.67,33.03,33.37,35483208
2021-12-03 05:00:00+00:00,33.53,33.71,33.04,33.7,43360584
2021-12-06 05:00:00+00:00,33.92,34.57,33.91,34.22,47633036
2021-12-07 05:00:00+00:00,34.22,34.55,34.13,34.47,22575118
2021-12-08 05:00:00+00:00,34.5,34.67,34.25,34.44,27598526
2021-12-09 05:00:00+00:00,34.52,34.58,34.16,34.39,24046896
2021-12-10 05:00:00+00:00,34.53,34.74,34.4,34.58,23960526
2021-12-13 05:00:00+00:00,34.54,35.17,34.54,35.0,28113258
2021-12-14 05:00:00+00:00,34.99,35.07,34.63,34.79,35615700
2021-12-15 05:00:00+00:00,34.75,35.39,34.75,35.36,50027802
2021-12-16 05:00:00+00:00,35.33,35.76,35.3,35.54,30489776
2021-12-17 05:00:00+00:00,35.41,35.58,34.93,35.01,43612284
2021-12-20 05:00:00+00:00,34.4,34.8,34.12,34.77,31025386
2021-12-21 05:00:00+00:00,34.88,35.1,34.53,34.72,32420120
2021-12-22 05:00:00+00:00,34.66,34.92,34.61,34.87,19011704
2021-12-23 05:00:00+00:00,34.89,35.04,34.82,34.86,15307034
2021-12-27 05:00:00+00:00,34.88,35.03,34.77,35.03,16344756
2021-12-28 05:00:00+00:00,35.08,35.35,35.06,35.35,16812418
2021-12-29 05:00:00+00:00,35.39,35.59,35.33,35.53,14374032
2021-12-30 05:00:00+00:00,35.63,35.7,35.41,35.67,19339328
2021-12-31 05:00:00+00:00,35.59,35.92,35.52,35.79,18810032
2022-01-03 05:00:00+00:00,35.78,35.78,35.03,35.44,47098940
2022-01-04 05:00:00+00:00,35.44,35.78,35.32,35.33,29387708
2022-01-05 05:00:00+00:00,35.3,35.7,35.27,35.31,44546370
2022-01-06 05:00:00+00:00,35.31,35.45,34.9,34.94,36326286
2022-01-07 05:00:00+00:00,34.87,35.38,34.65,35.21,42663488
2022-01-10 05:00:00+00:00,35.17,35.23,34.8,34.98,31689928
2022-01-11 05:00:00+00:00,34.95,35.08,34.43,34.66,34146560
2022-01-12 05:00:00+00:00,34.55,34.86,34.45,34.77,29505066
2022-01-13 05:00:00+00:00,34.76,35.08,34.74,34.94,34585530
2022-01-14 05:00:00+00:00,34.94,35.01,34.53,34.7,33212086
2022-01-18 05:00:00+00:00,34.45,34.51,34.02,34.28,36287682
2022-01-19 05:00:00+00:00,34.3,34.74,34.28,34.44,34108814
2022-01-20 05:00:00+00:00,34.55,34.99,34.45,34.49,29765920
2022-01-21 05:00:00+00:00,34.66,34.84,34.35,34.42,49458616
2022-01-24 05:00:00+00:00,34.38,34.49,33.22,34.09,58580552
2022-01-25 05:00:00+00:00,33.56,33.96,33.4,33.56,52724978
2022-01-26 05:00:00+00:00,33.62,33.98,33.1,33.28,49553544
2022-01-27 05:00:00+00:00,33.59,33.99,33.41,33.58,45045998
2022-01-28 05:00:00+00:00,33.49,34.01,33.23,33.98,50793814
2022-01-31 05:00:00+00:00,33.78,34.66,33.71,34.63,57224834
2022-02-01 05:00:00+00:00,34.53,34.72,33.85,34.17,41518502
2022-02-02 05:00:00+00:00,34.14,34.72,34.08,34.67,46864330
2022-02-03 05:00:00+00:00,34.57,34.73,34.42,34.52,35082944
2022-02-04 05:00:00+00:00,34.22,34.55,33.9,34.24,40707982
2022-02-07 05:00:00+00:00,34.18,34.33,33.98,34.19,31065192
2022-02-08 05:00:00+00:00,34.33,34.44,34.13,34.22,44424876
2022-02-09 05:00:00+00:00,34.46,34.54,34.26,34.37,35259136
2022-02-10 05:00:00+00:00,34.03,34.19,33.42,33.49,45094072
2022-02-11 05:00:00+00:00,33.64,33.89,33.37,33.52,36095884
2022-02-14 05:00:00+00:00,33.63,33.68,32.91,33.23,37163554
2022-02-15 05:00:00+00:00,33.44,33.57,32.92,33.08,34200672
2022-02-16 05:00:00+00:00,33.12,33.29,32.83,33.15,32222442
2022-02-17 05:00:00+00:00,33.0,33.33,32.77,33.17,29213362
2022-02-18 05:00:00+00:00,33.06,33.39,32.96,33.11,33723796
2022-02-22 05:00:00+00:00,33.23,33.31,32.85,33.08,34784190
2022-02-23 05:00:00+00:00,33.14,33.24,32.48,32.52,34603434
2022-02-24 05:00:00+00:00,32.31,32.84,32.14,32.78,59191310
2022-02-25 05:00:00+00:00,33.07,33.83,32.99,33.79,42568178
2022-02-28 05:00:00+00:00,33.59,34.02,33.55,33.97,36749778
2022-03-01 05:00:00+00:00,33.9,34.19,33.42,33.67,33521276
2022-03-02 05:00:00+00:00,33.69,34.21,33.67,34.08,29637692
2022-03-03 05:00:00+00:00,34.22,34.85,34.19,34.68,44503378
2022-03-04 05:00:00+00:00,34.59,35.48,34.52,35.45,49185458
2022-03-07 05:00:00+00:00,35.53,35.98,35.23,35.91,62018976
2022-03-08 05:00:00+00:00,36.0,36.19,35.34,35.35,53202662
2022-03-09 05:00:00+00:00,35.6,35.66,35.03,35.1,51004264
2022-03-10 05:00:00+00:00,34.84,35.41,34.81,35.34,34090424
2022-03-11 05:00:00+00:00,35.39,35.63,35.18,35.22,25033286
2022-03-14 04:00:00+00:00,35.44,35.62,34.99,35.17,41099572
2022-03-15 04:00:00+00:00,35.52,35.7,35.31,35.63,29046652
2022-03-16 04:00:00+00:00,35.58,35.74,35.06,35.56,40159184
2022-03-17 04:00:00+00:00,35.58,35.97,35.51,35.71,32147650
2022-03-18 04:00:00+00:00,35.71,35.87,35.33,35.41,37067832
2022-03-21 04:00:00+00:00,35.22,35.57,35.21,35.41,36343356
2022-03-22 04:00:00+00:00,35.54,35.54,35.17,35.46,30244524
2022-03-23 04:00:00+00:00,35.42,35.71,35.24,35.51,29470858
2022-03-24 04:00:00+00:00,35.58,35.92,35.51,35.87,26680714
2022-03-25 04:00:00+00:00,36.0,36.41,35.92,36.39,28955086
2022-03-28 04:00:00+00:00,36.42,36.63,36.21,36.63,31657066
2022-03-29 04:00:00+00:00,36.61,36.97,36.55,36.97,39573156
2022-03-30 04:00:00+00:00,37.0,37.28,36.89,37.27,36033076
2022-03-31 04:00:00+00:00,37.24,37.57,37.21,37.23,36302754
2022-04-01 04:00:00+00:00,37.2,37.78,36.98,37.75,38136598
2022-04-04 04:00:00+00:00,37.6,37.6,37.08,37.46,28636560
2022-04-05 04:00:00+00:00,37.48,38.13,37.47,37.7,38696204
2022-04-06 04:00:00+00:00,37.82,38.47,37.65,38.45,56656486
2022-04-07 04:00:00+00:00,38.43,38.45,38.0,38.35,42194934
2022-04-08 04:00:00+00:00,38.49,38.62,38.16,38.48,34433088
2022-04-11 04:00:00+00:00,38.51,38.56,37.9,37.96,48707626
2022-04-12 04:00:00+00:00,37.85,38.3,37.72,38.1,45884230
2022-04-13 04:00:00+00:00,38.1,38.21,37.78,38.03,35807676
2022-04-14 04:00:00+00:00,38.1,38.3,37.99,38.05,28999126
2022-04-18 04:00:00+00:00,38.09,38.31,37.66,37.84,30580796
2022-04-19 04:00:00+00:00,37.95,38.16,37.84,38.09,33090976
2022-04-20 04:00:00+00:00,38.49,38.58,38.28,38.4,37300776
2022-04-21 04:00:00+00:00,38.27,38.38,37.73,37.76,37633546
2022-04-22 04:00:00+00:00,37.71,37.75,37.1,37.13,54777144
2022-04-25 04:00:00+00:00,37.26,37.28,36.26,36.87,60298992
2022-04-26 04:00:00+00:00,36.74,37.19,36.49,36.5,41587348
2022-04-27 04:00:00+00:00,36.53,36.87,36.21,36.33,49507412
2022-04-28 04:00:00+00:00,36.5,36.86,36.31,36.73,40412268
2022-04-29 04:00:00+00:00,36.57,36.64,35.58,35.63,55588848
2022-05-02 04:00:00+00:00,35.8,35.97,34.82,35.27,67360228
2022-05-03 04:00:00+00:00,35.4,35.98,35.24,35.4,42732340
2022-05-04 04:00:00+00:00,35.62,36.26,35.47,36.19,57051734
2022-05-05 04:00:00+00:00,35.95,36.25,35.5,35.82,54979644
2022-05-06 04:00:00+00:00,35.61,36.22,35.6,36.1,55643358
2022-05-09 04:00:00+00:00,35.89,36.2,35.54,35.84,51532214
2022-05-10 04:00:00+00:00,35.89,36.38,34.98,35.4,66106888
2022-05-11 04:00:00+00:00,35.38,36.25,35.34,35.66,73339276
2022-05-12 04:00:00+00:00,35.62,35.7,34.92,35.3,50630062
2022-05-13 04:00:00+00:00,35.6,35.77,35.15,35.72,30273956
2022-05-16 04:00:00+00:00,35.73,35.98,35.58,35.83,23561062
2022-05-17 04:00:00+00:00,35.99,36.2,35.44,36.2,30197840
2022-05-18 04:00:00+00:00,36.26,36.33,35.75,35.85,37853610
2022-05-19 04:00:00+00:00,35.68,35.93,35.27,35.77,39807388
2022-05-20 04:00:00+00:00,35.87,35.97,35.38,35.87,31645774
2022-05-23 04:00:00+00:00,36.28,36.47,35.94,36.3,27438060
2022-05-24 04:00:00+00:00,36.37,37.1,36.09,37.03,32794808
2022-05-25 04:00:00+00:00,37.07,37.12,36.76,37.0,28056032
2022-05-26 04:00:00+00:00,37.23,37.38,37.08,37.1,23586992
2022-05-27 04:00:00+00:00,37.08,37.69,36.92,37.69,23495218
2022-05-31 04:00:00+00:00,37.34,37.48,37.01,37.17,31130732
2022-06-01 04:00:00+00:00,37.3,37.3,36.77,37.1,22473630
2022-06-02 04:00:00+00:00,37.28,37.39,36.53,37.35,25346064
2022-06-03 04:00:00+00:00,37.2,37.41,37.1,37.17,18134912
2022-06-06 04:00:00+00:00,37.51,37.63,37.3,37.34,21065094
2022-06-07 04:00:00+00:00,37.24,37.6,37.02,37.57,20114732
2022-06-08 04:00:00+00:00,37.4,37.4,36.77,36.83,20203454
2022-06-09 04:00:00+00:00,36.81,36.99,35.92,35.95,26730774
2022-06-10 04:00:00+00:00,35.59,35.99,35.37,35.67,34355366
2022-06-13 04:00:00+00:00,35.22,35.3,33.86,34.03,56461958
2022-06-14 04:00:00+00:00,34.07,34.2,32.8,33.17,52082710
2022-06-15 04:00:00+00:00,33.47,33.9,32.98,33.39,53130120
2022-06-16 04:00:00+00:00,32.97,32.97,32.48,32.74,48784954
2022-06-17 04:00:00+00:00,32.79,33.02,32.17,32.44,44247028
2022-06-21 04:00:00+00:00,32.29,32.97,32.21,32.79,39040088
2022-06-22 04:00:00+00:00,32.62,33.38,32.6,33.14,29314120
2022-06-23 04:00:00+00:00,33.33,33.98,33.28,33.92,42370904
2022-06-24 04:00:00+00:00,34.1,34.58,33.96,34.51,30177544
2022-06-27 04:00:00+00:00,34.43,34.87,34.3,34.78,23815290
2022-06-28 04:00:00+00:00,34.9,35.17,34.61,34.66,26721872
2022-06-29 04:00:00+00:00,34.71,34.82,34.46,34.68,30657072
2022-06-30 04:00:00+00:00,34.47,35.33,34.42,35.07,39697834
2022-07-01 04:00:00+00:00,35.24,35.98,35.1,35.92,34623708
2022-07-05 04:00:00+00:00,35.85,35.87,34.16,34.7,44876444
2022-07-06 04:00:00+00:00,34.87,35.38,34.6,35.06,28836320
2022-07-07 04:00:00+00:00,35.24,35.35,34.99,35.03,17024694
2022-07-08 04:00:00+00:00,34.99,35.07,34.8,34.91,12724338
2022-07-11 04:00:00+00:00,34.78,35.19,34.7,35.13,13566656
2022-07-12 04:00:00+00:00,34.92,35.41,34.81,34.96,19322594
2022-07-13 04:00:00+00:00,34.64,35.19,34.6,34.82,39079866
2022-07-14 04:00:00+00:00,34.26,34.87,34.17,34.82,19158654
2022-07-15 04:00:00+00:00,34.85,34.93,34.28,34.88,17758130
2022-07-18 04:00:00+00:00,34.8,34.85,34.38,34.4,15620160
2022-07-19 04:00:00+00:00,34.62,34.81,34.5,34.62,24392800
2022-07-20 04:00:00+00:00,34.67,34.69,34.11,34.16,34667364
2022-07-21 04:00:00+00:00,34.25,34.26,33.92,34.24,26505928
2022-07-22 04:00:00+00:00,34.52,34.85,34.44,34.72,19999964
2022-07-25 04:00:00+00:00,34.66,35.16,34.57,35.15,17538420
2022-07-26 04:00:00+00:00,35.12,35.47,35.08,35.36,18197474
2022-07-27 04:00:00+00:00,35.2,35.49,35.1,35.39,20951824
2022-07-28 04:00:00+00:00,36.02,36.74,35.99,36.66,30149494
2022-07-29 04:00:00+00:00,36.59,37.13,36.59,36.98,25223524
2022-08-01 04:00:00+00:00,36.86,37.05,36.62,37.02,23380172
2022-08-02 04:00:00+00:00,37.18,37.4,36.91,36.94,23396978
2022-08-03 04:00:00+00:00,36.89,37.26,36.31,37.17,22203988
2022-08-04 04:00:00+00:00,37.19,37.52,37.07,37.25,17713638
2022-08-05 04:00:00+00:00,37.15,37.32,36.77,37.12,22298672
2022-08-08 04:00:00+00:00,37.44,37.61,36.99,37.17,17257952
2022-08-09 04:00:00+00:00,37.28,37.66,37.26,37.59,16581238
2022-08-10 04:00:00+00:00,37.76,37.84,37.48,37.75,16007506
2022-08-11 04:00:00+00:00,37.81,38.13,37.64,37.74,16277384
2022-08-12 04:00:00+00:00,38.0,38.37,37.92,38.36,16049200
2022-08-15 04:00:00+00:00,38.28,38.72,38.22,38.68,17725304
2022-08-16 04:00:00+00:00,38.6,38.93,38.55,38.79,15684938
2022-08-17 04:00:00+00:00,38.63,38.89,38.6,38.73,22054000
2022-08-18 04:00:00+00:00,38.76,38.99,38.73,38.87,17083366
2022-08-19 04:00:00+00:00,38.82,39.03,38.67,38.85,17681316
2022-08-22 04:00:00+00:00,38.67,38.74,38.22,38.32,26845314
2022-08-23 04:00:00+00:00,38.25,38.34,37.94,38.09,15979332
2022-08-24 04:00:00+00:00,38.04,38.26,37.94,38.21,15196508
2022-08-25 04:00:00+00:00,38.3,38.45,38.01,38.45,14926528
2022-08-26 04:00:00+00:00,38.46,38.59,37.82,37.85,18200874
2022-08-29 04:00:00+00:00,37.66,38.25,37.44,37.97,22881878
2022-08-30 04:00:00+00:00,37.96,37.99,37.28,37.42,20932422
2022-08-31 04:00:00+00:00,37.44,37.67,37.15,37.17,22434578
2022-09-01 04:00:00+00:00,37.03,37.76,37.03,37.71,28531050
2022-09-02 04:00:00+00:00,37.8,38.16,37.19,37.3,25923386
2022-09-06 04:00:00+00:00,37.51,37.92,37.3,37.4,33454598
2022-09-07 04:00:00+00:00,37.58,38.62,37.53,38.57,31992154
2022-09-08 04:00:00+00:00,38.42,38.79,38.33,38.53,25480656
2022-09-09 04:00:00+00:00,38.77,38.91,38.42,38.69,21412118
2022-09-12 04:00:00+00:00,38.8,39.11,38.67,39.06,22948122
2022-09-13 04:00:00+00:00,38.67,38.83,37.84,38.02,35658058
2022-09-14 04:00:00+00:00,38.03,38.55,37.99,38.33,22532422
2022-09-15 04:00:00+00:00,38.03,38.03,37.28,37.38,37033452
2022-09-16 04:00:00+00:00,37.24,37.53,37.17,37.24,32933292
2022-09-19 04:00:00+00:00,36.87,37.49,36.77,37.48,23010260
2022-09-20 04:00:00+00:00,37.24,37.24,36.67,36.94,23766880
2022-09-21 04:00:00+00:00,37.17,37.42,36.42,36.43,30701598
2022-09-22 04:00:00+00:00,36.4,36.55,36.11,36.3,35372296
2022-09-23 04:00:00+00:00,35.95,35.99,35.42,35.88,32943400
2022-09-26 04:00:00+00:00,35.79,35.84,34.66,35.02,36259294
2022-09-27 04:00:00+00:00,35.24,35.3,34.26,34.42,38951952
2022-09-28 04:00:00+00:00,34.83,35.01,34.37,34.8,46472694
2022-09-29 04:00:00+00:00,34.62,34.7,33.33,33.4,41114458
2022-09-30 04:00:00+00:00,33.56,33.69,32.69,32.76,46588874
2022-10-03 04:00:00+00:00,33.29,33.9,33.06,33.72,52216806
2022-10-04 04:00:00+00:00,33.95,34.46,33.74,34.43,34086708
2022-10-05 04:00:00+00:00,33.99,33.99,33.29,33.67,34880532
2022-10-06 04:00:00+00:00,33.52,33.58,32.52,32.56,51676110
2022-10-07 04:00:00+00:00,32.46,32.58,31.66,31.88,42954978
2022-10-10 04:00:00+00:00,31.95,32.32,31.89,31.94,33489698
2022-10-11 04:00:00+00:00,31.82,32.24,31.65,31.82,34539930
2022-10-12 04:00:00+00:00,31.77,31.83,30.74,30.76,42437554
2022-10-13 04:00:00+00:00,30.3,31.66,30.18,31.53,62286738
2022-10-14 04:00:00+00:00,31.86,32.09,30.92,31.08,39738622
2022-10-17 04:00:00+00:00,31.5,32.03,31.5,31.73,28694886
2022-10-18 04:00:00+00:00,32.35,32.48,31.99,32.31,32590672
2022-10-19 04:00:00+00:00,31.89,32.1,31.61,31.89,25894764
2022-10-20 04:00:00+00:00,31.9,31.9,30.93,31.08,31351982
2022-10-21 04:00:00+00:00,31.2,31.89,30.98,31.66,31554656
2022-10-24 04:00:00+00:00,31.83,32.17,31.57,31.92,20543218
2022-10-25 04:00:00+00:00,32.03,32.64,31.95,32.56,29005470
2022-10-26 04:00:00+00:00,32.74,32.9,32.41,32.55,27918956
2022-10-27 04:00:00+00:00,32.78,33.17,32.71,32.81,24971264
2022-10-28 04:00:00+00:00,32.94,33.78,32.9,33.71,27697040
2022-10-31 04:00:00+00:00,33.62,33.76,33.19,33.39,22520822
2022-11-01 04:00:00+00:00,33.59,33.72,33.26,33.52,21666562
2022-11-02 04:00:00+00:00,33.41,34.1,33.18,33.2,43106050
2022-11-03 04:00:00+00:00,32.88,33.64,32.7,33.34,29042698
2022-11-04 04:00:00+00:00,33.41,33.68,32.96,33.55,24791390
2022-11-07 05:00:00+00:00,33.48,33.53,32.38,32.91,28592798
2022-11-08 05:00:00+00:00,32.95,33.34,32.85,33.14,24827888
2022-11-09 05:00:00+00:00,33.0,33.25,32.81,32.88,25781716
2022-11-10 05:00:00+00:00,33.87,34.49,33.37,34.42,35830376
2022-11-11 05:00:00+00:00,34.42,34.52,33.72,34.04,30624018
2022-11-14 05:00:00+00:00,34.06,34.24,33.62,33.64,20491052
2022-11-15 05:00:00+00:00,33.99,34.24,33.6,34.01,27241994
2022-11-16 05:00:00+00:00,34.02,34.49,34.02,34.31,26462638
2022-11-17 05:00:00+00:00,33.94,34.03,33.55,33.71,23247376
2022-11-18 05:00:00+00:00,34.03,34.46,34.01,34.42,23474920
2022-11-21 05:00:00+00:00,34.37,34.68,34.35,34.58,22877228
2022-11-22 05:00:00+00:00,34.74,35.09,34.65,34.88,14905586
2022-11-23 05:00:00+00:00,34.78,35.28,34.78,35.27,14333548
2022-11-25 05:00:00+00:00,35.4,35.58,35.37,35.47,8982966
2022-11-28 05:00:00+00:00,35.23,35.36,34.96,35.1,18263948
2022-11-29 05:00:00+00:00,34.89,34.92,34.64,34.85,19004810
2022-11-30 05:00:00+00:00,34.78,35.79,34.74,35.72,32946322
2022-12-01 05:00:00+00:00,36.07,36.26,35.59,35.69,30706262
2022-12-02 05:00:00+00:00,35.31,35.61,35.16,35.52,20708278
2022-12-05 05:00:00+00:00,35.24,35.45,35.18,35.32,22903052
2022-12-06 05:00:00+00:00,35.27,35.56,35.13,35.53,25649538
2022-12-07 05:00:00+00:00,35.57,35.81,35.24,35.37,28297926
2022-12-08 05:00:00+00:00,35.38,35.73,35.24,35.6,19920116
2022-12-09 05:00:00+00:00,35.48,35.73,35.38,35.42,23834996
2022-12-12 05:00:00+00:00,35.6,36.24,35.47,36.23,22763830
2022-12-13 05:00:00+00:00,36.74,36.9,35.94,36.34,27388420
2022-12-14 05:00:00+00:00,36.46,36.85,36.03,36.29,26637446
2022-12-15 05:00:00+00:00,36.15,36.21,35.68,35.85,26308586
2022-12-16 05:00:00+00:00,35.58,35.58,34.8,35.24,39262598
2022-12-19 05:00:00+00:00,34.78,35.15,34.59,34.82,19664570
2022-12-20 05:00:00+00:00,34.8,35.02,34.57,34.83,15964072
2022-12-21 05:00:00+00:00,35.03,35.32,34.92,35.31,16484728
2022-12-22 05:00:00+00:00,35.26,35.26,34.52,35.1,14103904
2022-12-23 05:00:00+00:00,35.03,35.48,35.03,35.46,11349286
2022-12-27 05:00:00+00:00,35.53,35.75,35.31,35.67,12211302
2022-12-28 05:00:00+00:00,35.76,35.91,35.28,35.34,14431324
2022-12-29 05:00:00+00:00,35.51,35.79,35.49,35.59,11555294
2022-12-30 05:00:00+00:00,35.56,35.62,34.92,35.25,14699384
2023-01-03 05:00:00+00:00,35.35,35.47,34.77,35.25,25774238
2023-01-04 05:00:00+00:00,35.41,35.89,35.35,35.57,20872698
2023-01-05 05:00:00+00:00,35.3,35.44,34.69,34.8,19572860
2023-01-06 05:00:00+00:00,35.2,35.67,35.15,35.5,19620498
2023-01-09 05:00:00+00:00,35.49,36.01,35.39,35.74,23438720
2023-01-10 05:00:00+00:00,35.65,35.77,35.33,35.75,17214952
2023-01-11 05:00:00+00:00,35.75,36.09,35.74,36.04,21371844
2023-01-12 05:00:00+00:00,36.09,36.14,35.77,35.8,25797756
2023-01-13 05:00:00+00:00,35.65,35.78,35.4,35.67,23793060
2023-01-17 05:00:00+00:00,35.69,35.95,35.56,35.62,19530468
2023-01-18 05:00:00+00:00,35.77,35.77,34.72,34.76,29020468
2023-01-19 05:00:00+00:00,34.74,34.78,34.33,34.41,28393950
2023-01-20 05:00:00+00:00,34.39,34.63,33.92,34.62,24718848
2023-01-23 05:00:00+00:00,34.49,34.96,34.35,34.63,19652876
2023-01-24 05:00:00+00:00,34.66,34.91,34.22,34.8,20658710
2023-01-25 05:00:00+00:00,34.29,34.41,33.98,34.33,25982970
2023-01-26 05:00:00+00:00,34.15,34.5,34.09,34.45,20360084
2023-01-27 05:00:00+00:00,34.37,34.59,34.24,34.45,15425744
2023-01-30 05:00:00+00:00,34.32,34.68,34.26,34.29,15561042
2023-01-31 05:00:00+00:00,34.39,34.56,33.98,34.55,19442306
2023-02-01 05:00:00+00:00,34.38,34.85,34.14,34.6,30944980
2023-02-02 05:00:00+00:00,34.63,35.06,34.35,34.68,24997080
2023-02-03 05:00:00+00:00,34.37,34.51,33.5,33.96,25358878
2023-02-06 05:00:00+00:00,33.83,34.27,33.77,34.24,31414134
2023-02-07 05:00:00+00:00,34.09,34.34,33.76,34.23,21124612
2023-02-08 05:00:00+00:00,34.03,34.05,33.49,33.66,22471696
2023-02-09 05:00:00+00:00,33.74,33.92,33.14,33.2,20715510
2023-02-10 05:00:00+00:00,33.23,33.89,33.19,33.85,30962896
2023-02-13 05:00:00+00:00,33.87,34.15,33.87,34.06,16183864
2023-02-14 05:00:00+00:00,34.03,34.26,33.74,33.92,14150444
2023-02-15 05:00:00+00:00,33.72,34.16,33.72,34.14,11020018
2023-02-16 05:00:00+00:00,33.8,34.03,33.51,33.88,18399566
2023-02-17 05:00:00+00:00,33.89,34.4,33.71,34.24,21873138
2023-02-21 05:00:00+00:00,33.99,34.09,33.58,33.6,16969068
2023-02-22 05:00:00+00:00,33.6,33.85,33.38,33.47,26750116
2023-02-23 05:00:00+00:00,33.62,33.62,33.15,33.3,21406690
2023-02-24 05:00:00+00:00,33.01,33.42,32.87,33.31,23149422
2023-02-27 05:00:00+00:00,33.47,33.79,33.01,33.08,21720642
2023-02-28 05:00:00+00:00,32.93,33.09,32.5,32.5,41151872
2023-03-01 05:00:00+00:00,32.33,32.36,31.81,31.97,47275902
2023-03-02 05:00:00+00:00,31.92,32.59,31.88,32.57,30694972
2023-03-03 05:00:00+00:00,32.7,33.15,32.38,33.13,30173916
2023-03-06 05:00:00+00:00,33.15,33.39,33.1,33.28,24243432
2023-03-07 05:00:00+00:00,33.32,33.4,32.58,32.74,24055288
2023-03-08 05:00:00+00:00,32.73,33.06,32.6,32.99,27407536
2023-03-09 05:00:00+00:00,33.08,33.39,32.62,32.73,34067114
2023-03-10 05:00:00+00:00,32.89,32.89,32.05,32.21,41666198
2023-03-13 04:00:00+00:00,32.17,33.42,32.13,32.71,67671460
2023-03-14 04:00:00+00:00,32.95,33.41,32.81,33.14,35118470
2023-03-15 04:00:00+00:00,33.04,33.8,32.88,33.59,48336760
2023-03-16 04:00:00+00:00,33.46,34.01,33.33,33.81,31649148
2023-03-17 04:00:00+00:00,33.73,33.8,33.24,33.49,35812906
2023-03-20 04:00:00+00:00,33.29,33.61,33.28,33.5,38838148
2023-03-21 04:00:00+00:00,33.56,33.6,32.39,32.83,51865074
2023-03-22 04:00:00+00:00,32.78,32.95,32.17,32.18,35793284
2023-03-23 04:00:00+00:00,32.19,32.5,31.69,31.85,33769010
2023-03-24 04:00:00+00:00,31.89,32.85,31.86,32.85,36111934
2023-03-27 04:00:00+00:00,32.95,33.18,32.8,32.89,28273880
2023-03-28 04:00:00+00:00,32.81,33.32,32.81,32.98,22038970
2023-03-29 04:00:00+00:00,33.15,33.51,33.15,33.46,19808036
2023-03-30 04:00:00+00:00,33.53,33.77,33.41,33.6,20585690
2023-03-31 04:00:00+00:00,33.71,33.86,33.52,33.85,23443436
2023-04-03 04:00:00+00:00,33.72,33.87,33.42,33.62,24071630
2023-04-04 04:00:00+00:00,33.6,33.85,33.51,33.78,21614010
2023-04-05 04:00:00+00:00,33.93,34.76,33.92,34.66,37674364
2023-04-06 04:00:00+00:00,34.94,34.98,34.55,34.91,33350456
2023-04-10 04:00:00+00:00,34.71,34.85,34.36,34.84,20462936
2023-04-11 04:00:00+00:00,34.78,34.96,34.7,34.87,17274078
2023-04-12 04:00:00+00:00,34.93,35.08,34.71,34.83,25109438
2023-04-13 04:00:00+00:00,34.67,34.93,34.17,34.84,32892422
2023-04-14 04:00:00+00:00,34.58,34.65,34.28,34.45,18128798
2023-04-17 04:00:00+00:00,34.51,34.7,34.29,34.64,15613690
2023-04-18 04:00:00+00:00,34.65,34.72,34.33,34.46,15566454
2023-04-19 04:00:00+00:00,34.54,34.83,34.49,34.72,20634576
2023-04-20 04:00:00+00:00,34.75,34.85,34.51,34.71,14737478
2023-04-21 04:00:00+00:00,34.94,35.06,34.6,34.81,14075580
2023-04-24 04:00:00+00:00,34.8,35.05,34.59,34.99,13578940
2023-04-25 04:00:00+00:00,34.85,35.14,34.85,34.95,20503510
2023-04-26 04:00:00+00:00,34.68,34.79,34.09,34.13,29513732
2023-04-27 04:00:00+00:00,34.23,34.57,34.2,34.54,24933354
2023-04-28 04:00:00+00:00,34.44,34.7,34.28,34.49,24246880
2023-05-01 04:00:00+00:00,34.41,34.89,34.38,34.55,21016126
2023-05-02 04:00:00+00:00,34.52,34.61,33.94,34.13,22931462
2023-05-03 04:00:00+00:00,34.32,34.53,33.99,34.03,23714386
2023-05-04 04:00:00+00:00,34.1,34.43,33.78,34.3,29262318
2023-05-05 04:00:00+00:00,34.18,34.6,34.18,34.52,22833240
2023-05-08 04:00:00+00:00,34.48,34.73,34.3,34.41,16573444
2023-05-09 04:00:00+00:00,34.33,34.46,34.12,34.37,20562438
2023-05-10 04:00:00+00:00,34.58,34.77,34.33,34.68,21416854
2023-05-11 04:00:00+00:00,34.7,34.71,34.17,34.33,29748158
2023-05-12 04:00:00+00:00,34.52,34.74,34.31,34.52,23748258
2023-05-15 04:00:00+00:00,34.65,34.7,33.94,34.08,26370274
2023-05-16 04:00:00+00:00,34.04,34.1,33.31,33.33,28008014
2023-05-17 04:00:00+00:00,33.43,33.44,33.07,33.21,34176638
2023-05-18 04:00:00+00:00,33.05,33.14,32.81,33.1,32335576
2023-05-19 04:00:00+00:00,33.26,33.45,33.03,33.06,24943924
2023-05-22 04:00:00+00:00,33.14,33.31,32.95,33.07,18989338
2023-05-23 04:00:00+00:00,32.94,33.28,32.86,32.95,24128032
2023-05-24 04:00:00+00:00,32.91,33.03,32.68,32.74,23127590
2023-05-25 04:00:00+00:00,32.67,32.69,32.07,32.3,32252144
2023-05-26 04:00:00+00:00,32.24,32.32,31.97,32.3,33187836
2023-05-30 04:00:00+00:00,32.35,32.52,32.12,32.17,31165740
2023-05-31 04:00:00+00:00,32.19,32.61,31.98,32.47,34266218
2023-06-01 04:00:00+00:00,32.53,32.57,32.03,32.23,37306372
2023-06-02 04:00:00+00:00,32.06,32.69,31.99,32.56,46091954
2023-06-05 04:00:00+00:00,32.63,33.07,32.56,32.72,26871588
2023-06-06 04:00:00+00:00,32.87,32.92,32.6,32.69,25723220
2023-06-07 04:00:00+00:00,32.72,33.33,32.51,33.24,38457672
2023-06-08 04:00:00+00:00,33.24,33.44,32.99,33.39,29319766
2023-06-09 04:00:00+00:00,33.4,33.42,33.17,33.2,26633388
2023-06-12 04:00:00+00:00,33.22,33.31,33.0,33.14,22967800
2023-06-13 04:00:00+00:00,32.94,33.24,32.88,33.13,23737394
2023-06-14 04:00:00+00:00,33.25,33.51,33.05,33.11,28047378
2023-06-15 04:00:00+00:00,33.24,33.55,33.17,33.47,27402330
2023-06-16 04:00:00+00:00,33.55,33.92,33.52,33.65,27370762
2023-06-20 04:00:00+00:00,33.28,33.35,32.95,32.99,25851308
2023-06-21 04:00:00+00:00,32.88,33.29,32.52,33.26,21445894
2023-06-22 04:00:00+00:00,33.38,33.45,32.91,33.0,20002164
2023-06-23 04:00:00+00:00,33.1,33.21,32.47,32.52,25439274
2023-06-26 04:00:00+00:00,32.57,32.94,32.44,32.84,20535150
2023-06-27 04:00:00+00:00,32.86,32.96,32.74,32.85,17020886
2023-06-28 04:00:00+00:00,32.84,32.84,32.28,32.36,29447652
2023-06-29 04:00:00+00:00,32.1,32.54,32.03,32.36,29307852
2023-06-30 04:00:00+00:00,32.41,32.76,32.39,32.72,27003022
2023-07-03 04:00:00+00:00,32.65,32.98,32.54,32.97,16192934
2023-07-05 04:00:00+00:00,32.85,33.59,32.81,33.34,38338642
2023-07-06 04:00:00+00:00,33.08,33.17,32.76,32.94,30846098
2023-07-07 04:00:00+00:00,32.72,32.93,32.61,32.7,25787532
2023-07-10 04:00:00+00:00,32.64,32.75,32.3,32.56,24820284
2023-07-11 04:00:00+00:00,32.62,32.97,32.5,32.96,22874408
2023-07-12 04:00:00+00:00,33.06,33.48,33.0,33.44,26655448
2023-07-13 04:00:00+00:00,33.44,33.57,33.32,33.56,19835442
2023-07-14 04:00:00+00:00,33.47,33.57,33.24,33.42,20285660
2023-07-17 04:00:00+00:00,33.32,33.39,33.02,33.04,21261702
2023-07-18 04:00:00+00:00,33.01,33.3,32.49,32.78,36265876
2023-07-19 04:00:00+00:00,32.81,33.32,32.81,33.12,27153970
2023-07-20 04:00:00+00:00,33.21,33.78,33.04,33.73,33328944
2023-07-21 04:00:00+00:00,33.86,34.37,33.8,34.23,36745956
2023-07-24 04:00:00+00:00,34.28,34.34,33.98,34.14,26484518
2023-07-25 04:00:00+00:00,34.1,34.31,33.99,34.2,16701670
2023-07-26 04:00:00+00:00,34.11,34.58,34.04,34.2,23158170
2023-07-27 04:00:00+00:00,34.07,34.21,33.53,33.6,32130100
2023-07-28 04:00:00+00:00,33.82,33.95,33.35,33.52,26432144
2023-07-31 04:00:00+00:00,33.66,33.79,33.38,33.53,25060588
2023-08-01 04:00:00+00:00,33.49,33.67,33.1,33.13,26919682
2023-08-02 04:00:00+00:00,32.99,33.28,32.94,33.13,30336562
2023-08-03 04:00:00+00:00,33.03,33.05,32.34,32.37,41269352
2023-08-04 04:00:00+00:00,32.46,32.67,31.85,32.0,36497842
2023-08-07 04:00:00+00:00,32.12,32.26,31.98,31.99,25131736
2023-08-08 04:00:00+00:00,31.99,32.15,31.69,32.14,30350200
2023-08-09 04:00:00+00:00,32.13,32.49,32.07,32.21,26387350
2023-08-10 04:00:00+00:00,32.34,32.53,32.02,32.11,27384646
2023-08-11 04:00:00+00:00,32.14,32.33,32.04,32.28,24336620
2023-08-14 04:00:00+00:00,32.27,32.28,31.89,32.03,21560464
2023-08-15 04:00:00+00:00,31.85,31.86,31.49,31.51,30379286
2023-08-16 04:00:00+00:00,31.65,31.79,31.53,31.65,25028314
2023-08-17 04:00:00+00:00,31.69,31.99,31.56,31.58,23753110
2023-08-18 04:00:00+00:00,31.58,31.82,31.55,31.75,25675582
2023-08-21 04:00:00+00:00,31.65,31.74,31.29,31.55,24162004
2023-08-22 04:00:00+00:00,31.53,31.73,31.41,31.64,27062212
2023-08-23 04:00:00+00:00,31.81,31.84,31.54,31.76,26772050
2023-08-24 04:00:00+00:00,31.71,32.14,31.54,31.58,25934276
2023-08-25 04:00:00+00:00,31.62,31.98,31.6,31.82,24981268
2023-08-28 04:00:00+00:00,31.87,32.05,31.75,31.81,17326488
2023-08-29 04:00:00+00:00,31.85,32.02,31.72,31.93,23746192
2023-08-30 04:00:00+00:00,31.83,32.03,31.66,31.79,22481260
2023-08-31 04:00:00+00:00,31.91,31.94,31.47,31.48,27542118
2023-09-01 04:00:00+00:00,31.65,31.75,31.07,31.32,28775590
2023-09-05 04:00:00+00:00,31.3,31.32,30.67,30.84,37650624
2023-09-06 04:00:00+00:00,30.89,30.95,30.71,30.91,38940124
2023-09-07 04:00:00+00:00,31.18,31.57,31.1,31.32,33748512
2023-09-08 04:00:00+00:00,31.37,31.65,31.27,31.59,32522242
2023-09-11 04:00:00+00:00,31.56,31.88,31.55,31.72,26796498
2023-09-12 04:00:00+00:00,31.72,31.85,31.51,31.76,22094962
2023-09-13 04:00:00+00:00,31.78,32.28,31.78,32.14,30120856
2023-09-14 04:00:00+00:00,32.34,32.63,32.3,32.61,26200986
2023-09-15 04:00:00+00:00,32.56,32.81,32.44,32.47,34801978
2023-09-18 04:00:00+00:00,32.23,32.29,31.96,32.19,19134956
2023-09-19 04:00:00+00:00,32.16,32.28,32.0,32.01,24889254
2023-09-20 04:00:00+00:00,32.14,32.38,31.95,32.04,18736186
2023-09-21 04:00:00+00:00,32.02,32.07,31.69,31.71,25629374
2023-09-22 04:00:00+00:00,31.57,31.85,31.44,31.65,24599578
2023-09-25 04:00:00+00:00,31.46,31.62,31.27,31.6,24729814
2023-09-26 04:00:00+00:00,31.47,31.51,30.57,30.66,46833314
2023-09-27 04:00:00+00:00,30.6,30.67,29.98,30.07,52033536
2023-09-28 04:00:00+00:00,30.18,30.24,29.37,29.42,77189718
2023-09-29 04:00:00+00:00,29.67,29.91,29.3,29.47,45737806
2023-10-02 04:00:00+00:00,29.3,29.3,27.76,28.1,111645438
2023-10-03 04:00:00+00:00,27.88,28.52,27.46,28.42,115236442
2023-10-04 04:00:00+00:00,28.57,28.62,27.95,28.39,58997270
2023-10-05 04:00:00+00:00,28.32,28.4,27.95,28.23,56290012
2023-10-06 04:00:00+00:00,27.88,28.7,27.39,28.63,68207394
2023-10-09 04:00:00+00:00,28.58,28.91,28.46,28.91,40487666
2023-10-10 04:00:00+00:00,28.91,29.32,28.91,29.31,61414438
2023-10-11 04:00:00+00:00,29.47,29.81,29.26,29.78,53347322
2023-10-12 04:00:00+00:00,29.63,29.81,29.06,29.32,55086616
2023-10-13 04:00:00+00:00,29.52,29.84,29.44,29.65,39574468
2023-10-16 04:00:00+00:00,29.71,30.07,29.48,29.96,39554802
2023-10-17 04:00:00+00:00,29.7,30.07,29.65,29.88,36960434
2023-10-18 04:00:00+00:00,29.85,30.02,29.43,29.62,46726986
2023-10-19 04:00:00+00:00,29.52,29.8,29.3,29.32,39363884
2023-10-20 04:00:00+00:00,29.25,29.54,29.01,29.02,40044816
2023-10-23 04:00:00+00:00,28.75,29.19,28.52,28.77,41041270
2023-10-24 04:00:00+00:00,29.21,29.63,29.12,29.51,47194426
2023-10-25 04:00:00+00:00,29.46,29.74,29.34,29.68,41309432
2023-10-26 04:00:00+00:00,29.76,30.2,29.74,29.93,47174642
2023-10-27 04:00:00+00:00,29.8,29.97,29.28,29.37,40502424
2023-10-30 04:00:00+00:00,29.49,29.79,29.27,29.59,28539638
2023-10-31 04:00:00+00:00,29.71,29.88,29.5,29.85,21364534
2023-11-01 04:00:00+00:00,29.89,30.37,29.6,30.19,46522990
2023-11-02 04:00:00+00:00,30.25,30.91,30.2,30.75,51100148
2023-11-03 04:00:00+00:00,31.29,31.33,30.92,30.93,45147352
2023-11-06 05:00:00+00:00,30.99,31.09,30.82,30.85,38240094
2023-11-07 05:00:00+00:00,30.87,30.91,30.58,30.63,37684558
2023-11-08 05:00:00+00:00,30.5,30.5,30.06,30.4,43295696
2023-11-09 05:00:00+00:00,30.46,30.55,29.99,30.0,32195650
2023-11-10 05:00:00+00:00,30.14,30.25,29.96,30.16,28031060
2023-11-13 05:00:00+00:00,30.1,30.17,29.75,29.8,31159620
2023-11-14 05:00:00+00:00,30.47,31.02,30.41,30.99,57318158
2023-11-15 05:00:00+00:00,30.91,31.35,30.83,30.9,49662750
2023-11-16 05:00:00+00:00,31.15,31.31,31.04,31.06,34650516
2023-11-17 05:00:00+00:00,31.23,31.27,30.97,31.15,23879206
2023-11-20 05:00:00+00:00,31.0,31.17,30.64,31.05,28316518
2023-11-21 05:00:00+00:00,31.03,31.18,30.83,31.12,20288504
2023-11-22 05:00:00+00:00,31.23,31.28,30.97,31.27,17919658
2023-11-24 05:00:00+00:00,31.26,31.35,31.14,31.35,9798534
2023-11-27 05:00:00+00:00,31.37,31.46,31.15,31.4,24833162
2023-11-28 05:00:00+00:00,31.4,31.72,31.28,31.5,29415116
2023-11-29 05:00:00+00:00,31.51,31.63,31.13,31.25,35806518
2023-11-30 05:00:00+00:00,31.34,31.42,31.12,31.38,30483516
2023-12-01 05:00:00+00:00,31.4,31.77,31.19,31.77,29342750
2023-12-04 05:00:00+00:00,31.62,31.91,31.48,31.64,30515812
2023-12-05 05:00:00+00:00,31.67,31.68,31.29,31.42,22540156
2023-12-06 05:00:00+00:00,31.56,31.85,31.51,31.84,26817766
2023-12-07 05:00:00+00:00,31.88,32.0,31.62,31.77,21876512
2023-12-08 05:00:00+00:00,31.72,31.85,31.47,31.71,24002916
2023-12-11 05:00:00+00:00,31.54,31.95,31.54,31.91,22448724
2023-12-12 05:00:00+00:00,31.96,31.97,31.54,31.78,21768254
2023-12-13 05:00:00+00:00,31.82,32.98,31.64,32.98,43451906
2023-12-14 05:00:00+00:00,33.18,33.35,32.49,32.55,64968178
2023-12-15 05:00:00+00:00,32.23,32.39,31.75,31.99,53128926
2023-12-18 05:00:00+00:00,31.78,31.95,31.55,31.62,32506912
2023-12-19 05:00:00+00:00,31.73,31.84,31.59,31.8,25377854
2023-12-20 05:00:00+00:00,31.76,31.85,31.15,31.15,36651856
2023-12-21 05:00:00+00:00,31.26,31.42,30.99,31.21,31753894
2023-12-22 05:00:00+00:00,31.32,31.62,31.25,31.31,26447642
2023-12-26 05:00:00+00:00,31.26,31.62,31.25,31.5,19075146
2023-12-27 05:00:00+00:00,31.44,31.54,31.32,31.48,18984524
2023-12-28 05:00:00+00:00,31.38,31.75,31.38,31.71,17346364
2023-12-29 05:00:00+00:00,31.64,31.73,31.46,31.67,22478184
2024-01-02 05:00:00+00:00,31.53,32.2,31.47,32.13,30758616
2024-01-03 05:00:00+00:00,32.12,32.3,31.9,32.24,32866350
2024-01-04 05:00:00+00:00,32.28,32.45,32.1,32.15,26622314
2024-01-05 05:00:00+00:00,32.1,32.42,31.96,32.27,27190380
2024-01-08 05:00:00+00:00,32.2,32.51,32.1,32.5,23434400
2024-01-09 05:00:00+00:00,32.33,32.38,32.17,32.24,28805746
2024-01-10 05:00:00+00:00,32.24,32.38,32.12,32.23,21854128
2024-01-11 05:00:00+00:00,32.13,32.13,31.38,31.48,44353638
2024-01-12 05:00:00+00:00,31.69,31.79,31.53,31.66,19537746
2024-01-16 05:00:00+00:00,31.51,31.59,31.24,31.32,30453986
2024-01-17 05:00:00+00:00,31.14,31.42,30.63,30.86,39169132
2024-01-18 05:00:00+00:00,30.71,30.74,30.36,30.53,39464038
2024-01-19 05:00:00+00:00,30.56,30.61,30.3,30.49,28257520
2024-01-22 05:00:00+00:00,30.48,30.71,30.2,30.34,41676656
2024-01-23 05:00:00+00:00,30.35,30.49,30.21,30.39,41100210
2024-01-24 05:00:00+00:00,30.6,30.65,29.93,29.98,50878118
2024-01-25 05:00:00+00:00,30.38,30.52,30.09,30.52,50516702
2024-01-26 05:00:00+00:00,30.6,30.72,30.51,30.61,36653602
2024-01-29 05:00:00+00:00,30.63,30.92,30.44,30.8,26054328
2024-01-30 05:00:00+00:00,30.73,30.98,30.53,30.79,36108970
2024-01-31 05:00:00+00:00,31.05,31.18,30.55,30.73,59642396
2024-02-01 05:00:00+00:00,30.6,31.31,30.46,31.31,51507548
2024-02-02 05:00:00+00:00,30.96,31.05,30.53,30.75,51839532
2024-02-05 05:00:00+00:00,30.45,30.46,30.09,30.11,39895040
2024-02-06 05:00:00+00:00,30.09,30.31,30.0,30.22,27557094
2024-02-07 05:00:00+00:00,30.34,30.4,30.08,30.24,23748598
2024-02-08 05:00:00+00:00,30.1,30.17,29.76,30.02,41755350
2024-02-09 05:00:00+00:00,29.94,30.17,29.88,30.14,29647872
2024-02-12 05:00:00+00:00,30.14,30.51,30.06,30.49,25219334
2024-02-13 05:00:00+00:00,30.32,30.47,29.57,29.98,45402152
2024-02-14 05:00:00+00:00,30.09,30.22,29.92,30.15,34871964
2024-02-15 05:00:00+00:00,30.24,30.67,30.24,30.65,34680868
2024-02-16 05:00:00+00:00,30.5,30.76,30.32,30.62,29914320
2024-02-20 05:00:00+00:00,30.56,30.95,30.53,30.6,22764268
2024-02-21 05:00:00+00:00,30.8,31.04,30.65,31.0,31570812
2024-02-22 05:00:00+00:00,30.76,30.89,30.53,30.76,31841586
2024-02-23 05:00:00+00:00,30.83,31.13,30.75,30.98,24572800
2024-02-26 05:00:00+00:00,30.83,30.85,30.31,30.37,25586900
2024-02-27 05:00:00+00:00,30.55,30.96,30.43,30.95,27494538
2024-02-28 05:00:00+00:00,30.91,31.09,30.84,31.04,22983666
2024-02-29 05:00:00+00:00,31.16,31.31,30.91,31.05,30675462
2024-03-01 05:00:00+00:00,30.96,30.96,30.48,30.86,42510928
2024-03-04 05:00:00+00:00,30.72,31.43,30.72,31.38,33020702
2024-03-05 05:00:00+00:00,31.48,31.99,31.16,31.29,49603062
2024-03-06 05:00:00+00:00,31.52,31.75,31.44,31.59,32652298
2024-03-07 05:00:00+00:00,31.85,31.93,31.74,31.8,21384118
2024-03-08 05:00:00+00:00,31.89,31.97,31.61,31.88,27511644
2024-03-11 04:00:00+00:00,31.83,32.1,31.71,32.03,20968216
2024-03-12 04:00:00+00:00,31.97,31.99,31.53,31.73,29488964
2024-03-13 04:00:00+00:00,31.98,32.23,31.87,31.94,25877700
2024-03-14 04:00:00+00:00,31.87,31.99,31.46,31.69,31869756
2024-03-15 04:00:00+00:00,31.59,31.9,31.56,31.73,35445090
2024-03-18 04:00:00+00:00,31.51,31.82,31.33,31.62,26843902
2024-03-19 04:00:00+00:00,31.69,31.93,31.6,31.9,19985466
2024-03-20 04:00:00+00:00,31.84,32.1,31.75,31.94,32620812
2024-03-21 04:00:00+00:00,32.02,32.24,31.87,31.89,40327800
2024-03-22 04:00:00+00:00,32.09,32.15,31.89,31.93,21059474
2024-03-25 04:00:00+00:00,32.02,32.1,31.88,32.08,23194116
2024-03-26 04:00:00+00:00,32.12,32.21,31.69,31.72,29830342
2024-03-27 04:00:00+00:00,31.95,32.6,31.92,32.6,34600490
2024-03-28 04:00:00+00:00,32.6,32.88,32.51,32.83,27492202
2024-04-01 04:00:00+00:00,32.83,32.87,32.42,32.63,22702892
2024-04-02 04:00:00+00:00,32.55,32.87,32.53,32.68,30212304
2024-04-03 04:00:00+00:00,32.67,32.76,32.43,32.55,26574166
2024-04-04 04:00:00+00:00,32.81,32.9,32.26,32.49,29356754
2024-04-05 04:00:00+00:00,32.28,32.67,32.12,32.58,32322364
2024-04-08 04:00:00+00:00,32.59,32.85,32.54,32.8,20142514
2024-04-09 04:00:00+00:00,32.87,33.04,32.77,32.98,24025162
2024-04-10 04:00:00+00:00,32.32,32.53,32.13,32.41,38281014
2024-04-11 04:00:00+00:00,32.6,32.64,32.13,32.35,25621570
2024-04-12 04:00:00+00:00,32.41,32.5,31.95,32.1,39844776
2024-04-15 04:00:00+00:00,32.32,32.46,31.68,31.81,29407812
2024-04-16 04:00:00+00:00,31.71,31.74,31.28,31.39,32907570
2024-04-17 04:00:00+00:00,31.59,32.12,31.53,32.04,28152758
2024-04-18 04:00:00+00:00,32.15,32.33,31.91,32.22,22288694
2024-04-19 04:00:00+00:00,32.31,32.78,32.27,32.72,37004506
2024-04-22 04:00:00+00:00,32.74,33.1,32.51,33.02,23458564
2024-04-23 04:00:00+00:00,33.0,33.38,32.92,33.17,22338032
2024-04-24 04:00:00+00:00,32.87,33.48,32.71,33.37,26127052
2024-04-25 04:00:00+00:00,33.29,33.59,33.0,33.46,31562398
2024-04-26 04:00:00+00:00,33.46,33.51,33.08,33.1,24547452
2024-04-29 04:00:00+00:00,33.33,33.61,33.3,33.55,29368294
2024-04-30 04:00:00+00:00,33.36,33.63,33.14,33.37,29724744
2024-05-01 04:00:00+00:00,33.37,34.06,33.24,33.76,42371730
2024-05-02 04:00:00+00:00,33.9,34.02,33.63,33.94,28609356
2024-05-03 04:00:00+00:00,34.2,34.31,33.9,34.21,29817024
2024-05-06 04:00:00+00:00,34.31,34.42,34.1,34.38,21221340
2024-05-07 04:00:00+00:00,34.53,34.8,34.45,34.77,28808208
2024-05-08 04:00:00+00:00,34.7,35.16,34.61,35.14,27708118
2024-05-09 04:00:00+00:00,35.11,35.7,35.03,35.67,48549170
2024-05-10 04:00:00+00:00,35.87,35.92,35.53,35.64,39129108
2024-05-13 04:00:00+00:00,35.76,35.93,35.57,35.64,21219174
2024-05-14 04:00:00+00:00,35.79,35.84,35.53,35.73,23566638
2024-05-15 04:00:00+00:00,36.1,36.37,36.04,36.27,29176584
2024-05-16 04:00:00+00:00,36.28,36.45,36.09,36.14,25322326
2024-05-17 04:00:00+00:00,36.1,36.26,35.97,36.17,21715648
2024-05-20 04:00:00+00:00,36.25,36.25,36.03,36.11,13830868
2024-05-21 04:00:00+00:00,36.09,36.45,36.08,36.44,16263310
2024-05-22 04:00:00+00:00,36.24,36.36,35.97,36.01,21128828
2024-05-23 04:00:00+00:00,35.95,35.95,35.38,35.4,28718564
2024-05-24 04:00:00+00:00,35.49,35.89,35.42,35.75,16366864
2024-05-28 04:00:00+00:00,35.78,35.93,35.64,35.72,17765334
2024-05-29 04:00:00+00:00,35.41,35.45,35.12,35.26,28118602
2024-05-30 04:00:00+00:00,35.37,35.76,35.31,35.73,18162108
2024-05-31 04:00:00+00:00,35.85,36.4,35.7,36.36,24777628
2024-06-03 04:00:00+00:00,36.3,36.33,35.82,35.95,36915718
2024-06-04 04:00:00+00:00,35.85,36.06,35.53,35.93,29419580
2024-06-05 04:00:00+00:00,35.89,35.92,35.66,35.73,17920300
2024-06-06 04:00:00+00:00,35.65,35.85,35.31,35.35,18184886
2024-06-07 04:00:00+00:00,35.05,35.33,34.96,34.97,16286816
2024-06-10 04:00:00+00:00,34.97,35.48,34.87,35.42,19591578
2024-06-11 04:00:00+00:00,35.12,35.26,34.91,35.21,22694806
2024-06-12 04:00:00+00:00,35.65,35.66,34.86,34.98,24912152
2024-06-13 04:00:00+00:00,35.03,35.19,34.69,35.06,22974042
2024-06-14 04:00:00+00:00,34.85,35.02,34.71,34.97,20280718
2024-06-17 04:00:00+00:00,34.78,34.87,34.55,34.59,21026424
2024-06-18 04:00:00+00:00,34.31,34.61,34.28,34.6,24573570
2024-06-20 04:00:00+00:00,34.71,34.97,34.6,34.9,27948084
2024-06-21 04:00:00+00:00,35.03,35.07,34.67,34.7,18991192
2024-06-24 04:00:00+00:00,34.41,34.99,34.39,34.87,17956736
2024-06-25 04:00:00+00:00,34.8,34.9,34.43,34.54,25099648
2024-06-26 04:00:00+00:00,34.41,34.47,34.19,34.4,13881966
2024-06-27 04:00:00+00:00,34.42,34.5,34.22,34.46,10899786
2024-06-28 04:00:00+00:00,34.46,34.5,33.91,34.07,22963748
2024-07-01 04:00:00+00:00,34.42,34.49,33.8,33.84,16757816
2024-07-02 04:00:00+00:00,33.92,34.07,33.86,34.01,16724136
2024-07-03 04:00:00+00:00,34.06,34.46,33.99,34.22,13241294
2024-07-05 04:00:00+00:00,34.27,34.42,34.12,34.28,13830534
2024-07-08 04:00:00+00:00,34.31,34.42,34.18,34.31,13634566
2024-07-09 04:00:00+00:00,34.31,34.7,34.28,34.41,21601408
2024-07-10 04:00:00+00:00,34.54,34.74,34.28,34.74,13799922
2024-07-11 04:00:00+00:00,34.91,35.47,34.9,35.37,29768116
2024-07-12 04:00:00+00:00,35.49,35.86,35.34,35.63,16524160
2024-07-15 04:00:00+00:00,35.23,35.34,34.71,34.77,29827690
2024-07-16 04:00:00+00:00,34.98,35.1,34.87,35.03,15009156
2024-07-17 04:00:00+00:00,35.0,35.5,34.91,35.06,27516050
2024-07-18 04:00:00+00:00,35.01,35.37,34.97,35.03,13542590
2024-07-19 04:00:00+00:00,35.09,35.17,34.85,35.07,12985454
2024-07-22 04:00:00+00:00,35.25,35.44,35.13,35.36,12965438
2024-07-23 04:00:00+00:00,35.29,35.36,35.12,35.14,12686678
2024-07-24 04:00:00+00:00,35.39,35.67,35.17,35.53,25284712
2024-07-25 04:00:00+00:00,35.7,35.89,35.09,35.24,26665958
2024-07-26 04:00:00+00:00,35.52,35.66,35.39,35.59,16706602
2024-07-29 04:00:00+00:00,35.72,35.86,35.43,35.74,15151200
2024-07-30 04:00:00+00:00,35.71,35.96,35.63,35.93,16696396
2024-07-31 04:00:00+00:00,36.44,36.48,36.05,36.4,21765348
2024-08-01 04:00:00+00:00,36.47,37.1,36.42,37.05,32567462
2024-08-02 04:00:00+00:00,37.52,37.78,36.6,37.11,48257190
2024-08-05 04:00:00+00:00,37.31,37.31,36.09,36.13,41099874
2024-08-06 04:00:00+00:00,36.27,36.85,36.24,36.44,29286462
2024-08-07 04:00:00+00:00,36.74,37.07,36.5,36.64,24758798
2024-08-08 04:00:00+00:00,36.5,36.9,36.4,36.68,23360318
2024-08-09 04:00:00+00:00,36.77,36.85,36.17,36.81,16708534
2024-08-12 04:00:00+00:00,36.82,36.89,36.6,36.87,15027126
2024-08-13 04:00:00+00:00,37.03,37.12,36.86,37.09,17074960
2024-08-14 04:00:00+00:00,37.0,37.28,36.78,37.06,16165948
2024-08-15 04:00:00+00:00,36.85,37.16,36.72,37.06,18807656
2024-08-16 04:00:00+00:00,37.1,37.35,36.94,37.22,13522770
2024-08-19 04:00:00+00:00,37.26,37.49,37.23,37.47,11505380
2024-08-20 04:00:00+00:00,37.47,37.59,37.35,37.39,15989996
2024-08-21 04:00:00+00:00,37.44,37.77,37.39,37.65,13451864
2024-08-22 04:00:00+00:00,37.69,37.77,37.45,37.6,14647934
2024-08-23 04:00:00+00:00,37.74,37.89,37.6,37.71,15050408
2024-08-26 04:00:00+00:00,37.84,38.11,37.83,37.96,13336306
2024-08-27 04:00:00+00:00,37.88,38.01,37.64,37.66,16666792
2024-08-28 04:00:00+00:00,37.77,37.98,37.63,37.66,10482740
2024-08-29 04:00:00+00:00,37.78,37.9,37.41,37.86,12758298
2024-08-30 04:00:00+00:00,37.93,38.2,37.79,38.15,17007754
2024-09-03 04:00:00+00:00,38.16,38.37,37.97,38.09,23626984
2024-09-04 04:00:00+00:00,38.28,38.7,38.23,38.42,27303182
2024-09-05 04:00:00+00:00,38.71,38.76,38.21,38.32,15545390
2024-09-06 04:00:00+00:00,38.41,38.49,37.95,37.96,19606144
2024-09-09 04:00:00+00:00,38.12,38.35,37.9,38.34,14366186
2024-09-10 04:00:00+00:00,38.41,38.68,38.28,38.52,23255452
2024-09-11 04:00:00+00:00,38.53,38.68,38.08,38.64,20766992
2024-09-12 04:00:00+00:00,38.73,38.79,38.49,38.73,19335738
2024-09-13 04:00:00+00:00,38.85,39.28,38.71,39.27,16238868
2024-09-16 04:00:00+00:00,39.4,39.68,39.29,39.57,19910506
2024-09-17 04:00:00+00:00,39.59,39.69,39.41,39.54,27962962
2024-09-18 04:00:00+00:00,39.47,39.58,39.07,39.24,47034774
2024-09-19 04:00:00+00:00,39.1,39.19,38.69,39.01,41536474
2024-09-20 04:00:00+00:00,39.5,40.13,39.45,40.04,44279276
2024-09-23 04:00:00+00:00,40.02,40.2,39.87,40.17,23340518
2024-09-24 04:00:00+00:00,39.94,40.39,39.8,39.88,28105106
2024-09-25 04:00:00+00:00,40.1,40.21,39.74,40.09,16359172
2024-09-26 04:00:00+00:00,40.02,40.19,39.71,39.82,19794522
2024-09-27 04:00:00+00:00,39.98,40.32,39.94,40.21,14803910
2024-09-30 04:00:00+00:00,40.29,40.42,39.93,40.39,19017348
2024-10-01 04:00:00+00:00,40.35,40.77,40.1,40.72,24362386
2024-10-02 04:00:00+00:00,40.46,40.81,40.39,40.74,16491532
2024-10-03 04:00:00+00:00,40.96,41.03,40.62,40.72,24205672
2024-10-04 04:00:00+00:00,40.37,40.7,40.24,40.66,25085156
2024-10-07 04:00:00+00:00,40.52,40.55,39.61,39.72,35283966
2024-10-08 04:00:00+00:00,39.9,40.02,39.74,39.74,26022110
2024-10-09 04:00:00+00:00,39.63,39.75,39.17,39.4,34287996
2024-10-10 04:00:00+00:00,39.44,39.75,39.26,39.28,26326616
2024-10-11 04:00:00+00:00,39.15,39.63,39.03,39.63,19332672
2024-10-14 04:00:00+00:00,39.69,40.16,39.61,40.13,18041762
2024-10-15 04:00:00+00:00,40.3,40.6,40.26,40.31,26427686
2024-10-16 04:00:00+00:00,40.51,41.19,40.32,41.11,19099584
2024-10-17 04:00:00+00:00,41.24,41.25,40.71,40.74,23527168
2024-10-18 04:00:00+00:00,40.71,41.0,40.53,40.98,14035178
2024-10-21 04:00:00+00:00,41.07,41.19,40.65,40.82,14811506
2024-10-22 04:00:00+00:00,40.54,40.76,40.35,40.67,17119264
2024-10-23 04:00:00+00:00,40.7,41.08,40.63,41.06,19645046
2024-10-24 04:00:00+00:00,41.07,41.15,40.66,40.8,13092266
2024-10-25 04:00:00+00:00,41.0,41.04,40.16,40.19,17518940
2024-10-28 04:00:00+00:00,40.41,40.71,40.31,40.51,14622864
2024-10-29 04:00:00+00:00,40.06,40.06,39.63,39.64,27733030
2024-10-30 04:00:00+00:00,39.8,39.87,39.48,39.55,20910600
2024-10-31 04:00:00+00:00,39.65,40.25,39.62,39.96,27515908
2024-11-01 04:00:00+00:00,39.95,40.07,39.03,39.07,30861088
2024-11-04 05:00:00+00:00,38.67,38.88,38.39,38.6,27956146
2024-11-05 05:00:00+00:00,38.58,39.18,38.47,39.18,19016142
2024-11-06 05:00:00+00:00,38.67,38.95,38.41,38.78,32958786
2024-11-07 05:00:00+00:00,38.97,39.23,38.64,38.85,37703136
2024-11-08 05:00:00+00:00,39.04,39.67,39.01,39.59,28857170
2024-11-11 05:00:00+00:00,39.6,39.93,39.51,39.7,26010926
2024-11-12 05:00:00+00:00,39.58,39.67,39.06,39.24,18703244
2024-11-13 05:00:00+00:00,39.5,39.52,39.01,39.17,16411796
2024-11-14 05:00:00+00:00,39.23,39.42,38.98,39.04,17707486
2024-11-15 05:00:00+00:00,39.07,39.67,38.99,39.63,23931596
2024-11-18 05:00:00+00:00,39.59,40.08,39.54,39.97,14662436
2024-11-19 05:00:00+00:00,39.82,40.23,39.63,40.23,11750410
2024-11-20 05:00:00+00:00,40.3,40.44,40.05,40.24,12191878
2024-11-21 05:00:00+00:00,40.31,41.0,40.11,40.95,21764068
2024-11-22 05:00:00+00:00,41.08,41.14,40.71,40.73,15761316
2024-11-25 05:00:00+00:00,41.05,41.13,40.5,40.8,14253846
2024-11-26 05:00:00+00:00,40.92,41.47,40.81,41.45,17374786
2024-11-27 05:00:00+00:00,41.58,41.71,41.41,41.45,17156502
2024-11-29 05:00:00+00:00,41.59,41.62,41.38,41.47,9234884
2024-12-02 05:00:00+00:00,41.46,41.48,40.56,40.58,22084252
2024-12-03 05:00:00+00:00,40.82,40.95,40.22,40.23,18853686
2024-12-04 05:00:00+00:00,40.35,40.45,40.07,40.22,24169928
2024-12-05 05:00:00+00:00,40.27,40.57,40.16,40.35,14226088
2024-12-06 05:00:00+00:00,40.37,40.46,39.77,39.85,14228654
2024-12-09 05:00:00+00:00,39.85,39.9,39.32,39.35,21053774
2024-12-10 05:00:00+00:00,39.28,39.28,38.74,39.06,20318978
2024-12-11 05:00:00+00:00,39.17,39.19,38.74,38.82,14759526
2024-12-12 05:00:00+00:00,39.0,39.12,38.76,38.8,15424912
2024-12-13 05:00:00+00:00,38.85,39.02,38.76,38.82,13808682
2024-12-16 05:00:00+00:00,38.85,38.96,38.49,38.51,16120928
2024-12-17 05:00:00+00:00,38.27,38.51,38.2,38.35,15877166
2024-12-18 05:00:00+00:00,38.33,38.38,37.42,37.45,29811768
2024-12-19 05:00:00+00:00,37.48,38.04,37.47,37.62,27079492
2024-12-20 05:00:00+00:00,37.4,38.3,37.35,38.22,25188684
2024-12-23 05:00:00+00:00,37.81,38.06,37.44,38.03,20114406
2024-12-24 05:00:00+00:00,38.03,38.25,37.92,38.24,9010266
2024-12-26 05:00:00+00:00,38.08,38.26,37.99,38.15,10114132
2024-12-27 05:00:00+00:00,37.95,38.15,37.8,38.04,13805310
2024-12-30 05:00:00+00:00,37.87,37.98,37.53,37.88,16870194
2024-12-31 05:00:00+00:00,37.96,38.07,37.67,37.85,12605486
2025-01-02 05:00:00+00:00,38.12,38.33,37.86,38.14,24104886
2025-01-03 05:00:00+00:00,38.35,38.74,38.19,38.54,17767856
2025-01-06 05:00:00+00:00,38.54,38.57,37.98,38.11,25623786
2025-01-07 05:00:00+00:00,38.24,38.41,37.92,38.02,22856466
2025-01-08 05:00:00+00:00,37.95,38.05,37.38,38.01,26845894
2025-01-10 05:00:00+00:00,38.13,38.42,37.61,37.79,31216950
2025-01-13 05:00:00+00:00,37.75,37.79,36.96,37.35,24891642
2025-01-14 05:00:00+00:00,37.49,37.96,37.4,37.84,19675184
2025-01-15 05:00:00+00:00,38.5,38.78,38.35,38.4,21360608
2025-01-16 05:00:00+00:00,38.38,39.38,38.36,39.37,30415066
2025-01-17 05:00:00+00:00,39.34,39.6,39.22,39.42,14669082
2025-01-21 05:00:00+00:00,39.87,40.22,39.76,40.03,21633362
2025-01-22 05:00:00+00:00,40.14,40.14,39.14,39.16,23644850
2025-01-23 05:00:00+00:00,39.31,39.63,39.24,39.35,21585194
2025-01-24 05:00:00+00:00,39.28,39.86,39.2,39.74,16770198
2025-01-27 05:00:00+00:00,38.95,39.04,37.91,38.83,42448156
2025-01-28 05:00:00+00:00,38.81,38.81,37.95,38.29,28540950
2025-01-29 05:00:00+00:00,38.28,38.81,38.24,38.37,19130914
2025-01-30 05:00:00+00:00,38.82,39.23,38.78,39.17,18712678
2025-01-31 05:00:00+00:00,39.21,39.24,38.85,38.94,19670752
2025-02-03 05:00:00+00:00,38.42,39.3,38.37,39.15,28039756
2025-02-04 05:00:00+00:00,38.92,38.99,38.42,38.81,20346042
2025-02-05 05:00:00+00:00,39.19,39.46,38.87,39.2,15992984
2025-02-06 05:00:00+00:00,39.37,39.37,38.87,39.15,12820896
2025-02-07 05:00:00+00:00,39.14,39.42,39.02,39.07,13773394
2025-02-10 05:00:00+00:00,39.18,39.51,38.96,39.49,10498836
2025-02-11 05:00:00+00:00,39.34,39.71,39.01,39.7,10836226
2025-02-12 05:00:00+00:00,39.19,39.72,39.01,39.63,14888930
2025-02-13 05:00:00+00:00,39.7,39.79,39.47,39.72,17020704
2025-02-14 05:00:00+00:00,39.7,40.02,39.52,39.55,13972294
2025-02-18 05:00:00+00:00,39.72,39.99,39.58,39.92,15509866
2025-02-19 05:00:00+00:00,39.88,40.25,39.84,40.13,12441846
2025-02-20 05:00:00+00:00,40.0,40.22,39.65,40.13,17391336
2025-02-21 05:00:00+00:00,40.13,40.27,39.94,40.14,15547486
2025-02-24 05:00:00+00:00,40.25,40.26,39.76,39.94,14973926
2025-02-25 05:00:00+00:00,39.7,39.82,39.16,39.74,21837908
2025-02-26 05:00:00+00:00,39.81,40.25,39.68,39.9,15421930
2025-02-27 05:00:00+00:00,39.79,39.88,38.98,39.02,25075284
2025-02-28 05:00:00+00:00,39.27,39.63,39.06,39.61,21769982
2025-03-03 05:00:00+00:00,39.57,39.79,39.4,39.67,19276310
2025-03-04 05:00:00+00:00,39.67,39.88,38.96,39.02,22561844
2025-03-05 05:00:00+00:00,38.76,39.02,38.43,38.74,20666706
2025-03-06 05:00:00+00:00,38.45,38.48,37.83,37.94,25405890
2025-03-07 05:00:00+00:00,38.03,38.82,37.92,38.65,23234438
2025-03-10 04:00:00+00:00,38.51,39.19,38.51,39.07,37365956
2025-03-11 04:00:00+00:00,39.05,39.2,38.5,38.71,32640370
2025-03-12 04:00:00+00:00,38.7,38.92,38.35,38.59,17432382
2025-03-13 04:00:00+00:00,38.72,38.84,38.44,38.68,16801792
2025-03-14 04:00:00+00:00,38.8,39.48,38.66,39.44,18269902
2025-03-17 04:00:00+00:00,39.42,39.83,39.23,39.6,19290432
2025-03-18 04:00:00+00:00,39.37,39.44,39.07,39.33,19285522
2025-03-19 04:00:00+00:00,39.35,39.53,39.21,39.47,16163534
2025-03-20 04:00:00+00:00,39.48,39.69,39.39,39.63,16415144
2025-03-21 04:00:00+00:00,39.48,39.67,39.13,39.38,15627768
2025-03-24 04:00:00+00:00,39.25,39.56,39.05,39.09,13996838
2025-03-25 04:00:00+00:00,39.05,39.06,38.28,38.46,22395960
2025-03-26 04:00:00+00:00,38.47,38.81,38.47,38.72,15164642
2025-03-27 04:00:00+00:00,38.68,39.03,38.59,38.71,13971850
2025-03-28 04:00:00+00:00,38.94,39.23,38.87,38.99,19078578
2025-03-31 04:00:00+00:00,39.05,39.58,39.04,39.42,21469932
2025-04-01 04:00:00+00:00,39.4,39.64,39.14,39.53,18084708
2025-04-02 04:00:00+00:00,39.49,39.8,39.3,39.71,12951172
2025-04-03 04:00:00+00:00,39.66,40.1,39.41,39.46,38649184
2025-04-04 04:00:00+00:00,39.65,39.65,37.02,37.27,66164980
2025-04-07 04:00:00+00:00,36.7,37.82,35.89,36.7,73162944
2025-04-08 04:00:00+00:00,37.35,37.62,36.12,36.55,39586298
2025-04-09 04:00:00+00:00,36.23,38.08,35.51,37.99,70036854
2025-04-10 04:00:00+00:00,37.7,38.14,36.92,37.7,44167756
2025-04-11 04:00:00+00:00,37.68,38.29,37.22,38.16,28840026
2025-04-14 04:00:00+00:00,38.46,38.97,38.24,38.85,19415564
2025-04-15 04:00:00+00:00,38.93,39.19,38.79,38.84,15257160
2025-04-16 04:00:00+00:00,38.94,39.08,38.36,38.49,17500758
2025-04-17 04:00:00+00:00,38.64,39.37,38.64,38.89,18928748
2025-04-21 04:00:00+00:00,38.71,38.76,37.52,37.97,20780030
2025-04-22 04:00:00+00:00,38.37,39.09,38.34,39.0,21692788
2025-04-23 04:00:00+00:00,39.39,39.6,38.81,39.17,27903838
2025-04-24 04:00:00+00:00,39.14,39.41,38.85,39.23,16828082
2025-04-25 04:00:00+00:00,39.26,39.28,38.93,39.1,14075354
2025-04-28 04:00:00+00:00,39.13,39.42,38.85,39.35,11084830
2025-04-29 04:00:00+00:00,39.29,39.72,39.13,39.65,13168072
2025-04-30 04:00:00+00:00,39.49,39.59,38.77,39.45,18077152
2025-05-01 04:00:00+00:00,39.7,40.06,39.44,39.57,17967074
2025-05-02 04:00:00+00:00,39.71,39.99,39.49,39.88,16074208
2025-05-05 04:00:00+00:00,39.74,39.9,39.39,39.78,14895984
2025-05-06 04:00:00+00:00,39.78,40.54,39.74,40.26,20634936
2025-05-07 04:00:00+00:00,40.19,40.61,40.05,40.38,19576698
2025-05-08 04:00:00+00:00,40.4,40.49,39.99,40.05,22438628
2025-05-09 04:00:00+00:00,40.16,40.17,39.86,40.12,17420360
2025-05-12 04:00:00+00:00,40.31,40.41,39.7,39.88,27460242
2025-05-13 04:00:00+00:00,39.82,40.14,39.6,39.83,24063642
2025-05-14 04:00:00+00:00,39.74,39.75,39.06,39.65,22912822
2025-05-15 04:00:00+00:00,39.81,40.6,39.78,40.49,26630022
2025-05-16 04:00:00+00:00,40.56,41.11,40.46,41.09,20077032
2025-05-19 04:00:00+00:00,40.74,41.28,40.74,41.27,16306454
2025-05-20 04:00:00+00:00,41.2,41.53,41.2,41.39,18075378
2025-05-21 04:00:00+00:00,41.25,41.33,40.55,40.63,22704846
2025-05-22 04:00:00+00:00,40.28,40.28,39.58,40.05,30637670
2025-05-23 04:00:00+00:00,40.32,40.57,39.85,40.53,21730802
2025-05-27 04:00:00+00:00,40.85,40.94,40.52,40.84,18494702
2025-05-28 04:00:00+00:00,40.81,40.83,40.09,40.27,20954596
2025-05-29 04:00:00+00:00,40.28,40.61,40.1,40.55,20868418
2025-05-30 04:00:00+00:00,40.47,41.03,40.39,40.96,20680498
2025-06-02 04:00:00+00:00,40.78,41.15,40.62,41.09,26799544
2025-06-03 04:00:00+00:00,41.59,41.59,40.87,41.2,28547978
2025-06-04 04:00:00+00:00,41.13,41.13,40.48,40.48,33002348
2025-06-05 04:00:00+00:00,40.6,40.6,40.33,40.42,21175068
2025-06-06 04:00:00+00:00,40.62,40.66,40.25,40.6,21267394
2025-06-09 04:00:00+00:00,40.53,40.68,40.27,40.34,24867264
2025-06-10 04:00:00+00:00,40.44,40.53,40.13,40.43,28052836
2025-06-11 04:00:00+00:00,40.55,40.61,40.32,40.46,21395032
2025-06-12 04:00:00+00:00,40.48,40.97,40.46,40.95,19569490
2025-06-13 04:00:00+00:00,40.89,40.96,40.59,40.71,25326116
2025-06-16 04:00:00+00:00,40.91,41.13,40.31,40.51,27266600
2025-06-17 04:00:00+00:00,40.45,40.55,39.89,40.17,28336170
2025-06-18 04:00:00+00:00,40.27,40.48,40.07,40.28,22323938
2025-06-20 04:00:00+00:00,40.37,40.72,40.34,40.39,31688624
2025-06-23 04:00:00+00:00,40.32,40.69,40.24,40.62,25573036
2025-06-24 04:00:00+00:00,40.67,40.91,40.59,40.8,20390222
2025-06-25 04:00:00+00:00,40.7,40.7,40.17,40.25,26771840
2025-06-26 04:00:00+00:00,40.33,40.6,40.25,40.59,18746760
2025-06-27 04:00:00+00:00,40.69,41.0,40.54,40.67,25307722
2025-06-30 04:00:00+00:00,40.47,40.87,40.34,40.83,22018092
2025-07-01 04:00:00+00:00,40.82,41.0,40.34,40.97,39690914
2025-07-02 04:00:00+00:00,40.82,41.0,40.42,40.62,21890994
2025-07-03 04:00:00+00:00,40.64,41.09,40.57,40.92,14900122
2025-07-07 04:00:00+00:00,40.83,41.03,40.74,41.01,20215646
2025-07-08 04:00:00+00:00,40.72,40.72,40.17,40.57,44290126
2025-07-09 04:00:00+00:00,40.73,41.03,40.44,40.95,40231034
2025-07-10 04:00:00+00:00,40.81,41.36,40.69,41.29,29077232
2025-07-11 04:00:00+00:00,40.96,41.38,40.84,41.23,22199816
2025-07-14 04:00:00+00:00,41.2,41.53,40.97,41.39,23883480
2025-07-15 04:00:00+00:00,41.39,41.39,40.79,41.0,26252992
2025-07-16 04:00:00+00:00,41.02,41.18,40.69,41.02,22623950
2025-07-17 04:00:00+00:00,40.99,41.31,40.92,41.19,19757382
2025-07-18 04:00:00+00:00,41.32,42.02,41.27,41.88,28626546
2025-07-21 04:00:00+00:00,41.98,42.27,41.84,42.01,19896072
2025-07-22 04:00:00+00:00,42.17,42.55,42.06,42.53,23518288
2025-07-23 04:00:00+00:00,42.91,43.01,42.03,42.21,40333028
2025-07-24 04:00:00+00:00,42.26,42.35,42.04,42.15,22138140
2025-07-25 04:00:00+00:00,42.22,42.3,42.06,42.26,16320480
2025-07-28 04:00:00+00:00,42.26,42.27,41.7,41.81,22413508
2025-07-29 04:00:00+00:00,41.97,42.32,41.88,42.29,18396130
2025-07-30 04:00:00+00:00,42.42,42.99,42.38,42.61,27424422
2025-07-31 04:00:00+00:00,42.48,42.9,42.44,42.84,30179516
2025-08-01 04:00:00+00:00,42.79,43.13,42.46,42.9,35852060
2025-08-04 04:00:00+00:00,43.11,43.78,43.02,43.66,25730766
2025-08-05 04:00:00+00:00,43.68,43.83,43.07,43.2,21454488
2025-08-06 04:00:00+00:00,43.26,43.27,42.77,42.81,23020612
2025-08-07 04:00:00+00:00,42.67,43.4,42.59,43.28,25702718
2025-08-08 04:00:00+00:00,43.4,43.47,42.99,43.09,18445194
2025-08-11 04:00:00+00:00,43.2,43.23,42.75,42.96,19548908
2025-08-12 04:00:00+00:00,43.1,43.15,42.76,43.14,20757026
2025-08-13 04:00:00+00:00,43.2,43.27,42.84,43.24,22425984
2025-08-14 04:00:00+00:00,43.08,43.21,42.89,42.94,18747826
2025-08-15 04:00:00+00:00,42.87,43.05,42.55,42.81,29577134
2025-08-18 04:00:00+00:00,42.88,43.04,42.57,42.63,16080328
2025-08-19 04:00:00+00:00,42.64,43.06,42.57,43.04,16436756
2025-08-20 04:00:00+00:00,43.11,43.36,42.93,43.09,20169306
2025-08-21 04:00:00+00:00,43.09,43.31,42.67,42.79,16230212
2025-08-22 04:00:00+00:00,43.09,43.27,42.89,43.02,19234768
2025-08-25 04:00:00+00:00,42.88,43.0,42.49,42.54,16982452
2025-08-26 04:00:00+00:00,42.58,42.72,42.38,42.63,17262924
2025-08-27 04:00:00+00:00,42.63,42.74,42.51,42.64,16821454
2025-08-28 04:00:00+00:00,42.67,42.69,42.25,42.32,16078810
2025-08-29 04:00:00+00:00,42.29,42.38,42.09,42.16,19467562
2025-09-02 04:00:00+00:00,42.0,42.07,41.76,42.02,20655824
2025-09-03 04:00:00+00:00,41.88,42.0,41.69,41.92,17267918
2025-09-04 04:00:00+00:00,42.21,42.32,41.64,41.87,22362112
2025-09-05 04:00:00+00:00,41.98,42.07,41.41,41.74,27000624
2025-09-08 04:00:00+00:00,41.76,41.78,41.15,41.31,28470228
2025-09-09 04:00:00+00:00,41.3,41.73,41.22,41.6,25741430
2025-09-10 04:00:00+00:00,41.75,42.38,41.74,42.31,32168800
2025-09-11 04:00:00+00:00,42.26,42.57,42.2,42.54,24253644
2025-09-12 04:00:00+00:00,42.42,42.88,42.34,42.75,18727096
2025-09-15 04:00:00+00:00,42.76,43.05,42.75,42.85,22819156
2025-09-16 04:00:00+00:00,42.78,42.79,42.05,42.07,21652710
2025-09-17 04:00:00+00:00,42.35,42.53,42.09,42.18,20168256
2025-09-18 04:00:00+00:00,42.1,42.48,41.91,42.21,25303244
2025-09-19 04:00:00+00:00,42.31,42.65,42.09,42.48,20974828
2025-09-22 04:00:00+00:00,42.21,42.69,42.11,42.6,19476938
2025-09-23 04:00:00+00:00,42.54,42.89,42.46,42.82,17900654
2025-09-24 04:00:00+00:00,42.9,43.2,42.78,43.13,17317612
2025-09-25 04:00:00+00:00,43.09,43.18,42.71,42.71,18689980
2025-09-26 04:00:00+00:00,42.86,43.42,42.82,43.41,16234438
2025-09-29 04:00:00+00:00,43.39,43.6,43.08,43.53,17130776
2025-09-30 04:00:00+00:00,43.58,43.77,43.29,43.61,21959950
2025-10-01 04:00:00+00:00,43.69,44.12,43.64,44.03,29195450
2025-10-02 04:00:00+00:00,43.91,43.96,43.62,43.95,22649202
2025-10-03 04:00:00+00:00,44.08,44.87,44.05,44.46,25133856
2025-10-06 04:00:00+00:00,44.72,44.94,44.41,44.89,20024224
2025-10-07 04:00:00+00:00,45.07,45.29,44.95,45.09,32901836
2025-10-08 04:00:00+00:00,45.41,45.47,45.06,45.4,19791128
2025-10-09 04:00:00+00:00,45.55,45.69,45.2,45.29,21557462
2025-10-10 04:00:00+00:00,45.44,45.69,45.05,45.1,23183820
2025-10-13 04:00:00+00:00,45.13,45.66,45.11,45.45,18760534
2025-10-14 04:00:00+00:00,45.37,46.0,45.29,45.85,17572126
2025-10-15 04:00:00+00:00,46.06,46.59,46.06,46.45,19087588
2025-10-16 04:00:00+00:00,46.59,46.89,45.94,45.95,29118914
2025-10-17 04:00:00+00:00,46.03,46.1,45.59,45.79,21825874
2025-10-20 04:00:00+00:00,46.14,46.25,45.6,45.77,25420818
2025-10-21 04:00:00+00:00,45.82,45.87,45.09,45.31,22107880
2025-10-22 04:00:00+00:00,45.41,45.43,44.99,45.2,19101214
2025-10-23 04:00:00+00:00,45.5,45.52,44.92,45.17,16132056
2025-10-24 04:00:00+00:00,45.43,45.92,45.38,45.7,21737114
2025-10-27 04:00:00+00:00,45.7,45.86,45.26,45.82,16042784
2025-10-28 04:00:00+00:00,45.99,45.99,45.01,45.07,20654238
2025-10-29 04:00:00+00:00,45.06,45.36,44.87,45.05,24271720
2025-10-30 04:00:00+00:00,45.0,45.43,44.84,44.86,18870878
2025-10-31 04:00:00+00:00,44.66,44.79,44.32,44.55,18430912
2025-11-03 05:00:00+00:00,44.52,44.7,44.06,44.58,22339692
2025-11-04 05:00:00+00:00,44.56,44.59,44.22,44.42,17156732
2025-11-05 05:00:00+00:00,44.41,44.64,44.22,44.43,16859086
2025-11-06 05:00:00+00:00,44.35,44.68,44.21,44.23,23668732
2025-11-07 05:00:00+00:00,44.05,44.86,44.05,44.85,24337616
2025-11-10 05:00:00+00:00,44.98,45.18,44.45,44.83,17947188
2025-11-11 05:00:00+00:00,44.85,45.03,44.6,44.86,14435302
2025-11-12 05:00:00+00:00,44.89,45.0,44.71,44.96,15018498
2025-11-13 05:00:00+00:00,44.85,44.85,44.31,44.34,20675364
2025-11-14 05:00:00+00:00,44.21,44.72,44.11,44.38,20168796
2025-11-17 05:00:00+00:00,44.47,44.93,44.42,44.78,24201418
2025-11-18 05:00:00+00:00,44.82,45.04,44.6,44.61,25158710
2025-11-19 05:00:00+00:00,44.65,44.77,44.14,44.24,25095528
2025-11-20 05:00:00+00:00,44.59,44.86,43.98,44.01,25543190
2025-11-21 05:00:00+00:00,44.2,44.25,43.76,44.08,28589342
2025-11-24 05:00:00+00:00,44.14,44.69,43.86,44.58,23572716
2025-11-25 05:00:00+00:00,44.69,44.76,44.22,44.41,22195594
2025-11-26 05:00:00+00:00,44.64,45.05,44.56,45.0,16759198
2025-11-28 05:00:00+00:00,45.07,45.35,45.02,45.32,7882586
2025-12-01 05:00:00+00:00,45.06,45.06,44.23,44.26,26338936
2025-12-02 05:00:00+00:00,44.46,44.46,43.88,43.94,17384114
2025-12-03 05:00:00+00:00,43.98,44.1,43.63,43.8,21727924
2025-12-04 05:00:00+00:00,43.78,44.06,43.56,43.71,15535178
2025-12-05 05:00:00+00:00,43.72,43.78,43.28,43.3,13474680
2025-12-08 05:00:00+00:00,43.38,43.41,42.66,42.72,21607859
2025-12-09 05:00:00+00:00,42.95,43.17,42.73,42.75,24347235
2025-12-10 05:00:00+00:00,42.8,42.825,42.415,42.73,25940248
2025-12-11 05:00:00+00:00,42.65,43.15,42.65,43.04,18703290
2025-12-12 05:00:00+00:00,43.17,43.3789,42.77,42.83,17179816
2025-12-15 05:00:00+00:00,43.11,43.29,42.83,43.22,19176444
2025-12-16 05:00:00+00:00,43.2,43.31,42.78,43.04,19067874
2025-12-17 05:00:00+00:00,43.06,43.14,42.54,42.76,19444596
2025-12-18 05:00:00+00:00,43.03,43.415,42.97,43.18,21935758
2025-12-19 05:00:00+00:00,43.12,43.37,42.6,42.63,22611971
2025-12-22 05:00:00+00:00,42.29,42.53,42.032,42.47,17894921
2025-12-23 05:00:00+00:00,42.4,42.745,42.38,42.62,15097710
2025-12-24 05:00:00+00:00,42.61,42.86,42.55,42.81,5761034
2025-12-26 05:00:00+00:00,42.79,42.87,42.632,42.78,8436715
2025-12-29 05:00:00+00:00,42.81,43.11,42.77,42.86,12838729
2025-12-30 05:00:00+00:00,42.88,43.035,42.812,42.96,9255258
2025-12-31 05:00:00+00:00,42.97,43.01,42.68,42.69,10129006
2026-01-02 05:00:00+00:00,42.89,43.39,42.659,43.18,20495359
2026-01-05 05:00:00+00:00,43.19,43.29,42.0649,42.7,27801739
2026-01-06 05:00:00+00:00,42.75,42.955,42.52,42.91,21861776
2026-01-07 05:00:00+00:00,42.95,42.97,41.74,41.87,27613333
2026-01-08 05:00:00+00:00,41.82,42.29,41.81,41.99,22853334
2026-01-09 05:00:00+00:00,42.52,42.885,42.49,42.51,21518262
2026-01-12 05:00:00+00:00,42.38,42.71,42.295,42.58,16810602
2026-01-13 05:00:00+00:00,42.62,42.96,42.415,42.85,22207350
2026-01-14 05:00:00+00:00,42.81,43.3199,42.765,43.17,21403068
2026-01-15 05:00:00+00:00,43.32,43.8185,43.32,43.61,21762739
2026-01-16 05:00:00+00:00,43.17,43.52,42.935,43.39,27803622
2026-01-20 05:00:00+00:00,43.12,43.355,42.825,42.96,25300852
2026-01-21 05:00:00+00:00,43.305,43.305,42.69,43.02,33736456
2026-01-22 05:00:00+00:00,43.2,43.27,42.6042,42.71,26170688
2026-01-23 05:00:00+00:00,42.71,42.75,42.3,42.56,26527230
2026-01-26 05:00:00+00:00,42.7,43.18,42.66,42.87,19254039
2026-01-27 05:00:00+00:00,42.82,43.545,42.595,43.43,31070496
2026-01-28 05:00:00+00:00,43.5,43.665,43.13,43.33,25183571
2026-01-29 05:00:00+00:00,43.51,43.77,43.08,43.33,27417872
2026-01-30 05:00:00+00:00,43.23,43.375,42.77,43.25,27998373
2026-02-02 05:00:00+00:00,43.3,43.475,42.55,42.62,32847560
2026-02-03 05:00:00+00:00,42.66,43.42,42.66,43.24,35525495
2026-02-04 05:00:00+00:00,43.47,43.65,42.99,43.08,30994262
2026-02-05 05:00:00+00:00,43.22,43.3687,42.865,43.1,31475405
2026-02-06 05:00:00+00:00,43.49,43.86,42.975,43.35,30530074
2026-02-09 05:00:00+00:00,43.37,43.55,43.055,43.48,21173948
2026-02-10 05:00:00+00:00,43.75,44.53,43.555,44.2,34683593
2026-02-11 05:00:00+00:00,44.36,44.625,44.135,44.59,25614773
2026-02-12 05:00:00+00:00,44.79,45.74,44.74,45.25,45623348
2026-02-13 05:00:00+00:00,45.2,46.6,45.195,46.5,42451799
2026-02-17 05:00:00+00:00,46.8,47.075,46.24,46.38,32423973
2026-02-18 05:00:00+00:00,46.61,46.61,45.51,45.61,32841512
2026-02-19 05:00:00+00:00,45.78,46.18,45.68,46.11,24172480
2026-02-20 05:00:00+00:00,46.3,46.485,45.88,46.33,22623158
2026-02-23 05:00:00+00:00,46.47,46.96,46.37,46.68,33132256
2026-02-24 05:00:00+00:00,46.64,47.23,46.29,47.2,29504396
2026-02-25 05:00:00+00:00,47.21,47.43,46.595,47.36,22357854
2026-02-26 05:00:00+00:00,47.27,47.39,46.914,47.18,30579762
2026-02-27 05:00:00+00:00,47.2,47.8,47.13,47.73,39760826
2026-03-02 05:00:00+00:00,47.41,47.74,47.355,47.37,33088814
2026-03-03 05:00:00+00:00,46.7,47.45,45.955,47.07,60947974
2026-03-04 05:00:00+00:00,47.09,47.42,46.76,47.27,24021928
2026-03-05 05:00:00+00:00,46.95,47.02,46.47,46.9,29798504
2026-03-06 05:00:00+00:00,46.63,46.96,46.34,46.74,25002985
2026-03-09 04:00:00+00:00,46.56,46.95,46.04,46.85,27760393
2026-03-10 04:00:00+00:00,46.64,47.035,46.47,46.56,24937457
2026-03-11 04:00:00+00:00,46.5,46.56,46.0,46.17,20027441
2026-03-12 04:00:00+00:00,46.0,47.0401,45.96,46.5,27421294
2026-03-13 04:00:00+00:00,46.97,47.315,46.86,46.96,31522262
2026-03-16 04:00:00+00:00,47.45,47.5,46.95,47.26,19776757
2026-03-17 04:00:00+00:00,47.52,47.635,47.08,47.13,18503590
2026-03-18 04:00:00+00:00,46.95,47.15,46.73,46.73,31064737
2026-03-19 04:00:00+00:00,46.65,46.9,46.04,46.54,29545139
2026-03-20 04:00:00+00:00,46.46,46.66,44.43,44.65,47129763
2026-03-23 04:00:00+00:00,44.93,45.1853,44.57,44.78,31575522
2026-03-24 04:00:00+00:00,44.56,45.5351,44.485,45.09,24185042
2026-03-25 04:00:00+00:00,45.52,45.645,45.21,45.25,22298380
2026-03-26 04:00:00+00:00,45.24,45.48,45.015,45.33,19989189
2026-03-27 04:00:00+00:00,45.37,46.075,45.3,45.59,26174069
2026-03-30 04:00:00+00:00,46.17,46.335,45.755,45.92,28364948
2026-03-31 04:00:00+00:00,45.85,45.9498,45.26,45.89,42854081
2026-04-01 04:00:00+00:00,45.78,46.28,45.695,46.11,31186324
2026-04-02 04:00:00+00:00,46.04,46.59,45.9099,46.34,17332833
2026-04-06 04:00:00+00:00,46.145,46.4965,46.09,46.17,12941016
2026-04-07 04:00:00+00:00,46.06,46.43,46.04,46.27,13658174
2026-04-08 04:00:00+00:00,46.29,46.78,45.98,46.78,18880907
2026-04-09 04:00:00+00:00,46.66,47.705,46.62,47.15,23275862
2026-04-10 04:00:00+00:00,47.06,47.455,46.865,46.96,15053181
2026-04-13 04:00:00+00:00,46.84,46.8785,46.12,46.39,17797327
2026-04-14 04:00:00+00:00,46.4,46.56,45.9,46.47,25120397
2026-04-15 04:00:00+00:00,46.31,46.315,45.88,46.02,24845493
2026-04-16 04:00:00+00:00,46.0,46.37,45.835,46.35,26946500
2026-04-17 04:00:00+00:00,46.23,46.28,45.64,46.16,17603297
2026-04-20 04:00:00+00:00,46.12,46.335,45.65,45.75,14377209
2026-04-21 04:00:00+00:00,45.91,45.95,44.91,44.95,19598680
2026-04-22 04:00:00+00:00,45.34,45.62,44.71,44.87,21733532
2026-04-23 04:00:00+00:00,45.37,46.14,45.2,46.09,23865635
2026-04-24 04:00:00+00:00,46.03,46.3,45.74,46.18,24159930
2026-04-27 04:00:00+00:00,46.37,46.495,46.17,46.19,14544055
2026-04-28 04:00:00+00:00,46.44,46.52,46.04,46.25,13017171
2026-04-29 04:00:00+00:00,46.07,46.27,45.56,45.68,12656176
2026-04-30 04:00:00+00:00,45.85,46.89,45.85,46.85,22379591
2026-05-01 04:00:00+00:00,46.84,47.296,46.515,46.55,15508288
2026-05-04 04:00:00+00:00,46.26,46.85,46.09,46.37,18048363
2026-05-05 04:00:00+00:00,46.53,46.82,46.36,46.37,17501030
2026-05-06 04:00:00+00:00,46.28,46.38,45.6401,45.71,26317009
2026-05-07 04:00:00+00:00,45.62,45.68,45.0,45.12,23501025
2026-05-08 04:00:00+00:00,45.36,45.51,44.69,44.72,18159669
2026-05-11 04:00:00+00:00,45.095,45.305,44.83,45.14,22670991
2026-05-12 04:00:00+00:00,45.06,45.3799,44.8,45.19,28241761
2026-05-13 04:00:00+00:00,44.8,44.8153,44.36,44.67,27269976
2026-05-14 04:00:00+00:00,44.63,44.92,44.545,44.9,18474119
2026-05-15 04:00:00+00:00,44.71,44.765,43.825,43.87,21859194
2026-05-18 04:00:00+00:00,44.07,44.21,43.525,43.94,31555846
2026-05-19 04:00:00+00:00,43.82,44.41,43.62,44.34,22308493
2026-05-20 04:00:00+00:00,44.66,44.855,44.41,44.51,17585856
2026-05-21 04:00:00+00:00,44.55,45.01,44.435,45.0,18782245
2026-05-22 04:00:00+00:00,45.06,45.44,44.92,45.35,15191235
2026-05-26 04:00:00+00:00,45.585,45.635,45.33,45.33,13742348
2026-05-27 04:00:00+00:00,45.25,45.365,44.945,45.14,16872617
2026-05-28 04:00:00+00:00,45.03,45.27,44.58,44.63,19386524
2026-05-29 04:00:00+00:00,44.67,44.715,44.25,44.42,23051266
2026-06-01 04:00:00+00:00,43.9,43.96,43.07,43.1,31208308
2026-06-02 04:00:00+00:00,43.21,43.96,43.175,43.9,27367689
2026-06-03 04:00:00+00:00,43.96,44.48,43.675,43.71,21949879
2026-06-04 04:00:00+00:00,43.87,44.11,43.34,43.94,18217711
2026-06-05 04:00:00+00:00,44.04,44.62,43.965,44.35,21352883
2026-06-08 04:00:00+00:00,44.32,44.375,43.47,43.52,20845099
2026-06-09 04:00:00+00:00,43.64,44.08,43.465,43.98,20392135
2026-06-10 04:00:00+00:00,44.22,44.28,43.79,44.0,17779059
2026-06-11 04:00:00+00:00,44.22,44.52,44.01,44.05,19147308
2026-06-12 04:00:00+00:00,44.19,44.61,44.1875,44.53,17943761
2026-06-15 04:00:00+00:00,44.48,44.9999,44.19,44.74,18439118
2026-06-16 04:00:00+00:00,44.84,45.5,44.76,45.06,16397805
2026-06-17 04:00:00+00:00,44.82,45.17,44.24,44.46,22211601
2026-06-18 04:00:00+00:00,44.6,45.34,44.53,44.76,36929536
2026-06-22 04:00:00+00:00,44.48,44.965,44.43,44.72,21870100
2026-06-23 04:00:00+00:00,44.75,45.2,44.46,45.07,22296719
2026-06-24 04:00:00+00:00,45.29,45.6,45.085,45.54,18885705
2026-06-25 04:00:00+00:00,45.66,46.185,45.495,45.85,19265009
2026-06-26 04:00:00+00:00,46.0,46.23,45.885,46.2,19480516
2026-06-29 04:00:00+00:00,46.2,46.31,45.77,46.02,17919291
2026-06-30 04:00:00+00:00,45.86,45.945,45.32,45.34,18908413
2026-07-01 04:00:00+00:00,45.24,45.36,44.64,44.77,29495725
2026-07-02 04:00:00+00:00,45.03,45.8,45.0,45.76,24336920
2026-07-06 04:00:00+00:00,45.71,45.825,45.1101,45.3,19178410
2026-07-07 04:00:00+00:00,45.63,46.32,45.53,45.7,18964092
2026-07-08 04:00:00+00:00,45.74,45.82,45.31,45.36,14864444
2026-07-09 04:00:00+00:00,45.555,45.66,45.04,45.13,19669152
2026-07-10 04:00:00+00:00,45.12,45.48,45.09,45.41,14051931
2026-07-13 04:00:00+00:00,45.45,45.8775,45.43,45.72,15733436
2026-07-14 04:00:00+00:00,45.93,46.28,45.56,45.69,17388285
2026-07-15 04:00:00+00:00,45.73,45.945,45.165,45.22,15910754
2026-07-16 04:00:00+00:00,45.24,45.62,45.12,45.47,15616792
2026-07-17 04:00:00+00:00,45.9,46.15,45.055,45.17,20925764
2026-07-20 04:00:00+00:00,45.325,45.66,44.81,44.94,17829930
2026-07-21 04:00:00+00:00,44.87,45.04,44.64,44.92,15890174
2026-07-22 04:00:00+00:00,45.27,45.985,45.21,45.93,18365948
2026-07-23 04:00:00+00:00,45.65,46.3279,45.6,46.19,13697071
2026-07-24 04:00:00+00:00,46.4,46.625,46.1,46.29,16106009
2026-07-27 04:00:00+00:00,46.125,46.28,45.56,45.68,16610940
2026-07-28 04:00:00+00:00,45.86,46.4251,45.5,45.52,16412736
2026-07-29 04:00:00+00:00,45.76,45.7997,44.73,44.91,23646868
2026-07-30 04:00:00+00:00,45.195,45.235,44.36,44.66,23430829
2026-07-31 04:00:00+00:00,44.61,44.74,44.305,44.35,20779555
2026-08-03 04:00:00+00:00,44.24,44.66,43.94,44.36,25873171
