timestamp,open,high,low,close,volume
2017-02-01 05:00:00+00:00,70.45,71.13,70.38,71.05,24996127
2017-02-02 05:00:00+00:00,70.78,71.15,70.555,71.11,16823352
2017-02-03 05:00:00+00:00,71.4199,71.49,71.0,71.42,17637157
2017-02-06 05:00:00+00:00,71.29,71.5,71.15,71.5,12968287
2017-02-07 05:00:00+00:00,71.55,71.83,71.33,71.57,13194595
2017-02-08 05:00:00+00:00,71.19,71.535,70.99,71.46,6911632
2017-02-09 05:00:00+00:00,71.45,71.93,71.39,71.72,7974371
2017-02-10 05:00:00+00:00,71.83,72.02,71.66,71.86,4605286
2017-02-13 05:00:00+00:00,71.93,72.34,71.93,72.3,7665445
2017-02-14 05:00:00+00:00,72.22,72.87,72.165,72.87,11687289
2017-02-15 05:00:00+00:00,72.71,73.8,72.64,73.66,11346842
2017-02-16 05:00:00+00:00,73.68,73.75,73.06,73.56,11600919
2017-02-17 05:00:00+00:00,73.28,73.7,73.28,73.66,11935556
2017-02-21 05:00:00+00:00,73.65,74.23,73.65,73.99,10868502
2017-02-22 05:00:00+00:00,73.9,74.14,73.815,73.88,6866258
2017-02-23 05:00:00+00:00,74.04,74.545,73.87,74.42,8817579
2017-02-24 05:00:00+00:00,74.3,74.82,74.27,74.78,9225454
2017-02-27 05:00:00+00:00,74.83,75.18,74.67,75.14,8560486
2017-02-28 05:00:00+00:00,74.911,75.23,74.77,74.99,10567591
2017-03-01 05:00:00+00:00,75.44,75.93,75.225,75.74,16621040
2017-03-02 05:00:00+00:00,75.62,75.885,75.49,75.5,8445635
2017-03-03 05:00:00+00:00,75.39,75.86,75.365,75.8,6724429
2017-03-06 05:00:00+00:00,75.69,75.75,75.24,75.51,6062677
2017-03-07 05:00:00+00:00,74.89,75.36,74.74,74.98,12497853
2017-03-08 05:00:00+00:00,74.97,75.54,74.92,75.28,8325653
2017-03-09 05:00:00+00:00,75.33,75.79,75.22,75.69,8568808
2017-03-10 05:00:00+00:00,76.01,76.09,75.7,75.98,10605753
2017-03-13 04:00:00+00:00,76.05,76.05,75.62,75.92,6943575
2017-03-14 04:00:00+00:00,75.71,75.96,75.56,75.64,7455616
2017-03-15 04:00:00+00:00,75.75,76.745,75.745,76.59,11704390
2017-03-16 04:00:00+00:00,76.4,76.4,75.5601,75.85,14022289
2017-03-17 04:00:00+00:00,75.39,75.5262,75.12,75.16,10556254
2017-03-20 04:00:00+00:00,75.18,75.29,74.895,75.05,4728810
2017-03-21 04:00:00+00:00,75.13,75.39,72.33,74.46,16903641
2017-03-22 04:00:00+00:00,74.57,74.6663,74.11,74.48,11125299
2017-03-23 04:00:00+00:00,74.39,74.7657,74.111,74.25,13348071
2017-03-24 04:00:00+00:00,74.29,74.62,73.98,74.29,9366561
2017-03-27 04:00:00+00:00,73.76,74.62,73.621,74.49,7015388
2017-03-28 04:00:00+00:00,74.34,74.64,74.11,74.54,7733743
2017-03-29 04:00:00+00:00,74.57,74.74,74.39,74.56,4497809
2017-03-30 04:00:00+00:00,74.47,74.72,74.27,74.57,8500971
2017-03-31 04:00:00+00:00,74.39,74.56,74.28,74.36,6027736
2017-04-03 04:00:00+00:00,74.44,74.79,74.13,74.42,17018735
2017-04-04 04:00:00+00:00,74.4,74.48,74.17,74.38,5554061
2017-04-05 04:00:00+00:00,74.48,74.92,74.1,74.15,6666692
2017-04-06 04:00:00+00:00,74.17,74.415,73.95,74.28,5457965
2017-04-07 04:00:00+00:00,74.33,74.597,74.13,74.41,5798993
2017-04-10 04:00:00+00:00,74.39,74.639,74.2,74.27,4620062
2017-04-11 04:00:00+00:00,74.15,74.34,73.762,74.17,5584950
2017-04-12 04:00:00+00:00,74.09,74.29,73.87,74.17,3814346
2017-04-13 04:00:00+00:00,74.08,74.325,73.98,73.98,7310951
2017-04-17 04:00:00+00:00,73.89,74.27,73.83,74.25,7676859
2017-04-18 04:00:00+00:00,73.84,73.84,73.16,73.44,7650260
2017-04-19 04:00:00+00:00,73.68,73.87,73.53,73.66,5144425
2017-04-20 04:00:00+00:00,73.72,74.27,73.47,74.12,7573254
2017-04-21 04:00:00+00:00,74.04,74.059,73.51,73.68,6535329
2017-04-24 04:00:00+00:00,74.39,74.59,74.31,74.41,5817104
2017-04-25 04:00:00+00:00,74.71,74.945,74.5,74.73,9740697
2017-04-26 04:00:00+00:00,75.0,75.44,74.94,75.14,6554497
2017-04-27 04:00:00+00:00,75.16,75.65,75.01,75.3,7433705
2017-04-28 04:00:00+00:00,75.36,75.54,75.235,75.5,6546437
2017-05-01 04:00:00+00:00,75.63,75.815,75.5,75.67,7631754
2017-05-02 04:00:00+00:00,75.74,75.9,75.3,75.835,5407380
2017-05-03 04:00:00+00:00,75.65,75.71,75.34,75.51,10452180
2017-05-04 04:00:00+00:00,75.77,76.01,75.66,76.01,4600759
2017-05-05 04:00:00+00:00,76.18,76.2,75.66,75.97,5971459
2017-05-08 04:00:00+00:00,75.91,75.97,75.39,75.5,8163789
2017-05-09 04:00:00+00:00,75.54,75.73,75.45,75.59,4018565
2017-05-10 04:00:00+00:00,75.47,75.48,75.06,75.37,4436871
2017-05-11 04:00:00+00:00,75.25,75.44,75.03,75.41,7661552
2017-05-12 04:00:00+00:00,75.38,75.485,75.23,75.28,2757436
2017-05-15 04:00:00+00:00,75.32,75.81,75.25,75.77,8407557
2017-05-16 04:00:00+00:00,75.69,75.76,75.265,75.48,5641895
2017-05-17 04:00:00+00:00,74.87,75.08,74.49,74.49,11837207
2017-05-18 04:00:00+00:00,74.45,75.25,74.45,74.82,11599244
2017-05-19 04:00:00+00:00,74.95,75.265,74.85,75.03,9399476
2017-05-22 04:00:00+00:00,74.96,75.315,74.8,75.19,5133592
2017-05-23 04:00:00+00:00,75.33,75.635,75.27,75.48,4302269
2017-05-24 04:00:00+00:00,75.52,75.73,75.34,75.63,6070890
2017-05-25 04:00:00+00:00,75.84,76.18,75.66,76.03,4708976
2017-05-26 04:00:00+00:00,75.97,76.19,75.81,75.89,4676990
2017-05-30 04:00:00+00:00,75.65,75.97,75.65,75.77,4960997
2017-05-31 04:00:00+00:00,75.93,76.25,75.865,76.08,6016415
2017-06-01 04:00:00+00:00,76.21,76.98,76.13,76.95,10820234
2017-06-02 04:00:00+00:00,77.14,77.52,77.07,77.42,5015459
2017-06-05 04:00:00+00:00,77.42,77.5,77.02,77.23,11092495
2017-06-06 04:00:00+00:00,77.05,77.29,76.88,77.01,4375243
2017-06-07 04:00:00+00:00,77.11,77.295,76.97,77.21,4584212
2017-06-08 04:00:00+00:00,77.17,77.355,76.795,77.0,6709514
2017-06-09 04:00:00+00:00,77.1,77.755,77.0,77.52,14233948
2017-06-12 04:00:00+00:00,77.46,77.74,77.05,77.42,8132650
2017-06-13 04:00:00+00:00,77.49,77.68,77.305,77.55,6143571
2017-06-14 04:00:00+00:00,77.71,78.17,77.68,77.95,6987033
2017-06-15 04:00:00+00:00,77.65,77.93,77.44,77.93,9521705
2017-06-16 04:00:00+00:00,77.66,77.85,77.28,77.69,14596751
2017-06-19 04:00:00+00:00,77.8,78.57,77.76,78.5,8517061
2017-06-20 04:00:00+00:00,78.49,79.195,78.46,78.76,7991317
2017-06-21 04:00:00+00:00,78.92,79.8,78.87,79.74,9644307
2017-06-22 04:00:00+00:00,79.9,81.08,79.86,80.59,12759498
2017-06-23 04:00:00+00:00,80.49,80.64,80.17,80.47,9252115
2017-06-26 04:00:00+00:00,80.67,80.7,80.27,80.39,7642706
2017-06-27 04:00:00+00:00,80.39,80.49,79.64,79.66,8557447
2017-06-28 04:00:00+00:00,79.92,80.28,79.88,80.08,8944447
2017-06-29 04:00:00+00:00,79.99,80.06,78.865,79.32,8728001
2017-06-30 04:00:00+00:00,79.66,79.66,79.24,79.24,8986430
2017-07-03 04:00:00+00:00,79.51,79.75,79.37,79.39,6795326
2017-07-05 04:00:00+00:00,79.49,79.95,79.21,79.83,9271357
2017-07-06 04:00:00+00:00,79.51,79.66,78.71,78.84,6715418
2017-07-07 04:00:00+00:00,79.1,79.31,78.9,79.26,4566512
2017-07-10 04:00:00+00:00,79.25,79.28,78.87,79.07,3625998
2017-07-11 04:00:00+00:00,79.02,79.19,78.58,78.98,4152540
2017-07-12 04:00:00+00:00,79.37,79.78,79.35,79.52,9142483
2017-07-13 04:00:00+00:00,79.59,79.84,79.05,79.62,10582239
2017-07-14 04:00:00+00:00,79.76,80.3,79.6,80.12,5863887
2017-07-17 04:00:00+00:00,80.23,80.285,79.82,79.88,5989208
2017-07-18 04:00:00+00:00,79.74,79.98,79.36,79.98,8113649
2017-07-19 04:00:00+00:00,80.24,80.55,80.24,80.55,8363477
2017-07-20 04:00:00+00:00,80.74,81.21,80.61,81.08,8831911
2017-07-21 04:00:00+00:00,80.91,81.11,80.845,80.98,4139313
2017-07-24 04:00:00+00:00,80.92,81.04,80.6148,80.94,4525461
2017-07-25 04:00:00+00:00,81.15,81.21,80.26,80.38,8644213
2017-07-26 04:00:00+00:00,80.2,80.28,79.89,80.11,5278663
2017-07-27 04:00:00+00:00,80.19,80.19,79.231,79.56,14904950
2017-07-28 04:00:00+00:00,79.59,80.06,79.25,79.96,6512383
2017-07-31 04:00:00+00:00,80.06,80.225,79.88,79.91,6030645
2017-08-01 04:00:00+00:00,80.18,80.18,79.61,79.71,9803434
2017-08-02 04:00:00+00:00,79.7,79.7,79.25,79.53,7885513
2017-08-03 04:00:00+00:00,79.57,79.82,79.31,79.68,9794769
2017-08-04 04:00:00+00:00,80.03,80.03,79.38,79.48,4064678
2017-08-07 04:00:00+00:00,79.4,79.66,79.335,79.65,5434254
2017-08-08 04:00:00+00:00,79.55,79.69,79.12,79.28,4661156
2017-08-09 04:00:00+00:00,79.09,79.45,78.95,79.37,5038186
2017-08-10 04:00:00+00:00,79.13,79.2,78.37,78.37,7309518
2017-08-11 04:00:00+00:00,78.42,78.99,78.42,78.6,9405509
2017-08-14 04:00:00+00:00,78.94,79.255,78.94,79.12,4236883
2017-08-15 04:00:00+00:00,79.23,79.39,79.11,79.11,5892246
2017-08-16 04:00:00+00:00,79.26,79.5,79.165,79.35,3870321
2017-08-17 04:00:00+00:00,79.1,79.44,78.33,78.36,7388944
2017-08-18 04:00:00+00:00,78.141,78.53,77.95,78.0,9171559
2017-08-21 04:00:00+00:00,77.93,78.45,77.82,78.35,10369193
2017-08-22 04:00:00+00:00,78.37,79.39,78.32,79.3,5750235
2017-08-23 04:00:00+00:00,79.03,79.045,78.665,78.7,6686845
2017-08-24 04:00:00+00:00,78.78,79.04,78.63,78.92,5555429
2017-08-25 04:00:00+00:00,79.1,79.4,78.89,78.95,5828283
2017-08-28 04:00:00+00:00,79.17,79.5,79.15,79.36,8692295
2017-08-29 04:00:00+00:00,79.04,79.6,78.97,79.52,4631876
2017-08-30 04:00:00+00:00,79.43,80.13,79.41,79.97,3757692
2017-08-31 04:00:00+00:00,80.13,81.37,80.13,81.3,7242808
2017-09-01 04:00:00+00:00,81.41,81.58,80.9153,81.25,7147145
2017-09-05 04:00:00+00:00,80.89,81.37,80.505,80.88,8702535
2017-09-06 04:00:00+00:00,81.16,81.35,80.795,81.27,9493971
2017-09-07 04:00:00+00:00,81.26,82.35,81.24,82.16,7683512
2017-09-08 04:00:00+00:00,82.05,82.68,81.9108,82.54,4810095
2017-09-11 04:00:00+00:00,82.91,83.2,82.73,83.18,7333979
2017-09-12 04:00:00+00:00,83.2,83.37,83.035,83.36,7485488
2017-09-13 04:00:00+00:00,83.26,83.41,82.8917,83.05,6570530
2017-09-14 04:00:00+00:00,82.82,83.29,82.7165,83.16,6734800
2017-09-15 04:00:00+00:00,83.06,83.06,82.5,82.6,7559904
2017-09-18 04:00:00+00:00,82.68,82.9,82.44,82.61,8203073
2017-09-19 04:00:00+00:00,82.61,82.71,81.83,81.92,7763383
2017-09-20 04:00:00+00:00,81.95,82.089,81.41,82.0,5165362
2017-09-21 04:00:00+00:00,81.95,82.04,81.54,81.58,5186169
2017-09-22 04:00:00+00:00,81.47,81.69,81.155,81.58,7401631
2017-09-25 04:00:00+00:00,81.47,81.84,81.215,81.34,12736803
2017-09-26 04:00:00+00:00,81.57,81.7962,81.18,81.21,4703731
2017-09-27 04:00:00+00:00,81.42,81.42,80.835,81.18,5581015
2017-09-28 04:00:00+00:00,81.11,81.52,80.99,81.25,4365779
2017-09-29 04:00:00+00:00,81.26,81.77,81.06,81.73,7087257
2017-10-02 04:00:00+00:00,81.97,82.57,81.88,82.56,9075438
2017-10-03 04:00:00+00:00,82.68,82.7963,82.215,82.54,5779009
2017-10-04 04:00:00+00:00,82.66,82.97,82.58,82.94,3381198
2017-10-05 04:00:00+00:00,82.94,83.01,82.62,83.0,7985887
2017-10-06 04:00:00+00:00,82.85,83.21,82.76,82.89,4103362
2017-10-09 04:00:00+00:00,82.88,82.9,82.24,82.37,5310604
2017-10-10 04:00:00+00:00,82.4,82.56,82.11,82.56,4124023
2017-10-11 04:00:00+00:00,82.51,82.81,82.49,82.71,4503705
2017-10-12 04:00:00+00:00,82.69,82.82,82.53,82.63,5227142
2017-10-13 04:00:00+00:00,82.36,82.53,82.22,82.42,6065726
2017-10-16 04:00:00+00:00,82.36,82.68,81.91,82.04,11513105
2017-10-17 04:00:00+00:00,82.23,83.38,82.23,83.16,8750057
2017-10-18 04:00:00+00:00,83.37,83.73,83.18,83.28,7070890
2017-10-19 04:00:00+00:00,83.18,83.8147,83.06,83.79,6699604
2017-10-20 04:00:00+00:00,83.82,83.95,83.59,83.88,6814198
2017-10-23 04:00:00+00:00,83.99,84.305,83.63,83.67,7241793
2017-10-24 04:00:00+00:00,83.68,83.69,82.63,83.11,7261083
2017-10-25 04:00:00+00:00,83.03,83.225,82.67,82.99,7004330
2017-10-26 04:00:00+00:00,82.4,82.635,81.66,82.16,13699893
2017-10-27 04:00:00+00:00,81.87,82.23,81.83,82.14,6369828
2017-10-30 04:00:00+00:00,81.8,81.92,81.08,81.26,6088723
2017-10-31 04:00:00+00:00,81.21,81.46,80.97,81.11,6710810
2017-11-01 04:00:00+00:00,81.25,81.65,81.09,81.31,7662378
2017-11-02 04:00:00+00:00,81.46,81.48,80.755,80.94,11661452
2017-11-03 04:00:00+00:00,80.85,81.655,80.85,81.61,7446225
2017-11-06 05:00:00+00:00,81.48,81.57,81.3,81.36,5285447
2017-11-07 05:00:00+00:00,81.5,81.65,81.2442,81.53,4509135
2017-11-08 05:00:00+00:00,81.44,81.81,81.34,81.72,7365989
2017-11-09 05:00:00+00:00,81.52,81.81,81.2299,81.73,7519743
2017-11-10 05:00:00+00:00,81.53,81.53,80.6947,81.2,5129026
2017-11-13 05:00:00+00:00,80.93,81.435,80.7,81.3,4859441
2017-11-14 05:00:00+00:00,81.01,81.1,80.585,80.95,7543835
2017-11-15 05:00:00+00:00,80.65,80.97,80.44,80.72,5160004
2017-11-16 05:00:00+00:00,80.84,81.66,80.84,81.56,5099297
2017-11-17 05:00:00+00:00,81.19,81.5,81.11,81.23,7060180
2017-11-20 05:00:00+00:00,81.23,81.3,80.77,80.9,5195084
2017-11-21 05:00:00+00:00,81.34,81.795,81.3101,81.61,8232447
2017-11-22 05:00:00+00:00,81.61,81.9152,81.45,81.58,5667713
2017-11-24 05:00:00+00:00,81.69,81.8,81.51,81.77,1685019
2017-11-27 05:00:00+00:00,81.77,81.98,81.7,81.84,4298818
2017-11-28 05:00:00+00:00,82.04,82.51,81.82,82.44,9237344
2017-11-29 05:00:00+00:00,82.51,83.15,82.51,82.83,8445713
2017-11-30 05:00:00+00:00,83.11,83.72,82.8647,83.48,11578094
2017-12-01 05:00:00+00:00,83.43,83.65,82.17,83.3,16284889
2017-12-04 05:00:00+00:00,83.78,83.795,82.28,82.28,11126878
2017-12-05 05:00:00+00:00,82.33,82.74,82.07,82.14,13488217
2017-12-06 05:00:00+00:00,82.19,82.46,81.71,82.07,8645995
2017-12-07 05:00:00+00:00,82.02,82.25,81.77,82.09,4091343
2017-12-08 05:00:00+00:00,82.33,83.02,82.27,83.01,10082614
2017-12-11 05:00:00+00:00,83.08,83.41,82.95,83.36,7909784
2017-12-12 05:00:00+00:00,83.39,83.82,83.39,83.69,6207998
2017-12-13 05:00:00+00:00,83.68,84.215,83.6543,83.98,9371535
2017-12-14 05:00:00+00:00,84.05,84.16,83.045,83.13,6945694
2017-12-15 05:00:00+00:00,83.11,83.74,83.11,83.7,8997442
2017-12-18 05:00:00+00:00,83.98,84.2,83.685,83.74,5835060
2017-12-19 05:00:00+00:00,83.87,84.159,83.6,83.61,5026822
2017-12-20 05:00:00+00:00,83.82,83.95,83.36,83.37,4786426
2017-12-21 05:00:00+00:00,83.63,83.68,83.121,83.19,4481058
2017-12-22 05:00:00+00:00,83.06,83.16,82.71,82.91,7912005
2017-12-26 05:00:00+00:00,82.84,83.04,82.75,82.93,2599401
2017-12-27 05:00:00+00:00,82.99,83.29,82.98,83.07,4162316
2017-12-28 05:00:00+00:00,83.22,83.34,82.93,83.18,6483606
2017-12-29 05:00:00+00:00,83.33,83.46,82.59,82.68,5030980
2018-01-02 05:00:00+00:00,82.99,83.65,82.87,83.61,7254794
2018-01-03 05:00:00+00:00,83.6,84.47,83.36,84.41,7846822
2018-01-04 05:00:00+00:00,84.68,84.835,84.315,84.53,7976458
2018-01-05 05:00:00+00:00,84.8,85.33,84.635,85.25,7714846
2018-01-08 05:00:00+00:00,85.15,85.26,84.505,84.94,5256042
2018-01-09 05:00:00+00:00,85.2,86.12,85.12,85.94,7301264
2018-01-10 05:00:00+00:00,85.65,85.81,85.15,85.79,10941851
2018-01-11 05:00:00+00:00,85.94,86.18,85.695,86.16,4460902
2018-01-12 05:00:00+00:00,86.32,86.92,86.2489,86.82,5633708
2018-01-16 05:00:00+00:00,87.36,87.9467,87.11,87.2,9830300
2018-01-17 05:00:00+00:00,87.65,88.2752,87.43,88.09,7699320
2018-01-18 05:00:00+00:00,88.1,88.2029,87.595,88.11,8157320
2018-01-19 05:00:00+00:00,88.45,88.4726,88.0,88.47,5060539
2018-01-22 05:00:00+00:00,88.41,89.07,88.25,89.07,11235005
2018-01-23 05:00:00+00:00,89.01,89.18,88.51,88.59,7705887
2018-01-24 05:00:00+00:00,89.03,89.18,88.54,88.851,8394576
2018-01-25 05:00:00+00:00,89.28,89.699,88.94,89.6,6516514
2018-01-26 05:00:00+00:00,90.02,91.56,90.0,91.54,10020123
2018-01-29 05:00:00+00:00,91.3,91.79,91.28,91.29,13530603
2018-01-30 05:00:00+00:00,89.49,90.11,89.22,89.34,14501223
2018-01-31 05:00:00+00:00,89.83,90.089,87.79,88.095,17116613
2018-02-01 05:00:00+00:00,87.76,88.529,87.535,88.14,13010224
2018-02-02 05:00:00+00:00,87.41,88.18,86.87,86.89,10694507
2018-02-05 05:00:00+00:00,86.46,86.99,82.37,83.04,36263856
2018-02-06 05:00:00+00:00,81.44,84.32,81.4,83.9,34630242
2018-02-07 05:00:00+00:00,83.72,85.035,83.43,83.9,17576541
2018-02-08 05:00:00+00:00,83.84,84.11,80.88,80.95,20681118
2018-02-09 05:00:00+00:00,81.69,82.8,79.56,82.1,36931000
2018-02-12 05:00:00+00:00,82.63,83.5149,81.89,82.86,13624767
2018-02-13 05:00:00+00:00,82.39,83.115,81.88,82.94,8516727
2018-02-14 05:00:00+00:00,82.4,84.015,82.32,83.87,10348620
2018-02-15 05:00:00+00:00,84.44,84.83,83.59,84.8,9788104
2018-02-16 05:00:00+00:00,84.38,86.01,84.38,85.41,9522436
2018-02-20 05:00:00+00:00,85.0,85.28,84.23,84.5,9220328
2018-02-21 05:00:00+00:00,84.46,85.59,84.11,84.12,9592833
2018-02-22 05:00:00+00:00,84.39,84.99,83.79,83.99,6450640
2018-02-23 05:00:00+00:00,84.49,85.36,84.12,85.36,5705402
2018-02-26 05:00:00+00:00,85.48,86.51,85.48,86.41,6537310
2018-02-27 05:00:00+00:00,86.41,86.695,85.51,85.51,7875766
2018-02-28 05:00:00+00:00,85.79,85.9,84.12,84.14,6501421
2018-03-01 05:00:00+00:00,83.99,84.42,82.17,82.8,13117610
2018-03-02 05:00:00+00:00,82.52,83.82,82.3403,83.64,11368066
2018-03-05 05:00:00+00:00,83.26,84.645,83.08,84.4,11210827
2018-03-06 05:00:00+00:00,84.59,84.73,83.86,84.27,9661945
2018-03-07 05:00:00+00:00,83.56,84.8,83.53,84.71,7017357
2018-03-08 05:00:00+00:00,84.94,85.35,84.8,85.25,7392406
2018-03-09 05:00:00+00:00,85.8,86.54,85.48,86.51,8463427
2018-03-12 04:00:00+00:00,86.54,86.67,86.04,86.14,5954863
2018-03-13 04:00:00+00:00,86.47,86.85,86.06,86.24,6719652
2018-03-14 04:00:00+00:00,86.55,86.75,85.55,85.83,9850530
2018-03-15 04:00:00+00:00,86.13,86.375,85.5836,85.69,5970263
2018-03-16 04:00:00+00:00,85.38,85.85,85.38,85.39,7357261
2018-03-19 04:00:00+00:00,85.23,85.34,83.325,84.01,7381342
2018-03-20 04:00:00+00:00,84.2,84.43,83.65,84.18,5810503
2018-03-21 04:00:00+00:00,84.27,84.73,83.7,83.77,5873768
2018-03-22 04:00:00+00:00,82.96,83.02,81.22,81.35,14809171
2018-03-23 04:00:00+00:00,81.44,81.6089,79.605,79.67,11249573
2018-03-26 04:00:00+00:00,80.57,81.43,79.645,81.32,9294756
2018-03-27 04:00:00+00:00,81.61,81.85,79.9,80.36,11485313
2018-03-28 04:00:00+00:00,80.59,81.57,80.48,80.79,10244902
2018-03-29 04:00:00+00:00,81.22,81.99,80.67,81.41,7089626
2018-04-02 04:00:00+00:00,81.06,81.48,78.74,79.51,11681518
2018-04-03 04:00:00+00:00,79.98,80.91,79.489,80.76,8756009
2018-04-04 04:00:00+00:00,79.79,82.14,79.79,81.93,9373264
2018-04-05 04:00:00+00:00,82.2,82.27,81.54,81.82,8129115
2018-04-06 04:00:00+00:00,81.17,81.57,79.16,79.9,12347892
2018-04-09 04:00:00+00:00,80.31,81.79,80.08,80.67,7055578
2018-04-10 04:00:00+00:00,81.47,82.35,81.195,82.03,8312317
2018-04-11 04:00:00+00:00,81.42,81.91,81.25,81.36,6327464
2018-04-12 04:00:00+00:00,81.8,82.3,81.74,81.91,5193176
2018-04-13 04:00:00+00:00,82.3,82.37,81.43,81.87,8496594
2018-04-16 04:00:00+00:00,82.47,82.82,82.28,82.52,7266397
2018-04-17 04:00:00+00:00,83.15,83.34,82.715,83.14,6674709
2018-04-18 04:00:00+00:00,83.37,83.515,82.83,83.23,4740154
2018-04-19 04:00:00+00:00,83.08,83.16,82.231,82.53,5906905
2018-04-20 04:00:00+00:00,82.6,82.72,81.815,82.09,5361609
2018-04-23 04:00:00+00:00,82.31,82.67,82.095,82.41,9306384
2018-04-24 04:00:00+00:00,82.67,82.73,81.17,81.74,9049833
2018-04-25 04:00:00+00:00,81.69,82.2,81.12,82.12,8544822
2018-04-26 04:00:00+00:00,82.4,83.515,82.4,83.18,10398444
2018-04-27 04:00:00+00:00,83.14,83.67,82.96,83.52,7133752
2018-04-30 04:00:00+00:00,83.9,83.95,82.25,82.28,7376661
2018-05-01 04:00:00+00:00,82.16,82.45,81.525,82.22,8663445
2018-05-02 04:00:00+00:00,81.79,81.85,80.91,81.09,12578476
2018-05-03 04:00:00+00:00,80.72,80.73,79.31,80.36,14462586
2018-05-04 04:00:00+00:00,80.12,81.27,79.81,81.01,8054700
2018-05-07 04:00:00+00:00,81.26,81.58,80.67,80.88,6137564
2018-05-08 04:00:00+00:00,80.68,80.75,79.7895,80.27,9851194
2018-05-09 04:00:00+00:00,80.42,81.08,79.98,80.74,12335094
2018-05-10 04:00:00+00:00,81.07,82.17,81.02,81.81,8053292
2018-05-11 04:00:00+00:00,81.88,83.19,81.73,83.03,10828135
2018-05-14 04:00:00+00:00,83.18,83.925,83.01,83.56,13751319
2018-05-15 04:00:00+00:00,83.03,83.13,82.23,82.5,8974651
2018-05-16 04:00:00+00:00,82.46,83.25,82.45,82.96,7411387
2018-05-17 04:00:00+00:00,82.88,83.13,82.52,82.99,6703617
2018-05-18 04:00:00+00:00,83.05,83.37,82.765,83.2,6177431
2018-05-21 04:00:00+00:00,83.59,83.75,83.155,83.28,6723663
2018-05-22 04:00:00+00:00,83.45,83.55,82.99,83.12,5833148
2018-05-23 04:00:00+00:00,82.77,83.42,82.6738,83.39,9249255
2018-05-24 04:00:00+00:00,83.34,83.48,82.685,83.06,7516757
2018-05-25 04:00:00+00:00,83.09,83.46,82.795,82.94,7232378
2018-05-29 04:00:00+00:00,82.4,82.549,81.57,82.09,18723014
2018-05-30 04:00:00+00:00,82.65,83.51,82.56,83.28,13651230
2018-05-31 04:00:00+00:00,83.16,83.225,82.38,82.41,12396312
2018-06-01 04:00:00+00:00,82.74,83.39,82.65,83.34,8705406
2018-06-04 04:00:00+00:00,83.46,83.7888,83.19,83.67,8158993
2018-06-05 04:00:00+00:00,83.7,83.8752,83.1,83.5,5804161
2018-06-06 04:00:00+00:00,83.79,84.53,83.45,84.44,7604029
2018-06-07 04:00:00+00:00,84.69,84.765,84.135,84.55,8485453
2018-06-08 04:00:00+00:00,84.52,85.1,84.38,85.04,6318478
2018-06-11 04:00:00+00:00,85.05,85.61,84.85,85.15,7156648
2018-06-12 04:00:00+00:00,85.29,85.29,84.77,85.15,6867975
2018-06-13 04:00:00+00:00,85.3,85.72,85.055,85.17,11299885
2018-06-14 04:00:00+00:00,85.34,85.66,85.1,85.57,11320906
2018-06-15 04:00:00+00:00,85.19,85.5005,84.8,85.46,9608889
2018-06-18 04:00:00+00:00,84.94,84.94,84.29,84.65,7512599
2018-06-19 04:00:00+00:00,84.06,84.89,83.93,84.86,6950691
2018-06-20 04:00:00+00:00,84.97,85.235,84.785,85.04,5967234
2018-06-21 04:00:00+00:00,84.96,84.965,84.35,84.55,7517560
2018-06-22 04:00:00+00:00,84.86,85.255,84.64,84.89,10667379
2018-06-25 04:00:00+00:00,84.61,84.94,83.51,84.15,10175294
2018-06-26 04:00:00+00:00,84.22,84.2803,83.78,83.89,5655217
2018-06-27 04:00:00+00:00,83.89,84.32,83.12,83.18,7511872
2018-06-28 04:00:00+00:00,82.87,83.5,82.29,83.29,9095595
2018-06-29 04:00:00+00:00,83.55,84.2,83.4,83.47,6626179
2018-07-02 04:00:00+00:00,83.0,83.77,82.72,83.72,9420999
2018-07-03 04:00:00+00:00,84.02,84.31,83.7,83.92,3147775
2018-07-05 04:00:00+00:00,84.31,84.875,84.11,84.79,7667151
2018-07-06 04:00:00+00:00,85.2,86.155,85.1,86.01,9995078
2018-07-09 04:00:00+00:00,86.35,86.805,86.32,86.6,8084131
2018-07-10 04:00:00+00:00,86.81,87.0072,86.58,86.97,6347069
2018-07-11 04:00:00+00:00,86.5,86.59,86.22,86.28,6518803
2018-07-12 04:00:00+00:00,86.71,87.295,86.66,87.24,4526630
2018-07-13 04:00:00+00:00,87.05,87.59,87.0,87.44,6862053
2018-07-16 04:00:00+00:00,87.47,87.47,86.745,86.86,5471784
2018-07-17 04:00:00+00:00,86.84,87.4752,86.8,87.35,5903546
2018-07-18 04:00:00+00:00,87.37,87.44,87.11,87.42,8324797
2018-07-19 04:00:00+00:00,87.21,87.39,86.553,86.93,5261593
2018-07-20 04:00:00+00:00,86.69,86.89,86.51,86.75,4942015
2018-07-23 04:00:00+00:00,86.71,87.05,86.61,86.94,3872748
2018-07-24 04:00:00+00:00,87.4,87.88,87.34,87.76,6880385
2018-07-25 04:00:00+00:00,87.68,88.87,87.59,88.85,10114737
2018-07-26 04:00:00+00:00,88.7,88.91,88.41,88.6,5903677
2018-07-27 04:00:00+00:00,88.64,88.64,87.64,87.99,5839395
2018-07-30 04:00:00+00:00,87.89,88.18,87.75,88.06,5607145
2018-07-31 04:00:00+00:00,88.33,89.05,88.2,88.93,7004445
2018-08-01 04:00:00+00:00,88.88,89.28,88.88,88.95,5820313
2018-08-02 04:00:00+00:00,88.57,89.465,88.53,89.28,5721905
2018-08-03 04:00:00+00:00,89.35,89.875,89.23,89.85,5994403
2018-08-06 04:00:00+00:00,89.76,90.1699,89.4434,89.97,4817677
2018-08-07 04:00:00+00:00,89.98,90.28,89.86,89.98,5234380
2018-08-08 04:00:00+00:00,89.99,90.25,89.79,90.12,5171326
2018-08-09 04:00:00+00:00,90.13,90.38,89.925,90.02,6259439
2018-08-10 04:00:00+00:00,89.69,90.16,89.32,89.63,5502049
2018-08-13 04:00:00+00:00,89.73,90.085,89.425,89.67,7247635
2018-08-14 04:00:00+00:00,89.79,90.24,89.7,90.08,6285408
2018-08-15 04:00:00+00:00,89.8,90.04,89.36,89.93,6943526
2018-08-16 04:00:00+00:00,90.19,90.93,90.08,90.8,7075035
2018-08-17 04:00:00+00:00,90.74,91.3749,90.53,91.09,5580013
2018-08-20 04:00:00+00:00,91.3,91.56,91.25,91.39,8533142
2018-08-21 04:00:00+00:00,91.62,91.66,91.195,91.39,6485771
2018-08-22 04:00:00+00:00,91.18,91.68,91.07,91.48,4016320
2018-08-23 04:00:00+00:00,91.43,91.67,91.23,91.43,6998517
2018-08-24 04:00:00+00:00,91.66,91.89,91.485,91.89,4300786
2018-08-27 04:00:00+00:00,92.22,92.29,91.83,92.22,4844733
2018-08-28 04:00:00+00:00,92.36,92.39,92.07,92.27,5391480
2018-08-29 04:00:00+00:00,92.29,92.965,92.19,92.87,5431622
2018-08-30 04:00:00+00:00,92.8,93.11,92.6,92.8,5371414
2018-08-31 04:00:00+00:00,92.58,92.86,92.4,92.79,6063214
2018-09-04 04:00:00+00:00,92.7,92.76,91.82,92.04,7330110
2018-09-05 04:00:00+00:00,91.97,92.41,91.795,92.41,11257434
2018-09-06 04:00:00+00:00,92.4,92.6,91.85,92.4,6014022
2018-09-07 04:00:00+00:00,92.19,92.64,92.05,92.55,5666421
2018-09-10 04:00:00+00:00,92.78,92.95,92.22,92.31,4383500
2018-09-11 04:00:00+00:00,92.15,92.41,91.84,92.2,5793108
2018-09-12 04:00:00+00:00,92.29,92.86,92.11,92.69,11413519
2018-09-13 04:00:00+00:00,93.09,93.84,93.0,93.81,11633516
2018-09-14 04:00:00+00:00,93.92,93.92,93.36,93.5,6047836
2018-09-17 04:00:00+00:00,93.53,93.54,93.075,93.19,5649056
2018-09-18 04:00:00+00:00,93.19,93.97,93.05,93.73,5751447
2018-09-19 04:00:00+00:00,93.67,93.865,93.5,93.6,4251988
2018-09-20 04:00:00+00:00,93.87,94.57,93.8144,94.48,5345788
2018-09-21 04:00:00+00:00,94.32,94.48,94.07,94.27,9267480
2018-09-24 04:00:00+00:00,94.21,94.65,94.075,94.42,5641567
2018-09-25 04:00:00+00:00,94.59,94.73,94.07,94.17,5325018
2018-09-26 04:00:00+00:00,94.35,95.12,94.1801,94.37,11041969
2018-09-27 04:00:00+00:00,94.51,95.12,94.4,94.86,7999808
2018-09-28 04:00:00+00:00,94.67,95.21,94.63,95.14,6141985
2018-10-01 04:00:00+00:00,95.51,96.06,95.34,95.62,7484101
2018-10-02 04:00:00+00:00,95.62,95.7,95.33,95.55,5705221
2018-10-03 04:00:00+00:00,95.83,96.0,95.18,95.33,6491375
2018-10-04 04:00:00+00:00,95.26,95.295,93.9144,94.4,11359270
2018-10-05 04:00:00+00:00,94.48,94.97,93.7,94.29,13191451
2018-10-08 04:00:00+00:00,94.17,94.52,93.46,94.25,12238237
2018-10-09 04:00:00+00:00,94.0,94.74,93.71,94.41,7626360
2018-10-10 04:00:00+00:00,94.4,94.51,92.12,92.18,23335870
2018-10-11 04:00:00+00:00,91.93,92.14,89.04,89.69,47805575
2018-10-12 04:00:00+00:00,90.77,91.41,90.02,91.07,20899355
2018-10-15 04:00:00+00:00,90.92,91.32,90.37,90.42,14836406
2018-10-16 04:00:00+00:00,91.14,93.08,91.13,92.92,13861941
2018-10-17 04:00:00+00:00,92.86,93.64,92.39,93.41,15852962
2018-10-18 04:00:00+00:00,93.36,93.37,91.61,92.35,15406480
2018-10-19 04:00:00+00:00,92.51,92.83,91.39,91.51,11532539
2018-10-22 04:00:00+00:00,91.5,91.67,90.34,90.76,8379649
2018-10-23 04:00:00+00:00,89.6,90.71,88.88,90.27,15537301
2018-10-24 04:00:00+00:00,90.23,90.75,87.18,87.29,17804256
2018-10-25 04:00:00+00:00,87.28,89.03,86.27,88.42,15975428
2018-10-26 04:00:00+00:00,87.6,88.22,86.35,87.42,26635884
2018-10-29 04:00:00+00:00,88.43,89.08,86.41,87.64,14114511
2018-10-30 04:00:00+00:00,87.65,88.72,87.2,88.58,15606391
2018-10-31 04:00:00+00:00,89.29,89.65,88.63,88.7,13688225
2018-11-01 04:00:00+00:00,89.0,89.97,88.97,89.82,9772133
2018-11-02 04:00:00+00:00,90.69,90.84,88.67,89.26,13085031
2018-11-05 05:00:00+00:00,89.38,90.45,89.38,90.05,8077006
2018-11-06 05:00:00+00:00,89.93,90.605,89.8,90.51,8195778
2018-11-07 05:00:00+00:00,91.35,93.25,91.29,93.17,13558215
2018-11-08 05:00:00+00:00,93.0,93.555,92.87,93.22,7538482
2018-11-09 05:00:00+00:00,93.11,93.26,92.5,92.95,8627936
2018-11-12 05:00:00+00:00,92.81,92.95,91.48,91.69,8527431
2018-11-13 05:00:00+00:00,92.0,92.365,90.78,91.08,14414728
2018-11-14 05:00:00+00:00,91.61,91.62,89.891,90.32,11769266
2018-11-15 05:00:00+00:00,89.68,91.23,88.83,91.15,15676000
2018-11-16 05:00:00+00:00,90.96,92.48,90.91,92.04,11106178
2018-11-19 05:00:00+00:00,92.13,92.19,90.47,90.87,8978800
2018-11-20 05:00:00+00:00,90.3,90.97,89.81,89.96,11921969
2018-11-21 05:00:00+00:00,90.31,90.32,89.485,89.51,10186634
2018-11-23 05:00:00+00:00,89.03,90.18,88.98,89.64,3987902
2018-11-26 05:00:00+00:00,90.36,90.75,89.98,90.51,7210137
2018-11-27 05:00:00+00:00,90.21,91.45,89.88,91.45,9987754
2018-11-28 05:00:00+00:00,91.72,93.68,91.7,93.65,12077085
2018-11-29 05:00:00+00:00,93.43,94.505,93.3,93.96,8864576
2018-11-30 05:00:00+00:00,93.9037,95.87,93.8,95.87,16304248
2018-12-03 05:00:00+00:00,95.81,95.81,94.86,95.41,12248975
2018-12-04 05:00:00+00:00,95.39,95.92,93.11,93.28,15553879
2018-12-06 05:00:00+00:00,92.12,92.93,90.135,92.93,19208045
2018-12-07 05:00:00+00:00,92.67,92.8,90.11,90.56,15187610
2018-12-10 05:00:00+00:00,90.61,91.25,88.65,90.91,15464745
2018-12-11 05:00:00+00:00,91.67,92.28,90.54,91.19,13926748
2018-12-12 05:00:00+00:00,92.2,93.17,91.91,91.97,12700432
2018-12-13 05:00:00+00:00,92.22,92.725,91.44,92.06,12622899
2018-12-14 05:00:00+00:00,91.16,91.24,88.6926,88.96,19772939
2018-12-17 05:00:00+00:00,88.04,88.78,86.59,87.19,22855273
2018-12-18 05:00:00+00:00,87.94,88.1,85.6,86.43,27027142
2018-12-19 05:00:00+00:00,86.6,87.64,84.53,85.3,23364492
2018-12-20 05:00:00+00:00,84.91,85.26,83.5,84.07,26231371
2018-12-21 05:00:00+00:00,83.85,85.27,82.51,82.68,29289818
2018-12-24 05:00:00+00:00,82.13,82.44,80.65,80.7,14465109
2018-12-26 05:00:00+00:00,81.0,84.3,80.61,84.22,21429611
2018-12-27 05:00:00+00:00,83.23,85.2,82.0999,85.15,14372808
2018-12-28 05:00:00+00:00,85.7,86.44,84.9,85.25,15870237
2018-12-31 05:00:00+00:00,85.73,86.59,85.67,86.51,10708118
2019-01-02 05:00:00+00:00,85.18,85.83,84.27,85.21,15063958
2019-01-03 05:00:00+00:00,85.32,85.5,83.25,83.47,19312949
2019-01-04 05:00:00+00:00,84.45,86.43,84.41,85.96,17470436
2019-01-07 05:00:00+00:00,85.99,87.1,85.73,86.27,13455256
2019-01-08 05:00:00+00:00,86.98,87.25,85.9999,87.06,14155709
2019-01-09 05:00:00+00:00,87.34,87.86,87.09,87.49,11385681
2019-01-10 05:00:00+00:00,86.96,87.58,86.52,87.52,10492785
2019-01-11 05:00:00+00:00,87.11,87.835,86.95,87.81,7286757
2019-01-14 05:00:00+00:00,87.28,87.32,86.83,86.84,5602874
2019-01-15 05:00:00+00:00,86.96,88.42,86.9425,88.4,11256460
2019-01-16 05:00:00+00:00,88.52,88.895,88.18,88.24,8559393
2019-01-17 05:00:00+00:00,88.0,89.39,87.93,89.02,9634470
2019-01-18 05:00:00+00:00,89.68,90.13,89.01,90.08,15092213
2019-01-22 05:00:00+00:00,89.45,89.62,88.84,89.46,12847951
2019-01-23 05:00:00+00:00,89.63,90.05,88.59,89.56,8004490
2019-01-24 05:00:00+00:00,89.47,89.55,88.39,88.8,12127706
2019-01-25 05:00:00+00:00,89.25,89.25,88.66,88.92,7314050
2019-01-28 05:00:00+00:00,88.31,88.4,87.485,87.91,7235339
2019-01-29 05:00:00+00:00,87.91,88.405,87.66,88.34,11802156
2019-01-30 05:00:00+00:00,88.67,89.8,88.45,89.55,11813184
2019-01-31 05:00:00+00:00,89.45,90.88,89.355,90.67,13665306
2019-02-01 05:00:00+00:00,90.78,90.96,90.13,90.75,9582498
2019-02-04 05:00:00+00:00,90.76,90.76,89.72,90.49,9401013
2019-02-05 05:00:00+00:00,90.64,91.15,90.34,90.36,9580869
2019-02-06 05:00:00+00:00,90.2,90.81,90.09,90.77,6362568
2019-02-07 05:00:00+00:00,90.18,90.33,89.29,89.77,9787861
2019-02-08 05:00:00+00:00,89.42,89.95,89.29,89.94,7329945
2019-02-11 05:00:00+00:00,90.14,90.2,89.58,89.83,5213902
2019-02-12 05:00:00+00:00,90.22,91.11,90.06,91.06,9328871
2019-02-13 05:00:00+00:00,91.24,91.53,90.849,91.26,6601808
2019-02-14 05:00:00+00:00,91.03,91.88,90.9,91.47,7104816
2019-02-15 05:00:00+00:00,92.16,92.9,91.47,92.85,8297151
2019-02-19 05:00:00+00:00,92.6,92.99,92.59,92.63,6329687
2019-02-20 05:00:00+00:00,92.4,92.64,92.055,92.52,7073706
2019-02-21 05:00:00+00:00,92.19,92.25,91.3,91.71,9079119
2019-02-22 05:00:00+00:00,91.89,92.6332,91.78,92.55,6586053
2019-02-25 05:00:00+00:00,93.02,93.24,92.6129,92.68,7795435
2019-02-26 05:00:00+00:00,92.47,92.72,92.24,92.35,7364212
2019-02-27 05:00:00+00:00,92.04,92.36,91.61,91.92,9928495
2019-02-28 05:00:00+00:00,91.75,92.25,91.55,91.65,9566418
2019-03-01 05:00:00+00:00,92.22,93.08,92.14,92.95,10953674
2019-03-04 05:00:00+00:00,93.28,93.45,91.06,91.69,15342841
2019-03-05 05:00:00+00:00,91.73,91.9668,91.1701,91.64,15192133
2019-03-06 05:00:00+00:00,91.65,91.77,90.05,90.3,11800848
2019-03-07 05:00:00+00:00,90.17,90.36,89.28,89.59,14549581
2019-03-08 05:00:00+00:00,89.11,89.445,88.63,89.4,11700811
2019-03-11 04:00:00+00:00,89.64,90.4979,89.3798,90.42,9864652
2019-03-12 04:00:00+00:00,90.65,91.2901,90.52,91.08,9056888
2019-03-13 04:00:00+00:00,91.35,92.31,91.285,92.06,10254681
2019-03-14 04:00:00+00:00,92.03,92.15,91.5831,91.87,9430036
2019-03-15 04:00:00+00:00,91.73,92.14,91.41,91.99,10375816
2019-03-18 04:00:00+00:00,92.08,92.17,91.52,91.83,7283824
2019-03-19 04:00:00+00:00,92.17,92.84,91.8409,92.58,11378281
2019-03-20 04:00:00+00:00,92.47,92.58,91.58,91.94,11195603
2019-03-21 04:00:00+00:00,91.17,92.44,91.04,92.3,7452857
2019-03-22 04:00:00+00:00,91.9,92.24,90.6,90.62,12305694
2019-03-25 04:00:00+00:00,90.78,90.86,89.92,90.57,9973597
2019-03-26 04:00:00+00:00,91.1,91.77,90.5525,91.19,8198870
2019-03-27 04:00:00+00:00,91.08,91.29,89.8,90.43,10911399
2019-03-28 04:00:00+00:00,90.7,90.91,90.19,90.66,6874293
2019-03-29 04:00:00+00:00,91.2,91.83,91.0,91.75,10253433
2019-04-01 04:00:00+00:00,92.31,92.445,91.68,91.91,9206592
2019-04-02 04:00:00+00:00,91.91,92.05,91.51,91.68,7125432
2019-04-03 04:00:00+00:00,92.09,92.14,91.285,91.56,7767944
2019-04-04 04:00:00+00:00,91.64,91.75,90.84,91.37,9258683
2019-04-05 04:00:00+00:00,91.59,92.16,91.53,92.0,6859045
2019-04-08 04:00:00+00:00,91.93,92.07,91.33,91.98,6030881
2019-04-09 04:00:00+00:00,91.66,91.937,91.41,91.74,7559519
2019-04-10 04:00:00+00:00,91.85,92.02,91.61,91.77,5530398
2019-04-11 04:00:00+00:00,91.97,92.02,90.2436,90.64,9214962
2019-04-12 04:00:00+00:00,90.99,91.02,89.661,89.81,11746501
2019-04-15 04:00:00+00:00,89.92,90.235,89.745,90.17,7993553
2019-04-16 04:00:00+00:00,90.92,91.03,88.165,88.32,16083840
2019-04-17 04:00:00+00:00,88.62,88.6413,85.33,85.78,34643666
2019-04-18 04:00:00+00:00,86.04,86.45,84.65,85.92,35431559
2019-04-22 04:00:00+00:00,85.78,86.465,85.51,85.97,18823740
2019-04-23 04:00:00+00:00,85.94,87.7867,85.79,87.33,30641306
2019-04-24 04:00:00+00:00,87.36,87.54,86.84,87.23,14686263
2019-04-25 04:00:00+00:00,87.04,88.39,86.675,88.13,16955155
2019-04-26 04:00:00+00:00,88.25,89.04,88.06,89.04,11472840
2019-04-29 04:00:00+00:00,89.04,89.195,88.4694,88.85,13426439
2019-04-30 04:00:00+00:00,89.11,89.43,88.48,89.26,12037732
2019-05-01 04:00:00+00:00,89.38,89.73,88.6,89.1,28881368
2019-05-02 04:00:00+00:00,89.01,89.565,88.5,89.48,20919330
2019-05-03 04:00:00+00:00,89.73,90.19,89.58,90.16,15773576
2019-05-06 04:00:00+00:00,88.85,90.85,88.7,90.62,29011522
2019-05-07 04:00:00+00:00,89.92,90.36,88.36,88.88,18576096
2019-05-08 04:00:00+00:00,88.84,89.48,88.34,89.07,14106771
2019-05-09 04:00:00+00:00,88.28,89.165,87.855,88.88,15871851
2019-05-10 04:00:00+00:00,88.59,89.14,87.01,88.91,17952120
2019-05-13 04:00:00+00:00,87.4,88.863,86.9,87.24,18167886
2019-05-14 04:00:00+00:00,87.64,88.29,87.47,87.68,14385626
2019-05-15 04:00:00+00:00,87.22,88.24,86.83,87.94,10762956
2019-05-16 04:00:00+00:00,88.13,89.39,88.07,88.63,16125504
2019-05-17 04:00:00+00:00,87.9,89.14,87.9,88.44,13577071
2019-05-20 04:00:00+00:00,88.06,88.68,87.75,88.4,10918871
2019-05-21 04:00:00+00:00,88.9,89.61,88.84,89.17,12519196
2019-05-22 04:00:00+00:00,88.97,89.94,88.89,89.74,9449283
2019-05-23 04:00:00+00:00,89.29,89.43,88.68,89.43,14334645
2019-05-24 04:00:00+00:00,89.74,90.1,89.34,89.56,11025401
2019-05-28 04:00:00+00:00,89.64,90.18,88.27,88.28,21248787
2019-05-29 04:00:00+00:00,87.85,87.8625,86.82,87.43,16731416
2019-05-30 04:00:00+00:00,87.6,88.05,87.505,87.91,13009030
2019-05-31 04:00:00+00:00,87.34,87.69,86.77,87.28,11041292
2019-06-03 04:00:00+00:00,87.36,88.24,87.31,87.49,22450281
2019-06-04 04:00:00+00:00,88.22,89.09,88.11,88.94,17937728
2019-06-05 04:00:00+00:00,89.59,89.82,88.9712,89.61,29128321
2019-06-06 04:00:00+00:00,89.75,90.43,89.535,89.93,23127433
2019-06-07 04:00:00+00:00,90.36,91.23,90.33,91.01,9462283
2019-06-10 04:00:00+00:00,91.31,91.575,90.95,91.28,8651568
2019-06-11 04:00:00+00:00,91.73,91.96,90.903,91.13,9147143
2019-06-12 04:00:00+00:00,91.15,91.6,91.06,91.55,5966161
2019-06-13 04:00:00+00:00,91.73,91.73,91.1,91.46,10033177
2019-06-14 04:00:00+00:00,91.5,91.77,91.175,91.25,5101606
2019-06-17 04:00:00+00:00,91.34,91.72,91.21,91.72,4905061
2019-06-18 04:00:00+00:00,92.12,92.76,91.94,92.44,8034355
2019-06-19 04:00:00+00:00,92.46,93.48,92.4,93.27,7125036
2019-06-20 04:00:00+00:00,94.04,94.33,93.14,93.68,9356174
2019-06-21 04:00:00+00:00,93.19,93.91,92.66,93.73,9121338
2019-06-24 04:00:00+00:00,93.61,93.6701,93.065,93.24,6557652
2019-06-25 04:00:00+00:00,93.31,93.74,92.77,92.86,16125980
2019-06-26 04:00:00+00:00,92.99,93.0,91.5,91.69,10596490
2019-06-27 04:00:00+00:00,92.01,92.51,91.83,92.33,7815596
2019-06-28 04:00:00+00:00,92.37,92.715,91.84,92.47,9644804
2019-07-01 04:00:00+00:00,93.37,93.41,92.72,93.14,8041905
2019-07-02 04:00:00+00:00,93.18,93.6,92.65,93.58,8755013
2019-07-03 04:00:00+00:00,93.81,94.42,93.8,94.4,4187451
2019-07-05 04:00:00+00:00,94.0,94.23,93.54,93.75,6007202
2019-07-08 04:00:00+00:00,93.42,93.42,92.62,93.05,18608903
2019-07-09 04:00:00+00:00,92.71,93.24,92.7,93.09,5993933
2019-07-10 04:00:00+00:00,93.38,93.71,93.07,93.46,5445326
2019-07-11 04:00:00+00:00,94.11,94.15,92.85,93.48,13754445
2019-07-12 04:00:00+00:00,93.19,93.19,91.795,92.44,11592841
2019-07-15 04:00:00+00:00,92.49,92.86,92.18,92.64,5873577
2019-07-16 04:00:00+00:00,92.57,92.7,92.115,92.18,9753775
2019-07-17 04:00:00+00:00,92.37,92.68,92.19,92.2,9642722
2019-07-18 04:00:00+00:00,92.19,92.87,91.74,92.71,6643345
2019-07-19 04:00:00+00:00,92.93,92.969,91.68,91.76,8305176
2019-07-22 04:00:00+00:00,91.85,91.92,91.49,91.57,5233944
2019-07-23 04:00:00+00:00,91.58,92.28,91.32,92.14,6759101
2019-07-24 04:00:00+00:00,92.0,92.2,91.17,92.19,5488349
2019-07-25 04:00:00+00:00,91.94,92.29,91.54,91.74,6824386
2019-07-26 04:00:00+00:00,92.06,92.24,91.72,92.05,3911434
2019-07-29 04:00:00+00:00,92.12,92.52,91.97,92.45,5986410
2019-07-30 04:00:00+00:00,91.74,92.09,91.36,92.05,8033246
2019-07-31 04:00:00+00:00,91.95,92.33,90.5816,91.14,8648704
2019-08-01 04:00:00+00:00,91.15,92.235,90.71,91.23,17434878
2019-08-02 04:00:00+00:00,91.13,91.41,90.4577,91.05,17256643
2019-08-05 04:00:00+00:00,90.02,90.375,88.19,88.91,19040006
2019-08-06 04:00:00+00:00,89.36,90.08,88.87,90.0,10740722
2019-08-07 04:00:00+00:00,89.33,90.34,88.2,90.09,12998429
2019-08-08 04:00:00+00:00,90.4,91.38,90.0445,91.29,12370900
2019-08-09 04:00:00+00:00,91.13,91.975,90.61,91.4,7463307
2019-08-12 04:00:00+00:00,91.09,91.4,90.1551,90.4,6631805
2019-08-13 04:00:00+00:00,90.48,92.17,90.4,91.49,13575611
2019-08-14 04:00:00+00:00,90.75,90.97,89.09,89.14,16798917
2019-08-15 04:00:00+00:00,89.52,89.79,88.87,89.45,14090496
2019-08-16 04:00:00+00:00,90.06,90.7861,90.0,90.55,11254286
2019-08-19 04:00:00+00:00,91.26,91.65,91.11,91.42,6627448
2019-08-20 04:00:00+00:00,91.45,91.64,90.57,90.65,4850756
2019-08-21 04:00:00+00:00,91.19,91.53,91.04,91.31,5922059
2019-08-22 04:00:00+00:00,91.48,91.69,90.5038,90.86,7351132
2019-08-23 04:00:00+00:00,90.7,91.04,88.32,88.76,10243169
2019-08-26 04:00:00+00:00,89.47,89.76,89.1,89.69,10426991
2019-08-27 04:00:00+00:00,90.24,90.55,89.1031,89.16,8513758
2019-08-28 04:00:00+00:00,88.85,90.0,88.72,89.81,5976873
2019-08-29 04:00:00+00:00,90.54,90.75,89.91,90.49,4510295
2019-08-30 04:00:00+00:00,90.91,91.09,90.205,90.6,4894778
2019-09-03 04:00:00+00:00,90.07,90.5,89.75,90.07,6583546
2019-09-04 04:00:00+00:00,90.66,90.71,89.71,90.13,9648501
2019-09-05 04:00:00+00:00,90.9,91.215,90.42,91.02,8199739
2019-09-06 04:00:00+00:00,91.2,91.5251,91.08,91.27,15681912
2019-09-09 04:00:00+00:00,91.35,91.38,90.1,90.43,10915876
2019-09-10 04:00:00+00:00,89.97,90.7,89.02,90.7,8976213
2019-09-11 04:00:00+00:00,90.79,91.62,90.62,91.59,8283934
2019-09-12 04:00:00+00:00,92.0,92.38,91.51,91.56,10024076
2019-09-13 04:00:00+00:00,91.83,92.25,91.32,91.51,6455109
2019-09-16 04:00:00+00:00,91.01,91.54,90.9,91.31,7306154
2019-09-17 04:00:00+00:00,91.3,91.7,91.13,91.45,4023012
2019-09-18 04:00:00+00:00,91.45,91.56,90.79,91.43,5591184
2019-09-19 04:00:00+00:00,91.55,92.28,91.38,91.87,5195714
2019-09-20 04:00:00+00:00,91.7,92.43,91.6901,92.0,9145720
2019-09-23 04:00:00+00:00,91.73,92.0588,91.48,91.51,4437086
2019-09-24 04:00:00+00:00,91.85,91.91,90.35,90.67,10767456
2019-09-25 04:00:00+00:00,90.68,90.76,90.1,90.23,8305898
2019-09-26 04:00:00+00:00,90.53,90.56,89.04,89.73,10270905
2019-09-27 04:00:00+00:00,90.03,90.16,89.0,89.33,10148626
2019-09-30 04:00:00+00:00,89.45,90.68,89.39,90.13,8424166
2019-10-01 04:00:00+00:00,90.37,90.57,89.07,89.25,14909919
2019-10-02 04:00:00+00:00,89.06,89.15,87.56,87.93,14280895
2019-10-03 04:00:00+00:00,87.83,88.77,87.2,88.75,14141395
2019-10-04 04:00:00+00:00,89.0,90.18,88.945,90.13,9526858
2019-10-07 04:00:00+00:00,89.86,90.42,89.625,89.76,8431629
2019-10-08 04:00:00+00:00,89.08,89.12,88.1,88.12,11510559
2019-10-09 04:00:00+00:00,88.66,89.02,88.36,88.73,7577152
2019-10-10 04:00:00+00:00,88.5,89.51,88.42,89.2,9323023
2019-10-11 04:00:00+00:00,90.1,90.995,89.9,89.94,11061919
2019-10-14 04:00:00+00:00,89.88,90.34,89.7582,89.9,6127124
2019-10-15 04:00:00+00:00,90.89,91.855,90.83,91.47,13019510
2019-10-16 04:00:00+00:00,91.47,91.89,91.27,91.42,8573459
2019-10-17 04:00:00+00:00,91.72,92.36,91.68,92.1,7625924
2019-10-18 04:00:00+00:00,91.84,92.235,91.35,91.76,6875916
2019-10-21 04:00:00+00:00,92.14,92.28,91.475,91.66,5104736
2019-10-22 04:00:00+00:00,92.41,92.953,91.82,91.86,8835119
2019-10-23 04:00:00+00:00,92.02,92.7,91.83,92.43,5627073
2019-10-24 04:00:00+00:00,92.59,92.69,91.63,91.9,7296467
2019-10-25 04:00:00+00:00,91.72,92.305,91.48,92.06,5734145
2019-10-28 04:00:00+00:00,92.3,93.2,92.22,93.01,7068684
2019-10-29 04:00:00+00:00,93.23,94.48,93.0,94.31,13980899
2019-10-30 04:00:00+00:00,94.36,94.9,93.99,94.84,11264779
2019-10-31 04:00:00+00:00,94.68,94.805,94.135,94.75,11011328
2019-11-01 04:00:00+00:00,95.23,95.67,94.85,94.87,17079649
2019-11-04 05:00:00+00:00,95.31,95.36,94.54,94.58,11586836
2019-11-05 05:00:00+00:00,94.71,94.73,93.7,93.91,15724234
2019-11-06 05:00:00+00:00,94.0,94.41,93.71,94.23,15266863
2019-11-07 05:00:00+00:00,94.59,94.74,94.155,94.44,9488288
2019-11-08 05:00:00+00:00,94.32,95.15,94.27,95.13,7843527
2019-11-11 05:00:00+00:00,94.77,94.97,94.48,94.74,6160961
2019-11-12 05:00:00+00:00,94.89,95.65,94.76,95.31,13755521
2019-11-13 05:00:00+00:00,95.05,95.65,94.9,95.42,6636783
2019-11-14 05:00:00+00:00,95.42,95.57,94.85,95.43,6530347
2019-11-15 05:00:00+00:00,95.76,97.63,95.67,97.46,11508475
2019-11-18 05:00:00+00:00,97.37,97.925,97.01,97.13,11748451
2019-11-19 05:00:00+00:00,97.47,97.93,97.22,97.78,10641232
2019-11-20 05:00:00+00:00,97.6,97.97,97.075,97.62,12445379
2019-11-21 05:00:00+00:00,97.72,97.98,97.05,97.91,10143201
2019-11-22 05:00:00+00:00,98.08,98.395,97.87,98.29,6239563
2019-11-25 05:00:00+00:00,98.66,99.43,98.51,99.41,11961273
2019-11-26 05:00:00+00:00,99.4,99.56,99.0,99.33,11941662
2019-11-27 05:00:00+00:00,99.47,99.99,99.375,99.84,6874838
2019-11-29 05:00:00+00:00,99.58,99.81,99.2922,99.49,2523093
2019-12-02 05:00:00+00:00,99.69,99.72,98.73,99.05,6733795
2019-12-03 05:00:00+00:00,98.3,98.9082,98.03,98.83,7929194
2019-12-04 05:00:00+00:00,99.25,99.88,99.13,99.75,6712782
2019-12-05 05:00:00+00:00,99.81,99.9,98.91,99.75,7800310
2019-12-06 05:00:00+00:00,100.27,100.75,100.2,100.41,5757233
2019-12-09 05:00:00+00:00,100.41,100.47,99.71,99.71,5372518
2019-12-10 05:00:00+00:00,99.71,100.02,99.295,99.93,6554789
2019-12-11 05:00:00+00:00,100.02,100.27,99.82,100.02,6193748
2019-12-12 05:00:00+00:00,100.07,101.28,100.02,100.95,10790182
2019-12-13 05:00:00+00:00,100.85,101.47,100.47,100.83,6475479
2019-12-16 05:00:00+00:00,101.47,102.34,101.47,101.97,7882715
2019-12-17 05:00:00+00:00,102.1,102.25,101.72,101.86,4823322
2019-12-18 05:00:00+00:00,101.9,102.2,101.79,102.0,5485549
2019-12-19 05:00:00+00:00,102.26,102.51,102.045,102.4,7600381
2019-12-20 05:00:00+00:00,102.55,102.925,102.28,102.7,9478303
2019-12-23 05:00:00+00:00,102.94,103.22,102.68,103.11,4851224
2019-12-24 05:00:00+00:00,103.11,103.24,102.73,102.98,2119650
2019-12-26 05:00:00+00:00,103.11,103.23,102.5807,102.91,3058834
2019-12-27 05:00:00+00:00,103.13,103.1429,102.71,102.94,3695673
2019-12-30 05:00:00+00:00,102.27,102.49,101.51,101.66,6564991
2019-12-31 05:00:00+00:00,101.44,101.95,101.27,101.86,4848335
2020-01-02 05:00:00+00:00,102.21,102.2899,101.4,102.13,6376895
2020-01-03 05:00:00+00:00,100.71,101.82,100.45,101.24,8396462
2020-01-06 05:00:00+00:00,100.78,101.9,100.75,101.87,6831937
2020-01-07 05:00:00+00:00,101.59,101.76,101.1,101.67,7360007
2020-01-08 05:00:00+00:00,101.72,102.785,101.68,102.33,7738280
2020-01-09 05:00:00+00:00,102.64,103.05,102.42,102.77,6802680
2020-01-10 05:00:00+00:00,103.11,103.33,102.62,102.8,9411275
2020-01-13 05:00:00+00:00,102.97,102.99,102.085,102.44,7791995
2020-01-14 05:00:00+00:00,102.13,103.08,101.95,103.06,7417174
2020-01-15 05:00:00+00:00,103.18,104.22,103.1,103.95,7623607
2020-01-16 05:00:00+00:00,104.38,104.555,103.97,104.49,5568190
2020-01-17 05:00:00+00:00,104.53,104.65,104.23,104.49,6646549
2020-01-21 05:00:00+00:00,104.25,104.84,104.21,104.6,6690846
2020-01-22 05:00:00+00:00,104.83,105.08,104.59,104.73,11747283
2020-01-23 05:00:00+00:00,104.55,104.7,103.48,104.2,9532175
2020-01-24 05:00:00+00:00,104.32,104.37,102.2,102.46,16048969
2020-01-27 05:00:00+00:00,101.22,102.07,101.0809,101.68,11898265
2020-01-28 05:00:00+00:00,101.98,102.58,101.7031,102.18,8180048
2020-01-29 05:00:00+00:00,102.28,102.64,101.88,101.9,6677797
2020-01-30 05:00:00+00:00,101.15,101.22,100.29,101.16,11048691
2020-01-31 05:00:00+00:00,100.77,100.84,98.81,99.14,14588247
2020-02-03 05:00:00+00:00,99.83,100.76,99.83,100.04,12160649
2020-02-04 05:00:00+00:00,101.29,102.21,101.27,101.8,10072233
2020-02-05 05:00:00+00:00,102.28,104.12,102.27,103.82,14291473
2020-02-06 05:00:00+00:00,104.24,104.24,103.395,103.85,6239929
2020-02-07 05:00:00+00:00,103.86,103.95,102.88,103.04,6185943
2020-02-10 05:00:00+00:00,102.66,103.59,102.58,103.59,4074315
2020-02-11 05:00:00+00:00,103.95,104.3,103.74,104.21,11261831
2020-02-12 05:00:00+00:00,104.6,104.84,103.92,104.34,4762005
2020-02-13 05:00:00+00:00,103.96,104.28,103.64,103.85,4874078
2020-02-14 05:00:00+00:00,103.96,104.0,103.42,104.0,5171288
2020-02-18 05:00:00+00:00,103.93,104.06,103.22,103.56,9390695
2020-02-19 05:00:00+00:00,103.83,104.19,103.73,104.04,6500126
2020-02-20 05:00:00+00:00,103.8,103.9,102.43,103.37,8212623
2020-02-21 05:00:00+00:00,102.97,103.53,102.61,103.43,6597369
2020-02-24 05:00:00+00:00,100.93,101.61,99.69,100.17,16992611
2020-02-25 05:00:00+00:00,100.53,100.75,96.79,97.13,21306627
2020-02-26 05:00:00+00:00,97.74,98.82,96.91,97.12,13858616
2020-02-27 05:00:00+00:00,96.07,97.34,93.8,93.82,23757612
2020-02-28 05:00:00+00:00,91.35,92.6625,89.98,92.44,27963075
2020-03-02 05:00:00+00:00,92.99,97.1,92.32,97.1,22748165
2020-03-03 05:00:00+00:00,97.19,98.89,93.27,94.54,33505926
2020-03-04 05:00:00+00:00,97.38,100.15,97.18,99.99,26821289
2020-03-05 05:00:00+00:00,97.85,99.19,96.56,97.67,18173139
2020-03-06 05:00:00+00:00,94.99,97.5,94.6,97.14,18057371
2020-03-09 04:00:00+00:00,91.39,94.28,90.01,92.1,22300394
2020-03-10 04:00:00+00:00,94.76,95.4201,90.94,95.26,27015872
2020-03-11 04:00:00+00:00,93.01,93.67,90.45,91.56,23518864
2020-03-12 04:00:00+00:00,86.1,89.73,82.9,84.815,21195052
2020-03-13 04:00:00+00:00,88.72,90.9,84.16,90.66,29454274
2020-03-16 04:00:00+00:00,82.52,87.05,80.67,82.7823,21751930
2020-03-17 04:00:00+00:00,83.41,87.55,82.35,86.85,28772998
2020-03-18 04:00:00+00:00,82.4,85.3,79.92,83.97,29106484
2020-03-19 04:00:00+00:00,83.03,84.26,81.33,82.25,28193227
2020-03-20 04:00:00+00:00,82.96,83.81,78.64,79.09,22315630
2020-03-23 04:00:00+00:00,78.2,78.31,73.54,74.62,36365967
2020-03-24 04:00:00+00:00,78.02,80.53,77.57,80.37,17003867
2020-03-25 04:00:00+00:00,79.84,84.09,78.87,81.38,17107175
2020-03-26 04:00:00+00:00,82.17,87.31,82.01,86.85,19867139
2020-03-27 04:00:00+00:00,84.28,87.23,84.28,84.94,13118050
2020-03-30 04:00:00+00:00,86.52,89.1399,86.51,88.97,13879237
2020-03-31 04:00:00+00:00,89.05,89.53,87.64,88.57,13690941
2020-04-01 04:00:00+00:00,85.62,86.39,84.39,85.21,15729338
2020-04-02 04:00:00+00:00,84.78,87.77,83.93,87.57,14619145
2020-04-03 04:00:00+00:00,87.29,88.12,85.8,86.78,13123377
2020-04-06 04:00:00+00:00,89.54,91.85,89.14,91.33,13638547
2020-04-07 04:00:00+00:00,93.65,93.82,90.49,90.58,16782861
2020-04-08 04:00:00+00:00,91.36,94.86,90.22,94.31,33003012
2020-04-09 04:00:00+00:00,95.17,95.35,93.97,94.83,13051924
2020-04-13 04:00:00+00:00,94.49,94.82,92.66,94.0,9683856
2020-04-14 04:00:00+00:00,95.84,97.47,95.515,97.12,12913499
2020-04-15 04:00:00+00:00,95.83,97.19,95.285,96.62,11222866
2020-04-16 04:00:00+00:00,97.34,98.975,97.03,98.73,11605798
2020-04-17 04:00:00+00:00,101.13,101.13,99.39,100.78,11703940
2020-04-20 04:00:00+00:00,99.82,101.41,99.71,99.98,10596916
2020-04-21 04:00:00+00:00,98.27,98.83,96.62,96.94,9412227
2020-04-22 04:00:00+00:00,98.35,99.03,97.74,98.42,12786194
2020-04-23 04:00:00+00:00,98.94,100.49,98.74,98.96,16875121
2020-04-24 04:00:00+00:00,99.56,100.49,98.94,100.29,8049903
2020-04-27 04:00:00+00:00,100.99,102.01,100.83,101.58,8142453
2020-04-28 04:00:00+00:00,102.26,102.26,99.41,99.53,11709889
2020-04-29 04:00:00+00:00,101.06,101.06,99.54,100.19,10078565
2020-04-30 04:00:00+00:00,99.76,100.38,99.21,99.73,13011838
2020-05-01 04:00:00+00:00,98.59,98.77,96.95,97.83,10816280
2020-05-04 04:00:00+00:00,97.53,98.0,96.89,97.78,9064427
2020-05-05 04:00:00+00:00,98.64,100.615,98.39,99.86,12770243
2020-05-06 04:00:00+00:00,100.42,100.49,98.86,98.99,9712403
2020-05-07 04:00:00+00:00,99.92,99.93,98.775,98.9,9515859
2020-05-08 04:00:00+00:00,99.96,100.0,99.105,99.41,10499589
2020-05-11 04:00:00+00:00,99.0,101.38,99.0,101.12,15546140
2020-05-12 04:00:00+00:00,101.71,101.8,99.57,99.58,18742546
2020-05-13 04:00:00+00:00,99.45,100.215,97.71,98.5,12778461
2020-05-14 04:00:00+00:00,97.59,99.63,97.57,99.49,12206273
2020-05-15 04:00:00+00:00,99.3,100.51,99.0702,100.36,15880607
2020-05-18 04:00:00+00:00,102.3,102.77,101.19,101.25,10717323
2020-05-19 04:00:00+00:00,100.93,101.445,100.02,100.03,10665008
2020-05-20 04:00:00+00:00,100.79,101.17,99.92,100.15,10408794
2020-05-21 04:00:00+00:00,99.87,99.93,98.83,99.41,12369395
2020-05-22 04:00:00+00:00,99.42,99.7,98.9,99.62,10684226
2020-05-26 04:00:00+00:00,101.19,101.28,99.28,99.44,10935743
2020-05-27 04:00:00+00:00,99.58,100.47,98.07,100.47,15632425
2020-05-28 04:00:00+00:00,101.29,102.8,101.26,101.78,11948018
2020-05-29 04:00:00+00:00,102.22,103.23,100.69,103.01,19935590
2020-06-01 04:00:00+00:00,102.36,102.4825,101.35,101.99,8515205
2020-06-02 04:00:00+00:00,102.03,102.63,101.42,102.58,15226857
2020-06-03 04:00:00+00:00,102.88,102.98,101.945,102.37,10095418
2020-06-04 04:00:00+00:00,101.76,102.465,100.92,101.57,10938583
2020-06-05 04:00:00+00:00,102.21,104.035,101.68,103.21,15362388
2020-06-08 04:00:00+00:00,102.8,103.96,102.55,103.92,8293009
2020-06-09 04:00:00+00:00,103.71,104.2224,102.72,102.84,10488729
2020-06-10 04:00:00+00:00,103.18,103.52,102.23,102.67,10586696
2020-06-11 04:00:00+00:00,101.79,101.98,96.63,96.97,39771035
2020-06-12 04:00:00+00:00,99.0,99.32,95.92,97.6,19594341
2020-06-15 04:00:00+00:00,96.14,98.38,95.42,97.82,14668517
2020-06-16 04:00:00+00:00,100.12,100.87,98.58,100.26,13532062
2020-06-17 04:00:00+00:00,100.73,100.91,99.78,100.13,9197020
2020-06-18 04:00:00+00:00,99.56,100.02,99.16,99.79,7185254
2020-06-19 04:00:00+00:00,100.98,101.34,99.71,100.75,12908104
2020-06-22 04:00:00+00:00,99.91,100.0838,98.91,99.94,6981183
2020-06-23 04:00:00+00:00,100.63,101.23,100.18,100.37,5464159
2020-06-24 04:00:00+00:00,99.62,99.82,97.0399,97.72,16047240
2020-06-25 04:00:00+00:00,97.66,98.83,96.84,98.71,10590645
2020-06-26 04:00:00+00:00,98.53,98.78,97.04,97.51,17032970
2020-06-29 04:00:00+00:00,98.28,98.57,97.515,98.39,7614537
2020-06-30 04:00:00+00:00,98.42,100.6,98.13,100.07,9373774
2020-07-01 04:00:00+00:00,100.54,101.26,99.91,100.84,11034042
2020-07-02 04:00:00+00:00,101.72,102.18,101.375,101.6,6575894
2020-07-06 04:00:00+00:00,102.77,103.22,102.14,102.63,6507704
2020-07-07 04:00:00+00:00,101.88,102.97,101.6,101.74,6018985
2020-07-08 04:00:00+00:00,102.09,102.4,101.07,101.75,5849580
2020-07-09 04:00:00+00:00,101.64,102.02,99.68,100.95,10582670
2020-07-10 04:00:00+00:00,101.03,101.13,99.97,100.71,10549638
2020-07-13 04:00:00+00:00,101.29,103.145,101.02,101.28,10257597
2020-07-14 04:00:00+00:00,101.03,103.46,100.85,103.29,11014710
2020-07-15 04:00:00+00:00,104.05,104.925,103.83,104.63,9661236
2020-07-16 04:00:00+00:00,104.53,104.54,103.72,104.49,6462417
2020-07-17 04:00:00+00:00,105.01,106.25,104.86,105.89,7671191
2020-07-20 04:00:00+00:00,106.13,106.49,105.52,105.87,6881511
2020-07-21 04:00:00+00:00,106.23,106.63,105.58,105.8,7573788
2020-07-22 04:00:00+00:00,106.28,106.93,105.73,106.75,5693766
2020-07-23 04:00:00+00:00,107.09,107.53,105.92,106.27,7066759
2020-07-24 04:00:00+00:00,106.1,106.16,104.43,105.1,6314828
2020-07-27 04:00:00+00:00,104.99,106.16,104.73,105.94,6045380
2020-07-28 04:00:00+00:00,105.94,106.47,105.57,105.76,6346268
2020-07-29 04:00:00+00:00,106.01,107.31,105.94,106.88,5526660
2020-07-30 04:00:00+00:00,105.85,106.32,105.0,106.14,5441111
2020-07-31 04:00:00+00:00,105.81,106.1,104.15,105.53,7073538
2020-08-03 04:00:00+00:00,106.19,106.965,106.0,106.62,11457408
2020-08-04 04:00:00+00:00,106.36,106.63,105.49,106.15,6135087
2020-08-05 04:00:00+00:00,106.72,106.8313,106.37,106.64,4552037
2020-08-06 04:00:00+00:00,106.51,106.96,105.3,106.07,5409076
2020-08-07 04:00:00+00:00,105.96,106.43,105.655,106.41,4446562
2020-08-10 04:00:00+00:00,106.43,106.52,105.77,106.05,4722783
2020-08-11 04:00:00+00:00,106.64,106.74,105.13,105.42,8430379
2020-08-12 04:00:00+00:00,105.95,107.485,105.91,107.15,8371562
2020-08-13 04:00:00+00:00,107.02,107.12,106.29,107.02,5387070
2020-08-14 04:00:00+00:00,106.81,107.28,106.3887,106.8,3878953
2020-08-17 04:00:00+00:00,106.99,107.84,106.94,107.43,4659559
2020-08-18 04:00:00+00:00,107.65,107.83,106.84,107.4,4248734
2020-08-19 04:00:00+00:00,107.5,107.8,106.82,107.05,6388826
2020-08-20 04:00:00+00:00,106.58,106.95,106.43,106.76,5018991
2020-08-21 04:00:00+00:00,106.51,106.96,105.99,106.82,6524654
2020-08-24 04:00:00+00:00,107.33,107.37,105.675,106.33,6942238
2020-08-25 04:00:00+00:00,106.87,107.09,106.46,107.05,5168508
2020-08-26 04:00:00+00:00,106.83,107.04,105.77,106.92,7046542
2020-08-27 04:00:00+00:00,107.1,108.2608,106.34,107.76,7836842
2020-08-28 04:00:00+00:00,108.06,108.06,107.2,108.0,5447791
2020-08-31 04:00:00+00:00,107.77,108.775,107.68,108.26,6885506
2020-09-01 04:00:00+00:00,108.12,108.29,106.64,107.29,11493017
2020-09-02 04:00:00+00:00,107.39,109.73,106.94,109.44,8660089
2020-09-03 04:00:00+00:00,109.58,109.74,105.695,106.46,13565474
2020-09-04 04:00:00+00:00,106.83,107.02,104.41,105.65,14921885
2020-09-08 04:00:00+00:00,105.53,105.57,103.67,103.96,9791682
2020-09-09 04:00:00+00:00,104.74,106.67,104.72,105.8,8310338
2020-09-10 04:00:00+00:00,106.0,106.1,103.9,104.18,9294392
2020-09-11 04:00:00+00:00,104.67,105.09,103.79,104.59,8805629
2020-09-14 04:00:00+00:00,105.24,106.66,105.23,106.09,6030050
2020-09-15 04:00:00+00:00,106.64,107.08,105.96,106.23,5639592
2020-09-16 04:00:00+00:00,106.79,107.01,105.925,106.05,7286878
2020-09-17 04:00:00+00:00,105.07,106.06,104.73,105.63,7681373
2020-09-18 04:00:00+00:00,105.85,106.215,104.56,105.54,8914171
2020-09-21 04:00:00+00:00,103.72,103.72,101.74,103.18,8934208
2020-09-22 04:00:00+00:00,103.01,103.28,102.025,102.96,7932973
2020-09-23 04:00:00+00:00,103.39,103.428,101.8,101.9,7802540
2020-09-24 04:00:00+00:00,101.54,101.9,100.77,101.39,8542946
2020-09-25 04:00:00+00:00,101.04,103.3,100.93,103.02,7284564
2020-09-28 04:00:00+00:00,104.01,104.755,103.75,103.95,6578704
2020-09-29 04:00:00+00:00,104.13,104.66,103.41,103.82,5449249
2020-09-30 04:00:00+00:00,104.14,106.33,104.12,105.48,7670563
2020-10-01 04:00:00+00:00,105.97,106.4,104.67,105.12,9216451
2020-10-02 04:00:00+00:00,104.12,105.21,103.71,104.16,9131870
2020-10-05 04:00:00+00:00,104.91,106.41,104.88,106.3,7503182
2020-10-06 04:00:00+00:00,106.51,106.66,104.785,104.86,7833220
2020-10-07 04:00:00+00:00,105.63,107.2,105.61,106.87,7966498
2020-10-08 04:00:00+00:00,107.49,107.74,107.16,107.39,5987421
2020-10-09 04:00:00+00:00,107.99,108.68,107.71,108.36,5715969
2020-10-12 04:00:00+00:00,108.85,109.525,108.49,109.1,5133273
2020-10-13 04:00:00+00:00,108.46,109.02,107.99,108.27,6981640
2020-10-14 04:00:00+00:00,108.23,108.68,107.295,107.64,6056860
2020-10-15 04:00:00+00:00,106.31,107.06,106.13,106.86,6270896
2020-10-16 04:00:00+00:00,107.21,108.72,107.17,107.92,7587481
2020-10-19 04:00:00+00:00,108.23,108.53,105.845,106.17,8654810
2020-10-20 04:00:00+00:00,106.59,107.23,106.17,106.35,8325054
2020-10-21 04:00:00+00:00,106.14,106.64,105.57,105.82,5578365
2020-10-22 04:00:00+00:00,105.97,107.61,105.96,107.42,6236574
2020-10-23 04:00:00+00:00,107.96,108.6,107.21,107.82,5801837
2020-10-26 04:00:00+00:00,106.95,107.08,105.6,106.62,8199786
2020-10-27 04:00:00+00:00,106.23,106.76,105.83,105.89,6942272
2020-10-28 04:00:00+00:00,104.14,104.77,102.4,102.53,11598958
2020-10-29 04:00:00+00:00,102.46,102.91,101.06,101.69,16891354
2020-10-30 04:00:00+00:00,101.56,102.16,100.31,101.66,10953591
2020-11-02 05:00:00+00:00,103.16,103.73,102.41,103.49,10431866
2020-11-03 05:00:00+00:00,104.76,106.14,104.68,105.0,9964156
2020-11-04 05:00:00+00:00,107.99,111.42,107.78,109.75,26850298
2020-11-05 05:00:00+00:00,111.17,111.25,109.68,109.88,13158386
2020-11-06 05:00:00+00:00,110.0,110.67,109.21,109.92,12413165
2020-11-09 05:00:00+00:00,113.92,114.41,110.81,110.95,21516691
2020-11-10 05:00:00+00:00,111.46,111.67,110.07,111.27,12868262
2020-11-11 05:00:00+00:00,112.16,112.16,110.59,111.13,10048638
2020-11-12 05:00:00+00:00,110.92,111.36,109.98,110.72,7953693
2020-11-13 05:00:00+00:00,111.27,112.545,111.07,112.12,6661782
2020-11-16 05:00:00+00:00,113.01,113.19,111.37,111.93,7668606
2020-11-17 05:00:00+00:00,111.36,111.61,110.67,111.2,9390146
2020-11-18 05:00:00+00:00,111.44,111.48,109.1,109.1,9966280
2020-11-19 05:00:00+00:00,109.13,109.22,108.235,109.01,11423897
2020-11-20 05:00:00+00:00,108.8,109.305,108.42,108.8,7751111
2020-11-23 05:00:00+00:00,109.34,109.4,107.84,108.52,7898795
2020-11-24 05:00:00+00:00,109.05,109.58,108.47,108.84,10610242
2020-11-25 05:00:00+00:00,108.97,109.05,107.985,108.44,15878200
2020-11-27 05:00:00+00:00,108.9,109.515,108.53,109.44,4496053
2020-11-30 05:00:00+00:00,109.48,109.84,108.9,109.7,12992252
2020-12-01 05:00:00+00:00,110.8,111.865,110.47,110.66,13357442
2020-12-02 05:00:00+00:00,110.74,111.68,110.67,111.49,8617818
2020-12-03 05:00:00+00:00,111.45,111.79,110.87,111.35,11127871
2020-12-04 05:00:00+00:00,111.37,112.56,111.2488,112.51,7941055
2020-12-07 05:00:00+00:00,112.42,112.52,111.44,111.84,5865847
2020-12-08 05:00:00+00:00,111.54,112.79,111.54,112.7,8065943
2020-12-09 05:00:00+00:00,113.15,113.16,111.81,112.31,7496585
2020-12-10 05:00:00+00:00,112.29,112.74,111.89,112.12,5502157
2020-12-11 05:00:00+00:00,111.66,111.93,110.91,111.67,5261130
2020-12-14 05:00:00+00:00,112.53,113.09,110.77,110.83,8615170
2020-12-15 05:00:00+00:00,111.61,112.28,111.02,112.04,5049444
2020-12-16 05:00:00+00:00,111.94,112.34,111.23,111.71,5449535
2020-12-17 05:00:00+00:00,111.89,112.98,111.88,112.91,4366197
2020-12-18 05:00:00+00:00,113.02,113.27,111.79,113.01,8147059
2020-12-21 05:00:00+00:00,110.87,111.51,109.365,111.41,6355813
2020-12-22 05:00:00+00:00,111.21,111.47,110.44,111.01,15629895
2020-12-23 05:00:00+00:00,111.46,111.97,111.07,111.07,3974600
2020-12-24 05:00:00+00:00,111.2,111.68,111.05,111.47,1705405
2020-12-28 05:00:00+00:00,112.05,112.3,111.45,111.75,4495110
2020-12-29 05:00:00+00:00,112.27,112.79,111.9,112.24,5168655
2020-12-30 05:00:00+00:00,112.51,112.89,112.135,112.26,3638975
2020-12-31 05:00:00+00:00,112.27,113.62,111.895,113.44,5713339
2021-01-04 05:00:00+00:00,113.88,113.9,111.11,112.94,14068393
2021-01-05 05:00:00+00:00,112.75,114.155,112.27,113.7,12257100
2021-01-06 05:00:00+00:00,112.18,115.63,112.18,115.32,19025430
2021-01-07 05:00:00+00:00,115.48,117.0,115.3,116.83,13640837
2021-01-08 05:00:00+00:00,117.04,117.91,116.28,117.35,10922848
2021-01-11 05:00:00+00:00,117.42,118.13,117.27,117.96,6537562
2021-01-12 05:00:00+00:00,117.71,117.8365,116.1341,116.66,9413458
2021-01-13 05:00:00+00:00,116.6,117.38,116.17,116.98,5423415
2021-01-14 05:00:00+00:00,117.17,117.61,116.47,116.63,5888181
2021-01-15 05:00:00+00:00,116.29,117.24,115.83,116.97,11113655
2021-01-19 05:00:00+00:00,117.9,118.23,117.23,117.87,6458032
2021-01-20 05:00:00+00:00,118.05,118.6889,117.34,118.48,7052857
2021-01-21 05:00:00+00:00,118.35,118.47,117.54,117.93,6465691
2021-01-22 05:00:00+00:00,117.55,118.25,117.44,117.6,4891678
2021-01-25 05:00:00+00:00,117.67,118.43,117.415,118.36,7655218
2021-01-26 05:00:00+00:00,118.7,118.9856,117.855,117.92,5565422
2021-01-27 05:00:00+00:00,116.62,116.62,114.05,114.42,13531784
2021-01-28 05:00:00+00:00,115.31,117.47,115.09,116.01,13665082
2021-01-29 05:00:00+00:00,115.84,116.66,114.1,115.07,11052637
2021-02-01 05:00:00+00:00,115.97,116.35,115.29,115.47,11094681
2021-02-02 05:00:00+00:00,116.36,116.95,115.77,115.77,12738559
2021-02-03 05:00:00+00:00,115.8,115.86,114.615,114.93,12458970
2021-02-04 05:00:00+00:00,114.98,115.93,114.73,115.46,9562169
2021-02-05 05:00:00+00:00,116.25,116.43,115.39,115.67,5607773
2021-02-08 05:00:00+00:00,116.08,116.24,115.465,115.82,7951253
2021-02-09 05:00:00+00:00,115.81,116.085,115.69,115.98,4804978
2021-02-10 05:00:00+00:00,116.82,116.85,115.78,116.19,5476586
2021-02-11 05:00:00+00:00,116.6,116.7,115.86,116.41,4739532
2021-02-12 05:00:00+00:00,116.18,117.41,116.03,117.28,6438452
2021-02-16 05:00:00+00:00,117.43,117.54,115.74,116.12,9763273
2021-02-17 05:00:00+00:00,115.74,116.599,115.605,116.54,5122950
2021-02-18 05:00:00+00:00,115.97,116.279,115.33,115.78,8849947
2021-02-19 05:00:00+00:00,115.9,115.99,114.31,114.41,9521776
2021-02-22 05:00:00+00:00,113.86,114.49,113.115,114.14,7391049
2021-02-23 05:00:00+00:00,114.06,114.76,113.42,113.95,8848842
2021-02-24 05:00:00+00:00,114.08,115.36,113.72,114.7,10036805
2021-02-25 05:00:00+00:00,114.58,115.04,113.01,113.59,15300308
2021-02-26 05:00:00+00:00,113.95,113.99,112.32,112.63,15046582
2021-03-01 05:00:00+00:00,113.53,114.61,113.5,114.08,7438847
2021-03-02 05:00:00+00:00,114.32,114.59,113.64,113.75,8533703
2021-03-03 05:00:00+00:00,113.33,113.45,112.045,112.31,16548810
2021-03-04 05:00:00+00:00,112.08,112.8,109.93,110.8,23584778
2021-03-05 05:00:00+00:00,111.45,113.38,110.55,112.96,15828374
2021-03-08 05:00:00+00:00,113.11,114.525,112.6,112.69,13618268
2021-03-09 05:00:00+00:00,113.57,115.2,113.35,113.4,11194321
2021-03-10 05:00:00+00:00,114.15,114.8,113.62,113.66,11746425
2021-03-11 05:00:00+00:00,114.05,114.98,113.89,114.35,6724141
2021-03-12 05:00:00+00:00,114.11,114.76,113.93,114.6,7512225
2021-03-15 04:00:00+00:00,114.39,115.42,114.26,115.39,7281672
2021-03-16 04:00:00+00:00,115.51,115.715,114.9,115.32,8709576
2021-03-17 04:00:00+00:00,114.82,115.47,114.205,114.9,7669414
2021-03-18 04:00:00+00:00,114.37,115.6,114.32,114.66,8747219
2021-03-19 04:00:00+00:00,114.8,115.75,114.2,115.07,13650276
2021-03-22 04:00:00+00:00,114.6,115.75,114.03,115.67,6251570
2021-03-23 04:00:00+00:00,115.53,115.715,114.21,114.5,9248775
2021-03-24 04:00:00+00:00,114.56,115.25,114.335,114.46,14034946
2021-03-25 04:00:00+00:00,114.54,115.07,113.35,114.85,11631689
2021-03-26 04:00:00+00:00,115.14,117.17,114.83,117.02,8441040
2021-03-29 04:00:00+00:00,116.55,117.97,116.51,117.57,9115326
2021-03-30 04:00:00+00:00,117.25,117.25,116.24,116.51,6927353
2021-03-31 04:00:00+00:00,116.76,117.4481,116.56,116.74,8908505
2021-04-01 04:00:00+00:00,116.93,117.04,116.02,116.39,6803170
2021-04-05 04:00:00+00:00,116.98,117.5627,116.79,117.2,7258621
2021-04-06 04:00:00+00:00,117.35,117.69,116.58,116.75,5321504
2021-04-07 04:00:00+00:00,116.68,117.08,116.187,116.49,5837513
2021-04-08 04:00:00+00:00,116.83,117.1819,116.51,116.67,4292455
2021-04-09 04:00:00+00:00,116.74,118.02,116.67,117.95,6238750
2021-04-12 04:00:00+00:00,117.78,118.31,117.65,118.07,8279707
2021-04-13 04:00:00+00:00,117.7,118.89,117.59,118.56,6519617
2021-04-14 04:00:00+00:00,118.42,119.03,118.335,118.55,6226675
2021-04-15 04:00:00+00:00,119.02,120.9284,119.02,120.58,8438303
2021-04-16 04:00:00+00:00,121.2,121.615,120.78,121.48,7447356
2021-04-19 04:00:00+00:00,121.25,121.54,120.8892,121.51,7094305
2021-04-20 04:00:00+00:00,120.95,122.29,120.95,121.98,8063897
2021-04-21 04:00:00+00:00,122.36,123.4884,122.3,123.42,10712689
2021-04-22 04:00:00+00:00,123.32,123.6,122.4,122.87,10092976
2021-04-23 04:00:00+00:00,122.81,123.96,122.55,123.68,5086185
2021-04-26 04:00:00+00:00,123.61,123.62,123.03,123.26,6907131
2021-04-27 04:00:00+00:00,122.95,122.965,122.35,122.55,7353752
2021-04-28 04:00:00+00:00,122.35,122.49,121.96,122.18,6841800
2021-04-29 04:00:00+00:00,122.31,122.34,121.03,121.69,8148869
2021-04-30 04:00:00+00:00,121.21,121.92,121.11,121.33,7431308
2021-05-03 04:00:00+00:00,121.99,122.8387,121.82,122.71,15351256
2021-05-04 04:00:00+00:00,122.53,122.93,122.0,122.84,17757093
2021-05-05 04:00:00+00:00,123.01,123.44,122.41,123.06,18667849
2021-05-06 04:00:00+00:00,122.36,123.23,121.73,123.22,16114981
2021-05-07 04:00:00+00:00,123.51,124.72,123.46,124.07,7807256
2021-05-10 04:00:00+00:00,124.52,125.19,124.18,124.23,9008870
2021-05-11 04:00:00+00:00,123.58,124.1,122.606,122.89,12260366
2021-05-12 04:00:00+00:00,122.23,122.84,121.61,121.73,11154864
2021-05-13 04:00:00+00:00,121.95,123.385,121.76,122.83,12072224
2021-05-14 04:00:00+00:00,123.54,123.855,123.14,123.45,6753586
2021-05-17 04:00:00+00:00,123.31,123.875,123.14,123.22,6125245
2021-05-18 04:00:00+00:00,123.18,123.9689,122.77,123.26,10388882
2021-05-19 04:00:00+00:00,122.46,123.13,121.59,123.05,10220339
2021-05-20 04:00:00+00:00,123.01,124.87,123.01,124.34,7738958
2021-05-21 04:00:00+00:00,124.75,125.66,124.26,124.36,9758241
2021-05-24 04:00:00+00:00,125.0,125.2499,124.43,124.48,5094513
2021-05-25 04:00:00+00:00,124.66,124.67,123.97,124.11,7952530
2021-05-26 04:00:00+00:00,124.08,124.12,122.86,123.39,6957686
2021-05-27 04:00:00+00:00,123.65,123.75,123.05,123.12,8648546
2021-05-28 04:00:00+00:00,123.59,124.615,123.52,123.6,10237218
2021-06-01 04:00:00+00:00,123.75,123.79,121.465,121.58,14977698
2021-06-02 04:00:00+00:00,121.68,121.99,121.04,121.29,14475758
2021-06-03 04:00:00+00:00,120.88,122.02,120.61,121.7,14481801
2021-06-04 04:00:00+00:00,122.34,122.6999,121.95,122.09,12370855
2021-06-07 04:00:00+00:00,122.39,123.61,122.18,122.52,14095161
2021-06-08 04:00:00+00:00,122.83,122.9,121.21,122.15,10899644
2021-06-09 04:00:00+00:00,122.46,123.535,122.46,123.37,8093617
2021-06-10 04:00:00+00:00,123.63,125.58,123.58,125.44,9369583
2021-06-11 04:00:00+00:00,125.25,125.31,123.92,124.55,7003736
2021-06-14 04:00:00+00:00,124.48,124.68,123.78,124.66,5242963
2021-06-15 04:00:00+00:00,124.79,124.98,124.17,124.7,5632093
2021-06-16 04:00:00+00:00,124.83,125.46,123.87,124.22,13010646
2021-06-17 04:00:00+00:00,124.0,125.5,123.98,125.17,6543252
2021-06-18 04:00:00+00:00,124.24,124.41,123.57,123.74,11505346
2021-06-21 04:00:00+00:00,123.65,124.965,123.2,124.74,6767901
2021-06-22 04:00:00+00:00,124.82,125.18,124.4,125.01,7324962
2021-06-23 04:00:00+00:00,124.84,125.13,124.44,124.49,6532223
2021-06-24 04:00:00+00:00,125.22,126.005,124.99,125.13,7083654
2021-06-25 04:00:00+00:00,125.08,126.08,125.01,125.7,8356047
2021-06-28 04:00:00+00:00,125.83,126.05,125.41,125.89,4685970
2021-06-29 04:00:00+00:00,125.9,126.42,125.74,126.03,6843165
2021-06-30 04:00:00+00:00,125.9,126.21,125.47,125.95,8668747
2021-07-01 04:00:00+00:00,126.04,127.16,125.99,127.07,13548575
2021-07-02 04:00:00+00:00,127.23,128.41,127.005,128.29,13422334
2021-07-06 04:00:00+00:00,127.91,128.18,127.2601,128.17,12487638
2021-07-07 04:00:00+00:00,128.18,128.98,127.71,128.98,19817575
2021-07-08 04:00:00+00:00,127.78,128.37,127.11,128.27,8553548
2021-07-09 04:00:00+00:00,128.73,129.105,128.4199,128.71,5240393
2021-07-12 04:00:00+00:00,128.71,129.6,128.61,128.96,9116109
2021-07-13 04:00:00+00:00,128.8,129.2552,128.525,128.84,10713268
2021-07-14 04:00:00+00:00,129.13,129.24,128.49,128.72,7658114
2021-07-15 04:00:00+00:00,128.03,128.59,127.48,128.27,9203100
2021-07-16 04:00:00+00:00,128.6,129.085,128.18,128.62,6531463
2021-07-19 04:00:00+00:00,127.78,128.39,126.23,127.27,19460594
2021-07-20 04:00:00+00:00,127.68,129.55,127.68,128.82,15053906
2021-07-21 04:00:00+00:00,129.34,129.38,127.64,129.03,8389050
2021-07-22 04:00:00+00:00,129.14,129.98,128.79,129.98,10169759
2021-07-23 04:00:00+00:00,130.53,131.61,130.37,131.48,8482398
2021-07-26 04:00:00+00:00,131.11,131.49,130.1999,130.63,6702979
2021-07-27 04:00:00+00:00,130.45,131.24,130.105,131.24,9719492
2021-07-28 04:00:00+00:00,131.05,132.09,130.715,131.71,7432563
2021-07-29 04:00:00+00:00,132.14,132.23,131.64,132.03,5662818
2021-07-30 04:00:00+00:00,131.81,132.635,131.63,132.15,6714237
2021-08-02 04:00:00+00:00,132.67,132.85,131.94,132.33,8451955
2021-08-03 04:00:00+00:00,132.39,134.21,132.3,134.17,7813775
2021-08-04 04:00:00+00:00,133.65,134.47,133.43,133.6,8463952
2021-08-05 04:00:00+00:00,133.5,133.52,132.045,133.05,8309454
2021-08-06 04:00:00+00:00,132.99,133.11,132.09,132.94,7069268
2021-08-09 04:00:00+00:00,133.13,133.7,133.03,133.45,9946539
2021-08-10 04:00:00+00:00,133.52,133.79,132.625,133.14,5903011
2021-08-11 04:00:00+00:00,133.35,133.56,131.71,131.82,14512544
2021-08-12 04:00:00+00:00,131.95,132.97,131.86,132.86,8482865
2021-08-13 04:00:00+00:00,133.19,133.72,133.03,133.69,8284582
2021-08-16 04:00:00+00:00,133.69,135.23,133.23,135.21,8524969
2021-08-17 04:00:00+00:00,134.85,136.81,134.775,136.81,15017964
2021-08-18 04:00:00+00:00,136.63,136.78,134.65,134.73,12427698
2021-08-19 04:00:00+00:00,133.84,136.04,133.8,135.34,11964287
2021-08-20 04:00:00+00:00,135.47,136.52,135.0,136.11,7449799
2021-08-23 04:00:00+00:00,136.88,136.98,136.12,136.16,8471263
2021-08-24 04:00:00+00:00,136.16,136.18,135.29,135.68,6643221
2021-08-25 04:00:00+00:00,135.55,135.6217,134.75,135.31,7174377
2021-08-26 04:00:00+00:00,135.39,135.69,134.52,134.78,6039441
2021-08-27 04:00:00+00:00,135.08,135.45,134.41,134.63,8678737
2021-08-30 04:00:00+00:00,134.51,135.88,134.5,135.39,6417153
2021-08-31 04:00:00+00:00,135.42,136.05,134.73,135.21,9429240
2021-09-01 04:00:00+00:00,135.32,135.44,133.965,135.25,10670412
2021-09-02 04:00:00+00:00,135.6,136.72,135.6,136.7,6876688
2021-09-03 04:00:00+00:00,136.56,137.045,135.91,136.85,5699208
2021-09-07 04:00:00+00:00,136.34,136.56,135.16,136.05,8896486
2021-09-08 04:00:00+00:00,135.78,136.21,135.42,135.99,7025660
2021-09-09 04:00:00+00:00,135.8,136.11,134.34,134.42,8905636
2021-09-10 04:00:00+00:00,134.9,135.02,133.12,133.19,10731283
2021-09-13 04:00:00+00:00,133.89,133.97,131.7,132.37,11774965
2021-09-14 04:00:00+00:00,132.99,133.3,132.12,132.35,11082408
2021-09-15 04:00:00+00:00,132.18,133.83,131.98,133.21,10575890
2021-09-16 04:00:00+00:00,133.38,133.63,131.96,132.87,11744178
2021-09-17 04:00:00+00:00,132.76,133.11,132.13,133.0,14822195
2021-09-20 04:00:00+00:00,131.03,132.32,130.01,131.15,17830938
2021-09-21 04:00:00+00:00,131.75,132.7,131.33,131.35,12882569
2021-09-22 04:00:00+00:00,131.74,132.2321,130.94,131.57,12370168
2021-09-23 04:00:00+00:00,131.87,133.29,131.77,132.52,10366547
2021-09-24 04:00:00+00:00,132.3,132.79,131.7,131.98,7252633
2021-09-27 04:00:00+00:00,131.6,131.76,129.82,130.1,11852697
2021-09-28 04:00:00+00:00,129.27,129.271,127.43,127.87,18086063
2021-09-29 04:00:00+00:00,128.44,129.48,128.18,128.88,11409738
2021-09-30 04:00:00+00:00,129.31,130.12,127.19,127.3,23855856
2021-10-01 04:00:00+00:00,127.47,127.93,125.28,127.33,24812573
2021-10-04 04:00:00+00:00,126.81,127.46,124.76,125.39,27580669
2021-10-05 04:00:00+00:00,125.9,127.42,125.73,126.14,19152027
2021-10-06 04:00:00+00:00,125.44,126.02,124.5,125.91,21322290
2021-10-07 04:00:00+00:00,126.78,128.4,126.54,127.58,15806657
2021-10-08 04:00:00+00:00,127.76,128.0,126.68,126.94,9626235
2021-10-11 04:00:00+00:00,126.83,127.5,125.91,125.95,8007528
2021-10-12 04:00:00+00:00,126.35,126.48,125.025,125.34,13830821
2021-10-13 04:00:00+00:00,125.55,126.105,124.765,125.54,10742865
2021-10-14 04:00:00+00:00,126.84,127.84,126.84,127.34,8857911
2021-10-15 04:00:00+00:00,128.0,128.55,127.73,127.97,8859643
2021-10-18 04:00:00+00:00,127.41,127.54,126.55,127.1,13995570
2021-10-19 04:00:00+00:00,127.79,129.1,127.79,128.77,9515608
2021-10-20 04:00:00+00:00,129.54,130.8025,129.42,130.61,13692142
2021-10-21 04:00:00+00:00,130.88,131.215,129.93,131.14,8315936
2021-10-22 04:00:00+00:00,131.02,131.72,130.82,131.67,8035753
2021-10-25 04:00:00+00:00,131.73,131.9746,130.71,131.83,10654007
2021-10-26 04:00:00+00:00,132.13,132.86,131.41,132.48,9519653
2021-10-27 04:00:00+00:00,132.69,132.83,131.39,131.43,12031443
2021-10-28 04:00:00+00:00,131.67,133.04,131.665,132.53,9595719
2021-10-29 04:00:00+00:00,132.36,133.99,131.855,133.82,15423593
2021-11-01 04:00:00+00:00,133.94,134.49,133.15,133.66,14395415
2021-11-02 04:00:00+00:00,134.18,135.165,133.01,134.5,23897512
2021-11-03 04:00:00+00:00,134.24,135.34,133.74,135.29,16319637
2021-11-04 04:00:00+00:00,134.98,135.19,133.43,134.36,18126314
2021-11-05 04:00:00+00:00,133.15,133.7,131.895,132.86,16901334
2021-11-08 05:00:00+00:00,133.1,133.82,132.58,133.65,10402131
2021-11-09 05:00:00+00:00,133.69,133.81,132.9,133.16,7403853
2021-11-10 05:00:00+00:00,133.12,134.08,133.1,133.54,8591373
2021-11-11 05:00:00+00:00,133.52,133.61,132.83,133.15,8985775
2021-11-12 05:00:00+00:00,134.0,134.12,133.07,133.81,8428598
2021-11-15 05:00:00+00:00,134.12,134.19,132.85,132.98,6295942
2021-11-16 05:00:00+00:00,132.95,134.265,132.72,133.54,6337601
2021-11-17 05:00:00+00:00,133.69,134.25,133.11,133.73,8399949
2021-11-18 05:00:00+00:00,133.87,134.12,133.32,133.78,10822888
2021-11-19 05:00:00+00:00,134.18,134.63,132.855,132.97,10954774
2021-11-22 05:00:00+00:00,133.16,133.62,132.2,132.37,11366904
2021-11-23 05:00:00+00:00,131.75,132.645,131.35,132.51,12268959
2021-11-24 05:00:00+00:00,132.26,132.7,131.8,132.46,6962360
2021-11-26 05:00:00+00:00,132.94,133.72,131.5099,131.97,12323204
2021-11-29 05:00:00+00:00,132.69,133.22,132.19,132.33,17460132
2021-11-30 05:00:00+00:00,131.57,132.17,129.54,129.73,20076493
2021-12-01 05:00:00+00:00,130.35,132.09,129.48,129.5,23548918
2021-12-02 05:00:00+00:00,129.46,130.66,128.84,130.13,18039552
2021-12-03 05:00:00+00:00,131.04,131.54,129.29,130.37,23075603
2021-12-06 05:00:00+00:00,130.71,131.68,130.505,131.11,15456282
2021-12-07 05:00:00+00:00,132.0,133.12,131.82,132.8,12187188
2021-12-08 05:00:00+00:00,133.18,133.89,132.51,133.8,16657021
2021-12-09 05:00:00+00:00,133.67,134.55,133.57,134.11,9206173
2021-12-10 05:00:00+00:00,133.76,134.86,133.7,134.58,8724589
2021-12-13 05:00:00+00:00,134.58,136.23,134.58,135.8,12414155
2021-12-14 05:00:00+00:00,135.22,136.01,134.63,135.3,11206636
2021-12-15 05:00:00+00:00,135.59,138.14,135.47,138.07,15231904
2021-12-16 05:00:00+00:00,138.06,139.59,137.81,138.89,19285545
2021-12-17 05:00:00+00:00,138.19,139.035,137.38,137.92,21429935
2021-12-20 05:00:00+00:00,137.11,137.525,135.38,136.56,18552480
2021-12-21 05:00:00+00:00,136.95,137.19,135.68,137.13,11036856
2021-12-22 05:00:00+00:00,137.06,138.81,136.82,138.73,7389004
2021-12-23 05:00:00+00:00,139.09,139.749,138.68,139.3,7792885
2021-12-27 05:00:00+00:00,139.8,140.77,139.65,140.77,7025879
2021-12-28 05:00:00+00:00,140.9,141.15,140.03,140.4,6101714
2021-12-29 05:00:00+00:00,140.26,141.49,140.16,141.2,7303011
2021-12-30 05:00:00+00:00,141.46,141.975,141.31,141.49,8763034
2021-12-31 05:00:00+00:00,141.32,141.86,140.84,140.89,8136154
2022-01-03 05:00:00+00:00,140.29,140.55,138.24,139.44,16035371
2022-01-04 05:00:00+00:00,139.13,139.29,137.01,137.6,14219750
2022-01-05 05:00:00+00:00,137.9,138.73,136.565,136.62,15418252
2022-01-06 05:00:00+00:00,135.77,136.6,134.8,135.04,15222522
2022-01-07 05:00:00+00:00,134.72,134.97,134.07,134.35,9971406
2022-01-10 05:00:00+00:00,133.76,135.81,133.4427,135.73,15649001
2022-01-11 05:00:00+00:00,135.93,136.83,135.0,136.81,12760873
2022-01-12 05:00:00+00:00,136.03,136.63,135.8279,136.42,11473758
2022-01-13 05:00:00+00:00,136.18,136.35,134.055,134.3,13962015
2022-01-14 05:00:00+00:00,133.94,134.21,132.69,134.07,14875215
2022-01-18 05:00:00+00:00,132.75,132.955,131.845,132.19,17588531
2022-01-19 05:00:00+00:00,132.44,133.48,131.52,131.65,15118249
2022-01-20 05:00:00+00:00,131.97,133.32,130.71,130.79,15645812
2022-01-21 05:00:00+00:00,131.19,131.6,129.26,129.47,26361623
2022-01-24 05:00:00+00:00,128.3,129.26,124.92,129.04,38578037
2022-01-25 05:00:00+00:00,127.33,129.305,126.27,128.21,19537263
2022-01-26 05:00:00+00:00,128.42,129.58,126.535,127.54,31137523
2022-01-27 05:00:00+00:00,128.16,129.84,127.45,127.87,19716404
2022-01-28 05:00:00+00:00,127.76,130.53,126.86,130.48,22581163
2022-01-31 05:00:00+00:00,130.24,131.465,129.98,131.23,21495425
2022-02-01 05:00:00+00:00,131.7,131.82,130.53,131.58,16075450
2022-02-02 05:00:00+00:00,131.49,133.67,131.22,133.35,13833928
2022-02-03 05:00:00+00:00,133.17,133.28,132.53,132.78,14169948
2022-02-04 05:00:00+00:00,131.57,133.23,131.33,132.3,12655202
2022-02-07 05:00:00+00:00,132.35,132.81,131.7,132.07,9526440
2022-02-08 05:00:00+00:00,131.37,133.38,131.07,133.15,11823788
2022-02-09 05:00:00+00:00,133.79,134.46,133.65,134.18,11066221
2022-02-10 05:00:00+00:00,132.63,133.79,131.56,132.08,14686816
2022-02-11 05:00:00+00:00,131.9,132.9,130.09,130.25,13220744
2022-02-14 05:00:00+00:00,129.98,130.23,127.95,128.92,14683534
2022-02-15 05:00:00+00:00,130.04,130.88,129.71,130.37,9147051
2022-02-16 05:00:00+00:00,129.7,130.94,129.34,130.57,8800536
2022-02-17 05:00:00+00:00,130.04,130.11,128.275,128.47,11932126
2022-02-18 05:00:00+00:00,128.35,129.04,127.08,127.51,13519732
2022-02-22 05:00:00+00:00,127.06,128.23,126.34,127.19,13731504
2022-02-23 05:00:00+00:00,127.84,128.28,126.425,126.54,12044209
2022-02-24 05:00:00+00:00,124.29,127.32,124.06,127.07,24941635
2022-02-25 05:00:00+00:00,127.63,131.27,127.49,130.95,17067564
2022-02-28 05:00:00+00:00,128.85,130.11,128.45,129.96,20828507
2022-03-01 05:00:00+00:00,129.28,130.34,128.235,129.24,14089775
2022-03-02 05:00:00+00:00,129.81,131.9,129.64,131.19,12420032
2022-03-03 05:00:00+00:00,131.77,132.63,130.74,131.86,11193509
2022-03-04 05:00:00+00:00,130.53,132.64,130.14,132.52,12177815
2022-03-07 05:00:00+00:00,131.69,131.94,129.62,130.21,15728929
2022-03-08 05:00:00+00:00,129.35,130.31,127.47,127.55,21830340
2022-03-09 05:00:00+00:00,129.63,130.625,128.67,129.96,15594383
2022-03-10 05:00:00+00:00,128.39,130.19,128.25,129.91,10722545
2022-03-11 05:00:00+00:00,130.26,131.02,128.81,128.94,9881338
2022-03-14 04:00:00+00:00,129.98,131.72,129.47,129.85,14409036
2022-03-15 04:00:00+00:00,130.9,132.58,130.675,132.44,14390417
2022-03-16 04:00:00+00:00,133.11,134.05,131.75,134.03,13862870
2022-03-17 04:00:00+00:00,133.64,136.21,133.46,136.15,11004535
2022-03-18 04:00:00+00:00,136.07,137.16,135.66,136.99,11385638
2022-03-21 04:00:00+00:00,136.5,137.67,135.82,136.46,11517332
2022-03-22 04:00:00+00:00,136.6,136.79,135.99,136.49,8988925
2022-03-23 04:00:00+00:00,135.84,136.09,134.0,134.04,10034893
2022-03-24 04:00:00+00:00,134.54,135.64,134.25,135.64,7218787
2022-03-25 04:00:00+00:00,136.1,136.5,135.23,136.27,7114427
2022-03-28 04:00:00+00:00,136.5,137.3,136.01,137.27,8607721
2022-03-29 04:00:00+00:00,138.4,138.95,137.25,138.1,13873892
2022-03-30 04:00:00+00:00,138.09,138.89,137.64,138.34,10912483
2022-03-31 04:00:00+00:00,138.05,138.81,136.75,136.99,16433198
2022-04-01 04:00:00+00:00,137.37,138.12,136.45,138.07,22206176
2022-04-04 04:00:00+00:00,137.76,138.0,136.6,136.92,16794551
2022-04-05 04:00:00+00:00,136.57,138.84,136.5,137.21,16247508
2022-04-06 04:00:00+00:00,136.86,139.63,136.77,139.3,23226054
2022-04-07 04:00:00+00:00,138.8,142.34,138.8,141.98,18208478
2022-04-08 04:00:00+00:00,141.99,143.42,141.78,142.83,19148802
2022-04-11 04:00:00+00:00,142.42,143.0,139.78,139.99,16813444
2022-04-12 04:00:00+00:00,139.64,140.46,138.03,138.63,14294862
2022-04-13 04:00:00+00:00,138.62,139.45,137.9,139.31,15668910
2022-04-14 04:00:00+00:00,139.44,140.15,138.54,138.64,11299976
2022-04-18 04:00:00+00:00,138.5,138.82,136.53,137.11,10273049
2022-04-19 04:00:00+00:00,137.47,138.91,137.42,138.42,11871253
2022-04-20 04:00:00+00:00,138.8,140.82,138.64,140.28,14870473
2022-04-21 04:00:00+00:00,140.67,140.83,138.42,138.73,11707594
2022-04-22 04:00:00+00:00,137.48,137.52,133.525,133.67,17980300
2022-04-25 04:00:00+00:00,133.28,134.86,131.78,134.57,16750055
2022-04-26 04:00:00+00:00,133.76,134.48,132.01,132.2,21620452
2022-04-27 04:00:00+00:00,132.18,133.25,131.26,131.91,16991309
2022-04-28 04:00:00+00:00,132.84,134.17,131.61,133.73,15927311
2022-04-29 04:00:00+00:00,132.43,133.115,130.085,130.29,17738976
2022-05-02 04:00:00+00:00,130.18,130.91,127.38,129.48,23637380
2022-05-03 04:00:00+00:00,129.88,131.14,129.43,129.89,13684090
2022-05-04 04:00:00+00:00,129.68,133.25,128.59,132.77,19229289
2022-05-05 04:00:00+00:00,132.12,132.255,128.85,130.19,16325694
2022-05-06 04:00:00+00:00,128.93,130.14,128.27,129.78,21845858
2022-05-09 04:00:00+00:00,128.33,128.36,125.93,126.42,17321657
2022-05-10 04:00:00+00:00,127.74,128.22,125.7,126.87,22186112
2022-05-11 04:00:00+00:00,126.24,129.09,125.88,126.03,20116573
2022-05-12 04:00:00+00:00,125.57,127.33,125.28,127.25,17535000
2022-05-13 04:00:00+00:00,128.09,129.0,127.53,128.6,9857341
2022-05-16 04:00:00+00:00,128.45,130.43,128.42,129.55,8865036
2022-05-17 04:00:00+00:00,130.9,131.39,129.93,131.33,9172331
2022-05-18 04:00:00+00:00,130.44,130.76,127.53,127.94,10190329
2022-05-19 04:00:00+00:00,126.92,129.0,126.46,128.22,9946286
2022-05-20 04:00:00+00:00,129.08,130.06,127.33,129.78,13005917
2022-05-23 04:00:00+00:00,130.65,131.43,130.38,130.92,9544650
2022-05-24 04:00:00+00:00,130.535,131.53,129.7,131.31,9189829
2022-05-25 04:00:00+00:00,131.22,132.13,130.04,131.27,8647767
2022-05-26 04:00:00+00:00,131.6,132.33,131.22,131.83,9110422
2022-05-27 04:00:00+00:00,132.06,134.05,131.51,134.02,13960372
2022-05-31 04:00:00+00:00,132.84,133.08,131.16,132.23,11772928
2022-06-01 04:00:00+00:00,132.71,132.73,129.29,130.33,9316922
2022-06-02 04:00:00+00:00,130.5,131.39,128.17,131.29,9794255
2022-06-03 04:00:00+00:00,130.45,131.03,129.65,129.82,6149826
2022-06-06 04:00:00+00:00,130.75,131.02,129.49,129.84,7871459
2022-06-07 04:00:00+00:00,129.84,131.66,129.37,131.53,7334791
2022-06-08 04:00:00+00:00,131.16,131.64,130.12,130.49,5473300
2022-06-09 04:00:00+00:00,130.05,130.49,127.505,127.54,8142470
2022-06-10 04:00:00+00:00,126.03,126.66,124.9998,125.49,11812278
2022-06-13 04:00:00+00:00,123.01,123.76,121.18,121.69,14929388
2022-06-14 04:00:00+00:00,121.55,121.86,119.67,120.53,9447339
2022-06-15 04:00:00+00:00,121.19,123.03,119.89,121.75,10524472
2022-06-16 04:00:00+00:00,119.52,120.04,118.75,119.96,9601839
2022-06-17 04:00:00+00:00,120.0,121.79,119.85,119.89,13967731
2022-06-21 04:00:00+00:00,121.06,123.1517,120.66,122.6,8217994
2022-06-22 04:00:00+00:00,121.82,125.665,121.76,124.3,10542131
2022-06-23 04:00:00+00:00,124.88,127.19,124.88,127.09,12692174
2022-06-24 04:00:00+00:00,128.02,129.22,127.16,129.2,10499933
2022-06-27 04:00:00+00:00,129.2,130.23,128.79,129.68,10254142
2022-06-28 04:00:00+00:00,129.94,130.59,127.175,127.42,7785645
2022-06-29 04:00:00+00:00,127.59,129.17,127.39,128.53,9380494
2022-06-30 04:00:00+00:00,127.86,128.97,126.89,128.24,10866716
2022-07-01 04:00:00+00:00,128.29,129.85,126.86,129.68,9791140
2022-07-05 04:00:00+00:00,128.43,128.96,126.17,128.93,10195543
2022-07-06 04:00:00+00:00,129.11,130.47,128.88,129.8,9173174
2022-07-07 04:00:00+00:00,129.61,130.52,129.54,130.35,6938526
2022-07-08 04:00:00+00:00,129.98,132.0389,129.85,130.74,6618428
2022-07-11 04:00:00+00:00,130.01,131.14,129.87,130.41,7176359
2022-07-12 04:00:00+00:00,130.0,130.88,128.17,128.75,9362418
2022-07-13 04:00:00+00:00,127.66,128.53,127.17,127.5,9437671
2022-07-14 04:00:00+00:00,126.04,127.32,125.2286,127.13,7865261
2022-07-15 04:00:00+00:00,129.02,130.26,128.45,130.2,9900252
2022-07-18 04:00:00+00:00,130.33,130.445,127.02,127.45,7289588
2022-07-19 04:00:00+00:00,128.81,129.835,128.25,129.62,6666401
2022-07-20 04:00:00+00:00,129.44,129.61,127.82,128.34,7708750
2022-07-21 04:00:00+00:00,128.72,130.37,128.39,130.37,11037976
2022-07-22 04:00:00+00:00,130.67,130.92,129.04,129.83,9182962
2022-07-25 04:00:00+00:00,129.93,130.75,129.81,130.51,5605727
2022-07-26 04:00:00+00:00,130.88,131.985,130.53,131.18,7660211
2022-07-27 04:00:00+00:00,131.1,132.59,130.485,132.0,7884042
2022-07-28 04:00:00+00:00,132.17,133.805,129.92,132.84,11336388
2022-07-29 04:00:00+00:00,132.17,132.64,131.47,132.4,8638237
2022-08-01 04:00:00+00:00,131.66,132.38,131.115,131.42,7750538
2022-08-02 04:00:00+00:00,131.74,132.8,130.88,130.95,8015098
2022-08-03 04:00:00+00:00,131.66,132.67,131.3,132.15,6924489
2022-08-04 04:00:00+00:00,132.46,132.49,131.295,131.5,5582682
2022-08-05 04:00:00+00:00,130.68,131.51,130.37,131.45,9005579
2022-08-08 04:00:00+00:00,131.7,132.63,131.09,131.76,7199951
2022-08-09 04:00:00+00:00,131.93,132.56,131.05,131.36,5931506
2022-08-10 04:00:00+00:00,132.76,132.89,132.02,132.79,6849846
2022-08-11 04:00:00+00:00,132.39,133.69,131.645,131.93,8671522
2022-08-12 04:00:00+00:00,132.25,133.68,132.03,133.62,7600970
2022-08-15 04:00:00+00:00,133.55,134.47,133.07,134.29,7632253
2022-08-16 04:00:00+00:00,134.0,134.38,133.41,133.93,7243215
2022-08-17 04:00:00+00:00,133.15,133.92,132.95,133.15,7697188
2022-08-18 04:00:00+00:00,133.11,133.38,131.845,132.56,7300996
2022-08-19 04:00:00+00:00,132.56,133.56,132.37,132.92,6147183
2022-08-22 04:00:00+00:00,132.1,132.52,130.74,131.18,6781840
2022-08-23 04:00:00+00:00,130.6,130.74,128.985,129.35,7662942
2022-08-24 04:00:00+00:00,129.48,130.0069,129.04,129.51,6830910
2022-08-25 04:00:00+00:00,130.06,130.98,129.15,130.94,5864954
2022-08-26 04:00:00+00:00,130.98,130.99,127.19,127.29,9372797
2022-08-29 04:00:00+00:00,126.52,127.19,125.74,126.4,6851826
2022-08-30 04:00:00+00:00,126.85,126.85,125.25,125.56,8056668
2022-08-31 04:00:00+00:00,125.97,126.76,124.74,124.76,9410475
2022-09-01 04:00:00+00:00,124.56,126.87,124.39,126.81,11347638
2022-09-02 04:00:00+00:00,127.54,127.66,124.445,124.99,9955258
2022-09-06 04:00:00+00:00,125.48,126.68,124.76,125.11,9755816
2022-09-07 04:00:00+00:00,125.08,127.36,124.68,127.15,9359738
2022-09-08 04:00:00+00:00,126.68,129.4,126.42,129.36,9615913
2022-09-09 04:00:00+00:00,129.68,130.85,129.44,130.5,9235682
2022-09-12 04:00:00+00:00,131.0,132.05,130.65,131.37,8622227
2022-09-13 04:00:00+00:00,129.28,129.57,126.685,127.03,12341012
2022-09-14 04:00:00+00:00,127.45,128.2,126.26,127.1,8151013
2022-09-15 04:00:00+00:00,127.65,129.0326,127.52,127.81,8785381
2022-09-16 04:00:00+00:00,127.41,127.73,126.465,127.45,11039345
2022-09-19 04:00:00+00:00,126.14,126.29,124.455,126.26,9796944
2022-09-20 04:00:00+00:00,125.41,125.6,124.005,124.78,9178750
2022-09-21 04:00:00+00:00,125.28,126.11,122.68,122.71,11971439
2022-09-22 04:00:00+00:00,122.52,124.2,122.0,123.36,9705215
2022-09-23 04:00:00+00:00,122.7,122.95,121.2,122.73,16822143
2022-09-26 04:00:00+00:00,122.0,122.59,121.02,121.56,10597101
2022-09-27 04:00:00+00:00,122.41,123.2,120.7,121.19,13669598
2022-09-28 04:00:00+00:00,122.89,124.455,122.1,123.84,16596793
2022-09-29 04:00:00+00:00,123.47,123.77,121.97,122.8,10918998
2022-09-30 04:00:00+00:00,122.81,123.66,120.97,121.11,12696405
2022-10-03 04:00:00+00:00,121.99,124.0701,121.62,123.6,9519478
2022-10-04 04:00:00+00:00,124.63,126.52,124.335,126.47,14129159
2022-10-05 04:00:00+00:00,125.66,127.545,125.19,126.89,10088887
2022-10-06 04:00:00+00:00,126.42,126.81,124.94,125.27,9557655
2022-10-07 04:00:00+00:00,124.32,124.54,121.92,122.62,10402704
2022-10-10 04:00:00+00:00,122.91,123.08,121.38,121.85,8571108
2022-10-11 04:00:00+00:00,121.6,123.8,121.29,122.5,11069729
2022-10-12 04:00:00+00:00,122.89,123.615,121.87,121.9,9465839
2022-10-13 04:00:00+00:00,120.15,125.33,119.95,124.74,14280387
2022-10-14 04:00:00+00:00,125.47,126.4,123.52,123.9,11812855
2022-10-17 04:00:00+00:00,124.69,126.14,124.54,125.89,8568506
2022-10-18 04:00:00+00:00,127.76,127.8,125.97,126.59,10342790
2022-10-19 04:00:00+00:00,126.2,126.21,123.73,124.82,7772051
2022-10-20 04:00:00+00:00,124.6,125.51,123.6,123.76,7278035
2022-10-21 04:00:00+00:00,123.67,126.88,123.01,126.54,8589785
2022-10-24 04:00:00+00:00,127.6,129.37,127.6,128.98,7429936
2022-10-25 04:00:00+00:00,128.59,130.11,128.52,129.96,7297469
2022-10-26 04:00:00+00:00,130.36,132.62,130.32,131.4,8365747
2022-10-27 04:00:00+00:00,131.7,131.72,130.515,130.71,6607548
2022-10-28 04:00:00+00:00,130.91,132.96,130.5,132.86,6387361
2022-10-31 04:00:00+00:00,132.17,133.27,131.87,132.75,7942240
2022-11-01 04:00:00+00:00,132.91,133.57,131.41,132.83,8208302
2022-11-02 04:00:00+00:00,132.52,134.03,130.5,130.57,10437390
2022-11-03 04:00:00+00:00,129.62,130.74,128.7,130.02,8071574
2022-11-04 04:00:00+00:00,131.0,131.28,128.97,130.81,8166322
2022-11-07 05:00:00+00:00,131.02,132.56,130.53,132.21,6054386
2022-11-08 05:00:00+00:00,132.24,133.89,131.33,132.87,8930880
2022-11-09 05:00:00+00:00,132.66,133.55,131.28,131.44,8963460
2022-11-10 05:00:00+00:00,134.47,135.05,132.66,134.78,12416829
2022-11-11 05:00:00+00:00,134.61,134.63,131.4,133.13,10486777
2022-11-14 05:00:00+00:00,133.53,134.84,133.2,133.25,10537222
2022-11-15 05:00:00+00:00,134.1,134.66,131.97,133.08,8184215
2022-11-16 05:00:00+00:00,133.41,134.305,132.79,133.02,6122194
2022-11-17 05:00:00+00:00,131.97,133.5,131.86,132.96,6498840
2022-11-18 05:00:00+00:00,134.09,134.8,133.65,134.57,6719557
2022-11-21 05:00:00+00:00,134.29,135.21,134.14,134.63,7995562
2022-11-22 05:00:00+00:00,134.95,135.9,134.93,135.8,5931101
2022-11-23 05:00:00+00:00,135.82,136.54,135.475,136.34,5340732
2022-11-25 05:00:00+00:00,136.5,137.26,136.475,137.15,3255961
2022-11-28 05:00:00+00:00,136.73,137.54,135.85,136.12,5026871
2022-11-29 05:00:00+00:00,135.83,136.05,135.05,135.78,5439633
2022-11-30 05:00:00+00:00,135.98,139.11,135.26,139.02,9377430
2022-12-01 05:00:00+00:00,139.82,140.16,138.67,139.42,15140193
2022-12-02 05:00:00+00:00,138.02,139.965,138.02,139.78,7778325
2022-12-05 05:00:00+00:00,138.88,139.2,137.965,138.44,6921643
2022-12-06 05:00:00+00:00,138.18,138.62,136.7145,137.39,8171529
2022-12-07 05:00:00+00:00,137.39,138.915,137.35,138.52,7427063
2022-12-08 05:00:00+00:00,138.76,139.93,138.49,139.77,6765133
2022-12-09 05:00:00+00:00,139.58,140.0,137.94,137.98,6202617
2022-12-12 05:00:00+00:00,138.07,139.45,138.07,139.45,5669673
2022-12-13 05:00:00+00:00,141.35,141.77,138.91,139.88,9886543
2022-12-14 05:00:00+00:00,139.82,141.28,138.92,140.1,10882243
2022-12-15 05:00:00+00:00,138.85,139.2,137.04,137.53,8747994
2022-12-16 05:00:00+00:00,136.49,136.58,134.78,135.53,10843082
2022-12-19 05:00:00+00:00,134.93,135.18,133.86,134.47,6801724
2022-12-20 05:00:00+00:00,134.52,134.96,133.71,134.44,4815535
2022-12-21 05:00:00+00:00,135.26,136.63,134.84,136.21,5937459
2022-12-22 05:00:00+00:00,135.45,136.06,134.26,136.02,5483301
2022-12-23 05:00:00+00:00,135.89,136.23,135.095,136.1,3766442
2022-12-27 05:00:00+00:00,136.36,136.47,135.21,135.75,7050478
2022-12-28 05:00:00+00:00,136.2,136.86,134.82,134.87,5054288
2022-12-29 05:00:00+00:00,135.71,137.045,135.4,136.34,6297337
2022-12-30 05:00:00+00:00,135.88,136.02,134.47,135.85,6369489
2023-01-03 05:00:00+00:00,135.96,136.33,134.43,135.46,7239269
2023-01-04 05:00:00+00:00,136.22,136.57,134.94,135.82,8469936
2023-01-05 05:00:00+00:00,134.92,135.25,133.895,134.43,6714235
2023-01-06 05:00:00+00:00,135.33,136.04,133.61,135.67,7171381
2023-01-09 05:00:00+00:00,135.81,135.85,133.215,133.4,7719462
2023-01-10 05:00:00+00:00,133.35,134.725,133.15,134.52,7675320
2023-01-11 05:00:00+00:00,134.61,135.3,133.99,135.28,7307184
2023-01-12 05:00:00+00:00,134.99,135.41,133.54,134.85,7580538
2023-01-13 05:00:00+00:00,134.11,135.86,134.05,135.45,6333417
2023-01-17 05:00:00+00:00,135.38,135.6121,134.64,134.82,6664139
2023-01-18 05:00:00+00:00,134.82,135.17,132.795,132.92,10629147
2023-01-19 05:00:00+00:00,132.53,133.77,132.26,133.24,9902281
2023-01-20 05:00:00+00:00,133.54,134.01,132.52,133.91,5960781
2023-01-23 05:00:00+00:00,133.99,135.12,133.69,134.37,7211043
2023-01-24 05:00:00+00:00,133.7,134.48,132.62,133.48,5754776
2023-01-25 05:00:00+00:00,132.59,133.55,132.21,133.52,5999062
2023-01-26 05:00:00+00:00,133.83,133.95,132.73,133.77,6861168
2023-01-27 05:00:00+00:00,133.57,133.71,132.69,132.86,5853448
2023-01-30 05:00:00+00:00,132.61,133.44,131.455,131.66,7055400
2023-01-31 05:00:00+00:00,131.96,133.38,131.83,133.36,6290643
2023-02-01 05:00:00+00:00,133.36,134.81,132.36,133.99,11843040
2023-02-02 05:00:00+00:00,133.01,133.258,132.13,133.08,11274699
2023-02-03 05:00:00+00:00,133.17,133.6,132.25,132.69,10045690
2023-02-06 05:00:00+00:00,132.5,132.78,131.77,131.95,7328283
2023-02-07 05:00:00+00:00,131.49,133.19,131.025,132.8,7551007
2023-02-08 05:00:00+00:00,132.32,133.15,132.21,132.41,5614147
2023-02-09 05:00:00+00:00,132.74,133.245,131.04,131.25,8085922
2023-02-10 05:00:00+00:00,131.43,132.625,131.25,132.49,6198554
2023-02-13 05:00:00+00:00,132.51,133.595,132.51,133.59,6300295
2023-02-14 05:00:00+00:00,133.77,134.01,132.13,132.8,6905994
2023-02-15 05:00:00+00:00,132.28,132.455,131.69,132.14,6491948
2023-02-16 05:00:00+00:00,130.93,131.985,130.54,130.82,8008010
2023-02-17 05:00:00+00:00,130.2,132.23,130.08,131.99,10434386
2023-02-21 05:00:00+00:00,131.03,131.57,130.0899,130.28,9066218
2023-02-22 05:00:00+00:00,130.42,130.73,129.57,129.84,7318937
2023-02-23 05:00:00+00:00,129.81,130.85,129.235,130.19,9955508
2023-02-24 05:00:00+00:00,129.09,129.34,128.13,128.51,9006119
2023-02-27 05:00:00+00:00,129.21,129.57,127.83,128.12,6463899
2023-02-28 05:00:00+00:00,127.83,127.91,127.06,127.17,10282751
2023-03-01 05:00:00+00:00,126.56,127.24,126.41,126.96,11101021
2023-03-02 05:00:00+00:00,126.39,128.105,126.39,127.74,10203680
2023-03-03 05:00:00+00:00,128.33,129.22,127.69,129.17,10047537
2023-03-06 05:00:00+00:00,129.26,129.7,128.81,129.11,8153402
2023-03-07 05:00:00+00:00,129.37,129.52,126.81,127.03,9604352
2023-03-08 05:00:00+00:00,126.77,127.16,125.84,126.35,10793366
2023-03-09 05:00:00+00:00,126.84,127.05,124.56,125.07,13270342
2023-03-10 05:00:00+00:00,124.86,125.9,123.67,124.15,20498808
2023-03-13 04:00:00+00:00,123.75,127.02,123.6,125.31,21294188
2023-03-14 04:00:00+00:00,126.16,126.82,125.17,126.43,14583013
2023-03-15 04:00:00+00:00,125.07,126.5,124.84,126.32,17244563
2023-03-16 04:00:00+00:00,125.37,127.56,125.02,127.5,16013915
2023-03-17 04:00:00+00:00,127.39,127.49,125.455,125.86,15071439
2023-03-20 04:00:00+00:00,125.58,127.145,125.58,126.96,10592082
2023-03-21 04:00:00+00:00,127.45,127.88,126.675,127.73,8816257
2023-03-22 04:00:00+00:00,127.8,128.27,125.78,125.8,10480142
2023-03-23 04:00:00+00:00,126.32,127.08,124.84,125.56,10092300
2023-03-24 04:00:00+00:00,125.44,127.42,124.97,127.3,8163728
2023-03-27 04:00:00+00:00,128.2,128.78,127.67,127.82,9455363
2023-03-28 04:00:00+00:00,127.69,128.15,126.74,127.05,8037474
2023-03-29 04:00:00+00:00,127.68,127.84,126.85,127.4,8183112
2023-03-30 04:00:00+00:00,128.09,128.13,127.275,128.09,6820534
2023-03-31 04:00:00+00:00,128.52,129.53,128.45,129.46,9202204
2023-04-03 04:00:00+00:00,129.56,131.06,129.2,130.91,8937258
2023-04-04 04:00:00+00:00,131.05,131.69,130.69,130.93,9052600
2023-04-05 04:00:00+00:00,131.66,133.42,131.51,133.19,12325750
2023-04-06 04:00:00+00:00,133.71,134.11,133.07,133.52,8276295
2023-04-10 04:00:00+00:00,133.16,133.5,132.46,133.43,8024299
2023-04-11 04:00:00+00:00,133.74,134.365,133.66,133.88,8887512
2023-04-12 04:00:00+00:00,134.4,134.895,133.68,133.92,8988716
2023-04-13 04:00:00+00:00,134.49,135.81,134.195,135.66,9373699
2023-04-14 04:00:00+00:00,135.35,135.635,134.07,134.57,6632100
2023-04-17 04:00:00+00:00,134.61,134.76,133.755,134.46,7187113
2023-04-18 04:00:00+00:00,134.73,134.73,133.36,133.54,7194221
2023-04-19 04:00:00+00:00,133.58,134.15,133.17,133.95,7048082
2023-04-20 04:00:00+00:00,133.31,133.6,132.7707,133.4,6672031
2023-04-21 04:00:00+00:00,134.13,134.75,133.71,134.3,6535898
2023-04-24 04:00:00+00:00,134.44,135.09,134.1,135.05,6299870
2023-04-25 04:00:00+00:00,134.85,135.26,133.42,133.61,7751967
2023-04-26 04:00:00+00:00,132.43,132.52,130.92,131.71,10128764
2023-04-27 04:00:00+00:00,131.77,132.585,130.62,132.4,10008925
2023-04-28 04:00:00+00:00,132.24,133.905,132.03,133.53,7917287
2023-05-01 04:00:00+00:00,133.72,134.755,133.46,134.22,6794007
2023-05-02 04:00:00+00:00,134.0,134.85,132.68,133.64,14365947
2023-05-03 04:00:00+00:00,134.26,134.9,133.27,133.46,8961472
2023-05-04 04:00:00+00:00,132.9,132.98,131.84,132.4,9625315
2023-05-05 04:00:00+00:00,133.27,134.05,132.83,133.59,7650319
2023-05-08 04:00:00+00:00,133.39,133.43,132.68,133.3,5305742
2023-05-09 04:00:00+00:00,132.79,133.42,132.37,132.41,6452735
2023-05-10 04:00:00+00:00,132.79,133.11,132.0,132.78,6556586
2023-05-11 04:00:00+00:00,132.5,132.58,131.54,132.37,8764931
2023-05-12 04:00:00+00:00,132.57,132.85,131.6,132.19,6626289
2023-05-15 04:00:00+00:00,132.21,132.3,131.39,131.96,5725670
2023-05-16 04:00:00+00:00,131.68,131.73,130.83,130.86,7106025
2023-05-17 04:00:00+00:00,131.08,131.19,129.555,131.02,15512874
2023-05-18 04:00:00+00:00,130.74,130.91,129.69,130.7,12196872
2023-05-19 04:00:00+00:00,131.0,132.19,130.94,131.31,9276225
2023-05-22 04:00:00+00:00,131.5,132.36,131.13,131.44,12856105
2023-05-23 04:00:00+00:00,130.91,131.0951,129.71,130.0,8723112
2023-05-24 04:00:00+00:00,129.75,129.78,128.81,129.11,7953091
2023-05-25 04:00:00+00:00,128.49,128.66,126.91,127.79,13737188
2023-05-26 04:00:00+00:00,127.67,128.8701,127.29,127.53,8794580
2023-05-30 04:00:00+00:00,126.89,127.87,126.42,126.74,12114528
2023-05-31 04:00:00+00:00,126.39,128.05,126.05,127.83,15099052
2023-06-01 04:00:00+00:00,127.95,128.9179,126.96,128.67,9751882
2023-06-02 04:00:00+00:00,129.08,130.55,128.78,130.32,10293195
2023-06-05 04:00:00+00:00,130.61,131.38,130.41,130.79,8825083
2023-06-06 04:00:00+00:00,131.32,131.36,129.13,129.7,9413482
2023-06-07 04:00:00+00:00,129.59,129.77,129.0,129.19,7519650
2023-06-08 04:00:00+00:00,129.21,130.2,128.78,130.02,6583162
2023-06-09 04:00:00+00:00,130.05,130.87,129.34,130.42,10446129
2023-06-12 04:00:00+00:00,130.35,130.92,129.835,130.89,7321524
2023-06-13 04:00:00+00:00,130.6,131.745,130.47,131.55,8362680
2023-06-14 04:00:00+00:00,130.88,130.99,129.7,130.2,12409071
2023-06-15 04:00:00+00:00,130.21,132.4,130.19,132.22,10598621
2023-06-16 04:00:00+00:00,132.56,133.25,132.07,132.21,10535119
2023-06-20 04:00:00+00:00,130.41,132.095,130.39,131.52,8585587
2023-06-21 04:00:00+00:00,131.2,131.99,130.59,131.54,9444758
2023-06-22 04:00:00+00:00,131.74,132.63,131.57,132.44,8036715
2023-06-23 04:00:00+00:00,132.26,132.54,131.64,132.0,8096493
2023-06-26 04:00:00+00:00,131.67,131.88,129.98,131.25,7093030
2023-06-27 04:00:00+00:00,131.25,131.39,130.04,130.95,8578429
2023-06-28 04:00:00+00:00,130.92,130.95,130.11,130.53,10897835
2023-06-29 04:00:00+00:00,130.23,131.46,130.01,131.38,7843375
2023-06-30 04:00:00+00:00,131.91,133.04,131.83,132.73,8022021
2023-07-03 04:00:00+00:00,132.35,132.35,131.078,131.64,5188279
2023-07-05 04:00:00+00:00,131.36,131.855,131.06,131.57,7942088
2023-07-06 04:00:00+00:00,130.69,131.01,130.19,130.52,8213057
2023-07-07 04:00:00+00:00,129.8,130.26,128.93,129.0,8749819
2023-07-10 04:00:00+00:00,129.01,130.18,129.0,130.02,7476637
2023-07-11 04:00:00+00:00,129.84,130.47,129.48,130.05,7279219
2023-07-12 04:00:00+00:00,130.38,130.5,129.49,129.7,11900408
2023-07-13 04:00:00+00:00,130.03,130.36,129.615,129.75,7526170
2023-07-14 04:00:00+00:00,130.73,132.115,130.59,131.7,13354569
2023-07-17 04:00:00+00:00,131.35,131.63,130.61,131.1,7905359
2023-07-18 04:00:00+00:00,131.15,132.565,130.91,132.07,8130367
2023-07-19 04:00:00+00:00,132.72,133.51,132.45,132.68,12483992
2023-07-20 04:00:00+00:00,133.57,135.43,133.47,134.88,12650214
2023-07-21 04:00:00+00:00,135.01,136.66,134.78,136.24,11308876
2023-07-24 04:00:00+00:00,136.24,136.845,135.8201,135.94,12034091
2023-07-25 04:00:00+00:00,135.03,136.425,134.85,135.88,7803016
2023-07-26 04:00:00+00:00,135.23,136.23,134.875,135.79,8205317
2023-07-27 04:00:00+00:00,135.99,136.48,134.76,134.79,8800817
2023-07-28 04:00:00+00:00,135.2,135.42,134.415,135.19,6897799
2023-07-31 04:00:00+00:00,134.95,135.0,133.645,134.15,9736656
2023-08-01 04:00:00+00:00,133.84,134.33,133.115,133.45,10555725
2023-08-02 04:00:00+00:00,133.48,134.39,133.18,133.54,13873284
2023-08-03 04:00:00+00:00,133.1,133.27,132.61,132.87,11863532
2023-08-04 04:00:00+00:00,132.91,133.73,132.075,132.4,12631302
2023-08-07 04:00:00+00:00,132.8,134.055,132.73,133.93,8165681
2023-08-08 04:00:00+00:00,134.78,135.13,134.045,134.96,12601220
2023-08-09 04:00:00+00:00,134.84,135.65,134.75,134.92,9833747
2023-08-10 04:00:00+00:00,135.25,136.53,134.69,134.83,9541848
2023-08-11 04:00:00+00:00,134.79,135.83,134.47,135.67,7674454
2023-08-14 04:00:00+00:00,135.69,136.51,135.57,136.08,8725145
2023-08-15 04:00:00+00:00,135.74,136.14,135.43,135.58,9118522
2023-08-16 04:00:00+00:00,135.36,135.8,134.52,134.55,9462498
2023-08-17 04:00:00+00:00,134.07,134.54,133.415,133.48,11163783
2023-08-18 04:00:00+00:00,133.22,133.875,133.1,133.53,9463222
2023-08-21 04:00:00+00:00,133.48,133.83,133.055,133.67,6872445
2023-08-22 04:00:00+00:00,133.47,133.79,133.13,133.2,6939611
2023-08-23 04:00:00+00:00,134.0,134.3,133.205,133.6,7276781
2023-08-24 04:00:00+00:00,133.34,134.39,132.44,132.44,10241733
2023-08-25 04:00:00+00:00,132.87,133.88,132.42,133.41,8509078
2023-08-28 04:00:00+00:00,133.88,134.31,133.225,133.72,6768443
2023-08-29 04:00:00+00:00,133.9,134.92,133.72,134.92,10736987
2023-08-30 04:00:00+00:00,135.25,135.66,134.7,134.82,7892679
2023-08-31 04:00:00+00:00,134.84,134.91,133.18,133.21,7540167
2023-09-01 04:00:00+00:00,134.24,134.24,133.22,133.57,10183854
2023-09-05 04:00:00+00:00,133.64,133.735,132.19,132.19,11043478
2023-09-06 04:00:00+00:00,132.03,132.16,130.83,131.47,12840061
2023-09-07 04:00:00+00:00,131.87,132.625,131.77,132.06,11055728
2023-09-08 04:00:00+00:00,131.78,132.46,131.75,132.06,8717031
2023-09-11 04:00:00+00:00,132.0,133.225,131.98,132.97,7178984
2023-09-12 04:00:00+00:00,132.57,133.145,131.851,132.8,6941891
2023-09-13 04:00:00+00:00,132.48,133.35,132.44,132.82,6430301
2023-09-14 04:00:00+00:00,133.57,133.65,132.84,133.24,6433357
2023-09-15 04:00:00+00:00,132.92,133.5482,132.095,132.19,9612005
2023-09-18 04:00:00+00:00,131.86,131.99,130.95,131.45,6559421
2023-09-19 04:00:00+00:00,131.23,131.84,130.68,131.56,6252403
2023-09-20 04:00:00+00:00,132.14,132.51,131.55,131.57,6350827
2023-09-21 04:00:00+00:00,131.32,131.535,130.36,130.42,7979574
2023-09-22 04:00:00+00:00,130.25,130.92,130.0,130.15,7790309
2023-09-25 04:00:00+00:00,130.02,130.895,129.66,130.86,6826345
2023-09-26 04:00:00+00:00,130.26,130.675,129.65,129.75,8200851
2023-09-27 04:00:00+00:00,129.99,130.12,128.15,129.1,9888552
2023-09-28 04:00:00+00:00,129.32,130.09,129.32,129.72,9129072
2023-09-29 04:00:00+00:00,130.0,130.12,128.545,128.74,12692669
2023-10-02 04:00:00+00:00,128.33,128.6,127.06,128.56,16035103
2023-10-03 04:00:00+00:00,127.93,128.2,126.88,127.42,11971088
2023-10-04 04:00:00+00:00,127.53,128.14,126.93,127.96,10064398
2023-10-05 04:00:00+00:00,128.25,128.89,127.52,128.66,9609780
2023-10-06 04:00:00+00:00,128.3,130.42,128.23,130.01,10692362
2023-10-09 04:00:00+00:00,129.65,130.58,129.125,130.46,8047601
2023-10-10 04:00:00+00:00,130.42,131.6699,129.97,131.08,8154937
2023-10-11 04:00:00+00:00,131.24,131.45,129.92,130.5,9591853
2023-10-12 04:00:00+00:00,130.6,130.85,129.28,129.38,10927664
2023-10-13 04:00:00+00:00,129.86,130.94,129.46,130.19,11383865
2023-10-16 04:00:00+00:00,130.71,131.92,130.6,131.17,10545000
2023-10-17 04:00:00+00:00,130.54,131.705,130.435,130.99,9149880
2023-10-18 04:00:00+00:00,131.17,131.54,129.6225,129.85,10085686
2023-10-19 04:00:00+00:00,129.68,129.815,127.77,128.57,15492636
2023-10-20 04:00:00+00:00,128.31,128.98,128.04,128.06,12296755
2023-10-23 04:00:00+00:00,127.97,128.4,127.14,127.26,12344262
2023-10-24 04:00:00+00:00,126.85,128.05,126.85,127.65,9375912
2023-10-25 04:00:00+00:00,127.07,127.46,125.57,126.51,11426998
2023-10-26 04:00:00+00:00,125.47,126.41,125.16,125.26,14699251
2023-10-27 04:00:00+00:00,124.91,125.07,122.59,123.14,13566219
2023-10-30 04:00:00+00:00,123.78,124.21,122.89,123.83,15224555
2023-10-31 04:00:00+00:00,124.27,124.7,123.55,124.54,13917383
2023-11-01 04:00:00+00:00,124.39,125.41,124.17,124.8,13802707
2023-11-02 04:00:00+00:00,125.28,126.89,124.95,126.78,11894139
2023-11-03 04:00:00+00:00,127.65,128.2,127.2,127.41,11635624
2023-11-06 05:00:00+00:00,127.95,128.46,127.43,128.26,8425102
2023-11-07 05:00:00+00:00,128.21,128.66,127.87,128.35,8241887
2023-11-08 05:00:00+00:00,128.89,128.89,127.39,128.17,10021074
2023-11-09 05:00:00+00:00,128.05,128.2,125.4,125.52,13905624
2023-11-10 05:00:00+00:00,126.0,126.45,124.6,126.27,10401722
2023-11-13 05:00:00+00:00,126.4,127.25,125.67,127.0,11373791
2023-11-14 05:00:00+00:00,127.73,128.705,127.41,127.86,11217021
2023-11-15 05:00:00+00:00,127.95,128.47,127.64,127.96,9262771
2023-11-16 05:00:00+00:00,128.34,128.78,127.845,128.51,7665863
2023-11-17 05:00:00+00:00,128.78,128.99,127.864,128.25,6766200
2023-11-20 05:00:00+00:00,127.75,129.31,127.66,129.03,6910105
2023-11-21 05:00:00+00:00,129.47,130.07,129.31,129.81,8373032
2023-11-22 05:00:00+00:00,130.24,130.74,130.0698,130.43,6737702
2023-11-24 05:00:00+00:00,130.69,131.155,130.68,131.13,3708830
2023-11-27 05:00:00+00:00,130.85,131.29,130.07,130.31,10530280
2023-11-28 05:00:00+00:00,130.08,130.37,129.55,129.64,6261343
2023-11-29 05:00:00+00:00,129.5,130.38,129.44,129.68,6979035
2023-11-30 05:00:00+00:00,129.78,131.385,129.33,131.31,7743061
2023-12-01 05:00:00+00:00,131.13,131.97,131.03,131.83,9370975
2023-12-04 05:00:00+00:00,131.48,132.33,131.435,132.08,6943917
2023-12-05 05:00:00+00:00,131.81,132.12,131.09,131.91,6581075
2023-12-06 05:00:00+00:00,132.2,132.45,131.75,132.01,6210408
2023-12-07 05:00:00+00:00,132.03,132.35,131.245,131.85,6396695
2023-12-08 05:00:00+00:00,131.94,132.38,131.275,132.07,6007674
2023-12-11 05:00:00+00:00,132.78,133.19,132.13,132.94,9016882
2023-12-12 05:00:00+00:00,133.13,133.7,132.5,133.51,6779064
2023-12-13 05:00:00+00:00,132.94,136.01,132.76,135.97,9074339
2023-12-14 05:00:00+00:00,136.43,136.51,134.8,135.31,10098714
2023-12-15 05:00:00+00:00,134.68,134.94,133.66,134.16,8296654
2023-12-18 05:00:00+00:00,134.06,134.2,133.43,133.78,5944319
2023-12-19 05:00:00+00:00,133.95,134.75,133.74,134.68,6358227
2023-12-20 05:00:00+00:00,134.6,134.68,132.72,132.73,7299039
2023-12-21 05:00:00+00:00,133.53,134.445,133.22,134.35,5606916
2023-12-22 05:00:00+00:00,134.68,135.44,134.475,135.02,5355138
2023-12-26 05:00:00+00:00,134.91,135.675,134.74,135.32,3688653
2023-12-27 05:00:00+00:00,135.17,135.98,135.14,135.89,5444087
2023-12-28 05:00:00+00:00,136.0,136.695,135.98,136.24,5800264
2023-12-29 05:00:00+00:00,136.24,136.62,135.825,136.38,5590052
2024-01-02 05:00:00+00:00,136.04,139.05,135.965,138.78,11785898
2024-01-03 05:00:00+00:00,139.24,139.53,138.38,138.55,9584991
2024-01-04 05:00:00+00:00,138.98,140.0,138.74,139.24,11649191
2024-01-05 05:00:00+00:00,138.92,139.7,138.5301,139.12,9437671
2024-01-08 05:00:00+00:00,139.16,140.38,138.59,140.35,7999385
2024-01-09 05:00:00+00:00,140.2,141.56,139.87,140.33,9201275
2024-01-10 05:00:00+00:00,140.41,141.14,139.88,140.97,9773320
2024-01-11 05:00:00+00:00,140.79,141.025,140.0,140.87,7182331
2024-01-12 05:00:00+00:00,140.48,141.16,140.05,140.52,8026508
2024-01-16 05:00:00+00:00,140.17,140.36,139.46,139.68,7426944
2024-01-17 05:00:00+00:00,139.45,140.09,139.01,139.4,8337301
2024-01-18 05:00:00+00:00,138.2,139.515,137.52,139.38,8929332
2024-01-19 05:00:00+00:00,139.46,139.82,138.69,139.46,8842008
2024-01-22 05:00:00+00:00,139.58,140.44,139.23,140.07,7831379
2024-01-23 05:00:00+00:00,139.89,140.06,138.965,139.97,6407411
2024-01-24 05:00:00+00:00,140.34,140.675,138.67,138.69,9104974
2024-01-25 05:00:00+00:00,138.2,138.51,137.21,138.48,10050187
2024-01-26 05:00:00+00:00,139.44,139.56,138.92,139.27,5759212
2024-01-29 05:00:00+00:00,139.4,140.26,139.31,140.25,6229620
2024-01-30 05:00:00+00:00,140.48,140.82,139.805,140.57,5940340
2024-01-31 05:00:00+00:00,141.64,141.75,140.35,140.38,10223101
2024-02-01 05:00:00+00:00,140.55,142.2,139.87,142.2,8503745
2024-02-02 05:00:00+00:00,142.15,142.645,141.27,141.99,10629354
2024-02-05 05:00:00+00:00,142.5,143.31,141.78,142.43,9631688
2024-02-06 05:00:00+00:00,143.54,144.0854,142.825,143.98,10159041
2024-02-07 05:00:00+00:00,144.34,145.03,144.07,144.37,7884600
2024-02-08 05:00:00+00:00,144.23,144.23,143.465,144.12,6672616
2024-02-09 05:00:00+00:00,144.06,144.29,143.545,144.01,7447802
2024-02-12 05:00:00+00:00,143.82,144.2354,143.14,144.2,6645456
2024-02-13 05:00:00+00:00,143.47,144.47,142.15,142.86,11170135
2024-02-14 05:00:00+00:00,143.35,144.15,143.075,144.1,9701053
2024-02-15 05:00:00+00:00,144.2,145.43,143.99,145.15,9294805
2024-02-16 05:00:00+00:00,145.34,146.605,144.82,145.62,8424290
2024-02-20 05:00:00+00:00,145.73,146.19,144.765,145.13,9120550
2024-02-21 05:00:00+00:00,144.66,145.49,144.24,145.45,7213773
2024-02-22 05:00:00+00:00,145.64,147.4301,145.33,147.16,9130025
2024-02-23 05:00:00+00:00,147.66,148.2701,147.34,147.86,9194718
2024-02-26 05:00:00+00:00,147.77,148.11,146.965,147.1,7248352
2024-02-27 05:00:00+00:00,146.38,147.186,146.035,146.74,7374317
2024-02-28 05:00:00+00:00,146.12,146.28,145.32,146.01,8038813
2024-02-29 05:00:00+00:00,146.0,146.24,144.72,144.82,9435636
2024-03-01 05:00:00+00:00,145.15,146.439,144.51,146.34,8741586
2024-03-04 05:00:00+00:00,145.92,146.68,145.77,146.12,10657870
2024-03-05 05:00:00+00:00,146.17,146.41,144.55,145.03,9743609
2024-03-06 05:00:00+00:00,145.3,146.56,145.3,146.02,8085410
2024-03-07 05:00:00+00:00,146.38,147.05,146.175,146.7,6438276
2024-03-08 05:00:00+00:00,146.56,147.25,146.17,146.43,7802515
2024-03-11 04:00:00+00:00,146.1,146.61,145.295,146.35,7724013
2024-03-12 04:00:00+00:00,146.45,147.39,145.96,147.03,7143931
2024-03-13 04:00:00+00:00,147.59,147.7,145.89,146.46,7874171
2024-03-14 04:00:00+00:00,146.55,146.66,145.125,145.94,9605786
2024-03-15 04:00:00+00:00,145.02,145.66,144.845,145.36,10570477
2024-03-18 04:00:00+00:00,145.43,145.57,144.72,144.82,6407158
2024-03-19 04:00:00+00:00,144.94,145.87,144.52,145.78,5240260
2024-03-20 04:00:00+00:00,145.43,145.5,144.635,145.45,8268171
2024-03-21 04:00:00+00:00,145.75,146.17,145.34,145.64,8865259
2024-03-22 04:00:00+00:00,145.85,146.22,145.265,145.44,5537224
2024-03-25 04:00:00+00:00,145.705,145.86,145.011,145.24,5252964
2024-03-26 04:00:00+00:00,145.53,145.94,145.14,145.77,6942438
2024-03-27 04:00:00+00:00,147.01,147.71,146.62,147.71,8797533
2024-03-28 04:00:00+00:00,147.92,148.2317,147.675,147.73,8090182
2024-04-01 04:00:00+00:00,147.64,147.73,145.935,146.47,7378313
2024-04-02 04:00:00+00:00,144.49,144.65,143.435,144.19,10776352
2024-04-03 04:00:00+00:00,144.44,145.09,143.685,144.03,8453547
2024-04-04 04:00:00+00:00,144.93,145.02,141.87,141.95,12685712
2024-04-05 04:00:00+00:00,141.725,143.685,141.61,143.22,9073220
2024-04-08 04:00:00+00:00,143.11,143.11,142.54,142.76,9128151
2024-04-09 04:00:00+00:00,143.07,143.355,142.28,143.27,10534543
2024-04-10 04:00:00+00:00,141.84,142.24,141.1,141.59,13052725
2024-04-11 04:00:00+00:00,142.02,142.05,140.595,141.01,8153938
2024-04-12 04:00:00+00:00,140.28,140.29,138.46,138.91,13796430
2024-04-15 04:00:00+00:00,140.12,140.63,138.41,138.63,10383735
2024-04-16 04:00:00+00:00,139.83,139.83,138.585,138.68,10170538
2024-04-17 04:00:00+00:00,139.49,139.62,138.215,138.44,8480148
2024-04-18 04:00:00+00:00,138.53,139.25,138.21,138.43,8105813
2024-04-19 04:00:00+00:00,139.15,139.34,138.445,138.95,9668387
2024-04-22 04:00:00+00:00,139.38,140.59,138.93,139.48,8531342
2024-04-23 04:00:00+00:00,140.82,141.56,140.18,141.3,8615525
2024-04-24 04:00:00+00:00,140.99,141.15,140.215,140.86,7378594
2024-04-25 04:00:00+00:00,140.77,141.0,139.2,139.92,9693507
2024-04-26 04:00:00+00:00,139.4,140.33,139.3,139.96,6013758
2024-04-29 04:00:00+00:00,140.13,140.83,139.73,140.43,6388634
2024-04-30 04:00:00+00:00,140.9,141.2,140.23,140.33,9677720
2024-05-01 04:00:00+00:00,139.71,141.84,139.55,140.58,10710293
2024-05-02 04:00:00+00:00,141.34,141.44,139.72,140.48,8425562
2024-05-03 04:00:00+00:00,141.09,141.23,140.1,140.83,8539319
2024-05-06 04:00:00+00:00,140.95,141.435,140.64,141.4,5605118
2024-05-07 04:00:00+00:00,141.72,142.695,141.7,142.57,7720646
2024-05-08 04:00:00+00:00,142.86,142.88,141.9,142.08,5461097
2024-05-09 04:00:00+00:00,142.25,143.38,142.23,143.3,6821786
2024-05-10 04:00:00+00:00,143.49,144.09,143.39,143.59,6325067
2024-05-13 04:00:00+00:00,143.88,144.01,143.19,143.45,5351464
2024-05-14 04:00:00+00:00,143.65,144.13,143.11,144.06,6198799
2024-05-15 04:00:00+00:00,144.7,146.36,144.64,146.2,8433670
2024-05-16 04:00:00+00:00,145.89,146.44,145.62,146.03,6741009
2024-05-17 04:00:00+00:00,146.0,146.34,145.44,146.31,7071646
2024-05-20 04:00:00+00:00,146.16,146.3551,145.69,146.0,3890023
2024-05-21 04:00:00+00:00,146.26,146.88,145.88,146.25,4048888
2024-05-22 04:00:00+00:00,145.86,146.945,145.77,146.51,6831234
2024-05-23 04:00:00+00:00,146.27,146.2801,144.805,144.91,5155939
2024-05-24 04:00:00+00:00,145.1,145.33,144.33,144.42,3949525
2024-05-28 04:00:00+00:00,144.1,144.1,142.07,142.67,8375071
2024-05-29 04:00:00+00:00,141.45,141.73,140.95,141.56,6838269
2024-05-30 04:00:00+00:00,140.99,142.14,140.675,141.63,7395616
2024-05-31 04:00:00+00:00,142.08,143.775,141.91,143.7,7945890
2024-06-03 04:00:00+00:00,143.6,145.135,143.35,144.71,10298305
2024-06-04 04:00:00+00:00,144.58,145.53,144.04,145.13,6964248
2024-06-05 04:00:00+00:00,145.3,145.945,144.49,145.79,5373456
2024-06-06 04:00:00+00:00,145.68,146.58,145.18,146.27,5425770
2024-06-07 04:00:00+00:00,146.13,147.16,145.96,146.43,5222299
2024-06-10 04:00:00+00:00,146.2,147.005,145.67,146.97,5397727
2024-06-11 04:00:00+00:00,146.86,146.86,145.73,146.36,5194123
2024-06-12 04:00:00+00:00,146.99,147.04,145.67,146.05,6522859
2024-06-13 04:00:00+00:00,145.51,146.17,144.58,145.93,4720590
2024-06-14 04:00:00+00:00,145.63,145.92,145.025,145.88,4109831
2024-06-17 04:00:00+00:00,145.26,145.955,144.96,145.73,4542990
2024-06-18 04:00:00+00:00,145.89,146.4,145.6,145.92,4872625
2024-06-20 04:00:00+00:00,145.47,146.59,145.27,146.4,6653759
2024-06-21 04:00:00+00:00,146.59,147.12,146.235,146.81,8513040
2024-06-24 04:00:00+00:00,146.83,147.61,146.45,147.09,6446290
2024-06-25 04:00:00+00:00,147.26,147.465,146.275,146.63,5171672
2024-06-26 04:00:00+00:00,146.37,146.625,145.77,146.11,4572683
2024-06-27 04:00:00+00:00,146.22,146.28,145.03,145.87,4637944
2024-06-28 04:00:00+00:00,146.41,147.02,145.1,145.75,7630327
2024-07-01 04:00:00+00:00,146.04,147.485,144.6542,144.93,6562067
2024-07-02 04:00:00+00:00,144.41,144.62,143.59,144.4,7536335
2024-07-03 04:00:00+00:00,144.66,144.67,142.73,143.3,7653965
2024-07-05 04:00:00+00:00,143.61,144.49,142.88,144.41,4846865
2024-07-08 04:00:00+00:00,144.57,144.97,143.88,144.25,4001547
2024-07-09 04:00:00+00:00,144.56,145.03,143.7,144.95,8337123
2024-07-10 04:00:00+00:00,145.11,146.34,144.79,146.32,5342450
2024-07-11 04:00:00+00:00,146.33,147.74,146.15,147.35,7692935
2024-07-12 04:00:00+00:00,147.85,148.885,147.74,148.27,6614662
2024-07-15 04:00:00+00:00,148.84,148.98,147.53,147.75,5804116
2024-07-16 04:00:00+00:00,148.64,149.89,148.31,149.86,7602476
2024-07-17 04:00:00+00:00,148.83,151.33,148.64,150.54,10395531
2024-07-18 04:00:00+00:00,149.58,150.56,146.86,147.12,11033367
2024-07-19 04:00:00+00:00,147.86,148.58,147.28,147.87,5985687
2024-07-22 04:00:00+00:00,148.62,148.99,147.88,148.72,5190313
2024-07-23 04:00:00+00:00,149.33,149.42,148.465,148.63,3553334
2024-07-24 04:00:00+00:00,148.71,150.055,148.21,149.87,6870395
2024-07-25 04:00:00+00:00,149.42,151.53,148.96,149.12,11472752
2024-07-26 04:00:00+00:00,149.1,150.93,149.01,149.96,6028837
2024-07-29 04:00:00+00:00,149.98,150.56,149.26,150.05,8227400
2024-07-30 04:00:00+00:00,150.05,151.11,149.11,150.18,7269477
2024-07-31 04:00:00+00:00,150.12,150.66,149.05,149.63,8417891
2024-08-01 04:00:00+00:00,150.4,151.33,149.49,151.16,10357711
2024-08-02 04:00:00+00:00,151.39,151.77,148.62,150.86,15742298
2024-08-05 04:00:00+00:00,148.5,148.79,146.19,146.83,17575636
2024-08-06 04:00:00+00:00,147.42,149.38,146.95,147.51,13335705
2024-08-07 04:00:00+00:00,147.41,148.12,145.54,146.01,11484999
2024-08-08 04:00:00+00:00,148.29,149.365,147.62,149.24,11479079
2024-08-09 04:00:00+00:00,149.5,150.36,149.18,149.98,8550467
2024-08-12 04:00:00+00:00,150.34,150.34,148.98,149.41,5044497
2024-08-13 04:00:00+00:00,150.0,151.365,149.83,151.22,4815735
2024-08-14 04:00:00+00:00,151.03,151.98,150.67,151.76,4837347
2024-08-15 04:00:00+00:00,152.46,152.95,151.75,152.71,5886933
2024-08-16 04:00:00+00:00,152.66,153.115,152.23,152.87,4562665
2024-08-19 04:00:00+00:00,152.88,153.935,152.79,153.8,4729719
2024-08-20 04:00:00+00:00,154.21,155.21,154.05,154.42,4878366
2024-08-21 04:00:00+00:00,154.74,155.08,154.136,154.68,5530111
2024-08-22 04:00:00+00:00,155.2,155.35,153.9869,154.78,4951898
2024-08-23 04:00:00+00:00,155.19,155.56,154.64,155.45,4069501
2024-08-26 04:00:00+00:00,155.6,156.08,155.22,155.37,4433688
2024-08-27 04:00:00+00:00,155.52,156.04,155.06,155.61,3785444
2024-08-28 04:00:00+00:00,155.51,156.435,155.06,155.79,5150093
2024-08-29 04:00:00+00:00,156.41,156.83,155.46,156.12,4339350
2024-08-30 04:00:00+00:00,156.23,157.28,155.55,157.2,7020703
2024-09-03 04:00:00+00:00,156.88,157.84,156.47,156.9,7674912
2024-09-04 04:00:00+00:00,156.69,159.64,155.86,156.63,8235494
2024-09-05 04:00:00+00:00,156.46,156.55,153.73,154.48,7245564
2024-09-06 04:00:00+00:00,155.02,155.66,153.63,153.95,7652025
2024-09-09 04:00:00+00:00,154.34,155.52,153.75,155.03,6169412
2024-09-10 04:00:00+00:00,155.24,155.85,154.66,155.74,7337319
2024-09-11 04:00:00+00:00,155.18,155.46,152.85,155.28,6636620
2024-09-12 04:00:00+00:00,155.24,155.98,153.79,155.84,4838262
2024-09-13 04:00:00+00:00,155.91,156.64,155.7,156.16,4358649
2024-09-16 04:00:00+00:00,156.98,157.59,156.67,157.24,4711902
2024-09-17 04:00:00+00:00,157.05,157.09,155.075,155.62,6279990
2024-09-18 04:00:00+00:00,155.49,156.98,154.76,155.36,7148920
2024-09-19 04:00:00+00:00,156.76,156.76,155.51,155.92,6717643
2024-09-20 04:00:00+00:00,155.41,155.98,154.895,155.28,8541635
2024-09-23 04:00:00+00:00,155.19,155.21,154.12,154.4,6416424
2024-09-24 04:00:00+00:00,154.33,154.39,153.36,154.09,5341811
2024-09-25 04:00:00+00:00,154.56,154.78,152.525,152.59,5940096
2024-09-26 04:00:00+00:00,152.49,153.29,152.23,153.1,6173093
2024-09-27 04:00:00+00:00,153.3,154.2,153.01,153.02,7312567
2024-09-30 04:00:00+00:00,152.81,154.06,152.58,154.02,7235028
2024-10-01 04:00:00+00:00,154.14,154.355,152.63,153.21,10560380
2024-10-02 04:00:00+00:00,153.02,153.38,151.87,152.9,7158480
2024-10-03 04:00:00+00:00,152.52,152.66,151.24,151.52,5550985
2024-10-04 04:00:00+00:00,151.75,152.02,150.88,151.64,6591450
2024-10-07 04:00:00+00:00,151.65,152.11,150.685,150.97,5922859
2024-10-08 04:00:00+00:00,151.37,152.03,151.24,151.79,4726590
2024-10-09 04:00:00+00:00,151.93,153.46,151.57,153.34,7840031
2024-10-10 04:00:00+00:00,153.34,153.46,152.395,152.77,4385633
2024-10-11 04:00:00+00:00,153.25,154.07,153.03,153.89,9354102
2024-10-14 04:00:00+00:00,154.06,155.015,153.53,154.74,4819781
2024-10-15 04:00:00+00:00,152.67,154.585,152.51,152.85,9088576
2024-10-16 04:00:00+00:00,152.65,153.6059,152.24,153.28,4510189
2024-10-17 04:00:00+00:00,152.77,153.02,152.29,152.39,5430044
2024-10-18 04:00:00+00:00,152.5,153.495,152.06,153.13,9823968
2024-10-21 04:00:00+00:00,152.73,153.14,151.18,151.33,4825870
2024-10-22 04:00:00+00:00,150.53,151.39,150.4,151.11,5166889
2024-10-23 04:00:00+00:00,150.7,150.93,149.6,150.4,4910436
2024-10-24 04:00:00+00:00,150.4,151.005,149.37,149.41,5066266
2024-10-25 04:00:00+00:00,149.92,150.0,148.42,148.59,5314527
2024-10-28 04:00:00+00:00,149.01,149.49,148.62,148.81,4923484
2024-10-29 04:00:00+00:00,148.71,149.32,148.33,148.4,7342579
2024-10-30 04:00:00+00:00,146.14,148.17,145.62,148.12,9211829
2024-10-31 04:00:00+00:00,147.24,147.93,146.84,146.87,6701204
2024-11-01 04:00:00+00:00,147.44,148.47,147.43,147.74,6896929
2024-11-04 05:00:00+00:00,147.38,148.09,146.48,146.77,5985990
2024-11-05 05:00:00+00:00,146.48,147.89,145.94,147.85,5035268
2024-11-06 05:00:00+00:00,150.67,150.91,147.35,148.04,10685862
2024-11-07 05:00:00+00:00,148.93,149.29,148.21,149.11,9381574
2024-11-08 05:00:00+00:00,149.31,150.945,149.14,150.18,8701068
2024-11-11 05:00:00+00:00,149.85,150.6,149.08,149.3,6072124
2024-11-12 05:00:00+00:00,149.06,149.31,147.185,147.22,7022700
2024-11-13 05:00:00+00:00,147.16,147.6,146.675,146.83,5981289
2024-11-14 05:00:00+00:00,146.58,146.59,144.36,144.52,7936741
2024-11-15 05:00:00+00:00,143.72,143.85,141.57,141.84,14246068
2024-11-18 05:00:00+00:00,141.47,142.09,141.31,141.94,7933235
2024-11-19 05:00:00+00:00,140.65,141.61,140.26,141.21,6205830
2024-11-20 05:00:00+00:00,141.51,143.08,141.28,142.88,9328748
2024-11-21 05:00:00+00:00,142.88,144.23,142.14,144.03,7969570
2024-11-22 05:00:00+00:00,144.33,145.02,143.935,144.16,6330311
2024-11-25 05:00:00+00:00,144.81,145.85,144.79,145.39,6834366
2024-11-26 05:00:00+00:00,145.83,146.33,144.69,146.17,6018641
2024-11-27 05:00:00+00:00,146.31,147.7552,146.31,146.95,5953240
2024-11-29 05:00:00+00:00,146.94,147.79,146.71,147.41,3521247
2024-12-02 05:00:00+00:00,147.32,147.38,146.39,147.15,6220907
2024-12-03 05:00:00+00:00,147.14,147.43,146.74,146.82,4236349
2024-12-04 05:00:00+00:00,147.08,147.58,146.36,146.74,5597844
2024-12-05 05:00:00+00:00,146.09,146.25,144.83,145.1,8948940
2024-12-06 05:00:00+00:00,145.29,145.46,144.105,144.28,6545159
2024-12-09 05:00:00+00:00,144.42,145.09,143.92,144.7,6258634
2024-12-10 05:00:00+00:00,144.99,145.1,143.615,144.1,7200614
2024-12-11 05:00:00+00:00,143.52,143.64,142.105,142.14,6895008
2024-12-12 05:00:00+00:00,142.17,142.54,140.91,141.01,5994213
2024-12-13 05:00:00+00:00,140.83,141.45,140.1299,140.99,7599399
2024-12-16 05:00:00+00:00,140.88,141.65,139.2,139.31,9476630
2024-12-17 05:00:00+00:00,138.7,140.24,138.6,139.21,10280072
2024-12-18 05:00:00+00:00,139.12,140.04,137.225,137.32,14448057
2024-12-19 05:00:00+00:00,137.06,137.8,135.945,136.28,11929337
2024-12-20 05:00:00+00:00,137.49,139.295,137.05,138.0,12098414
2024-12-23 05:00:00+00:00,137.6,138.945,136.99,138.75,8050472
2024-12-24 05:00:00+00:00,138.63,139.325,138.04,139.32,3139251
2024-12-26 05:00:00+00:00,138.83,139.7199,138.68,139.6,4720422
2024-12-27 05:00:00+00:00,138.83,139.81,138.36,138.95,5948122
2024-12-30 05:00:00+00:00,138.15,138.15,136.73,137.24,6890556
2024-12-31 05:00:00+00:00,137.58,138.12,136.785,137.57,6627203
2025-01-02 05:00:00+00:00,138.26,138.77,137.12,137.61,8973032
2025-01-03 05:00:00+00:00,137.89,139.3499,137.74,138.96,8289345
2025-01-06 05:00:00+00:00,138.9,140.04,138.56,139.02,8653497
2025-01-07 05:00:00+00:00,139.36,140.93,139.36,139.71,12639744
2025-01-08 05:00:00+00:00,139.97,140.635,138.69,140.43,7827396
2025-01-10 05:00:00+00:00,139.95,140.95,139.355,139.64,10344054
2025-01-13 05:00:00+00:00,139.79,141.82,139.67,141.46,9422242
2025-01-14 05:00:00+00:00,141.27,141.27,138.88,140.0,10277827
2025-01-15 05:00:00+00:00,140.39,141.24,139.77,140.57,11388426
2025-01-16 05:00:00+00:00,140.13,141.34,139.58,141.13,8512136
2025-01-17 05:00:00+00:00,140.94,141.4,140.18,140.18,7668273
2025-01-21 05:00:00+00:00,140.92,142.51,140.9,142.5,7257829
2025-01-22 05:00:00+00:00,141.8,142.63,141.13,142.18,8189904
2025-01-23 05:00:00+00:00,142.57,144.095,141.87,144.08,8032946
2025-01-24 05:00:00+00:00,143.44,144.61,143.27,144.31,8127872
2025-01-27 05:00:00+00:00,145.1,147.58,144.97,147.55,12311304
2025-01-28 05:00:00+00:00,147.54,147.74,146.48,146.52,9686428
2025-01-29 05:00:00+00:00,146.09,146.58,145.3,145.66,8159200
2025-01-30 05:00:00+00:00,146.25,147.745,146.24,147.34,7705191
2025-01-31 05:00:00+00:00,147.58,148.5899,146.815,146.87,9213355
2025-02-03 05:00:00+00:00,145.98,148.1599,145.94,147.44,12894148
2025-02-04 05:00:00+00:00,145.82,147.2,145.59,147.04,11558569
2025-02-05 05:00:00+00:00,147.4,148.715,147.1,148.45,10042275
2025-02-06 05:00:00+00:00,148.15,148.46,146.9,147.12,12422219
2025-02-07 05:00:00+00:00,147.33,147.92,146.32,146.43,10373485
2025-02-10 05:00:00+00:00,146.6,146.65,145.46,146.3,7339149
2025-02-11 05:00:00+00:00,145.88,146.32,145.44,146.03,6635040
2025-02-12 05:00:00+00:00,145.68,146.61,145.37,145.82,7572280
2025-02-13 05:00:00+00:00,146.11,146.71,145.16,146.39,6293261
2025-02-14 05:00:00+00:00,146.5,146.7,144.8,144.8,5299228
2025-02-18 05:00:00+00:00,143.92,144.89,143.84,144.52,11366845
2025-02-19 05:00:00+00:00,144.53,146.4399,144.5,146.4,6252919
2025-02-20 05:00:00+00:00,146.19,147.3,146.1,147.22,6264773
2025-02-21 05:00:00+00:00,145.48,147.14,145.34,146.43,8646974
2025-02-24 05:00:00+00:00,146.59,148.22,146.27,147.62,7559370
2025-02-25 05:00:00+00:00,147.9,149.085,147.41,148.89,11981261
2025-02-26 05:00:00+00:00,148.31,148.95,147.345,147.82,6566828
2025-02-27 05:00:00+00:00,147.55,148.91,147.1617,147.22,7377044
2025-02-28 05:00:00+00:00,147.46,149.16,146.49,148.93,8453744
2025-03-03 05:00:00+00:00,149.02,150.32,148.96,149.58,9459273
2025-03-04 05:00:00+00:00,149.79,150.07,147.965,148.19,10804677
2025-03-05 05:00:00+00:00,147.52,149.91,147.24,149.68,7597734
2025-03-06 05:00:00+00:00,149.0,149.48,147.93,149.27,7122176
2025-03-07 05:00:00+00:00,148.66,150.2835,148.445,149.28,8532510
2025-03-10 04:00:00+00:00,148.12,149.91,147.34,147.67,13577787
2025-03-11 04:00:00+00:00,147.68,147.885,145.29,146.06,9411939
2025-03-12 04:00:00+00:00,145.73,145.99,144.12,144.6,7141081
2025-03-13 04:00:00+00:00,144.66,145.07,143.49,143.83,8041574
2025-03-14 04:00:00+00:00,143.93,145.15,143.41,144.93,6761296
2025-03-17 04:00:00+00:00,144.72,147.11,144.72,146.77,6017373
2025-03-18 04:00:00+00:00,146.82,147.06,146.04,146.84,5528032
2025-03-19 04:00:00+00:00,146.95,147.305,145.9,146.92,6156298
2025-03-20 04:00:00+00:00,146.94,147.635,146.51,147.01,8034118
2025-03-21 04:00:00+00:00,146.58,146.86,145.73,146.6,7635316
2025-03-24 04:00:00+00:00,146.42,147.385,146.11,147.15,6500813
2025-03-25 04:00:00+00:00,147.5,147.59,144.3526,145.27,6502030
2025-03-26 04:00:00+00:00,145.38,145.9725,144.39,144.74,8759221
2025-03-27 04:00:00+00:00,144.52,145.42,144.46,144.97,6264332
2025-03-28 04:00:00+00:00,144.85,145.24,144.45,144.52,6210808
2025-03-31 04:00:00+00:00,143.79,146.62,143.48,146.01,8085570
2025-04-01 04:00:00+00:00,145.48,145.48,142.895,143.34,9906066
2025-04-02 04:00:00+00:00,142.77,144.4,142.19,144.3,6392678
2025-04-03 04:00:00+00:00,143.76,145.19,143.05,143.13,10990921
2025-04-04 04:00:00+00:00,141.14,141.71,135.225,135.28,21341039
2025-04-07 04:00:00+00:00,131.71,137.37,129.66,134.47,29940306
2025-04-08 04:00:00+00:00,139.43,139.439,131.28,132.98,20855791
2025-04-09 04:00:00+00:00,130.13,139.235,129.68,138.76,39435132
2025-04-10 04:00:00+00:00,137.7,137.74,131.33,134.89,21957352
2025-04-11 04:00:00+00:00,135.15,137.76,133.65,136.87,10755630
2025-04-14 04:00:00+00:00,138.21,139.04,136.96,138.54,7437345
2025-04-15 04:00:00+00:00,139.0,139.045,137.29,137.69,6239000
2025-04-16 04:00:00+00:00,138.12,138.62,135.64,136.29,8150800
2025-04-17 04:00:00+00:00,135.34,136.57,135.1,135.49,9662773
2025-04-21 04:00:00+00:00,135.19,135.36,131.56,132.57,6456085
2025-04-22 04:00:00+00:00,133.64,135.28,133.135,135.06,8011402
2025-04-23 04:00:00+00:00,136.54,137.925,135.13,135.73,9503247
2025-04-24 04:00:00+00:00,135.95,137.54,135.12,137.39,5432961
2025-04-25 04:00:00+00:00,137.59,138.2,135.88,138.05,6438431
2025-04-28 04:00:00+00:00,138.24,139.0397,137.4,138.6,5803428
2025-04-29 04:00:00+00:00,138.42,139.97,137.73,139.28,7812100
2025-04-30 04:00:00+00:00,139.55,140.795,138.26,140.47,6827847
2025-05-01 04:00:00+00:00,138.81,139.11,136.47,136.64,10363184
2025-05-02 04:00:00+00:00,138.79,139.01,137.55,138.53,9777135
2025-05-05 04:00:00+00:00,138.25,138.675,137.58,138.14,5479960
2025-05-06 04:00:00+00:00,137.13,137.19,133.97,134.33,11625944
2025-05-07 04:00:00+00:00,134.75,135.75,134.4,135.36,6440514
2025-05-08 04:00:00+00:00,134.41,135.33,133.685,134.14,10558242
2025-05-09 04:00:00+00:00,134.31,134.77,132.62,132.68,7555209
2025-05-12 04:00:00+00:00,132.875,136.13,132.64,135.96,15211487
2025-05-13 04:00:00+00:00,133.94,133.94,131.83,131.87,17816962
2025-05-14 04:00:00+00:00,132.275,132.55,128.68,128.77,19579482
2025-05-15 04:00:00+00:00,128.47,130.54,127.35,130.46,18792674
2025-05-16 04:00:00+00:00,130.7,133.14,130.31,133.09,12901782
2025-05-19 04:00:00+00:00,133.02,134.435,132.645,134.37,11645235
2025-05-20 04:00:00+00:00,134.4,135.0899,134.185,134.7,11644698
2025-05-21 04:00:00+00:00,133.56,134.14,131.52,131.58,16635924
2025-05-22 04:00:00+00:00,130.63,131.24,129.98,130.55,12722641
2025-05-23 04:00:00+00:00,129.93,130.595,129.5465,130.34,9127098
2025-05-27 04:00:00+00:00,131.43,132.39,131.16,132.16,12304443
2025-05-28 04:00:00+00:00,132.11,132.58,131.13,131.48,11087470
2025-05-29 04:00:00+00:00,131.68,132.76,131.285,132.36,10673735
2025-05-30 04:00:00+00:00,132.07,133.335,130.88,132.64,11651333
2025-06-02 04:00:00+00:00,132.3,132.78,131.11,132.72,11845031
2025-06-03 04:00:00+00:00,132.37,133.52,131.725,133.03,14304622
2025-06-04 04:00:00+00:00,133.43,134.33,133.29,133.29,9986080
2025-06-05 04:00:00+00:00,133.62,133.905,132.57,133.11,13705543
2025-06-06 04:00:00+00:00,133.81,134.84,133.79,134.38,9153482
2025-06-09 04:00:00+00:00,134.35,134.81,133.39,134.15,9976863
2025-06-10 04:00:00+00:00,134.27,136.09,134.25,135.68,11488020
2025-06-11 04:00:00+00:00,135.71,136.57,135.34,135.75,13644041
2025-06-12 04:00:00+00:00,135.76,136.84,135.485,136.81,9809545
2025-06-13 04:00:00+00:00,136.06,137.33,135.68,136.13,13722759
2025-06-16 04:00:00+00:00,136.42,136.83,135.08,135.71,14170992
2025-06-17 04:00:00+00:00,135.1,135.41,133.29,133.47,13506002
2025-06-18 04:00:00+00:00,133.48,134.12,132.49,133.24,12185261
2025-06-20 04:00:00+00:00,133.7,133.8,132.41,132.6,13745102
2025-06-23 04:00:00+00:00,132.06,132.74,130.98,132.16,14181644
2025-06-24 04:00:00+00:00,132.51,134.08,132.0,133.78,11272914
2025-06-25 04:00:00+00:00,133.52,134.295,132.77,133.9,11996841
2025-06-26 04:00:00+00:00,134.18,135.16,133.745,134.22,13177723
2025-06-27 04:00:00+00:00,134.32,135.13,133.7,133.93,13818457
2025-06-30 04:00:00+00:00,133.9,134.95,133.8,134.79,12407654
2025-07-01 04:00:00+00:00,134.58,137.76,134.46,136.71,21204317
2025-07-02 04:00:00+00:00,136.025,136.29,135.24,135.36,13720388
2025-07-03 04:00:00+00:00,135.55,135.9,135.165,135.5,7282662
2025-07-07 04:00:00+00:00,135.45,135.45,133.65,134.36,14052702
2025-07-08 04:00:00+00:00,134.26,136.22,134.01,134.97,19486044
2025-07-09 04:00:00+00:00,135.25,135.92,134.42,135.49,13963895
2025-07-10 04:00:00+00:00,135.51,137.63,135.0,136.32,17665054
2025-07-11 04:00:00+00:00,135.88,135.88,134.35,135.19,14246953
2025-07-14 04:00:00+00:00,134.65,135.31,134.4,135.03,11095395
2025-07-15 04:00:00+00:00,135.23,135.4729,132.47,132.6,17095552
2025-07-16 04:00:00+00:00,133.14,134.4151,133.0,134.25,14137486
2025-07-17 04:00:00+00:00,133.295,133.68,132.28,132.72,15740942
2025-07-18 04:00:00+00:00,133.07,133.24,131.66,131.84,13245079
2025-07-21 04:00:00+00:00,131.91,132.32,131.025,131.09,9468736
2025-07-22 04:00:00+00:00,131.31,133.81,131.31,133.53,16681891
2025-07-23 04:00:00+00:00,135.26,136.315,134.8,136.27,16623992
2025-07-24 04:00:00+00:00,136.13,136.93,135.54,135.76,11054765
2025-07-25 04:00:00+00:00,136.245,136.7,135.74,136.48,9540321
2025-07-28 04:00:00+00:00,136.14,136.3852,134.93,135.29,9780254
2025-07-29 04:00:00+00:00,133.9,135.095,132.94,134.43,14967647
2025-07-30 04:00:00+00:00,134.88,135.185,133.64,134.19,11634227
2025-07-31 04:00:00+00:00,133.02,133.795,129.975,130.43,26441560
2025-08-01 04:00:00+00:00,130.695,131.4,129.86,131.13,20736159
2025-08-04 04:00:00+00:00,131.39,133.065,131.36,133.01,11331033
2025-08-05 04:00:00+00:00,132.45,132.95,132.045,132.5,14319632
2025-08-06 04:00:00+00:00,131.94,132.05,130.35,130.51,14342796
2025-08-07 04:00:00+00:00,129.77,130.24,127.96,129.01,24421932
2025-08-08 04:00:00+00:00,129.225,130.44,129.225,130.16,13747116
2025-08-11 04:00:00+00:00,130.29,131.32,130.1415,130.29,14473985
2025-08-12 04:00:00+00:00,130.34,131.23,130.132,131.19,17221273
2025-08-13 04:00:00+00:00,131.82,133.37,131.65,133.29,15069862
2025-08-14 04:00:00+00:00,133.06,134.1,132.405,133.96,15463979
2025-08-15 04:00:00+00:00,135.48,136.595,135.18,136.21,13929623
2025-08-18 04:00:00+00:00,136.53,137.19,135.815,135.89,12572019
2025-08-19 04:00:00+00:00,135.87,137.215,135.78,136.76,13578230
2025-08-20 04:00:00+00:00,137.01,138.205,137.005,137.5,14607012
2025-08-21 04:00:00+00:00,137.21,138.46,136.94,137.04,13218890
2025-08-22 04:00:00+00:00,137.8,139.02,137.8,138.17,11898622
2025-08-25 04:00:00+00:00,138.14,138.26,136.1,136.2,10680951
2025-08-26 04:00:00+00:00,136.59,137.17,136.34,137.05,11397519
2025-08-27 04:00:00+00:00,136.99,137.71,136.73,136.97,8321680
2025-08-28 04:00:00+00:00,136.83,136.85,135.76,136.43,9165745
2025-08-29 04:00:00+00:00,136.535,137.465,136.37,137.43,9652487
2025-09-02 04:00:00+00:00,136.89,137.74,136.4609,137.56,13325289
2025-09-03 04:00:00+00:00,137.11,137.76,136.24,136.91,12585986
2025-09-04 04:00:00+00:00,136.8,137.465,136.08,137.43,11778622
2025-09-05 04:00:00+00:00,137.28,138.375,137.05,137.9,14646453
2025-09-08 04:00:00+00:00,137.46,137.865,136.37,137.85,15753324
2025-09-09 04:00:00+00:00,138.06,138.97,137.72,138.59,12249641
2025-09-10 04:00:00+00:00,138.51,138.51,136.805,137.33,13588587
2025-09-11 04:00:00+00:00,138.04,139.995,137.89,139.72,16467715
2025-09-12 04:00:00+00:00,139.23,139.81,138.1,138.11,11345384
2025-09-15 04:00:00+00:00,138.26,138.54,136.66,136.93,11233821
2025-09-16 04:00:00+00:00,136.66,137.39,136.535,136.93,12443784
2025-09-17 04:00:00+00:00,137.13,138.29,136.84,137.2,12501479
2025-09-18 04:00:00+00:00,137.2,137.94,136.89,137.47,11472923
2025-09-19 04:00:00+00:00,137.82,137.9,137.18,137.29,11281215
2025-09-22 04:00:00+00:00,136.19,137.255,135.885,136.63,9732678
2025-09-23 04:00:00+00:00,136.26,137.35,136.15,136.94,9902975
2025-09-24 04:00:00+00:00,136.82,137.06,136.16,136.39,7472029
2025-09-25 04:00:00+00:00,136.125,136.18,133.725,134.13,14099731
2025-09-26 04:00:00+00:00,135.15,135.6199,134.64,135.5,10070970
2025-09-29 04:00:00+00:00,135.68,135.97,134.735,135.9,7735785
2025-09-30 04:00:00+00:00,135.76,139.495,135.67,139.17,19313484
2025-10-01 04:00:00+00:00,139.8,143.73,139.6,143.47,23657940
2025-10-02 04:00:00+00:00,142.15,143.57,142.145,143.19,15176210
2025-10-03 04:00:00+00:00,143.57,146.135,143.56,144.82,15829184
2025-10-06 04:00:00+00:00,144.9,145.06,143.97,144.12,12879875
2025-10-07 04:00:00+00:00,144.12,144.66,143.28,144.23,12479060
2025-10-08 04:00:00+00:00,144.595,144.965,144.02,144.51,8925752
2025-10-09 04:00:00+00:00,144.78,145.25,143.955,144.19,7657022
2025-10-10 04:00:00+00:00,144.61,144.74,141.94,142.11,13350120
2025-10-13 04:00:00+00:00,141.73,142.94,141.63,141.95,8257651
2025-10-14 04:00:00+00:00,141.6,142.86,141.05,142.34,10044898
2025-10-15 04:00:00+00:00,142.02,143.25,141.36,142.56,7260807
2025-10-16 04:00:00+00:00,142.85,143.64,141.9622,142.32,11194125
2025-10-17 04:00:00+00:00,141.58,143.4156,141.385,143.27,8160283
2025-10-20 04:00:00+00:00,143.715,144.99,143.5601,144.79,8435874
2025-10-21 04:00:00+00:00,145.05,145.625,144.34,145.13,9028673
2025-10-22 04:00:00+00:00,146.21,146.73,145.537,145.96,12697036
2025-10-23 04:00:00+00:00,145.515,146.51,145.37,146.04,7924931
2025-10-24 04:00:00+00:00,146.29,146.76,145.88,146.03,7007605
2025-10-27 04:00:00+00:00,146.09,146.45,145.22,146.37,6466708
2025-10-28 04:00:00+00:00,146.405,146.54,145.19,145.45,8647931
2025-10-29 04:00:00+00:00,145.22,145.445,143.565,143.98,12416716
2025-10-30 04:00:00+00:00,143.96,145.445,143.77,144.3,10756064
2025-10-31 04:00:00+00:00,143.02,144.49,142.7,144.25,10581161
2025-11-03 05:00:00+00:00,144.07,144.555,142.825,144.45,12279262
2025-11-04 05:00:00+00:00,143.77,145.485,143.49,145.1,14182235
2025-11-05 05:00:00+00:00,144.63,146.26,144.38,145.66,13154600
2025-11-06 05:00:00+00:00,145.14,146.11,144.94,145.94,14395750
2025-11-07 05:00:00+00:00,145.84,146.15,144.72,146.14,14522910
2025-11-10 05:00:00+00:00,145.79,147.425,145.72,147.28,12305941
2025-11-11 05:00:00+00:00,147.6,150.815,147.6,150.68,12659543
2025-11-12 05:00:00+00:00,150.99,153.16,150.72,152.82,17847485
2025-11-13 05:00:00+00:00,152.04,154.515,151.86,152.74,21807600
2025-11-14 05:00:00+00:00,152.215,152.915,151.19,151.83,15468941
2025-11-17 05:00:00+00:00,151.34,153.32,151.14,151.7,17516532
2025-11-18 05:00:00+00:00,151.75,153.13,151.152,152.59,24494241
2025-11-19 05:00:00+00:00,152.48,152.93,151.57,152.33,17352598
2025-11-20 05:00:00+00:00,152.49,153.34,151.12,151.42,25278517
2025-11-21 05:00:00+00:00,151.79,155.71,151.71,154.61,25526095
2025-11-24 05:00:00+00:00,155.14,156.16,154.48,155.26,17928640
2025-11-25 05:00:00+00:00,155.77,158.89,155.77,158.77,17298557
2025-11-26 05:00:00+00:00,158.42,158.95,158.155,158.42,12399075
2025-11-28 05:00:00+00:00,158.2,158.2499,157.16,157.65,8559710
2025-12-01 05:00:00+00:00,157.04,157.86,155.175,155.29,17321233
2025-12-02 05:00:00+00:00,155.25,155.47,154.135,154.36,16150322
2025-12-03 05:00:00+00:00,154.67,155.78,154.66,155.08,12724849
2025-12-04 05:00:00+00:00,155.0,155.03,153.3701,153.9,13674602
2025-12-05 05:00:00+00:00,154.45,154.63,152.96,153.26,8868992
2025-12-08 05:00:00+00:00,153.35,153.42,151.195,151.43,10996043
2025-12-09 05:00:00+00:00,152.0,152.675,149.85,149.96,11543305
2025-12-10 05:00:00+00:00,150.38,152.18,149.87,152.14,15534765
2025-12-11 05:00:00+00:00,152.76,154.3,152.26,153.58,14703435
2025-12-12 05:00:00+00:00,153.75,154.56,153.41,154.06,13175937
2025-12-15 05:00:00+00:00,154.47,156.31,154.44,156.1,14681832
2025-12-16 05:00:00+00:00,156.035,156.12,153.09,154.07,12491637
2025-12-17 05:00:00+00:00,154.23,154.78,153.67,153.79,9093708
2025-12-18 05:00:00+00:00,153.75,155.175,153.675,153.91,8876431
2025-12-19 05:00:00+00:00,153.92,155.77,153.92,154.94,8571505
2025-12-22 05:00:00+00:00,154.15,155.37,153.8,155.3,7063672
2025-12-23 05:00:00+00:00,154.69,155.66,154.64,154.99,7465847
2025-12-24 05:00:00+00:00,155.17,155.94,155.15,155.8,3085686
2025-12-26 05:00:00+00:00,155.685,156.12,155.35,156.05,4439338
2025-12-29 05:00:00+00:00,156.07,156.49,155.68,155.81,6357305
2025-12-30 05:00:00+00:00,155.66,155.98,155.195,155.68,4355090
2025-12-31 05:00:00+00:00,155.6,155.835,154.765,154.8,4199871
2026-01-02 05:00:00+00:00,154.87,155.57,153.575,155.51,10997959
2026-01-05 05:00:00+00:00,154.59,155.39,152.97,155.04,17736586
2026-01-06 05:00:00+00:00,155.14,158.33,155.14,158.09,17783789
2026-01-07 05:00:00+00:00,158.54,160.59,158.54,159.66,14505685
2026-01-08 05:00:00+00:00,159.15,160.5,157.605,158.12,17610979
2026-01-09 05:00:00+00:00,158.33,158.93,157.26,157.31,12352031
2026-01-12 05:00:00+00:00,157.33,157.5,156.01,157.38,12250050
2026-01-13 05:00:00+00:00,157.65,157.67,155.74,156.74,11756519
2026-01-14 05:00:00+00:00,156.61,157.985,156.48,157.86,13516844
2026-01-15 05:00:00+00:00,157.31,157.45,155.37,156.96,15303752
2026-01-16 05:00:00+00:00,156.64,156.97,155.71,155.74,11950342
2026-01-20 05:00:00+00:00,153.995,155.92,153.23,155.4,12775604
2026-01-21 05:00:00+00:00,155.2,158.51,155.145,158.26,16393897
2026-01-22 05:00:00+00:00,157.65,159.23,157.5,158.29,10881377
2026-01-23 05:00:00+00:00,157.8,158.38,156.66,157.48,10191324
2026-01-26 05:00:00+00:00,157.37,158.3255,156.9,158.1,6810415
2026-01-27 05:00:00+00:00,155.8,157.0936,155.135,155.45,12697519
2026-01-28 05:00:00+00:00,154.3,155.15,153.465,154.31,11426592
2026-01-29 05:00:00+00:00,154.25,154.67,153.5,153.82,12167310
2026-01-30 05:00:00+00:00,154.115,154.93,153.29,154.74,11863923
2026-02-02 05:00:00+00:00,154.58,156.01,154.4,155.69,11005278
2026-02-03 05:00:00+00:00,154.775,157.12,153.85,154.1,21141876
2026-02-04 05:00:00+00:00,154.81,156.775,154.23,156.03,22951614
2026-02-05 05:00:00+00:00,155.46,156.97,154.6801,154.84,21421561
2026-02-06 05:00:00+00:00,156.04,157.795,155.91,157.71,13616185
2026-02-09 05:00:00+00:00,157.57,158.15,156.03,156.32,11822965
2026-02-10 05:00:00+00:00,156.66,157.16,155.24,155.33,11103681
2026-02-11 05:00:00+00:00,155.18,156.38,154.38,156.25,11738571
2026-02-12 05:00:00+00:00,156.21,157.42,155.48,156.0,19409285
2026-02-13 05:00:00+00:00,156.52,158.8,156.52,157.67,16647937
2026-02-17 05:00:00+00:00,158.025,158.91,157.13,157.37,14881059
2026-02-18 05:00:00+00:00,157.195,157.8,156.48,157.67,11886340
2026-02-19 05:00:00+00:00,157.2,157.72,156.185,157.26,11227277
2026-02-20 05:00:00+00:00,157.0,157.25,155.87,156.82,13368518
2026-02-23 05:00:00+00:00,157.13,158.68,157.13,158.54,17055561
2026-02-24 05:00:00+00:00,158.01,158.5,157.3075,157.87,12889137
2026-02-25 05:00:00+00:00,157.87,159.23,157.62,157.83,11013386
2026-02-26 05:00:00+00:00,158.07,158.17,156.09,157.42,15346148
2026-02-27 05:00:00+00:00,156.74,160.24,156.705,160.2,14251991
2026-03-02 05:00:00+00:00,159.19,159.84,157.99,158.53,18643687
2026-03-03 05:00:00+00:00,156.66,157.39,155.0,156.74,21434518
2026-03-04 05:00:00+00:00,156.74,157.58,155.67,157.05,12747393
2026-03-05 05:00:00+00:00,155.13,155.7,152.72,153.91,20479028
2026-03-06 05:00:00+00:00,152.78,152.99,150.95,152.7,18176218
2026-03-09 04:00:00+00:00,151.78,154.55,151.13,154.26,18677822
2026-03-10 04:00:00+00:00,154.41,154.54,153.005,153.15,17249552
2026-03-11 04:00:00+00:00,152.835,153.155,151.935,152.85,12505545
2026-03-12 04:00:00+00:00,151.95,152.485,150.025,150.16,15672156
2026-03-13 04:00:00+00:00,151.04,152.3,149.67,149.79,15131093
2026-03-16 04:00:00+00:00,150.75,151.73,150.38,151.01,10898432
2026-03-17 04:00:00+00:00,151.22,151.845,149.54,149.64,11940384
2026-03-18 04:00:00+00:00,148.72,149.05,147.01,147.14,15567501
2026-03-19 04:00:00+00:00,147.135,148.09,146.3,146.61,16914829
2026-03-20 04:00:00+00:00,146.48,147.02,144.66,145.33,16584292
2026-03-23 04:00:00+00:00,146.56,146.765,144.6,144.77,21817389
2026-03-24 04:00:00+00:00,143.95,145.3,143.38,144.79,24232641
2026-03-25 04:00:00+00:00,145.685,146.69,145.35,146.24,17744918
2026-03-26 04:00:00+00:00,145.75,146.905,145.63,145.74,13322581
2026-03-27 04:00:00+00:00,145.72,145.8,143.07,143.26,12934205
2026-03-30 04:00:00+00:00,144.3,144.625,143.43,143.82,14801706
2026-03-31 04:00:00+00:00,144.81,146.75,144.595,146.61,17867660
2026-04-01 04:00:00+00:00,147.22,148.76,146.95,147.73,16901086
2026-04-02 04:00:00+00:00,146.93,148.36,146.27,146.81,11089547
2026-04-06 04:00:00+00:00,146.28,147.14,145.76,146.28,7274769
2026-04-07 04:00:00+00:00,146.91,146.91,144.88,146.57,10265234
2026-04-08 04:00:00+00:00,148.2,149.7,147.5,149.67,8132477
2026-04-09 04:00:00+00:00,148.83,150.215,148.3,149.33,6408105
2026-04-10 04:00:00+00:00,149.78,149.835,147.11,147.31,6219965
2026-04-13 04:00:00+00:00,146.88,148.045,146.24,147.97,6185011
2026-04-14 04:00:00+00:00,147.38,149.6003,147.24,148.83,7724526
2026-04-15 04:00:00+00:00,148.86,149.21,146.885,147.77,6671399
2026-04-16 04:00:00+00:00,147.19,148.2,146.285,146.61,9074333
2026-04-17 04:00:00+00:00,147.37,149.115,147.36,148.8,8339955
2026-04-20 04:00:00+00:00,148.45,148.74,147.145,147.42,6327341
2026-04-21 04:00:00+00:00,148.29,148.56,145.88,145.92,8737394
2026-04-22 04:00:00+00:00,146.51,147.58,146.005,146.38,8318572
2026-04-23 04:00:00+00:00,146.2,146.77,145.16,146.24,7613793
2026-04-24 04:00:00+00:00,145.24,145.53,143.675,144.18,7972273
2026-04-27 04:00:00+00:00,143.68,145.21,143.42,143.46,6573778
2026-04-28 04:00:00+00:00,144.57,144.86,143.28,143.84,8614172
2026-04-29 04:00:00+00:00,142.26,143.245,141.97,142.84,11887514
2026-04-30 04:00:00+00:00,143.68,146.29,143.66,145.99,12589657
2026-05-01 04:00:00+00:00,146.29,146.605,145.15,145.16,8867814
2026-05-04 04:00:00+00:00,144.555,145.205,144.32,144.73,10877749
2026-05-05 04:00:00+00:00,145.28,145.655,144.415,145.3,7176909
2026-05-06 04:00:00+00:00,145.36,146.15,144.9,145.4,10615271
2026-05-07 04:00:00+00:00,145.18,145.84,144.265,144.72,7610130
2026-05-08 04:00:00+00:00,144.59,145.07,143.175,143.49,10167860
2026-05-11 04:00:00+00:00,143.745,145.02,142.67,143.04,9258140
2026-05-12 04:00:00+00:00,143.805,146.64,143.19,145.85,11899373
2026-05-13 04:00:00+00:00,145.32,146.975,145.13,146.71,15843502
2026-05-14 04:00:00+00:00,146.85,147.4,145.935,146.63,7765645
2026-05-15 04:00:00+00:00,146.76,147.155,144.885,145.1,9041736
2026-05-18 04:00:00+00:00,144.5,145.79,144.12,145.72,7951007
2026-05-19 04:00:00+00:00,145.62,148.07,144.85,147.32,12389817
2026-05-20 04:00:00+00:00,147.54,148.02,146.29,147.13,10529426
2026-05-21 04:00:00+00:00,146.9,148.3,145.84,148.15,7169198
2026-05-22 04:00:00+00:00,149.09,150.32,149.0,149.89,6919085
2026-05-26 04:00:00+00:00,149.95,150.301,148.44,148.51,6598448
2026-05-27 04:00:00+00:00,148.69,150.2,148.28,148.79,10064207
2026-05-28 04:00:00+00:00,149.15,151.35,149.11,150.88,10401576
2026-05-29 04:00:00+00:00,150.85,151.04,149.1,149.47,13201736
2026-06-01 04:00:00+00:00,148.52,148.88,147.26,147.84,12585434
2026-06-02 04:00:00+00:00,146.75,147.27,145.31,146.4,12026376
2026-06-03 04:00:00+00:00,146.16,148.05,146.07,147.55,9837657
2026-06-04 04:00:00+00:00,150.38,152.54,150.29,152.08,14053792
2026-06-05 04:00:00+00:00,153.38,154.7,152.92,153.01,20725417
2026-06-08 04:00:00+00:00,153.24,154.47,152.41,152.65,10641838
2026-06-09 04:00:00+00:00,153.48,154.975,153.18,154.57,13093795
2026-06-10 04:00:00+00:00,154.96,155.13,152.82,152.85,11714033
2026-06-11 04:00:00+00:00,153.46,155.1591,152.86,154.09,10550354
2026-06-12 04:00:00+00:00,154.97,155.155,153.37,153.81,9112840
2026-06-15 04:00:00+00:00,153.705,153.88,151.765,152.89,9527870
2026-06-16 04:00:00+00:00,153.6,153.72,151.7202,152.94,8631695
2026-06-17 04:00:00+00:00,152.05,152.565,149.97,150.71,10993110
2026-06-18 04:00:00+00:00,151.27,151.27,148.79,149.4,10911352
2026-06-22 04:00:00+00:00,149.33,150.62,149.06,150.06,11708357
2026-06-23 04:00:00+00:00,151.49,152.425,150.995,152.18,9481534
2026-06-24 04:00:00+00:00,153.13,154.67,152.46,153.35,10071963
2026-06-25 04:00:00+00:00,153.95,157.205,153.59,155.63,9427495
2026-06-26 04:00:00+00:00,156.32,160.64,156.18,160.34,16566242
2026-06-29 04:00:00+00:00,160.7,161.09,159.88,160.74,12937642
2026-06-30 04:00:00+00:00,161.01,161.25,157.96,158.66,11561794
2026-07-01 04:00:00+00:00,159.61,159.96,158.5,159.54,10125800
2026-07-02 04:00:00+00:00,160.67,163.85,160.38,163.74,14724764
2026-07-06 04:00:00+00:00,163.2,163.4505,160.25,161.96,16126586
2026-07-07 04:00:00+00:00,164.75,165.605,163.88,164.44,12145956
2026-07-08 04:00:00+00:00,163.415,163.99,162.255,162.3,9289988
2026-07-09 04:00:00+00:00,161.8,163.42,161.36,162.17,9578457
2026-07-10 04:00:00+00:00,162.48,162.66,160.24,160.84,9499323
2026-07-13 04:00:00+00:00,160.97,162.24,160.32,161.41,6875070
2026-07-14 04:00:00+00:00,159.78,160.08,157.78,158.29,11525503
2026-07-15 04:00:00+00:00,157.38,159.35,157.25,158.29,10887183
2026-07-16 04:00:00+00:00,160.35,162.64,159.94,161.8,11821040
2026-07-17 04:00:00+00:00,161.81,164.0,160.88,161.09,9168561
2026-07-20 04:00:00+00:00,161.0,161.485,159.18,159.25,6635663
2026-07-21 04:00:00+00:00,157.53,160.37,157.23,160.25,6594084
2026-07-22 04:00:00+00:00,160.97,160.97,158.945,159.43,5601064
2026-07-23 04:00:00+00:00,159.9,161.61,159.32,161.44,6447593
2026-07-24 04:00:00+00:00,162.47,163.25,161.58,162.57,7647419
2026-07-27 04:00:00+00:00,163.01,164.57,162.35,163.4,8068028
2026-07-28 04:00:00+00:00,165.99,168.53,165.75,167.26,12773969
2026-07-29 04:00:00+00:00,167.15,168.155,165.77,166.24,11653156
2026-07-30 04:00:00+00:00,163.25,163.95,161.86,163.52,12486441
2026-07-31 04:00:00+00:00,162.31,163.23,160.73,162.55,9593996
2026-08-03 04:00:00+00:00,163.63,164.73,161.35,162.24,10988151
