timestamp,open,high,low,close,volume
2017-02-01 05:00:00+00:00,60.09,60.67,60.03,60.6,24996127
2017-02-02 05:00:00+00:00,60.37,60.68,60.18,60.65,16823352
2017-02-03 05:00:00+00:00,60.91,60.97,60.56,60.91,17637157
2017-02-06 05:00:00+00:00,60.8,60.98,60.68,60.98,12968287
2017-02-07 05:00:00+00:00,61.03,61.26,60.84,61.04,13194595
2017-02-08 05:00:00+00:00,60.72,61.01,60.55,60.95,6911632
2017-02-09 05:00:00+00:00,60.94,61.35,60.89,61.17,7974371
2017-02-10 05:00:00+00:00,61.26,61.43,61.12,61.29,4605286
2017-02-13 05:00:00+00:00,61.35,61.7,61.35,61.67,7665445
2017-02-14 05:00:00+00:00,61.6,62.15,61.55,62.15,11687289
2017-02-15 05:00:00+00:00,62.01,62.94,61.96,62.82,11346842
2017-02-16 05:00:00+00:00,62.84,62.9,62.31,62.74,11600919
2017-02-17 05:00:00+00:00,62.5,62.86,62.5,62.82,11935556
2017-02-21 05:00:00+00:00,62.82,63.31,62.82,63.11,10868502
2017-02-22 05:00:00+00:00,63.03,63.23,62.96,63.01,6866258
2017-02-23 05:00:00+00:00,63.15,63.58,63.0,63.47,8817579
2017-02-24 05:00:00+00:00,63.37,63.81,63.35,63.78,9225454
2017-02-27 05:00:00+00:00,63.82,64.12,63.69,64.09,8560486
2017-02-28 05:00:00+00:00,63.89,64.16,63.77,63.96,10567591
2017-03-01 05:00:00+00:00,64.34,64.76,64.16,64.6,16621040
2017-03-02 05:00:00+00:00,64.5,64.72,64.39,64.39,8445635
2017-03-03 05:00:00+00:00,64.3,64.7,64.28,64.65,6724429
2017-03-06 05:00:00+00:00,64.56,64.61,64.17,64.4,6062677
2017-03-07 05:00:00+00:00,63.87,64.27,63.75,63.95,12497853
2017-03-08 05:00:00+00:00,63.94,64.43,63.9,64.21,8325653
2017-03-09 05:00:00+00:00,64.25,64.64,64.16,64.56,8568808
2017-03-10 05:00:00+00:00,64.83,64.9,64.56,64.8,10605753
2017-03-13 04:00:00+00:00,64.86,64.86,64.5,64.75,6943575
2017-03-14 04:00:00+00:00,64.57,64.79,64.45,64.51,7455616
2017-03-15 04:00:00+00:00,64.61,65.46,64.6,65.32,11704390
2017-03-16 04:00:00+00:00,65.16,65.16,64.45,64.69,14022289
2017-03-17 04:00:00+00:00,64.53,64.65,64.3,64.34,10556254
2017-03-20 04:00:00+00:00,64.35,64.45,64.11,64.24,4728810
2017-03-21 04:00:00+00:00,64.31,64.53,61.91,63.74,16903641
2017-03-22 04:00:00+00:00,63.83,63.91,63.44,63.75,11125299
2017-03-23 04:00:00+00:00,63.68,64.0,63.44,63.56,13348071
2017-03-24 04:00:00+00:00,63.59,63.87,63.33,63.59,9366561
2017-03-27 04:00:00+00:00,63.14,63.87,63.02,63.76,7015388
2017-03-28 04:00:00+00:00,63.63,63.89,63.44,63.81,7733743
2017-03-29 04:00:00+00:00,63.83,63.98,63.68,63.82,4497809
2017-03-30 04:00:00+00:00,63.75,63.96,63.57,63.83,8500971
2017-03-31 04:00:00+00:00,63.68,63.82,63.58,63.65,6027736
2017-04-03 04:00:00+00:00,63.72,64.02,63.45,63.7,17018735
2017-04-04 04:00:00+00:00,63.69,63.75,63.49,63.67,5554061
2017-04-05 04:00:00+00:00,63.75,64.13,63.43,63.47,6666692
2017-04-06 04:00:00+00:00,63.49,63.7,63.3,63.58,5457965
2017-04-07 04:00:00+00:00,63.63,63.85,63.45,63.69,5798993
2017-04-10 04:00:00+00:00,63.68,63.89,63.51,63.57,4620062
2017-04-11 04:00:00+00:00,63.47,63.63,63.14,63.49,5584950
2017-04-12 04:00:00+00:00,63.42,63.59,63.23,63.49,3814346
2017-04-13 04:00:00+00:00,63.41,63.62,63.33,63.33,7310951
2017-04-17 04:00:00+00:00,63.25,63.57,63.2,63.56,7676859
2017-04-18 04:00:00+00:00,63.21,63.21,62.62,62.86,7650260
2017-04-19 04:00:00+00:00,63.07,63.23,62.94,63.05,5144425
2017-04-20 04:00:00+00:00,63.1,63.57,62.89,63.45,7573254
2017-04-21 04:00:00+00:00,63.38,63.39,62.92,63.07,6535329
2017-04-24 04:00:00+00:00,63.68,63.85,63.61,63.69,5817104
2017-04-25 04:00:00+00:00,63.95,64.15,63.77,63.97,9740697
2017-04-26 04:00:00+00:00,64.2,64.58,64.15,64.32,6554497
2017-04-27 04:00:00+00:00,64.34,64.76,64.21,64.46,7433705
2017-04-28 04:00:00+00:00,64.51,64.66,64.4,64.63,6546437
2017-05-01 04:00:00+00:00,64.74,64.9,64.63,64.77,7631754
2017-05-02 04:00:00+00:00,64.83,64.97,64.46,64.91,5407380
2017-05-03 04:00:00+00:00,64.76,64.81,64.49,64.64,10452180
2017-05-04 04:00:00+00:00,64.86,65.06,64.76,65.06,4600759
2017-05-05 04:00:00+00:00,65.21,65.23,64.76,65.03,5971459
2017-05-08 04:00:00+00:00,64.98,65.03,64.53,64.63,8163789
2017-05-09 04:00:00+00:00,64.66,64.82,64.58,64.7,4018565
2017-05-10 04:00:00+00:00,64.6,64.61,64.25,64.52,4436871
2017-05-11 04:00:00+00:00,64.41,64.58,64.23,64.55,7661552
2017-05-12 04:00:00+00:00,64.52,64.61,64.4,64.44,2757436
2017-05-15 04:00:00+00:00,64.47,64.89,64.41,64.86,8407557
2017-05-16 04:00:00+00:00,64.79,64.85,64.43,64.61,5641895
2017-05-17 04:00:00+00:00,64.09,64.27,63.76,63.76,11837207
2017-05-18 04:00:00+00:00,63.73,64.41,63.73,64.05,11599244
2017-05-19 04:00:00+00:00,64.16,64.43,64.07,64.23,9399476
2017-05-22 04:00:00+00:00,64.17,64.47,64.03,64.36,5133592
2017-05-23 04:00:00+00:00,64.48,64.74,64.43,64.61,4302269
2017-05-24 04:00:00+00:00,64.64,64.82,64.49,64.74,6070890
2017-05-25 04:00:00+00:00,64.92,65.21,64.76,65.08,4708976
2017-05-26 04:00:00+00:00,65.03,65.22,64.89,64.96,4676990
2017-05-30 04:00:00+00:00,64.76,65.03,64.76,64.86,4960997
2017-05-31 04:00:00+00:00,65.0,65.27,64.94,65.12,6016415
2017-06-01 04:00:00+00:00,65.24,65.89,65.17,65.87,10820234
2017-06-02 04:00:00+00:00,66.03,66.36,65.97,66.27,5015459
2017-06-05 04:00:00+00:00,66.27,66.34,65.93,66.11,11092495
2017-06-06 04:00:00+00:00,65.95,66.16,65.81,65.92,4375243
2017-06-07 04:00:00+00:00,66.01,66.16,65.89,66.09,4584212
2017-06-08 04:00:00+00:00,66.06,66.22,65.74,65.91,6709514
2017-06-09 04:00:00+00:00,66.0,66.56,65.91,66.36,14233948
2017-06-12 04:00:00+00:00,66.31,66.55,65.95,66.27,8132650
2017-06-13 04:00:00+00:00,66.33,66.49,66.17,66.38,6143571
2017-06-14 04:00:00+00:00,66.52,66.91,66.49,66.72,6987033
2017-06-15 04:00:00+00:00,66.47,66.71,66.29,66.71,9521705
2017-06-16 04:00:00+00:00,66.74,66.9,66.41,66.77,14596751
2017-06-19 04:00:00+00:00,66.86,67.52,66.83,67.46,8517061
2017-06-20 04:00:00+00:00,67.45,68.06,67.43,67.69,7991317
2017-06-21 04:00:00+00:00,67.82,68.58,67.78,68.53,9644307
2017-06-22 04:00:00+00:00,68.67,69.68,68.63,69.26,12759498
2017-06-23 04:00:00+00:00,69.17,69.3,68.9,69.16,9252115
2017-06-26 04:00:00+00:00,69.33,69.35,68.98,69.09,7642706
2017-06-27 04:00:00+00:00,69.09,69.17,68.44,68.46,8557447
2017-06-28 04:00:00+00:00,68.68,68.99,68.65,68.82,8944447
2017-06-29 04:00:00+00:00,68.74,68.8,67.78,68.17,8728001
2017-06-30 04:00:00+00:00,68.46,68.46,68.1,68.1,8986430
2017-07-03 04:00:00+00:00,68.33,68.54,68.21,68.23,6795326
2017-07-05 04:00:00+00:00,68.31,68.71,68.07,68.61,9271357
2017-07-06 04:00:00+00:00,68.33,68.46,67.64,67.75,6715418
2017-07-07 04:00:00+00:00,67.98,68.16,67.81,68.12,4566512
2017-07-10 04:00:00+00:00,68.11,68.13,67.78,67.95,3625998
2017-07-11 04:00:00+00:00,67.91,68.06,67.53,67.87,4152540
2017-07-12 04:00:00+00:00,68.21,68.56,68.19,68.34,9142483
2017-07-13 04:00:00+00:00,68.4,68.61,67.93,68.42,10582239
2017-07-14 04:00:00+00:00,68.54,69.01,68.41,68.85,5863887
2017-07-17 04:00:00+00:00,68.95,69.0,68.6,68.65,5989208
2017-07-18 04:00:00+00:00,68.53,68.73,68.2,68.73,8113649
2017-07-19 04:00:00+00:00,68.96,69.22,68.96,69.22,8363477
2017-07-20 04:00:00+00:00,69.39,69.79,69.28,69.68,8831911
2017-07-21 04:00:00+00:00,69.53,69.71,69.48,69.59,4139313
2017-07-24 04:00:00+00:00,69.54,69.64,69.28,69.56,4525461
2017-07-25 04:00:00+00:00,69.74,69.79,68.97,69.08,8644213
2017-07-26 04:00:00+00:00,68.92,68.99,68.66,68.85,5278663
2017-07-27 04:00:00+00:00,68.91,68.91,68.09,68.37,14904950
2017-07-28 04:00:00+00:00,68.4,68.8,68.11,68.72,6512383
2017-07-31 04:00:00+00:00,68.8,68.94,68.65,68.67,6030645
2017-08-01 04:00:00+00:00,68.91,68.91,68.42,68.5,9803434
2017-08-02 04:00:00+00:00,68.49,68.49,68.11,68.35,7885513
2017-08-03 04:00:00+00:00,68.38,68.6,68.16,68.48,9794769
2017-08-04 04:00:00+00:00,68.78,68.78,68.22,68.3,4064678
2017-08-07 04:00:00+00:00,68.24,68.46,68.18,68.45,5434254
2017-08-08 04:00:00+00:00,68.36,68.48,67.99,68.13,4661156
2017-08-09 04:00:00+00:00,67.97,68.28,67.85,68.21,5038186
2017-08-10 04:00:00+00:00,68.0,68.06,67.35,67.35,7309518
2017-08-11 04:00:00+00:00,67.39,67.88,67.39,67.55,9405509
2017-08-14 04:00:00+00:00,67.84,68.11,67.84,67.99,4236883
2017-08-15 04:00:00+00:00,68.09,68.23,67.99,67.99,5892246
2017-08-16 04:00:00+00:00,68.12,68.32,68.03,68.19,3870321
2017-08-17 04:00:00+00:00,67.98,68.27,67.32,67.34,7388944
2017-08-18 04:00:00+00:00,67.15,67.49,66.99,67.03,9171559
2017-08-21 04:00:00+00:00,66.97,67.42,66.88,67.33,10369193
2017-08-22 04:00:00+00:00,67.35,68.23,67.31,68.15,5750235
2017-08-23 04:00:00+00:00,67.92,67.93,67.6,67.63,6686845
2017-08-24 04:00:00+00:00,67.7,67.93,67.57,67.82,5555429
2017-08-25 04:00:00+00:00,67.98,68.24,67.8,67.85,5828283
2017-08-28 04:00:00+00:00,68.04,68.32,68.02,68.2,8692295
2017-08-29 04:00:00+00:00,67.93,68.41,67.87,68.34,4631876
2017-08-30 04:00:00+00:00,68.26,68.86,68.24,68.73,3757692
2017-08-31 04:00:00+00:00,68.86,69.93,68.86,69.87,7242808
2017-09-01 04:00:00+00:00,69.96,70.11,69.54,69.83,7147145
2017-09-05 04:00:00+00:00,69.52,69.93,69.19,69.51,8702535
2017-09-06 04:00:00+00:00,69.75,69.91,69.43,69.84,9493971
2017-09-07 04:00:00+00:00,69.83,70.77,69.82,70.61,7683512
2017-09-08 04:00:00+00:00,70.51,71.05,70.39,70.93,4810095
2017-09-11 04:00:00+00:00,71.25,71.5,71.1,71.48,7333979
2017-09-12 04:00:00+00:00,71.5,71.65,71.36,71.64,7485488
2017-09-13 04:00:00+00:00,71.55,71.68,71.24,71.37,6570530
2017-09-14 04:00:00+00:00,71.17,71.58,71.09,71.47,6734800
2017-09-15 04:00:00+00:00,71.64,71.64,71.16,71.25,7559904
2017-09-18 04:00:00+00:00,71.32,71.51,71.11,71.26,8203073
2017-09-19 04:00:00+00:00,71.26,71.34,70.58,70.66,7763383
2017-09-20 04:00:00+00:00,70.69,70.81,70.22,70.73,5165362
2017-09-21 04:00:00+00:00,70.69,70.76,70.33,70.37,5186169
2017-09-22 04:00:00+00:00,70.27,70.46,70.0,70.37,7401631
2017-09-25 04:00:00+00:00,70.27,70.59,70.05,70.16,12736803
2017-09-26 04:00:00+00:00,70.36,70.55,70.02,70.05,4703731
2017-09-27 04:00:00+00:00,70.23,70.23,69.72,70.02,5581015
2017-09-28 04:00:00+00:00,69.96,70.32,69.86,70.08,4365779
2017-09-29 04:00:00+00:00,70.09,70.53,69.92,70.5,7087257
2017-10-02 04:00:00+00:00,70.7,71.22,70.63,71.21,9075438
2017-10-03 04:00:00+00:00,71.32,71.42,70.91,71.19,5779009
2017-10-04 04:00:00+00:00,71.3,71.57,71.23,71.54,3381198
2017-10-05 04:00:00+00:00,71.54,71.6,71.26,71.59,7985887
2017-10-06 04:00:00+00:00,71.46,71.77,71.38,71.5,4103362
2017-10-09 04:00:00+00:00,71.49,71.51,70.94,71.05,5310604
2017-10-10 04:00:00+00:00,71.07,71.21,70.82,71.21,4124023
2017-10-11 04:00:00+00:00,71.17,71.43,71.15,71.34,4503705
2017-10-12 04:00:00+00:00,71.32,71.44,71.19,71.27,5227142
2017-10-13 04:00:00+00:00,71.04,71.19,70.92,71.09,6065726
2017-10-16 04:00:00+00:00,71.04,71.32,70.65,70.76,11513105
2017-10-17 04:00:00+00:00,70.93,71.92,70.93,71.73,8750057
2017-10-18 04:00:00+00:00,71.91,72.22,71.75,71.83,7070890
2017-10-19 04:00:00+00:00,71.75,72.29,71.64,72.27,6699604
2017-10-20 04:00:00+00:00,72.3,72.41,72.1,72.35,6814198
2017-10-23 04:00:00+00:00,72.45,72.72,72.14,72.17,7241793
2017-10-24 04:00:00+00:00,72.18,72.19,71.27,71.69,7261083
2017-10-25 04:00:00+00:00,71.62,71.79,71.31,71.58,7004330
2017-10-26 04:00:00+00:00,71.07,71.28,70.44,70.87,13699893
2017-10-27 04:00:00+00:00,70.62,70.93,70.58,70.85,6369828
2017-10-30 04:00:00+00:00,70.56,70.66,69.94,70.09,6088723
2017-10-31 04:00:00+00:00,70.05,70.26,69.84,69.96,6710810
2017-11-01 04:00:00+00:00,70.08,70.43,69.94,70.13,7662378
2017-11-02 04:00:00+00:00,70.26,70.28,69.66,69.81,11661452
2017-11-03 04:00:00+00:00,69.74,70.43,69.74,70.39,7446225
2017-11-06 05:00:00+00:00,70.28,70.36,70.13,70.18,5285447
2017-11-07 05:00:00+00:00,70.3,70.43,70.08,70.32,4509135
2017-11-08 05:00:00+00:00,70.25,70.57,70.16,70.49,7365989
2017-11-09 05:00:00+00:00,70.32,70.57,70.06,70.5,7519743
2017-11-10 05:00:00+00:00,70.32,70.32,69.6,70.04,5129026
2017-11-13 05:00:00+00:00,69.81,70.24,69.61,70.13,4859441
2017-11-14 05:00:00+00:00,69.88,69.95,69.51,69.82,7543835
2017-11-15 05:00:00+00:00,69.56,69.84,69.38,69.63,5160004
2017-11-16 05:00:00+00:00,69.73,70.44,69.73,70.35,5099297
2017-11-17 05:00:00+00:00,70.03,70.3,69.96,70.06,7060180
2017-11-20 05:00:00+00:00,70.06,70.13,69.67,69.78,5195084
2017-11-21 05:00:00+00:00,70.16,70.55,70.13,70.39,8232447
2017-11-22 05:00:00+00:00,70.39,70.66,70.25,70.37,5667713
2017-11-24 05:00:00+00:00,70.46,70.56,70.31,70.53,1685019
2017-11-27 05:00:00+00:00,70.53,70.71,70.47,70.59,4298818
2017-11-28 05:00:00+00:00,70.76,71.17,70.57,71.11,9237344
2017-11-29 05:00:00+00:00,71.17,71.72,71.17,71.45,8445713
2017-11-30 05:00:00+00:00,71.69,72.21,71.48,72.01,11578094
2017-12-01 05:00:00+00:00,71.96,72.15,70.88,71.85,16284889
2017-12-04 05:00:00+00:00,72.26,72.28,70.97,70.97,11126878
2017-12-05 05:00:00+00:00,71.01,71.37,70.79,70.85,13488217
2017-12-06 05:00:00+00:00,70.89,71.13,70.48,70.79,8645995
2017-12-07 05:00:00+00:00,70.75,70.94,70.53,70.81,4091343
2017-12-08 05:00:00+00:00,71.01,71.61,70.96,71.6,10082614
2017-12-11 05:00:00+00:00,71.66,71.95,71.55,71.9,7909784
2017-12-12 05:00:00+00:00,71.93,72.3,71.93,72.19,6207998
2017-12-13 05:00:00+00:00,72.18,72.64,72.16,72.44,9371535
2017-12-14 05:00:00+00:00,72.5,72.59,71.63,71.7,6945694
2017-12-15 05:00:00+00:00,71.97,72.52,71.97,72.48,8997442
2017-12-18 05:00:00+00:00,72.73,72.92,72.47,72.52,5835060
2017-12-19 05:00:00+00:00,72.63,72.88,72.4,72.41,5026822
2017-12-20 05:00:00+00:00,72.59,72.7,72.19,72.2,4786426
2017-12-21 05:00:00+00:00,72.42,72.47,71.98,72.04,4481058
2017-12-22 05:00:00+00:00,71.93,72.02,71.63,71.8,7912005
2017-12-26 05:00:00+00:00,71.74,71.91,71.66,71.82,2599401
2017-12-27 05:00:00+00:00,71.87,72.13,71.86,71.94,4162316
2017-12-28 05:00:00+00:00,72.07,72.17,71.82,72.03,6483606
2017-12-29 05:00:00+00:00,72.16,72.28,71.52,71.6,5030980
2018-01-02 05:00:00+00:00,71.87,72.44,71.76,72.41,7254794
2018-01-03 05:00:00+00:00,72.4,73.15,72.19,73.1,7846822
2018-01-04 05:00:00+00:00,73.33,73.47,73.02,73.2,7976458
2018-01-05 05:00:00+00:00,73.44,73.9,73.29,73.83,7714846
2018-01-08 05:00:00+00:00,73.74,73.83,73.18,73.56,5256042
2018-01-09 05:00:00+00:00,73.78,74.58,73.71,74.42,7301264
2018-01-10 05:00:00+00:00,74.17,74.31,73.74,74.29,10941851
2018-01-11 05:00:00+00:00,74.42,74.63,74.21,74.61,4460902
2018-01-12 05:00:00+00:00,74.75,75.27,74.69,75.19,5633708
2018-01-16 05:00:00+00:00,75.65,76.16,75.44,75.51,9830300
2018-01-17 05:00:00+00:00,75.9,76.45,75.71,76.29,7699320
2018-01-18 05:00:00+00:00,76.29,76.38,75.86,76.3,8157320
2018-01-19 05:00:00+00:00,76.6,76.62,76.21,76.61,5060539
2018-01-22 05:00:00+00:00,76.56,77.13,76.42,77.13,11235005
2018-01-23 05:00:00+00:00,77.08,77.23,76.65,76.72,7705887
2018-01-24 05:00:00+00:00,77.1,77.23,76.68,76.94,8394576
2018-01-25 05:00:00+00:00,77.32,77.68,77.02,77.59,6516514
2018-01-26 05:00:00+00:00,77.96,79.29,77.94,79.27,10020123
2018-01-29 05:00:00+00:00,79.07,79.49,79.05,79.06,13530603
2018-01-30 05:00:00+00:00,77.5,78.03,77.26,77.37,14501223
2018-01-31 05:00:00+00:00,77.79,78.02,76.03,76.29,17116613
2018-02-01 05:00:00+00:00,76.0,76.67,75.8,76.33,13010224
2018-02-02 05:00:00+00:00,75.7,76.36,75.23,75.25,10694507
2018-02-05 05:00:00+00:00,74.87,75.33,71.33,71.91,36263856
2018-02-06 05:00:00+00:00,70.53,73.02,70.49,72.66,34630242
2018-02-07 05:00:00+00:00,72.5,73.64,72.25,72.66,17576541
2018-02-08 05:00:00+00:00,72.6,72.84,70.04,70.1,20681118
2018-02-09 05:00:00+00:00,70.74,71.7,68.9,71.1,36931000
2018-02-12 05:00:00+00:00,71.56,72.32,70.92,71.76,13624767
2018-02-13 05:00:00+00:00,71.35,71.98,70.91,71.83,8516727
2018-02-14 05:00:00+00:00,71.36,72.76,71.29,72.63,10348620
2018-02-15 05:00:00+00:00,73.12,73.46,72.39,73.44,9788104
2018-02-16 05:00:00+00:00,73.07,74.48,73.07,73.96,9522436
2018-02-20 05:00:00+00:00,73.61,73.85,72.94,73.18,9220328
2018-02-21 05:00:00+00:00,73.14,74.12,72.84,72.85,9592833
2018-02-22 05:00:00+00:00,73.08,73.6,72.56,72.73,6450640
2018-02-23 05:00:00+00:00,73.17,73.92,72.85,73.92,5705402
2018-02-26 05:00:00+00:00,74.03,74.92,74.03,74.83,6537310
2018-02-27 05:00:00+00:00,74.83,75.08,74.05,74.05,7875766
2018-02-28 05:00:00+00:00,74.29,74.39,72.85,72.86,6501421
2018-03-01 05:00:00+00:00,72.73,73.11,71.16,71.7,13117610
2018-03-02 05:00:00+00:00,71.46,72.59,71.31,72.43,11368066
2018-03-05 05:00:00+00:00,72.1,73.3,71.95,73.09,11210827
2018-03-06 05:00:00+00:00,73.25,73.38,72.62,72.98,9661945
2018-03-07 05:00:00+00:00,72.36,73.44,72.34,73.36,7017357
2018-03-08 05:00:00+00:00,73.56,73.91,73.44,73.83,7392406
2018-03-09 05:00:00+00:00,74.3,74.94,74.03,74.92,8463427
2018-03-12 04:00:00+00:00,74.94,75.06,74.51,74.6,5954863
2018-03-13 04:00:00+00:00,74.88,75.21,74.53,74.68,6719652
2018-03-14 04:00:00+00:00,74.95,75.12,74.09,74.33,9850530
2018-03-15 04:00:00+00:00,74.59,74.8,74.11,74.21,5970263
2018-03-16 04:00:00+00:00,74.2,74.61,74.2,74.21,7357261
2018-03-19 04:00:00+00:00,74.07,74.16,72.41,73.01,7381342
2018-03-20 04:00:00+00:00,73.17,73.37,72.69,73.16,5810503
2018-03-21 04:00:00+00:00,73.23,73.63,72.74,72.8,5873768
2018-03-22 04:00:00+00:00,72.09,72.15,70.58,70.7,14809171
2018-03-23 04:00:00+00:00,70.77,70.92,69.18,69.24,11249573
2018-03-26 04:00:00+00:00,70.02,70.77,69.21,70.67,9294756
2018-03-27 04:00:00+00:00,70.92,71.13,69.44,69.84,11485313
2018-03-28 04:00:00+00:00,70.04,70.89,69.94,70.21,10244902
2018-03-29 04:00:00+00:00,70.58,71.25,70.1,70.75,7089626
2018-04-02 04:00:00+00:00,70.44,70.81,68.43,69.1,11681518
2018-04-03 04:00:00+00:00,69.51,70.31,69.08,70.18,8756009
2018-04-04 04:00:00+00:00,69.34,71.38,69.34,71.2,9373264
2018-04-05 04:00:00+00:00,71.43,71.5,70.86,71.1,8129115
2018-04-06 04:00:00+00:00,70.54,70.89,68.79,69.44,12347892
2018-04-09 04:00:00+00:00,69.79,71.08,69.59,70.1,7055578
2018-04-10 04:00:00+00:00,70.8,71.56,70.56,71.29,8312317
2018-04-11 04:00:00+00:00,70.76,71.18,70.61,70.7,6327464
2018-04-12 04:00:00+00:00,71.09,71.52,71.03,71.18,5193176
2018-04-13 04:00:00+00:00,71.52,71.58,70.77,71.15,8496594
2018-04-16 04:00:00+00:00,71.67,71.97,71.5,71.71,7266397
2018-04-17 04:00:00+00:00,72.26,72.43,71.88,72.25,6674709
2018-04-18 04:00:00+00:00,72.45,72.58,71.98,72.33,4740154
2018-04-19 04:00:00+00:00,72.2,72.27,71.46,71.72,5906905
2018-04-20 04:00:00+00:00,71.78,71.89,71.1,71.34,5361609
2018-04-23 04:00:00+00:00,71.53,71.84,71.34,71.62,9306384
2018-04-24 04:00:00+00:00,71.84,71.9,70.54,71.03,9049833
2018-04-25 04:00:00+00:00,70.99,71.43,70.5,71.37,8544822
2018-04-26 04:00:00+00:00,71.61,72.58,71.61,72.29,10398444
2018-04-27 04:00:00+00:00,72.25,72.71,72.09,72.58,7133752
2018-04-30 04:00:00+00:00,72.91,72.96,71.48,71.5,7376661
2018-05-01 04:00:00+00:00,71.4,71.65,70.85,71.45,8663445
2018-05-02 04:00:00+00:00,71.08,71.13,70.31,70.47,12578476
2018-05-03 04:00:00+00:00,70.15,70.16,68.92,69.84,14462586
2018-05-04 04:00:00+00:00,69.63,70.63,69.36,70.4,8054700
2018-05-07 04:00:00+00:00,70.62,70.9,70.1,70.29,6137564
2018-05-08 04:00:00+00:00,70.11,70.17,69.34,69.76,9851194
2018-05-09 04:00:00+00:00,69.89,70.46,69.51,70.17,12335094
2018-05-10 04:00:00+00:00,70.45,71.41,70.41,71.1,8053292
2018-05-11 04:00:00+00:00,71.16,72.29,71.03,72.16,10828135
2018-05-14 04:00:00+00:00,72.29,72.93,72.14,72.62,13751319
2018-05-15 04:00:00+00:00,72.16,72.24,71.46,71.7,8974651
2018-05-16 04:00:00+00:00,71.66,72.35,71.65,72.09,7411387
2018-05-17 04:00:00+00:00,72.03,72.24,71.71,72.12,6703617
2018-05-18 04:00:00+00:00,72.17,72.45,71.93,72.3,6177431
2018-05-21 04:00:00+00:00,72.64,72.78,72.26,72.37,6723663
2018-05-22 04:00:00+00:00,72.52,72.61,72.12,72.23,5833148
2018-05-23 04:00:00+00:00,71.93,72.49,71.85,72.47,9249255
2018-05-24 04:00:00+00:00,72.43,72.55,71.86,72.18,7516757
2018-05-25 04:00:00+00:00,72.21,72.53,71.95,72.08,7232378
2018-05-29 04:00:00+00:00,71.61,71.74,70.89,71.34,18723014
2018-05-30 04:00:00+00:00,71.83,72.57,71.75,72.37,13651230
2018-05-31 04:00:00+00:00,72.27,72.33,71.59,71.62,12396312
2018-06-01 04:00:00+00:00,71.9,72.47,71.83,72.43,8705406
2018-06-04 04:00:00+00:00,72.53,72.82,72.29,72.71,8158993
2018-06-05 04:00:00+00:00,72.74,72.89,72.22,72.56,5804161
2018-06-06 04:00:00+00:00,72.82,73.46,72.52,73.38,7604029
2018-06-07 04:00:00+00:00,73.6,73.66,73.12,73.48,8485453
2018-06-08 04:00:00+00:00,73.45,73.95,73.33,73.9,6318478
2018-06-11 04:00:00+00:00,73.91,74.4,73.74,74.0,7156648
2018-06-12 04:00:00+00:00,74.12,74.12,73.67,74.0,6867975
2018-06-13 04:00:00+00:00,74.13,74.49,73.92,74.02,11299885
2018-06-14 04:00:00+00:00,74.16,74.44,73.95,74.36,11320906
2018-06-15 04:00:00+00:00,74.31,74.58,73.97,74.54,9608889
2018-06-18 04:00:00+00:00,74.09,74.09,73.52,73.84,7512599
2018-06-19 04:00:00+00:00,73.32,74.05,73.21,74.02,6950691
2018-06-20 04:00:00+00:00,74.12,74.35,73.95,74.18,5967234
2018-06-21 04:00:00+00:00,74.11,74.11,73.57,73.75,7517560
2018-06-22 04:00:00+00:00,74.02,74.36,73.83,74.05,10667379
2018-06-25 04:00:00+00:00,73.8,74.09,72.84,73.4,10175294
2018-06-26 04:00:00+00:00,73.46,73.51,73.08,73.17,5655217
2018-06-27 04:00:00+00:00,73.17,73.55,72.5,72.55,7511872
2018-06-28 04:00:00+00:00,72.28,72.83,71.78,72.65,9095595
2018-06-29 04:00:00+00:00,72.88,73.44,72.75,72.81,6626179
2018-07-02 04:00:00+00:00,72.4,73.07,72.15,73.03,9420999
2018-07-03 04:00:00+00:00,73.29,73.54,73.01,73.2,3147775
2018-07-05 04:00:00+00:00,73.54,74.03,73.37,73.96,7667151
2018-07-06 04:00:00+00:00,74.32,75.15,74.23,75.02,9995078
2018-07-09 04:00:00+00:00,75.32,75.72,75.29,75.54,8084131
2018-07-10 04:00:00+00:00,75.72,75.89,75.52,75.86,6347069
2018-07-11 04:00:00+00:00,75.45,75.53,75.21,75.26,6518803
2018-07-12 04:00:00+00:00,75.63,76.14,75.59,76.1,4526630
2018-07-13 04:00:00+00:00,75.93,76.4,75.89,76.27,6862053
2018-07-16 04:00:00+00:00,76.3,76.3,75.66,75.76,5471784
2018-07-17 04:00:00+00:00,75.75,76.3,75.71,76.19,5903546
2018-07-18 04:00:00+00:00,76.21,76.27,75.98,76.25,8324797
2018-07-19 04:00:00+00:00,76.07,76.23,75.5,75.83,5261593
2018-07-20 04:00:00+00:00,75.62,75.79,75.46,75.67,4942015
2018-07-23 04:00:00+00:00,75.63,75.93,75.55,75.83,3872748
2018-07-24 04:00:00+00:00,76.24,76.65,76.18,76.55,6880385
2018-07-25 04:00:00+00:00,76.48,77.52,76.4,77.5,10114737
2018-07-26 04:00:00+00:00,77.37,77.55,77.12,77.28,5903677
2018-07-27 04:00:00+00:00,77.32,77.32,76.44,76.75,5839395
2018-07-30 04:00:00+00:00,76.66,76.92,76.54,76.81,5607145
2018-07-31 04:00:00+00:00,77.05,77.67,76.93,77.57,7004445
2018-08-01 04:00:00+00:00,77.53,77.87,77.53,77.59,5820313
2018-08-02 04:00:00+00:00,77.26,78.04,77.22,77.87,5721905
2018-08-03 04:00:00+00:00,77.94,78.39,77.83,78.37,5994403
2018-08-06 04:00:00+00:00,78.29,78.65,78.02,78.48,4817677
2018-08-07 04:00:00+00:00,78.49,78.75,78.38,78.49,5234380
2018-08-08 04:00:00+00:00,78.49,78.72,78.32,78.61,5171326
2018-08-09 04:00:00+00:00,78.62,78.83,78.44,78.52,6259439
2018-08-10 04:00:00+00:00,78.23,78.64,77.91,78.18,5502049
2018-08-13 04:00:00+00:00,78.27,78.58,78.0,78.22,7247635
2018-08-14 04:00:00+00:00,78.32,78.71,78.24,78.57,6285408
2018-08-15 04:00:00+00:00,78.33,78.54,77.94,78.44,6943526
2018-08-16 04:00:00+00:00,78.67,79.31,78.57,79.2,7075035
2018-08-17 04:00:00+00:00,79.15,79.7,78.97,79.45,5580013
2018-08-20 04:00:00+00:00,79.64,79.86,79.59,79.72,8533142
2018-08-21 04:00:00+00:00,79.92,79.95,79.55,79.72,6485771
2018-08-22 04:00:00+00:00,79.53,79.97,79.44,79.79,4016320
2018-08-23 04:00:00+00:00,79.75,79.96,79.58,79.75,6998517
2018-08-24 04:00:00+00:00,79.95,80.15,79.8,80.15,4300786
2018-08-27 04:00:00+00:00,80.44,80.5,80.1,80.44,4844733
2018-08-28 04:00:00+00:00,80.56,80.59,80.31,80.48,5391480
2018-08-29 04:00:00+00:00,80.5,81.09,80.41,81.01,5431622
2018-08-30 04:00:00+00:00,80.95,81.22,80.77,80.95,5371414
2018-08-31 04:00:00+00:00,80.75,81.0,80.6,80.94,6063214
2018-09-04 04:00:00+00:00,80.86,80.91,80.09,80.28,7330110
2018-09-05 04:00:00+00:00,80.22,80.61,80.07,80.61,11257434
2018-09-06 04:00:00+00:00,80.6,80.77,80.12,80.6,6014022
2018-09-07 04:00:00+00:00,80.41,80.81,80.29,80.73,5666421
2018-09-10 04:00:00+00:00,80.93,81.08,80.44,80.52,4383500
2018-09-11 04:00:00+00:00,80.38,80.61,80.11,80.42,5793108
2018-09-12 04:00:00+00:00,80.5,81.0,80.34,80.85,11413519
2018-09-13 04:00:00+00:00,81.2,81.85,81.12,81.83,11633516
2018-09-14 04:00:00+00:00,81.92,81.92,81.43,81.56,6047836
2018-09-17 04:00:00+00:00,81.58,81.59,81.19,81.29,5649056
2018-09-18 04:00:00+00:00,81.29,81.97,81.16,81.76,5751447
2018-09-19 04:00:00+00:00,81.7,81.87,81.56,81.64,4251988
2018-09-20 04:00:00+00:00,81.88,82.49,81.83,82.41,5345788
2018-09-21 04:00:00+00:00,82.59,82.73,82.37,82.55,9267480
2018-09-24 04:00:00+00:00,82.5,82.88,82.38,82.68,5641567
2018-09-25 04:00:00+00:00,82.83,82.95,82.37,82.46,5325018
2018-09-26 04:00:00+00:00,82.62,83.29,82.47,82.64,11041969
2018-09-27 04:00:00+00:00,82.76,83.29,82.66,83.06,7999808
2018-09-28 04:00:00+00:00,82.9,83.37,82.86,83.31,6141985
2018-10-01 04:00:00+00:00,83.63,84.12,83.49,83.73,7484101
2018-10-02 04:00:00+00:00,83.73,83.8,83.48,83.67,5705221
2018-10-03 04:00:00+00:00,83.91,84.06,83.34,83.48,6491375
2018-10-04 04:00:00+00:00,83.42,83.45,82.24,82.66,11359270
2018-10-05 04:00:00+00:00,82.73,83.16,82.05,82.57,13191451
2018-10-08 04:00:00+00:00,82.46,82.77,81.84,82.53,12238237
2018-10-09 04:00:00+00:00,82.31,82.96,82.06,82.67,7626360
2018-10-10 04:00:00+00:00,82.66,82.76,80.67,80.72,23335870
2018-10-11 04:00:00+00:00,80.5,80.68,77.97,78.54,47805575
2018-10-12 04:00:00+00:00,79.48,80.04,78.83,79.75,20899355
2018-10-15 04:00:00+00:00,79.61,79.96,79.13,79.18,14836406
2018-10-16 04:00:00+00:00,79.81,81.51,79.8,81.37,13861941
2018-10-17 04:00:00+00:00,81.31,82.0,80.9,81.8,15852962
2018-10-18 04:00:00+00:00,81.75,81.76,80.22,80.87,15406480
2018-10-19 04:00:00+00:00,81.01,81.29,80.03,80.13,11532539
2018-10-22 04:00:00+00:00,80.12,80.27,79.11,79.47,8379649
2018-10-23 04:00:00+00:00,78.46,79.43,77.83,79.05,15537301
2018-10-24 04:00:00+00:00,79.01,79.47,76.34,76.44,17804256
2018-10-25 04:00:00+00:00,76.43,77.96,75.54,77.43,15975428
2018-10-26 04:00:00+00:00,76.71,77.25,75.61,76.55,26635884
2018-10-29 04:00:00+00:00,77.43,78.0,75.67,76.74,14114511
2018-10-30 04:00:00+00:00,76.75,77.69,76.36,77.57,15606391
2018-10-31 04:00:00+00:00,78.19,78.5,77.61,77.67,13688225
2018-11-01 04:00:00+00:00,77.93,78.78,77.91,78.65,9772133
2018-11-02 04:00:00+00:00,79.41,79.54,77.64,78.16,13085031
2018-11-05 05:00:00+00:00,78.27,79.2,78.27,78.85,8077006
2018-11-06 05:00:00+00:00,78.75,79.34,78.63,79.26,8195778
2018-11-07 05:00:00+00:00,79.99,81.65,79.94,81.58,13558215
2018-11-08 05:00:00+00:00,81.44,81.92,81.32,81.63,7538482
2018-11-09 05:00:00+00:00,81.53,81.66,81.0,81.39,8627936
2018-11-12 05:00:00+00:00,81.27,81.39,80.11,80.29,8527431
2018-11-13 05:00:00+00:00,80.56,80.88,79.49,79.75,14414728
2018-11-14 05:00:00+00:00,80.22,80.23,78.71,79.09,11769266
2018-11-15 05:00:00+00:00,78.53,79.89,77.78,79.82,15676000
2018-11-16 05:00:00+00:00,79.65,80.98,79.61,80.6,11106178
2018-11-19 05:00:00+00:00,80.67,80.73,79.22,79.57,8978800
2018-11-20 05:00:00+00:00,79.07,79.66,78.64,78.77,11921969
2018-11-21 05:00:00+00:00,79.08,79.09,78.36,78.38,10186634
2018-11-23 05:00:00+00:00,77.96,78.97,77.92,78.49,3987902
2018-11-26 05:00:00+00:00,79.12,79.47,78.79,79.26,7210137
2018-11-27 05:00:00+00:00,78.99,80.08,78.7,80.08,9987754
2018-11-28 05:00:00+00:00,80.32,82.03,80.3,82.01,12077085
2018-11-29 05:00:00+00:00,81.81,82.75,81.7,82.28,8864576
2018-11-30 05:00:00+00:00,82.23,83.95,82.14,83.95,16304248
2018-12-03 05:00:00+00:00,83.9,83.9,83.06,83.55,12248975
2018-12-04 05:00:00+00:00,83.53,83.99,81.53,81.68,15553879
2018-12-06 05:00:00+00:00,80.67,81.37,78.93,81.37,19208045
2018-12-07 05:00:00+00:00,81.15,81.26,78.91,79.3,15187610
2018-12-10 05:00:00+00:00,79.34,79.9,77.63,79.61,15464745
2018-12-11 05:00:00+00:00,80.27,80.81,79.28,79.85,13926748
2018-12-12 05:00:00+00:00,80.74,81.58,80.48,80.53,12700432
2018-12-13 05:00:00+00:00,80.75,81.2,80.07,80.61,12622899
2018-12-14 05:00:00+00:00,79.82,79.89,77.66,77.9,19772939
2018-12-17 05:00:00+00:00,77.09,77.74,75.82,76.35,22855273
2018-12-18 05:00:00+00:00,77.01,77.15,74.96,75.68,27027142
2018-12-19 05:00:00+00:00,75.83,76.74,74.02,74.69,23364492
2018-12-20 05:00:00+00:00,74.35,74.66,73.12,73.62,26231371
2018-12-21 05:00:00+00:00,73.76,75.01,72.58,72.73,29289818
2018-12-24 05:00:00+00:00,72.24,72.52,70.94,70.99,14465109
2018-12-26 05:00:00+00:00,71.25,74.15,70.91,74.08,21429611
2018-12-27 05:00:00+00:00,73.21,74.94,72.22,74.9,14372808
2018-12-28 05:00:00+00:00,75.38,76.04,74.68,74.99,15870237
2018-12-31 05:00:00+00:00,75.41,76.17,75.36,76.1,10708118
2019-01-02 05:00:00+00:00,74.93,75.5,74.13,74.95,15063958
2019-01-03 05:00:00+00:00,75.05,75.21,73.23,73.42,19312949
2019-01-04 05:00:00+00:00,74.28,76.03,74.25,75.61,17470436
2019-01-07 05:00:00+00:00,75.64,76.62,75.41,75.89,13455256
2019-01-08 05:00:00+00:00,76.51,76.75,75.65,76.58,14155709
2019-01-09 05:00:00+00:00,76.83,77.28,76.61,76.96,11385681
2019-01-10 05:00:00+00:00,76.49,77.04,76.11,76.99,10492785
2019-01-11 05:00:00+00:00,76.62,77.26,76.48,77.24,7286757
2019-01-14 05:00:00+00:00,76.77,76.81,76.38,76.39,5602874
2019-01-15 05:00:00+00:00,76.49,77.78,76.48,77.76,11256460
2019-01-16 05:00:00+00:00,77.86,78.19,77.57,77.62,8559393
2019-01-17 05:00:00+00:00,77.41,78.63,77.35,78.3,9634470
2019-01-18 05:00:00+00:00,78.89,79.28,78.3,79.24,15092213
2019-01-22 05:00:00+00:00,78.68,78.83,78.15,78.69,12847951
2019-01-23 05:00:00+00:00,78.84,79.21,77.93,78.78,8004490
2019-01-24 05:00:00+00:00,78.7,78.77,77.75,78.11,12127706
2019-01-25 05:00:00+00:00,78.51,78.51,77.99,78.22,7314050
2019-01-28 05:00:00+00:00,77.68,77.76,76.95,77.33,7235339
2019-01-29 05:00:00+00:00,77.33,77.76,77.11,77.71,11802156
2019-01-30 05:00:00+00:00,78.0,78.99,77.8,78.77,11813184
2019-01-31 05:00:00+00:00,78.68,79.94,78.6,79.76,13665306
2019-02-01 05:00:00+00:00,79.85,80.01,79.28,79.83,9582498
2019-02-04 05:00:00+00:00,79.84,79.84,78.92,79.6,9401013
2019-02-05 05:00:00+00:00,79.73,80.18,79.47,79.48,9580869
2019-02-06 05:00:00+00:00,79.34,79.88,79.25,79.84,6362568
2019-02-07 05:00:00+00:00,79.32,79.46,78.54,78.96,9787861
2019-02-08 05:00:00+00:00,78.66,79.12,78.54,79.11,7329945
2019-02-11 05:00:00+00:00,79.29,79.34,78.8,79.02,5213902
2019-02-12 05:00:00+00:00,79.36,80.14,79.22,80.1,9328871
2019-02-13 05:00:00+00:00,80.26,80.51,79.91,80.27,6601808
2019-02-14 05:00:00+00:00,80.07,80.82,79.96,80.46,7104816
2019-02-15 05:00:00+00:00,81.07,81.72,80.46,81.67,8297151
2019-02-19 05:00:00+00:00,81.45,81.8,81.44,81.48,6329687
2019-02-20 05:00:00+00:00,81.28,81.49,80.97,81.38,7073706
2019-02-21 05:00:00+00:00,81.09,81.15,80.31,80.67,9079119
2019-02-22 05:00:00+00:00,80.83,81.48,80.73,81.41,6586053
2019-02-25 05:00:00+00:00,81.82,82.02,81.46,81.52,7795435
2019-02-26 05:00:00+00:00,81.34,81.56,81.14,81.23,7364212
2019-02-27 05:00:00+00:00,80.96,81.24,80.58,80.86,9928495
2019-02-28 05:00:00+00:00,80.71,81.15,80.53,80.62,9566418
2019-03-01 05:00:00+00:00,81.12,81.88,81.05,81.76,10953674
2019-03-04 05:00:00+00:00,82.05,82.2,80.1,80.65,15342841
2019-03-05 05:00:00+00:00,80.69,80.9,80.2,80.61,15192133
2019-03-06 05:00:00+00:00,80.62,80.72,79.21,79.43,11800848
2019-03-07 05:00:00+00:00,79.32,79.48,78.53,78.81,14549581
2019-03-08 05:00:00+00:00,78.38,78.68,77.96,78.64,11700811
2019-03-11 04:00:00+00:00,78.85,79.6,78.62,79.54,9864652
2019-03-12 04:00:00+00:00,79.74,80.3,79.62,80.12,9056888
2019-03-13 04:00:00+00:00,80.35,81.2,80.3,80.98,10254681
2019-03-14 04:00:00+00:00,80.95,81.06,80.56,80.81,9430036
2019-03-15 04:00:00+00:00,80.99,81.35,80.71,81.22,10375816
2019-03-18 04:00:00+00:00,81.3,81.38,80.8,81.08,7283824
2019-03-19 04:00:00+00:00,81.38,81.97,81.09,81.74,11378281
2019-03-20 04:00:00+00:00,81.64,81.74,80.86,81.17,11195603
2019-03-21 04:00:00+00:00,80.49,81.62,80.38,81.49,7452857
2019-03-22 04:00:00+00:00,81.14,81.44,79.99,80.01,12305694
2019-03-25 04:00:00+00:00,80.15,80.22,79.39,79.96,9973597
2019-03-26 04:00:00+00:00,80.43,81.02,79.95,80.51,8198870
2019-03-27 04:00:00+00:00,80.41,80.6,79.28,79.84,10911399
2019-03-28 04:00:00+00:00,80.08,80.26,79.63,80.04,6874293
2019-03-29 04:00:00+00:00,80.52,81.08,80.34,81.01,10253433
2019-04-01 04:00:00+00:00,81.5,81.62,80.94,81.15,9206592
2019-04-02 04:00:00+00:00,81.15,81.27,80.79,80.94,7125432
2019-04-03 04:00:00+00:00,81.31,81.35,80.6,80.84,7767944
2019-04-04 04:00:00+00:00,80.91,81.01,80.2,80.67,9258683
2019-04-05 04:00:00+00:00,80.87,81.37,80.81,81.23,6859045
2019-04-08 04:00:00+00:00,81.17,81.29,80.64,81.21,6030881
2019-04-09 04:00:00+00:00,80.93,81.17,80.71,81.0,7559519
2019-04-10 04:00:00+00:00,81.09,81.24,80.88,81.02,5530398
2019-04-11 04:00:00+00:00,81.2,81.24,79.68,80.03,9214962
2019-04-12 04:00:00+00:00,80.34,80.36,79.16,79.29,11746501
2019-04-15 04:00:00+00:00,79.39,79.67,79.24,79.61,7993553
2019-04-16 04:00:00+00:00,80.27,80.37,77.84,77.98,16083840
2019-04-17 04:00:00+00:00,78.24,78.26,75.34,75.74,34643666
2019-04-18 04:00:00+00:00,75.97,76.33,74.74,75.86,35431559
2019-04-22 04:00:00+00:00,75.74,76.34,75.5,75.9,18823740
2019-04-23 04:00:00+00:00,75.88,77.51,75.74,77.1,30641306
2019-04-24 04:00:00+00:00,77.13,77.29,76.67,77.02,14686263
2019-04-25 04:00:00+00:00,76.85,78.04,76.53,77.81,16955155
2019-04-26 04:00:00+00:00,77.92,78.61,77.75,78.61,11472840
2019-04-29 04:00:00+00:00,78.61,78.75,78.11,78.45,13426439
2019-04-30 04:00:00+00:00,78.68,78.96,78.12,78.81,12037732
2019-05-01 04:00:00+00:00,78.91,79.22,78.23,78.67,28881368
2019-05-02 04:00:00+00:00,78.59,79.08,78.14,79.0,20919330
2019-05-03 04:00:00+00:00,79.22,79.63,79.09,79.6,15773576
2019-05-06 04:00:00+00:00,78.45,80.21,78.31,80.01,29011522
2019-05-07 04:00:00+00:00,79.39,79.78,78.01,78.47,18576096
2019-05-08 04:00:00+00:00,78.44,79.0,78.0,78.64,14106771
2019-05-09 04:00:00+00:00,77.94,78.72,77.57,78.47,15871851
2019-05-10 04:00:00+00:00,78.22,78.7,76.82,78.5,17952120
2019-05-13 04:00:00+00:00,77.17,78.46,76.72,77.02,18167886
2019-05-14 04:00:00+00:00,77.38,77.95,77.23,77.41,14385626
2019-05-15 04:00:00+00:00,77.01,77.91,76.66,77.64,10762956
2019-05-16 04:00:00+00:00,77.81,78.92,77.76,78.25,16125504
2019-05-17 04:00:00+00:00,77.61,78.7,77.61,78.08,13577071
2019-05-20 04:00:00+00:00,77.75,78.3,77.47,78.05,10918871
2019-05-21 04:00:00+00:00,78.49,79.12,78.44,78.73,12519196
2019-05-22 04:00:00+00:00,78.55,79.41,78.48,79.23,9449283
2019-05-23 04:00:00+00:00,78.83,78.96,78.3,78.96,14334645
2019-05-24 04:00:00+00:00,79.23,79.55,78.88,79.07,11025401
2019-05-28 04:00:00+00:00,79.14,79.62,77.93,77.94,21248787
2019-05-29 04:00:00+00:00,77.56,77.57,76.65,77.19,16731416
2019-05-30 04:00:00+00:00,77.34,77.74,77.26,77.62,13009030
2019-05-31 04:00:00+00:00,77.11,77.42,76.61,77.06,11041292
2019-06-03 04:00:00+00:00,77.13,77.91,77.09,77.25,22450281
2019-06-04 04:00:00+00:00,77.89,78.66,77.79,78.53,17937728
2019-06-05 04:00:00+00:00,79.1,79.3,78.55,79.12,29128321
2019-06-06 04:00:00+00:00,79.24,79.84,79.05,79.4,23127433
2019-06-07 04:00:00+00:00,79.78,80.55,79.75,80.35,9462283
2019-06-10 04:00:00+00:00,80.62,80.85,80.3,80.59,8651568
2019-06-11 04:00:00+00:00,80.99,81.19,80.26,80.46,9147143
2019-06-12 04:00:00+00:00,80.48,80.87,80.4,80.83,5966161
2019-06-13 04:00:00+00:00,80.99,80.99,80.43,80.75,10033177
2019-06-14 04:00:00+00:00,80.79,81.02,80.5,80.56,5101606
2019-06-17 04:00:00+00:00,80.64,80.98,80.53,80.98,4905061
2019-06-18 04:00:00+00:00,81.33,81.9,81.17,81.62,8034355
2019-06-19 04:00:00+00:00,81.63,82.53,81.58,82.35,7125036
2019-06-20 04:00:00+00:00,83.03,83.28,82.23,82.71,9356174
2019-06-21 04:00:00+00:00,82.63,83.27,82.16,83.11,9121338
2019-06-24 04:00:00+00:00,83.0,83.05,82.52,82.67,6557652
2019-06-25 04:00:00+00:00,82.74,83.12,82.26,82.34,16125980
2019-06-26 04:00:00+00:00,82.45,82.46,81.13,81.3,10596490
2019-06-27 04:00:00+00:00,81.58,82.03,81.42,81.87,7815596
2019-06-28 04:00:00+00:00,81.9,82.21,81.43,81.99,9644804
2019-07-01 04:00:00+00:00,82.79,82.82,82.21,82.58,8041905
2019-07-02 04:00:00+00:00,82.62,82.99,82.15,82.97,8755013
2019-07-03 04:00:00+00:00,83.18,83.72,83.17,83.7,4187451
2019-07-05 04:00:00+00:00,83.35,83.55,82.94,83.13,6007202
2019-07-08 04:00:00+00:00,82.83,82.83,82.12,82.51,18608903
2019-07-09 04:00:00+00:00,82.2,82.67,82.19,82.54,5993933
2019-07-10 04:00:00+00:00,82.8,83.09,82.52,82.87,5445326
2019-07-11 04:00:00+00:00,83.44,83.48,82.33,82.89,13754445
2019-07-12 04:00:00+00:00,82.63,82.63,81.39,81.96,11592841
2019-07-15 04:00:00+00:00,82.01,82.34,81.73,82.14,5873577
2019-07-16 04:00:00+00:00,82.08,82.19,81.68,81.73,9753775
2019-07-17 04:00:00+00:00,81.9,82.18,81.74,81.75,9642722
2019-07-18 04:00:00+00:00,81.74,82.35,81.34,82.2,6643345
2019-07-19 04:00:00+00:00,82.4,82.43,81.29,81.36,8305176
2019-07-22 04:00:00+00:00,81.44,81.5,81.12,81.19,5233944
2019-07-23 04:00:00+00:00,81.2,81.82,80.97,81.7,6759101
2019-07-24 04:00:00+00:00,81.57,81.75,80.84,81.74,5488349
2019-07-25 04:00:00+00:00,81.52,81.83,81.17,81.34,6824386
2019-07-26 04:00:00+00:00,81.63,81.79,81.33,81.62,3911434
2019-07-29 04:00:00+00:00,81.68,82.04,81.55,81.97,5986410
2019-07-30 04:00:00+00:00,81.34,81.65,81.01,81.62,8033246
2019-07-31 04:00:00+00:00,81.53,81.87,80.32,80.81,8648704
2019-08-01 04:00:00+00:00,80.82,81.78,80.43,80.89,17434878
2019-08-02 04:00:00+00:00,80.8,81.05,80.21,80.73,17256643
2019-08-05 04:00:00+00:00,79.82,80.13,78.2,78.83,19040006
2019-08-06 04:00:00+00:00,79.23,79.87,78.8,79.8,10740722
2019-08-07 04:00:00+00:00,79.21,80.1,78.2,79.88,12998429
2019-08-08 04:00:00+00:00,80.16,81.02,79.84,80.94,12370900
2019-08-09 04:00:00+00:00,80.8,81.55,80.34,81.04,7463307
2019-08-12 04:00:00+00:00,80.77,81.04,79.94,80.16,6631805
2019-08-13 04:00:00+00:00,80.23,81.72,80.16,81.12,13575611
2019-08-14 04:00:00+00:00,80.47,80.66,78.99,79.04,16798917
2019-08-15 04:00:00+00:00,79.38,79.61,78.8,79.31,14090496
2019-08-16 04:00:00+00:00,79.85,80.5,79.8,80.29,11254286
2019-08-19 04:00:00+00:00,80.92,81.26,80.78,81.06,6627448
2019-08-20 04:00:00+00:00,81.09,81.25,80.31,80.38,4850756
2019-08-21 04:00:00+00:00,80.86,81.16,80.72,80.96,5922059
2019-08-22 04:00:00+00:00,81.11,81.3,80.25,80.56,7351132
2019-08-23 04:00:00+00:00,80.42,80.72,78.31,78.7,10243169
2019-08-26 04:00:00+00:00,79.33,79.59,79.0,79.53,10426991
2019-08-27 04:00:00+00:00,80.01,80.29,79.01,79.06,8513758
2019-08-28 04:00:00+00:00,78.78,79.8,78.67,79.63,5976873
2019-08-29 04:00:00+00:00,80.28,80.47,79.72,80.24,4510295
2019-08-30 04:00:00+00:00,80.61,80.77,79.98,80.33,4894778
2019-09-03 04:00:00+00:00,79.86,80.24,79.58,79.86,6583546
2019-09-04 04:00:00+00:00,80.39,80.43,79.54,79.92,9648501
2019-09-05 04:00:00+00:00,80.6,80.88,80.17,80.71,8199739
2019-09-06 04:00:00+00:00,80.86,81.15,80.76,80.93,15681912
2019-09-09 04:00:00+00:00,81.0,81.02,79.89,80.18,10915876
2019-09-10 04:00:00+00:00,79.77,80.42,78.93,80.42,8976213
2019-09-11 04:00:00+00:00,80.5,81.24,80.35,81.21,8283934
2019-09-12 04:00:00+00:00,81.57,81.91,81.14,81.18,10024076
2019-09-13 04:00:00+00:00,81.42,81.8,80.97,81.14,6455109
2019-09-16 04:00:00+00:00,80.7,81.17,80.6,80.96,7306154
2019-09-17 04:00:00+00:00,80.95,81.31,80.8,81.09,4023012
2019-09-18 04:00:00+00:00,81.09,81.18,80.5,81.07,5591184
2019-09-19 04:00:00+00:00,81.18,81.82,81.02,81.46,5195714
2019-09-20 04:00:00+00:00,81.65,82.3,81.64,81.91,9145720
2019-09-23 04:00:00+00:00,81.67,81.96,81.45,81.48,4437086
2019-09-24 04:00:00+00:00,81.78,81.83,80.44,80.73,10767456
2019-09-25 04:00:00+00:00,80.74,80.81,80.22,80.34,8305898
2019-09-26 04:00:00+00:00,80.6,80.63,79.28,79.89,10270905
2019-09-27 04:00:00+00:00,80.16,80.27,79.24,79.54,10148626
2019-09-30 04:00:00+00:00,79.64,80.74,79.59,80.25,8424166
2019-10-01 04:00:00+00:00,80.46,80.64,79.3,79.46,14909919
2019-10-02 04:00:00+00:00,79.29,79.37,77.96,78.29,14280895
2019-10-03 04:00:00+00:00,78.2,79.04,77.64,79.02,14141395
2019-10-04 04:00:00+00:00,79.24,80.29,79.19,80.25,9526858
2019-10-07 04:00:00+00:00,80.01,80.51,79.8,79.92,8431629
2019-10-08 04:00:00+00:00,79.31,79.35,78.44,78.46,11510559
2019-10-09 04:00:00+00:00,78.94,79.26,78.67,79.0,7577152
2019-10-10 04:00:00+00:00,78.8,79.7,78.72,79.42,9323023
2019-10-11 04:00:00+00:00,80.22,81.02,80.04,80.08,11061919
2019-10-14 04:00:00+00:00,80.02,80.43,79.92,80.04,6127124
2019-10-15 04:00:00+00:00,80.92,81.78,80.87,81.44,13019510
2019-10-16 04:00:00+00:00,81.44,81.81,81.26,81.4,8573459
2019-10-17 04:00:00+00:00,81.66,82.23,81.63,82.0,7625924
2019-10-18 04:00:00+00:00,81.77,82.12,81.33,81.7,6875916
2019-10-21 04:00:00+00:00,82.04,82.16,81.44,81.61,5104736
2019-10-22 04:00:00+00:00,82.28,82.76,81.75,81.79,8835119
2019-10-23 04:00:00+00:00,81.93,82.54,81.76,82.3,5627073
2019-10-24 04:00:00+00:00,82.44,82.53,81.58,81.82,7296467
2019-10-25 04:00:00+00:00,81.66,82.18,81.45,81.97,5734145
2019-10-28 04:00:00+00:00,82.18,82.98,82.11,82.81,7068684
2019-10-29 04:00:00+00:00,83.01,84.12,82.8,83.97,13980899
2019-10-30 04:00:00+00:00,84.01,84.49,83.68,84.44,11264779
2019-10-31 04:00:00+00:00,84.3,84.41,83.81,84.36,11011328
2019-11-01 04:00:00+00:00,84.79,85.18,84.45,84.47,17079649
2019-11-04 05:00:00+00:00,84.86,84.9,84.17,84.21,11586836
2019-11-05 05:00:00+00:00,84.33,84.34,83.43,83.61,15724234
2019-11-06 05:00:00+00:00,83.69,84.06,83.43,83.9,15266863
2019-11-07 05:00:00+00:00,84.22,84.35,83.83,84.08,9488288
2019-11-08 05:00:00+00:00,83.98,84.72,83.93,84.7,7843527
2019-11-11 05:00:00+00:00,84.38,84.56,84.12,84.35,6160961
2019-11-12 05:00:00+00:00,84.49,85.16,84.37,84.86,13755521
2019-11-13 05:00:00+00:00,84.63,85.16,84.49,84.96,6636783
2019-11-14 05:00:00+00:00,84.96,85.09,84.45,84.97,6530347
2019-11-15 05:00:00+00:00,85.26,86.93,85.18,86.77,11508475
2019-11-18 05:00:00+00:00,86.69,87.19,86.37,86.48,11748451
2019-11-19 05:00:00+00:00,86.78,87.19,86.56,87.06,10641232
2019-11-20 05:00:00+00:00,86.9,87.23,86.43,86.92,12445379
2019-11-21 05:00:00+00:00,87.01,87.24,86.41,87.17,10143201
2019-11-22 05:00:00+00:00,87.33,87.61,87.14,87.51,6239563
2019-11-25 05:00:00+00:00,87.84,88.53,87.71,88.51,11961273
2019-11-26 05:00:00+00:00,88.5,88.64,88.14,88.44,11941662
2019-11-27 05:00:00+00:00,88.56,89.03,88.48,88.89,6874838
2019-11-29 05:00:00+00:00,88.66,88.87,88.41,88.58,2523093
2019-12-02 05:00:00+00:00,88.76,88.79,87.9,88.19,6733795
2019-12-03 05:00:00+00:00,87.52,88.06,87.28,87.99,7929194
2019-12-04 05:00:00+00:00,88.37,88.93,88.26,88.81,6712782
2019-12-05 05:00:00+00:00,88.87,88.95,88.06,88.81,7800310
2019-12-06 05:00:00+00:00,89.28,89.7,89.21,89.4,5757233
2019-12-09 05:00:00+00:00,89.4,89.45,88.78,88.78,5372518
2019-12-10 05:00:00+00:00,88.78,89.05,88.41,88.97,6554789
2019-12-11 05:00:00+00:00,89.05,89.28,88.87,89.05,6193748
2019-12-12 05:00:00+00:00,89.1,90.17,89.05,89.88,10790182
2019-12-13 05:00:00+00:00,89.79,90.34,89.45,89.77,6475479
2019-12-16 05:00:00+00:00,90.34,91.12,90.34,90.79,7882715
2019-12-17 05:00:00+00:00,90.9,91.04,90.57,90.69,4823322
2019-12-18 05:00:00+00:00,90.73,90.99,90.63,90.82,5485549
2019-12-19 05:00:00+00:00,91.05,91.27,90.86,91.17,7600381
2019-12-20 05:00:00+00:00,91.68,92.02,91.44,91.82,9478303
2019-12-23 05:00:00+00:00,92.03,92.28,91.8,92.18,4851224
2019-12-24 05:00:00+00:00,92.18,92.3,91.84,92.07,2119650
2019-12-26 05:00:00+00:00,92.18,92.29,91.71,92.01,3058834
2019-12-27 05:00:00+00:00,92.2,92.21,91.83,92.03,3695673
2019-12-30 05:00:00+00:00,92.03,92.23,91.34,91.48,6564991
2019-12-31 05:00:00+00:00,91.28,91.74,91.13,91.66,4848335
2020-01-02 05:00:00+00:00,91.97,92.05,91.25,91.9,6376895
2020-01-03 05:00:00+00:00,90.62,91.62,90.39,91.1,8396462
2020-01-06 05:00:00+00:00,90.69,91.7,90.66,91.67,6831937
2020-01-07 05:00:00+00:00,91.42,91.57,90.98,91.49,7360007
2020-01-08 05:00:00+00:00,91.53,92.49,91.5,92.08,7738280
2020-01-09 05:00:00+00:00,92.36,92.73,92.16,92.48,6802680
2020-01-10 05:00:00+00:00,92.78,92.98,92.34,92.5,9411275
2020-01-13 05:00:00+00:00,92.66,92.68,91.86,92.18,7791995
2020-01-14 05:00:00+00:00,91.9,92.76,91.74,92.74,7417174
2020-01-15 05:00:00+00:00,92.85,93.78,92.77,93.54,7623607
2020-01-16 05:00:00+00:00,93.93,94.08,93.56,94.03,5568190
2020-01-17 05:00:00+00:00,94.06,94.17,93.79,94.03,6646549
2020-01-21 05:00:00+00:00,93.81,94.34,93.77,94.12,6690846
2020-01-22 05:00:00+00:00,94.33,94.56,94.12,94.24,11747283
2020-01-23 05:00:00+00:00,94.08,94.21,93.12,93.76,9532175
2020-01-24 05:00:00+00:00,93.87,93.92,91.97,92.2,16048969
2020-01-27 05:00:00+00:00,91.08,91.85,90.96,91.5,11898265
2020-01-28 05:00:00+00:00,91.77,92.31,91.52,91.95,8180048
2020-01-29 05:00:00+00:00,92.04,92.36,91.68,91.7,6677797
2020-01-30 05:00:00+00:00,91.02,91.08,90.25,91.03,11048691
2020-01-31 05:00:00+00:00,90.68,90.74,88.91,89.21,14588247
2020-02-03 05:00:00+00:00,89.83,90.67,89.83,90.02,12160649
2020-02-04 05:00:00+00:00,91.15,91.97,91.13,91.61,10072233
2020-02-05 05:00:00+00:00,92.04,93.69,92.03,93.42,14291473
2020-02-06 05:00:00+00:00,93.8,93.8,93.04,93.45,6239929
2020-02-07 05:00:00+00:00,93.46,93.54,92.58,92.72,6185943
2020-02-10 05:00:00+00:00,92.38,93.22,92.31,93.22,4074315
2020-02-11 05:00:00+00:00,93.54,93.85,93.35,93.77,11261831
2020-02-12 05:00:00+00:00,94.12,94.34,93.51,93.89,4762005
2020-02-13 05:00:00+00:00,93.55,93.84,93.26,93.45,4874078
2020-02-14 05:00:00+00:00,93.55,93.58,93.06,93.58,5171288
2020-02-18 05:00:00+00:00,93.52,93.64,92.88,93.19,9390695
2020-02-19 05:00:00+00:00,93.43,93.76,93.34,93.62,6500126
2020-02-20 05:00:00+00:00,93.4,93.49,92.17,93.02,8212623
2020-02-21 05:00:00+00:00,92.66,93.16,92.33,93.07,6597369
2020-02-24 05:00:00+00:00,90.82,91.43,89.71,90.14,16992611
2020-02-25 05:00:00+00:00,90.46,90.66,87.1,87.4,21306627
2020-02-26 05:00:00+00:00,87.95,88.92,87.2,87.39,13858616
2020-02-27 05:00:00+00:00,86.45,87.59,84.41,84.42,23757612
2020-02-28 05:00:00+00:00,82.2,83.38,80.97,83.18,27963075
2020-03-02 05:00:00+00:00,83.68,87.38,83.07,87.38,22748165
2020-03-03 05:00:00+00:00,87.46,88.99,83.93,85.07,33505926
2020-03-04 05:00:00+00:00,87.63,90.12,87.45,89.98,26821289
2020-03-05 05:00:00+00:00,88.05,89.26,86.89,87.89,18173139
2020-03-06 05:00:00+00:00,85.48,87.74,85.13,87.41,18057371
2020-03-09 04:00:00+00:00,82.24,84.84,81.0,82.88,22300394
2020-03-10 04:00:00+00:00,85.27,85.86,81.83,85.72,27015872
2020-03-11 04:00:00+00:00,83.7,84.29,81.39,82.39,23518864
2020-03-12 04:00:00+00:00,77.48,80.74,74.6,76.32,21195052
2020-03-13 04:00:00+00:00,79.84,81.8,75.73,81.58,29454274
2020-03-16 04:00:00+00:00,74.26,78.33,72.59,74.49,21751930
2020-03-17 04:00:00+00:00,75.06,78.78,74.1,78.15,28772998
2020-03-18 04:00:00+00:00,74.15,76.76,71.92,75.56,29106484
2020-03-19 04:00:00+00:00,74.71,75.82,73.19,74.01,28193227
2020-03-20 04:00:00+00:00,74.65,75.42,70.76,71.17,22315630
2020-03-23 04:00:00+00:00,70.71,70.81,66.5,67.47,36365967
2020-03-24 04:00:00+00:00,70.55,72.82,70.14,72.67,17003867
2020-03-25 04:00:00+00:00,72.19,76.04,71.32,73.59,17107175
2020-03-26 04:00:00+00:00,74.3,78.95,74.16,78.53,19867139
2020-03-27 04:00:00+00:00,76.21,78.88,76.21,76.8,13118050
2020-03-30 04:00:00+00:00,78.23,80.6,78.22,80.45,13879237
2020-03-31 04:00:00+00:00,80.52,80.95,79.25,80.09,13690941
2020-04-01 04:00:00+00:00,77.42,78.12,76.31,77.05,15729338
2020-04-02 04:00:00+00:00,76.66,79.36,75.89,79.18,14619145
2020-04-03 04:00:00+00:00,78.93,79.68,77.58,78.47,13123377
2020-04-06 04:00:00+00:00,80.96,83.05,80.6,82.58,13638547
2020-04-07 04:00:00+00:00,84.68,84.83,81.82,81.9,16782861
2020-04-08 04:00:00+00:00,82.61,85.77,81.58,85.28,33003012
2020-04-09 04:00:00+00:00,86.05,86.22,84.97,85.75,13051924
2020-04-13 04:00:00+00:00,85.44,85.74,83.79,85.0,9683856
2020-04-14 04:00:00+00:00,86.66,88.13,86.37,87.82,12913499
2020-04-15 04:00:00+00:00,86.65,87.88,86.16,87.37,11222866
2020-04-16 04:00:00+00:00,88.02,89.5,87.74,89.27,11605798
2020-04-17 04:00:00+00:00,91.44,91.44,89.87,91.13,11703940
2020-04-20 04:00:00+00:00,90.26,91.7,90.16,90.4,10596916
2020-04-21 04:00:00+00:00,88.86,89.36,87.37,87.66,9412227
2020-04-22 04:00:00+00:00,88.93,89.54,88.38,88.99,12786194
2020-04-23 04:00:00+00:00,89.46,90.87,89.28,89.48,16875121
2020-04-24 04:00:00+00:00,90.02,90.87,89.46,90.68,8049903
2020-04-27 04:00:00+00:00,91.32,92.24,91.17,91.85,8142453
2020-04-28 04:00:00+00:00,92.47,92.47,89.89,90.0,11709889
2020-04-29 04:00:00+00:00,91.38,91.38,90.01,90.59,10078565
2020-04-30 04:00:00+00:00,90.21,90.77,89.71,90.18,13011838
2020-05-01 04:00:00+00:00,89.15,89.31,87.66,88.46,10816280
2020-05-04 04:00:00+00:00,88.19,88.61,87.61,88.41,9064427
2020-05-05 04:00:00+00:00,89.19,90.98,88.97,90.3,12770243
2020-05-06 04:00:00+00:00,90.8,90.87,89.39,89.51,9712403
2020-05-07 04:00:00+00:00,90.35,90.36,89.31,89.43,9515859
2020-05-08 04:00:00+00:00,90.39,90.42,89.61,89.89,10499589
2020-05-11 04:00:00+00:00,89.52,91.67,89.52,91.43,15546140
2020-05-12 04:00:00+00:00,91.97,92.05,90.03,90.04,18742546
2020-05-13 04:00:00+00:00,89.92,90.62,88.35,89.07,12778461
2020-05-14 04:00:00+00:00,88.24,90.09,88.22,89.96,12206273
2020-05-15 04:00:00+00:00,89.79,90.88,89.58,90.75,15880607
2020-05-18 04:00:00+00:00,92.5,92.93,91.5,91.55,10717323
2020-05-19 04:00:00+00:00,91.26,91.73,90.44,90.45,10665008
2020-05-20 04:00:00+00:00,91.14,91.48,90.35,90.56,10408794
2020-05-21 04:00:00+00:00,90.3,90.36,89.36,89.89,12369395
2020-05-22 04:00:00+00:00,89.9,90.15,89.43,90.08,10684226
2020-05-26 04:00:00+00:00,91.5,91.58,89.77,89.92,10935743
2020-05-27 04:00:00+00:00,90.04,90.85,88.68,90.85,15632425
2020-05-28 04:00:00+00:00,91.59,92.95,91.56,92.03,11948018
2020-05-29 04:00:00+00:00,92.43,93.34,91.05,93.14,19935590
2020-06-01 04:00:00+00:00,92.56,92.67,91.64,92.22,8515205
2020-06-02 04:00:00+00:00,92.26,92.8,91.71,92.75,15226857
2020-06-03 04:00:00+00:00,93.03,93.12,92.18,92.57,10095418
2020-06-04 04:00:00+00:00,92.01,92.65,91.25,91.84,10938583
2020-06-05 04:00:00+00:00,92.42,94.07,91.94,93.32,15362388
2020-06-08 04:00:00+00:00,92.95,94.0,92.73,93.97,8293009
2020-06-09 04:00:00+00:00,93.78,94.24,92.88,92.99,10488729
2020-06-10 04:00:00+00:00,93.3,93.6,92.44,92.84,10586696
2020-06-11 04:00:00+00:00,92.04,92.21,87.37,87.68,39771035
2020-06-12 04:00:00+00:00,89.52,89.81,86.73,88.25,19594341
2020-06-15 04:00:00+00:00,86.93,88.96,86.28,88.45,14668517
2020-06-16 04:00:00+00:00,90.53,91.21,89.14,90.66,13532062
2020-06-17 04:00:00+00:00,91.08,91.24,90.22,90.54,9197020
2020-06-18 04:00:00+00:00,90.02,90.44,89.66,90.23,7185254
2020-06-19 04:00:00+00:00,91.31,91.63,90.16,91.1,12908104
2020-06-22 04:00:00+00:00,90.72,90.88,89.82,90.75,6981183
2020-06-23 04:00:00+00:00,91.38,91.92,90.97,91.14,5464159
2020-06-24 04:00:00+00:00,90.46,90.64,88.12,88.73,16047240
2020-06-25 04:00:00+00:00,88.68,89.74,87.94,89.63,10590645
2020-06-26 04:00:00+00:00,89.47,89.7,88.12,88.54,17032970
2020-06-29 04:00:00+00:00,89.24,89.51,88.55,89.34,7614537
2020-06-30 04:00:00+00:00,89.37,91.35,89.11,90.87,9373774
2020-07-01 04:00:00+00:00,91.3,91.95,90.72,91.57,11034042
2020-07-02 04:00:00+00:00,92.37,92.78,92.05,92.26,6575894
2020-07-06 04:00:00+00:00,93.32,93.73,92.75,93.19,6507704
2020-07-07 04:00:00+00:00,92.51,93.5,92.26,92.38,6018985
2020-07-08 04:00:00+00:00,92.7,92.98,91.78,92.39,5849580
2020-07-09 04:00:00+00:00,92.29,92.64,90.51,91.67,10582670
2020-07-10 04:00:00+00:00,91.74,91.83,90.78,91.45,10549638
2020-07-13 04:00:00+00:00,91.98,93.66,91.73,91.97,10257597
2020-07-14 04:00:00+00:00,91.74,93.95,91.58,93.79,11014710
2020-07-15 04:00:00+00:00,94.48,95.28,94.28,95.01,9661236
2020-07-16 04:00:00+00:00,94.92,94.93,94.18,94.88,6462417
2020-07-17 04:00:00+00:00,95.35,96.48,95.22,96.15,7671191
2020-07-20 04:00:00+00:00,96.37,96.7,95.82,96.14,6881511
2020-07-21 04:00:00+00:00,96.46,96.83,95.87,96.07,7573788
2020-07-22 04:00:00+00:00,96.51,97.1,96.01,96.93,5693766
2020-07-23 04:00:00+00:00,97.24,97.64,96.18,96.5,7066759
2020-07-24 04:00:00+00:00,96.34,96.4,94.83,95.44,6314828
2020-07-27 04:00:00+00:00,95.34,96.4,95.1,96.2,6045380
2020-07-28 04:00:00+00:00,96.2,96.68,95.86,96.04,6346268
2020-07-29 04:00:00+00:00,96.26,97.44,96.2,97.05,5526660
2020-07-30 04:00:00+00:00,96.12,96.54,95.35,96.38,5441111
2020-07-31 04:00:00+00:00,96.08,96.34,94.57,95.83,7073538
2020-08-03 04:00:00+00:00,96.43,97.13,96.25,96.82,11457408
2020-08-04 04:00:00+00:00,96.58,96.83,95.79,96.39,6135087
2020-08-05 04:00:00+00:00,96.91,97.01,96.59,96.83,4552037
2020-08-06 04:00:00+00:00,96.72,97.12,95.62,96.32,5409076
2020-08-07 04:00:00+00:00,96.22,96.64,95.94,96.63,4446562
2020-08-10 04:00:00+00:00,96.64,96.73,96.04,96.3,4722783
2020-08-11 04:00:00+00:00,96.83,96.93,95.46,95.73,8430379
2020-08-12 04:00:00+00:00,96.21,97.6,96.17,97.3,8371562
2020-08-13 04:00:00+00:00,97.18,97.27,96.52,97.18,5387070
2020-08-14 04:00:00+00:00,96.99,97.42,96.61,96.98,3878953
2020-08-17 04:00:00+00:00,97.15,97.92,97.11,97.55,4659559
2020-08-18 04:00:00+00:00,97.75,97.91,97.02,97.52,4248734
2020-08-19 04:00:00+00:00,97.62,97.89,97.0,97.21,6388826
2020-08-20 04:00:00+00:00,96.78,97.12,96.64,96.94,5018991
2020-08-21 04:00:00+00:00,96.72,97.12,96.24,97.0,6524654
2020-08-24 04:00:00+00:00,97.46,97.5,95.96,96.55,6942238
2020-08-25 04:00:00+00:00,97.04,97.24,96.67,97.21,5168508
2020-08-26 04:00:00+00:00,97.01,97.2,96.04,97.09,7046542
2020-08-27 04:00:00+00:00,97.25,98.31,96.56,97.85,7836842
2020-08-28 04:00:00+00:00,98.12,98.12,97.34,98.07,5447791
2020-08-31 04:00:00+00:00,97.86,98.77,97.78,98.31,6885506
2020-09-01 04:00:00+00:00,98.18,98.33,96.83,97.42,11493017
2020-09-02 04:00:00+00:00,97.52,99.64,97.11,99.38,8660089
2020-09-03 04:00:00+00:00,99.5,99.65,95.98,96.67,13565474
2020-09-04 04:00:00+00:00,97.01,97.18,94.81,95.94,14921885
2020-09-08 04:00:00+00:00,95.83,95.86,94.14,94.4,9791682
2020-09-09 04:00:00+00:00,95.11,96.86,95.09,96.07,8310338
2020-09-10 04:00:00+00:00,96.25,96.34,94.35,94.6,9294392
2020-09-11 04:00:00+00:00,95.05,95.43,94.25,94.97,8805629
2020-09-14 04:00:00+00:00,95.56,96.85,95.55,96.33,6030050
2020-09-15 04:00:00+00:00,96.83,97.23,96.22,96.46,5639592
2020-09-16 04:00:00+00:00,96.97,97.17,96.19,96.3,7286878
2020-09-17 04:00:00+00:00,95.41,96.31,95.1,95.92,7681373
2020-09-18 04:00:00+00:00,96.12,96.45,94.95,95.84,8914171
2020-09-21 04:00:00+00:00,94.56,94.56,92.75,94.07,8934208
2020-09-22 04:00:00+00:00,93.91,94.16,93.01,93.86,7932973
2020-09-23 04:00:00+00:00,94.26,94.29,92.81,92.9,7802540
2020-09-24 04:00:00+00:00,92.57,92.9,91.87,92.43,8542946
2020-09-25 04:00:00+00:00,92.11,94.17,92.01,93.92,7284564
2020-09-28 04:00:00+00:00,94.82,95.5,94.59,94.77,6578704
2020-09-29 04:00:00+00:00,94.93,95.41,94.28,94.65,5449249
2020-09-30 04:00:00+00:00,94.94,96.94,94.92,96.16,7670563
2020-10-01 04:00:00+00:00,96.61,97.0,95.42,95.83,9216451
2020-10-02 04:00:00+00:00,94.92,95.92,94.55,94.96,9131870
2020-10-05 04:00:00+00:00,95.64,97.01,95.62,96.91,7503182
2020-10-06 04:00:00+00:00,97.1,97.24,95.53,95.6,7833220
2020-10-07 04:00:00+00:00,96.3,97.73,96.28,97.43,7966498
2020-10-08 04:00:00+00:00,97.99,98.22,97.69,97.9,5987421
2020-10-09 04:00:00+00:00,98.45,99.08,98.2,98.79,5715969
2020-10-12 04:00:00+00:00,99.23,99.85,98.91,99.46,5133273
2020-10-13 04:00:00+00:00,98.88,99.39,98.45,98.71,6981640
2020-10-14 04:00:00+00:00,98.67,99.08,97.82,98.13,6056860
2020-10-15 04:00:00+00:00,96.92,97.6,96.75,97.42,6270896
2020-10-16 04:00:00+00:00,97.74,99.12,97.7,98.39,7587481
2020-10-19 04:00:00+00:00,98.67,98.94,96.5,96.79,8654810
2020-10-20 04:00:00+00:00,97.17,97.76,96.79,96.96,8325054
2020-10-21 04:00:00+00:00,96.76,97.22,96.24,96.47,5578365
2020-10-22 04:00:00+00:00,96.61,98.1,96.6,97.93,6236574
2020-10-23 04:00:00+00:00,98.42,99.01,97.74,98.3,5801837
2020-10-26 04:00:00+00:00,97.5,97.62,96.27,97.2,8199786
2020-10-27 04:00:00+00:00,96.85,97.33,96.48,96.54,6942272
2020-10-28 04:00:00+00:00,94.94,95.51,93.35,93.47,11598958
2020-10-29 04:00:00+00:00,93.41,93.82,92.13,92.71,16891354
2020-10-30 04:00:00+00:00,92.59,93.14,91.45,92.68,10953591
2020-11-02 05:00:00+00:00,94.05,94.57,93.36,94.35,10431866
2020-11-03 05:00:00+00:00,95.51,96.76,95.43,95.72,9964156
2020-11-04 05:00:00+00:00,98.45,101.58,98.26,100.06,26850298
2020-11-05 05:00:00+00:00,101.35,101.42,99.99,100.17,13158386
2020-11-06 05:00:00+00:00,100.28,100.89,99.56,100.21,12413165
2020-11-09 05:00:00+00:00,103.86,104.3,101.02,101.15,21516691
2020-11-10 05:00:00+00:00,101.61,101.81,100.35,101.44,12868262
2020-11-11 05:00:00+00:00,102.25,102.25,100.82,101.31,10048638
2020-11-12 05:00:00+00:00,101.12,101.52,100.26,100.94,7953693
2020-11-13 05:00:00+00:00,101.44,102.6,101.26,102.22,6661782
2020-11-16 05:00:00+00:00,103.03,103.19,101.53,102.04,7668606
2020-11-17 05:00:00+00:00,101.52,101.75,100.89,101.38,9390146
2020-11-18 05:00:00+00:00,101.6,101.63,99.46,99.46,9966280
2020-11-19 05:00:00+00:00,99.49,99.57,98.67,99.38,11423897
2020-11-20 05:00:00+00:00,99.19,99.65,98.84,99.19,7751111
2020-11-23 05:00:00+00:00,99.68,99.74,98.31,98.93,7898795
2020-11-24 05:00:00+00:00,99.42,99.9,98.89,99.23,10610242
2020-11-25 05:00:00+00:00,99.34,99.42,98.45,98.86,15878200
2020-11-27 05:00:00+00:00,99.28,99.84,98.94,99.77,4496053
2020-11-30 05:00:00+00:00,99.81,100.14,99.28,100.01,12992252
2020-12-01 05:00:00+00:00,101.01,101.98,100.71,100.88,13357442
2020-12-02 05:00:00+00:00,100.96,101.81,100.89,101.64,8617818
2020-12-03 05:00:00+00:00,101.6,101.91,101.08,101.51,11127871
2020-12-04 05:00:00+00:00,101.53,102.62,101.42,102.57,7941055
2020-12-07 05:00:00+00:00,102.49,102.58,101.6,101.96,5865847
2020-12-08 05:00:00+00:00,101.69,102.83,101.69,102.74,8065943
2020-12-09 05:00:00+00:00,103.15,103.16,101.93,102.39,7496585
2020-12-10 05:00:00+00:00,102.37,102.78,102.01,102.22,5502157
2020-12-11 05:00:00+00:00,101.8,102.04,101.11,101.81,5261130
2020-12-14 05:00:00+00:00,102.59,103.1,100.98,101.04,8615170
2020-12-15 05:00:00+00:00,101.75,102.36,101.21,102.14,5049444
2020-12-16 05:00:00+00:00,102.05,102.42,101.4,101.84,5449535
2020-12-17 05:00:00+00:00,102.01,103.0,102.0,102.94,4366197
2020-12-18 05:00:00+00:00,103.04,103.26,101.91,103.03,8147059
2020-12-21 05:00:00+00:00,101.49,102.08,100.12,101.99,6355813
2020-12-22 05:00:00+00:00,101.8,102.04,101.1,101.62,15629895
2020-12-23 05:00:00+00:00,102.03,102.5,101.68,101.68,3974600
2020-12-24 05:00:00+00:00,101.8,102.23,101.66,102.04,1705405
2020-12-28 05:00:00+00:00,102.57,102.8,102.02,102.3,4495110
2020-12-29 05:00:00+00:00,102.77,103.25,102.44,102.75,5168655
2020-12-30 05:00:00+00:00,102.99,103.34,102.65,102.77,3638975
2020-12-31 05:00:00+00:00,102.77,104.01,102.43,103.85,5713339
2021-01-04 05:00:00+00:00,104.25,104.27,101.71,103.39,14068393
2021-01-05 05:00:00+00:00,103.21,104.5,102.77,104.08,12257100
2021-01-06 05:00:00+00:00,102.69,105.85,102.69,105.57,19025430
2021-01-07 05:00:00+00:00,105.71,107.1,105.55,106.95,13640837
2021-01-08 05:00:00+00:00,107.14,107.94,106.45,107.43,10922848
2021-01-11 05:00:00+00:00,107.49,108.14,107.35,107.98,6537562
2021-01-12 05:00:00+00:00,107.75,107.87,106.31,106.79,9413458
2021-01-13 05:00:00+00:00,106.74,107.45,106.34,107.09,5423415
2021-01-14 05:00:00+00:00,107.26,107.66,106.62,106.77,5888181
2021-01-15 05:00:00+00:00,106.45,107.32,106.03,107.08,11113655
2021-01-19 05:00:00+00:00,107.93,108.23,107.32,107.9,6458032
2021-01-20 05:00:00+00:00,108.07,108.65,107.42,108.46,7052857
2021-01-21 05:00:00+00:00,108.34,108.45,107.6,107.96,6465691
2021-01-22 05:00:00+00:00,107.61,108.25,107.51,107.65,4891678
2021-01-25 05:00:00+00:00,107.72,108.41,107.48,108.35,7655218
2021-01-26 05:00:00+00:00,108.66,108.92,107.89,107.95,5565422
2021-01-27 05:00:00+00:00,106.76,106.76,104.4,104.74,13531784
2021-01-28 05:00:00+00:00,105.56,107.53,105.36,106.2,13665082
2021-01-29 05:00:00+00:00,106.04,106.79,104.45,105.34,11052637
2021-02-01 05:00:00+00:00,106.16,106.51,105.54,105.7,11094681
2021-02-02 05:00:00+00:00,106.52,107.06,105.98,105.98,12738559
2021-02-03 05:00:00+00:00,106.01,106.06,104.92,105.21,12458970
2021-02-04 05:00:00+00:00,105.26,106.13,105.03,105.69,9562169
2021-02-05 05:00:00+00:00,106.42,106.58,105.63,105.89,5607773
2021-02-08 05:00:00+00:00,106.26,106.41,105.7,106.02,7951253
2021-02-09 05:00:00+00:00,106.02,106.27,105.91,106.17,4804978
2021-02-10 05:00:00+00:00,106.94,106.97,105.99,106.36,5476586
2021-02-11 05:00:00+00:00,106.74,106.83,106.06,106.56,4739532
2021-02-12 05:00:00+00:00,106.35,107.48,106.22,107.36,6438452
2021-02-16 05:00:00+00:00,107.5,107.6,105.95,106.3,9763273
2021-02-17 05:00:00+00:00,105.95,106.74,105.83,106.68,5122950
2021-02-18 05:00:00+00:00,106.16,106.44,105.58,105.99,8849947
2021-02-19 05:00:00+00:00,106.1,106.18,104.64,104.73,9521776
2021-02-22 05:00:00+00:00,104.23,104.81,103.55,104.49,7391049
2021-02-23 05:00:00+00:00,104.41,105.05,103.83,104.31,8848842
2021-02-24 05:00:00+00:00,104.43,105.6,104.1,105.0,10036805
2021-02-25 05:00:00+00:00,104.89,105.31,103.45,103.98,15300308
2021-02-26 05:00:00+00:00,104.31,104.35,102.82,103.1,15046582
2021-03-01 05:00:00+00:00,103.93,104.92,103.9,104.43,7438847
2021-03-02 05:00:00+00:00,104.65,104.9,104.03,104.13,8533703
2021-03-03 05:00:00+00:00,103.75,103.85,102.57,102.81,16548810
2021-03-04 05:00:00+00:00,102.6,103.26,100.63,101.43,23584778
2021-03-05 05:00:00+00:00,102.02,103.79,101.2,103.41,15828374
2021-03-08 05:00:00+00:00,103.54,104.84,103.08,103.16,13618268
2021-03-09 05:00:00+00:00,103.96,105.46,103.76,103.81,11194321
2021-03-10 05:00:00+00:00,104.5,105.09,104.01,104.05,11746425
2021-03-11 05:00:00+00:00,104.4,105.26,104.26,104.68,6724141
2021-03-12 05:00:00+00:00,104.46,105.05,104.29,104.91,7512225
2021-03-15 04:00:00+00:00,104.72,105.66,104.6,105.63,7281672
2021-03-16 04:00:00+00:00,105.74,105.93,105.18,105.57,8709576
2021-03-17 04:00:00+00:00,105.11,105.7,104.55,105.18,7669414
2021-03-18 04:00:00+00:00,104.7,105.82,104.65,104.96,8747219
2021-03-19 04:00:00+00:00,105.09,105.96,104.54,105.34,13650276
2021-03-22 04:00:00+00:00,105.27,106.33,104.75,106.25,6251570
2021-03-23 04:00:00+00:00,106.13,106.3,104.91,105.18,9248775
2021-03-24 04:00:00+00:00,105.23,105.87,105.03,105.14,14034946
2021-03-25 04:00:00+00:00,105.22,105.7,104.12,105.5,11631689
2021-03-26 04:00:00+00:00,105.77,107.63,105.48,107.49,8441040
2021-03-29 04:00:00+00:00,107.06,108.37,107.03,108.0,9115326
2021-03-30 04:00:00+00:00,107.71,107.71,106.78,107.03,6927353
2021-03-31 04:00:00+00:00,107.26,107.89,107.07,107.24,8908505
2021-04-01 04:00:00+00:00,107.41,107.51,106.58,106.92,6803170
2021-04-05 04:00:00+00:00,107.46,107.99,107.28,107.66,7258621
2021-04-06 04:00:00+00:00,107.8,108.11,107.09,107.25,5321504
2021-04-07 04:00:00+00:00,107.18,107.55,106.73,107.01,5837513
2021-04-08 04:00:00+00:00,107.32,107.64,107.03,107.17,4292455
2021-04-09 04:00:00+00:00,107.24,108.41,107.17,108.35,6238750
2021-04-12 04:00:00+00:00,108.19,108.68,108.07,108.46,8279707
2021-04-13 04:00:00+00:00,108.12,109.21,108.02,108.91,6519617
2021-04-14 04:00:00+00:00,108.78,109.34,108.7,108.9,6226675
2021-04-15 04:00:00+00:00,109.33,111.08,109.33,110.76,8438303
2021-04-16 04:00:00+00:00,111.33,111.72,110.95,111.59,7447356
2021-04-19 04:00:00+00:00,111.38,111.65,111.05,111.62,7094305
2021-04-20 04:00:00+00:00,111.1,112.34,111.1,112.05,8063897
2021-04-21 04:00:00+00:00,112.4,113.44,112.34,113.37,10712689
2021-04-22 04:00:00+00:00,113.28,113.54,112.44,112.87,10092976
2021-04-23 04:00:00+00:00,112.81,113.87,112.57,113.61,5086185
2021-04-26 04:00:00+00:00,113.55,113.56,113.02,113.23,6907131
2021-04-27 04:00:00+00:00,112.94,112.96,112.39,112.57,7353752
2021-04-28 04:00:00+00:00,112.39,112.52,112.03,112.23,6841800
2021-04-29 04:00:00+00:00,112.35,112.38,111.18,111.78,8148869
2021-04-30 04:00:00+00:00,111.34,112.0,111.25,111.45,7431308
2021-05-03 04:00:00+00:00,112.06,112.84,111.9,112.72,15351256
2021-05-04 04:00:00+00:00,112.56,112.92,112.07,112.84,17757093
2021-05-05 04:00:00+00:00,113.0,113.39,112.45,113.04,18667849
2021-05-06 04:00:00+00:00,112.4,113.2,111.82,113.19,16114981
2021-05-07 04:00:00+00:00,113.46,114.57,113.41,113.97,7807256
2021-05-10 04:00:00+00:00,114.38,115.0,114.07,114.12,9008870
2021-05-11 04:00:00+00:00,113.52,114.0,112.63,112.89,12260366
2021-05-12 04:00:00+00:00,112.28,112.84,111.71,111.82,11154864
2021-05-13 04:00:00+00:00,112.02,113.34,111.85,112.83,12072224
2021-05-14 04:00:00+00:00,113.48,113.77,113.12,113.4,6753586
2021-05-17 04:00:00+00:00,113.27,113.79,113.12,113.19,6125245
2021-05-18 04:00:00+00:00,113.15,113.88,112.78,113.23,10388882
2021-05-19 04:00:00+00:00,112.49,113.11,111.69,113.03,10220339
2021-05-20 04:00:00+00:00,113.0,114.71,113.0,114.22,7738958
2021-05-21 04:00:00+00:00,114.6,115.43,114.14,114.24,9758241
2021-05-24 04:00:00+00:00,114.82,115.05,114.3,114.35,5094513
2021-05-25 04:00:00+00:00,114.51,114.52,113.88,114.01,7952530
2021-05-26 04:00:00+00:00,113.98,114.02,112.86,113.35,6957686
2021-05-27 04:00:00+00:00,113.58,113.68,113.03,113.1,8648546
2021-05-28 04:00:00+00:00,113.53,114.47,113.47,113.54,10237218
2021-06-01 04:00:00+00:00,113.68,113.71,111.58,111.68,14977698
2021-06-02 04:00:00+00:00,111.77,112.06,111.19,111.42,14475758
2021-06-03 04:00:00+00:00,111.04,112.09,110.79,111.79,14481801
2021-06-04 04:00:00+00:00,112.38,112.71,112.02,112.15,12370855
2021-06-07 04:00:00+00:00,112.43,113.55,112.23,112.55,14095161
2021-06-08 04:00:00+00:00,112.83,112.9,111.34,112.21,10899644
2021-06-09 04:00:00+00:00,112.49,113.48,112.49,113.33,8093617
2021-06-10 04:00:00+00:00,113.57,115.36,113.52,115.23,9369583
2021-06-11 04:00:00+00:00,115.05,115.11,113.83,114.41,7003736
2021-06-14 04:00:00+00:00,114.35,114.53,113.7,114.51,5242963
2021-06-15 04:00:00+00:00,114.63,114.81,114.06,114.55,5632093
2021-06-16 04:00:00+00:00,114.67,115.25,113.79,114.11,13010646
2021-06-17 04:00:00+00:00,113.91,115.28,113.89,114.98,6543252
2021-06-18 04:00:00+00:00,114.13,114.28,113.51,113.67,11505346
2021-06-21 04:00:00+00:00,114.03,115.24,113.61,115.03,6767901
2021-06-22 04:00:00+00:00,115.11,115.44,114.72,115.28,7324962
2021-06-23 04:00:00+00:00,115.13,115.39,114.76,114.8,6532223
2021-06-24 04:00:00+00:00,115.48,116.2,115.26,115.39,7083654
2021-06-25 04:00:00+00:00,115.35,116.27,115.28,115.92,8356047
2021-06-28 04:00:00+00:00,116.04,116.24,115.65,116.09,4685970
2021-06-29 04:00:00+00:00,116.1,116.58,115.96,116.22,6843165
2021-06-30 04:00:00+00:00,116.1,116.39,115.71,116.15,8668747
2021-07-01 04:00:00+00:00,116.23,117.26,116.19,117.18,13548575
2021-07-02 04:00:00+00:00,117.33,118.42,117.12,118.31,13422334
2021-07-06 04:00:00+00:00,117.96,118.21,117.36,118.2,12487638
2021-07-07 04:00:00+00:00,118.21,118.94,117.77,118.94,19817575
2021-07-08 04:00:00+00:00,117.84,118.38,117.22,118.29,8553548
2021-07-09 04:00:00+00:00,118.71,119.06,118.43,118.69,5240393
2021-07-12 04:00:00+00:00,118.69,119.51,118.6,118.92,9116109
2021-07-13 04:00:00+00:00,118.78,119.2,118.52,118.81,10713268
2021-07-14 04:00:00+00:00,119.08,119.18,118.49,118.7,7658114
2021-07-15 04:00:00+00:00,118.07,118.58,117.56,118.29,9203100
2021-07-16 04:00:00+00:00,118.59,119.04,118.21,118.61,6531463
2021-07-19 04:00:00+00:00,117.84,118.4,116.41,117.37,19460594
2021-07-20 04:00:00+00:00,117.74,119.47,117.74,118.8,15053906
2021-07-21 04:00:00+00:00,119.27,119.31,117.71,118.99,8389050
2021-07-22 04:00:00+00:00,119.09,119.87,118.77,119.87,10169759
2021-07-23 04:00:00+00:00,120.37,121.37,120.22,121.25,8482398
2021-07-26 04:00:00+00:00,120.91,121.26,120.07,120.46,6702979
2021-07-27 04:00:00+00:00,120.3,121.03,119.98,121.03,9719492
2021-07-28 04:00:00+00:00,120.85,121.81,120.54,121.46,7432563
2021-07-29 04:00:00+00:00,121.86,121.94,121.4,121.76,5662818
2021-07-30 04:00:00+00:00,121.55,122.31,121.39,121.87,6714237
2021-08-02 04:00:00+00:00,122.35,122.51,121.67,122.03,8451955
2021-08-03 04:00:00+00:00,122.09,123.77,122.0,123.73,7813775
2021-08-04 04:00:00+00:00,123.25,124.01,123.05,123.2,8463952
2021-08-05 04:00:00+00:00,123.11,123.13,121.77,122.7,8309454
2021-08-06 04:00:00+00:00,122.64,122.75,121.81,122.59,7069268
2021-08-09 04:00:00+00:00,122.77,123.3,122.68,123.07,9946539
2021-08-10 04:00:00+00:00,123.13,123.38,122.3,122.78,5903011
2021-08-11 04:00:00+00:00,122.97,123.17,121.46,121.56,14512544
2021-08-12 04:00:00+00:00,121.68,122.62,121.6,122.52,8482865
2021-08-13 04:00:00+00:00,122.83,123.31,122.68,123.29,8284582
2021-08-16 04:00:00+00:00,123.29,124.71,122.86,124.69,8524969
2021-08-17 04:00:00+00:00,124.36,126.16,124.29,126.16,15017964
2021-08-18 04:00:00+00:00,126.0,126.14,124.17,124.25,12427698
2021-08-19 04:00:00+00:00,123.42,125.45,123.39,124.81,11964287
2021-08-20 04:00:00+00:00,124.93,125.9,124.49,125.52,7449799
2021-08-23 04:00:00+00:00,126.23,126.32,125.53,125.56,8471263
2021-08-24 04:00:00+00:00,125.56,125.58,124.76,125.12,6643221
2021-08-25 04:00:00+00:00,125.0,125.07,124.26,124.78,7174377
2021-08-26 04:00:00+00:00,124.85,125.13,124.05,124.29,6039441
2021-08-27 04:00:00+00:00,124.57,124.91,123.95,124.15,8678737
2021-08-30 04:00:00+00:00,124.04,125.31,124.03,124.85,6417153
2021-08-31 04:00:00+00:00,124.88,125.46,124.25,124.69,9429240
2021-09-01 04:00:00+00:00,124.79,124.9,123.54,124.72,10670412
2021-09-02 04:00:00+00:00,125.05,126.08,125.05,126.06,6876688
2021-09-03 04:00:00+00:00,125.93,126.38,125.33,126.2,5699208
2021-09-07 04:00:00+00:00,125.73,125.93,124.64,125.46,8896486
2021-09-08 04:00:00+00:00,125.21,125.61,124.88,125.41,7025660
2021-09-09 04:00:00+00:00,125.23,125.52,123.89,123.96,8905636
2021-09-10 04:00:00+00:00,124.4,124.51,122.76,122.83,10731283
2021-09-13 04:00:00+00:00,123.47,123.54,121.45,122.07,11774965
2021-09-14 04:00:00+00:00,122.64,122.93,121.84,122.05,11082408
2021-09-15 04:00:00+00:00,121.89,123.42,121.71,122.84,10575890
2021-09-16 04:00:00+00:00,123.0,123.23,121.69,122.53,11744178
2021-09-17 04:00:00+00:00,122.43,122.75,121.85,122.65,14822195
2021-09-20 04:00:00+00:00,121.26,122.45,120.31,121.37,17830938
2021-09-21 04:00:00+00:00,121.93,122.8,121.54,121.55,12882569
2021-09-22 04:00:00+00:00,121.92,122.37,121.18,121.76,12370168
2021-09-23 04:00:00+00:00,122.04,123.35,121.94,122.64,10366547
2021-09-24 04:00:00+00:00,122.43,122.89,121.88,122.14,7252633
2021-09-27 04:00:00+00:00,121.79,121.93,120.14,120.4,11852697
2021-09-28 04:00:00+00:00,119.63,119.63,117.93,118.33,18086063
2021-09-29 04:00:00+00:00,118.86,119.82,118.62,119.27,11409738
2021-09-30 04:00:00+00:00,119.67,120.42,117.71,117.81,23855856
2021-10-01 04:00:00+00:00,117.96,118.39,115.94,117.83,24812573
2021-10-04 04:00:00+00:00,117.35,117.95,115.46,116.04,27580669
2021-10-05 04:00:00+00:00,116.51,117.92,116.35,116.73,19152027
2021-10-06 04:00:00+00:00,116.09,116.62,115.22,116.52,21322290
2021-10-07 04:00:00+00:00,117.33,118.82,117.1,118.07,15806657
2021-10-08 04:00:00+00:00,118.23,118.45,117.23,117.47,9626235
2021-10-11 04:00:00+00:00,117.37,117.99,116.52,116.56,8007528
2021-10-12 04:00:00+00:00,116.93,117.05,115.7,115.99,13830821
2021-10-13 04:00:00+00:00,116.19,116.7,115.46,116.18,10742865
2021-10-14 04:00:00+00:00,117.38,118.31,117.38,117.84,8857911
2021-10-15 04:00:00+00:00,118.45,118.96,118.2,118.43,8859643
2021-10-18 04:00:00+00:00,117.91,118.03,117.11,117.62,13995570
2021-10-19 04:00:00+00:00,118.26,119.47,118.26,119.17,9515608
2021-10-20 04:00:00+00:00,119.88,121.05,119.77,120.87,13692142
2021-10-21 04:00:00+00:00,121.12,121.43,120.24,121.36,8315936
2021-10-22 04:00:00+00:00,121.25,121.9,121.06,121.85,8035753
2021-10-25 04:00:00+00:00,121.91,122.13,120.96,122.0,10654007
2021-10-26 04:00:00+00:00,122.28,122.95,121.61,122.6,9519653
2021-10-27 04:00:00+00:00,122.79,122.92,121.59,121.63,12031443
2021-10-28 04:00:00+00:00,121.85,123.12,121.85,122.65,9595719
2021-10-29 04:00:00+00:00,122.49,124.0,122.02,123.84,15423593
2021-11-01 04:00:00+00:00,123.95,124.46,123.22,123.69,14395415
2021-11-02 04:00:00+00:00,124.17,125.09,123.09,124.47,23897512
2021-11-03 04:00:00+00:00,124.23,125.25,123.77,125.2,16319637
2021-11-04 04:00:00+00:00,124.91,125.11,123.48,124.34,18126314
2021-11-05 04:00:00+00:00,123.22,123.73,122.06,122.95,16901334
2021-11-08 05:00:00+00:00,123.17,123.84,122.69,123.68,10402131
2021-11-09 05:00:00+00:00,123.72,123.83,122.99,123.23,7403853
2021-11-10 05:00:00+00:00,123.19,124.08,123.17,123.58,8591373
2021-11-11 05:00:00+00:00,123.56,123.65,122.92,123.22,8985775
2021-11-12 05:00:00+00:00,124.01,124.12,123.15,123.83,8428598
2021-11-15 05:00:00+00:00,124.12,124.18,122.94,123.06,6295942
2021-11-16 05:00:00+00:00,123.04,124.25,122.82,123.58,6337601
2021-11-17 05:00:00+00:00,123.72,124.24,123.18,123.76,8399949
2021-11-18 05:00:00+00:00,123.89,124.12,123.38,123.8,10822888
2021-11-19 05:00:00+00:00,124.17,124.59,122.95,123.05,10954774
2021-11-22 05:00:00+00:00,123.23,123.66,122.34,122.5,11366904
2021-11-23 05:00:00+00:00,121.93,122.75,121.55,122.63,12268959
2021-11-24 05:00:00+00:00,122.4,122.8,121.97,122.58,6962360
2021-11-26 05:00:00+00:00,123.03,123.75,121.7,122.13,12323204
2021-11-29 05:00:00+00:00,122.79,123.29,122.33,122.46,17460132
2021-11-30 05:00:00+00:00,121.76,122.31,119.88,120.06,20076493
2021-12-01 05:00:00+00:00,120.63,122.24,119.82,119.84,23548918
2021-12-02 05:00:00+00:00,119.81,120.92,119.23,120.43,18039552
2021-12-03 05:00:00+00:00,121.27,121.73,119.65,120.65,23075603
2021-12-06 05:00:00+00:00,120.96,121.86,120.77,121.33,15456282
2021-12-07 05:00:00+00:00,122.16,123.19,121.99,122.9,12187188
2021-12-08 05:00:00+00:00,123.25,123.91,122.63,123.82,16657021
2021-12-09 05:00:00+00:00,123.7,124.52,123.61,124.11,9206173
2021-12-10 05:00:00+00:00,123.79,124.8,123.73,124.54,8724589
2021-12-13 05:00:00+00:00,124.54,126.07,124.54,125.67,12414155
2021-12-14 05:00:00+00:00,125.14,125.87,124.59,125.21,11206636
2021-12-15 05:00:00+00:00,125.48,127.84,125.37,127.77,15231904
2021-12-16 05:00:00+00:00,127.76,129.18,127.53,128.53,19285545
2021-12-17 05:00:00+00:00,127.88,128.67,127.14,127.63,21429935
2021-12-20 05:00:00+00:00,127.37,127.76,125.77,126.86,18552480
2021-12-21 05:00:00+00:00,127.22,127.45,126.04,127.39,11036856
2021-12-22 05:00:00+00:00,127.33,128.95,127.1,128.88,7389004
2021-12-23 05:00:00+00:00,129.21,129.82,128.83,129.41,7792885
2021-12-27 05:00:00+00:00,129.87,130.77,129.73,130.77,7025879
2021-12-28 05:00:00+00:00,130.89,131.13,130.09,130.43,6101714
2021-12-29 05:00:00+00:00,130.3,131.44,130.21,131.17,7303011
2021-12-30 05:00:00+00:00,131.41,131.89,131.27,131.44,8763034
2021-12-31 05:00:00+00:00,131.28,131.79,130.84,130.88,8136154
2022-01-03 05:00:00+00:00,130.33,130.57,128.42,129.54,16035371
2022-01-04 05:00:00+00:00,129.25,129.4,127.28,127.83,14219750
2022-01-05 05:00:00+00:00,128.11,128.88,126.87,126.92,15418252
2022-01-06 05:00:00+00:00,126.13,126.9,125.23,125.45,15222522
2022-01-07 05:00:00+00:00,125.15,125.38,124.55,124.81,9971406
2022-01-10 05:00:00+00:00,124.26,126.16,123.97,126.09,15649001
2022-01-11 05:00:00+00:00,126.28,127.11,125.41,127.09,12760873
2022-01-12 05:00:00+00:00,126.37,126.93,126.18,126.73,11473758
2022-01-13 05:00:00+00:00,126.51,126.67,124.53,124.76,13962015
2022-01-14 05:00:00+00:00,124.43,124.68,123.27,124.55,14875215
2022-01-18 05:00:00+00:00,123.32,123.51,122.48,122.8,17588531
2022-01-19 05:00:00+00:00,123.03,124.0,122.18,122.3,15118249
2022-01-20 05:00:00+00:00,122.6,123.85,121.43,121.5,15645812
2022-01-21 05:00:00+00:00,121.87,122.25,120.08,120.28,26361623
2022-01-24 05:00:00+00:00,119.19,120.08,116.05,119.88,38578037
2022-01-25 05:00:00+00:00,118.29,120.12,117.3,119.1,19537263
2022-01-26 05:00:00+00:00,119.3,120.38,117.55,118.48,31137523
2022-01-27 05:00:00+00:00,119.06,120.62,118.4,118.79,19716404
2022-01-28 05:00:00+00:00,118.69,121.26,117.85,121.21,22581163
2022-01-31 05:00:00+00:00,120.99,122.13,120.75,121.91,21495425
2022-02-01 05:00:00+00:00,122.35,122.46,121.26,122.24,16075450
2022-02-02 05:00:00+00:00,122.15,124.18,121.9,123.88,13833928
2022-02-03 05:00:00+00:00,123.71,123.81,123.12,123.35,14169948
2022-02-04 05:00:00+00:00,122.23,123.77,122.0,122.9,12655202
2022-02-07 05:00:00+00:00,122.95,123.38,122.35,122.69,9526440
2022-02-08 05:00:00+00:00,122.04,123.91,121.76,123.69,11823788
2022-02-09 05:00:00+00:00,124.29,124.91,124.16,124.65,11066221
2022-02-10 05:00:00+00:00,123.21,124.29,122.22,122.7,14686816
2022-02-11 05:00:00+00:00,122.53,123.46,120.85,121.0,13220744
2022-02-14 05:00:00+00:00,120.75,120.98,118.86,119.76,14683534
2022-02-15 05:00:00+00:00,120.8,121.58,120.5,121.11,9147051
2022-02-16 05:00:00+00:00,120.49,121.64,120.15,121.3,8800536
2022-02-17 05:00:00+00:00,120.8,120.87,119.16,119.35,11932126
2022-02-18 05:00:00+00:00,119.23,119.88,118.05,118.45,13519732
2022-02-22 05:00:00+00:00,118.04,119.12,117.37,118.16,13731504
2022-02-23 05:00:00+00:00,118.76,119.17,117.45,117.55,12044209
2022-02-24 05:00:00+00:00,115.46,118.28,115.25,118.05,24941635
2022-02-25 05:00:00+00:00,118.57,121.95,118.44,121.65,17067564
2022-02-28 05:00:00+00:00,119.7,120.87,119.33,120.73,20828507
2022-03-01 05:00:00+00:00,120.1,121.08,119.13,120.06,14089775
2022-03-02 05:00:00+00:00,120.59,122.53,120.43,121.87,12420032
2022-03-03 05:00:00+00:00,122.41,123.21,121.45,122.5,11193509
2022-03-04 05:00:00+00:00,121.26,123.22,120.9,123.11,12177815
2022-03-07 05:00:00+00:00,122.34,122.57,120.41,120.96,15728929
2022-03-08 05:00:00+00:00,120.16,121.06,118.42,118.49,21830340
2022-03-09 05:00:00+00:00,120.42,121.35,119.53,120.73,15594383
2022-03-10 05:00:00+00:00,119.27,120.94,119.14,120.68,10722545
2022-03-11 05:00:00+00:00,121.01,121.72,119.66,119.78,9881338
2022-03-14 04:00:00+00:00,120.75,122.37,120.28,120.63,14409036
2022-03-15 04:00:00+00:00,121.6,123.16,121.39,123.03,14390417
2022-03-16 04:00:00+00:00,123.66,124.53,122.39,124.51,13862870
2022-03-17 04:00:00+00:00,124.15,126.54,123.98,126.48,11004535
2022-03-18 04:00:00+00:00,126.41,127.42,126.03,127.26,11385638
2022-03-21 04:00:00+00:00,127.2,128.29,126.57,127.16,11517332
2022-03-22 04:00:00+00:00,127.29,127.47,126.73,127.19,8988925
2022-03-23 04:00:00+00:00,126.59,126.82,124.87,124.91,10034893
2022-03-24 04:00:00+00:00,125.38,126.4,125.1,126.4,7218787
2022-03-25 04:00:00+00:00,126.83,127.2,126.02,126.99,7114427
2022-03-28 04:00:00+00:00,127.2,127.95,126.75,127.92,8607721
2022-03-29 04:00:00+00:00,128.97,129.48,127.9,128.69,13873892
2022-03-30 04:00:00+00:00,128.68,129.43,128.26,128.92,10912483
2022-03-31 04:00:00+00:00,128.65,129.35,127.43,127.66,16433198
2022-04-01 04:00:00+00:00,128.01,128.71,127.16,128.66,22206176
2022-04-04 04:00:00+00:00,128.38,128.6,127.29,127.59,16794551
2022-04-05 04:00:00+00:00,127.27,129.38,127.2,127.86,16247508
2022-04-06 04:00:00+00:00,127.54,130.12,127.45,129.81,23226054
2022-04-07 04:00:00+00:00,129.35,132.64,129.35,132.31,18208478
2022-04-08 04:00:00+00:00,132.32,133.65,132.12,133.1,19148802
2022-04-11 04:00:00+00:00,132.72,133.26,130.26,130.45,16813444
2022-04-12 04:00:00+00:00,130.13,130.89,128.63,129.19,14294862
2022-04-13 04:00:00+00:00,129.18,129.95,128.51,129.82,15668910
2022-04-14 04:00:00+00:00,129.94,130.6,129.1,129.2,11299976
2022-04-18 04:00:00+00:00,129.07,129.36,127.23,127.77,10273049
2022-04-19 04:00:00+00:00,128.11,129.45,128.06,128.99,11871253
2022-04-20 04:00:00+00:00,129.35,131.23,129.2,130.72,14870473
2022-04-21 04:00:00+00:00,131.09,131.24,128.99,129.28,11707594
2022-04-22 04:00:00+00:00,128.11,128.15,124.43,124.56,17980300
2022-04-25 04:00:00+00:00,124.2,125.67,122.8,125.4,16750055
2022-04-26 04:00:00+00:00,124.65,125.32,123.02,123.19,21620452
2022-04-27 04:00:00+00:00,123.18,124.17,122.32,122.92,16991309
2022-04-28 04:00:00+00:00,123.79,125.03,122.64,124.62,15927311
2022-04-29 04:00:00+00:00,123.41,124.05,121.22,121.41,17738976
2022-05-02 04:00:00+00:00,121.31,121.99,118.7,120.66,23637380
2022-05-03 04:00:00+00:00,121.03,122.21,120.61,121.04,13684090
2022-05-04 04:00:00+00:00,120.85,124.17,119.83,123.73,19229289
2022-05-05 04:00:00+00:00,123.12,123.25,120.07,121.32,16325694
2022-05-06 04:00:00+00:00,120.15,121.27,119.53,120.94,21845858
2022-05-09 04:00:00+00:00,119.59,119.62,117.35,117.81,17321657
2022-05-10 04:00:00+00:00,119.04,119.49,117.14,118.23,22186112
2022-05-11 04:00:00+00:00,117.64,120.3,117.31,117.44,20116573
2022-05-12 04:00:00+00:00,117.02,118.66,116.75,118.58,17535000
2022-05-13 04:00:00+00:00,119.36,120.21,118.84,119.84,9857341
2022-05-16 04:00:00+00:00,119.7,121.55,119.67,120.73,8865036
2022-05-17 04:00:00+00:00,121.98,122.44,121.08,122.38,9172331
2022-05-18 04:00:00+00:00,121.55,121.85,118.84,119.22,10190329
2022-05-19 04:00:00+00:00,118.27,120.21,117.85,119.49,9946286
2022-05-20 04:00:00+00:00,120.29,121.2,118.66,120.94,13005917
2022-05-23 04:00:00+00:00,121.75,122.48,121.5,122.0,9544650
2022-05-24 04:00:00+00:00,121.64,122.57,120.86,122.37,9189829
2022-05-25 04:00:00+00:00,122.28,123.13,121.18,122.33,8647767
2022-05-26 04:00:00+00:00,122.64,123.32,122.28,122.85,9110422
2022-05-27 04:00:00+00:00,123.06,124.92,122.55,124.89,13960372
2022-05-31 04:00:00+00:00,123.79,124.01,122.23,123.22,11772928
2022-06-01 04:00:00+00:00,123.67,123.69,120.48,121.45,9316922
2022-06-02 04:00:00+00:00,121.61,122.44,119.44,122.35,9794255
2022-06-03 04:00:00+00:00,121.56,122.1,120.82,120.98,6149826
2022-06-06 04:00:00+00:00,121.84,122.1,120.67,121.0,7871459
2022-06-07 04:00:00+00:00,121.0,122.69,120.56,122.57,7334791
2022-06-08 04:00:00+00:00,122.23,122.67,121.26,121.6,5473300
2022-06-09 04:00:00+00:00,121.19,121.6,118.82,118.85,8142470
2022-06-10 04:00:00+00:00,117.44,118.03,116.48,116.94,11812278
2022-06-13 04:00:00+00:00,114.63,115.33,112.93,113.4,14929388
2022-06-14 04:00:00+00:00,113.27,113.56,111.52,112.32,9447339
2022-06-15 04:00:00+00:00,112.93,114.65,111.72,113.46,10524472
2022-06-16 04:00:00+00:00,111.38,111.86,110.66,111.79,9601839
2022-06-17 04:00:00+00:00,111.83,113.49,111.69,111.72,13967731
2022-06-21 04:00:00+00:00,113.29,115.25,112.92,114.73,8217994
2022-06-22 04:00:00+00:00,114.0,117.6,113.95,116.32,10542131
2022-06-23 04:00:00+00:00,116.86,119.03,116.86,118.93,12692174
2022-06-24 04:00:00+00:00,119.8,120.93,119.0,120.91,10499933
2022-06-27 04:00:00+00:00,120.91,121.87,120.52,121.36,10254142
2022-06-28 04:00:00+00:00,121.6,122.21,119.01,119.24,7785645
2022-06-29 04:00:00+00:00,119.4,120.88,119.21,120.28,9380494
2022-06-30 04:00:00+00:00,119.65,120.69,118.75,120.01,10866716
2022-07-01 04:00:00+00:00,120.06,121.52,118.72,121.36,9791140
2022-07-05 04:00:00+00:00,120.19,120.68,118.07,120.65,10195543
2022-07-06 04:00:00+00:00,120.82,122.1,120.61,121.47,9173174
2022-07-07 04:00:00+00:00,121.29,122.14,121.23,121.98,6938526
2022-07-08 04:00:00+00:00,121.64,123.56,121.52,122.35,6618428
2022-07-11 04:00:00+00:00,121.67,122.72,121.53,122.04,7176359
2022-07-12 04:00:00+00:00,121.66,122.48,119.94,120.49,9362418
2022-07-13 04:00:00+00:00,119.47,120.28,119.01,119.32,9437671
2022-07-14 04:00:00+00:00,117.95,119.15,117.19,118.97,7865261
2022-07-15 04:00:00+00:00,120.74,121.9,120.21,121.84,9900252
2022-07-18 04:00:00+00:00,121.96,122.07,118.87,119.27,7289588
2022-07-19 04:00:00+00:00,120.54,121.5,120.02,121.3,6666401
2022-07-20 04:00:00+00:00,121.13,121.29,119.62,120.1,7708750
2022-07-21 04:00:00+00:00,120.46,122.0,120.15,122.0,11037976
2022-07-22 04:00:00+00:00,122.28,122.52,120.76,121.5,9182962
2022-07-25 04:00:00+00:00,121.59,122.36,121.48,122.13,5605727
2022-07-26 04:00:00+00:00,122.48,123.51,122.15,122.76,7660211
2022-07-27 04:00:00+00:00,122.69,124.08,122.11,123.53,7884042
2022-07-28 04:00:00+00:00,123.69,125.22,121.58,124.31,11336388
2022-07-29 04:00:00+00:00,123.69,124.13,123.03,123.9,8638237
2022-08-01 04:00:00+00:00,123.21,123.88,122.7,122.99,7750538
2022-08-02 04:00:00+00:00,123.28,124.28,122.48,122.55,8015098
2022-08-03 04:00:00+00:00,123.21,124.15,122.87,123.67,6924489
2022-08-04 04:00:00+00:00,123.96,123.99,122.87,123.06,5582682
2022-08-05 04:00:00+00:00,122.29,123.07,122.0,123.01,9005579
2022-08-08 04:00:00+00:00,123.25,124.12,122.68,123.3,7199951
2022-08-09 04:00:00+00:00,123.46,124.05,122.64,122.93,5931506
2022-08-10 04:00:00+00:00,124.24,124.36,123.55,124.27,6849846
2022-08-11 04:00:00+00:00,123.89,125.11,123.2,123.46,8671522
2022-08-12 04:00:00+00:00,123.76,125.1,123.56,125.04,7600970
2022-08-15 04:00:00+00:00,124.98,125.84,124.53,125.67,7632253
2022-08-16 04:00:00+00:00,125.4,125.76,124.85,125.33,7243215
2022-08-17 04:00:00+00:00,124.6,125.32,124.42,124.6,7697188
2022-08-18 04:00:00+00:00,124.57,124.82,123.38,124.05,7300996
2022-08-19 04:00:00+00:00,124.05,124.99,123.87,124.39,6147183
2022-08-22 04:00:00+00:00,123.62,124.01,122.35,122.76,6781840
2022-08-23 04:00:00+00:00,122.22,122.35,120.71,121.05,7662942
2022-08-24 04:00:00+00:00,121.17,121.66,120.76,121.2,6830910
2022-08-25 04:00:00+00:00,121.71,122.57,120.86,122.54,5864954
2022-08-26 04:00:00+00:00,122.57,122.58,119.03,119.12,9372797
2022-08-29 04:00:00+00:00,118.4,119.03,117.67,118.29,6851826
2022-08-30 04:00:00+00:00,118.71,118.71,117.21,117.5,8056668
2022-08-31 04:00:00+00:00,117.88,118.62,116.73,116.75,9410475
2022-09-01 04:00:00+00:00,116.57,118.73,116.41,118.67,11347638
2022-09-02 04:00:00+00:00,119.35,119.47,116.46,116.97,9955258
2022-09-06 04:00:00+00:00,117.43,118.55,116.75,117.08,9755816
2022-09-07 04:00:00+00:00,117.05,119.19,116.68,118.99,9359738
2022-09-08 04:00:00+00:00,118.55,121.09,118.31,121.06,9615913
2022-09-09 04:00:00+00:00,121.36,122.45,121.13,122.12,9235682
2022-09-12 04:00:00+00:00,122.59,123.57,122.26,122.94,8622227
2022-09-13 04:00:00+00:00,120.98,121.25,118.55,118.88,12341012
2022-09-14 04:00:00+00:00,119.27,119.97,118.16,118.94,8151013
2022-09-15 04:00:00+00:00,119.46,120.75,119.34,119.61,8785381
2022-09-16 04:00:00+00:00,119.23,119.53,118.35,119.27,11039345
2022-09-19 04:00:00+00:00,118.51,118.66,116.93,118.63,9796944
2022-09-20 04:00:00+00:00,117.83,118.01,116.51,117.24,9178750
2022-09-21 04:00:00+00:00,117.71,118.49,115.26,115.29,11971439
2022-09-22 04:00:00+00:00,115.11,116.69,114.62,115.9,9705215
2022-09-23 04:00:00+00:00,115.28,115.52,113.87,115.31,16822143
2022-09-26 04:00:00+00:00,114.62,115.18,113.7,114.21,10597101
2022-09-27 04:00:00+00:00,115.01,115.75,113.4,113.86,13669598
2022-09-28 04:00:00+00:00,115.46,116.93,114.72,116.35,16596793
2022-09-29 04:00:00+00:00,116.01,116.29,114.6,115.38,10918998
2022-09-30 04:00:00+00:00,115.39,116.18,113.66,113.79,12696405
2022-10-03 04:00:00+00:00,114.62,116.57,114.27,116.13,9519478
2022-10-04 04:00:00+00:00,117.1,118.87,116.82,118.82,14129159
2022-10-05 04:00:00+00:00,118.06,119.83,117.62,119.22,10088887
2022-10-06 04:00:00+00:00,118.78,119.14,117.39,117.7,9557655
2022-10-07 04:00:00+00:00,116.8,117.01,114.55,115.21,10402704
2022-10-10 04:00:00+00:00,115.48,115.64,114.04,114.48,8571108
2022-10-11 04:00:00+00:00,114.25,116.32,113.96,115.09,11069729
2022-10-12 04:00:00+00:00,115.46,116.14,114.5,114.53,9465839
2022-10-13 04:00:00+00:00,112.89,117.75,112.7,117.2,14280387
2022-10-14 04:00:00+00:00,117.88,118.76,116.05,116.41,11812855
2022-10-17 04:00:00+00:00,117.15,118.51,117.01,118.28,8568506
2022-10-18 04:00:00+00:00,120.04,120.07,118.35,118.94,10342790
2022-10-19 04:00:00+00:00,118.57,118.58,116.25,117.27,7772051
2022-10-20 04:00:00+00:00,117.07,117.92,116.13,116.28,7278035
2022-10-21 04:00:00+00:00,116.19,119.21,115.57,118.89,8589785
2022-10-24 04:00:00+00:00,119.89,121.55,119.89,121.18,7429936
2022-10-25 04:00:00+00:00,120.82,122.24,120.75,122.1,7297469
2022-10-26 04:00:00+00:00,122.48,124.6,122.44,123.46,8365747
2022-10-27 04:00:00+00:00,123.74,123.76,122.62,122.81,6607548
2022-10-28 04:00:00+00:00,123.0,124.92,122.61,124.83,6387361
2022-10-31 04:00:00+00:00,124.18,125.21,123.9,124.72,7942240
2022-11-01 04:00:00+00:00,124.87,125.5,123.47,124.8,8208302
2022-11-02 04:00:00+00:00,124.51,125.93,122.61,122.68,10437390
2022-11-03 04:00:00+00:00,121.78,122.84,120.92,122.16,8071574
2022-11-04 04:00:00+00:00,123.08,123.34,121.17,122.9,8166322
2022-11-07 05:00:00+00:00,123.1,124.55,122.64,124.22,6054386
2022-11-08 05:00:00+00:00,124.25,125.8,123.39,124.84,8930880
2022-11-09 05:00:00+00:00,124.64,125.48,123.34,123.49,8963460
2022-11-10 05:00:00+00:00,126.34,126.89,124.64,126.63,12416829
2022-11-11 05:00:00+00:00,126.47,126.49,123.46,125.08,10486777
2022-11-14 05:00:00+00:00,125.46,126.69,125.15,125.19,10537222
2022-11-15 05:00:00+00:00,125.99,126.52,123.99,125.03,8184215
2022-11-16 05:00:00+00:00,125.34,126.19,124.76,124.98,6122194
2022-11-17 05:00:00+00:00,123.99,125.43,123.89,124.92,6498840
2022-11-18 05:00:00+00:00,125.98,126.65,125.57,126.43,6719557
2022-11-21 05:00:00+00:00,126.17,127.04,126.03,126.49,7995562
2022-11-22 05:00:00+00:00,126.79,127.68,126.77,127.59,5931101
2022-11-23 05:00:00+00:00,127.61,128.29,127.28,128.1,5340732
2022-11-25 05:00:00+00:00,128.25,128.96,128.22,128.86,3255961
2022-11-28 05:00:00+00:00,128.46,129.23,127.64,127.89,5026871
2022-11-29 05:00:00+00:00,127.62,127.83,126.89,127.57,5439633
2022-11-30 05:00:00+00:00,127.76,130.7,127.08,130.62,9377430
2022-12-01 05:00:00+00:00,131.37,131.69,130.29,130.99,15140193
2022-12-02 05:00:00+00:00,129.68,131.5,129.68,131.33,7778325
2022-12-05 05:00:00+00:00,130.48,130.78,129.62,130.07,6921643
2022-12-06 05:00:00+00:00,129.83,130.24,128.45,129.08,8171529
2022-12-07 05:00:00+00:00,129.08,130.52,129.05,130.15,7427063
2022-12-08 05:00:00+00:00,130.37,131.47,130.12,131.32,6765133
2022-12-09 05:00:00+00:00,131.14,131.54,129.6,129.64,6202617
2022-12-12 05:00:00+00:00,129.72,131.02,129.72,131.02,5669673
2022-12-13 05:00:00+00:00,132.8,133.2,130.51,131.42,9886543
2022-12-14 05:00:00+00:00,131.37,132.74,130.52,131.63,10882243
2022-12-15 05:00:00+00:00,130.46,130.78,128.76,129.22,8747994
2022-12-16 05:00:00+00:00,128.24,128.32,126.63,127.34,10843082
2022-12-19 05:00:00+00:00,127.3,127.53,126.29,126.86,6801724
2022-12-20 05:00:00+00:00,126.91,127.32,126.14,126.83,4815535
2022-12-21 05:00:00+00:00,127.61,128.9,127.21,128.5,5937459
2022-12-22 05:00:00+00:00,127.79,128.36,126.66,128.32,5483301
2022-12-23 05:00:00+00:00,128.2,128.52,127.45,128.4,3766442
2022-12-27 05:00:00+00:00,128.64,128.75,127.56,128.07,7050478
2022-12-28 05:00:00+00:00,128.49,129.12,127.19,127.24,5054288
2022-12-29 05:00:00+00:00,128.03,129.29,127.74,128.63,6297337
2022-12-30 05:00:00+00:00,128.19,128.32,126.86,128.16,6369489
2023-01-03 05:00:00+00:00,128.27,128.62,126.82,127.8,7239269
2023-01-04 05:00:00+00:00,128.51,128.84,127.3,128.13,8469936
2023-01-05 05:00:00+00:00,127.29,127.6,126.32,126.82,6714235
2023-01-06 05:00:00+00:00,127.67,128.34,126.05,127.99,7171381
2023-01-09 05:00:00+00:00,128.13,128.16,125.68,125.85,7719462
2023-01-10 05:00:00+00:00,125.8,127.1,125.62,126.91,7675320
2023-01-11 05:00:00+00:00,126.99,127.64,126.41,127.63,7307184
2023-01-12 05:00:00+00:00,127.35,127.75,125.98,127.22,7580538
2023-01-13 05:00:00+00:00,126.52,128.17,126.46,127.79,6333417
2023-01-17 05:00:00+00:00,127.72,127.94,127.02,127.19,6664139
2023-01-18 05:00:00+00:00,127.19,127.52,125.28,125.4,10629147
2023-01-19 05:00:00+00:00,125.03,126.2,124.78,125.7,9902281
2023-01-20 05:00:00+00:00,125.98,126.43,125.02,126.33,5960781
2023-01-23 05:00:00+00:00,126.41,127.47,126.13,126.77,7211043
2023-01-24 05:00:00+00:00,126.13,126.87,125.12,125.93,5754776
2023-01-25 05:00:00+00:00,125.09,125.99,124.73,125.96,5999062
2023-01-26 05:00:00+00:00,126.26,126.37,125.22,126.2,6861168
2023-01-27 05:00:00+00:00,126.01,126.14,125.18,125.34,5853448
2023-01-30 05:00:00+00:00,125.11,125.89,124.02,124.21,7055400
2023-01-31 05:00:00+00:00,124.49,125.83,124.37,125.81,6290643
2023-02-01 05:00:00+00:00,125.81,127.18,124.87,126.41,11843040
2023-02-02 05:00:00+00:00,125.48,125.72,124.65,125.55,11274699
2023-02-03 05:00:00+00:00,125.63,126.04,124.77,125.18,10045690
2023-02-06 05:00:00+00:00,125.0,125.27,124.31,124.48,7328283
2023-02-07 05:00:00+00:00,124.05,125.65,123.61,125.29,7551007
2023-02-08 05:00:00+00:00,124.83,125.62,124.73,124.92,5614147
2023-02-09 05:00:00+00:00,125.23,125.71,123.63,123.82,8085922
2023-02-10 05:00:00+00:00,123.99,125.12,123.82,124.99,6198554
2023-02-13 05:00:00+00:00,125.01,126.04,125.01,126.03,6300295
2023-02-14 05:00:00+00:00,126.2,126.43,124.65,125.29,6905994
2023-02-15 05:00:00+00:00,124.8,124.96,124.24,124.66,6491948
2023-02-16 05:00:00+00:00,123.52,124.52,123.15,123.42,8008010
2023-02-17 05:00:00+00:00,122.83,124.75,122.72,124.52,10434386
2023-02-21 05:00:00+00:00,123.62,124.13,122.73,122.91,9066218
2023-02-22 05:00:00+00:00,123.04,123.33,122.24,122.49,7318937
2023-02-23 05:00:00+00:00,122.46,123.45,121.92,122.82,9955508
2023-02-24 05:00:00+00:00,121.79,122.02,120.88,121.24,9006119
2023-02-27 05:00:00+00:00,121.9,122.24,120.6,120.87,6463899
2023-02-28 05:00:00+00:00,120.6,120.67,119.87,119.97,10282751
2023-03-01 05:00:00+00:00,119.4,120.04,119.26,119.78,11101021
2023-03-02 05:00:00+00:00,119.24,120.86,119.24,120.51,10203680
2023-03-03 05:00:00+00:00,121.07,121.91,120.46,121.86,10047537
2023-03-06 05:00:00+00:00,121.95,122.36,121.52,121.8,8153402
2023-03-07 05:00:00+00:00,122.05,122.19,119.63,119.84,9604352
2023-03-08 05:00:00+00:00,119.6,119.96,118.72,119.2,10793366
2023-03-09 05:00:00+00:00,119.66,119.86,117.51,117.99,13270342
2023-03-10 05:00:00+00:00,117.8,118.78,116.67,117.13,20498808
2023-03-13 04:00:00+00:00,116.75,119.83,116.61,118.22,21294188
2023-03-14 04:00:00+00:00,119.02,119.64,118.09,119.28,14583013
2023-03-15 04:00:00+00:00,117.99,119.34,117.78,119.17,17244563
2023-03-16 04:00:00+00:00,118.28,120.34,117.95,120.29,16013915
2023-03-17 04:00:00+00:00,120.18,120.28,118.36,118.74,15071439
2023-03-20 04:00:00+00:00,118.94,120.42,118.94,120.24,10592082
2023-03-21 04:00:00+00:00,120.71,121.11,119.97,120.97,8816257
2023-03-22 04:00:00+00:00,121.04,121.48,119.13,119.14,10480142
2023-03-23 04:00:00+00:00,119.64,120.36,118.24,118.92,10092300
2023-03-24 04:00:00+00:00,118.8,120.68,118.36,120.57,8163728
2023-03-27 04:00:00+00:00,121.42,121.97,120.92,121.06,9455363
2023-03-28 04:00:00+00:00,120.93,121.37,120.04,120.33,8037474
2023-03-29 04:00:00+00:00,120.93,121.08,120.14,120.66,8183112
2023-03-30 04:00:00+00:00,121.31,121.35,120.54,121.31,6820534
2023-03-31 04:00:00+00:00,121.72,122.68,121.65,122.61,9202204
2023-04-03 04:00:00+00:00,122.71,124.13,122.36,123.98,8937258
2023-04-04 04:00:00+00:00,124.12,124.72,123.78,124.0,9052600
2023-04-05 04:00:00+00:00,124.69,126.36,124.55,126.14,12325750
2023-04-06 04:00:00+00:00,126.64,127.02,126.03,126.46,8276295
2023-04-10 04:00:00+00:00,126.12,126.44,125.45,126.37,8024299
2023-04-11 04:00:00+00:00,126.66,127.26,126.59,126.8,8887512
2023-04-12 04:00:00+00:00,127.29,127.76,126.61,126.84,8988716
2023-04-13 04:00:00+00:00,127.38,128.63,127.1,128.48,9373699
2023-04-14 04:00:00+00:00,128.19,128.46,126.98,127.45,6632100
2023-04-17 04:00:00+00:00,127.49,127.63,126.68,127.35,7187113
2023-04-18 04:00:00+00:00,127.6,127.6,126.3,126.48,7194221
2023-04-19 04:00:00+00:00,126.51,127.05,126.12,126.86,7048082
2023-04-20 04:00:00+00:00,126.26,126.53,125.75,126.34,6672031
2023-04-21 04:00:00+00:00,127.03,127.62,126.64,127.2,6535898
2023-04-24 04:00:00+00:00,127.33,127.94,127.01,127.91,6299870
2023-04-25 04:00:00+00:00,127.72,128.1,126.36,126.54,7751967
2023-04-26 04:00:00+00:00,125.42,125.51,123.99,124.74,10128764
2023-04-27 04:00:00+00:00,124.8,125.57,123.71,125.4,10008925
2023-04-28 04:00:00+00:00,125.24,126.82,125.05,126.47,7917287
2023-05-01 04:00:00+00:00,126.65,127.63,126.4,127.12,6794007
2023-05-02 04:00:00+00:00,126.91,127.72,125.66,126.57,14365947
2023-05-03 04:00:00+00:00,127.16,127.76,126.22,126.4,8961472
2023-05-04 04:00:00+00:00,125.87,125.95,124.87,125.4,9625315
2023-05-05 04:00:00+00:00,126.22,126.96,125.8,126.52,7650319
2023-05-08 04:00:00+00:00,126.33,126.37,125.66,126.25,5305742
2023-05-09 04:00:00+00:00,125.77,126.36,125.37,125.41,6452735
2023-05-10 04:00:00+00:00,125.77,126.07,125.02,125.76,6556586
2023-05-11 04:00:00+00:00,125.49,125.57,124.58,125.37,8764931
2023-05-12 04:00:00+00:00,125.56,125.82,124.64,125.2,6626289
2023-05-15 04:00:00+00:00,125.22,125.3,124.44,124.98,5725670
2023-05-16 04:00:00+00:00,124.71,124.76,123.91,123.94,7106025
2023-05-17 04:00:00+00:00,124.15,124.25,122.7,124.09,15512874
2023-05-18 04:00:00+00:00,123.82,123.98,122.83,123.79,12196872
2023-05-19 04:00:00+00:00,124.07,125.2,124.01,124.36,9276225
2023-05-22 04:00:00+00:00,124.54,125.36,124.19,124.49,12856105
2023-05-23 04:00:00+00:00,123.98,124.16,122.85,123.12,8723112
2023-05-24 04:00:00+00:00,122.89,122.91,122.0,122.28,7953091
2023-05-25 04:00:00+00:00,121.69,121.85,120.2,121.03,13737188
2023-05-26 04:00:00+00:00,120.92,122.05,120.56,120.78,8794580
2023-05-30 04:00:00+00:00,120.18,121.11,119.73,120.04,12114528
2023-05-31 04:00:00+00:00,119.7,121.28,119.38,121.07,15099052
2023-06-01 04:00:00+00:00,121.18,122.1,120.24,121.86,9751882
2023-06-02 04:00:00+00:00,122.25,123.64,121.97,123.43,10293195
2023-06-05 04:00:00+00:00,123.7,124.43,123.51,123.87,8825083
2023-06-06 04:00:00+00:00,124.37,124.41,122.3,122.84,9413482
2023-06-07 04:00:00+00:00,122.73,122.9,122.18,122.36,7519650
2023-06-08 04:00:00+00:00,122.37,123.31,121.97,123.14,6583162
2023-06-09 04:00:00+00:00,123.17,123.95,122.5,123.52,10446129
2023-06-12 04:00:00+00:00,123.45,123.99,122.97,123.97,7321524
2023-06-13 04:00:00+00:00,123.69,124.78,123.57,124.59,8362680
2023-06-14 04:00:00+00:00,123.96,124.06,122.84,123.31,12409071
2023-06-15 04:00:00+00:00,123.32,125.4,123.3,125.23,10598621
2023-06-16 04:00:00+00:00,125.55,126.2,125.08,125.22,10535119
2023-06-20 04:00:00+00:00,124.02,125.62,124.0,125.08,8585587
2023-06-21 04:00:00+00:00,124.77,125.52,124.19,125.09,9444758
2023-06-22 04:00:00+00:00,125.28,126.13,125.12,125.95,8036715
2023-06-23 04:00:00+00:00,125.78,126.05,125.19,125.53,8096493
2023-06-26 04:00:00+00:00,125.22,125.42,123.61,124.82,7093030
2023-06-27 04:00:00+00:00,124.82,124.95,123.67,124.53,8578429
2023-06-28 04:00:00+00:00,124.5,124.53,123.73,124.13,10897835
2023-06-29 04:00:00+00:00,123.85,125.02,123.64,124.94,7843375
2023-06-30 04:00:00+00:00,125.45,126.52,125.37,126.23,8022021
2023-07-03 04:00:00+00:00,125.86,125.86,124.66,125.19,5188279
2023-07-05 04:00:00+00:00,124.92,125.39,124.64,125.12,7942088
2023-07-06 04:00:00+00:00,124.29,124.59,123.81,124.12,8213057
2023-07-07 04:00:00+00:00,123.44,123.88,122.61,122.68,8749819
2023-07-10 04:00:00+00:00,122.69,123.8,122.68,123.65,7476637
2023-07-11 04:00:00+00:00,123.48,124.08,123.14,123.68,7279219
2023-07-12 04:00:00+00:00,123.99,124.11,123.14,123.34,11900408
2023-07-13 04:00:00+00:00,123.66,123.97,123.26,123.39,7526170
2023-07-14 04:00:00+00:00,124.32,125.64,124.19,125.25,13354569
2023-07-17 04:00:00+00:00,124.91,125.18,124.21,124.68,7905359
2023-07-18 04:00:00+00:00,124.72,126.07,124.5,125.6,8130367
2023-07-19 04:00:00+00:00,126.22,126.97,125.96,126.18,12483992
2023-07-20 04:00:00+00:00,127.02,128.79,126.93,128.27,12650214
2023-07-21 04:00:00+00:00,128.39,129.96,128.18,129.56,11308876
2023-07-24 04:00:00+00:00,129.56,130.14,129.16,129.28,12034091
2023-07-25 04:00:00+00:00,128.41,129.74,128.24,129.22,7803016
2023-07-26 04:00:00+00:00,128.6,129.55,128.27,129.14,8205317
2023-07-27 04:00:00+00:00,129.33,129.79,128.16,128.19,8800817
2023-07-28 04:00:00+00:00,128.58,128.78,127.83,128.57,6897799
2023-07-31 04:00:00+00:00,128.34,128.38,127.1,127.58,9736656
2023-08-01 04:00:00+00:00,127.28,127.75,126.59,126.91,10555725
2023-08-02 04:00:00+00:00,126.94,127.8,126.65,127.0,13873284
2023-08-03 04:00:00+00:00,126.58,126.74,126.11,126.36,11863532
2023-08-04 04:00:00+00:00,126.4,127.18,125.6,125.91,12631302
2023-08-07 04:00:00+00:00,126.29,127.49,126.23,127.37,8165681
2023-08-08 04:00:00+00:00,128.18,128.51,127.48,128.35,12601220
2023-08-09 04:00:00+00:00,128.23,129.0,128.15,128.31,9833747
2023-08-10 04:00:00+00:00,128.62,129.84,128.09,128.22,9541848
2023-08-11 04:00:00+00:00,128.19,129.17,127.88,129.02,7674454
2023-08-14 04:00:00+00:00,129.04,129.82,128.93,129.41,8725145
2023-08-15 04:00:00+00:00,129.09,129.47,128.79,128.94,9118522
2023-08-16 04:00:00+00:00,128.73,129.15,127.93,127.96,9462498
2023-08-17 04:00:00+00:00,127.5,127.95,126.88,126.94,11163783
2023-08-18 04:00:00+00:00,126.69,127.32,126.58,126.99,9463222
2023-08-21 04:00:00+00:00,126.94,127.27,126.54,127.12,6872445
2023-08-22 04:00:00+00:00,126.93,127.23,126.61,126.67,6939611
2023-08-23 04:00:00+00:00,127.43,127.72,126.68,127.05,7276781
2023-08-24 04:00:00+00:00,126.81,127.8,125.95,125.95,10241733
2023-08-25 04:00:00+00:00,126.36,127.32,125.93,126.87,8509078
2023-08-28 04:00:00+00:00,127.32,127.73,126.7,127.17,6768443
2023-08-29 04:00:00+00:00,127.34,128.31,127.17,128.31,10736987
2023-08-30 04:00:00+00:00,128.62,129.01,128.1,128.21,7892679
2023-08-31 04:00:00+00:00,128.23,128.3,126.65,126.68,7540167
2023-09-01 04:00:00+00:00,127.66,127.66,126.69,127.02,10183854
2023-09-05 04:00:00+00:00,127.09,127.18,125.71,125.71,11043478
2023-09-06 04:00:00+00:00,125.56,125.68,124.42,125.03,12840061
2023-09-07 04:00:00+00:00,125.41,126.13,125.31,125.59,11055728
2023-09-08 04:00:00+00:00,125.32,125.97,125.29,125.59,8717031
2023-09-11 04:00:00+00:00,125.53,126.7,125.51,126.45,7178984
2023-09-12 04:00:00+00:00,126.07,126.62,125.39,126.29,6941891
2023-09-13 04:00:00+00:00,125.99,126.82,125.95,126.31,6430301
2023-09-14 04:00:00+00:00,127.02,127.1,126.33,126.71,6433357
2023-09-15 04:00:00+00:00,126.41,127.0,125.62,125.71,9612005
2023-09-18 04:00:00+00:00,125.91,126.04,125.04,125.52,6559421
2023-09-19 04:00:00+00:00,125.31,125.89,124.79,125.63,6252403
2023-09-20 04:00:00+00:00,126.18,126.53,125.62,125.64,6350827
2023-09-21 04:00:00+00:00,125.4,125.6,124.48,124.54,7979574
2023-09-22 04:00:00+00:00,124.38,125.02,124.14,124.28,7790309
2023-09-25 04:00:00+00:00,124.16,124.99,123.81,124.96,6826345
2023-09-26 04:00:00+00:00,124.38,124.78,123.8,123.9,8200851
2023-09-27 04:00:00+00:00,124.13,124.25,122.37,123.28,9888552
2023-09-28 04:00:00+00:00,123.49,124.22,123.49,123.87,9129072
2023-09-29 04:00:00+00:00,124.14,124.25,122.75,122.93,12692669
2023-10-02 04:00:00+00:00,122.54,122.8,121.33,122.76,16035103
2023-10-03 04:00:00+00:00,122.16,122.42,121.16,121.67,11971088
2023-10-04 04:00:00+00:00,121.78,122.36,121.21,122.19,10064398
2023-10-05 04:00:00+00:00,122.47,123.08,121.77,122.86,9609780
2023-10-06 04:00:00+00:00,122.51,124.54,122.45,124.15,10692362
2023-10-09 04:00:00+00:00,123.8,124.69,123.3,124.58,8047601
2023-10-10 04:00:00+00:00,124.54,125.73,124.11,125.17,8154937
2023-10-11 04:00:00+00:00,125.32,125.52,124.06,124.61,9591853
2023-10-12 04:00:00+00:00,124.71,124.95,123.45,123.54,10927664
2023-10-13 04:00:00+00:00,124.0,125.03,123.62,124.32,11383865
2023-10-16 04:00:00+00:00,124.81,125.97,124.71,125.25,10545000
2023-10-17 04:00:00+00:00,124.65,125.76,124.55,125.08,9149880
2023-10-18 04:00:00+00:00,125.25,125.61,123.78,123.99,10085686
2023-10-19 04:00:00+00:00,123.83,123.96,122.01,122.77,15492636
2023-10-20 04:00:00+00:00,122.52,123.16,122.26,122.28,12296755
2023-10-23 04:00:00+00:00,122.2,122.61,121.41,121.52,12344262
2023-10-24 04:00:00+00:00,121.13,122.27,121.13,121.89,9375912
2023-10-25 04:00:00+00:00,121.34,121.71,119.91,120.8,11426998
2023-10-26 04:00:00+00:00,119.81,120.71,119.51,119.61,14699251
2023-10-27 04:00:00+00:00,119.28,119.43,117.06,117.59,13566219
2023-10-30 04:00:00+00:00,118.2,118.61,117.35,118.24,15224555
2023-10-31 04:00:00+00:00,118.66,119.08,117.98,118.92,13917383
2023-11-01 04:00:00+00:00,118.78,119.75,118.57,119.17,13802707
2023-11-02 04:00:00+00:00,119.63,121.17,119.31,121.06,11894139
2023-11-03 04:00:00+00:00,121.89,122.42,121.46,121.66,11635624
2023-11-06 05:00:00+00:00,122.18,122.67,121.68,122.48,8425102
2023-11-07 05:00:00+00:00,122.43,122.86,122.1,122.56,8241887
2023-11-08 05:00:00+00:00,123.08,123.08,121.64,122.39,10021074
2023-11-09 05:00:00+00:00,122.27,122.42,119.74,119.86,13905624
2023-11-10 05:00:00+00:00,120.32,120.75,118.98,120.57,10401722
2023-11-13 05:00:00+00:00,120.7,121.51,120.0,121.27,11373791
2023-11-14 05:00:00+00:00,121.97,122.9,121.66,122.09,11217021
2023-11-15 05:00:00+00:00,122.18,122.68,121.88,122.19,9262771
2023-11-16 05:00:00+00:00,122.55,122.97,122.08,122.71,7665863
2023-11-17 05:00:00+00:00,122.97,123.17,122.1,122.47,6766200
2023-11-20 05:00:00+00:00,121.99,123.48,121.9,123.21,6910105
2023-11-21 05:00:00+00:00,123.63,124.2,123.48,123.96,8373032
2023-11-22 05:00:00+00:00,124.37,124.84,124.2,124.55,6737702
2023-11-24 05:00:00+00:00,124.8,125.24,124.79,125.22,3708830
2023-11-27 05:00:00+00:00,124.95,125.37,124.2,124.43,10530280
2023-11-28 05:00:00+00:00,124.21,124.49,123.71,123.79,6261343
2023-11-29 05:00:00+00:00,123.66,124.5,123.6,123.83,6979035
2023-11-30 05:00:00+00:00,123.93,125.46,123.5,125.39,7743061
2023-12-01 05:00:00+00:00,125.22,126.02,125.12,125.88,9370975
2023-12-04 05:00:00+00:00,125.55,126.36,125.51,126.12,6943917
2023-12-05 05:00:00+00:00,125.86,126.16,125.18,125.96,6581075
2023-12-06 05:00:00+00:00,126.24,126.48,125.81,126.06,6210408
2023-12-07 05:00:00+00:00,126.07,126.38,125.33,125.9,6396695
2023-12-08 05:00:00+00:00,125.99,126.41,125.35,126.11,6007674
2023-12-11 05:00:00+00:00,126.79,127.18,126.17,126.94,9016882
2023-12-12 05:00:00+00:00,127.13,127.67,126.52,127.49,6779064
2023-12-13 05:00:00+00:00,126.94,129.88,126.77,129.84,9074339
2023-12-14 05:00:00+00:00,130.28,130.35,128.72,129.21,10098714
2023-12-15 05:00:00+00:00,128.61,128.85,127.63,128.11,8296654
2023-12-18 05:00:00+00:00,128.59,128.72,127.98,128.32,5944319
2023-12-19 05:00:00+00:00,128.48,129.25,128.28,129.18,6358227
2023-12-20 05:00:00+00:00,129.1,129.18,127.3,127.31,7299039
2023-12-21 05:00:00+00:00,128.08,128.96,127.78,128.86,5606916
2023-12-22 05:00:00+00:00,129.18,129.91,128.98,129.51,5355138
2023-12-26 05:00:00+00:00,129.4,130.14,129.24,129.79,3688653
2023-12-27 05:00:00+00:00,129.65,130.43,129.62,130.34,5444087
2023-12-28 05:00:00+00:00,130.45,131.11,130.43,130.68,5800264
2023-12-29 05:00:00+00:00,130.68,131.04,130.28,130.81,5590052
2024-01-02 05:00:00+00:00,130.49,133.37,130.41,133.11,11785898
2024-01-03 05:00:00+00:00,133.55,133.83,132.73,132.89,9584991
2024-01-04 05:00:00+00:00,133.31,134.28,133.08,133.55,11649191
2024-01-05 05:00:00+00:00,133.25,134.0,132.87,133.44,9437671
2024-01-08 05:00:00+00:00,133.48,134.65,132.93,134.62,7999385
2024-01-09 05:00:00+00:00,134.48,135.78,134.16,134.6,9201275
2024-01-10 05:00:00+00:00,134.68,135.38,134.17,135.21,9773320
2024-01-11 05:00:00+00:00,135.04,135.27,134.28,135.12,7182331
2024-01-12 05:00:00+00:00,134.74,135.4,134.33,134.78,8026508
2024-01-16 05:00:00+00:00,134.45,134.63,133.77,133.98,7426944
2024-01-17 05:00:00+00:00,133.76,134.37,133.33,133.71,8337301
2024-01-18 05:00:00+00:00,132.56,133.82,131.91,133.69,8929332
2024-01-19 05:00:00+00:00,133.77,134.11,133.03,133.77,8842008
2024-01-22 05:00:00+00:00,133.88,134.71,133.55,134.35,7831379
2024-01-23 05:00:00+00:00,134.18,134.34,133.29,134.26,6407411
2024-01-24 05:00:00+00:00,134.61,134.93,133.01,133.03,9104974
2024-01-25 05:00:00+00:00,132.56,132.85,131.61,132.83,10050187
2024-01-26 05:00:00+00:00,133.75,133.86,133.25,133.58,5759212
2024-01-29 05:00:00+00:00,133.71,134.53,133.62,134.52,6229620
2024-01-30 05:00:00+00:00,134.74,135.07,134.1,134.83,5940340
2024-01-31 05:00:00+00:00,135.86,135.96,134.62,134.65,10223101
2024-02-01 05:00:00+00:00,134.81,136.39,134.16,136.39,8503745
2024-02-02 05:00:00+00:00,136.35,136.82,135.5,136.19,10629354
2024-02-05 05:00:00+00:00,136.68,137.46,135.99,136.61,9631688
2024-02-06 05:00:00+00:00,137.68,138.2,136.99,138.1,10159041
2024-02-07 05:00:00+00:00,138.45,139.11,138.19,138.48,7884600
2024-02-08 05:00:00+00:00,138.34,138.34,137.61,138.24,6672616
2024-02-09 05:00:00+00:00,138.18,138.4,137.68,138.13,7447802
2024-02-12 05:00:00+00:00,137.95,138.35,137.3,138.31,6645456
2024-02-13 05:00:00+00:00,137.61,138.57,136.35,137.03,11170135
2024-02-14 05:00:00+00:00,137.5,138.26,137.23,138.22,9701053
2024-02-15 05:00:00+00:00,138.31,139.49,138.11,139.22,9294805
2024-02-16 05:00:00+00:00,139.41,140.62,138.91,139.67,8424290
2024-02-20 05:00:00+00:00,139.78,140.22,138.85,139.2,9120550
2024-02-21 05:00:00+00:00,138.75,139.55,138.35,139.51,7213773
2024-02-22 05:00:00+00:00,139.69,141.41,139.4,141.15,9130025
2024-02-23 05:00:00+00:00,141.63,142.22,141.32,141.82,9194718
2024-02-26 05:00:00+00:00,141.74,142.06,140.96,141.09,7248352
2024-02-27 05:00:00+00:00,140.4,141.18,140.07,140.75,7374317
2024-02-28 05:00:00+00:00,140.15,140.31,139.39,140.05,8038813
2024-02-29 05:00:00+00:00,140.04,140.27,138.81,138.91,9435636
2024-03-01 05:00:00+00:00,139.22,140.46,138.61,140.36,8741586
2024-03-04 05:00:00+00:00,139.96,140.69,139.82,140.15,10657870
2024-03-05 05:00:00+00:00,140.2,140.43,138.65,139.11,9743609
2024-03-06 05:00:00+00:00,139.37,140.58,139.37,140.06,8085410
2024-03-07 05:00:00+00:00,140.4,141.05,140.21,140.71,6438276
2024-03-08 05:00:00+00:00,140.58,141.24,140.2,140.45,7802515
2024-03-11 04:00:00+00:00,140.13,140.62,139.36,140.37,7724013
2024-03-12 04:00:00+00:00,140.47,141.37,140.0,141.03,7143931
2024-03-13 04:00:00+00:00,141.56,141.67,139.93,140.48,7874171
2024-03-14 04:00:00+00:00,140.57,140.67,139.2,139.98,9605786
2024-03-15 04:00:00+00:00,139.1,139.71,138.93,139.42,10570477
2024-03-18 04:00:00+00:00,140.0,140.13,139.31,139.41,6407158
2024-03-19 04:00:00+00:00,139.52,140.42,139.12,140.33,5240260
2024-03-20 04:00:00+00:00,140.0,140.06,139.23,140.01,8268171
2024-03-21 04:00:00+00:00,140.3,140.71,139.91,140.2,8865259
2024-03-22 04:00:00+00:00,140.4,140.76,139.84,140.01,5537224
2024-03-25 04:00:00+00:00,140.26,140.41,139.59,139.81,5252964
2024-03-26 04:00:00+00:00,140.09,140.49,139.72,140.32,6942438
2024-03-27 04:00:00+00:00,141.52,142.19,141.14,142.19,8797533
2024-03-28 04:00:00+00:00,142.39,142.69,142.16,142.21,8090182
2024-04-01 04:00:00+00:00,142.12,142.21,140.48,141.0,7378313
2024-04-02 04:00:00+00:00,139.09,139.24,138.08,138.8,10776352
2024-04-03 04:00:00+00:00,139.04,139.67,138.32,138.65,8453547
2024-04-04 04:00:00+00:00,139.51,139.6,136.57,136.65,12685712
2024-04-05 04:00:00+00:00,136.43,138.32,136.32,137.87,9073220
2024-04-08 04:00:00+00:00,137.76,137.76,137.21,137.43,9128151
2024-04-09 04:00:00+00:00,137.72,138.0,136.96,137.92,10534543
2024-04-10 04:00:00+00:00,136.54,136.92,135.83,136.3,13052725
2024-04-11 04:00:00+00:00,136.71,136.74,135.34,135.74,8153938
2024-04-12 04:00:00+00:00,135.04,135.05,133.29,133.72,13796430
2024-04-15 04:00:00+00:00,134.88,135.38,133.24,133.45,10383735
2024-04-16 04:00:00+00:00,134.6,134.6,133.41,133.5,10170538
2024-04-17 04:00:00+00:00,134.28,134.4,133.05,133.27,8480148
2024-04-18 04:00:00+00:00,133.35,134.05,133.05,133.26,8105813
2024-04-19 04:00:00+00:00,133.95,134.13,133.27,133.76,9668387
2024-04-22 04:00:00+00:00,134.17,135.34,133.74,134.27,8531342
2024-04-23 04:00:00+00:00,135.56,136.27,134.94,136.02,8615525
2024-04-24 04:00:00+00:00,135.72,135.88,134.98,135.6,7378594
2024-04-25 04:00:00+00:00,135.51,135.73,134.0,134.69,9693507
2024-04-26 04:00:00+00:00,134.19,135.09,134.09,134.73,6013758
2024-04-29 04:00:00+00:00,134.89,135.57,134.51,135.18,6388634
2024-04-30 04:00:00+00:00,135.63,135.92,134.99,135.09,9677720
2024-05-01 04:00:00+00:00,134.49,136.54,134.34,135.33,10710293
2024-05-02 04:00:00+00:00,136.06,136.15,134.5,135.23,8425562
2024-05-03 04:00:00+00:00,135.82,135.95,134.86,135.57,8539319
2024-05-06 04:00:00+00:00,135.68,136.15,135.38,136.12,5605118
2024-05-07 04:00:00+00:00,136.42,137.36,136.41,137.24,7720646
2024-05-08 04:00:00+00:00,137.52,137.54,136.6,136.77,5461097
2024-05-09 04:00:00+00:00,136.93,138.02,136.92,137.95,6821786
2024-05-10 04:00:00+00:00,138.13,138.71,138.03,138.22,6325067
2024-05-13 04:00:00+00:00,138.5,138.63,137.84,138.09,5351464
2024-05-14 04:00:00+00:00,138.28,138.74,137.76,138.68,6198799
2024-05-15 04:00:00+00:00,139.29,140.89,139.24,140.74,8433670
2024-05-16 04:00:00+00:00,140.44,140.97,140.18,140.57,6741009
2024-05-17 04:00:00+00:00,140.54,140.87,140.01,140.84,7071646
2024-05-20 04:00:00+00:00,140.7,140.89,140.25,140.54,3890023
2024-05-21 04:00:00+00:00,140.79,141.39,140.43,140.79,4048888
2024-05-22 04:00:00+00:00,140.41,141.45,140.32,141.04,6831234
2024-05-23 04:00:00+00:00,140.8,140.81,139.39,139.5,5155939
2024-05-24 04:00:00+00:00,139.68,139.9,138.94,139.02,3949525
2024-05-28 04:00:00+00:00,138.72,138.72,136.76,137.34,8375071
2024-05-29 04:00:00+00:00,136.16,136.43,135.68,136.27,6838269
2024-05-30 04:00:00+00:00,135.72,136.83,135.42,136.34,7395616
2024-05-31 04:00:00+00:00,136.77,138.4,136.61,138.33,7945890
2024-06-03 04:00:00+00:00,138.23,139.71,137.99,139.3,10298305
2024-06-04 04:00:00+00:00,139.18,140.09,138.66,139.71,6964248
2024-06-05 04:00:00+00:00,139.87,140.49,139.09,140.34,5373456
2024-06-06 04:00:00+00:00,140.24,141.1,139.76,140.8,5425770
2024-06-07 04:00:00+00:00,140.67,141.66,140.51,140.96,5222299
2024-06-10 04:00:00+00:00,140.74,141.51,140.23,141.48,5397727
2024-06-11 04:00:00+00:00,141.37,141.37,140.28,140.89,5194123
2024-06-12 04:00:00+00:00,141.5,141.55,140.23,140.59,6522859
2024-06-13 04:00:00+00:00,140.07,140.71,139.18,140.48,4720590
2024-06-14 04:00:00+00:00,140.19,140.47,139.61,140.43,4109831
2024-06-17 04:00:00+00:00,139.83,140.5,139.54,140.28,4542990
2024-06-18 04:00:00+00:00,140.44,140.93,140.16,140.47,4872625
2024-06-20 04:00:00+00:00,140.03,141.11,139.84,140.93,6653759
2024-06-21 04:00:00+00:00,141.11,141.62,140.77,141.32,8513040
2024-06-24 04:00:00+00:00,141.9,142.65,141.53,142.15,6446290
2024-06-25 04:00:00+00:00,142.31,142.51,141.36,141.7,5171672
2024-06-26 04:00:00+00:00,141.45,141.7,140.87,141.2,4572683
2024-06-27 04:00:00+00:00,141.31,141.37,140.16,140.97,4637944
2024-06-28 04:00:00+00:00,141.49,142.08,140.22,140.85,7630327
2024-07-01 04:00:00+00:00,141.13,142.53,139.79,140.06,6562067
2024-07-02 04:00:00+00:00,139.56,139.76,138.77,139.55,7536335
2024-07-03 04:00:00+00:00,139.8,139.81,137.93,138.49,7653965
2024-07-05 04:00:00+00:00,138.78,139.64,138.08,139.56,4846865
2024-07-08 04:00:00+00:00,139.71,140.1,139.05,139.4,4001547
2024-07-09 04:00:00+00:00,139.7,140.16,138.87,140.08,8337123
2024-07-10 04:00:00+00:00,140.23,141.42,139.93,141.4,5342450
2024-07-11 04:00:00+00:00,141.41,142.78,141.24,142.4,7692935
2024-07-12 04:00:00+00:00,142.88,143.88,142.78,143.29,6614662
2024-07-15 04:00:00+00:00,143.84,143.97,142.57,142.79,5804116
2024-07-16 04:00:00+00:00,143.65,144.85,143.33,144.82,7602476
2024-07-17 04:00:00+00:00,143.83,146.25,143.65,145.48,10395531
2024-07-18 04:00:00+00:00,144.55,145.5,141.93,142.18,11033367
2024-07-19 04:00:00+00:00,142.89,143.59,142.33,142.9,5985687
2024-07-22 04:00:00+00:00,143.63,143.98,142.91,143.72,5190313
2024-07-23 04:00:00+00:00,144.31,144.4,143.48,143.64,3553334
2024-07-24 04:00:00+00:00,143.71,145.01,143.23,144.83,6870395
2024-07-25 04:00:00+00:00,144.4,146.44,143.96,144.11,11472752
2024-07-26 04:00:00+00:00,144.09,145.86,144.0,144.92,6028837
2024-07-29 04:00:00+00:00,144.94,145.5,144.25,145.01,8227400
2024-07-30 04:00:00+00:00,145.01,146.03,144.1,145.13,7269477
2024-07-31 04:00:00+00:00,145.08,145.6,144.04,144.6,8417891
2024-08-01 04:00:00+00:00,145.35,146.25,144.47,146.08,10357711
2024-08-02 04:00:00+00:00,146.3,146.67,143.63,145.79,15742298
2024-08-05 04:00:00+00:00,143.51,143.79,141.28,141.9,17575636
2024-08-06 04:00:00+00:00,142.47,144.36,142.01,142.55,13335705
2024-08-07 04:00:00+00:00,142.46,143.14,140.65,141.1,11484999
2024-08-08 04:00:00+00:00,143.31,144.35,142.66,144.23,11479079
2024-08-09 04:00:00+00:00,144.48,145.31,144.17,144.94,8550467
2024-08-12 04:00:00+00:00,145.29,145.29,143.97,144.39,5044497
2024-08-13 04:00:00+00:00,144.96,146.28,144.8,146.14,4815735
2024-08-14 04:00:00+00:00,145.96,146.87,145.61,146.66,4837347
2024-08-15 04:00:00+00:00,147.34,147.81,146.65,147.58,5886933
2024-08-16 04:00:00+00:00,147.53,147.97,147.12,147.73,4562665
2024-08-19 04:00:00+00:00,147.74,148.76,147.66,148.63,4729719
2024-08-20 04:00:00+00:00,149.03,150.0,148.87,149.23,4878366
2024-08-21 04:00:00+00:00,149.54,149.87,148.96,149.48,5530111
2024-08-22 04:00:00+00:00,149.99,150.13,148.81,149.58,4951898
2024-08-23 04:00:00+00:00,149.98,150.33,149.44,150.23,4069501
2024-08-26 04:00:00+00:00,150.37,150.84,150.0,150.15,4433688
2024-08-27 04:00:00+00:00,150.29,150.8,149.85,150.38,3785444
2024-08-28 04:00:00+00:00,150.29,151.18,149.85,150.56,5150093
2024-08-29 04:00:00+00:00,151.15,151.56,150.24,150.87,4339350
2024-08-30 04:00:00+00:00,150.98,152.0,150.32,151.92,7020703
2024-09-03 04:00:00+00:00,151.61,152.54,151.21,151.63,7674912
2024-09-04 04:00:00+00:00,151.43,154.28,150.62,151.37,8235494
2024-09-05 04:00:00+00:00,151.2,151.29,148.56,149.29,7245564
2024-09-06 04:00:00+00:00,149.81,150.43,148.47,148.78,7652025
2024-09-09 04:00:00+00:00,149.15,150.29,148.58,149.82,6169412
2024-09-10 04:00:00+00:00,150.02,150.61,149.46,150.51,7337319
2024-09-11 04:00:00+00:00,149.97,150.24,147.71,150.06,6636620
2024-09-12 04:00:00+00:00,150.02,150.74,148.62,150.6,4838262
2024-09-13 04:00:00+00:00,150.67,151.38,150.47,150.91,4358649
2024-09-16 04:00:00+00:00,151.71,152.3,151.41,151.96,4711902
2024-09-17 04:00:00+00:00,151.77,151.81,149.86,150.39,6279990
2024-09-18 04:00:00+00:00,150.27,151.71,149.56,150.14,7148920
2024-09-19 04:00:00+00:00,151.49,151.49,150.29,150.68,6717643
2024-09-20 04:00:00+00:00,150.19,150.74,149.69,150.06,8541635
2024-09-23 04:00:00+00:00,150.54,150.55,149.5,149.77,6416424
2024-09-24 04:00:00+00:00,149.7,149.76,148.76,149.47,5341811
2024-09-25 04:00:00+00:00,149.92,150.14,147.95,148.01,5940096
2024-09-26 04:00:00+00:00,147.92,148.69,147.66,148.51,6173093
2024-09-27 04:00:00+00:00,148.7,149.58,148.42,148.43,7312567
2024-09-30 04:00:00+00:00,148.23,149.44,148.0,149.4,7235028
2024-10-01 04:00:00+00:00,149.52,149.73,148.05,148.61,10560380
2024-10-02 04:00:00+00:00,148.43,148.78,147.32,148.31,7158480
2024-10-03 04:00:00+00:00,147.95,148.08,146.7,146.98,5550985
2024-10-04 04:00:00+00:00,147.2,147.46,146.35,147.09,6591450
2024-10-07 04:00:00+00:00,147.1,147.55,146.17,146.44,5922859
2024-10-08 04:00:00+00:00,146.83,147.47,146.7,147.24,4726590
2024-10-09 04:00:00+00:00,147.37,148.86,147.02,148.74,7840031
2024-10-10 04:00:00+00:00,148.74,148.86,147.82,148.19,4385633
2024-10-11 04:00:00+00:00,148.65,149.45,148.44,149.27,9354102
2024-10-14 04:00:00+00:00,149.44,150.37,148.93,150.1,4819781
2024-10-15 04:00:00+00:00,148.09,149.95,147.94,148.27,9088576
2024-10-16 04:00:00+00:00,148.07,149.0,147.67,148.68,4510189
2024-10-17 04:00:00+00:00,148.19,148.43,147.72,147.82,5430044
2024-10-18 04:00:00+00:00,147.93,148.89,147.5,148.54,9823968
2024-10-21 04:00:00+00:00,148.15,148.55,146.65,146.79,4825870
2024-10-22 04:00:00+00:00,146.02,146.85,145.89,146.58,5166889
2024-10-23 04:00:00+00:00,146.18,146.4,145.11,145.89,4910436
2024-10-24 04:00:00+00:00,145.89,146.48,144.89,144.93,5066266
2024-10-25 04:00:00+00:00,145.42,145.5,143.97,144.13,5314527
2024-10-28 04:00:00+00:00,144.54,145.01,144.16,144.35,4923484
2024-10-29 04:00:00+00:00,144.25,144.84,143.88,143.95,7342579
2024-10-30 04:00:00+00:00,141.76,143.73,141.25,143.68,9211829
2024-10-31 04:00:00+00:00,142.82,143.49,142.44,142.47,6701204
2024-11-01 04:00:00+00:00,143.02,144.02,143.01,143.31,6896929
2024-11-04 05:00:00+00:00,142.96,143.65,142.09,142.37,5985990
2024-11-05 05:00:00+00:00,142.09,143.45,141.56,143.42,5035268
2024-11-06 05:00:00+00:00,146.15,146.38,142.93,143.6,10685862
2024-11-07 05:00:00+00:00,144.46,144.81,143.76,144.64,9381574
2024-11-08 05:00:00+00:00,144.83,146.42,144.67,145.68,8701068
2024-11-11 05:00:00+00:00,145.36,146.08,144.61,144.82,6072124
2024-11-12 05:00:00+00:00,144.59,144.83,142.77,142.8,7022700
2024-11-13 05:00:00+00:00,142.75,143.17,142.28,142.43,5981289
2024-11-14 05:00:00+00:00,142.18,142.19,140.03,140.19,7936741
2024-11-15 05:00:00+00:00,139.41,139.54,137.32,137.59,14246068
2024-11-18 05:00:00+00:00,137.23,137.83,137.07,137.68,7933235
2024-11-19 05:00:00+00:00,136.43,137.36,136.05,136.97,6205830
2024-11-20 05:00:00+00:00,137.27,138.79,137.04,138.59,9328748
2024-11-21 05:00:00+00:00,138.59,139.9,137.88,139.71,7969570
2024-11-22 05:00:00+00:00,140.0,140.67,139.62,139.84,6330311
2024-11-25 05:00:00+00:00,140.47,141.48,140.45,141.03,6834366
2024-11-26 05:00:00+00:00,141.46,141.94,140.35,141.79,6018641
2024-11-27 05:00:00+00:00,141.92,143.32,141.92,142.54,5953240
2024-11-29 05:00:00+00:00,142.53,143.36,142.31,142.99,3521247
2024-12-02 05:00:00+00:00,142.9,142.96,142.0,142.74,6220907
2024-12-03 05:00:00+00:00,142.73,143.01,142.34,142.42,4236349
2024-12-04 05:00:00+00:00,142.67,143.15,141.97,142.34,5597844
2024-12-05 05:00:00+00:00,141.71,141.86,140.49,140.75,8948940
2024-12-06 05:00:00+00:00,140.93,141.1,139.78,139.95,6545159
2024-12-09 05:00:00+00:00,140.09,140.74,139.6,140.36,6258634
2024-12-10 05:00:00+00:00,140.64,140.75,139.31,139.78,7200614
2024-12-11 05:00:00+00:00,139.22,139.33,137.84,137.88,6895008
2024-12-12 05:00:00+00:00,137.91,138.26,136.68,136.78,5994213
2024-12-13 05:00:00+00:00,136.61,137.21,135.93,136.76,7599399
2024-12-16 05:00:00+00:00,136.65,137.4,135.03,135.13,9476630
2024-12-17 05:00:00+00:00,134.54,136.03,134.44,135.03,10280072
2024-12-18 05:00:00+00:00,134.95,135.84,133.11,133.2,14448057
2024-12-19 05:00:00+00:00,132.95,133.67,131.87,132.19,11929337
2024-12-20 05:00:00+00:00,133.37,135.12,132.94,133.86,12098414
2024-12-23 05:00:00+00:00,134.08,135.39,133.48,135.2,8050472
2024-12-24 05:00:00+00:00,135.08,135.76,134.51,135.75,3139251
2024-12-26 05:00:00+00:00,135.28,136.14,135.13,136.03,4720422
2024-12-27 05:00:00+00:00,135.28,136.23,134.82,135.39,5948122
2024-12-30 05:00:00+00:00,134.61,134.61,133.23,133.73,6890556
2024-12-31 05:00:00+00:00,134.06,134.58,133.28,134.05,6627203
2025-01-02 05:00:00+00:00,134.72,135.22,133.61,134.09,8973032
2025-01-03 05:00:00+00:00,134.36,135.78,134.21,135.4,8289345
2025-01-06 05:00:00+00:00,135.34,136.45,135.01,135.46,8653497
2025-01-07 05:00:00+00:00,135.79,137.32,135.79,136.13,12639744
2025-01-08 05:00:00+00:00,136.39,137.03,135.14,136.83,7827396
2025-01-10 05:00:00+00:00,136.37,137.34,135.79,136.06,10344054
2025-01-13 05:00:00+00:00,136.21,138.19,136.09,137.84,9422242
2025-01-14 05:00:00+00:00,137.65,137.65,135.32,136.42,10277827
2025-01-15 05:00:00+00:00,136.8,137.62,136.19,136.97,11388426
2025-01-16 05:00:00+00:00,136.54,137.72,136.01,137.52,8512136
2025-01-17 05:00:00+00:00,137.33,137.78,136.59,136.59,7668273
2025-01-21 05:00:00+00:00,137.31,138.86,137.29,138.85,7257829
2025-01-22 05:00:00+00:00,138.17,138.98,137.52,138.54,8189904
2025-01-23 05:00:00+00:00,138.92,140.41,138.24,140.39,8032946
2025-01-24 05:00:00+00:00,139.77,140.91,139.6,140.62,8127872
2025-01-27 05:00:00+00:00,141.39,143.8,141.26,143.77,12311304
2025-01-28 05:00:00+00:00,143.76,143.96,142.73,142.77,9686428
2025-01-29 05:00:00+00:00,142.35,142.83,141.58,141.93,8159200
2025-01-30 05:00:00+00:00,142.51,143.96,142.5,143.57,7705191
2025-01-31 05:00:00+00:00,143.8,144.79,143.06,143.11,9213355
2025-02-03 05:00:00+00:00,142.24,144.37,142.2,143.67,12894148
2025-02-04 05:00:00+00:00,142.09,143.43,141.86,143.28,11558569
2025-02-05 05:00:00+00:00,143.63,144.91,143.33,144.65,10042275
2025-02-06 05:00:00+00:00,144.36,144.66,143.14,143.35,12422219
2025-02-07 05:00:00+00:00,143.56,144.13,142.57,142.68,10373485
2025-02-10 05:00:00+00:00,142.85,142.9,141.74,142.55,7339149
2025-02-11 05:00:00+00:00,142.15,142.57,141.72,142.29,6635040
2025-02-12 05:00:00+00:00,141.95,142.86,141.65,142.09,7572280
2025-02-13 05:00:00+00:00,142.37,142.95,141.44,142.64,6293261
2025-02-14 05:00:00+00:00,142.75,142.94,141.09,141.09,5299228
2025-02-18 05:00:00+00:00,140.24,141.18,140.16,140.82,11366845
2025-02-19 05:00:00+00:00,140.83,142.69,140.8,142.65,6252919
2025-02-20 05:00:00+00:00,142.45,143.53,142.36,143.45,6264773
2025-02-21 05:00:00+00:00,141.76,143.37,141.62,142.68,8646974
2025-02-24 05:00:00+00:00,142.84,144.43,142.53,143.84,7559370
2025-02-25 05:00:00+00:00,144.11,145.27,143.64,145.08,11981261
2025-02-26 05:00:00+00:00,144.51,145.14,143.57,144.04,6566828
2025-02-27 05:00:00+00:00,143.77,145.1,143.39,143.45,7377044
2025-02-28 05:00:00+00:00,143.68,145.34,142.74,145.12,8453744
2025-03-03 05:00:00+00:00,145.2,146.47,145.15,145.75,9459273
2025-03-04 05:00:00+00:00,145.95,146.23,144.18,144.4,10804677
2025-03-05 05:00:00+00:00,143.74,146.07,143.47,145.85,7597734
2025-03-06 05:00:00+00:00,145.19,145.65,144.14,145.45,7122176
2025-03-07 05:00:00+00:00,144.85,146.44,144.64,145.46,8532510
2025-03-10 04:00:00+00:00,144.33,146.07,143.57,143.89,13577787
2025-03-11 04:00:00+00:00,143.9,144.1,141.57,142.32,9411939
2025-03-12 04:00:00+00:00,142.0,142.25,140.43,140.9,7141081
2025-03-13 04:00:00+00:00,140.96,141.36,139.82,140.15,8041574
2025-03-14 04:00:00+00:00,140.24,141.43,139.74,141.22,6761296
2025-03-17 04:00:00+00:00,141.01,143.34,141.01,143.01,6017373
2025-03-18 04:00:00+00:00,143.06,143.29,142.3,143.08,5528032
2025-03-19 04:00:00+00:00,143.19,143.53,142.16,143.16,6156298
2025-03-20 04:00:00+00:00,143.18,143.86,142.76,143.25,8034118
2025-03-21 04:00:00+00:00,142.83,143.1,142.0,142.85,7635316
2025-03-24 04:00:00+00:00,143.22,144.17,142.92,143.94,6500813
2025-03-25 04:00:00+00:00,144.28,144.37,141.2,142.1,6502030
2025-03-26 04:00:00+00:00,142.21,142.79,141.24,141.58,8759221
2025-03-27 04:00:00+00:00,141.36,142.24,141.31,141.8,6264332
2025-03-28 04:00:00+00:00,141.69,142.07,141.3,141.36,6210808
2025-03-31 04:00:00+00:00,140.65,143.42,140.35,142.82,8085570
2025-04-01 04:00:00+00:00,142.3,142.3,139.77,140.21,9906066
2025-04-02 04:00:00+00:00,139.65,141.25,139.09,141.15,6392678
2025-04-03 04:00:00+00:00,140.62,142.02,139.93,140.0,10990921
2025-04-04 04:00:00+00:00,138.06,138.62,132.27,132.33,21341039
2025-04-07 04:00:00+00:00,128.83,134.37,126.83,131.53,29940306
2025-04-08 04:00:00+00:00,136.39,136.39,128.41,130.08,20855791
2025-04-09 04:00:00+00:00,127.29,136.19,126.85,135.73,39435132
2025-04-10 04:00:00+00:00,134.69,134.73,128.46,131.94,21957352
2025-04-11 04:00:00+00:00,132.2,134.75,130.73,133.88,10755630
2025-04-14 04:00:00+00:00,135.19,136.0,133.97,135.51,7437345
2025-04-15 04:00:00+00:00,135.96,136.01,134.29,134.68,6239000
2025-04-16 04:00:00+00:00,135.1,135.59,132.68,133.31,8150800
2025-04-17 04:00:00+00:00,132.38,133.59,132.15,132.53,9662773
2025-04-21 04:00:00+00:00,132.24,132.4,128.69,129.68,6456085
2025-04-22 04:00:00+00:00,130.72,132.33,130.23,132.11,8011402
2025-04-23 04:00:00+00:00,133.56,134.91,132.18,132.77,9503247
2025-04-24 04:00:00+00:00,132.98,134.54,132.17,134.39,5432961
2025-04-25 04:00:00+00:00,134.59,135.18,132.91,135.04,6438431
2025-04-28 04:00:00+00:00,135.22,136.0,134.4,135.57,5803428
2025-04-29 04:00:00+00:00,135.4,136.91,134.72,136.24,7812100
2025-04-30 04:00:00+00:00,136.5,137.72,135.24,137.4,6827847
2025-05-01 04:00:00+00:00,135.78,136.07,133.49,133.66,10363184
2025-05-02 04:00:00+00:00,135.76,135.97,134.55,135.51,9777135
2025-05-05 04:00:00+00:00,135.23,135.65,134.58,135.12,5479960
2025-05-06 04:00:00+00:00,134.14,134.19,131.04,131.4,11625944
2025-05-07 04:00:00+00:00,131.81,132.79,131.47,132.4,6440514
2025-05-08 04:00:00+00:00,131.48,132.37,130.77,131.21,10558242
2025-05-09 04:00:00+00:00,131.38,131.83,129.72,129.78,7555209
2025-05-12 04:00:00+00:00,129.97,133.16,129.74,132.99,15211487
2025-05-13 04:00:00+00:00,131.02,131.02,128.95,128.99,17816962
2025-05-14 04:00:00+00:00,129.39,129.66,125.87,125.96,19579482
2025-05-15 04:00:00+00:00,125.66,127.69,124.57,127.61,18792674
2025-05-16 04:00:00+00:00,127.85,130.23,127.46,130.18,12901782
2025-05-19 04:00:00+00:00,130.12,131.5,129.75,131.44,11645235
2025-05-20 04:00:00+00:00,131.47,132.14,131.25,131.76,11644698
2025-05-21 04:00:00+00:00,130.64,131.21,128.65,128.71,16635924
2025-05-22 04:00:00+00:00,127.78,128.37,127.14,127.7,12722641
2025-05-23 04:00:00+00:00,127.09,127.74,126.72,127.49,9127098
2025-05-27 04:00:00+00:00,128.56,129.5,128.3,129.27,12304443
2025-05-28 04:00:00+00:00,129.23,129.68,128.27,128.61,11087470
2025-05-29 04:00:00+00:00,128.8,129.86,128.42,129.47,10673735
2025-05-30 04:00:00+00:00,129.19,130.42,128.02,129.74,11651333
2025-06-02 04:00:00+00:00,129.41,129.88,128.25,129.82,11845031
2025-06-03 04:00:00+00:00,129.48,130.6,128.85,130.13,14304622
2025-06-04 04:00:00+00:00,130.52,131.4,130.38,130.38,9986080
2025-06-05 04:00:00+00:00,130.7,130.98,129.68,130.2,13705543
2025-06-06 04:00:00+00:00,130.89,131.9,130.87,131.45,9153482
2025-06-09 04:00:00+00:00,131.42,131.87,130.48,131.22,9976863
2025-06-10 04:00:00+00:00,131.34,133.12,131.32,132.72,11488020
2025-06-11 04:00:00+00:00,132.75,133.59,132.38,132.79,13644041
2025-06-12 04:00:00+00:00,132.8,133.85,132.53,133.82,9809545
2025-06-13 04:00:00+00:00,133.09,134.33,132.72,133.16,13722759
2025-06-16 04:00:00+00:00,133.44,133.84,132.13,132.75,14170992
2025-06-17 04:00:00+00:00,132.15,132.45,130.38,130.56,13506002
2025-06-18 04:00:00+00:00,130.57,131.19,129.6,130.33,12185261
2025-06-20 04:00:00+00:00,130.78,130.88,129.52,129.7,13745102
2025-06-23 04:00:00+00:00,129.79,130.46,128.73,129.89,14181644
2025-06-24 04:00:00+00:00,130.24,131.78,129.73,131.48,11272914
2025-06-25 04:00:00+00:00,131.23,131.99,130.49,131.6,11996841
2025-06-26 04:00:00+00:00,131.88,132.84,131.45,131.92,13177723
2025-06-27 04:00:00+00:00,132.01,132.81,131.41,131.63,13818457
2025-06-30 04:00:00+00:00,131.6,132.63,131.5,132.48,12407654
2025-07-01 04:00:00+00:00,132.27,135.4,132.15,134.36,21204317
2025-07-02 04:00:00+00:00,133.69,133.95,132.92,133.04,13720388
2025-07-03 04:00:00+00:00,133.22,133.57,132.85,133.17,7282662
2025-07-07 04:00:00+00:00,133.13,133.13,131.36,132.05,14052702
2025-07-08 04:00:00+00:00,131.96,133.88,131.71,132.65,19486044
2025-07-09 04:00:00+00:00,132.93,133.59,132.11,133.16,13963895
2025-07-10 04:00:00+00:00,133.18,135.27,132.68,133.98,17665054
2025-07-11 04:00:00+00:00,133.55,133.55,132.04,132.87,14246953
2025-07-14 04:00:00+00:00,132.34,132.99,132.09,132.71,11095395
2025-07-15 04:00:00+00:00,132.91,133.15,130.2,130.32,17095552
2025-07-16 04:00:00+00:00,130.85,132.11,130.72,131.95,14137486
2025-07-17 04:00:00+00:00,131.01,131.39,130.01,130.44,15740942
2025-07-18 04:00:00+00:00,130.79,130.95,129.4,129.58,13245079
2025-07-21 04:00:00+00:00,129.65,130.05,128.78,128.84,9468736
2025-07-22 04:00:00+00:00,129.06,131.51,129.06,131.24,16681891
2025-07-23 04:00:00+00:00,132.94,133.98,132.49,133.93,16623992
2025-07-24 04:00:00+00:00,133.79,134.58,133.21,133.43,11054765
2025-07-25 04:00:00+00:00,133.91,134.35,133.41,134.14,9540321
2025-07-28 04:00:00+00:00,133.8,134.04,132.61,132.97,9780254
2025-07-29 04:00:00+00:00,131.6,132.78,130.66,132.12,14967647
2025-07-30 04:00:00+00:00,132.56,132.86,131.35,131.89,11634227
2025-07-31 04:00:00+00:00,130.74,131.5,127.74,128.19,26441560
2025-08-01 04:00:00+00:00,128.45,129.14,127.63,128.88,20736159
2025-08-04 04:00:00+00:00,129.13,130.78,129.11,130.73,11331033
2025-08-05 04:00:00+00:00,130.18,130.67,129.78,130.23,14319632
2025-08-06 04:00:00+00:00,129.68,129.78,128.11,128.27,14342796
2025-08-07 04:00:00+00:00,127.54,128.0,125.76,126.8,24421932
2025-08-08 04:00:00+00:00,127.01,128.2,127.01,127.93,13747116
2025-08-11 04:00:00+00:00,128.05,129.07,127.91,128.05,14473985
2025-08-12 04:00:00+00:00,128.1,128.98,127.9,128.94,17221273
2025-08-13 04:00:00+00:00,129.56,131.08,129.39,131.0,15069862
2025-08-14 04:00:00+00:00,130.78,131.8,130.13,131.66,15463979
2025-08-15 04:00:00+00:00,133.15,134.25,132.86,133.87,13929623
2025-08-18 04:00:00+00:00,134.19,134.84,133.48,133.56,12572019
2025-08-19 04:00:00+00:00,133.54,134.86,133.45,134.41,13578230
2025-08-20 04:00:00+00:00,134.66,135.83,134.65,135.14,14607012
2025-08-21 04:00:00+00:00,134.85,136.08,134.59,134.69,13218890
2025-08-22 04:00:00+00:00,135.43,136.63,135.43,135.8,11898622
2025-08-25 04:00:00+00:00,135.77,135.89,133.76,133.86,10680951
2025-08-26 04:00:00+00:00,134.25,134.82,134.0,134.7,11397519
2025-08-27 04:00:00+00:00,134.64,135.35,134.38,134.62,8321680
2025-08-28 04:00:00+00:00,134.48,134.5,133.43,134.09,9165745
2025-08-29 04:00:00+00:00,134.19,135.11,134.03,135.07,9652487
2025-09-02 04:00:00+00:00,134.54,135.38,134.12,135.2,13325289
2025-09-03 04:00:00+00:00,134.76,135.4,133.9,134.56,12585986
2025-09-04 04:00:00+00:00,134.45,135.11,133.74,135.07,11778622
2025-09-05 04:00:00+00:00,134.92,136.0,134.7,135.53,14646453
2025-09-08 04:00:00+00:00,135.1,135.5,134.03,135.48,15753324
2025-09-09 04:00:00+00:00,135.69,136.58,135.36,136.21,12249641
2025-09-10 04:00:00+00:00,136.13,136.13,134.46,134.97,13588587
2025-09-11 04:00:00+00:00,135.67,137.59,135.52,137.32,16467715
2025-09-12 04:00:00+00:00,136.84,137.41,135.73,135.74,11345384
2025-09-15 04:00:00+00:00,135.89,136.16,134.31,134.58,11233821
2025-09-16 04:00:00+00:00,134.31,135.03,134.19,134.58,12443784
2025-09-17 04:00:00+00:00,134.78,135.92,134.49,134.85,12501479
2025-09-18 04:00:00+00:00,134.85,135.57,134.54,135.11,11472923
2025-09-19 04:00:00+00:00,135.45,135.53,134.83,134.93,11281215
2025-09-22 04:00:00+00:00,134.46,135.52,134.16,134.9,9732678
2025-09-23 04:00:00+00:00,134.53,135.61,134.43,135.2,9902975
2025-09-24 04:00:00+00:00,135.09,135.32,134.43,134.66,7472029
2025-09-25 04:00:00+00:00,134.4,134.45,132.03,132.43,14099731
2025-09-26 04:00:00+00:00,133.44,133.9,132.93,133.78,10070970
2025-09-29 04:00:00+00:00,133.96,134.25,133.03,134.18,7735785
2025-09-30 04:00:00+00:00,134.04,137.73,133.95,137.41,19313484
2025-10-01 04:00:00+00:00,138.03,141.91,137.83,141.65,23657940
2025-10-02 04:00:00+00:00,140.35,141.75,140.34,141.38,15176210
2025-10-03 04:00:00+00:00,141.75,144.28,141.74,142.99,15829184
2025-10-06 04:00:00+00:00,143.06,143.22,142.15,142.29,12879875
2025-10-07 04:00:00+00:00,142.29,142.83,141.46,142.4,12479060
2025-10-08 04:00:00+00:00,142.76,143.13,142.2,142.68,8925752
2025-10-09 04:00:00+00:00,142.95,143.41,142.13,142.36,7657022
2025-10-10 04:00:00+00:00,142.78,142.91,140.14,140.31,13350120
2025-10-13 04:00:00+00:00,139.93,141.13,139.84,140.15,8257651
2025-10-14 04:00:00+00:00,139.81,141.05,139.26,140.54,10044898
2025-10-15 04:00:00+00:00,140.22,141.44,139.57,140.75,7260807
2025-10-16 04:00:00+00:00,141.04,141.82,140.16,140.52,11194125
2025-10-17 04:00:00+00:00,139.79,141.6,139.59,141.45,8160283
2025-10-20 04:00:00+00:00,141.89,143.15,141.74,142.96,8435874
2025-10-21 04:00:00+00:00,143.21,143.78,142.51,143.29,9028673
2025-10-22 04:00:00+00:00,144.36,144.87,143.69,144.11,12697036
2025-10-23 04:00:00+00:00,143.67,144.65,143.53,144.19,7924931
2025-10-24 04:00:00+00:00,144.44,144.9,144.03,144.18,7007605
2025-10-27 04:00:00+00:00,144.24,144.59,143.38,144.52,6466708
2025-10-28 04:00:00+00:00,144.55,144.68,143.35,143.61,8647931
2025-10-29 04:00:00+00:00,143.38,143.6,141.75,142.16,12416716
2025-10-30 04:00:00+00:00,142.14,143.6,141.95,142.47,10756064
2025-10-31 04:00:00+00:00,141.21,142.66,140.89,142.42,10581161
2025-11-03 05:00:00+00:00,142.24,142.72,141.02,142.62,12279262
2025-11-04 05:00:00+00:00,141.95,143.64,141.67,143.26,14182235
2025-11-05 05:00:00+00:00,142.8,144.41,142.55,143.81,13154600
2025-11-06 05:00:00+00:00,143.3,144.26,143.1,144.09,14395750
2025-11-07 05:00:00+00:00,143.99,144.3,142.89,144.29,14522910
2025-11-10 05:00:00+00:00,143.94,145.56,143.87,145.41,12305941
2025-11-11 05:00:00+00:00,145.73,148.9,145.73,148.77,12659543
2025-11-12 05:00:00+00:00,149.08,151.22,148.81,150.88,17847485
2025-11-13 05:00:00+00:00,150.11,152.56,149.94,150.8,21807600
2025-11-14 05:00:00+00:00,150.29,150.98,149.27,149.91,15468941
2025-11-17 05:00:00+00:00,149.42,151.38,149.23,149.78,17516532
2025-11-18 05:00:00+00:00,149.83,151.19,149.24,150.66,24494241
2025-11-19 05:00:00+00:00,150.55,150.99,149.65,150.4,17352598
2025-11-20 05:00:00+00:00,150.56,151.4,149.21,149.5,25278517
2025-11-21 05:00:00+00:00,149.87,153.74,149.79,152.65,25526095
2025-11-24 05:00:00+00:00,153.17,154.18,152.52,153.29,17928640
2025-11-25 05:00:00+00:00,153.8,156.88,153.8,156.76,17298557
2025-11-26 05:00:00+00:00,156.41,156.94,156.15,156.41,12399075
2025-11-28 05:00:00+00:00,156.2,156.24,155.17,155.65,8559710
2025-12-01 05:00:00+00:00,155.05,155.86,153.21,153.32,17321233
2025-12-02 05:00:00+00:00,153.28,153.5,152.18,152.4,16150322
2025-12-03 05:00:00+00:00,152.71,153.81,152.7,153.12,12724849
2025-12-04 05:00:00+00:00,153.04,153.07,151.43,151.95,13674602
2025-12-05 05:00:00+00:00,152.49,152.67,151.02,151.32,8868992
2025-12-08 05:00:00+00:00,151.41,151.48,149.28,149.51,10996043
2025-12-09 05:00:00+00:00,150.07,150.74,147.95,148.06,11543305
2025-12-10 05:00:00+00:00,148.47,150.25,147.97,150.21,15534765
2025-12-11 05:00:00+00:00,150.82,152.35,150.33,151.63,14703435
2025-12-12 05:00:00+00:00,151.8,152.6,151.47,152.11,13175937
2025-12-15 05:00:00+00:00,152.51,154.33,152.48,154.12,14681832
2025-12-16 05:00:00+00:00,154.06,154.14,151.15,152.12,12491637
2025-12-17 05:00:00+00:00,152.28,152.82,151.72,151.84,9093708
2025-12-18 05:00:00+00:00,151.8,153.21,151.73,151.96,8876431
2025-12-19 05:00:00+00:00,151.97,153.8,151.97,152.98,8571505
2025-12-22 05:00:00+00:00,152.84,154.05,152.5,153.99,7063672
2025-12-23 05:00:00+00:00,153.38,154.34,153.33,153.68,7465847
2025-12-24 05:00:00+00:00,153.86,154.62,153.84,154.48,3085686
2025-12-26 05:00:00+00:00,154.37,154.8,154.03,154.73,4439338
2025-12-29 05:00:00+00:00,154.75,155.17,154.36,154.49,6357305
2025-12-30 05:00:00+00:00,154.34,154.66,153.88,154.36,4355090
2025-12-31 05:00:00+00:00,154.28,154.52,153.45,153.49,4199871
2026-01-02 05:00:00+00:00,153.56,154.25,152.27,154.19,10997959
2026-01-05 05:00:00+00:00,153.28,154.07,151.67,153.73,17736586
2026-01-06 05:00:00+00:00,153.83,156.99,153.83,156.75,17783789
2026-01-07 05:00:00+00:00,157.2,159.23,157.2,158.31,14505685
2026-01-08 05:00:00+00:00,157.8,159.14,156.27,156.78,17610979
2026-01-09 05:00:00+00:00,156.99,157.58,155.93,155.98,12352031
2026-01-12 05:00:00+00:00,156.0,156.17,154.69,156.05,12250050
2026-01-13 05:00:00+00:00,156.32,156.34,154.42,155.41,11756519
2026-01-14 05:00:00+00:00,155.28,156.65,155.16,156.52,13516844
2026-01-15 05:00:00+00:00,155.98,156.12,154.05,155.63,15303752
2026-01-16 05:00:00+00:00,155.31,155.64,154.39,154.42,11950342
2026-01-20 05:00:00+00:00,152.69,154.6,151.93,154.08,12775604
2026-01-21 05:00:00+00:00,153.89,157.17,153.83,156.92,16393897
2026-01-22 05:00:00+00:00,156.32,157.88,156.17,156.95,10881377
2026-01-23 05:00:00+00:00,156.46,157.04,155.33,156.15,10191324
2026-01-26 05:00:00+00:00,156.04,156.99,155.57,156.76,6810415
2026-01-27 05:00:00+00:00,154.48,155.76,153.82,154.13,12697519
2026-01-28 05:00:00+00:00,152.99,153.84,152.17,153.0,11426592
2026-01-29 05:00:00+00:00,152.94,153.36,152.2,152.52,12167310
2026-01-30 05:00:00+00:00,152.81,153.62,151.99,153.43,11863923
2026-02-02 05:00:00+00:00,153.27,154.69,153.09,154.37,11005278
2026-02-03 05:00:00+00:00,153.46,155.79,152.55,152.8,21141876
2026-02-04 05:00:00+00:00,153.5,155.45,152.92,154.71,22951614
2026-02-05 05:00:00+00:00,154.14,155.64,153.37,153.53,21421561
2026-02-06 05:00:00+00:00,154.72,156.46,154.59,156.37,13616185
2026-02-09 05:00:00+00:00,156.24,156.81,154.71,155.0,11822965
2026-02-10 05:00:00+00:00,155.33,155.83,153.93,154.01,11103681
2026-02-11 05:00:00+00:00,153.87,155.06,153.07,154.93,11738571
2026-02-12 05:00:00+00:00,154.89,156.09,154.16,154.68,19409285
2026-02-13 05:00:00+00:00,155.19,157.46,155.19,156.34,16647937
2026-02-17 05:00:00+00:00,156.69,157.56,155.8,156.04,14881059
2026-02-18 05:00:00+00:00,155.86,156.46,155.16,156.34,11886340
2026-02-19 05:00:00+00:00,155.87,156.38,154.86,155.93,11227277
2026-02-20 05:00:00+00:00,155.67,155.92,154.55,155.49,13368518
2026-02-23 05:00:00+00:00,155.8,157.34,155.8,157.2,17055561
2026-02-24 05:00:00+00:00,156.67,157.16,155.98,156.53,12889137
2026-02-25 05:00:00+00:00,156.53,157.88,156.29,156.49,11013386
2026-02-26 05:00:00+00:00,156.73,156.83,154.77,156.09,15346148
2026-02-27 05:00:00+00:00,155.41,158.88,155.38,158.84,14251991
2026-03-02 05:00:00+00:00,157.84,158.49,156.65,157.19,18643687
2026-03-03 05:00:00+00:00,155.33,156.06,153.69,155.41,21434518
2026-03-04 05:00:00+00:00,155.41,156.25,154.35,155.72,12747393
2026-03-05 05:00:00+00:00,153.82,154.38,151.43,152.61,20479028
2026-03-06 05:00:00+00:00,151.49,151.69,149.67,151.41,18176218
2026-03-09 04:00:00+00:00,150.49,153.24,149.85,152.95,18677822
2026-03-10 04:00:00+00:00,153.1,153.23,151.71,151.85,17249552
2026-03-11 04:00:00+00:00,151.54,151.86,150.65,151.56,12505545
2026-03-12 04:00:00+00:00,150.66,151.19,148.75,148.89,15672156
2026-03-13 04:00:00+00:00,149.76,151.01,148.4,148.52,15131093
2026-03-16 04:00:00+00:00,149.47,150.45,149.11,149.73,10898432
2026-03-17 04:00:00+00:00,149.94,150.56,148.27,148.37,11940384
2026-03-18 04:00:00+00:00,147.46,147.79,145.77,145.89,15567501
2026-03-19 04:00:00+00:00,145.89,146.84,145.06,145.37,16914829
2026-03-20 04:00:00+00:00,145.24,145.78,143.44,144.1,16584292
2026-03-23 04:00:00+00:00,145.92,146.12,143.96,144.13,21817389
2026-03-24 04:00:00+00:00,143.32,144.66,142.75,144.15,24232641
2026-03-25 04:00:00+00:00,145.05,146.05,144.71,145.6,17744918
2026-03-26 04:00:00+00:00,145.11,146.26,144.99,145.1,13322581
2026-03-27 04:00:00+00:00,145.08,145.16,142.44,142.63,12934205
2026-03-30 04:00:00+00:00,143.67,143.99,142.8,143.19,14801706
2026-03-31 04:00:00+00:00,144.17,146.11,143.96,145.97,17867660
2026-04-01 04:00:00+00:00,146.57,148.11,146.3,147.08,16901086
2026-04-02 04:00:00+00:00,146.28,147.71,145.63,146.17,11089547
2026-04-06 04:00:00+00:00,145.64,146.49,145.12,145.64,7274769
2026-04-07 04:00:00+00:00,146.26,146.26,144.24,145.93,10265234
2026-04-08 04:00:00+00:00,147.55,149.04,146.85,149.01,8132477
2026-04-09 04:00:00+00:00,148.18,149.56,147.65,148.67,6408105
2026-04-10 04:00:00+00:00,149.12,149.18,146.46,146.66,6219965
2026-04-13 04:00:00+00:00,146.23,147.39,145.6,147.32,6185011
2026-04-14 04:00:00+00:00,146.73,148.94,146.59,148.18,7724526
2026-04-15 04:00:00+00:00,148.21,148.55,146.24,147.12,6671399
2026-04-16 04:00:00+00:00,146.54,147.55,145.64,145.97,9074333
2026-04-17 04:00:00+00:00,146.72,148.46,146.71,148.15,8339955
2026-04-20 04:00:00+00:00,147.8,148.09,146.5,146.77,6327341
2026-04-21 04:00:00+00:00,147.64,147.91,145.24,145.28,8737394
2026-04-22 04:00:00+00:00,145.87,146.93,145.36,145.74,8318572
2026-04-23 04:00:00+00:00,145.56,146.13,144.52,145.6,7613793
2026-04-24 04:00:00+00:00,144.6,144.89,143.04,143.55,7972273
2026-04-27 04:00:00+00:00,143.05,144.57,142.79,142.83,6573778
2026-04-28 04:00:00+00:00,143.93,144.22,142.65,143.21,8614172
2026-04-29 04:00:00+00:00,141.64,142.62,141.35,142.21,11887514
2026-04-30 04:00:00+00:00,143.05,145.65,143.03,145.35,12589657
2026-05-01 04:00:00+00:00,145.65,145.96,144.51,144.52,8867814
2026-05-04 04:00:00+00:00,143.92,144.57,143.69,144.09,10877749
2026-05-05 04:00:00+00:00,144.64,145.02,143.78,144.66,7176909
2026-05-06 04:00:00+00:00,144.72,145.51,144.26,144.76,10615271
2026-05-07 04:00:00+00:00,144.54,145.2,143.63,144.08,7610130
2026-05-08 04:00:00+00:00,143.95,144.43,142.55,142.86,10167860
2026-05-11 04:00:00+00:00,143.11,144.38,142.04,142.41,9258140
2026-05-12 04:00:00+00:00,143.17,146.0,142.56,145.21,11899373
2026-05-13 04:00:00+00:00,144.68,146.33,144.49,146.07,15843502
2026-05-14 04:00:00+00:00,146.2,146.75,145.29,145.99,7765645
2026-05-15 04:00:00+00:00,146.12,146.51,144.25,144.46,9041736
2026-05-18 04:00:00+00:00,143.87,145.15,143.49,145.08,7951007
2026-05-19 04:00:00+00:00,144.98,147.42,144.21,146.67,12389817
2026-05-20 04:00:00+00:00,146.89,147.37,145.65,146.48,10529426
2026-05-21 04:00:00+00:00,146.25,147.65,145.2,147.5,7169198
2026-05-22 04:00:00+00:00,148.44,149.66,148.35,149.23,6919085
2026-05-26 04:00:00+00:00,149.29,149.64,147.79,147.86,6598448
2026-05-27 04:00:00+00:00,148.04,149.54,147.63,148.14,10064207
2026-05-28 04:00:00+00:00,148.49,150.69,148.46,150.22,10401576
2026-05-29 04:00:00+00:00,150.19,150.38,148.45,148.81,13201736
2026-06-01 04:00:00+00:00,147.87,148.23,146.61,147.19,12585434
2026-06-02 04:00:00+00:00,146.11,146.62,144.67,145.76,12026376
2026-06-03 04:00:00+00:00,145.52,147.4,145.43,146.9,9837657
2026-06-04 04:00:00+00:00,149.72,151.87,149.63,151.41,14053792
2026-06-05 04:00:00+00:00,152.71,154.02,152.25,152.34,20725417
2026-06-08 04:00:00+00:00,152.57,153.79,151.74,151.98,10641838
2026-06-09 04:00:00+00:00,152.81,154.29,152.51,153.89,13093795
2026-06-10 04:00:00+00:00,154.28,154.45,152.15,152.18,11714033
2026-06-11 04:00:00+00:00,152.79,154.48,152.19,153.41,10550354
2026-06-12 04:00:00+00:00,154.29,154.47,152.7,153.13,9112840
2026-06-15 04:00:00+00:00,153.03,153.2,151.1,152.22,9527870
2026-06-16 04:00:00+00:00,152.93,153.04,151.05,152.27,8631695
2026-06-17 04:00:00+00:00,151.38,151.89,149.31,150.05,10993110
2026-06-18 04:00:00+00:00,150.61,150.61,148.14,148.74,10911352
2026-06-22 04:00:00+00:00,149.33,150.62,149.06,150.06,11708357
2026-06-23 04:00:00+00:00,151.49,152.425,150.995,152.18,9481534
2026-06-24 04:00:00+00:00,153.13,154.67,152.46,153.35,10071963
2026-06-25 04:00:00+00:00,153.95,157.205,153.59,155.63,9427495
2026-06-26 04:00:00+00:00,156.32,160.64,156.18,160.34,16566242
2026-06-29 04:00:00+00:00,160.7,161.09,159.88,160.74,12937642
2026-06-30 04:00:00+00:00,161.01,161.25,157.96,158.66,11561794
2026-07-01 04:00:00+00:00,159.61,159.96,158.5,159.54,10125800
2026-07-02 04:00:00+00:00,160.67,163.85,160.38,163.74,14724764
2026-07-06 04:00:00+00:00,163.2,163.4505,160.25,161.96,16126586
2026-07-07 04:00:00+00:00,164.75,165.605,163.88,164.44,12145956
2026-07-08 04:00:00+00:00,163.415,163.99,162.255,162.3,9289988
2026-07-09 04:00:00+00:00,161.8,163.42,161.36,162.17,9578457
2026-07-10 04:00:00+00:00,162.48,162.66,160.24,160.84,9499323
2026-07-13 04:00:00+00:00,160.97,162.24,160.32,161.41,6875070
2026-07-14 04:00:00+00:00,159.78,160.08,157.78,158.29,11525503
2026-07-15 04:00:00+00:00,157.38,159.35,157.25,158.29,10887183
2026-07-16 04:00:00+00:00,160.35,162.64,159.94,161.8,11821040
2026-07-17 04:00:00+00:00,161.81,164.0,160.88,161.09,9168561
2026-07-20 04:00:00+00:00,161.0,161.485,159.18,159.25,6635663
2026-07-21 04:00:00+00:00,157.53,160.37,157.23,160.25,6594084
2026-07-22 04:00:00+00:00,160.97,160.97,158.945,159.43,5601064
2026-07-23 04:00:00+00:00,159.9,161.61,159.32,161.44,6447593
2026-07-24 04:00:00+00:00,162.47,163.25,161.58,162.57,7647419
2026-07-27 04:00:00+00:00,163.01,164.57,162.35,163.4,8068028
2026-07-28 04:00:00+00:00,165.99,168.53,165.75,167.26,12773969
2026-07-29 04:00:00+00:00,167.15,168.155,165.77,166.24,11653156
2026-07-30 04:00:00+00:00,163.25,163.95,161.86,163.52,12486441
2026-07-31 04:00:00+00:00,162.31,163.23,160.73,162.55,9593996
2026-08-03 04:00:00+00:00,163.63,164.73,161.35,162.24,10988151
