timestamp,open,high,low,close,volume
2017-02-01 05:00:00+00:00,42.49,42.56,42.18,42.34,10648028
2017-02-02 05:00:00+00:00,42.27,42.49,42.22,42.3,8222534
2017-02-03 05:00:00+00:00,42.17,42.32,42.09,42.25,7555294
2017-02-06 05:00:00+00:00,42.13,42.23,42.05,42.12,8226666
2017-02-07 05:00:00+00:00,42.14,42.21,42.04,42.08,13169114
2017-02-08 05:00:00+00:00,42.08,42.39,42.08,42.34,8412038
2017-02-09 05:00:00+00:00,42.36,42.71,42.36,42.61,7287132
2017-02-10 05:00:00+00:00,42.67,42.88,42.65,42.87,8095552
2017-02-13 05:00:00+00:00,42.97,43.02,42.86,42.92,9268660
2017-02-14 05:00:00+00:00,42.9,43.16,42.88,43.16,6619672
2017-02-15 05:00:00+00:00,43.09,43.4,43.02,43.39,10415822
2017-02-16 05:00:00+00:00,43.34,43.39,43.09,43.17,6680780
2017-02-17 05:00:00+00:00,43.06,43.31,43.06,43.31,7991122
2017-02-21 05:00:00+00:00,43.5,43.65,43.39,43.56,7583352
2017-02-22 05:00:00+00:00,43.51,43.61,43.47,43.56,4931262
2017-02-23 05:00:00+00:00,43.61,43.66,43.23,43.26,7166600
2017-02-24 05:00:00+00:00,43.19,43.46,43.09,43.46,9798442
2017-02-27 05:00:00+00:00,43.48,43.54,43.33,43.51,7214370
2017-02-28 05:00:00+00:00,43.4,43.41,43.15,43.19,8921008
2017-03-01 05:00:00+00:00,43.65,43.79,43.51,43.65,18206830
2017-03-02 05:00:00+00:00,43.65,43.72,43.53,43.57,8668734
2017-03-03 05:00:00+00:00,43.52,43.61,43.34,43.5,6767246
2017-03-06 05:00:00+00:00,43.36,43.41,43.2,43.36,5339890
2017-03-07 05:00:00+00:00,43.35,43.37,43.17,43.22,6326902
2017-03-08 05:00:00+00:00,43.29,43.48,43.27,43.4,5484350
2017-03-09 05:00:00+00:00,43.38,43.49,43.24,43.36,5645218
2017-03-10 05:00:00+00:00,43.55,43.59,43.34,43.43,7153582
2017-03-13 04:00:00+00:00,43.46,43.56,43.4,43.54,5095932
2017-03-14 04:00:00+00:00,43.5,43.6,43.39,43.53,8156062
2017-03-15 04:00:00+00:00,43.62,43.85,43.48,43.76,7895720
2017-03-16 04:00:00+00:00,43.79,43.87,43.71,43.76,14447940
2017-03-17 04:00:00+00:00,43.68,43.77,43.55,43.68,9970470
2017-03-20 04:00:00+00:00,43.72,43.73,43.49,43.58,5278018
2017-03-21 04:00:00+00:00,43.68,43.75,43.0,43.03,9635052
2017-03-22 04:00:00+00:00,42.99,43.14,42.83,43.08,13198092
2017-03-23 04:00:00+00:00,43.15,43.4,43.05,43.18,7454596
2017-03-24 04:00:00+00:00,43.22,43.42,43.1,43.28,6826510
2017-03-27 04:00:00+00:00,43.02,43.34,42.86,43.27,9931154
2017-03-28 04:00:00+00:00,43.26,43.69,43.19,43.6,8936366
2017-03-29 04:00:00+00:00,43.6,43.89,43.55,43.86,9428862
2017-03-30 04:00:00+00:00,43.78,43.98,43.74,43.97,10187688
2017-03-31 04:00:00+00:00,43.9,44.09,43.89,43.98,5079652
2017-04-03 04:00:00+00:00,43.98,44.01,43.55,43.8,12915938
2017-04-04 04:00:00+00:00,43.68,43.8,43.64,43.73,9063684
2017-04-05 04:00:00+00:00,43.9,44.13,43.57,43.63,9002778
2017-04-06 04:00:00+00:00,43.65,43.9,43.64,43.76,6289544
2017-04-07 04:00:00+00:00,43.68,43.78,43.57,43.63,8079400
2017-04-10 04:00:00+00:00,43.65,43.94,43.63,43.79,4970664
2017-04-11 04:00:00+00:00,43.78,43.85,43.44,43.76,11090696
2017-04-12 04:00:00+00:00,43.72,43.77,43.55,43.58,5059492
2017-04-13 04:00:00+00:00,43.52,43.66,43.28,43.28,10536132
2017-04-17 04:00:00+00:00,43.39,43.72,43.39,43.72,7340188
2017-04-18 04:00:00+00:00,43.62,43.8,43.51,43.73,5259002
2017-04-19 04:00:00+00:00,43.87,44.05,43.73,43.77,7686434
2017-04-20 04:00:00+00:00,43.95,44.31,43.94,44.23,9376528
2017-04-21 04:00:00+00:00,44.17,44.21,44.02,44.13,7520046
2017-04-24 04:00:00+00:00,44.59,44.6,44.36,44.41,9163418
2017-04-25 04:00:00+00:00,44.56,44.82,44.56,44.76,12226628
2017-04-26 04:00:00+00:00,44.88,45.16,44.82,44.97,8367988
2017-04-27 04:00:00+00:00,45.2,45.27,45.09,45.21,8156764
2017-04-28 04:00:00+00:00,45.31,45.39,44.98,45.04,11740592
2017-05-01 04:00:00+00:00,45.13,45.26,45.04,45.09,12259606
2017-05-02 04:00:00+00:00,45.12,45.14,44.88,45.14,8188688
2017-05-03 04:00:00+00:00,45.21,45.23,44.75,44.88,5844544
2017-05-04 04:00:00+00:00,44.91,44.91,44.64,44.81,13114678
2017-05-05 04:00:00+00:00,44.99,45.09,44.77,45.09,6782912
2017-05-08 04:00:00+00:00,45.25,45.26,45.01,45.18,5147088
2017-05-09 04:00:00+00:00,45.27,45.47,45.19,45.43,20882620
2017-05-10 04:00:00+00:00,45.25,45.29,45.11,45.28,7186368
2017-05-11 04:00:00+00:00,45.19,45.19,44.73,45.01,10009786
2017-05-12 04:00:00+00:00,45.05,45.05,44.89,44.94,6730712
2017-05-15 04:00:00+00:00,44.95,45.14,44.9,44.95,8912928
2017-05-16 04:00:00+00:00,44.98,45.01,44.77,44.8,8710784
2017-05-17 04:00:00+00:00,44.52,44.64,44.07,44.09,17280994
2017-05-18 04:00:00+00:00,44.07,44.53,44.07,44.33,14872316
2017-05-19 04:00:00+00:00,44.4,44.77,44.35,44.63,7751724
2017-05-22 04:00:00+00:00,44.71,44.9,44.69,44.85,6139340
2017-05-23 04:00:00+00:00,44.98,44.98,44.61,44.67,4395210
2017-05-24 04:00:00+00:00,44.67,44.86,44.5,44.84,9093378
2017-05-25 04:00:00+00:00,44.99,45.38,44.99,45.24,7024104
2017-05-26 04:00:00+00:00,45.3,45.4,45.25,45.37,4757568
2017-05-30 04:00:00+00:00,45.37,45.52,45.37,45.41,5690398
2017-05-31 04:00:00+00:00,45.49,45.55,45.17,45.53,10644224
2017-06-01 04:00:00+00:00,45.73,45.96,45.51,45.96,10595666
2017-06-02 04:00:00+00:00,45.98,46.17,45.92,46.12,6585480
2017-06-05 04:00:00+00:00,46.17,46.21,45.91,46.0,21290164
2017-06-06 04:00:00+00:00,45.84,45.93,45.57,45.6,7416338
2017-06-07 04:00:00+00:00,45.67,45.76,45.58,45.68,9593464
2017-06-08 04:00:00+00:00,45.69,45.74,45.33,45.39,11190418
2017-06-09 04:00:00+00:00,45.43,45.5,44.78,45.19,23348112
2017-06-12 04:00:00+00:00,45.04,45.28,44.98,45.16,13071886
2017-06-13 04:00:00+00:00,45.27,45.51,45.25,45.44,8785204
2017-06-14 04:00:00+00:00,45.61,45.68,45.18,45.42,9912252
2017-06-15 04:00:00+00:00,45.08,45.26,44.86,45.23,7378492
2017-06-16 04:00:00+00:00,45.25,45.25,44.82,45.08,16260440
2017-06-19 04:00:00+00:00,45.27,45.49,45.15,45.42,6984062
2017-06-20 04:00:00+00:00,45.34,45.35,44.84,44.85,6907442
2017-06-21 04:00:00+00:00,44.97,44.99,44.76,44.92,6423468
2017-06-22 04:00:00+00:00,44.92,44.98,44.81,44.82,7914356
2017-06-23 04:00:00+00:00,44.82,44.82,44.62,44.76,8081010
2017-06-26 04:00:00+00:00,44.98,45.06,44.78,44.92,9613636
2017-06-27 04:00:00+00:00,44.83,44.99,44.57,44.57,8212848
2017-06-28 04:00:00+00:00,44.7,45.06,44.67,45.02,10451376
2017-06-29 04:00:00+00:00,44.93,44.98,44.23,44.58,10197194
2017-06-30 04:00:00+00:00,44.8,45.01,44.72,44.82,10796866
2017-07-03 04:00:00+00:00,44.94,45.16,44.75,44.77,5857082
2017-07-05 04:00:00+00:00,44.77,44.78,44.45,44.66,8093722
2017-07-06 04:00:00+00:00,44.39,44.52,44.18,44.21,7783674
2017-07-07 04:00:00+00:00,44.3,44.63,44.3,44.6,5400910
2017-07-10 04:00:00+00:00,44.64,44.77,44.51,44.69,5456554
2017-07-11 04:00:00+00:00,44.65,44.68,44.36,44.59,6532266
2017-07-12 04:00:00+00:00,44.86,45.01,44.83,44.95,6382146
2017-07-13 04:00:00+00:00,45.08,45.13,44.92,44.95,7105534
2017-07-14 04:00:00+00:00,45.09,45.15,44.89,45.1,12028928
2017-07-17 04:00:00+00:00,45.1,45.28,45.1,45.21,6480288
2017-07-18 04:00:00+00:00,45.17,45.42,45.13,45.41,7950066
2017-07-19 04:00:00+00:00,45.5,45.68,45.46,45.63,5733330
2017-07-20 04:00:00+00:00,45.68,45.71,45.38,45.53,10003812
2017-07-21 04:00:00+00:00,45.32,45.57,45.32,45.57,6786630
2017-07-24 04:00:00+00:00,45.58,45.58,45.36,45.41,4247264
2017-07-25 04:00:00+00:00,45.58,45.85,45.51,45.73,10391088
2017-07-26 04:00:00+00:00,45.81,45.82,45.66,45.71,6149634
2017-07-27 04:00:00+00:00,45.9,46.28,45.66,46.05,14444752
2017-07-28 04:00:00+00:00,45.6,45.75,45.52,45.7,7925890
2017-07-31 04:00:00+00:00,45.86,45.93,45.53,45.68,6448436
2017-08-01 04:00:00+00:00,45.82,45.85,45.62,45.76,9213824
2017-08-02 04:00:00+00:00,45.74,45.76,45.37,45.64,5928606
2017-08-03 04:00:00+00:00,45.59,45.75,45.49,45.51,7904550
2017-08-04 04:00:00+00:00,45.61,45.61,45.33,45.52,5121020
2017-08-07 04:00:00+00:00,45.6,45.69,45.54,45.62,7985638
2017-08-08 04:00:00+00:00,45.62,45.89,45.51,45.65,6186034
2017-08-09 04:00:00+00:00,45.11,45.41,45.02,45.39,10089898
2017-08-10 04:00:00+00:00,45.19,45.27,44.69,44.7,10319478
2017-08-11 04:00:00+00:00,44.59,45.03,44.59,44.93,10783486
2017-08-14 04:00:00+00:00,45.18,45.4,45.17,45.25,7932892
2017-08-15 04:00:00+00:00,45.23,45.27,44.83,44.84,6353752
2017-08-16 04:00:00+00:00,45.0,45.15,44.88,45.07,5069206
2017-08-17 04:00:00+00:00,44.95,45.0,44.35,44.35,10289896
2017-08-18 04:00:00+00:00,44.25,44.37,44.08,44.13,15037240
2017-08-21 04:00:00+00:00,44.11,44.27,43.95,44.21,21231506
2017-08-22 04:00:00+00:00,44.34,44.73,44.31,44.68,9231690
2017-08-23 04:00:00+00:00,44.38,44.46,44.23,44.3,10838958
2017-08-24 04:00:00+00:00,44.52,44.63,44.14,44.21,5639224
2017-08-25 04:00:00+00:00,44.34,44.51,44.24,44.32,7112118
2017-08-28 04:00:00+00:00,44.46,44.49,44.28,44.34,4441550
2017-08-29 04:00:00+00:00,44.06,44.35,43.99,44.3,5636958
2017-08-30 04:00:00+00:00,44.33,44.68,44.28,44.62,4635844
2017-08-31 04:00:00+00:00,44.75,44.87,44.68,44.83,8470660
2017-09-01 04:00:00+00:00,44.95,45.12,44.92,45.04,5217184
2017-09-05 04:00:00+00:00,44.91,45.1,44.59,44.86,10155430
2017-09-06 04:00:00+00:00,44.92,45.18,44.83,45.13,6148330
2017-09-07 04:00:00+00:00,45.23,45.29,44.64,44.75,11255394
2017-09-08 04:00:00+00:00,44.65,44.69,44.51,44.59,5312278
2017-09-11 04:00:00+00:00,44.75,44.87,44.71,44.82,7127646
2017-09-12 04:00:00+00:00,44.93,45.09,44.87,45.02,5557334
2017-09-13 04:00:00+00:00,45.0,45.35,45.0,45.35,6883820
2017-09-14 04:00:00+00:00,45.24,45.35,45.09,45.1,7639874
2017-09-15 04:00:00+00:00,44.86,44.99,44.79,44.82,8111866
2017-09-18 04:00:00+00:00,44.96,44.99,44.56,44.66,13794582
2017-09-19 04:00:00+00:00,44.67,44.74,44.46,44.62,15417258
2017-09-20 04:00:00+00:00,44.78,44.81,44.53,44.77,7600596
2017-09-21 04:00:00+00:00,44.76,44.81,44.62,44.7,9624444
2017-09-22 04:00:00+00:00,44.58,44.8,44.57,44.77,8512934
2017-09-25 04:00:00+00:00,44.76,44.86,44.53,44.68,15086566
2017-09-26 04:00:00+00:00,44.81,44.9,44.58,44.68,6323850
2017-09-27 04:00:00+00:00,44.8,45.01,44.6,44.93,10771500
2017-09-28 04:00:00+00:00,44.86,44.91,44.79,44.87,7489422
2017-09-29 04:00:00+00:00,44.88,45.09,44.86,45.04,7292090
2017-10-02 04:00:00+00:00,45.1,45.23,45.03,45.13,6132622
2017-10-03 04:00:00+00:00,45.2,45.32,45.17,45.32,9964598
2017-10-04 04:00:00+00:00,45.35,45.58,45.3,45.55,10245382
2017-10-05 04:00:00+00:00,45.62,45.82,45.56,45.81,14773042
2017-10-06 04:00:00+00:00,45.73,45.93,45.73,45.86,6455210
2017-10-09 04:00:00+00:00,45.94,45.95,45.67,45.72,9804056
2017-10-10 04:00:00+00:00,45.75,45.89,45.56,45.67,5616042
2017-10-11 04:00:00+00:00,45.7,45.75,45.58,45.7,9526850
2017-10-12 04:00:00+00:00,45.53,45.54,45.29,45.39,9635760
2017-10-13 04:00:00+00:00,45.48,45.65,45.42,45.61,5694124
2017-10-16 04:00:00+00:00,45.63,45.69,45.53,45.67,9820444
2017-10-17 04:00:00+00:00,45.66,45.77,45.58,45.7,5731126
2017-10-18 04:00:00+00:00,45.74,45.76,45.56,45.57,10703238
2017-10-19 04:00:00+00:00,45.38,45.58,45.27,45.57,9553308
2017-10-20 04:00:00+00:00,45.75,45.8,45.63,45.68,10083822
2017-10-23 04:00:00+00:00,45.73,45.77,45.34,45.37,6014890
2017-10-24 04:00:00+00:00,45.42,45.56,45.42,45.48,7582336
2017-10-25 04:00:00+00:00,45.39,45.46,45.06,45.31,9731926
2017-10-26 04:00:00+00:00,45.31,45.63,45.27,45.47,7436932
2017-10-27 04:00:00+00:00,45.81,46.23,45.59,46.2,12547018
2017-10-30 04:00:00+00:00,46.02,46.1,45.89,45.99,8958702
2017-10-31 04:00:00+00:00,46.04,46.09,45.96,46.0,6711414
2017-11-01 04:00:00+00:00,46.15,46.3,45.99,46.01,9245856
2017-11-02 04:00:00+00:00,45.89,45.94,45.5,45.67,9528352
2017-11-03 04:00:00+00:00,45.64,45.87,45.53,45.85,8090730
2017-11-06 05:00:00+00:00,45.76,46.21,45.76,46.19,8208054
2017-11-07 05:00:00+00:00,46.13,46.28,45.85,45.91,5124364
2017-11-08 05:00:00+00:00,45.84,45.99,45.8,45.96,5554212
2017-11-09 05:00:00+00:00,45.7,46.1,45.59,46.03,7195184
2017-11-10 05:00:00+00:00,46.02,46.25,45.98,46.19,5126918
2017-11-13 05:00:00+00:00,46.04,46.44,45.95,46.34,13280156
2017-11-14 05:00:00+00:00,46.2,46.39,46.07,46.38,8590488
2017-11-15 05:00:00+00:00,46.16,46.34,45.92,46.18,7044120
2017-11-16 05:00:00+00:00,46.26,46.61,46.22,46.56,8856380
2017-11-17 05:00:00+00:00,46.67,46.85,46.64,46.77,10564544
2017-11-20 05:00:00+00:00,46.85,46.96,46.76,46.86,4997152
2017-11-21 05:00:00+00:00,46.98,47.18,46.92,47.15,10603784
2017-11-22 05:00:00+00:00,47.17,47.29,47.14,47.2,6582824
2017-11-24 05:00:00+00:00,47.31,47.34,47.24,47.32,3555426
2017-11-27 05:00:00+00:00,47.44,47.55,47.26,47.35,8153694
2017-11-28 05:00:00+00:00,47.43,47.88,47.37,47.88,13050144
2017-11-29 05:00:00+00:00,47.92,48.21,47.84,48.08,12864638
2017-11-30 05:00:00+00:00,48.16,48.53,48.05,48.33,16735422
2017-12-01 05:00:00+00:00,48.28,48.46,47.63,48.31,24505458
2017-12-04 05:00:00+00:00,48.8,49.19,48.78,48.87,13902972
2017-12-05 05:00:00+00:00,48.85,48.97,48.57,48.59,15536206
2017-12-06 05:00:00+00:00,48.52,48.62,48.24,48.27,12937426
2017-12-07 05:00:00+00:00,48.24,48.49,48.17,48.4,8061356
2017-12-08 05:00:00+00:00,48.53,48.72,48.41,48.63,12000838
2017-12-11 05:00:00+00:00,48.67,48.75,48.56,48.73,7154890
2017-12-12 05:00:00+00:00,48.87,48.91,48.73,48.75,5613190
2017-12-13 05:00:00+00:00,48.85,48.91,48.72,48.79,7399668
2017-12-14 05:00:00+00:00,48.85,49.09,48.81,48.94,8805778
2017-12-15 05:00:00+00:00,49.0,49.12,48.87,48.99,14019408
2017-12-18 05:00:00+00:00,49.3,49.51,49.24,49.43,12410054
2017-12-19 05:00:00+00:00,49.48,49.54,49.28,49.37,14489774
2017-12-20 05:00:00+00:00,49.53,49.56,49.25,49.27,5134104
2017-12-21 05:00:00+00:00,49.33,49.7,49.29,49.59,5048860
2017-12-22 05:00:00+00:00,49.52,49.52,49.4,49.49,8643536
2017-12-26 05:00:00+00:00,49.43,49.66,49.43,49.6,3161372
2017-12-27 05:00:00+00:00,49.69,49.7,49.45,49.5,3863402
2017-12-28 05:00:00+00:00,49.68,49.68,49.53,49.64,10329638
2017-12-29 05:00:00+00:00,49.65,49.72,49.31,49.35,5544148
2018-01-02 05:00:00+00:00,49.56,50.1,49.56,50.08,10422542
2018-01-03 05:00:00+00:00,50.15,50.37,50.14,50.33,10942234
2018-01-04 05:00:00+00:00,50.52,50.56,50.23,50.49,7216696
2018-01-05 05:00:00+00:00,50.72,50.92,50.6,50.89,8748318
2018-01-08 05:00:00+00:00,50.92,51.04,50.85,50.95,5422846
2018-01-09 05:00:00+00:00,51.1,51.17,50.88,51.05,6621136
2018-01-10 05:00:00+00:00,50.87,51.09,50.75,51.02,5770358
2018-01-11 05:00:00+00:00,51.14,51.85,51.09,51.85,7663780
2018-01-12 05:00:00+00:00,51.95,52.54,51.88,52.52,8523616
2018-01-16 05:00:00+00:00,52.78,53.01,52.01,52.14,19552450
2018-01-17 05:00:00+00:00,52.39,52.5,52.06,52.39,14029114
2018-01-18 05:00:00+00:00,52.37,52.46,52.21,52.35,6965066
2018-01-19 05:00:00+00:00,52.6,52.81,52.44,52.8,7729706
2018-01-22 05:00:00+00:00,52.8,53.39,52.75,53.39,15643344
2018-01-23 05:00:00+00:00,53.67,53.9,53.57,53.84,8480700
2018-01-24 05:00:00+00:00,54.08,54.38,53.58,54.07,13058400
2018-01-25 05:00:00+00:00,54.3,54.34,53.74,53.97,10598350
2018-01-26 05:00:00+00:00,54.09,54.5,53.96,54.5,8061360
2018-01-29 05:00:00+00:00,54.45,54.67,54.23,54.35,14074946
2018-01-30 05:00:00+00:00,53.95,54.29,53.77,54.08,10870212
2018-01-31 05:00:00+00:00,54.33,54.52,53.79,53.91,22700790
2018-02-01 05:00:00+00:00,53.57,53.99,53.26,53.31,19214904
2018-02-02 05:00:00+00:00,53.54,54.0,52.68,52.8,21728544
2018-02-05 05:00:00+00:00,52.36,53.12,50.55,51.01,47906578
2018-02-06 05:00:00+00:00,50.0,52.43,49.87,52.32,46677472
2018-02-07 05:00:00+00:00,52.36,53.1,52.15,52.16,26660950
2018-02-08 05:00:00+00:00,52.23,52.37,50.04,50.08,31817744
2018-02-09 05:00:00+00:00,50.57,50.83,48.55,50.42,44549446
2018-02-12 05:00:00+00:00,50.9,51.38,50.37,51.1,25501542
2018-02-13 05:00:00+00:00,50.9,51.49,50.81,51.37,10449752
2018-02-14 05:00:00+00:00,51.12,52.29,51.08,52.19,13700710
2018-02-15 05:00:00+00:00,52.5,52.65,51.94,52.65,11440022
2018-02-16 05:00:00+00:00,52.49,52.82,52.28,52.4,9667810
2018-02-20 05:00:00+00:00,52.26,52.8,52.03,52.24,11924952
2018-02-21 05:00:00+00:00,52.47,53.01,52.16,52.16,10167700
2018-02-22 05:00:00+00:00,52.42,52.62,52.07,52.23,9123554
2018-02-23 05:00:00+00:00,52.53,52.96,52.28,52.96,6162118
2018-02-26 05:00:00+00:00,53.16,53.4,53.03,53.4,8125460
2018-02-27 05:00:00+00:00,53.45,53.45,52.26,52.27,13263384
2018-02-28 05:00:00+00:00,52.55,52.77,52.03,52.04,12465680
2018-03-01 05:00:00+00:00,52.09,52.34,50.96,51.48,19367172
2018-03-02 05:00:00+00:00,50.91,51.61,50.65,51.53,14682256
2018-03-05 05:00:00+00:00,51.34,52.25,51.21,52.14,10209196
2018-03-06 05:00:00+00:00,52.38,52.53,52.03,52.5,15400678
2018-03-07 05:00:00+00:00,51.98,52.27,51.72,52.15,10723906
2018-03-08 05:00:00+00:00,52.35,52.4,52.15,52.31,8551184
2018-03-09 05:00:00+00:00,52.67,53.14,52.52,53.12,7477248
2018-03-12 04:00:00+00:00,53.3,53.52,53.17,53.3,8791684
2018-03-13 04:00:00+00:00,53.59,53.7,52.84,52.92,11922460
2018-03-14 04:00:00+00:00,53.2,53.27,52.72,52.86,10412562
2018-03-15 04:00:00+00:00,52.96,53.08,52.71,52.8,7771998
2018-03-16 04:00:00+00:00,52.66,52.94,52.59,52.59,6864830
2018-03-19 04:00:00+00:00,52.4,52.42,51.56,51.94,11647166
2018-03-20 04:00:00+00:00,52.03,52.32,52.01,52.25,7838420
2018-03-21 04:00:00+00:00,52.31,52.6,52.05,52.21,11168218
2018-03-22 04:00:00+00:00,51.8,51.93,51.07,51.1,14055700
2018-03-23 04:00:00+00:00,51.24,51.46,50.08,50.09,18536244
2018-03-26 04:00:00+00:00,50.9,51.62,50.41,51.57,14831844
2018-03-27 04:00:00+00:00,51.78,51.89,50.24,50.56,12773064
2018-03-28 04:00:00+00:00,50.27,50.61,49.59,49.95,26156254
2018-03-29 04:00:00+00:00,50.0,50.9,49.64,50.65,15482622
2018-04-02 04:00:00+00:00,50.34,50.41,48.74,49.22,24308682
2018-04-03 04:00:00+00:00,49.51,50.11,49.13,49.84,14799456
2018-04-04 04:00:00+00:00,49.09,50.86,49.03,50.76,15147266
2018-04-05 04:00:00+00:00,51.19,51.6,50.9,51.44,8687298
2018-04-06 04:00:00+00:00,50.94,51.4,50.02,50.34,17793990
2018-04-09 04:00:00+00:00,50.7,50.99,50.17,50.22,8631804
2018-04-10 04:00:00+00:00,50.87,50.97,50.38,50.84,13029924
2018-04-11 04:00:00+00:00,50.62,51.13,50.5,50.68,9750972
2018-04-12 04:00:00+00:00,50.99,51.19,50.71,50.9,6260728
2018-04-13 04:00:00+00:00,51.17,51.26,50.43,50.61,8979400
2018-04-16 04:00:00+00:00,50.93,51.19,50.7,50.99,8935852
2018-04-17 04:00:00+00:00,51.49,52.04,51.49,51.94,8499144
2018-04-18 04:00:00+00:00,52.12,52.43,52.08,52.19,6672572
2018-04-19 04:00:00+00:00,52.2,52.32,51.77,52.02,20485698
2018-04-20 04:00:00+00:00,52.07,52.13,51.28,51.49,12730008
2018-04-23 04:00:00+00:00,51.58,51.94,51.29,51.6,14137864
2018-04-24 04:00:00+00:00,51.89,52.0,50.52,50.79,13629522
2018-04-25 04:00:00+00:00,50.69,51.12,50.26,51.0,21273590
2018-04-26 04:00:00+00:00,51.3,51.92,51.2,51.82,14718776
2018-04-27 04:00:00+00:00,52.51,52.63,51.93,52.06,9008286
2018-04-30 04:00:00+00:00,52.3,52.56,51.85,51.85,10156976
2018-05-01 04:00:00+00:00,51.68,51.95,51.28,51.92,11473848
2018-05-02 04:00:00+00:00,51.78,52.04,51.51,51.57,9747442
2018-05-03 04:00:00+00:00,51.35,51.47,50.68,51.34,15892856
2018-05-04 04:00:00+00:00,51.1,52.14,51.04,52.01,8196950
2018-05-07 04:00:00+00:00,52.28,52.34,52.0,52.19,7284292
2018-05-08 04:00:00+00:00,52.05,52.17,51.68,51.97,12745444
2018-05-09 04:00:00+00:00,52.05,52.18,51.72,52.16,8775214
2018-05-10 04:00:00+00:00,52.14,52.39,52.07,52.34,6129320
2018-05-11 04:00:00+00:00,52.34,52.51,52.27,52.45,9496674
2018-05-14 04:00:00+00:00,52.53,52.71,52.47,52.55,7140556
2018-05-15 04:00:00+00:00,52.27,52.34,52.0,52.24,9270428
2018-05-16 04:00:00+00:00,52.31,52.79,52.31,52.68,6857852
2018-05-17 04:00:00+00:00,52.56,52.88,52.37,52.5,12843126
2018-05-18 04:00:00+00:00,52.42,52.59,52.32,52.43,8773182
2018-05-21 04:00:00+00:00,52.69,52.86,52.55,52.73,22089450
2018-05-22 04:00:00+00:00,52.92,53.03,52.46,52.49,6098332
2018-05-23 04:00:00+00:00,52.3,52.88,52.24,52.87,10412638
2018-05-24 04:00:00+00:00,52.82,53.08,52.56,52.99,13799598
2018-05-25 04:00:00+00:00,52.96,53.27,52.91,53.07,8230562
2018-05-29 04:00:00+00:00,52.81,53.04,52.45,52.66,12526244
2018-05-30 04:00:00+00:00,52.9,53.2,52.78,53.14,10356602
2018-05-31 04:00:00+00:00,53.16,53.17,52.7,52.88,13117944
2018-06-01 04:00:00+00:00,53.11,53.33,53.06,53.27,11515646
2018-06-04 04:00:00+00:00,53.43,53.89,53.41,53.88,11068320
2018-06-05 04:00:00+00:00,53.9,54.23,53.79,54.18,9722256
2018-06-06 04:00:00+00:00,54.34,54.73,54.09,54.69,11514774
2018-06-07 04:00:00+00:00,54.82,55.04,54.67,54.85,11970900
2018-06-08 04:00:00+00:00,54.65,55.14,54.6,54.96,7818090
2018-06-11 04:00:00+00:00,54.97,55.3,54.97,55.18,6677618
2018-06-12 04:00:00+00:00,55.28,55.55,55.25,55.45,7081260
2018-06-13 04:00:00+00:00,55.49,55.82,55.43,55.53,10370828
2018-06-14 04:00:00+00:00,55.71,56.12,55.69,56.11,8730750
2018-06-15 04:00:00+00:00,55.71,56.11,55.68,56.06,18821594
2018-06-18 04:00:00+00:00,55.69,56.08,55.58,55.96,8497032
2018-06-19 04:00:00+00:00,55.47,55.9,55.37,55.89,13111230
2018-06-20 04:00:00+00:00,56.18,56.3,55.96,56.16,8020718
2018-06-21 04:00:00+00:00,56.24,56.31,55.66,55.76,15580892
2018-06-22 04:00:00+00:00,56.0,56.08,55.62,55.66,11970608
2018-06-25 04:00:00+00:00,55.43,55.43,54.14,54.45,24695594
2018-06-26 04:00:00+00:00,54.66,55.02,54.5,54.84,9421462
2018-06-27 04:00:00+00:00,55.06,55.26,54.12,54.13,13858954
2018-06-28 04:00:00+00:00,54.19,54.68,53.9,54.56,12109110
2018-06-29 04:00:00+00:00,54.95,55.18,54.64,54.65,11807534
2018-07-02 04:00:00+00:00,54.26,54.74,54.11,54.73,14071614
2018-07-03 04:00:00+00:00,54.98,54.98,54.36,54.45,5970524
2018-07-05 04:00:00+00:00,54.77,54.82,54.28,54.72,7777510
2018-07-06 04:00:00+00:00,54.74,55.23,54.61,55.15,10628754
2018-07-09 04:00:00+00:00,55.5,55.82,55.37,55.81,7819096
2018-07-10 04:00:00+00:00,55.92,55.99,55.67,55.93,6539460
2018-07-11 04:00:00+00:00,55.58,55.92,55.54,55.8,8980176
2018-07-12 04:00:00+00:00,56.01,56.22,55.77,56.17,5903126
2018-07-13 04:00:00+00:00,56.21,56.39,56.12,56.3,12216056
2018-07-16 04:00:00+00:00,56.44,56.53,56.22,56.44,6291558
2018-07-17 04:00:00+00:00,55.85,56.62,55.74,56.49,8262118
2018-07-18 04:00:00+00:00,56.46,56.66,56.28,56.46,13805034
2018-07-19 04:00:00+00:00,56.33,56.65,56.29,56.33,7306096
2018-07-20 04:00:00+00:00,56.33,56.42,56.05,56.08,6829954
2018-07-23 04:00:00+00:00,56.07,56.13,55.71,56.02,6800538
2018-07-24 04:00:00+00:00,56.36,56.45,55.72,55.85,10150202
2018-07-25 04:00:00+00:00,55.7,56.28,55.53,56.26,13672954
2018-07-26 04:00:00+00:00,56.2,56.4,55.85,55.97,12479846
2018-07-27 04:00:00+00:00,56.71,56.79,55.57,55.82,13255310
2018-07-30 04:00:00+00:00,55.83,55.92,55.22,55.39,13353552
2018-07-31 04:00:00+00:00,55.54,55.86,55.24,55.62,12644006
2018-08-01 04:00:00+00:00,55.69,55.74,55.12,55.36,10798838
2018-08-02 04:00:00+00:00,55.1,55.78,55.02,55.74,8976422
2018-08-03 04:00:00+00:00,55.85,56.01,55.75,55.93,6755286
2018-08-06 04:00:00+00:00,55.97,56.37,55.81,56.31,7498360
2018-08-07 04:00:00+00:00,56.42,56.65,56.31,56.54,6628476
2018-08-08 04:00:00+00:00,56.54,56.72,56.43,56.63,5594026
2018-08-09 04:00:00+00:00,56.61,57.04,56.5,56.84,11395604
2018-08-10 04:00:00+00:00,56.52,56.63,56.22,56.36,10307010
2018-08-13 04:00:00+00:00,56.52,56.57,56.06,56.08,13093302
2018-08-14 04:00:00+00:00,56.41,56.7,56.21,56.62,8856376
2018-08-15 04:00:00+00:00,56.33,56.33,55.6,55.93,12810374
2018-08-16 04:00:00+00:00,56.31,56.48,56.15,56.21,8105772
2018-08-17 04:00:00+00:00,56.15,56.36,55.88,56.26,6167062
2018-08-20 04:00:00+00:00,56.45,56.68,56.29,56.66,13662418
2018-08-21 04:00:00+00:00,56.82,57.3,56.8,57.11,8597330
2018-08-22 04:00:00+00:00,57.11,57.45,57.1,57.17,5593266
2018-08-23 04:00:00+00:00,57.21,57.42,57.01,57.11,9407334
2018-08-24 04:00:00+00:00,57.22,57.52,57.13,57.45,12970818
2018-08-27 04:00:00+00:00,57.73,57.9,57.68,57.82,6242204
2018-08-28 04:00:00+00:00,57.97,58.01,57.73,57.93,8333154
2018-08-29 04:00:00+00:00,58.09,58.62,57.97,58.58,16779002
2018-08-30 04:00:00+00:00,58.49,58.58,58.05,58.25,8934866
2018-08-31 04:00:00+00:00,58.21,58.59,58.21,58.48,8564922
2018-09-04 04:00:00+00:00,58.42,58.72,58.18,58.59,9746922
2018-09-05 04:00:00+00:00,58.54,58.55,57.91,57.96,16053016
2018-09-06 04:00:00+00:00,58.11,58.29,57.54,57.8,11282740
2018-09-07 04:00:00+00:00,57.53,58.15,57.4,57.79,9031676
2018-09-10 04:00:00+00:00,58.19,58.23,57.85,58.01,8254288
2018-09-11 04:00:00+00:00,57.88,58.51,57.78,58.47,9953374
2018-09-12 04:00:00+00:00,58.48,58.62,58.09,58.58,9612328
2018-09-13 04:00:00+00:00,58.8,58.87,58.56,58.68,10614662
2018-09-14 04:00:00+00:00,58.68,58.79,58.22,58.46,6310218
2018-09-17 04:00:00+00:00,58.38,58.39,57.69,57.74,10602812
2018-09-18 04:00:00+00:00,57.78,58.53,57.78,58.47,7581638
2018-09-19 04:00:00+00:00,58.55,58.64,58.25,58.5,6450146
2018-09-20 04:00:00+00:00,58.77,58.98,58.65,58.9,9935302
2018-09-21 04:00:00+00:00,59.0,59.04,58.44,58.46,16785296
2018-09-24 04:00:00+00:00,58.27,58.27,57.87,58.08,9873584
2018-09-25 04:00:00+00:00,58.22,58.37,58.09,58.33,8819260
2018-09-26 04:00:00+00:00,58.31,58.89,58.25,58.46,13588024
2018-09-27 04:00:00+00:00,58.47,58.81,58.38,58.66,11916588
2018-09-28 04:00:00+00:00,58.55,58.87,58.55,58.61,7172242
2018-10-01 04:00:00+00:00,58.96,59.07,58.43,58.43,16915618
2018-10-02 04:00:00+00:00,58.44,58.45,57.63,57.64,20934444
2018-10-03 04:00:00+00:00,57.93,57.98,57.42,57.45,20724184
2018-10-04 04:00:00+00:00,57.34,57.4,56.35,56.55,28512282
2018-10-05 04:00:00+00:00,56.58,56.8,55.67,56.12,15131340
2018-10-08 04:00:00+00:00,55.91,56.49,55.64,56.27,14749538
2018-10-09 04:00:00+00:00,56.2,56.82,56.06,56.1,11854078
2018-10-10 04:00:00+00:00,56.08,56.08,54.13,54.21,27612084
2018-10-11 04:00:00+00:00,53.87,54.62,52.79,53.26,57549580
2018-10-12 04:00:00+00:00,54.48,54.61,53.57,54.24,30464810
2018-10-15 04:00:00+00:00,54.23,54.57,53.86,54.12,15732802
2018-10-16 04:00:00+00:00,54.46,55.32,54.17,55.2,15437818
2018-10-17 04:00:00+00:00,55.2,55.2,54.2,54.75,20808474
2018-10-18 04:00:00+00:00,54.63,54.69,53.53,53.7,25506818
2018-10-19 04:00:00+00:00,53.79,54.0,52.99,53.17,17649134
2018-10-22 04:00:00+00:00,53.42,53.66,53.1,53.39,13898186
2018-10-23 04:00:00+00:00,52.57,53.6,52.25,53.4,21083624
2018-10-24 04:00:00+00:00,53.38,53.69,51.72,51.8,23763568
2018-10-25 04:00:00+00:00,52.32,53.66,52.2,53.37,21124836
2018-10-26 04:00:00+00:00,52.02,52.5,51.15,51.71,37511028
2018-10-29 04:00:00+00:00,52.25,52.77,50.5,51.25,28797652
2018-10-30 04:00:00+00:00,51.11,52.08,50.95,52.02,29036882
2018-10-31 04:00:00+00:00,52.74,53.24,52.56,52.69,18591234
2018-11-01 04:00:00+00:00,52.9,53.83,52.65,53.77,14019866
2018-11-02 04:00:00+00:00,54.25,54.65,53.42,53.99,15954618
2018-11-05 05:00:00+00:00,54.03,54.16,53.46,54.06,9606848
2018-11-06 05:00:00+00:00,53.99,54.43,53.93,54.3,9649510
2018-11-07 05:00:00+00:00,54.85,55.8,54.62,55.78,12979356
2018-11-08 05:00:00+00:00,55.54,56.08,55.38,55.79,8868884
2018-11-09 05:00:00+00:00,55.55,55.63,54.75,55.01,10662748
2018-11-12 05:00:00+00:00,54.89,55.06,53.8,53.91,12165060
2018-11-13 05:00:00+00:00,53.99,54.41,53.65,53.88,15927800
2018-11-14 05:00:00+00:00,54.4,54.74,53.33,53.48,16703366
2018-11-15 05:00:00+00:00,53.03,53.53,52.1,53.4,21863786
2018-11-16 05:00:00+00:00,52.89,53.34,52.61,53.19,11562278
2018-11-19 05:00:00+00:00,53.06,53.22,51.74,51.89,13527344
2018-11-20 05:00:00+00:00,50.28,51.9,50.16,50.71,24132526
2018-11-21 05:00:00+00:00,51.21,51.67,51.11,51.24,20402062
2018-11-23 05:00:00+00:00,50.97,51.33,50.97,51.01,5500738
2018-11-26 05:00:00+00:00,51.66,52.24,51.57,52.17,11866462
2018-11-27 05:00:00+00:00,51.97,52.37,51.82,52.31,12089460
2018-11-28 05:00:00+00:00,52.61,53.87,52.34,53.86,12832152
2018-11-29 05:00:00+00:00,53.79,53.94,53.29,53.61,9981306
2018-11-30 05:00:00+00:00,53.59,54.05,53.44,54.0,11559228
2018-12-03 05:00:00+00:00,55.11,55.3,54.65,55.01,12085180
2018-12-04 05:00:00+00:00,54.84,55.03,52.89,53.03,19643690
2018-12-06 05:00:00+00:00,52.07,53.28,51.76,53.28,23165406
2018-12-07 05:00:00+00:00,53.04,53.59,51.56,51.69,18853756
2018-12-10 05:00:00+00:00,51.63,51.99,50.68,51.73,19981888
2018-12-11 05:00:00+00:00,52.5,52.64,51.37,51.75,15983918
2018-12-12 05:00:00+00:00,52.3,52.91,52.2,52.29,14476138
2018-12-13 05:00:00+00:00,52.5,52.64,51.76,52.03,12258074
2018-12-14 05:00:00+00:00,51.49,52.06,51.0,51.17,12383018
2018-12-17 05:00:00+00:00,50.8,51.03,49.5,49.87,24121574
2018-12-18 05:00:00+00:00,50.17,50.77,49.9,50.26,18302856
2018-12-19 05:00:00+00:00,50.28,51.17,48.99,49.26,28924356
2018-12-20 05:00:00+00:00,48.97,49.2,47.52,48.16,35543174
2018-12-21 05:00:00+00:00,48.17,48.89,46.77,46.88,26956222
2018-12-24 05:00:00+00:00,46.45,47.08,45.87,45.99,16994370
2018-12-26 05:00:00+00:00,46.39,48.73,46.3,48.72,23733254
2018-12-27 05:00:00+00:00,48.06,48.98,47.03,48.98,22498176
2018-12-28 05:00:00+00:00,49.2,49.74,48.55,48.98,16730958
2018-12-31 05:00:00+00:00,49.39,49.71,49.03,49.51,12599522
2019-01-02 05:00:00+00:00,48.66,50.16,48.4,49.88,13828800
2019-01-03 05:00:00+00:00,49.5,49.62,48.72,48.8,12801498
2019-01-04 05:00:00+00:00,49.46,50.79,49.36,50.42,14785096
2019-01-07 05:00:00+00:00,50.66,51.89,50.63,51.56,12671146
2019-01-08 05:00:00+00:00,52.09,52.41,51.39,52.13,18857392
2019-01-09 05:00:00+00:00,52.25,52.62,51.93,52.39,10381878
2019-01-10 05:00:00+00:00,51.74,52.31,51.53,52.24,9694476
2019-01-11 05:00:00+00:00,52.07,52.46,51.98,52.29,6101144
2019-01-14 05:00:00+00:00,51.88,52.36,51.62,51.97,5944902
2019-01-15 05:00:00+00:00,51.98,52.54,51.9,52.44,7598312
2019-01-16 05:00:00+00:00,52.46,52.75,52.29,52.32,9022702
2019-01-17 05:00:00+00:00,52.06,52.83,51.97,52.68,8864392
2019-01-18 05:00:00+00:00,53.2,53.63,53.02,53.41,11737436
2019-01-22 05:00:00+00:00,53.17,53.29,52.17,52.61,21187838
2019-01-23 05:00:00+00:00,52.84,53.03,52.11,52.71,12282144
2019-01-24 05:00:00+00:00,52.75,52.99,52.6,52.93,8030078
2019-01-25 05:00:00+00:00,53.47,53.71,53.39,53.52,8842806
2019-01-28 05:00:00+00:00,52.99,53.21,52.69,53.21,13085008
2019-01-29 05:00:00+00:00,53.06,53.16,52.54,52.86,5827844
2019-01-30 05:00:00+00:00,53.28,54.06,53.24,53.89,12487676
2019-01-31 05:00:00+00:00,53.98,54.58,53.74,54.39,11509994
2019-02-01 05:00:00+00:00,53.93,54.13,53.48,53.6,11476548
2019-02-04 05:00:00+00:00,53.52,53.97,53.45,53.95,7467404
2019-02-05 05:00:00+00:00,54.11,54.54,54.11,54.45,8471952
2019-02-06 05:00:00+00:00,54.47,54.61,54.01,54.23,5923250
2019-02-07 05:00:00+00:00,53.84,53.97,53.33,53.78,9117984
2019-02-08 05:00:00+00:00,53.45,53.57,53.18,53.57,6692330
2019-02-11 05:00:00+00:00,53.75,53.88,53.58,53.66,6168702
2019-02-12 05:00:00+00:00,54.01,54.55,53.91,54.49,7856750
2019-02-13 05:00:00+00:00,54.71,54.98,54.58,54.85,7015768
2019-02-14 05:00:00+00:00,54.42,54.95,54.16,54.66,8379796
2019-02-15 05:00:00+00:00,55.0,55.15,54.85,55.03,7266824
2019-02-19 05:00:00+00:00,54.86,55.42,54.86,55.26,10359650
2019-02-20 05:00:00+00:00,55.29,55.5,54.81,55.37,15315116
2019-02-21 05:00:00+00:00,55.24,55.42,55.05,55.26,6061202
2019-02-22 05:00:00+00:00,55.39,55.58,55.31,55.56,15827402
2019-02-25 05:00:00+00:00,55.89,55.96,55.34,55.37,8026900
2019-02-26 05:00:00+00:00,55.15,55.53,55.11,55.45,16897548
2019-02-27 05:00:00+00:00,55.39,55.57,55.03,55.41,6239380
2019-02-28 05:00:00+00:00,55.21,55.26,54.86,55.11,8178806
2019-03-01 05:00:00+00:00,55.56,55.78,55.18,55.55,9800322
2019-03-04 05:00:00+00:00,55.79,55.89,54.97,55.38,11375918
2019-03-05 05:00:00+00:00,55.57,55.75,55.43,55.52,11514810
2019-03-06 05:00:00+00:00,55.57,55.81,55.23,55.26,7606480
2019-03-07 05:00:00+00:00,55.14,55.2,54.41,54.59,14265592
2019-03-08 05:00:00+00:00,54.24,54.24,53.83,54.21,11722062
2019-03-11 04:00:00+00:00,54.39,55.0,54.37,54.95,9280516
2019-03-12 04:00:00+00:00,55.04,55.18,54.81,55.11,17327326
2019-03-13 04:00:00+00:00,55.27,55.63,55.2,55.3,9777546
2019-03-14 04:00:00+00:00,55.23,55.26,55.01,55.14,10966868
2019-03-15 04:00:00+00:00,55.22,55.35,54.92,55.3,11007656
2019-03-18 04:00:00+00:00,55.33,55.88,55.33,55.84,11130940
2019-03-19 04:00:00+00:00,56.03,56.58,55.89,56.12,14849654
2019-03-20 04:00:00+00:00,56.09,56.47,55.66,56.2,21777482
2019-03-21 04:00:00+00:00,56.12,57.01,56.12,56.97,12625988
2019-03-22 04:00:00+00:00,56.61,56.82,55.82,55.84,19394752
2019-03-25 04:00:00+00:00,55.72,56.42,55.66,56.17,14973158
2019-03-26 04:00:00+00:00,56.49,56.79,56.11,56.41,12007298
2019-03-27 04:00:00+00:00,56.45,56.71,55.96,56.29,8894502
2019-03-28 04:00:00+00:00,56.5,56.87,56.34,56.63,16073204
2019-03-29 04:00:00+00:00,56.92,57.03,56.77,56.93,9485564
2019-04-01 04:00:00+00:00,57.39,57.57,57.21,57.54,10142050
2019-04-02 04:00:00+00:00,57.54,57.59,57.35,57.54,7323318
2019-04-03 04:00:00+00:00,57.88,58.16,57.7,57.95,8543990
2019-04-04 04:00:00+00:00,57.99,58.43,57.99,58.42,6208500
2019-04-05 04:00:00+00:00,58.56,58.81,58.41,58.76,5958544
2019-04-08 04:00:00+00:00,58.65,58.99,58.58,58.97,6505224
2019-04-09 04:00:00+00:00,58.77,58.77,58.34,58.44,8978488
2019-04-10 04:00:00+00:00,58.58,58.72,58.31,58.72,6958888
2019-04-11 04:00:00+00:00,58.79,58.82,58.64,58.8,4365378
2019-04-12 04:00:00+00:00,59.0,59.27,58.9,59.16,9137742
2019-04-15 04:00:00+00:00,59.19,59.31,58.92,59.28,4945316
2019-04-16 04:00:00+00:00,59.46,59.62,59.42,59.54,6082962
2019-04-17 04:00:00+00:00,59.71,59.88,59.62,59.66,5691916
2019-04-18 04:00:00+00:00,59.78,59.79,59.46,59.64,6249732
2019-04-22 04:00:00+00:00,59.43,59.61,59.22,59.41,5583382
2019-04-23 04:00:00+00:00,59.6,60.24,59.55,60.12,8332186
2019-04-24 04:00:00+00:00,60.14,60.45,60.14,60.18,4414260
2019-04-25 04:00:00+00:00,60.13,60.16,59.61,59.86,5792808
2019-04-26 04:00:00+00:00,60.09,60.34,59.71,60.34,8861930
2019-04-29 04:00:00+00:00,60.36,60.37,60.03,60.13,7523358
2019-04-30 04:00:00+00:00,60.07,60.09,59.58,60.04,9286640
2019-05-01 04:00:00+00:00,60.14,60.14,59.31,59.31,9389182
2019-05-02 04:00:00+00:00,59.34,59.59,58.93,59.35,24919040
2019-05-03 04:00:00+00:00,59.91,60.17,59.73,60.05,7360602
2019-05-06 04:00:00+00:00,59.01,59.79,58.98,59.69,7703118
2019-05-07 04:00:00+00:00,59.32,59.45,58.35,58.78,13623938
2019-05-08 04:00:00+00:00,58.69,59.15,58.51,58.8,16577170
2019-05-09 04:00:00+00:00,58.35,58.76,57.89,58.56,12876974
2019-05-10 04:00:00+00:00,58.42,58.9,57.56,58.65,13787524
2019-05-13 04:00:00+00:00,57.46,57.59,56.72,56.9,15723670
2019-05-14 04:00:00+00:00,57.17,57.76,56.89,57.45,9809446
2019-05-15 04:00:00+00:00,57.12,57.98,57.01,57.87,8480142
2019-05-16 04:00:00+00:00,58.11,58.75,58.01,58.39,7363296
2019-05-17 04:00:00+00:00,57.91,58.69,57.91,57.96,7438650
2019-05-20 04:00:00+00:00,57.75,57.75,57.36,57.55,7259582
2019-05-21 04:00:00+00:00,57.72,58.1,57.52,57.95,7480044
2019-05-22 04:00:00+00:00,57.49,57.93,57.29,57.35,8099134
2019-05-23 04:00:00+00:00,56.9,56.93,56.37,56.64,10146336
2019-05-24 04:00:00+00:00,56.95,57.05,56.48,56.72,5407678
2019-05-28 04:00:00+00:00,56.88,57.2,56.31,56.37,8374178
2019-05-29 04:00:00+00:00,56.03,56.08,55.48,55.84,9823396
2019-05-30 04:00:00+00:00,56.03,56.4,56.02,56.21,8024760
2019-05-31 04:00:00+00:00,55.51,55.74,55.31,55.47,8911562
2019-06-03 04:00:00+00:00,55.34,55.53,54.72,55.01,16628970
2019-06-04 04:00:00+00:00,55.5,56.52,55.02,56.5,11938134
2019-06-05 04:00:00+00:00,56.82,56.89,56.22,56.78,12328226
2019-06-06 04:00:00+00:00,56.78,57.21,56.54,57.07,7493454
2019-06-07 04:00:00+00:00,57.32,58.07,57.23,57.89,8552730
2019-06-10 04:00:00+00:00,58.26,58.9,58.22,58.38,7677888
2019-06-11 04:00:00+00:00,58.85,59.11,58.36,58.61,10581602
2019-06-12 04:00:00+00:00,58.59,58.82,58.46,58.59,5823246
2019-06-13 04:00:00+00:00,58.81,59.2,58.77,59.12,7845796
2019-06-14 04:00:00+00:00,59.11,59.37,58.99,59.25,5235606
2019-06-17 04:00:00+00:00,59.36,59.47,59.2,59.27,5467476
2019-06-18 04:00:00+00:00,59.69,60.11,59.53,59.72,8974410
2019-06-19 04:00:00+00:00,59.78,59.95,59.38,59.83,6229798
2019-06-20 04:00:00+00:00,60.32,60.4,59.78,60.22,9624580
2019-06-21 04:00:00+00:00,59.97,60.13,59.76,59.76,10744666
2019-06-24 04:00:00+00:00,59.79,59.86,59.42,59.44,5969832
2019-06-25 04:00:00+00:00,59.56,59.65,58.78,58.87,6553636
2019-06-26 04:00:00+00:00,59.09,59.29,59.0,59.06,5029432
2019-06-27 04:00:00+00:00,59.27,59.5,59.17,59.43,4037894
2019-06-28 04:00:00+00:00,59.52,59.73,59.5,59.6,15399640
2019-07-01 04:00:00+00:00,60.36,60.63,59.87,60.13,8828854
2019-07-02 04:00:00+00:00,60.05,60.29,59.82,60.26,22190590
2019-07-03 04:00:00+00:00,60.44,60.78,60.32,60.78,3939820
2019-07-05 04:00:00+00:00,60.49,60.91,60.33,60.85,8322210
2019-07-08 04:00:00+00:00,60.69,60.98,60.6,60.93,12279122
2019-07-09 04:00:00+00:00,60.69,61.07,60.63,60.99,4009526
2019-07-10 04:00:00+00:00,61.26,61.3,60.89,61.21,4961328
2019-07-11 04:00:00+00:00,61.42,61.53,61.2,61.34,4110622
2019-07-12 04:00:00+00:00,61.51,62.05,61.51,62.04,5161542
2019-07-15 04:00:00+00:00,62.18,62.27,61.93,62.24,4069536
2019-07-16 04:00:00+00:00,62.06,62.3,61.97,62.16,4149024
2019-07-17 04:00:00+00:00,62.09,62.17,61.57,61.57,4765418
2019-07-18 04:00:00+00:00,61.44,61.61,61.08,61.5,4726122
2019-07-19 04:00:00+00:00,61.68,61.76,61.05,61.08,4374178
2019-07-22 04:00:00+00:00,61.19,61.29,60.88,61.11,4089570
2019-07-23 04:00:00+00:00,61.47,61.53,61.02,61.52,5200322
2019-07-24 04:00:00+00:00,61.27,61.85,61.26,61.84,4358030
2019-07-25 04:00:00+00:00,61.64,61.82,61.4,61.5,5053848
2019-07-26 04:00:00+00:00,61.59,61.83,61.38,61.78,4425738
2019-07-29 04:00:00+00:00,61.62,61.73,61.26,61.48,4648026
2019-07-30 04:00:00+00:00,61.06,61.24,60.96,61.06,4492668
2019-07-31 04:00:00+00:00,61.04,61.07,59.81,60.36,8757610
2019-08-01 04:00:00+00:00,60.48,61.07,59.33,59.54,13496058
2019-08-02 04:00:00+00:00,59.34,59.54,58.82,59.05,11377456
2019-08-05 04:00:00+00:00,58.05,58.06,57.05,57.47,14633510
2019-08-06 04:00:00+00:00,57.86,58.42,57.54,58.34,9095652
2019-08-07 04:00:00+00:00,57.77,58.65,57.43,58.58,12046210
2019-08-08 04:00:00+00:00,58.96,59.72,58.9,59.71,9662632
2019-08-09 04:00:00+00:00,59.53,59.66,58.81,59.15,8248700
2019-08-12 04:00:00+00:00,58.74,58.78,58.04,58.18,6047398
2019-08-13 04:00:00+00:00,58.2,59.75,58.01,59.25,9578792
2019-08-14 04:00:00+00:00,58.23,58.33,57.36,57.39,13254952
2019-08-15 04:00:00+00:00,57.74,57.83,56.82,57.3,10337548
2019-08-16 04:00:00+00:00,57.71,58.06,57.54,57.95,8265950
2019-08-19 04:00:00+00:00,58.74,58.89,58.49,58.68,6561682
2019-08-20 04:00:00+00:00,58.67,59.06,58.56,58.69,6594938
2019-08-21 04:00:00+00:00,59.67,59.82,59.53,59.82,9779106
2019-08-22 04:00:00+00:00,59.97,60.13,59.43,59.84,5972454
2019-08-23 04:00:00+00:00,59.38,59.68,58.0,58.25,15904870
2019-08-26 04:00:00+00:00,58.69,58.83,58.27,58.82,7224558
2019-08-27 04:00:00+00:00,59.09,59.14,58.45,58.5,6831590
2019-08-28 04:00:00+00:00,58.45,59.31,58.3,59.26,8152660
2019-08-29 04:00:00+00:00,59.93,60.27,59.76,60.15,6123254
2019-08-30 04:00:00+00:00,60.28,60.41,59.66,59.79,7008620
2019-09-03 04:00:00+00:00,59.51,59.92,59.29,59.55,9143218
2019-09-04 04:00:00+00:00,59.85,60.19,59.59,60.14,8570252
2019-09-05 04:00:00+00:00,60.76,61.35,60.7,61.27,7689570
2019-09-06 04:00:00+00:00,61.34,61.59,61.23,61.44,7178912
2019-09-09 04:00:00+00:00,61.65,61.83,61.44,61.67,6726016
2019-09-10 04:00:00+00:00,61.4,61.48,60.81,61.43,7570410
2019-09-11 04:00:00+00:00,61.41,61.67,61.14,61.54,6959956
2019-09-12 04:00:00+00:00,61.84,62.2,61.69,61.84,6901910
2019-09-13 04:00:00+00:00,61.99,62.08,61.66,61.71,4079176
2019-09-16 04:00:00+00:00,61.31,61.35,60.86,60.92,7004060
2019-09-17 04:00:00+00:00,60.82,61.31,60.66,61.29,4657768
2019-09-18 04:00:00+00:00,61.24,61.34,60.67,61.26,6176194
2019-09-19 04:00:00+00:00,61.39,61.47,61.07,61.1,4660210
2019-09-20 04:00:00+00:00,61.01,61.17,60.19,60.2,7815886
2019-09-23 04:00:00+00:00,60.04,60.58,59.96,60.41,4617260
2019-09-24 04:00:00+00:00,60.72,60.89,59.62,59.76,10888682
2019-09-25 04:00:00+00:00,60.01,60.4,59.53,60.31,6752148
2019-09-26 04:00:00+00:00,60.3,60.45,59.77,60.05,6103178
2019-09-27 04:00:00+00:00,60.24,60.28,59.52,59.84,7188732
2019-09-30 04:00:00+00:00,59.97,60.43,59.94,60.35,5101160
2019-10-01 04:00:00+00:00,60.47,60.72,59.83,59.85,7349090
2019-10-02 04:00:00+00:00,59.47,59.5,58.48,58.77,11226986
2019-10-03 04:00:00+00:00,58.7,59.06,57.98,59.06,16853536
2019-10-04 04:00:00+00:00,59.2,59.65,59.12,59.61,6598408
2019-10-07 04:00:00+00:00,59.4,59.73,59.19,59.35,5595114
2019-10-08 04:00:00+00:00,58.9,59.37,58.72,58.73,5986350
2019-10-09 04:00:00+00:00,59.15,59.44,58.97,59.23,6187574
2019-10-10 04:00:00+00:00,59.29,59.83,59.24,59.62,6619712
2019-10-11 04:00:00+00:00,60.29,60.82,60.23,60.3,10763538
2019-10-14 04:00:00+00:00,60.23,60.39,60.11,60.27,3224768
2019-10-15 04:00:00+00:00,60.46,60.94,60.42,60.8,5313070
2019-10-16 04:00:00+00:00,60.79,61.1,60.79,61.05,6238922
2019-10-17 04:00:00+00:00,61.33,61.46,61.09,61.21,5336514
2019-10-18 04:00:00+00:00,61.05,61.29,60.84,61.09,4196680
2019-10-21 04:00:00+00:00,61.4,61.58,61.13,61.32,4971520
2019-10-22 04:00:00+00:00,61.24,61.25,60.89,60.91,5557750
2019-10-23 04:00:00+00:00,60.84,60.84,60.18,60.63,3885958
2019-10-24 04:00:00+00:00,60.74,60.8,60.43,60.6,4516158
2019-10-25 04:00:00+00:00,59.86,60.72,59.72,60.53,5913072
2019-10-28 04:00:00+00:00,60.69,60.88,60.6,60.72,4188842
2019-10-29 04:00:00+00:00,60.73,60.77,60.36,60.38,4738966
2019-10-30 04:00:00+00:00,60.34,60.76,60.09,60.75,5994038
2019-10-31 04:00:00+00:00,60.75,60.83,60.15,60.43,6352184
2019-11-01 04:00:00+00:00,60.74,60.85,60.6,60.83,6778256
2019-11-04 05:00:00+00:00,61.01,61.09,60.75,60.86,11919714
2019-11-05 05:00:00+00:00,60.91,61.08,60.7,60.95,4472532
2019-11-06 05:00:00+00:00,61.02,61.03,60.73,61.01,7502232
2019-11-07 05:00:00+00:00,61.15,61.21,60.58,60.65,7862950
2019-11-08 05:00:00+00:00,60.75,60.77,60.43,60.67,4198676
2019-11-11 05:00:00+00:00,60.39,60.56,60.33,60.55,3787038
2019-11-12 05:00:00+00:00,60.6,60.82,60.38,60.51,4408232
2019-11-13 05:00:00+00:00,60.35,60.46,60.16,60.32,5264638
2019-11-14 05:00:00+00:00,60.36,60.67,60.28,60.58,4055230
2019-11-15 05:00:00+00:00,60.87,60.92,60.55,60.69,4631622
2019-11-18 05:00:00+00:00,60.7,60.9,60.53,60.9,5726852
2019-11-19 05:00:00+00:00,60.68,60.72,60.08,60.23,6525108
2019-11-20 05:00:00+00:00,60.37,60.49,59.8,60.09,8984372
2019-11-21 05:00:00+00:00,60.14,60.25,59.72,59.8,5436852
2019-11-22 05:00:00+00:00,59.98,60.18,59.86,60.16,5071890
2019-11-25 05:00:00+00:00,60.43,60.7,60.39,60.69,7835676
2019-11-26 05:00:00+00:00,60.66,61.14,60.62,61.1,7839700
2019-11-27 05:00:00+00:00,61.29,61.65,61.22,61.63,8692492
2019-11-29 05:00:00+00:00,61.65,61.7,61.16,61.22,3697676
2019-12-02 05:00:00+00:00,61.27,61.33,60.59,60.72,7380708
2019-12-03 05:00:00+00:00,60.18,60.21,59.78,60.11,9204946
2019-12-04 05:00:00+00:00,60.36,60.66,60.32,60.45,5825870
2019-12-05 05:00:00+00:00,60.66,60.67,60.26,60.39,4797412
2019-12-06 05:00:00+00:00,60.83,61.02,60.83,60.87,5273722
2019-12-09 05:00:00+00:00,60.85,61.16,60.75,60.95,4350662
2019-12-10 05:00:00+00:00,60.97,61.08,60.76,60.84,4425266
2019-12-11 05:00:00+00:00,60.8,61.03,60.68,61.0,4213314
2019-12-12 05:00:00+00:00,61.11,61.68,61.03,61.53,9333758
2019-12-13 05:00:00+00:00,61.53,61.69,61.27,61.59,7220058
2019-12-16 05:00:00+00:00,61.91,62.0,61.76,61.86,7442276
2019-12-17 05:00:00+00:00,61.96,62.21,61.94,62.13,6872342
2019-12-18 05:00:00+00:00,62.3,62.36,62.08,62.19,5327638
2019-12-19 05:00:00+00:00,62.15,62.44,62.06,62.39,6543510
2019-12-20 05:00:00+00:00,62.42,62.42,62.2,62.28,6999248
2019-12-23 05:00:00+00:00,62.41,62.42,62.13,62.13,7502824
2019-12-24 05:00:00+00:00,62.2,62.35,62.13,62.27,3318132
2019-12-26 05:00:00+00:00,62.41,63.03,62.39,63.03,5141878
2019-12-27 05:00:00+00:00,63.24,63.37,62.95,63.03,6876296
2019-12-30 05:00:00+00:00,63.08,63.15,62.49,62.62,6782450
2019-12-31 05:00:00+00:00,62.53,62.74,62.43,62.71,3734080
2020-01-02 05:00:00+00:00,63.11,63.46,62.86,63.46,13597360
2020-01-03 05:00:00+00:00,62.65,63.1,62.61,62.92,12093564
2020-01-06 05:00:00+00:00,62.46,63.11,62.38,63.09,14182770
2020-01-07 05:00:00+00:00,63.05,63.14,62.73,62.99,19409378
2020-01-08 05:00:00+00:00,62.94,63.53,62.88,63.16,10092882
2020-01-09 05:00:00+00:00,63.52,63.75,63.36,63.52,8170120
2020-01-10 05:00:00+00:00,63.59,63.6,63.11,63.17,7648944
2020-01-13 05:00:00+00:00,63.3,63.47,63.12,63.37,7414944
2020-01-14 05:00:00+00:00,63.27,63.55,63.17,63.35,8821988
2020-01-15 05:00:00+00:00,63.18,63.43,63.05,63.21,6574568
2020-01-16 05:00:00+00:00,63.57,63.78,63.52,63.77,9899982
2020-01-17 05:00:00+00:00,63.94,64.08,63.87,64.0,13697848
2020-01-21 05:00:00+00:00,63.67,63.9,63.46,63.8,8305518
2020-01-22 05:00:00+00:00,64.04,64.27,63.72,63.77,9034850
2020-01-23 05:00:00+00:00,63.45,63.95,63.12,63.87,8157964
2020-01-24 05:00:00+00:00,63.99,64.03,62.7,62.98,11987386
2020-01-27 05:00:00+00:00,61.62,62.36,61.5,62.04,16846508
2020-01-28 05:00:00+00:00,62.34,62.88,62.1,62.64,12725420
2020-01-29 05:00:00+00:00,62.85,63.09,62.56,62.61,5935390
2020-01-30 05:00:00+00:00,62.12,62.57,61.99,62.5,10687800
2020-01-31 05:00:00+00:00,63.83,63.87,62.53,62.66,17143986
2020-02-03 05:00:00+00:00,63.01,63.89,63.01,63.11,17718050
2020-02-04 05:00:00+00:00,64.03,64.47,63.89,64.26,18741244
2020-02-05 05:00:00+00:00,64.69,64.76,64.13,64.58,15269416
2020-02-06 05:00:00+00:00,64.69,64.74,64.44,64.44,12768172
2020-02-07 05:00:00+00:00,64.15,64.46,63.9,64.16,7362850
2020-02-10 05:00:00+00:00,64.11,64.89,64.11,64.88,5951282
2020-02-11 05:00:00+00:00,65.15,65.67,64.99,65.39,11195814
2020-02-12 05:00:00+00:00,65.72,66.1,65.71,66.06,7940274
2020-02-13 05:00:00+00:00,65.8,66.19,65.61,65.94,7769266
2020-02-14 05:00:00+00:00,66.1,66.15,65.67,65.85,5110958
2020-02-18 05:00:00+00:00,65.75,66.06,65.47,65.84,6872572
2020-02-19 05:00:00+00:00,66.08,66.36,66.04,66.14,4800008
2020-02-20 05:00:00+00:00,66.08,66.34,65.35,66.16,11008950
2020-02-21 05:00:00+00:00,65.85,65.94,64.98,65.15,12651784
2020-02-24 05:00:00+00:00,62.94,63.52,62.6,62.91,17752536
2020-02-25 05:00:00+00:00,63.48,63.6,61.09,61.25,30124744
2020-02-26 05:00:00+00:00,61.6,62.17,60.59,60.75,24904520
2020-02-27 05:00:00+00:00,59.5,60.74,58.26,58.29,36863474
2020-02-28 05:00:00+00:00,56.4,58.0,56.27,57.92,41628392
2020-03-02 05:00:00+00:00,58.09,59.91,57.28,59.91,19335384
2020-03-03 05:00:00+00:00,60.08,60.87,57.9,58.46,29748248
2020-03-04 05:00:00+00:00,59.37,60.53,58.73,60.48,14987248
2020-03-05 05:00:00+00:00,59.03,59.42,57.77,58.22,14875074
2020-03-06 05:00:00+00:00,56.45,57.64,56.09,57.33,17026490
2020-03-09 04:00:00+00:00,53.04,55.35,51.75,53.72,17145936
2020-03-10 04:00:00+00:00,55.58,56.69,53.69,56.69,22132818
2020-03-11 04:00:00+00:00,55.14,55.41,53.07,53.59,15713342
2020-03-12 04:00:00+00:00,49.7,51.34,47.63,48.17,20170440
2020-03-13 04:00:00+00:00,50.8,51.19,47.99,51.15,16358372
2020-03-16 04:00:00+00:00,45.69,47.93,44.32,45.77,17068678
2020-03-17 04:00:00+00:00,45.67,47.37,43.12,46.39,27201658
2020-03-18 04:00:00+00:00,43.41,44.56,40.87,43.73,28273140
2020-03-19 04:00:00+00:00,43.56,46.53,42.1,45.25,14945394
2020-03-20 04:00:00+00:00,45.92,47.24,43.83,43.91,26048636
2020-03-23 04:00:00+00:00,43.43,44.66,42.33,43.77,15403784
2020-03-24 04:00:00+00:00,46.17,47.95,45.98,47.87,20890756
2020-03-25 04:00:00+00:00,48.73,50.54,47.52,48.71,20166374
2020-03-26 04:00:00+00:00,49.24,51.05,49.01,50.73,13089574
2020-03-27 04:00:00+00:00,49.17,50.32,48.45,49.03,10312712
2020-03-30 04:00:00+00:00,49.33,50.25,48.46,50.05,13480116
2020-03-31 04:00:00+00:00,49.62,50.35,48.91,49.04,10389806
2020-04-01 04:00:00+00:00,47.18,47.98,46.44,46.85,13670628
2020-04-02 04:00:00+00:00,46.58,47.74,45.99,47.03,12080758
2020-04-03 04:00:00+00:00,46.75,46.98,45.62,46.21,10625256
2020-04-06 04:00:00+00:00,47.9,50.32,47.9,50.05,10702600
2020-04-07 04:00:00+00:00,52.37,52.75,50.69,50.8,14113730
2020-04-08 04:00:00+00:00,51.42,52.61,51.05,52.4,8413204
2020-04-09 04:00:00+00:00,53.15,54.22,52.83,53.34,10726028
2020-04-13 04:00:00+00:00,53.13,53.53,52.33,53.33,6856192
2020-04-14 04:00:00+00:00,54.38,55.52,54.19,55.41,11610868
2020-04-15 04:00:00+00:00,54.04,54.57,53.54,54.2,7681106
2020-04-16 04:00:00+00:00,54.42,55.5,53.9,54.85,9260548
2020-04-17 04:00:00+00:00,56.18,56.6,55.49,56.47,8978584
2020-04-20 04:00:00+00:00,55.85,56.6,55.39,55.48,6937666
2020-04-21 04:00:00+00:00,54.57,54.92,53.62,54.04,8733870
2020-04-22 04:00:00+00:00,55.05,55.59,54.74,55.21,6843368
2020-04-23 04:00:00+00:00,55.46,56.01,54.99,55.19,8303318
2020-04-24 04:00:00+00:00,55.76,56.38,55.25,56.13,5906000
2020-04-27 04:00:00+00:00,56.7,57.55,56.65,57.18,8360890
2020-04-28 04:00:00+00:00,58.25,58.45,57.11,57.4,9515984
2020-04-29 04:00:00+00:00,58.52,59.11,58.19,58.44,10086154
2020-04-30 04:00:00+00:00,58.24,58.65,57.7,58.3,10281970
2020-05-01 04:00:00+00:00,56.51,56.97,55.69,56.12,12621628
2020-05-04 04:00:00+00:00,55.38,56.45,55.06,56.43,9287820
2020-05-05 04:00:00+00:00,57.18,57.35,56.51,56.63,9249992
2020-05-06 04:00:00+00:00,57.0,57.24,56.54,56.62,7968110
2020-05-07 04:00:00+00:00,57.33,57.8,57.3,57.51,10721306
2020-05-08 04:00:00+00:00,58.25,58.69,57.93,58.63,8001300
2020-05-11 04:00:00+00:00,58.12,58.98,58.04,58.5,8180976
2020-05-12 04:00:00+00:00,58.75,58.89,57.19,57.22,12741464
2020-05-13 04:00:00+00:00,57.16,57.46,55.68,56.24,13534538
2020-05-14 04:00:00+00:00,55.55,57.1,55.03,57.1,11530352
2020-05-15 04:00:00+00:00,56.47,57.75,56.42,57.74,13001286
2020-05-18 04:00:00+00:00,59.32,60.2,59.26,59.93,10390588
2020-05-19 04:00:00+00:00,59.8,60.71,59.57,59.76,10568286
2020-05-20 04:00:00+00:00,60.7,60.71,60.12,60.49,7769452
2020-05-21 04:00:00+00:00,60.64,61.04,59.97,60.71,9839714
2020-05-22 04:00:00+00:00,60.68,60.78,60.15,60.62,7877494
2020-05-26 04:00:00+00:00,62.22,62.38,61.49,61.58,9252848
2020-05-27 04:00:00+00:00,62.31,62.64,61.05,62.63,11588124
2020-05-28 04:00:00+00:00,62.82,63.04,61.7,61.87,7362192
2020-05-29 04:00:00+00:00,61.81,62.32,61.38,62.12,13663200
2020-06-01 04:00:00+00:00,62.17,62.91,62.12,62.69,6760598
2020-06-02 04:00:00+00:00,62.97,63.22,62.64,63.22,8523132
2020-06-03 04:00:00+00:00,63.53,64.61,63.53,64.42,11218446
2020-06-04 04:00:00+00:00,64.27,64.66,63.75,64.09,11601540
2020-06-05 04:00:00+00:00,65.61,65.99,65.29,65.63,11758446
2020-06-08 04:00:00+00:00,66.13,66.65,66.01,66.63,7114258
2020-06-09 04:00:00+00:00,66.04,66.47,65.62,66.11,9994576
2020-06-10 04:00:00+00:00,66.36,66.38,65.42,65.49,7852616
2020-06-11 04:00:00+00:00,63.39,64.33,61.91,62.06,13873806
2020-06-12 04:00:00+00:00,63.72,63.94,61.4,62.67,12099760
2020-06-15 04:00:00+00:00,61.3,63.47,60.96,63.27,10100412
2020-06-16 04:00:00+00:00,65.19,65.27,63.3,64.6,10256320
2020-06-17 04:00:00+00:00,64.88,65.08,64.27,64.43,6408364
2020-06-18 04:00:00+00:00,64.18,64.54,63.9,64.19,5603278
2020-06-19 04:00:00+00:00,65.0,65.12,63.49,63.7,13884946
2020-06-22 04:00:00+00:00,63.44,64.25,63.15,64.19,5713796
2020-06-23 04:00:00+00:00,64.88,65.11,64.51,64.7,8069074
2020-06-24 04:00:00+00:00,64.32,64.55,62.49,63.28,12113906
2020-06-25 04:00:00+00:00,63.01,63.43,62.39,63.36,11087344
2020-06-26 04:00:00+00:00,63.34,63.48,61.77,61.88,11946314
2020-06-29 04:00:00+00:00,62.16,63.1,61.47,63.05,7926104
2020-06-30 04:00:00+00:00,63.0,64.15,62.81,63.86,6936386
2020-07-01 04:00:00+00:00,63.95,64.77,63.9,64.5,11306746
2020-07-02 04:00:00+00:00,65.47,65.83,64.59,64.76,7377640
2020-07-06 04:00:00+00:00,65.7,66.32,65.56,66.29,7216608
2020-07-07 04:00:00+00:00,65.98,66.19,65.14,65.25,7341058
2020-07-08 04:00:00+00:00,65.36,65.96,65.06,65.94,5875622
2020-07-09 04:00:00+00:00,66.18,66.22,64.81,65.87,6251890
2020-07-10 04:00:00+00:00,65.91,66.71,65.47,66.66,12950506
2020-07-13 04:00:00+00:00,67.25,68.25,65.63,65.81,13379656
2020-07-14 04:00:00+00:00,65.49,66.51,64.72,66.47,11517812
2020-07-15 04:00:00+00:00,67.4,67.61,66.46,67.42,7562832
2020-07-16 04:00:00+00:00,66.87,67.43,66.64,67.24,6216798
2020-07-17 04:00:00+00:00,67.47,67.5,66.68,66.92,6274370
2020-07-20 04:00:00+00:00,66.97,68.17,66.81,67.99,5544958
2020-07-21 04:00:00+00:00,68.52,68.61,67.85,68.1,5378906
2020-07-22 04:00:00+00:00,67.98,68.72,67.92,68.68,5365202
2020-07-23 04:00:00+00:00,68.76,68.76,67.19,67.65,6943260
2020-07-24 04:00:00+00:00,67.27,68.07,66.94,67.77,6333492
2020-07-27 04:00:00+00:00,68.06,68.35,67.7,68.19,4972578
2020-07-28 04:00:00+00:00,68.06,68.33,67.42,67.52,5486992
2020-07-29 04:00:00+00:00,67.96,68.35,67.86,68.2,4542436
2020-07-30 04:00:00+00:00,67.71,68.47,67.32,68.15,9185872
2020-07-31 04:00:00+00:00,68.99,69.11,67.75,68.5,7853674
2020-08-03 04:00:00+00:00,68.72,68.74,68.27,68.36,5650168
2020-08-04 04:00:00+00:00,68.24,68.93,68.21,68.91,5379478
2020-08-05 04:00:00+00:00,69.17,69.78,69.07,69.75,8435588
2020-08-06 04:00:00+00:00,69.5,70.24,69.4,70.08,4373082
2020-08-07 04:00:00+00:00,70.09,70.4,69.68,70.19,5990536
2020-08-10 04:00:00+00:00,70.44,71.11,70.33,71.03,4602084
2020-08-11 04:00:00+00:00,71.44,71.83,70.72,70.89,7152876
2020-08-12 04:00:00+00:00,71.6,71.98,71.32,71.83,7667784
2020-08-13 04:00:00+00:00,71.77,72.23,71.65,71.8,4784406
2020-08-14 04:00:00+00:00,71.8,71.96,71.49,71.8,3419920
2020-08-17 04:00:00+00:00,72.39,72.81,72.07,72.72,3281730
2020-08-18 04:00:00+00:00,73.0,73.33,72.46,73.17,5208918
2020-08-19 04:00:00+00:00,73.46,73.47,72.72,72.83,5363976
2020-08-20 04:00:00+00:00,72.39,72.93,72.2,72.72,3356204
2020-08-21 04:00:00+00:00,72.63,73.13,72.63,73.09,3695340
2020-08-24 04:00:00+00:00,73.59,74.23,73.58,74.2,5334266
2020-08-25 04:00:00+00:00,74.38,74.45,73.84,74.44,5397488
2020-08-26 04:00:00+00:00,74.45,75.3,74.38,75.18,5687626
2020-08-27 04:00:00+00:00,75.46,75.51,74.5,74.78,6222026
2020-08-28 04:00:00+00:00,75.16,75.4,74.87,75.27,4335016
2020-08-31 04:00:00+00:00,75.26,75.48,74.94,75.05,7322528
2020-09-01 04:00:00+00:00,75.11,75.88,75.01,75.83,11175392
2020-09-02 04:00:00+00:00,76.36,77.07,75.92,76.88,8302558
2020-09-03 04:00:00+00:00,76.66,76.72,73.72,74.44,16553454
2020-09-04 04:00:00+00:00,74.65,75.11,71.81,73.58,13410466
2020-09-08 04:00:00+00:00,72.41,73.64,72.03,72.61,16417754
2020-09-09 04:00:00+00:00,73.3,74.54,72.87,73.99,7566674
2020-09-10 04:00:00+00:00,74.38,75.14,72.69,72.93,13818494
2020-09-11 04:00:00+00:00,73.42,73.76,72.35,73.04,7646784
2020-09-14 04:00:00+00:00,73.82,74.38,73.52,73.81,5648896
2020-09-15 04:00:00+00:00,74.28,74.67,74.03,74.42,5526088
2020-09-16 04:00:00+00:00,74.72,75.02,73.97,74.0,5319458
2020-09-17 04:00:00+00:00,72.85,73.44,72.35,72.96,9035426
2020-09-18 04:00:00+00:00,73.12,73.22,71.35,71.94,11197864
2020-09-21 04:00:00+00:00,70.64,70.83,69.52,70.76,8540484
2020-09-22 04:00:00+00:00,71.19,72.32,70.96,72.25,8796548
2020-09-23 04:00:00+00:00,73.0,73.14,70.92,71.07,8144754
2020-09-24 04:00:00+00:00,70.74,72.03,70.2,71.04,9093290
2020-09-25 04:00:00+00:00,71.0,72.21,70.52,71.96,5102218
2020-09-28 04:00:00+00:00,72.92,73.64,72.61,73.5,5408228
2020-09-29 04:00:00+00:00,73.43,73.48,72.85,72.89,6278764
2020-09-30 04:00:00+00:00,73.14,74.36,73.03,73.49,9204404
2020-10-01 04:00:00+00:00,74.24,74.52,73.75,74.45,8277720
2020-10-02 04:00:00+00:00,73.06,74.39,73.03,74.14,8237320
2020-10-05 04:00:00+00:00,74.53,75.2,74.47,75.11,4928812
2020-10-06 04:00:00+00:00,75.19,75.53,73.61,73.72,8072182
2020-10-07 04:00:00+00:00,74.63,75.59,74.62,75.41,5066676
2020-10-08 04:00:00+00:00,75.9,75.96,75.35,75.91,5151162
2020-10-09 04:00:00+00:00,76.3,76.88,76.21,76.69,7424730
2020-10-12 04:00:00+00:00,77.23,78.07,77.12,77.72,6528506
2020-10-13 04:00:00+00:00,77.59,78.05,77.3,77.7,6849412
2020-10-14 04:00:00+00:00,77.86,77.94,76.5,76.84,7650560
2020-10-15 04:00:00+00:00,75.83,77.27,75.63,77.13,4813610
2020-10-16 04:00:00+00:00,77.47,77.84,76.19,76.43,4454204
2020-10-19 04:00:00+00:00,76.92,77.23,75.3,75.49,5290162
2020-10-20 04:00:00+00:00,75.93,77.03,75.72,76.09,8590924
2020-10-21 04:00:00+00:00,76.01,76.54,75.45,75.68,5567572
2020-10-22 04:00:00+00:00,75.67,75.92,74.85,75.81,4183374
2020-10-23 04:00:00+00:00,76.16,76.51,75.56,76.5,3996672
2020-10-26 04:00:00+00:00,75.72,76.03,73.96,75.03,6456028
2020-10-27 04:00:00+00:00,75.22,75.45,74.78,75.01,7339804
2020-10-28 04:00:00+00:00,73.65,74.02,72.54,72.62,9358490
2020-10-29 04:00:00+00:00,72.83,73.92,72.31,73.08,6216988
2020-10-30 04:00:00+00:00,72.52,72.78,70.87,71.49,10119564
2020-11-02 05:00:00+00:00,72.42,72.68,71.21,72.0,8055278
2020-11-03 05:00:00+00:00,72.76,74.0,72.39,73.58,5763182
2020-11-04 05:00:00+00:00,74.45,76.04,74.3,75.15,9309286
2020-11-05 05:00:00+00:00,76.47,77.08,76.13,76.61,6560042
2020-11-06 05:00:00+00:00,76.39,76.52,75.73,76.38,4891286
2020-11-09 05:00:00+00:00,79.02,79.02,76.04,76.13,9833994
2020-11-10 05:00:00+00:00,76.06,76.24,75.06,75.86,18848692
2020-11-11 05:00:00+00:00,76.35,76.89,76.06,76.53,7444878
2020-11-12 05:00:00+00:00,76.53,76.53,75.07,75.5,5987802
2020-11-13 05:00:00+00:00,75.94,76.85,75.83,76.72,4521484
2020-11-16 05:00:00+00:00,77.5,77.76,76.92,77.73,7989456
2020-11-17 05:00:00+00:00,77.46,77.76,76.82,77.4,5886632
2020-11-18 05:00:00+00:00,77.36,77.98,76.85,76.87,5445470
2020-11-19 05:00:00+00:00,76.86,77.33,76.69,77.25,4253736
2020-11-20 05:00:00+00:00,77.33,77.38,76.82,76.85,4219904
2020-11-23 05:00:00+00:00,77.27,77.9,77.06,77.69,4657642
2020-11-24 05:00:00+00:00,78.43,79.11,78.2,78.85,5530656
2020-11-25 05:00:00+00:00,78.79,79.07,78.57,78.94,4728762
2020-11-27 05:00:00+00:00,79.3,79.4,78.87,79.11,2242270
2020-11-30 05:00:00+00:00,78.99,79.03,77.61,78.63,6825860
2020-12-01 05:00:00+00:00,79.25,79.58,78.75,79.22,11608686
2020-12-02 05:00:00+00:00,78.91,78.91,78.39,78.72,4369180
2020-12-03 05:00:00+00:00,78.75,79.38,78.74,78.94,6079412
2020-12-04 05:00:00+00:00,79.1,79.21,78.86,79.02,4208614
2020-12-07 05:00:00+00:00,78.84,78.87,78.44,78.83,10334298
2020-12-08 05:00:00+00:00,78.46,78.72,78.06,78.67,4984660
2020-12-09 05:00:00+00:00,79.19,79.22,78.26,78.6,12294782
2020-12-10 05:00:00+00:00,78.29,78.86,77.97,78.53,5895162
2020-12-11 05:00:00+00:00,78.24,78.52,77.61,78.15,4179716
2020-12-14 05:00:00+00:00,78.86,79.31,78.24,78.27,6877696
2020-12-15 05:00:00+00:00,78.96,79.33,78.6,79.3,4693606
2020-12-16 05:00:00+00:00,79.47,80.04,79.44,79.84,4508538
2020-12-17 05:00:00+00:00,80.25,80.4,80.02,80.39,4034856
2020-12-18 05:00:00+00:00,80.52,80.57,79.64,79.94,10231794
2020-12-21 05:00:00+00:00,78.7,79.41,78.14,78.94,8014372
2020-12-22 05:00:00+00:00,78.82,78.85,77.92,78.61,7716772
2020-12-23 05:00:00+00:00,78.62,79.03,78.29,78.78,4383806
2020-12-24 05:00:00+00:00,78.85,79.06,78.61,78.94,2130774
2020-12-28 05:00:00+00:00,79.71,80.16,79.3,79.84,5862896
2020-12-29 05:00:00+00:00,80.12,80.27,79.49,79.86,4906686
2020-12-30 05:00:00+00:00,80.15,80.46,80.07,80.35,4924850
2020-12-31 05:00:00+00:00,80.36,80.49,79.97,80.39,5975876
2021-01-04 05:00:00+00:00,80.89,80.94,78.72,79.71,21733492
2021-01-05 05:00:00+00:00,79.25,80.53,79.22,80.31,6348584
2021-01-06 05:00:00+00:00,80.4,82.01,80.08,81.13,8885868
2021-01-07 05:00:00+00:00,81.86,83.02,81.83,82.69,6795938
2021-01-08 05:00:00+00:00,83.67,84.48,83.15,84.4,9341918
2021-01-11 05:00:00+00:00,83.41,83.75,82.6,82.82,7464732
2021-01-12 05:00:00+00:00,83.26,84.4,83.16,84.09,11443106
2021-01-13 05:00:00+00:00,84.18,84.4,83.66,84.08,5679248
2021-01-14 05:00:00+00:00,84.18,84.59,83.45,83.55,6057578
2021-01-15 05:00:00+00:00,83.41,83.67,82.57,82.9,7295140
2021-01-19 05:00:00+00:00,83.6,83.74,83.05,83.37,6382882
2021-01-20 05:00:00+00:00,84.16,85.19,83.9,84.95,6979348
2021-01-21 05:00:00+00:00,85.4,85.9,85.25,85.34,7766874
2021-01-22 05:00:00+00:00,84.86,85.2,84.56,85.05,4489960
2021-01-25 05:00:00+00:00,85.27,85.98,83.67,85.37,11781046
2021-01-26 05:00:00+00:00,85.66,85.74,84.99,85.31,7532798
2021-01-27 05:00:00+00:00,84.36,84.4,82.27,82.68,11278818
2021-01-28 05:00:00+00:00,82.29,83.76,81.81,82.94,7885718
2021-01-29 05:00:00+00:00,82.46,82.65,80.55,81.0,10915126
2021-02-01 05:00:00+00:00,81.98,83.2,81.44,83.06,6549890
2021-02-02 05:00:00+00:00,83.75,85.44,83.75,84.88,5440748
2021-02-03 05:00:00+00:00,85.15,85.23,84.34,84.4,4087194
2021-02-04 05:00:00+00:00,84.79,85.3,84.53,85.3,5197180
2021-02-05 05:00:00+00:00,85.6,86.41,85.43,86.12,4499358
2021-02-08 05:00:00+00:00,86.68,86.73,86.08,86.61,4746418
2021-02-09 05:00:00+00:00,86.33,86.54,86.02,86.13,3641114
2021-02-10 05:00:00+00:00,86.41,86.41,84.63,85.28,4922228
2021-02-11 05:00:00+00:00,85.5,85.8,84.63,85.04,3965438
2021-02-12 05:00:00+00:00,84.67,85.2,84.43,85.16,4038234
2021-02-16 05:00:00+00:00,85.33,85.44,84.56,84.79,4549262
2021-02-17 05:00:00+00:00,84.28,85.37,83.85,85.28,6510824
2021-02-18 05:00:00+00:00,84.47,85.58,84.33,85.31,5196788
2021-02-19 05:00:00+00:00,85.69,85.69,84.7,84.81,5078408
2021-02-22 05:00:00+00:00,84.01,84.3,82.95,83.02,5747958
2021-02-23 05:00:00+00:00,81.55,82.9,79.53,82.48,10830312
2021-02-24 05:00:00+00:00,82.37,83.45,81.49,83.34,8049456
2021-02-25 05:00:00+00:00,82.82,83.21,79.84,80.24,15654536
2021-02-26 05:00:00+00:00,81.27,81.64,79.51,80.51,12436420
2021-03-01 05:00:00+00:00,81.58,82.61,81.42,82.47,8904444
2021-03-02 05:00:00+00:00,82.58,82.76,81.47,81.52,6641492
2021-03-03 05:00:00+00:00,81.36,81.68,79.6,79.6,11204944
2021-03-04 05:00:00+00:00,79.63,80.15,76.42,77.92,18610818
2021-03-05 05:00:00+00:00,78.51,78.64,74.83,78.41,20889134
2021-03-08 05:00:00+00:00,78.72,80.11,78.37,78.51,12629358
2021-03-09 05:00:00+00:00,80.07,82.0,79.66,81.47,18749176
2021-03-10 05:00:00+00:00,82.54,83.0,81.31,81.89,14311292
2021-03-11 05:00:00+00:00,83.0,83.46,82.51,83.14,8493240
2021-03-12 05:00:00+00:00,82.26,83.39,82.03,83.39,8355502
2021-03-15 04:00:00+00:00,83.5,84.53,83.21,84.51,8859750
2021-03-16 04:00:00+00:00,84.51,84.67,83.25,83.63,6988168
2021-03-17 04:00:00+00:00,83.01,85.1,82.92,84.81,8789748
2021-03-18 04:00:00+00:00,84.01,84.38,82.59,82.68,10218982
2021-03-19 04:00:00+00:00,82.64,83.4,81.77,83.23,12262988
2021-03-22 04:00:00+00:00,83.68,84.36,83.33,83.64,7345984
2021-03-23 04:00:00+00:00,83.65,84.01,82.64,82.86,8038688
2021-03-24 04:00:00+00:00,83.24,83.68,81.63,81.63,9416246
2021-03-25 04:00:00+00:00,80.85,82.62,80.68,82.35,11448450
2021-03-26 04:00:00+00:00,82.66,83.09,81.58,83.03,8588882
2021-03-29 04:00:00+00:00,82.82,83.24,81.97,82.58,9425010
2021-03-30 04:00:00+00:00,82.22,83.51,81.89,83.39,7420876
2021-03-31 04:00:00+00:00,83.74,84.49,83.52,84.04,7984914
2021-04-01 04:00:00+00:00,84.8,84.85,84.43,84.71,8332042
2021-04-05 04:00:00+00:00,86.06,86.95,85.9,86.64,8721124
2021-04-06 04:00:00+00:00,86.56,87.35,86.5,87.01,6398248
2021-04-07 04:00:00+00:00,86.96,87.27,86.6,86.75,5049386
2021-04-08 04:00:00+00:00,87.24,87.36,86.6,87.16,6497934
2021-04-09 04:00:00+00:00,87.08,88.01,86.99,87.99,6148072
2021-04-12 04:00:00+00:00,87.99,88.64,87.91,88.56,6285594
2021-04-13 04:00:00+00:00,88.71,89.67,88.59,89.49,5351462
2021-04-14 04:00:00+00:00,89.69,90.08,88.43,88.61,6676658
2021-04-15 04:00:00+00:00,89.23,89.3,88.75,89.25,5031360
2021-04-16 04:00:00+00:00,89.46,90.05,89.22,89.94,5276066
2021-04-19 04:00:00+00:00,89.44,89.53,88.65,88.93,7030848
2021-04-20 04:00:00+00:00,88.61,88.82,87.15,87.81,8462078
2021-04-21 04:00:00+00:00,87.48,89.07,87.3,88.98,5586424
2021-04-22 04:00:00+00:00,89.09,89.22,87.67,87.99,6006698
2021-04-23 04:00:00+00:00,88.28,89.27,87.99,88.91,3868962
2021-04-26 04:00:00+00:00,89.21,89.59,88.72,89.3,4460916
2021-04-27 04:00:00+00:00,89.35,89.56,89.0,89.2,4475370
2021-04-28 04:00:00+00:00,89.09,89.57,88.89,89.09,4796288
2021-04-29 04:00:00+00:00,89.66,89.71,88.33,89.12,6445052
2021-04-30 04:00:00+00:00,89.01,89.75,88.94,89.46,5724654
2021-05-03 04:00:00+00:00,89.95,89.99,88.92,89.04,7463292
2021-05-04 04:00:00+00:00,88.37,88.51,87.01,88.11,9254934
2021-05-05 04:00:00+00:00,88.73,88.86,87.68,87.83,6388548
2021-05-06 04:00:00+00:00,88.02,88.15,87.18,88.02,7850630
2021-05-07 04:00:00+00:00,88.37,89.05,87.91,88.81,6818564
2021-05-10 04:00:00+00:00,88.84,88.84,87.22,87.23,7062804
2021-05-11 04:00:00+00:00,85.77,86.57,84.91,86.25,14282358
2021-05-12 04:00:00+00:00,85.26,85.67,83.14,83.33,14221596
2021-05-13 04:00:00+00:00,83.91,84.73,83.01,83.92,14132704
2021-05-14 04:00:00+00:00,84.71,85.55,84.47,85.37,8286692
2021-05-17 04:00:00+00:00,85.12,85.42,84.46,85.22,11107748
2021-05-18 04:00:00+00:00,85.41,85.79,84.54,84.55,7871948
2021-05-19 04:00:00+00:00,83.17,83.89,82.75,83.88,14196064
2021-05-20 04:00:00+00:00,84.26,84.89,84.15,84.7,9389462
2021-05-21 04:00:00+00:00,85.27,85.27,84.24,84.3,8137414
2021-05-24 04:00:00+00:00,84.73,85.51,84.44,85.11,7120632
2021-05-25 04:00:00+00:00,85.5,85.77,84.85,85.38,7495530
2021-05-26 04:00:00+00:00,85.79,86.56,85.7,86.2,7821518
2021-05-27 04:00:00+00:00,86.52,86.74,86.25,86.54,7961570
2021-05-28 04:00:00+00:00,86.9,86.9,86.22,86.42,6584348
2021-06-01 04:00:00+00:00,86.94,86.99,86.1,86.26,9548808
2021-06-02 04:00:00+00:00,86.34,86.34,85.54,85.86,7176022
2021-06-03 04:00:00+00:00,85.31,85.54,84.69,84.84,8855394
2021-06-04 04:00:00+00:00,85.31,85.59,85.07,85.52,6544966
2021-06-07 04:00:00+00:00,85.45,85.57,84.87,85.52,6470646
2021-06-08 04:00:00+00:00,86.09,86.48,85.62,86.21,6192644
2021-06-09 04:00:00+00:00,86.45,86.5,85.7,85.73,7232964
2021-06-10 04:00:00+00:00,85.89,86.29,85.63,86.14,5282226
2021-06-11 04:00:00+00:00,86.28,86.62,86.14,86.61,5571170
2021-06-14 04:00:00+00:00,86.61,86.8,86.13,86.63,5837500
2021-06-15 04:00:00+00:00,86.64,86.64,85.87,86.17,5714722
2021-06-16 04:00:00+00:00,86.25,86.42,85.47,86.21,9593984
2021-06-17 04:00:00+00:00,86.0,86.85,85.8,86.54,9282698
2021-06-18 04:00:00+00:00,85.9,86.42,85.69,86.08,14237646
2021-06-21 04:00:00+00:00,86.23,86.84,86.0,86.62,9718602
2021-06-22 04:00:00+00:00,86.68,87.78,86.62,87.43,6763758
2021-06-23 04:00:00+00:00,87.6,88.28,87.56,88.11,5347942
2021-06-24 04:00:00+00:00,88.78,88.97,88.23,88.41,8039156
2021-06-25 04:00:00+00:00,89.33,89.38,88.78,88.97,10503038
2021-06-28 04:00:00+00:00,88.98,89.07,88.52,88.99,5695074
2021-06-29 04:00:00+00:00,89.04,89.39,88.95,89.21,4712048
2021-06-30 04:00:00+00:00,89.11,89.68,89.11,89.28,5864070
2021-07-01 04:00:00+00:00,89.5,89.8,89.42,89.78,6318826
2021-07-02 04:00:00+00:00,90.0,90.59,89.92,90.57,5904508
2021-07-06 04:00:00+00:00,90.71,90.94,89.85,90.68,7932646
2021-07-07 04:00:00+00:00,90.92,91.15,89.99,90.63,6767398
2021-07-08 04:00:00+00:00,89.22,90.7,88.82,90.4,11424924
2021-07-09 04:00:00+00:00,90.79,91.31,90.69,91.25,5654292
2021-07-12 04:00:00+00:00,91.35,91.9,91.28,91.87,10907734
2021-07-13 04:00:00+00:00,91.69,91.84,90.69,90.77,13203386
2021-07-14 04:00:00+00:00,91.27,91.38,90.56,90.61,7549122
2021-07-15 04:00:00+00:00,90.45,90.86,89.49,90.12,6743330
2021-07-16 04:00:00+00:00,90.39,90.49,88.93,89.01,8448356
2021-07-19 04:00:00+00:00,87.57,88.01,86.89,87.99,16209960
2021-07-20 04:00:00+00:00,88.25,89.85,87.81,89.61,9926456
2021-07-21 04:00:00+00:00,89.94,90.49,89.92,90.44,8211178
2021-07-22 04:00:00+00:00,90.36,90.93,89.91,90.83,8061776
2021-07-23 04:00:00+00:00,91.14,91.79,90.92,91.64,7070448
2021-07-26 04:00:00+00:00,91.69,92.33,91.45,92.32,6719220
2021-07-27 04:00:00+00:00,92.26,92.26,90.4,91.38,7409654
2021-07-28 04:00:00+00:00,91.28,91.6,90.65,91.09,6010294
2021-07-29 04:00:00+00:00,91.5,92.35,91.44,92.11,7307382
2021-07-30 04:00:00+00:00,90.22,91.05,90.05,90.22,9327004
2021-08-02 04:00:00+00:00,90.95,91.19,90.38,90.48,7337336
2021-08-03 04:00:00+00:00,90.85,91.17,90.05,91.15,8472836
2021-08-04 04:00:00+00:00,90.95,91.09,90.26,90.26,8007158
2021-08-05 04:00:00+00:00,90.54,91.19,90.47,91.13,5434452
2021-08-06 04:00:00+00:00,91.25,91.31,90.41,90.51,5884190
2021-08-09 04:00:00+00:00,90.53,90.6,90.16,90.38,5618530
2021-08-10 04:00:00+00:00,90.48,91.08,90.28,90.74,5241792
2021-08-11 04:00:00+00:00,90.94,91.14,90.6,91.0,5539882
2021-08-12 04:00:00+00:00,90.94,91.09,90.31,91.04,5307264
2021-08-13 04:00:00+00:00,91.1,91.15,90.6,90.78,4965474
2021-08-16 04:00:00+00:00,90.25,90.43,89.41,90.36,6657592
2021-08-17 04:00:00+00:00,89.22,89.22,87.48,88.22,11202564
2021-08-18 04:00:00+00:00,88.19,89.44,88.09,88.53,10073056
2021-08-19 04:00:00+00:00,87.77,88.6,87.44,87.97,11383152
2021-08-20 04:00:00+00:00,88.11,88.91,88.03,88.81,6691682
2021-08-23 04:00:00+00:00,89.29,90.16,89.2,89.96,6959818
2021-08-24 04:00:00+00:00,90.34,90.85,90.18,90.59,5856418
2021-08-25 04:00:00+00:00,90.59,91.06,90.42,90.94,7307796
2021-08-26 04:00:00+00:00,90.63,90.68,89.92,90.1,7441402
2021-08-27 04:00:00+00:00,90.3,91.08,90.15,90.92,8030312
2021-08-30 04:00:00+00:00,91.18,91.92,91.13,91.61,7419866
2021-08-31 04:00:00+00:00,91.69,91.87,91.31,91.83,9668204
2021-09-01 04:00:00+00:00,92.14,92.31,91.75,91.82,8247010
2021-09-02 04:00:00+00:00,92.08,92.35,91.68,91.82,6741814
2021-09-03 04:00:00+00:00,91.58,91.79,91.18,91.76,6953314
2021-09-07 04:00:00+00:00,91.8,92.25,91.76,92.03,8812518
2021-09-08 04:00:00+00:00,92.01,92.35,91.38,92.14,7418260
2021-09-09 04:00:00+00:00,92.21,92.78,91.98,92.02,8714798
2021-09-10 04:00:00+00:00,92.51,92.59,91.41,91.45,9625792
2021-09-13 04:00:00+00:00,91.86,91.94,90.78,91.68,11591074
2021-09-14 04:00:00+00:00,91.85,91.97,90.99,91.37,8505678
2021-09-15 04:00:00+00:00,91.16,92.11,90.49,91.96,10294618
2021-09-16 04:00:00+00:00,91.77,92.61,91.6,92.38,12171410
2021-09-17 04:00:00+00:00,92.27,92.8,91.85,92.06,14925086
2021-09-20 04:00:00+00:00,90.18,90.64,88.69,89.82,16380372
2021-09-21 04:00:00+00:00,90.36,90.69,89.67,89.96,12574424
2021-09-22 04:00:00+00:00,90.52,91.6,90.31,91.18,12458486
2021-09-23 04:00:00+00:00,91.57,92.5,91.57,92.11,8387356
2021-09-24 04:00:00+00:00,91.52,92.53,91.41,92.45,8105362
2021-09-27 04:00:00+00:00,92.08,93.2,92.05,92.95,9578372
2021-09-28 04:00:00+00:00,92.4,92.54,90.67,91.16,15009472
2021-09-29 04:00:00+00:00,91.47,92.16,91.03,91.25,12714420
2021-09-30 04:00:00+00:00,91.26,91.33,89.73,89.73,16557532
2021-10-01 04:00:00+00:00,90.18,90.83,89.25,90.4,15519586
2021-10-04 04:00:00+00:00,90.68,90.94,89.38,89.69,18549138
2021-10-05 04:00:00+00:00,90.0,90.88,89.79,90.05,11006184
2021-10-06 04:00:00+00:00,89.49,90.44,89.12,90.33,10400984
2021-10-07 04:00:00+00:00,91.11,92.08,91.02,91.74,7612502
2021-10-08 04:00:00+00:00,91.77,91.86,91.23,91.32,7516868
2021-10-11 04:00:00+00:00,91.28,92.0,90.94,90.95,6702196
2021-10-12 04:00:00+00:00,91.5,92.04,91.25,91.67,10306156
2021-10-13 04:00:00+00:00,91.95,92.37,91.39,92.12,10865296
2021-10-14 04:00:00+00:00,92.65,93.23,92.55,93.08,7514600
2021-10-15 04:00:00+00:00,93.66,94.54,93.52,94.51,8717452
2021-10-18 04:00:00+00:00,94.31,95.73,94.29,95.66,7867108
2021-10-19 04:00:00+00:00,95.89,95.89,95.29,95.39,5829914
2021-10-20 04:00:00+00:00,95.39,95.75,95.16,95.32,9621772
2021-10-21 04:00:00+00:00,95.16,96.78,95.16,96.72,7216676
2021-10-22 04:00:00+00:00,96.66,96.91,95.95,96.38,7524602
2021-10-25 04:00:00+00:00,97.22,99.19,96.83,98.77,11096988
2021-10-26 04:00:00+00:00,99.2,100.81,98.39,98.78,15139076
2021-10-27 04:00:00+00:00,99.24,99.94,98.97,99.0,9859434
2021-10-28 04:00:00+00:00,99.83,100.61,99.55,100.32,9029020
2021-10-29 04:00:00+00:00,99.17,100.63,98.9,100.58,8614620
2021-11-01 04:00:00+00:00,101.32,102.44,100.71,102.42,11407106
2021-11-02 04:00:00+00:00,101.54,102.35,101.22,101.73,13696980
2021-11-03 04:00:00+00:00,101.71,103.63,101.61,103.56,12955574
2021-11-04 04:00:00+00:00,104.06,105.36,103.93,104.96,11715788
2021-11-05 04:00:00+00:00,105.62,106.35,105.53,105.63,9746080
2021-11-08 05:00:00+00:00,104.51,105.41,104.1,104.14,11868130
2021-11-09 05:00:00+00:00,104.51,104.64,101.92,102.21,33262088
2021-11-10 05:00:00+00:00,101.55,103.27,100.54,101.83,22813464
2021-11-11 05:00:00+00:00,102.92,102.92,101.51,101.56,12457290
2021-11-12 05:00:00+00:00,101.59,102.03,100.93,101.9,10382900
2021-11-15 05:00:00+00:00,101.97,102.17,101.23,101.81,10724124
2021-11-16 05:00:00+00:00,101.94,103.65,101.92,103.42,11498368
2021-11-17 05:00:00+00:00,103.86,104.71,103.66,104.08,16761210
2021-11-18 05:00:00+00:00,104.62,105.43,104.07,105.26,14958320
2021-11-19 05:00:00+00:00,105.26,106.0,105.04,105.71,15100850
2021-11-22 05:00:00+00:00,106.39,107.53,105.01,105.45,18646368
2021-11-23 05:00:00+00:00,105.54,106.12,103.25,104.68,23117410
2021-11-24 05:00:00+00:00,103.58,105.22,103.03,104.9,16452200
2021-11-26 05:00:00+00:00,103.16,103.52,101.87,102.04,15494394
2021-11-29 05:00:00+00:00,103.38,104.45,103.12,103.62,17146940
2021-11-30 05:00:00+00:00,103.39,104.04,101.68,102.22,26787116
2021-12-01 05:00:00+00:00,103.38,104.38,100.31,100.38,26177020
2021-12-02 05:00:00+00:00,100.92,102.29,100.29,101.81,34236318
2021-12-03 05:00:00+00:00,102.19,102.49,98.8,99.83,28689922
2021-12-06 05:00:00+00:00,100.23,101.88,98.83,100.97,23525874
2021-12-07 05:00:00+00:00,102.65,103.65,102.39,103.32,14012132
2021-12-08 05:00:00+00:00,103.4,103.76,102.77,103.58,12095138
2021-12-09 05:00:00+00:00,103.16,103.32,101.75,101.79,11865746
2021-12-10 05:00:00+00:00,102.28,102.53,101.05,102.5,14457114
2021-12-13 05:00:00+00:00,101.9,102.07,99.59,99.86,15141784
2021-12-14 05:00:00+00:00,98.75,99.56,98.18,99.28,15483906
2021-12-15 05:00:00+00:00,98.93,100.59,97.6,100.54,19126144
2021-12-16 05:00:00+00:00,101.03,101.21,98.19,98.32,18467320
2021-12-17 05:00:00+00:00,97.5,98.82,96.83,97.65,23640194
2021-12-20 05:00:00+00:00,95.94,96.14,94.95,95.93,24153984
2021-12-21 05:00:00+00:00,96.95,98.44,96.2,98.41,13653628
2021-12-22 05:00:00+00:00,98.73,100.31,98.56,100.21,11517252
2021-12-23 05:00:00+00:00,100.33,101.87,100.18,101.6,10733776
2021-12-27 05:00:00+00:00,101.79,102.9,101.74,102.59,8519528
2021-12-28 05:00:00+00:00,102.82,103.18,102.46,102.63,8324686
2021-12-29 05:00:00+00:00,102.88,103.09,102.19,102.84,7782918
2021-12-30 05:00:00+00:00,102.49,103.37,102.38,102.47,7153600
2021-12-31 05:00:00+00:00,102.55,102.91,102.15,102.22,6936202
2022-01-03 05:00:00+00:00,104.15,105.17,103.55,105.16,14500156
2022-01-04 05:00:00+00:00,105.33,105.91,103.95,104.52,13262986
2022-01-05 05:00:00+00:00,104.38,104.7,101.65,101.7,17286788
2022-01-06 05:00:00+00:00,101.56,102.15,99.83,101.43,17354444
2022-01-07 05:00:00+00:00,101.58,101.84,99.42,99.74,15016228
2022-01-10 05:00:00+00:00,98.43,99.18,96.29,99.13,21421128
2022-01-11 05:00:00+00:00,98.99,100.29,98.23,100.09,16979340
2022-01-12 05:00:00+00:00,100.79,101.26,99.89,100.75,13653438
2022-01-13 05:00:00+00:00,101.08,101.57,98.48,98.72,16965098
2022-01-14 05:00:00+00:00,97.94,98.72,96.85,98.26,20851856
2022-01-18 05:00:00+00:00,96.87,97.34,96.05,96.4,18340026
2022-01-19 05:00:00+00:00,96.82,97.14,94.59,94.66,17542602
2022-01-20 05:00:00+00:00,95.24,96.43,92.77,92.94,18194864
2022-01-21 05:00:00+00:00,92.63,93.02,90.17,90.21,37665904
2022-01-24 05:00:00+00:00,88.34,91.39,86.03,91.3,53611640
2022-01-25 05:00:00+00:00,89.74,91.13,88.49,89.75,36010198
2022-01-26 05:00:00+00:00,91.65,92.47,88.17,89.32,44117416
2022-01-27 05:00:00+00:00,90.15,90.3,86.96,87.15,33795490
2022-01-28 05:00:00+00:00,87.46,89.05,85.74,89.05,31702178
2022-01-31 05:00:00+00:00,89.5,92.55,89.15,92.48,22327648
2022-02-01 05:00:00+00:00,92.66,93.21,91.18,93.04,22413134
2022-02-02 05:00:00+00:00,93.65,93.77,91.6,92.48,19394208
2022-02-03 05:00:00+00:00,90.33,91.76,89.46,89.65,19267170
2022-02-04 05:00:00+00:00,91.64,93.3,90.34,92.2,20132050
2022-02-07 05:00:00+00:00,92.52,93.55,91.67,92.01,18990062
2022-02-08 05:00:00+00:00,91.74,93.51,91.27,93.31,18406520
2022-02-09 05:00:00+00:00,94.48,95.09,94.15,94.54,16940308
2022-02-10 05:00:00+00:00,92.87,94.74,92.32,92.91,25963540
2022-02-11 05:00:00+00:00,93.01,93.35,89.84,90.24,25346942
2022-02-14 05:00:00+00:00,90.13,91.94,89.9,90.76,30884786
2022-02-15 05:00:00+00:00,92.19,92.87,92.0,92.79,20736188
2022-02-16 05:00:00+00:00,92.23,93.31,91.81,93.05,17429580
2022-02-17 05:00:00+00:00,92.46,92.9,90.43,90.56,18154764
2022-02-18 05:00:00+00:00,90.8,91.09,89.11,90.0,19002818
2022-02-22 05:00:00+00:00,88.74,89.61,86.33,87.38,27385900
2022-02-23 05:00:00+00:00,88.06,88.29,84.3,84.46,27158996
2022-02-24 05:00:00+00:00,80.99,86.52,80.75,86.39,42278326
2022-02-25 05:00:00+00:00,86.65,88.11,85.48,88.1,27489388
2022-02-28 05:00:00+00:00,87.23,89.1,87.08,88.72,32352812
2022-03-01 05:00:00+00:00,88.59,88.86,86.77,87.37,27113778
2022-03-02 05:00:00+00:00,87.69,89.6,87.47,89.21,20333672
2022-03-03 05:00:00+00:00,89.66,89.81,86.77,87.19,22444242
2022-03-04 05:00:00+00:00,86.69,86.9,84.91,85.8,21689648
2022-03-07 05:00:00+00:00,86.01,86.21,81.56,81.6,32187432
2022-03-08 05:00:00+00:00,81.5,84.36,80.86,81.77,50976730
2022-03-09 05:00:00+00:00,83.94,84.88,83.56,84.4,31966106
2022-03-10 05:00:00+00:00,84.38,85.27,83.66,85.0,25993782
2022-03-11 05:00:00+00:00,85.67,85.91,83.3,83.36,24171694
2022-03-14 04:00:00+00:00,83.27,83.94,81.46,81.97,30383428
2022-03-15 04:00:00+00:00,82.57,84.96,82.37,84.72,27239684
2022-03-16 04:00:00+00:00,85.7,87.61,84.88,87.61,33797074
2022-03-17 04:00:00+00:00,86.84,89.09,86.6,89.07,26102412
2022-03-18 04:00:00+00:00,88.82,91.05,88.39,90.94,30143914
2022-03-21 04:00:00+00:00,90.9,91.45,89.21,90.04,25675428
2022-03-22 04:00:00+00:00,90.63,92.58,90.57,92.28,16430908
2022-03-23 04:00:00+00:00,91.52,92.68,90.94,91.13,15770150
2022-03-24 04:00:00+00:00,91.55,91.94,90.52,91.84,15147988
2022-03-25 04:00:00+00:00,91.96,92.15,90.84,91.68,16418460
2022-03-28 04:00:00+00:00,92.65,94.15,92.52,94.1,27277784
2022-03-29 04:00:00+00:00,95.37,96.1,94.53,95.77,19629282
2022-03-30 04:00:00+00:00,95.0,95.5,93.84,94.31,16531448
2022-03-31 04:00:00+00:00,94.29,94.29,92.42,92.5,16937948
2022-04-01 04:00:00+00:00,93.01,93.24,92.11,92.62,10037306
2022-04-04 04:00:00+00:00,92.66,94.73,92.04,94.7,15443018
2022-04-05 04:00:00+00:00,94.22,94.7,92.21,92.48,16288664
2022-04-06 04:00:00+00:00,91.22,91.22,89.28,90.12,27886440
2022-04-07 04:00:00+00:00,89.92,91.07,88.71,90.58,22568098
2022-04-08 04:00:00+00:00,90.02,90.82,89.45,89.74,18611604
2022-04-11 04:00:00+00:00,88.39,89.77,87.98,88.08,18724780
2022-04-12 04:00:00+00:00,89.31,90.24,87.92,88.27,23652310
2022-04-13 04:00:00+00:00,88.09,90.62,88.0,90.47,17148714
2022-04-14 04:00:00+00:00,90.3,90.8,89.14,89.2,18015948
2022-04-18 04:00:00+00:00,88.91,89.99,88.56,89.47,15445728
2022-04-19 04:00:00+00:00,89.52,92.2,89.45,92.07,17631164
2022-04-20 04:00:00+00:00,92.25,92.49,90.74,90.88,13964090
2022-04-21 04:00:00+00:00,93.37,93.94,89.72,90.0,23469816
2022-04-22 04:00:00+00:00,89.81,90.14,87.82,87.91,22405888
2022-04-25 04:00:00+00:00,87.14,88.62,86.62,88.55,25901304
2022-04-26 04:00:00+00:00,87.89,88.03,84.03,84.07,31043724
2022-04-27 04:00:00+00:00,84.6,85.87,83.55,84.08,25202138
2022-04-28 04:00:00+00:00,85.23,86.67,83.1,85.8,14065178
2022-04-29 04:00:00+00:00,83.93,84.68,81.28,81.44,19037798
2022-05-02 04:00:00+00:00,81.19,82.69,80.07,82.63,35587508
2022-05-03 04:00:00+00:00,82.59,82.96,81.72,82.43,25437310
2022-05-04 04:00:00+00:00,82.3,84.93,80.94,84.85,20320550
2022-05-05 04:00:00+00:00,83.71,83.76,79.14,80.09,24342206
2022-05-06 04:00:00+00:00,79.65,80.43,77.69,79.08,26737918
2022-05-09 04:00:00+00:00,77.35,78.43,75.29,75.71,22125664
2022-05-10 04:00:00+00:00,77.3,77.76,74.42,75.48,25878818
2022-05-11 04:00:00+00:00,75.31,76.08,72.57,72.78,25917854
2022-05-12 04:00:00+00:00,71.51,75.0,71.02,73.28,23763588
2022-05-13 04:00:00+00:00,74.94,76.52,74.36,76.16,12608376
2022-05-16 04:00:00+00:00,75.86,75.91,74.33,74.52,12277126
2022-05-17 04:00:00+00:00,76.0,76.43,74.47,76.4,11456918
2022-05-18 04:00:00+00:00,74.32,74.32,70.86,71.4,15063396
2022-05-19 04:00:00+00:00,70.96,72.64,70.53,71.45,15760744
2022-05-20 04:00:00+00:00,72.04,72.14,68.17,70.21,15805884
2022-05-23 04:00:00+00:00,70.49,70.92,68.92,70.73,13783072
2022-05-24 04:00:00+00:00,69.57,69.76,68.0,68.91,15311502
2022-05-25 04:00:00+00:00,68.47,71.46,68.43,70.86,13423436
2022-05-26 04:00:00+00:00,71.85,74.85,71.8,74.33,16660418
2022-05-27 04:00:00+00:00,75.16,76.9,75.16,76.88,15503116
2022-05-31 04:00:00+00:00,76.96,78.05,75.79,77.27,14197722
2022-06-01 04:00:00+00:00,77.69,78.22,75.97,76.47,12420928
2022-06-02 04:00:00+00:00,76.54,78.85,76.22,78.81,11837512
2022-06-03 04:00:00+00:00,77.19,77.75,76.24,76.5,10733298
2022-06-06 04:00:00+00:00,77.86,78.26,76.8,77.27,10390200
2022-06-07 04:00:00+00:00,75.69,77.3,75.26,77.08,9813172
2022-06-08 04:00:00+00:00,76.68,77.75,76.42,76.62,8974240
2022-06-09 04:00:00+00:00,76.67,77.49,75.23,75.24,8105308
2022-06-10 04:00:00+00:00,73.68,74.15,72.01,72.24,13806478
2022-06-13 04:00:00+00:00,69.72,70.47,68.38,68.9,20216372
2022-06-14 04:00:00+00:00,69.25,69.76,68.24,68.85,13512906
2022-06-15 04:00:00+00:00,69.33,71.58,69.21,70.78,18546610
2022-06-16 04:00:00+00:00,68.78,68.86,66.52,67.32,24456344
2022-06-17 04:00:00+00:00,67.33,68.64,67.08,68.05,22817768
2022-06-21 04:00:00+00:00,69.24,70.61,69.11,69.83,13136878
2022-06-22 04:00:00+00:00,68.85,71.11,68.85,69.7,12194760
2022-06-23 04:00:00+00:00,70.19,70.99,69.24,70.8,11930230
2022-06-24 04:00:00+00:00,71.3,73.52,70.97,73.5,13423576
2022-06-27 04:00:00+00:00,73.86,74.24,72.49,72.72,14919942
2022-06-28 04:00:00+00:00,72.9,73.76,69.8,69.82,11954008
2022-06-29 04:00:00+00:00,69.79,70.25,69.02,69.77,12232148
2022-06-30 04:00:00+00:00,68.86,69.61,67.38,68.74,12779732
2022-07-01 04:00:00+00:00,68.85,70.1,68.58,70.01,11660028
2022-07-05 04:00:00+00:00,69.0,71.61,68.52,71.57,11690754
2022-07-06 04:00:00+00:00,71.44,72.07,70.53,71.33,16039858
2022-07-07 04:00:00+00:00,71.52,73.32,71.51,73.18,8757858
2022-07-08 04:00:00+00:00,72.57,73.72,72.24,73.19,6354868
2022-07-11 04:00:00+00:00,72.72,72.92,71.01,71.18,7776028
2022-07-12 04:00:00+00:00,71.18,72.3,70.29,70.75,15034704
2022-07-13 04:00:00+00:00,69.35,71.96,69.07,71.33,14387926
2022-07-14 04:00:00+00:00,70.55,71.39,69.69,71.27,10841014
2022-07-15 04:00:00+00:00,72.17,72.75,71.72,72.42,7629116
2022-07-18 04:00:00+00:00,73.41,74.29,72.35,72.63,8183768
2022-07-19 04:00:00+00:00,73.69,74.97,73.07,74.86,9459098
2022-07-20 04:00:00+00:00,75.0,76.23,74.81,76.08,9455044
2022-07-21 04:00:00+00:00,76.36,77.88,75.93,77.83,10929616
2022-07-22 04:00:00+00:00,78.32,78.9,76.9,77.38,7889872
2022-07-25 04:00:00+00:00,77.44,77.48,76.24,76.71,9861264
2022-07-26 04:00:00+00:00,74.96,75.3,74.11,74.24,8417236
2022-07-27 04:00:00+00:00,75.36,77.45,75.01,77.05,10766760
2022-07-28 04:00:00+00:00,77.5,78.51,76.29,78.38,11202170
2022-07-29 04:00:00+00:00,80.17,81.74,79.63,81.42,13977820
2022-08-01 04:00:00+00:00,81.43,83.0,81.03,81.82,18982278
2022-08-02 04:00:00+00:00,81.31,82.69,80.99,81.26,14884552
2022-08-03 04:00:00+00:00,82.15,83.62,81.83,83.24,13134548
2022-08-04 04:00:00+00:00,83.45,83.93,82.97,83.58,10925350
2022-08-05 04:00:00+00:00,82.65,83.37,81.73,82.16,9074662
2022-08-08 04:00:00+00:00,83.01,84.29,82.21,82.53,7415128
2022-08-09 04:00:00+00:00,82.03,82.29,80.73,81.21,6849476
2022-08-10 04:00:00+00:00,83.58,83.85,82.57,83.5,7455188
2022-08-11 04:00:00+00:00,84.24,84.63,82.82,83.08,7893982
2022-08-12 04:00:00+00:00,83.68,84.98,82.96,84.96,6019418
2022-08-15 04:00:00+00:00,84.74,85.81,84.64,85.54,7860822
2022-08-16 04:00:00+00:00,85.68,87.38,85.42,86.49,7514736
2022-08-17 04:00:00+00:00,85.54,86.44,85.0,85.56,7762784
2022-08-18 04:00:00+00:00,85.46,85.73,84.98,85.53,5926428
2022-08-19 04:00:00+00:00,84.78,84.89,83.48,83.77,7425482
2022-08-22 04:00:00+00:00,82.5,82.5,81.27,81.44,8629608
2022-08-23 04:00:00+00:00,81.51,82.28,81.24,81.67,9546412
2022-08-24 04:00:00+00:00,81.51,82.84,81.31,82.02,6838282
2022-08-25 04:00:00+00:00,82.53,83.1,81.91,83.0,6316376
2022-08-26 04:00:00+00:00,83.15,83.43,79.82,79.84,8080592
2022-08-29 04:00:00+00:00,78.73,80.08,78.73,79.42,7265126
2022-08-30 04:00:00+00:00,80.08,80.27,77.74,78.53,7431100
2022-08-31 04:00:00+00:00,78.94,79.18,77.74,77.76,8978438
2022-09-01 04:00:00+00:00,77.25,78.53,76.47,78.47,13172596
2022-09-02 04:00:00+00:00,79.25,79.6,77.3,77.75,19110218
2022-09-06 04:00:00+00:00,78.08,78.27,76.43,77.58,19457574
2022-09-07 04:00:00+00:00,77.5,80.08,77.5,79.97,14117130
2022-09-08 04:00:00+00:00,79.15,80.77,78.9,80.71,9780058
2022-09-09 04:00:00+00:00,81.1,82.38,81.1,82.24,9214706
2022-09-12 04:00:00+00:00,82.7,83.6,82.7,83.3,8932224
2022-09-13 04:00:00+00:00,80.65,81.04,78.79,79.01,13976418
2022-09-14 04:00:00+00:00,79.28,80.35,78.88,80.02,15725438
2022-09-15 04:00:00+00:00,79.92,81.22,79.22,79.61,11527512
2022-09-16 04:00:00+00:00,78.41,79.11,77.85,78.97,17679530
2022-09-19 04:00:00+00:00,78.13,79.94,78.08,79.92,10217682
2022-09-20 04:00:00+00:00,79.1,79.4,77.91,78.57,9414952
2022-09-21 04:00:00+00:00,78.79,79.52,76.69,76.71,10549820
2022-09-22 04:00:00+00:00,76.32,76.59,74.55,74.94,11679754
2022-09-23 04:00:00+00:00,73.94,74.06,72.28,73.21,11463142
2022-09-26 04:00:00+00:00,72.91,74.64,72.9,73.05,13113178
2022-09-27 04:00:00+00:00,74.12,74.87,72.49,73.28,14676912
2022-09-28 04:00:00+00:00,73.58,75.65,73.22,75.26,14173132
2022-09-29 04:00:00+00:00,74.07,74.17,71.96,72.66,12655416
2022-09-30 04:00:00+00:00,71.81,73.27,71.02,71.22,12376318
2022-10-03 04:00:00+00:00,71.16,71.96,70.1,71.3,20379682
2022-10-04 04:00:00+00:00,73.07,74.51,72.86,73.79,21030652
2022-10-05 04:00:00+00:00,72.61,73.83,71.84,73.35,13811348
2022-10-06 04:00:00+00:00,73.19,73.92,72.51,72.83,15511678
2022-10-07 04:00:00+00:00,71.75,71.91,69.92,70.33,11517776
2022-10-10 04:00:00+00:00,70.43,70.63,69.2,69.89,9814788
2022-10-11 04:00:00+00:00,69.55,70.74,68.86,69.32,12077058
2022-10-12 04:00:00+00:00,69.33,70.04,68.77,69.5,19557762
2022-10-13 04:00:00+00:00,67.42,70.66,66.78,70.26,19749274
2022-10-14 04:00:00+00:00,70.96,71.33,67.53,67.64,13599354
2022-10-17 04:00:00+00:00,69.08,70.57,69.05,70.38,13334504
2022-10-18 04:00:00+00:00,72.58,72.79,70.66,71.35,10501298
2022-10-19 04:00:00+00:00,70.77,71.23,69.81,70.55,7267314
2022-10-20 04:00:00+00:00,69.59,70.89,68.96,69.19,10434256
2022-10-21 04:00:00+00:00,69.11,71.27,68.72,71.2,15754918
2022-10-24 04:00:00+00:00,70.88,71.8,69.61,71.5,9255826
2022-10-25 04:00:00+00:00,71.53,73.49,71.53,73.29,7612364
2022-10-26 04:00:00+00:00,72.4,74.16,72.2,72.69,7008026
2022-10-27 04:00:00+00:00,73.05,73.52,72.16,72.42,12902006
2022-10-28 04:00:00+00:00,70.47,72.58,69.96,72.48,14278642
2022-10-31 04:00:00+00:00,72.1,72.56,71.41,72.02,9621146
2022-11-01 04:00:00+00:00,73.24,73.45,71.15,71.29,13761296
2022-11-02 04:00:00+00:00,71.22,71.63,68.57,68.59,21257328
2022-11-03 04:00:00+00:00,68.1,68.97,67.73,68.18,11967138
2022-11-04 04:00:00+00:00,69.8,70.48,67.45,68.75,13862524
2022-11-07 05:00:00+00:00,69.17,69.22,67.6,68.27,7424696
2022-11-08 05:00:00+00:00,68.35,68.92,67.16,68.1,9535822
2022-11-09 05:00:00+00:00,67.74,68.06,65.95,66.02,10155780
2022-11-10 05:00:00+00:00,69.33,70.93,68.6,70.85,15516042
2022-11-11 05:00:00+00:00,70.95,72.94,70.74,72.55,11348858
2022-11-14 05:00:00+00:00,71.92,72.55,71.32,71.4,15841116
2022-11-15 05:00:00+00:00,73.09,73.48,71.57,72.37,8739552
2022-11-16 05:00:00+00:00,71.04,71.86,70.75,71.27,9573844
2022-11-17 05:00:00+00:00,70.24,70.7,69.74,70.4,7565112
2022-11-18 05:00:00+00:00,71.31,71.33,69.68,70.5,7412938
2022-11-21 05:00:00+00:00,70.1,70.3,69.1,69.47,6752776
2022-11-22 05:00:00+00:00,69.75,70.3,69.27,70.26,5520898
2022-11-23 05:00:00+00:00,70.51,71.43,70.36,71.28,6177764
2022-11-25 05:00:00+00:00,71.31,71.52,70.94,71.32,2728452
2022-11-28 05:00:00+00:00,70.93,71.67,70.72,70.88,6041032
2022-11-29 05:00:00+00:00,70.94,71.2,70.38,70.65,10422936
2022-11-30 05:00:00+00:00,70.69,73.11,70.23,73.08,16408554
2022-12-01 05:00:00+00:00,73.36,73.66,72.52,73.08,9654132
2022-12-02 05:00:00+00:00,72.05,73.2,72.03,72.98,11972466
2022-12-05 05:00:00+00:00,72.01,72.24,70.69,70.88,11579988
2022-12-06 05:00:00+00:00,70.67,70.97,69.17,69.77,7899852
2022-12-07 05:00:00+00:00,69.3,70.09,69.08,69.35,10852620
2022-12-08 05:00:00+00:00,69.47,70.29,69.14,70.02,6407018
2022-12-09 05:00:00+00:00,69.6,70.41,69.49,69.72,7218468
2022-12-12 05:00:00+00:00,69.57,69.89,69.11,69.89,6545582
2022-12-13 05:00:00+00:00,72.21,72.66,69.14,69.89,10744204
2022-12-14 05:00:00+00:00,69.75,70.32,68.59,69.37,10903702
2022-12-15 05:00:00+00:00,68.3,68.63,67.72,68.23,11949600
2022-12-16 05:00:00+00:00,67.84,68.11,66.61,66.96,13369684
2022-12-19 05:00:00+00:00,66.76,66.9,65.44,65.7,8675820
2022-12-20 05:00:00+00:00,65.3,65.84,64.85,64.94,7710692
2022-12-21 05:00:00+00:00,65.72,66.33,65.47,65.97,10670224
2022-12-22 05:00:00+00:00,65.22,65.27,63.32,64.28,12897212
2022-12-23 05:00:00+00:00,64.11,64.9,63.67,64.72,6550878
2022-12-27 05:00:00+00:00,64.42,64.54,63.63,63.67,8536192
2022-12-28 05:00:00+00:00,63.7,64.32,63.0,63.13,10073734
2022-12-29 05:00:00+00:00,64.04,64.9,63.79,64.76,7492206
2022-12-30 05:00:00+00:00,64.11,64.6,63.84,64.58,7531068
2023-01-03 05:00:00+00:00,64.97,65.15,63.42,64.19,9567262
2023-01-04 05:00:00+00:00,64.8,65.61,63.98,65.13,8079680
2023-01-05 05:00:00+00:00,64.67,64.95,64.08,64.52,7776380
2023-01-06 05:00:00+00:00,64.34,66.29,63.88,66.04,9239364
2023-01-09 05:00:00+00:00,66.83,67.51,66.39,66.44,9387770
2023-01-10 05:00:00+00:00,66.47,67.28,66.11,67.27,8830716
2023-01-11 05:00:00+00:00,67.85,69.09,67.79,69.08,12708064
2023-01-12 05:00:00+00:00,69.52,69.6,68.09,69.2,9572678
2023-01-13 05:00:00+00:00,68.13,69.92,68.04,69.85,7968274
2023-01-17 05:00:00+00:00,70.06,70.46,69.7,69.9,7499778
2023-01-18 05:00:00+00:00,70.61,71.02,68.96,68.99,9596998
2023-01-19 05:00:00+00:00,68.49,68.7,67.5,67.85,12957252
2023-01-20 05:00:00+00:00,68.0,69.53,67.66,69.49,7502568
2023-01-23 05:00:00+00:00,69.68,70.84,69.27,70.58,9168298
2023-01-24 05:00:00+00:00,70.33,70.83,69.88,70.5,6372950
2023-01-25 05:00:00+00:00,69.43,70.95,68.9,70.86,7540386
2023-01-26 05:00:00+00:00,72.11,72.52,71.4,72.31,9641134
2023-01-27 05:00:00+00:00,72.36,74.52,72.35,73.94,10945258
2023-01-30 05:00:00+00:00,73.39,73.88,72.63,72.69,9578440
2023-01-31 05:00:00+00:00,72.77,74.35,72.77,74.35,6975576
2023-02-01 05:00:00+00:00,74.16,76.36,73.39,75.76,13913734
2023-02-02 05:00:00+00:00,77.41,79.01,77.05,78.08,14039672
2023-02-03 05:00:00+00:00,75.74,77.47,75.34,75.68,13593460
2023-02-06 05:00:00+00:00,75.39,76.03,74.94,75.57,8770272
2023-02-07 05:00:00+00:00,75.24,75.93,73.83,75.74,9833200
2023-02-08 05:00:00+00:00,75.49,75.68,74.58,75.1,11128086
2023-02-09 05:00:00+00:00,76.1,76.6,74.58,74.96,8316184
2023-02-10 05:00:00+00:00,74.3,74.66,73.47,74.08,6433122
2023-02-13 05:00:00+00:00,74.07,75.19,73.57,75.16,6721636
2023-02-14 05:00:00+00:00,74.63,76.26,74.17,76.06,8722596
2023-02-15 05:00:00+00:00,75.85,76.97,75.55,76.95,6823022
2023-02-16 05:00:00+00:00,75.77,76.85,75.26,75.27,11257802
2023-02-17 05:00:00+00:00,74.84,75.32,74.02,75.29,7480138
2023-02-21 05:00:00+00:00,74.16,74.36,72.75,72.77,8837582
2023-02-22 05:00:00+00:00,72.94,73.62,72.61,73.14,9928492
2023-02-23 05:00:00+00:00,73.4,73.49,71.85,73.08,10568646
2023-02-24 05:00:00+00:00,71.72,72.07,71.34,71.93,11914500
2023-02-27 05:00:00+00:00,72.75,73.36,72.52,72.82,11244674
2023-02-28 05:00:00+00:00,72.78,73.31,72.49,72.77,11185166
2023-03-01 05:00:00+00:00,72.51,72.75,71.44,71.86,12688832
2023-03-02 05:00:00+00:00,70.71,71.72,70.52,71.61,10983696
2023-03-03 05:00:00+00:00,72.24,73.28,72.08,73.16,10035204
2023-03-06 05:00:00+00:00,73.34,73.6,72.6,72.62,9854396
2023-03-07 05:00:00+00:00,72.51,72.87,71.59,71.63,11941814
2023-03-08 05:00:00+00:00,71.5,71.65,70.77,71.5,10816612
2023-03-09 05:00:00+00:00,71.38,72.11,69.73,69.8,13337364
2023-03-10 05:00:00+00:00,70.03,70.75,68.86,69.1,29058626
2023-03-13 04:00:00+00:00,68.08,70.13,67.86,69.25,23628244
2023-03-14 04:00:00+00:00,70.19,70.62,69.54,70.42,15038250
2023-03-15 04:00:00+00:00,69.38,70.36,69.0,70.32,18002850
2023-03-16 04:00:00+00:00,69.88,71.89,69.82,71.58,21495596
2023-03-17 04:00:00+00:00,71.57,71.61,70.1,70.67,16879914
2023-03-20 04:00:00+00:00,70.37,71.19,69.88,70.76,11729806
2023-03-21 04:00:00+00:00,71.68,72.83,71.65,72.72,12776846
2023-03-22 04:00:00+00:00,72.75,73.28,71.07,71.1,10983558
2023-03-23 04:00:00+00:00,71.96,72.48,70.32,71.02,12255572
2023-03-24 04:00:00+00:00,70.86,70.92,69.89,70.79,9434802
2023-03-27 04:00:00+00:00,71.47,71.74,70.64,70.94,8414640
2023-03-28 04:00:00+00:00,70.92,71.11,70.37,70.85,5719518
2023-03-29 04:00:00+00:00,71.62,72.22,71.37,72.19,7725882
2023-03-30 04:00:00+00:00,72.89,73.19,72.54,72.83,6478370
2023-03-31 04:00:00+00:00,73.29,74.82,73.19,74.77,10447280
2023-04-03 04:00:00+00:00,74.1,74.44,73.57,74.08,11338386
2023-04-04 04:00:00+00:00,74.33,74.5,73.32,73.97,9383466
2023-04-05 04:00:00+00:00,73.66,73.68,72.3,72.45,8861648
2023-04-06 04:00:00+00:00,72.11,72.6,71.44,72.47,7636276
2023-04-10 04:00:00+00:00,71.72,72.81,71.3,72.79,7276746
2023-04-11 04:00:00+00:00,72.83,73.31,72.57,72.9,8808286
2023-04-12 04:00:00+00:00,73.51,73.53,71.69,71.77,9062664
2023-04-13 04:00:00+00:00,72.29,73.42,72.06,73.36,13140058
2023-04-14 04:00:00+00:00,73.19,73.9,72.84,73.45,10801608
2023-04-17 04:00:00+00:00,73.64,74.13,73.27,73.97,9102468
2023-04-18 04:00:00+00:00,74.34,74.51,73.77,74.09,9058798
2023-04-19 04:00:00+00:00,73.4,74.44,73.33,74.02,7600446
2023-04-20 04:00:00+00:00,72.81,73.51,72.47,72.88,8287156
2023-04-21 04:00:00+00:00,73.47,73.98,72.91,73.69,8870184
2023-04-24 04:00:00+00:00,73.8,74.23,73.0,73.68,7749972
2023-04-25 04:00:00+00:00,73.19,73.32,72.21,72.22,8494316
2023-04-26 04:00:00+00:00,72.58,72.82,71.7,71.85,7706008
2023-04-27 04:00:00+00:00,72.35,73.83,72.3,73.74,9630774
2023-04-28 04:00:00+00:00,73.4,74.03,72.71,73.93,8271020
2023-05-01 04:00:00+00:00,73.75,73.91,73.1,73.2,8547742
2023-05-02 04:00:00+00:00,73.09,73.44,72.39,73.28,9217154
2023-05-03 04:00:00+00:00,72.97,73.94,72.64,72.69,8512050
2023-05-04 04:00:00+00:00,72.71,73.02,72.02,72.14,10662944
2023-05-05 04:00:00+00:00,72.82,73.74,72.69,73.6,7371770
2023-05-08 04:00:00+00:00,73.82,73.88,73.36,73.85,6850084
2023-05-09 04:00:00+00:00,73.44,73.88,73.32,73.83,8465088
2023-05-10 04:00:00+00:00,74.51,74.89,73.35,74.2,9028128
2023-05-11 04:00:00+00:00,74.25,74.64,73.97,74.55,8288846
2023-05-12 04:00:00+00:00,74.8,75.0,73.47,73.92,7556278
2023-05-15 04:00:00+00:00,74.0,74.16,73.36,74.01,6412076
2023-05-16 04:00:00+00:00,73.51,74.37,73.4,73.71,6948810
2023-05-17 04:00:00+00:00,74.18,75.33,74.16,75.25,9331912
2023-05-18 04:00:00+00:00,75.41,76.44,75.4,76.42,8606606
2023-05-19 04:00:00+00:00,76.23,76.27,75.4,75.78,7150198
2023-05-22 04:00:00+00:00,75.81,76.04,75.28,75.54,7120064
2023-05-23 04:00:00+00:00,74.96,75.92,74.7,74.85,8583152
2023-05-24 04:00:00+00:00,74.69,74.97,74.0,74.58,6952448
2023-05-25 04:00:00+00:00,74.81,74.9,73.99,74.24,7997820
2023-05-26 04:00:00+00:00,74.42,76.54,74.29,75.99,10410204
2023-05-30 04:00:00+00:00,76.82,77.07,76.0,76.5,10981560
2023-05-31 04:00:00+00:00,75.99,76.15,74.76,75.81,12489766
2023-06-01 04:00:00+00:00,75.74,77.08,75.22,76.7,10168850
2023-06-02 04:00:00+00:00,77.61,78.79,77.57,78.5,10824760
2023-06-05 04:00:00+00:00,78.49,79.0,78.28,78.74,8808752
2023-06-06 04:00:00+00:00,78.59,79.67,78.54,79.56,9799120
2023-06-07 04:00:00+00:00,80.11,80.39,78.86,79.02,9206394
2023-06-08 04:00:00+00:00,79.14,80.33,79.09,80.19,6722602
2023-06-09 04:00:00+00:00,81.01,81.68,80.41,80.6,11579260
2023-06-12 04:00:00+00:00,81.1,82.09,80.86,81.99,9412734
2023-06-13 04:00:00+00:00,82.64,82.89,81.98,82.84,10836738
2023-06-14 04:00:00+00:00,82.98,83.22,81.67,82.78,13420284
2023-06-15 04:00:00+00:00,82.04,83.61,81.89,83.32,10713956
2023-06-16 04:00:00+00:00,83.91,83.93,83.14,83.19,13294912
2023-06-20 04:00:00+00:00,82.85,83.74,82.59,83.65,10979358
2023-06-21 04:00:00+00:00,83.62,83.82,82.5,82.64,10916068
2023-06-22 04:00:00+00:00,82.13,83.71,82.04,83.7,10753106
2023-06-23 04:00:00+00:00,82.71,83.48,82.39,82.73,11690574
2023-06-26 04:00:00+00:00,82.22,83.41,81.63,81.67,8673708
2023-06-27 04:00:00+00:00,82.15,83.53,82.04,83.42,10956964
2023-06-28 04:00:00+00:00,83.2,84.36,83.13,83.75,8715606
2023-06-29 04:00:00+00:00,83.9,84.1,83.34,83.84,7752544
2023-06-30 04:00:00+00:00,84.55,85.18,84.33,84.91,9023790
2023-07-03 04:00:00+00:00,85.76,86.41,85.76,85.93,9229754
2023-07-05 04:00:00+00:00,85.8,86.1,85.46,85.97,14528594
2023-07-06 04:00:00+00:00,84.88,85.04,84.19,84.58,11474576
2023-07-07 04:00:00+00:00,84.63,85.53,84.47,84.69,10563738
2023-07-10 04:00:00+00:00,84.75,85.01,84.22,84.95,10638784
2023-07-11 04:00:00+00:00,85.18,85.8,85.11,85.66,9633778
2023-07-12 04:00:00+00:00,86.82,86.94,86.23,86.43,10131864
2023-07-13 04:00:00+00:00,87.23,87.45,86.62,87.24,7390016
2023-07-14 04:00:00+00:00,87.23,87.85,87.08,87.46,7919762
2023-07-17 04:00:00+00:00,87.51,88.03,87.42,87.82,8363738
2023-07-18 04:00:00+00:00,87.5,88.38,87.24,88.18,9428080
2023-07-19 04:00:00+00:00,88.4,88.9,88.31,88.49,13090366
2023-07-20 04:00:00+00:00,87.47,87.59,85.35,85.47,19470510
2023-07-21 04:00:00+00:00,86.24,86.26,85.12,85.49,10484174
2023-07-24 04:00:00+00:00,85.37,86.19,85.01,86.05,9651686
2023-07-25 04:00:00+00:00,86.01,86.19,85.63,85.85,6483824
2023-07-26 04:00:00+00:00,85.31,86.21,85.23,85.83,8834696
2023-07-27 04:00:00+00:00,86.7,86.86,84.78,84.94,9463954
2023-07-28 04:00:00+00:00,85.87,86.61,85.6,86.38,7943816
2023-07-31 04:00:00+00:00,86.6,86.88,86.31,86.87,6943618
2023-08-01 04:00:00+00:00,86.44,86.56,85.83,85.89,6900286
2023-08-02 04:00:00+00:00,84.89,85.2,84.17,84.35,9707452
2023-08-03 04:00:00+00:00,83.87,84.76,83.67,84.55,8060844
2023-08-04 04:00:00+00:00,86.93,87.31,85.68,85.78,13507470
2023-08-07 04:00:00+00:00,86.08,86.67,85.36,86.66,7369178
2023-08-08 04:00:00+00:00,85.78,86.09,85.13,85.97,7255570
2023-08-09 04:00:00+00:00,86.09,86.09,84.8,84.95,9045104
2023-08-10 04:00:00+00:00,85.59,86.46,84.74,85.15,8722940
2023-08-11 04:00:00+00:00,84.58,85.12,84.23,84.86,6302144
2023-08-14 04:00:00+00:00,84.34,85.13,84.17,85.12,5639320
2023-08-15 04:00:00+00:00,84.81,85.18,83.84,83.96,6628586
2023-08-16 04:00:00+00:00,83.6,84.15,82.9,82.92,6715430
2023-08-17 04:00:00+00:00,83.16,83.24,81.47,81.52,8709132
2023-08-18 04:00:00+00:00,80.64,81.55,80.47,81.33,8249092
2023-08-21 04:00:00+00:00,81.81,82.4,81.34,82.27,6645278
2023-08-22 04:00:00+00:00,82.9,83.07,82.08,82.39,8006690
2023-08-23 04:00:00+00:00,82.01,83.29,81.92,83.05,7728684
2023-08-24 04:00:00+00:00,83.19,83.3,81.4,81.42,7949074
2023-08-25 04:00:00+00:00,81.79,82.57,81.05,82.33,10093074
2023-08-28 04:00:00+00:00,82.86,82.95,82.17,82.66,5962884
2023-08-29 04:00:00+00:00,82.64,84.76,82.64,84.73,8914192
2023-08-30 04:00:00+00:00,84.57,85.41,84.36,85.09,7289174
2023-08-31 04:00:00+00:00,85.15,85.82,85.03,85.36,7872896
2023-09-01 04:00:00+00:00,85.84,86.06,84.34,84.84,10618726
2023-09-05 04:00:00+00:00,84.69,85.1,84.19,84.9,9426336
2023-09-06 04:00:00+00:00,84.45,84.58,83.53,84.14,11155008
2023-09-07 04:00:00+00:00,83.25,84.48,83.04,84.38,10439356
2023-09-08 04:00:00+00:00,84.26,84.95,84.14,84.38,5710226
2023-09-11 04:00:00+00:00,85.63,86.78,85.59,86.65,10648736
2023-09-12 04:00:00+00:00,86.34,86.92,85.86,85.86,9908234
2023-09-13 04:00:00+00:00,86.13,86.79,85.85,86.54,7984980
2023-09-14 04:00:00+00:00,86.83,87.62,86.42,87.39,9777074
2023-09-15 04:00:00+00:00,86.99,87.11,85.7,85.9,11981604
2023-09-18 04:00:00+00:00,85.5,85.6,84.7,84.81,7442526
2023-09-19 04:00:00+00:00,84.37,84.55,83.61,84.39,8325134
2023-09-20 04:00:00+00:00,84.66,85.15,83.54,83.55,8869002
2023-09-21 04:00:00+00:00,82.49,82.54,81.25,81.27,12236034
2023-09-22 04:00:00+00:00,81.76,81.93,80.4,80.47,14209598
2023-09-25 04:00:00+00:00,80.14,81.13,79.94,80.96,9486790
2023-09-26 04:00:00+00:00,80.22,80.72,79.31,79.49,11667010
2023-09-27 04:00:00+00:00,79.69,79.96,78.37,79.18,12485014
2023-09-28 04:00:00+00:00,78.89,80.3,78.69,80.07,10291796
2023-09-29 04:00:00+00:00,81.23,81.54,80.05,80.49,13117018
2023-10-02 04:00:00+00:00,80.01,81.21,79.82,80.56,14663682
2023-10-03 04:00:00+00:00,79.94,80.02,78.32,78.6,14614028
2023-10-04 04:00:00+00:00,78.98,80.32,78.96,80.15,15340690
2023-10-05 04:00:00+00:00,80.04,80.25,79.11,79.75,13921950
2023-10-06 04:00:00+00:00,78.91,80.61,78.47,80.31,15265276
2023-10-09 04:00:00+00:00,79.33,80.55,78.83,80.39,10496090
2023-10-10 04:00:00+00:00,80.52,82.04,80.48,81.27,13458982
2023-10-11 04:00:00+00:00,81.6,82.0,80.84,81.56,7974462
2023-10-12 04:00:00+00:00,81.58,81.72,80.12,80.67,9181290
2023-10-13 04:00:00+00:00,80.79,80.92,79.27,79.49,11332422
2023-10-16 04:00:00+00:00,79.92,81.03,79.72,80.77,11071346
2023-10-17 04:00:00+00:00,80.04,81.36,79.89,80.96,13419940
2023-10-18 04:00:00+00:00,80.35,80.47,78.91,79.06,10414566
2023-10-19 04:00:00+00:00,78.38,78.74,76.68,77.04,21134826
2023-10-20 04:00:00+00:00,76.86,76.9,75.81,75.85,13358004
2023-10-23 04:00:00+00:00,75.54,76.9,74.74,75.94,15707160
2023-10-24 04:00:00+00:00,76.52,77.24,76.19,76.75,9960428
2023-10-25 04:00:00+00:00,76.15,76.28,75.11,75.19,11201050
2023-10-26 04:00:00+00:00,75.11,75.53,73.92,74.02,16921572
2023-10-27 04:00:00+00:00,75.31,75.94,74.55,74.8,15226554
2023-10-30 04:00:00+00:00,75.66,75.96,74.82,75.48,13857996
2023-10-31 04:00:00+00:00,75.52,76.29,75.22,76.05,10168648
2023-11-01 04:00:00+00:00,76.5,77.04,75.9,76.99,21669852
2023-11-02 04:00:00+00:00,78.33,79.05,78.08,79.0,20069658
2023-11-03 04:00:00+00:00,79.65,80.54,79.63,80.11,13727144
2023-11-06 05:00:00+00:00,80.41,80.68,79.66,80.21,11280516
2023-11-07 05:00:00+00:00,80.36,81.21,80.19,81.11,8773680
2023-11-08 05:00:00+00:00,81.13,81.27,80.41,80.89,8334638
2023-11-09 05:00:00+00:00,80.78,80.88,79.1,79.38,11497212
2023-11-10 05:00:00+00:00,79.48,80.73,79.08,80.7,10312238
2023-11-13 05:00:00+00:00,80.35,81.32,79.99,81.05,9879970
2023-11-14 05:00:00+00:00,83.07,84.03,82.95,83.78,15258318
2023-11-15 05:00:00+00:00,84.19,84.58,83.61,83.88,12389008
2023-11-16 05:00:00+00:00,83.15,83.73,82.65,83.02,12287496
2023-11-17 05:00:00+00:00,83.3,83.8,82.78,83.57,8921098
2023-11-20 05:00:00+00:00,83.55,84.18,83.3,84.0,9285058
2023-11-21 05:00:00+00:00,83.38,83.87,83.11,83.79,7603700
2023-11-22 05:00:00+00:00,84.15,84.69,83.71,84.04,8963440
2023-11-24 05:00:00+00:00,83.99,84.27,83.84,84.12,3483054
2023-11-27 05:00:00+00:00,84.17,84.7,83.81,84.26,7299662
2023-11-28 05:00:00+00:00,84.16,84.79,83.7,84.74,11973922
2023-11-29 05:00:00+00:00,85.37,85.8,84.45,84.51,7659416
2023-11-30 05:00:00+00:00,84.51,84.55,83.73,84.39,13023070
2023-12-01 05:00:00+00:00,84.03,85.57,83.87,85.55,14955710
2023-12-04 05:00:00+00:00,84.93,85.59,84.72,85.22,18477610
2023-12-05 05:00:00+00:00,84.76,86.22,84.69,85.37,7822580
2023-12-06 05:00:00+00:00,86.01,86.43,85.43,85.5,12228220
2023-12-07 05:00:00+00:00,85.84,86.36,85.57,86.2,7380162
2023-12-08 05:00:00+00:00,85.77,86.76,85.7,86.6,8096686
2023-12-11 05:00:00+00:00,86.5,86.93,86.23,86.83,18892304
2023-12-12 05:00:00+00:00,86.73,87.16,86.39,87.1,7411490
2023-12-13 05:00:00+00:00,87.07,88.33,86.39,88.24,10898438
2023-12-14 05:00:00+00:00,89.01,89.78,88.67,89.42,15288968
2023-12-15 05:00:00+00:00,89.44,89.83,89.15,89.61,11258400
2023-12-18 05:00:00+00:00,89.73,90.29,89.55,90.0,7719410
2023-12-19 05:00:00+00:00,90.31,90.94,90.29,90.71,7194128
2023-12-20 05:00:00+00:00,90.3,91.1,89.03,89.05,8621598
2023-12-21 05:00:00+00:00,89.99,90.43,89.49,90.41,7854926
2023-12-22 05:00:00+00:00,90.05,90.43,89.37,89.74,8522972
2023-12-26 05:00:00+00:00,89.94,90.24,89.77,90.12,5480762
2023-12-27 05:00:00+00:00,90.24,90.67,90.19,90.43,7495908
2023-12-28 05:00:00+00:00,90.56,90.73,89.89,89.96,5608990
2023-12-29 05:00:00+00:00,90.0,90.15,89.1,89.41,8268676
2024-01-02 05:00:00+00:00,89.13,89.17,88.23,88.58,15369562
2024-01-03 05:00:00+00:00,87.99,88.03,86.75,86.79,15522852
2024-01-04 05:00:00+00:00,86.44,87.25,86.15,86.18,11915080
2024-01-05 05:00:00+00:00,85.96,87.02,85.92,86.31,12084844
2024-01-08 05:00:00+00:00,86.46,87.88,86.44,87.78,8142660
2024-01-09 05:00:00+00:00,87.14,87.58,86.92,87.46,8330060
2024-01-10 05:00:00+00:00,87.59,88.37,87.57,88.16,7624438
2024-01-11 05:00:00+00:00,88.06,88.33,87.12,88.04,8592058
2024-01-12 05:00:00+00:00,87.68,88.08,86.82,86.98,7444440
2024-01-16 05:00:00+00:00,86.46,87.22,86.2,86.88,8976176
2024-01-17 05:00:00+00:00,85.97,86.15,85.48,86.12,7961848
2024-01-18 05:00:00+00:00,86.53,86.72,85.66,86.61,9926198
2024-01-19 05:00:00+00:00,86.75,87.62,86.23,87.45,9783038
2024-01-22 05:00:00+00:00,87.64,87.89,86.67,87.06,11184290
2024-01-23 05:00:00+00:00,87.15,87.44,86.41,86.85,7107290
2024-01-24 05:00:00+00:00,87.43,87.52,86.45,86.52,8622278
2024-01-25 05:00:00+00:00,85.71,85.78,84.86,85.45,11092712
2024-01-26 05:00:00+00:00,85.82,86.28,85.52,85.84,6977836
2024-01-29 05:00:00+00:00,86.02,87.11,85.87,87.1,7381216
2024-01-30 05:00:00+00:00,87.24,87.46,86.88,87.05,6274790
2024-01-31 05:00:00+00:00,86.49,86.96,85.39,85.46,13663826
2024-02-01 05:00:00+00:00,85.86,87.13,85.56,87.11,14682328
2024-02-02 05:00:00+00:00,87.7,89.02,87.28,88.66,20763964
2024-02-05 05:00:00+00:00,87.75,87.75,86.38,87.41,13346162
2024-02-06 05:00:00+00:00,87.04,87.96,87.04,87.94,9373598
2024-02-07 05:00:00+00:00,88.43,89.26,88.22,88.93,7796482
2024-02-08 05:00:00+00:00,88.99,89.37,88.82,89.32,8099982
2024-02-09 05:00:00+00:00,89.24,90.1,89.04,89.95,9584386
2024-02-12 05:00:00+00:00,89.98,90.44,89.71,89.88,6040160
2024-02-13 05:00:00+00:00,88.07,88.58,87.62,88.09,14801496
2024-02-14 05:00:00+00:00,88.42,89.06,87.94,89.02,11560942
2024-02-15 05:00:00+00:00,89.2,90.05,88.96,90.05,10567796
2024-02-16 05:00:00+00:00,89.66,90.04,88.96,89.51,8512346
2024-02-20 05:00:00+00:00,88.69,89.01,88.11,88.67,8756368
2024-02-21 05:00:00+00:00,88.96,89.74,88.74,89.32,8886240
2024-02-22 05:00:00+00:00,90.12,91.2,89.96,91.06,8800060
2024-02-23 05:00:00+00:00,90.7,91.11,90.5,90.65,7575996
2024-02-26 05:00:00+00:00,90.91,91.37,90.79,90.93,7051660
2024-02-27 05:00:00+00:00,91.34,91.65,90.89,91.23,5852542
2024-02-28 05:00:00+00:00,91.08,92.02,91.03,91.59,7408788
2024-02-29 05:00:00+00:00,91.91,92.42,91.44,92.21,8270468
2024-03-01 05:00:00+00:00,92.13,92.65,91.66,92.51,11065816
2024-03-04 05:00:00+00:00,92.06,92.37,91.24,91.26,11336812
2024-03-05 05:00:00+00:00,90.68,90.84,89.82,90.13,12941832
2024-03-06 05:00:00+00:00,90.48,90.72,89.55,89.81,9299712
2024-03-07 05:00:00+00:00,90.05,90.86,90.03,90.49,6713340
2024-03-08 05:00:00+00:00,90.7,91.07,89.86,90.16,12463678
2024-03-11 04:00:00+00:00,89.91,90.27,89.69,89.91,8306440
2024-03-12 04:00:00+00:00,90.21,91.04,89.61,90.69,7906370
2024-03-13 04:00:00+00:00,90.46,91.07,90.35,90.5,5717092
2024-03-14 04:00:00+00:00,90.6,90.69,89.44,89.92,10810426
2024-03-15 04:00:00+00:00,89.32,89.92,88.78,89.03,9868838
2024-03-18 04:00:00+00:00,89.73,89.94,89.1,89.51,8512914
2024-03-19 04:00:00+00:00,89.49,90.33,89.37,90.29,7624178
2024-03-20 04:00:00+00:00,90.46,91.65,90.39,91.63,8497464
2024-03-21 04:00:00+00:00,92.27,92.61,92.12,92.17,7146376
2024-03-22 04:00:00+00:00,91.21,91.6,91.02,91.36,5719002
2024-03-25 04:00:00+00:00,91.01,91.53,91.01,91.06,5664684
2024-03-26 04:00:00+00:00,91.65,92.03,91.11,91.18,5387844
2024-03-27 04:00:00+00:00,91.89,92.24,91.44,92.23,5811948
2024-03-28 04:00:00+00:00,92.12,92.39,91.92,91.95,5958102
2024-04-01 04:00:00+00:00,92.05,92.15,90.93,91.26,9941710
2024-04-02 04:00:00+00:00,89.79,89.96,89.51,89.92,12270744
2024-04-03 04:00:00+00:00,89.41,90.3,89.41,89.98,10165226
2024-04-04 04:00:00+00:00,90.66,91.0,88.91,88.93,9650556
2024-04-05 04:00:00+00:00,89.22,90.0,89.04,89.42,10081894
2024-04-08 04:00:00+00:00,89.95,90.57,89.88,90.27,8284908
2024-04-09 04:00:00+00:00,90.72,90.75,89.94,90.7,8562278
2024-04-10 04:00:00+00:00,89.22,89.66,88.88,89.3,10805960
2024-04-11 04:00:00+00:00,89.6,90.34,88.85,90.02,8433548
2024-04-12 04:00:00+00:00,89.32,89.38,88.27,88.56,10729268
2024-04-15 04:00:00+00:00,89.2,89.27,87.0,87.08,11136762
2024-04-16 04:00:00+00:00,86.63,87.07,86.18,86.59,12870834
2024-04-17 04:00:00+00:00,87.01,87.09,85.81,86.17,12416834
2024-04-18 04:00:00+00:00,86.33,86.68,85.4,85.63,9411806
2024-04-19 04:00:00+00:00,85.63,85.83,84.54,84.88,13580774
2024-04-22 04:00:00+00:00,85.06,85.69,84.45,85.26,8950416
2024-04-23 04:00:00+00:00,85.74,86.52,85.32,86.27,7889426
2024-04-24 04:00:00+00:00,87.56,87.82,86.47,87.1,8948630
2024-04-25 04:00:00+00:00,85.78,87.36,85.41,87.17,10701542
2024-04-26 04:00:00+00:00,87.47,88.55,87.35,87.96,6665746
2024-04-29 04:00:00+00:00,89.77,90.14,89.12,90.0,10308422
2024-04-30 04:00:00+00:00,89.12,89.54,87.74,87.81,7218574
2024-05-01 04:00:00+00:00,87.86,88.97,86.82,87.26,14336748
2024-05-02 04:00:00+00:00,88.08,88.53,87.21,88.36,8238584
2024-05-03 04:00:00+00:00,89.47,90.0,88.8,88.96,9012944
2024-05-06 04:00:00+00:00,89.51,89.91,89.25,89.91,6229318
2024-05-07 04:00:00+00:00,89.85,89.89,89.13,89.26,6300778
2024-05-08 04:00:00+00:00,88.48,89.06,88.42,88.93,5763260
2024-05-09 04:00:00+00:00,88.97,89.75,88.77,89.53,5046050
2024-05-10 04:00:00+00:00,89.61,89.68,88.87,89.05,5654728
2024-05-13 04:00:00+00:00,89.44,89.64,88.63,88.94,8142810
2024-05-14 04:00:00+00:00,88.79,89.48,88.75,89.34,6044604
2024-05-15 04:00:00+00:00,89.74,89.81,88.9,89.48,7182900
2024-05-16 04:00:00+00:00,89.43,89.56,88.86,88.9,6589572
2024-05-17 04:00:00+00:00,88.98,89.37,88.72,89.35,5577336
2024-05-20 04:00:00+00:00,89.14,89.39,88.47,88.69,4002146
2024-05-21 04:00:00+00:00,88.61,89.28,88.27,89.26,4375676
2024-05-22 04:00:00+00:00,89.04,89.13,87.97,88.33,6332276
2024-05-23 04:00:00+00:00,88.57,88.57,86.76,86.9,7354554
2024-05-24 04:00:00+00:00,87.49,88.05,87.25,87.77,5150146
2024-05-28 04:00:00+00:00,87.45,87.74,87.09,87.56,5344218
2024-05-29 04:00:00+00:00,86.9,87.32,86.9,86.98,4343990
2024-05-30 04:00:00+00:00,87.24,87.74,87.07,87.5,4496684
2024-05-31 04:00:00+00:00,87.56,88.01,86.61,87.99,6840434
2024-06-03 04:00:00+00:00,88.05,88.34,87.13,87.95,7928982
2024-06-04 04:00:00+00:00,87.58,88.39,87.55,88.04,5779928
2024-06-05 04:00:00+00:00,88.24,88.55,87.45,88.55,4581978
2024-06-06 04:00:00+00:00,88.63,89.23,88.59,89.2,4455658
2024-06-07 04:00:00+00:00,88.69,89.37,88.66,88.83,4548634
2024-06-10 04:00:00+00:00,88.57,89.21,88.57,89.12,3731244
2024-06-11 04:00:00+00:00,89.08,89.08,88.1,88.88,5566076
2024-06-12 04:00:00+00:00,89.66,90.39,89.39,89.81,7957542
2024-06-13 04:00:00+00:00,90.42,90.59,89.56,89.88,5226988
2024-06-14 04:00:00+00:00,89.74,89.74,88.63,89.17,6105586
2024-06-17 04:00:00+00:00,89.05,90.96,88.89,90.73,7353262
2024-06-18 04:00:00+00:00,90.66,90.77,90.12,90.43,4483976
2024-06-20 04:00:00+00:00,90.34,90.76,90.07,90.54,4722842
2024-06-21 04:00:00+00:00,91.0,91.43,90.57,91.31,8623206
2024-06-24 04:00:00+00:00,91.32,91.72,90.69,90.72,5077910
2024-06-25 04:00:00+00:00,90.82,90.82,90.06,90.36,4712848
2024-06-26 04:00:00+00:00,90.14,91.85,90.02,91.67,5031784
2024-06-27 04:00:00+00:00,91.88,92.24,91.51,92.23,4228306
2024-06-28 04:00:00+00:00,91.77,92.36,90.74,91.2,7885410
2024-07-01 04:00:00+00:00,91.56,91.94,91.04,91.51,6393402
2024-07-02 04:00:00+00:00,92.02,93.3,91.93,93.29,5884542
2024-07-03 04:00:00+00:00,93.62,94.24,93.48,93.89,4379612
2024-07-05 04:00:00+00:00,94.35,94.71,93.88,94.65,3996422
2024-07-08 04:00:00+00:00,94.53,95.11,94.44,94.7,3677044
2024-07-09 04:00:00+00:00,94.59,95.61,94.53,95.01,3656074
2024-07-10 04:00:00+00:00,95.22,95.82,94.67,95.73,4558290
2024-07-11 04:00:00+00:00,96.18,96.83,94.23,94.51,8996818
2024-07-12 04:00:00+00:00,94.39,96.56,94.25,95.75,5453652
2024-07-15 04:00:00+00:00,96.28,96.95,95.34,95.64,5080316
2024-07-16 04:00:00+00:00,96.19,97.4,96.04,97.35,4123312
2024-07-17 04:00:00+00:00,96.63,96.88,95.56,95.73,5797144
2024-07-18 04:00:00+00:00,95.93,96.54,94.47,94.75,4375150
2024-07-19 04:00:00+00:00,94.4,94.78,93.53,93.91,3872196
2024-07-22 04:00:00+00:00,94.59,95.27,94.22,94.94,4808490
2024-07-23 04:00:00+00:00,95.31,95.46,94.47,94.52,4823654
2024-07-24 04:00:00+00:00,92.42,92.46,90.61,90.65,8200958
2024-07-25 04:00:00+00:00,90.64,91.88,90.02,90.3,10240822
2024-07-26 04:00:00+00:00,90.96,91.79,90.73,91.31,4529410
2024-07-29 04:00:00+00:00,91.92,93.17,91.87,92.83,7145996
2024-07-30 04:00:00+00:00,93.04,93.17,91.45,92.32,4281028
2024-07-31 04:00:00+00:00,93.42,94.53,93.22,93.75,4993750
2024-08-01 04:00:00+00:00,93.79,94.07,90.66,91.45,7295700
2024-08-02 04:00:00+00:00,88.47,88.47,87.03,88.08,12738738
2024-08-05 04:00:00+00:00,83.53,86.48,83.24,85.59,16391758
2024-08-06 04:00:00+00:00,86.05,87.77,85.26,86.54,9523404
2024-08-07 04:00:00+00:00,87.25,87.4,84.92,85.03,8404320
2024-08-08 04:00:00+00:00,85.79,87.12,85.32,86.88,5935182
2024-08-09 04:00:00+00:00,86.87,87.58,86.65,87.17,6379650
2024-08-12 04:00:00+00:00,87.34,87.34,86.3,86.83,4929718
2024-08-13 04:00:00+00:00,87.23,89.08,87.06,89.0,5846938
2024-08-14 04:00:00+00:00,88.99,89.26,88.17,88.53,4779752
2024-08-15 04:00:00+00:00,90.21,91.49,90.21,91.35,6288392
2024-08-16 04:00:00+00:00,90.93,91.95,90.93,91.57,4767908
2024-08-19 04:00:00+00:00,91.8,92.74,91.71,92.69,4570038
2024-08-20 04:00:00+00:00,92.7,93.15,92.34,92.61,4678940
2024-08-21 04:00:00+00:00,93.37,93.97,93.16,93.78,4532224
2024-08-22 04:00:00+00:00,93.94,94.03,91.99,92.16,5709918
2024-08-23 04:00:00+00:00,92.88,94.04,92.86,93.94,6304166
2024-08-26 04:00:00+00:00,93.85,94.05,92.92,93.21,3210906
2024-08-27 04:00:00+00:00,92.98,93.1,92.33,92.96,3328350
2024-08-28 04:00:00+00:00,92.91,93.14,91.33,92.06,5668606
2024-08-29 04:00:00+00:00,92.87,93.26,92.08,92.17,4615948
2024-08-30 04:00:00+00:00,92.51,93.65,92.14,93.56,4672250
2024-09-03 04:00:00+00:00,93.29,93.73,91.85,92.28,9876604
2024-09-04 04:00:00+00:00,92.02,92.94,91.9,92.52,10007532
2024-09-05 04:00:00+00:00,92.95,94.21,92.86,93.57,7264246
2024-09-06 04:00:00+00:00,93.75,94.09,91.16,91.2,7714126
2024-09-09 04:00:00+00:00,92.16,92.89,91.91,92.53,4297658
2024-09-10 04:00:00+00:00,92.89,93.65,92.34,93.59,9424588
2024-09-11 04:00:00+00:00,93.45,94.66,91.51,94.53,7511400
2024-09-12 04:00:00+00:00,94.52,95.64,94.41,95.59,4748592
2024-09-13 04:00:00+00:00,95.68,96.48,95.56,96.24,3926202
2024-09-16 04:00:00+00:00,96.19,96.4,95.56,96.08,3077256
2024-09-17 04:00:00+00:00,96.65,97.52,96.27,96.57,4307926
2024-09-18 04:00:00+00:00,96.71,98.02,96.26,96.38,6634800
2024-09-19 04:00:00+00:00,98.24,98.79,97.92,98.57,5865716
2024-09-20 04:00:00+00:00,98.4,98.5,97.62,98.35,5552348
2024-09-23 04:00:00+00:00,98.56,99.38,98.35,99.34,7271220
2024-09-24 04:00:00+00:00,99.83,100.23,99.24,100.21,4059604
2024-09-25 04:00:00+00:00,99.86,100.06,99.55,99.85,3389760
2024-09-26 04:00:00+00:00,100.73,100.95,99.68,100.27,4266860
2024-09-27 04:00:00+00:00,100.65,100.83,100.13,100.42,3441892
2024-09-30 04:00:00+00:00,100.15,100.47,99.23,100.19,4572682
2024-10-01 04:00:00+00:00,100.13,100.22,98.48,99.78,8229488
2024-10-02 04:00:00+00:00,98.6,99.21,98.2,98.94,7482374
2024-10-03 04:00:00+00:00,98.08,98.46,97.39,97.79,7101386
2024-10-04 04:00:00+00:00,98.87,99.32,98.06,99.09,7828326
2024-10-07 04:00:00+00:00,98.36,98.36,97.2,97.55,5202004
2024-10-08 04:00:00+00:00,97.98,98.66,97.82,98.5,4733136
2024-10-09 04:00:00+00:00,98.82,99.4,98.4,99.2,5537604
2024-10-10 04:00:00+00:00,99.02,99.24,98.42,98.71,3259018
2024-10-11 04:00:00+00:00,97.72,98.69,97.7,98.29,4991618
2024-10-14 04:00:00+00:00,98.49,98.88,98.08,98.72,3566634
2024-10-15 04:00:00+00:00,98.75,99.58,98.75,98.94,6834970
2024-10-16 04:00:00+00:00,99.03,99.48,98.9,99.46,4607060
2024-10-17 04:00:00+00:00,99.63,99.79,99.04,99.37,3488842
2024-10-18 04:00:00+00:00,99.58,100.02,99.19,99.76,3796922
2024-10-21 04:00:00+00:00,99.54,99.54,98.61,98.98,3304966
2024-10-22 04:00:00+00:00,98.22,98.94,97.96,98.58,3157656
2024-10-23 04:00:00+00:00,97.79,98.01,96.52,97.03,4339000
2024-10-24 04:00:00+00:00,99.15,100.22,98.85,100.09,6991846
2024-10-25 04:00:00+00:00,100.27,101.29,100.04,100.41,5439932
2024-10-28 04:00:00+00:00,101.2,101.54,100.6,100.64,4102568
2024-10-29 04:00:00+00:00,99.81,100.33,99.49,100.12,4247084
2024-10-30 04:00:00+00:00,100.36,100.81,99.9,99.98,4879810
2024-10-31 04:00:00+00:00,99.75,99.98,98.39,98.45,6197946
2024-11-01 04:00:00+00:00,100.26,101.08,99.95,100.05,7607882
2024-11-04 05:00:00+00:00,99.63,100.53,99.46,99.7,4769330
2024-11-05 05:00:00+00:00,99.93,101.5,99.84,101.47,4424278
2024-11-06 05:00:00+00:00,103.78,104.8,102.95,104.71,9398702
2024-11-07 05:00:00+00:00,104.92,106.48,104.88,106.06,8021140
2024-11-08 05:00:00+00:00,106.04,108.14,105.93,107.56,7786206
2024-11-11 05:00:00+00:00,109.25,110.2,108.76,109.73,9209954
2024-11-12 05:00:00+00:00,109.45,109.47,107.88,108.27,10535182
2024-11-13 05:00:00+00:00,109.0,109.77,108.62,109.19,5883328
2024-11-14 05:00:00+00:00,109.01,109.45,107.55,107.64,4620952
2024-11-15 05:00:00+00:00,107.04,107.55,106.23,106.72,7824754
2024-11-18 05:00:00+00:00,108.01,108.53,107.02,107.71,4753104
2024-11-19 05:00:00+00:00,106.71,108.12,106.22,107.79,3935874
2024-11-20 05:00:00+00:00,107.47,107.53,106.19,107.31,5979050
2024-11-21 05:00:00+00:00,107.64,107.77,106.67,107.5,5468572
2024-11-22 05:00:00+00:00,107.81,109.37,107.81,109.05,4550698
2024-11-25 05:00:00+00:00,110.35,111.13,110.11,110.17,7360384
2024-11-26 05:00:00+00:00,110.11,110.76,109.94,110.57,3979622
2024-11-27 05:00:00+00:00,110.77,110.93,109.76,110.02,3829066
2024-11-29 05:00:00+00:00,110.27,111.18,110.2,111.15,1771408
2024-12-02 05:00:00+00:00,111.94,112.39,111.73,112.12,8135336
2024-12-03 05:00:00+00:00,111.9,112.11,111.43,112.04,7051424
2024-12-04 05:00:00+00:00,112.28,113.19,112.16,113.08,5539484
2024-12-05 05:00:00+00:00,113.19,114.52,113.14,114.0,7321830
2024-12-06 05:00:00+00:00,114.93,116.43,114.92,116.4,4889218
2024-12-09 05:00:00+00:00,117.07,117.79,115.62,116.03,6513730
2024-12-10 05:00:00+00:00,116.05,117.3,115.84,116.22,7630886
2024-12-11 05:00:00+00:00,117.19,118.3,117.12,118.26,5734824
2024-12-12 05:00:00+00:00,118.2,118.33,117.13,117.28,4872376
2024-12-13 05:00:00+00:00,117.25,117.79,116.95,117.75,5382512
2024-12-16 05:00:00+00:00,118.36,119.43,118.13,119.34,6014396
2024-12-17 05:00:00+00:00,119.88,119.97,118.73,119.72,10220962
2024-12-18 05:00:00+00:00,118.77,120.14,113.86,114.32,14405036
2024-12-19 05:00:00+00:00,115.88,116.21,113.48,114.17,13205254
2024-12-20 05:00:00+00:00,113.02,116.26,112.75,114.46,10916294
2024-12-23 05:00:00+00:00,114.45,114.7,113.09,114.59,5922512
2024-12-24 05:00:00+00:00,115.07,117.25,114.97,117.24,2552546
2024-12-26 05:00:00+00:00,116.99,117.23,116.29,116.8,4110830
2024-12-27 05:00:00+00:00,116.03,116.03,114.32,114.87,6097386
2024-12-30 05:00:00+00:00,113.13,113.75,112.32,113.03,5413194
2024-12-31 05:00:00+00:00,113.64,113.98,111.99,112.18,5250798
2025-01-02 05:00:00+00:00,112.22,112.56,110.0,110.7,9166484
2025-01-03 05:00:00+00:00,111.32,113.01,110.76,112.94,6501538
2025-01-06 05:00:00+00:00,114.16,114.25,112.77,113.39,6786270
2025-01-07 05:00:00+00:00,113.29,113.63,110.79,111.19,5554014
2025-01-08 05:00:00+00:00,111.15,111.95,110.59,111.51,5309754
2025-01-10 05:00:00+00:00,111.08,111.27,109.81,110.41,6869620
2025-01-13 05:00:00+00:00,109.57,111.05,109.15,111.04,5422010
2025-01-14 05:00:00+00:00,112.15,112.74,110.41,110.82,6762458
2025-01-15 05:00:00+00:00,113.38,113.74,112.59,113.64,6197552
2025-01-16 05:00:00+00:00,113.45,113.45,112.58,113.03,4851972
2025-01-17 05:00:00+00:00,114.52,115.33,114.33,114.61,3884678
2025-01-21 05:00:00+00:00,115.65,115.75,114.19,115.45,6036988
2025-01-22 05:00:00+00:00,115.21,115.7,114.82,115.02,4948806
2025-01-23 05:00:00+00:00,114.85,115.71,114.54,115.71,3888764
2025-01-24 05:00:00+00:00,115.74,115.86,114.78,115.01,3543822
2025-01-27 05:00:00+00:00,113.28,115.71,113.28,115.66,7069864
2025-01-28 05:00:00+00:00,115.33,116.12,114.78,115.8,5211778
2025-01-29 05:00:00+00:00,115.9,116.25,115.09,115.47,6538162
2025-01-30 05:00:00+00:00,117.01,117.29,115.73,116.6,5386422
2025-01-31 05:00:00+00:00,116.75,117.93,115.86,116.09,5092776
2025-02-03 05:00:00+00:00,113.57,115.05,112.61,114.55,7409616
2025-02-04 05:00:00+00:00,114.62,116.02,114.61,115.9,3884940
2025-02-05 05:00:00+00:00,115.16,115.44,114.32,114.59,5903140
2025-02-06 05:00:00+00:00,114.91,115.35,114.34,115.04,6046510
2025-02-07 05:00:00+00:00,114.26,115.13,112.7,112.79,5425056
2025-02-10 05:00:00+00:00,113.24,113.79,112.72,113.18,5939392
2025-02-11 05:00:00+00:00,112.46,112.77,111.61,111.89,5538816
2025-02-12 05:00:00+00:00,111.06,112.45,110.76,111.87,7903444
2025-02-13 05:00:00+00:00,112.6,113.66,112.4,113.55,6485174
2025-02-14 05:00:00+00:00,114.36,114.46,113.11,113.5,3425594
2025-02-18 05:00:00+00:00,113.47,113.62,112.46,113.19,7567450
2025-02-19 05:00:00+00:00,112.66,113.18,112.44,113.12,3942890
2025-02-20 05:00:00+00:00,112.81,112.81,111.29,112.15,4732344
2025-02-21 05:00:00+00:00,112.41,112.44,108.76,109.2,9042946
2025-02-24 05:00:00+00:00,109.69,109.85,108.33,108.79,5953572
2025-02-25 05:00:00+00:00,108.73,108.98,106.71,108.22,8006386
2025-02-26 05:00:00+00:00,108.95,109.56,107.54,107.77,6143722
2025-02-27 05:00:00+00:00,108.27,108.57,106.13,106.22,6799152
2025-02-28 05:00:00+00:00,106.26,108.05,105.83,107.98,7696336
2025-03-03 05:00:00+00:00,108.61,109.19,104.86,105.99,10983528
2025-03-04 05:00:00+00:00,104.19,105.93,102.75,104.12,13842814
2025-03-05 05:00:00+00:00,104.2,105.9,103.74,105.71,10128128
2025-03-06 05:00:00+00:00,104.14,104.9,102.57,103.03,9755438
2025-03-07 05:00:00+00:00,102.39,103.13,100.14,102.84,9798896
2025-03-10 04:00:00+00:00,101.47,101.61,98.29,99.17,14412684
2025-03-11 04:00:00+00:00,99.11,99.96,97.2,98.2,14379572
2025-03-12 04:00:00+00:00,99.9,100.0,97.56,98.77,8548380
2025-03-13 04:00:00+00:00,98.62,98.62,95.85,96.3,9993106
2025-03-14 04:00:00+00:00,97.78,98.46,96.93,98.35,6295604
2025-03-17 04:00:00+00:00,98.36,99.07,97.66,98.51,6053198
2025-03-18 04:00:00+00:00,97.59,97.59,96.35,96.75,8246910
2025-03-19 04:00:00+00:00,97.43,99.17,97.19,98.61,9831412
2025-03-20 04:00:00+00:00,97.88,99.63,97.8,98.37,8586468
2025-03-21 04:00:00+00:00,97.2,98.78,96.69,98.73,9794852
2025-03-24 04:00:00+00:00,99.88,102.24,99.88,102.15,8568398
2025-03-25 04:00:00+00:00,102.39,103.02,101.78,102.96,7421364
2025-03-26 04:00:00+00:00,102.74,102.97,101.03,101.62,6187690
2025-03-27 04:00:00+00:00,101.3,103.22,101.04,101.68,6737096
2025-03-28 04:00:00+00:00,101.1,101.26,98.23,98.52,9886662
2025-03-31 04:00:00+00:00,96.6,99.07,95.91,98.73,10220718
2025-04-01 04:00:00+00:00,98.61,100.57,98.07,99.76,11097484
2025-04-02 04:00:00+00:00,97.97,102.25,97.88,101.66,9355986
2025-04-03 04:00:00+00:00,96.14,97.47,95.07,95.52,13795940
2025-04-04 04:00:00+00:00,92.31,94.68,90.85,91.4,25284882
2025-04-07 04:00:00+00:00,87.93,94.61,86.55,90.32,41233962
2025-04-08 04:00:00+00:00,93.72,94.23,86.98,88.17,17402002
2025-04-09 04:00:00+00:00,88.02,98.07,87.88,97.77,29314270
2025-04-10 04:00:00+00:00,95.42,95.48,90.9,93.95,16600534
2025-04-11 04:00:00+00:00,93.75,95.05,92.07,94.86,8266732
2025-04-14 04:00:00+00:00,96.28,96.79,93.86,95.14,7720588
2025-04-15 04:00:00+00:00,94.98,95.78,93.92,94.45,6676300
2025-04-16 04:00:00+00:00,93.54,94.27,90.94,92.12,8579620
2025-04-17 04:00:00+00:00,92.66,93.3,91.9,92.7,7623616
2025-04-21 04:00:00+00:00,91.37,91.48,88.99,90.23,9802038
2025-04-22 04:00:00+00:00,91.26,93.98,91.25,93.08,8564896
2025-04-23 04:00:00+00:00,96.44,97.48,94.94,95.16,8957524
2025-04-24 04:00:00+00:00,95.15,97.15,94.92,97.06,5341260
2025-04-25 04:00:00+00:00,97.05,98.87,96.81,98.8,5968890
2025-04-28 04:00:00+00:00,99.19,99.95,97.46,98.84,5562124
2025-04-29 04:00:00+00:00,98.08,99.67,97.97,99.54,5136550
2025-04-30 04:00:00+00:00,97.1,98.91,95.82,98.63,5881924
2025-05-01 04:00:00+00:00,99.13,100.47,98.96,99.18,7359306
2025-05-02 04:00:00+00:00,100.23,101.29,99.57,100.72,7457452
2025-05-05 04:00:00+00:00,99.91,100.23,99.32,99.65,4676984
2025-05-06 04:00:00+00:00,98.43,99.5,98.34,98.78,4811658
2025-05-07 04:00:00+00:00,98.99,99.99,98.63,99.55,5359358
2025-05-08 04:00:00+00:00,100.51,101.76,99.87,100.72,6464470
2025-05-09 04:00:00+00:00,100.98,101.96,100.71,101.21,5159910
2025-05-12 04:00:00+00:00,106.59,106.6,105.2,106.24,9569616
2025-05-13 04:00:00+00:00,106.89,108.09,106.53,107.64,11430960
2025-05-14 04:00:00+00:00,107.92,108.59,107.61,108.06,7116988
2025-05-15 04:00:00+00:00,107.04,108.11,106.7,107.82,8393102
2025-05-16 04:00:00+00:00,108.18,108.91,107.89,108.84,5973168
2025-05-19 04:00:00+00:00,107.07,108.74,106.84,108.58,6935012
2025-05-20 04:00:00+00:00,108.78,109.09,107.5,108.02,7047286
2025-05-21 04:00:00+00:00,107.16,107.53,105.4,105.83,10325638
2025-05-22 04:00:00+00:00,105.64,107.07,105.36,106.28,8993146
2025-05-23 04:00:00+00:00,104.51,105.8,104.34,105.33,7497144
2025-05-27 04:00:00+00:00,106.52,108.52,106.52,108.44,7886824
2025-05-28 04:00:00+00:00,108.53,108.56,107.26,107.44,7542352
2025-05-29 04:00:00+00:00,108.52,108.59,106.94,107.49,8031632
2025-05-30 04:00:00+00:00,107.07,107.82,106.19,106.9,10233432
2025-06-02 04:00:00+00:00,106.6,107.17,105.28,107.15,8783904
2025-06-03 04:00:00+00:00,107.25,108.62,107.22,107.72,7855476
2025-06-04 04:00:00+00:00,107.81,107.87,106.65,107.44,7581118
2025-06-05 04:00:00+00:00,107.16,107.72,103.86,104.73,12098510
2025-06-06 04:00:00+00:00,106.24,106.58,105.72,106.09,9948754
2025-06-09 04:00:00+00:00,105.72,107.14,105.12,106.94,10596384
2025-06-10 04:00:00+00:00,107.09,108.24,106.96,108.22,8594928
2025-06-11 04:00:00+00:00,108.85,108.89,106.96,107.36,6888692
2025-06-12 04:00:00+00:00,106.76,107.44,106.57,106.86,5413904
2025-06-13 04:00:00+00:00,105.49,107.0,105.37,105.87,10292162
2025-06-16 04:00:00+00:00,106.71,107.19,106.4,107.01,4764840
2025-06-17 04:00:00+00:00,106.42,106.68,104.97,105.17,8473192
2025-06-18 04:00:00+00:00,105.38,106.35,105.12,105.22,7405734
2025-06-20 04:00:00+00:00,106.14,106.38,104.81,105.34,9704986
2025-06-23 04:00:00+00:00,105.33,107.4,104.86,107.2,12557292
2025-06-24 04:00:00+00:00,108.31,108.34,107.47,107.8,8652690
2025-06-25 04:00:00+00:00,108.14,108.16,106.08,106.53,9302022
2025-06-26 04:00:00+00:00,106.62,107.73,106.39,107.51,7543430
2025-06-27 04:00:00+00:00,108.03,109.31,107.8,109.3,8902080
2025-06-30 04:00:00+00:00,109.26,109.5,108.37,108.67,7003832
2025-07-01 04:00:00+00:00,107.62,109.59,107.36,109.13,13085434
2025-07-02 04:00:00+00:00,109.83,110.24,109.13,110.01,12436522
2025-07-03 04:00:00+00:00,110.5,110.92,110.21,110.61,6904706
2025-07-07 04:00:00+00:00,109.1,109.65,108.51,109.2,10081580
2025-07-08 04:00:00+00:00,109.45,109.66,108.75,108.83,6854998
2025-07-09 04:00:00+00:00,109.32,109.79,108.91,109.48,4865388
2025-07-10 04:00:00+00:00,109.71,110.95,109.6,110.69,7568670
2025-07-11 04:00:00+00:00,110.39,110.95,109.94,110.72,6690872
2025-07-14 04:00:00+00:00,110.74,111.16,110.42,111.13,7292276
2025-07-15 04:00:00+00:00,111.2,111.46,109.49,109.54,10133920
2025-07-16 04:00:00+00:00,109.73,109.97,108.74,109.74,13979162
2025-07-17 04:00:00+00:00,109.81,110.29,109.63,110.11,7742082
2025-07-18 04:00:00+00:00,110.67,111.14,110.5,111.09,11244768
2025-07-21 04:00:00+00:00,111.46,112.03,111.38,111.61,9808470
2025-07-22 04:00:00+00:00,111.97,112.95,111.65,112.74,10980028
2025-07-23 04:00:00+00:00,113.0,113.45,112.87,113.28,10083194
2025-07-24 04:00:00+00:00,111.76,112.41,111.17,111.4,15148360
2025-07-25 04:00:00+00:00,111.96,112.61,111.68,112.44,12267836
2025-07-28 04:00:00+00:00,112.87,113.67,112.52,113.09,11332866
2025-07-29 04:00:00+00:00,113.11,113.13,112.06,112.31,11012794
2025-07-30 04:00:00+00:00,112.48,112.68,110.98,111.6,13743022
2025-07-31 04:00:00+00:00,112.14,112.33,110.57,110.72,13728624
2025-08-01 04:00:00+00:00,108.27,108.65,107.38,108.05,22660346
2025-08-04 04:00:00+00:00,108.88,109.49,108.53,109.32,12640196
2025-08-05 04:00:00+00:00,109.48,110.15,109.14,109.46,11021642
2025-08-06 04:00:00+00:00,109.78,111.78,109.63,111.73,11729056
2025-08-07 04:00:00+00:00,112.01,112.52,110.76,111.7,12127886
2025-08-08 04:00:00+00:00,111.77,112.44,111.7,111.89,10109190
2025-08-11 04:00:00+00:00,112.17,112.75,111.99,112.18,9686440
2025-08-12 04:00:00+00:00,113.03,113.5,112.23,113.37,9791502
2025-08-13 04:00:00+00:00,113.8,115.09,113.68,114.93,12555416
2025-08-14 04:00:00+00:00,114.27,114.98,114.15,114.8,11244698
2025-08-15 04:00:00+00:00,115.4,115.52,114.12,114.52,9346912
2025-08-18 04:00:00+00:00,114.29,115.15,114.29,114.98,9293180
2025-08-19 04:00:00+00:00,115.0,116.03,114.67,114.93,11843322
2025-08-20 04:00:00+00:00,115.17,115.44,113.09,113.79,15303570
2025-08-21 04:00:00+00:00,113.23,113.42,112.48,113.12,10117022
2025-08-22 04:00:00+00:00,113.67,116.6,113.51,116.55,14933770
2025-08-25 04:00:00+00:00,116.13,116.75,115.83,116.32,9851402
2025-08-26 04:00:00+00:00,116.15,116.89,116.07,116.85,10809714
2025-08-27 04:00:00+00:00,116.85,117.27,116.73,116.88,8764376
2025-08-28 04:00:00+00:00,117.11,117.26,116.35,117.08,8211576
2025-08-29 04:00:00+00:00,117.07,117.25,115.57,115.87,11759588
2025-09-02 04:00:00+00:00,114.41,115.14,114.15,115.01,14705458
2025-09-03 04:00:00+00:00,115.24,116.12,114.96,115.47,13839084
2025-09-04 04:00:00+00:00,116.36,117.64,116.21,117.58,24662350
2025-09-05 04:00:00+00:00,118.2,118.93,117.13,117.56,30995438
2025-09-08 04:00:00+00:00,118.17,118.35,117.62,118.01,18769190
2025-09-09 04:00:00+00:00,117.93,117.97,117.07,117.85,13340570
2025-09-10 04:00:00+00:00,118.03,118.03,116.13,116.44,16330396
2025-09-11 04:00:00+00:00,116.91,118.78,116.76,118.7,15979936
2025-09-12 04:00:00+00:00,118.52,119.49,118.46,119.32,9002834
2025-09-15 04:00:00+00:00,121.22,121.39,119.76,120.35,13760362
2025-09-16 04:00:00+00:00,120.79,121.23,120.43,121.09,8687588
2025-09-17 04:00:00+00:00,121.01,121.7,119.5,120.79,15324390
2025-09-18 04:00:00+00:00,121.27,121.33,120.24,120.24,10820568
2025-09-19 04:00:00+00:00,120.87,121.24,120.48,120.7,12576192
2025-09-22 04:00:00+00:00,120.4,121.01,120.04,120.09,12283604
2025-09-23 04:00:00+00:00,120.37,120.45,118.76,118.96,9696404
2025-09-24 04:00:00+00:00,119.5,120.01,119.12,119.8,9862282
2025-09-25 04:00:00+00:00,119.06,119.1,117.58,118.11,11590800
2025-09-26 04:00:00+00:00,118.65,119.93,118.24,119.86,9750282
2025-09-29 04:00:00+00:00,120.49,120.8,119.62,120.38,11244960
2025-09-30 04:00:00+00:00,120.27,120.38,118.88,119.82,12981916
2025-10-01 04:00:00+00:00,119.62,120.94,119.41,120.57,11258454
2025-10-02 04:00:00+00:00,121.16,121.35,119.62,119.7,13191556
2025-10-03 04:00:00+00:00,120.25,120.45,118.27,118.93,13934462
2025-10-06 04:00:00+00:00,119.73,120.12,118.6,119.95,10462764
2025-10-07 04:00:00+00:00,119.64,119.64,117.81,117.85,14624042
2025-10-08 04:00:00+00:00,118.37,118.56,117.17,118.2,7910298
2025-10-09 04:00:00+00:00,117.75,117.79,116.78,117.61,9758266
2025-10-10 04:00:00+00:00,117.67,118.21,114.34,114.38,17978408
2025-10-13 04:00:00+00:00,115.43,117.11,115.24,116.93,10860286
2025-10-14 04:00:00+00:00,115.39,117.84,114.92,117.18,12533826
2025-10-15 04:00:00+00:00,117.71,118.5,116.38,117.35,10835982
2025-10-16 04:00:00+00:00,117.44,117.77,115.34,116.21,13036820
2025-10-17 04:00:00+00:00,116.15,117.49,115.88,117.21,11769724
2025-10-20 04:00:00+00:00,117.75,118.29,117.58,118.14,8356468
2025-10-21 04:00:00+00:00,118.37,120.04,118.3,119.59,8675038
2025-10-22 04:00:00+00:00,119.35,119.43,117.99,118.65,12749606
2025-10-23 04:00:00+00:00,117.67,119.34,117.28,119.19,11286832
2025-10-24 04:00:00+00:00,119.63,119.92,118.71,118.83,6481578
2025-10-27 04:00:00+00:00,120.07,120.97,119.81,120.54,7408044
2025-10-28 04:00:00+00:00,120.36,121.46,119.94,120.57,8999568
2025-10-29 04:00:00+00:00,120.6,120.62,118.89,119.58,11057478
2025-10-30 04:00:00+00:00,117.74,118.66,116.86,116.88,11853632
2025-10-31 04:00:00+00:00,120.19,120.64,119.2,119.97,13414484
2025-11-03 05:00:00+00:00,121.21,121.5,120.76,121.09,10731474
2025-11-04 05:00:00+00:00,119.55,120.45,118.92,119.08,9313238
2025-11-05 05:00:00+00:00,119.57,120.72,118.65,120.53,11716304
2025-11-06 05:00:00+00:00,119.88,120.04,117.13,117.75,14726092
2025-11-07 05:00:00+00:00,117.5,118.31,116.43,117.93,11502100
2025-11-10 05:00:00+00:00,119.1,119.67,118.62,119.48,10435342
2025-11-11 05:00:00+00:00,119.28,119.88,118.97,119.78,12775430
2025-11-12 05:00:00+00:00,120.13,120.26,118.67,118.97,9314174
2025-11-13 05:00:00+00:00,118.47,118.85,115.79,116.0,15268756
2025-11-14 05:00:00+00:00,114.68,116.51,114.3,115.45,14662322
2025-11-17 05:00:00+00:00,114.85,116.15,113.71,114.36,20233852
2025-11-18 05:00:00+00:00,113.03,113.62,112.08,112.25,27057370
2025-11-19 05:00:00+00:00,113.12,113.12,111.67,112.26,15912168
2025-11-20 05:00:00+00:00,113.52,114.75,110.47,110.58,24924404
2025-11-21 05:00:00+00:00,111.32,113.85,110.98,112.75,19013494
2025-11-24 05:00:00+00:00,113.63,114.94,113.5,114.26,11182036
2025-11-25 05:00:00+00:00,114.3,116.89,114.09,116.7,10395484
2025-11-26 05:00:00+00:00,117.11,117.74,116.65,117.5,8122754
2025-11-28 05:00:00+00:00,117.77,118.4,117.77,118.23,4827164
2025-12-01 05:00:00+00:00,117.66,118.96,117.62,118.3,11579808
2025-12-02 05:00:00+00:00,118.59,118.67,117.49,118.22,11106054
2025-12-03 05:00:00+00:00,118.24,119.81,118.24,119.5,9369960
2025-12-04 05:00:00+00:00,119.67,119.8,118.4,119.07,11828778
2025-12-05 05:00:00+00:00,119.18,120.09,119.18,119.73,4556898
2025-12-08 05:00:00+00:00,119.25,119.36,117.75,117.99,6400205
2025-12-09 05:00:00+00:00,117.51,118.49,117.33,117.98,5153897
2025-12-10 05:00:00+00:00,118.12,120.275,118.11,119.71,9441040
2025-12-11 05:00:00+00:00,119.72,120.36,119.51,120.18,5863443
2025-12-12 05:00:00+00:00,120.51,121.36,119.655,120.7,7865769
2025-12-15 05:00:00+00:00,121.72,122.4,121.215,121.73,12137601
2025-12-16 05:00:00+00:00,121.66,122.22,121.055,121.93,12052011
2025-12-17 05:00:00+00:00,122.03,122.65,120.52,120.52,10597789
2025-12-18 05:00:00+00:00,122.22,123.63,122.08,122.34,11598164
2025-12-19 05:00:00+00:00,122.37,122.42,121.74,121.85,9729146
2025-12-22 05:00:00+00:00,122.36,122.815,122.085,122.34,8073497
2025-12-23 05:00:00+00:00,122.27,122.65,121.89,122.17,9766443
2025-12-24 05:00:00+00:00,122.28,122.625,121.925,122.59,2250005
2025-12-26 05:00:00+00:00,122.43,122.78,121.88,122.05,4197048
2025-12-29 05:00:00+00:00,121.56,121.56,120.71,120.85,6535427
2025-12-30 05:00:00+00:00,120.61,120.78,120.27,120.36,4180492
2025-12-31 05:00:00+00:00,120.44,120.46,119.355,119.41,4356266
2026-01-02 05:00:00+00:00,120.08,120.12,117.71,118.35,16200887
2026-01-05 05:00:00+00:00,118.95,121.15,118.59,120.3,17621160
2026-01-06 05:00:00+00:00,119.525,121.26,119.44,121.07,17759695
2026-01-07 05:00:00+00:00,121.26,122.13,120.9,120.9,11327783
2026-01-08 05:00:00+00:00,120.58,123.14,120.4,122.92,12565379
2026-01-09 05:00:00+00:00,122.92,124.56,122.18,124.41,13817755
2026-01-12 05:00:00+00:00,123.87,125.01,123.34,124.52,8773125
2026-01-13 05:00:00+00:00,124.53,124.6955,123.42,124.21,9033258
2026-01-14 05:00:00+00:00,123.39,123.41,121.635,122.25,10758375
2026-01-15 05:00:00+00:00,122.87,123.25,122.4,122.7,7448084
2026-01-16 05:00:00+00:00,122.76,123.04,121.88,122.3,7058655
2026-01-20 05:00:00+00:00,120.28,120.57,118.9,119.12,9720031
2026-01-21 05:00:00+00:00,119.41,121.9,119.41,121.4,11017703
2026-01-22 05:00:00+00:00,122.13,123.075,121.72,122.62,6594215
2026-01-23 05:00:00+00:00,122.48,123.39,122.23,123.13,6471090
2026-01-26 05:00:00+00:00,123.06,123.4,122.3,122.32,4812744
2026-01-27 05:00:00+00:00,122.74,122.92,121.82,122.69,4270019
2026-01-28 05:00:00+00:00,123.09,123.69,121.59,121.77,8732375
2026-01-29 05:00:00+00:00,122.47,122.6,120.41,121.19,12410378
2026-01-30 05:00:00+00:00,121.26,122.0,120.54,121.17,11706383
2026-02-02 05:00:00+00:00,120.74,122.405,120.12,121.97,8483043
2026-02-03 05:00:00+00:00,122.08,122.755,119.82,120.99,12467805
2026-02-04 05:00:00+00:00,121.1,121.54,119.35,120.1,13915561
2026-02-05 05:00:00+00:00,118.55,118.83,117.07,117.51,13290005
2026-02-06 05:00:00+00:00,115.69,118.16,115.4,117.99,20971381
2026-02-09 05:00:00+00:00,117.43,118.21,116.4,117.55,10975736
2026-02-10 05:00:00+00:00,117.76,119.215,117.7,118.33,9920753
2026-02-11 05:00:00+00:00,118.45,118.88,117.285,117.76,10214126
2026-02-12 05:00:00+00:00,118.405,119.2,115.83,116.13,16374688
2026-02-13 05:00:00+00:00,116.0,117.145,115.53,116.18,10836590
2026-02-17 05:00:00+00:00,115.98,116.32,114.43,116.04,9623012
2026-02-18 05:00:00+00:00,116.11,117.755,115.935,117.02,9719511
2026-02-19 05:00:00+00:00,116.33,116.55,115.58,116.24,9482492
2026-02-20 05:00:00+00:00,115.93,117.65,115.61,117.45,16652927
2026-02-23 05:00:00+00:00,116.635,116.765,113.86,114.99,14605357
2026-02-24 05:00:00+00:00,115.4,117.06,115.32,116.74,11320904
2026-02-25 05:00:00+00:00,116.98,117.59,116.51,117.09,8777024
2026-02-26 05:00:00+00:00,117.23,117.66,116.14,117.05,9561663
2026-02-27 05:00:00+00:00,116.01,116.94,115.65,116.86,9636618
2026-03-02 05:00:00+00:00,114.03,115.73,113.72,115.42,18206236
2026-03-03 05:00:00+00:00,113.1,114.765,111.81,114.36,20773561
2026-03-04 05:00:00+00:00,115.09,116.63,114.88,116.39,11497063
2026-03-05 05:00:00+00:00,115.92,117.08,115.52,116.55,14881933
2026-03-06 05:00:00+00:00,114.78,114.99,113.64,114.44,16346787
2026-03-09 04:00:00+00:00,112.94,114.93,110.99,114.59,16279025
2026-03-10 04:00:00+00:00,114.61,115.73,113.95,114.44,11784793
2026-03-11 04:00:00+00:00,114.83,115.695,113.57,114.14,10961643
2026-03-12 04:00:00+00:00,113.12,113.43,111.47,111.52,12088687
2026-03-13 04:00:00+00:00,112.17,112.485,110.72,110.86,11708981
2026-03-16 04:00:00+00:00,111.79,112.87,111.62,112.2,9307996
2026-03-17 04:00:00+00:00,112.78,113.645,112.715,113.18,6767351
2026-03-18 04:00:00+00:00,112.5,112.99,110.435,110.57,10979585
2026-03-19 04:00:00+00:00,109.63,110.34,108.87,109.7,12496868
2026-03-20 04:00:00+00:00,109.43,109.43,107.145,107.74,12297529
2026-03-23 04:00:00+00:00,109.78,111.425,109.59,110.12,14779499
2026-03-24 04:00:00+00:00,109.04,110.315,108.95,109.68,9032628
2026-03-25 04:00:00+00:00,111.16,111.91,110.1,110.73,9413250
2026-03-26 04:00:00+00:00,110.05,110.9,108.74,108.83,7981501
2026-03-27 04:00:00+00:00,108.31,108.31,105.445,105.68,10455299
2026-03-30 04:00:00+00:00,106.61,107.165,105.19,105.66,10192448
2026-03-31 04:00:00+00:00,107.23,109.41,106.71,108.98,19488098
2026-04-01 04:00:00+00:00,109.69,110.5,108.735,109.8,14468055
2026-04-02 04:00:00+00:00,107.46,109.53,107.1,108.15,9685309
2026-04-06 04:00:00+00:00,107.93,109.23,107.93,109.04,6909694
2026-04-07 04:00:00+00:00,108.11,108.18,106.45,107.77,8956793
2026-04-08 04:00:00+00:00,112.25,112.61,110.275,110.82,14442796
2026-04-09 04:00:00+00:00,110.82,112.89,110.395,112.74,6660875
2026-04-10 04:00:00+00:00,113.0,113.46,112.24,112.89,5607775
2026-04-13 04:00:00+00:00,112.34,113.945,112.0,113.92,5992978
2026-04-14 04:00:00+00:00,114.65,116.825,114.575,116.44,8129039
2026-04-15 04:00:00+00:00,116.53,118.44,116.15,118.18,8035269
2026-04-16 04:00:00+00:00,118.4,118.55,117.1,117.63,5672474
2026-04-17 04:00:00+00:00,119.69,121.85,119.46,120.41,9840260
2026-04-20 04:00:00+00:00,120.14,120.4,118.845,119.87,5450753
2026-04-21 04:00:00+00:00,120.835,120.905,118.68,118.97,7208788
2026-04-22 04:00:00+00:00,119.53,119.76,118.66,118.93,5290204
2026-04-23 04:00:00+00:00,118.22,118.85,116.665,117.74,7531275
2026-04-24 04:00:00+00:00,118.14,118.9,117.67,118.69,5546331
2026-04-27 04:00:00+00:00,118.09,118.45,117.275,117.84,6916428
2026-04-28 04:00:00+00:00,117.45,117.79,116.87,117.01,6741224
2026-04-29 04:00:00+00:00,116.21,117.125,116.13,116.84,8155722
2026-04-30 04:00:00+00:00,118.5,118.67,116.43,118.35,10281165
2026-05-01 04:00:00+00:00,118.61,119.77,117.82,118.63,13071735
2026-05-04 04:00:00+00:00,118.35,119.3,117.19,117.72,10727172
2026-05-05 04:00:00+00:00,118.59,119.29,118.05,118.07,6217439
2026-05-06 04:00:00+00:00,118.97,120.535,118.77,119.87,10431130
2026-05-07 04:00:00+00:00,120.59,121.1,119.32,119.88,7928616
2026-05-08 04:00:00+00:00,120.25,121.13,119.94,120.2,6054572
2026-05-11 04:00:00+00:00,119.38,119.86,118.51,119.37,5829871
2026-05-12 04:00:00+00:00,119.03,119.35,117.445,118.29,6622609
2026-05-13 04:00:00+00:00,118.06,119.23,117.45,118.72,4612036
2026-05-14 04:00:00+00:00,119.01,119.68,118.555,118.67,5967111
2026-05-15 04:00:00+00:00,117.31,117.37,116.31,116.53,10454592
2026-05-18 04:00:00+00:00,116.5,117.78,115.54,116.32,9985623
2026-05-19 04:00:00+00:00,115.13,115.315,114.195,115.03,8578863
2026-05-20 04:00:00+00:00,115.27,117.95,114.78,117.94,12155397
2026-05-21 04:00:00+00:00,117.59,119.215,116.805,118.7,7094673
2026-05-22 04:00:00+00:00,119.16,119.87,118.975,119.18,5290281
2026-05-26 04:00:00+00:00,119.73,120.235,118.695,119.45,5007602
2026-05-27 04:00:00+00:00,120.69,121.945,120.55,121.55,13118224
2026-05-28 04:00:00+00:00,121.1,122.19,120.57,122.06,7592344
2026-05-29 04:00:00+00:00,121.6,122.18,120.83,120.87,7258388
2026-06-01 04:00:00+00:00,119.69,119.828,117.97,118.19,11012742
2026-06-02 04:00:00+00:00,117.52,118.27,116.555,117.59,8219802
2026-06-03 04:00:00+00:00,116.63,117.62,116.125,116.73,6086759
2026-06-04 04:00:00+00:00,117.96,118.19,117.04,117.26,4970245
2026-06-05 04:00:00+00:00,117.4,118.1,114.57,114.86,7699856
2026-06-08 04:00:00+00:00,114.77,116.02,114.77,115.39,6308227
2026-06-09 04:00:00+00:00,116.16,117.585,114.245,115.87,8182431
2026-06-10 04:00:00+00:00,115.46,115.68,113.38,113.49,7515445
2026-06-11 04:00:00+00:00,114.12,116.46,113.44,116.3,8680743
2026-06-12 04:00:00+00:00,117.02,117.0213,114.815,116.6,7655660
2026-06-15 04:00:00+00:00,118.61,119.51,118.31,118.57,6590997
2026-06-16 04:00:00+00:00,118.67,119.46,118.34,118.46,6050955
2026-06-17 04:00:00+00:00,117.81,118.17,115.18,115.49,9066234
2026-06-18 04:00:00+00:00,116.65,117.655,115.54,117.16,8728943
2026-06-22 04:00:00+00:00,115.99,116.915,114.87,114.94,7556066
2026-06-23 04:00:00+00:00,113.95,114.66,113.47,113.76,9196591
2026-06-24 04:00:00+00:00,114.15,116.96,113.93,115.07,8301760
2026-06-25 04:00:00+00:00,114.65,115.06,113.13,113.35,7151747
2026-06-26 04:00:00+00:00,113.2,115.46,113.16,114.37,8949353
2026-06-29 04:00:00+00:00,115.21,117.54,115.04,117.12,10587666
2026-06-30 04:00:00+00:00,116.23,117.57,116.23,117.28,5168307
2026-07-01 04:00:00+00:00,117.78,119.1575,116.9,118.09,9864633
2026-07-02 04:00:00+00:00,118.63,119.21,116.575,117.12,10885024
2026-07-06 04:00:00+00:00,117.525,118.19,116.1,118.01,9064076
2026-07-07 04:00:00+00:00,118.92,119.12,117.105,117.39,9191780
2026-07-08 04:00:00+00:00,116.31,116.32,114.435,115.3,15043101
2026-07-09 04:00:00+00:00,114.72,116.875,114.55,116.85,8522160
2026-07-10 04:00:00+00:00,117.59,117.89,116.48,117.24,5971881
2026-07-13 04:00:00+00:00,117.2,117.52,115.62,116.04,5985237
2026-07-14 04:00:00+00:00,116.01,116.4,115.46,115.9,6669690
2026-07-15 04:00:00+00:00,116.46,117.81,116.455,117.0,9073548
2026-07-16 04:00:00+00:00,117.12,118.215,116.86,117.34,6057386
2026-07-17 04:00:00+00:00,115.91,116.87,115.32,115.44,10275602
2026-07-20 04:00:00+00:00,116.22,116.22,114.38,114.61,7802951
2026-07-21 04:00:00+00:00,114.64,115.17,114.28,114.87,6555533
2026-07-22 04:00:00+00:00,114.9,115.23,113.82,114.02,7105450
2026-07-23 04:00:00+00:00,110.48,110.59,108.29,108.76,12648777
2026-07-24 04:00:00+00:00,109.1,109.935,108.65,109.41,8209517
2026-07-27 04:00:00+00:00,110.87,111.36,110.3,110.84,6979851
2026-07-28 04:00:00+00:00,111.66,112.53,111.25,112.48,6016905
2026-07-29 04:00:00+00:00,111.95,113.59,111.44,111.61,7530872
2026-07-30 04:00:00+00:00,112.17,112.795,111.46,112.39,8074843
2026-07-31 04:00:00+00:00,115.44,116.39,114.97,116.09,13158423
2026-08-03 04:00:00+00:00,117.64,119.12,117.64,118.21,10021527
