timestamp,open,high,low,close,volume
2017-02-01 05:00:00+00:00,38.66,38.73,38.39,38.53,10648028
2017-02-02 05:00:00+00:00,38.47,38.66,38.42,38.5,8222534
2017-02-03 05:00:00+00:00,38.38,38.51,38.3,38.44,7555294
2017-02-06 05:00:00+00:00,38.34,38.43,38.27,38.33,8226666
2017-02-07 05:00:00+00:00,38.35,38.41,38.25,38.29,13169114
2017-02-08 05:00:00+00:00,38.29,38.57,38.29,38.53,8412038
2017-02-09 05:00:00+00:00,38.55,38.87,38.55,38.77,7287132
2017-02-10 05:00:00+00:00,38.83,39.02,38.81,39.01,8095552
2017-02-13 05:00:00+00:00,39.1,39.15,39.0,39.05,9268660
2017-02-14 05:00:00+00:00,39.04,39.28,39.02,39.28,6619672
2017-02-15 05:00:00+00:00,39.21,39.49,39.15,39.48,10415822
2017-02-16 05:00:00+00:00,39.44,39.48,39.21,39.28,6680780
2017-02-17 05:00:00+00:00,39.19,39.41,39.18,39.41,7991122
2017-02-21 05:00:00+00:00,39.58,39.72,39.49,39.64,7583352
2017-02-22 05:00:00+00:00,39.6,39.68,39.56,39.64,4931262
2017-02-23 05:00:00+00:00,39.69,39.73,39.34,39.37,7166600
2017-02-24 05:00:00+00:00,39.3,39.55,39.21,39.55,9798442
2017-02-27 05:00:00+00:00,39.56,39.62,39.43,39.6,7214370
2017-02-28 05:00:00+00:00,39.49,39.5,39.27,39.3,8921008
2017-03-01 05:00:00+00:00,39.72,39.85,39.6,39.72,18206830
2017-03-02 05:00:00+00:00,39.72,39.78,39.61,39.65,8668734
2017-03-03 05:00:00+00:00,39.61,39.69,39.44,39.59,6767246
2017-03-06 05:00:00+00:00,39.46,39.5,39.31,39.46,5339890
2017-03-07 05:00:00+00:00,39.45,39.46,39.29,39.33,6326902
2017-03-08 05:00:00+00:00,39.39,39.57,39.38,39.5,5484350
2017-03-09 05:00:00+00:00,39.48,39.57,39.35,39.46,5645218
2017-03-10 05:00:00+00:00,39.63,39.67,39.44,39.52,7153582
2017-03-13 04:00:00+00:00,39.55,39.64,39.49,39.62,5095932
2017-03-14 04:00:00+00:00,39.58,39.68,39.48,39.61,8156062
2017-03-15 04:00:00+00:00,39.69,39.9,39.56,39.82,7895720
2017-03-16 04:00:00+00:00,39.85,39.93,39.77,39.82,14447940
2017-03-17 04:00:00+00:00,39.87,39.95,39.75,39.87,9970470
2017-03-20 04:00:00+00:00,39.9,39.91,39.7,39.77,5278018
2017-03-21 04:00:00+00:00,39.87,39.93,39.24,39.27,9635052
2017-03-22 04:00:00+00:00,39.24,39.37,39.09,39.32,13198092
2017-03-23 04:00:00+00:00,39.39,39.61,39.29,39.41,7454596
2017-03-24 04:00:00+00:00,39.45,39.63,39.34,39.5,6826510
2017-03-27 04:00:00+00:00,39.27,39.56,39.12,39.49,9931154
2017-03-28 04:00:00+00:00,39.49,39.88,39.42,39.79,8936366
2017-03-29 04:00:00+00:00,39.79,40.06,39.75,40.03,9428862
2017-03-30 04:00:00+00:00,39.96,40.14,39.92,40.13,10187688
2017-03-31 04:00:00+00:00,40.07,40.24,40.06,40.14,5079652
2017-04-03 04:00:00+00:00,40.14,40.17,39.75,39.98,12915938
2017-04-04 04:00:00+00:00,39.87,39.97,39.83,39.92,9063684
2017-04-05 04:00:00+00:00,40.07,40.28,39.76,39.82,9002778
2017-04-06 04:00:00+00:00,39.84,40.07,39.83,39.94,6289544
2017-04-07 04:00:00+00:00,39.87,39.96,39.77,39.82,8079400
2017-04-10 04:00:00+00:00,39.84,40.11,39.82,39.97,4970664
2017-04-11 04:00:00+00:00,39.96,40.02,39.65,39.94,11090696
2017-04-12 04:00:00+00:00,39.91,39.96,39.75,39.78,5059492
2017-04-13 04:00:00+00:00,39.72,39.85,39.5,39.5,10536132
2017-04-17 04:00:00+00:00,39.6,39.91,39.6,39.91,7340188
2017-04-18 04:00:00+00:00,39.81,39.97,39.71,39.91,5259002
2017-04-19 04:00:00+00:00,40.04,40.2,39.92,39.95,7686434
2017-04-20 04:00:00+00:00,40.12,40.44,40.1,40.37,9376528
2017-04-21 04:00:00+00:00,40.31,40.35,40.18,40.28,7520046
2017-04-24 04:00:00+00:00,40.7,40.71,40.49,40.54,9163418
2017-04-25 04:00:00+00:00,40.67,40.91,40.67,40.86,12226628
2017-04-26 04:00:00+00:00,40.96,41.22,40.91,41.05,8367988
2017-04-27 04:00:00+00:00,41.26,41.32,41.15,41.27,8156764
2017-04-28 04:00:00+00:00,41.35,41.43,41.05,41.11,11740592
2017-05-01 04:00:00+00:00,41.19,41.31,41.11,41.16,12259606
2017-05-02 04:00:00+00:00,41.18,41.2,40.96,41.2,8188688
2017-05-03 04:00:00+00:00,41.26,41.28,40.84,40.96,5844544
2017-05-04 04:00:00+00:00,40.99,40.99,40.74,40.9,13114678
2017-05-05 04:00:00+00:00,41.06,41.15,40.86,41.15,6782912
2017-05-08 04:00:00+00:00,41.3,41.31,41.08,41.24,5147088
2017-05-09 04:00:00+00:00,41.32,41.5,41.24,41.47,20882620
2017-05-10 04:00:00+00:00,41.3,41.34,41.17,41.33,7186368
2017-05-11 04:00:00+00:00,41.25,41.25,40.83,41.08,10009786
2017-05-12 04:00:00+00:00,41.12,41.12,40.97,41.02,6730712
2017-05-15 04:00:00+00:00,41.03,41.2,40.98,41.03,8912928
2017-05-16 04:00:00+00:00,41.05,41.08,40.86,40.89,8710784
2017-05-17 04:00:00+00:00,40.64,40.74,40.22,40.24,17280994
2017-05-18 04:00:00+00:00,40.23,40.65,40.23,40.46,14872316
2017-05-19 04:00:00+00:00,40.53,40.86,40.48,40.73,7751724
2017-05-22 04:00:00+00:00,40.81,40.98,40.79,40.94,6139340
2017-05-23 04:00:00+00:00,41.06,41.06,40.72,40.77,4395210
2017-05-24 04:00:00+00:00,40.77,40.94,40.62,40.93,9093378
2017-05-25 04:00:00+00:00,41.06,41.42,41.06,41.29,7024104
2017-05-26 04:00:00+00:00,41.34,41.43,41.3,41.41,4757568
2017-05-30 04:00:00+00:00,41.41,41.54,41.41,41.44,5690398
2017-05-31 04:00:00+00:00,41.52,41.57,41.23,41.56,10644224
2017-06-01 04:00:00+00:00,41.74,41.95,41.54,41.95,10595666
2017-06-02 04:00:00+00:00,41.97,42.14,41.91,42.1,6585480
2017-06-05 04:00:00+00:00,42.14,42.18,41.91,41.98,21290164
2017-06-06 04:00:00+00:00,41.84,41.92,41.59,41.62,7416338
2017-06-07 04:00:00+00:00,41.69,41.77,41.6,41.7,9593464
2017-06-08 04:00:00+00:00,41.7,41.75,41.37,41.43,11190418
2017-06-09 04:00:00+00:00,41.47,41.53,40.87,41.24,23348112
2017-06-12 04:00:00+00:00,41.11,41.33,41.05,41.22,13071886
2017-06-13 04:00:00+00:00,41.32,41.54,41.3,41.48,8785204
2017-06-14 04:00:00+00:00,41.63,41.69,41.24,41.45,9912252
2017-06-15 04:00:00+00:00,41.15,41.31,40.94,41.28,7378492
2017-06-16 04:00:00+00:00,41.43,41.43,41.03,41.27,16260440
2017-06-19 04:00:00+00:00,41.44,41.65,41.34,41.58,6984062
2017-06-20 04:00:00+00:00,41.51,41.52,41.05,41.06,6907442
2017-06-21 04:00:00+00:00,41.17,41.19,40.98,41.13,6423468
2017-06-22 04:00:00+00:00,41.12,41.18,41.02,41.03,7914356
2017-06-23 04:00:00+00:00,41.03,41.03,40.85,40.98,8081010
2017-06-26 04:00:00+00:00,41.18,41.25,41.0,41.13,9613636
2017-06-27 04:00:00+00:00,41.04,41.19,40.8,40.8,8212848
2017-06-28 04:00:00+00:00,40.92,41.26,40.89,41.21,10451376
2017-06-29 04:00:00+00:00,41.14,41.18,40.49,40.81,10197194
2017-06-30 04:00:00+00:00,41.02,41.21,40.94,41.03,10796866
2017-07-03 04:00:00+00:00,41.14,41.35,40.97,40.99,5857082
2017-07-05 04:00:00+00:00,40.98,40.99,40.69,40.89,8093722
2017-07-06 04:00:00+00:00,40.64,40.76,40.44,40.47,7783674
2017-07-07 04:00:00+00:00,40.56,40.86,40.56,40.83,5400910
2017-07-10 04:00:00+00:00,40.87,40.98,40.75,40.91,5456554
2017-07-11 04:00:00+00:00,40.87,40.9,40.61,40.82,6532266
2017-07-12 04:00:00+00:00,41.07,41.21,41.04,41.15,6382146
2017-07-13 04:00:00+00:00,41.27,41.31,41.12,41.15,7105534
2017-07-14 04:00:00+00:00,41.28,41.34,41.1,41.29,12028928
2017-07-17 04:00:00+00:00,41.29,41.46,41.29,41.39,6480288
2017-07-18 04:00:00+00:00,41.35,41.58,41.32,41.57,7950066
2017-07-19 04:00:00+00:00,41.65,41.82,41.62,41.78,5733330
2017-07-20 04:00:00+00:00,41.82,41.85,41.55,41.68,10003812
2017-07-21 04:00:00+00:00,41.49,41.72,41.49,41.72,6786630
2017-07-24 04:00:00+00:00,41.73,41.73,41.53,41.57,4247264
2017-07-25 04:00:00+00:00,41.73,41.98,41.66,41.87,10391088
2017-07-26 04:00:00+00:00,41.94,41.95,41.8,41.85,6149634
2017-07-27 04:00:00+00:00,42.02,42.37,41.8,42.16,14444752
2017-07-28 04:00:00+00:00,41.74,41.89,41.68,41.84,7925890
2017-07-31 04:00:00+00:00,41.99,42.05,41.68,41.82,6448436
2017-08-01 04:00:00+00:00,41.95,41.98,41.76,41.9,9213824
2017-08-02 04:00:00+00:00,41.88,41.9,41.53,41.78,5928606
2017-08-03 04:00:00+00:00,41.74,41.88,41.65,41.67,7904550
2017-08-04 04:00:00+00:00,41.76,41.76,41.5,41.67,5121020
2017-08-07 04:00:00+00:00,41.74,41.83,41.69,41.77,7985638
2017-08-08 04:00:00+00:00,41.77,42.01,41.67,41.79,6186034
2017-08-09 04:00:00+00:00,41.3,41.57,41.22,41.55,10089898
2017-08-10 04:00:00+00:00,41.37,41.44,40.92,40.92,10319478
2017-08-11 04:00:00+00:00,40.82,41.22,40.82,41.14,10783486
2017-08-14 04:00:00+00:00,41.36,41.57,41.36,41.43,7932892
2017-08-15 04:00:00+00:00,41.41,41.45,41.04,41.05,6353752
2017-08-16 04:00:00+00:00,41.2,41.34,41.09,41.26,5069206
2017-08-17 04:00:00+00:00,41.15,41.2,40.6,40.6,10289896
2017-08-18 04:00:00+00:00,40.51,40.62,40.35,40.4,15037240
2017-08-21 04:00:00+00:00,40.38,40.53,40.23,40.47,21231506
2017-08-22 04:00:00+00:00,40.59,40.95,40.57,40.91,9231690
2017-08-23 04:00:00+00:00,40.63,40.71,40.49,40.56,10838958
2017-08-24 04:00:00+00:00,40.76,40.86,40.41,40.47,5639224
2017-08-25 04:00:00+00:00,40.59,40.75,40.5,40.57,7112118
2017-08-28 04:00:00+00:00,40.71,40.73,40.54,40.6,4441550
2017-08-29 04:00:00+00:00,40.33,40.6,40.27,40.56,5636958
2017-08-30 04:00:00+00:00,40.58,40.9,40.54,40.85,4635844
2017-08-31 04:00:00+00:00,40.97,41.08,40.91,41.04,8470660
2017-09-01 04:00:00+00:00,41.15,41.3,41.13,41.23,5217184
2017-09-05 04:00:00+00:00,41.12,41.29,40.82,41.07,10155430
2017-09-06 04:00:00+00:00,41.13,41.37,41.04,41.31,6148330
2017-09-07 04:00:00+00:00,41.41,41.46,40.87,40.97,11255394
2017-09-08 04:00:00+00:00,40.88,40.92,40.75,40.82,5312278
2017-09-11 04:00:00+00:00,40.97,41.08,40.93,41.03,7127646
2017-09-12 04:00:00+00:00,41.14,41.28,41.08,41.22,5557334
2017-09-13 04:00:00+00:00,41.19,41.52,41.19,41.52,6883820
2017-09-14 04:00:00+00:00,41.41,41.52,41.28,41.29,7639874
2017-09-15 04:00:00+00:00,41.21,41.33,41.15,41.18,8111866
2017-09-18 04:00:00+00:00,41.3,41.34,40.94,41.03,13794582
2017-09-19 04:00:00+00:00,41.04,41.11,40.84,41.0,15417258
2017-09-20 04:00:00+00:00,41.15,41.17,40.91,41.13,7600596
2017-09-21 04:00:00+00:00,41.12,41.17,41.0,41.07,9624444
2017-09-22 04:00:00+00:00,40.96,41.16,40.95,41.13,8512934
2017-09-25 04:00:00+00:00,41.12,41.21,40.91,41.05,15086566
2017-09-26 04:00:00+00:00,41.17,41.25,40.96,41.05,6323850
2017-09-27 04:00:00+00:00,41.16,41.35,40.98,41.28,10771500
2017-09-28 04:00:00+00:00,41.22,41.26,41.15,41.23,7489422
2017-09-29 04:00:00+00:00,41.23,41.43,41.21,41.38,7292090
2017-10-02 04:00:00+00:00,41.43,41.55,41.37,41.46,6132622
2017-10-03 04:00:00+00:00,41.53,41.64,41.5,41.63,9964598
2017-10-04 04:00:00+00:00,41.67,41.88,41.62,41.85,10245382
2017-10-05 04:00:00+00:00,41.91,42.1,41.86,42.08,14773042
2017-10-06 04:00:00+00:00,42.02,42.2,42.02,42.14,6455210
2017-10-09 04:00:00+00:00,42.21,42.21,41.96,42.0,9804056
2017-10-10 04:00:00+00:00,42.03,42.16,41.86,41.96,5616042
2017-10-11 04:00:00+00:00,41.98,42.03,41.88,41.98,9526850
2017-10-12 04:00:00+00:00,41.83,41.84,41.61,41.7,9635760
2017-10-13 04:00:00+00:00,41.78,41.94,41.73,41.91,5694124
2017-10-16 04:00:00+00:00,41.92,41.98,41.83,41.96,9820444
2017-10-17 04:00:00+00:00,41.95,42.05,41.88,41.98,5731126
2017-10-18 04:00:00+00:00,42.02,42.04,41.86,41.87,10703238
2017-10-19 04:00:00+00:00,41.69,41.87,41.59,41.87,9553308
2017-10-20 04:00:00+00:00,42.03,42.08,41.92,41.97,10083822
2017-10-23 04:00:00+00:00,42.02,42.05,41.65,41.69,6014890
2017-10-24 04:00:00+00:00,41.73,41.86,41.73,41.79,7582336
2017-10-25 04:00:00+00:00,41.7,41.77,41.4,41.63,9731926
2017-10-26 04:00:00+00:00,41.63,41.92,41.59,41.77,7436932
2017-10-27 04:00:00+00:00,42.08,42.47,41.89,42.45,12547018
2017-10-30 04:00:00+00:00,42.28,42.35,42.16,42.25,8958702
2017-10-31 04:00:00+00:00,42.3,42.35,42.22,42.26,6711414
2017-11-01 04:00:00+00:00,42.4,42.54,42.25,42.27,9245856
2017-11-02 04:00:00+00:00,42.16,42.21,41.8,41.96,9528352
2017-11-03 04:00:00+00:00,41.93,42.14,41.83,42.13,8090730
2017-11-06 05:00:00+00:00,42.04,42.45,42.04,42.43,8208054
2017-11-07 05:00:00+00:00,42.38,42.52,42.12,42.18,5124364
2017-11-08 05:00:00+00:00,42.12,42.25,42.08,42.23,5554212
2017-11-09 05:00:00+00:00,41.99,42.35,41.89,42.29,7195184
2017-11-10 05:00:00+00:00,42.28,42.49,42.24,42.43,5126918
2017-11-13 05:00:00+00:00,42.3,42.66,42.22,42.58,13280156
2017-11-14 05:00:00+00:00,42.44,42.62,42.32,42.61,8590488
2017-11-15 05:00:00+00:00,42.41,42.57,42.19,42.43,7044120
2017-11-16 05:00:00+00:00,42.5,42.82,42.47,42.78,8856380
2017-11-17 05:00:00+00:00,42.88,43.04,42.85,42.97,10564544
2017-11-20 05:00:00+00:00,43.04,43.15,42.96,43.05,4997152
2017-11-21 05:00:00+00:00,43.16,43.35,43.1,43.32,10603784
2017-11-22 05:00:00+00:00,43.34,43.45,43.31,43.36,6582824
2017-11-24 05:00:00+00:00,43.46,43.49,43.4,43.47,3555426
2017-11-27 05:00:00+00:00,43.59,43.68,43.43,43.5,8153694
2017-11-28 05:00:00+00:00,43.57,43.99,43.52,43.99,13050144
2017-11-29 05:00:00+00:00,44.02,44.29,43.95,44.18,12864638
2017-11-30 05:00:00+00:00,44.25,44.58,44.14,44.4,16735422
2017-12-01 05:00:00+00:00,44.35,44.52,43.76,44.38,24505458
2017-12-04 05:00:00+00:00,44.83,45.19,44.81,44.9,13902972
2017-12-05 05:00:00+00:00,44.88,44.99,44.63,44.64,15536206
2017-12-06 05:00:00+00:00,44.58,44.67,44.32,44.35,12937426
2017-12-07 05:00:00+00:00,44.32,44.55,44.25,44.46,8061356
2017-12-08 05:00:00+00:00,44.59,44.76,44.48,44.68,12000838
2017-12-11 05:00:00+00:00,44.71,44.79,44.62,44.77,7154890
2017-12-12 05:00:00+00:00,44.9,44.93,44.77,44.79,5613190
2017-12-13 05:00:00+00:00,44.88,44.93,44.76,44.83,7399668
2017-12-14 05:00:00+00:00,44.88,45.1,44.84,44.97,8805778
2017-12-15 05:00:00+00:00,45.17,45.28,45.05,45.16,14019408
2017-12-18 05:00:00+00:00,45.45,45.64,45.39,45.57,12410054
2017-12-19 05:00:00+00:00,45.62,45.67,45.43,45.51,14489774
2017-12-20 05:00:00+00:00,45.66,45.69,45.4,45.42,5134104
2017-12-21 05:00:00+00:00,45.48,45.81,45.44,45.71,5048860
2017-12-22 05:00:00+00:00,45.65,45.65,45.54,45.63,8643536
2017-12-26 05:00:00+00:00,45.57,45.78,45.57,45.73,3161372
2017-12-27 05:00:00+00:00,45.81,45.81,45.59,45.63,3863402
2017-12-28 05:00:00+00:00,45.8,45.8,45.66,45.76,10329638
2017-12-29 05:00:00+00:00,45.77,45.83,45.46,45.49,5544148
2018-01-02 05:00:00+00:00,45.69,46.18,45.69,46.17,10422542
2018-01-03 05:00:00+00:00,46.23,46.43,46.22,46.4,10942234
2018-01-04 05:00:00+00:00,46.57,46.61,46.31,46.55,7216696
2018-01-05 05:00:00+00:00,46.75,46.94,46.65,46.92,8748318
2018-01-08 05:00:00+00:00,46.94,47.05,46.88,46.97,5422846
2018-01-09 05:00:00+00:00,47.11,47.17,46.91,47.06,6621136
2018-01-10 05:00:00+00:00,46.89,47.1,46.78,47.03,5770358
2018-01-11 05:00:00+00:00,47.15,47.8,47.1,47.8,7663780
2018-01-12 05:00:00+00:00,47.89,48.43,47.83,48.41,8523616
2018-01-16 05:00:00+00:00,48.66,48.87,47.94,48.07,19552450
2018-01-17 05:00:00+00:00,48.29,48.4,47.99,48.3,14029114
2018-01-18 05:00:00+00:00,48.28,48.36,48.13,48.26,6965066
2018-01-19 05:00:00+00:00,48.49,48.68,48.34,48.68,7729706
2018-01-22 05:00:00+00:00,48.67,49.22,48.63,49.22,15643344
2018-01-23 05:00:00+00:00,49.48,49.69,49.38,49.63,8480700
2018-01-24 05:00:00+00:00,49.85,50.13,49.4,49.84,13058400
2018-01-25 05:00:00+00:00,50.06,50.09,49.54,49.76,10598350
2018-01-26 05:00:00+00:00,49.87,50.24,49.74,50.24,8061360
2018-01-29 05:00:00+00:00,50.19,50.4,50.0,50.11,14074946
2018-01-30 05:00:00+00:00,49.73,50.05,49.57,49.86,10870212
2018-01-31 05:00:00+00:00,50.09,50.26,49.59,49.7,22700790
2018-02-01 05:00:00+00:00,49.39,49.77,49.1,49.14,19214904
2018-02-02 05:00:00+00:00,49.35,49.78,48.57,48.67,21728544
2018-02-05 05:00:00+00:00,48.27,48.97,46.6,47.02,47906578
2018-02-06 05:00:00+00:00,46.1,48.33,45.98,48.23,46677472
2018-02-07 05:00:00+00:00,48.27,48.95,48.07,48.09,26660950
2018-02-08 05:00:00+00:00,48.15,48.28,46.13,46.17,31817744
2018-02-09 05:00:00+00:00,46.62,46.86,44.76,46.48,44549446
2018-02-12 05:00:00+00:00,46.92,47.37,46.44,47.11,25501542
2018-02-13 05:00:00+00:00,46.92,47.46,46.84,47.35,10449752
2018-02-14 05:00:00+00:00,47.13,48.2,47.09,48.11,13700710
2018-02-15 05:00:00+00:00,48.4,48.54,47.88,48.54,11440022
2018-02-16 05:00:00+00:00,48.39,48.69,48.2,48.3,9667810
2018-02-20 05:00:00+00:00,48.17,48.68,47.97,48.16,11924952
2018-02-21 05:00:00+00:00,48.37,48.87,48.09,48.09,10167700
2018-02-22 05:00:00+00:00,48.32,48.52,48.0,48.15,9123554
2018-02-23 05:00:00+00:00,48.42,48.82,48.2,48.82,6162118
2018-02-26 05:00:00+00:00,49.0,49.23,48.88,49.23,8125460
2018-02-27 05:00:00+00:00,49.28,49.28,48.18,48.19,13263384
2018-02-28 05:00:00+00:00,48.45,48.65,47.96,47.97,12465680
2018-03-01 05:00:00+00:00,48.02,48.25,46.98,47.46,19367172
2018-03-02 05:00:00+00:00,46.93,47.58,46.69,47.5,14682256
2018-03-05 05:00:00+00:00,47.33,48.17,47.21,48.07,10209196
2018-03-06 05:00:00+00:00,48.29,48.42,47.97,48.4,15400678
2018-03-07 05:00:00+00:00,47.92,48.19,47.68,48.07,10723906
2018-03-08 05:00:00+00:00,48.26,48.31,48.08,48.23,8551184
2018-03-09 05:00:00+00:00,48.55,48.99,48.42,48.97,7477248
2018-03-12 04:00:00+00:00,49.13,49.34,49.02,49.13,8791684
2018-03-13 04:00:00+00:00,49.41,49.51,48.71,48.79,11922460
2018-03-14 04:00:00+00:00,49.04,49.11,48.6,48.73,10412562
2018-03-15 04:00:00+00:00,48.82,48.93,48.59,48.68,7771998
2018-03-16 04:00:00+00:00,48.69,48.94,48.62,48.63,6864830
2018-03-19 04:00:00+00:00,48.45,48.46,47.67,48.02,11647166
2018-03-20 04:00:00+00:00,48.11,48.37,48.08,48.31,7838420
2018-03-21 04:00:00+00:00,48.37,48.64,48.12,48.27,11168218
2018-03-22 04:00:00+00:00,47.9,48.02,47.22,47.24,14055700
2018-03-23 04:00:00+00:00,47.38,47.58,46.3,46.31,18536244
2018-03-26 04:00:00+00:00,47.06,47.73,46.61,47.68,14831844
2018-03-27 04:00:00+00:00,47.88,47.98,46.45,46.75,12773064
2018-03-28 04:00:00+00:00,46.48,46.79,45.85,46.18,26156254
2018-03-29 04:00:00+00:00,46.23,47.06,45.9,46.83,15482622
2018-04-02 04:00:00+00:00,46.55,46.61,45.07,45.51,24308682
2018-04-03 04:00:00+00:00,45.77,46.33,45.43,46.08,14799456
2018-04-04 04:00:00+00:00,45.39,47.02,45.34,46.93,15147266
2018-04-05 04:00:00+00:00,47.33,47.71,47.06,47.56,8687298
2018-04-06 04:00:00+00:00,47.1,47.52,46.24,46.55,17793990
2018-04-09 04:00:00+00:00,46.87,47.15,46.39,46.43,8631804
2018-04-10 04:00:00+00:00,47.03,47.12,46.58,47.01,13029924
2018-04-11 04:00:00+00:00,46.8,47.28,46.69,46.86,9750972
2018-04-12 04:00:00+00:00,47.14,47.33,46.89,47.06,6260728
2018-04-13 04:00:00+00:00,47.31,47.39,46.62,46.8,8979400
2018-04-16 04:00:00+00:00,47.09,47.33,46.87,47.15,8935852
2018-04-17 04:00:00+00:00,47.6,48.12,47.6,48.02,8499144
2018-04-18 04:00:00+00:00,48.19,48.48,48.15,48.25,6672572
2018-04-19 04:00:00+00:00,48.26,48.37,47.87,48.1,20485698
2018-04-20 04:00:00+00:00,48.14,48.2,47.41,47.61,12730008
2018-04-23 04:00:00+00:00,47.69,48.02,47.42,47.71,14137864
2018-04-24 04:00:00+00:00,47.98,48.08,46.71,46.96,13629522
2018-04-25 04:00:00+00:00,46.87,47.27,46.47,47.15,21273590
2018-04-26 04:00:00+00:00,47.43,48.01,47.34,47.91,14718776
2018-04-27 04:00:00+00:00,48.55,48.66,48.02,48.13,9008286
2018-04-30 04:00:00+00:00,48.35,48.6,47.94,47.94,10156976
2018-05-01 04:00:00+00:00,47.78,48.03,47.41,48.01,11473848
2018-05-02 04:00:00+00:00,47.87,48.12,47.63,47.68,9747442
2018-05-03 04:00:00+00:00,47.47,47.59,46.86,47.47,15892856
2018-05-04 04:00:00+00:00,47.25,48.21,47.19,48.09,8196950
2018-05-07 04:00:00+00:00,48.34,48.39,48.08,48.25,7284292
2018-05-08 04:00:00+00:00,48.13,48.24,47.79,48.05,12745444
2018-05-09 04:00:00+00:00,48.12,48.25,47.82,48.22,8775214
2018-05-10 04:00:00+00:00,48.21,48.44,48.14,48.39,6129320
2018-05-11 04:00:00+00:00,48.39,48.55,48.33,48.49,9496674
2018-05-14 04:00:00+00:00,48.57,48.74,48.51,48.58,7140556
2018-05-15 04:00:00+00:00,48.33,48.39,48.08,48.3,9270428
2018-05-16 04:00:00+00:00,48.36,48.81,48.36,48.7,6857852
2018-05-17 04:00:00+00:00,48.6,48.89,48.42,48.54,12843126
2018-05-18 04:00:00+00:00,48.47,48.62,48.38,48.48,8773182
2018-05-21 04:00:00+00:00,48.71,48.88,48.59,48.75,22089450
2018-05-22 04:00:00+00:00,48.93,49.04,48.5,48.53,6098332
2018-05-23 04:00:00+00:00,48.36,48.89,48.3,48.88,10412638
2018-05-24 04:00:00+00:00,48.83,49.07,48.59,48.99,13799598
2018-05-25 04:00:00+00:00,48.97,49.25,48.92,49.07,8230562
2018-05-29 04:00:00+00:00,48.82,49.04,48.49,48.69,12526244
2018-05-30 04:00:00+00:00,48.91,49.19,48.8,49.13,10356602
2018-05-31 04:00:00+00:00,49.15,49.16,48.73,48.89,13117944
2018-06-01 04:00:00+00:00,49.11,49.31,49.06,49.25,11515646
2018-06-04 04:00:00+00:00,49.4,49.82,49.38,49.81,11068320
2018-06-05 04:00:00+00:00,49.83,50.14,49.74,50.1,9722256
2018-06-06 04:00:00+00:00,50.24,50.6,50.01,50.56,11514774
2018-06-07 04:00:00+00:00,50.69,50.89,50.54,50.71,11970900
2018-06-08 04:00:00+00:00,50.53,50.98,50.48,50.82,7818090
2018-06-11 04:00:00+00:00,50.82,51.13,50.82,51.02,6677618
2018-06-12 04:00:00+00:00,51.11,51.36,51.08,51.27,7081260
2018-06-13 04:00:00+00:00,51.31,51.61,51.25,51.34,10370828
2018-06-14 04:00:00+00:00,51.51,51.89,51.49,51.88,8730750
2018-06-15 04:00:00+00:00,51.65,52.01,51.61,51.97,18821594
2018-06-18 04:00:00+00:00,51.62,51.98,51.53,51.88,8497032
2018-06-19 04:00:00+00:00,51.42,51.82,51.33,51.81,13111230
2018-06-20 04:00:00+00:00,52.08,52.19,51.87,52.06,8020718
2018-06-21 04:00:00+00:00,52.13,52.2,51.6,51.69,15580892
2018-06-22 04:00:00+00:00,51.91,51.99,51.56,51.6,11970608
2018-06-25 04:00:00+00:00,51.39,51.39,50.19,50.48,24695594
2018-06-26 04:00:00+00:00,50.67,51.0,50.52,50.84,9421462
2018-06-27 04:00:00+00:00,51.04,51.23,50.17,50.18,13858954
2018-06-28 04:00:00+00:00,50.23,50.69,49.97,50.58,12109110
2018-06-29 04:00:00+00:00,50.94,51.15,50.65,50.66,11807534
2018-07-02 04:00:00+00:00,50.3,50.75,50.16,50.73,14071614
2018-07-03 04:00:00+00:00,50.97,50.97,50.39,50.48,5970524
2018-07-05 04:00:00+00:00,50.77,50.82,50.32,50.73,7777510
2018-07-06 04:00:00+00:00,50.75,51.2,50.63,51.13,10628754
2018-07-09 04:00:00+00:00,51.45,51.75,51.33,51.74,7819096
2018-07-10 04:00:00+00:00,51.84,51.9,51.61,51.85,6539460
2018-07-11 04:00:00+00:00,51.53,51.84,51.48,51.73,8980176
2018-07-12 04:00:00+00:00,51.92,52.11,51.7,52.07,5903126
2018-07-13 04:00:00+00:00,52.1,52.27,52.02,52.19,12216056
2018-07-16 04:00:00+00:00,52.32,52.4,52.12,52.32,6291558
2018-07-17 04:00:00+00:00,51.78,52.48,51.67,52.37,8262118
2018-07-18 04:00:00+00:00,52.34,52.52,52.17,52.34,13805034
2018-07-19 04:00:00+00:00,52.22,52.52,52.18,52.22,7306096
2018-07-20 04:00:00+00:00,52.22,52.3,51.96,51.98,6829954
2018-07-23 04:00:00+00:00,51.97,52.03,51.65,51.93,6800538
2018-07-24 04:00:00+00:00,52.24,52.33,51.66,51.78,10150202
2018-07-25 04:00:00+00:00,51.63,52.17,51.48,52.16,13672954
2018-07-26 04:00:00+00:00,52.1,52.28,51.77,51.88,12479846
2018-07-27 04:00:00+00:00,52.57,52.64,51.52,51.75,13255310
2018-07-30 04:00:00+00:00,51.75,51.84,51.19,51.35,13353552
2018-07-31 04:00:00+00:00,51.48,51.79,51.21,51.56,12644006
2018-08-01 04:00:00+00:00,51.63,51.67,51.1,51.32,10798838
2018-08-02 04:00:00+00:00,51.08,51.71,51.0,51.67,8976422
2018-08-03 04:00:00+00:00,51.78,51.92,51.68,51.85,6755286
2018-08-06 04:00:00+00:00,51.88,52.25,51.73,52.2,7498360
2018-08-07 04:00:00+00:00,52.3,52.51,52.2,52.42,6628476
2018-08-08 04:00:00+00:00,52.42,52.58,52.31,52.49,5594026
2018-08-09 04:00:00+00:00,52.48,52.87,52.38,52.69,11395604
2018-08-10 04:00:00+00:00,52.4,52.49,52.11,52.25,10307010
2018-08-13 04:00:00+00:00,52.4,52.44,51.97,51.98,13093302
2018-08-14 04:00:00+00:00,52.29,52.56,52.11,52.49,8856376
2018-08-15 04:00:00+00:00,52.22,52.22,51.54,51.85,12810374
2018-08-16 04:00:00+00:00,52.2,52.36,52.05,52.1,8105772
2018-08-17 04:00:00+00:00,52.05,52.24,51.8,52.15,6167062
2018-08-20 04:00:00+00:00,52.33,52.55,52.18,52.52,13662418
2018-08-21 04:00:00+00:00,52.67,53.12,52.65,52.94,8597330
2018-08-22 04:00:00+00:00,52.94,53.25,52.93,52.99,5593266
2018-08-23 04:00:00+00:00,53.04,53.23,52.85,52.94,9407334
2018-08-24 04:00:00+00:00,53.05,53.32,52.96,53.25,12970818
2018-08-27 04:00:00+00:00,53.52,53.68,53.47,53.6,6242204
2018-08-28 04:00:00+00:00,53.74,53.77,53.51,53.7,8333154
2018-08-29 04:00:00+00:00,53.85,54.34,53.74,54.31,16779002
2018-08-30 04:00:00+00:00,54.22,54.31,53.81,54.0,8934866
2018-08-31 04:00:00+00:00,53.96,54.32,53.96,54.21,8564922
2018-09-04 04:00:00+00:00,54.15,54.44,53.94,54.31,9746922
2018-09-05 04:00:00+00:00,54.27,54.28,53.69,53.73,16053016
2018-09-06 04:00:00+00:00,53.87,54.04,53.34,53.58,11282740
2018-09-07 04:00:00+00:00,53.33,53.91,53.21,53.57,9031676
2018-09-10 04:00:00+00:00,53.94,53.98,53.63,53.77,8254288
2018-09-11 04:00:00+00:00,53.66,54.24,53.56,54.2,9953374
2018-09-12 04:00:00+00:00,54.21,54.34,53.85,54.31,9612328
2018-09-13 04:00:00+00:00,54.51,54.58,54.28,54.4,10614662
2018-09-14 04:00:00+00:00,54.4,54.5,53.97,54.2,6310218
2018-09-17 04:00:00+00:00,54.12,54.13,53.48,53.52,10602812
2018-09-18 04:00:00+00:00,53.56,54.26,53.56,54.2,7581638
2018-09-19 04:00:00+00:00,54.27,54.36,54.0,54.23,6450146
2018-09-20 04:00:00+00:00,54.48,54.68,54.37,54.6,9935302
2018-09-21 04:00:00+00:00,54.86,54.9,54.34,54.36,16785296
2018-09-24 04:00:00+00:00,54.18,54.18,53.8,54.0,9873584
2018-09-25 04:00:00+00:00,54.13,54.27,54.01,54.23,8819260
2018-09-26 04:00:00+00:00,54.22,54.75,54.16,54.36,13588024
2018-09-27 04:00:00+00:00,54.37,54.68,54.28,54.54,11916588
2018-09-28 04:00:00+00:00,54.44,54.73,54.44,54.5,7172242
2018-10-01 04:00:00+00:00,54.82,54.92,54.33,54.33,16915618
2018-10-02 04:00:00+00:00,54.34,54.35,53.58,53.59,20934444
2018-10-03 04:00:00+00:00,53.86,53.91,53.39,53.41,20724184
2018-10-04 04:00:00+00:00,53.31,53.37,52.4,52.58,28512282
2018-10-05 04:00:00+00:00,52.6,52.81,51.76,52.18,15131340
2018-10-08 04:00:00+00:00,51.99,52.52,51.73,52.32,14749538
2018-10-09 04:00:00+00:00,52.25,52.83,52.12,52.16,11854078
2018-10-10 04:00:00+00:00,52.14,52.14,50.33,50.41,27612084
2018-10-11 04:00:00+00:00,50.08,50.78,49.08,49.52,57549580
2018-10-12 04:00:00+00:00,50.65,50.78,49.81,50.43,30464810
2018-10-15 04:00:00+00:00,50.42,50.74,50.08,50.32,15732802
2018-10-16 04:00:00+00:00,50.63,51.43,50.37,51.33,15437818
2018-10-17 04:00:00+00:00,51.33,51.33,50.39,50.9,20808474
2018-10-18 04:00:00+00:00,50.8,50.85,49.77,49.93,25506818
2018-10-19 04:00:00+00:00,50.02,50.21,49.27,49.44,17649134
2018-10-22 04:00:00+00:00,49.67,49.89,49.37,49.64,13898186
2018-10-23 04:00:00+00:00,48.88,49.83,48.58,49.65,21083624
2018-10-24 04:00:00+00:00,49.63,49.92,48.09,48.16,23763568
2018-10-25 04:00:00+00:00,48.64,49.89,48.54,49.62,21124836
2018-10-26 04:00:00+00:00,48.37,48.82,47.56,48.08,37511028
2018-10-29 04:00:00+00:00,48.58,49.06,46.95,47.65,28797652
2018-10-30 04:00:00+00:00,47.52,48.42,47.37,48.37,29036882
2018-10-31 04:00:00+00:00,49.04,49.5,48.87,48.99,18591234
2018-11-01 04:00:00+00:00,49.19,50.05,48.96,49.99,14019866
2018-11-02 04:00:00+00:00,50.44,50.81,49.67,50.2,15954618
2018-11-05 05:00:00+00:00,50.23,50.36,49.7,50.27,9606848
2018-11-06 05:00:00+00:00,50.2,50.61,50.15,50.49,9649510
2018-11-07 05:00:00+00:00,51.0,51.88,50.79,51.86,12979356
2018-11-08 05:00:00+00:00,51.64,52.14,51.49,51.87,8868884
2018-11-09 05:00:00+00:00,51.65,51.73,50.9,51.15,10662748
2018-11-12 05:00:00+00:00,51.04,51.2,50.02,50.12,12165060
2018-11-13 05:00:00+00:00,50.2,50.59,49.88,50.1,15927800
2018-11-14 05:00:00+00:00,50.58,50.89,49.58,49.72,16703366
2018-11-15 05:00:00+00:00,49.31,49.77,48.44,49.65,21863786
2018-11-16 05:00:00+00:00,49.17,49.59,48.92,49.45,11562278
2018-11-19 05:00:00+00:00,49.34,49.48,48.1,48.24,13527344
2018-11-20 05:00:00+00:00,46.75,48.26,46.64,47.15,24132526
2018-11-21 05:00:00+00:00,47.61,48.04,47.52,47.64,20402062
2018-11-23 05:00:00+00:00,47.39,47.72,47.39,47.43,5500738
2018-11-26 05:00:00+00:00,48.03,48.57,47.95,48.5,11866462
2018-11-27 05:00:00+00:00,48.32,48.69,48.18,48.64,12089460
2018-11-28 05:00:00+00:00,48.91,50.08,48.66,50.08,12832152
2018-11-29 05:00:00+00:00,50.02,50.15,49.55,49.84,9981306
2018-11-30 05:00:00+00:00,49.82,50.26,49.69,50.21,11559228
2018-12-03 05:00:00+00:00,51.24,51.42,50.81,51.14,12085180
2018-12-04 05:00:00+00:00,50.99,51.16,49.17,49.3,19643690
2018-12-06 05:00:00+00:00,48.41,49.54,48.13,49.54,23165406
2018-12-07 05:00:00+00:00,49.32,49.82,47.94,48.06,18853756
2018-12-10 05:00:00+00:00,48.01,48.34,47.12,48.09,19981888
2018-12-11 05:00:00+00:00,48.81,48.94,47.76,48.11,15983918
2018-12-12 05:00:00+00:00,48.63,49.2,48.53,48.62,14476138
2018-12-13 05:00:00+00:00,48.82,48.95,48.12,48.38,12258074
2018-12-14 05:00:00+00:00,47.88,48.4,47.42,47.57,12383018
2018-12-17 05:00:00+00:00,47.23,47.44,46.02,46.37,24121574
2018-12-18 05:00:00+00:00,46.64,47.2,46.4,46.73,18302856
2018-12-19 05:00:00+00:00,46.75,47.57,45.55,45.8,28924356
2018-12-20 05:00:00+00:00,45.53,45.74,44.18,44.78,35543174
2018-12-21 05:00:00+00:00,44.96,45.64,43.66,43.76,26956222
2018-12-24 05:00:00+00:00,43.36,43.94,42.81,42.93,16994370
2018-12-26 05:00:00+00:00,43.3,45.49,43.21,45.47,23733254
2018-12-27 05:00:00+00:00,44.86,45.72,43.9,45.72,22498176
2018-12-28 05:00:00+00:00,45.93,46.43,45.32,45.72,16730958
2018-12-31 05:00:00+00:00,46.1,46.4,45.76,46.21,12599522
2019-01-02 05:00:00+00:00,45.42,46.82,45.17,46.56,13828800
2019-01-03 05:00:00+00:00,46.21,46.32,45.47,45.55,12801498
2019-01-04 05:00:00+00:00,46.17,47.41,46.08,47.06,14785096
2019-01-07 05:00:00+00:00,47.28,48.43,47.26,48.12,12671146
2019-01-08 05:00:00+00:00,48.62,48.92,47.97,48.66,18857392
2019-01-09 05:00:00+00:00,48.77,49.12,48.47,48.9,10381878
2019-01-10 05:00:00+00:00,48.3,48.82,48.1,48.76,9694476
2019-01-11 05:00:00+00:00,48.61,48.97,48.52,48.81,6101144
2019-01-14 05:00:00+00:00,48.42,48.87,48.19,48.51,5944902
2019-01-15 05:00:00+00:00,48.52,49.04,48.45,48.95,7598312
2019-01-16 05:00:00+00:00,48.97,49.24,48.81,48.84,9022702
2019-01-17 05:00:00+00:00,48.59,49.31,48.51,49.17,8864392
2019-01-18 05:00:00+00:00,49.66,50.06,49.49,49.85,11737436
2019-01-22 05:00:00+00:00,49.63,49.74,48.7,49.1,21187838
2019-01-23 05:00:00+00:00,49.32,49.5,48.64,49.2,12282144
2019-01-24 05:00:00+00:00,49.24,49.46,49.1,49.41,8030078
2019-01-25 05:00:00+00:00,49.91,50.14,49.83,49.95,8842806
2019-01-28 05:00:00+00:00,49.46,49.67,49.18,49.66,13085008
2019-01-29 05:00:00+00:00,49.53,49.62,49.04,49.34,5827844
2019-01-30 05:00:00+00:00,49.73,50.46,49.7,50.3,12487676
2019-01-31 05:00:00+00:00,50.39,50.94,50.16,50.77,11509994
2019-02-01 05:00:00+00:00,50.34,50.52,49.92,50.03,11476548
2019-02-04 05:00:00+00:00,49.96,50.38,49.89,50.36,7467404
2019-02-05 05:00:00+00:00,50.51,50.91,50.51,50.83,8471952
2019-02-06 05:00:00+00:00,50.84,50.97,50.42,50.62,5923250
2019-02-07 05:00:00+00:00,50.26,50.38,49.78,50.2,9117984
2019-02-08 05:00:00+00:00,49.89,50.01,49.64,50.0,6692330
2019-02-11 05:00:00+00:00,50.17,50.29,50.01,50.09,6168702
2019-02-12 05:00:00+00:00,50.41,50.92,50.32,50.86,7856750
2019-02-13 05:00:00+00:00,51.07,51.32,50.95,51.2,7015768
2019-02-14 05:00:00+00:00,50.8,51.29,50.55,51.02,8379796
2019-02-15 05:00:00+00:00,51.34,51.48,51.2,51.37,7266824
2019-02-19 05:00:00+00:00,51.21,51.73,51.21,51.58,10359650
2019-02-20 05:00:00+00:00,51.61,51.8,51.16,51.68,15315116
2019-02-21 05:00:00+00:00,51.56,51.73,51.38,51.58,6061202
2019-02-22 05:00:00+00:00,51.7,51.88,51.63,51.86,15827402
2019-02-25 05:00:00+00:00,52.17,52.23,51.66,51.69,8026900
2019-02-26 05:00:00+00:00,51.48,51.83,51.44,51.76,16897548
2019-02-27 05:00:00+00:00,51.7,51.87,51.37,51.72,6239380
2019-02-28 05:00:00+00:00,51.53,51.58,51.21,51.44,8178806
2019-03-01 05:00:00+00:00,51.86,52.06,51.51,51.85,9800322
2019-03-04 05:00:00+00:00,52.08,52.17,51.31,51.69,11375918
2019-03-05 05:00:00+00:00,51.87,52.04,51.74,51.82,11514810
2019-03-06 05:00:00+00:00,51.87,52.09,51.56,51.58,7606480
2019-03-07 05:00:00+00:00,51.47,51.53,50.79,50.95,14265592
2019-03-08 05:00:00+00:00,50.63,50.63,50.25,50.6,11722062
2019-03-11 04:00:00+00:00,50.77,51.34,50.75,51.29,9280516
2019-03-12 04:00:00+00:00,51.37,51.51,51.16,51.44,17327326
2019-03-13 04:00:00+00:00,51.59,51.92,51.53,51.62,9777546
2019-03-14 04:00:00+00:00,51.55,51.58,51.35,51.47,10966868
2019-03-15 04:00:00+00:00,51.72,51.84,51.44,51.8,11007656
2019-03-18 04:00:00+00:00,51.82,52.34,51.82,52.3,11130940
2019-03-19 04:00:00+00:00,52.48,53.0,52.35,52.56,14849654
2019-03-20 04:00:00+00:00,52.53,52.89,52.13,52.64,21777482
2019-03-21 04:00:00+00:00,52.56,53.4,52.56,53.36,12625988
2019-03-22 04:00:00+00:00,53.02,53.22,52.28,52.3,19394752
2019-03-25 04:00:00+00:00,52.19,52.85,52.13,52.61,14973158
2019-03-26 04:00:00+00:00,52.91,53.19,52.55,52.83,12007298
2019-03-27 04:00:00+00:00,52.87,53.12,52.41,52.72,8894502
2019-03-28 04:00:00+00:00,52.92,53.26,52.77,53.04,16073204
2019-03-29 04:00:00+00:00,53.31,53.42,53.18,53.32,9485564
2019-04-01 04:00:00+00:00,53.75,53.92,53.58,53.89,10142050
2019-04-02 04:00:00+00:00,53.89,53.94,53.72,53.89,7323318
2019-04-03 04:00:00+00:00,54.21,54.47,54.04,54.27,8543990
2019-04-04 04:00:00+00:00,54.32,54.72,54.32,54.71,6208500
2019-04-05 04:00:00+00:00,54.85,55.08,54.71,55.04,5958544
2019-04-08 04:00:00+00:00,54.93,55.25,54.86,55.23,6505224
2019-04-09 04:00:00+00:00,55.05,55.05,54.64,54.74,8978488
2019-04-10 04:00:00+00:00,54.87,55.0,54.61,55.0,6958888
2019-04-11 04:00:00+00:00,55.06,55.09,54.92,55.07,4365378
2019-04-12 04:00:00+00:00,55.26,55.51,55.16,55.41,9137742
2019-04-15 04:00:00+00:00,55.44,55.55,55.19,55.52,4945316
2019-04-16 04:00:00+00:00,55.69,55.85,55.65,55.77,6082962
2019-04-17 04:00:00+00:00,55.93,56.09,55.84,55.88,5691916
2019-04-18 04:00:00+00:00,55.99,56.0,55.69,55.86,6249732
2019-04-22 04:00:00+00:00,55.66,55.83,55.47,55.65,5583382
2019-04-23 04:00:00+00:00,55.82,56.42,55.78,56.31,8332186
2019-04-24 04:00:00+00:00,56.33,56.62,56.33,56.36,4414260
2019-04-25 04:00:00+00:00,56.32,56.34,55.83,56.07,5792808
2019-04-26 04:00:00+00:00,56.28,56.51,55.93,56.51,8861930
2019-04-29 04:00:00+00:00,56.54,56.54,56.22,56.32,7523358
2019-04-30 04:00:00+00:00,56.26,56.28,55.8,56.23,9286640
2019-05-01 04:00:00+00:00,56.33,56.33,55.55,55.55,9389182
2019-05-02 04:00:00+00:00,55.58,55.81,55.19,55.59,24919040
2019-05-03 04:00:00+00:00,56.11,56.35,55.95,56.25,7360602
2019-05-06 04:00:00+00:00,55.27,56.0,55.24,55.9,7703118
2019-05-07 04:00:00+00:00,55.56,55.68,54.65,55.06,13623938
2019-05-08 04:00:00+00:00,54.97,55.4,54.8,55.08,16577170
2019-05-09 04:00:00+00:00,54.65,55.04,54.22,54.85,12876974
2019-05-10 04:00:00+00:00,54.71,55.17,53.91,54.93,13787524
2019-05-13 04:00:00+00:00,53.82,53.94,53.12,53.3,15723670
2019-05-14 04:00:00+00:00,53.54,54.1,53.29,53.81,9809446
2019-05-15 04:00:00+00:00,53.5,54.31,53.4,54.2,8480142
2019-05-16 04:00:00+00:00,54.42,55.02,54.33,54.69,7363296
2019-05-17 04:00:00+00:00,54.24,54.97,54.24,54.28,7438650
2019-05-20 04:00:00+00:00,54.09,54.09,53.73,53.9,7259582
2019-05-21 04:00:00+00:00,54.06,54.41,53.87,54.27,7480044
2019-05-22 04:00:00+00:00,53.84,54.26,53.66,53.72,8099134
2019-05-23 04:00:00+00:00,53.29,53.32,52.79,53.05,10146336
2019-05-24 04:00:00+00:00,53.34,53.43,52.9,53.12,5407678
2019-05-28 04:00:00+00:00,53.27,53.57,52.74,52.79,8374178
2019-05-29 04:00:00+00:00,52.48,52.53,51.96,52.3,9823396
2019-05-30 04:00:00+00:00,52.48,52.82,52.47,52.64,8024760
2019-05-31 04:00:00+00:00,51.99,52.21,51.81,51.96,8911562
2019-06-03 04:00:00+00:00,51.83,52.01,51.25,51.52,16628970
2019-06-04 04:00:00+00:00,51.98,52.93,51.53,52.92,11938134
2019-06-05 04:00:00+00:00,53.22,53.29,52.65,53.18,12328226
2019-06-06 04:00:00+00:00,53.18,53.58,52.96,53.45,7493454
2019-06-07 04:00:00+00:00,53.68,54.39,53.6,54.22,8552730
2019-06-10 04:00:00+00:00,54.57,55.17,54.53,54.68,7677888
2019-06-11 04:00:00+00:00,55.12,55.37,54.66,54.89,10581602
2019-06-12 04:00:00+00:00,54.87,55.09,54.76,54.87,5823246
2019-06-13 04:00:00+00:00,55.08,55.45,55.05,55.37,7845796
2019-06-14 04:00:00+00:00,55.36,55.6,55.25,55.49,5235606
2019-06-17 04:00:00+00:00,55.59,55.7,55.45,55.52,5467476
2019-06-18 04:00:00+00:00,55.91,56.3,55.76,55.94,8974410
2019-06-19 04:00:00+00:00,55.99,56.15,55.61,56.04,6229798
2019-06-20 04:00:00+00:00,56.5,56.57,55.99,56.4,9624580
2019-06-21 04:00:00+00:00,56.36,56.52,56.16,56.17,10744666
2019-06-24 04:00:00+00:00,56.19,56.26,55.85,55.87,5969832
2019-06-25 04:00:00+00:00,55.98,56.06,55.25,55.33,6553636
2019-06-26 04:00:00+00:00,55.53,55.73,55.45,55.51,5029432
2019-06-27 04:00:00+00:00,55.7,55.92,55.61,55.86,4037894
2019-06-28 04:00:00+00:00,55.94,56.13,55.92,56.02,15399640
2019-07-01 04:00:00+00:00,56.73,56.98,56.27,56.51,8828854
2019-07-02 04:00:00+00:00,56.44,56.66,56.22,56.64,22190590
2019-07-03 04:00:00+00:00,56.8,57.13,56.69,57.13,3939820
2019-07-05 04:00:00+00:00,56.85,57.24,56.7,57.19,8322210
2019-07-08 04:00:00+00:00,57.04,57.31,56.96,57.26,12279122
2019-07-09 04:00:00+00:00,57.04,57.4,56.98,57.32,4009526
2019-07-10 04:00:00+00:00,57.57,57.61,57.22,57.53,4961328
2019-07-11 04:00:00+00:00,57.72,57.83,57.52,57.65,4110622
2019-07-12 04:00:00+00:00,57.81,58.32,57.81,58.31,5161542
2019-07-15 04:00:00+00:00,58.44,58.53,58.2,58.5,4069536
2019-07-16 04:00:00+00:00,58.33,58.55,58.24,58.42,4149024
2019-07-17 04:00:00+00:00,58.35,58.44,57.86,57.86,4765418
2019-07-18 04:00:00+00:00,57.75,57.9,57.4,57.8,4726122
2019-07-19 04:00:00+00:00,57.97,58.05,57.38,57.41,4374178
2019-07-22 04:00:00+00:00,57.51,57.6,57.22,57.43,4089570
2019-07-23 04:00:00+00:00,57.77,57.83,57.35,57.82,5200322
2019-07-24 04:00:00+00:00,57.59,58.13,57.58,58.12,4358030
2019-07-25 04:00:00+00:00,57.93,58.1,57.7,57.8,5053848
2019-07-26 04:00:00+00:00,57.88,58.11,57.69,58.06,4425738
2019-07-29 04:00:00+00:00,57.92,58.01,57.57,57.78,4648026
2019-07-30 04:00:00+00:00,57.38,57.56,57.3,57.39,4492668
2019-07-31 04:00:00+00:00,57.37,57.4,56.21,56.73,8757610
2019-08-01 04:00:00+00:00,56.84,57.4,55.76,55.96,13496058
2019-08-02 04:00:00+00:00,55.77,55.96,55.28,55.5,11377456
2019-08-05 04:00:00+00:00,54.56,54.56,53.62,54.01,14633510
2019-08-06 04:00:00+00:00,54.38,54.9,54.08,54.83,9095652
2019-08-07 04:00:00+00:00,54.3,55.12,53.97,55.05,12046210
2019-08-08 04:00:00+00:00,55.41,56.12,55.36,56.12,9662632
2019-08-09 04:00:00+00:00,55.95,56.07,55.27,55.59,8248700
2019-08-12 04:00:00+00:00,55.21,55.24,54.55,54.68,6047398
2019-08-13 04:00:00+00:00,54.7,56.16,54.52,55.69,9578792
2019-08-14 04:00:00+00:00,54.73,54.82,53.91,53.94,13254952
2019-08-15 04:00:00+00:00,54.27,54.35,53.4,53.85,10337548
2019-08-16 04:00:00+00:00,54.24,54.57,54.08,54.46,8265950
2019-08-19 04:00:00+00:00,55.21,55.35,54.98,55.15,6561682
2019-08-20 04:00:00+00:00,55.14,55.51,55.04,55.16,6594938
2019-08-21 04:00:00+00:00,56.08,56.22,55.95,56.22,9779106
2019-08-22 04:00:00+00:00,56.36,56.52,55.85,56.24,5972454
2019-08-23 04:00:00+00:00,55.81,56.09,54.51,54.74,15904870
2019-08-26 04:00:00+00:00,55.16,55.29,54.76,55.28,7224558
2019-08-27 04:00:00+00:00,55.53,55.58,54.93,54.98,6831590
2019-08-28 04:00:00+00:00,54.94,55.74,54.8,55.7,8152660
2019-08-29 04:00:00+00:00,56.32,56.65,56.16,56.53,6123254
2019-08-30 04:00:00+00:00,56.66,56.78,56.07,56.2,7008620
2019-09-03 04:00:00+00:00,55.93,56.31,55.73,55.97,9143218
2019-09-04 04:00:00+00:00,56.25,56.57,56.01,56.52,8570252
2019-09-05 04:00:00+00:00,57.11,57.66,57.05,57.58,7689570
2019-09-06 04:00:00+00:00,57.65,57.89,57.55,57.74,7178912
2019-09-09 04:00:00+00:00,57.94,58.11,57.75,57.96,6726016
2019-09-10 04:00:00+00:00,57.7,57.78,57.15,57.73,7570410
2019-09-11 04:00:00+00:00,57.72,57.96,57.46,57.84,6959956
2019-09-12 04:00:00+00:00,58.12,58.46,57.98,58.12,6901910
2019-09-13 04:00:00+00:00,58.26,58.34,57.95,58.0,4079176
2019-09-16 04:00:00+00:00,57.62,57.66,57.2,57.26,7004060
2019-09-17 04:00:00+00:00,57.16,57.62,57.01,57.61,4657768
2019-09-18 04:00:00+00:00,57.55,57.65,57.02,57.58,6176194
2019-09-19 04:00:00+00:00,57.7,57.77,57.4,57.42,4660210
2019-09-20 04:00:00+00:00,57.53,57.68,56.76,56.76,7815886
2019-09-23 04:00:00+00:00,56.61,57.13,56.54,56.96,4617260
2019-09-24 04:00:00+00:00,57.25,57.42,56.22,56.35,10888682
2019-09-25 04:00:00+00:00,56.58,56.95,56.14,56.87,6752148
2019-09-26 04:00:00+00:00,56.86,57.0,56.36,56.62,6103178
2019-09-27 04:00:00+00:00,56.81,56.84,56.12,56.42,7188732
2019-09-30 04:00:00+00:00,56.55,56.99,56.52,56.91,5101160
2019-10-01 04:00:00+00:00,57.02,57.25,56.42,56.43,7349090
2019-10-02 04:00:00+00:00,56.08,56.11,55.14,55.42,11226986
2019-10-03 04:00:00+00:00,55.35,55.69,54.68,55.69,16853536
2019-10-04 04:00:00+00:00,55.82,56.25,55.75,56.21,6598408
2019-10-07 04:00:00+00:00,56.01,56.33,55.82,55.97,5595114
2019-10-08 04:00:00+00:00,55.54,55.99,55.37,55.38,5986350
2019-10-09 04:00:00+00:00,55.78,56.05,55.6,55.85,6187574
2019-10-10 04:00:00+00:00,55.91,56.42,55.86,56.22,6619712
2019-10-11 04:00:00+00:00,56.85,57.35,56.79,56.86,10763538
2019-10-14 04:00:00+00:00,56.8,56.94,56.68,56.83,3224768
2019-10-15 04:00:00+00:00,57.01,57.46,56.98,57.33,5313070
2019-10-16 04:00:00+00:00,57.32,57.62,57.32,57.57,6238922
2019-10-17 04:00:00+00:00,57.83,57.95,57.61,57.72,5336514
2019-10-18 04:00:00+00:00,57.57,57.79,57.37,57.6,4196680
2019-10-21 04:00:00+00:00,57.9,58.07,57.65,57.82,4971520
2019-10-22 04:00:00+00:00,57.74,57.76,57.41,57.44,5557750
2019-10-23 04:00:00+00:00,57.37,57.37,56.75,57.17,3885958
2019-10-24 04:00:00+00:00,57.27,57.33,56.99,57.15,4516158
2019-10-25 04:00:00+00:00,56.45,57.26,56.32,57.08,5913072
2019-10-28 04:00:00+00:00,57.23,57.41,57.14,57.26,4188842
2019-10-29 04:00:00+00:00,57.27,57.3,56.91,56.93,4738966
2019-10-30 04:00:00+00:00,56.9,57.29,56.66,57.29,5994038
2019-10-31 04:00:00+00:00,57.28,57.36,56.72,56.98,6352184
2019-11-01 04:00:00+00:00,57.27,57.38,57.15,57.36,6778256
2019-11-04 05:00:00+00:00,57.53,57.6,57.29,57.39,11919714
2019-11-05 05:00:00+00:00,57.44,57.6,57.24,57.47,4472532
2019-11-06 05:00:00+00:00,57.54,57.55,57.27,57.53,7502232
2019-11-07 05:00:00+00:00,57.66,57.73,57.12,57.19,7862950
2019-11-08 05:00:00+00:00,57.29,57.31,56.99,57.21,4198676
2019-11-11 05:00:00+00:00,56.94,57.11,56.89,57.09,3787038
2019-11-12 05:00:00+00:00,57.14,57.35,56.94,57.06,4408232
2019-11-13 05:00:00+00:00,56.91,57.01,56.73,56.88,5264638
2019-11-14 05:00:00+00:00,56.92,57.21,56.84,57.12,4055230
2019-11-15 05:00:00+00:00,57.4,57.45,57.1,57.23,4631622
2019-11-18 05:00:00+00:00,57.24,57.43,57.08,57.42,5726852
2019-11-19 05:00:00+00:00,57.22,57.25,56.65,56.79,6525108
2019-11-20 05:00:00+00:00,56.93,57.04,56.39,56.66,8984372
2019-11-21 05:00:00+00:00,56.71,56.81,56.32,56.39,5436852
2019-11-22 05:00:00+00:00,56.56,56.75,56.45,56.73,5071890
2019-11-25 05:00:00+00:00,56.99,57.24,56.94,57.23,7835676
2019-11-26 05:00:00+00:00,57.2,57.66,57.16,57.62,7839700
2019-11-27 05:00:00+00:00,57.8,58.13,57.73,58.11,8692492
2019-11-29 05:00:00+00:00,58.13,58.18,57.67,57.73,3697676
2019-12-02 05:00:00+00:00,57.78,57.84,57.14,57.26,7380708
2019-12-03 05:00:00+00:00,56.75,56.78,56.37,56.68,9204946
2019-12-04 05:00:00+00:00,56.91,57.2,56.88,57.0,5825870
2019-12-05 05:00:00+00:00,57.2,57.21,56.82,56.94,4797412
2019-12-06 05:00:00+00:00,57.36,57.54,57.36,57.4,5273722
2019-12-09 05:00:00+00:00,57.38,57.68,57.29,57.47,4350662
2019-12-10 05:00:00+00:00,57.49,57.6,57.29,57.37,4425266
2019-12-11 05:00:00+00:00,57.33,57.55,57.22,57.52,4213314
2019-12-12 05:00:00+00:00,57.62,58.16,57.55,58.02,9333758
2019-12-13 05:00:00+00:00,58.02,58.17,57.78,58.07,7220058
2019-12-16 05:00:00+00:00,58.38,58.47,58.24,58.33,7442276
2019-12-17 05:00:00+00:00,58.43,58.66,58.4,58.59,6872342
2019-12-18 05:00:00+00:00,58.75,58.8,58.54,58.65,5327638
2019-12-19 05:00:00+00:00,58.6,58.88,58.52,58.83,6543510
2019-12-20 05:00:00+00:00,59.05,59.05,58.85,58.92,6999248
2019-12-23 05:00:00+00:00,59.05,59.06,58.78,58.78,7502824
2019-12-24 05:00:00+00:00,58.85,58.99,58.78,58.91,3318132
2019-12-26 05:00:00+00:00,59.05,59.63,59.03,59.63,5141878
2019-12-27 05:00:00+00:00,59.83,59.95,59.55,59.63,6876296
2019-12-30 05:00:00+00:00,59.68,59.75,59.12,59.25,6782450
2019-12-31 05:00:00+00:00,59.16,59.36,59.06,59.33,3734080
2020-01-02 05:00:00+00:00,59.7,60.04,59.47,60.04,13597360
2020-01-03 05:00:00+00:00,59.27,59.7,59.24,59.52,12093564
2020-01-06 05:00:00+00:00,59.09,59.7,59.01,59.69,14182770
2020-01-07 05:00:00+00:00,59.65,59.73,59.34,59.6,19409378
2020-01-08 05:00:00+00:00,59.54,60.1,59.49,59.75,10092882
2020-01-09 05:00:00+00:00,60.09,60.31,59.94,60.09,8170120
2020-01-10 05:00:00+00:00,60.16,60.17,59.7,59.77,7648944
2020-01-13 05:00:00+00:00,59.89,60.05,59.72,59.95,7414944
2020-01-14 05:00:00+00:00,59.86,60.13,59.77,59.94,8821988
2020-01-15 05:00:00+00:00,59.77,60.01,59.65,59.8,6574568
2020-01-16 05:00:00+00:00,60.14,60.34,60.09,60.33,9899982
2020-01-17 05:00:00+00:00,60.49,60.63,60.42,60.55,13697848
2020-01-21 05:00:00+00:00,60.24,60.45,60.04,60.36,8305518
2020-01-22 05:00:00+00:00,60.58,60.8,60.28,60.33,9034850
2020-01-23 05:00:00+00:00,60.03,60.5,59.72,60.42,8157964
2020-01-24 05:00:00+00:00,60.54,60.57,59.32,59.58,11987386
2020-01-27 05:00:00+00:00,58.29,58.99,58.18,58.69,16846508
2020-01-28 05:00:00+00:00,58.98,59.49,58.75,59.26,12725420
2020-01-29 05:00:00+00:00,59.46,59.69,59.19,59.23,5935390
2020-01-30 05:00:00+00:00,58.77,59.19,58.65,59.13,10687800
2020-01-31 05:00:00+00:00,60.39,60.42,59.16,59.28,17143986
2020-02-03 05:00:00+00:00,59.61,60.44,59.61,59.7,17718050
2020-02-04 05:00:00+00:00,60.58,61.0,60.44,60.79,18741244
2020-02-05 05:00:00+00:00,61.2,61.27,60.67,61.1,15269416
2020-02-06 05:00:00+00:00,61.2,61.25,60.96,60.96,12768172
2020-02-07 05:00:00+00:00,60.69,60.99,60.45,60.7,7362850
2020-02-10 05:00:00+00:00,60.65,61.39,60.65,61.38,5951282
2020-02-11 05:00:00+00:00,61.63,62.13,61.48,61.87,11195814
2020-02-12 05:00:00+00:00,62.17,62.53,62.16,62.5,7940274
2020-02-13 05:00:00+00:00,62.25,62.62,62.08,62.39,7769266
2020-02-14 05:00:00+00:00,62.54,62.59,62.13,62.3,5110958
2020-02-18 05:00:00+00:00,62.21,62.5,61.95,62.29,6872572
2020-02-19 05:00:00+00:00,62.51,62.79,62.48,62.57,4800008
2020-02-20 05:00:00+00:00,62.52,62.76,61.82,62.59,11008950
2020-02-21 05:00:00+00:00,62.3,62.39,61.48,61.64,12651784
2020-02-24 05:00:00+00:00,59.55,60.1,59.23,59.52,17752536
2020-02-25 05:00:00+00:00,60.05,60.17,57.79,57.95,30124744
2020-02-26 05:00:00+00:00,58.28,58.81,57.32,57.47,24904520
2020-02-27 05:00:00+00:00,56.29,57.47,55.12,55.15,36863474
2020-02-28 05:00:00+00:00,53.36,54.87,53.23,54.79,41628392
2020-03-02 05:00:00+00:00,54.96,56.68,54.19,56.68,19335384
2020-03-03 05:00:00+00:00,56.84,57.59,54.78,55.3,29748248
2020-03-04 05:00:00+00:00,56.17,57.26,55.56,57.22,14987248
2020-03-05 05:00:00+00:00,55.85,56.21,54.66,55.08,14875074
2020-03-06 05:00:00+00:00,53.4,54.53,53.06,54.24,17026490
2020-03-09 04:00:00+00:00,50.18,52.37,48.96,50.82,17145936
2020-03-10 04:00:00+00:00,52.58,53.63,50.79,53.63,22132818
2020-03-11 04:00:00+00:00,52.16,52.42,50.21,50.7,15713342
2020-03-12 04:00:00+00:00,47.02,48.57,45.06,45.57,20170440
2020-03-13 04:00:00+00:00,48.06,48.43,45.4,48.39,16358372
2020-03-16 04:00:00+00:00,43.23,45.34,41.93,43.3,17068678
2020-03-17 04:00:00+00:00,43.21,44.81,40.8,43.89,27201658
2020-03-18 04:00:00+00:00,41.07,42.16,38.67,41.37,28273140
2020-03-19 04:00:00+00:00,41.21,44.02,39.83,42.81,14945394
2020-03-20 04:00:00+00:00,43.45,44.69,41.47,41.54,26048636
2020-03-23 04:00:00+00:00,41.29,42.45,40.24,41.61,15403784
2020-03-24 04:00:00+00:00,43.89,45.58,43.71,45.51,20890756
2020-03-25 04:00:00+00:00,46.32,48.04,45.17,46.31,20166374
2020-03-26 04:00:00+00:00,46.81,48.53,46.59,48.22,13089574
2020-03-27 04:00:00+00:00,46.75,47.84,46.06,46.61,10312712
2020-03-30 04:00:00+00:00,46.9,47.77,46.07,47.58,13480116
2020-03-31 04:00:00+00:00,47.17,47.86,46.5,46.62,10389806
2020-04-01 04:00:00+00:00,44.85,45.61,44.15,44.54,13670628
2020-04-02 04:00:00+00:00,44.28,45.39,43.72,44.71,12080758
2020-04-03 04:00:00+00:00,44.44,44.66,43.37,43.93,10625256
2020-04-06 04:00:00+00:00,45.53,47.83,45.53,47.58,10702600
2020-04-07 04:00:00+00:00,49.78,50.15,48.19,48.29,14113730
2020-04-08 04:00:00+00:00,48.88,50.01,48.53,49.81,8413204
2020-04-09 04:00:00+00:00,50.53,51.55,50.22,50.71,10726028
2020-04-13 04:00:00+00:00,50.51,50.89,49.75,50.7,6856192
2020-04-14 04:00:00+00:00,51.7,52.78,51.51,52.68,11610868
2020-04-15 04:00:00+00:00,51.37,51.88,50.9,51.52,7681106
2020-04-16 04:00:00+00:00,51.74,52.76,51.24,52.14,9260548
2020-04-17 04:00:00+00:00,53.41,53.81,52.75,53.68,8978584
2020-04-20 04:00:00+00:00,53.1,53.8,52.65,52.74,6937666
2020-04-21 04:00:00+00:00,51.88,52.21,50.98,51.38,8733870
2020-04-22 04:00:00+00:00,52.33,52.85,52.04,52.48,6843368
2020-04-23 04:00:00+00:00,52.73,53.25,52.28,52.47,8303318
2020-04-24 04:00:00+00:00,53.01,53.6,52.52,53.36,5906000
2020-04-27 04:00:00+00:00,53.9,54.71,53.85,54.36,8360890
2020-04-28 04:00:00+00:00,55.37,55.57,54.29,54.57,9515984
2020-04-29 04:00:00+00:00,55.63,56.19,55.32,55.56,10086154
2020-04-30 04:00:00+00:00,55.37,55.76,54.85,55.43,10281970
2020-05-01 04:00:00+00:00,53.72,54.16,52.94,53.35,12621628
2020-05-04 04:00:00+00:00,52.65,53.67,52.35,53.64,9287820
2020-05-05 04:00:00+00:00,54.36,54.52,53.72,53.84,9249992
2020-05-06 04:00:00+00:00,54.19,54.42,53.75,53.83,7968110
2020-05-07 04:00:00+00:00,54.5,54.95,54.47,54.67,10721306
2020-05-08 04:00:00+00:00,55.37,55.79,55.07,55.74,8001300
2020-05-11 04:00:00+00:00,55.25,56.07,55.18,55.62,8180976
2020-05-12 04:00:00+00:00,55.85,55.98,54.37,54.4,12741464
2020-05-13 04:00:00+00:00,54.34,54.63,52.93,53.46,13534538
2020-05-14 04:00:00+00:00,52.81,54.28,52.32,54.28,11530352
2020-05-15 04:00:00+00:00,53.68,54.9,53.64,54.89,13001286
2020-05-18 04:00:00+00:00,56.4,57.23,56.34,56.97,10390588
2020-05-19 04:00:00+00:00,56.85,57.71,56.63,56.81,10568286
2020-05-20 04:00:00+00:00,57.7,57.72,57.15,57.51,7769452
2020-05-21 04:00:00+00:00,57.65,58.03,57.01,57.71,9839714
2020-05-22 04:00:00+00:00,57.69,57.78,57.18,57.63,7877494
2020-05-26 04:00:00+00:00,59.15,59.3,58.45,58.54,9252848
2020-05-27 04:00:00+00:00,59.24,59.55,58.04,59.54,11588124
2020-05-28 04:00:00+00:00,59.72,59.93,58.66,58.82,7362192
2020-05-29 04:00:00+00:00,58.76,59.25,58.35,59.05,13663200
2020-06-01 04:00:00+00:00,59.1,59.81,59.06,59.59,6760598
2020-06-02 04:00:00+00:00,59.86,60.1,59.55,60.1,8523132
2020-06-03 04:00:00+00:00,60.4,61.43,60.4,61.24,11218446
2020-06-04 04:00:00+00:00,61.1,61.47,60.61,60.93,11601540
2020-06-05 04:00:00+00:00,62.38,62.74,62.07,62.39,11758446
2020-06-08 04:00:00+00:00,62.87,63.36,62.75,63.34,7114258
2020-06-09 04:00:00+00:00,62.78,63.2,62.38,62.85,9994576
2020-06-10 04:00:00+00:00,63.09,63.1,62.19,62.26,7852616
2020-06-11 04:00:00+00:00,60.26,61.16,58.85,59.0,13873806
2020-06-12 04:00:00+00:00,60.58,60.79,58.37,59.58,12099760
2020-06-15 04:00:00+00:00,58.27,60.34,57.95,60.15,10100412
2020-06-16 04:00:00+00:00,61.98,62.05,60.17,61.41,10256320
2020-06-17 04:00:00+00:00,61.68,61.88,61.1,61.25,6408364
2020-06-18 04:00:00+00:00,61.01,61.35,60.75,61.03,5603278
2020-06-19 04:00:00+00:00,61.79,61.91,60.35,60.55,13884946
2020-06-22 04:00:00+00:00,60.45,61.22,60.18,61.17,5713796
2020-06-23 04:00:00+00:00,61.82,62.04,61.47,61.65,8069074
2020-06-24 04:00:00+00:00,61.29,61.51,59.55,60.3,12113906
2020-06-25 04:00:00+00:00,60.04,60.44,59.45,60.38,11087344
2020-06-26 04:00:00+00:00,60.36,60.49,58.86,58.96,11946314
2020-06-29 04:00:00+00:00,59.23,60.13,58.57,60.08,7926104
2020-06-30 04:00:00+00:00,60.03,61.13,59.85,60.85,6936386
2020-07-01 04:00:00+00:00,60.93,61.72,60.89,61.46,11306746
2020-07-02 04:00:00+00:00,62.39,62.73,61.55,61.71,7377640
2020-07-06 04:00:00+00:00,62.61,63.2,62.47,63.17,7216608
2020-07-07 04:00:00+00:00,62.87,63.07,62.07,62.18,7341058
2020-07-08 04:00:00+00:00,62.29,62.85,62.0,62.84,5875622
2020-07-09 04:00:00+00:00,63.06,63.1,61.76,62.77,6251890
2020-07-10 04:00:00+00:00,62.81,63.56,62.39,63.52,12950506
2020-07-13 04:00:00+00:00,64.08,65.04,62.53,62.71,13379656
2020-07-14 04:00:00+00:00,62.4,63.37,61.67,63.34,11517812
2020-07-15 04:00:00+00:00,64.23,64.43,63.33,64.24,7562832
2020-07-16 04:00:00+00:00,63.72,64.25,63.5,64.07,6216798
2020-07-17 04:00:00+00:00,64.3,64.32,63.54,63.77,6274370
2020-07-20 04:00:00+00:00,63.82,64.96,63.66,64.79,5544958
2020-07-21 04:00:00+00:00,65.29,65.38,64.65,64.89,5378906
2020-07-22 04:00:00+00:00,64.78,65.48,64.72,65.45,5365202
2020-07-23 04:00:00+00:00,65.52,65.52,64.02,64.46,6943260
2020-07-24 04:00:00+00:00,64.1,64.86,63.78,64.58,6333492
2020-07-27 04:00:00+00:00,64.85,65.13,64.51,64.98,4972578
2020-07-28 04:00:00+00:00,64.85,65.11,64.24,64.34,5486992
2020-07-29 04:00:00+00:00,64.76,65.13,64.66,64.99,4542436
2020-07-30 04:00:00+00:00,64.52,65.25,64.15,64.94,9185872
2020-07-31 04:00:00+00:00,65.74,65.85,64.55,65.27,7853674
2020-08-03 04:00:00+00:00,65.48,65.5,65.06,65.14,5650168
2020-08-04 04:00:00+00:00,65.02,65.68,65.0,65.66,5379478
2020-08-05 04:00:00+00:00,65.91,66.49,65.81,66.46,8435588
2020-08-06 04:00:00+00:00,66.22,66.93,66.13,66.78,4373082
2020-08-07 04:00:00+00:00,66.79,67.08,66.4,66.88,5990536
2020-08-10 04:00:00+00:00,67.12,67.76,67.02,67.69,4602084
2020-08-11 04:00:00+00:00,68.07,68.45,67.39,67.55,7152876
2020-08-12 04:00:00+00:00,68.23,68.59,67.96,68.45,7667784
2020-08-13 04:00:00+00:00,68.39,68.83,68.28,68.42,4784406
2020-08-14 04:00:00+00:00,68.42,68.57,68.12,68.41,3419920
2020-08-17 04:00:00+00:00,68.98,69.38,68.68,69.3,3281730
2020-08-18 04:00:00+00:00,69.56,69.88,69.04,69.72,5208918
2020-08-19 04:00:00+00:00,70.0,70.02,69.3,69.4,5363976
2020-08-20 04:00:00+00:00,68.98,69.49,68.8,69.29,3356204
2020-08-21 04:00:00+00:00,69.21,69.69,69.21,69.65,3695340
2020-08-24 04:00:00+00:00,70.12,70.73,70.12,70.71,5334266
2020-08-25 04:00:00+00:00,70.87,70.94,70.36,70.94,5397488
2020-08-26 04:00:00+00:00,70.94,71.75,70.88,71.64,5687626
2020-08-27 04:00:00+00:00,71.91,71.95,70.99,71.25,6222026
2020-08-28 04:00:00+00:00,71.62,71.85,71.34,71.72,4335016
2020-08-31 04:00:00+00:00,71.71,71.92,71.42,71.51,7322528
2020-09-01 04:00:00+00:00,71.57,72.3,71.48,72.26,11175392
2020-09-02 04:00:00+00:00,72.76,73.44,72.34,73.26,8302558
2020-09-03 04:00:00+00:00,73.05,73.1,70.25,70.93,16553454
2020-09-04 04:00:00+00:00,71.13,71.57,68.43,70.12,13410466
2020-09-08 04:00:00+00:00,69.0,70.17,68.63,69.2,16417754
2020-09-09 04:00:00+00:00,69.84,71.03,69.44,70.5,7566674
2020-09-10 04:00:00+00:00,70.87,71.6,69.26,69.49,13818494
2020-09-11 04:00:00+00:00,69.96,70.28,68.94,69.6,7646784
2020-09-14 04:00:00+00:00,70.34,70.88,70.06,70.33,5648896
2020-09-15 04:00:00+00:00,70.78,71.15,70.54,70.91,5526088
2020-09-16 04:00:00+00:00,71.21,71.48,70.48,70.52,5319458
2020-09-17 04:00:00+00:00,69.42,69.98,68.94,69.52,9035426
2020-09-18 04:00:00+00:00,69.68,69.77,67.99,68.56,11197864
2020-09-21 04:00:00+00:00,67.46,67.64,66.38,67.57,8540484
2020-09-22 04:00:00+00:00,67.98,69.06,67.76,68.99,8796548
2020-09-23 04:00:00+00:00,69.71,69.84,67.72,67.86,8144754
2020-09-24 04:00:00+00:00,67.55,68.78,67.04,67.83,9093290
2020-09-25 04:00:00+00:00,67.8,68.95,67.34,68.72,5102218
2020-09-28 04:00:00+00:00,69.63,70.32,69.34,70.19,5408228
2020-09-29 04:00:00+00:00,70.12,70.17,69.56,69.61,6278764
2020-09-30 04:00:00+00:00,69.84,71.01,69.73,70.18,9204404
2020-10-01 04:00:00+00:00,70.89,71.16,70.42,71.1,8277720
2020-10-02 04:00:00+00:00,69.77,71.03,69.74,70.79,8237320
2020-10-05 04:00:00+00:00,71.17,71.81,71.11,71.73,4928812
2020-10-06 04:00:00+00:00,71.8,72.12,70.29,70.4,8072182
2020-10-07 04:00:00+00:00,71.27,72.18,71.26,72.01,5066676
2020-10-08 04:00:00+00:00,72.48,72.53,71.95,72.48,5151162
2020-10-09 04:00:00+00:00,72.86,73.41,72.77,73.24,7424730
2020-10-12 04:00:00+00:00,73.75,74.55,73.64,74.21,6528506
2020-10-13 04:00:00+00:00,74.09,74.53,73.81,74.2,6849412
2020-10-14 04:00:00+00:00,74.36,74.43,73.05,73.38,7650560
2020-10-15 04:00:00+00:00,72.41,73.79,72.22,73.65,4813610
2020-10-16 04:00:00+00:00,73.98,74.33,72.76,72.98,4454204
2020-10-19 04:00:00+00:00,73.45,73.75,71.91,72.08,5290162
2020-10-20 04:00:00+00:00,72.5,73.56,72.31,72.66,8590924
2020-10-21 04:00:00+00:00,72.58,73.09,72.05,72.26,5567572
2020-10-22 04:00:00+00:00,72.26,72.49,71.48,72.39,4183374
2020-10-23 04:00:00+00:00,72.72,73.06,72.15,73.05,3996672
2020-10-26 04:00:00+00:00,72.3,72.6,70.62,71.64,6456028
2020-10-27 04:00:00+00:00,71.84,72.05,71.41,71.63,7339804
2020-10-28 04:00:00+00:00,70.33,70.68,69.27,69.35,9358490
2020-10-29 04:00:00+00:00,69.55,70.59,69.05,69.79,6216988
2020-10-30 04:00:00+00:00,69.25,69.5,67.68,68.26,10119564
2020-11-02 05:00:00+00:00,69.16,69.4,68.0,68.75,8055278
2020-11-03 05:00:00+00:00,69.48,70.66,69.13,70.26,5763182
2020-11-04 05:00:00+00:00,71.1,72.61,70.95,71.76,9309286
2020-11-05 05:00:00+00:00,73.02,73.6,72.7,73.16,6560042
2020-11-06 05:00:00+00:00,72.94,73.07,72.32,72.94,4891286
2020-11-09 05:00:00+00:00,75.46,75.46,72.61,72.7,9833994
2020-11-10 05:00:00+00:00,72.63,72.8,71.67,72.44,18848692
2020-11-11 05:00:00+00:00,72.9,73.42,72.63,73.08,7444878
2020-11-12 05:00:00+00:00,73.08,73.08,71.68,72.1,5987802
2020-11-13 05:00:00+00:00,72.51,73.39,72.41,73.27,4521484
2020-11-16 05:00:00+00:00,74.01,74.25,73.45,74.23,7989456
2020-11-17 05:00:00+00:00,73.96,74.25,73.35,73.91,5886632
2020-11-18 05:00:00+00:00,73.87,74.47,73.39,73.41,5445470
2020-11-19 05:00:00+00:00,73.39,73.84,73.23,73.77,4253736
2020-11-20 05:00:00+00:00,73.84,73.89,73.36,73.38,4219904
2020-11-23 05:00:00+00:00,73.79,74.38,73.59,74.19,4657642
2020-11-24 05:00:00+00:00,74.89,75.54,74.68,75.29,5530656
2020-11-25 05:00:00+00:00,75.23,75.51,75.02,75.38,4728762
2020-11-27 05:00:00+00:00,75.73,75.82,75.32,75.55,2242270
2020-11-30 05:00:00+00:00,75.43,75.47,74.11,75.09,6825860
2020-12-01 05:00:00+00:00,75.67,75.99,75.2,75.65,11608686
2020-12-02 05:00:00+00:00,75.35,75.35,74.85,75.17,4369180
2020-12-03 05:00:00+00:00,75.2,75.8,75.19,75.38,6079412
2020-12-04 05:00:00+00:00,75.54,75.65,75.31,75.45,4208614
2020-12-07 05:00:00+00:00,75.29,75.32,74.9,75.28,10334298
2020-12-08 05:00:00+00:00,74.92,75.17,74.54,75.12,4984660
2020-12-09 05:00:00+00:00,75.62,75.65,74.73,75.05,12294782
2020-12-10 05:00:00+00:00,74.76,75.31,74.45,74.99,5895162
2020-12-11 05:00:00+00:00,74.71,74.98,74.12,74.63,4179716
2020-12-14 05:00:00+00:00,75.31,75.74,74.71,74.74,6877696
2020-12-15 05:00:00+00:00,75.4,75.76,75.05,75.72,4693606
2020-12-16 05:00:00+00:00,75.88,76.43,75.86,76.24,4508538
2020-12-17 05:00:00+00:00,76.63,76.78,76.41,76.76,4034856
2020-12-18 05:00:00+00:00,76.89,76.93,76.05,76.34,10231794
2020-12-21 05:00:00+00:00,75.29,75.97,74.75,75.53,8014372
2020-12-22 05:00:00+00:00,75.4,75.44,74.54,75.2,7716772
2020-12-23 05:00:00+00:00,75.22,75.6,74.9,75.36,4383806
2020-12-24 05:00:00+00:00,75.44,75.64,75.2,75.52,2130774
2020-12-28 05:00:00+00:00,76.26,76.69,75.87,76.38,5862896
2020-12-29 05:00:00+00:00,76.65,76.79,76.05,76.41,4906686
2020-12-30 05:00:00+00:00,76.68,76.98,76.6,76.87,4924850
2020-12-31 05:00:00+00:00,76.88,77.01,76.5,76.91,5975876
2021-01-04 05:00:00+00:00,77.39,77.44,75.31,76.26,21733492
2021-01-05 05:00:00+00:00,75.82,77.04,75.8,76.83,6348584
2021-01-06 05:00:00+00:00,76.91,78.46,76.61,77.61,8885868
2021-01-07 05:00:00+00:00,78.31,79.42,78.29,79.11,6795938
2021-01-08 05:00:00+00:00,80.05,80.82,79.55,80.74,9341918
2021-01-11 05:00:00+00:00,79.8,80.12,79.02,79.23,7464732
2021-01-12 05:00:00+00:00,79.65,80.75,79.56,80.44,11443106
2021-01-13 05:00:00+00:00,80.53,80.75,80.04,80.44,5679248
2021-01-14 05:00:00+00:00,80.53,80.92,79.83,79.93,6057578
2021-01-15 05:00:00+00:00,79.8,80.05,79.0,79.31,7295140
2021-01-19 05:00:00+00:00,79.98,80.11,79.45,79.76,6382882
2021-01-20 05:00:00+00:00,80.51,81.5,80.26,81.27,6979348
2021-01-21 05:00:00+00:00,81.7,82.18,81.55,81.65,7766874
2021-01-22 05:00:00+00:00,81.18,81.52,80.89,81.37,4489960
2021-01-25 05:00:00+00:00,81.58,82.26,80.05,81.67,11781046
2021-01-26 05:00:00+00:00,81.95,82.03,81.31,81.62,7532798
2021-01-27 05:00:00+00:00,80.71,80.74,78.7,79.1,11278818
2021-01-28 05:00:00+00:00,78.73,80.13,78.26,79.35,7885718
2021-01-29 05:00:00+00:00,78.89,79.07,77.06,77.49,10915126
2021-02-01 05:00:00+00:00,78.43,79.6,77.92,79.46,6549890
2021-02-02 05:00:00+00:00,80.12,81.74,80.12,81.2,5440748
2021-02-03 05:00:00+00:00,81.46,81.54,80.69,80.75,4087194
2021-02-04 05:00:00+00:00,81.12,81.61,80.87,81.61,5197180
2021-02-05 05:00:00+00:00,81.89,82.66,81.73,82.39,4499358
2021-02-08 05:00:00+00:00,82.92,82.98,82.35,82.86,4746418
2021-02-09 05:00:00+00:00,82.59,82.79,82.3,82.4,3641114
2021-02-10 05:00:00+00:00,82.66,82.66,80.96,81.58,4922228
2021-02-11 05:00:00+00:00,81.8,82.08,80.97,81.36,3965438
2021-02-12 05:00:00+00:00,81.0,81.51,80.78,81.47,4038234
2021-02-16 05:00:00+00:00,81.63,81.74,80.89,81.12,4549262
2021-02-17 05:00:00+00:00,80.63,81.67,80.22,81.59,6510824
2021-02-18 05:00:00+00:00,80.81,81.88,80.67,81.62,5196788
2021-02-19 05:00:00+00:00,81.98,81.98,81.03,81.14,5078408
2021-02-22 05:00:00+00:00,80.37,80.65,79.35,79.43,5747958
2021-02-23 05:00:00+00:00,78.02,79.31,76.09,78.9,10830312
2021-02-24 05:00:00+00:00,78.8,79.84,77.96,79.73,8049456
2021-02-25 05:00:00+00:00,79.23,79.61,76.38,76.77,15654536
2021-02-26 05:00:00+00:00,77.75,78.11,76.06,77.02,12436420
2021-03-01 05:00:00+00:00,78.04,79.03,77.9,78.9,8904444
2021-03-02 05:00:00+00:00,79.01,79.18,77.95,77.99,6641492
2021-03-03 05:00:00+00:00,77.83,78.14,76.15,76.15,11204944
2021-03-04 05:00:00+00:00,76.18,76.68,73.11,74.54,18610818
2021-03-05 05:00:00+00:00,75.11,75.24,71.59,75.02,20889134
2021-03-08 05:00:00+00:00,75.32,76.64,74.98,75.11,12629358
2021-03-09 05:00:00+00:00,76.6,78.45,76.21,77.94,18749176
2021-03-10 05:00:00+00:00,78.97,79.4,77.79,78.34,14311292
2021-03-11 05:00:00+00:00,79.41,79.85,78.94,79.54,8493240
2021-03-12 05:00:00+00:00,78.7,79.78,78.48,79.78,8355502
2021-03-15 04:00:00+00:00,79.89,80.87,79.61,80.85,8859750
2021-03-16 04:00:00+00:00,80.85,81.0,79.64,80.01,6988168
2021-03-17 04:00:00+00:00,79.41,81.42,79.33,81.13,8789748
2021-03-18 04:00:00+00:00,80.37,80.73,79.01,79.1,10218982
2021-03-19 04:00:00+00:00,79.06,79.79,78.23,79.62,12262988
2021-03-22 04:00:00+00:00,80.18,80.83,79.85,80.15,7345984
2021-03-23 04:00:00+00:00,80.15,80.5,79.19,79.39,8038688
2021-03-24 04:00:00+00:00,79.76,80.19,78.22,78.22,9416246
2021-03-25 04:00:00+00:00,77.47,79.17,77.31,78.91,11448450
2021-03-26 04:00:00+00:00,79.21,79.62,78.17,79.56,8588882
2021-03-29 04:00:00+00:00,79.36,79.76,78.55,79.13,9425010
2021-03-30 04:00:00+00:00,78.78,80.02,78.46,79.9,7420876
2021-03-31 04:00:00+00:00,80.24,80.96,80.03,80.52,7984914
2021-04-01 04:00:00+00:00,81.25,81.31,80.9,81.17,8332042
2021-04-05 04:00:00+00:00,82.47,83.32,82.31,83.02,8721124
2021-04-06 04:00:00+00:00,82.94,83.7,82.88,83.38,6398248
2021-04-07 04:00:00+00:00,83.33,83.62,82.98,83.13,5049386
2021-04-08 04:00:00+00:00,83.59,83.71,82.98,83.52,6497934
2021-04-09 04:00:00+00:00,83.44,84.33,83.35,84.31,6148072
2021-04-12 04:00:00+00:00,84.31,84.94,84.24,84.86,6285594
2021-04-13 04:00:00+00:00,85.0,85.92,84.88,85.75,5351462
2021-04-14 04:00:00+00:00,85.94,86.32,84.73,84.91,6676658
2021-04-15 04:00:00+00:00,85.5,85.57,85.04,85.52,5031360
2021-04-16 04:00:00+00:00,85.72,86.29,85.49,86.18,5276066
2021-04-19 04:00:00+00:00,85.7,85.79,84.94,85.21,7030848
2021-04-20 04:00:00+00:00,84.91,85.11,83.51,84.14,8462078
2021-04-21 04:00:00+00:00,83.82,85.35,83.65,85.26,5586424
2021-04-22 04:00:00+00:00,85.36,85.49,84.0,84.31,6006698
2021-04-23 04:00:00+00:00,84.59,85.54,84.31,85.2,3868962
2021-04-26 04:00:00+00:00,85.48,85.84,85.01,85.57,4460916
2021-04-27 04:00:00+00:00,85.61,85.81,85.28,85.47,4475370
2021-04-28 04:00:00+00:00,85.36,85.83,85.17,85.37,4796288
2021-04-29 04:00:00+00:00,85.91,85.96,84.64,85.39,6445052
2021-04-30 04:00:00+00:00,85.29,86.0,85.23,85.72,5724654
2021-05-03 04:00:00+00:00,86.19,86.23,85.2,85.32,7463292
2021-05-04 04:00:00+00:00,84.68,84.81,83.37,84.42,9254934
2021-05-05 04:00:00+00:00,85.02,85.14,84.02,84.16,6388548
2021-05-06 04:00:00+00:00,84.34,84.47,83.54,84.34,7850630
2021-05-07 04:00:00+00:00,84.67,85.33,84.23,85.1,6818564
2021-05-10 04:00:00+00:00,85.13,85.13,83.58,83.59,7062804
2021-05-11 04:00:00+00:00,82.18,82.96,81.36,82.64,14282358
2021-05-12 04:00:00+00:00,81.7,82.09,79.67,79.84,14221596
2021-05-13 04:00:00+00:00,80.4,81.19,79.54,80.41,14132704
2021-05-14 04:00:00+00:00,81.17,81.98,80.94,81.8,8286692
2021-05-17 04:00:00+00:00,81.56,81.85,80.93,81.66,11107748
2021-05-18 04:00:00+00:00,81.84,82.21,81.01,81.02,7871948
2021-05-19 04:00:00+00:00,79.7,80.38,79.29,80.37,14196064
2021-05-20 04:00:00+00:00,80.74,81.34,80.63,81.16,9389462
2021-05-21 04:00:00+00:00,81.7,81.7,80.72,80.77,8137414
2021-05-24 04:00:00+00:00,81.19,81.94,80.91,81.55,7120632
2021-05-25 04:00:00+00:00,81.92,82.19,81.3,81.81,7495530
2021-05-26 04:00:00+00:00,82.2,82.94,82.12,82.59,7821518
2021-05-27 04:00:00+00:00,82.9,83.11,82.65,82.93,7961570
2021-05-28 04:00:00+00:00,83.27,83.27,82.61,82.81,6584348
2021-06-01 04:00:00+00:00,83.3,83.36,82.5,82.65,9548808
2021-06-02 04:00:00+00:00,82.73,82.74,81.96,82.27,7176022
2021-06-03 04:00:00+00:00,81.74,81.96,81.15,81.29,8855394
2021-06-04 04:00:00+00:00,81.74,82.01,81.51,81.94,6544966
2021-06-07 04:00:00+00:00,81.88,81.99,81.32,81.94,6470646
2021-06-08 04:00:00+00:00,82.49,82.87,82.04,82.6,6192644
2021-06-09 04:00:00+00:00,82.83,82.88,82.12,82.15,7232964
2021-06-10 04:00:00+00:00,82.3,82.69,82.05,82.54,5282226
2021-06-11 04:00:00+00:00,82.68,83.0,82.54,82.99,5571170
2021-06-14 04:00:00+00:00,82.99,83.17,82.53,83.01,5837500
2021-06-15 04:00:00+00:00,83.02,83.02,82.28,82.57,5714722
2021-06-16 04:00:00+00:00,82.64,82.81,81.9,82.61,9593984
2021-06-17 04:00:00+00:00,82.41,83.22,82.22,82.92,9282698
2021-06-18 04:00:00+00:00,82.31,82.81,82.11,82.48,14237646
2021-06-21 04:00:00+00:00,82.75,83.33,82.53,83.12,9718602
2021-06-22 04:00:00+00:00,83.18,84.24,83.13,83.9,6763758
2021-06-23 04:00:00+00:00,84.07,84.72,84.02,84.55,5347942
2021-06-24 04:00:00+00:00,85.19,85.38,84.67,84.84,8039156
2021-06-25 04:00:00+00:00,85.72,85.77,85.19,85.38,10503038
2021-06-28 04:00:00+00:00,85.39,85.47,84.94,85.39,5695074
2021-06-29 04:00:00+00:00,85.45,85.78,85.36,85.61,4712048
2021-06-30 04:00:00+00:00,85.51,86.06,85.51,85.67,5864070
2021-07-01 04:00:00+00:00,85.88,86.18,85.81,86.16,6318826
2021-07-02 04:00:00+00:00,86.37,86.93,86.29,86.92,5904508
2021-07-06 04:00:00+00:00,87.05,87.27,86.23,87.02,7932646
2021-07-07 04:00:00+00:00,87.25,87.47,86.35,86.97,6767398
2021-07-08 04:00:00+00:00,85.62,87.04,85.24,86.75,11424924
2021-07-09 04:00:00+00:00,87.13,87.62,87.03,87.56,5654292
2021-07-12 04:00:00+00:00,87.66,88.19,87.59,88.16,10907734
2021-07-13 04:00:00+00:00,87.99,88.13,87.03,87.11,13203386
2021-07-14 04:00:00+00:00,87.59,87.69,86.9,86.95,7549122
2021-07-15 04:00:00+00:00,86.8,87.19,85.87,86.48,6743330
2021-07-16 04:00:00+00:00,86.74,86.84,85.35,85.41,8448356
2021-07-19 04:00:00+00:00,84.04,84.45,83.38,84.44,16209960
2021-07-20 04:00:00+00:00,84.68,86.22,84.27,85.99,9926456
2021-07-21 04:00:00+00:00,86.31,86.83,86.29,86.79,8211178
2021-07-22 04:00:00+00:00,86.71,87.26,86.28,87.16,8061776
2021-07-23 04:00:00+00:00,87.46,88.08,87.25,87.94,7070448
2021-07-26 04:00:00+00:00,87.99,88.6,87.76,88.59,6719220
2021-07-27 04:00:00+00:00,88.53,88.53,86.75,87.69,7409654
2021-07-28 04:00:00+00:00,87.59,87.91,86.99,87.41,6010294
2021-07-29 04:00:00+00:00,87.8,88.62,87.75,88.39,7307382
2021-07-30 04:00:00+00:00,86.58,87.37,86.41,86.58,9327004
2021-08-02 04:00:00+00:00,87.28,87.51,86.73,86.82,7337336
2021-08-03 04:00:00+00:00,87.18,87.49,86.41,87.47,8472836
2021-08-04 04:00:00+00:00,87.28,87.41,86.62,86.62,8007158
2021-08-05 04:00:00+00:00,86.88,87.51,86.82,87.45,5434452
2021-08-06 04:00:00+00:00,87.57,87.62,86.76,86.85,5884190
2021-08-09 04:00:00+00:00,86.87,86.94,86.52,86.73,5618530
2021-08-10 04:00:00+00:00,86.83,87.4,86.64,87.07,5241792
2021-08-11 04:00:00+00:00,87.27,87.46,86.94,87.33,5539882
2021-08-12 04:00:00+00:00,87.27,87.41,86.67,87.37,5307264
2021-08-13 04:00:00+00:00,87.42,87.47,86.94,87.12,4965474
2021-08-16 04:00:00+00:00,86.61,86.78,85.8,86.71,6657592
2021-08-17 04:00:00+00:00,85.62,85.62,83.95,84.66,11202564
2021-08-18 04:00:00+00:00,84.63,85.83,84.53,84.96,10073056
2021-08-19 04:00:00+00:00,84.23,85.03,83.91,84.42,11383152
2021-08-20 04:00:00+00:00,84.55,85.32,84.47,85.23,6691682
2021-08-23 04:00:00+00:00,85.68,86.52,85.6,86.33,6959818
2021-08-24 04:00:00+00:00,86.69,87.18,86.54,86.94,5856418
2021-08-25 04:00:00+00:00,86.94,87.38,86.77,87.27,7307796
2021-08-26 04:00:00+00:00,86.97,87.02,86.29,86.46,7441402
2021-08-27 04:00:00+00:00,86.66,87.4,86.51,87.25,8030312
2021-08-30 04:00:00+00:00,87.5,88.21,87.45,87.91,7419866
2021-08-31 04:00:00+00:00,87.99,88.16,87.63,88.12,9668204
2021-09-01 04:00:00+00:00,88.42,88.59,88.05,88.12,8247010
2021-09-02 04:00:00+00:00,88.36,88.62,87.98,88.11,6741814
2021-09-03 04:00:00+00:00,87.88,88.08,87.5,88.06,6953314
2021-09-07 04:00:00+00:00,88.1,88.53,88.06,88.32,8812518
2021-09-08 04:00:00+00:00,88.29,88.63,87.69,88.42,7418260
2021-09-09 04:00:00+00:00,88.48,89.04,88.27,88.3,8714798
2021-09-10 04:00:00+00:00,88.77,88.85,87.72,87.76,9625792
2021-09-13 04:00:00+00:00,88.15,88.23,87.11,87.98,11591074
2021-09-14 04:00:00+00:00,88.14,88.26,87.32,87.68,8505678
2021-09-15 04:00:00+00:00,87.48,88.39,86.84,88.25,10294618
2021-09-16 04:00:00+00:00,88.07,88.87,87.9,88.65,12171410
2021-09-17 04:00:00+00:00,88.55,89.05,88.14,88.34,14925086
2021-09-20 04:00:00+00:00,86.67,87.11,85.24,86.32,16380372
2021-09-21 04:00:00+00:00,86.84,87.16,86.18,86.45,12574424
2021-09-22 04:00:00+00:00,86.99,88.04,86.8,87.63,12458486
2021-09-23 04:00:00+00:00,88.01,88.9,88.01,88.52,8387356
2021-09-24 04:00:00+00:00,87.95,88.93,87.85,88.85,8105362
2021-09-27 04:00:00+00:00,88.5,89.57,88.46,89.33,9578372
2021-09-28 04:00:00+00:00,88.8,88.93,87.14,87.61,15009472
2021-09-29 04:00:00+00:00,87.91,88.57,87.48,87.69,12714420
2021-09-30 04:00:00+00:00,87.71,87.77,86.23,86.23,16557532
2021-10-01 04:00:00+00:00,86.67,87.29,85.78,86.88,15519586
2021-10-04 04:00:00+00:00,87.15,87.4,85.9,86.2,18549138
2021-10-05 04:00:00+00:00,86.49,87.34,86.29,86.54,11006184
2021-10-06 04:00:00+00:00,86.0,86.92,85.65,86.82,10400984
2021-10-07 04:00:00+00:00,87.56,88.5,87.47,88.17,7612502
2021-10-08 04:00:00+00:00,88.2,88.28,87.68,87.76,7516868
2021-10-11 04:00:00+00:00,87.73,88.42,87.4,87.41,6702196
2021-10-12 04:00:00+00:00,87.94,88.45,87.7,88.1,10306156
2021-10-13 04:00:00+00:00,88.37,88.77,87.83,88.53,10865296
2021-10-14 04:00:00+00:00,89.04,89.6,88.95,89.46,7514600
2021-10-15 04:00:00+00:00,90.02,90.86,89.88,90.83,8717452
2021-10-18 04:00:00+00:00,90.64,92.0,90.62,91.94,7867108
2021-10-19 04:00:00+00:00,92.15,92.15,91.58,91.68,5829914
2021-10-20 04:00:00+00:00,91.68,92.02,91.45,91.61,9621772
2021-10-21 04:00:00+00:00,91.46,93.01,91.45,92.96,7216676
2021-10-22 04:00:00+00:00,92.9,93.13,92.22,92.62,7524602
2021-10-25 04:00:00+00:00,93.43,95.33,93.06,94.92,11096988
2021-10-26 04:00:00+00:00,95.34,96.88,94.56,94.94,15139076
2021-10-27 04:00:00+00:00,95.37,96.05,95.12,95.15,9859434
2021-10-28 04:00:00+00:00,95.95,96.7,95.68,96.41,9029020
2021-10-29 04:00:00+00:00,95.31,96.71,95.05,96.66,8614620
2021-11-01 04:00:00+00:00,97.37,98.45,96.79,98.43,11407106
2021-11-02 04:00:00+00:00,97.59,98.37,97.28,97.77,13696980
2021-11-03 04:00:00+00:00,97.75,99.59,97.66,99.53,12955574
2021-11-04 04:00:00+00:00,100.01,101.26,99.89,100.87,11715788
2021-11-05 04:00:00+00:00,101.51,102.21,101.42,101.52,9746080
2021-11-08 05:00:00+00:00,100.44,101.31,100.04,100.08,11868130
2021-11-09 05:00:00+00:00,100.44,100.57,97.95,98.23,33262088
2021-11-10 05:00:00+00:00,97.59,99.25,96.62,97.87,22813464
2021-11-11 05:00:00+00:00,98.91,98.92,97.56,97.6,12457290
2021-11-12 05:00:00+00:00,97.63,98.06,97.0,97.93,10382900
2021-11-15 05:00:00+00:00,98.0,98.19,97.29,97.85,10724124
2021-11-16 05:00:00+00:00,97.97,99.62,97.95,99.39,11498368
2021-11-17 05:00:00+00:00,99.81,100.63,99.62,100.03,16761210
2021-11-18 05:00:00+00:00,100.54,101.33,100.02,101.16,14958320
2021-11-19 05:00:00+00:00,101.16,101.87,100.95,101.6,15100850
2021-11-22 05:00:00+00:00,102.25,103.35,100.92,101.34,18646368
2021-11-23 05:00:00+00:00,101.43,101.99,99.23,100.61,23117410
2021-11-24 05:00:00+00:00,99.54,101.12,99.02,100.81,16452200
2021-11-26 05:00:00+00:00,99.15,99.49,97.9,98.06,15494394
2021-11-29 05:00:00+00:00,99.35,100.38,99.1,99.59,17146940
2021-11-30 05:00:00+00:00,99.36,99.99,97.72,98.24,26787116
2021-12-01 05:00:00+00:00,99.35,100.31,96.4,96.47,26177020
2021-12-02 05:00:00+00:00,96.99,98.3,96.38,97.84,34236318
2021-12-03 05:00:00+00:00,98.21,98.5,94.96,95.94,28689922
2021-12-06 05:00:00+00:00,96.33,97.91,94.98,97.04,23525874
2021-12-07 05:00:00+00:00,98.65,99.62,98.41,99.3,14012132
2021-12-08 05:00:00+00:00,99.37,99.72,98.77,99.55,12095138
2021-12-09 05:00:00+00:00,99.15,99.3,97.79,97.82,11865746
2021-12-10 05:00:00+00:00,98.3,98.54,97.12,98.51,14457114
2021-12-13 05:00:00+00:00,97.93,98.1,95.71,95.97,15141784
2021-12-14 05:00:00+00:00,94.91,95.69,94.35,95.41,15483906
2021-12-15 05:00:00+00:00,95.08,96.67,93.8,96.62,19126144
2021-12-16 05:00:00+00:00,97.09,97.27,94.36,94.49,18467320
2021-12-17 05:00:00+00:00,93.7,94.97,93.06,93.85,23640194
2021-12-20 05:00:00+00:00,92.35,92.54,91.39,92.33,24153984
2021-12-21 05:00:00+00:00,93.32,94.75,92.6,94.72,13653628
2021-12-22 05:00:00+00:00,95.03,96.55,94.86,96.45,11517252
2021-12-23 05:00:00+00:00,96.57,98.05,96.43,97.79,10733776
2021-12-27 05:00:00+00:00,97.97,99.04,97.93,98.74,8519528
2021-12-28 05:00:00+00:00,98.96,99.31,98.62,98.78,8324686
2021-12-29 05:00:00+00:00,99.02,99.23,98.36,98.98,7782918
2021-12-30 05:00:00+00:00,98.64,99.49,98.54,98.63,7153600
2021-12-31 05:00:00+00:00,98.7,99.05,98.32,98.39,6936202
2022-01-03 05:00:00+00:00,100.24,101.22,99.67,101.21,14500156
2022-01-04 05:00:00+00:00,101.38,101.94,100.05,100.6,13262986
2022-01-05 05:00:00+00:00,100.46,100.77,97.84,97.88,17286788
2022-01-06 05:00:00+00:00,97.75,98.32,96.09,97.63,17354444
2022-01-07 05:00:00+00:00,97.77,98.02,95.69,96.0,15016228
2022-01-10 05:00:00+00:00,94.74,95.46,92.68,95.42,21421128
2022-01-11 05:00:00+00:00,95.28,96.53,94.54,96.33,16979340
2022-01-12 05:00:00+00:00,97.01,97.47,96.14,96.97,13653438
2022-01-13 05:00:00+00:00,97.29,97.76,94.79,95.02,16965098
2022-01-14 05:00:00+00:00,94.27,95.02,93.22,94.58,20851856
2022-01-18 05:00:00+00:00,93.24,93.69,92.45,92.79,18340026
2022-01-19 05:00:00+00:00,93.19,93.5,91.04,91.11,17542602
2022-01-20 05:00:00+00:00,91.67,92.82,89.29,89.45,18194864
2022-01-21 05:00:00+00:00,89.15,89.53,86.79,86.83,37665904
2022-01-24 05:00:00+00:00,85.03,87.96,82.8,87.87,53611640
2022-01-25 05:00:00+00:00,86.38,87.72,85.17,86.39,36010198
2022-01-26 05:00:00+00:00,88.21,89.0,84.87,85.97,44117416
2022-01-27 05:00:00+00:00,86.77,86.91,83.7,83.88,33795490
2022-01-28 05:00:00+00:00,84.18,85.71,82.53,85.71,31702178
2022-01-31 05:00:00+00:00,86.15,89.08,85.81,89.01,22327648
2022-02-01 05:00:00+00:00,89.18,89.71,87.76,89.55,22413134
2022-02-02 05:00:00+00:00,90.14,90.25,88.17,89.01,19394208
2022-02-03 05:00:00+00:00,86.94,88.32,86.11,86.29,19267170
2022-02-04 05:00:00+00:00,88.2,89.8,86.95,88.75,20132050
2022-02-07 05:00:00+00:00,89.05,90.04,88.24,88.56,18990062
2022-02-08 05:00:00+00:00,88.3,90.0,87.85,89.81,18406520
2022-02-09 05:00:00+00:00,90.93,91.52,90.62,91.0,16940308
2022-02-10 05:00:00+00:00,89.39,91.19,88.86,89.43,25963540
2022-02-11 05:00:00+00:00,89.52,89.85,86.47,86.86,25346942
2022-02-14 05:00:00+00:00,86.75,88.49,86.53,87.35,30884786
2022-02-15 05:00:00+00:00,88.74,89.39,88.55,89.31,20736188
2022-02-16 05:00:00+00:00,88.77,89.81,88.37,89.56,17429580
2022-02-17 05:00:00+00:00,88.99,89.41,87.04,87.17,18154764
2022-02-18 05:00:00+00:00,87.4,87.68,85.77,86.63,19002818
2022-02-22 05:00:00+00:00,85.41,86.25,83.09,84.1,27385900
2022-02-23 05:00:00+00:00,84.76,84.98,81.14,81.29,27158996
2022-02-24 05:00:00+00:00,77.95,83.28,77.72,83.15,42278326
2022-02-25 05:00:00+00:00,83.4,84.81,82.28,84.79,27489388
2022-02-28 05:00:00+00:00,83.96,85.76,83.81,85.39,32352812
2022-03-01 05:00:00+00:00,85.27,85.53,83.51,84.1,27113778
2022-03-02 05:00:00+00:00,84.4,86.24,84.19,85.86,20333672
2022-03-03 05:00:00+00:00,86.3,86.45,83.51,83.92,22444242
2022-03-04 05:00:00+00:00,83.44,83.64,81.73,82.58,21689648
2022-03-07 05:00:00+00:00,82.79,82.97,78.5,78.54,32187432
2022-03-08 05:00:00+00:00,78.45,81.2,77.83,78.7,50976730
2022-03-09 05:00:00+00:00,80.79,81.69,80.43,81.23,31966106
2022-03-10 05:00:00+00:00,81.21,82.07,80.53,81.81,25993782
2022-03-11 05:00:00+00:00,82.46,82.69,80.17,80.24,24171694
2022-03-14 04:00:00+00:00,80.14,80.79,78.41,78.9,30383428
2022-03-15 04:00:00+00:00,79.48,81.77,79.28,81.54,27239684
2022-03-16 04:00:00+00:00,82.48,84.32,81.69,84.32,33797074
2022-03-17 04:00:00+00:00,83.58,85.75,83.36,85.73,26102412
2022-03-18 04:00:00+00:00,85.49,87.64,85.08,87.53,30143914
2022-03-21 04:00:00+00:00,87.62,88.15,86.0,86.8,25675428
2022-03-22 04:00:00+00:00,87.37,89.24,87.31,88.95,16430908
2022-03-23 04:00:00+00:00,88.22,89.34,87.66,87.85,15770150
2022-03-24 04:00:00+00:00,88.25,88.63,87.26,88.53,15147988
2022-03-25 04:00:00+00:00,88.65,88.83,87.57,88.38,16418460
2022-03-28 04:00:00+00:00,89.31,90.76,89.19,90.71,27277784
2022-03-29 04:00:00+00:00,91.94,92.64,91.12,92.32,19629282
2022-03-30 04:00:00+00:00,91.58,92.06,90.46,90.92,16531448
2022-03-31 04:00:00+00:00,90.9,90.9,89.09,89.17,16937948
2022-04-01 04:00:00+00:00,89.66,89.88,88.79,89.28,10037306
2022-04-04 04:00:00+00:00,89.32,91.32,88.72,91.29,15443018
2022-04-05 04:00:00+00:00,90.82,91.29,88.89,89.15,16288664
2022-04-06 04:00:00+00:00,87.94,87.94,86.07,86.87,27886440
2022-04-07 04:00:00+00:00,86.68,87.79,85.51,87.31,22568098
2022-04-08 04:00:00+00:00,86.78,87.55,86.23,86.51,18611604
2022-04-11 04:00:00+00:00,85.21,86.54,84.81,84.9,18724780
2022-04-12 04:00:00+00:00,86.09,86.99,84.76,85.09,23652310
2022-04-13 04:00:00+00:00,84.92,87.36,84.83,87.21,17148714
2022-04-14 04:00:00+00:00,87.04,87.53,85.93,85.99,18015948
2022-04-18 04:00:00+00:00,85.71,86.75,85.37,86.25,15445728
2022-04-19 04:00:00+00:00,86.3,88.88,86.23,88.75,17631164
2022-04-20 04:00:00+00:00,88.92,89.16,87.47,87.61,13964090
2022-04-21 04:00:00+00:00,90.0,90.56,86.49,86.76,23469816
2022-04-22 04:00:00+00:00,86.57,86.89,84.66,84.75,22405888
2022-04-25 04:00:00+00:00,84.0,85.43,83.5,85.36,25901304
2022-04-26 04:00:00+00:00,84.73,84.86,81.01,81.04,31043724
2022-04-27 04:00:00+00:00,81.55,82.77,80.54,81.05,25202138
2022-04-28 04:00:00+00:00,82.16,83.55,80.11,82.71,14065178
2022-04-29 04:00:00+00:00,80.91,81.63,78.35,78.51,19037798
2022-05-02 04:00:00+00:00,78.27,79.71,77.19,79.66,35587508
2022-05-03 04:00:00+00:00,79.62,79.97,78.77,79.46,25437310
2022-05-04 04:00:00+00:00,79.33,81.87,78.03,81.79,20320550
2022-05-05 04:00:00+00:00,80.7,80.75,76.29,77.21,24342206
2022-05-06 04:00:00+00:00,76.78,77.54,74.89,76.23,26737918
2022-05-09 04:00:00+00:00,74.57,75.61,72.58,72.98,22125664
2022-05-10 04:00:00+00:00,74.52,74.96,71.74,72.76,25878818
2022-05-11 04:00:00+00:00,72.6,73.34,69.96,70.16,25917854
2022-05-12 04:00:00+00:00,68.93,72.3,68.46,70.64,23763588
2022-05-13 04:00:00+00:00,72.24,73.76,71.68,73.42,12608376
2022-05-16 04:00:00+00:00,73.12,73.18,71.65,71.83,12277126
2022-05-17 04:00:00+00:00,73.26,73.68,71.79,73.65,11456918
2022-05-18 04:00:00+00:00,71.64,71.64,68.3,68.83,15063396
2022-05-19 04:00:00+00:00,68.4,70.02,67.99,68.88,15760744
2022-05-20 04:00:00+00:00,69.44,69.54,65.71,67.68,15805884
2022-05-23 04:00:00+00:00,67.95,68.36,66.43,68.18,13783072
2022-05-24 04:00:00+00:00,67.07,67.25,65.55,66.43,15311502
2022-05-25 04:00:00+00:00,66.0,68.89,65.97,68.3,13423436
2022-05-26 04:00:00+00:00,69.26,72.16,69.22,71.65,16660418
2022-05-27 04:00:00+00:00,72.45,74.13,72.45,74.11,15503116
2022-05-31 04:00:00+00:00,74.19,75.24,73.06,74.49,14197722
2022-06-01 04:00:00+00:00,74.89,75.4,73.24,73.71,12420928
2022-06-02 04:00:00+00:00,73.79,76.01,73.48,75.97,11837512
2022-06-03 04:00:00+00:00,74.42,74.95,73.5,73.75,10733298
2022-06-06 04:00:00+00:00,75.06,75.44,74.03,74.48,10390200
2022-06-07 04:00:00+00:00,72.97,74.52,72.55,74.3,9813172
2022-06-08 04:00:00+00:00,73.92,74.95,73.67,73.86,8974240
2022-06-09 04:00:00+00:00,73.91,74.7,72.52,72.53,8105308
2022-06-10 04:00:00+00:00,71.03,71.48,69.42,69.64,13806478
2022-06-13 04:00:00+00:00,67.22,67.94,65.92,66.42,20216372
2022-06-14 04:00:00+00:00,66.76,67.25,65.78,66.37,13512906
2022-06-15 04:00:00+00:00,66.83,69.0,66.72,68.23,18546610
2022-06-16 04:00:00+00:00,66.3,66.38,64.13,64.89,24456344
2022-06-17 04:00:00+00:00,64.9,66.17,64.67,65.6,22817768
2022-06-21 04:00:00+00:00,66.9,68.23,66.78,67.48,13136878
2022-06-22 04:00:00+00:00,66.52,68.71,66.52,67.35,12194760
2022-06-23 04:00:00+00:00,67.83,68.59,66.9,68.4,11930230
2022-06-24 04:00:00+00:00,68.89,71.04,68.57,71.01,13423576
2022-06-27 04:00:00+00:00,71.36,71.73,70.04,70.27,14919942
2022-06-28 04:00:00+00:00,70.43,71.27,67.44,67.46,11954008
2022-06-29 04:00:00+00:00,67.43,67.87,66.68,67.41,12232148
2022-06-30 04:00:00+00:00,66.53,67.25,65.11,66.42,12779732
2022-07-01 04:00:00+00:00,66.53,67.73,66.27,67.64,11660028
2022-07-05 04:00:00+00:00,66.67,69.2,66.2,69.15,11690754
2022-07-06 04:00:00+00:00,69.03,69.64,68.14,68.93,16039858
2022-07-07 04:00:00+00:00,69.11,70.84,69.1,70.7,8757858
2022-07-08 04:00:00+00:00,70.12,71.24,69.8,70.71,6354868
2022-07-11 04:00:00+00:00,70.26,70.46,68.61,68.78,7776028
2022-07-12 04:00:00+00:00,68.78,69.85,67.92,68.36,15034704
2022-07-13 04:00:00+00:00,67.01,69.53,66.74,68.92,14387926
2022-07-14 04:00:00+00:00,68.16,68.98,67.33,68.86,10841014
2022-07-15 04:00:00+00:00,69.73,70.29,69.3,69.97,7629116
2022-07-18 04:00:00+00:00,70.93,71.78,69.91,70.18,8183768
2022-07-19 04:00:00+00:00,71.21,72.44,70.6,72.33,9459098
2022-07-20 04:00:00+00:00,72.47,73.66,72.28,73.52,9455044
2022-07-21 04:00:00+00:00,73.78,75.25,73.36,75.2,10929616
2022-07-22 04:00:00+00:00,75.68,76.24,74.3,74.76,7889872
2022-07-25 04:00:00+00:00,74.83,74.86,73.67,74.12,9861264
2022-07-26 04:00:00+00:00,72.43,72.76,71.6,71.73,8417236
2022-07-27 04:00:00+00:00,72.82,74.84,72.47,74.45,10766760
2022-07-28 04:00:00+00:00,74.88,75.85,73.71,75.73,11202170
2022-07-29 04:00:00+00:00,77.46,78.98,76.94,78.67,13977820
2022-08-01 04:00:00+00:00,78.68,80.19,78.29,79.06,18982278
2022-08-02 04:00:00+00:00,78.56,79.9,78.26,78.52,14884552
2022-08-03 04:00:00+00:00,79.38,80.8,79.07,80.43,13134548
2022-08-04 04:00:00+00:00,80.63,81.1,80.16,80.76,10925350
2022-08-05 04:00:00+00:00,79.85,80.56,78.97,79.38,9074662
2022-08-08 04:00:00+00:00,80.21,81.44,79.43,79.74,7415128
2022-08-09 04:00:00+00:00,79.26,79.51,78.0,78.47,6849476
2022-08-10 04:00:00+00:00,80.76,81.02,79.78,80.68,7455188
2022-08-11 04:00:00+00:00,81.39,81.77,80.02,80.27,7893982
2022-08-12 04:00:00+00:00,80.85,82.11,80.15,82.09,6019418
2022-08-15 04:00:00+00:00,81.88,82.91,81.78,82.65,7860822
2022-08-16 04:00:00+00:00,82.78,84.43,82.54,83.57,7514736
2022-08-17 04:00:00+00:00,82.65,83.53,82.13,82.67,7762784
2022-08-18 04:00:00+00:00,82.57,82.83,82.11,82.64,5926428
2022-08-19 04:00:00+00:00,81.92,82.02,80.66,80.94,7425482
2022-08-22 04:00:00+00:00,79.71,79.71,78.52,78.69,8629608
2022-08-23 04:00:00+00:00,78.75,79.5,78.5,78.91,9546412
2022-08-24 04:00:00+00:00,78.75,80.04,78.56,79.25,6838282
2022-08-25 04:00:00+00:00,79.74,80.29,79.14,80.2,6316376
2022-08-26 04:00:00+00:00,80.34,80.61,77.12,77.14,8080592
2022-08-29 04:00:00+00:00,76.07,77.38,76.07,76.73,7265126
2022-08-30 04:00:00+00:00,77.38,77.56,75.12,75.88,7431100
2022-08-31 04:00:00+00:00,76.27,76.5,75.11,75.13,8978438
2022-09-01 04:00:00+00:00,74.64,75.88,73.88,75.82,13172596
2022-09-02 04:00:00+00:00,76.57,76.91,74.69,75.12,19110218
2022-09-06 04:00:00+00:00,75.45,75.63,73.84,74.97,19457574
2022-09-07 04:00:00+00:00,74.88,77.37,74.88,77.27,14117130
2022-09-08 04:00:00+00:00,76.47,78.04,76.23,77.99,9780058
2022-09-09 04:00:00+00:00,78.36,79.59,78.36,79.46,9214706
2022-09-12 04:00:00+00:00,79.9,80.77,79.9,80.49,8932224
2022-09-13 04:00:00+00:00,77.92,78.3,76.13,76.34,13976418
2022-09-14 04:00:00+00:00,76.6,77.64,76.22,77.32,15725438
2022-09-15 04:00:00+00:00,77.22,78.48,76.55,76.92,11527512
2022-09-16 04:00:00+00:00,75.76,76.43,75.22,76.3,17679530
2022-09-19 04:00:00+00:00,75.65,77.4,75.6,77.38,10217682
2022-09-20 04:00:00+00:00,76.58,76.88,75.43,76.07,9414952
2022-09-21 04:00:00+00:00,76.28,76.99,74.26,74.27,10549820
2022-09-22 04:00:00+00:00,73.89,74.16,72.18,72.56,11679754
2022-09-23 04:00:00+00:00,71.59,71.71,69.98,70.89,11463142
2022-09-26 04:00:00+00:00,70.6,72.27,70.59,70.73,13113178
2022-09-27 04:00:00+00:00,71.77,72.49,70.18,70.95,14676912
2022-09-28 04:00:00+00:00,71.25,73.25,70.89,72.87,14173132
2022-09-29 04:00:00+00:00,71.71,71.81,69.67,70.35,12655416
2022-09-30 04:00:00+00:00,69.53,70.94,68.76,68.96,12376318
2022-10-03 04:00:00+00:00,68.9,69.67,67.88,69.03,20379682
2022-10-04 04:00:00+00:00,70.75,72.14,70.54,71.44,21030652
2022-10-05 04:00:00+00:00,70.31,71.49,69.56,71.02,13811348
2022-10-06 04:00:00+00:00,70.87,71.57,70.21,70.52,15511678
2022-10-07 04:00:00+00:00,69.47,69.63,67.7,68.09,11517776
2022-10-10 04:00:00+00:00,68.19,68.39,67.0,67.67,9814788
2022-10-11 04:00:00+00:00,67.34,68.49,66.67,67.12,12077058
2022-10-12 04:00:00+00:00,67.12,67.81,66.58,67.29,19557762
2022-10-13 04:00:00+00:00,65.28,68.41,64.66,68.03,19749274
2022-10-14 04:00:00+00:00,68.71,69.07,65.38,65.49,13599354
2022-10-17 04:00:00+00:00,66.89,68.33,66.86,68.15,13334504
2022-10-18 04:00:00+00:00,70.27,70.47,68.41,69.09,10501298
2022-10-19 04:00:00+00:00,68.52,68.97,67.59,68.31,7267314
2022-10-20 04:00:00+00:00,67.38,68.64,66.77,66.99,10434256
2022-10-21 04:00:00+00:00,66.91,69.0,66.54,68.94,15754918
2022-10-24 04:00:00+00:00,68.63,69.52,67.4,69.23,9255826
2022-10-25 04:00:00+00:00,69.26,71.15,69.26,70.96,7612364
2022-10-26 04:00:00+00:00,70.1,71.81,69.91,70.39,7008026
2022-10-27 04:00:00+00:00,70.73,71.18,69.87,70.12,12902006
2022-10-28 04:00:00+00:00,68.23,70.27,67.74,70.18,14278642
2022-10-31 04:00:00+00:00,69.81,70.26,69.14,69.73,9621146
2022-11-01 04:00:00+00:00,70.92,71.12,68.89,69.02,13761296
2022-11-02 04:00:00+00:00,68.95,69.36,66.39,66.41,21257328
2022-11-03 04:00:00+00:00,65.94,66.78,65.58,66.02,11967138
2022-11-04 04:00:00+00:00,67.58,68.24,65.31,66.57,13862524
2022-11-07 05:00:00+00:00,66.97,67.03,65.45,66.1,7424696
2022-11-08 05:00:00+00:00,66.18,66.73,65.03,65.94,9535822
2022-11-09 05:00:00+00:00,65.59,65.89,63.86,63.92,10155780
2022-11-10 05:00:00+00:00,67.13,68.67,66.42,68.6,15516042
2022-11-11 05:00:00+00:00,68.7,70.63,68.49,70.24,11348858
2022-11-14 05:00:00+00:00,69.63,70.25,69.06,69.13,15841116
2022-11-15 05:00:00+00:00,70.77,71.15,69.3,70.07,8739552
2022-11-16 05:00:00+00:00,68.79,69.57,68.5,69.0,9573844
2022-11-17 05:00:00+00:00,68.01,68.46,67.53,68.17,7565112
2022-11-18 05:00:00+00:00,69.05,69.07,67.47,68.26,7412938
2022-11-21 05:00:00+00:00,67.88,68.07,66.91,67.27,6752776
2022-11-22 05:00:00+00:00,67.54,68.06,67.07,68.03,5520898
2022-11-23 05:00:00+00:00,68.27,69.16,68.13,69.01,6177764
2022-11-25 05:00:00+00:00,69.05,69.25,68.69,69.05,2728452
2022-11-28 05:00:00+00:00,68.68,69.4,68.48,68.63,6041032
2022-11-29 05:00:00+00:00,68.69,68.94,68.14,68.41,10422936
2022-11-30 05:00:00+00:00,68.44,70.79,68.0,70.77,16408554
2022-12-01 05:00:00+00:00,71.03,71.32,70.22,70.76,9654132
2022-12-02 05:00:00+00:00,69.76,70.87,69.74,70.66,11972466
2022-12-05 05:00:00+00:00,69.72,69.94,68.44,68.63,11579988
2022-12-06 05:00:00+00:00,68.43,68.72,66.97,67.56,7899852
2022-12-07 05:00:00+00:00,67.1,67.87,66.89,67.15,10852620
2022-12-08 05:00:00+00:00,67.26,68.05,66.94,67.8,6407018
2022-12-09 05:00:00+00:00,67.39,68.17,67.28,67.5,7218468
2022-12-12 05:00:00+00:00,67.36,67.67,66.92,67.67,6545582
2022-12-13 05:00:00+00:00,69.92,70.35,66.94,67.67,10744204
2022-12-14 05:00:00+00:00,67.53,68.09,66.41,67.17,10903702
2022-12-15 05:00:00+00:00,66.13,66.45,65.58,66.06,11949600
2022-12-16 05:00:00+00:00,65.69,65.94,64.49,64.83,13369684
2022-12-19 05:00:00+00:00,64.82,64.95,63.54,63.79,8675820
2022-12-20 05:00:00+00:00,63.4,63.92,62.96,63.05,7710692
2022-12-21 05:00:00+00:00,63.81,64.41,63.57,64.05,10670224
2022-12-22 05:00:00+00:00,63.33,63.37,61.47,62.41,12897212
2022-12-23 05:00:00+00:00,62.24,63.01,61.82,62.83,6550878
2022-12-27 05:00:00+00:00,62.54,62.66,61.77,61.81,8536192
2022-12-28 05:00:00+00:00,61.84,62.44,61.17,61.29,10073734
2022-12-29 05:00:00+00:00,62.17,63.01,61.93,62.87,7492206
2022-12-30 05:00:00+00:00,62.25,62.72,61.98,62.7,7531068
2023-01-03 05:00:00+00:00,63.08,63.25,61.57,62.33,9567262
2023-01-04 05:00:00+00:00,62.91,63.7,62.12,63.23,8079680
2023-01-05 05:00:00+00:00,62.79,63.06,62.22,62.64,7776380
2023-01-06 05:00:00+00:00,62.47,64.36,62.02,64.11,9239364
2023-01-09 05:00:00+00:00,64.89,65.55,64.45,64.5,9387770
2023-01-10 05:00:00+00:00,64.54,65.32,64.19,65.31,8830716
2023-01-11 05:00:00+00:00,65.87,67.08,65.81,67.08,12708064
2023-01-12 05:00:00+00:00,67.49,67.57,66.11,67.19,9572678
2023-01-13 05:00:00+00:00,66.15,67.88,66.06,67.82,7968274
2023-01-17 05:00:00+00:00,68.02,68.41,67.67,67.87,7499778
2023-01-18 05:00:00+00:00,68.56,68.95,66.95,66.98,9596998
2023-01-19 05:00:00+00:00,66.49,66.7,65.53,65.87,12957252
2023-01-20 05:00:00+00:00,66.02,67.51,65.69,67.47,7502568
2023-01-23 05:00:00+00:00,67.65,68.78,67.26,68.52,9168298
2023-01-24 05:00:00+00:00,68.28,68.77,67.84,68.44,6372950
2023-01-25 05:00:00+00:00,67.41,68.89,66.9,68.79,7540386
2023-01-26 05:00:00+00:00,70.01,70.41,69.32,70.2,9641134
2023-01-27 05:00:00+00:00,70.26,72.35,70.25,71.79,10945258
2023-01-30 05:00:00+00:00,71.26,71.73,70.51,70.57,9578440
2023-01-31 05:00:00+00:00,70.65,72.19,70.65,72.19,6975576
2023-02-01 05:00:00+00:00,72.0,74.13,71.26,73.56,13913734
2023-02-02 05:00:00+00:00,75.15,76.71,74.81,75.81,14039672
2023-02-03 05:00:00+00:00,73.54,75.22,73.15,73.47,13593460
2023-02-06 05:00:00+00:00,73.2,73.81,72.76,73.37,8770272
2023-02-07 05:00:00+00:00,73.05,73.72,71.68,73.54,9833200
2023-02-08 05:00:00+00:00,73.29,73.47,72.41,72.91,11128086
2023-02-09 05:00:00+00:00,73.88,74.37,72.42,72.77,8316184
2023-02-10 05:00:00+00:00,72.14,72.48,71.34,71.92,6433122
2023-02-13 05:00:00+00:00,71.92,73.01,71.43,72.97,6721636
2023-02-14 05:00:00+00:00,72.46,74.04,72.01,73.85,8722596
2023-02-15 05:00:00+00:00,73.64,74.73,73.35,74.71,6823022
2023-02-16 05:00:00+00:00,73.57,74.61,73.07,73.08,11257802
2023-02-17 05:00:00+00:00,72.66,73.13,71.87,73.1,7480138
2023-02-21 05:00:00+00:00,72.0,72.2,70.63,70.65,8837582
2023-02-22 05:00:00+00:00,70.81,71.48,70.5,71.01,9928492
2023-02-23 05:00:00+00:00,71.26,71.35,69.76,70.95,10568646
2023-02-24 05:00:00+00:00,69.64,69.97,69.26,69.84,11914500
2023-02-27 05:00:00+00:00,70.63,71.23,70.41,70.7,11244674
2023-02-28 05:00:00+00:00,70.66,71.17,70.38,70.65,11185166
2023-03-01 05:00:00+00:00,70.4,70.63,69.36,69.76,12688832
2023-03-02 05:00:00+00:00,68.65,69.64,68.46,69.53,10983696
2023-03-03 05:00:00+00:00,70.14,71.15,69.98,71.03,10035204
2023-03-06 05:00:00+00:00,71.21,71.45,70.48,70.51,9854396
2023-03-07 05:00:00+00:00,70.4,70.75,69.51,69.55,11941814
2023-03-08 05:00:00+00:00,69.42,69.57,68.71,69.42,10816612
2023-03-09 05:00:00+00:00,69.3,70.02,67.7,67.76,13337364
2023-03-10 05:00:00+00:00,67.99,68.69,66.86,67.09,29058626
2023-03-13 04:00:00+00:00,66.1,68.09,65.88,67.23,23628244
2023-03-14 04:00:00+00:00,68.14,68.57,67.52,68.37,15038250
2023-03-15 04:00:00+00:00,67.36,68.31,66.99,68.27,18002850
2023-03-16 04:00:00+00:00,67.84,69.8,67.79,69.5,21495596
2023-03-17 04:00:00+00:00,69.48,69.53,68.06,68.61,16879914
2023-03-20 04:00:00+00:00,68.53,69.34,68.05,68.91,11729806
2023-03-21 04:00:00+00:00,69.8,70.92,69.77,70.82,12776846
2023-03-22 04:00:00+00:00,70.85,71.37,69.21,69.24,10983558
2023-03-23 04:00:00+00:00,70.08,70.59,68.48,69.16,12255572
2023-03-24 04:00:00+00:00,69.0,69.06,68.06,68.94,9434802
2023-03-27 04:00:00+00:00,69.6,69.86,68.79,69.08,8414640
2023-03-28 04:00:00+00:00,69.06,69.25,68.53,69.0,5719518
2023-03-29 04:00:00+00:00,69.75,70.33,69.51,70.31,7725882
2023-03-30 04:00:00+00:00,70.98,71.28,70.64,70.92,6478370
2023-03-31 04:00:00+00:00,71.38,72.86,71.27,72.82,10447280
2023-04-03 04:00:00+00:00,72.16,72.5,71.65,72.15,11338386
2023-04-04 04:00:00+00:00,72.39,72.55,71.4,72.03,9383466
2023-04-05 04:00:00+00:00,71.73,71.76,70.41,70.56,8861648
2023-04-06 04:00:00+00:00,70.23,70.7,69.58,70.57,7636276
2023-04-10 04:00:00+00:00,69.85,70.91,69.43,70.88,7276746
2023-04-11 04:00:00+00:00,70.92,71.39,70.67,71.0,8808286
2023-04-12 04:00:00+00:00,71.58,71.61,69.82,69.9,9062664
2023-04-13 04:00:00+00:00,70.4,71.5,70.17,71.44,13140058
2023-04-14 04:00:00+00:00,71.28,71.97,70.94,71.53,10801608
2023-04-17 04:00:00+00:00,71.71,72.19,71.35,72.04,9102468
2023-04-18 04:00:00+00:00,72.4,72.56,71.84,72.15,9058798
2023-04-19 04:00:00+00:00,71.48,72.5,71.41,72.09,7600446
2023-04-20 04:00:00+00:00,70.9,71.58,70.58,70.98,8287156
2023-04-21 04:00:00+00:00,71.56,72.05,71.01,71.76,8870184
2023-04-24 04:00:00+00:00,71.87,72.29,71.09,71.75,7749972
2023-04-25 04:00:00+00:00,71.28,71.4,70.32,70.33,8494316
2023-04-26 04:00:00+00:00,70.68,70.91,69.83,69.97,7706008
2023-04-27 04:00:00+00:00,70.46,71.9,70.41,71.81,9630774
2023-04-28 04:00:00+00:00,71.48,72.1,70.81,72.0,8271020
2023-05-01 04:00:00+00:00,71.82,71.98,71.19,71.29,8547742
2023-05-02 04:00:00+00:00,71.18,71.52,70.49,71.36,9217154
2023-05-03 04:00:00+00:00,71.06,72.01,70.74,70.8,8512050
2023-05-04 04:00:00+00:00,70.81,71.11,70.14,70.25,10662944
2023-05-05 04:00:00+00:00,70.91,71.81,70.79,71.67,7371770
2023-05-08 04:00:00+00:00,71.89,71.95,71.44,71.92,6850084
2023-05-09 04:00:00+00:00,71.52,71.95,71.4,71.9,8465088
2023-05-10 04:00:00+00:00,72.56,72.93,71.43,72.26,9028128
2023-05-11 04:00:00+00:00,72.31,72.69,72.03,72.6,8288846
2023-05-12 04:00:00+00:00,72.85,73.04,71.56,71.98,7556278
2023-05-15 04:00:00+00:00,72.07,72.22,71.45,72.08,6412076
2023-05-16 04:00:00+00:00,71.58,72.43,71.48,71.78,6948810
2023-05-17 04:00:00+00:00,72.24,73.36,72.22,73.28,9331912
2023-05-18 04:00:00+00:00,73.44,74.45,73.43,74.42,8606606
2023-05-19 04:00:00+00:00,74.24,74.28,73.43,73.8,7150198
2023-05-22 04:00:00+00:00,73.83,74.05,73.31,73.57,7120064
2023-05-23 04:00:00+00:00,73.0,73.94,72.75,72.89,8583152
2023-05-24 04:00:00+00:00,72.74,73.01,72.06,72.63,6952448
2023-05-25 04:00:00+00:00,72.85,72.94,72.06,72.3,7997820
2023-05-26 04:00:00+00:00,72.47,74.54,72.35,74.0,10410204
2023-05-30 04:00:00+00:00,74.81,75.06,74.01,74.5,10981560
2023-05-31 04:00:00+00:00,74.0,74.16,72.8,73.82,12489766
2023-06-01 04:00:00+00:00,73.76,75.06,73.25,74.7,10168850
2023-06-02 04:00:00+00:00,75.59,76.74,75.54,76.45,10824760
2023-06-05 04:00:00+00:00,76.43,76.94,76.23,76.68,8808752
2023-06-06 04:00:00+00:00,76.54,77.58,76.49,77.48,9799120
2023-06-07 04:00:00+00:00,78.02,78.29,76.8,76.95,9206394
2023-06-08 04:00:00+00:00,77.07,78.23,77.02,78.09,6722602
2023-06-09 04:00:00+00:00,78.89,79.54,78.31,78.49,11579260
2023-06-12 04:00:00+00:00,78.98,79.95,78.74,79.84,9412734
2023-06-13 04:00:00+00:00,80.48,80.72,79.83,80.67,10836738
2023-06-14 04:00:00+00:00,80.81,81.04,79.54,80.61,13420284
2023-06-15 04:00:00+00:00,79.89,81.42,79.75,81.14,10713956
2023-06-16 04:00:00+00:00,81.71,81.74,80.96,81.02,13294912
2023-06-20 04:00:00+00:00,80.84,81.72,80.59,81.62,10979358
2023-06-21 04:00:00+00:00,81.59,81.79,80.51,80.64,10916068
2023-06-22 04:00:00+00:00,80.15,81.69,80.05,81.67,10753106
2023-06-23 04:00:00+00:00,80.71,81.46,80.39,80.73,11690574
2023-06-26 04:00:00+00:00,80.23,81.39,79.66,79.69,8673708
2023-06-27 04:00:00+00:00,80.16,81.51,80.06,81.4,10956964
2023-06-28 04:00:00+00:00,81.19,82.32,81.12,81.73,8715606
2023-06-29 04:00:00+00:00,81.87,82.06,81.33,81.81,7752544
2023-06-30 04:00:00+00:00,82.5,83.12,82.29,82.85,9023790
2023-07-03 04:00:00+00:00,83.68,84.32,83.68,83.85,9229754
2023-07-05 04:00:00+00:00,83.72,84.02,83.39,83.89,14528594
2023-07-06 04:00:00+00:00,82.83,82.99,82.15,82.54,11474576
2023-07-07 04:00:00+00:00,82.58,83.46,82.43,82.64,10563738
2023-07-10 04:00:00+00:00,82.7,82.96,82.19,82.89,10638784
2023-07-11 04:00:00+00:00,83.12,83.73,83.05,83.59,9633778
2023-07-12 04:00:00+00:00,84.72,84.83,84.14,84.34,10131864
2023-07-13 04:00:00+00:00,85.12,85.34,84.53,85.13,7390016
2023-07-14 04:00:00+00:00,85.12,85.72,84.97,85.35,7919762
2023-07-17 04:00:00+00:00,85.4,85.9,85.31,85.69,8363738
2023-07-18 04:00:00+00:00,85.39,86.24,85.13,86.04,9428080
2023-07-19 04:00:00+00:00,86.26,86.75,86.18,86.35,13090366
2023-07-20 04:00:00+00:00,85.36,85.47,83.29,83.4,19470510
2023-07-21 04:00:00+00:00,84.15,84.17,83.06,83.42,10484174
2023-07-24 04:00:00+00:00,83.31,84.1,82.95,83.97,9651686
2023-07-25 04:00:00+00:00,83.93,84.1,83.56,83.78,6483824
2023-07-26 04:00:00+00:00,83.25,84.12,83.17,83.76,8834696
2023-07-27 04:00:00+00:00,84.6,84.76,82.73,82.89,9463954
2023-07-28 04:00:00+00:00,83.79,84.52,83.53,84.29,7943816
2023-07-31 04:00:00+00:00,84.5,84.78,84.22,84.77,6943618
2023-08-01 04:00:00+00:00,84.35,84.46,83.75,83.81,6900286
2023-08-02 04:00:00+00:00,82.84,83.14,82.13,82.31,9707452
2023-08-03 04:00:00+00:00,81.84,82.71,81.64,82.5,8060844
2023-08-04 04:00:00+00:00,84.82,85.2,83.6,83.7,13507470
2023-08-07 04:00:00+00:00,84.0,84.58,83.29,84.56,7369178
2023-08-08 04:00:00+00:00,83.71,84.01,83.07,83.89,7255570
2023-08-09 04:00:00+00:00,84.01,84.01,82.75,82.89,9045104
2023-08-10 04:00:00+00:00,83.52,84.37,82.69,83.09,8722940
2023-08-11 04:00:00+00:00,82.53,83.06,82.2,82.81,6302144
2023-08-14 04:00:00+00:00,82.3,83.07,82.14,83.06,5639320
2023-08-15 04:00:00+00:00,82.76,83.12,81.81,81.93,6628586
2023-08-16 04:00:00+00:00,81.58,82.11,80.89,80.92,6715430
2023-08-17 04:00:00+00:00,81.15,81.22,79.5,79.55,8709132
2023-08-18 04:00:00+00:00,78.69,79.57,78.52,79.36,8249092
2023-08-21 04:00:00+00:00,79.83,80.4,79.37,80.28,6645278
2023-08-22 04:00:00+00:00,80.9,81.06,80.09,80.39,8006690
2023-08-23 04:00:00+00:00,80.02,81.27,79.94,81.04,7728684
2023-08-24 04:00:00+00:00,81.18,81.29,79.43,79.45,7949074
2023-08-25 04:00:00+00:00,79.81,80.57,79.09,80.34,10093074
2023-08-28 04:00:00+00:00,80.86,80.94,80.18,80.66,5962884
2023-08-29 04:00:00+00:00,80.64,82.71,80.64,82.68,8914192
2023-08-30 04:00:00+00:00,82.53,83.35,82.32,83.03,7289174
2023-08-31 04:00:00+00:00,83.09,83.75,82.97,83.29,7872896
2023-09-01 04:00:00+00:00,83.77,83.98,82.3,82.79,10618726
2023-09-05 04:00:00+00:00,82.64,83.04,82.16,82.84,9426336
2023-09-06 04:00:00+00:00,82.41,82.54,81.51,82.11,11155008
2023-09-07 04:00:00+00:00,81.24,82.43,81.03,82.34,10439356
2023-09-08 04:00:00+00:00,82.22,82.9,82.11,82.34,5710226
2023-09-11 04:00:00+00:00,83.56,84.68,83.52,84.55,10648736
2023-09-12 04:00:00+00:00,84.25,84.81,83.79,83.79,9908234
2023-09-13 04:00:00+00:00,84.05,84.69,83.77,84.45,7984980
2023-09-14 04:00:00+00:00,84.73,85.5,84.33,85.28,9777074
2023-09-15 04:00:00+00:00,84.89,85.01,83.63,83.82,11981604
2023-09-18 04:00:00+00:00,83.58,83.68,82.8,82.91,7442526
2023-09-19 04:00:00+00:00,82.48,82.65,81.73,82.49,8325134
2023-09-20 04:00:00+00:00,82.76,83.24,81.66,81.67,8869002
2023-09-21 04:00:00+00:00,80.64,80.68,79.43,79.44,12236034
2023-09-22 04:00:00+00:00,79.93,80.09,78.59,78.66,14209598
2023-09-25 04:00:00+00:00,78.34,79.31,78.14,79.14,9486790
2023-09-26 04:00:00+00:00,78.43,78.91,77.53,77.7,11667010
2023-09-27 04:00:00+00:00,77.91,78.16,76.61,77.4,12485014
2023-09-28 04:00:00+00:00,77.12,78.49,76.93,78.27,10291796
2023-09-29 04:00:00+00:00,79.41,79.71,78.25,78.69,13117018
2023-10-02 04:00:00+00:00,78.22,79.39,78.03,78.75,14663682
2023-10-03 04:00:00+00:00,78.14,78.23,76.56,76.83,14614028
2023-10-04 04:00:00+00:00,77.21,78.52,77.19,78.35,15340690
2023-10-05 04:00:00+00:00,78.24,78.45,77.34,77.96,13921950
2023-10-06 04:00:00+00:00,77.14,78.8,76.71,78.5,15265276
2023-10-09 04:00:00+00:00,77.56,78.74,77.06,78.59,10496090
2023-10-10 04:00:00+00:00,78.71,80.2,78.67,79.45,13458982
2023-10-11 04:00:00+00:00,79.77,80.16,79.03,79.73,7974462
2023-10-12 04:00:00+00:00,79.75,79.89,78.32,78.86,9181290
2023-10-13 04:00:00+00:00,78.98,79.1,77.49,77.7,11332422
2023-10-16 04:00:00+00:00,78.12,79.21,77.93,78.96,11071346
2023-10-17 04:00:00+00:00,78.24,79.54,78.09,79.14,13419940
2023-10-18 04:00:00+00:00,78.54,78.67,77.14,77.29,10414566
2023-10-19 04:00:00+00:00,76.62,76.97,74.96,75.31,21134826
2023-10-20 04:00:00+00:00,75.14,75.18,74.11,74.14,13358004
2023-10-23 04:00:00+00:00,73.85,75.17,73.06,74.23,15707160
2023-10-24 04:00:00+00:00,74.8,75.5,74.48,75.02,9960428
2023-10-25 04:00:00+00:00,74.44,74.56,73.43,73.51,11201050
2023-10-26 04:00:00+00:00,73.43,73.83,72.26,72.36,16921572
2023-10-27 04:00:00+00:00,73.62,74.24,72.88,73.12,15226554
2023-10-30 04:00:00+00:00,73.96,74.25,73.14,73.79,13857996
2023-10-31 04:00:00+00:00,73.82,74.57,73.53,74.34,10168648
2023-11-01 04:00:00+00:00,74.78,75.31,74.19,75.26,21669852
2023-11-02 04:00:00+00:00,76.57,77.27,76.33,77.23,20069658
2023-11-03 04:00:00+00:00,77.86,78.73,77.84,78.31,13727144
2023-11-06 05:00:00+00:00,78.61,78.87,77.87,78.41,11280516
2023-11-07 05:00:00+00:00,78.55,79.38,78.39,79.29,8773680
2023-11-08 05:00:00+00:00,79.31,79.45,78.61,79.08,8334638
2023-11-09 05:00:00+00:00,78.97,79.07,77.33,77.6,11497212
2023-11-10 05:00:00+00:00,77.7,78.92,77.3,78.89,10312238
2023-11-13 05:00:00+00:00,78.54,79.5,78.19,79.23,9879970
2023-11-14 05:00:00+00:00,81.21,82.15,81.09,81.9,15258318
2023-11-15 05:00:00+00:00,82.3,82.68,81.74,81.99,12389008
2023-11-16 05:00:00+00:00,81.29,81.85,80.8,81.15,12287496
2023-11-17 05:00:00+00:00,81.43,81.92,80.92,81.7,8921098
2023-11-20 05:00:00+00:00,81.68,82.29,81.43,82.12,9285058
2023-11-21 05:00:00+00:00,81.51,81.99,81.24,81.91,7603700
2023-11-22 05:00:00+00:00,82.26,82.79,81.83,82.16,8963440
2023-11-24 05:00:00+00:00,82.1,82.38,81.96,82.23,3483054
2023-11-27 05:00:00+00:00,82.28,82.8,81.93,82.37,7299662
2023-11-28 05:00:00+00:00,82.27,82.88,81.82,82.84,11973922
2023-11-29 05:00:00+00:00,83.46,83.88,82.55,82.61,7659416
2023-11-30 05:00:00+00:00,82.61,82.65,81.85,82.5,13023070
2023-12-01 05:00:00+00:00,82.15,83.65,81.98,83.63,14955710
2023-12-04 05:00:00+00:00,83.02,83.67,82.82,83.31,18477610
2023-12-05 05:00:00+00:00,82.86,84.28,82.79,83.46,7822580
2023-12-06 05:00:00+00:00,84.08,84.49,83.51,83.58,12228220
2023-12-07 05:00:00+00:00,83.92,84.42,83.65,84.27,7380162
2023-12-08 05:00:00+00:00,83.84,84.81,83.78,84.65,8096686
2023-12-11 05:00:00+00:00,84.56,84.98,84.3,84.88,18892304
2023-12-12 05:00:00+00:00,84.79,85.2,84.45,85.14,7411490
2023-12-13 05:00:00+00:00,85.11,86.35,84.45,86.26,10898438
2023-12-14 05:00:00+00:00,87.01,87.76,86.68,87.41,15288968
2023-12-15 05:00:00+00:00,87.43,87.81,87.15,87.6,11258400
2023-12-18 05:00:00+00:00,87.87,88.42,87.7,88.14,7719410
2023-12-19 05:00:00+00:00,88.44,89.06,88.42,88.83,7194128
2023-12-20 05:00:00+00:00,88.43,89.21,87.19,87.21,8621598
2023-12-21 05:00:00+00:00,88.13,88.56,87.64,88.54,7854926
2023-12-22 05:00:00+00:00,88.18,88.56,87.52,87.88,8522972
2023-12-26 05:00:00+00:00,88.08,88.37,87.91,88.26,5480762
2023-12-27 05:00:00+00:00,88.37,88.79,88.33,88.56,7495908
2023-12-28 05:00:00+00:00,88.69,88.85,88.03,88.1,5608990
2023-12-29 05:00:00+00:00,88.13,88.28,87.26,87.56,8268676
2024-01-02 05:00:00+00:00,87.28,87.32,86.41,86.74,15369562
2024-01-03 05:00:00+00:00,86.17,86.21,84.96,84.99,15522852
2024-01-04 05:00:00+00:00,84.65,85.44,84.36,84.39,11915080
2024-01-05 05:00:00+00:00,84.18,85.22,84.14,84.53,12084844
2024-01-08 05:00:00+00:00,84.67,86.06,84.65,85.97,8142660
2024-01-09 05:00:00+00:00,85.34,85.77,85.12,85.65,8330060
2024-01-10 05:00:00+00:00,85.78,86.54,85.76,86.33,7624438
2024-01-11 05:00:00+00:00,86.23,86.51,85.32,86.22,8592058
2024-01-12 05:00:00+00:00,85.86,86.25,85.02,85.18,7444440
2024-01-16 05:00:00+00:00,84.67,85.42,84.42,85.08,8976176
2024-01-17 05:00:00+00:00,84.19,84.37,83.71,84.34,7961848
2024-01-18 05:00:00+00:00,84.74,84.92,83.89,84.82,9926198
2024-01-19 05:00:00+00:00,84.95,85.81,84.44,85.64,9783038
2024-01-22 05:00:00+00:00,85.82,86.07,84.88,85.26,11184290
2024-01-23 05:00:00+00:00,85.34,85.63,84.62,85.05,7107290
2024-01-24 05:00:00+00:00,85.62,85.71,84.67,84.73,8622278
2024-01-25 05:00:00+00:00,83.93,84.0,83.11,83.68,11092712
2024-01-26 05:00:00+00:00,84.04,84.49,83.75,84.07,6977836
2024-01-29 05:00:00+00:00,84.24,85.31,84.09,85.29,7381216
2024-01-30 05:00:00+00:00,85.44,85.65,85.08,85.25,6274790
2024-01-31 05:00:00+00:00,84.7,85.16,83.62,83.69,13663826
2024-02-01 05:00:00+00:00,84.08,85.33,83.79,85.3,14682328
2024-02-02 05:00:00+00:00,85.89,87.18,85.48,86.83,20763964
2024-02-05 05:00:00+00:00,85.94,85.94,84.59,85.6,13346162
2024-02-06 05:00:00+00:00,85.24,86.14,85.24,86.12,9373598
2024-02-07 05:00:00+00:00,86.6,87.41,86.4,87.09,7796482
2024-02-08 05:00:00+00:00,87.15,87.52,86.98,87.47,8099982
2024-02-09 05:00:00+00:00,87.4,88.23,87.19,88.09,9584386
2024-02-12 05:00:00+00:00,88.12,88.57,87.85,88.02,6040160
2024-02-13 05:00:00+00:00,86.24,86.75,85.8,86.26,14801496
2024-02-14 05:00:00+00:00,86.59,87.21,86.12,87.17,11560942
2024-02-15 05:00:00+00:00,87.35,88.19,87.12,88.18,10567796
2024-02-16 05:00:00+00:00,87.8,88.17,87.12,87.66,8512346
2024-02-20 05:00:00+00:00,86.86,87.16,86.28,86.83,8756368
2024-02-21 05:00:00+00:00,87.12,87.88,86.9,87.47,8886240
2024-02-22 05:00:00+00:00,88.26,89.31,88.1,89.17,8800060
2024-02-23 05:00:00+00:00,88.82,89.22,88.63,88.77,7575996
2024-02-26 05:00:00+00:00,89.03,89.48,88.91,89.05,7051660
2024-02-27 05:00:00+00:00,89.45,89.76,89.01,89.34,5852542
2024-02-28 05:00:00+00:00,89.19,90.12,89.14,89.69,7408788
2024-02-29 05:00:00+00:00,90.01,90.51,89.55,90.3,8270468
2024-03-01 05:00:00+00:00,90.22,90.73,89.76,90.6,11065816
2024-03-04 05:00:00+00:00,90.15,90.46,89.35,89.37,11336812
2024-03-05 05:00:00+00:00,88.8,88.96,87.96,88.26,12941832
2024-03-06 05:00:00+00:00,88.61,88.84,87.7,87.95,9299712
2024-03-07 05:00:00+00:00,88.19,88.98,88.17,88.62,6713340
2024-03-08 05:00:00+00:00,88.82,89.18,88.0,88.29,12463678
2024-03-11 04:00:00+00:00,88.05,88.4,87.83,88.05,8306440
2024-03-12 04:00:00+00:00,88.35,89.15,87.75,88.81,7906370
2024-03-13 04:00:00+00:00,88.59,89.18,88.48,88.62,5717092
2024-03-14 04:00:00+00:00,88.73,88.82,87.59,88.06,10810426
2024-03-15 04:00:00+00:00,87.47,88.06,86.95,87.18,9868838
2024-03-18 04:00:00+00:00,88.06,88.27,87.45,87.85,8512914
2024-03-19 04:00:00+00:00,87.83,88.66,87.71,88.61,7624178
2024-03-20 04:00:00+00:00,88.78,89.95,88.71,89.93,8497464
2024-03-21 04:00:00+00:00,90.56,90.89,90.41,90.46,7146376
2024-03-22 04:00:00+00:00,89.51,89.9,89.33,89.67,5719002
2024-03-25 04:00:00+00:00,89.32,89.83,89.32,89.37,5664684
2024-03-26 04:00:00+00:00,89.95,90.32,89.42,89.48,5387844
2024-03-27 04:00:00+00:00,90.18,90.53,89.74,90.52,5811948
2024-03-28 04:00:00+00:00,90.41,90.67,90.21,90.24,5958102
2024-04-01 04:00:00+00:00,90.34,90.44,89.24,89.57,9941710
2024-04-02 04:00:00+00:00,88.13,88.29,87.85,88.25,12270744
2024-04-03 04:00:00+00:00,87.75,88.62,87.75,88.31,10165226
2024-04-04 04:00:00+00:00,88.98,89.31,87.26,87.28,9650556
2024-04-05 04:00:00+00:00,87.57,88.33,87.38,87.76,10081894
2024-04-08 04:00:00+00:00,88.28,88.89,88.21,88.6,8284908
2024-04-09 04:00:00+00:00,89.03,89.06,88.27,89.01,8562278
2024-04-10 04:00:00+00:00,87.57,88.0,87.23,87.64,10805960
2024-04-11 04:00:00+00:00,87.94,88.66,87.2,88.35,8433548
2024-04-12 04:00:00+00:00,87.66,87.72,86.63,86.91,10729268
2024-04-15 04:00:00+00:00,87.55,87.61,85.38,85.47,11136762
2024-04-16 04:00:00+00:00,85.02,85.46,84.58,84.98,12870834
2024-04-17 04:00:00+00:00,85.39,85.48,84.22,84.57,12416834
2024-04-18 04:00:00+00:00,84.72,85.07,83.81,84.04,9411806
2024-04-19 04:00:00+00:00,84.04,84.23,82.98,83.31,13580774
2024-04-22 04:00:00+00:00,83.48,84.1,82.88,83.67,8950416
2024-04-23 04:00:00+00:00,84.15,84.92,83.73,84.67,7889426
2024-04-24 04:00:00+00:00,85.94,86.19,84.87,85.48,8948630
2024-04-25 04:00:00+00:00,84.18,85.74,83.83,85.55,10701542
2024-04-26 04:00:00+00:00,85.85,86.91,85.73,86.32,6665746
2024-04-29 04:00:00+00:00,88.1,88.47,87.47,88.33,10308422
2024-04-30 04:00:00+00:00,87.47,87.88,86.11,86.18,7218574
2024-05-01 04:00:00+00:00,86.23,87.32,85.21,85.64,14336748
2024-05-02 04:00:00+00:00,86.45,86.89,85.59,86.72,8238584
2024-05-03 04:00:00+00:00,87.81,88.33,87.15,87.31,9012944
2024-05-06 04:00:00+00:00,87.85,88.24,87.59,88.24,6229318
2024-05-07 04:00:00+00:00,88.18,88.22,87.47,87.61,6300778
2024-05-08 04:00:00+00:00,86.84,87.41,86.78,87.28,5763260
2024-05-09 04:00:00+00:00,87.32,88.09,87.12,87.87,5046050
2024-05-10 04:00:00+00:00,87.94,88.01,87.22,87.4,5654728
2024-05-13 04:00:00+00:00,87.78,87.98,86.98,87.29,8142810
2024-05-14 04:00:00+00:00,87.14,87.82,87.1,87.68,6044604
2024-05-15 04:00:00+00:00,88.08,88.14,87.25,87.82,7182900
2024-05-16 04:00:00+00:00,87.77,87.9,87.22,87.25,6589572
2024-05-17 04:00:00+00:00,87.33,87.71,87.07,87.69,5577336
2024-05-20 04:00:00+00:00,87.49,87.73,86.83,87.04,4002146
2024-05-21 04:00:00+00:00,86.96,87.62,86.63,87.6,4375676
2024-05-22 04:00:00+00:00,87.39,87.48,86.33,86.69,6332276
2024-05-23 04:00:00+00:00,86.92,86.92,85.15,85.28,7354554
2024-05-24 04:00:00+00:00,85.87,86.41,85.63,86.14,5150146
2024-05-28 04:00:00+00:00,85.83,86.11,85.47,85.93,5344218
2024-05-29 04:00:00+00:00,85.29,85.7,85.29,85.37,4343990
2024-05-30 04:00:00+00:00,85.62,86.11,85.45,85.87,4496684
2024-05-31 04:00:00+00:00,85.93,86.37,85.0,86.35,6840434
2024-06-03 04:00:00+00:00,86.41,86.7,85.51,86.31,7928982
2024-06-04 04:00:00+00:00,85.95,86.75,85.92,86.4,5779928
2024-06-05 04:00:00+00:00,86.6,86.91,85.82,86.91,4581978
2024-06-06 04:00:00+00:00,86.98,87.58,86.94,87.54,4455658
2024-06-07 04:00:00+00:00,87.05,87.71,87.02,87.18,4548634
2024-06-10 04:00:00+00:00,86.93,87.55,86.93,87.46,3731244
2024-06-11 04:00:00+00:00,87.42,87.42,86.46,87.23,5566076
2024-06-12 04:00:00+00:00,88.0,88.71,87.73,88.14,7957542
2024-06-13 04:00:00+00:00,88.74,88.91,87.89,88.21,5226988
2024-06-14 04:00:00+00:00,88.08,88.08,86.99,87.51,6105586
2024-06-17 04:00:00+00:00,87.4,89.27,87.24,89.05,7353262
2024-06-18 04:00:00+00:00,88.97,89.08,88.45,88.75,4483976
2024-06-20 04:00:00+00:00,88.66,89.08,88.4,88.86,4722842
2024-06-21 04:00:00+00:00,89.31,89.73,88.89,89.61,8623206
2024-06-24 04:00:00+00:00,89.82,90.21,89.2,89.23,5077910
2024-06-25 04:00:00+00:00,89.32,89.32,88.58,88.87,4712848
2024-06-26 04:00:00+00:00,88.65,90.34,88.54,90.16,5031784
2024-06-27 04:00:00+00:00,90.37,90.72,90.0,90.71,4228306
2024-06-28 04:00:00+00:00,90.26,90.84,89.24,89.7,7885410
2024-07-01 04:00:00+00:00,90.05,90.42,89.54,90.01,6393402
2024-07-02 04:00:00+00:00,90.5,91.77,90.42,91.76,5884542
2024-07-03 04:00:00+00:00,92.08,92.69,91.94,92.34,4379612
2024-07-05 04:00:00+00:00,92.8,93.15,92.34,93.1,3996422
2024-07-08 04:00:00+00:00,92.98,93.55,92.88,93.14,3677044
2024-07-09 04:00:00+00:00,93.04,94.04,92.97,93.45,3656074
2024-07-10 04:00:00+00:00,93.66,94.24,93.11,94.15,4558290
2024-07-11 04:00:00+00:00,94.6,95.24,92.68,92.96,8996818
2024-07-12 04:00:00+00:00,92.83,94.97,92.7,94.17,5453652
2024-07-15 04:00:00+00:00,94.7,95.36,93.77,94.06,5080316
2024-07-16 04:00:00+00:00,94.61,95.79,94.46,95.75,4123312
2024-07-17 04:00:00+00:00,95.04,95.28,93.99,94.15,5797144
2024-07-18 04:00:00+00:00,94.35,94.95,92.92,93.19,4375150
2024-07-19 04:00:00+00:00,92.84,93.22,91.99,92.36,3872196
2024-07-22 04:00:00+00:00,93.03,93.7,92.67,93.38,4808490
2024-07-23 04:00:00+00:00,93.74,93.89,92.92,92.96,4823654
2024-07-24 04:00:00+00:00,90.9,90.94,89.12,89.16,8200958
2024-07-25 04:00:00+00:00,89.15,90.37,88.54,88.81,10240822
2024-07-26 04:00:00+00:00,89.47,90.28,89.24,89.81,4529410
2024-07-29 04:00:00+00:00,90.41,91.64,90.36,91.3,7145996
2024-07-30 04:00:00+00:00,91.51,91.63,89.95,90.8,4281028
2024-07-31 04:00:00+00:00,91.89,92.98,91.68,92.2,4993750
2024-08-01 04:00:00+00:00,92.24,92.52,89.17,89.94,7295700
2024-08-02 04:00:00+00:00,87.01,87.01,85.6,86.63,12738738
2024-08-05 04:00:00+00:00,82.16,85.05,81.87,84.18,16391758
2024-08-06 04:00:00+00:00,84.63,86.33,83.85,85.11,9523404
2024-08-07 04:00:00+00:00,85.81,85.96,83.52,83.63,8404320
2024-08-08 04:00:00+00:00,84.38,85.68,83.92,85.45,5935182
2024-08-09 04:00:00+00:00,85.44,86.14,85.23,85.74,6379650
2024-08-12 04:00:00+00:00,85.91,85.91,84.88,85.4,4929718
2024-08-13 04:00:00+00:00,85.8,87.62,85.63,87.54,5846938
2024-08-14 04:00:00+00:00,87.53,87.79,86.72,87.07,4779752
2024-08-15 04:00:00+00:00,88.73,89.98,88.73,89.85,6288392
2024-08-16 04:00:00+00:00,89.43,90.43,89.43,90.06,4767908
2024-08-19 04:00:00+00:00,90.29,91.21,90.2,91.17,4570038
2024-08-20 04:00:00+00:00,91.18,91.62,90.82,91.08,4678940
2024-08-21 04:00:00+00:00,91.83,92.42,91.62,92.23,4532224
2024-08-22 04:00:00+00:00,92.4,92.49,90.47,90.64,5709918
2024-08-23 04:00:00+00:00,91.35,92.5,91.33,92.39,6304166
2024-08-26 04:00:00+00:00,92.3,92.5,91.39,91.67,3210906
2024-08-27 04:00:00+00:00,91.45,91.57,90.81,91.43,3328350
2024-08-28 04:00:00+00:00,91.38,91.6,89.82,90.55,5668606
2024-08-29 04:00:00+00:00,91.34,91.73,90.57,90.66,4615948
2024-08-30 04:00:00+00:00,90.99,92.11,90.63,92.02,4672250
2024-09-03 04:00:00+00:00,91.76,92.19,90.34,90.76,9876604
2024-09-04 04:00:00+00:00,90.5,91.41,90.39,91.0,10007532
2024-09-05 04:00:00+00:00,91.42,92.66,91.33,92.03,7264246
2024-09-06 04:00:00+00:00,92.2,92.54,89.66,89.7,7714126
2024-09-09 04:00:00+00:00,90.64,91.36,90.4,91.01,4297658
2024-09-10 04:00:00+00:00,91.36,92.11,90.82,92.05,9424588
2024-09-11 04:00:00+00:00,91.91,93.1,90.0,92.97,7511400
2024-09-12 04:00:00+00:00,92.97,94.06,92.86,94.02,4748592
2024-09-13 04:00:00+00:00,94.1,94.9,93.99,94.66,3926202
2024-09-16 04:00:00+00:00,94.61,94.81,93.99,94.5,3077256
2024-09-17 04:00:00+00:00,95.06,95.92,94.68,94.98,4307926
2024-09-18 04:00:00+00:00,95.12,96.41,94.68,94.79,6634800
2024-09-19 04:00:00+00:00,96.62,97.17,96.31,96.95,5865716
2024-09-20 04:00:00+00:00,96.78,96.88,96.01,96.73,5552348
2024-09-23 04:00:00+00:00,97.14,97.94,96.93,97.9,7271220
2024-09-24 04:00:00+00:00,98.39,98.79,97.81,98.76,4059604
2024-09-25 04:00:00+00:00,98.42,98.62,98.11,98.41,3389760
2024-09-26 04:00:00+00:00,99.28,99.5,98.24,98.83,4266860
2024-09-27 04:00:00+00:00,99.2,99.37,98.69,98.97,3441892
2024-09-30 04:00:00+00:00,98.7,99.02,97.8,98.74,4572682
2024-10-01 04:00:00+00:00,98.68,98.77,97.06,98.34,8229488
2024-10-02 04:00:00+00:00,97.18,97.78,96.78,97.51,7482374
2024-10-03 04:00:00+00:00,96.66,97.04,95.99,96.38,7101386
2024-10-04 04:00:00+00:00,97.45,97.88,96.65,97.66,7828326
2024-10-07 04:00:00+00:00,96.94,96.94,95.8,96.14,5202004
2024-10-08 04:00:00+00:00,96.57,97.23,96.41,97.08,4733136
2024-10-09 04:00:00+00:00,97.4,97.97,96.98,97.77,5537604
2024-10-10 04:00:00+00:00,97.59,97.81,97.0,97.29,3259018
2024-10-11 04:00:00+00:00,96.31,97.26,96.29,96.87,4991618
2024-10-14 04:00:00+00:00,97.07,97.46,96.67,97.3,3566634
2024-10-15 04:00:00+00:00,97.33,98.15,97.33,97.51,6834970
2024-10-16 04:00:00+00:00,97.6,98.04,97.48,98.02,4607060
2024-10-17 04:00:00+00:00,98.2,98.35,97.61,97.93,3488842
2024-10-18 04:00:00+00:00,98.14,98.58,97.76,98.32,3796922
2024-10-21 04:00:00+00:00,98.1,98.1,97.19,97.55,3304966
2024-10-22 04:00:00+00:00,96.81,97.51,96.55,97.16,3157656
2024-10-23 04:00:00+00:00,96.38,96.6,95.13,95.63,4339000
2024-10-24 04:00:00+00:00,97.72,98.78,97.43,98.65,6991846
2024-10-25 04:00:00+00:00,98.83,99.83,98.59,98.96,5439932
2024-10-28 04:00:00+00:00,99.74,100.08,99.15,99.19,4102568
2024-10-29 04:00:00+00:00,98.37,98.88,98.06,98.67,4247084
2024-10-30 04:00:00+00:00,98.91,99.35,98.46,98.54,4879810
2024-10-31 04:00:00+00:00,98.31,98.54,96.97,97.03,6197946
2024-11-01 04:00:00+00:00,98.81,99.62,98.51,98.6,7607882
2024-11-04 05:00:00+00:00,98.19,99.08,98.02,98.26,4769330
2024-11-05 05:00:00+00:00,98.49,100.03,98.4,100.0,4424278
2024-11-06 05:00:00+00:00,102.28,103.29,101.47,103.2,9398702
2024-11-07 05:00:00+00:00,103.4,104.95,103.37,104.53,8021140
2024-11-08 05:00:00+00:00,104.51,106.58,104.4,106.01,7786206
2024-11-11 05:00:00+00:00,107.68,108.61,107.19,108.15,9209954
2024-11-12 05:00:00+00:00,107.87,107.89,106.32,106.71,10535182
2024-11-13 05:00:00+00:00,107.43,108.19,107.06,107.62,5883328
2024-11-14 05:00:00+00:00,107.44,107.87,106.0,106.09,4620952
2024-11-15 05:00:00+00:00,105.49,106.0,104.7,105.18,7824754
2024-11-18 05:00:00+00:00,106.45,106.97,105.47,106.15,4753104
2024-11-19 05:00:00+00:00,105.17,106.56,104.69,106.23,3935874
2024-11-20 05:00:00+00:00,105.92,105.98,104.66,105.76,5979050
2024-11-21 05:00:00+00:00,106.09,106.22,105.13,105.95,5468572
2024-11-22 05:00:00+00:00,106.26,107.79,106.26,107.48,4550698
2024-11-25 05:00:00+00:00,108.76,109.53,108.52,108.58,7360384
2024-11-26 05:00:00+00:00,108.52,109.16,108.35,108.97,3979622
2024-11-27 05:00:00+00:00,109.17,109.33,108.17,108.44,3829066
2024-11-29 05:00:00+00:00,108.68,109.57,108.61,109.55,1771408
2024-12-02 05:00:00+00:00,110.32,110.77,110.12,110.51,8135336
2024-12-03 05:00:00+00:00,110.29,110.49,109.83,110.42,7051424
2024-12-04 05:00:00+00:00,110.66,111.56,110.54,111.45,5539484
2024-12-05 05:00:00+00:00,111.56,112.87,111.51,112.36,7321830
2024-12-06 05:00:00+00:00,113.27,114.75,113.27,114.72,4889218
2024-12-09 05:00:00+00:00,115.38,116.09,113.95,114.36,6513730
2024-12-10 05:00:00+00:00,114.38,115.61,114.17,114.55,7630886
2024-12-11 05:00:00+00:00,115.5,116.6,115.43,116.56,5734824
2024-12-12 05:00:00+00:00,116.5,116.63,115.44,115.59,4872376
2024-12-13 05:00:00+00:00,115.56,116.1,115.27,116.05,5382512
2024-12-16 05:00:00+00:00,116.65,117.71,116.42,117.62,6014396
2024-12-17 05:00:00+00:00,118.15,118.24,117.02,117.99,10220962
2024-12-18 05:00:00+00:00,117.05,118.41,112.22,112.67,14405036
2024-12-19 05:00:00+00:00,114.21,114.54,111.85,112.52,13205254
2024-12-20 05:00:00+00:00,111.39,114.58,111.13,112.81,10916294
2024-12-23 05:00:00+00:00,113.01,113.26,111.67,113.15,5922512
2024-12-24 05:00:00+00:00,113.63,115.78,113.53,115.77,2552546
2024-12-26 05:00:00+00:00,115.52,115.76,114.83,115.34,4110830
2024-12-27 05:00:00+00:00,114.57,114.57,112.88,113.43,6097386
2024-12-30 05:00:00+00:00,111.71,112.33,110.91,111.61,5413194
2024-12-31 05:00:00+00:00,112.22,112.55,110.58,110.77,5250798
2025-01-02 05:00:00+00:00,110.81,111.15,108.62,109.31,9166484
2025-01-03 05:00:00+00:00,109.92,111.59,109.37,111.52,6501538
2025-01-06 05:00:00+00:00,112.73,112.81,111.36,111.96,6786270
2025-01-07 05:00:00+00:00,111.87,112.2,109.4,109.8,5554014
2025-01-08 05:00:00+00:00,109.76,110.54,109.2,110.11,5309754
2025-01-10 05:00:00+00:00,109.69,109.88,108.43,109.03,6869620
2025-01-13 05:00:00+00:00,108.2,109.66,107.78,109.64,5422010
2025-01-14 05:00:00+00:00,110.74,111.32,109.02,109.43,6762458
2025-01-15 05:00:00+00:00,111.95,112.31,111.18,112.22,6197552
2025-01-16 05:00:00+00:00,112.02,112.02,111.16,111.61,4851972
2025-01-17 05:00:00+00:00,113.08,113.88,112.9,113.17,3884678
2025-01-21 05:00:00+00:00,114.2,114.3,112.75,114.0,6036988
2025-01-22 05:00:00+00:00,113.76,114.25,113.38,113.57,4948806
2025-01-23 05:00:00+00:00,113.41,114.26,113.1,114.26,3888764
2025-01-24 05:00:00+00:00,114.28,114.4,113.34,113.56,3543822
2025-01-27 05:00:00+00:00,111.86,114.26,111.86,114.21,7069864
2025-01-28 05:00:00+00:00,113.88,114.66,113.34,114.35,5211778
2025-01-29 05:00:00+00:00,114.44,114.79,113.65,114.02,6538162
2025-01-30 05:00:00+00:00,115.54,115.82,114.27,115.14,5386422
2025-01-31 05:00:00+00:00,115.28,116.45,114.41,114.63,5092776
2025-02-03 05:00:00+00:00,112.15,113.6,111.19,113.11,7409616
2025-02-04 05:00:00+00:00,113.18,114.56,113.17,114.45,3884940
2025-02-05 05:00:00+00:00,113.71,113.99,112.88,113.15,5903140
2025-02-06 05:00:00+00:00,113.47,113.9,112.9,113.6,6046510
2025-02-07 05:00:00+00:00,112.83,113.69,111.29,111.38,5425056
2025-02-10 05:00:00+00:00,111.82,112.36,111.31,111.76,5939392
2025-02-11 05:00:00+00:00,111.05,111.36,110.21,110.49,5538816
2025-02-12 05:00:00+00:00,109.66,111.04,109.37,110.47,7903444
2025-02-13 05:00:00+00:00,111.18,112.24,110.99,112.13,6485174
2025-02-14 05:00:00+00:00,112.93,113.03,111.69,112.08,3425594
2025-02-18 05:00:00+00:00,112.05,112.2,111.05,111.77,7567450
2025-02-19 05:00:00+00:00,111.25,111.76,111.03,111.7,3942890
2025-02-20 05:00:00+00:00,111.4,111.4,109.89,110.74,4732344
2025-02-21 05:00:00+00:00,111.0,111.03,107.4,107.83,9042946
2025-02-24 05:00:00+00:00,108.31,108.47,106.97,107.42,5953572
2025-02-25 05:00:00+00:00,107.36,107.61,105.37,106.86,8006386
2025-02-26 05:00:00+00:00,107.58,108.18,106.19,106.42,6143722
2025-02-27 05:00:00+00:00,106.91,107.21,104.8,104.88,6799152
2025-02-28 05:00:00+00:00,104.92,106.7,104.5,106.63,7696336
2025-03-03 05:00:00+00:00,107.25,107.82,103.55,104.66,10983528
2025-03-04 05:00:00+00:00,102.88,104.6,101.46,102.82,13842814
2025-03-05 05:00:00+00:00,102.89,104.57,102.43,104.38,10128128
2025-03-06 05:00:00+00:00,102.83,103.58,101.28,101.73,9755438
2025-03-07 05:00:00+00:00,101.11,101.83,98.88,101.55,9798896
2025-03-10 04:00:00+00:00,100.2,100.34,97.06,97.92,14412684
2025-03-11 04:00:00+00:00,97.87,98.7,95.98,96.96,14379572
2025-03-12 04:00:00+00:00,98.64,98.74,96.34,97.53,8548380
2025-03-13 04:00:00+00:00,97.38,97.38,94.64,95.09,9993106
2025-03-14 04:00:00+00:00,96.55,97.22,95.71,97.12,6295604
2025-03-17 04:00:00+00:00,97.13,97.82,96.43,97.27,6053198
2025-03-18 04:00:00+00:00,96.36,96.37,95.14,95.54,8246910
2025-03-19 04:00:00+00:00,96.2,97.92,95.97,97.37,9831412
2025-03-20 04:00:00+00:00,96.65,98.38,96.57,97.14,8586468
2025-03-21 04:00:00+00:00,95.98,97.54,95.48,97.49,9794852
2025-03-24 04:00:00+00:00,98.89,101.23,98.89,101.14,8568398
2025-03-25 04:00:00+00:00,101.39,102.01,100.78,101.95,7421364
2025-03-26 04:00:00+00:00,101.73,101.95,100.04,100.62,6187690
2025-03-27 04:00:00+00:00,100.3,102.2,100.05,100.68,6737096
2025-03-28 04:00:00+00:00,100.1,100.26,97.26,97.55,9886662
2025-03-31 04:00:00+00:00,95.65,98.09,94.96,97.76,10220718
2025-04-01 04:00:00+00:00,97.64,99.58,97.11,98.78,11097484
2025-04-02 04:00:00+00:00,97.0,101.24,96.92,100.66,9355986
2025-04-03 04:00:00+00:00,95.2,96.51,94.13,94.58,13795940
2025-04-04 04:00:00+00:00,91.4,93.75,89.95,90.5,25284882
2025-04-07 04:00:00+00:00,87.06,93.68,85.7,89.43,41233962
2025-04-08 04:00:00+00:00,92.8,93.31,86.13,87.3,17402002
2025-04-09 04:00:00+00:00,87.16,97.11,87.01,96.81,29314270
2025-04-10 04:00:00+00:00,94.48,94.54,90.01,93.03,16600534
2025-04-11 04:00:00+00:00,92.82,94.12,91.17,93.93,8266732
2025-04-14 04:00:00+00:00,95.33,95.84,92.94,94.2,7720588
2025-04-15 04:00:00+00:00,94.05,94.84,92.99,93.52,6676300
2025-04-16 04:00:00+00:00,92.62,93.34,90.05,91.22,8579620
2025-04-17 04:00:00+00:00,91.75,92.38,91.0,91.79,7623616
2025-04-21 04:00:00+00:00,90.47,90.58,88.11,89.34,9802038
2025-04-22 04:00:00+00:00,90.36,93.05,90.35,92.17,8564896
2025-04-23 04:00:00+00:00,95.49,96.52,94.0,94.23,8957524
2025-04-24 04:00:00+00:00,94.22,96.19,93.98,96.1,5341260
2025-04-25 04:00:00+00:00,96.1,97.89,95.86,97.83,5968890
2025-04-28 04:00:00+00:00,98.21,98.97,96.5,97.87,5562124
2025-04-29 04:00:00+00:00,97.12,98.69,97.0,98.56,5136550
2025-04-30 04:00:00+00:00,96.15,97.93,94.87,97.66,5881924
2025-05-01 04:00:00+00:00,98.15,99.48,97.99,98.2,7359306
2025-05-02 04:00:00+00:00,99.24,100.3,98.59,99.73,7457452
2025-05-05 04:00:00+00:00,98.92,99.24,98.34,98.67,4676984
2025-05-06 04:00:00+00:00,97.46,98.52,97.37,97.81,4811658
2025-05-07 04:00:00+00:00,98.01,99.01,97.66,98.57,5359358
2025-05-08 04:00:00+00:00,99.52,100.76,98.88,99.73,6464470
2025-05-09 04:00:00+00:00,99.99,100.96,99.72,100.21,5159910
2025-05-12 04:00:00+00:00,105.54,105.55,104.16,105.19,9569616
2025-05-13 04:00:00+00:00,105.84,107.03,105.49,106.58,11430960
2025-05-14 04:00:00+00:00,106.86,107.52,106.55,106.99,7116988
2025-05-15 04:00:00+00:00,105.98,107.04,105.65,106.76,8393102
2025-05-16 04:00:00+00:00,107.12,107.84,106.83,107.77,5973168
2025-05-19 04:00:00+00:00,106.01,107.67,105.79,107.51,6935012
2025-05-20 04:00:00+00:00,107.71,108.02,106.44,106.95,7047286
2025-05-21 04:00:00+00:00,106.11,106.47,104.37,104.79,10325638
2025-05-22 04:00:00+00:00,104.6,106.01,104.32,105.24,8993146
2025-05-23 04:00:00+00:00,103.48,104.76,103.32,104.29,7497144
2025-05-27 04:00:00+00:00,105.47,107.46,105.47,107.37,7886824
2025-05-28 04:00:00+00:00,107.46,107.49,106.21,106.39,7542352
2025-05-29 04:00:00+00:00,107.45,107.52,105.89,106.43,8031632
2025-05-30 04:00:00+00:00,106.02,106.76,105.15,105.85,10233432
2025-06-02 04:00:00+00:00,105.55,106.11,104.25,106.1,8783904
2025-06-03 04:00:00+00:00,106.19,107.55,106.17,106.66,7855476
2025-06-04 04:00:00+00:00,106.75,106.81,105.6,106.38,7581118
2025-06-05 04:00:00+00:00,106.11,106.66,102.84,103.7,12098510
2025-06-06 04:00:00+00:00,105.2,105.54,104.68,105.04,9948754
2025-06-09 04:00:00+00:00,104.68,106.08,104.09,105.89,10596384
2025-06-10 04:00:00+00:00,106.04,107.17,105.91,107.15,8594928
2025-06-11 04:00:00+00:00,107.78,107.82,105.91,106.31,6888692
2025-06-12 04:00:00+00:00,105.71,106.38,105.52,105.81,5413904
2025-06-13 04:00:00+00:00,104.45,105.95,104.33,104.83,10292162
2025-06-16 04:00:00+00:00,105.66,106.14,105.35,105.96,4764840
2025-06-17 04:00:00+00:00,105.37,105.63,103.94,104.13,8473192
2025-06-18 04:00:00+00:00,104.34,105.3,104.09,104.18,7405734
2025-06-20 04:00:00+00:00,105.09,105.34,103.78,104.31,9704986
2025-06-23 04:00:00+00:00,104.52,106.57,104.05,106.37,12557292
2025-06-24 04:00:00+00:00,107.47,107.51,106.64,106.96,8652690
2025-06-25 04:00:00+00:00,107.3,107.33,105.26,105.7,9302022
2025-06-26 04:00:00+00:00,105.8,106.9,105.57,106.68,7543430
2025-06-27 04:00:00+00:00,107.2,108.46,106.96,108.45,8902080
2025-06-30 04:00:00+00:00,108.42,108.66,107.53,107.83,7003832
2025-07-01 04:00:00+00:00,106.79,108.75,106.53,108.29,13085434
2025-07-02 04:00:00+00:00,108.98,109.39,108.29,109.16,12436522
2025-07-03 04:00:00+00:00,109.65,110.06,109.36,109.75,6904706
2025-07-07 04:00:00+00:00,108.25,108.8,107.67,108.36,10081580
2025-07-08 04:00:00+00:00,108.61,108.81,107.91,107.99,6854998
2025-07-09 04:00:00+00:00,108.47,108.94,108.07,108.63,4865388
2025-07-10 04:00:00+00:00,108.86,110.1,108.75,109.83,7568670
2025-07-11 04:00:00+00:00,109.54,110.09,109.09,109.86,6690872
2025-07-14 04:00:00+00:00,109.89,110.3,109.57,110.27,7292276
2025-07-15 04:00:00+00:00,110.34,110.6,108.65,108.69,10133920
2025-07-16 04:00:00+00:00,108.88,109.12,107.9,108.89,13979162
2025-07-17 04:00:00+00:00,108.96,109.43,108.78,109.26,7742082
2025-07-18 04:00:00+00:00,109.81,110.28,109.65,110.23,11244768
2025-07-21 04:00:00+00:00,110.6,111.17,110.52,110.75,9808470
2025-07-22 04:00:00+00:00,111.1,112.08,110.79,111.87,10980028
2025-07-23 04:00:00+00:00,112.13,112.57,111.99,112.4,10083194
2025-07-24 04:00:00+00:00,110.9,111.54,110.31,110.54,15148360
2025-07-25 04:00:00+00:00,111.1,111.74,110.82,111.57,12267836
2025-07-28 04:00:00+00:00,112.0,112.79,111.65,112.22,11332866
2025-07-29 04:00:00+00:00,112.24,112.26,111.2,111.44,11012794
2025-07-30 04:00:00+00:00,111.61,111.81,110.12,110.74,13743022
2025-07-31 04:00:00+00:00,111.28,111.46,109.71,109.86,13728624
2025-08-01 04:00:00+00:00,107.43,107.81,106.55,107.21,22660346
2025-08-04 04:00:00+00:00,108.04,108.64,107.69,108.47,12640196
2025-08-05 04:00:00+00:00,108.63,109.3,108.29,108.61,11021642
2025-08-06 04:00:00+00:00,108.93,110.92,108.78,110.87,11729056
2025-08-07 04:00:00+00:00,111.15,111.65,109.9,110.83,12127886
2025-08-08 04:00:00+00:00,110.9,111.57,110.83,111.03,10109190
2025-08-11 04:00:00+00:00,111.31,111.88,111.12,111.32,9686440
2025-08-12 04:00:00+00:00,112.16,112.62,111.36,112.5,9791502
2025-08-13 04:00:00+00:00,112.92,114.2,112.8,114.04,12555416
2025-08-14 04:00:00+00:00,113.39,114.09,113.27,113.91,11244698
2025-08-15 04:00:00+00:00,114.51,114.62,113.24,113.64,9346912
2025-08-18 04:00:00+00:00,113.41,114.26,113.41,114.09,9293180
2025-08-19 04:00:00+00:00,114.11,115.14,113.78,114.04,11843322
2025-08-20 04:00:00+00:00,114.28,114.55,112.22,112.91,15303570
2025-08-21 04:00:00+00:00,112.35,112.54,111.61,112.24,10117022
2025-08-22 04:00:00+00:00,112.79,115.71,112.63,115.65,14933770
2025-08-25 04:00:00+00:00,115.23,115.85,114.93,115.42,9851402
2025-08-26 04:00:00+00:00,115.25,115.98,115.17,115.95,10809714
2025-08-27 04:00:00+00:00,115.94,116.36,115.83,115.97,8764376
2025-08-28 04:00:00+00:00,116.2,116.35,115.45,116.17,8211576
2025-08-29 04:00:00+00:00,116.17,116.34,114.67,114.98,11759588
2025-09-02 04:00:00+00:00,113.52,114.25,113.27,114.12,14705458
2025-09-03 04:00:00+00:00,114.35,115.22,114.07,114.58,13839084
2025-09-04 04:00:00+00:00,115.46,116.73,115.31,116.67,24662350
2025-09-05 04:00:00+00:00,117.29,118.01,116.23,116.65,30995438
2025-09-08 04:00:00+00:00,117.25,117.44,116.71,117.1,18769190
2025-09-09 04:00:00+00:00,117.02,117.06,116.16,116.94,13340570
2025-09-10 04:00:00+00:00,117.12,117.12,115.23,115.54,16330396
2025-09-11 04:00:00+00:00,116.0,117.86,115.85,117.78,15979936
2025-09-12 04:00:00+00:00,117.6,118.57,117.55,118.4,9002834
2025-09-15 04:00:00+00:00,120.29,120.45,118.83,119.42,13760362
2025-09-16 04:00:00+00:00,119.85,120.29,119.5,120.16,8687588
2025-09-17 04:00:00+00:00,120.08,120.76,118.58,119.85,15324390
2025-09-18 04:00:00+00:00,120.33,120.39,119.31,119.31,10820568
2025-09-19 04:00:00+00:00,119.94,120.3,119.55,119.76,12576192
2025-09-22 04:00:00+00:00,119.68,120.29,119.32,119.37,12283604
2025-09-23 04:00:00+00:00,119.65,119.74,118.05,118.25,9696404
2025-09-24 04:00:00+00:00,118.78,119.3,118.41,119.09,9862282
2025-09-25 04:00:00+00:00,118.35,118.39,116.87,117.41,11590800
2025-09-26 04:00:00+00:00,117.94,119.21,117.53,119.14,9750282
2025-09-29 04:00:00+00:00,119.77,120.08,118.91,119.66,11244960
2025-09-30 04:00:00+00:00,119.55,119.66,118.17,119.11,12981916
2025-10-01 04:00:00+00:00,118.9,120.22,118.69,119.85,11258454
2025-10-02 04:00:00+00:00,120.44,120.63,118.91,118.99,13191556
2025-10-03 04:00:00+00:00,119.53,119.73,117.57,118.22,13934462
2025-10-06 04:00:00+00:00,119.01,119.4,117.89,119.24,10462764
2025-10-07 04:00:00+00:00,118.92,118.93,117.11,117.15,14624042
2025-10-08 04:00:00+00:00,117.66,117.85,116.47,117.5,7910298
2025-10-09 04:00:00+00:00,117.04,117.08,116.09,116.91,9758266
2025-10-10 04:00:00+00:00,116.96,117.51,113.66,113.69,17978408
2025-10-13 04:00:00+00:00,114.74,116.41,114.55,116.23,10860286
2025-10-14 04:00:00+00:00,114.7,117.14,114.23,116.48,12533826
2025-10-15 04:00:00+00:00,117.01,117.79,115.69,116.65,10835982
2025-10-16 04:00:00+00:00,116.74,117.06,114.65,115.52,13036820
2025-10-17 04:00:00+00:00,115.46,116.79,115.18,116.51,11769724
2025-10-20 04:00:00+00:00,117.05,117.58,116.88,117.44,8356468
2025-10-21 04:00:00+00:00,117.66,119.32,117.6,118.87,8675038
2025-10-22 04:00:00+00:00,118.64,118.72,117.29,117.94,12749606
2025-10-23 04:00:00+00:00,116.96,118.62,116.58,118.48,11286832
2025-10-24 04:00:00+00:00,118.92,119.2,118.0,118.12,6481578
2025-10-27 04:00:00+00:00,119.35,120.25,119.1,119.82,7408044
2025-10-28 04:00:00+00:00,119.64,120.73,119.23,119.85,8999568
2025-10-29 04:00:00+00:00,119.88,119.9,118.18,118.86,11057478
2025-10-30 04:00:00+00:00,117.03,117.95,116.16,116.18,11853632
2025-10-31 04:00:00+00:00,119.47,119.92,118.48,119.25,13414484
2025-11-03 05:00:00+00:00,120.48,120.77,120.04,120.37,10731474
2025-11-04 05:00:00+00:00,118.84,119.73,118.21,118.37,9313238
2025-11-05 05:00:00+00:00,118.85,120.0,117.94,119.81,11716304
2025-11-06 05:00:00+00:00,119.16,119.32,116.43,117.04,14726092
2025-11-07 05:00:00+00:00,116.8,117.61,115.73,117.23,11502100
2025-11-10 05:00:00+00:00,118.39,118.95,117.91,118.77,10435342
2025-11-11 05:00:00+00:00,118.56,119.17,118.26,119.06,12775430
2025-11-12 05:00:00+00:00,119.41,119.54,117.96,118.26,9314174
2025-11-13 05:00:00+00:00,117.76,118.14,115.1,115.31,15268756
2025-11-14 05:00:00+00:00,113.99,115.82,113.61,114.76,14662322
2025-11-17 05:00:00+00:00,114.16,115.45,113.03,113.68,20233852
2025-11-18 05:00:00+00:00,112.35,112.94,111.41,111.58,27057370
2025-11-19 05:00:00+00:00,112.44,112.44,111.0,111.59,15912168
2025-11-20 05:00:00+00:00,112.84,114.07,109.81,109.92,24924404
2025-11-21 05:00:00+00:00,110.66,113.17,110.32,112.08,19013494
2025-11-24 05:00:00+00:00,112.95,114.25,112.82,113.57,11182036
2025-11-25 05:00:00+00:00,113.62,116.19,113.41,116.0,10395484
2025-11-26 05:00:00+00:00,116.41,117.04,115.96,116.8,8122754
2025-11-28 05:00:00+00:00,117.07,117.69,117.07,117.53,4827164
2025-12-01 05:00:00+00:00,116.96,118.25,116.91,117.6,11579808
2025-12-02 05:00:00+00:00,117.88,117.96,116.79,117.52,11106054
2025-12-03 05:00:00+00:00,117.53,119.1,117.53,118.78,9369960
2025-12-04 05:00:00+00:00,118.96,119.08,117.69,118.36,11828778
2025-12-05 05:00:00+00:00,118.47,119.37,118.47,119.02,4556898
2025-12-08 05:00:00+00:00,118.54,118.65,117.05,117.29,6400205
2025-12-09 05:00:00+00:00,116.81,117.78,116.63,117.28,5153897
2025-12-10 05:00:00+00:00,117.42,119.56,117.41,119.0,9441040
2025-12-11 05:00:00+00:00,119.01,119.64,118.8,119.46,5863443
2025-12-12 05:00:00+00:00,119.79,120.64,118.94,119.98,7865769
2025-12-15 05:00:00+00:00,120.99,121.67,120.49,121.0,12137601
2025-12-16 05:00:00+00:00,120.94,121.49,120.33,121.2,12052011
2025-12-17 05:00:00+00:00,121.3,121.92,119.8,119.8,10597789
2025-12-18 05:00:00+00:00,121.49,122.89,121.35,121.61,11598164
2025-12-19 05:00:00+00:00,121.64,121.69,121.01,121.12,9729146
2025-12-22 05:00:00+00:00,121.87,122.33,121.6,121.85,8073497
2025-12-23 05:00:00+00:00,121.78,122.16,121.4,121.68,9766443
2025-12-24 05:00:00+00:00,121.79,122.14,121.44,122.1,2250005
2025-12-26 05:00:00+00:00,121.94,122.29,121.39,121.56,4197048
2025-12-29 05:00:00+00:00,121.08,121.08,120.23,120.37,6535427
2025-12-30 05:00:00+00:00,120.13,120.3,119.79,119.88,4180492
2025-12-31 05:00:00+00:00,119.96,119.98,118.88,118.93,4356266
2026-01-02 05:00:00+00:00,119.6,119.64,117.24,117.88,16200887
2026-01-05 05:00:00+00:00,118.48,120.67,118.12,119.82,17621160
2026-01-06 05:00:00+00:00,119.05,120.78,118.96,120.59,17759695
2026-01-07 05:00:00+00:00,120.78,121.64,120.42,120.42,11327783
2026-01-08 05:00:00+00:00,120.1,122.65,119.92,122.43,12565379
2026-01-09 05:00:00+00:00,122.43,124.06,121.69,123.91,13817755
2026-01-12 05:00:00+00:00,123.38,124.51,122.85,124.02,8773125
2026-01-13 05:00:00+00:00,124.03,124.2,122.93,123.71,9033258
2026-01-14 05:00:00+00:00,122.9,122.92,121.15,121.76,10758375
2026-01-15 05:00:00+00:00,122.38,122.76,121.91,122.21,7448084
2026-01-16 05:00:00+00:00,122.27,122.55,121.39,121.81,7058655
2026-01-20 05:00:00+00:00,119.8,120.09,118.43,118.64,9720031
2026-01-21 05:00:00+00:00,118.93,121.41,118.93,120.92,11017703
2026-01-22 05:00:00+00:00,121.64,122.58,121.23,122.13,6594215
2026-01-23 05:00:00+00:00,121.99,122.9,121.74,122.64,6471090
2026-01-26 05:00:00+00:00,122.57,122.91,121.81,121.83,4812744
2026-01-27 05:00:00+00:00,122.25,122.43,121.33,122.2,4270019
2026-01-28 05:00:00+00:00,122.6,123.2,121.11,121.28,8732375
2026-01-29 05:00:00+00:00,121.98,122.11,119.93,120.71,12410378
2026-01-30 05:00:00+00:00,120.78,121.51,120.06,120.69,11706383
2026-02-02 05:00:00+00:00,120.26,121.92,119.64,121.48,8483043
2026-02-03 05:00:00+00:00,121.59,122.27,119.34,120.51,12467805
2026-02-04 05:00:00+00:00,120.62,121.06,118.87,119.62,13915561
2026-02-05 05:00:00+00:00,118.08,118.36,116.6,117.04,13290005
2026-02-06 05:00:00+00:00,115.23,117.69,114.94,117.52,20971381
2026-02-09 05:00:00+00:00,116.96,117.74,115.94,117.08,10975736
2026-02-10 05:00:00+00:00,117.29,118.74,117.23,117.86,9920753
2026-02-11 05:00:00+00:00,117.98,118.41,116.82,117.29,10214126
2026-02-12 05:00:00+00:00,117.93,118.72,115.37,115.67,16374688
2026-02-13 05:00:00+00:00,115.54,116.68,115.07,115.72,10836590
2026-02-17 05:00:00+00:00,115.52,115.86,113.97,115.58,9623012
2026-02-18 05:00:00+00:00,115.65,117.29,115.47,116.55,9719511
2026-02-19 05:00:00+00:00,115.87,116.09,115.12,115.78,9482492
2026-02-20 05:00:00+00:00,115.47,117.18,115.15,116.98,16652927
2026-02-23 05:00:00+00:00,116.17,116.3,113.41,114.53,14605357
2026-02-24 05:00:00+00:00,114.94,116.59,114.86,116.27,11320904
2026-02-25 05:00:00+00:00,116.51,117.12,116.05,116.62,8777024
2026-02-26 05:00:00+00:00,116.76,117.19,115.68,116.58,9561663
2026-02-27 05:00:00+00:00,115.55,116.47,115.19,116.39,9636618
2026-03-02 05:00:00+00:00,113.58,115.27,113.27,114.96,18206236
2026-03-03 05:00:00+00:00,112.65,114.31,111.36,113.9,20773561
2026-03-04 05:00:00+00:00,114.63,116.16,114.42,115.93,11497063
2026-03-05 05:00:00+00:00,115.46,116.61,115.06,116.09,14881933
2026-03-06 05:00:00+00:00,114.32,114.53,113.19,113.98,16346787
2026-03-09 04:00:00+00:00,112.49,114.47,110.55,114.13,16279025
2026-03-10 04:00:00+00:00,114.15,115.27,113.5,113.98,11784793
2026-03-11 04:00:00+00:00,114.37,115.23,113.12,113.68,10961643
2026-03-12 04:00:00+00:00,112.67,112.98,111.03,111.08,12088687
2026-03-13 04:00:00+00:00,111.72,112.04,110.28,110.42,11708981
2026-03-16 04:00:00+00:00,111.34,112.42,111.17,111.75,9307996
2026-03-17 04:00:00+00:00,112.33,113.19,112.27,112.73,6767351
2026-03-18 04:00:00+00:00,112.05,112.54,109.99,110.13,10979585
2026-03-19 04:00:00+00:00,109.19,109.9,108.44,109.26,12496868
2026-03-20 04:00:00+00:00,108.99,108.99,106.72,107.31,12297529
2026-03-23 04:00:00+00:00,109.56,111.2,109.37,109.9,14779499
2026-03-24 04:00:00+00:00,108.82,110.1,108.73,109.46,9032628
2026-03-25 04:00:00+00:00,110.94,111.69,109.88,110.51,9413250
2026-03-26 04:00:00+00:00,109.83,110.68,108.52,108.61,7981501
2026-03-27 04:00:00+00:00,108.09,108.09,105.24,105.47,10455299
2026-03-30 04:00:00+00:00,106.4,106.95,104.98,105.45,10192448
2026-03-31 04:00:00+00:00,107.02,109.19,106.5,108.76,19488098
2026-04-01 04:00:00+00:00,109.47,110.28,108.52,109.58,14468055
2026-04-02 04:00:00+00:00,107.25,109.31,106.89,107.93,9685309
2026-04-06 04:00:00+00:00,107.72,109.01,107.72,108.82,6909694
2026-04-07 04:00:00+00:00,107.89,107.96,106.24,107.56,8956793
2026-04-08 04:00:00+00:00,112.03,112.39,110.06,110.6,14442796
2026-04-09 04:00:00+00:00,110.6,112.67,110.18,112.52,6660875
2026-04-10 04:00:00+00:00,112.78,113.23,112.02,112.67,5607775
2026-04-13 04:00:00+00:00,112.12,113.72,111.78,113.69,5992978
2026-04-14 04:00:00+00:00,114.42,116.59,114.35,116.21,8129039
2026-04-15 04:00:00+00:00,116.3,118.2,115.92,117.94,8035269
2026-04-16 04:00:00+00:00,118.16,118.31,116.87,117.4,5672474
2026-04-17 04:00:00+00:00,119.45,121.61,119.22,120.17,9840260
2026-04-20 04:00:00+00:00,119.9,120.16,118.61,119.63,5450753
2026-04-21 04:00:00+00:00,120.59,120.66,118.44,118.73,7208788
2026-04-22 04:00:00+00:00,119.29,119.52,118.42,118.69,5290204
2026-04-23 04:00:00+00:00,117.98,118.61,116.43,117.51,7531275
2026-04-24 04:00:00+00:00,117.9,118.66,117.44,118.45,5546331
2026-04-27 04:00:00+00:00,117.85,118.21,117.04,117.61,6916428
2026-04-28 04:00:00+00:00,117.22,117.56,116.64,116.78,6741224
2026-04-29 04:00:00+00:00,115.98,116.89,115.9,116.61,8155722
2026-04-30 04:00:00+00:00,118.26,118.43,116.2,118.11,10281165
2026-05-01 04:00:00+00:00,118.37,119.53,117.59,118.39,13071735
2026-05-04 04:00:00+00:00,118.11,119.06,116.96,117.49,10727172
2026-05-05 04:00:00+00:00,118.35,119.05,117.82,117.83,6217439
2026-05-06 04:00:00+00:00,118.73,120.3,118.53,119.63,10431130
2026-05-07 04:00:00+00:00,120.35,120.86,119.08,119.64,7928616
2026-05-08 04:00:00+00:00,120.01,120.89,119.7,119.96,6054572
2026-05-11 04:00:00+00:00,119.14,119.62,118.27,119.13,5829871
2026-05-12 04:00:00+00:00,118.79,119.11,117.21,118.05,6622609
2026-05-13 04:00:00+00:00,117.82,118.99,117.22,118.48,4612036
2026-05-14 04:00:00+00:00,118.77,119.44,118.32,118.43,5967111
2026-05-15 04:00:00+00:00,117.08,117.14,116.08,116.3,10454592
2026-05-18 04:00:00+00:00,116.27,117.55,115.31,116.09,9985623
2026-05-19 04:00:00+00:00,114.9,115.09,113.97,114.8,8578863
2026-05-20 04:00:00+00:00,115.04,117.72,114.55,117.71,12155397
2026-05-21 04:00:00+00:00,117.36,118.98,116.57,118.46,7094673
2026-05-22 04:00:00+00:00,118.92,119.63,118.74,118.94,5290281
2026-05-26 04:00:00+00:00,119.49,120.0,118.46,119.21,5007602
2026-05-27 04:00:00+00:00,120.45,121.7,120.31,121.31,13118224
2026-05-28 04:00:00+00:00,120.86,121.95,120.33,121.82,7592344
2026-05-29 04:00:00+00:00,121.36,121.94,120.59,120.63,7258388
2026-06-01 04:00:00+00:00,119.45,119.59,117.74,117.95,11012742
2026-06-02 04:00:00+00:00,117.29,118.03,116.32,117.36,8219802
2026-06-03 04:00:00+00:00,116.4,117.39,115.89,116.5,6086759
2026-06-04 04:00:00+00:00,117.73,117.95,116.81,117.03,4970245
2026-06-05 04:00:00+00:00,117.17,117.86,114.34,114.63,7699856
2026-06-08 04:00:00+00:00,114.54,115.79,114.54,115.16,6308227
2026-06-09 04:00:00+00:00,115.93,117.35,114.02,115.64,8182431
2026-06-10 04:00:00+00:00,115.23,115.45,113.15,113.26,7515445
2026-06-11 04:00:00+00:00,113.89,116.23,113.21,116.07,8680743
2026-06-12 04:00:00+00:00,116.79,116.79,114.59,116.37,7655660
2026-06-15 04:00:00+00:00,118.37,119.27,118.07,118.33,6590997
2026-06-16 04:00:00+00:00,118.43,119.22,118.1,118.22,6050955
2026-06-17 04:00:00+00:00,117.58,117.93,114.95,115.26,9066234
2026-06-18 04:00:00+00:00,116.42,117.42,115.31,116.93,8728943
2026-06-22 04:00:00+00:00,115.99,116.915,114.87,114.94,7556066
2026-06-23 04:00:00+00:00,113.95,114.66,113.47,113.76,9196591
2026-06-24 04:00:00+00:00,114.15,116.96,113.93,115.07,8301760
2026-06-25 04:00:00+00:00,114.65,115.06,113.13,113.35,7151747
2026-06-26 04:00:00+00:00,113.2,115.46,113.16,114.37,8949353
2026-06-29 04:00:00+00:00,115.21,117.54,115.04,117.12,10587666
2026-06-30 04:00:00+00:00,116.23,117.57,116.23,117.28,5168307
2026-07-01 04:00:00+00:00,117.78,119.1575,116.9,118.09,9864633
2026-07-02 04:00:00+00:00,118.63,119.21,116.575,117.12,10885024
2026-07-06 04:00:00+00:00,117.525,118.19,116.1,118.01,9064076
2026-07-07 04:00:00+00:00,118.92,119.12,117.105,117.39,9191780
2026-07-08 04:00:00+00:00,116.31,116.32,114.435,115.3,15043101
2026-07-09 04:00:00+00:00,114.72,116.875,114.55,116.85,8522160
2026-07-10 04:00:00+00:00,117.59,117.89,116.48,117.24,5971881
2026-07-13 04:00:00+00:00,117.2,117.52,115.62,116.04,5985237
2026-07-14 04:00:00+00:00,116.01,116.4,115.46,115.9,6669690
2026-07-15 04:00:00+00:00,116.46,117.81,116.455,117.0,9073548
2026-07-16 04:00:00+00:00,117.12,118.215,116.86,117.34,6057386
2026-07-17 04:00:00+00:00,115.91,116.87,115.32,115.44,10275602
2026-07-20 04:00:00+00:00,116.22,116.22,114.38,114.61,7802951
2026-07-21 04:00:00+00:00,114.64,115.17,114.28,114.87,6555533
2026-07-22 04:00:00+00:00,114.9,115.23,113.82,114.02,7105450
2026-07-23 04:00:00+00:00,110.48,110.59,108.29,108.76,12648777
2026-07-24 04:00:00+00:00,109.1,109.935,108.65,109.41,8209517
2026-07-27 04:00:00+00:00,110.87,111.36,110.3,110.84,6979851
2026-07-28 04:00:00+00:00,111.66,112.53,111.25,112.48,6016905
2026-07-29 04:00:00+00:00,111.95,113.59,111.44,111.61,7530872
2026-07-30 04:00:00+00:00,112.17,112.795,111.46,112.39,8074843
2026-07-31 04:00:00+00:00,115.44,116.39,114.97,116.09,13158423
2026-08-03 04:00:00+00:00,117.64,119.12,117.64,118.21,10021527
