timestamp,open,high,low,close,volume
2017-02-01 05:00:00+00:00,84.97,85.12,84.36,84.67,5324014
2017-02-02 05:00:00+00:00,84.54,84.97,84.44,84.6,4111267
2017-02-03 05:00:00+00:00,84.34,84.63,84.18,84.49,3777647
2017-02-06 05:00:00+00:00,84.25,84.45,84.1,84.24,4113333
2017-02-07 05:00:00+00:00,84.28,84.41,84.07,84.16,6584557
2017-02-08 05:00:00+00:00,84.16,84.775,84.16,84.68,4206019
2017-02-09 05:00:00+00:00,84.71,85.42,84.71,85.21,3643566
2017-02-10 05:00:00+00:00,85.33,85.76,85.29,85.73,4047776
2017-02-13 05:00:00+00:00,85.93,86.045,85.71,85.83,4634330
2017-02-14 05:00:00+00:00,85.79,86.32,85.76,86.32,3309836
2017-02-15 05:00:00+00:00,86.18,86.795,86.03,86.77,5207911
2017-02-16 05:00:00+00:00,86.68,86.7713,86.17,86.33,3340390
2017-02-17 05:00:00+00:00,86.12,86.61,86.11,86.61,3995561
2017-02-21 05:00:00+00:00,86.99,87.3,86.78,87.11,3791676
2017-02-22 05:00:00+00:00,87.02,87.21,86.93,87.11,2465631
2017-02-23 05:00:00+00:00,87.22,87.32,86.45,86.52,3583300
2017-02-24 05:00:00+00:00,86.37,86.92,86.18,86.92,4899221
2017-02-27 05:00:00+00:00,86.95,87.075,86.66,87.02,3607185
2017-02-28 05:00:00+00:00,86.79,86.81,86.3,86.37,4460504
2017-03-01 05:00:00+00:00,87.3,87.58,87.02,87.3,9103415
2017-03-02 05:00:00+00:00,87.3,87.43,87.06,87.13,4334367
2017-03-03 05:00:00+00:00,87.04,87.22,86.68,87.0,3383623
2017-03-06 05:00:00+00:00,86.72,86.81,86.39,86.72,2669945
2017-03-07 05:00:00+00:00,86.69,86.73,86.34,86.44,3163451
2017-03-08 05:00:00+00:00,86.57,86.96,86.54,86.8,2742175
2017-03-09 05:00:00+00:00,86.76,86.97,86.47,86.72,2822609
2017-03-10 05:00:00+00:00,87.1,87.18,86.67,86.85,3576791
2017-03-13 04:00:00+00:00,86.91,87.11,86.795,87.08,2547966
2017-03-14 04:00:00+00:00,86.99,87.2,86.77,87.06,4078031
2017-03-15 04:00:00+00:00,87.23,87.69,86.95,87.52,3947860
2017-03-16 04:00:00+00:00,87.58,87.745,87.41,87.51,7223970
2017-03-17 04:00:00+00:00,87.35,87.53,87.1,87.36,4985235
2017-03-20 04:00:00+00:00,87.43,87.45,86.9827,87.15,2639009
2017-03-21 04:00:00+00:00,87.36,87.49,85.9911,86.05,4817526
2017-03-22 04:00:00+00:00,85.98,86.27,85.65,86.15,6599046
2017-03-23 04:00:00+00:00,86.3,86.8,86.1,86.35,3727298
2017-03-24 04:00:00+00:00,86.44,86.84,86.19,86.56,3413255
2017-03-27 04:00:00+00:00,86.04,86.675,85.71,86.53,4965577
2017-03-28 04:00:00+00:00,86.52,87.38,86.37,87.19,4468183
2017-03-29 04:00:00+00:00,87.19,87.77,87.1,87.71,4714431
2017-03-30 04:00:00+00:00,87.55,87.95,87.47,87.94,5093844
2017-03-31 04:00:00+00:00,87.8,88.17,87.77,87.95,2539826
2017-04-03 04:00:00+00:00,87.96,88.01,87.1,87.6,6457969
2017-04-04 04:00:00+00:00,87.35,87.59,87.27,87.46,4531842
2017-04-05 04:00:00+00:00,87.79,88.26,87.13,87.25,4501389
2017-04-06 04:00:00+00:00,87.3,87.8,87.27,87.52,3144772
2017-04-07 04:00:00+00:00,87.36,87.56,87.1365,87.26,4039700
2017-04-10 04:00:00+00:00,87.29,87.88,87.26,87.58,2485332
2017-04-11 04:00:00+00:00,87.55,87.69,86.88,87.51,5545348
2017-04-12 04:00:00+00:00,87.44,87.5499,87.09,87.16,2529746
2017-04-13 04:00:00+00:00,87.03,87.325,86.55,86.55,5268066
2017-04-17 04:00:00+00:00,86.77,87.44,86.77,87.44,3670094
2017-04-18 04:00:00+00:00,87.23,87.59,87.01,87.45,2629501
2017-04-19 04:00:00+00:00,87.74,88.09,87.46,87.53,3843217
2017-04-20 04:00:00+00:00,87.9,88.62,87.87,88.45,4688264
2017-04-21 04:00:00+00:00,88.33,88.42,88.03,88.25,3760023
2017-04-24 04:00:00+00:00,89.18,89.209,88.72,88.82,4581709
2017-04-25 04:00:00+00:00,89.12,89.645,89.12,89.52,6113314
2017-04-26 04:00:00+00:00,89.75,90.3175,89.63,89.94,4183994
2017-04-27 04:00:00+00:00,90.4,90.545,90.17,90.42,4078382
2017-04-28 04:00:00+00:00,90.61,90.78,89.95,90.08,5870296
2017-05-01 04:00:00+00:00,90.26,90.52,90.0741,90.18,6129803
2017-05-02 04:00:00+00:00,90.23,90.28,89.75,90.28,4094344
2017-05-03 04:00:00+00:00,90.41,90.45,89.49,89.75,2922272
2017-05-04 04:00:00+00:00,89.82,89.82,89.27,89.61,6557339
2017-05-05 04:00:00+00:00,89.97,90.17,89.53,90.17,3391456
2017-05-08 04:00:00+00:00,90.49,90.51,90.015,90.365,2573544
2017-05-09 04:00:00+00:00,90.54,90.93,90.37,90.86,10441310
2017-05-10 04:00:00+00:00,90.49,90.58,90.215,90.55,3593184
2017-05-11 04:00:00+00:00,90.38,90.38,89.46,90.01,5004893
2017-05-12 04:00:00+00:00,90.1,90.1,89.77,89.88,3365356
2017-05-15 04:00:00+00:00,89.9,90.28,89.795,89.9,4456464
2017-05-16 04:00:00+00:00,89.95,90.02,89.53,89.59,4355392
2017-05-17 04:00:00+00:00,89.04,89.27,88.13,88.17,8640497
2017-05-18 04:00:00+00:00,88.14,89.06,88.14,88.66,7436158
2017-05-19 04:00:00+00:00,88.8,89.54,88.7,89.25,3875862
2017-05-22 04:00:00+00:00,89.42,89.8,89.37,89.7,3069670
2017-05-23 04:00:00+00:00,89.96,89.96,89.22,89.34,2197605
2017-05-24 04:00:00+00:00,89.33,89.71,89.005,89.68,4546689
2017-05-25 04:00:00+00:00,89.97,90.75,89.97,90.47,3512052
2017-05-26 04:00:00+00:00,90.59,90.79,90.49,90.74,2378784
2017-05-30 04:00:00+00:00,90.74,91.03,90.73,90.81,2845199
2017-05-31 04:00:00+00:00,90.97,91.09,90.33,91.06,5322112
2017-06-01 04:00:00+00:00,91.46,91.91,91.01,91.91,5297833
2017-06-02 04:00:00+00:00,91.96,92.3452,91.83,92.24,3292740
2017-06-05 04:00:00+00:00,92.34,92.42,91.82,91.99,10645082
2017-06-06 04:00:00+00:00,91.67,91.855,91.13,91.19,3708169
2017-06-07 04:00:00+00:00,91.34,91.515,91.15,91.36,4796732
2017-06-08 04:00:00+00:00,91.37,91.47,90.65,90.77,5595209
2017-06-09 04:00:00+00:00,90.86,90.99,89.56,90.37,11674056
2017-06-12 04:00:00+00:00,90.08,90.555,89.95,90.32,6535943
2017-06-13 04:00:00+00:00,90.53,91.01,90.5001,90.88,4392602
2017-06-14 04:00:00+00:00,91.21,91.35,90.36,90.83,4956126
2017-06-15 04:00:00+00:00,90.16,90.52,89.715,90.45,3689246
2017-06-16 04:00:00+00:00,90.5,90.5,89.64,90.15,8130220
2017-06-19 04:00:00+00:00,90.53,90.98,90.3,90.84,3492031
2017-06-20 04:00:00+00:00,90.68,90.7,89.68,89.7,3453721
2017-06-21 04:00:00+00:00,89.93,89.98,89.52,89.84,3211734
2017-06-22 04:00:00+00:00,89.83,89.965,89.61,89.63,3957178
2017-06-23 04:00:00+00:00,89.63,89.63,89.23,89.52,4040505
2017-06-26 04:00:00+00:00,89.96,90.11,89.56,89.84,4806818
2017-06-27 04:00:00+00:00,89.65,89.9866,89.13,89.13,4106424
2017-06-28 04:00:00+00:00,89.39,90.1275,89.33,90.03,5225688
2017-06-29 04:00:00+00:00,89.86,89.95,88.46,89.16,5098597
2017-06-30 04:00:00+00:00,89.6,90.02,89.44,89.63,5398433
2017-07-03 04:00:00+00:00,89.88,90.32,89.5,89.54,2928541
2017-07-05 04:00:00+00:00,89.53,89.55,88.895,89.32,4046861
2017-07-06 04:00:00+00:00,88.77,89.04,88.35,88.41,3891837
2017-07-07 04:00:00+00:00,88.6,89.2661,88.6,89.2,2700455
2017-07-10 04:00:00+00:00,89.27,89.53,89.01,89.37,2728277
2017-07-11 04:00:00+00:00,89.29,89.35,88.72,89.18,3266133
2017-07-12 04:00:00+00:00,89.71,90.02,89.65,89.89,3191073
2017-07-13 04:00:00+00:00,90.15,90.25,89.83,89.9,3552767
2017-07-14 04:00:00+00:00,90.18,90.3,89.785,90.19,6014464
2017-07-17 04:00:00+00:00,90.19,90.56,90.19,90.41,3240144
2017-07-18 04:00:00+00:00,90.33,90.83,90.26,90.82,3975033
2017-07-19 04:00:00+00:00,90.99,91.359,90.92,91.26,2866665
2017-07-20 04:00:00+00:00,91.35,91.42,90.76,91.06,5001906
2017-07-21 04:00:00+00:00,90.64,91.13,90.64,91.13,3393315
2017-07-24 04:00:00+00:00,91.16,91.16,90.72,90.82,2123632
2017-07-25 04:00:00+00:00,91.16,91.6952,91.01,91.46,5195544
2017-07-26 04:00:00+00:00,91.61,91.63,91.32,91.42,3074817
2017-07-27 04:00:00+00:00,91.8,92.55,91.32,92.09,7222376
2017-07-28 04:00:00+00:00,91.19,91.5,91.04,91.39,3962945
2017-07-31 04:00:00+00:00,91.72,91.85,91.0563,91.36,3224218
2017-08-01 04:00:00+00:00,91.63,91.7,91.23,91.52,4606912
2017-08-02 04:00:00+00:00,91.48,91.52,90.73,91.27,2964303
2017-08-03 04:00:00+00:00,91.18,91.495,90.985,91.02,3952275
2017-08-04 04:00:00+00:00,91.22,91.22,90.66,91.03,2560510
2017-08-07 04:00:00+00:00,91.19,91.37,91.07,91.24,3992819
2017-08-08 04:00:00+00:00,91.24,91.77,91.02,91.29,3093017
2017-08-09 04:00:00+00:00,90.21,90.82,90.04,90.77,5044949
2017-08-10 04:00:00+00:00,90.38,90.53,89.38,89.4,5159739
2017-08-11 04:00:00+00:00,89.18,90.05,89.18,89.86,5391743
2017-08-14 04:00:00+00:00,90.36,90.8,90.34,90.5,3966446
2017-08-15 04:00:00+00:00,90.46,90.54,89.66,89.67,3176876
2017-08-16 04:00:00+00:00,90.0,90.3,89.75,90.13,2534603
2017-08-17 04:00:00+00:00,89.9,90.0,88.69,88.69,5144948
2017-08-18 04:00:00+00:00,88.5,88.74,88.15,88.25,7518620
2017-08-21 04:00:00+00:00,88.22,88.53,87.89,88.41,10615753
2017-08-22 04:00:00+00:00,88.67,89.46,88.62,89.36,4615845
2017-08-23 04:00:00+00:00,88.76,88.92,88.45,88.6,5419479
2017-08-24 04:00:00+00:00,89.04,89.25,88.27,88.41,2819612
2017-08-25 04:00:00+00:00,88.67,89.01,88.47,88.63,3556059
2017-08-28 04:00:00+00:00,88.92,88.98,88.56,88.68,2220775
2017-08-29 04:00:00+00:00,88.11,88.7,87.97,88.6,2818479
2017-08-30 04:00:00+00:00,88.65,89.35,88.56,89.24,2317922
2017-08-31 04:00:00+00:00,89.49,89.74,89.36,89.66,4235330
2017-09-01 04:00:00+00:00,89.89,90.23,89.84,90.07,2608592
2017-09-05 04:00:00+00:00,89.82,90.2,89.18,89.72,5077715
2017-09-06 04:00:00+00:00,89.84,90.365,89.65,90.25,3074165
2017-09-07 04:00:00+00:00,90.45,90.57,89.27,89.49,5627697
2017-09-08 04:00:00+00:00,89.3,89.38,89.015,89.18,2656139
2017-09-11 04:00:00+00:00,89.49,89.73,89.42,89.64,3563823
2017-09-12 04:00:00+00:00,89.86,90.17,89.7432,90.04,2778667
2017-09-13 04:00:00+00:00,89.99,90.69,89.99,90.69,3441910
2017-09-14 04:00:00+00:00,90.47,90.7,90.17,90.2,3819937
2017-09-15 04:00:00+00:00,89.71,89.97,89.58,89.63,4055933
2017-09-18 04:00:00+00:00,89.91,89.98,89.1234,89.32,6897291
2017-09-19 04:00:00+00:00,89.33,89.48,88.91,89.24,7708629
2017-09-20 04:00:00+00:00,89.569,89.61,89.06,89.54,3800298
2017-09-21 04:00:00+00:00,89.51,89.61,89.24,89.39,4812222
2017-09-22 04:00:00+00:00,89.16,89.59,89.142,89.54,4256467
2017-09-25 04:00:00+00:00,89.51,89.71,89.06,89.35,7543283
2017-09-26 04:00:00+00:00,89.61,89.79,89.165,89.36,3161925
2017-09-27 04:00:00+00:00,89.59,90.02,89.2,89.85,5385750
2017-09-28 04:00:00+00:00,89.72,89.82,89.58,89.74,3744711
2017-09-29 04:00:00+00:00,89.75,90.175,89.71,90.08,3646045
2017-10-02 04:00:00+00:00,90.19,90.45,90.063,90.25,3066311
2017-10-03 04:00:00+00:00,90.4,90.645,90.33,90.63,4982299
2017-10-04 04:00:00+00:00,90.7,91.1562,90.6024,91.1,5122691
2017-10-05 04:00:00+00:00,91.24,91.635,91.12,91.61,7386521
2017-10-06 04:00:00+00:00,91.46,91.85,91.46,91.72,3227605
2017-10-09 04:00:00+00:00,91.88,91.89,91.34,91.43,4902028
2017-10-10 04:00:00+00:00,91.49,91.77,91.12,91.34,2808021
2017-10-11 04:00:00+00:00,91.39,91.49,91.16,91.39,4763425
2017-10-12 04:00:00+00:00,91.05,91.07,90.58,90.78,4817880
2017-10-13 04:00:00+00:00,90.95,91.3,90.84,91.22,2847062
2017-10-16 04:00:00+00:00,91.26,91.38,91.06,91.34,4910222
2017-10-17 04:00:00+00:00,91.32,91.54,91.16,91.39,2865563
2017-10-18 04:00:00+00:00,91.47,91.51,91.12,91.14,5351619
2017-10-19 04:00:00+00:00,90.76,91.15,90.54,91.14,4776654
2017-10-20 04:00:00+00:00,91.5,91.59,91.25,91.36,5041911
2017-10-23 04:00:00+00:00,91.46,91.54,90.67,90.74,3007445
2017-10-24 04:00:00+00:00,90.84,91.11,90.84,90.96,3791168
2017-10-25 04:00:00+00:00,90.78,90.92,90.12,90.61,4865963
2017-10-26 04:00:00+00:00,90.61,91.26,90.53,90.93,3718466
2017-10-27 04:00:00+00:00,91.61,92.45,91.18,92.4,6273509
2017-10-30 04:00:00+00:00,92.03,92.19,91.775,91.98,4479351
2017-10-31 04:00:00+00:00,92.08,92.18,91.91,91.99,3355707
2017-11-01 04:00:00+00:00,92.29,92.59,91.98,92.02,4622928
2017-11-02 04:00:00+00:00,91.77,91.88,91.0,91.33,4764176
2017-11-03 04:00:00+00:00,91.28,91.74,91.06,91.7,4045365
2017-11-06 05:00:00+00:00,91.52,92.41,91.52,92.37,4104027
2017-11-07 05:00:00+00:00,92.26,92.55,91.69,91.82,2562182
2017-11-08 05:00:00+00:00,91.68,91.97,91.59,91.92,2777106
2017-11-09 05:00:00+00:00,91.4,92.19,91.18,92.06,3597592
2017-11-10 05:00:00+00:00,92.03,92.49,91.95,92.37,2563459
2017-11-13 05:00:00+00:00,92.08,92.87,91.9,92.68,6640078
2017-11-14 05:00:00+00:00,92.39,92.78,92.13,92.76,4295244
2017-11-15 05:00:00+00:00,92.31,92.67,91.83,92.36,3522060
2017-11-16 05:00:00+00:00,92.51,93.21,92.44,93.12,4428190
2017-11-17 05:00:00+00:00,93.34,93.695,93.27,93.54,5282272
2017-11-20 05:00:00+00:00,93.69,93.92,93.51,93.72,2498576
2017-11-21 05:00:00+00:00,93.96,94.36,93.83,94.3,5301892
2017-11-22 05:00:00+00:00,94.34,94.58,94.28,94.39,3291412
2017-11-24 05:00:00+00:00,94.61,94.67,94.48,94.63,1777713
2017-11-27 05:00:00+00:00,94.88,95.09,94.5288,94.7,4076847
2017-11-28 05:00:00+00:00,94.85,95.75,94.73,95.75,6525072
2017-11-29 05:00:00+00:00,95.83,96.42,95.68,96.16,6432319
2017-11-30 05:00:00+00:00,96.32,97.05,96.09,96.65,8367711
2017-12-01 05:00:00+00:00,96.55,96.92,95.25,96.61,12252729
2017-12-04 05:00:00+00:00,97.59,98.37,97.55,97.73,6951486
2017-12-05 05:00:00+00:00,97.7,97.93,97.14,97.17,7768103
2017-12-06 05:00:00+00:00,97.04,97.23,96.48,96.54,6468713
2017-12-07 05:00:00+00:00,96.47,96.97,96.33,96.79,4030678
2017-12-08 05:00:00+00:00,97.06,97.44,96.8204,97.25,6000419
2017-12-11 05:00:00+00:00,97.33,97.49,97.125,97.46,3577445
2017-12-12 05:00:00+00:00,97.73,97.81,97.465,97.5,2806595
2017-12-13 05:00:00+00:00,97.7,97.81,97.435,97.58,3699834
2017-12-14 05:00:00+00:00,97.69,98.17,97.61,97.88,4402889
2017-12-15 05:00:00+00:00,98.0,98.23,97.74,97.97,7009704
2017-12-18 05:00:00+00:00,98.59,99.0137,98.47,98.85,6205027
2017-12-19 05:00:00+00:00,98.96,99.08,98.55,98.73,7244887
2017-12-20 05:00:00+00:00,99.06,99.125,98.49,98.53,2567052
2017-12-21 05:00:00+00:00,98.66,99.39,98.58,99.17,2524430
2017-12-22 05:00:00+00:00,99.04,99.04,98.79,98.98,4321768
2017-12-26 05:00:00+00:00,98.86,99.31,98.86,99.2,1580686
2017-12-27 05:00:00+00:00,99.38,99.39,98.905,99.0,1931701
2017-12-28 05:00:00+00:00,99.35,99.35,99.06,99.27,5164819
2017-12-29 05:00:00+00:00,99.3,99.43,98.62,98.69,2772074
2018-01-02 05:00:00+00:00,99.11,100.19,99.11,100.16,5211271
2018-01-03 05:00:00+00:00,100.29,100.73,100.27,100.65,5471117
2018-01-04 05:00:00+00:00,101.04,101.11,100.46,100.98,3608348
2018-01-05 05:00:00+00:00,101.43,101.83,101.1964,101.78,4374159
2018-01-08 05:00:00+00:00,101.83,102.07,101.7,101.9,2711423
2018-01-09 05:00:00+00:00,102.2,102.34,101.76,102.1,3310568
2018-01-10 05:00:00+00:00,101.73,102.17,101.491,102.03,2885179
2018-01-11 05:00:00+00:00,102.28,103.7,102.18,103.69,3831890
2018-01-12 05:00:00+00:00,103.89,105.07,103.76,105.03,4261808
2018-01-16 05:00:00+00:00,105.56,106.0195,104.01,104.28,9776225
2018-01-17 05:00:00+00:00,104.77,104.99,104.12,104.78,7014557
2018-01-18 05:00:00+00:00,104.74,104.9162,104.42,104.69,3482533
2018-01-19 05:00:00+00:00,105.19,105.61,104.87,105.6,3864853
2018-01-22 05:00:00+00:00,105.59,106.77,105.5,106.77,7821672
2018-01-23 05:00:00+00:00,107.34,107.8,107.13,107.67,4240350
2018-01-24 05:00:00+00:00,108.15,108.76,107.16,108.13,6529200
2018-01-25 05:00:00+00:00,108.59,108.67,107.47,107.94,5299175
2018-01-26 05:00:00+00:00,108.18,109.0,107.91,109.0,4030680
2018-01-29 05:00:00+00:00,108.89,109.3362,108.46,108.7,7037473
2018-01-30 05:00:00+00:00,107.89,108.5753,107.5401,108.16,5435106
2018-01-31 05:00:00+00:00,108.66,109.04,107.58,107.82,11350395
2018-02-01 05:00:00+00:00,107.14,107.97,106.515,106.61,9607452
2018-02-02 05:00:00+00:00,107.07,107.99,105.36,105.59,10864272
2018-02-05 05:00:00+00:00,104.71,106.23,101.1,102.01,23953289
2018-02-06 05:00:00+00:00,100.0,104.85,99.74,104.64,23338736
2018-02-07 05:00:00+00:00,104.72,106.19,104.29,104.32,13330475
2018-02-08 05:00:00+00:00,104.46,104.73,100.08,100.16,15908872
2018-02-09 05:00:00+00:00,101.14,101.6659,97.1001,100.83,22274723
2018-02-12 05:00:00+00:00,101.79,102.765,100.7453,102.2,12750771
2018-02-13 05:00:00+00:00,101.79,102.97,101.62,102.73,5224876
2018-02-14 05:00:00+00:00,102.24,104.57,102.161,104.37,6850355
2018-02-15 05:00:00+00:00,105.0,105.3,103.87,105.3,5720011
2018-02-16 05:00:00+00:00,104.97,105.63,104.56,104.79,4833905
2018-02-20 05:00:00+00:00,104.51,105.6,104.06,104.47,5962476
2018-02-21 05:00:00+00:00,104.94,106.01,104.32,104.32,5083850
2018-02-22 05:00:00+00:00,104.83,105.2499,104.14,104.45,4561777
2018-02-23 05:00:00+00:00,105.05,105.91,104.56,105.91,3081059
2018-02-26 05:00:00+00:00,106.31,106.8,106.05,106.8,4062730
2018-02-27 05:00:00+00:00,106.9,106.9,104.52,104.54,6631692
2018-02-28 05:00:00+00:00,105.1,105.54,104.05,104.07,6232840
2018-03-01 05:00:00+00:00,104.18,104.68,101.92,102.95,9683586
2018-03-02 05:00:00+00:00,101.81,103.225,101.29,103.05,7341128
2018-03-05 05:00:00+00:00,102.67,104.5,102.42,104.28,5104598
2018-03-06 05:00:00+00:00,104.76,105.05,104.0659,105.0,7700339
2018-03-07 05:00:00+00:00,103.96,104.535,103.44,104.29,5361953
2018-03-08 05:00:00+00:00,104.69,104.8,104.295,104.62,4275592
2018-03-09 05:00:00+00:00,105.33,106.27,105.035,106.24,3738624
2018-03-12 04:00:00+00:00,106.59,107.03,106.34,106.59,4395842
2018-03-13 04:00:00+00:00,107.18,107.4,105.67,105.84,5961230
2018-03-14 04:00:00+00:00,106.39,106.53,105.44,105.71,5206281
2018-03-15 04:00:00+00:00,105.92,106.15,105.42,105.6,3885999
2018-03-16 04:00:00+00:00,105.32,105.87,105.17,105.18,3432415
2018-03-19 04:00:00+00:00,104.79,104.83,103.11,103.87,5823583
2018-03-20 04:00:00+00:00,104.06,104.635,104.01,104.49,3919210
2018-03-21 04:00:00+00:00,104.62,105.2,104.09,104.41,5584109
2018-03-22 04:00:00+00:00,103.6,103.86,102.14,102.19,7027850
2018-03-23 04:00:00+00:00,102.48,102.92,100.15,100.18,9268122
2018-03-26 04:00:00+00:00,101.8,103.24,100.811,103.14,7415922
2018-03-27 04:00:00+00:00,103.56,103.78,100.47,101.12,6386532
2018-03-28 04:00:00+00:00,100.54,101.21,99.183,99.89,13078127
2018-03-29 04:00:00+00:00,100.0,101.79,99.28,101.29,7741311
2018-04-02 04:00:00+00:00,100.68,100.82,97.481,98.43,12154341
2018-04-03 04:00:00+00:00,99.01,100.22,98.26,99.68,7399728
2018-04-04 04:00:00+00:00,98.17,101.71,98.0683,101.51,7573633
2018-04-05 04:00:00+00:00,102.37,103.2,101.795,102.87,4343649
2018-04-06 04:00:00+00:00,101.88,102.79,100.03,100.68,8896995
2018-04-09 04:00:00+00:00,101.39,101.981,100.34,100.44,4315902
2018-04-10 04:00:00+00:00,101.73,101.93,100.75,101.68,6514962
2018-04-11 04:00:00+00:00,101.24,102.265,101.0,101.35,4875486
2018-04-12 04:00:00+00:00,101.97,102.38,101.425,101.79,3130364
2018-04-13 04:00:00+00:00,102.33,102.51,100.85,101.22,4489700
2018-04-16 04:00:00+00:00,101.85,102.37,101.39,101.98,4467926
2018-04-17 04:00:00+00:00,102.97,104.08,102.97,103.88,4249572
2018-04-18 04:00:00+00:00,104.24,104.865,104.15,104.37,3336286
2018-04-19 04:00:00+00:00,104.39,104.63,103.5362,104.04,10242849
2018-04-20 04:00:00+00:00,104.13,104.2669,102.56,102.98,6365004
2018-04-23 04:00:00+00:00,103.16,103.87,102.58,103.2,7068932
2018-04-24 04:00:00+00:00,103.78,103.99,101.03,101.57,6814761
2018-04-25 04:00:00+00:00,101.38,102.24,100.52,101.99,10636795
2018-04-26 04:00:00+00:00,102.6,103.84,102.39,103.64,7359388
2018-04-27 04:00:00+00:00,105.01,105.25,103.86,104.11,4504143
2018-04-30 04:00:00+00:00,104.59,105.125,103.69,103.7,5078488
2018-05-01 04:00:00+00:00,103.36,103.89,102.55,103.84,5736924
2018-05-02 04:00:00+00:00,103.55,104.08,103.02,103.13,4873721
2018-05-03 04:00:00+00:00,102.69,102.94,101.36,102.67,7946428
2018-05-04 04:00:00+00:00,102.2,104.27,102.07,104.02,4098475
2018-05-07 04:00:00+00:00,104.56,104.67,103.99,104.37,3642146
2018-05-08 04:00:00+00:00,104.1,104.335,103.365,103.93,6372722
2018-05-09 04:00:00+00:00,104.09,104.36,103.44,104.31,4387607
2018-05-10 04:00:00+00:00,104.27,104.77,104.13,104.67,3064660
2018-05-11 04:00:00+00:00,104.68,105.02,104.54,104.89,4748337
2018-05-14 04:00:00+00:00,105.05,105.425,104.94,105.09,3570278
2018-05-15 04:00:00+00:00,104.53,104.67,103.99,104.48,4635214
2018-05-16 04:00:00+00:00,104.61,105.57,104.61,105.35,3428926
2018-05-17 04:00:00+00:00,105.12,105.75,104.74,105.0,6421563
2018-05-18 04:00:00+00:00,104.84,105.17,104.64,104.86,4386591
2018-05-21 04:00:00+00:00,105.37,105.72,105.1,105.45,11044725
2018-05-22 04:00:00+00:00,105.83,106.0698,104.91,104.98,3049166
2018-05-23 04:00:00+00:00,104.6,105.75,104.47,105.74,5206319
2018-05-24 04:00:00+00:00,105.63,106.15,105.11,105.97,6899799
2018-05-25 04:00:00+00:00,105.92,106.54,105.81,106.13,4115281
2018-05-29 04:00:00+00:00,105.61,106.07,104.895,105.31,6263122
2018-05-30 04:00:00+00:00,105.8,106.3951,105.56,106.27,5178301
2018-05-31 04:00:00+00:00,106.31,106.34,105.4,105.76,6558972
2018-06-01 04:00:00+00:00,106.22,106.65,106.11,106.54,5757823
2018-06-04 04:00:00+00:00,106.86,107.77,106.81,107.75,5534160
2018-06-05 04:00:00+00:00,107.79,108.46,107.58,108.36,4861128
2018-06-06 04:00:00+00:00,108.67,109.45,108.17,109.37,5757387
2018-06-07 04:00:00+00:00,109.64,110.08,109.33,109.69,5985450
2018-06-08 04:00:00+00:00,109.3,110.2816,109.2,109.92,3909045
2018-06-11 04:00:00+00:00,109.93,110.6,109.93,110.36,3338809
2018-06-12 04:00:00+00:00,110.56,111.09,110.49,110.89,3540630
2018-06-13 04:00:00+00:00,110.98,111.635,110.86,111.06,5185414
2018-06-14 04:00:00+00:00,111.42,112.235,111.37,112.22,4365375
2018-06-15 04:00:00+00:00,111.42,112.21,111.35,112.11,9410797
2018-06-18 04:00:00+00:00,111.37,112.15,111.16,111.92,4248516
2018-06-19 04:00:00+00:00,110.93,111.79,110.7359,111.78,6555615
2018-06-20 04:00:00+00:00,112.36,112.6,111.91,112.31,4010359
2018-06-21 04:00:00+00:00,112.47,112.62,111.32,111.51,7790446
2018-06-22 04:00:00+00:00,112.0,112.16,111.24,111.32,5985304
2018-06-25 04:00:00+00:00,110.86,110.86,108.27,108.9,12347797
2018-06-26 04:00:00+00:00,109.31,110.03,109.0,109.68,4710731
2018-06-27 04:00:00+00:00,110.12,110.52,108.24,108.26,6929477
2018-06-28 04:00:00+00:00,108.37,109.355,107.8,109.11,6054555
2018-06-29 04:00:00+00:00,109.9,110.35,109.28,109.3,5903767
2018-07-02 04:00:00+00:00,108.51,109.48,108.22,109.45,7035807
2018-07-03 04:00:00+00:00,109.96,109.96,108.72,108.9,2985262
2018-07-05 04:00:00+00:00,109.53,109.63,108.56,109.44,3888755
2018-07-06 04:00:00+00:00,109.48,110.46,109.22,110.3,5314377
2018-07-09 04:00:00+00:00,110.99,111.64,110.745,111.62,3909548
2018-07-10 04:00:00+00:00,111.84,111.97,111.34,111.86,3269730
2018-07-11 04:00:00+00:00,111.16,111.84,111.07,111.6,4490088
2018-07-12 04:00:00+00:00,112.02,112.43,111.53,112.34,2951563
2018-07-13 04:00:00+00:00,112.41,112.77,112.23,112.59,6108028
2018-07-16 04:00:00+00:00,112.87,113.05,112.435,112.87,3145779
2018-07-17 04:00:00+00:00,111.7,113.23,111.47,112.98,4131059
2018-07-18 04:00:00+00:00,112.91,113.31,112.55,112.91,6902517
2018-07-19 04:00:00+00:00,112.66,113.3,112.57,112.65,3653048
2018-07-20 04:00:00+00:00,112.66,112.83,112.105,112.15,3414977
2018-07-23 04:00:00+00:00,112.13,112.25,111.42,112.03,3400269
2018-07-24 04:00:00+00:00,112.71,112.89,111.44,111.7,5075101
2018-07-25 04:00:00+00:00,111.39,112.56,111.06,112.52,6836477
2018-07-26 04:00:00+00:00,112.4,112.79,111.691,111.93,6239923
2018-07-27 04:00:00+00:00,113.41,113.57,111.14,111.64,6627655
2018-07-30 04:00:00+00:00,111.65,111.83,110.44,110.78,6676776
2018-07-31 04:00:00+00:00,111.07,111.725,110.48,111.23,6322003
2018-08-01 04:00:00+00:00,111.38,111.48,110.24,110.72,5399419
2018-08-02 04:00:00+00:00,110.2,111.56,110.03,111.48,4488211
2018-08-03 04:00:00+00:00,111.7,112.01,111.49,111.86,3377643
2018-08-06 04:00:00+00:00,111.93,112.73,111.61,112.61,3749180
2018-08-07 04:00:00+00:00,112.84,113.295,112.62,113.08,3314238
2018-08-08 04:00:00+00:00,113.08,113.43,112.86,113.25,2797013
2018-08-09 04:00:00+00:00,113.21,114.07,113.0001,113.67,5697802
2018-08-10 04:00:00+00:00,113.04,113.25,112.43,112.72,5153505
2018-08-13 04:00:00+00:00,113.04,113.14,112.12,112.15,6546651
2018-08-14 04:00:00+00:00,112.81,113.4,112.425,113.24,4428188
2018-08-15 04:00:00+00:00,112.65,112.65,111.2,111.86,6405187
2018-08-16 04:00:00+00:00,112.61,112.96,112.29,112.41,4052886
2018-08-17 04:00:00+00:00,112.29,112.71,111.75,112.51,3083531
2018-08-20 04:00:00+00:00,112.89,113.365,112.58,113.31,6831209
2018-08-21 04:00:00+00:00,113.64,114.59,113.59,114.21,4298665
2018-08-22 04:00:00+00:00,114.22,114.89,114.2,114.33,2796633
2018-08-23 04:00:00+00:00,114.42,114.84,114.01,114.22,4703667
2018-08-24 04:00:00+00:00,114.44,115.03,114.26,114.89,6485409
2018-08-27 04:00:00+00:00,115.46,115.805,115.35,115.63,3121102
2018-08-28 04:00:00+00:00,115.93,116.01,115.45,115.86,4166577
2018-08-29 04:00:00+00:00,116.17,117.24,115.9399,117.16,8389501
2018-08-30 04:00:00+00:00,116.97,117.16,116.09,116.5,4467433
2018-08-31 04:00:00+00:00,116.41,117.18,116.41,116.95,4282461
2018-09-04 04:00:00+00:00,116.83,117.44,116.36,117.17,4873461
2018-09-05 04:00:00+00:00,117.08,117.1,115.825,115.91,8026508
2018-09-06 04:00:00+00:00,116.22,116.58,115.08,115.59,5641370
2018-09-07 04:00:00+00:00,115.05,116.295,114.8,115.57,4515838
2018-09-10 04:00:00+00:00,116.37,116.45,115.7,116.01,4127144
2018-09-11 04:00:00+00:00,115.76,117.02,115.555,116.94,4976687
2018-09-12 04:00:00+00:00,116.96,117.23,116.18,117.16,4806164
2018-09-13 04:00:00+00:00,117.6,117.74,117.11,117.36,5307331
2018-09-14 04:00:00+00:00,117.36,117.58,116.44,116.92,3155109
2018-09-17 04:00:00+00:00,116.75,116.77,115.37,115.47,5301406
2018-09-18 04:00:00+00:00,115.56,117.065,115.55,116.94,3790819
2018-09-19 04:00:00+00:00,117.09,117.27,116.5,116.99,3225073
2018-09-20 04:00:00+00:00,117.53,117.965,117.3,117.79,4967651
2018-09-21 04:00:00+00:00,118.0,118.08,116.88,116.92,8392648
2018-09-24 04:00:00+00:00,116.53,116.53,115.73,116.16,4936792
2018-09-25 04:00:00+00:00,116.44,116.73,116.18,116.65,4409630
2018-09-26 04:00:00+00:00,116.62,117.775,116.49,116.92,6794012
2018-09-27 04:00:00+00:00,116.94,117.62,116.75,117.32,5958294
2018-09-28 04:00:00+00:00,117.1,117.73,117.09,117.22,3586121
2018-10-01 04:00:00+00:00,117.91,118.13,116.86,116.86,8457809
2018-10-02 04:00:00+00:00,116.88,116.9,115.25,115.28,10467222
2018-10-03 04:00:00+00:00,115.85,115.95,114.84,114.89,10362092
2018-10-04 04:00:00+00:00,114.67,114.795,112.7073,113.09,14256141
2018-10-05 04:00:00+00:00,113.15,113.59,111.335,112.24,7565670
2018-10-08 04:00:00+00:00,111.82,112.97,111.27,112.53,7374769
2018-10-09 04:00:00+00:00,112.39,113.645,112.11,112.2,5927039
2018-10-10 04:00:00+00:00,112.15,112.15,108.26,108.42,13806042
2018-10-11 04:00:00+00:00,107.73,109.23,105.57,106.51,28774790
2018-10-12 04:00:00+00:00,108.95,109.22,107.14,108.48,15232405
2018-10-15 04:00:00+00:00,108.46,109.14,107.72,108.23,7866401
2018-10-16 04:00:00+00:00,108.91,110.63,108.34,110.4,7718909
2018-10-17 04:00:00+00:00,110.4,110.4,108.39,109.49,10404237
2018-10-18 04:00:00+00:00,109.26,109.37,107.06,107.39,12753409
2018-10-19 04:00:00+00:00,107.58,107.99,105.98,106.34,8824567
2018-10-22 04:00:00+00:00,106.84,107.32,106.19,106.77,6949093
2018-10-23 04:00:00+00:00,105.13,107.19,104.49,106.79,10541812
2018-10-24 04:00:00+00:00,106.76,107.37,103.44,103.6,11881784
2018-10-25 04:00:00+00:00,104.63,107.31,104.4,106.73,10562418
2018-10-26 04:00:00+00:00,104.04,105.0,102.305,103.41,18755514
2018-10-29 04:00:00+00:00,104.5,105.53,100.99,102.5,14398826
2018-10-30 04:00:00+00:00,102.21,104.15,101.89,104.04,14518441
2018-10-31 04:00:00+00:00,105.48,106.48,105.12,105.38,9295617
2018-11-01 04:00:00+00:00,105.8,107.65,105.3,107.53,7009933
2018-11-02 04:00:00+00:00,108.5,109.29,106.83,107.97,7977309
2018-11-05 05:00:00+00:00,108.05,108.32,106.91,108.12,4803424
2018-11-06 05:00:00+00:00,107.97,108.85,107.86,108.6,4824755
2018-11-07 05:00:00+00:00,109.7,111.59,109.24,111.55,6489678
2018-11-08 05:00:00+00:00,111.08,112.15,110.76,111.57,4434442
2018-11-09 05:00:00+00:00,111.1,111.26,109.49,110.02,5331374
2018-11-12 05:00:00+00:00,109.78,110.12,107.59,107.81,6082530
2018-11-13 05:00:00+00:00,107.98,108.82,107.3,107.76,7963900
2018-11-14 05:00:00+00:00,108.79,109.47,106.65,106.95,8351683
2018-11-15 05:00:00+00:00,106.06,107.05,104.19,106.79,10931893
2018-11-16 05:00:00+00:00,105.77,106.67,105.22,106.37,5781139
2018-11-19 05:00:00+00:00,106.12,106.43,103.47,103.77,6763672
2018-11-20 05:00:00+00:00,100.56,103.7969,100.31,101.42,12066263
2018-11-21 05:00:00+00:00,102.41,103.34,102.22,102.48,10201031
2018-11-23 05:00:00+00:00,101.94,102.65,101.94,102.02,2750369
2018-11-26 05:00:00+00:00,103.31,104.48,103.14,104.33,5933231
2018-11-27 05:00:00+00:00,103.94,104.73,103.63,104.62,6044730
2018-11-28 05:00:00+00:00,105.21,107.73,104.6709,107.71,6416076
2018-11-29 05:00:00+00:00,107.58,107.88,106.58,107.21,4990653
2018-11-30 05:00:00+00:00,107.17,108.1,106.88,107.99,5779614
2018-12-03 05:00:00+00:00,110.21,110.595,109.3,110.01,6042590
2018-12-04 05:00:00+00:00,109.68,110.05,105.77,106.05,9821845
2018-12-06 05:00:00+00:00,104.13,106.56,103.52,106.56,11582703
2018-12-07 05:00:00+00:00,106.08,107.17,103.11,103.37,9426878
2018-12-10 05:00:00+00:00,103.26,103.97,101.35,103.45,9990944
2018-12-11 05:00:00+00:00,104.99,105.27,102.74,103.49,7991959
2018-12-12 05:00:00+00:00,104.6,105.8268,104.39,104.58,7238069
2018-12-13 05:00:00+00:00,105.0,105.28,103.51,104.06,6129037
2018-12-14 05:00:00+00:00,102.98,104.11,102.0,102.33,6191509
2018-12-17 05:00:00+00:00,101.6,102.05,98.99,99.73,12060787
2018-12-18 05:00:00+00:00,100.33,101.53,99.8,100.51,9151428
2018-12-19 05:00:00+00:00,100.55,102.33,97.97,98.52,14462178
2018-12-20 05:00:00+00:00,97.93,98.39,95.03,96.31,17771587
2018-12-21 05:00:00+00:00,96.34,97.78,93.54,93.76,13478111
2018-12-24 05:00:00+00:00,92.9,94.15,91.73,91.98,8497185
2018-12-26 05:00:00+00:00,92.77,97.46,92.59,97.43,11866627
2018-12-27 05:00:00+00:00,96.12,97.95,94.06,97.95,11249088
2018-12-28 05:00:00+00:00,98.4,99.48,97.1,97.96,8365479
2018-12-31 05:00:00+00:00,98.78,99.41,98.05,99.01,6299761
2019-01-02 05:00:00+00:00,97.32,100.32,96.79,99.76,6914400
2019-01-03 05:00:00+00:00,99.0,99.24,97.43,97.6,6400749
2019-01-04 05:00:00+00:00,98.92,101.57,98.72,100.83,7392548
2019-01-07 05:00:00+00:00,101.31,103.77,101.26,103.11,6335573
2019-01-08 05:00:00+00:00,104.18,104.81,102.77,104.25,9428696
2019-01-09 05:00:00+00:00,104.5,105.24,103.85,104.78,5190939
2019-01-10 05:00:00+00:00,103.48,104.61,103.06,104.48,4847238
2019-01-11 05:00:00+00:00,104.14,104.92,103.95,104.58,3050572
2019-01-14 05:00:00+00:00,103.75,104.71,103.24,103.94,2972451
2019-01-15 05:00:00+00:00,103.96,105.08,103.8,104.88,3799156
2019-01-16 05:00:00+00:00,104.92,105.49,104.58,104.64,4511351
2019-01-17 05:00:00+00:00,104.11,105.66,103.94,105.35,4432196
2019-01-18 05:00:00+00:00,106.4,107.26,106.04,106.81,5868718
2019-01-22 05:00:00+00:00,106.33,106.58,104.34,105.21,10593919
2019-01-23 05:00:00+00:00,105.67,106.05,104.22,105.42,6141072
2019-01-24 05:00:00+00:00,105.49,105.97,105.2,105.86,4015039
2019-01-25 05:00:00+00:00,106.94,107.42,106.77,107.03,4421403
2019-01-28 05:00:00+00:00,105.98,106.42,105.37,106.41,6542504
2019-01-29 05:00:00+00:00,106.12,106.31,105.07,105.72,2913922
2019-01-30 05:00:00+00:00,106.56,108.11,106.4799,107.78,6243838
2019-01-31 05:00:00+00:00,107.96,109.15,107.47,108.77,5754997
2019-02-01 05:00:00+00:00,107.85,108.25,106.9601,107.19,5738274
2019-02-04 05:00:00+00:00,107.04,107.94,106.89,107.89,3733702
2019-02-05 05:00:00+00:00,108.22,109.08,108.22,108.9,4235976
2019-02-06 05:00:00+00:00,108.93,109.21,108.02,108.45,2961625
2019-02-07 05:00:00+00:00,107.68,107.94,106.665,107.56,4558992
2019-02-08 05:00:00+00:00,106.89,107.14,106.36,107.13,3346165
2019-02-11 05:00:00+00:00,107.49,107.75,107.16,107.32,3084351
2019-02-12 05:00:00+00:00,108.01,109.09,107.82,108.97,3928375
2019-02-13 05:00:00+00:00,109.42,109.95,109.16,109.7,3507884
2019-02-14 05:00:00+00:00,108.84,109.9,108.31,109.32,4189898
2019-02-15 05:00:00+00:00,109.99,110.29,109.69,110.06,3633412
2019-02-19 05:00:00+00:00,109.72,110.84,109.72,110.51,5179825
2019-02-20 05:00:00+00:00,110.58,110.99,109.61,110.73,7657558
2019-02-21 05:00:00+00:00,110.47,110.8367,110.09,110.51,3030601
2019-02-22 05:00:00+00:00,110.78,111.16,110.61,111.11,7913701
2019-02-25 05:00:00+00:00,111.77,111.91,110.68,110.74,4013450
2019-02-26 05:00:00+00:00,110.3,111.05,110.22,110.89,8448774
2019-02-27 05:00:00+00:00,110.77,111.13,110.069,110.81,3119690
2019-02-28 05:00:00+00:00,110.41,110.52,109.71,110.21,4089403
2019-03-01 05:00:00+00:00,111.11,111.55,110.365,111.1,4900161
2019-03-04 05:00:00+00:00,111.58,111.77,109.94,110.75,5687959
2019-03-05 05:00:00+00:00,111.14,111.5,110.86,111.03,5757405
2019-03-06 05:00:00+00:00,111.14,111.61,110.46,110.51,3803240
2019-03-07 05:00:00+00:00,110.27,110.405,108.82,109.17,7132796
2019-03-08 05:00:00+00:00,108.47,108.47,107.66,108.41,5861031
2019-03-11 04:00:00+00:00,108.78,110.0,108.74,109.9,4640258
2019-03-12 04:00:00+00:00,110.07,110.365,109.62,110.21,8663663
2019-03-13 04:00:00+00:00,110.53,111.25,110.4,110.6,4888773
2019-03-14 04:00:00+00:00,110.45,110.51,110.0199,110.27,5483434
2019-03-15 04:00:00+00:00,110.44,110.69,109.83,110.6,5503828
2019-03-18 04:00:00+00:00,110.65,111.755,110.65,111.67,5565470
2019-03-19 04:00:00+00:00,112.06,113.165,111.78,112.23,7424827
2019-03-20 04:00:00+00:00,112.17,112.94,111.32,112.39,10888741
2019-03-21 04:00:00+00:00,112.24,114.02,112.24,113.93,6312994
2019-03-22 04:00:00+00:00,113.22,113.64,111.64,111.67,9697376
2019-03-25 04:00:00+00:00,111.43,112.84,111.32,112.33,7486579
2019-03-26 04:00:00+00:00,112.98,113.57,112.21,112.81,6003649
2019-03-27 04:00:00+00:00,112.9,113.415,111.91,112.58,4447251
2019-03-28 04:00:00+00:00,112.9936,113.73,112.6715,113.26,8036602
2019-03-29 04:00:00+00:00,113.83,114.06,113.545,113.85,4742782
2019-04-01 04:00:00+00:00,114.77,115.14,114.41,115.07,5071025
2019-04-02 04:00:00+00:00,115.08,115.18,114.7,115.08,3661659
2019-04-03 04:00:00+00:00,115.75,116.3172,115.4,115.89,4271995
2019-04-04 04:00:00+00:00,115.98,116.85,115.98,116.83,3104250
2019-04-05 04:00:00+00:00,117.12,117.62,116.8169,117.52,2979272
2019-04-08 04:00:00+00:00,117.29,117.98,117.15,117.94,3252612
2019-04-09 04:00:00+00:00,117.54,117.54,116.68,116.88,4489244
2019-04-10 04:00:00+00:00,117.16,117.44,116.61,117.44,3479444
2019-04-11 04:00:00+00:00,117.57,117.635,117.27,117.59,2182689
2019-04-12 04:00:00+00:00,118.0,118.53,117.79,118.32,4568871
2019-04-15 04:00:00+00:00,118.37,118.62,117.835,118.56,2472658
2019-04-16 04:00:00+00:00,118.92,119.245,118.83,119.08,3041481
2019-04-17 04:00:00+00:00,119.42,119.76,119.23,119.31,2845958
2019-04-18 04:00:00+00:00,119.56,119.585,118.91,119.27,3124866
2019-04-22 04:00:00+00:00,118.85,119.22,118.44,118.82,2791691
2019-04-23 04:00:00+00:00,119.19,120.4801,119.1,120.24,4166093
2019-04-24 04:00:00+00:00,120.27,120.9,120.27,120.35,2207130
2019-04-25 04:00:00+00:00,120.25,120.31,119.22,119.72,2896404
2019-04-26 04:00:00+00:00,120.18,120.67,119.42,120.67,4430965
2019-04-29 04:00:00+00:00,120.72,120.73,120.05,120.25,3761679
2019-04-30 04:00:00+00:00,120.13,120.17,119.15,120.07,4643320
2019-05-01 04:00:00+00:00,120.27,120.2799,118.61,118.61,4694591
2019-05-02 04:00:00+00:00,118.67,119.175,117.85,118.7,12459520
2019-05-03 04:00:00+00:00,119.82,120.33,119.46,120.1,3680301
2019-05-06 04:00:00+00:00,118.02,119.57,117.9501,119.37,3851559
2019-05-07 04:00:00+00:00,118.64,118.89,116.7,117.56,6811969
2019-05-08 04:00:00+00:00,117.37,118.3,117.01,117.6,8288585
2019-05-09 04:00:00+00:00,116.69,117.52,115.78,117.12,6438487
2019-05-10 04:00:00+00:00,116.83,117.795,115.11,117.29,6893762
2019-05-13 04:00:00+00:00,114.92,115.18,113.43,113.8,7861835
2019-05-14 04:00:00+00:00,114.33,115.51,113.78,114.89,4904723
2019-05-15 04:00:00+00:00,114.24,115.96,114.02,115.73,4240071
2019-05-16 04:00:00+00:00,116.21,117.49,116.011,116.77,3681648
2019-05-17 04:00:00+00:00,115.81,117.3832,115.81,115.91,3719325
2019-05-20 04:00:00+00:00,115.49,115.49,114.72,115.09,3629791
2019-05-21 04:00:00+00:00,115.43,116.19,115.03,115.89,3740022
2019-05-22 04:00:00+00:00,114.97,115.8681,114.58,114.7,4049567
2019-05-23 04:00:00+00:00,113.79,113.86,112.73,113.28,5073168
2019-05-24 04:00:00+00:00,113.9,114.09,112.96,113.43,2703839
2019-05-28 04:00:00+00:00,113.75,114.3918,112.61,112.73,4187089
2019-05-29 04:00:00+00:00,112.06,112.16,110.95,111.68,4911698
2019-05-30 04:00:00+00:00,112.05,112.79,112.03,112.41,4012380
2019-05-31 04:00:00+00:00,111.02,111.48,110.62,110.94,4455781
2019-06-03 04:00:00+00:00,110.67,111.06,109.43,110.01,8314485
2019-06-04 04:00:00+00:00,111.0,113.03,110.0394,112.99,5969067
2019-06-05 04:00:00+00:00,113.64,113.78,112.43,113.55,6164113
2019-06-06 04:00:00+00:00,113.55,114.41,113.08,114.13,3746727
2019-06-07 04:00:00+00:00,114.63,116.13,114.45,115.78,4276365
2019-06-10 04:00:00+00:00,116.52,117.8001,116.44,116.76,3838944
2019-06-11 04:00:00+00:00,117.69,118.22,116.72,117.21,5290801
2019-06-12 04:00:00+00:00,117.17,117.63,116.92,117.17,2911623
2019-06-13 04:00:00+00:00,117.61,118.4,117.54,118.23,3922898
2019-06-14 04:00:00+00:00,118.21,118.73,117.97,118.49,2617803
2019-06-17 04:00:00+00:00,118.71,118.94,118.4,118.54,2733738
2019-06-18 04:00:00+00:00,119.38,120.22,119.06,119.44,4487205
2019-06-19 04:00:00+00:00,119.56,119.89,118.75,119.66,3114899
2019-06-20 04:00:00+00:00,120.64,120.79,119.55,120.43,4812290
2019-06-21 04:00:00+00:00,119.94,120.26,119.51,119.52,5372333
2019-06-24 04:00:00+00:00,119.57,119.72,118.84,118.88,2984916
2019-06-25 04:00:00+00:00,119.12,119.29,117.56,117.74,3276818
2019-06-26 04:00:00+00:00,118.17,118.585,117.99,118.12,2514716
2019-06-27 04:00:00+00:00,118.53,118.99,118.3341,118.86,2018947
2019-06-28 04:00:00+00:00,119.04,119.45,119.0,119.2,7699820
2019-07-01 04:00:00+00:00,120.71,121.26,119.74,120.25,4414427
2019-07-02 04:00:00+00:00,120.1,120.57,119.63,120.52,11095295
2019-07-03 04:00:00+00:00,120.87,121.56,120.64,121.56,1969910
2019-07-05 04:00:00+00:00,120.98,121.81,120.65,121.7,4161105
2019-07-08 04:00:00+00:00,121.37,121.95,121.2,121.85,6139561
2019-07-09 04:00:00+00:00,121.38,122.14,121.25,121.98,2004763
2019-07-10 04:00:00+00:00,122.51,122.6,121.77,122.42,2480664
2019-07-11 04:00:00+00:00,122.83,123.06,122.4,122.67,2055311
2019-07-12 04:00:00+00:00,123.01,124.109,123.01,124.08,2580771
2019-07-15 04:00:00+00:00,124.35,124.54,123.85,124.48,2034768
2019-07-16 04:00:00+00:00,124.12,124.6,123.93,124.32,2074512
2019-07-17 04:00:00+00:00,124.17,124.3499,123.13,123.13,2382709
2019-07-18 04:00:00+00:00,122.88,123.21,122.15,123.0,2363061
2019-07-19 04:00:00+00:00,123.35,123.52,122.09,122.16,2187089
2019-07-22 04:00:00+00:00,122.37,122.57,121.76,122.21,2044785
2019-07-23 04:00:00+00:00,122.94,123.06,122.04,123.04,2600161
2019-07-24 04:00:00+00:00,122.54,123.69,122.52,123.68,2179015
2019-07-25 04:00:00+00:00,123.28,123.64,122.79,122.99,2526924
2019-07-26 04:00:00+00:00,123.17,123.65,122.76,123.55,2212869
2019-07-29 04:00:00+00:00,123.24,123.45,122.51,122.95,2324013
2019-07-30 04:00:00+00:00,122.11,122.48,121.92,122.12,2246334
2019-07-31 04:00:00+00:00,122.08,122.1364,119.61,120.72,4378805
2019-08-01 04:00:00+00:00,120.95,122.14,118.65,119.08,6748029
2019-08-02 04:00:00+00:00,118.67,119.0846,117.64,118.1,5688728
2019-08-05 04:00:00+00:00,116.1,116.11,114.09,114.93,7316755
2019-08-06 04:00:00+00:00,115.72,116.83,115.07,116.68,4547826
2019-08-07 04:00:00+00:00,115.54,117.3,114.85,117.15,6023105
2019-08-08 04:00:00+00:00,117.91,119.43,117.8,119.41,4831316
2019-08-09 04:00:00+00:00,119.05,119.32,117.62,118.29,4124350
2019-08-12 04:00:00+00:00,117.48,117.55,116.08,116.35,3023699
2019-08-13 04:00:00+00:00,116.4,119.5,116.01,118.5,4789396
2019-08-14 04:00:00+00:00,116.46,116.65,114.72,114.78,6627476
2019-08-15 04:00:00+00:00,115.48,115.65,113.63,114.59,5168774
2019-08-16 04:00:00+00:00,115.42,116.115,115.08,115.89,4132975
2019-08-19 04:00:00+00:00,117.48,117.7768,116.985,117.35,3280841
2019-08-20 04:00:00+00:00,117.33,118.12,117.12,117.38,3297469
2019-08-21 04:00:00+00:00,119.34,119.64,119.06,119.64,4889553
2019-08-22 04:00:00+00:00,119.94,120.26,118.85,119.67,2986227
2019-08-23 04:00:00+00:00,118.75,119.35,116.0002,116.49,7952435
2019-08-26 04:00:00+00:00,117.37,117.65,116.53,117.64,3612279
2019-08-27 04:00:00+00:00,118.17,118.27,116.89,116.99,3415795
2019-08-28 04:00:00+00:00,116.9,118.61,116.6,118.52,4076330
2019-08-29 04:00:00+00:00,119.85,120.54,119.51,120.3,3061627
2019-08-30 04:00:00+00:00,120.56,120.8148,119.32,119.58,3504310
2019-09-03 04:00:00+00:00,119.01,119.83,118.58,119.09,4571609
2019-09-04 04:00:00+00:00,119.7,120.38,119.178,120.27,4285126
2019-09-05 04:00:00+00:00,121.52,122.69,121.4,122.53,3844785
2019-09-06 04:00:00+00:00,122.67,123.18,122.46,122.87,3589456
2019-09-09 04:00:00+00:00,123.29,123.66,122.88,123.34,3363008
2019-09-10 04:00:00+00:00,122.79,122.95,121.62,122.85,3785205
2019-09-11 04:00:00+00:00,122.82,123.33,122.28,123.08,3479978
2019-09-12 04:00:00+00:00,123.67,124.39,123.37,123.67,3450955
2019-09-13 04:00:00+00:00,123.98,124.15,123.32,123.42,2039588
2019-09-16 04:00:00+00:00,122.61,122.705,121.71,121.84,3502030
2019-09-17 04:00:00+00:00,121.64,122.615,121.31,122.58,2328884
2019-09-18 04:00:00+00:00,122.47,122.68,121.33,122.52,3088097
2019-09-19 04:00:00+00:00,122.78,122.93,122.14,122.19,2330105
2019-09-20 04:00:00+00:00,122.02,122.33,120.38,120.39,3907943
2019-09-23 04:00:00+00:00,120.07,121.16,119.91,120.81,2308630
2019-09-24 04:00:00+00:00,121.43,121.78,119.24,119.52,5444341
2019-09-25 04:00:00+00:00,120.01,120.79,119.06,120.61,3376074
2019-09-26 04:00:00+00:00,120.6,120.89,119.5428,120.09,3051589
2019-09-27 04:00:00+00:00,120.48,120.55,119.03,119.67,3594366
2019-09-30 04:00:00+00:00,119.93,120.86,119.87,120.7,2550580
2019-10-01 04:00:00+00:00,120.94,121.43,119.65,119.69,3674545
2019-10-02 04:00:00+00:00,118.93,119.0,116.95,117.54,5613493
2019-10-03 04:00:00+00:00,117.39,118.12,115.96,118.11,8426768
2019-10-04 04:00:00+00:00,118.39,119.3,118.245,119.22,3299204
2019-10-07 04:00:00+00:00,118.8,119.46,118.38,118.7,2797557
2019-10-08 04:00:00+00:00,117.8,118.74,117.43,117.45,2993175
2019-10-09 04:00:00+00:00,118.3,118.87,117.93,118.45,3093787
2019-10-10 04:00:00+00:00,118.57,119.65,118.48,119.24,3309856
2019-10-11 04:00:00+00:00,120.58,121.64,120.45,120.59,5381769
2019-10-14 04:00:00+00:00,120.46,120.77,120.21,120.53,1612384
2019-10-15 04:00:00+00:00,120.92,121.87,120.84,121.59,2656535
2019-10-16 04:00:00+00:00,121.57,122.2063,121.57,122.09,3119461
2019-10-17 04:00:00+00:00,122.65,122.91,122.18,122.41,2668257
2019-10-18 04:00:00+00:00,122.09,122.57,121.67,122.17,2098340
2019-10-21 04:00:00+00:00,122.79,123.15,122.26,122.63,2485760
2019-10-22 04:00:00+00:00,122.47,122.5,121.77,121.82,2778875
2019-10-23 04:00:00+00:00,121.68,121.68,120.3553,121.26,1942979
2019-10-24 04:00:00+00:00,121.47,121.59,120.86,121.2,2258079
2019-10-25 04:00:00+00:00,119.72,121.44,119.44,121.06,2956536
2019-10-28 04:00:00+00:00,121.37,121.75,121.19,121.44,2094421
2019-10-29 04:00:00+00:00,121.46,121.53,120.71,120.75,2369483
2019-10-30 04:00:00+00:00,120.68,121.51,120.18,121.5,2997019
2019-10-31 04:00:00+00:00,121.49,121.65,120.29,120.85,3176092
2019-11-01 04:00:00+00:00,121.47,121.6933,121.2,121.65,3389128
2019-11-04 05:00:00+00:00,122.01,122.17,121.5,121.71,5959857
2019-11-05 05:00:00+00:00,121.82,122.155,121.4,121.89,2236266
2019-11-06 05:00:00+00:00,122.03,122.05,121.46,122.02,3751116
2019-11-07 05:00:00+00:00,122.29,122.429,121.15,121.29,3931475
2019-11-08 05:00:00+00:00,121.5,121.54,120.86,121.34,2099338
2019-11-11 05:00:00+00:00,120.77,121.1255,120.65,121.09,1893519
2019-11-12 05:00:00+00:00,121.19,121.63,120.76,121.01,2204116
2019-11-13 05:00:00+00:00,120.7,120.92,120.32,120.63,2632319
2019-11-14 05:00:00+00:00,120.72,121.34,120.5535,121.15,2027615
2019-11-15 05:00:00+00:00,121.73,121.8374,121.1,121.37,2315811
2019-11-18 05:00:00+00:00,121.4,121.795,121.05,121.79,2863426
2019-11-19 05:00:00+00:00,121.36,121.43,120.15,120.45,3262554
2019-11-20 05:00:00+00:00,120.74,120.97,119.6,120.17,4492186
2019-11-21 05:00:00+00:00,120.27,120.49,119.4401,119.59,2718426
2019-11-22 05:00:00+00:00,119.96,120.35,119.72,120.31,2535945
2019-11-25 05:00:00+00:00,120.86,121.39,120.7709,121.37,3917838
2019-11-26 05:00:00+00:00,121.32,122.28,121.2306,122.2,3919850
2019-11-27 05:00:00+00:00,122.58,123.295,122.43,123.25,4346246
2019-11-29 05:00:00+00:00,123.29,123.39,122.32,122.44,1848838
2019-12-02 05:00:00+00:00,122.54,122.6644,121.185,121.44,3690354
2019-12-03 05:00:00+00:00,120.36,120.4217,119.55,120.22,4602473
2019-12-04 05:00:00+00:00,120.71,121.32,120.63,120.89,2912935
2019-12-05 05:00:00+00:00,121.32,121.34,120.51,120.77,2398706
2019-12-06 05:00:00+00:00,121.66,122.04,121.65,121.74,2636861
2019-12-09 05:00:00+00:00,121.7,122.325,121.5,121.89,2175331
2019-12-10 05:00:00+00:00,121.94,122.16,121.51,121.68,2212633
2019-12-11 05:00:00+00:00,121.59,122.06,121.36,121.99,2106657
2019-12-12 05:00:00+00:00,122.21,123.36,122.06,123.06,4666879
2019-12-13 05:00:00+00:00,123.05,123.38,122.54,123.17,3610029
2019-12-16 05:00:00+00:00,123.81,124.0,123.51,123.71,3721138
2019-12-17 05:00:00+00:00,123.92,124.42,123.87,124.26,3436171
2019-12-18 05:00:00+00:00,124.6,124.71,124.15,124.38,2663819
2019-12-19 05:00:00+00:00,124.29,124.87,124.115,124.77,3271755
2019-12-20 05:00:00+00:00,124.83,124.83,124.4,124.55,3499624
2019-12-23 05:00:00+00:00,124.82,124.8399,124.26,124.26,3751412
2019-12-24 05:00:00+00:00,124.4,124.69,124.2601,124.54,1659066
2019-12-26 05:00:00+00:00,124.82,126.06,124.775,126.06,2570939
2019-12-27 05:00:00+00:00,126.47,126.73,125.89,126.05,3438148
2019-12-30 05:00:00+00:00,126.16,126.2999,124.97,125.24,3391225
2019-12-31 05:00:00+00:00,125.06,125.48,124.85,125.42,1867040
2020-01-02 05:00:00+00:00,126.21,126.91,125.72,126.91,6798680
2020-01-03 05:00:00+00:00,125.3,126.2,125.22,125.83,6046782
2020-01-06 05:00:00+00:00,124.91,126.21,124.75,126.18,7091385
2020-01-07 05:00:00+00:00,126.1,126.27,125.45,125.98,9704689
2020-01-08 05:00:00+00:00,125.87,127.05,125.75,126.31,5046441
2020-01-09 05:00:00+00:00,127.03,127.49,126.71,127.03,4085060
2020-01-10 05:00:00+00:00,127.17,127.19,126.21,126.34,3824472
2020-01-13 05:00:00+00:00,126.6,126.94,126.24,126.74,3707472
2020-01-14 05:00:00+00:00,126.54,127.105,126.34,126.7,4410994
2020-01-15 05:00:00+00:00,126.35,126.85,126.1,126.41,3287284
2020-01-16 05:00:00+00:00,127.14,127.56,127.03,127.54,4949991
2020-01-17 05:00:00+00:00,127.87,128.17,127.73,127.99,6848924
2020-01-21 05:00:00+00:00,127.34,127.79,126.92,127.6,4152759
2020-01-22 05:00:00+00:00,128.07,128.53,127.4302,127.54,4517425
2020-01-23 05:00:00+00:00,126.89,127.89,126.24,127.73,4078982
2020-01-24 05:00:00+00:00,127.98,128.05,125.4,125.95,5993693
2020-01-27 05:00:00+00:00,123.23,124.71,122.99,124.07,8423254
2020-01-28 05:00:00+00:00,124.67,125.75,124.19,125.28,6362710
2020-01-29 05:00:00+00:00,125.69,126.18,125.12,125.21,2967695
2020-01-30 05:00:00+00:00,124.23,125.13,123.98,125.0,5343900
2020-01-31 05:00:00+00:00,127.66,127.73,125.06,125.32,8571993
2020-02-03 05:00:00+00:00,126.02,127.77,126.01,126.21,8859025
2020-02-04 05:00:00+00:00,128.06,128.94,127.77,128.51,9370622
2020-02-05 05:00:00+00:00,129.37,129.5157,128.26,129.16,7634708
2020-02-06 05:00:00+00:00,129.38,129.48,128.87,128.87,6384086
2020-02-07 05:00:00+00:00,128.29,128.9199,127.79,128.31,3681425
2020-02-10 05:00:00+00:00,128.21,129.77,128.21,129.76,2975641
2020-02-11 05:00:00+00:00,130.29,131.34,129.97,130.78,5597907
2020-02-12 05:00:00+00:00,131.43,132.192,131.41,132.12,3970137
2020-02-13 05:00:00+00:00,131.6,132.38,131.23,131.89,3884633
2020-02-14 05:00:00+00:00,132.2,132.3,131.33,131.69,2555479
2020-02-18 05:00:00+00:00,131.5,132.11,130.95,131.68,3436286
2020-02-19 05:00:00+00:00,132.15,132.73,132.08,132.27,2400004
2020-02-20 05:00:00+00:00,132.16,132.68,130.69,132.32,5504475
2020-02-21 05:00:00+00:00,131.7,131.88,129.96,130.3,6325892
2020-02-24 05:00:00+00:00,125.88,127.04,125.2,125.82,8876268
2020-02-25 05:00:00+00:00,126.95,127.19,122.17,122.5,15062372
2020-02-26 05:00:00+00:00,123.19,124.33,121.18,121.49,12452260
2020-02-27 05:00:00+00:00,119.0,121.48,116.52,116.58,18431737
2020-02-28 05:00:00+00:00,112.8,116.0,112.53,115.83,20814196
2020-03-02 05:00:00+00:00,116.18,119.82,114.55,119.81,9667692
2020-03-03 05:00:00+00:00,120.16,121.74,115.8,116.91,14874124
2020-03-04 05:00:00+00:00,118.74,121.05,117.45,120.95,7493624
2020-03-05 05:00:00+00:00,118.06,118.83,115.54,116.44,7437537
2020-03-06 05:00:00+00:00,112.89,115.27,112.17,114.65,8513245
2020-03-09 04:00:00+00:00,106.08,110.7,103.5,107.43,8572968
2020-03-10 04:00:00+00:00,111.15,113.37,107.37,113.37,11066409
2020-03-11 04:00:00+00:00,110.27,110.82,106.14,107.17,7856671
2020-03-12 04:00:00+00:00,99.4,102.67,95.25,96.34,10085220
2020-03-13 04:00:00+00:00,101.6,102.37,95.97,102.3,8179186
2020-03-16 04:00:00+00:00,91.38,95.85,88.64,91.53,8534339
2020-03-17 04:00:00+00:00,91.34,94.73,86.245,92.78,13600829
2020-03-18 04:00:00+00:00,86.82,89.12,81.7378,87.45,14136570
2020-03-19 04:00:00+00:00,87.11,93.06,84.19,90.5,7472697
2020-03-20 04:00:00+00:00,91.84,94.47,87.66,87.81,13024318
2020-03-23 04:00:00+00:00,86.86,89.31,84.66,87.53,7701892
2020-03-24 04:00:00+00:00,92.34,95.895,91.95,95.74,10445378
2020-03-25 04:00:00+00:00,97.45,101.07,95.03,97.42,10083187
2020-03-26 04:00:00+00:00,98.48,102.1,98.01,101.45,6544787
2020-03-27 04:00:00+00:00,98.34,100.64,96.89,98.05,5156356
2020-03-30 04:00:00+00:00,98.66,100.49,96.925,100.1,6740058
2020-03-31 04:00:00+00:00,99.23,100.69,97.82,98.08,5194903
2020-04-01 04:00:00+00:00,94.35,95.95,92.87,93.7,6835314
2020-04-02 04:00:00+00:00,93.15,95.48,91.98,94.05,6040379
2020-04-03 04:00:00+00:00,93.49,93.95,91.23,92.41,5312628
2020-04-06 04:00:00+00:00,95.79,100.63,95.79,100.1,5351300
2020-04-07 04:00:00+00:00,104.73,105.505,101.37,101.59,7056865
2020-04-08 04:00:00+00:00,102.83,105.21,102.09,104.79,4206602
2020-04-09 04:00:00+00:00,106.3,108.44,105.6517,106.68,5363014
2020-04-13 04:00:00+00:00,106.26,107.05,104.65,106.65,3428096
2020-04-14 04:00:00+00:00,108.76,111.03,108.37,110.82,5805434
2020-04-15 04:00:00+00:00,108.07,109.14,107.08,108.39,3840553
2020-04-16 04:00:00+00:00,108.84,111.0,107.8,109.69,4630274
2020-04-17 04:00:00+00:00,112.36,113.2,110.97,112.93,4489292
2020-04-20 04:00:00+00:00,111.7,113.19,110.7701,110.96,3468833
2020-04-21 04:00:00+00:00,109.14,109.83,107.24,108.08,4366935
2020-04-22 04:00:00+00:00,110.09,111.18,109.47,110.41,3421684
2020-04-23 04:00:00+00:00,110.92,112.02,109.98,110.38,4151659
2020-04-24 04:00:00+00:00,111.52,112.75,110.495,112.25,2953000
2020-04-27 04:00:00+00:00,113.4,115.09,113.29,114.35,4180445
2020-04-28 04:00:00+00:00,116.49,116.9,114.22,114.8,4757992
2020-04-29 04:00:00+00:00,117.03,118.21,116.38,116.88,5043077
2020-04-30 04:00:00+00:00,116.48,117.3,115.3988,116.6,5140985
2020-05-01 04:00:00+00:00,113.02,113.94,111.37,112.24,6310814
2020-05-04 04:00:00+00:00,110.76,112.9,110.12,112.85,4643910
2020-05-05 04:00:00+00:00,114.35,114.69,113.02,113.26,4624996
2020-05-06 04:00:00+00:00,114.0,114.48,113.075,113.24,3984055
2020-05-07 04:00:00+00:00,114.65,115.59,114.5975,115.02,5360653
2020-05-08 04:00:00+00:00,116.49,117.37,115.85,117.26,4000650
2020-05-11 04:00:00+00:00,116.24,117.96,116.08,117.0,4090488
2020-05-12 04:00:00+00:00,117.5,117.77,114.38,114.44,6370732
2020-05-13 04:00:00+00:00,114.31,114.92,111.35,112.47,6767269
2020-05-14 04:00:00+00:00,111.09,114.2,110.06,114.2,5765176
2020-05-15 04:00:00+00:00,112.93,115.5,112.84,115.48,6500643
2020-05-18 04:00:00+00:00,118.64,120.398,118.52,119.85,5195294
2020-05-19 04:00:00+00:00,119.59,121.41,119.13,119.52,5284143
2020-05-20 04:00:00+00:00,121.39,121.4188,120.23,120.98,3884726
2020-05-21 04:00:00+00:00,121.28,122.07,119.94,121.41,4919857
2020-05-22 04:00:00+00:00,121.36,121.56,120.3,121.23,3938747
2020-05-26 04:00:00+00:00,124.44,124.75,122.97,123.15,4626424
2020-05-27 04:00:00+00:00,124.62,125.28,122.1,125.26,5794062
2020-05-28 04:00:00+00:00,125.63,126.08,123.405,123.74,3681096
2020-05-29 04:00:00+00:00,123.61,124.64,122.75,124.23,6831600
2020-06-01 04:00:00+00:00,124.34,125.82,124.24,125.37,3380299
2020-06-02 04:00:00+00:00,125.93,126.44,125.28,126.44,4261566
2020-06-03 04:00:00+00:00,127.06,129.23,127.06,128.83,5609223
2020-06-04 04:00:00+00:00,128.53,129.31,127.5,128.18,5800770
2020-06-05 04:00:00+00:00,131.23,131.9887,130.58,131.25,5879223
2020-06-08 04:00:00+00:00,132.26,133.3,132.01,133.25,3557129
2020-06-09 04:00:00+00:00,132.08,132.95,131.24,132.21,4997288
2020-06-10 04:00:00+00:00,132.73,132.75,130.83,130.97,3926308
2020-06-11 04:00:00+00:00,126.77,128.66,123.81,124.11,6936903
2020-06-12 04:00:00+00:00,127.44,127.88,122.8,125.34,6049880
2020-06-15 04:00:00+00:00,122.59,126.93,121.92,126.53,5050206
2020-06-16 04:00:00+00:00,130.38,130.54,126.59,129.2,5128160
2020-06-17 04:00:00+00:00,129.75,130.17,128.53,128.85,3204182
2020-06-18 04:00:00+00:00,128.35,129.07,127.8,128.38,2801639
2020-06-19 04:00:00+00:00,129.99,130.24,126.97,127.39,6942473
2020-06-22 04:00:00+00:00,126.87,128.5,126.3,128.39,2856898
2020-06-23 04:00:00+00:00,129.75,130.21,129.01,129.4,4034537
2020-06-24 04:00:00+00:00,128.63,129.09,124.98,126.55,6056953
2020-06-25 04:00:00+00:00,126.02,126.86,124.77,126.72,5543672
2020-06-26 04:00:00+00:00,126.68,126.95,123.54,123.75,5973157
2020-06-29 04:00:00+00:00,124.31,126.2,122.93,126.1,3963052
2020-06-30 04:00:00+00:00,126.0,128.295,125.613,127.71,3468193
2020-07-01 04:00:00+00:00,127.89,129.53,127.79,129.0,5653373
2020-07-02 04:00:00+00:00,130.94,131.65,129.18,129.51,3688820
2020-07-06 04:00:00+00:00,131.4,132.64,131.11,132.58,3608304
2020-07-07 04:00:00+00:00,131.96,132.38,130.28,130.5,3670529
2020-07-08 04:00:00+00:00,130.73,131.92,130.12,131.89,2937811
2020-07-09 04:00:00+00:00,132.35,132.44,129.62,131.74,3125945
2020-07-10 04:00:00+00:00,131.82,133.41,130.95,133.31,6475253
2020-07-13 04:00:00+00:00,134.5,136.5,131.25,131.62,6689828
2020-07-14 04:00:00+00:00,130.97,133.01,129.43,132.93,5758906
2020-07-15 04:00:00+00:00,134.8,135.23,132.92,134.83,3781416
2020-07-16 04:00:00+00:00,133.74,134.85,133.28,134.47,3108399
2020-07-17 04:00:00+00:00,134.95,134.99,133.3596,133.84,3137185
2020-07-20 04:00:00+00:00,133.94,136.33,133.61,135.98,2772479
2020-07-21 04:00:00+00:00,137.04,137.23,135.69,136.19,2689453
2020-07-22 04:00:00+00:00,135.96,137.44,135.83,137.36,2682601
2020-07-23 04:00:00+00:00,137.51,137.51,134.37,135.3,3471630
2020-07-24 04:00:00+00:00,134.54,136.13,133.87,135.54,3166746
2020-07-27 04:00:00+00:00,136.11,136.69,135.4,136.38,2486289
2020-07-28 04:00:00+00:00,136.11,136.66,134.83,135.03,2743496
2020-07-29 04:00:00+00:00,135.92,136.69,135.71,136.4,2271218
2020-07-30 04:00:00+00:00,135.42,136.95,134.63,136.29,4592936
2020-07-31 04:00:00+00:00,137.97,138.21,135.49,137.0,3926837
2020-08-03 04:00:00+00:00,137.44,137.48,136.54,136.71,2825084
2020-08-04 04:00:00+00:00,136.47,137.85,136.42,137.81,2689739
2020-08-05 04:00:00+00:00,138.33,139.56,138.13,139.49,4217794
2020-08-06 04:00:00+00:00,138.99,140.47,138.79,140.17,2186541
2020-08-07 04:00:00+00:00,140.18,140.8,139.36,140.38,2995268
2020-08-10 04:00:00+00:00,140.88,142.22,140.66,142.06,2301042
2020-08-11 04:00:00+00:00,142.87,143.67,141.45,141.78,3576438
2020-08-12 04:00:00+00:00,143.2,143.96,142.63,143.66,3833892
2020-08-13 04:00:00+00:00,143.53,144.46,143.3,143.6,2392203
2020-08-14 04:00:00+00:00,143.6,143.91,142.97,143.59,1709960
2020-08-17 04:00:00+00:00,144.77,145.62,144.14,145.44,1640865
2020-08-18 04:00:00+00:00,146.0,146.66,144.91,146.34,2604459
2020-08-19 04:00:00+00:00,146.91,146.95,145.44,145.65,2681988
2020-08-20 04:00:00+00:00,144.77,145.85,144.4,145.43,1678102
2020-08-21 04:00:00+00:00,145.26,146.26,145.25,146.18,1847670
2020-08-24 04:00:00+00:00,147.18,148.46,147.17,148.4,2667133
2020-08-25 04:00:00+00:00,148.75,148.9,147.68,148.89,2698744
2020-08-26 04:00:00+00:00,148.9,150.6,148.76,150.36,2843813
2020-08-27 04:00:00+00:00,150.92,151.02,148.99,149.55,3111013
2020-08-28 04:00:00+00:00,150.32,150.8,149.74,150.53,2167508
2020-08-31 04:00:00+00:00,150.51,150.955,149.89,150.09,3661264
2020-09-01 04:00:00+00:00,150.22,151.75,150.02,151.66,5587696
2020-09-02 04:00:00+00:00,152.71,154.14,151.84,153.76,4151279
2020-09-03 04:00:00+00:00,153.32,153.43,147.45,148.88,8276727
2020-09-04 04:00:00+00:00,149.3,150.21,143.62,147.16,6705233
2020-09-08 04:00:00+00:00,144.81,147.27,144.05,145.23,8208877
2020-09-09 04:00:00+00:00,146.59,149.07,145.735,147.97,3783337
2020-09-10 04:00:00+00:00,148.75,150.28,145.37,145.85,6909247
2020-09-11 04:00:00+00:00,146.84,147.51,144.69,146.08,3823392
2020-09-14 04:00:00+00:00,147.64,148.76,147.04,147.62,2824448
2020-09-15 04:00:00+00:00,148.55,149.34,148.06,148.83,2763044
2020-09-16 04:00:00+00:00,149.45,150.03,147.93,148.0,2659729
2020-09-17 04:00:00+00:00,145.7,146.87,144.7,145.92,4517713
2020-09-18 04:00:00+00:00,146.24,146.435,142.69,143.89,5598932
2020-09-21 04:00:00+00:00,141.28,141.67,139.0323,141.51,4270242
2020-09-22 04:00:00+00:00,142.38,144.63,141.91,144.5,4398274
2020-09-23 04:00:00+00:00,146.0,146.27,141.84,142.13,4072377
2020-09-24 04:00:00+00:00,141.48,144.06,140.4,142.07,4546645
2020-09-25 04:00:00+00:00,142.0,144.41,141.04,143.92,2551109
2020-09-28 04:00:00+00:00,145.84,147.27,145.22,147.0,2704114
2020-09-29 04:00:00+00:00,146.86,146.959,145.69,145.78,3139382
2020-09-30 04:00:00+00:00,146.27,148.72,146.05,146.98,4602202
2020-10-01 04:00:00+00:00,148.47,149.03,147.49,148.9,4138860
2020-10-02 04:00:00+00:00,146.12,148.77,146.06,148.27,4118660
2020-10-05 04:00:00+00:00,149.06,150.395,148.93,150.23,2464406
2020-10-06 04:00:00+00:00,150.37,151.05,147.21,147.45,4036091
2020-10-07 04:00:00+00:00,149.26,151.18,149.24,150.82,2533338
2020-10-08 04:00:00+00:00,151.8,151.91,150.695,151.81,2575581
2020-10-09 04:00:00+00:00,152.6,153.75,152.41,153.39,3712365
2020-10-12 04:00:00+00:00,154.46,156.1415,154.24,155.43,3264253
2020-10-13 04:00:00+00:00,155.18,156.1,154.5901,155.4,3424706
2020-10-14 04:00:00+00:00,155.73,155.89,152.99,153.68,3825280
2020-10-15 04:00:00+00:00,151.65,154.54,151.25,154.25,2406805
2020-10-16 04:00:00+00:00,154.94,155.68,152.38,152.85,2227102
2020-10-19 04:00:00+00:00,153.84,154.46,150.6,150.97,2645081
2020-10-20 04:00:00+00:00,151.85,154.06,151.44,152.18,4295462
2020-10-21 04:00:00+00:00,152.01,153.07,150.9,151.35,2783786
2020-10-22 04:00:00+00:00,151.33,151.83,149.7,151.61,2091687
2020-10-23 04:00:00+00:00,152.31,153.01,151.11,152.99,1998336
2020-10-26 04:00:00+00:00,151.43,152.05,147.915,150.05,3228014
2020-10-27 04:00:00+00:00,150.45,150.9,149.56,150.01,3669902
2020-10-28 04:00:00+00:00,147.29,148.03,145.08,145.24,4679245
2020-10-29 04:00:00+00:00,145.66,147.84,144.62,146.16,3108494
2020-10-30 04:00:00+00:00,145.03,145.55,141.74,142.97,5059782
2020-11-02 05:00:00+00:00,144.84,145.35,142.41,143.99,4027639
2020-11-03 05:00:00+00:00,145.52,147.99,144.78,147.16,2881591
2020-11-04 05:00:00+00:00,148.9,152.0759,148.6,150.29,4654643
2020-11-05 05:00:00+00:00,152.93,154.15,152.2599,153.22,3280021
2020-11-06 05:00:00+00:00,152.77,153.03,151.46,152.76,2445643
2020-11-09 05:00:00+00:00,158.04,158.04,152.07,152.26,4916997
2020-11-10 05:00:00+00:00,152.11,152.47,150.11,151.72,9424346
2020-11-11 05:00:00+00:00,152.69,153.77,152.11,153.05,3722439
2020-11-12 05:00:00+00:00,153.05,153.065,150.135,151.0,2993901
2020-11-13 05:00:00+00:00,151.87,153.705,151.65,153.45,2260742
2020-11-16 05:00:00+00:00,155.0,155.51,153.83,155.46,3994728
2020-11-17 05:00:00+00:00,154.91,155.51,153.63,154.8,2943316
2020-11-18 05:00:00+00:00,154.72,155.96,153.7,153.74,2722735
2020-11-19 05:00:00+00:00,153.71,154.65,153.38,154.5,2126868
2020-11-20 05:00:00+00:00,154.65,154.76,153.64,153.69,2109952
2020-11-23 05:00:00+00:00,154.54,155.79,154.125,155.38,2328821
2020-11-24 05:00:00+00:00,156.85,158.21,156.4,157.69,2765328
2020-11-25 05:00:00+00:00,157.57,158.14,157.13,157.88,2364381
2020-11-27 05:00:00+00:00,158.6,158.79,157.74,158.22,1121135
2020-11-30 05:00:00+00:00,157.98,158.06,155.21,157.26,3412930
2020-12-01 05:00:00+00:00,158.49,159.16,157.49,158.43,5804343
2020-12-02 05:00:00+00:00,157.81,157.81,156.77,157.44,2184590
2020-12-03 05:00:00+00:00,157.49,158.75,157.48,157.88,3039706
2020-12-04 05:00:00+00:00,158.2,158.4299,157.72,158.03,2104307
2020-12-07 05:00:00+00:00,157.68,157.745,156.87,157.67,5167149
2020-12-08 05:00:00+00:00,156.91,157.44,156.12,157.34,2492330
2020-12-09 05:00:00+00:00,158.37,158.45,156.52,157.19,6147391
2020-12-10 05:00:00+00:00,156.58,157.72,155.93,157.05,2947581
2020-12-11 05:00:00+00:00,156.47,157.03,155.23,156.3,2089858
2020-12-14 05:00:00+00:00,157.72,158.62,156.48,156.53,3438848
2020-12-15 05:00:00+00:00,157.91,158.67,157.19,158.59,2346803
2020-12-16 05:00:00+00:00,158.93,160.08,158.87,159.68,2254269
2020-12-17 05:00:00+00:00,160.5,160.8,160.04,160.77,2017428
2020-12-18 05:00:00+00:00,161.04,161.13,159.28,159.88,5115897
2020-12-21 05:00:00+00:00,157.4,158.81,156.27,157.89,4007186
2020-12-22 05:00:00+00:00,157.63,157.7,155.83,157.21,3858386
2020-12-23 05:00:00+00:00,157.24,158.05,156.57,157.55,2191903
2020-12-24 05:00:00+00:00,157.7,158.12,157.21,157.88,1065387
2020-12-28 05:00:00+00:00,159.42,160.32,158.6,159.68,2931448
2020-12-29 05:00:00+00:00,160.24,160.53,158.98,159.73,2453343
2020-12-30 05:00:00+00:00,160.3,160.925,160.13,160.69,2462425
2020-12-31 05:00:00+00:00,160.71,160.98,159.93,160.77,2987938
2021-01-04 05:00:00+00:00,161.78,161.89,157.44,159.42,10866746
2021-01-05 05:00:00+00:00,158.5,161.06,158.45,160.61,3174292
2021-01-06 05:00:00+00:00,160.79,164.01,160.15,162.25,4442934
2021-01-07 05:00:00+00:00,163.71,166.03,163.66,165.38,3397969
2021-01-08 05:00:00+00:00,167.34,168.96,166.29,168.79,4670959
2021-01-11 05:00:00+00:00,166.82,167.5,165.19,165.64,3732366
2021-01-12 05:00:00+00:00,166.51,168.8,166.31,168.17,5721553
2021-01-13 05:00:00+00:00,168.35,168.805,167.32,168.16,2839624
2021-01-14 05:00:00+00:00,168.35,169.17,166.89,167.09,3028789
2021-01-15 05:00:00+00:00,166.82,167.34,165.14,165.8,3647570
2021-01-19 05:00:00+00:00,167.2,167.48,166.09,166.74,3191441
2021-01-20 05:00:00+00:00,168.31,170.37,167.79,169.89,3489674
2021-01-21 05:00:00+00:00,170.79,171.79,170.49,170.68,3883437
2021-01-22 05:00:00+00:00,169.71,170.4069,169.11,170.1,2244980
2021-01-25 05:00:00+00:00,170.54,171.96,167.3373,170.73,5890523
2021-01-26 05:00:00+00:00,171.31,171.48,169.98,170.62,3766399
2021-01-27 05:00:00+00:00,168.72,168.79,164.53,165.36,5639409
2021-01-28 05:00:00+00:00,164.58,167.52,163.61,165.88,3942859
2021-01-29 05:00:00+00:00,164.92,165.29,161.09,161.99,5457563
2021-02-01 05:00:00+00:00,163.95,166.4,162.89,166.11,3274945
2021-02-02 05:00:00+00:00,167.49,170.87,167.49,169.75,2720374
2021-02-03 05:00:00+00:00,170.3,170.4666,168.68,168.8,2043597
2021-02-04 05:00:00+00:00,169.58,170.6,169.06,170.6,2598590
2021-02-05 05:00:00+00:00,171.2,172.81,170.86,172.23,2249679
2021-02-08 05:00:00+00:00,173.35,173.46,172.15,173.21,2373209
2021-02-09 05:00:00+00:00,172.66,173.08,172.04,172.25,1820557
2021-02-10 05:00:00+00:00,172.81,172.81,169.25,170.55,2461114
2021-02-11 05:00:00+00:00,171.0,171.59,169.26,170.08,1982719
2021-02-12 05:00:00+00:00,169.34,170.4,168.86,170.32,2019117
2021-02-16 05:00:00+00:00,170.65,170.87,169.11,169.58,2274631
2021-02-17 05:00:00+00:00,168.55,170.73,167.7,170.56,3255412
2021-02-18 05:00:00+00:00,168.93,171.16,168.65,170.62,2598394
2021-02-19 05:00:00+00:00,171.38,171.38,169.39,169.62,2539204
2021-02-22 05:00:00+00:00,168.01,168.59,165.89,166.04,2873979
2021-02-23 05:00:00+00:00,163.1,165.79,159.06,164.95,5415156
2021-02-24 05:00:00+00:00,164.74,166.9,162.98,166.68,4024728
2021-02-25 05:00:00+00:00,165.63,166.42,159.68,160.48,7827268
2021-02-26 05:00:00+00:00,162.54,163.28,159.01,161.01,6218210
2021-03-01 05:00:00+00:00,163.15,165.215,162.84,164.93,4452222
2021-03-02 05:00:00+00:00,165.16,165.52,162.95,163.03,3320746
2021-03-03 05:00:00+00:00,162.71,163.36,159.2,159.2,5602472
2021-03-04 05:00:00+00:00,159.26,160.3,152.84,155.83,9305409
2021-03-05 05:00:00+00:00,157.01,157.28,149.65,156.82,10444567
2021-03-08 05:00:00+00:00,157.45,160.22,156.74,157.01,6314679
2021-03-09 05:00:00+00:00,160.13,163.995,159.31,162.94,9374588
2021-03-10 05:00:00+00:00,165.08,165.99,162.61,163.77,7155646
2021-03-11 05:00:00+00:00,166.0,166.92,165.02,166.28,4246620
2021-03-12 05:00:00+00:00,164.52,166.775,164.06,166.77,4177751
2021-03-15 04:00:00+00:00,167.0,169.06,166.42,169.01,4429875
2021-03-16 04:00:00+00:00,169.01,169.33,166.49,167.26,3494084
2021-03-17 04:00:00+00:00,166.01,170.2,165.83,169.61,4394874
2021-03-18 04:00:00+00:00,168.02,168.76,165.18,165.36,5109491
2021-03-19 04:00:00+00:00,165.27,166.8,163.54,166.45,6131494
2021-03-22 04:00:00+00:00,167.36,168.71,166.66,167.28,3672992
2021-03-23 04:00:00+00:00,167.29,168.01,165.28,165.71,4019344
2021-03-24 04:00:00+00:00,166.48,167.365,163.26,163.26,4708123
2021-03-25 04:00:00+00:00,161.69,165.24,161.35,164.69,5724225
2021-03-26 04:00:00+00:00,165.32,166.18,163.165,166.06,4294441
2021-03-29 04:00:00+00:00,165.63,166.47,163.94,165.15,4712505
2021-03-30 04:00:00+00:00,164.43,167.02,163.77,166.77,3710438
2021-03-31 04:00:00+00:00,167.48,168.98,167.03,168.07,3992457
2021-04-01 04:00:00+00:00,169.59,169.7,168.85,169.42,4166021
2021-04-05 04:00:00+00:00,172.12,173.905,171.8,173.27,4360562
2021-04-06 04:00:00+00:00,173.11,174.7,172.99,174.02,3199124
2021-04-07 04:00:00+00:00,173.92,174.54,173.2,173.5,2524693
2021-04-08 04:00:00+00:00,174.47,174.72,173.2,174.32,3248967
2021-04-09 04:00:00+00:00,174.16,176.02,173.97,175.98,3074036
2021-04-12 04:00:00+00:00,175.97,177.28,175.82,177.11,3142797
2021-04-13 04:00:00+00:00,177.41,179.33,177.17,178.98,2675731
2021-04-14 04:00:00+00:00,179.38,180.16,176.85,177.22,3338329
2021-04-15 04:00:00+00:00,178.46,178.6,177.49,178.49,2515680
2021-04-16 04:00:00+00:00,178.92,180.105,178.44,179.87,2638033
2021-04-19 04:00:00+00:00,178.88,179.05,177.29,177.85,3515424
2021-04-20 04:00:00+00:00,177.22,177.63,174.3,175.61,4231039
2021-04-21 04:00:00+00:00,174.95,178.14,174.6,177.95,2793212
2021-04-22 04:00:00+00:00,178.17,178.43,175.33,175.98,3003349
2021-04-23 04:00:00+00:00,176.55,178.545,175.98,177.82,1934481
2021-04-26 04:00:00+00:00,178.42,179.17,177.44,178.6,2230458
2021-04-27 04:00:00+00:00,178.69,179.11,177.99,178.39,2237685
2021-04-28 04:00:00+00:00,178.17,179.14,177.77,178.18,2398144
2021-04-29 04:00:00+00:00,179.31,179.42,176.65,178.23,3222526
2021-04-30 04:00:00+00:00,178.02,179.49,177.88,178.92,2862327
2021-05-03 04:00:00+00:00,179.89,179.98,177.83,178.07,3731646
2021-05-04 04:00:00+00:00,176.74,177.02,174.01,176.21,4627467
2021-05-05 04:00:00+00:00,177.45,177.71,175.36,175.66,3194274
2021-05-06 04:00:00+00:00,176.04,176.3,174.36,176.04,3925315
2021-05-07 04:00:00+00:00,176.73,178.1,175.81,177.62,3409282
2021-05-10 04:00:00+00:00,177.68,177.68,174.44,174.46,3531402
2021-05-11 04:00:00+00:00,171.53,173.1492,169.81,172.49,7141179
2021-05-12 04:00:00+00:00,170.52,171.33,166.28,166.65,7110798
2021-05-13 04:00:00+00:00,167.81,169.45,166.02,167.83,7066352
2021-05-14 04:00:00+00:00,169.42,171.105,168.94,170.74,4143346
2021-05-17 04:00:00+00:00,170.23,170.83,168.91,170.43,5553874
2021-05-18 04:00:00+00:00,170.81,171.58,169.08,169.1,3935974
2021-05-19 04:00:00+00:00,166.34,167.77,165.49,167.75,7098032
2021-05-20 04:00:00+00:00,168.51,169.77,168.2935,169.4,4694731
2021-05-21 04:00:00+00:00,170.53,170.53,168.475,168.59,4068707
2021-05-24 04:00:00+00:00,169.46,171.02,168.88,170.22,3560316
2021-05-25 04:00:00+00:00,170.99,171.54,169.69,170.76,3747765
2021-05-26 04:00:00+00:00,171.57,173.12,171.4,172.39,3910759
2021-05-27 04:00:00+00:00,173.03,173.47,172.5,173.08,3980785
2021-05-28 04:00:00+00:00,173.8,173.8,172.43,172.84,3292174
2021-06-01 04:00:00+00:00,173.87,173.9889,172.2,172.51,4774404
2021-06-02 04:00:00+00:00,172.67,172.685,171.07,171.71,3588011
2021-06-03 04:00:00+00:00,170.61,171.07,169.38,169.67,4427697
2021-06-04 04:00:00+00:00,170.61,171.18,170.13,171.03,3272483
2021-06-07 04:00:00+00:00,170.9,171.13,169.73,171.03,3235323
2021-06-08 04:00:00+00:00,172.17,172.96,171.24,172.41,3096322
2021-06-09 04:00:00+00:00,172.89,172.995,171.39,171.46,3616482
2021-06-10 04:00:00+00:00,171.77,172.58,171.25,172.27,2641113
2021-06-11 04:00:00+00:00,172.56,173.23,172.28,173.21,2785585
2021-06-14 04:00:00+00:00,173.22,173.59,172.25,173.26,2918750
2021-06-15 04:00:00+00:00,173.28,173.28,171.74,172.34,2857361
2021-06-16 04:00:00+00:00,172.49,172.83,170.93,172.42,4796992
2021-06-17 04:00:00+00:00,172.0,173.69,171.6,173.07,4641349
2021-06-18 04:00:00+00:00,171.8,172.83,171.38,172.16,7118823
2021-06-21 04:00:00+00:00,172.46,173.67,171.99,173.23,4859301
2021-06-22 04:00:00+00:00,173.36,175.555,173.24,174.86,3381879
2021-06-23 04:00:00+00:00,175.2,176.56,175.11,176.21,2673971
2021-06-24 04:00:00+00:00,177.55,177.94,176.46,176.81,4019578
2021-06-25 04:00:00+00:00,178.65,178.75,177.55,177.93,5251519
2021-06-28 04:00:00+00:00,177.95,178.13,177.03,177.97,2847537
2021-06-29 04:00:00+00:00,178.08,178.78,177.89,178.41,2356024
2021-06-30 04:00:00+00:00,178.21,179.36,178.21,178.55,2932035
2021-07-01 04:00:00+00:00,178.99,179.6,178.84,179.56,3159413
2021-07-02 04:00:00+00:00,180.0,181.17,179.83,181.14,2952254
2021-07-06 04:00:00+00:00,181.41,181.88,179.705,181.35,3966323
2021-07-07 04:00:00+00:00,181.84,182.29,179.97,181.25,3383699
2021-07-08 04:00:00+00:00,178.43,181.4,177.64,180.8,5712462
2021-07-09 04:00:00+00:00,181.58,182.61,181.37,182.49,2827146
2021-07-12 04:00:00+00:00,182.7,183.79,182.555,183.74,5453867
2021-07-13 04:00:00+00:00,183.38,183.68,181.385,181.54,6601693
2021-07-14 04:00:00+00:00,182.54,182.75,181.11,181.21,3774561
2021-07-15 04:00:00+00:00,180.89,181.71,178.97,180.23,3371665
2021-07-16 04:00:00+00:00,180.77,180.98,177.8692,178.01,4224178
2021-07-19 04:00:00+00:00,175.14,176.01,173.77,175.97,8104980
2021-07-20 04:00:00+00:00,176.49,179.69,175.62,179.22,4963228
2021-07-21 04:00:00+00:00,179.88,180.97,179.83,180.87,4105589
2021-07-22 04:00:00+00:00,180.72,181.86,179.81,181.65,4030888
2021-07-23 04:00:00+00:00,182.27,183.57,181.84,183.27,3535224
2021-07-26 04:00:00+00:00,183.37,184.65,182.9,184.63,3359610
2021-07-27 04:00:00+00:00,184.51,184.51,180.8,182.76,3704827
2021-07-28 04:00:00+00:00,182.55,183.2044,181.3,182.17,3005147
2021-07-29 04:00:00+00:00,182.99,184.69,182.87,184.22,3653691
2021-07-30 04:00:00+00:00,180.43,182.095,180.09,180.43,4663502
2021-08-02 04:00:00+00:00,181.9,182.38,180.76,180.95,3668668
2021-08-03 04:00:00+00:00,181.69,182.34,180.09,182.29,4236418
2021-08-04 04:00:00+00:00,181.9,182.18,180.52,180.52,4003579
2021-08-05 04:00:00+00:00,181.07,182.38,180.93,182.25,2717226
2021-08-06 04:00:00+00:00,182.5,182.61,180.81,181.01,2942095
2021-08-09 04:00:00+00:00,181.05,181.2,180.32,180.76,2809265
2021-08-10 04:00:00+00:00,180.96,182.15,180.56,181.47,2620896
2021-08-11 04:00:00+00:00,181.87,182.27,181.2,182.0,2769941
2021-08-12 04:00:00+00:00,181.88,182.17,180.62,182.08,2653632
2021-08-13 04:00:00+00:00,182.2,182.3,181.19,181.56,2482737
2021-08-16 04:00:00+00:00,180.5,180.86,178.81,180.72,3328796
2021-08-17 04:00:00+00:00,178.44,178.44,174.95,176.43,5601282
2021-08-18 04:00:00+00:00,176.38,178.88,176.17,177.06,5036528
2021-08-19 04:00:00+00:00,175.54,177.2,174.87,175.93,5691576
2021-08-20 04:00:00+00:00,176.21,177.8181,176.05,177.62,3345841
2021-08-23 04:00:00+00:00,178.57,180.32,178.39,179.91,3479909
2021-08-24 04:00:00+00:00,180.67,181.7,180.35,181.18,2928209
2021-08-25 04:00:00+00:00,181.18,182.11,180.84,181.88,3653898
2021-08-26 04:00:00+00:00,181.26,181.35,179.83,180.2,3720701
2021-08-27 04:00:00+00:00,180.6,182.155,180.3,181.84,4015156
2021-08-30 04:00:00+00:00,182.36,183.83,182.25,183.21,3709933
2021-08-31 04:00:00+00:00,183.38,183.74,182.62,183.65,4834102
2021-09-01 04:00:00+00:00,184.28,184.62,183.505,183.64,4123505
2021-09-02 04:00:00+00:00,184.15,184.695,183.35,183.63,3370907
2021-09-03 04:00:00+00:00,183.15,183.57,182.36,183.52,3476657
2021-09-07 04:00:00+00:00,183.6,184.5,183.52,184.06,4406259
2021-09-08 04:00:00+00:00,184.01,184.705,182.76,184.27,3709130
2021-09-09 04:00:00+00:00,184.41,185.56,183.96,184.03,4357399
2021-09-10 04:00:00+00:00,185.01,185.18,182.82,182.9,4812896
2021-09-13 04:00:00+00:00,183.72,183.87,181.55,183.35,5795537
2021-09-14 04:00:00+00:00,183.7,183.94,181.98,182.74,4252839
2021-09-15 04:00:00+00:00,182.32,184.215,180.98,183.92,5147309
2021-09-16 04:00:00+00:00,183.54,185.22,183.2011,184.76,6085705
2021-09-17 04:00:00+00:00,184.54,185.595,183.69,184.11,7462543
2021-09-20 04:00:00+00:00,180.35,181.28,177.38,179.64,8190186
2021-09-21 04:00:00+00:00,180.72,181.37,179.34,179.91,6287212
2021-09-22 04:00:00+00:00,181.03,183.2,180.62,182.36,6229243
2021-09-23 04:00:00+00:00,183.14,185.0,183.14,184.21,4193678
2021-09-24 04:00:00+00:00,183.03,185.06,182.81,184.9,4052681
2021-09-27 04:00:00+00:00,184.16,186.39,184.09,185.89,4789186
2021-09-28 04:00:00+00:00,184.79,185.07,181.33,182.31,7504736
2021-09-29 04:00:00+00:00,182.93,184.32,182.05,182.49,6357210
2021-09-30 04:00:00+00:00,182.52,182.655,179.45,179.45,8278766
2021-10-01 04:00:00+00:00,180.36,181.65,178.5,180.8,7759793
2021-10-04 04:00:00+00:00,181.35,181.88,178.76,179.37,9274569
2021-10-05 04:00:00+00:00,179.99,181.75,179.57,180.09,5503092
2021-10-06 04:00:00+00:00,178.97,180.87,178.24,180.66,5200492
2021-10-07 04:00:00+00:00,182.22,184.16,182.03,183.47,3806251
2021-10-08 04:00:00+00:00,183.54,183.71,182.46,182.63,3758434
2021-10-11 04:00:00+00:00,182.56,184.0,181.88,181.89,3351098
2021-10-12 04:00:00+00:00,183.0,184.07,182.5,183.33,5153078
2021-10-13 04:00:00+00:00,183.89,184.73,182.78,184.23,5432648
2021-10-14 04:00:00+00:00,185.3,186.46,185.1,186.16,3757300
2021-10-15 04:00:00+00:00,187.32,189.085,187.04,189.01,4358726
2021-10-18 04:00:00+00:00,188.61,191.45,188.57,191.32,3933554
2021-10-19 04:00:00+00:00,191.77,191.77,190.5804,190.78,2914957
2021-10-20 04:00:00+00:00,190.78,191.49,190.31,190.64,4810886
2021-10-21 04:00:00+00:00,190.32,193.55,190.31,193.44,3608338
2021-10-22 04:00:00+00:00,193.32,193.81,191.9,192.75,3762301
2021-10-25 04:00:00+00:00,194.43,198.37,193.65,197.53,5548494
2021-10-26 04:00:00+00:00,198.39,201.61,196.78,197.56,7569538
2021-10-27 04:00:00+00:00,198.47,199.87,197.94,198.0,4929717
2021-10-28 04:00:00+00:00,199.66,201.22,199.1,200.63,4514510
2021-10-29 04:00:00+00:00,198.34,201.26,197.79,201.15,4307310
2021-11-01 04:00:00+00:00,202.63,204.88,201.42,204.84,5703553
2021-11-02 04:00:00+00:00,203.08,204.7,202.43,203.46,6848490
2021-11-03 04:00:00+00:00,203.41,207.25,203.22,207.12,6477787
2021-11-04 04:00:00+00:00,208.12,210.72,207.86,209.91,5857894
2021-11-05 04:00:00+00:00,211.24,212.7,211.06,211.26,4873040
2021-11-08 05:00:00+00:00,209.01,210.82,208.19,208.27,5934065
2021-11-09 05:00:00+00:00,209.02,209.28,203.83,204.42,16631044
2021-11-10 05:00:00+00:00,203.09,206.53,201.07,203.66,11406732
2021-11-11 05:00:00+00:00,205.83,205.848,203.02,203.11,6228645
2021-11-12 05:00:00+00:00,203.17,204.05,201.86,203.79,5191450
2021-11-15 05:00:00+00:00,203.94,204.33,202.45,203.62,5362062
2021-11-16 05:00:00+00:00,203.88,207.3,203.84,206.83,5749184
2021-11-17 05:00:00+00:00,207.71,209.41,207.31,208.15,8380605
2021-11-18 05:00:00+00:00,209.23,210.86,208.13,210.51,7479160
2021-11-19 05:00:00+00:00,210.51,211.99,210.08,211.42,7550425
2021-11-22 05:00:00+00:00,212.78,215.06,210.02,210.89,9323184
2021-11-23 05:00:00+00:00,211.08,212.24,206.49,209.36,11558705
2021-11-24 05:00:00+00:00,207.15,210.43,206.05,209.79,8226100
2021-11-26 05:00:00+00:00,206.32,207.03,203.73,204.07,7747197
2021-11-29 05:00:00+00:00,206.75,208.89,206.23,207.24,8573470
2021-11-30 05:00:00+00:00,206.77,208.08,203.35,204.44,13393558
2021-12-01 05:00:00+00:00,206.75,208.75,200.61,200.75,13088510
2021-12-02 05:00:00+00:00,201.83,204.57,200.57,203.61,17118159
2021-12-03 05:00:00+00:00,204.37,204.97,197.6,199.65,14344961
2021-12-06 05:00:00+00:00,200.45,203.75,197.66,201.93,11762937
2021-12-07 05:00:00+00:00,205.29,207.3,204.785,206.64,7006066
2021-12-08 05:00:00+00:00,206.79,207.51,205.54,207.16,6047569
2021-12-09 05:00:00+00:00,206.32,206.64,203.5,203.57,5932873
2021-12-10 05:00:00+00:00,204.55,205.06,202.1,204.99,7228557
2021-12-13 05:00:00+00:00,203.8,204.14,199.18,199.71,7570892
2021-12-14 05:00:00+00:00,197.5,199.12,196.35,198.55,7741953
2021-12-15 05:00:00+00:00,197.85,201.17,195.2,201.07,9563072
2021-12-16 05:00:00+00:00,202.05,202.41,196.37,196.63,9233660
2021-12-17 05:00:00+00:00,194.99,197.64,193.65,195.29,11820097
2021-12-20 05:00:00+00:00,191.88,192.28,189.9,191.85,12076992
2021-12-21 05:00:00+00:00,193.9,196.87,192.4,196.82,6826814
2021-12-22 05:00:00+00:00,197.46,200.62,197.11,200.41,5758626
2021-12-23 05:00:00+00:00,200.66,203.73,200.36,203.19,5366888
2021-12-27 05:00:00+00:00,203.57,205.79,203.48,205.17,4259764
2021-12-28 05:00:00+00:00,205.63,206.35,204.91,205.26,4162343
2021-12-29 05:00:00+00:00,205.76,206.18,204.37,205.67,3891459
2021-12-30 05:00:00+00:00,204.97,206.7332,204.75,204.93,3576800
2021-12-31 05:00:00+00:00,205.09,205.81,204.3,204.44,3468101
2022-01-03 05:00:00+00:00,208.29,210.33,207.1,210.31,7250078
2022-01-04 05:00:00+00:00,210.66,211.81,207.89,209.03,6631493
2022-01-05 05:00:00+00:00,208.75,209.39,203.29,203.39,8643394
2022-01-06 05:00:00+00:00,203.11,204.29,199.66,202.86,8677222
2022-01-07 05:00:00+00:00,203.16,203.68,198.83,199.48,7508114
2022-01-10 05:00:00+00:00,196.86,198.36,192.58,198.26,10710564
2022-01-11 05:00:00+00:00,197.97,200.57,196.45,200.17,8489670
2022-01-12 05:00:00+00:00,201.58,202.52,199.77,201.49,6826719
2022-01-13 05:00:00+00:00,202.15,203.13,196.96,197.44,8482549
2022-01-14 05:00:00+00:00,195.87,197.43,193.69,196.52,10425928
2022-01-18 05:00:00+00:00,193.74,194.67,192.09,192.8,9170013
2022-01-19 05:00:00+00:00,193.64,194.27,189.17,189.32,8771301
2022-01-20 05:00:00+00:00,190.48,192.86,185.54,185.87,9097432
2022-01-21 05:00:00+00:00,185.25,186.03,180.34,180.42,18832952
2022-01-24 05:00:00+00:00,176.68,182.77,172.05,182.59,26805820
2022-01-25 05:00:00+00:00,179.48,182.26,176.98,179.5,18005099
2022-01-26 05:00:00+00:00,183.29,184.93,176.34,178.63,22058708
2022-01-27 05:00:00+00:00,180.29,180.59,173.92,174.3,16897745
2022-01-28 05:00:00+00:00,174.91,178.1,171.48,178.1,15851089
2022-01-31 05:00:00+00:00,179.0,185.09,178.3,184.95,11163824
2022-02-01 05:00:00+00:00,185.31,186.41,182.35,186.07,11206567
2022-02-02 05:00:00+00:00,187.29,187.53,183.2,184.96,9697104
2022-02-03 05:00:00+00:00,180.65,183.51,178.92,179.3,9633585
2022-02-04 05:00:00+00:00,183.27,186.6,180.67,184.4,10066025
2022-02-07 05:00:00+00:00,185.04,187.09,183.34,184.02,9495031
2022-02-08 05:00:00+00:00,183.48,187.01,182.53,186.61,9203260
2022-02-09 05:00:00+00:00,188.95,190.17,188.3,189.08,8470154
2022-02-10 05:00:00+00:00,185.74,189.47,184.63,185.82,12981770
2022-02-11 05:00:00+00:00,186.01,186.7,179.67,180.48,12673471
2022-02-14 05:00:00+00:00,180.25,183.88,179.79,181.51,15442393
2022-02-15 05:00:00+00:00,184.38,185.74,184.0,185.57,10368094
2022-02-16 05:00:00+00:00,184.45,186.62,183.62,186.1,8714790
2022-02-17 05:00:00+00:00,184.91,185.79,180.86,181.12,9077382
2022-02-18 05:00:00+00:00,181.6,182.18,178.21,180.0,9501409
2022-02-22 05:00:00+00:00,177.48,179.22,172.65,174.75,13692950
2022-02-23 05:00:00+00:00,176.12,176.58,168.6,168.91,13579498
2022-02-24 05:00:00+00:00,161.97,173.0399,161.49,172.77,21139163
2022-02-25 05:00:00+00:00,173.29,176.22,170.96,176.19,13744694
2022-02-28 05:00:00+00:00,174.46,178.2,174.15,177.43,16176406
2022-03-01 05:00:00+00:00,177.17,177.71,173.53,174.74,13556889
2022-03-02 05:00:00+00:00,175.37,179.19,174.94,178.41,10166836
2022-03-03 05:00:00+00:00,179.32,179.6298,173.53,174.37,11222121
2022-03-04 05:00:00+00:00,173.38,173.8,169.82,171.6,10844824
2022-03-07 05:00:00+00:00,172.02,172.4101,163.12,163.19,16093716
2022-03-08 05:00:00+00:00,163.0,168.72,161.71,163.53,25488365
2022-03-09 05:00:00+00:00,167.88,169.75,167.12,168.79,15983053
2022-03-10 05:00:00+00:00,168.75,170.54,167.32,169.99,12996891
2022-03-11 05:00:00+00:00,171.34,171.824,166.59,166.72,12085847
2022-03-14 04:00:00+00:00,166.53,167.87,162.92,163.94,15191714
2022-03-15 04:00:00+00:00,165.14,169.91,164.73,169.43,13619842
2022-03-16 04:00:00+00:00,171.39,175.21,169.75,175.21,16898537
2022-03-17 04:00:00+00:00,173.67,178.18,173.2,178.13,13051206
2022-03-18 04:00:00+00:00,177.63,182.095,176.78,181.88,15071957
2022-03-21 04:00:00+00:00,181.79,182.89,178.42,180.08,12837714
2022-03-22 04:00:00+00:00,181.26,185.15,181.14,184.55,8215454
2022-03-23 04:00:00+00:00,183.03,185.35,181.87,182.26,7885075
2022-03-24 04:00:00+00:00,183.09,183.885,181.04,183.68,7573994
2022-03-25 04:00:00+00:00,183.92,184.3,181.68,183.36,8209230
2022-03-28 04:00:00+00:00,185.29,188.3,185.04,188.2,13638892
2022-03-29 04:00:00+00:00,190.74,192.19,189.05,191.53,9814641
2022-03-30 04:00:00+00:00,190.0,191.0,187.68,188.62,8265724
2022-03-31 04:00:00+00:00,188.58,188.58,184.83,185.0,8468974
2022-04-01 04:00:00+00:00,186.01,186.47,184.21,185.23,5018653
2022-04-04 04:00:00+00:00,185.31,189.45,184.07,189.39,7721509
2022-04-05 04:00:00+00:00,188.43,189.4,184.41,184.95,8144332
2022-04-06 04:00:00+00:00,182.44,182.44,178.56,180.23,13943220
2022-04-07 04:00:00+00:00,179.84,182.13,177.41,181.15,11284049
2022-04-08 04:00:00+00:00,180.04,181.64,178.89,179.48,9305802
2022-04-11 04:00:00+00:00,176.78,179.54,175.96,176.15,9362390
2022-04-12 04:00:00+00:00,178.61,180.47,175.84,176.54,11826155
2022-04-13 04:00:00+00:00,176.18,181.24,176.0,180.93,8574357
2022-04-14 04:00:00+00:00,180.59,181.59,178.27,178.4,9007974
2022-04-18 04:00:00+00:00,177.81,179.97,177.11,178.94,7722864
2022-04-19 04:00:00+00:00,179.04,184.39,178.89,184.13,8815582
2022-04-20 04:00:00+00:00,184.49,184.98,181.47,181.76,6982045
2022-04-21 04:00:00+00:00,186.73,187.88,179.43,180.0,11734908
2022-04-22 04:00:00+00:00,179.61,180.275,175.64,175.82,11202944
2022-04-25 04:00:00+00:00,174.28,177.24,173.24,177.09,12950652
2022-04-26 04:00:00+00:00,175.78,176.05,168.06,168.13,15521862
2022-04-27 04:00:00+00:00,169.2,171.73,167.1,168.15,12601069
2022-04-28 04:00:00+00:00,170.45,173.33,166.2,171.6,7032589
2022-04-29 04:00:00+00:00,167.86,169.36,162.56,162.88,9518899
2022-05-02 04:00:00+00:00,162.38,165.38,160.14,165.26,17793754
2022-05-03 04:00:00+00:00,165.18,165.91,163.43,164.85,12718655
2022-05-04 04:00:00+00:00,164.59,169.8635,161.88,169.69,10160275
2022-05-05 04:00:00+00:00,167.42,167.525,158.28,160.18,12171103
2022-05-06 04:00:00+00:00,159.29,160.86,155.37,158.15,13368959
2022-05-09 04:00:00+00:00,154.7,156.86,150.57,151.41,11062832
2022-05-10 04:00:00+00:00,154.6,155.51,148.84,150.96,12939409
2022-05-11 04:00:00+00:00,150.62,152.15,145.14,145.55,12958927
2022-05-12 04:00:00+00:00,143.01,149.99,142.03,146.55,11881794
2022-05-13 04:00:00+00:00,149.87,153.03,148.72,152.32,6304188
2022-05-16 04:00:00+00:00,151.71,151.82,148.66,149.03,6138563
2022-05-17 04:00:00+00:00,152.0,152.86,148.95,152.79,5728459
2022-05-18 04:00:00+00:00,148.63,148.63,141.71,142.8,7531698
2022-05-19 04:00:00+00:00,141.91,145.27,141.05,142.9,7880372
2022-05-20 04:00:00+00:00,144.07,144.27,136.33,140.41,7902942
2022-05-23 04:00:00+00:00,140.97,141.83,137.83,141.46,6891536
2022-05-24 04:00:00+00:00,139.14,139.515,136.0,137.82,7655751
2022-05-25 04:00:00+00:00,136.93,142.92,136.86,141.71,6711718
2022-05-26 04:00:00+00:00,143.7,149.7,143.6,148.66,8330209
2022-05-27 04:00:00+00:00,150.32,153.8,150.32,153.76,7751558
2022-05-31 04:00:00+00:00,153.92,156.09,151.57,154.54,7098861
2022-06-01 04:00:00+00:00,155.37,156.44,151.95,152.93,6210464
2022-06-02 04:00:00+00:00,153.08,157.695,152.45,157.61,5918756
2022-06-03 04:00:00+00:00,154.39,155.4951,152.48,153.0,5366649
2022-06-06 04:00:00+00:00,155.72,156.51,153.59,154.53,5195100
2022-06-07 04:00:00+00:00,151.38,154.6,150.51,154.15,4906586
2022-06-08 04:00:00+00:00,153.36,155.49,152.84,153.24,4487120
2022-06-09 04:00:00+00:00,153.33,154.98,150.46,150.47,4052654
2022-06-10 04:00:00+00:00,147.36,148.29,144.02,144.47,6903239
2022-06-13 04:00:00+00:00,139.45,140.95,136.76,137.8,10108186
2022-06-14 04:00:00+00:00,138.5,139.52,136.47,137.69,6756453
2022-06-15 04:00:00+00:00,138.66,143.15,138.42,141.56,9273305
2022-06-16 04:00:00+00:00,137.56,137.72,133.04,134.63,12228172
2022-06-17 04:00:00+00:00,134.65,137.28,134.17,136.1,11408884
2022-06-21 04:00:00+00:00,138.47,141.23,138.22,139.67,6568439
2022-06-22 04:00:00+00:00,137.69,142.23,137.69,139.4,6097380
2022-06-23 04:00:00+00:00,140.39,141.97,138.47,141.59,5965115
2022-06-24 04:00:00+00:00,142.6,147.04,141.93,146.99,6711788
2022-06-27 04:00:00+00:00,147.71,148.47,144.98,145.45,7459971
2022-06-28 04:00:00+00:00,145.79,147.52,139.59,139.64,5977004
2022-06-29 04:00:00+00:00,139.57,140.49,138.03,139.53,6116074
2022-06-30 04:00:00+00:00,137.71,139.21,134.76,137.48,6389866
2022-07-01 04:00:00+00:00,137.7,140.19,137.17,140.01,5830014
2022-07-05 04:00:00+00:00,138.0,143.23,137.03,143.14,5845377
2022-07-06 04:00:00+00:00,142.89,144.145,141.05,142.67,8019929
2022-07-07 04:00:00+00:00,143.04,146.63,143.02,146.35,4378929
2022-07-08 04:00:00+00:00,145.14,147.45,144.47,146.37,3177434
2022-07-11 04:00:00+00:00,145.44,145.84,142.01,142.36,3888014
2022-07-12 04:00:00+00:00,142.36,144.59,140.585,141.5,7517352
2022-07-13 04:00:00+00:00,138.7,143.92,138.14,142.66,7193963
2022-07-14 04:00:00+00:00,141.09,142.78,139.37,142.54,5420507
2022-07-15 04:00:00+00:00,144.33,145.5,143.44,144.84,3814558
2022-07-18 04:00:00+00:00,146.82,148.57,144.7,145.26,4091884
2022-07-19 04:00:00+00:00,147.39,149.94,146.14,149.71,4729549
2022-07-20 04:00:00+00:00,150.0,152.46,149.62,152.17,4727522
2022-07-21 04:00:00+00:00,152.72,155.75,151.85,155.65,5464808
2022-07-22 04:00:00+00:00,156.64,157.8,153.8,154.75,3944936
2022-07-25 04:00:00+00:00,154.88,154.96,152.48,153.42,4930632
2022-07-26 04:00:00+00:00,149.92,150.6,148.21,148.48,4208618
2022-07-27 04:00:00+00:00,150.73,154.9,150.01,154.1,5383380
2022-07-28 04:00:00+00:00,155.0,157.01,152.57,156.75,5601085
2022-07-29 04:00:00+00:00,160.33,163.48,159.25,162.83,6988910
2022-08-01 04:00:00+00:00,162.86,165.99,162.0601,163.64,9491139
2022-08-02 04:00:00+00:00,162.62,165.38,161.98,162.52,7442276
2022-08-03 04:00:00+00:00,164.3,167.24,163.67,166.48,6567274
2022-08-04 04:00:00+00:00,166.89,167.86,165.93,167.16,5462675
2022-08-05 04:00:00+00:00,165.29,166.74,163.46,164.31,4537331
2022-08-08 04:00:00+00:00,166.02,168.58,164.42,165.05,3707564
2022-08-09 04:00:00+00:00,164.05,164.58,161.46,162.42,3424738
2022-08-10 04:00:00+00:00,167.16,167.695,165.14,167.0,3727594
2022-08-11 04:00:00+00:00,168.47,169.25,165.63,166.15,3946991
2022-08-12 04:00:00+00:00,167.35,169.96,165.91,169.91,3009709
2022-08-15 04:00:00+00:00,169.48,171.618,169.27,171.08,3930411
2022-08-16 04:00:00+00:00,171.35,174.76,170.84,172.97,3757368
2022-08-17 04:00:00+00:00,171.07,172.8893,169.99,171.11,3881392
2022-08-18 04:00:00+00:00,170.91,171.45,169.96,171.06,2963214
2022-08-19 04:00:00+00:00,169.56,169.78,166.965,167.53,3712741
2022-08-22 04:00:00+00:00,164.99,164.99,162.53,162.88,4314804
2022-08-23 04:00:00+00:00,163.01,164.55,162.48,163.34,4773206
2022-08-24 04:00:00+00:00,163.01,165.68,162.61,164.04,3419141
2022-08-25 04:00:00+00:00,165.06,166.2,163.82,166.0,3158188
2022-08-26 04:00:00+00:00,166.3,166.85,159.635,159.68,4040296
2022-08-29 04:00:00+00:00,157.46,160.16,157.46,158.83,3632563
2022-08-30 04:00:00+00:00,160.17,160.53,155.48,157.06,3715550
2022-08-31 04:00:00+00:00,157.87,158.35,155.47,155.51,4489219
2022-09-01 04:00:00+00:00,154.49,157.06,152.93,156.93,6586298
2022-09-02 04:00:00+00:00,158.5,159.19,154.6,155.49,9555109
2022-09-06 04:00:00+00:00,156.17,156.54,152.85,155.17,9728787
2022-09-07 04:00:00+00:00,155.0,160.15,155.0,159.93,7058565
2022-09-08 04:00:00+00:00,158.29,161.54,157.79,161.42,4890029
2022-09-09 04:00:00+00:00,162.19,164.75,162.19,164.48,4607353
2022-09-12 04:00:00+00:00,165.39,167.19,165.39,166.6,4466112
2022-09-13 04:00:00+00:00,161.29,162.08,157.57,158.01,6988209
2022-09-14 04:00:00+00:00,158.56,160.705,157.765,160.04,7862719
2022-09-15 04:00:00+00:00,159.83,162.44,158.44,159.22,5763756
2022-09-16 04:00:00+00:00,156.82,158.21,155.69,157.94,8839765
2022-09-19 04:00:00+00:00,156.26,159.87,156.16,159.84,5108841
2022-09-20 04:00:00+00:00,158.19,158.79,155.81,157.13,4707476
2022-09-21 04:00:00+00:00,157.57,159.03,153.38,153.41,5274910
2022-09-22 04:00:00+00:00,152.63,153.18,149.1,149.87,5839877
2022-09-23 04:00:00+00:00,147.88,148.12,144.55,146.42,5731571
2022-09-26 04:00:00+00:00,145.82,149.27,145.8,146.09,6556589
2022-09-27 04:00:00+00:00,148.24,149.74,144.97,146.55,7338456
2022-09-28 04:00:00+00:00,147.17,151.3,146.43,150.51,7086566
2022-09-29 04:00:00+00:00,148.13,148.33,143.91,145.31,6327708
2022-09-30 04:00:00+00:00,143.61,146.54,142.03,142.45,6188159
2022-10-03 04:00:00+00:00,142.32,143.91,140.2,142.59,10189841
2022-10-04 04:00:00+00:00,146.13,149.01,145.71,147.57,10515326
2022-10-05 04:00:00+00:00,145.23,147.665,143.68,146.7,6905674
2022-10-06 04:00:00+00:00,146.39,147.83,145.025,145.66,7755839
2022-10-07 04:00:00+00:00,143.5,143.82,139.83,140.65,5758888
2022-10-10 04:00:00+00:00,140.86,141.26,138.4,139.78,4907394
2022-10-11 04:00:00+00:00,139.09,141.47,137.72,138.64,6038529
2022-10-12 04:00:00+00:00,138.65,140.07,137.53,139.0,9778881
2022-10-13 04:00:00+00:00,134.84,141.31,133.55,140.52,9874637
2022-10-14 04:00:00+00:00,141.92,142.66,135.05,135.27,6799677
2022-10-17 04:00:00+00:00,138.16,141.135,138.1,140.76,6667252
2022-10-18 04:00:00+00:00,145.15,145.57,141.31,142.7,5250649
2022-10-19 04:00:00+00:00,141.54,142.46,139.61,141.1,3633657
2022-10-20 04:00:00+00:00,139.18,141.78,137.91,138.37,5217128
2022-10-21 04:00:00+00:00,138.21,142.53,137.45,142.4,7877459
2022-10-24 04:00:00+00:00,141.75,143.6,139.22,142.99,4627913
2022-10-25 04:00:00+00:00,143.06,146.97,143.06,146.57,3806182
2022-10-26 04:00:00+00:00,144.8,148.32,144.4,145.39,3504013
2022-10-27 04:00:00+00:00,146.1,147.03,144.32,144.83,6451003
2022-10-28 04:00:00+00:00,140.94,145.155,139.925,144.96,7139321
2022-10-31 04:00:00+00:00,144.19,145.12,142.81,144.03,4810573
2022-11-01 04:00:00+00:00,146.48,146.9,142.29,142.57,6880648
2022-11-02 04:00:00+00:00,142.43,143.26,137.14,137.18,10628664
2022-11-03 04:00:00+00:00,136.2,137.93,135.46,136.36,5983569
2022-11-04 04:00:00+00:00,139.59,140.96,134.905,137.5,6931262
2022-11-07 05:00:00+00:00,138.33,138.45,135.2,136.54,3712348
2022-11-08 05:00:00+00:00,136.7,137.83,134.325,136.2,4767911
2022-11-09 05:00:00+00:00,135.48,136.11,131.9,132.04,5077890
2022-11-10 05:00:00+00:00,138.66,141.85,137.2,141.69,7758021
2022-11-11 05:00:00+00:00,141.9,145.89,141.47,145.09,5674429
2022-11-14 05:00:00+00:00,143.83,145.1,142.64,142.79,7920558
2022-11-15 05:00:00+00:00,146.18,146.96,143.14,144.74,4369776
2022-11-16 05:00:00+00:00,142.08,143.71,141.49,142.53,4786922
2022-11-17 05:00:00+00:00,140.47,141.4,139.48,140.8,3782556
2022-11-18 05:00:00+00:00,142.62,142.67,139.36,140.99,3706469
2022-11-21 05:00:00+00:00,140.2,140.6,138.2,138.95,3376388
2022-11-22 05:00:00+00:00,139.5,140.59,138.54,140.52,2760449
2022-11-23 05:00:00+00:00,141.02,142.85,140.73,142.55,3088882
2022-11-25 05:00:00+00:00,142.62,143.03,141.88,142.63,1364226
2022-11-28 05:00:00+00:00,141.86,143.3414,141.44,141.75,3020516
2022-11-29 05:00:00+00:00,141.88,142.4,140.755,141.3,5211468
2022-11-30 05:00:00+00:00,141.37,146.22,140.46,146.17,8204277
2022-12-01 05:00:00+00:00,146.71,147.32,145.04,146.15,4827066
2022-12-02 05:00:00+00:00,144.09,146.395,144.06,145.96,5986233
2022-12-05 05:00:00+00:00,144.02,144.47,141.37,141.75,5789994
2022-12-06 05:00:00+00:00,141.34,141.95,138.33,139.54,3949926
2022-12-07 05:00:00+00:00,138.59,140.18,138.16,138.7,5426310
2022-12-08 05:00:00+00:00,138.93,140.57,138.27,140.04,3203509
2022-12-09 05:00:00+00:00,139.19,140.815,138.97,139.43,3609234
2022-12-12 05:00:00+00:00,139.14,139.78,138.23,139.78,3272791
2022-12-13 05:00:00+00:00,144.42,145.32,138.27,139.78,5372102
2022-12-14 05:00:00+00:00,139.49,140.64,137.18,138.74,5451851
2022-12-15 05:00:00+00:00,136.59,137.25,135.45,136.46,5974800
2022-12-16 05:00:00+00:00,135.68,136.21,133.21,133.91,6684842
2022-12-19 05:00:00+00:00,133.52,133.8,130.88,131.4,4337910
2022-12-20 05:00:00+00:00,130.59,131.68,129.69,129.87,3855346
2022-12-21 05:00:00+00:00,131.45,132.67,130.95,131.94,5335112
2022-12-22 05:00:00+00:00,130.45,130.54,126.63,128.55,6448606
2022-12-23 05:00:00+00:00,128.21,129.79,127.34,129.43,3275439
2022-12-27 05:00:00+00:00,128.83,129.07,127.2501,127.33,4268096
2022-12-28 05:00:00+00:00,127.39,128.63,126.0,126.26,5036867
2022-12-29 05:00:00+00:00,128.07,129.8,127.57,129.51,3746103
2022-12-30 05:00:00+00:00,128.23,129.19,127.68,129.16,3765534
2023-01-03 05:00:00+00:00,129.93,130.3,126.83,128.39,4783631
2023-01-04 05:00:00+00:00,129.59,131.21,127.9574,130.25,4039840
2023-01-05 05:00:00+00:00,129.34,129.9,128.17,129.04,3888190
2023-01-06 05:00:00+00:00,128.68,132.58,127.765,132.07,4619682
2023-01-09 05:00:00+00:00,133.67,135.025,132.77,132.87,4693885
2023-01-10 05:00:00+00:00,132.94,134.56,132.22,134.54,4415358
2023-01-11 05:00:00+00:00,135.69,138.18,135.57,138.17,6354032
2023-01-12 05:00:00+00:00,139.03,139.19,136.18,138.4,4786339
2023-01-13 05:00:00+00:00,136.26,139.83,136.073,139.7,3984137
2023-01-17 05:00:00+00:00,140.11,140.92,139.4,139.8,3749889
2023-01-18 05:00:00+00:00,141.22,142.03,137.92,137.98,4798499
2023-01-19 05:00:00+00:00,136.97,137.4,134.99,135.69,6478626
2023-01-20 05:00:00+00:00,135.99,139.06,135.32,138.98,3751284
2023-01-23 05:00:00+00:00,139.35,141.68,138.54,141.15,4584149
2023-01-24 05:00:00+00:00,140.66,141.66,139.75,140.99,3186475
2023-01-25 05:00:00+00:00,138.85,141.9,137.8,141.71,3770193
2023-01-26 05:00:00+00:00,144.22,145.03,142.79,144.61,4820567
2023-01-27 05:00:00+00:00,144.73,149.03,144.7,147.89,5472629
2023-01-30 05:00:00+00:00,146.78,147.75,145.25,145.37,4789220
2023-01-31 05:00:00+00:00,145.53,148.7,145.53,148.7,3487788
2023-02-01 05:00:00+00:00,148.31,152.71,146.78,151.52,6956867
2023-02-02 05:00:00+00:00,154.81,158.025,154.1,156.16,7019836
2023-02-03 05:00:00+00:00,151.48,154.95,150.68,151.35,6796730
2023-02-06 05:00:00+00:00,150.78,152.05,149.87,151.13,4385136
2023-02-07 05:00:00+00:00,150.47,151.8617,147.655,151.48,4916600
2023-02-08 05:00:00+00:00,150.98,151.35,149.15,150.19,5564043
2023-02-09 05:00:00+00:00,152.19,153.19,149.17,149.91,4158092
2023-02-10 05:00:00+00:00,148.6,149.31,146.95,148.15,3216561
2023-02-13 05:00:00+00:00,148.14,150.385,147.14,150.32,3360818
2023-02-14 05:00:00+00:00,149.26,152.525,148.33,152.12,4361298
2023-02-15 05:00:00+00:00,151.69,153.93,151.1,153.9,3411511
2023-02-16 05:00:00+00:00,151.54,153.69,150.51,150.54,5628901
2023-02-17 05:00:00+00:00,149.68,150.64,148.045,150.57,3740069
2023-02-21 05:00:00+00:00,148.32,148.72,145.5,145.54,4418791
2023-02-22 05:00:00+00:00,145.87,147.24,145.22,146.28,4964246
2023-02-23 05:00:00+00:00,146.79,146.98,143.69,146.16,5284323
2023-02-24 05:00:00+00:00,143.45,144.14,142.68,143.86,5957250
2023-02-27 05:00:00+00:00,145.49,146.73,145.039,145.64,5622337
2023-02-28 05:00:00+00:00,145.55,146.61,144.97,145.54,5592583
2023-03-01 05:00:00+00:00,145.02,145.5,142.87,143.71,6344416
2023-03-02 05:00:00+00:00,141.41,143.45,141.03,143.23,5491848
2023-03-03 05:00:00+00:00,144.48,146.56,144.15,146.31,5017602
2023-03-06 05:00:00+00:00,146.68,147.19,145.19,145.24,4927198
2023-03-07 05:00:00+00:00,145.02,145.74,143.185,143.26,5970907
2023-03-08 05:00:00+00:00,143.0,143.3,141.53,143.0,5408306
2023-03-09 05:00:00+00:00,142.75,144.23,139.465,139.59,6668682
2023-03-10 05:00:00+00:00,140.05,141.5,137.73,138.2,14529313
2023-03-13 04:00:00+00:00,136.16,140.26,135.71,138.49,11814122
2023-03-14 04:00:00+00:00,140.37,141.24,139.08,140.84,7519125
2023-03-15 04:00:00+00:00,138.75,140.71,137.9921,140.63,9001425
2023-03-16 04:00:00+00:00,139.75,143.78,139.64,143.17,10747798
2023-03-17 04:00:00+00:00,143.13,143.22,140.19,141.34,8439957
2023-03-20 04:00:00+00:00,140.74,142.39,139.75,141.52,5864903
2023-03-21 04:00:00+00:00,143.35,145.65,143.29,145.43,6388423
2023-03-22 04:00:00+00:00,145.5,146.56,142.13,142.19,5491779
2023-03-23 04:00:00+00:00,143.91,144.96,140.63,142.04,6127786
2023-03-24 04:00:00+00:00,141.71,141.83,139.78,141.58,4717401
2023-03-27 04:00:00+00:00,142.94,143.47,141.28,141.87,4207320
2023-03-28 04:00:00+00:00,141.83,142.21,140.74,141.7,2859759
2023-03-29 04:00:00+00:00,143.24,144.44,142.74,144.39,3862941
2023-03-30 04:00:00+00:00,145.77,146.38,145.07,145.65,3239185
2023-03-31 04:00:00+00:00,146.58,149.63,146.37,149.54,5223640
2023-04-03 04:00:00+00:00,148.19,148.89,147.14,148.17,5669193
2023-04-04 04:00:00+00:00,148.66,149.0,146.64,147.93,4691733
2023-04-05 04:00:00+00:00,147.31,147.36,144.59,144.9,4430824
2023-04-06 04:00:00+00:00,144.23,145.19,142.89,144.93,3818138
2023-04-10 04:00:00+00:00,143.45,145.62,142.59,145.57,3638373
2023-04-11 04:00:00+00:00,145.65,146.62,145.14,145.8,4404143
2023-04-12 04:00:00+00:00,147.01,147.06,143.38,143.54,4531332
2023-04-13 04:00:00+00:00,144.58,146.84,144.11,146.71,6570029
2023-04-14 04:00:00+00:00,146.38,147.8,145.68,146.9,5400804
2023-04-17 04:00:00+00:00,147.27,148.26,146.53,147.94,4551234
2023-04-18 04:00:00+00:00,148.68,149.02,147.54,148.18,4529399
2023-04-19 04:00:00+00:00,146.8,148.885,146.66,148.04,3800223
2023-04-20 04:00:00+00:00,145.61,147.01,144.94,145.76,4143578
2023-04-21 04:00:00+00:00,146.95,147.96,145.82,147.37,4435092
2023-04-24 04:00:00+00:00,147.59,148.46,145.995,147.35,3874986
2023-04-25 04:00:00+00:00,146.38,146.64,144.41,144.43,4247158
2023-04-26 04:00:00+00:00,145.16,145.63,143.4,143.69,3853004
2023-04-27 04:00:00+00:00,144.7,147.65,144.6,147.48,4815387
2023-04-28 04:00:00+00:00,146.79,148.0609,145.415,147.86,4135510
2023-05-01 04:00:00+00:00,147.5,147.82,146.19,146.4,4273871
2023-05-02 04:00:00+00:00,146.18,146.87,144.77,146.55,4608577
2023-05-03 04:00:00+00:00,145.94,147.89,145.28,145.39,4256025
2023-05-04 04:00:00+00:00,145.41,146.04,144.04,144.27,5331472
2023-05-05 04:00:00+00:00,145.63,147.47,145.37,147.19,3685885
2023-05-08 04:00:00+00:00,147.64,147.75,146.71,147.69,3425042
2023-05-09 04:00:00+00:00,146.88,147.765,146.64,147.65,4232544
2023-05-10 04:00:00+00:00,149.01,149.77,146.7,148.4,4514064
2023-05-11 04:00:00+00:00,148.49,149.28,147.93,149.09,4144423
2023-05-12 04:00:00+00:00,149.6,149.99,146.95,147.83,3778139
2023-05-15 04:00:00+00:00,148.0,148.32,146.73,148.02,3206038
2023-05-16 04:00:00+00:00,147.01,148.74,146.8,147.42,3474405
2023-05-17 04:00:00+00:00,148.35,150.65,148.32,150.49,4665956
2023-05-18 04:00:00+00:00,150.82,152.89,150.8,152.83,4303303
2023-05-19 04:00:00+00:00,152.46,152.54,150.79,151.55,3575099
2023-05-22 04:00:00+00:00,151.62,152.07,150.56,151.08,3560032
2023-05-23 04:00:00+00:00,149.92,151.84,149.4,149.7,4291576
2023-05-24 04:00:00+00:00,149.38,149.94,147.99,149.15,3476224
2023-05-25 04:00:00+00:00,149.61,149.8,147.98,148.48,3998910
2023-05-26 04:00:00+00:00,148.83,153.07,148.58,151.97,5205102
2023-05-30 04:00:00+00:00,153.63,154.145,152.0,152.99,5490780
2023-05-31 04:00:00+00:00,151.98,152.29,149.51,151.61,6244883
2023-06-01 04:00:00+00:00,151.48,154.15,150.43,153.4,5084425
2023-06-02 04:00:00+00:00,155.23,157.5875,155.14,157.0,5412380
2023-06-05 04:00:00+00:00,156.97,158.0,156.55,157.47,4404376
2023-06-06 04:00:00+00:00,157.18,159.33,157.08,159.11,4899560
2023-06-07 04:00:00+00:00,160.23,160.77,157.73,158.03,4603197
2023-06-08 04:00:00+00:00,158.28,160.65,158.18,160.37,3361301
2023-06-09 04:00:00+00:00,162.02,163.35,160.815,161.2,5789630
2023-06-12 04:00:00+00:00,162.19,164.185,161.71,163.97,4706367
2023-06-13 04:00:00+00:00,165.28,165.78,163.95,165.67,5418369
2023-06-14 04:00:00+00:00,165.96,166.43,163.34,165.55,6710142
2023-06-15 04:00:00+00:00,164.07,167.21,163.78,166.63,5356978
2023-06-16 04:00:00+00:00,167.81,167.865,166.27,166.38,6647456
2023-06-20 04:00:00+00:00,165.69,167.48,165.18,167.29,5489679
2023-06-21 04:00:00+00:00,167.23,167.64,165.0,165.28,5458034
2023-06-22 04:00:00+00:00,164.26,167.425,164.07,167.39,5376553
2023-06-23 04:00:00+00:00,165.42,166.96,164.77,165.45,5845287
2023-06-26 04:00:00+00:00,164.44,166.81,163.26,163.33,4336854
2023-06-27 04:00:00+00:00,164.29,167.06,164.08,166.84,5478482
2023-06-28 04:00:00+00:00,166.4,168.71,166.26,167.5,4357803
2023-06-29 04:00:00+00:00,167.79,168.19,166.68,167.68,3876272
2023-06-30 04:00:00+00:00,169.09,170.35,168.66,169.81,4511895
2023-07-03 04:00:00+00:00,171.51,172.81,171.51,171.86,4614877
2023-07-05 04:00:00+00:00,171.59,172.2,170.91,171.93,7264297
2023-07-06 04:00:00+00:00,169.76,170.0801,168.37,169.16,5737288
2023-07-07 04:00:00+00:00,169.25,171.05,168.94,169.37,5281869
2023-07-10 04:00:00+00:00,169.5,170.02,168.44,169.89,5319392
2023-07-11 04:00:00+00:00,170.36,171.599,170.21,171.31,4816889
2023-07-12 04:00:00+00:00,173.64,173.87,172.45,172.85,5065932
2023-07-13 04:00:00+00:00,174.46,174.9,173.24,174.47,3695008
2023-07-14 04:00:00+00:00,174.46,175.69,174.15,174.92,3959881
2023-07-17 04:00:00+00:00,175.02,176.05,174.84,175.63,4181869
2023-07-18 04:00:00+00:00,175.0,176.76,174.48,176.35,4714040
2023-07-19 04:00:00+00:00,176.8,177.8,176.62,176.97,6545183
2023-07-20 04:00:00+00:00,174.94,175.18,170.6999,170.94,9735255
2023-07-21 04:00:00+00:00,172.47,172.51,170.235,170.98,5242087
2023-07-24 04:00:00+00:00,170.74,172.37,170.015,172.1,4825843
2023-07-25 04:00:00+00:00,172.02,172.3714,171.26,171.7,3241912
2023-07-26 04:00:00+00:00,170.62,172.41,170.46,171.66,4417348
2023-07-27 04:00:00+00:00,173.39,173.72,169.55,169.88,4731977
2023-07-28 04:00:00+00:00,171.73,173.22,171.19,172.76,3971908
2023-07-31 04:00:00+00:00,173.19,173.76,172.62,173.74,3471809
2023-08-01 04:00:00+00:00,172.87,173.11,171.65,171.77,3450143
2023-08-02 04:00:00+00:00,169.78,170.39,168.335,168.69,4853726
2023-08-03 04:00:00+00:00,167.73,169.51,167.33,169.09,4030422
2023-08-04 04:00:00+00:00,173.85,174.62,171.35,171.55,6753735
2023-08-07 04:00:00+00:00,172.15,173.34,170.71,173.31,3684589
2023-08-08 04:00:00+00:00,171.56,172.185,170.26,171.93,3627785
2023-08-09 04:00:00+00:00,172.17,172.18,169.6,169.89,4522552
2023-08-10 04:00:00+00:00,171.17,172.91,169.48,170.3,4361470
2023-08-11 04:00:00+00:00,169.15,170.23,168.465,169.72,3151072
2023-08-14 04:00:00+00:00,168.68,170.26,168.345,170.24,2819660
2023-08-15 04:00:00+00:00,169.61,170.36,167.67,167.92,3314293
2023-08-16 04:00:00+00:00,167.2,168.295,165.793,165.84,3357715
2023-08-17 04:00:00+00:00,166.31,166.47,162.93,163.03,4354566
2023-08-18 04:00:00+00:00,161.27,163.09,160.93,162.66,4124546
2023-08-21 04:00:00+00:00,163.61,164.79,162.68,164.53,3322639
2023-08-22 04:00:00+00:00,165.8,166.13,164.15,164.77,4003345
2023-08-23 04:00:00+00:00,164.01,166.57,163.845,166.09,3864342
2023-08-24 04:00:00+00:00,166.38,166.6,162.79,162.84,3974537
2023-08-25 04:00:00+00:00,163.57,165.14,162.1,164.66,5046537
2023-08-28 04:00:00+00:00,165.72,165.89,164.33,165.32,2981442
2023-08-29 04:00:00+00:00,165.28,169.52,165.28,169.45,4457096
2023-08-30 04:00:00+00:00,169.14,170.82,168.72,170.18,3644587
2023-08-31 04:00:00+00:00,170.29,171.64,170.05,170.71,3936448
2023-09-01 04:00:00+00:00,171.68,172.12,168.68,169.67,5309363
2023-09-05 04:00:00+00:00,169.37,170.19,168.3875,169.79,4713168
2023-09-06 04:00:00+00:00,168.9,169.16,167.06,168.28,5577504
2023-09-07 04:00:00+00:00,166.5,168.95,166.07,168.75,5219678
2023-09-08 04:00:00+00:00,168.52,169.9,168.28,168.75,2855113
2023-09-11 04:00:00+00:00,171.26,173.56,171.18,173.29,5324368
2023-09-12 04:00:00+00:00,172.67,173.83,171.72,171.72,4954117
2023-09-13 04:00:00+00:00,172.26,173.57,171.69,173.08,3992490
2023-09-14 04:00:00+00:00,173.65,175.23,172.84,174.78,4888537
2023-09-15 04:00:00+00:00,173.98,174.22,171.4,171.79,5990802
2023-09-18 04:00:00+00:00,171.0,171.2,169.39,169.62,3721263
2023-09-19 04:00:00+00:00,168.74,169.1,167.215,168.77,4162567
2023-09-20 04:00:00+00:00,169.32,170.29,167.075,167.09,4434501
2023-09-21 04:00:00+00:00,164.98,165.07,162.5,162.53,6118017
2023-09-22 04:00:00+00:00,163.52,163.86,160.79,160.93,7104799
2023-09-25 04:00:00+00:00,160.27,162.26,159.87,161.92,4743395
2023-09-26 04:00:00+00:00,160.45,161.44,158.615,158.97,5833505
2023-09-27 04:00:00+00:00,159.39,159.91,156.74,158.36,6242507
2023-09-28 04:00:00+00:00,157.78,160.59,157.38,160.13,5145898
2023-09-29 04:00:00+00:00,162.46,163.08,160.09,160.98,6558509
2023-10-02 04:00:00+00:00,160.02,162.42,159.63,161.11,7331841
2023-10-03 04:00:00+00:00,159.87,160.04,156.64,157.19,7307014
2023-10-04 04:00:00+00:00,157.96,160.64,157.92,160.29,7670345
2023-10-05 04:00:00+00:00,160.07,160.5,158.23,159.49,6960975
2023-10-06 04:00:00+00:00,157.81,161.225,156.94,160.61,7632638
2023-10-09 04:00:00+00:00,158.67,161.1,157.66,160.78,5248045
2023-10-10 04:00:00+00:00,161.03,164.08,160.955,162.54,6729491
2023-10-11 04:00:00+00:00,163.2,163.99,161.68,163.12,3987231
2023-10-12 04:00:00+00:00,163.15,163.44,160.24,161.34,4590645
2023-10-13 04:00:00+00:00,161.58,161.83,158.53,158.97,5666211
2023-10-16 04:00:00+00:00,159.83,162.06,159.43,161.54,5535673
2023-10-17 04:00:00+00:00,160.07,162.72,159.77,161.92,6709970
2023-10-18 04:00:00+00:00,160.69,160.94,157.81,158.12,5207283
2023-10-19 04:00:00+00:00,156.76,157.48,153.35,154.08,10567413
2023-10-20 04:00:00+00:00,153.72,153.8,151.61,151.69,6679002
2023-10-23 04:00:00+00:00,151.08,153.795,149.47,151.87,7853580
2023-10-24 04:00:00+00:00,153.03,154.47,152.37,153.49,4980214
2023-10-25 04:00:00+00:00,152.29,152.55,150.22,150.39,5600525
2023-10-26 04:00:00+00:00,150.23,151.05,147.83,148.04,8460786
2023-10-27 04:00:00+00:00,150.62,151.89,149.1,149.59,7613277
2023-10-30 04:00:00+00:00,151.31,151.91,149.64,150.96,6928998
2023-10-31 04:00:00+00:00,151.03,152.57,150.43,152.1,5084324
2023-11-01 04:00:00+00:00,152.99,154.08,151.79,153.98,10834926
2023-11-02 04:00:00+00:00,156.66,158.09,156.17,158.0,10034829
2023-11-03 04:00:00+00:00,159.3,161.08,159.25,160.22,6863572
2023-11-06 05:00:00+00:00,160.82,161.36,159.32,160.42,5640258
2023-11-07 05:00:00+00:00,160.71,162.41,160.38,162.21,4386840
2023-11-08 05:00:00+00:00,162.26,162.54,160.825,161.78,4167319
2023-11-09 05:00:00+00:00,161.56,161.76,158.2,158.76,5748606
2023-11-10 05:00:00+00:00,158.96,161.46,158.15,161.4,5156119
2023-11-13 05:00:00+00:00,160.69,162.64,159.97,162.09,4939985
2023-11-14 05:00:00+00:00,166.14,168.065,165.9,167.55,7629159
2023-11-15 05:00:00+00:00,168.37,169.15,167.224,167.75,6194504
2023-11-16 05:00:00+00:00,166.3,167.455,165.3,166.03,6143748
2023-11-17 05:00:00+00:00,166.59,167.59,165.55,167.14,4460549
2023-11-20 05:00:00+00:00,167.1,168.3589,166.59,168.0,4642529
2023-11-21 05:00:00+00:00,166.75,167.74,166.21,167.57,3801850
2023-11-22 05:00:00+00:00,168.29,169.37,167.42,168.08,4481720
2023-11-24 05:00:00+00:00,167.97,168.53,167.68,168.24,1741527
2023-11-27 05:00:00+00:00,168.34,169.39,167.62,168.51,3649831
2023-11-28 05:00:00+00:00,168.31,169.57,167.39,169.48,5986961
2023-11-29 05:00:00+00:00,170.74,171.6,168.895,169.02,3829708
2023-11-30 05:00:00+00:00,169.02,169.09,167.46,168.78,6511535
2023-12-01 05:00:00+00:00,168.06,171.14,167.73,171.09,7477855
2023-12-04 05:00:00+00:00,169.85,171.18,169.435,170.44,9238805
2023-12-05 05:00:00+00:00,169.52,172.43,169.38,170.74,3911290
2023-12-06 05:00:00+00:00,172.02,172.86,170.86,170.99,6114110
2023-12-07 05:00:00+00:00,171.68,172.71,171.13,172.4,3690081
2023-12-08 05:00:00+00:00,171.53,173.52,171.4,173.19,4048343
2023-12-11 05:00:00+00:00,172.99,173.865,172.46,173.65,9446152
2023-12-12 05:00:00+00:00,173.46,174.31,172.77,174.19,3705745
2023-12-13 05:00:00+00:00,174.13,176.6625,172.77,176.47,5449219
2023-12-14 05:00:00+00:00,178.01,179.55,177.33,178.84,7644484
2023-12-15 05:00:00+00:00,178.88,179.65,178.29,179.21,5629200
2023-12-18 05:00:00+00:00,179.46,180.57,179.1,180.0,3859705
2023-12-19 05:00:00+00:00,180.61,181.88,180.57,181.41,3597064
2023-12-20 05:00:00+00:00,180.6,182.19,178.06,178.1,4310799
2023-12-21 05:00:00+00:00,179.98,180.865,178.97,180.81,3927463
2023-12-22 05:00:00+00:00,180.09,180.86,178.74,179.48,4261486
2023-12-26 05:00:00+00:00,179.88,180.47,179.53,180.24,2740381
2023-12-27 05:00:00+00:00,180.47,181.33,180.38,180.86,3747954
2023-12-28 05:00:00+00:00,181.12,181.46,179.78,179.92,2804495
2023-12-29 05:00:00+00:00,179.99,180.29,178.2,178.81,4134338
2024-01-02 05:00:00+00:00,178.25,178.33,176.465,177.15,7684781
2024-01-03 05:00:00+00:00,175.97,176.06,173.5,173.57,7761426
2024-01-04 05:00:00+00:00,172.87,174.49,172.29,172.35,5957540
2024-01-05 05:00:00+00:00,171.91,174.03,171.84,172.62,6042422
2024-01-08 05:00:00+00:00,172.92,175.76,172.875,175.56,4071330
2024-01-09 05:00:00+00:00,174.28,175.155,173.83,174.91,4165030
2024-01-10 05:00:00+00:00,175.18,176.735,175.14,176.31,3812219
2024-01-11 05:00:00+00:00,176.11,176.665,174.24,176.08,4296029
2024-01-12 05:00:00+00:00,175.35,176.15,173.63,173.96,3722220
2024-01-16 05:00:00+00:00,172.91,174.44,172.4,173.76,4488088
2024-01-17 05:00:00+00:00,171.93,172.3,170.96,172.24,3980924
2024-01-18 05:00:00+00:00,173.06,173.43,171.32,173.22,4963099
2024-01-19 05:00:00+00:00,173.49,175.2402,172.45,174.89,4891519
2024-01-22 05:00:00+00:00,175.27,175.77,173.34,174.12,5592145
2024-01-23 05:00:00+00:00,174.29,174.87,172.82,173.7,3553645
2024-01-24 05:00:00+00:00,174.85,175.03,172.905,173.04,4311139
2024-01-25 05:00:00+00:00,171.41,171.55,169.7246,170.9,5546356
2024-01-26 05:00:00+00:00,171.63,172.55,171.03,171.68,3488918
2024-01-29 05:00:00+00:00,172.03,174.22,171.73,174.19,3690608
2024-01-30 05:00:00+00:00,174.48,174.92,173.76,174.09,3137395
2024-01-31 05:00:00+00:00,172.98,173.91,170.77,170.92,6831913
2024-02-01 05:00:00+00:00,171.72,174.255,171.12,174.21,7341164
2024-02-02 05:00:00+00:00,175.4,178.04,174.56,177.32,10381982
2024-02-05 05:00:00+00:00,175.5,175.5,172.76,174.82,6673081
2024-02-06 05:00:00+00:00,174.07,175.915,174.07,175.88,4686799
2024-02-07 05:00:00+00:00,176.86,178.51,176.44,177.85,3898241
2024-02-08 05:00:00+00:00,177.97,178.74,177.63,178.63,4049991
2024-02-09 05:00:00+00:00,178.48,180.19,178.07,179.9,4792193
2024-02-12 05:00:00+00:00,179.96,180.88,179.41,179.75,3020080
2024-02-13 05:00:00+00:00,176.13,177.165,175.23,176.17,7400748
2024-02-14 05:00:00+00:00,176.84,178.11,175.87,178.03,5780471
2024-02-15 05:00:00+00:00,178.39,180.1,177.92,180.09,5283898
2024-02-16 05:00:00+00:00,179.31,180.07,177.92,179.02,4256173
2024-02-20 05:00:00+00:00,177.38,178.01,176.21,177.33,4378184
2024-02-21 05:00:00+00:00,177.91,179.48,177.47,178.64,4443120
2024-02-22 05:00:00+00:00,180.24,182.4,179.92,182.11,4400030
2024-02-23 05:00:00+00:00,181.4,182.21,181.0,181.29,3787998
2024-02-26 05:00:00+00:00,181.82,182.73,181.57,181.85,3525830
2024-02-27 05:00:00+00:00,182.67,183.3,181.77,182.45,2926271
2024-02-28 05:00:00+00:00,182.15,184.04,182.05,183.17,3704394
2024-02-29 05:00:00+00:00,183.82,184.835,182.88,184.41,4135234
2024-03-01 05:00:00+00:00,184.25,185.29,183.31,185.02,5532908
2024-03-04 05:00:00+00:00,184.11,184.73,182.47,182.52,5668406
2024-03-05 05:00:00+00:00,181.35,181.68,179.63,180.25,6470916
2024-03-06 05:00:00+00:00,180.96,181.44,179.1,179.61,4649856
2024-03-07 05:00:00+00:00,180.1,181.72,180.06,180.98,3356670
2024-03-08 05:00:00+00:00,181.4,182.13,179.71,180.31,6231839
2024-03-11 04:00:00+00:00,179.81,180.53,179.37,179.82,4153220
2024-03-12 04:00:00+00:00,180.42,182.07,179.21,181.37,3953185
2024-03-13 04:00:00+00:00,180.92,182.13,180.705,180.99,2858546
2024-03-14 04:00:00+00:00,181.2,181.38,178.87,179.84,5405213
2024-03-15 04:00:00+00:00,178.63,179.84,177.565,178.05,4934419
2024-03-18 04:00:00+00:00,179.45,179.87,178.2,179.02,4256457
2024-03-19 04:00:00+00:00,178.98,180.66,178.73,180.57,3812089
2024-03-20 04:00:00+00:00,180.92,183.29,180.77,183.26,4248732
2024-03-21 04:00:00+00:00,184.54,185.22,184.24,184.33,3573188
2024-03-22 04:00:00+00:00,182.41,183.205,182.03,182.72,2859501
2024-03-25 04:00:00+00:00,182.01,183.06,182.01,182.12,2832342
2024-03-26 04:00:00+00:00,183.29,184.05,182.225,182.35,2693922
2024-03-27 04:00:00+00:00,183.77,184.48,182.87,184.46,2905974
2024-03-28 04:00:00+00:00,184.23,184.77,183.83,183.89,2979051
2024-04-01 04:00:00+00:00,184.09,184.29,181.85,182.52,4970855
2024-04-02 04:00:00+00:00,179.58,179.92,179.02,179.83,6135372
2024-04-03 04:00:00+00:00,178.82,180.59,178.82,179.96,5082613
2024-04-04 04:00:00+00:00,181.32,181.995,177.825,177.85,4825278
2024-04-05 04:00:00+00:00,178.44,180.0,178.07,178.84,5040947
2024-04-08 04:00:00+00:00,179.9,181.13,179.76,180.54,4142454
2024-04-09 04:00:00+00:00,181.43,181.49,179.88,181.39,4281139
2024-04-10 04:00:00+00:00,178.44,179.32,177.76,178.59,5402980
2024-04-11 04:00:00+00:00,179.2,180.675,177.7,180.03,4216774
2024-04-12 04:00:00+00:00,178.63,178.75,176.53,177.11,5364634
2024-04-15 04:00:00+00:00,178.4,178.53,173.995,174.16,5568381
2024-04-16 04:00:00+00:00,173.26,174.14,172.35,173.17,6435417
2024-04-17 04:00:00+00:00,174.01,174.185,171.62,172.33,6208417
2024-04-18 04:00:00+00:00,172.65,173.3633,170.79,171.26,4705903
2024-04-19 04:00:00+00:00,171.26,171.65,169.085,169.76,6790387
2024-04-22 04:00:00+00:00,170.12,171.37,168.9,170.51,4475208
2024-04-23 04:00:00+00:00,171.48,173.04,170.63,172.54,3944713
2024-04-24 04:00:00+00:00,175.12,175.63,172.94,174.19,4474315
2024-04-25 04:00:00+00:00,171.55,174.71,170.825,174.34,5350771
2024-04-26 04:00:00+00:00,174.94,177.1,174.69,175.91,3332873
2024-04-29 04:00:00+00:00,179.53,180.28,178.24,180.0,5154211
2024-04-30 04:00:00+00:00,178.24,179.08,175.48,175.62,3609287
2024-05-01 04:00:00+00:00,175.71,177.94,173.63,174.52,7168374
2024-05-02 04:00:00+00:00,176.16,177.06,174.42,176.72,4119292
2024-05-03 04:00:00+00:00,178.94,179.99,177.6,177.91,4506472
2024-05-06 04:00:00+00:00,179.02,179.81,178.495,179.81,3114659
2024-05-07 04:00:00+00:00,179.69,179.77,178.25,178.52,3150389
2024-05-08 04:00:00+00:00,176.96,178.12,176.83,177.85,2881630
2024-05-09 04:00:00+00:00,177.93,179.5,177.53,179.06,2523025
2024-05-10 04:00:00+00:00,179.21,179.35,177.73,178.1,2827364
2024-05-13 04:00:00+00:00,178.87,179.28,177.25,177.87,4071405
2024-05-14 04:00:00+00:00,177.58,178.965,177.5,178.68,3022302
2024-05-15 04:00:00+00:00,179.48,179.61,177.79,178.95,3591450
2024-05-16 04:00:00+00:00,178.85,179.12,177.725,177.79,3294786
2024-05-17 04:00:00+00:00,177.95,178.73,177.43,178.7,2788668
2024-05-20 04:00:00+00:00,178.28,178.78,176.9458,177.37,2001073
2024-05-21 04:00:00+00:00,177.21,178.55,176.54,178.51,2187838
2024-05-22 04:00:00+00:00,178.08,178.26,175.93,176.65,3166138
2024-05-23 04:00:00+00:00,177.13,177.13,173.525,173.79,3677277
2024-05-24 04:00:00+00:00,174.98,176.09,174.49,175.54,2575073
2024-05-28 04:00:00+00:00,174.9,175.48,174.17,175.11,2672109
2024-05-29 04:00:00+00:00,173.8,174.635,173.8,173.96,2171995
2024-05-30 04:00:00+00:00,174.47,175.48,174.13,174.99,2248342
2024-05-31 04:00:00+00:00,175.11,176.01,173.21,175.97,3420217
2024-06-03 04:00:00+00:00,176.09,176.67,174.25,175.89,3964491
2024-06-04 04:00:00+00:00,175.15,176.785,175.09,176.07,2889964
2024-06-05 04:00:00+00:00,176.48,177.1,174.89,177.1,2290989
2024-06-06 04:00:00+00:00,177.25,178.46,177.17,178.39,2227829
2024-06-07 04:00:00+00:00,177.38,178.74,177.325,177.66,2274317
2024-06-10 04:00:00+00:00,177.14,178.41,177.14,178.23,1865622
2024-06-11 04:00:00+00:00,178.15,178.15,176.19,177.76,2783038
2024-06-12 04:00:00+00:00,179.32,180.77,178.78,179.61,3978771
2024-06-13 04:00:00+00:00,180.83,181.18,179.11,179.75,2613494
2024-06-14 04:00:00+00:00,179.48,179.48,177.26,178.33,3052793
2024-06-17 04:00:00+00:00,178.1,181.91,177.77,181.46,3676631
2024-06-18 04:00:00+00:00,181.31,181.53,180.24,180.85,2241988
2024-06-20 04:00:00+00:00,180.67,181.52,180.13,181.08,2361421
2024-06-21 04:00:00+00:00,182.0,182.85,181.14,182.61,4311603
2024-06-24 04:00:00+00:00,182.64,183.44,181.37,181.44,2538955
2024-06-25 04:00:00+00:00,181.63,181.63,180.125,180.71,2356424
2024-06-26 04:00:00+00:00,180.27,183.7,180.03,183.33,2515892
2024-06-27 04:00:00+00:00,183.75,184.47,183.01,184.45,2114153
2024-06-28 04:00:00+00:00,183.53,184.71,181.47,182.4,3942705
2024-07-01 04:00:00+00:00,183.11,183.87,182.07,183.02,3196701
2024-07-02 04:00:00+00:00,184.03,186.6,183.86,186.58,2942271
2024-07-03 04:00:00+00:00,187.23,188.47,186.96,187.77,2189806
2024-07-05 04:00:00+00:00,188.7,189.42,187.76,189.3,1998211
2024-07-08 04:00:00+00:00,189.06,190.22,188.87,189.39,1838522
2024-07-09 04:00:00+00:00,189.18,191.22,189.05,190.02,1828037
2024-07-10 04:00:00+00:00,190.44,191.63,189.33,191.45,2279145
2024-07-11 04:00:00+00:00,192.35,193.66,188.45,189.02,4498409
2024-07-12 04:00:00+00:00,188.77,193.11,188.5,191.49,2726826
2024-07-15 04:00:00+00:00,192.56,193.9,190.67,191.27,2540158
2024-07-16 04:00:00+00:00,192.38,194.79,192.07,194.7,2061656
2024-07-17 04:00:00+00:00,193.26,193.75,191.11,191.45,2898572
2024-07-18 04:00:00+00:00,191.85,193.075,188.94,189.5,2187575
2024-07-19 04:00:00+00:00,188.79,189.56,187.05,187.81,1936098
2024-07-22 04:00:00+00:00,189.17,190.535,188.44,189.88,2404245
2024-07-23 04:00:00+00:00,190.61,190.91,188.94,189.03,2411827
2024-07-24 04:00:00+00:00,184.84,184.92,181.21,181.3,4100479
2024-07-25 04:00:00+00:00,181.27,183.76,180.04,180.59,5120411
2024-07-26 04:00:00+00:00,181.92,183.57,181.46,182.61,2264705
2024-07-29 04:00:00+00:00,183.84,186.34,183.74,185.66,3572998
2024-07-30 04:00:00+00:00,186.08,186.33,182.9,184.63,2140514
2024-07-31 04:00:00+00:00,186.84,189.06,186.43,187.49,2496875
2024-08-01 04:00:00+00:00,187.57,188.13,181.32,182.89,3647850
2024-08-02 04:00:00+00:00,176.93,176.93,174.05,176.16,6369369
2024-08-05 04:00:00+00:00,167.06,172.95,166.48,171.18,8195879
2024-08-06 04:00:00+00:00,172.09,175.54,170.51,173.07,4761702
2024-08-07 04:00:00+00:00,174.49,174.8,169.84,170.05,4202160
2024-08-08 04:00:00+00:00,171.58,174.23,170.64,173.76,2967591
2024-08-09 04:00:00+00:00,173.73,175.15,173.3,174.34,3189825
2024-08-12 04:00:00+00:00,174.68,174.68,172.59,173.65,2464859
2024-08-13 04:00:00+00:00,174.46,178.16,174.12,178.0,2923469
2024-08-14 04:00:00+00:00,177.98,178.515,176.34,177.05,2389876
2024-08-15 04:00:00+00:00,180.42,182.97,180.42,182.7,3144196
2024-08-16 04:00:00+00:00,181.85,183.89,181.85,183.13,2383954
2024-08-19 04:00:00+00:00,183.6,185.475,183.421,185.38,2285019
2024-08-20 04:00:00+00:00,185.4,186.3,184.67,185.21,2339470
2024-08-21 04:00:00+00:00,186.73,187.93,186.31,187.55,2266112
2024-08-22 04:00:00+00:00,187.88,188.06,183.97,184.31,2854959
2024-08-23 04:00:00+00:00,185.75,188.08,185.72,187.87,3152083
2024-08-26 04:00:00+00:00,187.69,188.09,185.83,186.41,1605453
2024-08-27 04:00:00+00:00,185.95,186.19,184.66,185.92,1664175
2024-08-28 04:00:00+00:00,185.81,186.27,182.65,184.12,2834303
2024-08-29 04:00:00+00:00,185.74,186.525,184.165,184.34,2307974
2024-08-30 04:00:00+00:00,185.02,187.29,184.28,187.12,2336125
2024-09-03 04:00:00+00:00,186.58,187.4511,183.7,184.55,4938302
2024-09-04 04:00:00+00:00,184.03,185.87,183.7905,185.03,5003766
2024-09-05 04:00:00+00:00,185.9,188.41,185.72,187.13,3632123
2024-09-06 04:00:00+00:00,187.49,188.17,182.32,182.4,3857063
2024-09-09 04:00:00+00:00,184.31,185.78,183.82,185.06,2148829
2024-09-10 04:00:00+00:00,185.78,187.3,184.67,187.18,4712294
2024-09-11 04:00:00+00:00,186.9,189.31,183.01,189.05,3755700
2024-09-12 04:00:00+00:00,189.04,191.27,188.82,191.18,2374296
2024-09-13 04:00:00+00:00,191.35,192.96,191.11,192.48,1963101
2024-09-16 04:00:00+00:00,192.38,192.79,191.11,192.15,1538628
2024-09-17 04:00:00+00:00,193.29,195.04,192.53,193.13,2153963
2024-09-18 04:00:00+00:00,193.41,196.045,192.52,192.75,3317400
2024-09-19 04:00:00+00:00,196.47,197.58,195.83,197.14,2932858
2024-09-20 04:00:00+00:00,196.79,196.99,195.23,196.69,2776174
2024-09-23 04:00:00+00:00,197.11,198.75,196.7,198.67,3635610
2024-09-24 04:00:00+00:00,199.65,200.46,198.47,200.41,2029802
2024-09-25 04:00:00+00:00,199.72,200.1212,199.09,199.69,1694880
2024-09-26 04:00:00+00:00,201.46,201.9,199.35,200.54,2133430
2024-09-27 04:00:00+00:00,201.3,201.65,200.255,200.84,1720946
2024-09-30 04:00:00+00:00,200.29,200.93,198.45,200.37,2286341
2024-10-01 04:00:00+00:00,200.25,200.43,196.96,199.56,4114744
2024-10-02 04:00:00+00:00,197.2,198.42,196.39,197.87,3741187
2024-10-03 04:00:00+00:00,196.15,196.91,194.785,195.58,3550693
2024-10-04 04:00:00+00:00,197.74,198.63,196.12,198.17,3914163
2024-10-07 04:00:00+00:00,196.71,196.71,194.39,195.09,2601002
2024-10-08 04:00:00+00:00,195.96,197.31,195.64,196.99,2366568
2024-10-09 04:00:00+00:00,197.64,198.8,196.79,198.4,2768802
2024-10-10 04:00:00+00:00,198.04,198.48,196.84,197.42,1629509
2024-10-11 04:00:00+00:00,195.43,197.37,195.4,196.58,2495809
2024-10-14 04:00:00+00:00,196.98,197.765,196.1699,197.44,1783317
2024-10-15 04:00:00+00:00,197.5,199.16,197.5,197.87,3417485
2024-10-16 04:00:00+00:00,198.06,198.955,197.8,198.91,2303530
2024-10-17 04:00:00+00:00,199.26,199.58,198.07,198.73,1744421
2024-10-18 04:00:00+00:00,199.15,200.04,198.37,199.51,1898461
2024-10-21 04:00:00+00:00,199.07,199.07,197.21,197.96,1652483
2024-10-22 04:00:00+00:00,196.44,197.87,195.92,197.16,1578828
2024-10-23 04:00:00+00:00,195.58,196.025,193.03,194.06,2169500
2024-10-24 04:00:00+00:00,198.3,200.445,197.7,200.18,3495923
2024-10-25 04:00:00+00:00,200.54,202.575,200.07,200.81,2719966
2024-10-28 04:00:00+00:00,202.39,203.08,201.19,201.28,2051284
2024-10-29 04:00:00+00:00,199.61,200.65,198.98,200.23,2123542
2024-10-30 04:00:00+00:00,200.71,201.61,199.79,199.95,2439905
2024-10-31 04:00:00+00:00,199.5,199.95,196.77,196.89,3098973
2024-11-01 04:00:00+00:00,200.51,202.15,199.9,200.09,3803941
2024-11-04 05:00:00+00:00,199.25,201.05,198.91,199.4,2384665
2024-11-05 05:00:00+00:00,199.85,202.99,199.68,202.93,2212139
2024-11-06 05:00:00+00:00,207.55,209.59,205.9,209.42,4699351
2024-11-07 05:00:00+00:00,209.83,212.96,209.76,212.11,4010570
2024-11-08 05:00:00+00:00,212.08,216.27,211.85,215.12,3893103
2024-11-11 05:00:00+00:00,218.5,220.39,217.51,219.46,4604977
2024-11-12 05:00:00+00:00,218.9,218.93,215.75,216.53,5267591
2024-11-13 05:00:00+00:00,217.99,219.54,217.24,218.38,2941664
2024-11-14 05:00:00+00:00,218.02,218.9,215.1,215.28,2310476
2024-11-15 05:00:00+00:00,214.07,215.1,212.46,213.44,3912377
2024-11-18 05:00:00+00:00,216.01,217.06,214.03,215.41,2376552
2024-11-19 05:00:00+00:00,213.42,216.23,212.43,215.57,1967937
2024-11-20 05:00:00+00:00,214.93,215.065,212.38,214.62,2989525
2024-11-21 05:00:00+00:00,215.27,215.54,213.34,215.0,2734286
2024-11-22 05:00:00+00:00,215.62,218.73,215.62,218.1,2275349
2024-11-25 05:00:00+00:00,220.7,222.265,220.22,220.33,3680192
2024-11-26 05:00:00+00:00,220.22,221.51,219.8716,221.13,1989811
2024-11-27 05:00:00+00:00,221.54,221.85,219.51,220.04,1914533
2024-11-29 05:00:00+00:00,220.53,222.35,220.4,222.3,885704
2024-12-02 05:00:00+00:00,223.87,224.77,223.45,224.24,4067668
2024-12-03 05:00:00+00:00,223.8,224.21,222.86,224.07,3525712
2024-12-04 05:00:00+00:00,224.55,226.37,224.31,226.15,2769742
2024-12-05 05:00:00+00:00,226.37,229.03,226.27,228.0,3660915
2024-12-06 05:00:00+00:00,229.86,232.85,229.84,232.8,2444609
2024-12-09 05:00:00+00:00,234.14,235.572,231.23,232.06,3256865
2024-12-10 05:00:00+00:00,232.1,234.6,231.6701,232.44,3815443
2024-12-11 05:00:00+00:00,234.37,236.6,234.24,236.52,2867412
2024-12-12 05:00:00+00:00,236.4,236.66,234.26,234.56,2436188
2024-12-13 05:00:00+00:00,234.49,235.589,233.9,235.49,2691256
2024-12-16 05:00:00+00:00,236.71,238.85,236.25,238.68,3007198
2024-12-17 05:00:00+00:00,239.76,239.93,237.45,239.43,5110481
2024-12-18 05:00:00+00:00,237.53,240.28,227.71,228.64,7202518
2024-12-19 05:00:00+00:00,231.76,232.418,226.965,228.33,6602627
2024-12-20 05:00:00+00:00,226.04,232.51,225.5,228.91,5458147
2024-12-23 05:00:00+00:00,228.89,229.4,226.18,229.17,2961256
2024-12-24 05:00:00+00:00,230.14,234.5,229.945,234.47,1276273
2024-12-26 05:00:00+00:00,233.97,234.45,232.57,233.6,2055415
2024-12-27 05:00:00+00:00,232.05,232.05,228.63,229.74,3048693
2024-12-30 05:00:00+00:00,226.25,227.5092,224.63,226.05,2706597
2024-12-31 05:00:00+00:00,227.28,227.95,223.97,224.35,2625399
2025-01-02 05:00:00+00:00,224.44,225.12,219.99,221.4,4583242
2025-01-03 05:00:00+00:00,222.64,226.02,221.52,225.88,3250769
2025-01-06 05:00:00+00:00,228.32,228.49,225.54,226.77,3393135
2025-01-07 05:00:00+00:00,226.58,227.25,221.57,222.38,2777007
2025-01-08 05:00:00+00:00,222.3,223.89,221.18,223.01,2654877
2025-01-10 05:00:00+00:00,222.16,222.54,219.62,220.82,3434810
2025-01-13 05:00:00+00:00,219.14,222.1,218.3,222.07,2711005
2025-01-14 05:00:00+00:00,224.3,225.47,220.81,221.64,3381229
2025-01-15 05:00:00+00:00,226.75,227.47,225.18,227.28,3098776
2025-01-16 05:00:00+00:00,226.89,226.89,225.15,226.05,2425986
2025-01-17 05:00:00+00:00,229.03,230.66,228.66,229.22,1942339
2025-01-21 05:00:00+00:00,231.29,231.5,228.37,230.9,3018494
2025-01-22 05:00:00+00:00,230.41,231.39,229.64,230.03,2474403
2025-01-23 05:00:00+00:00,229.69,231.42,229.08,231.42,1944382
2025-01-24 05:00:00+00:00,231.47,231.71,229.565,230.01,1771911
2025-01-27 05:00:00+00:00,226.56,231.42,226.55,231.32,3534932
2025-01-28 05:00:00+00:00,230.65,232.24,229.55,231.6,2605889
2025-01-29 05:00:00+00:00,231.79,232.5,230.18,230.94,3269081
2025-01-30 05:00:00+00:00,234.01,234.57,231.45,233.2,2693211
2025-01-31 05:00:00+00:00,233.49,235.85,231.72,232.17,2546388
2025-02-03 05:00:00+00:00,227.14,230.09,225.21,229.1,3704808
2025-02-04 05:00:00+00:00,229.24,232.03,229.21,231.8,1942470
2025-02-05 05:00:00+00:00,230.31,230.88,228.63,229.17,2951570
2025-02-06 05:00:00+00:00,229.82,230.69,228.67,230.08,3023255
2025-02-07 05:00:00+00:00,228.52,230.26,225.4,225.58,2712528
2025-02-10 05:00:00+00:00,226.48,227.57,225.44,226.35,2969696
2025-02-11 05:00:00+00:00,224.91,225.54,223.225,223.78,2769408
2025-02-12 05:00:00+00:00,222.11,224.9,221.52,223.74,3951722
2025-02-13 05:00:00+00:00,225.19,227.325,224.79,227.1,3242587
2025-02-14 05:00:00+00:00,228.72,228.92,226.22,227.0,1712797
2025-02-18 05:00:00+00:00,226.94,227.2389,224.915,226.37,3783725
2025-02-19 05:00:00+00:00,225.32,226.36,224.88,226.24,1971445
2025-02-20 05:00:00+00:00,225.62,225.62,222.57,224.29,2366172
2025-02-21 05:00:00+00:00,224.82,224.885,217.52,218.39,4521473
2025-02-24 05:00:00+00:00,219.37,219.69,216.66,217.57,2976786
2025-02-25 05:00:00+00:00,217.45,217.95,213.41,216.43,4003193
2025-02-26 05:00:00+00:00,217.89,219.11,215.08,215.54,3071861
2025-02-27 05:00:00+00:00,216.54,217.14,212.26,212.43,3399576
2025-02-28 05:00:00+00:00,212.51,216.1,211.66,215.96,3848168
2025-03-03 05:00:00+00:00,217.22,218.37,209.72,211.98,5491764
2025-03-04 05:00:00+00:00,208.37,211.86,205.49,208.24,6921407
2025-03-05 05:00:00+00:00,208.39,211.79,207.47,211.41,5064064
2025-03-06 05:00:00+00:00,208.28,209.79,205.14,206.05,4877719
2025-03-07 05:00:00+00:00,204.78,206.25,200.27,205.67,4899448
2025-03-10 04:00:00+00:00,202.94,203.22,196.58,198.33,7206342
2025-03-11 04:00:00+00:00,198.22,199.915,194.39,196.39,7189786
2025-03-12 04:00:00+00:00,199.79,199.99,195.12,197.53,4274190
2025-03-13 04:00:00+00:00,197.23,197.23,191.69,192.6,4996553
2025-03-14 04:00:00+00:00,195.55,196.91,193.85,196.7,3147802
2025-03-17 04:00:00+00:00,196.72,198.13,195.31,197.01,3026599
2025-03-18 04:00:00+00:00,195.17,195.18,192.7,193.5,4123455
2025-03-19 04:00:00+00:00,194.85,198.33,194.38,197.21,4915706
2025-03-20 04:00:00+00:00,195.76,199.255,195.6,196.74,4293234
2025-03-21 04:00:00+00:00,194.39,197.56,193.38,197.45,4897426
2025-03-24 04:00:00+00:00,199.75,204.47,199.75,204.29,4284199
2025-03-25 04:00:00+00:00,204.78,206.04,203.55,205.92,3710682
2025-03-26 04:00:00+00:00,205.48,205.93,202.06,203.23,3093845
2025-03-27 04:00:00+00:00,202.59,206.43,202.08,203.36,3368548
2025-03-28 04:00:00+00:00,202.19,202.51,196.45,197.04,4943331
2025-03-31 04:00:00+00:00,193.19,198.13,191.81,197.46,5110359
2025-04-01 04:00:00+00:00,197.21,201.13,196.14,199.52,5548742
2025-04-02 04:00:00+00:00,195.93,204.49,195.7601,203.31,4677993
2025-04-03 04:00:00+00:00,192.28,194.93,190.13,191.03,6897970
2025-04-04 04:00:00+00:00,184.62,189.35,181.69,182.79,12642441
2025-04-07 04:00:00+00:00,175.85,189.22,173.1001,180.63,20616981
2025-04-08 04:00:00+00:00,187.44,188.46,173.96,176.34,8701001
2025-04-09 04:00:00+00:00,176.04,196.145,175.75,195.54,14657135
2025-04-10 04:00:00+00:00,190.83,190.95,181.8,187.9,8300267
2025-04-11 04:00:00+00:00,187.49,190.1,184.14,189.72,4133366
2025-04-14 04:00:00+00:00,192.55,193.57,187.72,190.27,3860294
2025-04-15 04:00:00+00:00,189.96,191.55,187.83,188.9,3338150
2025-04-16 04:00:00+00:00,187.08,188.54,181.88,184.24,4289810
2025-04-17 04:00:00+00:00,185.31,186.6,183.8,185.4,3811808
2025-04-21 04:00:00+00:00,182.73,182.95,177.97,180.45,4901019
2025-04-22 04:00:00+00:00,182.52,187.95,182.495,186.16,4282448
2025-04-23 04:00:00+00:00,192.88,194.95,189.87,190.32,4478762
2025-04-24 04:00:00+00:00,190.3,194.295,189.83,194.11,2670630
2025-04-25 04:00:00+00:00,194.1,197.73,193.62,197.6,2984445
2025-04-28 04:00:00+00:00,198.37,199.9,194.92,197.67,2781062
2025-04-29 04:00:00+00:00,196.16,199.34,195.93,199.07,2568275
2025-04-30 04:00:00+00:00,194.2,197.81,191.63,197.26,2940962
2025-05-01 04:00:00+00:00,198.25,200.94,197.92,198.35,3679653
2025-05-02 04:00:00+00:00,200.45,202.58,199.14,201.43,3728726
2025-05-05 04:00:00+00:00,199.81,200.45,198.63,199.29,2338492
2025-05-06 04:00:00+00:00,196.86,199.0,196.68,197.55,2405829
2025-05-07 04:00:00+00:00,197.97,199.98,197.25,199.09,2679679
2025-05-08 04:00:00+00:00,201.01,203.52,199.73,201.44,3232235
2025-05-09 04:00:00+00:00,201.96,203.92,201.425,202.41,2579955
2025-05-12 04:00:00+00:00,213.18,213.2,210.39,212.47,4784808
2025-05-13 04:00:00+00:00,213.77,216.182,213.065,215.28,5715480
2025-05-14 04:00:00+00:00,215.83,217.18,215.21,216.11,3558494
2025-05-15 04:00:00+00:00,214.07,216.21,213.4001,215.63,4196551
2025-05-16 04:00:00+00:00,216.36,217.82,215.78,217.67,2986584
2025-05-19 04:00:00+00:00,214.13,217.48,213.68,217.16,3467506
2025-05-20 04:00:00+00:00,217.56,218.18,214.995,216.03,3523643
2025-05-21 04:00:00+00:00,214.32,215.06,210.8,211.65,5162819
2025-05-22 04:00:00+00:00,211.28,214.13,210.715,212.56,4496573
2025-05-23 04:00:00+00:00,209.02,211.6,208.68,210.65,3748572
2025-05-27 04:00:00+00:00,213.03,217.045,213.03,216.87,3943412
2025-05-28 04:00:00+00:00,217.06,217.12,214.52,214.88,3771176
2025-05-29 04:00:00+00:00,217.04,217.17,213.87,214.97,4015816
2025-05-30 04:00:00+00:00,214.14,215.63,212.38,213.8,5116716
2025-06-02 04:00:00+00:00,213.19,214.33,210.56,214.3,4391952
2025-06-03 04:00:00+00:00,214.49,217.23,214.44,215.44,3927738
2025-06-04 04:00:00+00:00,215.62,215.74,213.3,214.87,3790559
2025-06-05 04:00:00+00:00,214.32,215.43,207.71,209.45,6049255
2025-06-06 04:00:00+00:00,212.48,213.165,211.44,212.17,4974377
2025-06-09 04:00:00+00:00,211.44,214.27,210.24,213.87,5298192
2025-06-10 04:00:00+00:00,214.18,216.47,213.925,216.43,4297464
2025-06-11 04:00:00+00:00,217.69,217.77,213.92,214.72,3444346
2025-06-12 04:00:00+00:00,213.525,214.87,213.14,213.71,2706952
2025-06-13 04:00:00+00:00,210.98,213.995,210.73,211.74,5146081
2025-06-16 04:00:00+00:00,213.41,214.38,212.79,214.02,2382420
2025-06-17 04:00:00+00:00,212.83,213.35,209.935,210.33,4236596
2025-06-18 04:00:00+00:00,210.75,212.69,210.24,210.43,3702867
2025-06-20 04:00:00+00:00,212.27,212.76,209.62,210.68,4852493
2025-06-23 04:00:00+00:00,210.66,214.79,209.713,214.4,6278646
2025-06-24 04:00:00+00:00,216.61,216.685,214.93,215.59,4326345
2025-06-25 04:00:00+00:00,216.27,216.32,212.16,213.05,4651011
2025-06-26 04:00:00+00:00,213.24,215.4601,212.78,215.01,3771715
2025-06-27 04:00:00+00:00,216.06,218.61,215.59,218.59,4451040
2025-06-30 04:00:00+00:00,218.52,219.0,216.73,217.33,3501916
2025-07-01 04:00:00+00:00,215.24,219.18,214.72,218.26,6542717
2025-07-02 04:00:00+00:00,219.65,220.475,218.26,220.01,6218261
2025-07-03 04:00:00+00:00,221.0,221.84,220.42,221.21,3452353
2025-07-07 04:00:00+00:00,218.19,219.3,217.02,218.4,5040790
2025-07-08 04:00:00+00:00,218.9,219.31,217.49,217.66,3427499
2025-07-09 04:00:00+00:00,218.63,219.58,217.81,218.95,2432694
2025-07-10 04:00:00+00:00,219.42,221.905,219.19,221.37,3784335
2025-07-11 04:00:00+00:00,220.78,221.9,219.87,221.43,3345436
2025-07-14 04:00:00+00:00,221.48,222.315,220.84,222.25,3646138
2025-07-15 04:00:00+00:00,222.39,222.915,218.98,219.07,5066960
2025-07-16 04:00:00+00:00,219.45,219.93,217.47,219.47,6989581
2025-07-17 04:00:00+00:00,219.62,220.57,219.25,220.22,3871041
2025-07-18 04:00:00+00:00,221.33,222.28,221.0,222.17,5622384
2025-07-21 04:00:00+00:00,222.92,224.06,222.75,223.22,4904235
2025-07-22 04:00:00+00:00,223.93,225.895,223.3,225.48,5490014
2025-07-23 04:00:00+00:00,226.0,226.89,225.73,226.55,5041597
2025-07-24 04:00:00+00:00,223.52,224.82,222.3301,222.8,7574180
2025-07-25 04:00:00+00:00,223.92,225.21,223.36,224.87,6133918
2025-07-28 04:00:00+00:00,225.74,227.34,225.03,226.18,5666433
2025-07-29 04:00:00+00:00,226.22,226.255,224.12,224.62,5506397
2025-07-30 04:00:00+00:00,224.95,225.36,221.95,223.2,6871511
2025-07-31 04:00:00+00:00,224.28,224.66,221.13,221.43,6864312
2025-08-01 04:00:00+00:00,216.53,217.295,214.7507,216.09,11330173
2025-08-04 04:00:00+00:00,217.75,218.97,217.06,218.63,6320098
2025-08-05 04:00:00+00:00,218.95,220.29,218.27,218.91,5510821
2025-08-06 04:00:00+00:00,219.56,223.56,219.26,223.46,5864528
2025-08-07 04:00:00+00:00,224.02,225.04,221.51,223.39,6063943
2025-08-08 04:00:00+00:00,223.53,224.88,223.39,223.78,5054595
2025-08-11 04:00:00+00:00,224.34,225.5,223.975,224.36,4843220
2025-08-12 04:00:00+00:00,226.06,226.995,224.46,226.74,4895751
2025-08-13 04:00:00+00:00,227.59,230.18,227.35,229.85,6277708
2025-08-14 04:00:00+00:00,228.54,229.96,228.3,229.59,5622349
2025-08-15 04:00:00+00:00,230.79,231.03,228.23,229.04,4673456
2025-08-18 04:00:00+00:00,228.58,230.305,228.58,229.96,4646590
2025-08-19 04:00:00+00:00,230.0,232.06,229.33,229.85,5921661
2025-08-20 04:00:00+00:00,230.33,230.88,226.18,227.58,7651785
2025-08-21 04:00:00+00:00,226.45,226.83,224.95,226.23,5058511
2025-08-22 04:00:00+00:00,227.34,233.2088,227.01,233.1,7466885
2025-08-25 04:00:00+00:00,232.26,233.495,231.65,232.63,4925701
2025-08-26 04:00:00+00:00,232.3,233.77,232.13,233.7,5404857
2025-08-27 04:00:00+00:00,233.69,234.53,233.45,233.75,4382188
2025-08-28 04:00:00+00:00,234.21,234.51,232.69,234.15,4105788
2025-08-29 04:00:00+00:00,234.14,234.495,231.13,231.74,5879794
2025-09-02 04:00:00+00:00,228.81,230.28,228.3062,230.01,7352729
2025-09-03 04:00:00+00:00,230.47,232.23,229.92,230.94,6919542
2025-09-04 04:00:00+00:00,232.72,235.27,232.42,235.16,12331175
2025-09-05 04:00:00+00:00,236.4,237.86,234.26,235.11,15497719
2025-09-08 04:00:00+00:00,236.33,236.7,235.24,236.02,9384595
2025-09-09 04:00:00+00:00,235.85,235.935,234.13,235.69,6670285
2025-09-10 04:00:00+00:00,236.06,236.06,232.26,232.87,8165198
2025-09-11 04:00:00+00:00,233.81,237.56,233.51,237.4,7989968
2025-09-12 04:00:00+00:00,237.03,238.98,236.925,238.63,4501417
2025-09-15 04:00:00+00:00,242.44,242.77,239.51,240.7,6880181
2025-09-16 04:00:00+00:00,241.57,242.455,240.85,242.18,4343794
2025-09-17 04:00:00+00:00,242.02,243.4,239.0,241.57,7662195
2025-09-18 04:00:00+00:00,242.53,242.65,240.48,240.48,5410284
2025-09-19 04:00:00+00:00,241.74,242.47,240.95,241.39,6288096
2025-09-22 04:00:00+00:00,240.8,242.02,240.08,240.18,6141802
2025-09-23 04:00:00+00:00,240.73,240.905,237.52,237.92,4848202
2025-09-24 04:00:00+00:00,238.99,240.02,238.23,239.6,4931141
2025-09-25 04:00:00+00:00,238.11,238.195,235.15,236.22,5795400
2025-09-26 04:00:00+00:00,237.29,239.85,236.47,239.71,4875141
2025-09-29 04:00:00+00:00,240.97,241.59,239.245,240.76,5622480
2025-09-30 04:00:00+00:00,240.53,240.75,237.76,239.64,6490958
2025-10-01 04:00:00+00:00,239.23,241.88,238.81,241.14,5629227
2025-10-02 04:00:00+00:00,242.32,242.7,239.245,239.4,6595778
2025-10-03 04:00:00+00:00,240.49,240.89,236.54,237.86,6967231
2025-10-06 04:00:00+00:00,239.45,240.24,237.195,239.9,5231382
2025-10-07 04:00:00+00:00,239.27,239.28,235.62,235.7,7312021
2025-10-08 04:00:00+00:00,236.73,237.12,234.34,236.4,3955149
2025-10-09 04:00:00+00:00,235.49,235.57,233.565,235.22,4879133
2025-10-10 04:00:00+00:00,235.33,236.42,228.68,228.75,8989204
2025-10-13 04:00:00+00:00,230.85,234.22,230.47,233.86,5430143
2025-10-14 04:00:00+00:00,230.775,235.68,229.83,234.35,6266913
2025-10-15 04:00:00+00:00,235.42,236.99,232.76,234.69,5417991
2025-10-16 04:00:00+00:00,234.87,235.53,230.67,232.42,6518410
2025-10-17 04:00:00+00:00,232.3,234.98,231.75,234.42,5884862
2025-10-20 04:00:00+00:00,235.5,236.57,235.16,236.28,4178234
2025-10-21 04:00:00+00:00,236.73,240.07,236.6,239.17,4337519
2025-10-22 04:00:00+00:00,238.7,238.86,235.98,237.3,6374803
2025-10-23 04:00:00+00:00,235.33,238.67,234.55,238.37,5643416
2025-10-24 04:00:00+00:00,239.26,239.83,237.415,237.66,3240789
2025-10-27 04:00:00+00:00,240.14,241.945,239.62,241.08,3704022
2025-10-28 04:00:00+00:00,240.72,242.91,239.88,241.14,4499784
2025-10-29 04:00:00+00:00,241.19,241.23,237.78,239.15,5528739
2025-10-30 04:00:00+00:00,235.47,237.31,233.72,233.75,5926816
2025-10-31 04:00:00+00:00,240.37,241.27,238.39,239.93,6707242
2025-11-03 05:00:00+00:00,242.41,242.99,241.52,242.18,5365737
2025-11-04 05:00:00+00:00,239.1,240.89,237.83,238.16,4656619
2025-11-05 05:00:00+00:00,239.13,241.43,237.29,241.06,5858152
2025-11-06 05:00:00+00:00,239.75,240.07,234.26,235.49,7363046
2025-11-07 05:00:00+00:00,235.0,236.62,232.85,235.86,5751050
2025-11-10 05:00:00+00:00,238.19,239.335,237.23,238.96,5217671
2025-11-11 05:00:00+00:00,238.55,239.765,237.935,239.55,6387715
2025-11-12 05:00:00+00:00,240.25,240.51,237.33,237.94,4657087
2025-11-13 05:00:00+00:00,236.94,237.705,231.58,232.0,7634378
2025-11-14 05:00:00+00:00,229.35,233.02,228.59,230.89,7331161
2025-11-17 05:00:00+00:00,229.69,232.29,227.415,228.72,10116926
2025-11-18 05:00:00+00:00,226.05,227.24,224.15,224.5,13528685
2025-11-19 05:00:00+00:00,226.23,226.23,223.33,224.51,7956084
2025-11-20 05:00:00+00:00,227.03,229.5,220.93,221.16,12462202
2025-11-21 05:00:00+00:00,222.64,227.69,221.96,225.5,9506747
2025-11-24 05:00:00+00:00,227.25,229.87,227.0,228.51,5591018
2025-11-25 05:00:00+00:00,228.6,233.78,228.18,233.4,5197742
2025-11-26 05:00:00+00:00,234.22,235.475,233.3,235.0,4061377
2025-11-28 05:00:00+00:00,235.54,236.795,235.54,236.46,2413582
2025-12-01 05:00:00+00:00,235.32,237.92,235.23,236.6,5789904
2025-12-02 05:00:00+00:00,237.17,237.33,234.97,236.44,5553027
2025-12-03 05:00:00+00:00,236.47,239.62,236.47,238.99,4684980
2025-12-04 05:00:00+00:00,239.34,239.59,236.79,238.14,5914389
2025-12-05 05:00:00+00:00,119.18,120.09,119.18,119.73,4556898
2025-12-08 05:00:00+00:00,119.25,119.36,117.75,117.99,6400205
2025-12-09 05:00:00+00:00,117.51,118.49,117.33,117.98,5153897
2025-12-10 05:00:00+00:00,118.12,120.275,118.11,119.71,9441040
2025-12-11 05:00:00+00:00,119.72,120.36,119.51,120.18,5863443
2025-12-12 05:00:00+00:00,120.51,121.36,119.655,120.7,7865769
2025-12-15 05:00:00+00:00,121.72,122.4,121.215,121.73,12137601
2025-12-16 05:00:00+00:00,121.66,122.22,121.055,121.93,12052011
2025-12-17 05:00:00+00:00,122.03,122.65,120.52,120.52,10597789
2025-12-18 05:00:00+00:00,122.22,123.63,122.08,122.34,11598164
2025-12-19 05:00:00+00:00,122.37,122.42,121.74,121.85,9729146
2025-12-22 05:00:00+00:00,122.36,122.815,122.085,122.34,8073497
2025-12-23 05:00:00+00:00,122.27,122.65,121.89,122.17,9766443
2025-12-24 05:00:00+00:00,122.28,122.625,121.925,122.59,2250005
2025-12-26 05:00:00+00:00,122.43,122.78,121.88,122.05,4197048
2025-12-29 05:00:00+00:00,121.56,121.56,120.71,120.85,6535427
2025-12-30 05:00:00+00:00,120.61,120.78,120.27,120.36,4180492
2025-12-31 05:00:00+00:00,120.44,120.46,119.355,119.41,4356266
2026-01-02 05:00:00+00:00,120.08,120.12,117.71,118.35,16200887
2026-01-05 05:00:00+00:00,118.95,121.15,118.59,120.3,17621160
2026-01-06 05:00:00+00:00,119.525,121.26,119.44,121.07,17759695
2026-01-07 05:00:00+00:00,121.26,122.13,120.9,120.9,11327783
2026-01-08 05:00:00+00:00,120.58,123.14,120.4,122.92,12565379
2026-01-09 05:00:00+00:00,122.92,124.56,122.18,124.41,13817755
2026-01-12 05:00:00+00:00,123.87,125.01,123.34,124.52,8773125
2026-01-13 05:00:00+00:00,124.53,124.6955,123.42,124.21,9033258
2026-01-14 05:00:00+00:00,123.39,123.41,121.635,122.25,10758375
2026-01-15 05:00:00+00:00,122.87,123.25,122.4,122.7,7448084
2026-01-16 05:00:00+00:00,122.76,123.04,121.88,122.3,7058655
2026-01-20 05:00:00+00:00,120.28,120.57,118.9,119.12,9720031
2026-01-21 05:00:00+00:00,119.41,121.9,119.41,121.4,11017703
2026-01-22 05:00:00+00:00,122.13,123.075,121.72,122.62,6594215
2026-01-23 05:00:00+00:00,122.48,123.39,122.23,123.13,6471090
2026-01-26 05:00:00+00:00,123.06,123.4,122.3,122.32,4812744
2026-01-27 05:00:00+00:00,122.74,122.92,121.82,122.69,4270019
2026-01-28 05:00:00+00:00,123.09,123.69,121.59,121.77,8732375
2026-01-29 05:00:00+00:00,122.47,122.6,120.41,121.19,12410378
2026-01-30 05:00:00+00:00,121.26,122.0,120.54,121.17,11706383
2026-02-02 05:00:00+00:00,120.74,122.405,120.12,121.97,8483043
2026-02-03 05:00:00+00:00,122.08,122.755,119.82,120.99,12467805
2026-02-04 05:00:00+00:00,121.1,121.54,119.35,120.1,13915561
2026-02-05 05:00:00+00:00,118.55,118.83,117.07,117.51,13290005
2026-02-06 05:00:00+00:00,115.69,118.16,115.4,117.99,20971381
2026-02-09 05:00:00+00:00,117.43,118.21,116.4,117.55,10975736
2026-02-10 05:00:00+00:00,117.76,119.215,117.7,118.33,9920753
2026-02-11 05:00:00+00:00,118.45,118.88,117.285,117.76,10214126
2026-02-12 05:00:00+00:00,118.405,119.2,115.83,116.13,16374688
2026-02-13 05:00:00+00:00,116.0,117.145,115.53,116.18,10836590
2026-02-17 05:00:00+00:00,115.98,116.32,114.43,116.04,9623012
2026-02-18 05:00:00+00:00,116.11,117.755,115.935,117.02,9719511
2026-02-19 05:00:00+00:00,116.33,116.55,115.58,116.24,9482492
2026-02-20 05:00:00+00:00,115.93,117.65,115.61,117.45,16652927
2026-02-23 05:00:00+00:00,116.635,116.765,113.86,114.99,14605357
2026-02-24 05:00:00+00:00,115.4,117.06,115.32,116.74,11320904
2026-02-25 05:00:00+00:00,116.98,117.59,116.51,117.09,8777024
2026-02-26 05:00:00+00:00,117.23,117.66,116.14,117.05,9561663
2026-02-27 05:00:00+00:00,116.01,116.94,115.65,116.86,9636618
2026-03-02 05:00:00+00:00,114.03,115.73,113.72,115.42,18206236
2026-03-03 05:00:00+00:00,113.1,114.765,111.81,114.36,20773561
2026-03-04 05:00:00+00:00,115.09,116.63,114.88,116.39,11497063
2026-03-05 05:00:00+00:00,115.92,117.08,115.52,116.55,14881933
2026-03-06 05:00:00+00:00,114.78,114.99,113.64,114.44,16346787
2026-03-09 04:00:00+00:00,112.94,114.93,110.99,114.59,16279025
2026-03-10 04:00:00+00:00,114.61,115.73,113.95,114.44,11784793
2026-03-11 04:00:00+00:00,114.83,115.695,113.57,114.14,10961643
2026-03-12 04:00:00+00:00,113.12,113.43,111.47,111.52,12088687
2026-03-13 04:00:00+00:00,112.17,112.485,110.72,110.86,11708981
2026-03-16 04:00:00+00:00,111.79,112.87,111.62,112.2,9307996
2026-03-17 04:00:00+00:00,112.78,113.645,112.715,113.18,6767351
2026-03-18 04:00:00+00:00,112.5,112.99,110.435,110.57,10979585
2026-03-19 04:00:00+00:00,109.63,110.34,108.87,109.7,12496868
2026-03-20 04:00:00+00:00,109.43,109.43,107.145,107.74,12297529
2026-03-23 04:00:00+00:00,109.78,111.425,109.59,110.12,14779499
2026-03-24 04:00:00+00:00,109.04,110.315,108.95,109.68,9032628
2026-03-25 04:00:00+00:00,111.16,111.91,110.1,110.73,9413250
2026-03-26 04:00:00+00:00,110.05,110.9,108.74,108.83,7981501
2026-03-27 04:00:00+00:00,108.31,108.31,105.445,105.68,10455299
2026-03-30 04:00:00+00:00,106.61,107.165,105.19,105.66,10192448
2026-03-31 04:00:00+00:00,107.23,109.41,106.71,108.98,19488098
2026-04-01 04:00:00+00:00,109.69,110.5,108.735,109.8,14468055
2026-04-02 04:00:00+00:00,107.46,109.53,107.1,108.15,9685309
2026-04-06 04:00:00+00:00,107.93,109.23,107.93,109.04,6909694
2026-04-07 04:00:00+00:00,108.11,108.18,106.45,107.77,8956793
2026-04-08 04:00:00+00:00,112.25,112.61,110.275,110.82,14442796
2026-04-09 04:00:00+00:00,110.82,112.89,110.395,112.74,6660875
2026-04-10 04:00:00+00:00,113.0,113.46,112.24,112.89,5607775
2026-04-13 04:00:00+00:00,112.34,113.945,112.0,113.92,5992978
2026-04-14 04:00:00+00:00,114.65,116.825,114.575,116.44,8129039
2026-04-15 04:00:00+00:00,116.53,118.44,116.15,118.18,8035269
2026-04-16 04:00:00+00:00,118.4,118.55,117.1,117.63,5672474
2026-04-17 04:00:00+00:00,119.69,121.85,119.46,120.41,9840260
2026-04-20 04:00:00+00:00,120.14,120.4,118.845,119.87,5450753
2026-04-21 04:00:00+00:00,120.835,120.905,118.68,118.97,7208788
2026-04-22 04:00:00+00:00,119.53,119.76,118.66,118.93,5290204
2026-04-23 04:00:00+00:00,118.22,118.85,116.665,117.74,7531275
2026-04-24 04:00:00+00:00,118.14,118.9,117.67,118.69,5546331
2026-04-27 04:00:00+00:00,118.09,118.45,117.275,117.84,6916428
2026-04-28 04:00:00+00:00,117.45,117.79,116.87,117.01,6741224
2026-04-29 04:00:00+00:00,116.21,117.125,116.13,116.84,8155722
2026-04-30 04:00:00+00:00,118.5,118.67,116.43,118.35,10281165
2026-05-01 04:00:00+00:00,118.61,119.77,117.82,118.63,13071735
2026-05-04 04:00:00+00:00,118.35,119.3,117.19,117.72,10727172
2026-05-05 04:00:00+00:00,118.59,119.29,118.05,118.07,6217439
2026-05-06 04:00:00+00:00,118.97,120.535,118.77,119.87,10431130
2026-05-07 04:00:00+00:00,120.59,121.1,119.32,119.88,7928616
2026-05-08 04:00:00+00:00,120.25,121.13,119.94,120.2,6054572
2026-05-11 04:00:00+00:00,119.38,119.86,118.51,119.37,5829871
2026-05-12 04:00:00+00:00,119.03,119.35,117.445,118.29,6622609
2026-05-13 04:00:00+00:00,118.06,119.23,117.45,118.72,4612036
2026-05-14 04:00:00+00:00,119.01,119.68,118.555,118.67,5967111
2026-05-15 04:00:00+00:00,117.31,117.37,116.31,116.53,10454592
2026-05-18 04:00:00+00:00,116.5,117.78,115.54,116.32,9985623
2026-05-19 04:00:00+00:00,115.13,115.315,114.195,115.03,8578863
2026-05-20 04:00:00+00:00,115.27,117.95,114.78,117.94,12155397
2026-05-21 04:00:00+00:00,117.59,119.215,116.805,118.7,7094673
2026-05-22 04:00:00+00:00,119.16,119.87,118.975,119.18,5290281
2026-05-26 04:00:00+00:00,119.73,120.235,118.695,119.45,5007602
2026-05-27 04:00:00+00:00,120.69,121.945,120.55,121.55,13118224
2026-05-28 04:00:00+00:00,121.1,122.19,120.57,122.06,7592344
2026-05-29 04:00:00+00:00,121.6,122.18,120.83,120.87,7258388
2026-06-01 04:00:00+00:00,119.69,119.828,117.97,118.19,11012742
2026-06-02 04:00:00+00:00,117.52,118.27,116.555,117.59,8219802
2026-06-03 04:00:00+00:00,116.63,117.62,116.125,116.73,6086759
2026-06-04 04:00:00+00:00,117.96,118.19,117.04,117.26,4970245
2026-06-05 04:00:00+00:00,117.4,118.1,114.57,114.86,7699856
2026-06-08 04:00:00+00:00,114.77,116.02,114.77,115.39,6308227
2026-06-09 04:00:00+00:00,116.16,117.585,114.245,115.87,8182431
2026-06-10 04:00:00+00:00,115.46,115.68,113.38,113.49,7515445
2026-06-11 04:00:00+00:00,114.12,116.46,113.44,116.3,8680743
2026-06-12 04:00:00+00:00,117.02,117.0213,114.815,116.6,7655660
2026-06-15 04:00:00+00:00,118.61,119.51,118.31,118.57,6590997
2026-06-16 04:00:00+00:00,118.67,119.46,118.34,118.46,6050955
2026-06-17 04:00:00+00:00,117.81,118.17,115.18,115.49,9066234
2026-06-18 04:00:00+00:00,116.65,117.655,115.54,117.16,8728943
2026-06-22 04:00:00+00:00,115.99,116.915,114.87,114.94,7556066
2026-06-23 04:00:00+00:00,113.95,114.66,113.47,113.76,9196591
2026-06-24 04:00:00+00:00,114.15,116.96,113.93,115.07,8301760
2026-06-25 04:00:00+00:00,114.65,115.06,113.13,113.35,7151747
2026-06-26 04:00:00+00:00,113.2,115.46,113.16,114.37,8949353
2026-06-29 04:00:00+00:00,115.21,117.54,115.04,117.12,10587666
2026-06-30 04:00:00+00:00,116.23,117.57,116.23,117.28,5168307
2026-07-01 04:00:00+00:00,117.78,119.1575,116.9,118.09,9864633
2026-07-02 04:00:00+00:00,118.63,119.21,116.575,117.12,10885024
2026-07-06 04:00:00+00:00,117.525,118.19,116.1,118.01,9064076
2026-07-07 04:00:00+00:00,118.92,119.12,117.105,117.39,9191780
2026-07-08 04:00:00+00:00,116.31,116.32,114.435,115.3,15043101
2026-07-09 04:00:00+00:00,114.72,116.875,114.55,116.85,8522160
2026-07-10 04:00:00+00:00,117.59,117.89,116.48,117.24,5971881
2026-07-13 04:00:00+00:00,117.2,117.52,115.62,116.04,5985237
2026-07-14 04:00:00+00:00,116.01,116.4,115.46,115.9,6669690
2026-07-15 04:00:00+00:00,116.46,117.81,116.455,117.0,9073548
2026-07-16 04:00:00+00:00,117.12,118.215,116.86,117.34,6057386
2026-07-17 04:00:00+00:00,115.91,116.87,115.32,115.44,10275602
2026-07-20 04:00:00+00:00,116.22,116.22,114.38,114.61,7802951
2026-07-21 04:00:00+00:00,114.64,115.17,114.28,114.87,6555533
2026-07-22 04:00:00+00:00,114.9,115.23,113.82,114.02,7105450
2026-07-23 04:00:00+00:00,110.48,110.59,108.29,108.76,12648777
2026-07-24 04:00:00+00:00,109.1,109.935,108.65,109.41,8209517
2026-07-27 04:00:00+00:00,110.87,111.36,110.3,110.84,6979851
2026-07-28 04:00:00+00:00,111.66,112.53,111.25,112.48,6016905
2026-07-29 04:00:00+00:00,111.95,113.59,111.44,111.61,7530872
2026-07-30 04:00:00+00:00,112.17,112.795,111.46,112.39,8074843
2026-07-31 04:00:00+00:00,115.44,116.39,114.97,116.09,13158423
2026-08-03 04:00:00+00:00,117.64,119.12,117.64,118.21,10021527
